frame,time,vision_latency_ms,pipeline_latency_ms,ndet,ntrack,temp,cooldown,suppressed
0,1776083814.0617871,97.13257600003544, 0.3099950000660101,0,0,27.8,0.0,0
1,1776083814.085071,21.16959699992549, 0.21913800003403594,0,0,27.8,0.0,0
2,1776083814.0992472,12.388643000008415, 0.1934639999490173,0,0,27.8,0.0,0
3,1776083814.129388,17.682769999964876, 0.22205700008726126,0,0,27.8,0.0,0
4,1776083814.161561,19.579663999934382, 0.2287290000140274,0,0,27.8,0.0,0
5,1776083814.1901433,18.446528000026774, 0.22080999997342587,0,0,27.8,0.0,0
6,1776083814.2203884,19.41332399997009, 0.23011899997982255,0,0,27.8,0.0,0
7,1776083814.250777,19.394932999944103, 0.28463099999953556,0,0,27.8,0.0,0
8,1776083814.2797387,18.70277500006523, 0.24328099993908836,0,0,27.8,0.0,0
9,1776083814.3087204,18.206478000024617, 0.2194159999362455,0,0,27.8,0.0,0
10,1776083814.3395336,18.92963700004202, 0.2541119999932562,0,0,27.8,0.0,0
11,1776083814.3690345,18.876912999985507, 0.2216220000264002,0,0,27.8,0.0,0
12,1776083814.3965445,18.11462799992114, 0.23320299999340932,0,0,27.8,0.0,0
13,1776083814.4287586,19.97493300007136, 0.2247209999950428,0,0,27.8,0.0,0
14,1776083814.4583137,19.047928999953, 0.2171979999729956,0,0,27.8,0.0,0
15,1776083814.486786,18.575025000018286, 0.26699700003973703,0,0,27.8,0.0,0
16,1776083814.517456,19.338634000064303, 0.24689499991836783,0,0,27.8,0.0,0
17,1776083814.5455792,18.54491299991423, 0.2244710000240957,0,0,27.8,0.0,0
18,1776083814.5758238,18.58100699996612, 0.22319499998957326,0,0,27.8,0.0,0
19,1776083814.607852,19.906990000094993, 0.22438299993154942,0,0,27.8,0.0,0
20,1776083814.633374,17.350525999972888, 0.22966899996390566,0,0,27.8,0.0,0
21,1776083814.6658733,19.897433999972236, 0.228018000029806,0,0,27.8,0.0,0
22,1776083814.696268,19.651207000038085, 0.2364789999091954,0,0,27.8,0.0,0
23,1776083814.7250688,18.75665400007165, 0.24298200003158854,0,0,27.8,0.0,0
24,1776083814.7552893,19.27489800004878, 0.22122400002899667,0,0,27.8,0.0,0
25,1776083814.7855074,19.306610000057844, 0.2352029999883598,0,0,27.8,0.0,0
26,1776083814.8147285,19.0627230000473, 0.2300679999507338,0,0,27.8,0.0,0
27,1776083814.843623,18.88383100003921, 0.22880200003783102,0,0,27.8,0.0,0
28,1776083814.8744407,19.235538999964774, 0.25701200002004043,0,0,27.8,0.0,0
29,1776083814.901898,18.02855500000078, 0.2358729999514253,0,0,27.8,0.0,0
30,1776083814.9361691,20.055893000062497, 0.299556999948436,0,0,27.8,0.0,0
31,1776083814.9612079,17.660793999993984, 0.21663799998350441,0,0,27.8,0.0,0
32,1776083814.9914668,19.004822000056265, 0.251719000061712,0,0,27.8,0.0,0
33,1776083815.023427,21.08038400001533, 0.2449060000344616,0,0,27.8,0.0,0
34,1776083815.0546517,21.087697999973898, 0.25614599996970355,0,0,27.8,0.0,0
35,1776083815.0840008,20.12219499999901, 0.2183329999070338,0,0,27.8,0.0,0
36,1776083815.1130238,19.59293400000206, 0.24368800006868696,0,0,27.8,0.0,0
37,1776083815.1416345,19.575536000047578, 0.23499500002799323,0,0,27.8,0.0,0
38,1776083815.172529,20.183384999995724, 0.22516100000302686,0,0,27.8,0.0,0
39,1776083815.2036989,20.460843000023488, 0.2287969999770212,0,0,27.8,0.0,0
40,1776083815.2289503,18.27766500002781, 0.21792699999423348,0,0,27.8,0.0,0
41,1776083815.2614338,20.61094599991975, 0.22381000007953844,0,0,27.8,0.0,0
42,1776083815.289992,19.52692199995454, 0.21552399994106963,0,0,27.8,0.0,0
43,1776083815.3242471,20.905231000028834, 0.23184400004083727,0,0,27.8,0.0,0
44,1776083815.3474267,17.254014999934952, 0.21811800002069504,0,0,27.8,0.0,0
45,1776083815.3808112,20.4347509999252, 0.21419500001229608,0,0,27.8,0.0,0
46,1776083815.4103665,19.812580000007074, 0.21717499998885614,0,0,27.8,0.0,0
47,1776083815.4402926,19.823675999987245, 0.2121640000041225,0,0,27.8,0.0,0
48,1776083815.4694853,19.529134999970665, 0.25305199994818395,0,0,27.8,0.0,0
49,1776083815.500434,20.278233999988515, 0.22920000003523455,0,0,27.8,0.0,0
50,1776083815.5287426,19.065308999984154, 0.23743400004150317,0,0,27.8,0.0,0
51,1776083815.5592735,19.910956999979135, 0.2264720000084708,0,0,27.8,0.0,0
52,1776083815.588965,20.224253000037606, 0.19924200000787096,0,0,27.8,0.0,0
53,1776083815.61766,19.188433000067562, 0.20667100000082428,0,0,27.8,0.0,0
54,1776083815.6491368,20.642190000103255, 0.21759000003385154,0,0,27.8,0.0,0
55,1776083815.6766481,18.950419000020702, 0.2200449999918419,0,0,27.8,0.0,0
56,1776083815.7075605,19.77241499992033, 0.2380529999754799,0,0,27.8,0.0,0
57,1776083815.737682,19.876619000001483, 0.2143469999964509,0,0,27.8,0.0,0
58,1776083815.766382,19.287305000034394, 0.21652299994912028,0,0,27.8,0.0,0
59,1776083815.796827,19.62531799995304, 0.26493799998661416,0,0,27.8,0.0,0
60,1776083815.8265972,19.69573600001695, 0.25129200002993457,0,0,27.8,0.0,0
61,1776083815.856275,20.007197000040833, 0.2234470000530564,0,0,27.8,0.0,0
62,1776083815.8860395,19.82336399998985, 0.20764599992162402,0,0,27.8,0.0,0
63,1776083815.9124076,18.416140999988784, 0.20539800004826247,0,0,27.8,0.0,0
64,1776083815.9456367,20.310245000018767, 0.22196899999471498,0,0,27.8,0.0,0
65,1776083815.9752698,19.69756799996958, 0.2261979999502728,0,0,27.8,0.0,0
66,1776083816.005172,20.19182499998351, 0.20355300000574061,0,0,27.8,0.0,0
67,1776083816.0310092,17.928043999972942, 0.20237399996858585,0,0,27.8,0.0,0
68,1776083816.0648305,19.98955900000965, 0.2700439999898663,0,0,27.8,0.0,0
69,1776083816.0932956,19.532454999989568, 0.21675100003903935,0,0,27.8,0.0,0
70,1776083816.1244872,20.287688000053095, 0.2190550000022995,0,0,27.8,0.0,0
71,1776083816.1531703,19.247780000000603, 0.21586200000456301,0,0,27.8,0.0,0
72,1776083816.1841147,20.3103359999659, 0.20215500001086184,0,0,27.8,0.0,0
73,1776083816.2146285,20.109645999923487, 0.2552170000171827,0,0,27.8,0.0,0
74,1776083816.2413032,18.646324999963326, 0.2082329999666399,0,0,27.8,0.0,0
75,1776083816.2725372,20.235038999999233, 0.24625599996852543,0,0,27.8,0.0,0
76,1776083816.3020105,19.828667999945537, 0.20978899999590794,0,0,27.8,0.0,0
77,1776083816.3657682,23.90333699997882, 0.2666199999339369,0,0,27.8,0.0,0
78,1776083816.3829465,15.4734660000031, 0.21195500005433132,0,0,27.8,0.0,0
79,1776083816.3959696,11.351654999998573, 0.19668000004458008,0,0,27.8,0.0,0
80,1776083816.4114501,11.547403999998096, 0.227460000019164,0,0,27.8,0.0,0
81,1776083816.4483995,19.699554999988322, 0.2357190001021081,0,0,27.8,0.0,0
82,1776083816.4807634,20.18941099993299, 0.26852999997117877,0,0,27.8,0.0,0
83,1776083816.5103114,19.840036000005057, 0.2217049999444498,0,0,27.8,0.0,0
84,1776083816.5401797,19.862902999989274, 0.22789900003772345,0,0,27.8,0.0,0
85,1776083816.5691392,19.448774000011326, 0.20404399992912658,0,0,27.8,0.0,0
86,1776083816.5990484,19.37590599993655, 0.21154599994588352,0,0,27.8,0.0,0
87,1776083816.628417,19.99239999997826, 0.24425800006611098,0,0,27.8,0.0,0
88,1776083816.6588917,19.99978900005317, 0.2186670000128288,0,0,27.8,0.0,0
89,1776083816.688189,19.459024000070713, 0.21354400007567165,0,0,27.8,0.0,0
90,1776083816.718884,20.390207999980703, 0.24725699995542527,0,0,27.8,0.0,0
91,1776083816.746669,19.06485300003169, 0.19888600002104795,0,0,27.8,0.0,0
92,1776083816.7773385,19.61539899991749, 0.2317160000302465,0,0,27.8,0.0,0
93,1776083816.8074853,20.08521299990207, 0.23468000006232614,0,0,27.8,0.0,0
94,1776083816.8363097,19.939487000101508, 0.23127899999053625,0,0,27.8,0.0,0
95,1776083816.8655074,20.193970000036643, 0.22682099995563476,0,0,27.8,0.0,0
96,1776083816.895591,19.48112200000196, 0.24556199991820904,0,0,27.8,0.0,0
97,1776083816.9254432,19.84776699998747, 0.21850899997843953,0,0,27.8,0.0,0
98,1776083816.956549,20.25726300007591, 0.23518000000422035,0,0,27.8,0.0,0
99,1776083816.9842176,19.002729000021645, 0.267285999939304,0,0,27.8,0.0,0
100,1776083817.0165515,20.804961000067124, 0.227739000024485,0,0,27.8,0.0,0
101,1776083817.041066,17.591389000017443, 0.20791999997982202,0,0,27.8,0.0,0
102,1776083817.0747466,19.881124999983513, 0.21130699997229385,0,0,27.8,0.0,0
103,1776083817.1055005,20.474608999961674, 0.23477100000945939,0,0,27.8,0.0,0
104,1776083817.1340358,19.568551999896044, 0.21798499994929443,0,0,27.8,0.0,0
105,1776083817.1640003,19.817114000034053, 0.21899900002608774,0,0,27.8,0.0,0
106,1776083817.1942298,20.8080700000437, 0.21095099998547084,0,0,27.8,0.0,0
107,1776083817.2219386,19.268758000066555, 0.2021760000161521,0,0,27.8,0.0,0
108,1776083817.2547038,20.932684000058543, 0.2359320000095977,0,0,27.8,0.0,0
109,1776083817.2814338,18.9433679998956, 0.2513760000510956,0,0,27.8,0.0,0
110,1776083817.31526,20.46834200007197, 0.21415799994883855,0,0,27.8,0.0,0
111,1776083817.343023,19.339377000051172, 0.2019369999288756,0,0,27.8,0.0,0
112,1776083817.395889,22.600592000003417, 0.31693900007212505,0,0,27.8,0.0,0
113,1776083817.4133213,15.748907999977746, 0.22454800000559771,0,0,27.8,0.0,0
114,1776083817.4266303,11.63472999996884, 0.20162000009804615,0,0,27.8,0.0,0
115,1776083817.4594467,19.6243200000481, 0.23651100002552994,0,0,27.8,0.0,0
116,1776083817.491468,20.19001600001502, 0.21647899995969055,0,0,27.8,0.0,0
117,1776083817.5201433,19.884517000036794, 0.20495700005085382,0,0,27.8,0.0,0
118,1776083817.5483887,20.017964999965443, 0.21231799996712653,0,0,27.8,0.0,0
119,1776083817.580774,21.173927999939224, 0.21232699998563476,0,0,27.8,0.0,0
120,1776083817.6092384,19.56613799995921, 0.22720200001913327,0,0,27.8,0.0,0
121,1776083817.6392853,19.667376000029435, 0.24014500002067507,0,0,27.8,0.0,0
122,1776083817.668945,20.078871999999137, 0.21146100004898472,0,0,27.8,0.0,0
123,1776083817.6992493,20.26119499998913, 0.20439400009308883,0,0,27.8,0.0,0
124,1776083817.7250726,18.275969999990593, 0.20560099994781922,0,0,27.8,0.0,0
125,1776083817.7574596,19.48501499998656, 0.21967200007111387,0,0,27.8,0.0,0
126,1776083817.787796,20.1343609999185, 0.2425110000103814,0,0,27.8,0.0,0
127,1776083817.8186584,20.503416999986257, 0.261012999999366,0,0,27.8,0.0,0
128,1776083817.8422482,16.963723999992908, 0.2079070000036154,0,0,27.8,0.0,0
129,1776083817.8768492,20.297862000006717, 0.21431299990126718,0,0,27.8,0.0,0
130,1776083817.9077604,20.304952999936177, 0.24722600005588902,0,0,27.8,0.0,0
131,1776083817.935312,18.982914000048368, 0.21505500001239852,0,0,27.8,0.0,0
132,1776083817.9665813,20.46930300002714, 0.24914099992656702,0,0,27.8,0.0,0
133,1776083817.997083,21.089426000003186, 0.20355800006655045,0,0,27.8,0.0,0
134,1776083818.0247898,18.986803999951007, 0.2046070000005784,0,0,27.8,0.0,0
135,1776083818.0554569,19.792784000060237, 0.25051600005099317,0,0,27.8,0.0,0
136,1776083818.0847573,19.67368999999053, 0.2216259999840986,0,0,27.8,0.0,0
137,1776083818.1144269,19.765384000038466, 0.22262100003445084,0,0,27.8,0.0,0
138,1776083818.14428,19.708676000050218, 0.22801000000072236,0,0,27.8,0.0,0
139,1776083818.1744916,20.190964999983407, 0.23328599991145893,0,0,27.8,0.0,0
140,1776083818.2037253,19.925935000060235, 0.21281800002270757,0,0,27.8,0.0,0
141,1776083818.2339408,19.81866199992055, 0.21637800000462448,0,0,27.8,0.0,0
142,1776083818.2895033,23.386018999985936, 0.2580860000307439,0,0,27.8,0.0,0
143,1776083818.3065886,15.339678000032109, 0.22052600002098188,0,0,27.8,0.0,0
144,1776083818.3199956,11.716673999899285, 0.25301799996668706,0,0,27.8,0.0,0
145,1776083818.3487864,17.64289799996277, 0.21871900003134215,0,0,27.8,0.0,0
146,1776083818.3830805,20.384871000032945, 0.21886900003664778,0,0,27.8,0.0,0
147,1776083818.4118001,19.593217999954504, 0.24014999996779807,0,0,27.8,0.0,0
148,1776083818.4412723,19.595621999997093, 0.22720100002970867,0,0,27.8,0.0,0
149,1776083818.4712255,19.567436999977872, 0.24296499998399668,0,0,27.8,0.0,0
150,1776083818.5005507,19.57610099998419, 0.2514579999797206,0,0,27.8,0.0,0
151,1776083818.5305066,20.04216600005293, 0.2307749999772568,0,0,27.8,0.0,0
152,1776083818.5599506,19.83717300004173, 0.20613399999547255,0,0,27.8,0.0,0
153,1776083818.589507,19.430408000062016, 0.2274270000270917,0,0,27.8,0.0,0
154,1776083818.619786,19.94713299995965, 0.2209289999655084,0,0,27.8,0.0,0
155,1776083818.6490011,19.27478900006463, 0.2144579999594498,0,0,27.8,0.0,0
156,1776083818.6796136,20.36700500002553, 0.24204699991514644,0,0,27.8,0.0,0
157,1776083818.7057195,18.32605100003093, 0.19862900001044181,0,0,27.8,0.0,0
158,1776083818.738624,20.330388000047606, 0.2652550000448173,0,0,27.8,0.0,0
159,1776083818.7684724,19.84727300009581, 0.217055000007349,0,0,27.8,0.0,0
160,1776083818.7975225,19.480761000068014, 0.23419499996180093,0,0,27.8,0.0,0
161,1776083818.8281713,19.910288000005494, 0.2161519998935546,0,0,27.8,0.0,0
162,1776083818.8563817,19.36713800000689, 0.24359999997614068,0,0,27.8,0.0,0
163,1776083818.8879378,20.423077000032208, 0.2091720000407804,0,0,27.8,0.0,0
164,1776083818.9165916,19.445207999979175, 0.252019999948061,0,0,27.8,0.0,0
165,1776083818.948339,21.47947399998884, 0.21727600005760905,0,0,27.8,0.0,0
166,1776083818.9761295,18.985546999942926, 0.2035559999740144,0,0,27.8,0.0,0
167,1776083819.004834,18.62706999997954, 0.20729899995330925,0,0,27.8,0.0,0
168,1776083819.0417738,25.619359999950575, 0.3230749999829641,0,0,27.8,0.0,0
169,1776083819.0599737,14.680762000011782, 0.22332899993671163,0,0,27.8,0.0,0
170,1776083819.0960226,20.940762999998697, 0.21569799991993932,0,0,27.8,0.0,0
171,1776083819.1244009,19.21251199996732, 0.22701900002175535,0,0,27.8,0.0,0
172,1776083819.1553216,20.378145999984554, 0.2329449999933786,0,0,27.8,0.0,0
173,1776083819.1842515,19.497495999985404, 0.22142199998143042,0,0,27.8,0.0,0
174,1776083819.2141285,19.60236200000054, 0.210301000038271,0,0,27.8,0.0,0
175,1776083819.2444417,20.103810999898997, 0.28984399989440135,0,0,27.8,0.0,0
176,1776083819.2733455,19.383332999950653, 0.2238020000504548,0,0,27.8,0.0,0
177,1776083819.3032606,19.95305399998415, 0.22477899995010375,0,0,27.8,0.0,0
178,1776083819.333225,20.171398000002227, 0.20417299992914195,0,0,27.8,0.0,0
179,1776083819.3629446,19.667303999995056, 0.21491699999387492,0,0,27.8,0.0,0
180,1776083819.3919487,19.668821999971442, 0.20371099992644304,0,0,27.8,0.0,0
181,1776083819.4212334,19.139146000043183, 0.2303090000168595,0,0,27.8,0.0,0
182,1776083819.4519322,19.98996499992245, 0.21467200008373766,0,0,27.8,0.0,0
183,1776083819.4817374,20.22355700000844, 0.24978199996894546,0,0,27.8,0.0,0
184,1776083819.5081766,18.653352000001178, 0.2036999999290856,0,0,27.8,0.0,0
185,1776083819.5402467,19.774700000084522, 0.21185900004638825,0,0,27.8,0.0,0
186,1776083819.5707018,20.051263000027575, 0.2605790000416164,0,0,27.8,0.0,0
187,1776083819.6005855,19.929181999941648, 0.21066699991934001,0,0,27.8,0.0,0
188,1776083819.6314187,20.28942000004008, 0.21933799996531889,0,0,27.8,0.0,0
189,1776083819.6580825,18.639388999986295, 0.20508000000063475,0,0,27.8,0.0,0
190,1776083819.6896405,20.1202140000305, 0.22863599997435813,0,0,27.8,0.0,0
191,1776083819.719944,20.465440000066337, 0.21469800003615092,0,0,27.8,0.0,0
192,1776083819.7450051,17.77578300004734, 0.22376599997642188,0,0,27.8,0.0,0
193,1776083819.7792997,20.37726499997916, 0.22132799995233654,0,0,27.8,0.0,0
194,1776083819.8090475,20.160595999982434, 0.2176189999545386,0,0,27.8,0.0,0
195,1776083819.8382356,19.750296000097478, 0.23118399997201777,0,0,27.8,0.0,0
196,1776083819.8647516,18.45751600001222, 0.20416699999259436,0,0,27.8,0.0,0
197,1776083819.8978395,20.375810000018646, 0.24155999994945887,0,0,27.8,0.0,0
198,1776083819.928553,20.588364999980513, 0.24054199991496716,0,0,27.8,0.0,0
199,1776083819.9567268,19.111987999963276, 0.23463599995920958,0,0,27.8,0.0,0
200,1776083819.9865553,19.83660099995177, 0.22270199997365125,0,0,27.8,0.0,0
201,1776083820.0169377,20.550610999976016, 0.21236200007024308,0,0,27.8,0.0,0
202,1776083820.0451353,19.057330000009642, 0.20147299994732748,0,0,27.8,0.0,0
203,1776083820.076608,20.31102400007967, 0.2174509999122165,0,0,27.8,0.0,0
204,1776083820.1046689,19.42662700002984, 0.2185570000392545,0,0,27.8,0.0,0
205,1776083820.135582,19.792986999959794, 0.2592189999859329,0,0,27.8,0.0,0
206,1776083820.1656163,19.933209999976498, 0.25525500007006485,0,0,27.8,0.0,0
207,1776083820.1940362,19.094565999921542, 0.20405499992648402,0,0,27.8,0.0,0
208,1776083820.2243233,19.42594199999803, 0.21422600002551917,0,0,27.8,0.0,0
209,1776083820.2544177,19.800605999989784, 0.24191800002881791,0,0,27.8,0.0,0
210,1776083820.2842216,20.18476799992186, 0.228450999998131,0,0,27.8,0.0,0
211,1776083820.3130424,19.28500199994687, 0.2071059999479985,0,0,27.8,0.0,0
212,1776083820.3431046,19.446323000011034, 0.21250500003588968,0,0,27.8,0.0,0
213,1776083820.372907,19.87348699992708, 0.21727299997564842,0,0,27.8,0.0,0
214,1776083820.4031055,19.906363000018246, 0.22877100002460793,0,0,27.8,0.0,0
215,1776083820.431339,18.993356000009953, 0.21463799998855393,0,0,27.8,0.0,0
216,1776083820.462507,20.29382299997451, 0.23085700001956866,0,0,27.8,0.0,0
217,1776083820.491876,20.052625999937845, 0.21573399999397225,0,0,27.8,0.0,0
218,1776083820.5224876,20.102583000038976, 0.23302900001453963,0,0,27.8,0.0,0
219,1776083820.5511782,19.81533799994395, 0.22648100002697902,0,0,27.8,0.0,0
220,1776083820.5803676,19.430582000040886, 0.21945799994682602,0,0,27.8,0.0,0
221,1776083820.611311,20.274149999977453, 0.20539500007998868,0,0,27.8,0.0,0
222,1776083820.6402333,19.586476000085895, 0.20486999994773214,0,0,27.8,0.0,0
223,1776083820.6705043,19.79896300008477, 0.3074429999969652,0,0,27.8,0.0,0
224,1776083820.6993163,19.53974399998515, 0.20342300001630065,0,0,27.8,0.0,0
225,1776083820.7303193,20.733285999995132, 0.21774499998628016,0,0,27.8,0.0,0
226,1776083820.7588186,19.411468000043897, 0.20289600001888175,0,0,27.8,0.0,0
227,1776083820.787981,19.216059999962454, 0.214450000044053,0,0,27.8,0.0,0
228,1776083820.819514,20.692023999913545, 0.24293599994962278,0,0,27.8,0.0,0
229,1776083820.848168,19.516075999945315, 0.2256930000612556,0,0,27.8,0.0,0
230,1776083820.8775945,19.668367000008402, 0.24072400003660732,0,0,27.8,0.0,0
231,1776083820.9081764,20.05527799997253, 0.2139609999858294,0,0,27.8,0.0,0
232,1776083820.9373007,19.80241900002966, 0.22667999996883736,0,0,27.8,0.0,0
233,1776083820.9671435,19.73253999994995, 0.20854500007772003,0,0,27.8,0.0,0
234,1776083820.9991775,21.95465299996613, 0.20802100004857493,0,0,27.8,0.0,0
235,1776083821.0262628,18.86320699998123, 0.19905999999991764,0,0,27.8,0.0,0
236,1776083821.055992,19.496219000075143, 0.20816799997191993,0,0,27.8,0.0,0
237,1776083821.0854826,19.326339000031112, 0.2356200000122044,0,0,27.8,0.0,0
238,1776083821.1164663,20.304015000078834, 0.2533969999376495,0,0,27.8,0.0,0
239,1776083821.1431587,18.228537000027245, 0.20279899990782724,0,0,27.8,0.0,0
240,1776083821.1771898,20.503856000004816, 0.22431799993682944,0,0,27.8,0.0,0
241,1776083821.2042177,19.0028000000666, 0.2067159999796786,0,0,27.8,0.0,0
242,1776083821.2343693,19.986681999967004, 0.22662099991066498,0,0,27.8,0.0,0
243,1776083821.265392,20.499313000073016, 0.23156500003551628,0,0,27.8,0.0,0
244,1776083821.2942219,19.715477999966424, 0.22799999999278953,0,0,27.8,0.0,0
245,1776083821.3236697,19.811250000088876, 0.25959899994631996,0,0,27.8,0.0,0
246,1776083821.3542848,20.0594010000259, 0.22733599996627163,0,0,27.8,0.0,0
247,1776083821.3823109,19.074273000001085, 0.22924699999293807,0,0,27.8,0.0,0
248,1776083821.4123886,19.347377000030974, 0.229785999977139,0,0,27.8,0.0,0
249,1776083821.4433289,20.313225999984752, 0.21083900003304734,0,0,27.8,0.0,0
250,1776083821.4734054,20.573943000044892, 0.23062200000367739,0,0,27.8,0.0,0
251,1776083821.4980316,17.672049999987394, 0.20760699999300414,0,0,27.8,0.0,0
252,1776083821.532302,20.74503400001504, 0.2176880000206438,0,0,27.8,0.0,0
253,1776083821.5627203,20.403616999942642, 0.2215910000131771,0,0,27.8,0.0,0
254,1776083821.5908499,19.562250999911157, 0.1958159999730924,0,0,27.8,0.0,0
255,1776083821.6186852,18.974078000042027, 0.240409999946678,0,0,27.8,0.0,0
256,1776083821.6517284,20.435636999991402, 0.24700999995275197,0,0,27.8,0.0,0
257,1776083821.6801393,19.658466000009867, 0.2036160000216114,0,0,27.8,0.0,0
258,1776083821.7073684,18.817182000020694, 0.21834199992554204,0,0,27.8,0.0,0
259,1776083821.739912,20.02827299997989, 0.24671400001352595,0,0,27.8,0.0,0
260,1776083821.7704155,20.30936699998165, 0.2188020000630786,0,0,27.8,0.0,0
261,1776083821.7989347,19.490673999939645, 0.20313899995016982,0,0,27.8,0.0,0
262,1776083821.8292923,20.50007699995149, 0.22112299996024376,0,0,27.8,0.0,0
263,1776083821.8570523,19.18717800003833, 0.20537099999273778,0,0,27.8,0.0,0
264,1776083821.88985,20.794777999981306, 0.22182499992595694,0,0,27.8,0.0,0
265,1776083821.9142172,17.727411999999276, 0.20164000000022497,0,0,27.8,0.0,0
266,1776083821.947498,20.18567200002508, 0.23007400000096823,0,0,27.8,0.0,0
267,1776083821.9775383,20.236952999994173, 0.2745810000988058,0,0,27.8,0.0,0
268,1776083822.0072906,19.822180000005574, 0.20429400001376052,0,0,27.8,0.0,0
269,1776083822.0363767,19.606345000056535, 0.24080500008949457,0,0,27.8,0.0,0
270,1776083822.0673926,20.03847000003134, 0.22029600006590044,0,0,27.8,0.0,0
271,1776083822.0954854,19.064163999928496, 0.23630900000171096,0,0,27.8,0.0,0
272,1776083822.1266158,20.575651000058315, 0.24271600000247417,0,0,27.8,0.0,0
273,1776083822.1565282,20.436906000099953, 0.23295200003303762,0,0,27.8,0.0,0
274,1776083822.18177,17.88625200003935, 0.20356300001367345,0,0,27.8,0.0,0
275,1776083822.2157457,20.10471400001279, 0.24984300000596704,0,0,27.8,0.0,0
276,1776083822.2442057,19.127489999959835, 0.20419899999524205,0,0,27.8,0.0,0
277,1776083822.274644,19.9906349999992, 0.23103099999843835,0,0,27.8,0.0,0
278,1776083822.3054614,20.32356200004415, 0.21855199997844466,0,0,27.8,0.0,0
279,1776083822.3341691,19.691416000000572, 0.21253299996715214,0,0,27.8,0.0,0
280,1776083822.3628924,19.50855099994442, 0.20290299994485395,0,0,27.8,0.0,0
281,1776083822.39363,19.67001400009849, 0.2769300000409203,0,0,27.8,0.0,0
282,1776083822.4229689,20.12512399994648, 0.2116429999432512,0,0,27.8,0.0,0
283,1776083822.4537196,19.776647999947272, 0.2351250000174332,0,0,27.8,0.0,0
284,1776083822.4827473,19.34418000007554, 0.2114180000489796,0,0,27.8,0.0,0
285,1776083822.5119755,19.92000999996435, 0.22811999997429666,0,0,27.8,0.0,0
286,1776083822.5423074,19.480431000033605, 0.2270159999397947,0,0,27.8,0.0,0
287,1776083822.5712688,19.29600500000106, 0.226546000021699,0,0,27.8,0.0,0
288,1776083822.6010704,19.88374500001555, 0.20322399996075546,0,0,27.8,0.0,0
289,1776083822.6290689,19.41276500008371, 0.20381900003485498,0,0,27.8,0.0,0
290,1776083822.6616516,20.402376999982152, 0.2886949999947319,0,0,27.8,0.0,0
291,1776083822.6906023,19.789296999988437, 0.24453599996832054,0,0,27.8,0.0,0
292,1776083822.7211647,20.042826999997487, 0.223036999955184,0,0,27.8,0.0,0
293,1776083822.7496986,19.303982999986147, 0.21136400005161704,0,0,27.8,0.0,0
294,1776083822.7764711,18.281815000023016, 0.22664300001906668,0,0,27.8,0.0,0
295,1776083822.8102672,20.7055070000024, 0.21779499991225748,0,0,27.8,0.0,0
296,1776083822.8362854,18.66978400005337, 0.20502099994246237,0,0,27.8,0.0,0
297,1776083822.870208,20.27661900001476, 0.2028459999792176,0,0,27.8,0.0,0
298,1776083822.8988087,19.607575000009092, 0.21375500000431202,0,0,27.8,0.0,0
299,1776083822.9283838,19.675413999948432, 0.22960499995861028,0,0,27.8,0.0,0
300,1776083822.956518,19.18726600001719, 0.221273999954974,0,0,27.8,0.0,0
301,1776083822.9887047,20.62309899997672, 0.22962000002735294,0,0,27.8,0.0,0
302,1776083823.0176098,19.71101600008751, 0.22288499997102917,0,0,27.8,0.0,0
303,1776083823.046678,19.56809599994358, 0.21655999989889096,0,0,27.8,0.0,0
304,1776083823.0772808,19.776655999976356, 0.2210650000051828,0,0,27.8,0.0,0
305,1776083823.110071,20.506664000095043, 0.21531300001242926,0,0,27.8,0.0,0
306,1776083823.1378958,19.19971600000281, 0.24498599998423742,0,0,27.8,0.0,0
307,1776083823.1864114,22.052741000038623, 0.23429999998825224,0,0,27.8,0.0,0
308,1776083823.2027833,14.642653999999311, 0.2196790001107729,0,0,27.8,0.0,0
309,1776083823.2180314,11.950682000019697, 0.2124149999644942,0,0,27.8,0.0,0
310,1776083823.2554064,20.67319499997211, 0.21541599994634453,0,0,27.8,0.0,0
311,1776083823.282615,19.137502000035056, 0.23315599992201896,0,0,27.8,0.0,0
312,1776083823.3145745,20.537145999924178, 0.23574600004394597,0,0,27.8,0.0,0
313,1776083823.3456502,20.59384599999703, 0.25546599999870523,0,0,27.8,0.0,0
314,1776083823.373249,18.823581999981798, 0.22476800006643316,0,0,27.8,0.0,0
315,1776083823.403114,19.65392099998553, 0.20102999997106963,0,0,27.8,0.0,0
316,1776083823.434824,20.337187999984963, 0.2339039999696979,0,0,27.8,0.0,0
317,1776083823.462187,19.082843000091998, 0.201098999923488,0,0,27.8,0.0,0
318,1776083823.493039,20.16359599997486, 0.21494099996743898,0,0,27.8,0.0,0
319,1776083823.5231547,19.87693700004911, 0.20356499999252264,0,0,27.8,0.0,0
320,1776083823.5535574,20.870538999929522, 0.2413800000340416,0,0,27.8,0.0,0
321,1776083823.5826607,19.774280000092403, 0.2588329999753114,0,0,27.8,0.0,0
322,1776083823.6121058,19.62880899998254, 0.20441100002699386,0,0,27.8,0.0,0
323,1776083823.6418562,20.033229000091524, 0.24928699997417425,0,0,27.8,0.0,0
324,1776083823.6715896,19.750423000004957, 0.2465549999897121,0,0,27.8,0.0,0
325,1776083823.6997,19.293847999961145, 0.23025799998777075,0,0,27.8,0.0,0
326,1776083823.7306898,19.756866000079754, 0.23276100000657607,0,0,27.8,0.0,0
327,1776083823.7613225,20.289453000032154, 0.2824289999807661,0,0,27.8,0.0,0
328,1776083823.7891028,18.976501999986795, 0.2006639999763138,0,0,27.8,0.0,0
329,1776083823.8198702,19.864950000055615, 0.21364099995935248,0,0,27.8,0.0,0
330,1776083823.8500373,20.302480999930594, 0.21329099990907707,0,0,27.8,0.0,0
331,1776083823.8765638,18.552440000007664, 0.22239099996568257,0,0,27.8,0.0,0
332,1776083823.9092674,19.740098999932343, 0.21433799997794267,0,0,27.8,0.0,0
333,1776083823.940914,21.39612300004501, 0.4503449999901932,0,0,27.8,0.0,0
334,1776083823.9670196,18.66117099996245, 0.2021519999289012,0,0,27.8,0.0,0
335,1776083824.0005462,21.26727999996092, 0.23394800007281447,0,0,27.8,0.0,0
336,1776083824.0264113,18.358756999987236, 0.2168320000919266,0,0,27.8,0.0,0
337,1776083824.058119,20.184534999998505, 0.20631799998227507,0,0,27.8,0.0,0
338,1776083824.0884423,19.98291299992161, 0.22643699992386246,0,0,27.8,0.0,0
339,1776083824.1155474,18.69940000005954, 0.2343200000041179,0,0,27.8,0.0,0
340,1776083824.1475394,20.352264999928593, 0.2153220000309375,0,0,27.8,0.0,0
341,1776083824.1764882,19.419752999965567, 0.2332980000119278,0,0,27.8,0.0,0
342,1776083824.2052934,19.210133000001406, 0.22632999991856195,0,0,27.8,0.0,0
343,1776083824.235771,20.238198000015473, 0.21267300007821177,0,0,27.8,0.0,0
344,1776083824.2630873,18.884861000060482, 0.20438299998204457,0,0,27.8,0.0,0
345,1776083824.2941184,20.39364500001284, 0.23405299998557894,0,0,27.8,0.0,0
346,1776083824.3259306,20.46918199994252, 0.2192709999917497,0,0,27.8,0.0,0
347,1776083824.353638,19.29833300005157, 0.2309819999481988,0,0,27.8,0.0,0
348,1776083824.3848548,20.05263199998808, 0.2242260000002716,0,0,27.8,0.0,0
349,1776083824.4141223,19.71092899998439, 0.20447899998998764,0,0,27.8,0.0,0
350,1776083824.4428651,19.13105699998141, 0.2192690000129005,0,0,27.8,0.0,0
351,1776083824.4741273,20.56354600006216, 0.2276059999530844,0,0,27.8,0.0,0
352,1776083824.502593,19.48921899997913, 0.21646800007601996,0,0,27.8,0.0,0
353,1776083824.5334637,20.272197000053893, 0.2349480000702897,0,0,27.8,0.0,0
354,1776083824.5625021,19.69806600004631, 0.23790399995959888,0,0,27.8,0.0,0
355,1776083824.5932596,19.72365999995418, 0.2169430000549255,0,0,27.8,0.0,0
356,1776083824.6219165,19.221208000089973, 0.21526500006530114,0,0,27.8,0.0,0
357,1776083824.651299,19.532882000021345, 0.22927899999558576,0,0,27.8,0.0,0
358,1776083824.6826286,20.596169000100417, 0.2423129999442608,0,0,27.8,0.0,0
359,1776083824.7108183,19.22240299995792, 0.2058310000165875,0,0,27.8,0.0,0
360,1776083824.7381876,18.611066999937975, 0.2039710000190098,0,0,27.8,0.0,0
361,1776083824.7707212,19.73779500008277, 0.24151599996002915,0,0,27.8,0.0,0
362,1776083824.8009894,20.366649999914443, 0.21333100005449523,0,0,27.8,0.0,0
363,1776083824.8303332,19.654408999940642, 0.21710299995447713,0,0,27.8,0.0,0
364,1776083824.8601243,20.283281000047282, 0.22652000006928574,0,0,27.8,0.0,0
365,1776083824.8901107,19.69779599994581, 0.21333900008357887,0,0,27.8,0.0,0
366,1776083824.9193628,19.931686999939302, 0.22867499990297802,0,0,27.8,0.0,0
367,1776083824.9461884,18.577130000039688, 0.2016849999790793,0,0,27.8,0.0,0
368,1776083824.9804573,21.109753000018827, 0.2933230000508047,0,0,27.8,0.0,0
369,1776083825.0085392,19.84047600001304, 0.2462119999790957,0,0,27.8,0.0,0
370,1776083825.0390599,20.196413999997276, 0.21021099996687553,0,0,27.8,0.0,0
371,1776083825.068183,19.760391999966487, 0.20715400000881345,0,0,27.8,0.0,0
372,1776083825.0940878,17.93088500005524, 0.20147600002928812,0,0,27.8,0.0,0
373,1776083825.1277773,20.378042000061214, 0.2118889999564999,0,0,27.8,0.0,0
374,1776083825.1575215,20.363813000017217, 0.23201600004085776,0,0,27.8,0.0,0
375,1776083825.1865702,19.65956300000471, 0.2322770000091623,0,0,27.8,0.0,0
376,1776083825.2172563,20.20290300004035, 0.23047100000894716,0,0,27.8,0.0,0
377,1776083825.2454674,18.929378000052566, 0.24824599995554308,0,0,27.8,0.0,0
378,1776083825.2751334,19.63470199996209, 0.2051679999794942,0,0,27.8,0.0,0
379,1776083825.3090868,20.958444000029886, 0.22764900006677635,0,0,27.8,0.0,0
380,1776083825.3353806,18.57030999997278, 0.21949799997855735,0,0,27.8,0.0,0
381,1776083825.3664892,20.48871399995278, 0.21779599990168208,0,0,27.8,0.0,0
382,1776083825.423468,21.951827999941997, 0.3001490000542617,0,0,27.8,0.0,0
383,1776083825.441254,15.887718000044515, 0.21991599999182654,0,0,27.8,0.0,0
384,1776083825.454635,11.716032000094856, 0.1944350000258055,0,0,27.8,0.0,0
385,1776083825.4756975,13.493958000026396, 0.22287499996309634,0,0,27.8,0.0,0
386,1776083825.514597,21.31912199990893, 0.21753099997567915,0,0,27.8,0.0,0
387,1776083825.5434818,20.03054700003304, 0.2332580000938833,0,0,27.8,0.0,0
388,1776083825.5724463,19.316469999921537, 0.21942199998647993,0,0,27.8,0.0,0
389,1776083825.604107,20.760740000014266, 0.2140999999937776,0,0,27.8,0.0,0
390,1776083825.6303616,18.660060000001977, 0.2160910000839067,0,0,27.8,0.0,0
391,1776083825.6629968,20.353903000000173, 0.22132000003693975,0,0,27.8,0.0,0
392,1776083825.6908581,19.157622999955493, 0.20271100004265463,0,0,27.8,0.0,0
393,1776083825.7225406,20.52769600004467, 0.23908100001790444,0,0,27.8,0.0,0
394,1776083825.7509055,19.335476000037488, 0.2204620000156865,0,0,27.8,0.0,0
395,1776083825.7803848,19.362873999966723, 0.2425209999046274,0,0,27.8,0.0,0
396,1776083825.8105218,20.090987000003224, 0.24302099996020843,0,0,27.8,0.0,0
397,1776083825.8367052,18.233914000006735, 0.20012000004498987,0,0,27.8,0.0,0
398,1776083825.8695452,19.81892699996024, 0.22884899999553454,0,0,27.8,0.0,0
399,1776083825.9004602,20.516063000059148, 0.21803500010264543,0,0,27.8,0.0,0
400,1776083825.9304585,20.053689999940616, 0.21796599992285337,0,0,27.8,0.0,0
401,1776083825.9587128,19.12538399994901, 0.2222309999524441,0,0,27.8,0.0,0
402,1776083825.9906383,21.204794000027505, 0.27663600008054345,0,0,27.8,0.0,0
403,1776083826.0326493,21.94502600002579, 0.22791899993990228,0,0,27.8,0.0,0
404,1776083826.0482683,13.933275999988837, 0.20949899999322952,0,0,27.8,0.0,0
405,1776083826.078741,20.04292300000543, 0.21541199998864613,0,0,27.8,0.0,0
406,1776083826.1072848,19.530731000031665, 0.2557829999432215,0,0,27.8,0.0,0
407,1776083826.1374147,19.862372000034156, 0.2114979999987554,0,0,27.8,0.0,0
408,1776083826.1664772,19.90225700001247, 0.23170800000116287,0,0,27.8,0.0,0
409,1776083826.1973264,20.46890799999801, 0.21741000000474742,0,0,27.8,0.0,0
410,1776083826.227326,19.802605999984735, 0.21292700000685727,0,0,27.8,0.0,0
411,1776083826.2555947,19.144637000067632, 0.2561620000278708,0,0,27.8,0.0,0
412,1776083826.2891638,22.038075000068602, 0.2927040000031411,0,0,27.8,0.0,0
413,1776083826.3136442,17.754218999925797, 0.21300700007031992,0,0,27.8,0.0,0
414,1776083826.3456628,20.417216999931043, 0.23235800006204954,0,0,27.8,0.0,0
415,1776083826.374888,19.786290999945777, 0.21192200006225903,0,0,27.8,0.0,0
416,1776083826.4062166,19.83923699992829, 0.213250000001608,0,0,27.8,0.0,0
417,1776083826.4339416,19.256050999956642, 0.20042099993133888,0,0,27.8,0.0,0
418,1776083826.463679,19.60589500004062, 0.2714490000244041,0,0,27.8,0.0,0
419,1776083826.4950025,20.489510000061273, 0.2148410000017975,0,0,27.8,0.0,0
420,1776083826.5209522,18.49163999997927, 0.2036930000031134,0,0,27.8,0.0,0
421,1776083826.5536773,19.912135000026865, 0.2101229999880161,0,0,27.8,0.0,0
422,1776083826.5844257,20.50810100001854, 0.21971599994685675,0,0,27.8,0.0,0
423,1776083826.6103938,18.517199000029905, 0.2222309999524441,0,0,27.8,0.0,0
424,1776083826.6455538,21.371658000020943, 0.24017700002332276,0,0,27.8,0.0,0
425,1776083826.6700773,17.952817000036703, 0.20083899994460808,0,0,27.8,0.0,0
426,1776083826.702583,20.142899000006764, 0.23212500002500747,0,0,27.8,0.0,0
427,1776083826.7312324,19.63794699997834, 0.21753700002591358,0,0,27.8,0.0,0
428,1776083826.7631214,20.63068799998291, 0.2149790000203211,0,0,27.8,0.0,0
429,1776083826.7878413,17.9428190000408, 0.21122600003309344,0,0,27.8,0.0,0
430,1776083826.8238468,21.738614000014422, 0.2323830000250382,0,0,27.8,0.0,0
431,1776083826.8487847,18.18503200001942, 0.21280300006765174,0,0,27.8,0.0,0
432,1776083826.8822186,21.275918000014826, 0.22821000004569214,0,0,27.8,0.0,0
433,1776083826.9094348,19.125186999986, 0.2579740000783204,0,0,27.8,0.0,0
434,1776083826.940781,20.473602000038227, 0.2212709999867002,0,0,27.8,0.0,0
435,1776083826.9691308,19.247900999971534, 0.21126499996171333,0,0,27.8,0.0,0
436,1776083827.0017238,20.133472999987134, 0.22195899998678215,0,0,27.8,0.0,0
437,1776083827.029837,19.468146000008346, 0.2239140000028783,0,0,27.8,0.0,0
438,1776083827.0588896,19.40383400005885, 0.20331700000042474,0,0,27.8,0.0,0
439,1776083827.088038,19.673995999937688, 0.2027089999501186,0,0,27.8,0.0,0
440,1776083827.1178982,19.507208000050014, 0.21472599996741337,0,0,27.8,0.0,0
441,1776083827.1473544,19.697694999990745, 0.21802499998102576,0,0,27.8,0.0,0
442,1776083827.1772592,20.266446999926302, 0.22440099996856588,0,0,27.8,0.0,0
443,1776083827.2051435,19.336662000000615, 0.20159399991825921,0,0,27.8,0.0,0
444,1776083827.2363594,20.15101799997865, 0.2203220000183137,0,0,27.8,0.0,0
445,1776083827.2676823,20.953104000000167, 0.20694799991360924,0,0,27.8,0.0,0
446,1776083827.296943,20.113066000021718, 0.2034760000242386,0,0,27.8,0.0,0
447,1776083827.3259313,19.192590999978165, 0.2113939999617287,0,0,27.8,0.0,0
448,1776083827.3556314,19.541692000075273, 0.23996899994926935,0,0,27.8,0.0,0
449,1776083827.3865118,20.48277100004725, 0.2277690000482835,0,0,27.8,0.0,0
450,1776083827.4148014,19.39831200002118, 0.2100289999589222,0,0,27.8,0.0,0
451,1776083827.4455678,20.549445000028754, 0.22971600003529602,0,0,27.8,0.0,0
452,1776083827.474783,19.913462999966214, 0.208894000024884,0,0,27.8,0.0,0
453,1776083827.5046275,19.52670599996509, 0.2218719999973473,0,0,27.8,0.0,0
454,1776083827.5343285,19.776095999986865, 0.21151600003577187,0,0,27.8,0.0,0
455,1776083827.5647228,20.155135999971208, 0.2432549999866751,0,0,27.8,0.0,0
456,1776083827.5900173,17.911498999978903, 0.20343099993169744,0,0,27.8,0.0,0
457,1776083827.6240673,20.253825999930086, 0.21218699998826196,0,0,27.8,0.0,0
458,1776083827.653186,19.75477400003456, 0.216141000009884,0,0,27.8,0.0,0
459,1776083827.683462,20.033293999972557, 0.24066100002073654,0,0,27.8,0.0,0
460,1776083827.7114978,19.148886999914794, 0.2228470000318339,0,0,27.8,0.0,0
461,1776083827.742736,20.53605199989761, 0.2413249999335676,0,0,27.8,0.0,0
462,1776083827.7683895,18.05914900000971, 0.2129020000438686,0,0,27.8,0.0,0
463,1776083827.8015306,19.723739000028218, 0.23877000000993576,0,0,27.8,0.0,0
464,1776083827.830893,19.18691800005945, 0.2648579999231515,0,0,27.8,0.0,0
465,1776083827.8611372,20.29275399991093, 0.20343500000308268,0,0,27.8,0.0,0
466,1776083827.8908856,20.104544999981044, 0.21768199997040938,0,0,27.8,0.0,0
467,1776083827.9213753,20.267472999989877, 0.2308650000486523,0,0,27.8,0.0,0
468,1776083827.9498844,19.60901500001455, 0.20633100007216854,0,0,27.8,0.0,0
469,1776083827.980518,20.374793999963003, 0.2875289999337838,0,0,27.8,0.0,0
470,1776083828.0095315,19.360086999995474, 0.23764200000186975,0,0,27.8,0.0,0
471,1776083828.0383563,19.28178899993327, 0.21751400004177412,0,0,27.8,0.0,0
472,1776083828.0695772,20.099999999956708, 0.23508000003857887,0,0,27.8,0.0,0
473,1776083828.1020236,20.76433000001998, 0.21735599989369803,0,0,27.8,0.0,0
474,1776083828.1282215,18.620753000050172, 0.21592200005216,0,0,27.8,0.0,0
475,1776083828.1593382,20.491130000095836, 0.21718799996506277,0,0,27.8,0.0,0
476,1776083828.1880195,19.375022999952307, 0.20456799995827168,0,0,27.8,0.0,0
477,1776083828.2442183,22.694613999988178, 0.33619199996337557,0,0,27.8,0.0,0
478,1776083828.2619245,15.979299000036917, 0.19471899997824949,0,0,27.8,0.0,0
479,1776083828.2750587,11.476291999997557, 0.195533000010073,0,0,27.8,0.0,0
480,1776083828.3208313,21.450785000070027, 0.2944249999927706,0,0,27.8,0.0,0
481,1776083828.3374424,14.84970899991822, 0.23026600001685438,0,0,27.8,0.0,0
482,1776083828.384405,21.25889899991762, 0.22157700004754588,0,0,27.8,0.0,0
483,1776083828.4004917,14.371345999961704, 0.2288370000087525,0,0,27.8,0.0,0
484,1776083828.419514,13.807827999926303, 0.2309400000513051,0,0,27.8,0.0,0
485,1776083828.4558425,20.305139000015515, 0.22479100005057262,0,0,27.8,0.0,0
486,1776083828.4868395,20.893815999897924, 0.22457099998973717,0,0,27.8,0.0,0
487,1776083828.5135746,18.794693000018015, 0.23532800003067678,0,0,27.8,0.0,0
488,1776083828.5456638,20.488033000106043, 0.24600500000815373,0,0,27.8,0.0,0
489,1776083828.5742023,19.691779000027054, 0.20276400005059259,0,0,27.8,0.0,0
490,1776083828.6012652,18.713434999995116, 0.2045809999344783,0,0,27.8,0.0,0
491,1776083828.633185,19.90924200003974, 0.21239499994862854,0,0,27.8,0.0,0
492,1776083828.662677,19.545760000028167, 0.21024800003033306,0,0,27.8,0.0,0
493,1776083828.6938272,20.54541799998333, 0.22022400003152143,0,0,27.8,0.0,0
494,1776083828.7220113,19.084007999936148, 0.2172990000417485,0,0,27.8,0.0,0
495,1776083828.7517688,19.623269000021537, 0.24594900003194198,0,0,27.8,0.0,0
496,1776083828.7832074,20.52421799999138, 0.21136200007276784,0,0,27.8,0.0,0
497,1776083828.811028,19.01015600003575, 0.21390099993823242,0,0,27.8,0.0,0
498,1776083828.8423297,20.348054999999476, 0.21619300002839736,0,0,27.8,0.0,0
499,1776083828.8716834,19.65530300003593, 0.23845600003369327,0,0,27.8,0.0,0
500,1776083828.901054,19.781827999963753, 0.20554499997160747,0,0,27.8,0.0,0
501,1776083828.9299886,19.543030999898292, 0.2044449998948039,0,0,27.8,0.0,0
502,1776083828.9603107,19.75621599990518, 0.21248300004117482,0,0,27.8,0.0,0
503,1776083828.9926667,21.7836570000145, 0.2147320000176478,0,0,27.8,0.0,0
504,1776083829.0189955,18.40825199997198, 0.202844999989793,0,0,27.8,0.0,0
505,1776083829.0493283,19.407733999969423, 0.2125810000279671,0,0,27.8,0.0,0
506,1776083829.079625,19.635784000001877, 0.21865700000489596,0,0,27.8,0.0,0
507,1776083829.109123,19.88458300002094, 0.21856599994407588,0,0,27.8,0.0,0
508,1776083829.13912,20.315413999924203, 0.2262429999291271,0,0,27.8,0.0,0
509,1776083829.1656187,18.40194999999767, 0.2379750000045533,0,0,27.8,0.0,0
510,1776083829.198377,20.306935000007797, 0.24043900009473873,0,0,27.8,0.0,0
511,1776083829.227829,20.325018999983513, 0.21358899994083913,0,0,27.8,0.0,0
512,1776083829.2570233,19.495859000016935, 0.2161489999252808,0,0,27.8,0.0,0
513,1776083829.287374,19.77802999999767, 0.21729200000208948,0,0,27.8,0.0,0
514,1776083829.3182576,20.762023999964185, 0.22446399998443667,0,0,27.8,0.0,0
515,1776083829.344132,18.489012000031835, 0.20289700000830635,0,0,27.8,0.0,0
516,1776083829.376749,20.228136000014274, 0.23455200005173538,0,0,27.8,0.0,0
517,1776083829.407495,20.426391000000876, 0.24035699993874005,0,0,27.8,0.0,0
518,1776083829.4372823,20.527659999970638, 0.225490000048012,0,0,27.8,0.0,0
519,1776083829.4649644,18.83041600001434, 0.2044249999926251,0,0,27.8,0.0,0
520,1776083829.496487,20.660496999994393, 0.22908100004315202,0,0,27.8,0.0,0
521,1776083829.5262494,20.009741999956532, 0.20535200007998355,0,0,27.8,0.0,0
522,1776083829.5544806,19.411139999988336, 0.23081799997726193,0,0,27.8,0.0,0
523,1776083829.585492,20.529536000026383, 0.25093700003253616,0,0,27.8,0.0,0
524,1776083829.6121376,18.483162999928027, 0.2030609999792432,0,0,27.8,0.0,0
525,1776083829.6444519,20.387006999953883, 0.22639299993443274,0,0,27.8,0.0,0
526,1776083829.6750507,20.531667999989622, 0.21429000003081455,0,0,27.8,0.0,0
527,1776083829.7024477,18.804541000008612, 0.22520799996073038,0,0,27.8,0.0,0
528,1776083829.7342844,20.831143000009433, 0.2125190000015209,0,0,27.8,0.0,0
529,1776083829.7586596,17.382662999921195, 0.20700699997178162,0,0,27.8,0.0,0
530,1776083829.793386,20.87843399999656, 0.2342450000014651,0,0,27.8,0.0,0
531,1776083829.8204746,19.511520000037308, 0.23416600004111388,0,0,27.8,0.0,0
532,1776083829.851693,20.38966400004938, 0.2137390000598316,0,0,27.8,0.0,0
533,1776083829.881954,20.0939080000353, 0.21350800000163872,0,0,27.8,0.0,0
534,1776083829.9123776,20.10491600003661, 0.2400800000259551,0,0,27.8,0.0,0
535,1776083829.94114,19.408942000040952, 0.2279500000668122,0,0,27.8,0.0,0
536,1776083829.9712584,19.817915999965408, 0.21243799994863366,0,0,27.8,0.0,0
537,1776083830.0028198,21.872937000011916, 0.2919529999871884,0,0,27.8,0.0,0
538,1776083830.0315433,20.52249700000175, 0.21953999998913787,0,0,27.8,0.0,0
539,1776083830.0597885,19.231350999916685, 0.25700600008349284,0,0,27.8,0.0,0
540,1776083830.0906634,19.94157800004359, 0.22331600007419183,0,0,27.8,0.0,0
541,1776083830.119426,19.376880999971036, 0.23197400003027724,0,0,27.8,0.0,0
542,1776083830.1496851,19.979024000008394, 0.23837200001253223,0,0,27.8,0.0,0
543,1776083830.1786447,19.659088000025804, 0.2361819999805448,0,0,27.8,0.0,0
544,1776083830.2092235,20.08106999994652, 0.22290700007943087,0,0,27.8,0.0,0
545,1776083830.2373955,19.204767000019274, 0.23607700006778032,0,0,27.8,0.0,0
546,1776083830.2686198,20.154939999997623, 0.24932100006935798,0,0,27.8,0.0,0
547,1776083830.2970178,19.412397999985842, 0.2158160000362841,0,0,27.8,0.0,0
548,1776083830.3271196,19.668275999947582, 0.20808599992960808,0,0,27.8,0.0,0
549,1776083830.360365,20.405637000067145, 0.24384699997881398,0,0,27.8,0.0,0
550,1776083830.3890717,20.02259599998979, 0.21988299999975425,0,0,27.8,0.0,0
551,1776083830.4161935,18.697718999987956, 0.2055800000562158,0,0,27.8,0.0,0
552,1776083830.4695437,22.308457000008275, 0.28667499998391577,0,0,27.8,0.0,0
553,1776083830.4873986,15.963689000045633, 0.23550100002012186,0,0,27.8,0.0,0
554,1776083830.5005872,11.548367999921538, 0.20251900002676848,0,0,27.8,0.0,0
555,1776083830.5347078,20.212068999967414, 0.21844800005510479,0,0,27.8,0.0,0
556,1776083830.5649981,19.86385700001847, 0.22595600000840932,0,0,27.8,0.0,0
557,1776083830.5944107,19.39571100001558, 0.22592100003748783,0,0,27.8,0.0,0
558,1776083830.6254616,20.832237000036002, 0.22988599994278047,0,0,27.8,0.0,0
559,1776083830.6540086,19.644535999987056, 0.20448399993711064,0,0,27.8,0.0,0
560,1776083830.6844008,19.835766000028343, 0.22428700003729318,0,0,27.8,0.0,0
561,1776083830.7134871,19.565323999927386, 0.22125999998934276,0,0,27.8,0.0,0
562,1776083830.7443252,20.286996999971052, 0.21950000007109338,0,0,27.8,0.0,0
563,1776083830.772753,19.166567999945983, 0.21617099991999567,0,0,27.8,0.0,0
564,1776083830.8034818,20.028871000022264, 0.23286499992991594,0,0,27.8,0.0,0
565,1776083830.8315659,19.297062000077858, 0.23574800002279517,0,0,27.8,0.0,0
566,1776083830.8625124,20.286783999949876, 0.21984400007113436,0,0,27.8,0.0,0
567,1776083830.8923106,19.66094499994142, 0.2255520000744582,0,0,27.8,0.0,0
568,1776083830.9224024,20.29975999994349, 0.23693599996477133,0,0,27.8,0.0,0
569,1776083830.9530056,20.732640999995056, 0.24879699992652604,0,0,27.8,0.0,0
570,1776083830.9811108,20.08244299997841, 0.2631160000419186,0,0,27.8,0.0,0
571,1776083831.011545,20.28091099998619, 0.23000200008027605,0,0,27.8,0.0,0
572,1776083831.0381181,18.26667099999213, 0.20205499993153353,0,0,27.8,0.0,0
573,1776083831.069921,20.1439060000439, 0.2621710000312305,0,0,27.8,0.0,0
574,1776083831.1012907,20.580092000045624, 0.2130149999857167,0,0,27.8,0.0,0
575,1776083831.126483,18.141970999977275, 0.2267590000428754,0,0,27.8,0.0,0
576,1776083831.1594827,20.31885900009911, 0.2190259999679256,0,0,27.8,0.0,0
577,1776083831.1886938,19.543865999935406, 0.2100880000170946,0,0,27.8,0.0,0
578,1776083831.2186918,19.58384199997454, 0.2549870000621013,0,0,27.8,0.0,0
579,1776083831.249532,20.272658999942905, 0.2344609999909153,0,0,27.8,0.0,0
580,1776083831.2781303,19.521837999946, 0.1991560000078607,0,0,27.8,0.0,0
581,1776083831.3081577,19.751689999907285, 0.203196000029493,0,0,27.8,0.0,0
582,1776083831.3371134,19.48312599995461, 0.20313699997132062,0,0,27.8,0.0,0
583,1776083831.3682837,20.140489000027628, 0.218736000078934,0,0,27.8,0.0,0
584,1776083831.397076,19.56319299995357, 0.22533599997132114,0,0,27.8,0.0,0
585,1776083831.42832,21.040909000021202, 0.21381199996994837,0,0,27.8,0.0,0
586,1776083831.4558704,19.193193000091924, 0.20416099994235992,0,0,27.8,0.0,0
587,1776083831.4835815,18.783861999963847, 0.23795799995696143,0,0,27.8,0.0,0
588,1776083831.5170314,20.287239000026602, 0.2776850000145714,0,0,27.8,0.0,0
589,1776083831.547391,20.375567999963096, 0.22996899997451692,0,0,27.8,0.0,0
590,1776083831.5749414,19.194913999967866, 0.20582699994520226,0,0,27.8,0.0,0
591,1776083831.6053703,19.783514999971885, 0.2198319999706655,0,0,27.8,0.0,0
592,1776083831.635305,20.232166000027973, 0.22368800000549527,0,0,27.8,0.0,0
593,1776083831.6647236,19.727169000020695, 0.21652599991739407,0,0,27.8,0.0,0
594,1776083831.6955662,20.663799999965704, 0.24900999994770245,0,0,27.8,0.0,0
595,1776083831.7232497,18.881043999954272, 0.20430399990800652,0,0,27.8,0.0,0
596,1776083831.750592,18.449072000066735, 0.2393450000681696,0,0,27.8,0.0,0
597,1776083831.7840147,20.362263000038183, 0.20885999992970028,0,0,27.8,0.0,0
598,1776083831.8146682,20.584907000056774, 0.21547100004681852,0,0,27.8,0.0,0
599,1776083831.8423424,18.882212999983494, 0.22955299994009692,0,0,27.8,0.0,0
600,1776083831.8733144,20.22811599999841, 0.2327109999669119,0,0,27.8,0.0,0
601,1776083831.9021575,19.418936999954894, 0.22159700006341154,0,0,27.8,0.0,0
602,1776083831.9313323,19.35634400001618, 0.22899299995060574,0,0,27.8,0.0,0
603,1776083831.9625418,20.576564999942093, 0.2313610000328481,0,0,27.8,0.0,0
604,1776083831.9930897,21.206211000048825, 0.2015080000319358,0,0,27.8,0.0,0
605,1776083832.0211356,18.99041199999374, 0.22289700007149804,0,0,27.8,0.0,0
606,1776083832.0511703,19.877826999959325, 0.2094850000275983,0,0,27.8,0.0,0
607,1776083832.0774372,18.297343999961413, 0.22856400005366595,0,0,27.8,0.0,0
608,1776083832.110735,19.93459800007713, 0.26433100003941945,0,0,27.8,0.0,0
609,1776083832.1417334,21.267122999915955, 0.22168999998939398,0,0,27.8,0.0,0
610,1776083832.1684773,18.84023899992826, 0.22146300000258634,0,0,27.8,0.0,0
611,1776083832.2004108,20.00295699997423, 0.23241900009907113,0,0,27.8,0.0,0
612,1776083832.2289526,19.441406000055395, 0.21330500010208198,0,0,27.8,0.0,0
613,1776083832.258075,19.599075999963134, 0.2138830000149028,0,0,27.8,0.0,0
614,1776083832.2901568,20.82456099992669, 0.20549999999275315,0,0,27.8,0.0,0
615,1776083832.3197627,20.03136700000141, 0.2300679999507338,0,0,27.8,0.0,0
616,1776083832.3473577,18.711899999971138, 0.2325570000039079,0,0,27.8,0.0,0
617,1776083832.3778362,19.873224000093614, 0.21672299999409006,0,0,27.8,0.0,0
618,1776083832.4084156,20.52360600009706, 0.26334500000757544,0,0,27.8,0.0,0
619,1776083832.4340901,18.440013999907023, 0.20304700001361198,0,0,27.8,0.0,0
620,1776083832.4665084,19.889901000055943, 0.2377510000997063,0,0,27.8,0.0,0
621,1776083832.4972625,20.153284000002714, 0.21542399997542816,0,0,27.8,0.0,0
622,1776083832.5273674,20.06277400005274, 0.21377799998845148,0,0,27.8,0.0,0
623,1776083832.555425,19.27312800000891, 0.23662399996737804,0,0,27.8,0.0,0
624,1776083832.5866084,20.354619000045204, 0.2614320000020598,0,0,27.8,0.0,0
625,1776083832.6119814,18.163304000040625, 0.20177099997908954,0,0,27.8,0.0,0
626,1776083832.6462142,20.963517999916803, 0.21038500005943206,0,0,27.8,0.0,0
627,1776083832.675127,19.7907839999516, 0.20721300006698584,0,0,27.8,0.0,0
628,1776083832.7051003,20.273040000006404, 0.22089499998401152,0,0,27.8,0.0,0
629,1776083832.7353299,20.163422999985414, 0.23299500003304274,0,0,27.8,0.0,0
630,1776083832.7612474,18.303683999988607, 0.21440999989863485,0,0,27.8,0.0,0
631,1776083832.8040013,29.578935000017736, 0.2651930000183711,2,2,27.8,0.0,0
632,1776083832.8309784,25.18631500004176, 0.21807299992815388,1,2,27.8,0.0,0
633,1776083833.1139834,17.381781000040064, 263.85550600002716,0,2,27.8,0.0,0
635,1776083833.1178343,0.2851539999255692, 0.2864790000103312,0,2,27.8,0.0,1
636,1776083833.130544,0.28226500000982924, 0.32887399993342115,0,1,27.8,0.0,1
637,1776083833.1601462,0.2591459999621293, 0.3324539999312037,0,0,27.8,0.0,1
638,1776083833.1912272,1.6218030000345607, 0.3696459999673607,0,0,27.8,0.0,1
639,1776083833.2235825,0.035489999959281704, 0.2691099999765356,0,0,27.8,0.0,1
640,1776083833.2486718,0.04115999990972341, 0.3601519999847369,0,0,27.8,0.0,1
641,1776083833.278451,0.04866999995556398, 0.4122039999856497,0,0,27.8,0.0,1
642,1776083833.3090956,0.0461439999526192, 0.35650400002396054,0,0,27.8,0.0,1
643,1776083833.33822,0.046132999955261766, 0.33946499991088785,0,0,27.8,0.0,1
644,1776083833.3680813,0.04186300009223487, 0.34571899993807165,0,0,27.8,0.0,1
645,1776083833.397854,0.04397200007133506, 0.3439230000594762,0,0,27.8,0.0,1
646,1776083833.4277003,0.05201099997975689, 0.3607500000271102,0,0,27.8,0.0,1
647,1776083833.4571548,0.043946999994659564, 0.3388900000800277,0,0,27.8,0.0,1
648,1776083833.486929,0.04543100010323542, 0.33685999994759186,0,0,27.8,0.0,1
649,1776083833.5167117,0.04414299996824411, 0.3474100000175895,0,0,27.8,0.0,1
650,1776083833.5463066,0.045777000082125596, 0.33997900004578696,0,0,27.8,0.0,1
651,1776083833.5757113,0.041952999936256674, 0.3678979999222065,0,0,27.8,0.0,1
652,1776083833.6053982,0.0471639999659601, 0.4194940000843417,0,0,27.8,0.0,1
653,1776083833.6355746,0.05246700004590821, 0.38805799999863666,0,0,27.8,0.0,1
654,1776083833.6648908,0.041427000041949213, 0.35277899996799533,0,0,27.8,0.0,1
655,1776083833.694515,0.04572700004246144, 0.39375500000460306,0,0,27.8,0.0,1
656,1776083833.7249079,0.047968999979275395, 0.3614989999505269,0,0,27.8,0.0,1
657,1776083833.7542012,0.041825000039352744, 0.33916699999281263,0,0,27.8,0.0,1
658,1776083833.7840393,0.04173999991508026, 0.3430980000302952,0,0,27.8,0.0,1
659,1776083833.8137934,0.04540099996575009, 0.3455510000094364,0,0,27.8,0.0,1
660,1776083833.8438065,0.042317999941587914, 0.34848400002829294,0,0,27.8,0.0,1
661,1776083833.8731396,0.044355999989420525, 0.33643500000835047,0,0,27.8,0.0,1
662,1776083833.9029481,0.04273900003681774, 0.3411249999771826,0,0,27.8,0.0,1
663,1776083833.933028,0.04465600000003178, 0.3378170000587488,0,0,27.8,0.0,1
664,1776083833.9622324,0.04504699995777628, 0.3458590000491313,0,0,27.8,0.0,1
665,1776083833.9924817,0.04815399995550251, 0.39367700003367645,0,0,27.8,0.0,1
666,1776083834.021398,0.04659800003992132, 0.38875500001722685,0,0,27.8,0.0,1
667,1776083834.0511603,0.04619999992883095, 0.3889869999511575,0,0,27.8,0.0,1
668,1776083834.0807552,0.04172900003140967, 0.34919300003366516,0,0,27.8,0.0,1
668,1776083834.1283355,18.008711999982552, 0.20846600000368198,0,0,27.8,0.0,0
669,1776083834.163921,21.314741000082904, 0.21426399996471446,0,0,27.8,0.0,0
670,1776083834.1923375,20.846799000082683, 0.2123829999618465,0,0,27.8,0.0,0
671,1776083834.219809,19.17334100005519, 0.2046399999926507,0,0,27.8,0.0,0
672,1776083834.2482357,19.071465000024546, 0.23629999998320272,0,0,27.8,0.0,0
673,1776083834.2797546,20.29366099998242, 0.2644059999283854,0,0,27.8,0.0,0
674,1776083834.3106074,20.273319000011725, 0.26049500002045534,0,0,27.8,0.0,0
675,1776083834.33556,18.012110999961806, 0.22392000005311274,0,0,27.8,0.0,0
676,1776083834.3686485,19.787924000070234, 0.2437740000686972,0,0,27.8,0.0,0
677,1776083834.3976967,19.49496999998246, 0.2515200000061668,0,0,27.8,0.0,0
678,1776083834.4284623,19.85748300000978, 0.21717799995712994,0,0,27.8,0.0,0
679,1776083834.4590077,20.500203999972655, 0.22584300006656122,0,0,27.8,0.0,0
680,1776083834.4838018,17.835304000072938, 0.22381700000551064,0,0,27.8,0.0,0
681,1776083834.5180378,20.543546999988394, 0.21179700001994206,0,0,27.8,0.0,0
682,1776083834.5468287,19.861695000031432, 0.21665399992798484,0,0,27.8,0.0,0
683,1776083834.5730267,18.25240499999836, 0.205882999921414,0,0,27.8,0.0,0
684,1776083834.6068525,20.6233549999979, 0.2972570000565611,0,0,27.8,0.0,0
685,1776083834.6360414,19.930816999931267, 0.21875300001283904,0,0,27.8,0.0,0
686,1776083834.6622484,18.322054000009302, 0.2064330000166592,0,0,27.8,0.0,0
687,1776083834.6957679,20.4289629999721, 0.25050100009593734,0,0,27.8,0.0,0
688,1776083834.7255278,20.01625699995202, 0.22412200007693173,0,0,27.8,0.0,0
689,1776083834.7561705,20.13237799997114, 0.21467999999913445,0,0,27.8,0.0,0
690,1776083834.7842488,19.092751000016506, 0.20797799993488297,0,0,27.8,0.0,0
691,1776083834.8132687,18.788055000072745, 0.31808399990040925,0,0,27.8,0.0,0
692,1776083834.85316,22.024684000029993, 0.23732899990136502,0,0,27.8,0.0,0
693,1776083834.9318259,23.290395000003628, 0.3315550000024814,0,0,27.8,0.0,0
694,1776083834.951439,17.639707999933307, 0.25772399999368645,0,0,27.8,0.0,0
695,1776083834.9648163,11.740368999994644, 0.19986500001323293,0,0,27.8,0.0,0
696,1776083834.9962025,19.790080000007038, 0.21184399997764558,0,0,27.8,0.0,0
697,1776083835.0271993,20.38092600002983, 0.22483600002942694,0,0,27.8,0.0,0
698,1776083835.057447,19.759495000016614, 0.21567499993579986,0,0,27.8,0.0,0
699,1776083835.0859046,19.53316200001609, 0.19828899996809923,0,0,27.8,0.0,0
700,1776083835.1166224,20.002571999953034, 0.23240200005147926,0,0,27.8,0.0,0
701,1776083835.146163,19.845632000055957, 0.21300600008089532,0,0,27.8,0.0,0
702,1776083835.17527,19.658471999946414, 0.2216520000501987,0,0,27.8,0.0,0
703,1776083835.202156,18.551291999983732, 0.2025359999606735,0,0,27.8,0.0,0
704,1776083835.2346444,20.284038999989207, 0.2362840000387223,0,0,27.8,0.0,0
705,1776083835.2647502,20.077202999914334, 0.20858400000633992,0,0,27.8,0.0,0
706,1776083835.2951424,20.22378399999525, 0.21263799999360344,0,0,27.8,0.0,0
707,1776083835.3234744,19.331244999989394, 0.22525200006384694,0,0,27.8,0.0,0
708,1776083835.3505788,18.326584000078583, 0.24578900001870352,0,0,27.8,0.0,0
709,1776083835.384441,20.713335999971605, 0.2954450000061115,0,0,27.8,0.0,0
710,1776083835.4132273,19.91485299993201, 0.22973599993747484,0,0,27.8,0.0,0
711,1776083835.4438758,20.347825000044395, 0.21511199997803487,1,1,27.8,0.0,0
712,1776083835.4721658,19.453148000025067, 0.20993600003293977,1,1,27.8,0.0,0
713,1776083835.7572007,19.32850499997585, 257.10768800001915,2,2,27.8,0.0,0
715,1776083835.761004,0.2564039999697343, 0.30136999998831016,0,2,27.8,0.0,1
716,1776083835.7795606,0.26919000003999827, 0.333658000045034,0,2,27.8,0.0,1
717,1776083835.8093233,0.27615099998001824, 0.342114999966725,0,2,27.8,0.0,1
718,1776083835.8406482,1.7364540000244233, 0.3334990000212201,0,0,27.8,0.0,1
719,1776083835.8729267,0.03720099994097836, 0.25958599997011333,0,0,27.8,0.0,1
720,1776083835.8981662,0.042201000042041414, 0.33868299999539886,0,0,27.8,0.0,1
721,1776083835.928002,0.04393799997615133, 0.3464479999593095,0,0,27.8,0.0,1
722,1776083835.9578738,0.044379999962984584, 0.35337400004209485,0,0,27.8,0.0,1
723,1776083835.9874883,0.04284800002096745, 0.33789600001910003,0,0,27.8,0.0,1
724,1776083836.016659,0.041915999986485986, 0.36794300001474767,0,0,27.8,0.0,1
725,1776083836.0464284,0.047718000018903695, 0.3810680000242428,0,0,27.8,0.0,1
726,1776083836.076326,0.0511980000510448, 0.37156500002311077,0,0,27.8,0.0,1
727,1776083836.1057734,0.0460250000742235, 0.3413329999375492,0,0,27.8,0.0,1
728,1776083836.136043,0.04283400005533622, 0.3581510000003618,0,0,27.8,0.0,1
729,1776083836.1660693,0.05149300000084622, 0.37996399998974084,0,0,27.8,0.0,1
730,1776083836.1952336,0.043396000023676606, 0.33526599997912854,0,0,27.8,0.0,1
731,1776083836.225067,0.04656499993416219, 0.32566599998062884,0,0,27.8,0.0,1
732,1776083836.2548833,0.04202599996006029, 0.34262499991655204,0,0,27.8,0.0,1
733,1776083836.2847915,0.04311700001835561, 0.3588370000215946,0,0,27.8,0.0,1
734,1776083836.3142118,0.04515700004503742, 0.33474899998964247,0,0,27.8,0.0,1
735,1776083836.3439834,0.043845999925906654, 0.33605199996600277,0,0,27.8,0.0,1
736,1776083836.373844,0.04700499994214624, 0.3443070000912485,0,0,27.8,0.0,1
737,1776083836.4033015,0.04169300007106358, 0.33707499994761747,0,0,27.8,0.0,1
738,1776083836.4331136,0.04328099998929247, 0.3435090000039054,0,0,27.8,0.0,1
739,1776083836.462883,0.04500299996834656, 0.33973699999023665,0,0,27.8,0.0,1
740,1776083836.492748,0.05932999999913591, 0.3450929999644359,0,0,27.8,0.0,1
741,1776083836.5221272,0.04330000001573353, 0.339914000051067,0,0,27.8,0.0,1
742,1776083836.5520983,0.04400700004225655, 0.3441879999854791,0,0,27.8,0.0,1
743,1776083836.5818138,0.04606300001341879, 0.34198599996670964,0,0,27.8,0.0,1
744,1776083836.6116798,0.042074000020875246, 0.36217999991094985,0,0,27.8,0.0,1
745,1776083836.641043,0.04321900007653312, 0.3386880000562087,0,0,27.8,0.0,1
746,1776083836.6713247,0.05190399997445638, 0.37254899996241875,0,0,27.8,0.0,1
747,1776083836.7006927,0.049611000008553674, 0.3539649999311223,0,0,27.8,0.0,1
748,1776083836.730214,0.04407699998409953, 0.33515699999497883,0,0,27.8,0.0,1
748,1776083836.7916257,31.841881000104877, 0.2059400000007372,0,0,27.8,0.0,0
749,1776083836.8393612,22.652291999975205, 0.248077999913221,0,0,27.8,0.0,0
750,1776083836.8563912,15.286037000009856, 0.2293950000193945,0,0,27.8,0.0,0
751,1776083836.8697295,11.688316000004306, 0.19401299994115107,0,0,27.8,0.0,0
752,1776083836.8911269,13.81347399990318, 0.22388700006104045,0,0,27.8,0.0,0
753,1776083836.9291697,20.61732199990729, 0.2101719999245688,0,0,27.8,0.0,0
754,1776083836.9578242,19.69331999998758, 0.21255700005440303,0,0,27.8,0.0,0
755,1776083836.9891472,21.195768999973552, 0.2819910000653181,0,0,27.8,0.0,0
756,1776083837.0166066,18.636659999970107, 0.2873199999839926,0,0,27.8,0.0,0
757,1776083837.0477896,20.458460999975614, 0.23455500002000917,1,1,27.8,0.0,0
758,1776083837.0781996,20.65025299998524, 0.2269640000349682,1,1,27.8,0.0,0
759,1776083837.363046,18.98122099999, 257.4775190000764,0,1,27.8,0.0,0
761,1776083837.3667052,0.23445299996183167, 0.2754570000433887,0,1,27.8,0.0,1
762,1776083837.385518,1.5524629999390527, 0.3185750000511689,0,1,27.8,0.0,1
763,1776083837.4178941,0.16695400006483396, 0.263629999949444,0,0,27.8,0.0,1
764,1776083837.443044,0.046330999907695514, 0.38197300000319956,0,0,27.8,0.0,1
765,1776083837.472641,0.042874999962805305, 0.3586679999898479,0,0,27.8,0.0,1
766,1776083837.5025024,0.04636300002403004, 0.3918349999594284,0,0,27.8,0.0,1
767,1776083837.532116,0.047445999939554895, 0.37691799991534936,0,0,27.8,0.0,1
768,1776083837.5621028,0.045279999994818354, 0.3765669999893362,0,0,27.8,0.0,1
769,1776083837.5919871,0.04507799997099937, 0.3565309999657984,0,0,27.8,0.0,1
770,1776083837.621687,0.046396000016102334, 0.38361899999017623,0,0,27.8,0.0,1
771,1776083837.6514401,0.048960999947667005, 0.37183000006280054,0,0,27.8,0.0,1
772,1776083837.6806898,0.04356499994173646, 0.3645140000116953,0,0,27.8,0.0,1
773,1776083837.7104368,0.046236999992288474, 0.3895150000516878,0,0,27.8,0.0,1
774,1776083837.7402349,0.04669999998441199, 0.3892900000437294,0,0,27.8,0.0,1
775,1776083837.7699907,0.04330000001573353, 0.35082899989902216,0,0,27.8,0.0,1
776,1776083837.8000376,0.05227100007232366, 0.39853700002367987,0,0,27.8,0.0,1
777,1776083837.8295236,0.04569299994727771, 0.4115079999564841,0,0,27.8,0.0,1
778,1776083837.8592196,0.05066100004569307, 0.40468999998211075,0,0,27.8,0.0,1
779,1776083837.888992,0.04654600002140796, 0.3706890000785279,0,0,27.8,0.0,1
780,1776083837.918513,0.047241999936886714, 0.38493399995331856,0,0,27.8,0.0,1
781,1776083837.9484432,0.051025999937337474, 0.37489999999706924,0,0,27.8,0.0,1
782,1776083837.9778826,0.04375999992589641, 0.34661900008359225,0,0,27.8,0.0,1
783,1776083838.0080929,0.042974000052709016, 0.34944300000461226,0,0,27.8,0.0,1
784,1776083838.0378468,0.0453409999181531, 0.3478019999647586,0,0,27.8,0.0,1
785,1776083838.0676684,0.04478200003177335, 0.35602299999482057,0,0,27.8,0.0,1
786,1776083838.097197,0.044880000018565624, 0.3363390000004074,0,0,27.8,0.0,1
787,1776083838.127397,0.05255500002476765, 0.38310200000069017,0,0,27.8,0.0,1
788,1776083838.156839,0.04412499993122765, 0.34737499993298115,0,0,27.8,0.0,1
789,1776083838.1861594,0.04624499990768527, 0.3361249999898064,0,0,27.8,0.0,1
790,1776083838.2161098,0.04452899997886561, 0.34596599994074495,0,0,27.8,0.0,1
791,1776083838.2459142,0.04618499997377512, 0.34540199999355536,0,0,27.8,0.0,1
792,1776083838.275735,0.06183799996506423, 0.3456130000358826,0,0,27.8,0.0,1
793,1776083838.3051436,0.04515000000537839, 0.33210999993116275,0,0,27.8,0.0,1
794,1776083838.334978,0.046225999994931044, 0.3341959999261235,0,0,27.8,0.0,1
794,1776083838.3821352,17.515559000003122, 0.20642599997700017,0,0,27.8,0.0,0
795,1776083838.4288354,22.063596000066354, 0.27320099991356983,0,0,27.8,0.0,0
796,1776083838.4465652,16.002638000031766, 0.22725199994511058,0,0,27.8,0.0,0
797,1776083838.4726532,17.56276900005105, 0.20781700004590675,0,0,27.8,0.0,0
798,1776083838.50452,20.12699200008683, 0.2361150000069756,0,0,27.8,0.0,0
799,1776083838.5322232,19.124165999983234, 0.23022400000627385,0,0,27.8,0.0,0
800,1776083838.563656,20.167644000025575, 0.26802600007158617,0,0,27.8,0.0,0
801,1776083838.5931132,20.246574999987388, 0.21235999997770705,0,0,27.8,0.0,0
802,1776083838.6244607,20.73547600002712, 0.3099369999972623,0,0,27.8,0.0,0
803,1776083838.651415,19.082033000017873, 0.21365100008097215,0,0,27.8,0.0,0
804,1776083838.6821637,20.31818700004351, 0.20850299995345267,0,0,27.8,0.0,0
805,1776083838.7122095,19.701463999922453, 0.23192699995888688,0,0,27.8,0.0,0
806,1776083838.7420835,20.2580670000998, 0.20365800003219192,0,0,27.8,0.0,0
807,1776083838.7708619,19.668979000016407, 0.2848100000392151,0,0,27.8,0.0,0
808,1776083838.8004048,19.7500570000102, 0.24002300006031874,0,0,27.8,0.0,0
809,1776083838.8328571,21.754476999944927, 0.2949549999584633,0,0,27.8,0.0,0
810,1776083838.8589792,18.38031299996601, 0.20354900004804222,0,0,27.8,0.0,0
811,1776083838.8904645,20.195657000044775, 0.2212360000157787,0,0,27.8,0.0,0
812,1776083838.9194825,19.648015000029773, 0.22083800001837517,0,0,27.8,0.0,0
813,1776083838.9497397,19.97621700002128, 0.25593299994852714,0,0,27.8,0.0,0
814,1776083838.9802275,20.61441900002592, 0.19326200003888516,0,0,27.8,0.0,0
815,1776083839.0091102,19.735903000082544, 0.21983900001032453,0,0,27.8,0.0,0
816,1776083839.0380762,19.456618999925013, 0.23519199999100238,0,0,27.8,0.0,0
817,1776083839.0687397,20.390603999999257, 0.21641099999669677,0,0,27.8,0.0,0
818,1776083839.0947099,18.429685000000973, 0.20545400002447423,0,0,27.8,0.0,0
819,1776083839.128281,20.79353900001024, 0.21537999998599844,0,0,27.8,0.0,0
820,1776083839.1560266,18.997840999986693, 0.2032580000559392,0,0,27.8,0.0,0
821,1776083839.1877115,20.690038999987337, 0.21025599994572985,0,0,27.8,0.0,0
822,1776083839.2175345,19.825465999929293, 0.25069200000871206,0,0,27.8,0.0,0
823,1776083839.2452826,18.74031499994544, 0.23527400003331422,0,0,27.8,0.0,0
824,1776083839.2766626,19.995143999949505, 0.2671989999498692,0,0,27.8,0.0,0
825,1776083839.3071938,20.327747000010277, 0.22698999998738145,0,0,27.8,0.0,0
826,1776083839.3346546,18.72817399998894, 0.20403199994234456,0,0,27.8,0.0,0
827,1776083839.3657508,20.026612000037858, 0.21622700000989425,0,0,27.8,0.0,0
828,1776083839.3953168,19.656086999930267, 0.22512800001095457,0,0,27.8,0.0,0
829,1776083839.4250097,19.740432000048713, 0.20678700002463302,0,0,27.8,0.0,0
830,1776083839.4543424,19.95244299996557, 0.22872899990034057,0,0,27.8,0.0,0
831,1776083839.4840863,19.809706999922128, 0.21696199996767973,0,0,27.8,0.0,0
832,1776083839.5140579,20.216082999922946, 0.20626499997433712,0,0,27.8,0.0,0
833,1776083839.5404656,18.381585000042833, 0.2130420000412414,0,0,27.8,0.0,0
834,1776083839.5742288,20.530650999944555, 0.21303799996985617,0,0,27.8,0.0,0
835,1776083839.6035025,19.834724000020287, 0.23577499996463303,0,0,27.8,0.0,0
836,1776083839.6337433,20.270159999995485, 0.2190619999282717,0,0,27.8,0.0,0
837,1776083839.6623738,19.530030000055376, 0.2374090000785145,0,0,27.8,0.0,0
838,1776083839.6935222,20.39334300002338, 0.23970799998096481,0,0,27.8,0.0,0
839,1776083839.7212124,19.26543499996569, 0.2045809999344783,0,0,27.8,0.0,0
840,1776083839.7545874,22.07446300008087, 0.3057499999385982,0,0,27.8,0.0,0
841,1776083839.7795978,18.858038999951532, 0.2513700000008612,0,0,27.8,0.0,0
842,1776083839.8137186,21.727252000005137, 0.3143610000506669,0,0,27.8,0.0,0
843,1776083839.8396704,18.41412000010223, 0.20479599993450393,0,0,27.8,0.0,0
844,1776083839.8711782,20.315492000008817, 0.230278999993061,0,0,27.8,0.0,0
845,1776083839.9009082,20.567780999954266, 0.28409699996245763,0,0,27.8,0.0,0
846,1776083839.9291825,19.376082000007955, 0.2240020000954246,0,0,27.8,0.0,0
847,1776083839.9604933,20.183463999956075, 0.2375520000441611,0,0,27.8,0.0,0
848,1776083839.9891803,20.20261699999537, 0.20772200002738828,0,0,27.8,0.0,0
849,1776083840.0179179,19.62787800005117, 0.2237809999314777,0,0,27.8,0.0,0
850,1776083840.0496032,20.605492000072445, 0.21754500005499722,0,0,27.8,0.0,0
851,1776083840.0770626,19.301459999951476, 0.20276599991575495,0,0,27.8,0.0,0
852,1776083840.1092136,20.541289999982837, 0.21666199995706847,0,0,27.8,0.0,0
853,1776083840.136581,19.426715999998123, 0.21783900001537404,0,0,27.8,0.0,0
854,1776083840.1686502,20.554018999973778, 0.24207599994952034,0,0,27.8,0.0,0
855,1776083840.1987205,20.635404000017843, 0.22071800003686803,0,0,27.8,0.0,0
856,1776083840.2219517,16.66772100008984, 0.202835000095547,0,0,27.8,0.0,0
857,1776083840.257396,20.847849000006136, 0.21959100001822662,0,0,27.8,0.0,0
858,1776083840.2889965,21.309374999987085, 0.2656080000633665,0,0,27.8,0.0,0
859,1776083840.3119562,16.97295300004953, 0.2033729999766365,0,0,27.8,0.0,0
860,1776083840.3463814,20.569338000086645, 0.22224600002118677,0,0,27.8,0.0,0
861,1776083840.3747594,19.898772000033205, 0.2142950000916244,0,0,27.8,0.0,0
862,1776083840.4060202,20.40572400005658, 0.2819459999727769,0,0,27.8,0.0,0
863,1776083840.4353006,20.121024999980364, 0.26400800004466873,0,0,27.8,0.0,0
864,1776083840.4646795,19.893853000098716, 0.27273800003513315,0,0,27.8,0.0,0
865,1776083840.497048,21.866638000005878, 0.2971900000829919,0,0,27.8,0.0,0
866,1776083840.5232644,18.611693000025298, 0.20639499996377708,0,0,27.8,0.0,0
867,1776083840.5546725,20.318728999995983, 0.2447289999736313,0,0,27.8,0.0,0
868,1776083840.5844357,19.933240000000296, 0.24088999998639338,0,0,27.8,0.0,0
869,1776083840.6141133,20.134149000000434, 0.21424900000965863,0,0,27.8,0.0,0
870,1776083840.6439562,20.111888000087674, 0.21421899998586014,0,0,27.8,0.0,0
871,1776083840.6725738,19.18823699998029, 0.25375799998528237,0,0,27.8,0.0,0
872,1776083840.701782,19.590557000014996, 0.25663300004907796,0,0,27.8,0.0,0
873,1776083840.7329793,20.072310000045945, 0.24565599994730292,0,0,27.8,0.0,0
874,1776083840.7612534,19.594138000002204, 0.2753229999825635,0,0,27.8,0.0,0
875,1776083840.792772,20.887387000016133, 0.2134069999328858,0,0,27.8,0.0,0
876,1776083840.8224382,20.127618999936203, 0.22091899995757558,0,0,27.8,0.0,0
877,1776083840.8503604,19.26959699994768, 0.20979900000384077,0,0,27.8,0.0,0
878,1776083840.8816755,20.291999000050964, 0.25357699996675365,0,0,27.8,0.0,0
879,1776083840.9116256,20.698864999985744, 0.3013120000332492,0,0,27.8,0.0,0
880,1776083840.9389174,18.832604000067477, 0.25135900000350375,0,0,27.8,0.0,0
881,1776083840.9707272,20.601137999960883, 0.24007000001802226,0,0,27.8,0.0,0
882,1776083840.9996974,19.198476999918057, 0.24058000008153613,0,0,27.8,0.0,0
883,1776083841.0315456,21.299385000020266, 0.294000999929267,0,0,27.8,0.0,0
884,1776083841.0569873,17.75741900007688, 0.20506000009845593,0,0,27.8,0.0,0
885,1776083841.0894337,20.59000700000979, 0.21695999998883053,0,0,27.8,0.0,0
886,1776083841.119388,19.82970100004877, 0.2492600000323364,0,0,27.8,0.0,0
887,1776083841.1481073,19.818202999999812, 0.21550499991462857,1,1,27.8,0.0,0
888,1776083841.1782615,20.192956999949274, 0.2177180000444423,0,1,27.8,0.0,0
889,1776083841.46459,19.780849999960992, 257.29938799997853,0,1,27.8,0.0,0
891,1776083841.4681098,0.19236700006786123, 0.3110210000158986,0,1,27.8,0.0,1
892,1776083841.4865818,1.7367589999821575, 0.323111000056997,0,0,27.8,0.0,1
893,1776083841.5183754,0.037446000078489305, 0.27011900010620593,0,0,27.8,0.0,1
894,1776083841.5441103,0.04590399998960493, 0.3432610000118075,0,0,27.8,0.0,1
895,1776083841.5739145,0.04789100000834878, 0.340635999918959,0,0,27.8,0.0,1
896,1776083841.6038837,0.04706300001089403, 0.3411669999877631,0,0,27.8,0.0,1
897,1776083841.6332333,0.04555900000013935, 0.34152099999573693,0,0,27.8,0.0,1
898,1776083841.6630044,0.04442900001322414, 0.33965900001931004,0,0,27.8,0.0,1
899,1776083841.6928132,0.0435389999893232, 0.34501000004638627,0,0,27.8,0.0,1
900,1776083841.722674,0.053290999971977726, 0.36206200002197875,0,0,27.8,0.0,1
901,1776083841.752153,0.04499500005294976, 0.33992699991358677,0,0,27.8,0.0,1
902,1776083841.781943,0.04861399997935223, 0.3388059999451798,0,0,27.8,0.0,1
903,1776083841.8116858,0.050701000077424396, 0.3697770000599121,0,0,27.8,0.0,1
904,1776083841.841253,0.046053999994910555, 0.3434120000065377,0,0,27.8,0.0,1
905,1776083841.871062,0.04391999993913487, 0.33928699997431977,0,0,27.8,0.0,1
906,1776083841.9009304,0.04950300001382857, 0.34071599998242164,0,0,27.8,0.0,1
907,1776083841.9307299,0.06040599998868856, 0.34682800003338343,0,0,27.8,0.0,1
908,1776083841.9602358,0.04749499998979445, 0.3403480000088166,0,0,27.8,0.0,1
909,1776083841.990303,0.04973000000063621, 0.3721059999861609,0,0,27.8,0.0,1
910,1776083842.019738,0.06206299997302267, 0.3557940000291637,0,0,27.8,0.0,1
911,1776083842.0491722,0.04286000000774948, 0.34570900004382565,0,0,27.8,0.0,1
912,1776083842.079036,0.04318800006331003, 0.34216100004869077,0,0,27.8,0.0,1
913,1776083842.1088505,0.048344999981964065, 0.3369410000004791,0,0,27.8,0.0,1
914,1776083842.1387262,0.06082200002310856, 0.3502370000205701,0,0,27.8,0.0,1
915,1776083842.1681771,0.04649000004519621, 0.33800300002440054,0,0,27.8,0.0,1
916,1776083842.1979878,0.044935000005352776, 0.332272999912675,0,0,27.8,0.0,1
917,1776083842.227845,0.05078100002720021, 0.3493540000363282,0,0,27.8,0.0,1
918,1776083842.2572134,0.04939199993714283, 0.340133000008791,0,0,27.8,0.0,1
919,1776083842.2871392,0.04577400000016496, 0.3386199999795281,0,0,27.8,0.0,1
920,1776083842.3169274,0.04580699999223725, 0.33943800008273683,0,0,27.8,0.0,1
921,1776083842.3462658,0.047298999902523065, 0.34852999999657186,0,0,27.8,0.0,1
922,1776083842.3761632,0.04554400004508352, 0.33592900001622183,0,0,27.8,0.0,1
923,1776083842.4059885,0.04491000004236412, 0.34252299997206137,0,0,27.8,0.0,1
924,1776083842.4358451,0.04795300003479497, 0.3339660000847289,0,0,27.8,0.0,1
924,1776083842.483027,17.955931999949826, 0.19898400000784022,0,0,27.8,0.0,0
925,1776083842.5184784,21.640715000103228, 0.23016099999040307,0,0,27.8,0.0,0
926,1776083842.5446033,19.368775999964782, 0.22755700001653167,0,0,27.8,0.0,0
927,1776083842.5757282,20.96642599997267, 0.2893549999498646,0,0,27.8,0.0,0
928,1776083842.6039739,19.43814300000213, 0.2052499999081192,0,0,27.8,0.0,0
929,1776083842.634335,19.91166899995278, 0.2259899999899062,0,0,27.8,0.0,0
930,1776083842.6649761,20.56055399998513, 0.29330500001378823,0,0,27.8,0.0,0
931,1776083842.6924186,19.163198000001103, 0.22791399999277928,0,0,27.8,0.0,0
932,1776083842.7242002,20.657778999975562, 0.21536399992783117,0,0,27.8,0.0,0
933,1776083842.7503324,18.866659999957847, 0.2539660000593358,0,0,27.8,0.0,0
934,1776083842.7828789,20.21438000008402, 0.2239529999314982,0,0,27.8,0.0,0
935,1776083842.8132484,20.34190300003047, 0.21475299990925123,0,0,27.8,0.0,0
936,1776083842.8415604,19.2361350000283, 0.24464500006615708,0,0,27.8,0.0,0
937,1776083842.8730676,21.105593000015688, 0.2915489999395504,0,0,27.8,0.0,0
938,1776083842.901207,19.299667999916892, 0.20600400000603258,0,0,27.8,0.0,0
939,1776083842.9320946,20.418910999978834, 0.22008600001299783,0,0,27.8,0.0,0
940,1776083842.961839,20.59306799992555, 0.28009499999370746,0,0,27.8,0.0,0
941,1776083842.9911988,20.31615300006706, 0.20938000000114698,0,0,27.8,0.0,0
942,1776083843.01972,19.378095999968536, 0.2381890000151543,0,0,27.8,0.0,0
943,1776083843.0505488,20.085820999952375, 0.28199999997013947,0,0,27.8,0.0,0
944,1776083843.0786088,19.261400999994294, 0.21199900004376104,0,0,27.8,0.0,0
945,1776083843.1096976,19.837350999978298, 0.2113560000225334,0,0,27.8,0.0,0
946,1776083843.140467,20.49395300002743, 0.24965899990547769,0,0,27.8,0.0,0
947,1776083843.1684258,18.961173999969105, 0.23187500005406037,0,0,27.8,0.0,0
948,1776083843.1994662,20.454807999954028, 0.251445000003514,0,0,27.8,0.0,0
949,1776083843.2279756,19.391402999985985, 0.20595299997694383,0,0,27.8,0.0,0
950,1776083843.2582686,19.649946999948043, 0.2150450000044657,0,0,27.8,0.0,0
951,1776083843.2896361,21.29945499996211, 0.2742940000644012,0,0,27.8,0.0,0
952,1776083843.3168828,19.004221000045618, 0.22863399999550893,0,0,27.8,0.0,0
953,1776083843.347463,19.72671100008938, 0.222315000087292,0,0,27.8,0.0,0
954,1776083843.3772743,19.99982499989983, 0.22522400001889764,0,0,27.8,0.0,0
955,1776083843.407417,20.478428000046733, 0.23705499995685386,0,0,27.8,0.0,0
956,1776083843.4353738,19.030685999950947, 0.2141620000202238,0,0,27.8,0.0,0
957,1776083843.4661646,20.372258000065813, 0.21284499996454542,0,0,27.8,0.0,0
958,1776083843.498414,21.82429599997704, 0.30883299996276037,0,0,27.8,0.0,0
959,1776083843.5205133,16.416795000054663, 0.23820900003101997,0,0,27.8,0.0,0
960,1776083843.5558178,20.79585900003167, 0.31934200001160207,0,0,27.8,0.0,0
961,1776083843.5857434,20.252721000019847, 0.2130730000544645,0,0,27.8,0.0,0
962,1776083843.613972,18.98163500004557, 0.20479899990277772,0,0,27.8,0.0,0
963,1776083843.6446016,20.095761999982642, 0.2721249999240172,0,0,27.8,0.0,0
964,1776083843.673954,20.045267999989846, 0.205307999976867,0,0,27.8,0.0,0
965,1776083843.7039025,20.041703000060807, 0.2046020000534554,0,0,27.8,0.0,0
966,1776083843.734448,20.040354999991905, 0.2266569999846979,0,0,27.8,0.0,0
967,1776083843.7622612,19.24639699996078, 0.2313019999746757,0,0,27.8,0.0,0
968,1776083843.7931123,19.843563999984326, 0.21449400003348273,0,0,27.8,0.0,0
969,1776083843.8221607,19.79760400001851, 0.20490199995037983,0,0,27.8,0.0,0
970,1776083843.8524299,20.088479000037296, 0.2537470001016118,0,0,27.8,0.0,0
971,1776083843.8824248,19.89219199992931, 0.23341400003573654,0,0,27.8,0.0,0
972,1776083843.9126472,20.320776000062324, 0.24894499995298247,0,0,27.8,0.0,0
973,1776083843.940797,19.508307000023706, 0.20630900007745367,0,0,27.8,0.0,0
974,1776083843.9713013,20.170176999954492, 0.22504000003209512,0,0,27.8,0.0,0
975,1776083844.000227,19.070962999990115, 0.24717199994483963,0,0,27.8,0.0,0
976,1776083844.0318832,20.628434999935052, 0.22115100000519305,0,0,27.8,0.0,0
977,1776083844.0593383,18.92036200001712, 0.2302099999269558,0,0,27.8,0.0,0
978,1776083844.0901756,20.02644800006692, 0.2064109999082575,0,0,27.8,0.0,0
979,1776083844.1202526,19.75878100006412, 0.2308680000169261,0,0,27.8,0.0,0
980,1776083844.1489341,19.32055899999341, 0.20452000001114357,0,0,27.8,0.0,0
981,1776083844.1792233,19.683128999986366, 0.22425599991038325,0,0,27.8,0.0,0
982,1776083844.2097056,20.371653999973205, 0.24896299998999893,0,0,27.8,0.0,0
983,1776083844.2382793,19.338837999953284, 0.2200380000658697,0,0,27.8,0.0,0
984,1776083844.2685215,20.057305000023007, 0.23356600001989136,0,0,27.8,0.0,0
985,1776083844.2983053,20.062490999976035, 0.29602299991893233,0,0,27.8,0.0,0
986,1776083844.3275807,19.690196999931686, 0.2433170000131213,0,0,27.8,0.0,0
987,1776083844.3574653,19.93620199993984, 0.25111799993737804,0,0,27.8,0.0,0
988,1776083844.3866873,19.604550999929415, 0.2083980000406882,0,0,27.8,0.0,0
989,1776083844.4174392,20.523109000009754, 0.295693999987634,0,0,27.8,0.0,0
990,1776083844.4472644,20.047049000027073, 0.2290459999585437,0,0,27.8,0.0,0
991,1776083844.475894,19.439200000078927, 0.2063170001065373,0,0,27.8,0.0,0
992,1776083844.5056298,19.556030999979157, 0.22463499999503256,0,0,27.8,0.0,0
993,1776083844.5365949,21.11179999997148, 0.2314729999852716,0,0,27.8,0.0,0
994,1776083844.5649123,19.431572000030428, 0.20945099993241456,0,0,27.8,0.0,0
995,1776083844.5953987,19.975784000052954, 0.2575969999725203,0,0,27.8,0.0,0
996,1776083844.625289,20.01860600000782, 0.21301300000686751,0,0,27.8,0.0,0
997,1776083844.6547334,19.737104000000727, 0.23200999999062333,0,0,27.8,0.0,0
998,1776083844.6851482,20.26331400008985, 0.20278900001358124,0,0,27.8,0.0,0
999,1776083844.713733,19.363150999993195, 0.20507600004293636,0,0,27.8,0.0,0
1000,1776083844.7442126,20.451189000027625, 0.3131639999764957,0,0,27.8,0.0,0
1001,1776083844.7741597,20.042880000005425, 0.2030599999898186,0,0,27.8,0.0,0
1002,1776083844.803782,20.49210600000606, 0.22092200003953621,0,0,27.8,0.0,0
1003,1776083844.832795,19.579518000000462, 0.21886100000756414,0,0,27.8,0.0,0
1004,1776083844.8593457,18.297047000032762, 0.20701500000086526,0,0,27.8,0.0,0
1005,1776083844.8934653,20.79715299998952, 0.22014099999978498,0,0,27.8,0.0,0
1006,1776083844.9224565,20.02761100004591, 0.2241639999738254,0,0,27.8,0.0,0
1007,1776083844.9476929,17.613233000020045, 0.21131599999080208,0,0,27.8,0.0,0
1008,1776083844.9831886,21.60602299989023, 0.3311769999072567,0,0,27.8,0.0,0
1009,1776083845.014479,20.851162000099066, 0.25392999998530286,0,0,27.8,0.0,0
1010,1776083845.0413334,18.741843000043445, 0.2269369999794435,0,0,27.8,0.0,0
1011,1776083845.0709538,19.74597499997799, 0.21819400001277245,0,0,27.8,0.0,0
1012,1776083845.1012714,20.57421900008194, 0.24307299997872178,0,0,27.8,0.0,0
1013,1776083845.1329513,20.440029999917897, 0.219517999994423,1,1,27.8,0.0,0
1014,1776083845.18516,22.794021999970937, 0.24658600000293518,1,1,27.8,0.0,0
1015,1776083845.4598708,16.132847999983824, 257.0884550000301,5,5,27.8,0.0,0
1017,1776083845.4639611,0.40419000004021655, 0.23698199993305025,0,5,27.8,0.0,1
1018,1776083845.465459,0.18122400001630012, 0.204449000079876,0,5,27.8,0.0,1
1019,1776083845.4980226,1.8568640000466985, 0.30671000001802895,0,5,27.8,0.0,1
1020,1776083845.5304883,0.33168000004479836, 0.3091480000421143,0,0,27.8,0.0,1
1021,1776083845.5558307,0.04525299993929366, 0.3450979999115589,0,0,27.8,0.0,1
1022,1776083845.5856168,0.05062799993993394, 0.3559550000318268,0,0,27.8,0.0,1
1023,1776083845.6151161,0.04398499993385485, 0.33577599992895557,0,0,27.8,0.0,1
1024,1776083845.6449237,0.046166000061020895, 0.33973699999023665,0,0,27.8,0.0,1
1025,1776083845.6746452,0.05033100001128332, 0.3629330000194386,0,0,27.8,0.0,1
1026,1776083845.7041051,0.047819999963394366, 0.36790000001474255,0,0,27.8,0.0,1
1027,1776083845.7338793,0.04441099997620768, 0.3602580000006128,0,0,27.8,0.0,1
1028,1776083845.7632704,0.04621699997642281, 0.37701100006870547,0,0,27.8,0.0,1
1029,1776083845.7934508,0.04823500000838976, 0.37845899998956156,0,0,27.8,0.0,1
1030,1776083845.8226082,0.04277900006854907, 0.3674429999591666,0,0,27.8,0.0,1
1031,1776083845.8528645,0.047820000077081204, 0.36005499998736923,0,0,27.8,0.0,1
1032,1776083845.88284,0.04850000004807953, 0.36394199992173526,0,0,27.8,0.0,1
1033,1776083845.912376,0.04261399999450077, 0.3560320000133288,0,0,27.8,0.0,1
1034,1776083845.9420106,0.0462549999156181, 0.3401149999717745,0,0,27.8,0.0,1
1035,1776083845.971901,0.04582900010063895, 0.3394770000113567,0,0,27.8,0.0,1
1036,1776083846.001749,0.057975999993686855, 0.3500820000681415,0,0,27.8,0.0,1
1037,1776083846.0311193,0.043537000010474, 0.3437899999880756,0,0,27.8,0.0,1
1038,1776083846.0611281,0.051125000027241185, 0.38006900001619215,0,0,27.8,0.0,1
1039,1776083846.0907722,0.042803000042113126, 0.34934399991470855,0,0,27.8,0.0,1
1040,1776083846.1202047,0.04822599998988153, 0.34605400003329123,0,0,27.8,0.0,1
1041,1776083846.150044,0.04324799999722018, 0.341467999987799,0,0,27.8,0.0,1
1042,1776083846.1798427,0.04592200002662139, 0.3440519999458047,0,0,27.8,0.0,1
1043,1776083846.2093384,0.044471999899542425, 0.33544699999765726,0,0,27.8,0.0,1
1044,1776083846.2391827,0.04813399993963685, 0.3351889999976265,0,0,27.8,0.0,1
1045,1776083846.2690501,0.04389599996557081, 0.3473589999885007,0,0,27.8,0.0,1
1046,1776083846.298861,0.04752600000301754, 0.3482270000176868,0,0,27.8,0.0,1
1047,1776083846.3286455,0.050271999953110935, 0.3689700000677476,0,0,27.8,0.0,1
1048,1776083846.358119,0.04618299999492592, 0.33882599996104545,0,0,27.8,0.0,1
1049,1776083846.387927,0.04830499995023274, 0.34081800004059914,0,0,27.8,0.0,1
1050,1776083846.4175885,0.049871999976858206, 0.36516000000119675,0,0,27.8,0.0,1
1050,1776083846.47742,30.937634999986585, 0.21271100001740706,0,0,27.8,0.0,0
1051,1776083846.5312808,23.0104529999835, 0.3435040000567824,0,0,27.8,0.0,0
1052,1776083846.5581415,20.738614999913807, 0.29468499997165054,0,0,27.8,0.0,0
1053,1776083846.5848868,18.747926000060033, 0.2047710000852021,0,0,27.8,0.0,0
1054,1776083846.617293,21.145165999996607, 0.31052299993916677,0,0,27.8,0.0,0
1055,1776083846.645489,19.338089999905606, 0.2276720000509158,0,0,27.8,0.0,0
1056,1776083846.6764631,20.861189000015656, 0.22677499998735584,0,0,27.8,0.0,0
1057,1776083846.70454,19.30656000001818, 0.22606799996083282,0,0,27.8,0.0,0
1058,1776083846.7350678,20.149074999949335, 0.29344900008254626,0,0,27.8,0.0,0
1059,1776083846.7645612,19.371368999941296, 0.2505329999848982,0,0,27.8,0.0,0
1060,1776083846.7946303,20.412501999999222, 0.30543700006546715,0,0,27.8,0.0,0
1061,1776083846.8233228,19.38463299995874, 0.22544999990259385,0,0,27.8,0.0,0
1062,1776083846.8559618,21.704397999997127, 0.31483800000842166,0,0,27.8,0.0,0
1063,1776083846.8822649,18.748530999914692, 0.2588720000176181,0,0,27.8,0.0,0
1064,1776083846.9143786,21.33813399996143, 0.305180000054861,0,0,27.8,0.0,0
1065,1776083846.9420073,19.025136999971437, 0.21585900003628922,0,0,27.8,0.0,0
1066,1776083846.9735243,20.69959799996468, 0.21991599999182654,0,0,27.8,0.0,0
1067,1776083847.0026338,19.48258300001271, 0.2731680000351844,0,0,27.8,0.0,0
1068,1776083847.0322132,19.944942000051924, 0.21008299995628477,0,0,27.8,0.0,0
1069,1776083847.0621421,20.263673999920684, 0.2041120000058072,0,0,27.8,0.0,0
1070,1776083847.0915678,19.75432999995519, 0.2258050000136791,0,0,27.8,0.0,0
1071,1776083847.119326,19.069073999958164, 0.23729199995159433,0,0,27.8,0.0,0
1072,1776083847.151063,20.361238999953457, 0.21699199999147822,0,0,27.8,0.0,0
1073,1776083847.1806486,19.988000000012107, 0.2721410000958713,0,0,27.8,0.0,0
1074,1776083847.2103772,19.798175999994783, 0.2451609999525317,0,0,27.8,0.0,0
1075,1776083847.2400825,19.462051000004976, 0.20341499998721702,0,0,27.8,0.0,0
1076,1776083847.27263,20.06111199989391, 0.2874909999945885,0,0,27.8,0.0,0
1077,1776083847.300601,19.79383399998369, 0.2110359999960565,0,0,27.8,0.0,0
1078,1776083847.3253357,17.300768999916727, 0.20359600000574574,0,0,27.8,0.0,0
1079,1776083847.3592129,20.78080299997964, 0.21790899995721702,0,0,27.8,0.0,0
1080,1776083847.388318,19.937854999966476, 0.2325970000356392,0,0,27.8,0.0,0
1081,1776083847.418452,20.320322999964446, 0.2757360000487097,0,0,27.8,0.0,0
1082,1776083847.4439135,17.994541999996727, 0.2033670000400889,0,0,27.8,0.0,0
1083,1776083847.4783363,21.048478000011528, 0.2147699999568431,0,0,27.8,0.0,0
1084,1776083847.5078452,20.71124899998722, 0.28173400005471194,0,0,27.8,0.0,0
1085,1776083847.5325599,17.46872900002927, 0.22466400002940645,0,0,27.8,0.0,0
1086,1776083847.5669875,20.951554000021133, 0.22645599995030352,0,0,27.8,0.0,0
1087,1776083847.5969737,20.113573999992695, 0.2179449999175631,0,0,27.8,0.0,0
1088,1776083847.6262887,19.666073000053075, 0.2298929999824395,0,0,27.8,0.0,0
1089,1776083847.6563237,20.069668000019192, 0.22514700003739563,0,0,27.8,0.0,0
1090,1776083847.6856716,19.790305000014996, 0.2625280000074781,0,0,27.8,0.0,0
1091,1776083847.7165883,20.79703399999744, 0.3097190000289629,0,0,27.8,0.0,0
1092,1776083847.7457998,19.996100000071237, 0.28108199990128924,0,0,27.8,0.0,0
1093,1776083847.774657,19.375986999989436, 0.2608380000310717,0,0,27.8,0.0,0
1094,1776083847.8056118,20.983602000001156, 0.29071100004784967,0,0,27.8,0.0,0
1095,1776083847.8296325,17.33478500000274, 0.20587500000601722,0,0,27.8,0.0,0
1096,1776083847.8648796,21.230964999972457, 0.21338800002013159,0,0,27.8,0.0,0
1097,1776083847.895426,21.3226719999966, 0.30976100003954343,0,0,27.8,0.0,0
1098,1776083847.923047,19.086474000005182, 0.19702400004462106,0,0,27.8,0.0,0
1099,1776083847.9524493,19.496348999950897, 0.22733499997684703,0,0,27.8,0.0,0
1100,1776083847.984805,21.28271800006587, 0.21273400000154652,0,0,27.8,0.0,0
1101,1776083848.011539,19.400116000042544, 0.26958399996601656,0,0,27.8,0.0,0
1102,1776083848.0427127,20.44211199995516, 0.21878900008687197,0,0,27.8,0.0,0
1103,1776083848.0711138,19.349348999980975, 0.20308999989993026,0,0,27.8,0.0,0
1104,1776083848.1025846,20.08713300006093, 0.2678380000133984,0,0,27.8,0.0,0
1105,1776083848.1330743,20.62810100005663, 0.22644700004548213,0,0,27.8,0.0,0
1106,1776083848.1593199,18.352307999975892, 0.20514800007731537,0,0,27.8,0.0,0
1107,1776083848.1913817,20.139083000003666, 0.21841099999164726,0,0,27.8,0.0,0
1108,1776083848.2195704,19.64847900001132, 0.24269400000775931,0,0,27.8,0.0,0
1109,1776083848.250501,19.90245699994375, 0.22676900005080824,0,0,27.8,0.0,0
1110,1776083848.2811353,20.690441000056126, 0.21823199995196774,0,0,27.8,0.0,0
1111,1776083848.3061,17.8773509999246, 0.25726299998041213,0,0,27.8,0.0,0
1112,1776083848.3406286,20.754767999960677, 0.2503550000483301,0,0,27.8,0.0,0
1113,1776083848.3692143,19.821421999949962, 0.20746899997448054,0,0,27.8,0.0,0
1114,1776083848.3987794,19.849139999905674, 0.22743900001387374,0,0,27.8,0.0,0
1115,1776083848.429613,20.519489000093927, 0.2678429999605214,0,0,27.8,0.0,0
1116,1776083848.4574852,19.027140000048348, 0.22435699997913616,0,0,27.8,0.0,0
1117,1776083848.4899147,21.473402000083297, 0.2950850000615901,0,0,27.8,0.0,0
1118,1776083848.5130208,17.03150799994546, 0.20291399994221138,0,0,27.8,0.0,0
1119,1776083848.54729,19.96175099998254, 0.2189489999864236,0,0,27.8,0.0,0
1120,1776083848.5775936,20.306516000005104, 0.22990599995864613,0,0,27.8,0.0,0
1121,1776083848.6072958,20.3538700000081, 0.2786669999750302,0,0,27.8,0.0,0
1122,1776083848.6360743,19.05816400005733, 0.21757299998625967,0,0,27.8,0.0,0
1123,1776083848.6664424,20.07180900000094, 0.23557600002277468,0,0,27.8,0.0,0
1124,1776083848.695612,19.762184999990495, 0.24838100000579288,0,0,27.8,0.0,0
1125,1776083848.7273598,21.0292300000674, 0.3055940001104318,0,0,27.8,0.0,0
1126,1776083848.75448,19.062829000063175, 0.2833460000601917,0,0,27.8,0.0,0
1127,1776083848.785375,20.368101000030947, 0.22831800004041725,0,0,27.8,0.0,0
1128,1776083848.8152163,19.681050000031064, 0.20609800003512646,0,0,27.8,0.0,0
1129,1776083848.844027,19.47372600000108, 0.2250759999924412,0,0,27.8,0.0,0
1130,1776083848.8741693,19.778111999926296, 0.2217290000317007,0,0,27.8,0.0,0
1131,1776083848.9036083,19.548652000025868, 0.22216599995772413,0,0,27.8,0.0,0
1132,1776083848.9343915,20.907544000010603, 0.2989780000461906,0,0,27.8,0.0,0
1133,1776083848.9633064,19.60494299999027, 0.23036400000364665,0,0,27.8,0.0,0
1134,1776083848.9941306,20.517691999998533, 0.20755700006702682,0,0,27.8,0.0,0
1135,1776083849.0217817,18.992080999964855, 0.20717800009606435,0,0,27.8,0.0,0
1136,1776083849.0535982,20.50479699994412, 0.25572899994585896,0,0,27.8,0.0,0
1137,1776083849.0821204,19.281288999991375, 0.2227090000133103,0,0,27.8,0.0,0
1138,1776083849.111184,19.32675399996242, 0.2314449999403223,0,0,27.8,0.0,0
1139,1776083849.1409707,19.791467999993984, 0.21383599994351243,0,0,27.8,0.0,0
1140,1776083849.171668,20.191401000033693, 0.2422600000500097,0,0,27.8,0.0,0
1141,1776083849.2025626,20.687243999987004, 0.22180000007665512,0,0,27.8,0.0,0
1142,1776083849.2317085,20.22020499998689, 0.24683899994215608,0,0,27.8,0.0,0
1143,1776083849.2601523,19.355562999976428, 0.20503799999005423,0,0,27.8,0.0,0
1144,1776083849.2963579,25.510981000024913, 0.22452100006375986,0,0,27.8,0.0,0
1145,1776083849.3519695,22.50153899990437, 0.2960760000405571,0,0,27.8,0.0,0
1146,1776083849.3700292,16.278476000024966, 0.20733600001676677,0,0,27.8,0.0,0
1147,1776083849.3834662,11.750171000016962, 0.2098020000858014,0,0,27.8,0.0,0
1148,1776083849.4017408,12.218581999945854, 0.20731100005377812,0,0,27.8,0.0,0
1149,1776083849.4385498,20.301244999927803, 0.21699800004171266,0,0,27.8,0.0,0
1150,1776083849.4686232,19.882559000052424, 0.25001100004828913,0,0,27.8,0.0,0
1151,1776083849.4981823,19.873353999969368, 0.22635400000581285,0,0,27.8,0.0,0
1152,1776083849.5280046,19.92896000001565, 0.22821499999281514,0,0,27.8,0.0,0
1153,1776083849.559657,19.652082999982667, 0.23620499996468425,0,0,27.8,0.0,0
1154,1776083849.5882988,19.510031000095296, 0.23419299998295173,0,0,27.8,0.0,0
1155,1776083849.6177323,19.82621599995582, 0.2518890000828833,0,0,27.8,0.0,0
1156,1776083849.6434026,17.969366999977865, 0.22060900005271833,0,0,27.8,0.0,0
1157,1776083849.6773164,20.417266999970707, 0.2197659999865209,0,0,27.8,0.0,0
1158,1776083849.7070134,20.175636999965718, 0.21392499991179648,0,0,27.8,0.0,0
1159,1776083849.7364275,19.955245999994986, 0.23908299999675364,0,0,27.8,0.0,0
1160,1776083849.7613947,17.687768999962827, 0.22291599998425227,0,0,27.8,0.0,0
1161,1776083849.7957442,20.593335000057778, 0.27277799995317764,0,0,27.8,0.0,0
1162,1776083849.8263998,20.791515000041727, 0.2316899999641464,0,0,27.8,0.0,0
1163,1776083849.851756,18.32282199995916, 0.21389099993029959,0,0,27.8,0.0,0
1164,1776083849.8862796,21.2214910000057, 0.22196899999471498,0,0,27.8,0.0,0
1165,1776083849.9104474,17.823742000018683, 0.22731100000328297,0,0,27.8,0.0,0
1166,1776083849.9447758,20.739122000009047, 0.3281350000179373,0,0,27.8,0.0,0
1167,1776083849.9741993,20.116011000027356, 0.22892699996646115,0,0,27.8,0.0,0
1168,1776083850.0041301,20.224568000003273, 0.21109099998284364,0,0,27.8,0.0,0
1169,1776083850.032736,19.36348399999588, 0.2038900000798094,0,0,27.8,0.0,0
1170,1776083850.062559,19.623935000026904, 0.24714899996070017,0,0,27.8,0.0,0
1171,1776083850.0947309,21.675017000006847, 0.2623520000497592,0,0,27.8,0.0,0
1172,1776083850.1221948,19.105222000007416, 0.205028999971546,0,0,27.8,0.0,0
1173,1776083850.1527944,20.163073000048826, 0.2570290000676323,0,0,27.8,0.0,0
1174,1776083850.1826289,20.395015000076455, 0.2417419999574122,0,0,27.8,0.0,0
1175,1776083850.2111847,19.520445000011932, 0.20637299996906222,0,0,27.8,0.0,0
1176,1776083850.2386763,18.935701000032168, 0.24538499997106555,0,0,27.8,0.0,0
1177,1776083850.2724493,20.629116999998587, 0.2582029999302904,0,0,27.8,0.0,0
1178,1776083850.3009465,19.91206900004272, 0.2285179999717002,0,0,27.8,0.0,0
1179,1776083850.3304822,19.869877000019187, 0.24163600005522312,0,0,27.8,0.0,0
1180,1776083850.356312,17.976118999968094, 0.20318800000040937,0,0,27.8,0.0,0
1181,1776083850.3900557,20.179106000000502, 0.21538500004680827,0,0,27.8,0.0,0
1182,1776083850.419719,19.687095999984194, 0.21140399996966153,0,0,27.8,0.0,0
1183,1776083850.44871,19.700690000036047, 0.21701900004700292,0,0,27.8,0.0,0
1184,1776083850.4760106,18.76402900006724, 0.2045009999847025,0,0,27.8,0.0,0
1185,1776083850.5092194,20.832260000020142, 0.22035700010292203,0,0,27.8,0.0,0
1186,1776083850.5391655,20.328885000026276, 0.22652400002698414,0,0,27.8,0.0,0
1187,1776083850.5672448,19.40766600000643, 0.2301680000300621,0,0,27.8,0.0,0
1188,1776083850.5984163,20.29836899998827, 0.2310030000671759,0,0,27.8,0.0,0
1189,1776083850.6271017,19.60531700001411, 0.20353100001102575,0,0,27.8,0.0,0
1190,1776083850.6571157,19.896633000030306, 0.2118159999326963,0,0,27.8,0.0,0
1191,1776083850.6868956,19.795853999994506, 0.29699500009883195,0,0,27.8,0.0,0
1192,1776083850.7172222,20.23581399998875, 0.2159590000019307,0,0,27.8,0.0,0
1193,1776083850.7437139,18.650857000011456, 0.20568399997955567,0,0,27.8,0.0,0
1194,1776083850.7768166,20.300046999977894, 0.23047599995607015,0,0,27.8,0.0,0
1195,1776083850.8051314,19.806599000048664, 0.20169499998701212,0,0,27.8,0.0,0
1196,1776083850.8353748,19.751627999994525, 0.23650800005725614,0,0,27.8,0.0,0
1197,1776083850.86507,19.630804000030366, 0.21464899998591136,0,0,27.8,0.0,0
1198,1776083850.8956094,20.167395000044053, 0.21640399995703774,0,0,27.8,0.0,0
1199,1776083850.925131,20.27376399996683, 0.20473899996886757,0,0,27.8,0.0,0
1200,1776083850.9510987,18.28747900003691, 0.20060899998952664,0,0,27.8,0.0,0
1201,1776083850.984063,21.678283000028387, 0.20399400000314927,0,0,27.8,0.0,0
1202,1776083851.0134583,19.98117400000865, 0.2240800000663512,0,0,27.8,0.0,0
1203,1776083851.0433102,20.01721700003145, 0.22399800002403936,0,0,27.8,0.0,0
1204,1776083851.073028,20.013774999938505, 0.2053010000508948,0,0,27.8,0.0,0
1205,1776083851.102952,20.216551000089567, 0.218531999962579,0,0,27.8,0.0,0
1206,1776083851.1287308,18.13697400007186, 0.2181739999969068,0,0,27.8,0.0,0
1207,1776083851.1625466,20.564797000020008, 0.24966599994513672,0,0,27.8,0.0,0
1208,1776083851.1930099,20.367799000041487, 0.22166700000525452,0,0,27.8,0.0,0
1209,1776083851.2218356,20.004036000045744, 0.23591100000430743,0,0,27.8,0.0,0
1210,1776083851.25249,20.164177999959065, 0.3248479999911069,0,0,27.8,0.0,0
1211,1776083851.2805626,19.21585499997036, 0.24149700004727492,0,0,27.8,0.0,0
1212,1776083851.3107224,19.917776999932357, 0.22906699996383395,0,0,27.8,0.0,0
1213,1776083851.3416991,20.739285000104246, 0.21144100003311905,0,0,27.8,0.0,0
1214,1776083851.3708665,19.848326999976962, 0.21514499997010716,0,0,27.8,0.0,0
1215,1776083851.3998811,19.331862999933946, 0.22314900002129434,0,0,27.8,0.0,0
1216,1776083851.4299064,20.52133600000161, 0.22509099994749704,0,0,27.8,0.0,0
1217,1776083851.45813,18.801766000024145, 0.20430400002169335,0,0,27.8,0.0,0
1218,1776083851.4897678,20.63683000005767, 0.2503260000139562,0,0,27.8,0.0,0
1219,1776083851.5189016,20.171802000049865, 0.20584300000336953,0,0,27.8,0.0,0
1220,1776083851.5456955,18.60904099999061, 0.2332970000225032,0,0,27.8,0.0,0
1221,1776083851.5797803,21.1671380000098, 0.23225200004617363,0,0,27.8,0.0,0
1222,1776083851.6087153,19.93910000010146, 0.2109729999801857,0,0,27.8,0.0,0
1223,1776083851.6381643,19.88372599998911, 0.22490200001357152,0,0,27.8,0.0,0
1224,1776083851.6664968,18.99857900002644, 0.23809900005744566,0,0,27.8,0.0,0
1225,1776083851.6975577,20.269917999939935, 0.22087499996814586,0,0,27.8,0.0,0
1226,1776083851.7270193,20.020971000008103, 0.21187999993799167,0,0,27.8,0.0,0
1227,1776083851.7570007,20.189090000030774, 0.287932000105684,0,0,27.8,0.0,0
1228,1776083851.786147,19.55049000002873, 0.20526599996628647,0,0,27.8,0.0,0
1229,1776083851.8157086,19.713506000016423, 0.24840900005074218,0,0,27.8,0.0,0
1230,1776083851.8488925,22.29316000000381, 0.2932719999080291,0,0,27.8,0.0,0
1231,1776083851.8746898,18.613889999983257, 0.2437790000158202,0,0,27.8,0.0,0
1232,1776083851.9053335,20.34077099995102, 0.26299200010271306,0,0,27.8,0.0,0
1233,1776083851.935252,19.80637700000898, 0.22952099993744923,0,0,27.8,0.0,0
1234,1776083851.964646,19.681358999946497, 0.2184249999572785,0,0,27.8,0.0,0
1235,1776083851.9957273,21.22260400005871, 0.22048599998925056,0,0,27.8,0.0,0
1236,1776083852.0242896,19.597542000042267, 0.2397419999624617,0,0,27.8,0.0,0
1237,1776083852.054401,20.233238999935566, 0.3091639999865947,0,0,27.8,0.0,0
1238,1776083852.082099,18.99937400003182, 0.20718700000088575,0,0,27.8,0.0,0
1239,1776083852.1125555,19.816683000044577, 0.24281000003156805,0,0,27.8,0.0,0
1240,1776083852.1439755,20.778215999939675, 0.21861700008685148,0,0,27.8,0.0,0
1241,1776083852.1720932,19.0568020000228, 0.20416400002432056,0,0,27.8,0.0,0
1242,1776083852.20246,19.869468000024426, 0.2770879999616227,0,0,27.8,0.0,0
1243,1776083852.2311327,19.664283999986765, 0.2066360000299028,0,0,27.8,0.0,0
1244,1776083852.2596755,19.32676100000208, 0.2550000000383079,0,0,27.8,0.0,0
1245,1776083852.291556,20.412169999985963, 0.2629479999995965,0,0,27.8,0.0,0
1246,1776083852.3213348,19.975614000031783, 0.2179990000286125,0,0,27.8,0.0,0
1247,1776083852.351718,20.479095000041525, 0.21707700000206387,0,0,27.8,0.0,0
1248,1776083852.3793645,18.964275000030284, 0.22338100006891182,0,0,27.8,0.0,0
1249,1776083852.4098213,20.37357900007919, 0.21480600003087602,0,0,27.8,0.0,0
1250,1776083852.4405866,20.35603000001629, 0.22501800003738026,0,0,27.8,0.0,0
1251,1776083852.4677467,18.923673000017516, 0.22147399999994377,0,0,27.8,0.0,0
1252,1776083852.4997613,20.682472999965285, 0.25806300004660443,0,0,27.8,0.0,0
1253,1776083852.5282218,19.681578000017907, 0.2299589999665841,0,0,27.8,0.0,0
1254,1776083852.5585825,19.962575000022298, 0.2383659999622978,1,1,27.8,0.0,0
1255,1776083852.5893972,20.417979999933777, 0.24267699996016745,0,1,27.8,0.0,0
1256,1776083852.8746936,19.493777999969097, 256.79051099996286,0,1,27.8,0.0,0
1258,1776083852.8776925,0.2132880000544901, 0.3077420000181519,0,1,27.8,0.0,1
1259,1776083852.894831,0.23232000000916742, 0.3368750000163345,0,0,27.8,0.0,1
1260,1776083852.926263,1.5939060000391692, 0.3506619999598115,0,0,27.8,0.0,1
1261,1776083852.9587953,0.035304999983054586, 0.26215200000478944,0,0,27.8,0.0,1
1262,1776083852.984162,0.047854999934315856, 0.3814550000242889,0,0,27.8,0.0,1
1263,1776083853.0136757,0.041677000012896315, 0.3635880000274483,0,0,27.8,0.0,1
1264,1776083853.0435617,0.05209100004321954, 0.3653859999985798,0,0,27.8,0.0,1
1265,1776083853.0733688,0.047866999921097886, 0.41982300001564,0,0,27.8,0.0,1
1266,1776083853.1030922,0.046419999989666394, 0.3862449999587625,0,0,27.8,0.0,1
1267,1776083853.13256,0.046943000029386894, 0.38053899993428786,0,0,27.8,0.0,1
1268,1776083853.1627183,0.04512399993927829, 0.37379600007625413,0,0,27.8,0.0,1
1269,1776083853.1925426,0.049850999971567944, 0.3873960000646548,0,0,27.8,0.0,1
1270,1776083853.2217789,0.04386399996292312, 0.34514100002525083,0,0,27.8,0.0,1
1271,1776083853.2514853,0.04699199996593961, 0.3793199999790886,0,0,27.8,0.0,1
1272,1776083853.281247,0.04608300002928445, 0.38183499998467596,0,0,27.8,0.0,1
1273,1776083853.3108852,0.043318000052749994, 0.3634440000723771,0,0,27.8,0.0,1
1274,1776083853.3406193,0.04254199996012176, 0.3624700000273151,0,0,27.8,0.0,1
1275,1776083853.3709722,0.04614800002400443, 0.3636280000591796,0,0,27.8,0.0,1
1276,1776083853.4007902,0.04544600005829125, 0.33630900009029574,0,0,27.8,0.0,1
1277,1776083853.4302487,0.04547800006093894, 0.33868699995309726,0,0,27.8,0.0,1
1278,1776083853.4600015,0.0427610000315326, 0.3405470000643618,0,0,27.8,0.0,1
1279,1776083853.4897282,0.056198000038421014, 0.3429780000487881,0,0,27.8,0.0,1
1280,1776083853.519642,0.050432999955773994, 0.35993199992390146,0,0,27.8,0.0,1
1281,1776083853.5491693,0.04244299998390488, 0.33424399998693843,0,0,27.8,0.0,1
1282,1776083853.5789118,0.04520599998159014, 0.33844199992927315,0,0,27.8,0.0,1
1283,1776083853.6087272,0.06115099995440687, 0.3418329999931302,0,0,27.8,0.0,1
1284,1776083853.6382263,0.04374300010567822, 0.3383380000059333,0,0,27.8,0.0,1
1285,1776083853.6680532,0.04332100002102379, 0.34114100003534986,0,0,27.8,0.0,1
1286,1776083853.6978183,0.04553799999484909, 0.34371300000657357,0,0,27.8,0.0,1
1287,1776083853.727762,0.04532800005563331, 0.33815300002970616,0,0,27.8,0.0,1
1288,1776083853.7571776,0.04252899998391513, 0.34343099991929193,0,0,27.8,0.0,1
1289,1776083853.7868876,0.04635400000552181, 0.3383780000376646,0,0,27.8,0.0,1
1290,1776083853.8168557,0.04590399998960493, 0.344984000093973,0,0,27.8,0.0,1
1291,1776083853.8463404,0.045814999907634046, 0.3434860000197659,0,0,27.8,0.0,1
1291,1776083853.8939917,18.20344700001897, 0.20816899996134453,0,0,27.8,0.0,0
1292,1776083853.9316902,21.59816200003206, 0.2723669999795675,0,0,27.8,0.0,0
1293,1776083853.9559672,18.728501000055076, 0.20328400000835245,0,0,27.8,0.0,0
1294,1776083853.9822779,18.089311000039743, 0.2419209999970917,0,0,27.8,0.0,0
1295,1776083854.016227,21.10776300003181, 0.22951200003262784,0,0,27.8,0.0,0
1296,1776083854.045134,19.972068000015497, 0.20180000001346343,0,0,27.8,0.0,0
1297,1776083854.071517,18.697468000027584, 0.26113599994914694,0,0,27.8,0.0,0
1298,1776083854.1053295,20.503433999920162, 0.21917900005519186,0,0,27.8,0.0,0
1299,1776083854.134344,19.987674000049083, 0.21567099997810146,0,0,27.8,0.0,0
1300,1776083854.1620734,18.911481000031927, 0.2037870000322073,0,0,27.8,0.0,0
1301,1776083854.1937935,20.364561999940634, 0.20950199996150332,0,0,27.8,0.0,0
1302,1776083854.2220676,18.98366900002202, 0.20311399998718116,0,0,27.8,0.0,0
1303,1776083854.25248,20.006731999956173, 0.2281309999716541,0,0,27.8,0.0,0
1304,1776083854.2825108,19.743981000033273, 0.21693899998354027,0,0,27.8,0.0,0
1305,1776083854.3123097,19.587699999988217, 0.2326320000065607,0,0,27.8,0.0,0
1306,1776083854.3423772,19.9647570000252, 0.23700999997799954,0,0,27.8,0.0,0
1307,1776083854.3713877,19.554361000018616, 0.21932599997853686,0,0,27.8,0.0,0
1308,1776083854.4022956,20.87056699997447, 0.218389999986357,0,0,27.8,0.0,0
1309,1776083854.4304638,19.217971000102807, 0.22886399995059037,0,0,27.8,0.0,0
1310,1776083854.460225,19.667972999968697, 0.22910999996383907,0,0,27.8,0.0,0
1311,1776083854.4920814,20.670156000051065, 0.2198560000579164,0,0,27.8,0.0,0
1312,1776083854.5195138,19.330317000026298, 0.2784780000411047,0,0,27.8,0.0,0
1313,1776083854.5505702,20.40224200004559, 0.21313199999895005,0,0,27.8,0.0,0
1314,1776083854.5799496,19.90144900003088, 0.20566200009852764,0,0,27.8,0.0,0
1315,1776083854.6096828,19.858760999909464, 0.21429200000966375,0,0,27.8,0.0,0
1316,1776083854.6385462,19.241695000005166, 0.2684270000372635,0,0,27.8,0.0,0
1317,1776083854.6681755,19.551567999997133, 0.20492900000590453,0,0,27.8,0.0,0
1318,1776083854.6997535,20.770827999967878, 0.24341599998933816,0,0,27.8,0.0,0
1319,1776083854.7254543,18.338975999995455, 0.2169539999385961,0,0,27.8,0.0,0
1320,1776083854.7603798,22.178509000013946, 0.31013000000257307,0,0,27.8,0.0,0
1321,1776083854.7873247,18.830513000011706, 0.230978999979925,0,0,27.8,0.0,0
1322,1776083854.8173587,19.724016999930427, 0.22987299996657384,0,0,27.8,0.0,0
1323,1776083854.8480701,20.550183999944238, 0.2121679999618209,0,0,27.8,0.0,0
1324,1776083854.8752599,18.7647369999695, 0.2326679999669068,0,0,27.8,0.0,0
1325,1776083854.90711,20.8037150000564, 0.2153009999119604,0,0,27.8,0.0,0
1326,1776083854.9332702,18.51512999996885, 0.2270769999768163,0,0,27.8,0.0,0
1327,1776083854.9672666,20.972997000058058, 0.21582800002306612,0,0,27.8,0.0,0
1328,1776083854.9961476,20.723911999994016, 0.2085090000036871,0,0,27.8,0.0,0
1329,1776083855.0240057,18.72108199995637, 0.20385899995289947,0,0,27.8,0.0,0
1330,1776083855.055476,20.25358999992477, 0.23179400000117312,0,0,27.8,0.0,0
1331,1776083855.084556,19.731116999992082, 0.23784600000453793,0,0,27.8,0.0,0
1332,1776083855.1150746,20.196650999992016, 0.2160349999940081,0,0,27.8,0.0,0
1333,1776083855.1440141,19.625016999953004, 0.20272599999771046,0,0,27.8,0.0,0
1334,1776083855.1705964,18.697116999987884, 0.2658260000316659,0,0,27.8,0.0,0
1335,1776083855.2039778,20.849505000001045, 0.27017100001103245,0,0,27.8,0.0,0
1336,1776083855.2337801,20.372731999941607, 0.21831500009739102,0,0,27.8,0.0,0
1337,1776083855.2608387,19.32641500002319, 0.20850399994287727,0,0,27.8,0.0,0
1338,1776083855.2924566,19.76089899994804, 0.23599799999374227,0,0,27.8,0.0,0
1339,1776083855.326309,20.85622599997805, 0.22767299992665357,0,0,27.8,0.0,0
1340,1776083855.353541,19.3116259999897, 0.22339700001339224,0,0,27.8,0.0,0
1341,1776083855.3825915,19.64935700004844, 0.21672899993063766,0,0,27.8,0.0,0
1342,1776083855.410372,19.01789699991241, 0.21895800000493182,0,0,27.8,0.0,0
1343,1776083855.4416285,20.01278000000184, 0.22927400004846277,0,0,27.8,0.0,0
1344,1776083855.4714289,19.853539000109777, 0.24534700003187027,0,0,27.8,0.0,0
1345,1776083855.5006783,19.64988400004586, 0.22758300008263177,0,0,27.8,0.0,0
1346,1776083855.530189,19.443975000058344, 0.22272100000009232,0,0,27.8,0.0,0
1347,1776083855.56042,19.659728999954496, 0.21927700004198414,0,0,27.8,0.0,0
1348,1776083855.5901961,19.99968200004787, 0.21208999999089428,0,0,27.8,0.0,0
1349,1776083855.6189017,19.229833999929724, 0.20438000001377077,0,0,27.8,0.0,0
1350,1776083855.6505687,20.56345300002249, 0.23877099999936036,0,0,27.8,0.0,0
1351,1776083855.6783798,18.871856000032494, 0.22509400002945767,0,0,27.8,0.0,0
1352,1776083855.7081528,19.51009599997633, 0.2285229999188232,0,0,27.8,0.0,0
1353,1776083855.7384274,20.046358999934455, 0.22232899993923638,0,0,27.8,0.0,0
1354,1776083855.7677574,19.729563999931088, 0.21483200009697612,0,0,27.8,0.0,0
1355,1776083855.7986915,20.433370999967337, 0.22385099998700753,0,0,27.8,0.0,0
1356,1776083855.8260088,18.671734000008655, 0.23036200002479745,0,0,27.8,0.0,0
1357,1776083855.8576834,19.936322000035034, 0.2161740000019563,0,0,27.8,0.0,0
1358,1776083855.8874211,20.012777999909304, 0.23602099997788173,0,0,27.8,0.0,0
1359,1776083855.9163663,19.54021400001693, 0.24166399998648558,0,0,27.8,0.0,0
1360,1776083855.9470494,20.523199999956887, 0.22070099998927617,0,0,27.8,0.0,0
1361,1776083855.9767258,20.168030000036197, 0.2593899999965288,0,0,27.8,0.0,0
1362,1776083856.005114,19.19842699999208, 0.2042500000243308,0,0,27.8,0.0,0
1363,1776083856.036662,20.122564000075727, 0.22078200004216342,0,0,27.8,0.0,0
1364,1776083856.0648897,19.19872700000269, 0.2126540000517707,0,0,27.8,0.0,0
1365,1776083856.0951312,19.522090000009484, 0.21063200006210536,0,0,27.8,0.0,0
1366,1776083856.1262429,20.89839200004917, 0.29014999995524704,0,0,27.8,0.0,0
1367,1776083856.15393,19.471201999976984, 0.20819899998514302,0,0,27.8,0.0,0
1368,1776083856.1843624,20.268625000085194, 0.23341400003573654,0,0,27.8,0.0,0
1369,1776083856.2119985,18.746461999967323, 0.20257899996067863,0,0,27.8,0.0,0
1370,1776083856.2438989,20.263728000031733, 0.21455499995681748,0,0,27.8,0.0,0
1371,1776083856.274371,20.245768999984648, 0.22463499999503256,0,0,27.8,0.0,0
1372,1776083856.3023877,19.20945999995638, 0.24163299997326249,0,0,27.8,0.0,0
1373,1776083856.3314555,19.893286000069565, 0.25428899994039966,0,0,27.8,0.0,0
1374,1776083856.3602743,19.479400000022906, 0.22046900005534553,0,0,27.8,0.0,0
1375,1776083856.3933144,20.630084999993414, 0.2199950000658646,0,0,27.8,0.0,0
1376,1776083856.4221718,19.49645000001965, 0.22413300007428916,0,0,27.8,0.0,0
1377,1776083856.4537199,20.268500999918615, 0.2512030000616505,0,0,27.8,0.0,0
1378,1776083856.481206,19.02225600008478, 0.20605899999281974,0,0,27.8,0.0,0
1379,1776083856.5108564,19.510821999915606, 0.21939700002349127,0,0,27.8,0.0,0
1380,1776083856.5401995,19.788559000062378, 0.2197140000816944,0,0,27.8,0.0,0
1381,1776083856.5707119,20.072035999987747, 0.21822899998369394,0,0,27.8,0.0,0
1382,1776083856.5999424,19.841497000015806, 0.25583399997231027,0,0,27.8,0.0,0
1383,1776083856.6296399,19.38376900000094, 0.25667799991424545,0,0,27.8,0.0,0
1384,1776083856.6602292,20.132525999997597, 0.2599509999754446,0,0,27.8,0.0,0
1385,1776083856.689016,19.386481000083222, 0.2123369999935676,0,0,27.8,0.0,0
1386,1776083856.719819,20.416964999981246, 0.22862500009068754,0,0,27.8,0.0,0
1387,1776083856.747133,18.53177999998934, 0.20345899997664674,0,0,27.8,0.0,0
1388,1776083856.778517,20.27620800004115, 0.22293500001069333,0,0,27.8,0.0,0
1389,1776083856.8085938,20.260496999981115, 0.24692500005585316,0,0,27.8,0.0,0
1390,1776083856.8364887,18.963567000014336, 0.23388500005694368,0,0,27.8,0.0,0
1391,1776083856.867722,19.903157000044303, 0.20899000003282708,0,0,27.8,0.0,0
1392,1776083856.8987901,20.449408999979823, 0.22321699998428812,0,0,27.8,0.0,0
1393,1776083856.9264019,18.869755999958215, 0.22604000002957036,0,0,27.8,0.0,0
1394,1776083856.957051,19.966358000033324, 0.21271499997510546,0,0,27.8,0.0,0
1395,1776083856.9874244,20.55346899999222, 0.2708140000322601,0,0,27.8,0.0,0
1396,1776083857.0160904,19.383124999990287, 0.21105500002249755,0,0,27.8,0.0,0
1397,1776083857.0459003,20.064528000034443, 0.22160299999995914,0,0,27.8,0.0,0
1398,1776083857.0765004,20.118125000067266, 0.23569200004658342,0,0,27.8,0.0,0
1399,1776083857.1044352,19.247170999960872, 0.22682299993448396,0,0,27.8,0.0,0
1400,1776083857.1354427,20.219795000002705, 0.23890900001788395,0,0,27.8,0.0,0
1401,1776083857.1640499,19.62472600007459, 0.20550599992930074,0,0,27.8,0.0,0
1402,1776083857.1943214,19.621369999981653, 0.22814399994786072,0,0,27.8,0.0,0
1403,1776083857.2245407,19.97412000002896, 0.21740800002589822,0,0,27.8,0.0,0
1404,1776083857.25513,20.206113999961417, 0.21513000001505134,0,0,27.8,0.0,0
1405,1776083857.2839408,19.761844000072415, 0.20186700010071945,0,0,27.8,0.0,0
1406,1776083857.3116217,18.955047000076775, 0.21945299999970302,0,0,27.8,0.0,0
1407,1776083857.3432767,20.165431999998873, 0.217115000054946,0,0,27.8,0.0,0
1408,1776083857.3733432,19.974386999933813, 0.21627599994644697,0,0,27.8,0.0,0
1409,1776083857.4038155,21.046033999937208, 0.23237499999595457,0,0,27.8,0.0,0
1410,1776083857.430967,18.923200999893197, 0.20561400003771269,0,0,27.8,0.0,0
1411,1776083857.4622834,19.93571899993185, 0.21362500001487206,0,0,27.8,0.0,0
1412,1776083857.4913232,19.504074999986187, 0.27452300003005803,0,0,27.8,0.0,0
1413,1776083857.5213392,19.60627799996928, 0.23083299993231776,0,0,27.8,0.0,0
1414,1776083857.5512104,19.771318000039173, 0.21734900008141267,0,0,27.8,0.0,0
1415,1776083857.5807447,19.992898000054993, 0.21309400005975476,0,0,27.8,0.0,0
1416,1776083857.6112916,19.963216999940414, 0.22238899998683337,0,0,27.8,0.0,0
1417,1776083857.6391273,19.045710000000327, 0.20374500002162677,0,0,27.8,0.0,0
1418,1776083857.6706908,20.556174000034844, 0.2575789999355038,0,0,27.8,0.0,0
1419,1776083857.6962311,18.345676999956595, 0.20703900008811615,0,0,27.8,0.0,0
1420,1776083857.7295094,20.246666000048208, 0.2338279999776205,0,0,27.8,0.0,0
1421,1776083857.7608502,21.41614300001038, 0.2768109999351509,0,0,27.8,0.0,0
1422,1776083857.7879317,18.900351999945997, 0.2016830000002301,0,0,27.8,0.0,0
1423,1776083857.8191593,20.088339000039923, 0.2053050000085932,0,0,27.8,0.0,0
1424,1776083857.8491151,19.738897000024735, 0.205445000005966,0,0,27.8,0.0,0
1425,1776083857.8768532,18.989529000009497, 0.2085050000459887,0,0,27.8,0.0,0
1426,1776083857.908218,19.749120000028597, 0.21590400001514354,0,0,27.8,0.0,0
1427,1776083857.937242,19.815674000028594, 0.2414870000393421,0,0,27.8,0.0,0
1428,1776083857.966534,19.281974000023183, 0.24638600007165223,0,0,27.8,0.0,0
1429,1776083857.9996734,22.445880000077523, 0.23574199997256073,1,1,27.8,0.0,0
1430,1776083858.023787,17.59048199994595, 0.20909399995616695,1,1,27.8,0.0,0
1431,1776083858.3149333,20.619413000076747, 258.3297930000299,1,1,27.8,0.0,0
1433,1776083858.3187358,0.21235500003058405, 0.302726999962033,0,1,27.8,0.0,1
1434,1776083858.3333611,0.21243100002266146, 0.3363690000242059,0,1,27.8,0.0,1
1435,1776083858.3646357,1.669634999984737, 0.31191499999749794,0,1,27.8,0.0,1
1436,1776083858.396912,0.1666240000304242, 0.26159399999414745,0,0,27.8,0.0,1
1437,1776083858.4219382,0.0432919999866499, 0.34451500005161506,0,0,27.8,0.0,1
1438,1776083858.4516625,0.05285099996399367, 0.4073839999136908,0,0,27.8,0.0,1
1439,1776083858.4817502,0.06435099999180238, 0.3581510000003618,0,0,27.8,0.0,1
1440,1776083858.511516,0.051731999974435894, 0.37219499995444494,0,0,27.8,0.0,1
1441,1776083858.5411754,0.04544300009001745, 0.36291399999299756,0,0,27.8,0.0,1
1442,1776083858.5705535,0.04810900009033503, 0.371922999988783,0,0,27.8,0.0,1
1443,1776083858.6002784,0.04753999996864877, 0.37901700000020355,0,0,27.8,0.0,1
1444,1776083858.6303833,0.05035899994254578, 0.378890999968462,0,0,27.8,0.0,1
1445,1776083858.6595936,0.0484649999634712, 0.36715200008075044,0,0,27.8,0.0,1
1446,1776083858.6894052,0.04727800001091964, 0.39567200008150394,0,0,27.8,0.0,1
1447,1776083858.7192094,0.04747699995277799, 0.3875099999959275,0,0,27.8,0.0,1
1448,1776083858.7487516,0.06734700002652971, 0.3412170000274273,0,0,27.8,0.0,1
1449,1776083858.7786453,0.04996500001652748, 0.36916400006248296,0,0,27.8,0.0,1
1450,1776083858.8087995,0.04386099999464932, 0.3465370000412804,0,0,27.8,0.0,1
1451,1776083858.838711,0.059185999930377875, 0.3444640000225263,0,0,27.8,0.0,1
1452,1776083858.8682218,0.04441900000529131, 0.34458599998288264,0,0,27.8,0.0,1
1453,1776083858.8979025,0.047888000040074985, 0.33931799998754286,0,0,27.8,0.0,1
1454,1776083858.9277365,0.06089800001518597, 0.345061000075475,0,0,27.8,0.0,1
1455,1776083858.957243,0.043568000023697095, 0.33955499998228333,0,0,27.8,0.0,1
1456,1776083858.987126,0.04493200003707898, 0.35135399991759186,0,0,27.8,0.0,1
1457,1776083859.0168822,0.04498400005559233, 0.34430400000928785,0,0,27.8,0.0,1
1458,1776083859.0466118,0.053760000014335674, 0.3645000000460641,0,0,27.8,0.0,1
1459,1776083859.0761504,0.04340600003160944, 0.34326199988754524,0,0,27.8,0.0,1
1460,1776083859.1059191,0.04776900004799245, 0.3393700000060562,0,0,27.8,0.0,1
1461,1776083859.1358056,0.044117000015830854, 0.339084000074763,0,0,27.8,0.0,1
1462,1776083859.1648219,0.03999500006557355, 0.32035499998528394,0,0,27.8,0.0,1
1463,1776083859.1938248,0.04085199998371536, 0.2511980000008407,0,0,27.8,0.0,1
1464,1776083859.224276,0.046977000010883785, 0.38492399994538573,0,0,27.8,0.0,1
1465,1776083859.2546933,0.04528099998424295, 0.3614470000457004,0,0,27.8,0.0,1
1466,1776083859.2841852,0.045129999989512726, 0.3487959999119994,0,0,27.8,0.0,1
1466,1776083859.3459527,32.20845099997405, 0.2077369999824441,0,0,27.8,0.0,0
1467,1776083859.3617132,14.06221899992488, 0.21014599997215555,0,0,27.8,0.0,0
1468,1776083859.3947039,20.021541000005527, 0.26205500000742177,0,0,27.8,0.0,0
1469,1776083859.4225202,18.872372000032556, 0.2204310000024634,0,0,27.8,0.0,0
1470,1776083859.453361,20.14664000000721, 0.23259599993252777,0,0,27.8,0.0,0
1471,1776083859.4827597,19.90933199999745, 0.2206859999205335,0,0,27.8,0.0,0
1472,1776083859.5128415,20.042999999986932, 0.21872399997846514,0,0,27.8,0.0,0
1473,1776083859.5419683,19.3894269999646, 0.20933199994033203,0,0,27.8,0.0,0
1474,1776083859.5722828,19.988483000020096, 0.23053600000366714,0,0,27.8,0.0,0
1475,1776083859.6007845,19.103712000060113, 0.21126700005424937,0,0,27.8,0.0,0
1476,1776083859.6321657,21.115852000093582, 0.21375500000431202,0,0,27.8,0.0,0
1477,1776083859.6606293,19.435804999943684, 0.22050299992315558,0,0,27.8,0.0,0
1478,1776083859.6912181,20.768462999967596, 0.22846599995318684,0,0,27.8,0.0,0
1479,1776083859.7224317,20.35023199994157, 0.2534770000011122,0,0,27.8,0.0,0
1480,1776083859.750032,18.964840999956323, 0.1989720000210582,0,0,27.8,0.0,0
1481,1776083859.7760625,17.965447999927164, 0.20590900010120095,0,0,27.8,0.0,0
1482,1776083859.8102715,20.535816999995404, 0.23946900000737514,0,0,27.8,0.0,0
1483,1776083859.8417382,21.50416100005259, 0.24437700005819352,0,0,27.8,0.0,0
1484,1776083859.867199,18.332393000036973, 0.20686999994268263,0,0,27.8,0.0,0
1485,1776083859.8956745,19.02605800000856, 0.20517999996627623,0,0,27.8,0.0,0
1486,1776083859.9297774,20.73106699992877, 0.22752300003503478,0,0,27.8,0.0,0
1487,1776083859.956245,18.876568999985466, 0.23536399999102287,0,0,27.8,0.0,0
1488,1776083859.989689,22.205127999995966, 0.2614300000232106,0,0,27.8,0.0,0
1489,1776083860.0166533,19.22343000001092, 0.20937800002229778,0,0,27.8,0.0,0
1490,1776083860.0477157,20.49908599997252, 0.21941400007108314,0,0,27.8,0.0,0
1491,1776083860.0755453,18.882961000031173, 0.24817299993173947,0,0,27.8,0.0,0
1492,1776083860.1065667,19.750307000094836, 0.22157699993385904,0,0,27.8,0.0,0
1493,1776083860.1368668,19.982867000067017, 0.22248200002650265,0,0,27.8,0.0,0
1494,1776083860.1651573,19.024349000005714, 0.20240300000295974,0,0,27.8,0.0,0
1495,1776083860.1953757,19.675731000006635, 0.24254400000245369,0,0,27.8,0.0,0
1496,1776083860.225028,19.67568600002778, 0.21389799996995862,0,0,27.8,0.0,0
1497,1776083860.2556014,20.22430399995301, 0.23026300004858058,0,0,27.8,0.0,0
1498,1776083860.2848628,20.032619999938106, 0.24741899994751293,0,0,27.8,0.0,0
1499,1776083860.3132598,19.3989160000001, 0.2373099999886108,0,0,27.8,0.0,0
1500,1776083860.3447351,20.24144000006345, 0.25807800000166026,0,0,27.8,0.0,0
1501,1776083860.3731523,19.43191600003047, 0.2040340000348806,0,0,27.8,0.0,0
1502,1776083860.403774,20.00991099998828, 0.30936199993902846,0,0,27.8,0.0,0
1503,1776083860.4359782,21.1510479999788, 0.21563799998602917,0,0,27.8,0.0,0
1504,1776083860.4649742,20.761215999982596, 0.21597199997813732,0,0,27.8,0.0,0
1505,1776083860.4906394,17.900363999956426, 0.21739299995715555,0,0,27.8,0.0,0
1506,1776083860.5227242,20.06227799995486, 0.26212000000214175,0,0,27.8,0.0,0
1507,1776083860.5524135,19.529195000018262, 0.2167399999279951,0,0,27.8,0.0,0
1508,1776083860.5835319,20.774380000034398, 0.23833300008391234,0,0,27.8,0.0,0
1509,1776083860.610969,18.743939999922077, 0.20291100008762442,0,0,27.8,0.0,0
1510,1776083860.6427314,20.579781000037656, 0.2574719999302033,0,0,27.8,0.0,0
1511,1776083860.6669996,17.556139999896914, 0.19874099996286532,0,0,27.8,0.0,0
1512,1776083860.7019901,20.74740099999417, 0.2247200000056182,0,0,27.8,0.0,0
1513,1776083860.7304285,19.641587999899457, 0.2381649999279034,0,0,27.8,0.0,0
1514,1776083860.7605653,20.178359000055934, 0.2266530000269995,0,0,27.8,0.0,0
1515,1776083860.7897837,19.64206299999205, 0.21108400005687145,0,0,27.8,0.0,0
1516,1776083860.8196454,19.435088000022915, 0.24310399999194487,0,0,27.8,0.0,0
1517,1776083860.8494704,19.753143999992062, 0.2702890000136904,0,0,27.8,0.0,0
1518,1776083860.8797324,19.9070800000527, 0.21971599994685675,0,0,27.8,0.0,0
1519,1776083860.9091704,19.963225999958922, 0.20515400001386297,0,0,27.8,0.0,0
1520,1776083860.9386594,19.51676999999563, 0.23660500005462382,0,0,27.8,0.0,0
1521,1776083860.9675424,19.092161000003216, 0.25406500003555266,0,0,27.8,0.0,0
1522,1776083860.9959464,19.858795000004648, 0.20407400006661192,0,0,27.8,0.0,0
1523,1776083861.0284317,20.666268000013588, 0.21834300002865348,0,0,27.8,0.0,0
1524,1776083861.0594683,21.056417999943733, 0.23719499995422666,0,0,27.8,0.0,0
1525,1776083861.0860882,18.826295000053506, 0.20578600003773317,0,0,27.8,0.0,0
1526,1776083861.1174293,20.15551800002413, 0.2199660000314907,0,0,27.8,0.0,0
1527,1776083861.1461608,19.515628000021934, 0.20500200002970814,0,0,27.8,0.0,0
1528,1776083861.1778474,20.922720000044137, 0.23131799991915614,0,0,27.8,0.0,0
1529,1776083861.2056272,19.109993000029135, 0.22532100001626532,0,0,27.8,0.0,0
1530,1776083861.2351153,19.740786000056687, 0.20769800005382422,0,0,27.8,0.0,0
1531,1776083861.2651005,20.152923000068768, 0.2177579999624868,0,0,27.8,0.0,0
1532,1776083861.2955694,20.073969999998553, 0.24276600004213833,0,0,27.8,0.0,0
1533,1776083861.3252828,19.38948999998047, 0.22830699992937298,0,0,27.8,0.0,0
1534,1776083861.3584669,20.700620000070558, 0.22808000005625217,0,0,27.8,0.0,0
1535,1776083861.3838005,18.297501999995802, 0.2073770000379227,0,0,27.8,0.0,0
1536,1776083861.4138405,19.82976299996153, 0.28436600007353263,0,0,27.8,0.0,0
1537,1776083861.4447253,20.317646999956196, 0.22711700000854762,0,0,27.8,0.0,0
1538,1776083861.4729056,19.381908000013937, 0.23918600004435575,0,0,27.8,0.0,0
1539,1776083861.503753,19.984339999950862, 0.21639900000991474,0,0,27.8,0.0,0
1540,1776083861.5335422,20.05258299993784, 0.22972700003265345,0,0,27.8,0.0,0
1541,1776083861.5629337,20.191470999975536, 0.20482100001117942,0,0,27.8,0.0,0
1542,1776083861.590054,18.739572999947995, 0.20461899998736044,0,0,27.8,0.0,0
1543,1776083861.6218476,19.72542299995439, 0.22083100009240297,0,0,27.8,0.0,0
1544,1776083861.651255,19.53747800007477, 0.21409399994354317,0,0,27.8,0.0,0
1545,1776083861.681472,19.77233399998113, 0.21991200003412814,0,0,27.8,0.0,0
1546,1776083861.711156,19.567855000104828, 0.2023209999606479,0,0,27.8,0.0,0
1547,1776083861.7405193,19.681220999927973, 0.24440899994715437,0,0,27.8,0.0,0
1548,1776083861.771615,20.322135000014896, 0.2587160000757649,0,0,27.8,0.0,0
1549,1776083861.8001835,19.752676000052816, 0.2083670000274651,0,0,27.8,0.0,0
1550,1776083861.8291063,19.642146000023786, 0.2122019999433178,0,0,27.8,0.0,0
1551,1776083861.8607173,20.791870000039125, 0.2303670000856073,0,0,27.8,0.0,0
1552,1776083861.8904843,19.83231499991689, 0.24130399992827734,0,0,27.8,0.0,0
1553,1776083861.9189727,19.376416000000063, 0.20343300002423348,0,0,27.8,0.0,0
1554,1776083861.9495625,20.091456000045582, 0.23145399995883054,0,0,27.8,0.0,0
1555,1776083861.9778214,19.236965999994027, 0.3317640000659594,0,0,27.8,0.0,0
1556,1776083862.00924,20.21479999996245, 0.3143359999739914,0,0,27.8,0.0,0
1557,1776083862.0375779,19.22441199997138, 0.24450799992337124,0,0,27.8,0.0,0
1558,1776083862.067501,19.9610050000274, 0.2199660000314907,0,0,27.8,0.0,0
1559,1776083862.0986009,20.29586100002234, 0.2203540000209614,0,0,27.8,0.0,0
1560,1776083862.1262784,19.235311999977966, 0.22933300010663515,0,0,27.8,0.0,0
1561,1776083862.1583793,21.233017999975345, 0.22686900001644972,0,0,27.8,0.0,0
1562,1776083862.18683,19.21148099995662, 0.21372399999108893,0,0,27.8,0.0,0
1563,1776083862.2164462,19.937313000014, 0.2329430000145294,0,0,27.8,0.0,0
1564,1776083862.245332,19.598984000026576, 0.22896400002991868,0,0,27.8,0.0,0
1565,1776083862.2774935,20.837278000044535, 0.2302049999798328,0,0,27.8,0.0,0
1566,1776083862.3012316,17.123712000056912, 0.24794000000838423,0,0,27.8,0.0,0
1567,1776083862.3361528,20.256332000030852, 0.21576400001777074,0,0,27.8,0.0,0
1568,1776083862.3656285,19.902559999991354, 0.2424270001029072,0,0,27.8,0.0,0
1569,1776083862.395174,20.19642900006602, 0.22695300003761076,0,0,27.8,0.0,0
1570,1776083862.4236398,19.228376000000935, 0.2106509999748596,0,0,27.8,0.0,0
1571,1776083862.4540706,20.09579399998529, 0.20111300000280607,0,0,27.8,0.0,0
1572,1776083862.4826403,19.788431999927525, 0.23799699999926816,0,0,27.8,0.0,0
1573,1776083862.5119991,19.95784799999001, 0.20573699998749362,0,0,27.8,0.0,0
1574,1776083862.5452042,21.274035999908847, 0.2307240000618549,0,0,27.8,0.0,0
1575,1776083862.5675206,16.600327999981346, 0.23229400005675416,0,0,27.8,0.0,0
1576,1776083862.6026974,20.726426999999603, 0.330504999965342,0,0,27.8,0.0,0
1577,1776083862.6323214,19.881775999920137, 0.22526299994751753,0,0,27.8,0.0,0
1578,1776083862.6625154,19.9562180000612, 0.25842399998055043,0,0,27.8,0.0,0
1579,1776083862.692437,19.865366999965772, 0.22584300006656122,0,0,27.8,0.0,0
1580,1776083862.7203696,18.73140499992587, 0.22424999997383566,0,0,27.8,0.0,0
1581,1776083862.752678,20.988138000006984, 0.23360399995908665,0,0,27.8,0.0,0
1582,1776083862.777895,18.193715999927917, 0.20190899999761314,0,0,27.8,0.0,0
1583,1776083862.8118005,20.142372000009345, 0.2168060000258265,0,0,27.8,0.0,0
1584,1776083862.8416672,20.35677100002431, 0.26359100002082414,0,0,27.8,0.0,0
1585,1776083862.8695555,20.05103900000904, 0.23538499999631313,0,0,27.8,0.0,0
1586,1776083862.8996882,19.724481000025662, 0.21274799996717775,0,0,27.8,0.0,0
1587,1776083862.9283984,19.162554999979875, 0.24171899997327273,0,0,27.8,0.0,0
1588,1776083862.960022,20.774013000050218, 0.21545200002037745,0,0,27.8,0.0,0
1589,1776083862.9875646,19.31569299995317, 0.22381799999493524,0,0,27.8,0.0,0
1590,1776083863.0188105,20.281695000107902, 0.2641970000922811,0,0,27.8,0.0,0
1591,1776083863.048177,19.882547000065642, 0.20523199998478958,0,0,27.8,0.0,0
1592,1776083863.0780108,20.024323000029653, 0.21856499995465128,0,0,27.8,0.0,0
1593,1776083863.107779,19.64688800001113, 0.2363639999884981,0,0,27.8,0.0,0
1594,1776083863.1379638,20.455918000038764, 0.2647310000156722,0,0,27.8,0.0,0
1595,1776083863.1666842,19.820295000045007, 0.19784100004471838,0,0,27.8,0.0,0
1596,1776083863.1975605,20.338788999993085, 0.2519340000617376,0,0,27.8,0.0,0
1597,1776083863.2260728,19.45424699999876, 0.2016529999764316,0,0,27.8,0.0,0
1598,1776083863.258344,20.747163000010005, 0.2134970000042813,0,0,27.8,0.0,0
1599,1776083863.28605,19.155226999941988, 0.1959460000762192,0,0,27.8,0.0,0
1600,1776083863.3163922,19.92890399992575, 0.22978800006967504,0,0,27.8,0.0,0
1601,1776083863.3445127,18.88149399997019, 0.23684899997533648,0,0,27.8,0.0,0
1602,1776083863.3756313,20.173840999973436, 0.24315100006333523,0,0,27.8,0.0,0
1603,1776083863.4044945,19.63940299992828, 0.23567300002014235,0,0,27.8,0.0,0
1604,1776083863.4355993,20.566028999951413, 0.217471000041769,0,0,27.8,0.0,0
1605,1776083863.4640412,19.627364000029957, 0.20847400003276562,0,0,27.8,0.0,0
1606,1776083863.4950495,20.573914999999943, 0.21873100001812418,0,0,27.8,0.0,0
1607,1776083863.5223317,18.710375999944517, 0.21261400002003938,0,0,27.8,0.0,0
1608,1776083863.5544868,20.47008299996378, 0.2331619999722534,0,0,27.8,0.0,0
1609,1776083863.5842412,20.195123000007698, 0.22161200001846737,0,0,27.8,0.0,0
1610,1776083863.6127174,19.2289389999587, 0.25026899993463303,0,0,27.8,0.0,0
1611,1776083863.6421149,19.603716999995413, 0.21270599995659722,0,0,27.8,0.0,0
1612,1776083863.6731808,20.349317999944105, 0.22615199998199387,0,0,27.8,0.0,0
1613,1776083863.702699,19.870287000003373, 0.21952100007638364,0,0,27.8,0.0,0
1614,1776083863.7321472,19.7809920000509, 0.20110499997372244,0,0,27.8,0.0,0
1615,1776083863.7586706,18.663419999938924, 0.20739599995067692,0,0,27.8,0.0,0
1616,1776083863.7927222,21.167809999951714, 0.22882799999024428,0,0,27.8,0.0,0
1617,1776083863.8214462,19.6690469999794, 0.23964599995451863,0,0,27.8,0.0,0
1618,1776083863.8511045,20.053925000070194, 0.22180899998147652,0,0,27.8,0.0,0
1619,1776083863.8802772,19.321176000062223, 0.2235599999949045,0,0,27.8,0.0,0
1620,1776083863.9096553,19.64928699999291, 0.22402299998702802,0,0,27.8,0.0,0
1621,1776083863.9407096,19.7989509999843, 0.26710700001331134,0,0,27.8,0.0,0
1622,1776083863.971971,21.74656599993341, 0.21647000005486916,0,0,27.8,0.0,0
1623,1776083863.998767,18.310254999960307, 0.1991149999867048,0,0,27.8,0.0,0
1624,1776083864.0290759,20.17801599993163, 0.2143149999938032,0,0,27.8,0.0,0
1625,1776083864.0578516,19.301642999948854, 0.20554699995045667,0,0,27.8,0.0,0
1626,1776083864.0893586,20.32763900001555, 0.23153699999056698,0,0,27.8,0.0,0
1627,1776083864.1182108,19.55132800003412, 0.21604200003366714,0,0,27.8,0.0,0
1628,1776083864.1474352,19.263730999909967, 0.22178100005021406,0,0,27.8,0.0,0
1629,1776083864.178355,20.380224999939855, 0.22247000003972062,0,0,27.8,0.0,0
1630,1776083864.2081413,20.171890000028725, 0.2299239999956626,0,0,27.8,0.0,0
1631,1776083864.2372954,19.568652999964797, 0.21674999993592792,0,0,27.8,0.0,0
1632,1776083864.267036,20.0414239999418, 0.20515599999271217,0,0,27.8,0.0,0
1633,1776083864.29726,19.858085999999275, 0.22440099996856588,0,0,27.8,0.0,0
1634,1776083864.3569689,22.898437000094418, 0.28994299998430506,0,0,27.8,0.0,0
1635,1776083864.3748448,16.153327999973044, 0.21004100005939108,0,0,27.8,0.0,0
1636,1776083864.3880522,11.470474000020658, 0.197288999970624,0,0,27.8,0.0,0
1637,1776083864.4078,12.817942999959087, 0.21376299991970882,0,0,27.8,0.0,0
1638,1776083864.445961,21.44924699996409, 0.2160010000125112,0,0,27.8,0.0,0
1639,1776083864.4757497,20.225939000056314, 0.22302799993667577,0,0,27.8,0.0,0
1640,1776083864.503392,19.119979000038256, 0.2746090000300683,0,0,27.8,0.0,0
1641,1776083864.5345137,20.190475000049446, 0.24436600006083609,0,0,27.8,0.0,0
1642,1776083864.5630486,19.33464000001095, 0.204531000008501,0,0,27.8,0.0,0
1643,1776083864.5935926,19.552928000052816, 0.24699300001884694,0,0,27.8,0.0,0
1644,1776083864.623979,20.498470999996243, 0.2116660000410775,0,0,27.8,0.0,0
1645,1776083864.6520824,19.005674000027284, 0.20448700001907127,0,0,27.8,0.0,0
1646,1776083864.682548,19.57996800001638, 0.2556739999590718,0,0,27.8,0.0,0
1647,1776083864.7137387,20.435987000041678, 0.2609849999544167,0,0,27.8,0.0,0
1648,1776083864.7416005,19.410881999988305, 0.20187999996323924,0,0,27.8,0.0,0
1649,1776083864.7689824,18.768991999991158, 0.2200799999627634,0,0,27.8,0.0,0
1650,1776083864.8018816,20.48333499999444, 0.22620899994763022,0,0,27.8,0.0,0
1651,1776083864.8320062,20.51177499993173, 0.21417200002815662,0,0,27.8,0.0,0
1652,1776083864.8606362,19.59610000005796, 0.2133560000174839,0,0,27.8,0.0,0
1653,1776083864.8916867,20.606742000040867, 0.21460899995418004,0,0,27.8,0.0,0
1654,1776083864.919919,19.39179399994373, 0.24911399998472916,0,0,27.8,0.0,0
1655,1776083864.9499862,20.094588000006297, 0.2118830000199523,0,0,27.8,0.0,0
1656,1776083864.9807065,20.4475690001118, 0.2674459999525425,0,0,27.8,0.0,0
1657,1776083865.0096166,19.93074099993919, 0.23295599999073602,0,0,27.8,0.0,0
1658,1776083865.0407314,20.407430000091153, 0.24139499998909741,0,0,27.8,0.0,0
1659,1776083865.0678427,18.78571599991119, 0.21092999998018058,0,0,27.8,0.0,0
1660,1776083865.0993989,20.51905700000134, 0.2194030000737257,0,0,27.8,0.0,0
1661,1776083865.128956,19.778189999897222, 0.2147709999462677,0,0,27.8,0.0,0
1662,1776083865.1575963,19.62576400001126, 0.21936500002084358,0,0,27.8,0.0,0
1663,1776083865.1887562,20.19317500003126, 0.21369000000959204,0,0,27.8,0.0,0
1664,1776083865.217275,19.633678999980475, 0.24291600004744396,0,0,27.8,0.0,0
1665,1776083865.2488167,20.801200000050812, 0.21657399997820903,0,0,27.8,0.0,0
1666,1776083865.2768812,19.346924000046783, 0.2547810000805839,0,0,27.8,0.0,0
1667,1776083865.3068993,20.04402599993682, 0.2255570000215812,0,0,27.8,0.0,0
1668,1776083865.3362637,19.72999500003425, 0.22086699993906223,0,0,27.8,0.0,0
1669,1776083865.365823,19.699654000078226, 0.2197940000314702,0,0,27.8,0.0,0
1670,1776083865.395308,19.446628999958193, 0.2443879999418641,0,0,27.8,0.0,0
1671,1776083865.425594,20.035357999972803, 0.22969999997712875,0,0,27.8,0.0,0
1672,1776083865.45654,20.52880999997342, 0.23593499997787148,0,0,27.8,0.0,0
1673,1776083865.4850268,19.301965999943604, 0.21306799999365467,0,0,27.8,0.0,0
1674,1776083865.5151548,19.86792900004275, 0.2323510000223905,0,0,27.8,0.0,0
1675,1776083865.5441847,19.39715600008185, 0.2035889999660867,0,0,27.8,0.0,0
1676,1776083865.5742774,19.983856000067135, 0.22548200001892837,0,0,27.8,0.0,0
1677,1776083865.6036336,19.613762000062707, 0.25456200000917306,0,0,27.8,0.0,0
1678,1776083865.6351194,20.64574899998206, 0.21176600000671897,0,0,27.8,0.0,0
1679,1776083865.6615684,18.414865000067948, 0.23670999996738828,0,0,27.8,0.0,0
1680,1776083865.693803,20.54703499993593, 0.24047600004450942,0,0,27.8,0.0,0
1681,1776083865.7225878,19.474890999958916, 0.2345409999406911,0,0,27.8,0.0,0
1682,1776083865.75243,19.613739999954305, 0.23559800001748954,0,0,27.8,0.0,0
1683,1776083865.782629,19.894423999971877, 0.21165399994060863,0,0,27.8,0.0,0
1684,1776083865.8116279,19.493152999984886, 0.27009699999780423,0,0,27.8,0.0,0
1685,1776083865.8405888,19.16697000001477, 0.24766899991846003,0,0,27.8,0.0,0
1686,1776083865.8722978,20.79241900003126, 0.23739600010230788,0,0,27.8,0.0,0
1687,1776083865.9005601,19.428122000022086, 0.23465900005703588,0,0,27.8,0.0,0
1688,1776083865.9319274,20.5959370000528, 0.21703100003378495,0,0,27.8,0.0,0
1689,1776083865.9593344,18.84579299996858, 0.2197610000393979,0,0,27.8,0.0,0
1690,1776083865.9924374,22.05824500003928, 0.21407000008366595,0,0,27.8,0.0,0
1691,1776083866.0185256,18.394353999951818, 0.22241499993924663,0,0,27.8,0.0,0
1692,1776083866.047119,19.401793999918482, 0.20509099999799218,0,0,27.8,0.0,0
1693,1776083866.0802212,20.82036399997378, 0.2357289999963541,0,0,27.8,0.0,0
1694,1776083866.109732,19.678069999940817, 0.21079400005419302,0,0,27.8,0.0,0
1695,1776083866.137956,19.235981999941032, 0.20299000004797563,0,0,27.8,0.0,0
1696,1776083866.1687984,20.11838999999327, 0.2216810000845726,0,0,27.8,0.0,0
1697,1776083866.198483,19.96778099999119, 0.23486300005970406,0,0,27.8,0.0,0
1698,1776083866.2294514,20.155165999995006, 0.2346769999803655,0,0,27.8,0.0,0
1699,1776083866.2565038,18.782413999929304, 0.2220149999629939,0,0,27.8,0.0,0
1700,1776083866.2880185,20.297890999927404, 0.20395100000314415,0,0,27.8,0.0,0
1701,1776083866.3177555,20.05257200005417, 0.2148819999092666,0,0,27.8,0.0,0
1702,1776083866.3434293,18.03787200003626, 0.2132209999672341,0,0,27.8,0.0,0
1703,1776083866.3772607,20.457115999988673, 0.21598700004687998,0,0,27.8,0.0,0
1704,1776083866.4055588,19.684081000036713, 0.22314300008474675,0,0,27.8,0.0,0
1705,1776083866.4366848,20.30459200000223, 0.2538809999350633,0,0,27.8,0.0,0
1706,1776083866.4662905,20.216616999960024, 0.27943199995661416,0,0,27.8,0.0,0
1707,1776083866.4944139,19.190211000022828, 0.22867100005896646,0,0,27.8,0.0,0
1708,1776083866.525908,20.288867999965987, 0.21548899997014814,0,0,27.8,0.0,0
1709,1776083866.555219,19.58589599996685, 0.22138500003165973,0,0,27.8,0.0,0
1710,1776083866.5848753,20.23349400008101, 0.21768799990695697,0,0,27.8,0.0,0
1711,1776083866.6099472,17.719150999937483, 0.2083230000380354,0,0,27.8,0.0,0
1712,1776083866.6438868,20.204453000019384, 0.22827400005098752,0,0,27.8,0.0,0
1713,1776083866.6747663,21.261524999999892, 0.2387760000601702,0,0,27.8,0.0,0
1714,1776083866.7005134,18.471590999979526, 0.24844300003223907,0,0,27.8,0.0,0
1715,1776083866.7334015,20.04018200000246, 0.23217399996156018,0,0,27.8,0.0,0
1716,1776083866.763704,20.4424259999314, 0.24656300001879572,0,0,27.8,0.0,0
1717,1776083866.793066,20.26042900001812, 0.20199499999762338,0,0,27.8,0.0,0
1718,1776083866.8227391,19.608359000017117, 0.25343799995880545,0,0,27.8,0.0,0
1719,1776083866.8515341,19.455082000035873, 0.24386699999467965,0,0,27.8,0.0,0
1720,1776083866.8811357,19.496193999998468, 0.2173020000100223,0,0,27.8,0.0,0
1721,1776083866.9114783,19.964598999990812, 0.24069799997050723,0,0,27.8,0.0,0
1722,1776083866.9412847,19.583378999982415, 0.2226469999868641,0,0,27.8,0.0,0
1723,1776083866.971479,20.089747000042735, 0.23405499996442813,0,0,27.8,0.0,0
1724,1776083867.000213,18.97034800003894, 0.2035360000718356,0,0,27.8,0.0,0
1725,1776083867.0279553,18.926152999938495, 0.20704300004581455,0,0,27.8,0.0,0
1726,1776083867.0616417,21.33866899998793, 0.2606919999834645,0,0,27.8,0.0,0
1727,1776083867.08829,19.172583999989, 0.20259700011138193,0,0,27.8,0.0,0
1728,1776083867.1176713,19.881317999988823, 0.2763889999641833,0,0,27.8,0.0,0
1729,1776083867.149556,19.91094899995005, 0.23704099999122263,0,0,27.8,0.0,0
1730,1776083867.1800015,20.112274999974034, 0.21220300004642922,0,0,27.8,0.0,0
1731,1776083867.2084033,19.499202000019977, 0.2465460000848907,0,0,27.8,0.0,0
1732,1776083867.2382302,19.404645000008713, 0.22311999998692045,0,0,27.8,0.0,0
1733,1776083867.2682588,19.945123000070453, 0.2256960000295294,0,0,27.8,0.0,0
1734,1776083867.2945778,18.48866100010582, 0.24481500008732837,0,0,27.8,0.0,0
1735,1776083867.328232,20.222488999934285, 0.22833100001662388,0,0,27.8,0.0,0
1736,1776083867.3574386,19.77760699992359, 0.23736299999654875,0,0,27.8,0.0,0
1737,1776083867.3870225,19.93176999997104, 0.21311499995135819,0,0,27.8,0.0,0
1738,1776083867.4152048,18.99550400003136, 0.23062699995080038,0,0,27.8,0.0,0
1739,1776083867.4465094,19.753294999986792, 0.24465299998155388,0,0,27.8,0.0,0
1740,1776083867.4762712,19.878678000054606, 0.2851750000445463,0,0,27.8,0.0,0
1741,1776083867.5052416,19.482599000070877, 0.20289500002945715,0,0,27.8,0.0,0
1742,1776083867.53293,19.09416900002725, 0.24959899997156754,0,0,27.8,0.0,0
1743,1776083867.5663354,21.00076000010631, 0.21717799995712994,0,0,27.8,0.0,0
1744,1776083867.5945385,19.483611999930872, 0.223671999947328,0,0,27.8,0.0,0
1745,1776083867.624679,20.68310799995743, 0.225915999976678,0,0,27.8,0.0,0
1746,1776083867.6557198,21.09655300000668, 0.22272400008205295,0,0,27.8,0.0,0
1747,1776083867.6833975,18.941831999995884, 0.22540899999512476,0,0,27.8,0.0,0
1748,1776083867.7131987,19.616411000015432, 0.21770000000742584,0,0,27.8,0.0,0
1749,1776083867.7431393,19.853687000022546, 0.2020099999526792,0,0,27.8,0.0,0
1750,1776083867.7731168,20.098549000067578, 0.21467099998062622,0,0,27.8,0.0,0
1751,1776083867.8015327,20.1047739999467, 0.22177400001055503,0,0,27.8,0.0,0
1752,1776083867.8345764,21.6649530000268, 0.286409999944226,0,0,27.8,0.0,0
1753,1776083867.8581183,17.25555100006204, 0.2020379999976285,0,0,27.8,0.0,0
1754,1776083867.8940046,21.598117000053207, 0.23046699993756192,0,0,27.8,0.0,0
1755,1776083867.9220479,19.425082999987353, 0.21006000008583214,0,0,27.8,0.0,0
1756,1776083867.951115,19.78482700008044, 0.22515399996336782,0,0,27.8,0.0,0
1757,1776083867.9818954,20.733611999958157, 0.1966229999652569,0,0,27.8,0.0,0
1758,1776083868.011105,19.908338000050207, 0.21897700003137288,0,0,27.8,0.0,0
1759,1776083868.038441,18.36274799995863, 0.2381229999173229,0,0,27.8,0.0,0
1760,1776083868.070187,20.593325000049845, 0.21766400004707975,0,0,27.8,0.0,0
1761,1776083868.102357,21.54396799994629, 0.233376999972279,0,0,27.8,0.0,0
1762,1776083868.1284266,18.396972999994432, 0.23890600004961016,0,0,27.8,0.0,0
1763,1776083868.1579309,19.224490000055994, 0.21570599994902295,0,0,27.8,0.0,0
1764,1776083868.1894693,20.531202000029225, 0.2187740000181293,0,0,27.8,0.0,0
1765,1776083868.2193935,19.91790800002491, 0.2327390000118612,0,0,27.8,0.0,0
1766,1776083868.248228,19.514418000085243, 0.29246899998724984,0,0,27.8,0.0,0
1767,1776083868.2785673,19.688315999928818, 0.24343999996290222,0,0,27.8,0.0,0
1768,1776083868.3082316,19.91084899998441, 0.22793300001922034,0,0,27.8,0.0,0
1769,1776083868.3375616,19.532548000029237, 0.24617899998702342,0,0,27.8,0.0,0
1770,1776083868.3685498,20.322435000025507, 0.24879000000055385,0,0,27.8,0.0,0
1771,1776083868.3961835,19.003524999902766, 0.21207499992215162,0,0,27.8,0.0,0
1772,1776083868.4279525,20.509528000047794, 0.21614900003896764,0,0,27.8,0.0,0
1773,1776083868.4565332,19.468720999952893, 0.23715300005733297,0,0,27.8,0.0,0
1774,1776083868.4864159,19.810409000001528, 0.23686300005465455,0,0,27.8,0.0,0
1775,1776083868.5161335,20.127453000100104, 0.2041430000190303,0,0,27.8,0.0,0
1776,1776083868.5457935,19.673603000001094, 0.261931999943954,0,0,27.8,0.0,0
1777,1776083868.5757058,20.12097600004381, 0.20134299995788751,0,0,27.8,0.0,0
1778,1776083868.6020067,18.363998000040738, 0.2533829999720183,0,0,27.8,0.0,0
1779,1776083868.636249,21.264899999891895, 0.2130780000015875,0,0,27.8,0.0,0
1780,1776083868.6649096,19.944547000022794, 0.21721099994920223,0,0,27.8,0.0,0
1781,1776083868.6936235,19.04767999997148, 0.2401589999863063,0,0,27.8,0.0,0
1782,1776083868.724427,19.815466000068227, 0.23892500007605122,0,0,27.8,0.0,0
1783,1776083868.753948,20.138547999977163, 0.2023529999632956,0,0,27.8,0.0,0
1784,1776083868.7841525,20.270198999924105, 0.20545799998217262,0,0,27.8,0.0,0
1785,1776083868.8130481,19.669165999971483, 0.2037890000110565,0,0,27.8,0.0,0
1786,1776083868.8425858,19.750116000068374, 0.2637860000049841,0,0,27.8,0.0,0
1787,1776083868.8719099,19.628409000006286, 0.20321199997397343,0,0,27.8,0.0,0
1788,1776083868.9007084,19.719127000030312, 0.20862000008037285,0,0,27.8,0.0,0
1789,1776083868.9340293,21.225737999998273, 0.22208600000794831,0,0,27.8,0.0,0
1790,1776083868.9616094,19.382828999937374, 0.23743799999920157,0,0,27.8,0.0,0
1791,1776083868.9935405,21.459906000018236, 0.23317199998018623,0,0,27.8,0.0,0
1792,1776083869.0209181,18.902782999930423, 0.2189909999970041,0,0,27.8,0.0,0
1793,1776083869.0506766,19.41937499998403, 0.22367899998698704,0,0,27.8,0.0,0
1794,1776083869.080697,19.93706200005363, 0.23561099999369617,0,0,27.8,0.0,0
1795,1776083869.1097403,19.537806000016644, 0.21884299997054768,0,0,27.8,0.0,0
1796,1776083869.14039,20.191006999993988, 0.21710700002586236,0,0,27.8,0.0,0
1797,1776083869.169079,19.528172999912385, 0.20198099991830532,0,0,27.8,0.0,0
1798,1776083869.199679,19.875010000077964, 0.22775299999011622,0,0,27.8,0.0,0
1799,1776083869.2291923,19.479473999922448, 0.20619100007479574,0,0,27.8,0.0,0
1800,1776083869.2593012,20.49925500000427, 0.2300379999269353,0,0,27.8,0.0,0
1801,1776083869.2868063,19.12146000006487, 0.20834999997987325,0,0,27.8,0.0,0
1802,1776083869.3192537,20.466855999984546, 0.22169800001847761,0,0,27.8,0.0,0
1803,1776083869.3448675,18.514141999958156, 0.20121199997902295,0,0,27.8,0.0,0
1804,1776083869.37882,21.508106000055704, 0.22836200002984697,0,0,27.8,0.0,0
1805,1776083869.4071155,19.66656900003727, 0.20884199989268382,0,0,27.8,0.0,0
1806,1776083869.4386513,20.935731999998097, 0.21765700000742072,0,0,27.8,0.0,0
1807,1776083869.4659503,18.792443000052117, 0.2060730000721378,0,0,27.8,0.0,0
1808,1776083869.4945824,19.34354999991683, 0.26029399998606095,0,0,27.8,0.0,0
1809,1776083869.527091,20.586531000049035, 0.2145900000414258,0,0,27.8,0.0,0
1810,1776083869.557478,19.92108800004644, 0.21655299997291877,0,0,27.8,0.0,0
1811,1776083869.5855815,19.18285499993999, 0.2238119999447008,0,0,27.8,0.0,0
1812,1776083869.6164641,20.527745999970648, 0.21953999998913787,0,0,27.8,0.0,0
1813,1776083869.6439626,18.984814999953414, 0.2060839999558084,0,0,27.8,0.0,0
1814,1776083869.6759126,20.660940999960076, 0.2242220000425732,0,0,27.8,0.0,0
1815,1776083869.7041528,19.434625000030792, 0.21003699998800585,0,0,27.8,0.0,0
1816,1776083869.7357306,20.768893999957072, 0.23610999994616577,0,0,27.8,0.0,0
1817,1776083869.763898,19.565213000078074, 0.20427000004019646,0,0,27.8,0.0,0
1818,1776083869.7940505,20.080889999917417, 0.2933309999662015,0,0,27.8,0.0,0
1819,1776083869.8239765,20.141957999953775, 0.2446590000317883,0,0,27.8,0.0,0
1820,1776083869.852897,19.351587999949516, 0.2882300000237592,0,0,27.8,0.0,0
1821,1776083869.8837523,20.49944299994877, 0.21549500002038258,0,0,27.8,0.0,0
1822,1776083869.9140043,20.862120000060713, 0.21877099993616866,0,0,27.8,0.0,0
1823,1776083869.9390068,18.304947000046923, 0.24559099995258293,0,0,27.8,0.0,0
1824,1776083869.9731362,20.67729899999904, 0.2140709999594037,0,0,27.8,0.0,0
1825,1776083870.0008466,18.954441999994742, 0.21621700000196142,0,0,27.8,0.0,0
1826,1776083870.0312438,19.728561999954763, 0.22026999999980035,0,0,27.8,0.0,0
1827,1776083870.0624123,20.48925299993698, 0.2352039999777844,0,0,27.8,0.0,0
1828,1776083870.090044,19.220308999933877, 0.2719839999372198,0,0,27.8,0.0,0
1829,1776083870.1208344,19.78556300002765, 0.248707999958242,0,0,27.8,0.0,0
1830,1776083870.149747,19.541909999929885, 0.21480400005202682,0,0,27.8,0.0,0
1831,1776083870.1796913,19.295066999916344, 0.25375999996413157,0,0,27.8,0.0,0
1832,1776083870.2100358,20.461648000036803, 0.2941069999451429,0,0,27.8,0.0,0
1833,1776083870.2405403,19.977509000000282, 0.2193320000287713,0,0,27.8,0.0,0
1834,1776083870.2691617,19.624262999968778, 0.27259900002718496,0,0,27.8,0.0,0
1835,1776083870.2980454,19.323916999951507, 0.21879500002341956,0,0,27.8,0.0,0
1836,1776083870.3296263,20.75124100008452, 0.23327100007008994,0,0,27.8,0.0,0
1837,1776083870.358684,19.52548700000989, 0.24981700005355378,0,0,27.8,0.0,0
1838,1776083870.3868546,18.73548200001096, 0.20772099992427684,0,0,27.8,0.0,0
1839,1776083870.4174006,19.828009000093516, 0.23010699999304052,0,0,27.8,0.0,0
1840,1776083870.4483683,20.288461000063762, 0.2179389999810155,0,0,27.8,0.0,0
1841,1776083870.4766169,19.1411620000963, 0.21725199997035816,0,0,27.8,0.0,0
1842,1776083870.5075195,20.225657999958457, 0.24488899998686975,0,0,27.8,0.0,0
1843,1776083870.5365639,19.82340799997928, 0.23375499995381688,0,0,27.8,0.0,0
1844,1776083870.5673923,20.295770999950946, 0.22360000002663583,0,0,27.8,0.0,0
1845,1776083870.59725,20.719858999996177, 0.22476100002677413,0,0,27.8,0.0,0
1846,1776083870.6251478,19.500525000012203, 0.2625189999889699,0,0,27.8,0.0,0
1847,1776083870.6550958,19.351864999975987, 0.21403599998848222,0,0,27.8,0.0,0
1848,1776083870.6858087,20.100394999985838, 0.23964700005763007,0,0,27.8,0.0,0
1849,1776083870.7154033,19.71112399996855, 0.21994999997332343,0,0,27.8,0.0,0
1850,1776083870.7445507,19.548204999978225, 0.23098100007246103,0,0,27.8,0.0,0
1851,1776083870.771587,18.834902999969927, 0.21027500008585776,0,0,27.8,0.0,0
1852,1776083870.8056412,21.265682000034758, 0.22006200003943377,0,0,27.8,0.0,0
1853,1776083870.8322513,19.06067900006292, 0.2042480000454816,0,0,27.8,0.0,0
1854,1776083870.8642337,20.641365999949812, 0.21007800000916177,0,0,27.8,0.0,0
1855,1776083870.8891246,17.668292000053043, 0.20116600001074403,0,0,27.8,0.0,0
1856,1776083870.9234033,20.55782900004033, 0.22551600000042527,0,0,27.8,0.0,0
1857,1776083870.9511893,19.03658000003361, 0.22805000003245368,0,0,27.8,0.0,0
1858,1776083870.9832954,21.17520299998432, 0.2298929999824395,0,0,27.8,0.0,0
1859,1776083871.011962,19.774627999936456, 0.21095200008858228,0,0,27.8,0.0,0
1860,1776083871.040352,19.344315000012102, 0.2120810000860729,0,0,27.8,0.0,0
1861,1776083871.0728614,20.753651000063655, 0.2213829999391237,0,0,27.8,0.0,0
1862,1776083871.1007447,19.067898999992394, 0.21990199991250847,0,0,27.8,0.0,0
1863,1776083871.1316276,20.25407900009668, 0.26788799993937573,0,0,27.8,0.0,0
1864,1776083871.1600049,19.28120700006275, 0.20349500005067966,0,0,27.8,0.0,0
1865,1776083871.1879869,19.195384999989074, 0.2190500000551765,0,0,27.8,0.0,0
1866,1776083871.221403,20.509473999936745, 0.3371540000216555,0,0,27.8,0.0,0
1867,1776083871.2504926,19.87983499998336, 0.23521599996456644,0,0,27.8,0.0,0
1868,1776083871.2799947,20.055018999983076, 0.2039640000930376,0,0,27.8,0.0,0
1869,1776083871.3072667,18.912817999989784, 0.20919499991123303,0,0,27.8,0.0,0
1870,1776083871.3376038,19.96033599994007, 0.24590099997112702,0,0,27.8,0.0,0
1871,1776083871.3671007,19.61260799998854, 0.2044240000032005,0,0,27.8,0.0,0
1872,1776083871.399759,20.516978999921776, 0.2100110000355926,0,0,27.8,0.0,0
1873,1776083871.428042,19.692562000045655, 0.2033749999554857,0,0,27.8,0.0,0
1874,1776083871.4581091,19.74819800000205, 0.20725800004584016,0,0,27.8,0.0,0
1875,1776083871.4873152,19.93854400006967, 0.23030499994547426,0,0,27.8,0.0,0
1876,1776083871.51746,19.87114600001405, 0.22203899993655796,0,0,27.8,0.0,0
1877,1776083871.5461452,19.1087759999391, 0.2059089999875141,0,0,27.8,0.0,0
1878,1776083871.5771494,20.52926800001842, 0.21042900004886178,0,0,27.8,0.0,0
1879,1776083871.6064522,19.93365900000299, 0.24077399996258464,0,0,27.8,0.0,0
1880,1776083871.6357682,19.769772000017838, 0.26859999991302175,0,0,27.8,0.0,0
1881,1776083871.6660068,19.833609999977853, 0.21619299991471053,0,0,27.8,0.0,0
1882,1776083871.695016,19.407694999927116, 0.2149790000203211,0,0,27.8,0.0,0
1883,1776083871.7256842,20.017532999986543, 0.2563300000701929,0,0,27.8,0.0,0
1884,1776083871.7553957,20.141387000080613, 0.231553999924472,0,0,27.8,0.0,0
1885,1776083871.784165,19.42054400001325, 0.2048110000032466,0,0,27.8,0.0,0
1886,1776083871.8120418,19.049953000035202, 0.20277599992368778,0,0,27.8,0.0,0
1887,1776083871.8437245,20.076721000009456, 0.22949499998503597,0,0,27.8,0.0,0
1888,1776083871.8753443,20.633879999991223, 0.2336579999564492,0,0,27.8,0.0,0
1889,1776083871.9033186,19.322305000059714, 0.22846299998491304,0,0,27.8,0.0,0
1890,1776083871.9327738,19.592950000060227, 0.22325700001601945,0,0,27.8,0.0,0
1891,1776083871.963232,20.109939000008126, 0.2283730000272044,0,0,27.8,0.0,0
1892,1776083871.9940486,21.00839399997767, 0.2110020000145596,0,0,27.8,0.0,0
1893,1776083872.0211174,18.76821199994083, 0.20401599999786413,0,0,27.8,0.0,0
1894,1776083872.053084,20.829644999935226, 0.2128630000015619,0,0,27.8,0.0,0
1895,1776083872.0810544,19.02167000002919, 0.20594900001924543,0,0,27.8,0.0,0
1896,1776083872.1114378,19.790568000075837, 0.21804699997574062,0,0,27.8,0.0,0
1897,1776083872.1421964,20.492482999998174, 0.22003300000505988,0,0,27.8,0.0,0
1898,1776083872.1665335,17.57893999990756, 0.21274300002005475,0,0,27.8,0.0,0
1899,1776083872.201495,20.815650000031383, 0.23269799999070528,0,0,27.8,0.0,0
1900,1776083872.2315428,20.4698229999849, 0.2343490000384918,0,0,27.8,0.0,0
1901,1776083872.2586472,19.166556999948625, 0.20079399996575376,0,0,27.8,0.0,0
1902,1776083872.2878687,19.861211999909756, 0.27368600001409504,0,0,27.8,0.0,0
1903,1776083872.320718,21.026244000040606, 0.28229400004420313,0,0,27.8,0.0,0
1904,1776083872.3533318,21.16069199996673, 0.21775000004709,0,0,27.8,0.0,0
1905,1776083872.3790298,18.440486000031342, 0.22379699998964497,0,0,27.8,0.0,0
1906,1776083872.4094625,20.00387900000078, 0.22351400002662558,0,0,27.8,0.0,0
1907,1776083872.4371321,18.935722999913196, 0.20170000004782196,0,0,27.8,0.0,0
1908,1776083872.4684942,20.427955999934966, 0.23948799992012937,0,0,27.8,0.0,0
1909,1776083872.4981327,19.749009999941336, 0.22716900002706097,0,0,27.8,0.0,0
1910,1776083872.526388,19.234826999991128, 0.2198299999918163,0,0,27.8,0.0,0
1911,1776083872.5577197,20.248306999974375, 0.24750299996867398,0,0,27.8,0.0,0
1912,1776083872.5875807,20.424022000042896, 0.24077600005512068,0,0,27.8,0.0,0
1913,1776083872.6162302,19.47050700005093, 0.23324200003571605,0,0,27.8,0.0,0
1914,1776083872.6481462,20.931821999965905, 0.24948500004029484,0,0,27.8,0.0,0
1915,1776083872.6740818,18.238444999951753, 0.25515400000131194,0,0,27.8,0.0,0
1916,1776083872.708318,20.676241000046502, 0.22077399989939295,0,0,27.8,0.0,0
1917,1776083872.7360253,19.564016000003903, 0.20425199988949316,0,0,27.8,0.0,0
1918,1776083872.7640097,19.07688500000404, 0.2039250000507309,0,0,27.8,0.0,0
1919,1776083872.7944772,19.341982000014468, 0.22856800001136435,0,0,27.8,0.0,0
1920,1776083872.8248615,20.00139200004014, 0.2151609999145876,0,0,27.8,0.0,0
1921,1776083872.8551672,20.16374199990878, 0.22101299998666946,0,0,27.8,0.0,0
1922,1776083872.8840735,19.55568100004257, 0.22336699998959375,0,0,27.8,0.0,0
1923,1776083872.913176,19.89993199993023, 0.20144799998433882,0,0,27.8,0.0,0
1924,1776083872.9444401,20.462030999965464, 0.22722200003499893,0,0,27.8,0.0,0
1925,1776083872.973856,19.843697999931464, 0.20060200006355444,0,0,27.8,0.0,0
1926,1776083872.9997103,18.299267999964286, 0.22534800007179,0,0,27.8,0.0,0
1927,1776083873.0312254,20.10057699999379, 0.233930000035798,0,0,27.8,0.0,0
1928,1776083873.0640857,21.598609999955443, 0.24660899998707464,0,0,27.8,0.0,0
1929,1776083873.0920894,19.3680879999647, 0.21538599992254603,0,0,27.8,0.0,0
1930,1776083873.1225545,20.11224799991851, 0.22986900000887545,0,0,27.8,0.0,0
1931,1776083873.1514404,20.009560999938003, 0.22196699990217894,0,0,27.8,0.0,0
1932,1776083873.182415,20.720403000041188, 0.3031869999858827,0,0,27.8,0.0,0
1933,1776083873.2100716,19.22186700005568, 0.20549900000332855,0,0,27.8,0.0,0
1934,1776083873.2415812,20.23109399999612, 0.247291000050609,0,0,27.8,0.0,0
1935,1776083873.2693963,19.14689099999123, 0.24210200001562043,0,0,27.8,0.0,0
1936,1776083873.301073,20.42876099994828, 0.2152580000256421,0,0,27.8,0.0,0
1937,1776083873.3294444,19.50321900005747, 0.2510570000140433,0,0,27.8,0.0,0
1938,1776083873.3607247,20.503909000012754, 0.2583099999355909,0,0,27.8,0.0,0
1939,1776083873.3886135,19.19642699999713, 0.24449599993658921,0,0,27.8,0.0,0
1940,1776083873.4194088,20.309123999936673, 0.21768000010524702,0,0,27.8,0.0,0
1941,1776083873.4495068,19.98089699998218, 0.23205000002235465,0,0,27.8,0.0,0
1942,1776083873.4787152,19.869189999894843, 0.2745770000274206,0,0,27.8,0.0,0
1943,1776083873.5080214,19.624976000045535, 0.20360600001367857,0,0,27.8,0.0,0
1944,1776083873.5342772,18.069924999963405, 0.20531300003767683,0,0,27.8,0.0,0
1945,1776083873.5680778,20.562616999995953, 0.22301399997104454,0,0,27.8,0.0,0
1946,1776083873.5985892,20.903018000012707, 0.2460940000901246,0,0,27.8,0.0,0
1947,1776083873.6266894,19.445937999989837, 0.22129199999199045,0,0,27.8,0.0,0
1948,1776083873.6571279,20.20077700001366, 0.2335489999722995,0,0,27.8,0.0,0
1949,1776083873.685865,19.180687000016405, 0.2132189999883849,0,0,27.8,0.0,0
1950,1776083873.7175684,20.598608999989665, 0.23582999995142018,0,0,27.8,0.0,0
1951,1776083873.7464883,19.50677500008169, 0.2443839999841657,0,0,27.8,0.0,0
1952,1776083873.7757275,19.53144499998416, 0.24059700001544115,0,0,27.8,0.0,0
1953,1776083873.8056972,20.12172299998838, 0.2554820000568725,0,0,27.8,0.0,0
1954,1776083873.834903,20.024350999960916, 0.20327400000041962,0,0,27.8,0.0,0
1955,1776083873.8650465,19.766442999980427, 0.20916699997997057,0,0,27.8,0.0,0
1956,1776083873.8940039,19.7255389999782, 0.20546799999010545,0,0,27.8,0.0,0
1957,1776083873.9241626,19.87191700004587, 0.2274039999292654,0,0,27.8,0.0,0
1958,1776083873.9537828,19.809269999996104, 0.23023500000363128,0,0,27.8,0.0,0
1959,1776083873.984827,20.613938999986203, 0.2404399999704765,0,0,27.8,0.0,0
1960,1776083874.0127923,19.295933000080367, 0.21472499997798877,0,0,27.8,0.0,0
1961,1776083874.0428975,19.563892999940435, 0.2138539999805289,0,0,27.8,0.0,0
1962,1776083874.0732265,20.127630000047247, 0.2146850000599443,0,0,27.8,0.0,0
1963,1776083874.104317,21.293869999908566, 0.21400299999640993,0,0,27.8,0.0,0
1964,1776083874.1314344,18.75133900000492, 0.25224699993486865,0,0,27.8,0.0,0
1965,1776083874.1629577,20.69442699996671, 0.22023899998657726,0,0,27.8,0.0,0
1966,1776083874.1918418,19.916889000000992, 0.2145180000070468,0,0,27.8,0.0,0
1967,1776083874.2212844,20.02518200004033, 0.2239789999975983,0,0,27.8,0.0,0
1968,1776083874.250723,19.73874500004058, 0.24758800009294646,0,0,27.8,0.0,0
1969,1776083874.282086,20.494236999979876, 0.21727200009991066,0,0,27.8,0.0,0
1970,1776083874.3108692,20.15632999996342, 0.2234609999050008,0,0,27.8,0.0,0
1971,1776083874.340078,20.047101000045586, 0.22246499997891078,0,0,27.8,0.0,0
1972,1776083874.3700004,20.195827999941685, 0.2118539999855784,0,0,27.8,0.0,0
1973,1776083874.3977666,19.292840000048272, 0.20863899999312707,0,0,27.8,0.0,0
1974,1776083874.4289675,20.54585199994108, 0.21934899996267632,0,0,27.8,0.0,0
1975,1776083874.459403,19.733176000045205, 0.21950999996533938,0,0,27.8,0.0,0
1976,1776083874.4896014,20.257485000001907, 0.22496599990518007,0,0,27.8,0.0,0
1977,1776083874.516505,18.358811999974023, 0.2814040000203022,0,0,27.8,0.0,0
1978,1776083874.5481112,20.360733999950753, 0.2228880000529898,0,0,27.8,0.0,0
1979,1776083874.578367,19.84132799998406, 0.2205459999231607,0,0,27.8,0.0,0
1980,1776083874.608022,19.912871000087762, 0.20478800001910713,0,0,27.8,0.0,0
1981,1776083874.638231,20.576461000018753, 0.2350199999909819,0,0,27.8,0.0,0
1982,1776083874.6619189,16.910728999960156, 0.2074579999771231,0,0,27.8,0.0,0
1983,1776083874.6976242,21.27903600000991, 0.20943699996678333,0,0,27.8,0.0,0
1984,1776083874.7262142,19.517731000064487, 0.2274949999900855,0,0,27.8,0.0,0
1985,1776083874.756053,19.733702999928937, 0.20471599998472811,0,0,27.8,0.0,0
1986,1776083874.783463,18.91467299992655, 0.2469410000003336,0,0,27.8,0.0,0
1987,1776083874.816511,20.305849999999737, 0.23852999993323465,0,0,27.8,0.0,0
1988,1776083874.8450453,19.89722400003302, 0.20867199998519936,0,0,27.8,0.0,0
1989,1776083874.8749619,19.842426000082014, 0.21167800002785953,0,0,27.8,0.0,0
1990,1776083874.9054635,20.08680699998422, 0.24670499999501772,0,0,27.8,0.0,0
1991,1776083874.934307,19.545981999954165, 0.23540800009413942,0,0,27.8,0.0,0
1992,1776083874.9651306,20.868541000027108, 0.2309159999640542,0,0,27.8,0.0,0
1993,1776083874.9951913,20.871077000037985, 0.22600900001634727,0,0,27.8,0.0,0
1994,1776083875.0234041,19.13303900005303, 0.2225030000317929,0,0,27.8,0.0,0
1995,1776083875.052976,19.764213999906133, 0.2054949999319433,0,0,27.8,0.0,0
1996,1776083875.0810888,19.330809000052795, 0.2073150000114765,0,0,27.8,0.0,0
1997,1776083875.1142814,20.425076000037734, 0.21605300003102457,0,0,27.8,0.0,0
1998,1776083875.1428273,19.60262199997942, 0.21277899998040084,0,0,27.8,0.0,0
1999,1776083875.1718626,19.36888899990663, 0.2027040000029956,0,0,27.8,0.0,0
2000,1776083875.2010174,19.665151000026526, 0.23036400000364665,0,0,27.8,0.0,0
2001,1776083875.2326608,20.612382999956935, 0.26003700008914166,0,0,27.8,0.0,0
2002,1776083875.2612765,19.652597999993304, 0.2164190000257804,0,0,27.8,0.0,0
2003,1776083875.2914257,19.771872000092117, 0.23286999999072577,0,0,27.8,0.0,0
2004,1776083875.3209224,19.60545600002206, 0.21261300003061478,0,0,27.8,0.0,0
2005,1776083875.3502088,19.84590099993966, 0.20689000007223513,0,0,27.8,0.0,0
2006,1776083875.3806102,20.08347799994681, 0.2328310000621059,0,0,27.8,0.0,0
2007,1776083875.4107995,20.29061499990803, 0.24963800001387426,0,0,27.8,0.0,0
2008,1776083875.4390187,19.257124999967346, 0.240044000065609,0,0,27.8,0.0,0
2009,1776083875.4689834,19.30664799999704, 0.22155999999995402,0,0,27.8,0.0,0
2010,1776083875.4985805,19.819987999994737, 0.21408199995676114,0,0,27.8,0.0,0
2011,1776083875.530109,20.46120299996801, 0.21820799997840368,0,0,27.8,0.0,0
2012,1776083875.5538015,17.096660999982305, 0.21707100006551627,0,0,27.8,0.0,0
2013,1776083875.5898106,21.380012999998144, 0.24050100000749808,0,0,27.8,0.0,0
2014,1776083875.6156547,18.50000000001728, 0.21281199997247313,0,0,27.8,0.0,0
2015,1776083875.6474178,19.660272999999506, 0.23529800000687828,0,0,27.8,0.0,0
2016,1776083875.6777103,20.174120000092444, 0.21375300002546282,0,0,27.8,0.0,0
2017,1776083875.7081754,20.299649999969915, 0.21231200003057893,0,0,27.8,0.0,0
2018,1776083875.736566,19.252383999969425, 0.240821000033975,1,1,27.8,0.0,0
2019,1776083875.767318,20.96639100000175, 0.23514899999099725,1,1,27.8,0.0,0
2020,1776083876.0530326,19.251163000035376, 257.7502450000111,0,1,27.8,0.0,0
2022,1776083876.0567613,0.213810000104786, 0.2996230000462674,0,1,27.8,0.0,1
2023,1776083876.0736082,0.21699000001262903, 0.3448200000093493,0,1,27.8,0.0,1
2024,1776083876.1046097,1.6791520000651872, 0.30945000003157475,0,0,27.8,0.0,1
2025,1776083876.1370702,0.035374999924897566, 0.26131200002055266,0,0,27.8,0.0,1
2026,1776083876.1627204,0.05864299998847855, 0.34150799990584346,0,0,27.8,0.0,1
2027,1776083876.1920023,0.04042700004447397, 0.33520099998440855,0,0,27.8,0.0,1
2028,1776083876.2219424,0.04553300004772609, 0.3437619999431263,0,0,27.8,0.0,1
2029,1776083876.2516794,0.043875000073967385, 0.35819300001094234,0,0,27.8,0.0,1
2030,1776083876.2808678,0.043283999957566266, 0.3464489999487341,0,0,27.8,0.0,1
2031,1776083876.3107157,0.04238600001826853, 0.37997099991571304,0,0,27.8,0.0,1
2032,1776083876.340634,0.05430100009107264, 0.38698900004874304,0,0,27.8,0.0,1
2033,1776083876.37005,0.0474390000135827, 0.39082800003598095,0,0,27.8,0.0,1
2034,1776083876.400021,0.0449760000265087, 0.35911800000576477,0,0,27.8,0.0,1
2035,1776083876.4295146,0.047171999995043734, 0.3785339999922144,0,0,27.8,0.0,1
2036,1776083876.4598744,0.049498999942443334, 0.3673539999908826,0,0,27.8,0.0,1
2037,1776083876.4894633,0.044732999981533794, 0.34991399991213257,0,0,27.8,0.0,1
2038,1776083876.5190318,0.042999000015697675, 0.3388330000007045,0,0,27.8,0.0,1
2039,1776083876.5488417,0.04402900003697141, 0.3501610000284927,0,0,27.8,0.0,1
2040,1776083876.5787609,0.062032000073486415, 0.3491410000151518,0,0,27.8,0.0,1
2041,1776083876.6081407,0.045118999992155295, 0.3441899999643283,0,0,27.8,0.0,1
2042,1776083876.638141,0.04284700003154285, 0.34230500000376196,0,0,27.8,0.0,1
2043,1776083876.6676586,0.04684600003201922, 0.36727700000938057,0,0,27.8,0.0,1
2044,1776083876.697214,0.04542499993931415, 0.3399270000272736,0,0,27.8,0.0,1
2045,1776083876.726974,0.044402999947124044, 0.3318779999972321,0,0,27.8,0.0,1
2046,1776083876.7568402,0.046143000076881435, 0.34501799996178306,0,0,27.8,0.0,1
2047,1776083876.7867246,0.06083300002046599, 0.34644300001218653,0,0,27.8,0.0,1
2048,1776083876.8161302,0.044503000026452355, 0.3436619999774848,0,0,27.8,0.0,1
2049,1776083876.8459315,0.04490599997097888, 0.34120200007237145,0,0,27.8,0.0,1
2050,1776083876.875784,0.04487499995775579, 0.34214800007248414,0,0,27.8,0.0,1
2051,1776083876.9051697,0.04281999997601815, 0.3353150000293681,0,0,27.8,0.0,1
2052,1776083876.9350464,0.042054000005009584, 0.344217000019853,0,0,27.8,0.0,1
2053,1776083876.9649081,0.04648200001611258, 0.3420790000063789,0,0,27.8,0.0,1
2054,1776083876.9944,0.04397199995764822, 0.35826500004532136,0,0,27.8,0.0,1
2055,1776083877.0243676,0.049622999995335704, 0.37901799998962815,0,0,27.8,0.0,1
2055,1776083877.0853715,31.57926200003658, 0.2233139999816558,0,0,27.8,0.0,0
2056,1776083877.1020927,14.929627000014989, 0.21608600002309686,0,0,27.8,0.0,0
2057,1776083877.1347098,20.21131999993031, 0.2334899999141271,0,0,27.8,0.0,0
2058,1776083877.1619072,18.586744999993243, 0.20526499997686187,0,0,27.8,0.0,0
2059,1776083877.1922445,19.673664000038116, 0.22905499997705192,0,0,27.8,0.0,0
2060,1776083877.2242875,21.29253299995071, 0.22360999992088182,0,0,27.8,0.0,0
2061,1776083877.2520401,19.11925499996414, 0.2040360000137298,0,0,27.8,0.0,0
2062,1776083877.2822025,19.60472899997967, 0.21409399994354317,0,0,27.8,0.0,0
2063,1776083877.312128,20.045305000053304, 0.2191329999732261,0,0,27.8,0.0,0
2064,1776083877.3417368,19.623053999907825, 0.21662500000729779,0,0,27.8,0.0,0
2065,1776083877.3711848,19.486675000052855, 0.23253300003034383,0,0,27.8,0.0,0
2066,1776083877.4007332,19.51812200002223, 0.22273000001860055,0,0,27.8,0.0,0
2067,1776083877.431509,20.348442999988947, 0.2389600000469727,0,0,27.8,0.0,0
2068,1776083877.4592566,19.197082999994564, 0.2265229999238727,0,0,27.8,0.0,0
2069,1776083877.4912336,20.675143000062235, 0.21227600007023284,0,0,27.8,0.0,0
2070,1776083877.5180926,18.60208299990518, 0.20606999999017717,0,0,27.8,0.0,0
2071,1776083877.5496461,19.823472999974, 0.24242400002094655,0,0,27.8,0.0,0
2072,1776083877.5798945,20.076982000091448, 0.22297999998954765,0,0,27.8,0.0,0
2073,1776083877.6047776,17.55498600005012, 0.21528399997805536,0,0,27.8,0.0,0
2074,1776083877.63864,20.274623000091196, 0.25868199998058117,0,0,27.8,0.0,0
2075,1776083877.6681793,19.88290799999959, 0.22660699994503375,0,0,27.8,0.0,0
2076,1776083877.6979635,20.060041000078854, 0.21669000000201777,0,0,27.8,0.0,0
2077,1776083877.7270913,19.555908000029376, 0.20000999995772872,0,0,27.8,0.0,0
2078,1776083877.757993,20.124272999964887, 0.21483300008640072,0,0,27.8,0.0,0
2079,1776083877.786725,19.298525999943195, 0.21049699989816872,0,0,27.8,0.0,0
2080,1776083877.8176467,20.198438999955215, 0.22191000005022943,0,0,27.8,0.0,0
2081,1776083877.8457665,19.091000999992502, 0.24443699999210367,0,0,27.8,0.0,0
2082,1776083877.87671,20.007537999958913, 0.24084899996523745,0,0,27.8,0.0,0
2083,1776083877.9065764,20.031643000038457, 0.2430419999654987,0,0,27.8,0.0,0
2084,1776083877.9343927,18.795371000010164, 0.2266309999185978,0,0,27.8,0.0,0
2085,1776083877.9666321,20.540189000030296, 0.24652600006902503,0,0,27.8,0.0,0
2086,1776083877.996259,20.838640999954805, 0.22971900000356982,0,0,27.8,0.0,0
2087,1776083878.0234942,18.346819999919717, 0.21706600000470644,0,0,27.8,0.0,0
2088,1776083878.054722,20.413329999996677, 0.2480699999978242,0,0,27.8,0.0,0
2089,1776083878.0843337,19.90469600002598, 0.2341829999750189,0,0,27.8,0.0,0
2090,1776083878.1140625,19.711634000032063, 0.20497899993188184,0,0,27.8,0.0,0
2091,1776083878.1431036,19.519521000006534, 0.2059769999505079,0,0,27.8,0.0,0
2092,1776083878.1745355,20.498537000094075, 0.22389299999758805,0,0,27.8,0.0,0
2093,1776083878.2038963,19.993982999949367, 0.20498499998211628,0,0,27.8,0.0,0
2094,1776083878.2339184,20.563027999969563, 0.2188050000313524,0,0,27.8,0.0,0
2095,1776083878.2619581,19.463680999933786, 0.23015599992959324,0,0,27.8,0.0,0
2096,1776083878.2898867,19.05364300000656, 0.22393200003989477,0,0,27.8,0.0,0
2097,1776083878.3228917,20.524001000012504, 0.2201820000209409,0,0,27.8,0.0,0
2098,1776083878.3512824,19.407762000014372, 0.22315399996841734,0,0,27.8,0.0,0
2099,1776083878.3831587,20.941933000017343, 0.22551199992904003,0,0,27.8,0.0,0
2100,1776083878.4109726,18.895767000003616, 0.19944800010307517,0,0,27.8,0.0,0
2101,1776083878.44085,19.820512000023882, 0.2108600000383376,0,0,27.8,0.0,0
2102,1776083878.4694803,19.31936300002235, 0.23466200002530968,0,0,27.8,0.0,0
2103,1776083878.4991186,19.946266000033575, 0.2020709999897008,0,0,27.8,0.0,0
2104,1776083878.5296957,20.27559399994061, 0.23231000000123458,0,0,27.8,0.0,0
2105,1776083878.5607193,20.72413099995174, 0.28898400000798574,0,0,27.8,0.0,0
2106,1776083878.5892947,19.555279999963204, 0.23217700004352082,0,0,27.8,0.0,0
2107,1776083878.6191628,20.06967199997689, 0.20371400000840367,0,0,27.8,0.0,0
2108,1776083878.6464522,18.831763000093815, 0.22398400005840813,0,0,27.8,0.0,0
2109,1776083878.6785097,20.019886000000042, 0.21767800001271098,0,0,27.8,0.0,0
2110,1776083878.7162778,27.99982600004114, 0.26697299995248613,0,0,27.8,0.0,0
