frame,track,x,y,vx,vy,speed,state,cov
3,0,874.0,1317.0,0.00,0.00,0.00,0,12.05
4,0,874.0,1316.7,0.00,-0.02,0.02,0,7.50
4,1,937.0,1317.0,0.00,0.00,0.00,0,12.01
5,0,874.0,1316.7,0.00,-0.02,0.02,0,9.55
5,1,931.8,1325.8,-0.15,0.25,0.29,0,7.48
7,0,874.0,1316.7,0.00,-0.02,0.02,0,13.48
7,1,931.7,1325.9,-0.15,0.25,0.29,0,10.89
8,0,874.0,1316.7,0.00,-0.02,0.02,0,15.70
8,1,931.7,1325.9,-0.15,0.25,0.29,0,13.06
9,1,931.7,1325.9,-0.15,0.25,0.29,0,15.40
43,2,1159.0,1276.0,0.00,0.00,0.00,0,12.01
44,2,1159.0,1276.0,0.00,0.00,0.00,0,14.04
45,2,1159.0,1276.0,0.00,0.00,0.00,0,16.09
47,2,1159.0,1276.0,0.00,0.00,0.00,0,19.97
209,3,1449.0,633.0,0.00,0.00,0.00,0,12.01
209,4,1021.0,1228.0,0.00,0.00,0.00,0,12.01
211,5,1027.0,1236.0,0.00,0.00,0.00,0,12.01
211,6,1032.0,1246.0,0.00,0.00,0.00,0,12.01
212,5,1028.3,1238.6,0.03,0.06,0.07,0,7.47
212,6,1033.0,1248.3,0.02,0.06,0.06,0,7.47
213,5,1029.8,1241.8,0.13,0.27,0.30,0,6.31
215,5,1029.8,1241.9,0.13,0.27,0.30,0,9.94
216,5,1029.8,1241.9,0.13,0.27,0.30,0,12.14
217,5,1029.8,1241.9,0.13,0.27,0.30,0,14.48
248,7,1037.0,1043.0,0.00,0.00,0.00,0,12.01
248,8,1034.0,1054.0,0.00,0.00,0.00,0,12.01
250,10,1142.0,731.0,0.00,0.00,0.00,0,12.01
250,11,1031.0,1063.0,0.00,0.00,0.00,0,12.01
250,12,1026.0,1073.0,0.00,0.00,0.00,0,12.01
251,10,1141.0,731.0,-0.02,0.00,0.02,0,7.47
251,11,1029.4,1066.3,-0.04,0.08,0.09,0,7.47
251,12,1024.0,1075.6,-0.05,0.06,0.08,0,7.47
251,13,1149.0,729.0,0.00,0.00,0.00,0,12.01
252,10,1142.6,730.5,0.07,-0.03,0.08,0,6.30
252,11,1027.2,1070.1,-0.17,0.31,0.35,0,6.30
254,10,1142.6,730.5,0.07,-0.03,0.08,0,9.99
254,11,1027.2,1070.1,-0.17,0.31,0.35,0,9.99
255,10,1142.6,730.5,0.07,-0.03,0.08,0,12.12
255,11,1027.2,1070.2,-0.17,0.31,0.35,0,12.12
256,10,1142.6,730.5,0.07,-0.03,0.08,0,14.47
256,11,1027.2,1070.2,-0.17,0.31,0.35,0,14.47
287,14,1309.0,413.0,0.00,0.00,0.00,0,12.01
287,15,1306.0,424.0,0.00,0.00,0.00,0,12.01
289,16,1311.0,391.0,0.00,0.00,0.00,0,12.01
289,17,1310.0,403.0,0.00,0.00,0.00,0,12.01
290,16,1311.0,391.7,0.00,0.02,0.02,0,7.47
290,17,1310.0,403.0,0.00,0.00,0.00,0,14.03
291,16,1310.7,389.2,-0.02,-0.14,0.14,0,6.31
293,16,1310.7,389.1,-0.02,-0.14,0.14,0,10.00
294,16,1310.7,389.1,-0.02,-0.14,0.14,0,12.13
295,16,1310.7,389.1,-0.02,-0.14,0.14,0,14.47
335,18,886.0,787.0,0.00,0.00,0.00,0,12.01
336,18,886.0,787.0,0.00,0.00,0.00,0,14.04
337,18,885.3,787.0,-0.03,0.00,0.03,0,7.87
339,18,885.3,787.0,-0.03,0.00,0.03,0,11.52
340,18,885.3,787.0,-0.03,0.00,0.03,0,13.67
341,18,885.3,787.0,-0.03,0.00,0.03,0,16.02
515,19,650.0,634.0,0.00,0.00,0.00,0,12.01
517,21,640.0,632.0,0.00,0.00,0.00,0,12.01
517,22,628.0,634.0,0.00,0.00,0.00,0,12.01
518,21,636.4,632.3,-0.09,0.01,0.09,0,7.47
518,22,624.4,635.6,-0.09,0.04,0.10,0,7.47
519,21,631.9,634.0,-0.38,0.12,0.40,0,6.31
521,21,631.8,634.1,-0.38,0.12,0.40,0,9.97
522,21,631.8,634.1,-0.38,0.12,0.40,0,12.13
523,21,631.8,634.1,-0.38,0.12,0.40,0,14.53
561,23,920.0,1171.0,0.00,0.00,0.00,0,12.01
562,23,920.0,1171.0,0.00,0.00,0.00,0,14.04
563,23,920.0,1171.0,0.00,0.00,0.00,0,16.09
565,23,920.0,1171.0,0.00,0.00,0.00,0,20.04
598,24,1104.0,1189.0,0.00,0.00,0.00,0,12.01
599,24,1104.0,1189.0,0.00,0.00,0.00,0,14.04
600,24,1104.0,1189.0,0.00,0.00,0.00,0,16.09
602,24,1104.0,1189.0,0.00,0.00,0.00,0,19.97
659,26,919.0,516.0,0.00,0.00,0.00,0,12.01
660,26,920.6,513.4,0.04,-0.07,0.08,0,7.48
661,26,920.6,513.4,0.04,-0.07,0.08,0,9.52
663,26,920.7,513.4,0.04,-0.07,0.08,0,13.32
664,26,920.7,513.4,0.04,-0.07,0.08,0,15.46
697,29,673.0,1094.0,0.00,0.00,0.00,0,12.04
697,30,693.0,1101.0,0.00,0.00,0.00,0,12.04
698,29,673.0,1094.0,0.00,0.00,0.00,0,14.07
698,30,693.0,1101.0,0.00,0.00,0.00,0,14.07
699,29,668.1,1092.2,-0.31,-0.11,0.33,0,8.01
699,30,693.0,1101.0,0.00,0.00,0.00,0,16.32
701,29,668.0,1092.2,-0.31,-0.11,0.33,0,12.20
701,30,693.0,1101.0,0.00,0.00,0.00,0,20.81
702,29,668.0,1092.2,-0.31,-0.11,0.33,0,14.55
703,29,668.0,1092.2,-0.31,-0.11,0.33,0,16.93
734,32,1330.0,951.0,0.00,0.00,0.00,0,12.01
736,35,1322.0,954.0,0.00,0.00,0.00,0,12.01
736,36,1314.0,958.0,0.00,0.00,0.00,0,12.01
737,35,1319.7,955.0,-0.05,0.02,0.05,0,7.47
737,36,1311.7,959.3,-0.05,0.03,0.06,0,7.47
738,35,1316.7,956.5,-0.23,0.11,0.26,0,6.30
740,35,1316.6,956.6,-0.23,0.11,0.26,0,9.91
741,35,1316.6,956.6,-0.23,0.11,0.26,0,12.11
742,35,1316.6,956.6,-0.23,0.11,0.26,0,14.45
776,37,1090.0,1250.0,0.00,0.00,0.00,0,12.01
777,37,1087.1,1251.0,-0.07,0.02,0.07,0,7.47
778,37,1083.2,1251.8,-0.32,0.07,0.32,0,6.31
780,37,1083.1,1251.8,-0.32,0.07,0.32,0,9.96
781,37,1083.1,1251.8,-0.32,0.07,0.32,0,12.13
782,37,1083.1,1251.8,-0.32,0.07,0.32,0,14.48
848,38,1467.0,589.0,0.00,0.00,0.00,0,12.01
849,38,1467.0,589.3,0.00,0.01,0.01,0,7.48
850,38,1467.5,588.2,0.04,-0.07,0.08,0,6.31
852,38,1467.5,588.2,0.04,-0.07,0.08,0,9.98
853,38,1467.5,588.2,0.04,-0.07,0.08,0,12.11
854,38,1467.5,588.2,0.04,-0.07,0.08,0,14.47
885,39,1344.0,635.0,0.00,0.00,0.00,0,12.01
886,39,1344.0,635.0,0.00,0.00,0.00,0,14.07
886,40,1086.0,724.0,0.00,0.00,0.00,0,12.03
887,39,1344.0,635.0,0.00,0.00,0.00,0,16.12
887,40,1089.9,725.3,0.17,0.06,0.17,0,7.48
889,39,1344.0,635.0,0.00,0.00,0.00,0,20.04
889,40,1090.0,725.3,0.17,0.06,0.17,0,10.84
890,40,1090.0,725.3,0.17,0.06,0.17,0,12.87
891,40,1090.0,725.3,0.17,0.06,0.17,0,15.20
922,41,1152.0,566.0,0.00,0.00,0.00,0,12.01
922,42,1166.0,569.0,0.00,0.00,0.00,0,12.01
923,41,1152.3,566.3,0.01,0.01,0.01,0,7.52
923,42,1166.0,569.0,0.00,0.00,0.00,0,14.09
923,43,1065.0,713.0,0.00,0.00,0.00,0,12.04
923,44,1052.0,722.0,0.00,0.00,0.00,0,12.04
924,41,1152.3,566.3,0.01,0.01,0.01,0,9.58
926,41,1152.3,566.3,0.01,0.01,0.01,0,13.53
927,41,1152.3,566.3,0.01,0.01,0.01,0,15.74
959,45,508.0,576.0,0.00,0.00,0.00,0,12.01
959,46,511.0,581.0,0.00,0.00,0.00,0,12.01
1023,47,999.0,1135.0,0.00,0.00,0.00,0,12.01
1024,47,999.0,1135.0,0.00,0.00,0.00,0,14.04
1025,47,993.0,1134.3,-0.28,-0.03,0.28,0,7.87
1025,48,972.0,1131.0,0.00,0.00,0.00,0,12.01
1027,47,993.0,1134.3,-0.28,-0.03,0.28,0,11.53
1027,48,972.0,1131.0,0.00,0.00,0.00,0,15.13
1028,47,993.0,1134.3,-0.28,-0.03,0.28,0,13.69
1028,48,972.0,1131.0,0.00,0.00,0.00,0,17.24
1029,47,992.9,1134.3,-0.28,-0.03,0.28,0,16.03
1029,48,972.0,1131.0,0.00,0.00,0.00,0,19.49
1060,49,904.0,956.0,0.00,0.00,0.00,0,12.01
1060,50,910.0,968.0,0.00,0.00,0.00,0,12.01
1061,49,904.0,956.0,0.00,0.00,0.00,0,14.47
1061,50,910.0,968.0,0.00,0.00,0.00,0,14.47
1062,49,903.6,955.3,-0.06,-0.12,0.13,0,8.01
1064,49,903.6,955.3,-0.06,-0.12,0.13,0,12.17
1065,49,903.6,955.3,-0.06,-0.12,0.13,0,14.23
1066,49,903.6,955.2,-0.06,-0.12,0.13,0,16.69
1115,51,1058.0,1177.0,0.00,0.00,0.00,0,12.01
1117,53,1031.0,1164.0,0.00,0.00,0.00,0,12.01
1117,54,1046.0,1170.0,0.00,0.00,0.00,0,12.01
1118,53,1031.7,1164.3,0.02,0.01,0.02,0,7.47
1118,54,1037.2,1167.4,-0.25,-0.07,0.26,0,7.47
1119,53,1028.7,1163.7,-0.17,-0.03,0.18,0,6.30
1121,53,1028.6,1163.7,-0.17,-0.03,0.18,0,9.98
1122,53,1028.6,1163.7,-0.17,-0.03,0.18,0,12.11
1123,53,1028.6,1163.7,-0.17,-0.03,0.18,0,14.46
1160,55,1070.0,1179.0,0.00,0.00,0.00,0,12.01
1162,58,1055.0,1178.0,0.00,0.00,0.00,0,12.01
1162,59,1151.0,1193.0,0.00,0.00,0.00,0,12.01
1162,60,1159.0,1192.0,0.00,0.00,0.00,0,12.01
1163,58,1055.0,1178.0,0.00,0.00,0.00,0,14.04
1163,59,1151.3,1192.3,0.01,-0.02,0.02,0,7.48
1163,60,1156.4,1194.0,-0.07,0.05,0.08,0,7.48
1164,58,1054.6,1178.0,-0.02,0.00,0.02,0,7.87
1164,59,1151.0,1193.0,-0.01,0.03,0.03,0,6.31
1166,58,1054.6,1178.0,-0.02,0.00,0.02,0,11.48
1166,59,1151.0,1193.0,-0.01,0.03,0.03,0,9.93
1167,58,1054.6,1178.0,-0.02,0.00,0.02,0,13.69
1167,59,1151.0,1193.0,-0.01,0.03,0.03,0,12.13
1168,58,1054.6,1178.0,-0.02,0.00,0.02,0,16.03
1168,59,1151.0,1193.0,-0.01,0.03,0.03,0,14.48
1223,62,1417.0,620.0,0.00,0.00,0.00,0,12.01
1223,63,1428.0,627.0,0.00,0.00,0.00,0,12.01
1225,64,1406.0,613.0,0.00,0.00,0.00,0,12.01
1226,64,1406.0,613.0,0.00,0.00,0.00,0,14.03
1227,64,1406.0,613.0,0.00,0.00,0.00,0,16.09
1229,64,1406.0,613.0,0.00,0.00,0.00,0,19.96
1267,65,701.0,1029.0,0.00,0.00,0.00,0,12.02
1268,65,700.3,1032.3,-0.02,0.11,0.11,0,7.47
1269,65,700.0,1034.0,-0.04,0.21,0.22,0,6.30
1271,65,700.0,1034.1,-0.04,0.21,0.22,0,9.93
1272,65,700.0,1034.1,-0.04,0.21,0.22,0,12.08
1273,65,700.0,1034.1,-0.04,0.21,0.22,0,14.42
1305,66,588.0,1162.0,0.00,0.00,0.00,0,12.04
1306,66,589.0,1162.3,0.05,0.02,0.05,0,7.49
1307,66,590.5,1162.8,0.17,0.05,0.18,0,6.31
1309,66,590.6,1162.8,0.17,0.05,0.18,0,10.01
1310,66,590.6,1162.8,0.17,0.05,0.18,0,12.18
1311,66,590.6,1162.8,0.17,0.05,0.18,0,14.53
1342,67,1226.0,993.0,0.00,0.00,0.00,0,12.01
1342,68,1228.0,999.0,0.00,0.00,0.00,0,12.01
1343,67,1226.7,994.6,0.02,0.04,0.04,0,7.51
1343,68,1228.0,999.0,0.00,0.00,0.00,0,14.08
1344,67,1226.7,994.6,0.02,0.04,0.04,0,9.55
1346,67,1226.7,994.7,0.02,0.04,0.04,0,13.42
1347,67,1226.7,994.7,0.02,0.04,0.04,0,15.76
1379,69,896.0,908.0,0.00,0.00,0.00,0,12.01
1379,70,905.0,909.0,0.00,0.00,0.00,0,12.01
1381,71,887.0,909.0,0.00,0.00,0.00,0,12.01
1382,71,885.7,909.3,-0.03,0.01,0.03,0,7.46
1383,71,884.0,910.0,-0.09,0.03,0.10,0,6.29
1385,71,883.9,910.0,-0.09,0.03,0.10,0,9.84
1386,71,883.9,910.0,-0.09,0.03,0.10,0,12.05
1387,71,883.9,910.0,-0.09,0.03,0.10,0,14.39
1419,72,955.0,1277.0,0.00,0.00,0.00,0,12.04
1420,72,955.0,1277.0,0.00,0.00,0.00,0,14.11
1421,72,956.1,1278.4,0.08,0.11,0.14,0,7.96
1421,73,961.0,1297.0,0.00,0.00,0.00,0,12.04
1423,72,956.1,1278.4,0.08,0.11,0.14,0,12.01
1423,73,961.0,1297.0,0.00,0.00,0.00,0,15.36
1424,72,956.1,1278.4,0.08,0.11,0.14,0,14.31
1424,73,961.0,1297.0,0.00,0.00,0.00,0,17.57
1425,72,956.1,1278.5,0.08,0.11,0.14,0,16.76
1425,73,961.0,1297.0,0.00,0.00,0.00,0,19.88
1456,74,766.0,1185.0,0.00,0.00,0.00,0,12.01
1457,74,766.0,1185.7,0.00,0.02,0.02,0,7.51
1457,75,770.0,1179.0,0.00,0.00,0.00,0,12.03
1458,74,766.0,1185.7,0.00,0.02,0.02,0,9.56
1460,74,766.0,1185.7,0.00,0.02,0.02,0,13.47
1461,74,766.0,1185.7,0.00,0.02,0.02,0,15.75
1537,77,897.0,1305.0,0.00,0.00,0.00,0,12.01
1538,77,897.0,1305.0,0.00,0.00,0.00,0,7.48
1538,78,909.0,1301.0,0.00,0.00,0.00,0,12.01
1539,77,899.8,1304.2,0.19,-0.05,0.20,0,6.31
1541,77,899.9,1304.2,0.19,-0.05,0.20,0,9.93
1542,77,899.9,1304.2,0.19,-0.05,0.20,0,12.14
1543,77,899.9,1304.2,0.19,-0.05,0.20,0,14.47
1574,79,696.0,966.0,0.00,0.00,0.00,0,12.01
1574,80,711.0,975.0,0.00,0.00,0.00,0,12.01
1577,81,647.0,952.0,0.00,0.00,0.00,0,12.00
1578,81,647.0,952.0,0.00,0.00,0.00,0,14.02
1579,81,642.4,952.7,-0.15,0.02,0.16,0,7.86
1581,81,642.4,952.7,-0.15,0.02,0.16,0,11.49
1582,81,642.4,952.7,-0.15,0.02,0.16,0,13.65
1583,81,642.4,952.7,-0.15,0.02,0.16,0,15.98
1669,82,1231.0,1235.0,0.00,0.00,0.00,0,12.01
1670,82,1231.0,1235.0,0.00,0.00,0.00,0,14.04
1671,82,1231.0,1235.0,0.00,0.00,0.00,0,16.09
1673,82,1231.0,1235.0,0.00,0.00,0.00,0,19.99
1746,83,1484.0,848.0,0.00,0.00,0.00,0,12.01
1747,83,1484.0,848.0,0.00,0.00,0.00,0,14.04
1748,83,1484.0,848.0,0.00,0.00,0.00,0,16.09
1750,83,1484.0,848.0,0.00,0.00,0.00,0,19.96
1787,84,1290.0,1223.0,0.00,0.00,0.00,0,12.01
1789,86,1281.0,1206.0,0.00,0.00,0.00,0,12.01
1789,87,1287.0,1216.0,0.00,0.00,0.00,0,12.01
1789,88,765.0,1243.0,0.00,0.00,0.00,0,12.01
1790,86,1281.3,1206.3,0.01,0.01,0.01,0,7.48
1790,87,1283.4,1210.4,-0.09,-0.14,0.17,0,7.48
1790,88,766.0,1243.0,0.03,0.00,0.03,0,7.48
1790,89,752.0,1241.0,0.00,0.00,0.00,0,12.01
1791,86,1280.2,1204.7,-0.07,-0.10,0.12,0,6.31
1791,88,763.2,1242.7,-0.16,-0.02,0.17,0,6.31
1793,86,1280.2,1204.7,-0.07,-0.10,0.12,0,9.97
1793,88,763.1,1242.7,-0.16,-0.02,0.17,0,9.97
1794,86,1280.2,1204.7,-0.07,-0.10,0.12,0,12.14
1794,88,763.1,1242.7,-0.16,-0.02,0.17,0,12.14
1795,86,1280.2,1204.7,-0.07,-0.10,0.12,0,14.53
1795,88,763.1,1242.7,-0.16,-0.02,0.17,0,14.53
1827,90,1563.0,713.0,0.00,0.00,0.00,0,12.04
1828,90,1563.0,713.0,0.00,0.00,0.00,0,7.49
1829,90,1563.0,713.0,0.00,0.00,0.00,0,9.54
1831,90,1563.0,713.0,0.00,0.00,0.00,0,13.39
1832,90,1563.0,713.0,0.00,0.00,0.00,0,15.54
1915,91,651.0,1017.0,0.00,0.00,0.00,0,12.01
1916,91,651.3,1017.0,0.01,0.00,0.01,0,7.47
1917,91,651.3,1017.0,0.01,0.00,0.01,0,9.52
1919,91,651.3,1017.0,0.01,0.00,0.01,0,13.31
1920,91,651.3,1017.0,0.01,0.00,0.01,0,15.45
1954,92,811.0,1002.0,0.00,0.00,0.00,0,12.01
1955,92,811.0,1003.6,0.00,0.03,0.03,0,7.46
1955,93,1331.0,1151.0,0.00,0.00,0.00,0,12.00
1956,92,811.0,1003.6,0.00,0.03,0.03,0,9.49
1958,92,811.0,1003.6,0.00,0.03,0.03,0,13.17
1959,92,811.0,1003.6,0.00,0.03,0.03,0,15.32
2003,94,1167.0,1227.0,0.00,0.00,0.00,0,12.01
2004,94,1167.0,1227.0,0.00,0.00,0.00,0,14.04
2005,94,1168.1,1227.7,0.05,0.03,0.06,0,7.87
2007,94,1168.1,1227.7,0.05,0.03,0.06,0,11.58
2008,94,1168.1,1227.7,0.05,0.03,0.06,0,13.67
2009,94,1168.1,1227.7,0.05,0.03,0.06,0,16.02
2040,95,687.0,409.0,0.00,0.00,0.00,0,12.01
2041,95,687.0,409.0,0.00,0.00,0.00,0,14.04
2042,95,687.0,409.0,0.00,0.00,0.00,0,16.09
2044,95,687.0,409.0,0.00,0.00,0.00,0,20.02
2079,96,1351.0,1164.0,0.00,0.00,0.00,0,12.01
2080,96,1351.3,1164.0,0.01,0.00,0.01,0,7.46
2080,97,1340.0,1165.0,0.00,0.00,0.00,0,12.00
2081,96,1348.9,1164.3,-0.10,0.01,0.10,0,6.28
2081,97,1336.7,1165.3,-0.05,0.00,0.05,0,7.46
2083,96,1348.9,1164.3,-0.10,0.01,0.10,0,9.74
2083,97,1336.7,1165.3,-0.05,0.00,0.05,0,10.69
2084,96,1348.9,1164.3,-0.10,0.01,0.10,0,11.93
2084,97,1336.7,1165.3,-0.05,0.00,0.05,0,12.85
2085,96,1348.9,1164.3,-0.10,0.01,0.10,0,14.26
2085,97,1336.7,1165.3,-0.05,0.00,0.05,0,15.13
2116,98,1152.0,718.0,0.00,0.00,0.00,0,12.01
2117,98,1150.7,719.0,-0.03,0.02,0.04,0,7.50
2118,98,1150.8,719.5,-0.02,0.08,0.08,0,6.31
2120,98,1150.8,719.5,-0.02,0.08,0.08,0,9.95
2121,98,1150.8,719.5,-0.02,0.08,0.08,0,12.00
2122,98,1150.8,719.5,-0.02,0.08,0.08,0,14.39
2153,99,1166.0,1248.0,0.00,0.00,0.00,0,12.01
2153,100,1183.0,1249.0,0.00,0.00,0.00,0,12.01
2155,103,725.0,1082.0,0.00,0.00,0.00,0,12.01
2155,104,730.0,1093.0,0.00,0.00,0.00,0,12.01
2156,103,725.0,1082.7,0.00,0.01,0.01,0,7.47
2156,104,726.7,1086.1,-0.07,-0.14,0.16,0,7.47
2156,105,1038.0,1399.0,0.00,0.00,0.00,0,12.01
2157,103,723.7,1080.2,-0.08,-0.14,0.16,0,6.31
2159,103,723.7,1080.1,-0.08,-0.14,0.16,0,9.97
2160,103,723.7,1080.1,-0.08,-0.14,0.16,0,12.12
2161,103,723.7,1080.1,-0.08,-0.14,0.16,0,14.46
2198,106,785.0,912.0,0.00,0.00,0.00,0,12.01
2200,108,780.0,916.0,0.00,0.00,0.00,0,12.01
2200,109,774.0,927.0,0.00,0.00,0.00,0,12.01
2201,108,778.0,919.3,-0.05,0.08,0.09,0,7.48
2201,109,774.0,927.0,0.00,0.00,0.00,0,14.04
2202,108,778.0,919.3,-0.05,0.08,0.09,0,9.52
2204,108,778.0,919.3,-0.05,0.08,0.09,0,13.25
2205,108,778.0,919.3,-0.05,0.08,0.09,0,15.49
2238,110,1323.0,953.0,0.00,0.00,0.00,0,12.04
2239,110,1321.7,953.0,-0.07,0.00,0.07,0,7.49
2240,110,1320.2,953.3,-0.19,0.02,0.19,0,6.31
2242,110,1320.2,953.3,-0.19,0.02,0.19,0,9.98
2243,110,1320.2,953.3,-0.19,0.02,0.19,0,12.15
2244,110,1320.2,953.3,-0.19,0.02,0.19,0,14.50
2337,111,1453.0,1100.0,0.00,0.00,0.00,0,12.01
2338,111,1453.3,1100.0,0.01,0.00,0.01,0,7.48
2338,112,1443.0,1094.0,0.00,0.00,0.00,0,12.01
2339,111,1450.9,1098.5,-0.17,-0.11,0.21,0,6.31
2339,112,1440.1,1093.3,-0.09,-0.02,0.09,0,7.48
2341,111,1450.9,1098.4,-0.17,-0.11,0.21,0,9.95
2341,112,1440.0,1093.3,-0.09,-0.02,0.09,0,10.84
2342,111,1450.9,1098.4,-0.17,-0.11,0.21,0,12.11
2342,112,1440.0,1093.3,-0.09,-0.02,0.09,0,12.98
2343,111,1450.9,1098.4,-0.17,-0.11,0.21,0,14.45
2343,112,1440.0,1093.3,-0.09,-0.02,0.09,0,15.27
2374,113,1012.0,1169.0,0.00,0.00,0.00,0,12.01
2375,113,1012.0,1168.7,0.00,-0.01,0.01,0,7.48
2375,114,1016.0,1181.0,0.00,0.00,0.00,0,12.01
2376,113,1012.8,1171.3,0.05,0.18,0.19,0,6.31
2378,113,1012.8,1171.4,0.05,0.18,0.19,0,9.97
2379,113,1012.8,1171.4,0.05,0.18,0.19,0,12.12
2380,113,1012.8,1171.4,0.05,0.18,0.19,0,14.46
2474,115,1044.0,770.0,0.00,0.00,0.00,0,12.01
2475,115,1044.0,770.0,0.00,0.00,0.00,0,14.04
2476,115,1044.0,770.0,0.00,0.00,0.00,0,16.09
2478,115,1044.0,770.0,0.00,0.00,0.00,0,19.97
2548,118,689.0,1119.0,0.00,0.00,0.00,0,12.01
2549,118,691.9,1120.3,0.07,0.03,0.08,0,7.47
2550,118,692.7,1120.7,0.12,0.06,0.14,0,6.31
2552,118,692.8,1120.8,0.12,0.06,0.14,0,9.96
2553,118,692.8,1120.8,0.12,0.06,0.14,0,12.13
2554,118,692.8,1120.8,0.12,0.06,0.14,0,14.53
2655,120,595.0,1242.0,0.00,0.00,0.00,0,12.01
2656,120,595.3,1242.3,0.01,0.01,0.01,0,7.48
2656,121,591.0,1232.0,0.00,0.00,0.00,0,12.01
2657,120,594.2,1239.9,-0.07,-0.15,0.16,0,6.31
2657,121,589.4,1228.4,-0.04,-0.09,0.10,0,7.47
2659,120,594.2,1239.9,-0.07,-0.15,0.16,0,9.94
2659,121,589.4,1228.4,-0.04,-0.09,0.10,0,10.84
2660,120,594.2,1239.9,-0.07,-0.15,0.16,0,12.13
2660,121,589.3,1228.4,-0.04,-0.09,0.10,0,13.00
2661,120,594.2,1239.9,-0.07,-0.15,0.16,0,14.47
2661,121,589.3,1228.4,-0.04,-0.09,0.10,0,15.29
2692,122,1291.0,797.0,0.00,0.00,0.00,0,12.01
2693,122,1291.0,797.0,0.00,0.00,0.00,0,14.04
2693,123,401.0,875.0,0.00,0.00,0.00,0,12.01
2693,124,407.0,883.0,0.00,0.00,0.00,0,12.01
2694,122,1291.0,797.0,0.00,0.00,0.00,0,16.09
2696,122,1291.0,797.0,0.00,0.00,0.00,0,19.99
2735,125,322.0,846.0,0.00,0.00,0.00,0,12.01
2736,125,322.0,846.3,0.00,0.01,0.01,0,7.46
2737,125,322.0,846.3,0.00,0.01,0.01,0,9.48
2739,125,322.0,846.3,0.00,0.01,0.01,0,13.00
2740,125,322.0,846.3,0.00,0.01,0.01,0,15.22
2786,126,704.0,1096.0,0.00,0.00,0.00,0,12.01
2788,128,695.0,1103.0,0.00,0.00,0.00,0,12.01
2788,129,686.0,1111.0,0.00,0.00,0.00,0,12.01
2789,128,692.7,1105.3,-0.06,0.06,0.08,0,7.48
2789,129,684.0,1113.6,-0.05,0.06,0.08,0,7.48
2790,128,689.4,1108.3,-0.27,0.26,0.37,0,6.31
2792,128,689.4,1108.4,-0.27,0.26,0.37,0,9.96
2793,128,689.4,1108.4,-0.27,0.26,0.37,0,12.12
2794,128,689.3,1108.4,-0.27,0.26,0.37,0,14.47
2992,130,591.0,1217.0,0.00,0.00,0.00,0,12.01
2993,130,590.7,1216.7,-0.01,-0.01,0.01,0,7.47
2993,131,595.0,1224.0,0.00,0.00,0.00,0,12.01
2994,130,591.8,1218.3,0.06,0.10,0.12,0,6.31
2996,130,591.8,1218.3,0.06,0.10,0.12,0,9.99
2997,130,591.8,1218.3,0.06,0.10,0.12,0,12.12
2998,130,591.8,1218.3,0.06,0.10,0.12,0,14.47
3029,132,962.0,1173.0,0.00,0.00,0.00,0,12.01
3029,133,957.0,1180.0,0.00,0.00,0.00,0,12.01
3031,134,960.0,1162.0,0.00,0.00,0.00,0,12.01
3031,135,963.0,1169.0,0.00,0.00,0.00,0,12.01
3032,134,960.3,1162.3,0.01,0.01,0.01,0,7.47
3032,135,960.7,1164.7,-0.05,-0.10,0.11,0,7.47
3033,134,959.5,1161.2,-0.05,-0.06,0.08,0,6.30
3035,134,959.5,1161.2,-0.05,-0.06,0.08,0,9.91
3036,134,959.5,1161.2,-0.05,-0.06,0.08,0,12.13
3037,134,959.5,1161.2,-0.05,-0.06,0.08,0,14.48
3186,136,964.0,1374.0,0.00,0.00,0.00,0,12.01
3187,136,965.0,1372.0,0.02,-0.05,0.05,0,7.48
3188,136,966.0,1369.5,0.09,-0.22,0.24,0,6.31
3190,136,966.0,1369.4,0.09,-0.22,0.24,0,9.97
3191,136,966.0,1369.4,0.09,-0.22,0.24,0,12.13
3192,136,966.0,1369.4,0.09,-0.22,0.24,0,14.47
3229,137,853.0,1000.0,0.00,0.00,0.00,0,12.01
3230,137,853.0,1000.0,0.00,0.00,0.00,0,14.04
3231,137,853.0,1000.0,0.00,0.00,0.00,0,16.09
3233,137,853.0,1000.0,0.00,0.00,0.00,0,19.96
3334,140,1454.0,851.0,0.00,0.00,0.00,0,12.01
3335,140,1454.0,851.0,0.00,0.00,0.00,0,14.02
3336,140,1454.0,851.0,0.00,0.00,0.00,0,16.06
3338,140,1454.0,851.0,0.00,0.00,0.00,0,19.86
3506,141,979.0,1197.0,0.00,0.00,0.00,0,12.01
3507,141,979.0,1197.0,0.00,0.00,0.00,0,14.04
3508,141,979.0,1197.0,0.00,0.00,0.00,0,16.09
3508,142,957.0,1141.0,0.00,0.00,0.00,0,12.01
3510,141,979.0,1197.0,0.00,0.00,0.00,0,19.97
3510,142,957.0,1141.0,0.00,0.00,0.00,0,15.13
3511,142,957.0,1141.0,0.00,0.00,0.00,0,17.24
3512,142,957.0,1141.0,0.00,0.00,0.00,0,19.49
3547,143,1364.0,565.0,0.00,0.00,0.00,0,12.01
3548,143,1364.0,565.0,0.00,0.00,0.00,0,14.04
3549,143,1364.0,565.0,0.00,0.00,0.00,0,16.13
3551,143,1364.0,565.0,0.00,0.00,0.00,0,20.17
3589,144,682.0,563.0,0.00,0.00,0.00,0,12.01
3590,144,682.0,563.3,0.00,0.01,0.01,0,7.47
3591,144,682.0,563.3,0.00,0.01,0.01,0,9.52
3593,144,682.0,563.3,0.00,0.01,0.01,0,13.29
3594,144,682.0,563.3,0.00,0.01,0.01,0,15.48
3694,145,372.0,730.0,0.00,0.00,0.00,0,12.01
3695,145,371.7,729.7,-0.01,-0.01,0.01,0,7.47
3696,145,371.7,729.7,-0.01,-0.01,0.01,0,9.52
3698,145,371.7,729.7,-0.01,-0.01,0.01,0,13.29
3699,145,371.7,729.7,-0.01,-0.01,0.01,0,15.46
3732,146,1467.0,696.0,0.00,0.00,0.00,0,12.19
3733,146,1467.0,696.0,0.00,0.00,0.00,0,14.27
3734,146,1467.4,696.0,0.04,0.00,0.04,0,7.91
3734,147,1469.0,704.0,0.00,0.00,0.00,0,12.00
3736,146,1467.4,696.0,0.04,0.00,0.04,0,11.61
3736,147,1469.0,704.0,0.00,0.00,0.00,0,15.00
3737,146,1467.4,696.0,0.04,0.00,0.04,0,13.85
3737,147,1469.0,704.0,0.00,0.00,0.00,0,17.15
3738,146,1467.4,696.0,0.04,0.00,0.04,0,16.20
3738,147,1469.0,704.0,0.00,0.00,0.00,0,19.39
3769,148,1343.0,1103.0,0.00,0.00,0.00,0,12.01
3769,149,1348.0,1113.0,0.00,0.00,0.00,0,12.01
3770,148,1344.6,1105.9,0.04,0.07,0.08,0,7.50
3770,149,1350.0,1115.6,0.05,0.06,0.08,0,7.50
3771,148,1346.8,1109.6,0.25,0.42,0.49,0,6.31
3773,148,1346.9,1109.7,0.25,0.42,0.49,0,9.97
3774,148,1346.9,1109.7,0.25,0.42,0.49,0,12.01
3775,148,1346.9,1109.7,0.25,0.42,0.49,0,14.41
3813,151,926.0,1225.0,0.00,0.00,0.00,0,12.06
3814,151,926.3,1225.0,0.02,0.00,0.02,0,7.49
3814,152,920.0,1231.0,0.00,0.00,0.00,0,12.01
3815,151,926.3,1225.0,0.02,0.00,0.02,0,9.52
3815,152,920.0,1231.0,0.00,0.00,0.00,0,14.02
3817,151,926.3,1225.0,0.02,0.00,0.02,0,13.23
3817,152,920.0,1231.0,0.00,0.00,0.00,0,17.34
3818,151,926.3,1225.0,0.02,0.00,0.02,0,15.37
3818,152,920.0,1231.0,0.00,0.00,0.00,0,19.46
3851,153,764.0,1254.0,0.00,0.00,0.00,0,12.03
3851,154,680.0,1300.0,0.00,0.00,0.00,0,12.03
3853,156,697.0,1300.0,0.00,0.00,0.00,0,12.00
3853,157,687.0,1300.0,0.00,0.00,0.00,0,12.00
3854,156,696.7,1300.0,-0.00,0.00,0.00,0,7.46
3854,157,693.5,1299.7,0.08,-0.00,0.08,0,7.46
3855,156,696.7,1300.0,-0.00,0.00,0.00,0,9.49
3857,156,696.7,1300.0,-0.00,0.00,0.00,0,13.22
3858,156,696.7,1300.0,-0.00,0.00,0.00,0,15.35
3891,158,801.0,1275.0,0.00,0.00,0.00,0,12.03
3892,158,801.3,1275.0,0.02,0.00,0.02,0,7.48
3892,159,793.0,1273.0,0.00,0.00,0.00,0,12.01
3892,160,981.0,1292.0,0.00,0.00,0.00,0,12.01
3893,158,799.4,1274.7,-0.13,-0.02,0.13,0,6.30
3893,159,790.4,1272.0,-0.06,-0.02,0.06,0,7.46
3893,160,980.3,1290.4,-0.01,-0.04,0.04,0,7.46
3895,158,799.4,1274.7,-0.13,-0.02,0.13,0,9.77
3895,159,790.4,1272.0,-0.06,-0.02,0.06,0,10.66
3895,160,980.3,1290.4,-0.01,-0.04,0.04,0,10.66
3896,158,799.4,1274.7,-0.13,-0.02,0.13,0,11.93
3896,159,790.4,1272.0,-0.06,-0.02,0.06,0,12.80
3896,160,980.3,1290.4,-0.01,-0.04,0.04,0,12.80
3897,158,799.4,1274.7,-0.13,-0.02,0.13,0,14.25
3897,159,790.4,1272.0,-0.06,-0.02,0.06,0,15.07
3897,160,980.3,1290.4,-0.01,-0.04,0.04,0,15.07
3940,161,905.0,777.0,0.00,0.00,0.00,0,12.01
3941,161,905.0,777.0,0.00,0.00,0.00,0,14.04
3942,161,905.0,777.0,0.00,0.00,0.00,0,16.09
3944,161,905.0,777.0,0.00,0.00,0.00,0,20.01
3977,162,570.0,915.0,0.00,0.00,0.00,0,12.01
3978,162,570.0,915.0,0.00,0.00,0.00,0,14.08
3979,162,570.0,915.0,0.00,0.00,0.00,0,16.13
3981,162,570.0,915.0,0.00,0.00,0.00,0,20.06
4014,163,762.0,1010.0,0.00,0.00,0.00,0,12.01
4015,163,757.1,1010.7,-0.12,0.02,0.12,0,7.53
4015,164,726.0,1028.0,0.00,0.00,0.00,0,12.04
4016,163,757.1,1010.7,-0.12,0.02,0.12,0,9.58
4016,164,726.0,1028.0,0.00,0.00,0.00,0,14.08
4018,163,757.0,1010.7,-0.12,0.02,0.12,0,13.52
4018,164,726.0,1028.0,0.00,0.00,0.00,0,17.70
4019,163,757.0,1010.7,-0.12,0.02,0.12,0,15.73
4019,164,726.0,1028.0,0.00,0.00,0.00,0,19.87
4055,165,1277.0,921.0,0.00,0.00,0.00,0,12.00
4057,167,1267.0,911.0,0.00,0.00,0.00,0,12.01
4057,168,1273.0,915.0,0.00,0.00,0.00,0,12.01
4058,167,1267.7,911.3,0.01,0.01,0.02,0,7.47
4058,168,1273.0,915.0,0.00,0.00,0.00,0,14.03
4059,167,1267.7,911.3,0.01,0.01,0.02,0,9.51
4061,167,1267.7,911.3,0.01,0.01,0.02,0,13.31
4062,167,1267.7,911.3,0.01,0.01,0.02,0,15.45
4094,169,508.0,578.0,0.00,0.00,0.00,0,12.01
4094,170,507.0,586.0,0.00,0.00,0.00,0,12.01
4098,171,508.0,568.0,0.00,0.00,0.00,0,12.01
4099,171,508.0,568.0,0.00,0.00,0.00,0,14.04
4100,171,508.0,568.0,0.00,0.00,0.00,0,16.09
4102,171,508.0,568.0,0.00,0.00,0.00,0,19.96
4135,172,647.0,1166.0,0.00,0.00,0.00,0,12.01
4135,173,650.0,1176.0,0.00,0.00,0.00,0,12.01
4136,172,647.3,1166.7,0.01,0.02,0.02,0,7.48
4136,173,648.0,1170.4,-0.05,-0.14,0.14,0,7.48
4137,172,646.7,1165.2,-0.03,-0.09,0.09,0,6.31
4139,172,646.7,1165.2,-0.03,-0.09,0.09,0,9.99
4140,172,646.7,1165.2,-0.03,-0.09,0.09,0,12.11
4141,172,646.7,1165.2,-0.03,-0.09,0.09,0,14.50
4172,174,705.0,833.0,0.00,0.00,0.00,0,12.01
4172,175,1310.0,834.0,0.00,0.00,0.00,0,12.01
4174,179,696.0,818.0,0.00,0.00,0.00,0,12.01
4174,180,1292.0,817.0,0.00,0.00,0.00,0,12.01
4174,181,1302.0,826.0,0.00,0.00,0.00,0,12.01
4174,182,1413.0,995.0,0.00,0.00,0.00,0,12.01
4174,183,1428.0,1000.0,0.00,0.00,0.00,0,12.01
4175,179,696.0,818.0,0.00,0.00,0.00,0,14.04
4175,180,1292.3,817.3,0.01,0.01,0.01,0,7.48
4175,181,1296.4,820.4,-0.11,-0.11,0.16,0,7.48
4175,182,1413.3,995.3,0.01,0.01,0.01,0,7.48
4175,183,1419.5,998.4,-0.17,-0.03,0.18,0,7.48
4176,180,1290.4,815.4,-0.14,-0.14,0.20,0,6.30
4176,182,1410.9,995.0,-0.18,-0.02,0.18,0,6.30
4176,179,696.0,818.0,0.00,0.00,0.00,0,16.09
4178,180,1290.4,815.4,-0.14,-0.14,0.20,0,9.89
4178,182,1410.9,995.0,-0.18,-0.02,0.18,0,9.89
4178,179,696.0,818.0,0.00,0.00,0.00,0,19.89
4179,180,1290.4,815.4,-0.14,-0.14,0.20,0,12.16
4179,182,1410.9,995.0,-0.18,-0.02,0.18,0,12.16
4180,180,1290.4,815.4,-0.14,-0.14,0.20,0,14.51
4180,182,1410.9,995.0,-0.18,-0.02,0.18,0,14.51
4223,184,1037.0,1168.0,0.00,0.00,0.00,0,12.01
4225,186,1040.0,1182.0,0.00,0.00,0.00,0,12.01
4226,186,1040.0,1182.0,0.00,0.00,0.00,0,14.04
4227,186,1040.0,1182.0,0.00,0.00,0.00,0,16.08
4229,186,1040.0,1182.0,0.00,0.00,0.00,0,19.93
4305,187,1475.0,924.0,0.00,0.00,0.00,0,12.01
4306,187,1475.0,923.7,0.00,-0.01,0.01,0,7.47
4306,188,1473.0,935.0,0.00,0.00,0.00,0,12.01
4307,187,1474.5,926.3,-0.03,0.16,0.16,0,6.31
4307,188,1473.7,937.9,0.02,0.07,0.07,0,7.48
4309,187,1474.5,926.4,-0.03,0.16,0.16,0,9.98
4309,188,1473.7,938.0,0.02,0.07,0.07,0,10.88
4310,187,1474.5,926.4,-0.03,0.16,0.16,0,12.11
4310,188,1473.7,938.0,0.02,0.07,0.07,0,12.99
4311,187,1474.5,926.4,-0.03,0.16,0.16,0,14.45
4311,188,1473.7,938.0,0.02,0.07,0.07,0,15.29
4352,189,1440.0,1031.0,0.00,0.00,0.00,0,12.01
4354,191,1438.0,1025.0,0.00,0.00,0.00,0,12.01
4355,191,1438.0,1025.0,0.00,0.00,0.00,0,14.04
4356,191,1438.0,1025.0,0.00,0.00,0.00,0,16.09
4358,191,1438.0,1025.0,0.00,0.00,0.00,0,19.96
4393,192,1229.0,1036.0,0.00,0.00,0.00,0,12.01
4394,192,1229.0,1036.0,0.00,0.00,0.00,0,14.02
4395,192,1229.0,1036.0,0.00,0.00,0.00,0,16.04
4397,192,1229.0,1036.0,0.00,0.00,0.00,0,19.60
4438,193,1054.0,1353.0,0.00,0.00,0.00,0,12.01
4439,193,1054.0,1353.0,0.00,0.00,0.00,0,14.04
4440,193,1054.0,1353.0,0.00,0.00,0.00,0,16.08
4442,193,1054.0,1353.0,0.00,0.00,0.00,0,19.93
4475,194,972.0,399.0,0.00,0.00,0.00,0,12.01
4476,194,972.7,401.3,0.02,0.06,0.06,0,7.52
4477,194,972.7,401.3,0.02,0.06,0.06,0,9.58
4479,194,972.7,401.3,0.02,0.06,0.06,0,13.56
4480,194,972.7,401.3,0.02,0.06,0.06,0,15.74
4513,197,1129.0,524.0,0.00,0.00,0.00,0,12.04
4513,198,1144.0,525.0,0.00,0.00,0.00,0,12.04
4514,197,1129.0,524.0,0.00,0.00,0.00,0,14.09
4514,198,1144.0,525.0,0.00,0.00,0.00,0,14.09
4515,197,1129.0,524.0,0.00,0.00,0.00,0,16.16
4517,197,1129.0,524.0,0.00,0.00,0.00,0,20.21
4550,199,746.0,588.0,0.00,0.00,0.00,0,12.01
4551,199,746.3,588.3,0.01,0.01,0.01,0,7.51
4552,199,741.9,586.2,-0.48,-0.23,0.53,0,6.32
4554,199,741.7,586.1,-0.48,-0.23,0.53,0,9.98
4555,199,741.7,586.1,-0.48,-0.23,0.53,0,12.29
4556,199,741.7,586.1,-0.48,-0.23,0.53,0,14.71
4587,200,1484.0,807.0,0.00,0.00,0.00,0,12.01
4588,200,1484.3,807.0,0.01,0.00,0.01,0,7.51
4589,200,1482.7,807.0,-0.17,0.00,0.17,0,6.32
4591,200,1482.6,807.0,-0.17,0.00,0.17,0,9.99
4592,200,1482.6,807.0,-0.17,0.00,0.17,0,12.30
4593,200,1482.6,807.0,-0.17,0.00,0.17,0,14.72
4632,201,758.0,464.0,0.00,0.00,0.00,0,12.01
4633,201,758.0,464.0,0.00,0.00,0.00,0,14.04
4634,201,758.0,464.0,0.00,0.00,0.00,0,16.09
4636,201,758.0,464.0,0.00,0.00,0.00,0,19.99
4675,202,800.0,1052.0,0.00,0.00,0.00,0,12.01
4676,202,798.0,1052.7,-0.05,0.02,0.05,0,7.47
4676,203,1036.0,855.0,0.00,0.00,0.00,0,12.01
4677,202,797.5,1053.0,-0.08,0.04,0.09,0,6.31
4679,202,797.5,1053.0,-0.08,0.04,0.09,0,9.98
4680,202,797.5,1053.0,-0.08,0.04,0.09,0,12.14
4681,202,797.5,1053.0,-0.08,0.04,0.09,0,14.47
4712,206,897.0,1095.0,0.00,0.00,0.00,0,12.01
4712,207,900.0,1101.0,0.00,0.00,0.00,0,12.01
4714,209,904.0,1113.0,0.00,0.00,0.00,0,12.01
4714,210,907.0,1122.0,0.00,0.00,0.00,0,12.01
4715,209,904.7,1115.6,0.01,0.06,0.06,0,7.47
4715,210,907.0,1124.0,0.00,0.04,0.04,0,7.47
4716,209,905.3,1118.5,0.05,0.24,0.24,0,6.31
4718,209,905.3,1118.6,0.05,0.24,0.24,0,9.94
4719,209,905.3,1118.6,0.05,0.24,0.24,0,12.12
4720,209,905.3,1118.6,0.05,0.24,0.24,0,14.47
4751,211,889.0,984.0,0.00,0.00,0.00,0,12.01
4751,212,890.0,991.0,0.00,0.00,0.00,0,12.01
4753,213,883.0,975.0,0.00,0.00,0.00,0,12.01
4753,214,887.0,980.0,0.00,0.00,0.00,0,12.01
4754,213,883.3,975.3,0.01,0.01,0.01,0,7.46
4754,214,887.0,980.0,0.00,0.00,0.00,0,14.02
4755,213,882.5,974.7,-0.03,-0.02,0.04,0,6.30
4757,213,882.5,974.7,-0.03,-0.02,0.04,0,9.90
4758,213,882.5,974.7,-0.03,-0.02,0.04,0,12.06
4759,213,882.5,974.7,-0.03,-0.02,0.04,0,14.40
4801,215,1280.0,984.0,0.00,0.00,0.00,0,12.01
4802,215,1280.0,984.0,0.00,0.00,0.00,0,14.04
4802,216,1036.0,1092.0,0.00,0.00,0.00,0,12.01
4803,215,1280.0,984.0,0.00,0.00,0.00,0,16.09
4805,215,1280.0,984.0,0.00,0.00,0.00,0,19.94
4838,217,532.0,751.0,0.00,0.00,0.00,0,12.01
4838,218,525.0,760.0,0.00,0.00,0.00,0,12.01
4840,219,545.0,734.0,0.00,0.00,0.00,0,12.01
4840,220,538.0,744.0,0.00,0.00,0.00,0,12.01
4841,219,545.0,734.3,0.00,0.01,0.01,0,7.47
4841,220,542.9,737.4,0.12,-0.16,0.20,0,7.47
4842,219,547.1,731.7,0.13,-0.17,0.21,0,6.31
4844,219,547.1,731.6,0.13,-0.17,0.21,0,9.97
4845,219,547.1,731.6,0.13,-0.17,0.21,0,12.13
4846,219,547.1,731.6,0.13,-0.17,0.21,0,14.47
4877,221,1053.0,833.0,0.00,0.00,0.00,0,12.01
4877,222,1057.0,841.0,0.00,0.00,0.00,0,12.01
4877,223,1372.0,1134.0,0.00,0.00,0.00,0,12.01
4877,224,655.0,1346.0,0.00,0.00,0.00,0,12.01
4879,225,1045.0,818.0,0.00,0.00,0.00,0,12.01
4879,226,1050.0,827.0,0.00,0.00,0.00,0,12.01
4880,225,1045.0,818.3,0.00,0.01,0.01,0,7.46
4880,226,1047.1,821.4,-0.06,-0.11,0.12,0,7.46
4880,227,1396.0,1131.0,0.00,0.00,0.00,0,12.00
4880,228,640.0,1328.0,0.00,0.00,0.00,0,12.00
4881,225,1044.2,816.4,-0.03,-0.07,0.07,0,6.29
4883,225,1044.2,816.4,-0.03,-0.07,0.07,0,9.77
4884,225,1044.2,816.4,-0.03,-0.07,0.07,0,12.02
4885,225,1044.2,816.4,-0.03,-0.07,0.07,0,14.35
4916,230,1014.0,788.0,0.00,0.00,0.00,0,12.01
4916,231,1448.0,805.0,0.00,0.00,0.00,0,12.01
4918,234,1001.0,786.0,0.00,0.00,0.00,0,12.01
4918,235,1008.0,788.0,0.00,0.00,0.00,0,12.01
4918,236,1436.0,809.0,0.00,0.00,0.00,0,12.01
4918,237,1424.0,813.0,0.00,0.00,0.00,0,12.01
4919,234,1001.7,786.0,0.02,0.00,0.02,0,7.47
4919,235,1008.0,788.0,0.00,0.00,0.00,0,14.03
4919,236,1432.4,810.0,-0.08,0.02,0.09,0,7.47
4919,237,1421.1,814.3,-0.07,0.03,0.08,0,7.47
4920,234,998.1,784.5,-0.20,-0.09,0.22,0,6.30
4920,236,1428.2,811.8,-0.34,0.13,0.36,0,6.30
4922,234,998.1,784.4,-0.20,-0.09,0.22,0,9.96
4922,236,1428.1,811.8,-0.34,0.13,0.36,0,9.96
4923,234,998.1,784.4,-0.20,-0.09,0.22,0,12.12
4923,236,1428.1,811.8,-0.34,0.13,0.36,0,12.12
4924,234,998.1,784.4,-0.20,-0.09,0.22,0,14.45
4924,236,1428.1,811.8,-0.34,0.13,0.36,0,14.45
4955,238,1447.0,876.0,0.00,0.00,0.00,0,12.01
4955,239,1459.0,874.0,0.00,0.00,0.00,0,12.01
4957,241,1573.0,738.0,0.00,0.00,0.00,0,12.01
4957,242,1580.0,740.0,0.00,0.00,0.00,0,12.01
4958,241,1573.0,738.0,0.00,0.00,0.00,0,14.02
4958,242,1580.0,740.0,0.00,0.00,0.00,0,14.02
4959,241,1574.1,738.4,0.03,0.01,0.03,0,7.85
4961,241,1574.1,738.4,0.03,0.01,0.03,0,11.39
4962,241,1574.1,738.4,0.03,0.01,0.03,0,13.56
4963,241,1574.1,738.4,0.03,0.01,0.03,0,15.91
4994,243,503.0,522.0,0.00,0.00,0.00,0,12.01
4994,244,496.0,533.0,0.00,0.00,0.00,0,12.01
4996,245,494.0,541.0,0.00,0.00,0.00,0,12.01
4996,246,496.0,552.0,0.00,0.00,0.00,0,12.01
4997,245,494.3,543.9,0.01,0.07,0.07,0,7.47
4997,246,497.0,554.6,0.02,0.06,0.07,0,7.47
4998,245,495.5,547.8,0.08,0.31,0.32,0,6.31
5000,245,495.6,547.9,0.08,0.31,0.32,0,10.02
5001,245,495.6,547.9,0.08,0.31,0.32,0,12.12
5002,245,495.6,547.9,0.08,0.31,0.32,0,14.47
5046,247,1092.0,1004.0,0.00,0.00,0.00,0,12.01
5047,247,1091.3,1003.3,-0.02,-0.02,0.02,0,7.48
5047,248,1174.0,411.0,0.00,0.00,0.00,0,12.01
5047,249,1092.0,1010.0,0.00,0.00,0.00,0,12.01
5048,247,1091.5,1004.5,-0.01,0.06,0.06,0,6.31
5048,248,1174.0,411.0,0.00,0.00,0.00,0,14.04
5048,249,1092.7,1012.3,0.02,0.06,0.06,0,7.47
5050,247,1091.5,1004.6,-0.01,0.06,0.06,0,9.99
5050,248,1174.0,411.0,0.00,0.00,0.00,0,17.54
5050,249,1092.7,1012.3,0.02,0.06,0.06,0,10.88
5051,247,1091.5,1004.6,-0.01,0.06,0.06,0,12.13
5051,248,1174.0,411.0,0.00,0.00,0.00,0,19.66
5051,249,1092.7,1012.3,0.02,0.06,0.06,0,13.00
5052,247,1091.5,1004.6,-0.01,0.06,0.06,0,14.54
5052,249,1092.7,1012.3,0.02,0.06,0.06,0,15.35
5084,250,1098.0,283.0,0.00,0.00,0.00,0,12.02
5085,250,1096.7,284.6,-0.05,0.07,0.09,0,7.48
5086,250,1095.7,286.0,-0.12,0.16,0.20,0,6.29
5088,250,1095.7,286.1,-0.12,0.16,0.20,0,9.80
5089,250,1095.7,286.1,-0.12,0.16,0.20,0,12.03
5090,250,1095.7,286.1,-0.12,0.16,0.20,0,14.35
5121,251,909.0,936.0,0.00,0.00,0.00,0,12.01
5122,251,909.0,936.0,0.00,0.00,0.00,0,14.07
5122,252,1063.0,1015.0,0.00,0.00,0.00,0,12.03
5123,251,909.0,936.0,0.00,0.00,0.00,0,16.12
5123,252,1063.0,1015.0,0.00,0.00,0.00,0,7.48
5123,253,1043.0,1017.0,0.00,0.00,0.00,0,12.01
5125,251,909.0,936.0,0.00,0.00,0.00,0,20.04
5125,252,1063.0,1015.0,0.00,0.00,0.00,0,10.84
5125,253,1043.0,1017.0,0.00,0.00,0.00,0,15.06
5126,252,1063.0,1015.0,0.00,0.00,0.00,0,12.87
5126,253,1043.0,1017.0,0.00,0.00,0.00,0,17.08
5127,252,1063.0,1015.0,0.00,0.00,0.00,0,15.20
5127,253,1043.0,1017.0,0.00,0.00,0.00,0,19.35
5188,254,557.0,929.0,0.00,0.00,0.00,0,12.01
5189,254,557.3,928.7,0.01,-0.01,0.01,0,7.47
5190,254,557.3,928.7,0.01,-0.01,0.01,0,9.52
5192,254,557.3,928.7,0.01,-0.01,0.01,0,13.30
5193,254,557.3,928.7,0.01,-0.01,0.01,0,15.46
5234,255,446.0,1066.0,0.00,0.00,0.00,0,12.01
5235,255,446.0,1066.0,0.00,0.00,0.00,0,14.04
5236,255,446.0,1066.0,0.00,0.00,0.00,0,16.09
5236,256,401.0,1023.0,0.00,0.00,0.00,0,12.01
5238,255,446.0,1066.0,0.00,0.00,0.00,0,19.96
5238,256,401.0,1023.0,0.00,0.00,0.00,0,15.13
5239,256,401.0,1023.0,0.00,0.00,0.00,0,17.24
5240,256,401.0,1023.0,0.00,0.00,0.00,0,19.53
5272,259,632.0,823.0,0.00,0.00,0.00,0,12.03
5272,260,633.0,832.0,0.00,0.00,0.00,0,12.03
5273,259,632.0,824.0,0.00,0.04,0.04,0,7.48
5273,260,631.7,827.7,-0.06,-0.19,0.20,0,7.48
5274,259,631.7,823.2,-0.02,-0.01,0.02,0,6.30
5276,259,631.7,823.2,-0.02,-0.01,0.02,0,9.79
5277,259,631.7,823.2,-0.02,-0.01,0.02,0,11.97
5278,259,631.7,823.2,-0.02,-0.01,0.02,0,14.28
5487,261,671.0,1334.0,0.00,0.00,0.00,0,12.01
5488,261,671.0,1334.0,0.00,0.00,0.00,0,14.04
5489,261,671.0,1334.0,0.00,0.00,0.00,0,16.08
5491,261,671.0,1334.0,0.00,0.00,0.00,0,19.93
5524,262,803.0,1225.0,0.00,0.00,0.00,0,12.01
5525,262,803.0,1225.0,0.00,0.00,0.00,0,14.09
5526,262,803.0,1225.0,0.00,0.00,0.00,0,16.16
5528,262,803.0,1225.0,0.00,0.00,0.00,0,20.20
5562,263,1417.0,763.0,0.00,0.00,0.00,0,12.04
5563,263,1417.0,763.3,0.00,0.02,0.02,0,7.48
5563,264,1415.0,754.0,0.00,0.00,0.00,0,12.01
5564,263,1416.5,761.4,-0.04,-0.12,0.13,0,6.29
5564,264,1415.3,752.0,0.01,-0.04,0.04,0,7.46
5566,263,1416.5,761.4,-0.04,-0.12,0.13,0,9.83
5566,264,1415.3,752.0,0.01,-0.04,0.04,0,10.71
5567,263,1416.5,761.4,-0.04,-0.12,0.13,0,11.89
5567,264,1415.3,752.0,0.01,-0.04,0.04,0,12.76
5568,263,1416.5,761.4,-0.04,-0.12,0.13,0,14.22
5568,264,1415.3,752.0,0.01,-0.04,0.04,0,15.04
5601,265,923.0,864.0,0.00,0.00,0.00,0,12.01
5602,265,923.3,864.3,0.01,0.01,0.01,0,7.47
5603,265,923.3,864.3,0.01,0.01,0.01,0,9.51
5605,265,923.3,864.3,0.01,0.01,0.01,0,13.29
5606,265,923.3,864.3,0.01,0.01,0.01,0,15.44
5638,266,937.0,1357.0,0.00,0.00,0.00,0,12.01
5639,266,935.4,1354.1,-0.04,-0.07,0.08,0,7.49
5640,266,934.5,1353.0,-0.12,-0.16,0.20,0,6.31
5642,266,934.5,1353.0,-0.12,-0.16,0.20,0,9.95
5643,266,934.5,1353.0,-0.12,-0.16,0.20,0,12.05
5644,266,934.5,1353.0,-0.12,-0.16,0.20,0,14.39
5675,268,1460.0,974.0,0.00,0.00,0.00,0,12.01
5676,268,1460.0,974.0,0.00,0.00,0.00,0,14.08
5677,268,1460.0,974.0,0.00,0.00,0.00,0,16.13
5679,268,1460.0,974.0,0.00,0.00,0.00,0,20.05
5752,269,973.0,651.0,0.00,0.00,0.00,0,12.01
5753,269,973.3,651.3,0.01,0.01,0.01,0,7.47
5754,269,973.3,651.3,0.01,0.01,0.01,0,9.52
5756,269,973.3,651.3,0.01,0.01,0.01,0,13.28
5757,269,973.3,651.3,0.01,0.01,0.01,0,15.47
5789,270,1286.0,1034.0,0.00,0.00,0.00,0,12.01
5789,271,1294.0,1047.0,0.00,0.00,0.00,0,12.01
5791,272,1278.0,1022.0,0.00,0.00,0.00,0,12.01
5792,272,1278.0,1022.0,0.00,0.00,0.00,0,14.03
5793,272,1278.0,1022.0,0.00,0.00,0.00,0,16.08
5795,272,1278.0,1022.0,0.00,0.00,0.00,0,19.95
5829,273,1117.0,1249.0,0.00,0.00,0.00,0,12.01
5830,273,1117.3,1249.0,0.01,0.00,0.01,0,7.47
5831,273,1117.3,1249.0,0.01,0.00,0.01,0,9.51
5833,273,1117.3,1249.0,0.01,0.00,0.01,0,13.21
5834,273,1117.3,1249.0,0.01,0.00,0.01,0,15.46
5866,274,783.0,1307.0,0.00,0.00,0.00,0,12.01
5866,275,775.0,1310.0,0.00,0.00,0.00,0,12.01
5867,274,780.7,1308.0,-0.06,0.02,0.06,0,7.48
5867,275,772.7,1310.7,-0.06,0.02,0.06,0,7.48
5868,274,775.6,1309.5,-0.43,0.14,0.46,0,6.31
5870,274,775.5,1309.6,-0.43,0.14,0.46,0,9.96
5871,274,775.5,1309.6,-0.43,0.14,0.46,0,12.10
5872,274,775.5,1309.6,-0.43,0.14,0.46,0,14.50
5903,276,915.0,508.0,0.00,0.00,0.00,0,12.01
5904,276,915.0,508.0,0.00,0.00,0.00,0,14.04
5905,276,915.4,506.6,0.02,-0.07,0.07,0,7.87
5907,276,915.4,506.6,0.02,-0.07,0.07,0,11.53
5908,276,915.4,506.6,0.02,-0.07,0.07,0,13.66
5909,276,915.4,506.6,0.02,-0.07,0.07,0,16.05
5943,277,596.0,1278.0,0.00,0.00,0.00,0,12.00
5944,277,596.0,1278.0,0.00,0.00,0.00,0,14.02
5945,277,595.3,1278.7,-0.02,0.02,0.03,0,7.86
5947,277,595.3,1278.7,-0.02,0.02,0.03,0,11.50
5948,277,595.3,1278.7,-0.02,0.02,0.03,0,13.64
5949,277,595.3,1278.7,-0.02,0.02,0.03,0,16.03
5980,278,1026.0,563.0,0.00,0.00,0.00,0,12.01
5980,279,1024.0,573.0,0.00,0.00,0.00,0,12.01
5981,278,1026.0,563.3,0.00,0.01,0.01,0,7.48
5981,279,1024.3,565.8,0.01,-0.18,0.18,0,7.48
5982,278,1025.7,560.2,-0.02,-0.23,0.23,0,6.31
5984,278,1025.7,560.1,-0.02,-0.23,0.23,0,10.00
5985,278,1025.7,560.1,-0.02,-0.23,0.23,0,12.09
5986,278,1025.7,560.1,-0.02,-0.23,0.23,0,14.49
6026,280,519.0,501.0,0.00,0.00,0.00,0,12.01
6026,281,1363.0,1154.0,0.00,0.00,0.00,0,12.01
6034,282,464.0,550.0,0.00,0.00,0.00,0,12.01
6034,283,928.0,561.0,0.00,0.00,0.00,0,12.01
6035,282,463.0,551.6,-0.02,0.04,0.05,0,7.48
6035,283,928.0,561.0,0.00,0.00,0.00,0,14.04
6036,282,463.0,551.6,-0.02,0.04,0.05,0,9.52
6036,283,928.0,561.0,0.00,0.00,0.00,0,16.09
6038,282,463.0,551.7,-0.02,0.04,0.05,0,13.31
6038,283,928.0,561.0,0.00,0.00,0.00,0,19.98
6039,282,463.0,551.7,-0.02,0.04,0.05,0,15.48
6081,285,315.0,905.0,0.00,0.00,0.00,0,12.01
6082,285,315.0,905.0,0.00,0.00,0.00,0,14.04
6083,285,315.0,905.0,0.00,0.00,0.00,0,16.09
6085,285,315.0,905.0,0.00,0.00,0.00,0,19.99
6164,286,1280.0,1137.0,0.00,0.00,0.00,0,12.01
6166,288,1286.0,1135.0,0.00,0.00,0.00,0,12.01
6167,288,1288.6,1134.3,0.07,-0.02,0.07,0,7.48
6168,288,1288.6,1134.3,0.07,-0.02,0.07,0,9.52
6170,288,1288.6,1134.3,0.07,-0.02,0.07,0,13.34
6171,288,1288.6,1134.3,0.07,-0.02,0.07,0,15.47
6246,289,1220.0,914.0,0.00,0.00,0.00,0,12.01
6247,289,1218.4,913.3,-0.04,-0.02,0.04,0,7.48
6248,289,1218.4,913.3,-0.04,-0.02,0.04,0,9.52
6250,289,1218.3,913.3,-0.04,-0.02,0.04,0,13.25
6251,289,1218.3,913.3,-0.04,-0.02,0.04,0,15.47
6304,290,1039.0,1397.0,0.00,0.00,0.00,0,12.01
6305,290,1040.0,1394.4,0.02,-0.07,0.07,0,7.48
6306,290,1040.0,1394.4,0.02,-0.07,0.07,0,9.52
6308,290,1040.0,1394.4,0.02,-0.07,0.07,0,13.29
6309,290,1040.0,1394.4,0.02,-0.07,0.07,0,15.46
6357,291,1303.0,860.0,0.00,0.00,0.00,0,12.01
6358,291,1303.0,860.0,0.00,0.00,0.00,0,14.04
6359,291,1303.0,861.1,0.00,0.05,0.05,0,7.87
6361,291,1303.0,861.1,0.00,0.05,0.05,0,11.56
6362,291,1303.0,861.1,0.00,0.05,0.05,0,13.68
6363,291,1303.0,861.1,0.00,0.05,0.05,0,16.03
6424,292,1445.0,847.0,0.00,0.00,0.00,0,12.01
6425,292,1445.0,847.0,0.00,0.00,0.00,0,14.04
6426,292,1445.0,847.0,0.00,0.00,0.00,0,16.09
6428,292,1445.0,847.0,0.00,0.00,0.00,0,19.98
6498,294,648.0,1262.0,0.00,0.00,0.00,0,12.01
6499,294,648.0,1262.0,0.00,0.00,0.00,0,7.48
6499,295,647.0,1246.0,0.00,0.00,0.00,0,12.01
6500,294,648.0,1258.4,0.00,-0.24,0.24,0,6.31
6500,295,648.0,1241.4,0.02,-0.12,0.12,0,7.48
6502,294,648.0,1258.3,0.00,-0.24,0.24,0,9.98
6502,295,648.0,1241.4,0.02,-0.12,0.12,0,10.87
6503,294,648.0,1258.3,0.00,-0.24,0.24,0,12.13
6503,295,648.0,1241.4,0.02,-0.12,0.12,0,13.00
6504,294,648.0,1258.3,0.00,-0.24,0.24,0,14.49
6504,295,648.0,1241.4,0.02,-0.12,0.12,0,15.31
6539,296,1043.0,909.0,0.00,0.00,0.00,0,12.01
6539,297,1037.0,912.0,0.00,0.00,0.00,0,12.01
6541,298,1032.0,914.0,0.00,0.00,0.00,0,12.01
6542,298,1032.0,914.0,0.00,0.00,0.00,0,14.04
6542,299,1049.0,1282.0,0.00,0.00,0.00,0,12.01
6543,298,1032.0,914.0,0.00,0.00,0.00,0,16.09
6545,298,1032.0,914.0,0.00,0.00,0.00,0,19.96
6578,301,516.0,644.0,0.00,0.00,0.00,0,12.01
6579,301,513.7,641.7,-0.06,-0.06,0.08,0,7.48
6580,301,513.7,641.7,-0.06,-0.06,0.08,0,9.52
6580,302,424.0,816.0,0.00,0.00,0.00,0,12.01
6582,301,513.7,641.7,-0.06,-0.06,0.08,0,13.34
6582,302,424.0,816.0,0.00,0.00,0.00,0,15.14
6583,301,513.7,641.7,-0.06,-0.06,0.08,0,15.46
6583,302,424.0,816.0,0.00,0.00,0.00,0,17.22
6584,302,424.0,816.0,0.00,0.00,0.00,0,19.51
6616,305,1043.0,1204.0,0.00,0.00,0.00,0,12.04
6617,305,1043.0,1204.0,0.00,0.00,0.00,0,14.08
6618,305,1043.0,1204.0,0.00,0.00,0.00,0,16.11
6620,305,1043.0,1204.0,0.00,0.00,0.00,0,19.95
6655,306,356.0,870.0,0.00,0.00,0.00,0,12.01
6656,306,356.3,872.0,0.01,0.04,0.04,0,7.46
6656,307,357.0,884.0,0.00,0.00,0.00,0,12.00
6657,306,356.5,874.8,0.01,0.15,0.15,0,6.28
6659,306,356.5,874.8,0.01,0.15,0.15,0,9.74
6660,306,356.5,874.8,0.01,0.15,0.15,0,11.94
6661,306,356.5,874.8,0.01,0.15,0.15,0,14.26
6708,308,927.0,844.0,0.00,0.00,0.00,0,12.01
6709,308,927.0,844.0,0.00,0.00,0.00,0,14.04
6710,308,927.0,844.0,0.00,0.00,0.00,0,16.09
6712,308,927.0,844.0,0.00,0.00,0.00,0,19.95
6749,309,894.0,785.0,0.00,0.00,0.00,0,12.01
6749,310,891.0,792.0,0.00,0.00,0.00,0,12.01
6753,311,881.0,821.0,0.00,0.00,0.00,0,12.01
6754,311,880.3,823.9,-0.02,0.07,0.08,0,7.47
6755,311,880.0,825.2,-0.04,0.16,0.16,0,6.31
6755,312,877.0,838.0,0.00,0.00,0.00,0,12.01
6757,311,880.0,825.3,-0.04,0.16,0.16,0,9.93
6757,312,877.0,838.0,0.00,0.00,0.00,0,15.10
6758,311,880.0,825.3,-0.04,0.16,0.16,0,12.14
6758,312,877.0,838.0,0.00,0.00,0.00,0,17.25
6759,311,880.0,825.3,-0.04,0.16,0.16,0,14.48
6759,312,877.0,838.0,0.00,0.00,0.00,0,19.50
6790,313,552.0,982.0,0.00,0.00,0.00,0,12.01
6791,313,552.0,982.0,0.00,0.00,0.00,0,14.04
6792,313,552.0,982.0,0.00,0.00,0.00,0,16.08
6794,313,552.0,982.0,0.00,0.00,0.00,0,19.95
6828,314,1278.0,1220.0,0.00,0.00,0.00,0,12.01
6829,314,1278.0,1220.0,0.00,0.00,0.00,0,14.04
6830,314,1278.0,1220.0,0.00,0.00,0.00,0,16.09
6832,314,1278.0,1220.0,0.00,0.00,0.00,0,20.01
6949,315,1470.0,670.0,0.00,0.00,0.00,0,12.01
6950,315,1470.0,670.0,0.00,0.00,0.00,0,14.04
6951,315,1469.6,671.4,-0.02,0.06,0.07,0,7.87
6953,315,1469.6,671.4,-0.02,0.06,0.07,0,11.53
6954,315,1469.6,671.4,-0.02,0.06,0.07,0,13.68
6955,315,1469.6,671.4,-0.02,0.06,0.07,0,16.08
6986,316,1193.0,1209.0,0.00,0.00,0.00,0,12.01
6988,319,314.0,824.0,0.00,0.00,0.00,0,12.01
6989,319,314.0,824.3,0.00,0.01,0.01,0,7.47
6989,320,311.0,818.0,0.00,0.00,0.00,0,12.01
6990,319,313.2,823.0,-0.05,-0.07,0.09,0,6.30
6992,319,313.2,822.9,-0.05,-0.07,0.09,0,9.95
6993,319,313.2,822.9,-0.05,-0.07,0.09,0,12.13
6994,319,313.2,822.9,-0.05,-0.07,0.09,0,14.44
7028,321,731.0,1087.0,0.00,0.00,0.00,0,12.01
7029,321,731.0,1087.0,0.00,0.00,0.00,0,14.04
7030,321,731.0,1087.0,0.00,0.00,0.00,0,16.09
7032,321,731.0,1087.0,0.00,0.00,0.00,0,19.93
7070,322,782.0,1173.0,0.00,0.00,0.00,0,12.01
7071,322,780.7,1176.3,-0.03,0.08,0.09,0,7.50
7072,322,779.2,1181.4,-0.17,0.56,0.59,0,6.31
7074,322,779.2,1181.5,-0.17,0.56,0.59,0,9.93
7075,322,779.2,1181.5,-0.17,0.56,0.59,0,12.01
7076,322,779.2,1181.5,-0.17,0.56,0.59,0,14.36
7127,323,1415.0,960.0,0.00,0.00,0.00,0,12.01
7129,325,1410.0,964.0,0.00,0.00,0.00,0,12.01
7129,326,1404.0,969.0,0.00,0.00,0.00,0,12.01
7130,325,1410.0,964.0,0.00,0.00,0.00,0,14.04
7130,326,1404.0,969.0,0.00,0.00,0.00,0,14.04
7131,325,1410.0,964.0,0.00,0.00,0.00,0,16.09
7133,325,1410.0,964.0,0.00,0.00,0.00,0,20.01
7243,327,433.0,649.0,0.00,0.00,0.00,0,12.31
7243,328,437.0,655.0,0.00,0.00,0.00,0,12.31
7244,327,433.0,649.0,0.00,0.00,0.00,0,14.38
7244,328,437.0,655.0,0.00,0.00,0.00,0,14.38
7245,327,433.0,649.0,0.00,0.00,0.00,0,16.51
7247,327,433.0,649.0,0.00,0.00,0.00,0,21.18
7281,329,778.0,1350.0,0.00,0.00,0.00,0,12.04
7282,329,778.0,1350.0,0.00,0.00,0.00,0,14.07
7283,329,778.0,1350.0,0.00,0.00,0.00,0,16.11
7285,329,778.0,1350.0,0.00,0.00,0.00,0,19.97
7331,330,1404.0,1008.0,0.00,0.00,0.00,0,12.01
7332,330,1404.0,1008.0,0.00,0.00,0.00,0,14.04
7333,330,1404.0,1008.0,0.00,0.00,0.00,0,16.09
7333,331,894.0,963.0,0.00,0.00,0.00,0,12.01
7335,330,1404.0,1008.0,0.00,0.00,0.00,0,19.99
7335,331,894.0,963.0,0.00,0.00,0.00,0,15.15
7336,331,894.0,963.0,0.00,0.00,0.00,0,17.25
7337,331,894.0,963.0,0.00,0.00,0.00,0,19.49
7369,332,1095.0,1077.0,0.00,0.00,0.00,0,12.04
7370,332,1095.0,1077.0,0.00,0.00,0.00,0,14.08
7370,333,663.0,726.0,0.00,0.00,0.00,0,12.01
7371,332,1095.0,1077.0,0.00,0.00,0.00,0,16.15
7373,332,1095.0,1077.0,0.00,0.00,0.00,0,20.18
7406,335,1188.0,1147.0,0.00,0.00,0.00,0,12.01
7406,336,1184.0,1151.0,0.00,0.00,0.00,0,12.01
7408,339,1192.0,1146.0,0.00,0.00,0.00,0,12.01
7408,340,1200.0,1146.0,0.00,0.00,0.00,0,12.01
7408,341,1090.0,1270.0,0.00,0.00,0.00,0,12.01
7408,342,1102.0,1272.0,0.00,0.00,0.00,0,12.01
7409,339,1194.0,1145.7,0.04,-0.01,0.04,0,7.46
7409,340,1202.0,1147.0,0.04,0.02,0.05,0,7.46
7409,341,1091.0,1270.0,0.02,0.00,0.02,0,7.46
7409,342,1102.0,1272.0,0.00,0.00,0.00,0,14.02
7410,339,1196.5,1146.3,0.16,0.02,0.16,0,6.28
7410,341,1085.3,1270.0,-0.23,0.00,0.23,0,6.28
7412,339,1196.6,1146.3,0.16,0.02,0.16,0,9.71
7412,341,1085.3,1270.0,-0.23,0.00,0.23,0,9.71
7413,339,1196.6,1146.3,0.16,0.02,0.16,0,11.96
7413,341,1085.3,1270.0,-0.23,0.00,0.23,0,11.96
7414,339,1196.6,1146.3,0.16,0.02,0.16,0,14.29
7414,341,1085.3,1270.0,-0.23,0.00,0.23,0,14.29
7507,343,1432.0,1065.0,0.00,0.00,0.00,0,12.01
7508,343,1432.3,1065.7,0.01,0.02,0.02,0,7.47
7508,344,1430.0,1059.0,0.00,0.00,0.00,0,12.01
7509,343,1431.7,1064.2,-0.03,-0.08,0.08,0,6.31
7511,343,1431.7,1064.2,-0.03,-0.08,0.08,0,9.96
7512,343,1431.7,1064.2,-0.03,-0.08,0.08,0,12.13
7513,343,1431.7,1064.2,-0.03,-0.08,0.08,0,14.47
7554,345,419.0,885.0,0.00,0.00,0.00,0,12.01
7555,345,419.0,885.3,0.00,0.01,0.01,0,7.47
7555,346,422.0,879.0,0.00,0.00,0.00,0,12.01
7556,345,419.5,883.7,0.03,-0.10,0.10,0,6.31
7556,346,424.6,876.7,0.06,-0.06,0.09,0,7.47
7558,345,419.5,883.7,0.03,-0.10,0.10,0,9.98
7558,346,424.6,876.7,0.06,-0.06,0.09,0,10.87
7559,345,419.5,883.7,0.03,-0.10,0.10,0,12.13
7559,346,424.6,876.7,0.06,-0.06,0.09,0,13.00
7560,345,419.5,883.7,0.03,-0.10,0.10,0,14.47
7560,346,424.6,876.7,0.06,-0.06,0.09,0,15.30
7598,347,756.0,1127.0,0.00,0.00,0.00,0,12.01
7599,347,756.0,1127.0,0.00,0.00,0.00,0,14.04
7600,347,756.0,1127.0,0.00,0.00,0.00,0,16.09
7602,347,756.0,1127.0,0.00,0.00,0.00,0,19.97
7705,348,762.0,1263.0,0.00,0.00,0.00,0,12.01
7706,348,762.0,1263.0,0.00,0.00,0.00,0,14.03
7707,348,762.0,1263.0,0.00,0.00,0.00,0,16.08
7709,348,762.0,1263.0,0.00,0.00,0.00,0,19.88
7744,349,854.0,1286.0,0.00,0.00,0.00,0,12.01
7745,349,856.3,1287.3,0.05,0.03,0.05,0,7.46
7746,349,857.2,1287.7,0.08,0.04,0.09,0,6.29
7748,349,857.3,1287.8,0.08,0.04,0.09,0,9.88
7749,349,857.3,1287.8,0.08,0.04,0.09,0,12.05
7750,349,857.3,1287.8,0.08,0.04,0.09,0,14.39
7782,351,451.0,973.0,0.00,0.00,0.00,0,12.04
7783,351,449.0,971.0,-0.10,-0.10,0.14,0,7.49
7784,351,448.5,970.5,-0.14,-0.14,0.20,0,6.31
7784,352,1014.0,1296.0,0.00,0.00,0.00,0,12.01
7786,351,448.5,970.5,-0.14,-0.14,0.20,0,10.00
7786,352,1014.0,1296.0,0.00,0.00,0.00,0,15.12
7787,351,448.5,970.5,-0.14,-0.14,0.20,0,12.17
7787,352,1014.0,1296.0,0.00,0.00,0.00,0,17.24
7788,351,448.5,970.5,-0.14,-0.14,0.20,0,14.58
7788,352,1014.0,1296.0,0.00,0.00,0.00,0,19.52
7819,353,988.0,995.0,0.00,0.00,0.00,0,12.01
7820,353,988.0,994.7,0.00,-0.01,0.01,0,7.50
7821,353,988.0,994.7,0.00,-0.01,0.01,0,9.55
7823,353,988.0,994.7,0.00,-0.01,0.01,0,13.38
7824,353,988.0,994.7,0.00,-0.01,0.01,0,15.41
7856,354,314.0,722.0,0.00,0.00,0.00,0,12.01
7866,356,1189.0,1258.0,0.00,0.00,0.00,0,12.01
7867,356,1189.0,1258.3,0.00,0.01,0.01,0,7.47
7867,357,1185.0,1244.0,0.00,0.00,0.00,0,12.01
7868,356,1188.0,1254.9,-0.07,-0.21,0.22,0,6.30
7868,357,1184.0,1240.4,-0.02,-0.09,0.09,0,7.47
7870,356,1188.0,1254.8,-0.07,-0.21,0.22,0,9.95
7870,357,1184.0,1240.4,-0.02,-0.09,0.09,0,10.85
7871,356,1188.0,1254.8,-0.07,-0.21,0.22,0,12.13
7871,357,1184.0,1240.4,-0.02,-0.09,0.09,0,13.00
7872,356,1187.9,1254.8,-0.07,-0.21,0.22,0,14.47
7872,357,1184.0,1240.4,-0.02,-0.09,0.09,0,15.29
7903,358,930.0,1118.0,0.00,0.00,0.00,0,12.01
7903,359,940.0,1119.0,0.00,0.00,0.00,0,12.01
7904,358,931.0,1118.0,0.02,0.00,0.02,0,7.50
7904,359,934.8,1118.3,-0.13,-0.02,0.13,0,7.50
7905,358,930.2,1118.0,-0.05,0.00,0.05,0,6.31
7907,358,930.2,1118.0,-0.05,0.00,0.05,0,9.94
7908,358,930.2,1118.0,-0.05,0.00,0.05,0,12.01
7909,358,930.2,1118.0,-0.05,0.00,0.05,0,14.42
7982,360,1162.0,1119.0,0.00,0.00,0.00,0,12.01
7984,362,1153.0,1110.0,0.00,0.00,0.00,0,12.01
7985,362,1153.0,1110.0,0.00,0.00,0.00,0,14.04
7986,362,1153.0,1110.0,0.00,0.00,0.00,0,16.09
7988,362,1153.0,1110.0,0.00,0.00,0.00,0,19.98
8047,363,1396.0,440.0,0.00,0.00,0.00,0,12.01
8048,363,1396.0,440.0,0.00,0.00,0.00,0,14.04
8049,363,1396.0,440.0,0.00,0.00,0.00,0,16.08
8051,363,1396.0,440.0,0.00,0.00,0.00,0,19.94
8331,364,905.0,216.0,0.00,0.00,0.00,0,12.01
8332,364,905.0,216.0,0.00,0.00,0.00,0,14.04
8333,364,905.0,216.0,0.00,0.00,0.00,0,16.09
8335,364,905.0,216.0,0.00,0.00,0.00,0,19.96
8368,365,1287.0,1115.0,0.00,0.00,0.00,0,12.01
8368,366,1273.0,1119.0,0.00,0.00,0.00,0,12.01
8369,365,1283.1,1116.0,-0.10,0.02,0.10,0,7.48
8369,366,1273.0,1119.0,0.00,0.00,0.00,0,14.04
8370,365,1275.6,1118.6,-0.63,0.21,0.67,0,6.31
8372,365,1275.4,1118.6,-0.63,0.21,0.67,0,9.99
8373,365,1275.4,1118.6,-0.63,0.21,0.67,0,12.11
8374,365,1275.4,1118.6,-0.63,0.21,0.67,0,14.51
8406,368,834.0,1101.0,0.00,0.00,0.00,0,12.01
8407,368,834.0,1101.0,0.00,0.00,0.00,0,14.04
8408,368,834.0,1101.0,0.00,0.00,0.00,0,16.08
8408,369,782.0,1106.0,0.00,0.00,0.00,0,12.01
8410,368,834.0,1101.0,0.00,0.00,0.00,0,19.97
8410,369,782.0,1106.0,0.00,0.00,0.00,0,15.14
8411,369,782.0,1106.0,0.00,0.00,0.00,0,17.25
8412,369,782.0,1106.0,0.00,0.00,0.00,0,19.49
8576,370,1151.0,1020.0,0.00,0.00,0.00,0,12.01
8577,370,1153.0,1021.3,0.05,0.03,0.06,0,7.48
8578,370,1153.0,1021.3,0.05,0.03,0.06,0,9.52
8580,370,1153.0,1021.3,0.05,0.03,0.06,0,13.28
8581,370,1153.0,1021.3,0.05,0.03,0.06,0,15.47
8617,371,489.0,968.0,0.00,0.00,0.00,0,12.01
8618,371,491.6,968.7,0.07,0.02,0.07,0,7.48
8619,371,492.5,968.7,0.13,0.02,0.13,0,6.30
8621,371,492.5,968.8,0.13,0.02,0.13,0,9.95
8622,371,492.5,968.8,0.13,0.02,0.13,0,12.12
8623,371,492.5,968.8,0.13,0.02,0.13,0,14.47
8669,373,1306.0,1220.0,0.00,0.00,0.00,0,12.01
8670,373,1304.4,1219.0,-0.04,-0.02,0.05,0,7.47
8671,373,1304.4,1219.0,-0.04,-0.02,0.05,0,9.52
8673,373,1304.3,1219.0,-0.04,-0.02,0.05,0,13.32
8674,373,1304.3,1219.0,-0.04,-0.02,0.05,0,15.47
8790,374,1066.0,1104.0,0.00,0.00,0.00,0,12.01
8791,374,1066.3,1104.3,0.01,0.01,0.01,0,7.48
8792,374,1063.7,1101.2,-0.17,-0.20,0.26,0,6.31
8794,374,1063.6,1101.1,-0.17,-0.20,0.26,0,9.97
8795,374,1063.6,1101.1,-0.17,-0.20,0.26,0,12.12
8796,374,1063.6,1101.1,-0.17,-0.20,0.26,0,14.52
8827,375,690.0,958.0,0.00,0.00,0.00,0,12.01
8827,376,686.0,966.0,0.00,0.00,0.00,0,12.01
8827,377,1306.0,1157.0,0.00,0.00,0.00,0,12.01
8828,375,688.7,960.0,-0.03,0.05,0.06,0,7.48
8828,376,684.7,968.6,-0.03,0.06,0.07,0,7.48
8828,377,1306.0,1157.3,0.00,0.01,0.01,0,7.48
8828,378,1299.0,1147.0,0.00,0.00,0.00,0,12.01
8829,375,687.0,963.3,-0.16,0.30,0.34,0,6.30
8829,377,1304.2,1154.9,-0.13,-0.17,0.22,0,6.30
8831,375,686.9,963.4,-0.16,0.30,0.34,0,9.94
8831,377,1304.2,1154.9,-0.13,-0.17,0.22,0,9.94
8832,375,686.9,963.4,-0.16,0.30,0.34,0,12.10
8832,377,1304.2,1154.9,-0.13,-0.17,0.22,0,12.10
8833,375,686.9,963.4,-0.16,0.30,0.34,0,14.50
8833,377,1304.2,1154.9,-0.13,-0.17,0.22,0,14.50
8878,379,946.0,874.0,0.00,0.00,0.00,0,12.01
8879,379,946.0,874.0,0.00,0.00,0.00,0,7.47
8880,379,943.4,871.7,-0.17,-0.15,0.23,0,6.31
8882,379,943.4,871.6,-0.17,-0.15,0.23,0,9.98
8883,379,943.4,871.6,-0.17,-0.15,0.23,0,12.13
8884,379,943.4,871.6,-0.17,-0.15,0.23,0,14.47
8927,381,710.0,1183.0,0.00,0.00,0.00,0,12.01
8929,383,707.0,1158.0,0.00,0.00,0.00,0,12.01
8929,384,708.0,1171.0,0.00,0.00,0.00,0,12.01
8930,383,707.0,1158.3,0.00,0.01,0.01,0,7.48
8930,384,707.3,1161.8,-0.02,-0.24,0.24,0,7.48
8931,383,706.7,1154.6,-0.02,-0.24,0.24,0,6.31
8933,383,706.7,1154.6,-0.02,-0.24,0.24,0,9.96
8934,383,706.7,1154.6,-0.02,-0.24,0.24,0,12.13
8935,383,706.7,1154.6,-0.02,-0.24,0.24,0,14.48
9014,386,907.0,1283.0,0.00,0.00,0.00,0,12.01
9016,388,889.0,1273.0,0.00,0.00,0.00,0,12.01
9016,389,900.0,1276.0,0.00,0.00,0.00,0,12.01
9017,388,890.0,1273.3,0.02,0.01,0.02,0,7.47
9017,389,894.1,1275.7,-0.13,-0.01,0.13,0,7.47
9018,388,888.2,1273.8,-0.09,0.04,0.10,0,6.31
9020,388,888.2,1273.8,-0.09,0.04,0.10,0,9.97
9021,388,888.2,1273.8,-0.09,0.04,0.10,0,12.15
9022,388,888.2,1273.8,-0.09,0.04,0.10,0,14.49
9084,390,1426.0,845.0,0.00,0.00,0.00,0,12.01
9085,390,1425.7,844.7,-0.01,-0.01,0.01,0,7.47
9086,390,1430.1,848.9,0.28,0.27,0.39,0,6.31
9088,390,1430.2,848.9,0.28,0.27,0.39,0,9.97
9089,390,1430.2,849.0,0.28,0.27,0.39,0,12.12
9090,390,1430.2,849.0,0.28,0.27,0.39,0,14.52
9175,391,1161.0,1170.0,0.00,0.00,0.00,0,12.01
9175,392,1162.0,1180.0,0.00,0.00,0.00,0,12.01
9176,391,1160.7,1171.0,-0.01,0.02,0.02,0,7.47
9176,392,1161.3,1174.1,-0.02,-0.14,0.14,0,7.47
9177,391,1160.8,1169.4,-0.00,-0.08,0.08,0,6.31
9179,391,1160.8,1169.4,-0.00,-0.08,0.08,0,9.95
9180,391,1160.8,1169.4,-0.00,-0.08,0.08,0,12.13
9181,391,1160.8,1169.4,-0.00,-0.08,0.08,0,14.52
9221,393,1277.0,716.0,0.00,0.00,0.00,0,12.01
9223,395,1285.0,718.0,0.00,0.00,0.00,0,12.01
9223,396,1297.0,719.0,0.00,0.00,0.00,0,12.01
9224,395,1285.0,718.0,0.00,0.00,0.00,0,14.02
9224,396,1297.0,719.0,0.00,0.00,0.00,0,14.02
9225,395,1285.0,718.0,0.00,0.00,0.00,0,16.05
9227,395,1285.0,718.0,0.00,0.00,0.00,0,19.83
9260,397,1424.0,851.0,0.00,0.00,0.00,0,12.01
9260,398,1425.0,860.0,0.00,0.00,0.00,0,12.01
9262,399,1434.0,838.0,0.00,0.00,0.00,0,12.01
9262,400,1427.0,844.0,0.00,0.00,0.00,0,12.01
9263,399,1433.7,838.0,-0.01,0.00,0.01,0,7.47
9263,400,1427.0,844.0,0.00,0.00,0.00,0,14.04
9264,399,1433.7,838.0,-0.01,0.00,0.01,0,9.51
9266,399,1433.7,838.0,-0.01,0.00,0.01,0,13.26
9267,399,1433.7,838.0,-0.01,0.00,0.01,0,15.44
9299,401,1149.0,1120.0,0.00,0.00,0.00,0,12.01
9299,402,1152.0,1132.0,0.00,0.00,0.00,0,12.01
9299,403,783.0,1166.0,0.00,0.00,0.00,0,12.01
9299,404,788.0,1182.0,0.00,0.00,0.00,0,12.01
9301,405,1155.0,1148.0,0.00,0.00,0.00,0,12.01
9301,406,1157.0,1160.0,0.00,0.00,0.00,0,12.01
9301,407,799.0,1202.0,0.00,0.00,0.00,0,12.01
9302,405,1155.7,1151.3,0.01,0.07,0.07,0,7.47
9302,406,1157.3,1163.6,0.01,0.07,0.07,0,7.47
9302,407,799.0,1202.0,0.00,0.00,0.00,0,14.03
9303,405,1156.0,1155.6,0.03,0.33,0.33,0,6.30
9303,407,799.0,1202.0,0.00,0.00,0.00,0,16.07
9305,405,1156.0,1155.7,0.03,0.33,0.33,0,9.91
9305,407,799.0,1202.0,0.00,0.00,0.00,0,19.87
9306,405,1156.0,1155.7,0.03,0.33,0.33,0,12.12
9307,405,1156.0,1155.7,0.03,0.33,0.33,0,14.46
9499,408,859.0,1203.0,0.00,0.00,0.00,0,12.01
9500,408,859.0,1203.0,0.00,0.00,0.00,0,7.48
9500,409,865.0,1211.0,0.00,0.00,0.00,0,12.01
9501,408,860.3,1204.8,0.08,0.12,0.15,0,6.31
9503,408,860.3,1204.8,0.08,0.12,0.15,0,9.96
9504,408,860.3,1204.8,0.08,0.12,0.15,0,12.13
9505,408,860.3,1204.8,0.08,0.12,0.15,0,14.47
9536,410,964.0,1090.0,0.00,0.00,0.00,0,12.01
9537,410,962.0,1089.7,-0.05,-0.01,0.05,0,7.50
9538,410,962.0,1089.7,-0.05,-0.01,0.05,0,9.54
9538,411,1111.0,551.0,0.00,0.00,0.00,0,12.01
9540,410,962.0,1089.7,-0.05,-0.01,0.05,0,13.35
9540,411,1111.0,551.0,0.00,0.00,0.00,0,15.07
9541,410,962.0,1089.7,-0.05,-0.01,0.05,0,15.42
9541,411,1111.0,551.0,0.00,0.00,0.00,0,17.11
9542,411,1111.0,551.0,0.00,0.00,0.00,0,19.38
9584,412,927.0,1152.0,0.00,0.00,0.00,0,12.01
9585,412,921.8,1152.3,-0.12,0.01,0.12,0,7.48
9586,412,919.2,1152.5,-0.29,0.02,0.29,0,6.31
9588,412,919.2,1152.5,-0.29,0.02,0.29,0,9.95
9589,412,919.2,1152.5,-0.29,0.02,0.29,0,12.13
9590,412,919.2,1152.5,-0.29,0.02,0.29,0,14.48
9621,413,1101.0,1251.0,0.00,0.00,0.00,0,12.01
9622,413,1100.3,1250.7,-0.02,-0.01,0.02,0,7.53
9622,414,1049.0,577.0,0.00,0.00,0.00,0,12.04
9622,415,1009.0,1088.0,0.00,0.00,0.00,0,12.04
9622,416,1011.0,1095.0,0.00,0.00,0.00,0,12.04
9622,417,1109.0,1253.0,0.00,0.00,0.00,0,12.04
9623,413,1100.3,1250.7,-0.02,-0.01,0.02,0,9.58
9623,414,1049.0,577.0,0.00,0.00,0.00,0,7.49
9623,415,1009.0,1088.0,0.00,0.00,0.00,0,14.09
9623,416,1011.0,1095.0,0.00,0.00,0.00,0,14.09
9623,417,1109.0,1253.0,0.00,0.00,0.00,0,14.09
9623,418,1039.0,566.0,0.00,0.00,0.00,0,12.01
9623,419,1110.0,1084.0,0.00,0.00,0.00,0,12.01
9623,420,1119.0,1091.0,0.00,0.00,0.00,0,12.01
9625,413,1100.3,1250.7,-0.02,-0.01,0.02,0,13.52
9625,414,1049.0,577.0,0.00,0.00,0.00,0,10.89
9625,415,1009.0,1088.0,0.00,0.00,0.00,0,17.69
9625,416,1011.0,1095.0,0.00,0.00,0.00,0,17.69
9625,417,1109.0,1253.0,0.00,0.00,0.00,0,17.69
9625,418,1039.0,566.0,0.00,0.00,0.00,0,15.06
9625,419,1110.0,1084.0,0.00,0.00,0.00,0,15.06
9625,420,1119.0,1091.0,0.00,0.00,0.00,0,15.06
9626,413,1100.3,1250.7,-0.02,-0.01,0.02,0,15.73
9626,414,1049.0,577.0,0.00,0.00,0.00,0,13.06
9626,415,1009.0,1088.0,0.00,0.00,0.00,0,19.87
9626,416,1011.0,1095.0,0.00,0.00,0.00,0,19.87
9626,417,1109.0,1253.0,0.00,0.00,0.00,0,19.87
9626,418,1039.0,566.0,0.00,0.00,0.00,0,17.20
9626,419,1110.0,1084.0,0.00,0.00,0.00,0,17.20
9626,420,1119.0,1091.0,0.00,0.00,0.00,0,17.20
9627,414,1049.0,577.0,0.00,0.00,0.00,0,15.35
9627,418,1039.0,566.0,0.00,0.00,0.00,0,19.43
9627,419,1110.0,1084.0,0.00,0.00,0.00,0,19.43
9627,420,1119.0,1091.0,0.00,0.00,0.00,0,19.43
9669,421,706.0,1029.0,0.00,0.00,0.00,0,12.01
9670,421,706.0,1028.7,0.00,-0.01,0.01,0,7.48
9671,421,706.0,1028.7,0.00,-0.01,0.01,0,9.52
9673,421,706.0,1028.7,0.00,-0.01,0.01,0,13.29
9674,421,706.0,1028.7,0.00,-0.01,0.01,0,15.46
9744,424,756.0,1319.0,0.00,0.00,0.00,0,12.01
9745,424,756.0,1318.7,0.00,-0.01,0.01,0,7.48
9745,425,765.0,1323.0,0.00,0.00,0.00,0,12.01
9746,424,758.3,1319.8,0.16,0.07,0.17,0,6.31
9746,425,767.3,1325.9,0.06,0.08,0.10,0,7.48
9748,424,758.4,1319.8,0.16,0.07,0.17,0,9.95
9748,425,767.3,1326.0,0.06,0.08,0.10,0,10.85
9749,424,758.4,1319.8,0.16,0.07,0.17,0,12.14
9749,425,767.3,1326.0,0.06,0.08,0.10,0,13.01
9750,424,758.4,1319.8,0.16,0.07,0.17,0,14.47
9750,425,767.3,1326.0,0.06,0.08,0.10,0,15.30
9793,426,1431.0,1015.0,0.00,0.00,0.00,0,12.01
9794,426,1428.4,1011.7,-0.06,-0.08,0.10,0,7.48
9795,426,1427.3,1010.5,-0.14,-0.16,0.21,0,6.31
9797,426,1427.2,1010.5,-0.14,-0.16,0.21,0,9.98
9798,426,1427.2,1010.5,-0.14,-0.16,0.21,0,12.13
9799,426,1427.2,1010.5,-0.14,-0.16,0.21,0,14.47
9870,428,929.0,1024.0,0.00,0.00,0.00,0,12.01
9871,428,929.0,1024.3,0.00,0.01,0.01,0,7.48
9871,429,916.0,1016.0,0.00,0.00,0.00,0,12.01
9872,428,926.2,1022.4,-0.19,-0.12,0.22,0,6.31
9872,429,912.7,1014.7,-0.08,-0.03,0.09,0,7.47
9874,428,926.1,1022.4,-0.19,-0.12,0.22,0,9.97
9874,429,912.7,1014.7,-0.08,-0.03,0.09,0,10.86
9875,428,926.1,1022.4,-0.19,-0.12,0.22,0,12.13
9875,429,912.7,1014.7,-0.08,-0.03,0.09,0,13.00
9876,428,926.1,1022.4,-0.19,-0.12,0.22,0,14.53
9876,429,912.7,1014.7,-0.08,-0.03,0.09,0,15.34
9908,430,1191.0,902.0,0.00,0.00,0.00,0,12.02
9909,430,1189.7,900.0,-0.05,-0.08,0.09,0,7.48
9910,430,1187.5,898.0,-0.21,-0.22,0.30,0,6.29
9910,431,1173.0,886.0,0.00,0.00,0.00,0,12.00
9912,430,1187.4,897.9,-0.21,-0.22,0.30,0,9.78
9912,431,1173.0,886.0,0.00,0.00,0.00,0,15.00
9913,430,1187.4,897.9,-0.21,-0.22,0.30,0,12.02
9913,431,1173.0,886.0,0.00,0.00,0.00,0,17.17
9914,430,1187.4,897.9,-0.21,-0.22,0.30,0,14.35
9914,431,1173.0,886.0,0.00,0.00,0.00,0,19.40
9946,434,661.0,1224.0,0.00,0.00,0.00,0,12.02
9947,434,661.0,1223.3,0.00,-0.03,0.03,0,7.48
9947,435,668.0,1228.0,0.00,0.00,0.00,0,12.01
9948,434,664.9,1225.3,0.27,0.11,0.29,0,6.29
9950,434,664.9,1225.3,0.27,0.11,0.29,0,9.79
9951,434,664.9,1225.3,0.27,0.11,0.29,0,11.99
9952,434,664.9,1225.3,0.27,0.11,0.29,0,14.32
9993,436,1031.0,1359.0,0.00,0.00,0.00,0,12.01
9994,436,1030.3,1358.7,-0.02,-0.01,0.02,0,7.48
9995,436,1030.3,1358.7,-0.02,-0.01,0.02,0,9.52
9997,436,1030.3,1358.7,-0.02,-0.01,0.02,0,13.29
9998,436,1030.3,1358.7,-0.02,-0.01,0.02,0,15.46
10030,437,747.0,1283.0,0.00,0.00,0.00,0,12.01
10030,438,737.0,1282.0,0.00,0.00,0.00,0,12.01
10031,437,744.4,1283.0,-0.06,0.00,0.06,0,7.50
10031,438,737.0,1282.0,0.00,0.00,0.00,0,14.07
10032,437,740.9,1283.0,-0.40,0.00,0.40,0,6.31
10034,437,740.8,1283.0,-0.40,0.00,0.40,0,9.93
10035,437,740.8,1283.0,-0.40,0.00,0.40,0,12.00
10036,437,740.8,1283.0,-0.40,0.00,0.40,0,14.40
10068,440,721.0,744.0,0.00,0.00,0.00,0,12.02
10069,440,718.7,743.0,-0.08,-0.03,0.08,0,7.47
10070,440,717.5,741.0,-0.15,-0.16,0.23,0,6.30
10072,440,717.5,740.9,-0.15,-0.16,0.23,0,9.88
10073,440,717.4,740.9,-0.15,-0.16,0.23,0,12.08
10074,440,717.4,740.9,-0.15,-0.16,0.23,0,14.43
10105,441,1204.0,1110.0,0.00,0.00,0.00,0,12.01
10106,441,1204.0,1110.0,0.00,0.00,0.00,0,14.10
10106,442,1199.0,1154.0,0.00,0.00,0.00,0,12.04
10107,441,1204.0,1110.0,0.00,0.00,0.00,0,16.17
10109,441,1204.0,1110.0,0.00,0.00,0.00,0,20.25
10152,444,1439.0,684.0,0.00,0.00,0.00,0,12.01
10153,444,1439.3,684.0,0.01,0.00,0.01,0,7.47
10153,445,1431.0,680.0,0.00,0.00,0.00,0,12.01
10154,444,1437.2,683.0,-0.12,-0.06,0.14,0,6.31
10154,445,1428.1,678.7,-0.06,-0.03,0.07,0,7.47
10156,444,1437.2,683.0,-0.12,-0.06,0.14,0,9.98
10156,445,1428.0,678.7,-0.06,-0.03,0.07,0,10.87
10157,444,1437.2,683.0,-0.12,-0.06,0.14,0,12.13
10157,445,1428.0,678.7,-0.06,-0.03,0.07,0,13.00
10158,444,1437.1,683.0,-0.12,-0.06,0.14,0,14.47
10158,445,1428.0,678.7,-0.06,-0.03,0.07,0,15.29
10246,446,1218.0,1311.0,0.00,0.00,0.00,0,12.01
10247,446,1218.0,1311.0,0.00,0.00,0.00,0,14.03
10248,446,1218.0,1311.0,0.00,0.00,0.00,0,16.09
10250,446,1218.0,1311.0,0.00,0.00,0.00,0,19.98
10330,447,656.0,516.0,0.00,0.00,0.00,0,12.01
10331,447,656.0,516.0,0.00,0.00,0.00,0,14.04
10332,447,656.0,516.0,0.00,0.00,0.00,0,16.09
10334,447,656.0,516.0,0.00,0.00,0.00,0,20.00
10375,448,760.0,1089.0,0.00,0.00,0.00,0,12.01
10376,448,760.3,1088.7,0.01,-0.01,0.01,0,7.48
10376,449,756.0,1100.0,0.00,0.00,0.00,0,12.01
10377,448,759.2,1091.1,-0.07,0.15,0.17,0,6.30
10379,448,759.2,1091.1,-0.07,0.15,0.17,0,9.94
10380,448,759.2,1091.1,-0.07,0.15,0.17,0,12.14
10381,448,759.2,1091.1,-0.07,0.15,0.17,0,14.50
10417,450,784.0,1264.0,0.00,0.00,0.00,0,12.01
10418,450,782.4,1264.7,-0.04,0.02,0.05,0,7.48
10419,450,781.5,1266.3,-0.10,0.13,0.16,0,6.31
10421,450,781.5,1266.3,-0.10,0.13,0.16,0,9.98
10422,450,781.5,1266.3,-0.10,0.13,0.16,0,12.14
10423,450,781.5,1266.3,-0.10,0.13,0.16,0,14.47
10464,451,1411.0,695.0,0.00,0.00,0.00,0,12.01
10465,451,1411.0,695.0,0.00,0.00,0.00,0,14.04
10466,451,1411.0,695.0,0.00,0.00,0.00,0,16.09
10468,451,1411.0,695.0,0.00,0.00,0.00,0,19.98
10558,452,631.0,467.0,0.00,0.00,0.00,0,12.01
10559,452,631.3,469.3,0.01,0.06,0.06,0,7.47
10560,452,631.8,471.8,0.04,0.22,0.22,0,6.31
10562,452,631.8,471.9,0.04,0.22,0.22,0,9.98
10563,452,631.8,471.9,0.04,0.22,0.22,0,12.13
10564,452,631.8,471.9,0.04,0.22,0.22,0,14.52
10598,453,1159.0,1199.0,0.00,0.00,0.00,0,12.01
10599,453,1159.0,1199.0,0.00,0.00,0.00,0,14.04
10600,453,1159.0,1199.0,0.00,0.00,0.00,0,16.09
10602,453,1159.0,1199.0,0.00,0.00,0.00,0,19.98
10698,454,564.0,1108.0,0.00,0.00,0.00,0,12.01
10699,454,563.7,1108.0,-0.01,0.00,0.01,0,7.47
10700,454,563.7,1108.0,-0.01,0.00,0.01,0,9.51
10702,454,563.7,1108.0,-0.01,0.00,0.01,0,13.28
10703,454,563.7,1108.0,-0.01,0.00,0.01,0,15.45
10750,455,1331.0,1233.0,0.00,0.00,0.00,0,12.01
10751,455,1331.0,1233.0,0.00,0.00,0.00,0,14.04
10752,455,1330.6,1232.3,-0.02,-0.03,0.04,0,7.87
10754,455,1330.6,1232.3,-0.02,-0.03,0.04,0,11.51
10755,455,1330.6,1232.3,-0.02,-0.03,0.04,0,13.69
10756,455,1330.6,1232.3,-0.02,-0.03,0.04,0,16.09
10810,458,1188.0,402.0,0.00,0.00,0.00,0,12.01
10810,459,1181.0,408.0,0.00,0.00,0.00,0,12.01
10810,460,955.0,853.0,0.00,0.00,0.00,0,12.01
10810,461,963.0,863.0,0.00,0.00,0.00,0,12.01
10811,458,1185.7,403.6,-0.06,0.04,0.07,0,7.47
10811,459,1178.7,410.0,-0.06,0.05,0.07,0,7.47
10811,460,955.3,853.3,0.01,0.01,0.01,0,7.47
10811,461,963.0,863.0,0.00,0.00,0.00,0,14.04
10812,458,1182.7,406.0,-0.25,0.19,0.31,0,6.31
10812,460,955.3,853.3,0.01,0.01,0.01,0,9.52
10814,458,1182.6,406.1,-0.25,0.19,0.31,0,10.00
10814,460,955.3,853.3,0.01,0.01,0.01,0,13.33
10815,458,1182.6,406.1,-0.25,0.19,0.31,0,12.15
10815,460,955.3,853.3,0.01,0.01,0.01,0,15.48
10816,458,1182.6,406.1,-0.25,0.19,0.31,0,14.48
10848,462,335.0,936.0,0.00,0.00,0.00,0,12.05
10849,462,335.0,936.0,0.00,0.00,0.00,0,14.09
10850,462,335.0,936.0,0.00,0.00,0.00,0,16.15
10852,462,335.0,936.0,0.00,0.00,0.00,0,20.17
11134,463,1239.0,1120.0,0.00,0.00,0.00,0,12.01
11135,463,1239.0,1120.3,0.00,0.01,0.01,0,7.47
11135,464,1235.0,1111.0,0.00,0.00,0.00,0,12.01
11136,463,1238.2,1118.2,-0.05,-0.13,0.14,0,6.31
11138,463,1238.2,1118.1,-0.05,-0.13,0.14,0,10.03
11139,463,1238.2,1118.1,-0.05,-0.13,0.14,0,12.13
11140,463,1238.2,1118.1,-0.05,-0.13,0.14,0,14.54
11176,465,1180.0,859.0,0.00,0.00,0.00,0,12.01
11177,465,1180.0,859.0,0.00,0.00,0.00,0,14.04
11178,465,1180.0,859.0,0.00,0.00,0.00,0,16.09
11180,465,1180.0,859.0,0.00,0.00,0.00,0,20.00
11229,466,1264.0,668.0,0.00,0.00,0.00,0,12.01
11230,466,1264.0,668.0,0.00,0.00,0.00,0,14.04
11231,466,1264.0,668.0,0.00,0.00,0.00,0,16.09
11233,466,1264.0,668.0,0.00,0.00,0.00,0,19.98
11267,467,724.0,1155.0,0.00,0.00,0.00,0,12.01
11268,467,722.4,1158.3,-0.05,0.09,0.10,0,7.47
11269,467,722.4,1158.3,-0.05,0.09,0.10,0,9.51
11271,467,722.3,1158.3,-0.05,0.09,0.10,0,13.29
11272,467,722.3,1158.3,-0.05,0.09,0.10,0,15.46
11305,468,1457.0,963.0,0.00,0.00,0.00,0,12.04
11306,468,1457.0,963.0,0.00,0.00,0.00,0,14.08
11307,468,1457.0,963.0,0.00,0.00,0.00,0,16.11
11309,468,1457.0,963.0,0.00,0.00,0.00,0,19.95
11342,469,1145.0,1172.0,0.00,0.00,0.00,0,12.01
11343,469,1145.0,1172.0,0.00,0.00,0.00,0,14.09
11344,469,1145.0,1172.0,0.00,0.00,0.00,0,16.16
11346,469,1145.0,1172.0,0.00,0.00,0.00,0,20.20
11445,470,624.0,1080.0,0.00,0.00,0.00,0,12.01
11446,470,623.0,1083.6,-0.02,0.08,0.09,0,7.48
11447,470,622.5,1085.8,-0.06,0.23,0.24,0,6.31
11449,470,622.5,1085.8,-0.06,0.23,0.24,0,10.00
11450,470,622.5,1085.8,-0.06,0.23,0.24,0,12.12
11451,470,622.5,1085.8,-0.06,0.23,0.24,0,14.53
11563,471,907.0,1128.0,0.00,0.00,0.00,0,12.01
11564,471,907.0,1128.0,0.00,0.00,0.00,0,14.04
11565,471,907.0,1128.0,0.00,0.00,0.00,0,16.09
11567,471,907.0,1128.0,0.00,0.00,0.00,0,19.98
11607,472,967.0,1013.0,0.00,0.00,0.00,0,12.01
11608,472,967.0,1012.3,0.00,-0.02,0.02,0,7.48
11608,473,964.0,1022.0,0.00,0.00,0.00,0,12.01
11609,472,966.2,1014.3,-0.05,0.12,0.13,0,6.31
11609,473,964.0,1022.0,0.00,0.00,0.00,0,14.04
11611,472,966.2,1014.3,-0.05,0.12,0.13,0,9.98
11611,473,964.0,1022.0,0.00,0.00,0.00,0,17.53
11612,472,966.2,1014.3,-0.05,0.12,0.13,0,12.16
11612,473,964.0,1022.0,0.00,0.00,0.00,0,19.68
11613,472,966.2,1014.4,-0.05,0.12,0.13,0,14.48
11655,474,1175.0,1088.0,0.00,0.00,0.00,0,12.01
11656,474,1174.7,1087.7,-0.01,-0.01,0.01,0,7.48
11656,475,1186.0,1102.0,0.00,0.00,0.00,0,12.01
11657,474,1174.7,1087.7,-0.01,-0.01,0.01,0,9.52
11657,475,1186.0,1102.0,0.00,0.00,0.00,0,14.04
11659,474,1174.7,1087.7,-0.01,-0.01,0.01,0,13.29
11659,475,1186.0,1102.0,0.00,0.00,0.00,0,17.51
11660,474,1174.7,1087.7,-0.01,-0.01,0.01,0,15.46
11660,475,1186.0,1102.0,0.00,0.00,0.00,0,19.66
11692,476,1158.0,1091.0,0.00,0.00,0.00,0,12.01
11692,477,1149.0,1100.0,0.00,0.00,0.00,0,12.01
11693,476,1155.4,1093.6,-0.06,0.06,0.09,0,7.48
11693,477,1149.0,1100.0,0.00,0.00,0.00,0,14.04
11694,476,1155.4,1093.6,-0.06,0.06,0.09,0,9.52
11696,476,1155.4,1093.6,-0.06,0.06,0.09,0,13.27
11697,476,1155.4,1093.6,-0.06,0.06,0.09,0,15.45
11729,478,877.0,1197.0,0.00,0.00,0.00,0,12.01
11730,478,879.6,1197.3,0.07,0.01,0.07,0,7.48
11731,478,883.3,1198.0,0.34,0.06,0.35,0,6.30
11733,478,883.4,1198.0,0.34,0.06,0.35,0,9.93
11734,478,883.4,1198.0,0.34,0.06,0.35,0,12.10
11735,478,883.4,1198.0,0.34,0.06,0.35,0,14.44
11771,479,1104.0,779.0,0.00,0.00,0.00,0,12.01
11772,479,1104.0,779.0,0.00,0.00,0.00,0,14.04
11773,479,1104.0,779.0,0.00,0.00,0.00,0,16.09
11775,479,1104.0,779.0,0.00,0.00,0.00,0,20.00
11808,480,1026.0,727.0,0.00,0.00,0.00,0,12.01
11809,480,1025.3,726.7,-0.02,-0.01,0.02,0,7.51
11809,481,1030.0,730.0,0.00,0.00,0.00,0,12.03
11809,482,1316.0,1209.0,0.00,0.00,0.00,0,12.03
11810,480,1026.0,727.0,0.06,0.03,0.06,0,6.32
11810,481,1030.3,731.0,0.02,0.05,0.05,0,7.48
11810,482,1316.0,1209.0,0.00,0.00,0.00,0,14.07
11812,480,1026.0,727.0,0.06,0.03,0.06,0,9.99
11812,481,1030.3,731.0,0.02,0.05,0.05,0,10.85
11812,482,1316.0,1209.0,0.00,0.00,0.00,0,17.61
11813,480,1026.0,727.0,0.06,0.03,0.06,0,12.29
11813,481,1030.3,731.0,0.02,0.05,0.05,0,13.11
11813,482,1316.0,1209.0,0.00,0.00,0.00,0,19.89
11814,480,1026.0,727.0,0.06,0.03,0.06,0,14.72
11814,481,1030.3,731.0,0.02,0.05,0.05,0,15.48
11911,483,696.0,1112.0,0.00,0.00,0.00,0,12.01
11912,483,696.3,1112.3,0.01,0.01,0.01,0,7.47
11912,484,682.0,1108.0,0.00,0.00,0.00,0,12.01
11913,483,693.2,1111.2,-0.20,-0.07,0.21,0,6.31
11915,483,693.1,1111.2,-0.20,-0.07,0.21,0,9.96
11916,483,693.1,1111.2,-0.20,-0.07,0.21,0,12.13
11917,483,693.1,1111.2,-0.20,-0.07,0.21,0,14.53
11949,485,1311.0,1215.0,0.00,0.00,0.00,0,12.03
11950,485,1311.0,1215.0,0.00,0.00,0.00,0,14.07
11950,486,1136.0,1073.0,0.00,0.00,0.00,0,12.01
11950,487,1190.0,1116.0,0.00,0.00,0.00,0,12.01
11951,485,1311.0,1215.0,0.00,0.00,0.00,0,16.10
11951,486,1137.3,1070.4,0.03,-0.05,0.06,0,7.46
11951,487,1190.0,1116.3,0.00,0.01,0.01,0,7.46
11951,488,1177.0,1118.0,0.00,0.00,0.00,0,12.00
11953,485,1311.0,1215.0,0.00,0.00,0.00,0,19.87
11953,486,1137.3,1070.4,0.03,-0.05,0.06,0,10.67
11953,487,1190.0,1116.3,0.00,0.01,0.01,0,10.67
11953,488,1177.0,1118.0,0.00,0.00,0.00,0,14.98
11954,486,1137.3,1070.4,0.03,-0.05,0.06,0,12.82
11954,487,1190.0,1116.3,0.00,0.01,0.01,0,12.82
11954,488,1177.0,1118.0,0.00,0.00,0.00,0,17.11
11955,486,1137.3,1070.4,0.03,-0.05,0.06,0,15.11
11955,487,1190.0,1116.3,0.00,0.01,0.01,0,15.11
11955,488,1177.0,1118.0,0.00,0.00,0.00,0,19.35
11986,489,1090.0,898.0,0.00,0.00,0.00,0,12.01
11987,489,1089.3,898.0,-0.02,0.00,0.02,0,7.48
11987,490,1082.0,896.0,0.00,0.00,0.00,0,12.01
11987,491,1184.0,1231.0,0.00,0.00,0.00,0,12.01
11988,489,1086.9,897.5,-0.19,-0.04,0.19,0,6.30
11990,489,1086.9,897.5,-0.19,-0.04,0.19,0,9.94
11991,489,1086.9,897.5,-0.19,-0.04,0.19,0,12.11
11992,489,1086.9,897.5,-0.19,-0.04,0.19,0,14.51
12023,492,923.0,1338.0,0.00,0.00,0.00,0,12.01
12023,493,923.0,1345.0,0.00,0.00,0.00,0,12.01
12025,494,921.0,1349.0,0.00,0.00,0.00,0,12.01
12025,495,920.0,1355.0,0.00,0.00,0.00,0,12.01
12026,494,920.7,1350.0,-0.01,0.02,0.02,0,7.48
12026,495,920.0,1355.0,0.00,0.00,0.00,0,14.04
12027,494,920.8,1351.5,-0.00,0.13,0.13,0,6.31
12029,494,920.8,1351.6,-0.00,0.13,0.13,0,9.97
12030,494,920.8,1351.6,-0.00,0.13,0.13,0,12.12
12031,494,920.8,1351.6,-0.00,0.13,0.13,0,14.47
12062,496,768.0,439.0,0.00,0.00,0.00,0,12.01
12064,498,765.0,435.0,0.00,0.00,0.00,0,12.01
12065,498,764.7,433.4,-0.01,-0.03,0.03,0,7.46
12066,498,764.8,431.2,-0.00,-0.12,0.12,0,6.29
12068,498,764.8,431.2,-0.00,-0.12,0.12,0,9.77
12069,498,764.8,431.2,-0.00,-0.12,0.12,0,11.97
12070,498,764.8,431.2,-0.00,-0.12,0.12,0,14.31
12102,501,623.0,1090.0,0.00,0.00,0.00,0,12.03
12103,501,626.0,1091.6,0.13,0.07,0.15,0,7.48
12104,501,627.5,1092.2,0.24,0.11,0.26,0,6.29
12104,502,641.0,1099.0,0.00,0.00,0.00,0,12.00
12106,501,627.6,1092.3,0.24,0.11,0.26,0,9.79
12106,502,641.0,1099.0,0.00,0.00,0.00,0,15.00
12107,501,627.6,1092.3,0.24,0.11,0.26,0,11.98
12107,502,641.0,1099.0,0.00,0.00,0.00,0,17.13
12108,501,627.6,1092.3,0.24,0.11,0.26,0,14.31
12108,502,641.0,1099.0,0.00,0.00,0.00,0,19.37
12146,503,897.0,861.0,0.00,0.00,0.00,0,12.01
12148,505,915.0,851.0,0.00,0.00,0.00,0,12.01
12148,506,906.0,857.0,0.00,0.00,0.00,0,12.01
12149,505,914.3,851.3,-0.02,0.01,0.02,0,7.47
12149,506,906.0,857.0,0.00,0.00,0.00,0,14.04
12150,505,916.1,850.0,0.09,-0.08,0.12,0,6.31
12152,505,916.1,849.9,0.09,-0.08,0.12,0,9.97
12153,505,916.1,849.9,0.09,-0.08,0.12,0,12.13
12154,505,916.1,849.9,0.09,-0.08,0.12,0,14.52
12185,507,963.0,1228.0,0.00,0.00,0.00,0,12.01
12185,508,969.0,1233.0,0.00,0.00,0.00,0,12.01
12187,509,960.0,1225.0,0.00,0.00,0.00,0,12.01
12188,509,958.4,1223.0,-0.03,-0.04,0.05,0,7.46
12189,509,956.0,1220.5,-0.14,-0.16,0.21,0,6.28
12191,509,955.9,1220.4,-0.14,-0.16,0.21,0,9.72
12192,509,955.9,1220.4,-0.14,-0.16,0.21,0,11.96
12193,509,955.9,1220.4,-0.14,-0.16,0.21,0,14.28
12233,511,1083.0,1132.0,0.00,0.00,0.00,0,12.01
12234,511,1083.3,1132.3,0.01,0.01,0.01,0,7.47
12235,511,1081.4,1132.0,-0.11,-0.01,0.11,0,6.31
12237,511,1081.4,1132.0,-0.11,-0.01,0.11,0,9.97
12238,511,1081.4,1132.0,-0.11,-0.01,0.11,0,12.14
12239,511,1081.4,1132.0,-0.11,-0.01,0.11,0,14.47
12274,512,629.0,1099.0,0.00,0.00,0.00,0,12.01
12275,512,629.0,1099.0,0.00,0.00,0.00,0,7.47
12276,512,629.0,1099.0,0.00,0.00,0.00,0,9.51
12278,512,629.0,1099.0,0.00,0.00,0.00,0,13.30
12279,512,629.0,1099.0,0.00,0.00,0.00,0,15.45
12399,513,927.0,1166.0,0.00,0.00,0.00,0,12.01
12400,513,927.7,1167.0,0.02,0.02,0.03,0,7.48
12400,514,925.0,1161.0,0.00,0.00,0.00,0,12.01
12401,513,928.0,1167.5,0.04,0.06,0.07,0,6.31
12401,514,925.0,1161.0,0.00,0.00,0.00,0,7.47
12403,513,928.0,1167.5,0.04,0.06,0.07,0,9.95
12403,514,925.0,1161.0,0.00,0.00,0.00,0,10.84
12404,513,928.0,1167.5,0.04,0.06,0.07,0,12.12
12404,514,925.0,1161.0,0.00,0.00,0.00,0,13.00
12405,513,928.0,1167.5,0.04,0.06,0.07,0,14.46
12405,514,925.0,1161.0,0.00,0.00,0.00,0,15.29
12437,515,1151.0,1102.0,0.00,0.00,0.00,0,12.03
12439,517,1149.0,1115.0,0.00,0.00,0.00,0,12.00
12440,517,1148.3,1118.3,-0.01,0.04,0.05,0,7.47
12441,517,1148.3,1118.3,-0.01,0.04,0.05,0,9.50
12443,517,1148.3,1118.3,-0.01,0.04,0.05,0,13.21
12444,517,1148.3,1118.3,-0.01,0.04,0.05,0,15.38
12489,519,1167.0,963.0,0.00,0.00,0.00,0,12.01
12490,519,1167.0,962.7,0.00,-0.01,0.01,0,7.48
12490,520,1163.0,970.0,0.00,0.00,0.00,0,12.01
12491,519,1166.2,964.3,-0.05,0.10,0.11,0,6.31
12491,520,1162.0,972.3,-0.02,0.06,0.06,0,7.47
12493,519,1166.2,964.3,-0.05,0.10,0.11,0,9.94
12493,520,1162.0,972.3,-0.02,0.06,0.06,0,10.84
12494,519,1166.2,964.3,-0.05,0.10,0.11,0,12.13
12494,520,1162.0,972.3,-0.02,0.06,0.06,0,13.01
12495,519,1166.2,964.3,-0.05,0.10,0.11,0,14.48
12495,520,1162.0,972.3,-0.02,0.06,0.06,0,15.30
12534,521,487.0,1055.0,0.00,0.00,0.00,0,12.01
12535,521,488.3,1052.4,0.03,-0.07,0.08,0,7.47
12536,521,488.7,1051.3,0.06,-0.14,0.16,0,6.31
12536,522,494.0,1040.0,0.00,0.00,0.00,0,12.01
12538,521,488.8,1051.2,0.06,-0.14,0.16,0,9.96
12538,522,494.0,1040.0,0.00,0.00,0.00,0,15.13
12539,521,488.8,1051.2,0.06,-0.14,0.16,0,12.13
12539,522,494.0,1040.0,0.00,0.00,0.00,0,17.24
12540,521,488.8,1051.2,0.06,-0.14,0.16,0,14.46
12540,522,494.0,1040.0,0.00,0.00,0.00,0,19.48
12571,523,898.0,1053.0,0.00,0.00,0.00,0,12.01
12572,523,898.3,1053.3,0.01,0.01,0.01,0,7.48
12572,524,894.0,1047.0,0.00,0.00,0.00,0,12.01
12573,523,898.3,1053.3,0.01,0.01,0.01,0,9.52
12575,523,898.3,1053.3,0.01,0.01,0.01,0,13.28
12576,523,898.3,1053.3,0.01,0.01,0.01,0,15.46
12664,525,1186.0,1004.0,0.00,0.00,0.00,0,12.01
12665,525,1186.0,1004.0,0.00,0.00,0.00,0,14.04
12666,525,1186.0,1004.0,0.00,0.00,0.00,0,16.09
12668,525,1186.0,1004.0,0.00,0.00,0.00,0,19.92
12706,526,1146.0,1035.0,0.00,0.00,0.00,0,12.01
12707,526,1146.0,1034.7,0.00,-0.01,0.01,0,7.48
12707,527,1139.0,1041.0,0.00,0.00,0.00,0,12.01
12708,526,1146.0,1034.7,0.00,-0.01,0.01,0,9.52
12710,526,1146.0,1034.7,0.00,-0.01,0.01,0,13.29
12711,526,1146.0,1034.7,0.00,-0.01,0.01,0,15.47
12751,528,497.0,1190.0,0.00,0.00,0.00,0,12.01
12752,528,497.0,1190.0,0.00,0.00,0.00,0,14.04
12753,528,497.0,1190.0,0.00,0.00,0.00,0,16.09
12755,528,497.0,1190.0,0.00,0.00,0.00,0,19.96
12828,529,1353.0,975.0,0.00,0.00,0.00,0,12.01
12829,529,1353.0,974.7,0.00,-0.01,0.01,0,7.47
12830,529,1351.7,975.5,-0.08,0.05,0.09,0,6.31
12832,529,1351.7,975.5,-0.08,0.05,0.09,0,9.99
12833,529,1351.7,975.5,-0.08,0.05,0.09,0,12.14
12834,529,1351.7,975.5,-0.08,0.05,0.09,0,14.48
12884,530,572.0,1166.0,0.00,0.00,0.00,0,12.01
12885,530,574.3,1162.7,0.06,-0.08,0.10,0,7.48
12886,530,575.2,1161.5,0.12,-0.16,0.20,0,6.31
12886,531,584.0,1152.0,0.00,0.00,0.00,0,12.01
12888,530,575.3,1161.5,0.12,-0.16,0.20,0,9.94
12888,531,584.0,1152.0,0.00,0.00,0.00,0,15.11
12889,530,575.3,1161.5,0.12,-0.16,0.20,0,12.13
12889,531,584.0,1152.0,0.00,0.00,0.00,0,17.24
12890,530,575.3,1161.5,0.12,-0.16,0.20,0,14.48
12890,531,584.0,1152.0,0.00,0.00,0.00,0,19.49
12930,532,1430.0,506.0,0.00,0.00,0.00,0,12.01
12931,532,1432.3,506.7,0.05,0.02,0.05,0,7.47
12932,532,1433.0,507.0,0.10,0.04,0.11,0,6.31
12932,533,1442.0,510.0,0.00,0.00,0.00,0,12.01
12934,532,1433.0,507.0,0.10,0.04,0.11,0,9.97
12934,533,1442.0,510.0,0.00,0.00,0.00,0,15.13
12935,532,1433.0,507.0,0.10,0.04,0.11,0,12.12
12935,533,1442.0,510.0,0.00,0.00,0.00,0,17.24
12936,532,1433.0,507.0,0.10,0.04,0.11,0,14.52
12936,533,1442.0,510.0,0.00,0.00,0.00,0,19.52
12967,534,761.0,479.0,0.00,0.00,0.00,0,12.01
12968,534,761.0,479.0,0.00,0.00,0.00,0,14.08
12969,534,761.0,479.0,0.00,0.00,0.00,0,16.14
12971,534,761.0,479.0,0.00,0.00,0.00,0,20.14
13017,535,881.0,787.0,0.00,0.00,0.00,0,12.01
13018,535,881.0,787.0,0.00,0.00,0.00,0,14.04
13019,535,881.0,787.0,0.00,0.00,0.00,0,16.09
13021,535,881.0,787.0,0.00,0.00,0.00,0,19.96
13103,536,777.0,882.0,0.00,0.00,0.00,0,12.01
13103,537,1439.0,942.0,0.00,0.00,0.00,0,12.01
13105,540,777.0,888.0,0.00,0.00,0.00,0,12.01
13105,541,775.0,893.0,0.00,0.00,0.00,0,12.01
13105,542,1436.0,947.0,0.00,0.00,0.00,0,12.01
13105,543,1432.0,954.0,0.00,0.00,0.00,0,12.01
13106,540,776.7,889.3,-0.01,0.03,0.03,0,7.47
13106,541,775.0,893.0,0.00,0.00,0.00,0,14.04
13106,542,1435.0,949.0,-0.02,0.05,0.05,0,7.47
13106,543,1431.0,956.0,-0.02,0.05,0.05,0,7.47
13107,540,775.5,890.5,-0.09,0.11,0.14,0,6.30
13107,542,1432.7,953.3,-0.18,0.33,0.38,0,6.30
13109,540,775.4,890.5,-0.09,0.11,0.14,0,9.93
13109,542,1432.6,953.4,-0.18,0.33,0.38,0,9.93
13110,540,775.4,890.6,-0.09,0.11,0.14,0,12.13
13110,542,1432.6,953.4,-0.18,0.33,0.38,0,12.13
13111,540,775.4,890.6,-0.09,0.11,0.14,0,14.53
13111,542,1432.6,953.5,-0.18,0.33,0.38,0,14.53
13144,547,628.0,747.0,0.00,0.00,0.00,0,12.01
13144,548,638.0,747.0,0.00,0.00,0.00,0,12.01
13145,547,628.7,747.0,0.01,0.00,0.01,0,7.47
13145,548,631.4,747.0,-0.14,0.00,0.14,0,7.47
13146,547,626.7,746.7,-0.11,-0.02,0.11,0,6.31
13148,547,626.7,746.7,-0.11,-0.02,0.11,0,9.97
13149,547,626.7,746.7,-0.11,-0.02,0.11,0,12.12
13150,547,626.7,746.7,-0.11,-0.02,0.11,0,14.46
13190,549,1170.0,1101.0,0.00,0.00,0.00,0,12.01
13192,551,1168.0,1113.0,0.00,0.00,0.00,0,12.01
13192,552,1172.0,1127.0,0.00,0.00,0.00,0,12.01
13193,551,1168.0,1113.0,0.00,0.00,0.00,0,14.04
13193,552,1172.0,1127.0,0.00,0.00,0.00,0,14.04
13194,551,1168.0,1113.0,0.00,0.00,0.00,0,16.09
13196,551,1168.0,1113.0,0.00,0.00,0.00,0,19.98
13261,553,1093.0,1311.0,0.00,0.00,0.00,0,12.04
13262,553,1093.0,1311.0,0.00,0.00,0.00,0,14.09
13263,553,1093.0,1311.0,0.00,0.00,0.00,0,16.15
13265,553,1093.0,1311.0,0.00,0.00,0.00,0,20.17
13309,554,497.0,1036.0,0.00,0.00,0.00,0,12.01
13310,554,497.0,1036.7,0.00,0.02,0.02,0,7.48
13310,555,500.0,1029.0,0.00,0.00,0.00,0,12.01
13311,554,497.0,1036.7,0.00,0.02,0.02,0,9.52
13313,554,497.0,1036.7,0.00,0.02,0.02,0,13.29
13314,554,497.0,1036.7,0.00,0.02,0.02,0,15.46
13367,556,1339.0,976.0,0.00,0.00,0.00,0,12.01
13369,558,1343.0,981.0,0.00,0.00,0.00,0,12.01
13370,558,1344.6,985.9,0.04,0.12,0.12,0,7.48
13371,558,1345.5,988.5,0.10,0.29,0.31,0,6.31
13373,558,1345.5,988.6,0.10,0.29,0.31,0,9.98
13374,558,1345.5,988.6,0.10,0.29,0.31,0,12.12
13375,558,1345.5,988.6,0.10,0.29,0.31,0,14.47
13556,559,1292.0,667.0,0.00,0.00,0.00,0,12.01
13557,559,1292.0,667.0,0.00,0.00,0.00,0,7.47
13558,559,1292.0,667.0,0.00,0.00,0.00,0,9.52
13560,559,1292.0,667.0,0.00,0.00,0.00,0,13.30
13561,559,1292.0,667.0,0.00,0.00,0.00,0,15.46
13594,563,1192.0,1155.0,0.00,0.00,0.00,0,12.03
13594,564,1206.0,1162.0,0.00,0.00,0.00,0,12.03
13595,563,1196.3,1157.3,0.19,0.10,0.22,0,7.48
13595,564,1210.6,1164.0,0.21,0.09,0.23,0,7.48
13596,563,1196.3,1157.3,0.19,0.10,0.22,0,9.50
13598,563,1196.3,1157.3,0.19,0.10,0.22,0,13.12
13599,563,1196.3,1157.3,0.19,0.10,0.22,0,15.30
13633,565,1279.0,1171.0,0.00,0.00,0.00,0,12.01
13634,565,1281.3,1169.0,0.05,-0.04,0.06,0,7.46
13635,565,1284.6,1165.7,0.18,-0.18,0.26,0,6.29
13637,565,1284.6,1165.6,0.18,-0.18,0.26,0,9.81
13638,565,1284.6,1165.6,0.18,-0.18,0.26,0,12.01
13639,565,1284.6,1165.6,0.18,-0.18,0.26,0,14.33
13708,566,829.0,1072.0,0.00,0.00,0.00,0,12.01
13709,566,829.0,1072.0,0.00,0.00,0.00,0,14.04
13710,566,829.0,1072.0,0.00,0.00,0.00,0,16.09
13712,566,829.0,1072.0,0.00,0.00,0.00,0,19.95
13769,567,959.0,1080.0,0.00,0.00,0.00,0,12.01
13770,567,959.0,1080.0,0.00,0.00,0.00,0,7.48
13771,567,959.0,1080.0,0.00,0.00,0.00,0,9.52
13773,567,959.0,1080.0,0.00,0.00,0.00,0,13.29
13774,567,959.0,1080.0,0.00,0.00,0.00,0,15.47
13811,568,940.0,1289.0,0.00,0.00,0.00,0,12.01
13812,568,940.0,1289.0,0.00,0.00,0.00,0,14.04
13813,568,940.0,1289.0,0.00,0.00,0.00,0,16.09
13815,568,940.0,1289.0,0.00,0.00,0.00,0,19.97
13856,569,875.0,899.0,0.00,0.00,0.00,0,12.01
13857,569,875.0,899.0,0.00,0.00,0.00,0,14.04
13858,569,875.0,899.0,0.00,0.00,0.00,0,16.09
13860,569,875.0,899.0,0.00,0.00,0.00,0,19.97
13924,570,1351.0,706.0,0.00,0.00,0.00,0,12.01
13925,570,1351.0,706.0,0.00,0.00,0.00,0,14.04
13926,570,1351.0,706.0,0.00,0.00,0.00,0,16.09
13928,570,1351.0,706.0,0.00,0.00,0.00,0,19.97
13987,571,465.0,552.0,0.00,0.00,0.00,0,12.01
13988,571,464.7,550.0,-0.01,-0.05,0.05,0,7.47
13989,571,464.7,550.0,-0.01,-0.05,0.05,0,9.52
13991,571,464.7,550.0,-0.01,-0.05,0.05,0,13.31
13992,571,464.7,550.0,-0.01,-0.05,0.05,0,15.46
14030,572,947.0,1319.0,0.00,0.00,0.00,0,12.01
14032,574,928.0,1313.0,0.00,0.00,0.00,0,12.01
14032,575,938.0,1316.0,0.00,0.00,0.00,0,12.01
14033,574,928.3,1313.3,0.01,0.01,0.01,0,7.48
14033,575,931.8,1315.3,-0.16,-0.02,0.16,0,7.48
14034,574,926.2,1313.5,-0.13,0.02,0.14,0,6.31
14036,574,926.1,1313.5,-0.13,0.02,0.14,0,10.01
14037,574,926.1,1313.5,-0.13,0.02,0.14,0,12.13
14038,574,926.1,1313.5,-0.13,0.02,0.14,0,14.48
14081,576,1068.0,1184.0,0.00,0.00,0.00,0,12.01
14083,578,1044.0,1161.0,0.00,0.00,0.00,0,12.01
14083,579,1058.0,1172.0,0.00,0.00,0.00,0,12.01
14084,578,1044.3,1161.0,0.01,0.00,0.01,0,7.47
14084,579,1048.5,1165.8,-0.24,-0.15,0.28,0,7.47
14085,578,1040.6,1158.9,-0.23,-0.13,0.27,0,6.31
14087,578,1040.6,1158.9,-0.23,-0.13,0.27,0,9.98
14088,578,1040.6,1158.9,-0.23,-0.13,0.27,0,12.14
14089,578,1040.6,1158.9,-0.23,-0.13,0.27,0,14.49
14120,581,1448.0,1129.0,0.00,0.00,0.00,0,12.01
14122,583,1434.0,1116.0,0.00,0.00,0.00,0,12.01
14122,584,1442.0,1122.0,0.00,0.00,0.00,0,12.01
14123,583,1433.3,1115.7,-0.01,-0.01,0.01,0,7.47
14123,584,1442.0,1122.0,0.00,0.00,0.00,0,14.02
14124,583,1431.2,1115.2,-0.12,-0.03,0.12,0,6.30
14126,583,1431.2,1115.2,-0.12,-0.03,0.12,0,9.88
14127,583,1431.2,1115.2,-0.12,-0.03,0.12,0,12.07
14128,583,1431.2,1115.2,-0.12,-0.03,0.12,0,14.41
14216,586,1325.0,807.0,0.00,0.00,0.00,0,12.01
14217,586,1325.7,809.0,0.02,0.05,0.05,0,7.48
14218,586,1326.0,809.7,0.04,0.10,0.11,0,6.31
14220,586,1326.0,809.8,0.04,0.10,0.11,0,9.99
14221,586,1326.0,809.8,0.04,0.10,0.11,0,12.14
14222,586,1326.0,809.8,0.04,0.10,0.11,0,14.54
14263,587,1354.0,962.0,0.00,0.00,0.00,0,12.01
14264,587,1354.0,962.0,0.00,0.00,0.00,0,14.04
14265,587,1354.0,962.0,0.00,0.00,0.00,0,16.09
14267,587,1354.0,962.0,0.00,0.00,0.00,0,19.95
14312,588,979.0,901.0,0.00,0.00,0.00,0,12.01
14313,588,979.0,901.0,0.00,0.00,0.00,0,14.04
14314,588,979.0,901.0,0.00,0.00,0.00,0,16.09
14316,588,979.0,901.0,0.00,0.00,0.00,0,19.95
14359,589,624.0,1095.0,0.00,0.00,0.00,0,12.01
14360,589,624.0,1095.7,0.00,0.02,0.02,0,7.47
14360,590,634.0,1086.0,0.00,0.00,0.00,0,12.01
14361,589,626.3,1093.4,0.15,-0.13,0.20,0,6.31
14363,589,626.4,1093.4,0.15,-0.13,0.20,0,9.97
14364,589,626.4,1093.4,0.15,-0.13,0.20,0,12.14
14365,589,626.4,1093.4,0.15,-0.13,0.20,0,14.47
14408,591,1358.0,914.0,0.00,0.00,0.00,0,12.01
14410,593,1082.0,832.0,0.00,0.00,0.00,0,12.01
14410,594,1077.0,839.0,0.00,0.00,0.00,0,12.01
14410,595,1340.0,919.0,0.00,0.00,0.00,0,12.01
14411,593,1082.0,832.0,0.00,0.00,0.00,0,14.07
14411,594,1077.0,839.0,0.00,0.00,0.00,0,14.07
14411,595,1336.7,919.3,-0.08,0.01,0.08,0,7.51
14412,593,1083.8,830.9,0.12,-0.07,0.14,0,7.87
14412,595,1332.2,919.5,-0.55,0.03,0.55,0,6.32
14414,593,1083.8,830.9,0.12,-0.07,0.14,0,11.51
14414,595,1332.0,919.5,-0.55,0.03,0.55,0,9.98
14415,593,1083.8,830.9,0.12,-0.07,0.14,0,13.83
14415,595,1332.0,919.5,-0.55,0.03,0.55,0,12.31
14416,593,1083.8,830.9,0.12,-0.07,0.14,0,16.17
14416,595,1332.0,919.5,-0.55,0.03,0.55,0,14.65
14462,596,1422.0,1063.0,0.00,0.00,0.00,0,12.01
14464,598,1414.0,1070.0,0.00,0.00,0.00,0,12.01
14465,598,1414.0,1070.0,0.00,0.00,0.00,0,14.04
14466,598,1414.0,1070.0,0.00,0.00,0.00,0,16.09
14468,598,1414.0,1070.0,0.00,0.00,0.00,0,19.95
14505,599,1058.0,1316.0,0.00,0.00,0.00,0,12.01
14506,599,1059.6,1318.6,0.04,0.06,0.07,0,7.48
14507,599,1060.2,1319.7,0.08,0.14,0.16,0,6.30
14509,599,1060.3,1319.8,0.08,0.14,0.16,0,9.94
14510,599,1060.3,1319.8,0.08,0.14,0.16,0,12.11
14511,599,1060.3,1319.8,0.08,0.14,0.16,0,14.45
14550,600,641.0,434.0,0.00,0.00,0.00,0,12.02
14551,600,641.3,434.0,0.01,0.00,0.01,0,7.48
14552,600,641.3,434.0,0.01,0.00,0.01,0,9.50
14554,600,641.3,434.0,0.01,0.00,0.01,0,13.17
14555,600,641.3,434.0,0.01,0.00,0.01,0,15.37
14587,601,539.0,913.0,0.00,0.00,0.00,0,12.01
14587,602,538.0,920.0,0.00,0.00,0.00,0,12.01
14588,601,538.7,915.0,-0.01,0.05,0.05,0,7.53
14588,602,537.3,925.2,-0.02,0.13,0.13,0,7.53
14589,601,538.0,920.4,-0.10,0.74,0.75,0,6.33
14591,601,538.0,920.6,-0.10,0.74,0.75,0,10.04
14592,601,538.0,920.6,-0.10,0.74,0.75,0,12.22
14593,601,538.0,920.6,-0.10,0.74,0.75,0,14.57
14624,603,456.0,1145.0,0.00,0.00,0.00,0,12.01
14625,603,456.0,1145.0,0.00,0.00,0.00,0,14.07
14626,603,456.0,1145.0,0.00,0.00,0.00,0,16.13
14628,603,456.0,1145.0,0.00,0.00,0.00,0,20.10
14686,604,1306.0,1207.0,0.00,0.00,0.00,0,12.01
14687,604,1306.0,1207.0,0.00,0.00,0.00,0,14.04
14688,604,1302.8,1205.6,-0.15,-0.07,0.17,0,7.87
14690,604,1302.8,1205.6,-0.15,-0.07,0.17,0,11.51
14691,604,1302.8,1205.6,-0.15,-0.07,0.17,0,13.67
14692,604,1302.8,1205.6,-0.15,-0.07,0.17,0,16.06
14734,605,821.0,950.0,0.00,0.00,0.00,0,12.01
14735,605,821.0,950.0,0.00,0.00,0.00,0,7.47
14735,606,493.0,550.0,0.00,0.00,0.00,0,12.01
14735,607,825.0,943.0,0.00,0.00,0.00,0,12.01
14736,605,821.0,950.0,0.00,0.00,0.00,0,9.51
14738,605,821.0,950.0,0.00,0.00,0.00,0,13.38
14739,605,821.0,950.0,0.00,0.00,0.00,0,15.45
14771,609,726.0,1116.0,0.00,0.00,0.00,0,12.01
14771,610,740.0,1121.0,0.00,0.00,0.00,0,12.01
14771,611,810.0,1195.0,0.00,0.00,0.00,0,12.01
14771,612,802.0,1197.0,0.00,0.00,0.00,0,12.01
14771,613,1044.0,1231.0,0.00,0.00,0.00,0,12.01
14771,614,1034.0,1232.0,0.00,0.00,0.00,0,12.01
14771,615,914.0,1291.0,0.00,0.00,0.00,0,12.01
14771,616,959.0,1293.0,0.00,0.00,0.00,0,12.01
14771,617,901.0,1297.0,0.00,0.00,0.00,0,12.01
14771,618,951.0,1297.0,0.00,0.00,0.00,0,12.01
14773,619,701.0,1109.0,0.00,0.00,0.00,0,12.01
14773,620,715.0,1112.0,0.00,0.00,0.00,0,12.01
14773,621,797.0,1201.0,0.00,0.00,0.00,0,12.01
14773,622,791.0,1212.0,0.00,0.00,0.00,0,12.01
14773,623,946.0,1300.0,0.00,0.00,0.00,0,12.01
14773,624,939.0,1307.0,0.00,0.00,0.00,0,12.01
14774,619,701.3,1109.0,0.01,0.00,0.01,0,7.46
14774,620,705.8,1110.0,-0.18,-0.04,0.19,0,7.46
14774,621,794.7,1204.6,-0.05,0.07,0.08,0,7.46
14774,622,791.0,1212.0,0.00,0.00,0.00,0,14.02
14774,623,944.0,1302.0,-0.04,0.04,0.06,0,7.46
14774,624,936.4,1308.3,-0.05,0.03,0.06,0,7.46
14775,619,697.9,1108.2,-0.13,-0.03,0.14,0,6.28
14775,623,941.2,1304.0,-0.16,0.12,0.20,0,6.28
14775,621,794.7,1204.6,-0.05,0.07,0.08,0,9.48
14777,619,697.9,1108.2,-0.13,-0.03,0.14,0,9.70
14777,623,941.2,1304.1,-0.16,0.12,0.20,0,9.70
14777,621,794.7,1204.6,-0.05,0.07,0.08,0,12.97
14778,619,697.9,1108.2,-0.13,-0.03,0.14,0,11.94
14778,623,941.2,1304.1,-0.16,0.12,0.20,0,11.94
14778,621,794.7,1204.6,-0.05,0.07,0.08,0,15.21
14779,619,697.9,1108.2,-0.13,-0.03,0.14,0,14.27
14779,623,941.2,1304.1,-0.16,0.12,0.20,0,14.27
14810,625,1189.0,1088.0,0.00,0.00,0.00,0,12.01
14810,626,1202.0,1093.0,0.00,0.00,0.00,0,12.01
14812,627,1177.0,1085.0,0.00,0.00,0.00,0,12.01
14813,627,1172.4,1084.3,-0.09,-0.01,0.09,0,7.46
14814,627,1172.4,1084.3,-0.09,-0.01,0.09,0,9.49
14816,627,1172.4,1084.3,-0.09,-0.01,0.09,0,13.10
14817,627,1172.4,1084.3,-0.09,-0.01,0.09,0,15.28
14856,628,647.0,1315.0,0.00,0.00,0.00,0,12.01
14857,628,648.3,1313.4,0.03,-0.04,0.05,0,7.48
14858,628,649.0,1312.8,0.08,-0.08,0.11,0,6.31
14858,629,654.0,1305.0,0.00,0.00,0.00,0,12.01
14860,628,649.0,1312.7,0.08,-0.08,0.11,0,10.01
14860,629,654.0,1305.0,0.00,0.00,0.00,0,15.16
14861,628,649.0,1312.7,0.08,-0.08,0.11,0,12.12
14861,629,654.0,1305.0,0.00,0.00,0.00,0,17.24
14862,628,649.0,1312.7,0.08,-0.08,0.11,0,14.54
14862,629,654.0,1305.0,0.00,0.00,0.00,0,19.54
14900,630,1271.0,564.0,0.00,0.00,0.00,0,12.01
14901,630,1270.7,560.4,-0.01,-0.09,0.09,0,7.47
14902,630,1270.5,558.7,-0.02,-0.20,0.20,0,6.31
14902,631,1270.0,542.0,0.00,0.00,0.00,0,12.01
14904,630,1270.5,558.7,-0.02,-0.20,0.20,0,9.97
14904,631,1270.0,542.0,0.00,0.00,0.00,0,15.13
14905,630,1270.5,558.7,-0.02,-0.20,0.20,0,12.13
14905,631,1270.0,542.0,0.00,0.00,0.00,0,17.25
14906,630,1270.5,558.7,-0.02,-0.20,0.20,0,14.48
14906,631,1270.0,542.0,0.00,0.00,0.00,0,19.49
14937,632,1026.0,919.0,0.00,0.00,0.00,0,12.01
14938,632,1022.7,916.7,-0.08,-0.06,0.10,0,7.51
14939,632,1021.0,915.5,-0.26,-0.18,0.32,0,6.32
14939,633,1011.0,903.0,0.00,0.00,0.00,0,12.01
14941,632,1020.9,915.4,-0.26,-0.18,0.32,0,9.95
14941,633,1011.0,903.0,0.00,0.00,0.00,0,15.04
14942,632,1020.9,915.4,-0.26,-0.18,0.32,0,11.98
14942,633,1011.0,903.0,0.00,0.00,0.00,0,17.06
14943,632,1020.9,915.4,-0.26,-0.18,0.32,0,14.38
14943,633,1011.0,903.0,0.00,0.00,0.00,0,19.34
14975,634,1054.0,564.0,0.00,0.00,0.00,0,12.04
14975,635,1045.0,570.0,0.00,0.00,0.00,0,12.04
14977,636,1031.0,580.0,0.00,0.00,0.00,0,12.01
14978,636,1031.0,579.7,0.00,-0.01,0.01,0,7.47
14978,637,1022.0,583.0,0.00,0.00,0.00,0,12.01
14979,636,1028.9,580.5,-0.13,0.05,0.14,0,6.31
14981,636,1028.9,580.5,-0.13,0.05,0.14,0,10.00
14982,636,1028.9,580.5,-0.13,0.05,0.14,0,12.12
14983,636,1028.9,580.5,-0.13,0.05,0.14,0,14.53
15022,638,533.0,926.0,0.00,0.00,0.00,0,12.01
15023,638,532.7,928.3,-0.01,0.06,0.06,0,7.47
15024,638,532.2,929.0,-0.04,0.10,0.11,0,6.31
15026,638,532.2,929.0,-0.04,0.10,0.11,0,9.97
15027,638,532.2,929.0,-0.04,0.10,0.11,0,12.14
15028,638,532.2,929.0,-0.04,0.10,0.11,0,14.48
15075,640,1363.0,831.0,0.00,0.00,0.00,0,12.01
15076,640,1361.4,830.7,-0.04,-0.01,0.04,0,7.48
15077,640,1359.5,830.2,-0.16,-0.04,0.17,0,6.31
15079,640,1359.4,830.2,-0.16,-0.04,0.17,0,10.00
15080,640,1359.4,830.2,-0.16,-0.04,0.17,0,12.13
15081,640,1359.4,830.2,-0.16,-0.04,0.17,0,14.55
15112,641,1031.0,691.0,0.00,0.00,0.00,0,12.01
15112,642,1038.0,692.0,0.00,0.00,0.00,0,12.01
15113,641,1031.3,691.0,0.01,0.00,0.01,0,7.50
15113,642,1033.4,691.0,-0.11,-0.02,0.12,0,7.50
15113,643,1067.0,1281.0,0.00,0.00,0.00,0,12.02
15114,641,1030.0,690.7,-0.12,-0.02,0.13,0,6.32
15116,641,1029.9,690.7,-0.12,-0.02,0.13,0,10.01
15117,641,1029.9,690.7,-0.12,-0.02,0.13,0,12.04
15118,641,1029.9,690.7,-0.12,-0.02,0.13,0,14.41
15190,644,1431.0,1101.0,0.00,0.00,0.00,0,12.01
15191,644,1426.4,1102.3,-0.12,0.03,0.12,0,7.47
15192,644,1424.5,1102.7,-0.24,0.06,0.25,0,6.31
15194,644,1424.4,1102.8,-0.24,0.06,0.25,0,9.97
15195,644,1424.4,1102.8,-0.24,0.06,0.25,0,12.12
15196,644,1424.4,1102.8,-0.24,0.06,0.25,0,14.47
15229,645,318.0,652.0,0.00,0.00,0.00,0,12.01
15230,645,318.0,652.0,0.00,0.00,0.00,0,14.02
15231,645,318.0,652.0,0.00,0.00,0.00,0,16.05
15233,645,318.0,652.0,0.00,0.00,0.00,0,19.80
15266,646,905.0,1106.0,0.00,0.00,0.00,0,12.01
15266,647,915.0,1119.0,0.00,0.00,0.00,0,12.01
15268,648,892.0,1089.0,0.00,0.00,0.00,0,12.01
15268,649,880.0,1159.0,0.00,0.00,0.00,0,12.01
15269,648,888.7,1086.1,-0.07,-0.06,0.10,0,7.47
15269,649,880.0,1159.0,0.00,0.00,0.00,0,14.03
15270,649,883.5,1158.3,0.15,-0.03,0.15,0,7.86
15270,648,888.7,1086.1,-0.07,-0.06,0.10,0,9.51
15272,649,883.5,1158.3,0.15,-0.03,0.15,0,11.48
15272,648,888.7,1086.0,-0.07,-0.06,0.10,0,13.24
15273,649,883.6,1158.3,0.15,-0.03,0.15,0,13.67
15273,648,888.7,1086.0,-0.07,-0.06,0.10,0,15.44
15274,649,883.6,1158.3,0.15,-0.03,0.15,0,16.00
15305,650,1284.0,1111.0,0.00,0.00,0.00,0,12.01
15305,651,1278.0,1114.0,0.00,0.00,0.00,0,12.01
15307,653,715.0,810.0,0.00,0.00,0.00,0,12.01
15307,654,714.0,816.0,0.00,0.00,0.00,0,12.01
15307,655,1273.0,1120.0,0.00,0.00,0.00,0,12.01
15307,656,1272.0,1128.0,0.00,0.00,0.00,0,12.01
15307,657,974.0,1234.0,0.00,0.00,0.00,0,12.01
15308,653,715.0,809.7,0.00,-0.01,0.01,0,7.47
15308,654,714.0,816.0,0.00,0.00,0.00,0,14.03
15308,655,1272.7,1122.3,-0.01,0.05,0.05,0,7.47
15308,656,1272.0,1128.0,0.00,0.00,0.00,0,14.03
15308,657,971.7,1235.3,-0.05,0.03,0.06,0,7.47
15309,653,715.3,808.2,0.02,-0.10,0.10,0,6.30
15309,655,1272.2,1125.6,-0.03,0.25,0.25,0,6.30
15309,657,971.0,1235.7,-0.09,0.06,0.11,0,6.30
15311,653,715.3,808.2,0.02,-0.10,0.10,0,9.92
15311,655,1272.2,1125.6,-0.03,0.25,0.25,0,9.92
15311,657,971.0,1235.8,-0.09,0.06,0.11,0,9.92
15312,653,715.3,808.2,0.02,-0.10,0.10,0,12.10
15312,655,1272.2,1125.6,-0.03,0.25,0.25,0,12.10
15312,657,971.0,1235.8,-0.09,0.06,0.11,0,12.10
15313,653,715.3,808.2,0.02,-0.10,0.10,0,14.43
15313,655,1272.2,1125.6,-0.03,0.25,0.25,0,14.43
15313,657,971.0,1235.8,-0.09,0.06,0.11,0,14.43
15354,659,1217.0,614.0,0.00,0.00,0.00,0,12.01
15355,659,1217.0,614.0,0.00,0.00,0.00,0,14.04
15356,659,1217.0,614.0,0.00,0.00,0.00,0,16.09
15358,659,1217.0,614.0,0.00,0.00,0.00,0,20.00
15397,660,969.0,1056.0,0.00,0.00,0.00,0,12.01
15398,660,969.0,1056.0,0.00,0.00,0.00,0,14.04
15399,660,965.8,1055.6,-0.14,-0.02,0.15,0,7.87
15401,660,965.8,1055.6,-0.14,-0.02,0.15,0,11.55
15402,660,965.8,1055.6,-0.14,-0.02,0.15,0,13.70
15403,660,965.8,1055.6,-0.14,-0.02,0.15,0,16.09
15434,661,1355.0,530.0,0.00,0.00,0.00,0,12.01
15434,662,1453.0,952.0,0.00,0.00,0.00,0,12.01
15434,663,1448.0,953.0,0.00,0.00,0.00,0,12.01
15436,665,1348.0,532.0,0.00,0.00,0.00,0,12.01
15436,666,1338.0,535.0,0.00,0.00,0.00,0,12.01
15436,667,1456.0,951.0,0.00,0.00,0.00,0,12.01
15437,665,1345.1,533.0,-0.06,0.02,0.06,0,7.47
15437,666,1338.0,535.0,0.00,0.00,0.00,0,14.02
15437,667,1456.0,951.0,0.00,0.00,0.00,0,14.02
15438,665,1345.1,533.0,-0.06,0.02,0.06,0,9.50
15438,667,1456.0,951.0,0.00,0.00,0.00,0,16.06
15440,665,1345.0,533.0,-0.06,0.02,0.06,0,13.25
15440,667,1456.0,951.0,0.00,0.00,0.00,0,19.89
15441,665,1345.0,533.0,-0.06,0.02,0.06,0,15.37
15473,668,1029.0,1085.0,0.00,0.00,0.00,0,12.01
15473,669,1029.0,1094.0,0.00,0.00,0.00,0,12.01
15475,670,1029.0,1069.0,0.00,0.00,0.00,0,12.01
15475,671,1029.0,1078.0,0.00,0.00,0.00,0,12.01
15476,670,1028.7,1069.0,-0.01,0.00,0.01,0,7.46
15476,671,1028.3,1071.8,-0.01,-0.13,0.13,0,7.46
15477,670,1028.2,1066.7,-0.02,-0.09,0.09,0,6.29
15479,670,1028.2,1066.7,-0.02,-0.09,0.09,0,9.80
15480,670,1028.2,1066.7,-0.02,-0.09,0.09,0,11.97
15481,670,1028.2,1066.7,-0.02,-0.09,0.09,0,14.30
15515,672,1158.0,526.0,0.00,0.00,0.00,0,12.00
15516,672,1157.7,526.3,-0.00,0.00,0.01,0,7.47
15517,672,1159.0,524.7,0.07,-0.08,0.11,0,6.30
15519,672,1159.1,524.7,0.07,-0.08,0.11,0,9.98
15520,672,1159.1,524.7,0.07,-0.08,0.11,0,12.11
15521,672,1159.1,524.7,0.07,-0.08,0.11,0,14.51
15574,673,1216.0,611.0,0.00,0.00,0.00,0,12.01
15575,673,1216.0,611.0,0.00,0.00,0.00,0,14.04
15576,673,1216.0,611.0,0.00,0.00,0.00,0,16.09
15578,673,1216.0,611.0,0.00,0.00,0.00,0,19.97
15693,674,1145.0,1160.0,0.00,0.00,0.00,0,12.01
15694,674,1147.3,1160.3,0.06,0.01,0.06,0,7.47
15695,674,1148.0,1160.2,0.10,0.00,0.10,0,6.31
15695,675,1158.0,1161.0,0.00,0.00,0.00,0,12.01
15697,674,1148.0,1160.2,0.10,0.00,0.10,0,9.99
15697,675,1158.0,1161.0,0.00,0.00,0.00,0,15.15
15698,674,1148.0,1160.2,0.10,0.00,0.10,0,12.14
15698,675,1158.0,1161.0,0.00,0.00,0.00,0,17.26
15699,674,1148.0,1160.2,0.10,0.00,0.10,0,14.49
15699,675,1158.0,1161.0,0.00,0.00,0.00,0,19.51
15736,676,624.0,1127.0,0.00,0.00,0.00,0,12.01
15737,676,624.0,1127.0,0.00,0.00,0.00,0,14.04
15738,676,624.0,1127.0,0.00,0.00,0.00,0,16.09
15740,676,624.0,1127.0,0.00,0.00,0.00,0,20.01
15840,677,1444.0,981.0,0.00,0.00,0.00,0,12.01
15841,677,1444.3,981.0,0.01,0.00,0.01,0,7.47
15841,678,1434.0,983.0,0.00,0.00,0.00,0,12.01
15842,677,1441.9,981.5,-0.15,0.03,0.15,0,6.31
15842,678,1434.0,983.0,0.00,0.00,0.00,0,14.04
15844,677,1441.9,981.5,-0.15,0.03,0.15,0,9.98
15844,678,1434.0,983.0,0.00,0.00,0.00,0,17.53
15845,677,1441.9,981.5,-0.15,0.03,0.15,0,12.13
15845,678,1434.0,983.0,0.00,0.00,0.00,0,19.66
15846,677,1441.9,981.5,-0.15,0.03,0.15,0,14.48
15907,679,1099.0,1087.0,0.00,0.00,0.00,0,12.01
15908,679,1099.0,1087.0,0.00,0.00,0.00,0,14.04
15908,680,1274.0,1055.0,0.00,0.00,0.00,0,12.01
15909,679,1099.0,1087.0,0.00,0.00,0.00,0,16.09
15911,679,1099.0,1087.0,0.00,0.00,0.00,0,19.97
15962,682,908.0,860.0,0.00,0.00,0.00,0,12.01
15963,682,907.7,859.7,-0.01,-0.01,0.01,0,7.47
15964,682,908.0,861.0,0.01,0.08,0.08,0,6.31
15966,682,908.0,861.1,0.01,0.08,0.08,0,9.96
15967,682,908.0,861.1,0.01,0.08,0.08,0,12.13
15968,682,908.0,861.1,0.01,0.08,0.08,0,14.52
16035,683,1312.0,834.0,0.00,0.00,0.00,0,12.01
16036,683,1312.0,834.0,0.00,0.00,0.00,0,14.04
16037,683,1312.0,834.0,0.00,0.00,0.00,0,16.09
16039,683,1312.0,834.0,0.00,0.00,0.00,0,19.99
16099,684,1027.0,1304.0,0.00,0.00,0.00,0,12.01
16100,684,1022.7,1302.0,-0.10,-0.05,0.11,0,7.47
16101,684,1018.9,1299.5,-0.33,-0.21,0.39,0,6.31
16103,684,1018.9,1299.4,-0.33,-0.21,0.39,0,9.99
16104,684,1018.8,1299.4,-0.33,-0.21,0.39,0,12.13
16105,684,1018.8,1299.4,-0.33,-0.21,0.39,0,14.53
16154,685,456.0,762.0,0.00,0.00,0.00,0,12.01
16155,685,456.0,762.0,0.00,0.00,0.00,0,14.04
16156,685,455.3,762.4,-0.03,0.02,0.04,0,7.87
16158,685,455.3,762.4,-0.03,0.02,0.04,0,11.52
16159,685,455.3,762.4,-0.03,0.02,0.04,0,13.68
16160,685,455.3,762.4,-0.03,0.02,0.04,0,16.09
16214,686,854.0,1233.0,0.00,0.00,0.00,0,12.01
16223,688,789.0,1208.0,0.00,0.00,0.00,0,12.01
16225,690,782.0,1210.0,0.00,0.00,0.00,0,12.01
16225,691,771.0,1211.0,0.00,0.00,0.00,0,12.01
16226,690,779.1,1210.3,-0.08,0.01,0.08,0,7.48
16226,691,768.7,1211.3,-0.06,0.01,0.06,0,7.48
16227,690,774.7,1211.0,-0.37,0.05,0.37,0,6.30
16229,690,774.6,1211.0,-0.37,0.05,0.37,0,9.92
16230,690,774.6,1211.0,-0.37,0.05,0.37,0,12.13
16231,690,774.5,1211.0,-0.37,0.05,0.37,0,14.48
16264,692,820.0,1009.0,0.00,0.00,0.00,0,12.01
16265,692,820.3,1008.7,0.01,-0.01,0.01,0,7.47
16266,692,817.9,1012.4,-0.14,0.22,0.27,0,6.31
16268,692,817.9,1012.4,-0.14,0.22,0.27,0,9.95
16269,692,817.9,1012.4,-0.14,0.22,0.27,0,12.12
16270,692,817.9,1012.4,-0.14,0.22,0.27,0,14.46
16305,693,1424.0,994.0,0.00,0.00,0.00,0,12.01
16306,693,1423.7,993.7,-0.01,-0.01,0.01,0,7.47
16306,694,1433.0,999.0,0.00,0.00,0.00,0,12.01
16307,693,1425.8,994.8,0.13,0.06,0.15,0,6.31
16307,694,1433.0,999.0,0.00,0.00,0.00,0,14.04
16309,693,1425.9,994.8,0.13,0.06,0.15,0,10.01
16309,694,1433.0,999.0,0.00,0.00,0.00,0,17.55
16310,693,1425.9,994.8,0.13,0.06,0.15,0,12.13
16310,694,1433.0,999.0,0.00,0.00,0.00,0,19.66
16311,693,1425.9,994.8,0.13,0.06,0.15,0,14.54
16359,695,1190.0,670.0,0.00,0.00,0.00,0,12.01
16360,695,1190.3,670.0,0.01,0.00,0.01,0,7.48
16360,696,1188.0,656.0,0.00,0.00,0.00,0,12.01
16361,695,1189.7,666.7,-0.03,-0.22,0.22,0,6.31
16361,696,1187.7,652.4,-0.01,-0.09,0.09,0,7.47
16363,695,1189.7,666.6,-0.03,-0.22,0.22,0,9.95
16363,696,1187.7,652.4,-0.01,-0.09,0.09,0,10.85
16364,695,1189.7,666.6,-0.03,-0.22,0.22,0,12.13
16364,696,1187.7,652.4,-0.01,-0.09,0.09,0,13.00
16365,695,1189.7,666.6,-0.03,-0.22,0.22,0,14.48
16365,696,1187.7,652.4,-0.01,-0.09,0.09,0,15.30
16437,697,1177.0,498.0,0.00,0.00,0.00,0,12.01
16438,697,1177.3,498.7,0.01,0.02,0.02,0,7.47
16438,698,1176.0,487.0,0.00,0.00,0.00,0,12.01
16439,697,1177.3,498.7,0.01,0.02,0.02,0,9.52
16439,698,1176.0,487.0,0.00,0.00,0.00,0,14.04
16441,697,1177.3,498.7,0.01,0.02,0.02,0,13.31
16441,698,1176.0,487.0,0.00,0.00,0.00,0,17.52
16442,697,1177.3,498.7,0.01,0.02,0.02,0,15.48
16442,698,1176.0,487.0,0.00,0.00,0.00,0,19.66
16492,699,973.0,995.0,0.00,0.00,0.00,0,12.01
16493,699,972.7,995.0,-0.01,0.00,0.01,0,7.47
16494,699,972.8,997.3,-0.00,0.15,0.15,0,6.31
16496,699,972.8,997.4,-0.00,0.15,0.15,0,9.96
16497,699,972.8,997.4,-0.00,0.15,0.15,0,12.13
16498,699,972.8,997.4,-0.00,0.15,0.15,0,14.53
16587,700,515.0,1134.0,0.00,0.00,0.00,0,12.01
16588,700,516.0,1129.1,0.03,-0.13,0.13,0,7.48
16588,701,1326.0,1089.0,0.00,0.00,0.00,0,12.01
16589,700,516.5,1126.7,0.06,-0.28,0.29,0,6.31
16589,701,1325.3,1089.0,-0.02,0.00,0.02,0,7.48
16591,700,516.5,1126.7,0.06,-0.28,0.29,0,9.97
16591,701,1325.3,1089.0,-0.02,0.00,0.02,0,10.86
16592,700,516.5,1126.7,0.06,-0.28,0.29,0,12.13
16592,701,1325.3,1089.0,-0.02,0.00,0.02,0,13.00
16593,700,516.5,1126.7,0.06,-0.28,0.29,0,14.48
16593,701,1325.3,1089.0,-0.02,0.00,0.02,0,15.30
16640,702,1046.0,1277.0,0.00,0.00,0.00,0,12.01
16641,702,1043.4,1278.0,-0.06,0.02,0.07,0,7.47
16642,702,1042.3,1278.5,-0.13,0.06,0.15,0,6.31
16642,703,1028.0,1278.0,0.00,0.00,0.00,0,12.01
16644,702,1042.2,1278.5,-0.13,0.06,0.15,0,9.98
16644,703,1028.0,1278.0,0.00,0.00,0.00,0,15.14
16645,702,1042.2,1278.5,-0.13,0.06,0.15,0,12.14
16645,703,1028.0,1278.0,0.00,0.00,0.00,0,17.26
16646,702,1042.2,1278.5,-0.13,0.06,0.15,0,14.49
16646,703,1028.0,1278.0,0.00,0.00,0.00,0,19.50
16678,704,752.0,653.0,0.00,0.00,0.00,0,12.01
16679,704,750.7,653.7,-0.03,0.02,0.04,0,7.47
16680,704,750.7,653.7,-0.03,0.02,0.04,0,9.51
16682,704,750.7,653.7,-0.03,0.02,0.04,0,13.31
16683,704,750.7,653.7,-0.03,0.02,0.04,0,15.44
16785,705,327.0,830.0,0.00,0.00,0.00,0,12.01
16786,705,329.6,828.7,0.06,-0.03,0.07,0,7.47
16787,705,332.5,826.7,0.25,-0.16,0.30,0,6.31
16789,705,332.6,826.7,0.25,-0.16,0.30,0,9.97
16790,705,332.6,826.7,0.25,-0.16,0.30,0,12.14
16791,705,332.6,826.7,0.25,-0.16,0.30,0,14.49
16826,706,1153.0,1331.0,0.00,0.00,0.00,0,12.01
16827,706,1153.0,1331.0,0.00,0.00,0.00,0,14.04
16828,706,1153.0,1331.0,0.00,0.00,0.00,0,16.09
16830,706,1153.0,1331.0,0.00,0.00,0.00,0,19.99
16867,707,922.0,1196.0,0.00,0.00,0.00,0,12.01
16868,707,922.3,1196.0,0.01,0.00,0.01,0,7.48
16868,708,909.0,1199.0,0.00,0.00,0.00,0,12.01
16869,707,919.4,1196.8,-0.19,0.05,0.20,0,6.30
16871,707,919.4,1196.8,-0.19,0.05,0.20,0,9.92
16872,707,919.4,1196.8,-0.19,0.05,0.20,0,12.13
16873,707,919.4,1196.8,-0.19,0.05,0.20,0,14.47
16906,709,1156.0,911.0,0.00,0.00,0.00,0,12.01
16907,709,1156.0,911.3,0.00,0.01,0.01,0,7.46
16908,709,1156.0,911.3,0.00,0.01,0.01,0,9.49
16910,709,1156.0,911.3,0.00,0.01,0.01,0,13.18
16911,709,1156.0,911.3,0.00,0.01,0.01,0,15.33
16943,710,938.0,1296.0,0.00,0.00,0.00,0,12.01
16943,711,934.0,1308.0,0.00,0.00,0.00,0,12.01
16945,713,800.0,1073.0,0.00,0.00,0.00,0,12.01
16945,714,947.0,1284.0,0.00,0.00,0.00,0,12.01
16946,713,800.0,1073.3,0.00,0.01,0.01,0,7.47
16946,714,947.0,1284.7,0.00,0.01,0.01,0,7.47
16946,715,803.0,1066.0,0.00,0.00,0.00,0,12.01
16947,713,800.8,1072.0,0.05,-0.08,0.09,0,6.31
16947,714,947.0,1284.7,0.00,0.01,0.01,0,9.51
16949,713,800.8,1071.9,0.05,-0.08,0.09,0,9.93
16949,714,947.0,1284.7,0.00,0.01,0.01,0,13.26
16950,713,800.8,1071.9,0.05,-0.08,0.09,0,12.12
16950,714,947.0,1284.7,0.00,0.01,0.01,0,15.46
16951,713,800.8,1071.9,0.05,-0.08,0.09,0,14.47
16989,716,1397.0,999.0,0.00,0.00,0.00,0,12.01
16990,716,1395.7,999.3,-0.03,0.01,0.03,0,7.47
16991,716,1395.7,999.3,-0.03,0.01,0.03,0,9.52
16993,716,1395.7,999.3,-0.03,0.01,0.03,0,13.35
16994,716,1395.7,999.3,-0.03,0.01,0.03,0,15.46
17026,717,1193.0,1148.0,0.00,0.00,0.00,0,12.01
17026,718,1145.0,1231.0,0.00,0.00,0.00,0,12.01
17027,717,1194.6,1149.0,0.04,0.02,0.05,0,7.52
17027,718,1145.0,1231.0,0.00,0.00,0.00,0,14.09
17028,717,1196.5,1150.3,0.26,0.17,0.31,0,6.32
17028,718,1145.0,1231.0,0.00,0.00,0.00,0,16.15
17030,717,1196.6,1150.3,0.26,0.17,0.31,0,10.03
17030,718,1145.0,1231.0,0.00,0.00,0.00,0,20.15
17031,717,1196.6,1150.3,0.26,0.17,0.31,0,12.27
17032,717,1196.6,1150.3,0.26,0.17,0.31,0,14.71
17064,720,631.0,1072.0,0.00,0.00,0.00,0,12.04
17065,720,631.0,1072.0,0.00,0.00,0.00,0,14.08
17066,720,631.0,1072.0,0.00,0.00,0.00,0,16.15
17066,721,1212.0,521.0,0.00,0.00,0.00,0,12.01
17068,720,631.0,1072.0,0.00,0.00,0.00,0,20.21
17068,721,1212.0,521.0,0.00,0.00,0.00,0,15.14
17069,721,1212.0,521.0,0.00,0.00,0.00,0,17.24
17070,721,1212.0,521.0,0.00,0.00,0.00,0,19.50
17119,722,1039.0,534.0,0.00,0.00,0.00,0,12.01
17120,722,1039.0,534.0,0.00,0.00,0.00,0,14.04
17121,722,1039.0,534.0,0.00,0.00,0.00,0,16.09
17123,722,1039.0,534.0,0.00,0.00,0.00,0,19.95
17159,723,1178.0,509.0,0.00,0.00,0.00,0,12.00
17160,723,1178.0,509.0,0.00,0.00,0.00,0,14.02
17161,723,1178.0,509.0,0.00,0.00,0.00,0,16.06
17163,723,1178.0,509.0,0.00,0.00,0.00,0,19.82
17245,724,1074.0,697.0,0.00,0.00,0.00,0,12.01
17246,724,1074.0,697.0,0.00,0.00,0.00,0,14.04
17247,724,1075.8,698.8,0.08,0.08,0.12,0,7.87
17249,724,1075.8,698.8,0.08,0.08,0.12,0,11.53
17250,724,1075.8,698.8,0.08,0.08,0.12,0,13.69
17251,724,1075.8,698.8,0.08,0.08,0.12,0,16.03
17282,725,402.0,931.0,0.00,0.00,0.00,0,12.01
17282,726,398.0,937.0,0.00,0.00,0.00,0,12.01
17284,729,1460.0,735.0,0.00,0.00,0.00,0,12.01
17284,730,1470.0,736.0,0.00,0.00,0.00,0,12.01
17284,731,416.0,918.0,0.00,0.00,0.00,0,12.01
17284,732,410.0,923.0,0.00,0.00,0.00,0,12.01
17285,729,1460.3,735.0,0.01,0.00,0.01,0,7.47
17285,730,1463.1,737.0,-0.16,0.02,0.16,0,7.47
17285,731,415.7,918.7,-0.01,0.02,0.02,0,7.47
17285,732,410.0,923.0,0.00,0.00,0.00,0,14.03
17286,729,1457.9,735.8,-0.14,0.05,0.15,0,6.30
17286,731,418.3,915.7,0.15,-0.17,0.23,0,6.30
17288,729,1457.9,735.8,-0.14,0.05,0.15,0,9.92
17288,731,418.4,915.6,0.15,-0.17,0.23,0,9.92
17289,729,1457.9,735.8,-0.14,0.05,0.15,0,12.12
17289,731,418.4,915.6,0.15,-0.17,0.23,0,12.12
17290,729,1457.9,735.8,-0.14,0.05,0.15,0,14.46
17290,731,418.4,915.6,0.15,-0.17,0.23,0,14.46
17322,733,1354.0,697.0,0.00,0.00,0.00,0,12.01
17323,733,1354.0,697.0,0.00,0.00,0.00,0,14.04
17323,734,1417.0,1057.0,0.00,0.00,0.00,0,12.01
17324,733,1354.0,697.0,0.00,0.00,0.00,0,16.09
17324,734,1417.3,1056.7,0.01,-0.01,0.01,0,7.47
17324,735,1410.0,1064.0,0.00,0.00,0.00,0,12.01
17326,733,1354.0,697.0,0.00,0.00,0.00,0,19.96
17326,734,1417.3,1056.7,0.01,-0.01,0.01,0,10.86
17326,735,1410.0,1064.0,0.00,0.00,0.00,0,15.13
17327,734,1417.3,1056.7,0.01,-0.01,0.01,0,12.99
17327,735,1410.0,1064.0,0.00,0.00,0.00,0,17.24
17328,734,1417.3,1056.7,0.01,-0.01,0.01,0,15.34
17328,735,1410.0,1064.0,0.00,0.00,0.00,0,19.53
17360,736,962.0,646.0,0.00,0.00,0.00,0,12.05
17361,736,962.0,646.0,0.00,0.00,0.00,0,14.08
17362,736,962.0,646.0,0.00,0.00,0.00,0,16.15
17362,737,1213.0,866.0,0.00,0.00,0.00,0,12.01
17362,738,1221.0,870.0,0.00,0.00,0.00,0,12.01
17364,736,962.0,646.0,0.00,0.00,0.00,0,20.17
17364,737,1213.0,866.0,0.00,0.00,0.00,0,15.11
17364,738,1221.0,870.0,0.00,0.00,0.00,0,15.11
17365,737,1213.0,866.0,0.00,0.00,0.00,0,17.23
17365,738,1221.0,870.0,0.00,0.00,0.00,0,17.23
17366,737,1213.0,866.0,0.00,0.00,0.00,0,19.48
17366,738,1221.0,870.0,0.00,0.00,0.00,0,19.48
17408,739,1352.0,662.0,0.00,0.00,0.00,0,12.01
17409,739,1352.0,662.0,0.00,0.00,0.00,0,14.04
17410,739,1352.0,662.0,0.00,0.00,0.00,0,16.09
17412,739,1352.0,662.0,0.00,0.00,0.00,0,19.97
17446,742,754.0,1274.0,0.00,0.00,0.00,0,12.01
17446,743,768.0,1276.0,0.00,0.00,0.00,0,12.01
17447,742,754.3,1274.0,0.01,0.00,0.01,0,7.47
17447,743,768.0,1276.0,0.00,0.00,0.00,0,14.04
17447,744,1145.0,773.0,0.00,0.00,0.00,0,12.01
17448,742,754.3,1274.0,0.01,0.00,0.01,0,9.51
17450,742,754.3,1274.0,0.01,0.00,0.01,0,13.30
17451,742,754.3,1274.0,0.01,0.00,0.01,0,15.45
17483,745,1039.0,402.0,0.00,0.00,0.00,0,12.01
17484,745,1039.0,402.0,0.00,0.00,0.00,0,14.06
17485,745,1039.0,403.4,0.00,0.08,0.08,0,7.86
17487,745,1039.0,403.4,0.00,0.08,0.08,0,11.48
17488,745,1039.0,403.4,0.00,0.08,0.08,0,13.60
17489,745,1039.0,403.4,0.00,0.08,0.08,0,15.99
17521,749,1148.0,592.0,0.00,0.00,0.00,0,12.01
17521,750,1159.0,600.0,0.00,0.00,0.00,0,12.01
17522,749,1148.3,592.3,0.01,0.01,0.01,0,7.47
17522,750,1159.0,600.0,0.00,0.00,0.00,0,14.04
17522,751,1079.0,631.0,0.00,0.00,0.00,0,12.01
17523,749,1146.4,591.2,-0.11,-0.06,0.12,0,6.30
17525,749,1146.4,591.2,-0.11,-0.06,0.12,0,9.93
17526,749,1146.4,591.2,-0.11,-0.06,0.12,0,12.11
17527,749,1146.4,591.2,-0.11,-0.06,0.12,0,14.44
17588,752,1464.0,993.0,0.00,0.00,0.00,0,12.01
17589,752,1464.0,993.0,0.00,0.00,0.00,0,14.04
17590,752,1464.0,993.0,0.00,0.00,0.00,0,16.09
17592,752,1464.0,993.0,0.00,0.00,0.00,0,19.96
17629,753,690.0,580.0,0.00,0.00,0.00,0,12.01
17630,753,692.3,579.0,0.06,-0.02,0.06,0,7.48
17631,753,693.5,578.5,0.14,-0.06,0.15,0,6.31
17633,753,693.5,578.5,0.14,-0.06,0.15,0,10.00
17634,753,693.5,578.5,0.14,-0.06,0.15,0,12.13
17635,753,693.6,578.5,0.14,-0.06,0.15,0,14.49
17679,757,525.0,1208.0,0.00,0.00,0.00,0,12.01
17680,757,525.0,1208.0,0.00,0.00,0.00,0,14.04
17681,757,525.0,1208.0,0.00,0.00,0.00,0,16.09
17683,757,525.0,1208.0,0.00,0.00,0.00,0,19.98
17716,758,402.0,1102.0,0.00,0.00,0.00,0,12.01
17717,758,402.0,1102.0,0.00,0.00,0.00,0,7.52
17717,759,405.0,1094.0,0.00,0.00,0.00,0,12.04
17717,760,882.0,1366.0,0.00,0.00,0.00,0,12.04
17718,758,402.0,1102.0,0.00,0.00,0.00,0,9.57
17720,758,402.0,1102.0,0.00,0.00,0.00,0,13.44
17721,758,402.0,1102.0,0.00,0.00,0.00,0,15.73
17758,761,752.0,1232.0,0.00,0.00,0.00,0,12.01
17758,762,774.0,1235.0,0.00,0.00,0.00,0,12.01
17759,761,752.7,1232.0,0.02,0.00,0.02,0,7.47
17759,762,774.0,1235.0,0.00,0.00,0.00,0,14.03
17760,761,752.7,1232.0,0.02,0.00,0.02,0,9.51
17760,762,774.0,1235.0,0.00,0.00,0.00,0,16.09
17762,761,752.7,1232.0,0.02,0.00,0.02,0,13.32
17762,762,774.0,1235.0,0.00,0.00,0.00,0,19.98
17763,761,752.7,1232.0,0.02,0.00,0.02,0,15.47
17797,763,630.0,679.0,0.00,0.00,0.00,0,12.01
17798,763,630.0,679.0,0.00,0.00,0.00,0,14.03
17799,763,630.0,679.0,0.00,0.00,0.00,0,16.08
17801,763,630.0,679.0,0.00,0.00,0.00,0,19.93
17834,765,1449.0,872.0,0.00,0.00,0.00,0,12.01
17835,765,1447.4,872.3,-0.04,0.01,0.04,0,7.48
17836,765,1445.2,872.8,-0.20,0.04,0.20,0,6.31
17838,765,1445.2,872.8,-0.20,0.04,0.20,0,10.02
17839,765,1445.2,872.8,-0.20,0.04,0.20,0,12.09
17840,765,1445.1,872.8,-0.20,0.04,0.20,0,14.51
17938,766,965.0,1006.0,0.00,0.00,0.00,0,12.01
17939,766,965.0,1006.0,0.00,0.00,0.00,0,14.04
17940,766,965.0,1006.0,0.00,0.00,0.00,0,16.09
17942,766,965.0,1006.0,0.00,0.00,0.00,0,19.95
18080,769,1271.0,933.0,0.00,0.00,0.00,0,12.01
18081,769,1271.0,933.0,0.00,0.00,0.00,0,14.04
18082,769,1271.0,933.0,0.00,0.00,0.00,0,16.09
18084,769,1271.0,933.0,0.00,0.00,0.00,0,19.98
18123,770,1198.0,1157.0,0.00,0.00,0.00,0,12.01
18124,770,1198.3,1157.0,0.01,0.00,0.01,0,7.48
18125,770,1198.3,1157.0,0.01,0.00,0.01,0,9.52
18127,770,1198.3,1157.0,0.01,0.00,0.01,0,13.27
18128,770,1198.3,1157.0,0.01,0.00,0.01,0,15.46
18162,771,583.0,1212.0,0.00,0.00,0.00,0,12.01
18163,771,583.0,1212.0,0.00,0.00,0.00,0,14.02
18164,771,583.0,1212.0,0.00,0.00,0.00,0,16.05
18166,771,583.0,1212.0,0.00,0.00,0.00,0,19.77
18200,772,902.0,1003.0,0.00,0.00,0.00,0,12.04
18201,772,902.0,1003.0,0.00,0.00,0.00,0,14.08
18202,772,902.0,1003.0,0.00,0.00,0.00,0,16.15
18204,772,902.0,1003.0,0.00,0.00,0.00,0,20.18
18239,773,1292.0,1195.0,0.00,0.00,0.00,0,12.01
18241,775,1283.0,1200.0,0.00,0.00,0.00,0,12.01
18241,776,1273.0,1202.0,0.00,0.00,0.00,0,12.01
18242,775,1280.1,1200.7,-0.06,0.01,0.06,0,7.47
18242,776,1273.0,1202.0,0.00,0.00,0.00,0,14.03
18243,775,1273.6,1200.5,-0.46,0.00,0.46,0,6.33
18245,775,1273.5,1200.5,-0.46,0.00,0.46,0,10.15
18246,775,1273.5,1200.5,-0.46,0.00,0.46,0,12.41
18247,775,1273.4,1200.5,-0.46,0.00,0.46,0,14.78
18279,777,1194.0,1215.0,0.00,0.00,0.00,0,12.03
18280,777,1193.7,1215.3,-0.02,0.02,0.02,0,7.48
18280,778,1196.0,1207.0,0.00,0.00,0.00,0,12.01
18281,777,1194.3,1213.4,0.03,-0.12,0.13,0,6.30
18281,778,1196.0,1207.0,0.00,0.00,0.00,0,14.02
18283,777,1194.3,1213.4,0.03,-0.12,0.13,0,9.82
18283,778,1196.0,1207.0,0.00,0.00,0.00,0,17.34
18284,777,1194.3,1213.4,0.03,-0.12,0.13,0,11.94
18284,778,1196.0,1207.0,0.00,0.00,0.00,0,19.44
18285,777,1194.3,1213.4,0.03,-0.12,0.13,0,14.25
18322,779,1066.0,1134.0,0.00,0.00,0.00,0,12.01
18323,779,1066.0,1133.7,0.00,-0.01,0.01,0,7.47
18324,779,1066.0,1133.7,0.00,-0.01,0.01,0,9.51
18326,779,1066.0,1133.7,0.00,-0.01,0.01,0,13.25
18327,779,1066.0,1133.7,0.00,-0.01,0.01,0,15.47
18359,780,889.0,1102.0,0.00,0.00,0.00,0,12.01
18360,780,886.4,1100.4,-0.06,-0.04,0.08,0,7.50
18361,780,885.5,1100.3,-0.15,-0.05,0.16,0,6.31
18363,780,885.5,1100.3,-0.15,-0.05,0.16,0,9.92
18364,780,885.5,1100.3,-0.15,-0.05,0.16,0,11.99
18365,780,885.5,1100.3,-0.15,-0.05,0.16,0,14.39
18405,781,1141.0,873.0,0.00,0.00,0.00,0,12.01
18406,781,1142.6,874.0,0.03,0.02,0.04,0,7.47
18407,781,1143.2,874.2,0.07,0.04,0.08,0,6.31
18407,782,1149.0,880.0,0.00,0.00,0.00,0,12.01
18409,781,1143.3,874.3,0.07,0.04,0.08,0,9.99
18409,782,1149.0,880.0,0.00,0.00,0.00,0,15.15
18410,781,1143.3,874.3,0.07,0.04,0.08,0,12.13
18410,782,1149.0,880.0,0.00,0.00,0.00,0,17.25
18411,781,1143.3,874.3,0.07,0.04,0.08,0,14.54
18411,782,1149.0,880.0,0.00,0.00,0.00,0,19.54
18479,783,1330.0,1100.0,0.00,0.00,0.00,0,12.01
18480,783,1329.7,1097.4,-0.01,-0.07,0.07,0,7.47
18481,783,1329.7,1097.4,-0.01,-0.07,0.07,0,9.52
18483,783,1329.7,1097.4,-0.01,-0.07,0.07,0,13.29
18484,783,1329.7,1097.4,-0.01,-0.07,0.07,0,15.47
18540,784,1402.0,1063.0,0.00,0.00,0.00,0,12.01
18541,784,1404.3,1062.3,0.06,-0.02,0.06,0,7.48
18542,784,1405.2,1062.0,0.12,-0.04,0.13,0,6.31
18542,785,1417.0,1061.0,0.00,0.00,0.00,0,12.01
18544,784,1405.3,1062.0,0.12,-0.04,0.13,0,9.95
18544,785,1417.0,1061.0,0.00,0.00,0.00,0,15.12
18545,784,1405.3,1062.0,0.12,-0.04,0.13,0,12.12
18545,785,1417.0,1061.0,0.00,0.00,0.00,0,17.24
18546,784,1405.3,1062.0,0.12,-0.04,0.13,0,14.51
18546,785,1417.0,1061.0,0.00,0.00,0.00,0,19.52
18577,786,494.0,893.0,0.00,0.00,0.00,0,12.01
18577,787,493.0,901.0,0.00,0.00,0.00,0,12.01
18578,786,494.3,893.7,0.01,0.02,0.02,0,7.50
18578,787,493.3,896.4,0.01,-0.11,0.11,0,7.50
18579,786,494.2,892.5,-0.00,-0.10,0.10,0,6.32
18581,786,494.2,892.4,-0.00,-0.10,0.10,0,9.99
18582,786,494.2,892.4,-0.00,-0.10,0.10,0,12.02
18583,786,494.2,892.4,-0.00,-0.10,0.10,0,14.39
18623,788,1302.0,628.0,0.00,0.00,0.00,0,12.01
18625,790,1306.0,617.0,0.00,0.00,0.00,0,12.01
18625,791,1304.0,622.0,0.00,0.00,0.00,0,12.01
18626,790,1306.0,617.0,0.00,0.00,0.00,0,7.47
18626,791,1304.0,622.0,0.00,0.00,0.00,0,14.04
18627,790,1307.0,615.7,0.07,-0.08,0.11,0,6.31
18629,790,1307.0,615.7,0.07,-0.08,0.11,0,9.99
18630,790,1307.0,615.7,0.07,-0.08,0.11,0,12.13
18631,790,1307.1,615.7,0.07,-0.08,0.11,0,14.48
18724,792,1427.0,747.0,0.00,0.00,0.00,0,12.01
18725,792,1427.0,747.0,0.00,0.00,0.00,0,7.48
18725,793,1415.0,743.0,0.00,0.00,0.00,0,12.01
18726,792,1424.2,746.0,-0.19,-0.07,0.20,0,6.31
18728,792,1424.1,746.0,-0.19,-0.07,0.20,0,9.97
18729,792,1424.1,746.0,-0.19,-0.07,0.20,0,12.15
18730,792,1424.1,745.9,-0.19,-0.07,0.20,0,14.47
18764,794,1399.0,1130.0,0.00,0.00,0.00,0,12.01
18766,796,1408.0,1130.0,0.00,0.00,0.00,0,12.01
18767,796,1408.7,1129.7,0.02,-0.01,0.02,0,7.47
18767,797,1416.0,1133.0,0.00,0.00,0.00,0,12.01
18768,796,1410.3,1130.0,0.12,0.01,0.12,0,6.31
18770,796,1410.3,1130.0,0.12,0.01,0.12,0,10.02
18771,796,1410.3,1130.0,0.12,0.01,0.12,0,12.12
18772,796,1410.3,1130.0,0.12,0.01,0.12,0,14.48
18813,798,613.0,1184.0,0.00,0.00,0.00,0,12.01
18814,798,613.0,1184.3,0.00,0.01,0.01,0,7.48
18814,799,617.0,1173.0,0.00,0.00,0.00,0,12.01
18815,798,614.0,1181.7,0.07,-0.17,0.18,0,6.31
18815,799,618.6,1170.1,0.04,-0.08,0.09,0,7.47
18817,798,614.0,1181.6,0.07,-0.17,0.18,0,9.95
18817,799,618.6,1170.0,0.04,-0.08,0.09,0,10.85
18818,798,614.0,1181.6,0.07,-0.17,0.18,0,12.13
18818,799,618.7,1170.0,0.04,-0.08,0.09,0,13.00
18819,798,614.1,1181.6,0.07,-0.17,0.18,0,14.53
18819,799,618.7,1170.0,0.04,-0.08,0.09,0,15.35
18850,800,1427.0,976.0,0.00,0.00,0.00,0,12.01
18851,800,1427.0,976.0,0.00,0.00,0.00,0,7.52
18852,800,1427.0,976.0,0.00,0.00,0.00,0,9.57
18854,800,1427.0,976.0,0.00,0.00,0.00,0,13.48
18855,800,1427.0,976.0,0.00,0.00,0.00,0,15.75
18887,801,956.0,523.0,0.00,0.00,0.00,0,12.01
18887,802,965.0,526.0,0.00,0.00,0.00,0,12.01
18889,803,941.0,518.0,0.00,0.00,0.00,0,12.01
18889,804,950.0,521.0,0.00,0.00,0.00,0,12.01
18890,803,941.7,518.0,0.01,0.00,0.01,0,7.46
18890,804,945.1,519.0,-0.10,-0.04,0.10,0,7.46
18891,803,940.2,517.5,-0.04,-0.02,0.05,0,6.28
18893,803,940.2,517.5,-0.04,-0.02,0.05,0,9.76
18894,803,940.2,517.5,-0.04,-0.02,0.05,0,11.96
18895,803,940.2,517.5,-0.04,-0.02,0.05,0,14.28
18934,805,708.0,1008.0,0.00,0.00,0.00,0,12.01
18935,805,708.0,1007.7,0.00,-0.01,0.01,0,7.47
18935,806,716.0,1017.0,0.00,0.00,0.00,0,12.01
18936,805,709.8,1010.1,0.12,0.15,0.19,0,6.31
18938,805,709.8,1010.1,0.12,0.15,0.19,0,9.98
18939,805,709.8,1010.1,0.12,0.15,0.19,0,12.14
18940,805,709.8,1010.1,0.12,0.15,0.19,0,14.48
18973,807,1101.0,1149.0,0.00,0.00,0.00,0,12.01
18973,808,1095.0,1156.0,0.00,0.00,0.00,0,12.01
18974,807,1097.7,1153.6,-0.07,0.10,0.12,0,7.47
18974,808,1095.0,1156.0,0.00,0.00,0.00,0,14.03
18975,807,1096.0,1155.8,-0.17,0.23,0.29,0,6.31
18977,807,1095.9,1155.8,-0.17,0.23,0.29,0,10.02
18978,807,1095.9,1155.8,-0.17,0.23,0.29,0,12.13
18979,807,1095.9,1155.8,-0.17,0.23,0.29,0,14.47
19057,809,1169.0,1230.0,0.00,0.00,0.00,0,12.01
19058,809,1167.7,1227.4,-0.03,-0.07,0.07,0,7.48
19059,809,1167.0,1226.3,-0.08,-0.14,0.16,0,6.30
19061,809,1167.0,1226.2,-0.08,-0.14,0.16,0,9.92
19062,809,1167.0,1226.2,-0.08,-0.14,0.16,0,12.13
19063,809,1167.0,1226.2,-0.08,-0.14,0.16,0,14.47
19118,811,335.0,694.0,0.00,0.00,0.00,0,12.01
19119,811,335.0,694.0,0.00,0.00,0.00,0,14.04
19120,811,334.6,693.3,-0.02,-0.03,0.04,0,7.87
19122,811,334.6,693.3,-0.02,-0.03,0.04,0,11.58
19123,811,334.6,693.3,-0.02,-0.03,0.04,0,13.69
19124,811,334.6,693.3,-0.02,-0.03,0.04,0,16.11
19195,812,954.0,274.0,0.00,0.00,0.00,0,12.01
19196,812,954.0,274.0,0.00,0.00,0.00,0,14.04
19196,813,777.0,1271.0,0.00,0.00,0.00,0,12.01
19197,812,954.0,274.0,0.00,0.00,0.00,0,16.09
19199,812,954.0,274.0,0.00,0.00,0.00,0,20.00
19242,815,642.0,1002.0,0.00,0.00,0.00,0,12.01
19243,815,640.7,999.4,-0.03,-0.06,0.07,0,7.48
19244,815,640.0,998.0,-0.08,-0.15,0.17,0,6.31
19244,816,634.0,985.0,0.00,0.00,0.00,0,12.01
19246,815,640.0,998.0,-0.08,-0.15,0.17,0,10.01
19246,816,634.0,985.0,0.00,0.00,0.00,0,15.16
19247,815,640.0,997.9,-0.08,-0.15,0.17,0,12.13
19247,816,634.0,985.0,0.00,0.00,0.00,0,17.24
19248,815,640.0,997.9,-0.08,-0.15,0.17,0,14.48
19248,816,634.0,985.0,0.00,0.00,0.00,0,19.49
19407,817,1415.0,999.0,0.00,0.00,0.00,0,12.01
19408,817,1415.0,999.0,0.00,0.00,0.00,0,7.48
19408,818,1413.0,1009.0,0.00,0.00,0.00,0,12.01
19409,817,1414.7,1001.3,-0.02,0.16,0.16,0,6.31
19409,818,1413.0,1009.0,0.00,0.00,0.00,0,14.04
19411,817,1414.7,1001.4,-0.02,0.16,0.16,0,9.96
19411,818,1413.0,1009.0,0.00,0.00,0.00,0,17.52
19412,817,1414.7,1001.4,-0.02,0.16,0.16,0,12.13
19412,818,1413.0,1009.0,0.00,0.00,0.00,0,19.67
19413,817,1414.7,1001.4,-0.02,0.16,0.16,0,14.47
19444,819,640.0,750.0,0.00,0.00,0.00,0,12.01
19444,820,373.0,881.0,0.00,0.00,0.00,0,12.01
19444,821,376.0,889.0,0.00,0.00,0.00,0,12.01
19445,819,640.0,749.7,0.00,-0.01,0.01,0,7.48
19445,820,374.0,883.3,0.02,0.06,0.06,0,7.48
19445,821,377.0,891.0,0.02,0.05,0.05,0,7.48
19445,822,633.0,753.0,0.00,0.00,0.00,0,12.01
19446,819,638.5,750.5,-0.11,0.05,0.12,0,6.30
19446,820,374.0,883.3,0.02,0.06,0.06,0,9.52
19448,819,638.4,750.5,-0.11,0.05,0.12,0,9.94
19448,820,374.0,883.3,0.02,0.06,0.06,0,13.28
19449,819,638.4,750.5,-0.11,0.05,0.12,0,12.12
19449,820,374.0,883.3,0.02,0.06,0.06,0,15.47
19450,819,638.4,750.5,-0.11,0.05,0.12,0,14.46
19481,823,427.0,1047.0,0.00,0.00,0.00,0,12.01
19481,824,658.0,1198.0,0.00,0.00,0.00,0,12.01
19481,825,658.0,1207.0,0.00,0.00,0.00,0,12.01
19483,826,404.0,1051.0,0.00,0.00,0.00,0,12.01
19483,827,657.0,1212.0,0.00,0.00,0.00,0,12.01
19483,828,654.0,1220.0,0.00,0.00,0.00,0,12.01
19484,826,404.0,1051.0,0.00,0.00,0.00,0,14.03
19484,827,655.7,1215.3,-0.03,0.07,0.08,0,7.47
19484,828,654.0,1220.0,0.00,0.00,0.00,0,14.03
19485,827,654.2,1218.3,-0.12,0.26,0.29,0,6.31
19485,826,404.0,1051.0,0.00,0.00,0.00,0,16.08
19487,827,654.2,1218.4,-0.12,0.26,0.29,0,9.96
19487,826,404.0,1051.0,0.00,0.00,0.00,0,19.93
19488,827,654.2,1218.4,-0.12,0.26,0.29,0,12.12
19489,827,654.2,1218.4,-0.12,0.26,0.29,0,14.46
19520,829,386.0,911.0,0.00,0.00,0.00,0,12.01
19520,830,383.0,919.0,0.00,0.00,0.00,0,12.01
19530,831,1224.0,1251.0,0.00,0.00,0.00,0,12.01
19531,831,1224.7,1251.3,0.02,0.01,0.02,0,7.48
19532,831,1222.4,1251.0,-0.13,-0.01,0.13,0,6.30
19532,832,1203.0,1247.0,0.00,0.00,0.00,0,12.01
19534,831,1222.4,1251.0,-0.13,-0.01,0.13,0,9.95
19534,832,1203.0,1247.0,0.00,0.00,0.00,0,15.11
19535,831,1222.4,1251.0,-0.13,-0.01,0.13,0,12.12
19535,832,1203.0,1247.0,0.00,0.00,0.00,0,17.24
19536,831,1222.4,1251.0,-0.13,-0.01,0.13,0,14.47
19536,832,1203.0,1247.0,0.00,0.00,0.00,0,19.48
19570,833,1158.0,1225.0,0.00,0.00,0.00,0,12.00
19571,833,1158.7,1225.3,0.01,0.00,0.01,0,7.46
19571,834,1153.0,1217.0,0.00,0.00,0.00,0,12.00
19572,833,1157.2,1223.4,-0.05,-0.07,0.08,0,6.29
19574,833,1157.2,1223.4,-0.05,-0.07,0.08,0,9.87
19575,833,1157.2,1223.4,-0.05,-0.07,0.08,0,12.04
19576,833,1157.2,1223.4,-0.05,-0.07,0.08,0,14.44
19615,835,1147.0,769.0,0.00,0.00,0.00,0,12.01
19616,835,1147.3,769.0,0.01,0.00,0.01,0,7.48
19617,835,1147.3,769.0,0.01,0.00,0.01,0,9.52
19619,835,1147.3,769.0,0.01,0.00,0.01,0,13.28
19620,835,1147.3,769.0,0.01,0.00,0.01,0,15.48
19652,836,737.0,405.0,0.00,0.00,0.00,0,12.01
19652,837,1439.0,1061.0,0.00,0.00,0.00,0,12.01
19652,838,1432.0,1064.0,0.00,0.00,0.00,0,12.01
19654,839,558.0,745.0,0.00,0.00,0.00,0,12.01
19654,840,1425.0,1067.0,0.00,0.00,0.00,0,12.01
19654,841,1420.0,1074.0,0.00,0.00,0.00,0,12.01
19655,839,558.0,745.0,0.00,0.00,0.00,0,14.04
19655,840,1423.4,1069.0,-0.04,0.05,0.06,0,7.48
19655,841,1418.7,1076.0,-0.03,0.05,0.06,0,7.48
19656,840,1421.5,1071.5,-0.16,0.22,0.27,0,6.31
19656,839,558.0,745.0,0.00,0.00,0.00,0,16.09
19658,840,1421.4,1071.6,-0.16,0.22,0.27,0,9.94
19658,839,558.0,745.0,0.00,0.00,0.00,0,19.93
19659,840,1421.4,1071.6,-0.16,0.22,0.27,0,12.12
19660,840,1421.4,1071.6,-0.16,0.22,0.27,0,14.44
19692,842,901.0,1174.0,0.00,0.00,0.00,0,12.04
19693,842,901.0,1174.0,0.00,0.00,0.00,0,14.09
19694,842,901.0,1174.0,0.00,0.00,0.00,0,16.16
19696,842,901.0,1174.0,0.00,0.00,0.00,0,20.20
19730,843,786.0,631.0,0.00,0.00,0.00,0,12.01
19731,843,786.3,631.0,0.01,0.00,0.01,0,7.47
19732,843,784.2,630.2,-0.12,-0.05,0.13,0,6.30
19734,843,784.2,630.2,-0.12,-0.05,0.13,0,9.95
19735,843,784.1,630.2,-0.12,-0.05,0.13,0,12.13
19736,843,784.1,630.2,-0.12,-0.05,0.13,0,14.47
19767,844,1148.0,962.0,0.00,0.00,0.00,0,12.01
19768,844,1147.7,962.3,-0.01,0.01,0.01,0,7.48
19768,845,1149.0,955.0,0.00,0.00,0.00,0,12.01
19769,844,1147.7,962.3,-0.01,0.01,0.01,0,9.52
19769,845,1149.0,955.0,0.00,0.00,0.00,0,14.04
19771,844,1147.7,962.3,-0.01,0.01,0.01,0,13.31
19771,845,1149.0,955.0,0.00,0.00,0.00,0,17.52
19772,844,1147.7,962.3,-0.01,0.01,0.01,0,15.46
19772,845,1149.0,955.0,0.00,0.00,0.00,0,19.65
19804,846,916.0,348.0,0.00,0.00,0.00,0,12.01
19805,846,915.7,348.0,-0.01,0.00,0.01,0,7.48
19806,846,918.6,348.3,0.20,0.02,0.20,0,6.31
19808,846,918.6,348.3,0.20,0.02,0.20,0,9.98
19809,846,918.6,348.3,0.20,0.02,0.20,0,12.11
19810,846,918.7,348.3,0.20,0.02,0.20,0,14.51
19868,847,568.0,928.0,0.00,0.00,0.00,0,12.01
19869,847,570.3,926.0,0.05,-0.05,0.07,0,7.47
19870,847,571.2,925.0,0.11,-0.11,0.16,0,6.31
19870,848,581.0,916.0,0.00,0.00,0.00,0,12.01
19872,847,571.3,925.0,0.11,-0.11,0.16,0,9.96
19872,848,581.0,916.0,0.00,0.00,0.00,0,15.12
19873,847,571.3,925.0,0.11,-0.11,0.16,0,12.13
19873,848,581.0,916.0,0.00,0.00,0.00,0,17.25
19874,847,571.3,925.0,0.11,-0.11,0.16,0,14.53
19874,848,581.0,916.0,0.00,0.00,0.00,0,19.53
19906,853,690.0,656.0,0.00,0.00,0.00,0,12.03
19906,854,691.0,673.0,0.00,0.00,0.00,0,12.03
19906,855,645.0,692.0,0.00,0.00,0.00,0,12.03
19906,856,641.0,699.0,0.00,0.00,0.00,0,12.03
19907,853,690.3,656.0,0.01,0.00,0.01,0,7.48
19907,854,691.0,673.0,0.00,0.00,0.00,0,14.06
19907,855,645.0,693.0,0.00,0.04,0.04,0,7.48
19907,856,643.3,695.1,0.10,-0.18,0.20,0,7.48
19907,857,888.0,1146.0,0.00,0.00,0.00,0,12.01
19908,855,645.5,692.0,0.04,-0.03,0.05,0,6.29
19908,853,690.3,656.0,0.01,0.00,0.01,0,9.50
19910,855,645.5,692.0,0.04,-0.03,0.05,0,9.81
19910,853,690.3,656.0,0.01,0.00,0.01,0,13.15
19911,855,645.5,692.0,0.04,-0.03,0.05,0,11.97
19911,853,690.3,656.0,0.01,0.00,0.01,0,15.31
19912,855,645.5,692.0,0.04,-0.03,0.05,0,14.29
19944,859,1009.0,997.0,0.00,0.00,0.00,0,12.01
19945,859,1008.3,996.7,-0.02,-0.01,0.02,0,7.48
19945,860,427.0,902.0,0.00,0.00,0.00,0,12.01
19945,861,1012.0,1001.0,0.00,0.00,0.00,0,12.01
19946,859,1009.3,997.5,0.04,0.05,0.06,0,6.30
19946,860,427.0,900.7,0.00,-0.03,0.03,0,7.47
19946,861,1013.3,1003.0,0.03,0.05,0.06,0,7.47
19948,859,1009.3,997.5,0.04,0.05,0.06,0,9.88
19948,860,427.0,900.7,0.00,-0.03,0.03,0,10.79
19948,861,1013.3,1003.0,0.03,0.05,0.06,0,10.79
19949,859,1009.3,997.5,0.04,0.05,0.06,0,12.12
19949,860,427.0,900.7,0.00,-0.03,0.03,0,12.99
19949,861,1013.3,1003.0,0.03,0.05,0.06,0,12.99
19950,859,1009.3,997.5,0.04,0.05,0.06,0,14.46
19950,860,427.0,900.7,0.00,-0.03,0.03,0,15.28
19950,861,1013.3,1003.0,0.03,0.05,0.06,0,15.28
19999,862,869.0,1137.0,0.00,0.00,0.00,0,12.01
20000,862,868.0,1140.9,-0.02,0.10,0.10,0,7.47
20001,862,867.5,1142.2,-0.06,0.18,0.19,0,6.31
20003,862,867.5,1142.3,-0.06,0.18,0.19,0,9.94
20004,862,867.5,1142.3,-0.06,0.18,0.19,0,12.12
20005,862,867.5,1142.3,-0.06,0.18,0.19,0,14.52
20090,865,933.0,566.0,0.00,0.00,0.00,0,12.01
20091,865,933.0,566.0,0.00,0.00,0.00,0,14.04
20092,865,933.0,566.0,0.00,0.00,0.00,0,16.08
20094,865,933.0,566.0,0.00,0.00,0.00,0,19.94
20127,866,1151.0,419.0,0.00,0.00,0.00,0,12.01
20128,866,1152.0,417.7,0.02,-0.03,0.04,0,7.50
20128,867,1157.0,408.0,0.00,0.00,0.00,0,12.03
20129,866,1153.0,415.4,0.13,-0.26,0.29,0,6.32
20129,867,1158.0,405.7,0.04,-0.10,0.11,0,7.48
20131,866,1153.1,415.4,0.13,-0.26,0.29,0,9.99
20131,867,1158.0,405.7,0.04,-0.10,0.11,0,10.86
20132,866,1153.1,415.4,0.13,-0.26,0.29,0,12.01
20132,867,1158.0,405.7,0.04,-0.10,0.11,0,12.88
20133,866,1153.1,415.4,0.13,-0.26,0.29,0,14.38
20133,867,1158.0,405.7,0.04,-0.10,0.11,0,15.20
20211,868,762.0,1301.0,0.00,0.00,0.00,0,12.01
20212,868,762.0,1301.0,0.00,0.00,0.00,0,14.04
20213,868,762.0,1301.0,0.00,0.00,0.00,0,16.09
20215,868,762.0,1301.0,0.00,0.00,0.00,0,19.98
20248,869,668.0,1051.0,0.00,0.00,0.00,0,12.01
20248,870,675.0,1057.0,0.00,0.00,0.00,0,12.01
20248,871,1024.0,1087.0,0.00,0.00,0.00,0,12.01
20249,869,668.3,1051.3,0.01,0.01,0.01,0,7.51
20249,870,670.4,1053.7,-0.11,-0.08,0.14,0,7.51
20249,871,1024.3,1085.7,0.01,-0.03,0.03,0,7.51
20250,869,667.0,1050.5,-0.13,-0.08,0.16,0,6.32
20250,871,1025.0,1084.5,0.08,-0.16,0.18,0,6.32
20252,869,666.9,1050.4,-0.13,-0.08,0.16,0,9.96
20252,871,1025.0,1084.4,0.08,-0.16,0.18,0,9.96
20253,869,666.9,1050.4,-0.13,-0.08,0.16,0,11.98
20253,871,1025.0,1084.4,0.08,-0.16,0.18,0,11.98
20254,869,666.9,1050.4,-0.13,-0.08,0.16,0,14.32
20254,871,1025.0,1084.4,0.08,-0.16,0.18,0,14.32
20285,873,1018.0,868.0,0.00,0.00,0.00,0,12.01
20285,874,687.0,1315.0,0.00,0.00,0.00,0,12.01
20287,877,1042.0,847.0,0.00,0.00,0.00,0,12.01
20287,878,1034.0,855.0,0.00,0.00,0.00,0,12.01
20287,879,695.0,1324.0,0.00,0.00,0.00,0,12.01
20288,877,1041.7,847.3,-0.01,0.01,0.01,0,7.47
20288,878,1037.9,849.4,0.08,-0.12,0.15,0,7.47
20288,879,695.0,1324.0,0.00,0.00,0.00,0,14.03
20289,877,1042.8,845.2,0.06,-0.12,0.14,0,6.30
20289,879,695.0,1324.0,0.00,0.00,0.00,0,16.08
20291,877,1042.8,845.2,0.06,-0.12,0.14,0,9.98
20291,879,695.0,1324.0,0.00,0.00,0.00,0,19.95
20292,877,1042.8,845.2,0.06,-0.12,0.14,0,12.11
20293,877,1042.8,845.1,0.06,-0.12,0.14,0,14.48
20324,880,1438.0,859.0,0.00,0.00,0.00,0,12.01
20326,882,1437.0,843.0,0.00,0.00,0.00,0,12.01
20326,883,1437.0,851.0,0.00,0.00,0.00,0,12.01
20326,884,698.0,1095.0,0.00,0.00,0.00,0,12.01
20327,882,1436.7,843.7,-0.01,0.01,0.02,0,7.47
20327,883,1438.0,846.1,0.02,-0.11,0.11,0,7.47
20327,884,698.0,1095.0,0.00,0.00,0.00,0,7.47
20328,882,1437.3,841.9,0.03,-0.09,0.10,0,6.31
20328,884,698.0,1095.0,0.00,0.00,0.00,0,9.51
20330,882,1437.3,841.9,0.03,-0.09,0.10,0,9.94
20330,884,698.0,1095.0,0.00,0.00,0.00,0,13.26
20331,882,1437.3,841.9,0.03,-0.09,0.10,0,12.13
20331,884,698.0,1095.0,0.00,0.00,0.00,0,15.46
20332,882,1437.3,841.9,0.03,-0.09,0.10,0,14.47
20363,885,1307.0,938.0,0.00,0.00,0.00,0,12.01
20363,886,782.0,1136.0,0.00,0.00,0.00,0,12.01
20365,889,1293.0,426.0,0.00,0.00,0.00,0,12.01
20365,890,1300.0,436.0,0.00,0.00,0.00,0,12.01
20365,891,792.0,1135.0,0.00,0.00,0.00,0,12.01
20366,889,1293.0,426.0,0.00,0.00,0.00,0,7.46
20366,890,1295.1,429.5,-0.10,-0.13,0.16,0,7.46
20366,891,792.3,1135.0,0.01,0.00,0.01,0,7.46
20366,892,799.0,1138.0,0.00,0.00,0.00,0,12.00
20367,889,1291.2,423.7,-0.07,-0.09,0.11,0,6.29
20367,891,794.8,1136.0,0.10,0.04,0.11,0,6.29
20369,889,1291.2,423.7,-0.07,-0.09,0.11,0,9.81
20369,891,794.8,1136.0,0.10,0.04,0.11,0,9.81
20370,889,1291.2,423.7,-0.07,-0.09,0.11,0,12.02
20370,891,794.8,1136.0,0.10,0.04,0.11,0,12.02
20371,889,1291.2,423.7,-0.07,-0.09,0.11,0,14.35
20371,891,794.8,1136.0,0.10,0.04,0.11,0,14.35
20449,893,1555.0,788.0,0.00,0.00,0.00,0,12.01
20450,893,1555.0,788.0,0.00,0.00,0.00,0,14.04
20451,893,1555.0,788.0,0.00,0.00,0.00,0,16.09
20453,893,1555.0,788.0,0.00,0.00,0.00,0,19.94
20625,894,925.0,1209.0,0.00,0.00,0.00,0,12.01
20626,894,919.8,1208.7,-0.12,-0.01,0.12,0,7.48
20627,894,917.2,1208.2,-0.29,-0.04,0.29,0,6.31
20627,895,895.0,1207.0,0.00,0.00,0.00,0,12.01
20629,894,917.2,1208.2,-0.29,-0.04,0.29,0,9.98
20629,895,895.0,1207.0,0.00,0.00,0.00,0,15.14
20630,894,917.2,1208.2,-0.29,-0.04,0.29,0,12.12
20630,895,895.0,1207.0,0.00,0.00,0.00,0,17.24
20631,894,917.2,1208.2,-0.29,-0.04,0.29,0,14.53
20631,895,895.0,1207.0,0.00,0.00,0.00,0,19.53
20663,896,465.0,638.0,0.00,0.00,0.00,0,12.01
20665,898,464.0,644.0,0.00,0.00,0.00,0,12.01
20666,898,464.0,644.0,0.00,0.00,0.00,0,14.04
20667,898,464.0,644.0,0.00,0.00,0.00,0,16.08
20669,898,464.0,644.0,0.00,0.00,0.00,0,19.96
20734,899,630.0,1245.0,0.00,0.00,0.00,0,12.01
20735,899,630.0,1245.0,0.00,0.00,0.00,0,7.48
20735,900,633.0,1237.0,0.00,0.00,0.00,0,12.01
20736,899,630.8,1243.2,0.05,-0.12,0.13,0,6.31
20738,899,630.8,1243.2,0.05,-0.12,0.13,0,9.98
20739,899,630.8,1243.2,0.05,-0.12,0.13,0,12.13
20740,899,630.8,1243.2,0.05,-0.12,0.13,0,14.47
20782,903,1283.0,551.0,0.00,0.00,0.00,0,12.01
20782,904,1160.0,1184.0,0.00,0.00,0.00,0,12.01
20782,905,1149.0,1188.0,0.00,0.00,0.00,0,12.01
20783,903,1283.0,551.0,0.00,0.00,0.00,0,14.04
20783,904,1156.7,1185.0,-0.08,0.02,0.08,0,7.48
20783,905,1146.1,1189.0,-0.07,0.02,0.08,0,7.48
20784,904,1152.9,1186.3,-0.34,0.11,0.36,0,6.31
20784,903,1283.0,551.0,0.00,0.00,0.00,0,16.09
20786,904,1152.8,1186.3,-0.34,0.11,0.36,0,9.95
20786,903,1283.0,551.0,0.00,0.00,0.00,0,19.95
20787,904,1152.8,1186.3,-0.34,0.11,0.36,0,12.12
20788,904,1152.8,1186.3,-0.34,0.11,0.36,0,14.47
20854,906,573.0,408.0,0.00,0.00,0.00,0,12.01
20855,906,573.0,408.0,0.00,0.00,0.00,0,14.04
20856,906,573.0,408.0,0.00,0.00,0.00,0,16.09
20858,906,573.0,408.0,0.00,0.00,0.00,0,19.99
20898,907,781.0,1256.0,0.00,0.00,0.00,0,12.01
20899,907,781.3,1255.3,0.01,-0.02,0.02,0,7.47
20899,908,775.0,1263.0,0.00,0.00,0.00,0,12.01
20900,907,779.4,1257.8,-0.11,0.15,0.19,0,6.31
20900,908,775.0,1263.0,0.00,0.00,0.00,0,14.04
20902,907,779.4,1257.9,-0.11,0.15,0.19,0,9.98
20902,908,775.0,1263.0,0.00,0.00,0.00,0,17.53
20903,907,779.4,1257.9,-0.11,0.15,0.19,0,12.12
20903,908,775.0,1263.0,0.00,0.00,0.00,0,19.65
20904,907,779.4,1257.9,-0.11,0.15,0.19,0,14.52
20941,909,1063.0,1248.0,0.00,0.00,0.00,0,12.01
20942,909,1058.7,1248.3,-0.11,0.01,0.11,0,7.48
20943,909,1058.7,1248.3,-0.11,0.01,0.11,0,9.51
20945,909,1058.7,1248.3,-0.11,0.01,0.11,0,13.26
20946,909,1058.7,1248.3,-0.11,0.01,0.11,0,15.46
20979,910,711.0,1246.0,0.00,0.00,0.00,0,12.01
20980,910,705.8,1245.3,-0.14,-0.02,0.14,0,7.47
20981,910,703.2,1245.0,-0.31,-0.04,0.31,0,6.31
20983,910,703.2,1245.0,-0.31,-0.04,0.31,0,9.97
20984,910,703.2,1245.0,-0.31,-0.04,0.31,0,12.11
20985,910,703.1,1245.0,-0.31,-0.04,0.31,0,14.45
21017,911,835.0,1126.0,0.00,0.00,0.00,0,12.05
21017,912,837.0,1143.0,0.00,0.00,0.00,0,12.05
21019,913,833.0,1110.0,0.00,0.00,0.00,0,12.01
21019,914,834.0,1122.0,0.00,0.00,0.00,0,12.01
21020,913,832.7,1111.3,-0.01,0.03,0.03,0,7.47
21020,914,834.0,1122.0,0.00,0.00,0.00,0,14.03
21021,913,833.3,1110.2,0.03,-0.03,0.04,0,6.31
21023,913,833.3,1110.2,0.03,-0.03,0.04,0,9.95
21024,913,833.3,1110.2,0.03,-0.03,0.04,0,12.12
21025,913,833.3,1110.2,0.03,-0.03,0.04,0,14.51
21056,915,908.0,1365.0,0.00,0.00,0.00,0,12.01
21056,916,911.0,1379.0,0.00,0.00,0.00,0,12.01
21078,917,1186.0,814.0,0.00,0.00,0.00,0,12.01
21079,917,1186.0,814.0,0.00,0.00,0.00,0,7.48
21079,918,1190.0,803.0,0.00,0.00,0.00,0,12.01
21080,917,1187.0,811.7,0.07,-0.15,0.17,0,6.31
21080,918,1191.3,801.0,0.03,-0.05,0.06,0,7.47
21082,917,1187.0,811.6,0.07,-0.15,0.17,0,9.95
21082,918,1191.3,801.0,0.03,-0.05,0.06,0,10.85
21083,917,1187.0,811.6,0.07,-0.15,0.17,0,12.14
21083,918,1191.3,801.0,0.03,-0.05,0.06,0,13.01
21084,917,1187.1,811.6,0.07,-0.15,0.17,0,14.49
21084,918,1191.3,801.0,0.03,-0.05,0.06,0,15.31
21124,921,826.0,751.0,0.00,0.00,0.00,0,12.01
21125,921,826.0,751.0,0.00,0.00,0.00,0,14.04
21126,921,826.0,751.0,0.00,0.00,0.00,0,16.09
21128,921,826.0,751.0,0.00,0.00,0.00,0,19.99
21162,922,1006.0,1099.0,0.00,0.00,0.00,0,12.01
21163,922,1006.0,1099.3,0.00,0.01,0.01,0,7.48
21164,922,1006.0,1099.3,0.00,0.01,0.01,0,9.52
21166,922,1006.0,1099.3,0.00,0.01,0.01,0,13.29
21167,922,1006.0,1099.3,0.00,0.01,0.01,0,15.46
21243,923,1181.0,324.0,0.00,0.00,0.00,0,12.01
21244,923,1180.7,326.0,-0.01,0.05,0.05,0,7.48
21245,923,1180.7,326.0,-0.01,0.05,0.05,0,9.52
21247,923,1180.7,326.0,-0.01,0.05,0.05,0,13.33
21248,923,1180.7,326.0,-0.01,0.05,0.05,0,15.48
21280,924,1063.0,1270.0,0.00,0.00,0.00,0,12.01
21281,924,1063.7,1270.0,0.02,0.00,0.02,0,7.48
21281,925,1052.0,1267.0,0.00,0.00,0.00,0,12.01
21282,924,1061.2,1269.2,-0.17,-0.06,0.18,0,6.30
21284,924,1061.1,1269.2,-0.17,-0.06,0.18,0,9.97
21285,924,1061.1,1269.2,-0.17,-0.06,0.18,0,12.11
21286,924,1061.1,1269.2,-0.17,-0.06,0.18,0,14.45
21317,926,754.0,1176.0,0.00,0.00,0.00,0,12.01
21317,927,762.0,1190.0,0.00,0.00,0.00,0,12.01
21347,928,614.0,1136.0,0.00,0.00,0.00,0,12.01
21348,928,614.3,1135.3,0.01,-0.02,0.02,0,7.48
21349,928,614.3,1135.3,0.01,-0.02,0.02,0,9.52
21351,928,614.3,1135.3,0.01,-0.02,0.02,0,13.29
21352,928,614.3,1135.3,0.01,-0.02,0.02,0,15.48
21406,929,712.0,1285.0,0.00,0.00,0.00,0,12.01
21407,929,709.1,1285.0,-0.08,0.00,0.08,0,7.47
21408,929,709.0,1285.0,-0.08,0.00,0.08,0,9.52
21410,929,709.0,1285.0,-0.08,0.00,0.08,0,13.28
21411,929,709.0,1285.0,-0.08,0.00,0.08,0,15.45
21446,930,1175.0,1203.0,0.00,0.00,0.00,0,12.01
21448,933,939.0,677.0,0.00,0.00,0.00,0,12.01
21448,934,1175.0,1172.0,0.00,0.00,0.00,0,12.01
21448,935,1176.0,1187.0,0.00,0.00,0.00,0,12.01
21449,933,940.3,679.6,0.03,0.07,0.07,0,7.48
21449,934,1175.0,1172.3,0.00,0.01,0.01,0,7.48
21449,935,1175.0,1178.8,-0.02,-0.20,0.21,0,7.48
21450,933,941.8,682.5,0.13,0.26,0.29,0,6.31
21450,934,1174.7,1170.2,-0.02,-0.13,0.13,0,6.31
21452,933,941.8,682.6,0.13,0.26,0.29,0,9.95
21452,934,1174.7,1170.1,-0.02,-0.13,0.13,0,9.95
21453,933,941.8,682.6,0.13,0.26,0.29,0,12.16
21453,934,1174.7,1170.1,-0.02,-0.13,0.13,0,12.16
21454,933,941.8,682.6,0.13,0.26,0.29,0,14.50
21454,934,1174.7,1170.1,-0.02,-0.13,0.13,0,14.50
21496,936,456.0,800.0,0.00,0.00,0.00,0,12.01
21497,936,454.7,802.6,-0.03,0.06,0.07,0,7.47
21498,936,454.0,803.7,-0.07,0.13,0.15,0,6.31
21500,936,454.0,803.8,-0.07,0.13,0.15,0,9.99
21501,936,454.0,803.8,-0.07,0.13,0.15,0,12.14
21502,936,454.0,803.8,-0.07,0.13,0.15,0,14.48
21546,938,451.0,979.0,0.00,0.00,0.00,0,12.01
21547,938,449.0,979.7,-0.05,0.02,0.05,0,7.47
21548,938,448.3,980.0,-0.10,0.04,0.10,0,6.31
21550,938,448.2,980.0,-0.10,0.04,0.10,0,9.97
21551,938,448.2,980.0,-0.10,0.04,0.10,0,12.13
21552,938,448.2,980.0,-0.10,0.04,0.10,0,14.47
21584,939,1313.0,534.0,0.00,0.00,0.00,0,12.04
21584,940,1316.0,543.0,0.00,0.00,0.00,0,12.04
21586,941,1318.0,551.0,0.00,0.00,0.00,0,12.01
21587,941,1318.0,551.0,0.00,0.00,0.00,0,14.04
21588,941,1318.0,551.0,0.00,0.00,0.00,0,16.08
21590,941,1318.0,551.0,0.00,0.00,0.00,0,19.96
21752,942,1029.0,1004.0,0.00,0.00,0.00,0,12.01
21753,942,1029.3,1004.3,0.01,0.01,0.01,0,7.48
21754,942,1029.3,1004.3,0.01,0.01,0.01,0,9.52
21756,942,1029.3,1004.3,0.01,0.01,0.01,0,13.29
21757,942,1029.3,1004.3,0.01,0.01,0.01,0,15.47
21789,943,909.0,997.0,0.00,0.00,0.00,0,12.01
21790,943,910.6,994.7,0.04,-0.06,0.07,0,7.51
21791,943,911.5,993.5,0.13,-0.19,0.23,0,6.32
21793,943,911.5,993.4,0.13,-0.19,0.23,0,10.00
21794,943,911.5,993.4,0.13,-0.19,0.23,0,12.30
21795,943,911.6,993.4,0.13,-0.19,0.23,0,14.74
21826,944,1061.0,905.0,0.00,0.00,0.00,0,12.01
21826,945,1066.0,908.0,0.00,0.00,0.00,0,12.01
21827,944,1060.0,904.3,-0.02,-0.02,0.03,0,7.51
21827,945,1065.3,907.7,-0.02,-0.01,0.02,0,7.51
21828,944,1059.2,904.0,-0.11,-0.05,0.12,0,6.32
21830,944,1059.2,904.0,-0.11,-0.05,0.12,0,9.99
21831,944,1059.2,904.0,-0.11,-0.05,0.12,0,12.29
21832,944,1059.2,904.0,-0.11,-0.05,0.12,0,14.71
21874,946,1387.0,496.0,0.00,0.00,0.00,0,12.01
21874,947,1393.0,496.0,0.00,0.00,0.00,0,12.01
21875,946,1389.0,496.0,0.05,0.00,0.05,0,7.47
21875,947,1395.0,496.0,0.05,0.00,0.05,0,7.47
21876,946,1392.3,496.3,0.27,0.02,0.27,0,6.31
21878,946,1392.4,496.3,0.27,0.02,0.27,0,10.01
21879,946,1392.4,496.3,0.27,0.02,0.27,0,12.13
21880,946,1392.4,496.3,0.27,0.02,0.27,0,14.48
21914,948,807.0,1158.0,0.00,0.00,0.00,0,12.00
21915,948,807.0,1158.0,0.00,0.00,0.00,0,14.01
21916,948,807.0,1158.0,0.00,0.00,0.00,0,16.04
21918,948,807.0,1158.0,0.00,0.00,0.00,0,19.79
21951,949,755.0,1097.0,0.00,0.00,0.00,0,12.01
21952,949,755.0,1094.0,0.00,-0.07,0.07,0,7.52
21953,949,755.0,1094.0,0.00,-0.07,0.07,0,9.58
21955,949,755.0,1094.0,0.00,-0.07,0.07,0,13.56
21956,949,755.0,1094.0,0.00,-0.07,0.07,0,15.74
22011,950,904.0,435.0,0.00,0.00,0.00,0,12.01
22012,950,904.0,435.0,0.00,0.00,0.00,0,14.04
22013,950,904.0,435.0,0.00,0.00,0.00,0,16.09
22015,950,904.0,435.0,0.00,0.00,0.00,0,19.97
22065,951,1271.0,973.0,0.00,0.00,0.00,0,12.01
22066,951,1271.0,973.0,0.00,0.00,0.00,0,14.04
22067,951,1272.1,971.9,0.05,-0.05,0.07,0,7.87
22069,951,1272.1,971.9,0.05,-0.05,0.07,0,11.53
22070,951,1272.1,971.9,0.05,-0.05,0.07,0,13.69
22071,951,1272.1,971.9,0.05,-0.05,0.07,0,16.03
22136,952,917.0,1113.0,0.00,0.00,0.00,0,12.01
22137,952,917.7,1110.1,0.02,-0.07,0.07,0,7.48
22138,952,918.0,1108.5,0.04,-0.17,0.18,0,6.31
22140,952,918.0,1108.4,0.04,-0.17,0.18,0,9.97
22141,952,918.0,1108.4,0.04,-0.17,0.18,0,12.13
22142,952,918.0,1108.4,0.04,-0.17,0.18,0,14.52
22178,953,523.0,1152.0,0.00,0.00,0.00,0,12.01
22179,953,523.0,1152.0,0.00,0.00,0.00,0,14.04
22180,953,523.0,1152.0,0.00,0.00,0.00,0,16.09
22182,953,523.0,1152.0,0.00,0.00,0.00,0,19.97
22216,956,711.0,1008.0,0.00,0.00,0.00,0,12.04
22216,957,708.0,1025.0,0.00,0.00,0.00,0,12.04
22217,956,711.0,1008.0,0.00,0.00,0.00,0,7.49
22217,957,708.0,1025.0,0.00,0.00,0.00,0,14.09
22218,956,711.0,1008.0,0.00,0.00,0.00,0,9.53
22220,956,711.0,1008.0,0.00,0.00,0.00,0,13.35
22221,956,711.0,1008.0,0.00,0.00,0.00,0,15.53
22255,961,743.0,1295.0,0.00,0.00,0.00,0,12.01
22255,962,906.0,1381.0,0.00,0.00,0.00,0,12.01
22255,963,910.0,1388.0,0.00,0.00,0.00,0,12.01
22256,961,743.7,1295.0,0.02,0.00,0.02,0,7.47
22256,962,906.0,1381.0,0.00,0.00,0.00,0,7.47
22256,963,907.4,1382.8,-0.06,-0.12,0.13,0,7.47
22256,964,752.0,1293.0,0.00,0.00,0.00,0,12.01
22257,961,745.5,1294.5,0.14,-0.03,0.14,0,6.30
22257,962,906.0,1381.0,0.00,0.00,0.00,0,9.51
22259,961,745.6,1294.5,0.14,-0.03,0.14,0,10.00
22259,962,906.0,1381.0,0.00,0.00,0.00,0,13.33
22260,961,745.6,1294.5,0.14,-0.03,0.14,0,12.12
22260,962,906.0,1381.0,0.00,0.00,0.00,0,15.45
22261,961,745.6,1294.5,0.14,-0.03,0.14,0,14.47
22296,965,930.0,1280.0,0.00,0.00,0.00,0,12.01
22297,965,930.0,1279.7,0.00,-0.01,0.01,0,7.47
22298,965,930.0,1279.7,0.00,-0.01,0.01,0,9.52
22300,965,930.0,1279.7,0.00,-0.01,0.01,0,13.29
22301,965,930.0,1279.7,0.00,-0.01,0.01,0,15.46
22339,966,893.0,1028.0,0.00,0.00,0.00,0,12.01
22340,966,893.0,1028.0,0.00,0.00,0.00,0,14.04
22341,966,893.0,1028.0,0.00,0.00,0.00,0,16.09
22343,966,893.0,1028.0,0.00,0.00,0.00,0,19.94
22381,967,1030.0,1365.0,0.00,0.00,0.00,0,12.01
22382,967,1030.0,1365.0,0.00,0.00,0.00,0,14.04
22383,967,1030.0,1365.0,0.00,0.00,0.00,0,16.08
22385,967,1030.0,1365.0,0.00,0.00,0.00,0,19.93
22431,968,1435.0,777.0,0.00,0.00,0.00,0,12.01
22432,968,1435.0,777.0,0.00,0.00,0.00,0,14.04
22433,968,1435.0,777.0,0.00,0.00,0.00,0,16.09
22435,968,1435.0,777.0,0.00,0.00,0.00,0,19.97
22478,969,711.0,381.0,0.00,0.00,0.00,0,12.01
22480,971,693.0,370.0,0.00,0.00,0.00,0,12.01
22480,972,704.0,375.0,0.00,0.00,0.00,0,12.01
22481,971,693.3,370.3,0.01,0.01,0.01,0,7.47
22481,972,704.0,375.0,0.00,0.00,0.00,0,14.04
22482,971,693.3,370.3,0.01,0.01,0.01,0,9.52
22484,971,693.3,370.3,0.01,0.01,0.01,0,13.33
22485,971,693.3,370.3,0.01,0.01,0.01,0,15.46
22531,973,1329.0,1082.0,0.00,0.00,0.00,0,12.01
22532,973,1329.3,1082.3,0.01,0.01,0.01,0,7.47
22532,974,1321.0,1079.0,0.00,0.00,0.00,0,12.01
22533,973,1327.7,1081.5,-0.10,-0.05,0.11,0,6.31
22535,973,1327.7,1081.5,-0.10,-0.05,0.11,0,10.01
22536,973,1327.7,1081.5,-0.10,-0.05,0.11,0,12.13
22537,973,1327.7,1081.5,-0.10,-0.05,0.11,0,14.47
22613,975,1230.0,1166.0,0.00,0.00,0.00,0,12.01
22614,975,1228.4,1168.3,-0.04,0.05,0.07,0,7.47
22615,975,1227.8,1169.0,-0.08,0.10,0.13,0,6.31
22615,976,1218.0,1176.0,0.00,0.00,0.00,0,12.01
22617,975,1227.7,1169.0,-0.08,0.10,0.13,0,9.95
22617,976,1218.0,1176.0,0.00,0.00,0.00,0,15.12
22618,975,1227.7,1169.0,-0.08,0.10,0.13,0,12.13
22618,976,1218.0,1176.0,0.00,0.00,0.00,0,17.25
22619,975,1227.7,1169.0,-0.08,0.10,0.13,0,14.47
22619,976,1218.0,1176.0,0.00,0.00,0.00,0,19.49
22654,977,1064.0,1241.0,0.00,0.00,0.00,0,12.01
22655,977,1060.7,1240.3,-0.08,-0.02,0.08,0,7.47
22656,977,1060.7,1240.3,-0.08,-0.02,0.08,0,9.51
22658,977,1060.7,1240.3,-0.08,-0.02,0.08,0,13.29
22659,977,1060.7,1240.3,-0.08,-0.02,0.08,0,15.46
22691,978,923.0,1152.0,0.00,0.00,0.00,0,12.01
22692,978,923.0,1152.0,0.00,0.00,0.00,0,14.04
22693,978,924.1,1150.9,0.05,-0.05,0.07,0,7.86
22695,978,924.1,1150.9,0.05,-0.05,0.07,0,11.51
22696,978,924.1,1150.9,0.05,-0.05,0.07,0,13.67
22697,978,924.1,1150.9,0.05,-0.05,0.07,0,16.07
22729,981,919.0,1100.0,0.00,0.00,0.00,0,12.01
22730,981,920.3,1095.4,0.04,-0.13,0.13,0,7.47
22730,982,925.0,1071.0,0.00,0.00,0.00,0,12.01
22731,981,921.3,1089.6,0.10,-0.50,0.51,0,6.30
22733,981,921.3,1089.5,0.10,-0.50,0.51,0,9.95
22734,981,921.3,1089.5,0.10,-0.50,0.51,0,12.12
22735,981,921.3,1089.5,0.10,-0.50,0.51,0,14.47
22816,983,492.0,1172.0,0.00,0.00,0.00,0,12.02
22817,983,492.0,1172.0,0.00,0.00,0.00,0,7.48
22818,983,492.0,1172.0,0.00,0.00,0.00,0,9.50
22820,983,492.0,1172.0,0.00,0.00,0.00,0,13.09
22821,983,492.0,1172.0,0.00,0.00,0.00,0,15.35
22866,984,701.0,1115.0,0.00,0.00,0.00,0,12.01
22867,984,701.0,1115.0,0.00,0.00,0.00,0,14.04
22868,984,699.6,1115.4,-0.06,0.02,0.07,0,7.87
22870,984,699.6,1115.4,-0.06,0.02,0.07,0,11.59
22871,984,699.6,1115.4,-0.06,0.02,0.07,0,13.67
22872,984,699.6,1115.4,-0.06,0.02,0.07,0,16.09
22935,985,1302.0,1080.0,0.00,0.00,0.00,0,12.01
22936,985,1302.0,1080.0,0.00,0.00,0.00,0,14.04
22937,985,1302.0,1080.0,0.00,0.00,0.00,0,16.09
22939,985,1302.0,1080.0,0.00,0.00,0.00,0,19.95
23028,986,1572.0,735.0,0.00,0.00,0.00,0,12.01
23029,986,1572.0,735.0,0.00,0.00,0.00,0,14.04
23030,986,1572.0,735.0,0.00,0.00,0.00,0,16.09
23032,986,1572.0,735.0,0.00,0.00,0.00,0,19.95
23065,987,981.0,1015.0,0.00,0.00,0.00,0,12.01
23065,988,978.0,1024.0,0.00,0.00,0.00,0,12.01
23066,987,980.0,1017.3,-0.02,0.06,0.06,0,7.48
23066,988,978.3,1026.9,0.01,0.07,0.07,0,7.48
23067,987,979.5,1021.1,-0.06,0.32,0.32,0,6.31
23069,987,979.5,1021.2,-0.06,0.32,0.32,0,10.00
23070,987,979.5,1021.2,-0.06,0.32,0.32,0,12.11
23071,987,979.5,1021.2,-0.06,0.32,0.32,0,14.53
23106,989,569.0,1244.0,0.00,0.00,0.00,0,12.01
23107,989,569.0,1244.0,0.00,0.00,0.00,0,14.03
23108,989,569.0,1244.0,0.00,0.00,0.00,0,16.08
23110,989,569.0,1244.0,0.00,0.00,0.00,0,19.93
23195,990,1142.0,634.0,0.00,0.00,0.00,0,12.01
23197,992,1147.0,636.0,0.00,0.00,0.00,0,12.01
23197,993,1154.0,639.0,0.00,0.00,0.00,0,12.01
23198,992,1148.6,636.7,0.04,0.02,0.04,0,7.48
23198,993,1155.6,639.7,0.04,0.02,0.04,0,7.48
23199,992,1151.3,637.5,0.22,0.07,0.23,0,6.31
23201,992,1151.4,637.5,0.22,0.07,0.23,0,10.00
23202,992,1151.4,637.5,0.22,0.07,0.23,0,12.13
23203,992,1151.4,637.5,0.22,0.07,0.23,0,14.54
23259,994,1056.0,1392.0,0.00,0.00,0.00,0,12.01
23260,994,1056.0,1389.7,0.00,-0.06,0.06,0,7.48
23261,994,1056.0,1389.7,0.00,-0.06,0.06,0,9.52
23263,994,1056.0,1389.7,0.00,-0.06,0.06,0,13.29
23264,994,1056.0,1389.7,0.00,-0.06,0.06,0,15.47
23296,995,654.0,1105.0,0.00,0.00,0.00,0,12.01
23296,996,645.0,1111.0,0.00,0.00,0.00,0,12.01
23297,995,651.4,1107.0,-0.07,0.05,0.08,0,7.49
23297,996,642.4,1112.6,-0.07,0.04,0.08,0,7.49
23298,995,648.2,1109.0,-0.36,0.24,0.43,0,6.31
23300,995,648.1,1109.1,-0.36,0.24,0.43,0,9.97
23301,995,648.1,1109.1,-0.36,0.24,0.43,0,12.02
23302,995,648.1,1109.1,-0.36,0.24,0.43,0,14.43
23348,997,828.0,1095.0,0.00,0.00,0.00,0,12.01
23349,997,815.9,1097.9,-0.30,0.07,0.31,0,7.47
23350,997,809.5,1099.5,-0.71,0.17,0.73,0,6.31
23350,998,775.0,1107.0,0.00,0.00,0.00,0,12.01
23352,997,809.3,1099.6,-0.71,0.17,0.73,0,9.96
23352,998,775.0,1107.0,0.00,0.00,0.00,0,15.13
23353,997,809.3,1099.6,-0.71,0.17,0.73,0,12.14
23353,998,775.0,1107.0,0.00,0.00,0.00,0,17.25
23354,997,809.2,1099.6,-0.71,0.17,0.73,0,14.54
23354,998,775.0,1107.0,0.00,0.00,0.00,0,19.54
23386,999,524.0,927.0,0.00,0.00,0.00,0,12.04
23387,999,524.0,927.0,0.00,0.00,0.00,0,14.09
23388,999,524.0,927.0,0.00,0.00,0.00,0,16.15
23390,999,524.0,927.0,0.00,0.00,0.00,0,20.20
23462,1000,1286.0,1122.0,0.00,0.00,0.00,0,12.01
23463,1000,1289.6,1120.4,0.10,-0.04,0.10,0,7.48
23464,1000,1291.3,1119.5,0.20,-0.10,0.23,0,6.30
23464,1001,1308.0,1113.0,0.00,0.00,0.00,0,12.01
23466,1000,1291.3,1119.5,0.20,-0.10,0.23,0,9.96
23466,1001,1308.0,1113.0,0.00,0.00,0.00,0,15.12
23467,1000,1291.3,1119.5,0.20,-0.10,0.23,0,12.13
23467,1001,1308.0,1113.0,0.00,0.00,0.00,0,17.24
23468,1000,1291.3,1119.5,0.20,-0.10,0.23,0,14.53
23468,1001,1308.0,1113.0,0.00,0.00,0.00,0,19.53
23501,1002,1411.0,1200.0,0.00,0.00,0.00,0,12.01
23502,1002,1411.0,1200.0,0.00,0.00,0.00,0,14.02
23503,1002,1411.0,1200.0,0.00,0.00,0.00,0,16.05
23505,1002,1411.0,1200.0,0.00,0.00,0.00,0,19.71
23539,1007,1316.0,743.0,0.00,0.00,0.00,0,12.01
23539,1008,1162.0,1206.0,0.00,0.00,0.00,0,12.01
23539,1009,1168.0,1212.0,0.00,0.00,0.00,0,12.01
23540,1007,1317.0,742.0,0.03,-0.03,0.04,0,7.48
23540,1008,1162.3,1206.3,0.01,0.01,0.01,0,7.48
23540,1009,1164.4,1208.4,-0.10,-0.10,0.14,0,7.48
23540,1010,736.0,1172.0,0.00,0.00,0.00,0,12.01
23541,1007,1318.3,741.0,0.11,-0.10,0.15,0,6.31
23541,1008,1159.7,1203.9,-0.17,-0.15,0.22,0,6.31
23543,1007,1318.3,741.0,0.11,-0.10,0.15,0,9.95
23543,1008,1159.6,1203.9,-0.17,-0.15,0.22,0,9.95
23544,1007,1318.3,741.0,0.11,-0.10,0.15,0,12.10
23544,1008,1159.6,1203.9,-0.17,-0.15,0.22,0,12.10
23545,1007,1318.3,741.0,0.11,-0.10,0.15,0,14.50
23545,1008,1159.6,1203.9,-0.17,-0.15,0.22,0,14.50
23579,1013,618.0,345.0,0.00,0.00,0.00,0,12.00
23580,1013,618.0,345.0,0.00,0.00,0.00,0,14.02
23581,1013,618.0,345.0,0.00,0.00,0.00,0,16.07
23583,1013,618.0,345.0,0.00,0.00,0.00,0,19.91
23627,1014,1170.0,370.0,0.00,0.00,0.00,0,12.01
23628,1014,1170.0,370.0,0.00,0.00,0.00,0,14.04
23629,1014,1170.0,370.0,0.00,0.00,0.00,0,16.09
23631,1014,1170.0,370.0,0.00,0.00,0.00,0,19.96
23676,1015,1448.0,861.0,0.00,0.00,0.00,0,12.01
23677,1015,1448.0,861.0,0.00,0.00,0.00,0,7.47
23677,1016,1451.0,853.0,0.00,0.00,0.00,0,12.01
23678,1015,1448.8,858.9,0.05,-0.13,0.14,0,6.31
23678,1016,1451.0,853.0,0.00,0.00,0.00,0,14.04
23680,1015,1448.8,858.9,0.05,-0.13,0.14,0,9.96
23680,1016,1451.0,853.0,0.00,0.00,0.00,0,17.51
23681,1015,1448.8,858.9,0.05,-0.13,0.14,0,12.12
23681,1016,1451.0,853.0,0.00,0.00,0.00,0,19.65
23682,1015,1448.8,858.9,0.05,-0.13,0.14,0,14.46
23714,1017,1185.0,1041.0,0.00,0.00,0.00,0,12.01
23714,1018,1192.0,1043.0,0.00,0.00,0.00,0,12.01
23716,1019,1175.0,1039.0,0.00,0.00,0.00,0,12.01
23717,1019,1175.0,1039.0,0.00,0.00,0.00,0,14.03
23718,1019,1175.0,1039.0,0.00,0.00,0.00,0,16.15
23720,1019,1175.0,1039.0,0.00,0.00,0.00,0,20.27
23780,1021,1196.0,970.0,0.00,0.00,0.00,0,12.01
23781,1021,1196.0,970.0,0.00,0.00,0.00,0,14.04
23782,1021,1196.0,970.0,0.00,0.00,0.00,0,16.09
23784,1021,1196.0,970.0,0.00,0.00,0.00,0,19.96
23818,1024,867.0,822.0,0.00,0.00,0.00,0,12.04
23818,1025,876.0,841.0,0.00,0.00,0.00,0,12.04
23819,1024,867.3,822.0,0.02,0.00,0.02,0,7.49
23819,1025,876.0,841.0,0.00,0.00,0.00,0,14.09
23820,1024,864.7,818.4,-0.20,-0.29,0.35,0,6.31
23820,1025,876.0,841.0,0.00,0.00,0.00,0,16.15
23822,1024,864.6,818.3,-0.20,-0.29,0.35,0,10.00
23822,1025,876.0,841.0,0.00,0.00,0.00,0,20.20
23823,1024,864.6,818.3,-0.20,-0.29,0.35,0,12.15
23824,1024,864.6,818.3,-0.20,-0.29,0.35,0,14.55
23892,1026,1412.0,1153.0,0.00,0.00,0.00,0,12.01
23893,1026,1411.7,1153.3,-0.01,0.01,0.01,0,7.47
23894,1026,1415.4,1153.2,0.22,0.00,0.22,0,6.31
23896,1026,1415.4,1153.2,0.22,0.00,0.22,0,10.00
23897,1026,1415.4,1153.2,0.22,0.00,0.22,0,12.13
23898,1026,1415.4,1153.2,0.22,0.00,0.22,0,14.48
23929,1027,712.0,1331.0,0.00,0.00,0.00,0,12.01
23930,1027,712.0,1332.6,0.00,0.04,0.04,0,7.48
23931,1027,712.0,1332.6,0.00,0.04,0.04,0,9.52
23933,1027,712.0,1332.7,0.00,0.04,0.04,0,13.32
23934,1027,712.0,1332.7,0.00,0.04,0.04,0,15.45
23978,1028,928.0,696.0,0.00,0.00,0.00,0,12.01
23979,1028,928.0,696.0,0.00,0.00,0.00,0,14.04
23980,1028,928.0,696.0,0.00,0.00,0.00,0,16.09
23982,1028,928.0,696.0,0.00,0.00,0.00,0,19.98
24016,1029,479.0,1120.0,0.00,0.00,0.00,0,12.02
24017,1029,479.0,1120.3,0.00,0.01,0.01,0,7.48
24017,1030,481.0,1112.0,0.00,0.00,0.00,0,12.01
24018,1029,480.0,1116.9,0.07,-0.22,0.23,0,6.29
24020,1029,480.0,1116.8,0.07,-0.22,0.23,0,9.80
24021,1029,480.0,1116.8,0.07,-0.22,0.23,0,12.01
24022,1029,480.1,1116.8,0.07,-0.22,0.23,0,14.34
24118,1032,491.0,1021.0,0.00,0.00,0.00,0,12.01
24119,1032,491.0,1020.7,0.00,-0.01,0.01,0,7.47
24120,1032,491.0,1020.7,0.00,-0.01,0.01,0,9.51
24122,1032,491.0,1020.7,0.00,-0.01,0.01,0,13.25
24123,1032,491.0,1020.7,0.00,-0.01,0.01,0,15.46
24182,1033,1435.0,1024.0,0.00,0.00,0.00,0,12.01
24184,1035,775.0,1214.0,0.00,0.00,0.00,0,12.01
24185,1035,770.7,1213.3,-0.10,-0.02,0.10,0,7.47
24186,1035,770.7,1213.3,-0.10,-0.02,0.10,0,9.52
24188,1035,770.7,1213.3,-0.10,-0.02,0.10,0,13.28
24189,1035,770.7,1213.3,-0.10,-0.02,0.10,0,15.47
24231,1036,1153.0,930.0,0.00,0.00,0.00,0,12.01
24232,1036,1153.0,930.0,0.00,0.00,0.00,0,7.48
24232,1037,1147.0,938.0,0.00,0.00,0.00,0,12.01
24233,1036,1151.7,931.8,-0.08,0.12,0.15,0,6.31
24233,1037,1145.7,940.3,-0.03,0.06,0.07,0,7.47
24235,1036,1151.7,931.8,-0.08,0.12,0.15,0,10.00
24235,1037,1145.7,940.3,-0.03,0.06,0.07,0,10.89
24236,1036,1151.7,931.8,-0.08,0.12,0.15,0,12.12
24236,1037,1145.7,940.3,-0.03,0.06,0.07,0,12.99
24237,1036,1151.7,931.8,-0.08,0.12,0.15,0,14.47
24237,1037,1145.7,940.3,-0.03,0.06,0.07,0,15.29
24357,1038,785.0,1322.0,0.00,0.00,0.00,0,12.01
24358,1038,785.0,1322.0,0.00,0.00,0.00,0,14.04
24359,1038,784.6,1321.3,-0.02,-0.03,0.04,0,7.87
24361,1038,784.6,1321.3,-0.02,-0.03,0.04,0,11.53
24362,1038,784.6,1321.3,-0.02,-0.03,0.04,0,13.69
24363,1038,784.6,1321.3,-0.02,-0.03,0.04,0,16.03
24401,1039,938.0,1241.0,0.00,0.00,0.00,0,12.01
24402,1039,938.0,1241.0,0.00,0.00,0.00,0,14.04
24403,1039,942.6,1250.5,0.22,0.45,0.50,0,7.87
24405,1039,942.6,1250.6,0.22,0.45,0.50,0,11.51
24406,1039,942.6,1250.6,0.22,0.45,0.50,0,13.68
24407,1039,942.6,1250.6,0.22,0.45,0.50,0,16.08
24438,1040,780.0,1351.0,0.00,0.00,0.00,0,12.01
24439,1040,780.0,1351.0,0.00,0.00,0.00,0,14.04
24440,1040,780.0,1351.0,0.00,0.00,0.00,0,16.09
24442,1040,780.0,1351.0,0.00,0.00,0.00,0,19.96
24502,1041,751.0,1266.0,0.00,0.00,0.00,0,12.01
24503,1041,751.0,1266.0,0.00,0.00,0.00,0,7.48
24503,1042,762.0,1265.0,0.00,0.00,0.00,0,12.01
24504,1041,753.6,1265.7,0.17,-0.02,0.17,0,6.31
24506,1041,753.6,1265.7,0.17,-0.02,0.17,0,9.93
24507,1041,753.6,1265.7,0.17,-0.02,0.17,0,12.13
24508,1041,753.6,1265.7,0.17,-0.02,0.17,0,14.52
24539,1043,1180.0,1229.0,0.00,0.00,0.00,0,12.01
24539,1044,1171.0,1234.0,0.00,0.00,0.00,0,12.01
24541,1045,1193.0,1223.0,0.00,0.00,0.00,0,12.01
24541,1046,1186.0,1226.0,0.00,0.00,0.00,0,12.01
24542,1045,1192.7,1223.0,-0.01,0.00,0.01,0,7.46
24542,1046,1190.3,1224.0,0.08,-0.04,0.09,0,7.46
24543,1045,1194.3,1222.5,0.07,-0.02,0.07,0,6.30
24545,1045,1194.3,1222.5,0.07,-0.02,0.07,0,9.91
24546,1045,1194.3,1222.5,0.07,-0.02,0.07,0,12.07
24547,1045,1194.3,1222.5,0.07,-0.02,0.07,0,14.41
24603,1047,975.0,1058.0,0.00,0.00,0.00,0,12.01
24604,1047,973.4,1059.0,-0.04,0.02,0.05,0,7.48
24605,1047,973.4,1059.0,-0.04,0.02,0.05,0,9.52
24607,1047,973.3,1059.0,-0.04,0.02,0.05,0,13.29
24608,1047,973.3,1059.0,-0.04,0.02,0.05,0,15.46
24646,1048,450.0,1075.0,0.00,0.00,0.00,0,12.01
24647,1048,450.0,1075.0,0.00,0.00,0.00,0,7.48
24647,1049,441.0,1065.0,0.00,0.00,0.00,0,12.01
24648,1048,447.9,1072.7,-0.14,-0.15,0.20,0,6.31
24650,1048,447.9,1072.6,-0.14,-0.15,0.20,0,9.95
24651,1048,447.9,1072.6,-0.14,-0.15,0.20,0,12.13
24652,1048,447.9,1072.6,-0.14,-0.15,0.20,0,14.52
24729,1050,1171.0,1220.0,0.00,0.00,0.00,0,12.01
24730,1050,1171.0,1220.7,0.00,0.02,0.02,0,7.47
24730,1051,1169.0,1212.0,0.00,0.00,0.00,0,12.01
24731,1050,1170.7,1218.9,-0.02,-0.10,0.10,0,6.31
24731,1051,1167.4,1210.0,-0.04,-0.05,0.06,0,7.47
24733,1050,1170.7,1218.9,-0.02,-0.10,0.10,0,9.97
24733,1051,1167.4,1210.0,-0.04,-0.05,0.06,0,10.87
24734,1050,1170.7,1218.9,-0.02,-0.10,0.10,0,12.14
24734,1051,1167.3,1210.0,-0.04,-0.05,0.06,0,13.01
24735,1050,1170.7,1218.9,-0.02,-0.10,0.10,0,14.49
24735,1051,1167.3,1210.0,-0.04,-0.05,0.06,0,15.31
24770,1052,1401.0,642.0,0.00,0.00,0.00,0,12.01
24771,1052,1401.0,642.0,0.00,0.00,0.00,0,7.48
24772,1052,1401.0,642.0,0.00,0.00,0.00,0,9.52
24774,1052,1401.0,642.0,0.00,0.00,0.00,0,13.32
24775,1052,1401.0,642.0,0.00,0.00,0.00,0,15.46
24808,1055,1100.0,1044.0,0.00,0.00,0.00,0,12.04
24808,1056,1114.0,1055.0,0.00,0.00,0.00,0,12.04
24808,1057,1194.0,1305.0,0.00,0.00,0.00,0,12.04
24809,1055,1100.0,1044.3,0.00,0.02,0.02,0,7.48
24809,1056,1106.8,1050.4,-0.37,-0.24,0.44,0,7.48
24809,1057,1194.0,1305.0,0.00,0.00,0.00,0,14.08
24810,1055,1098.2,1043.5,-0.14,-0.05,0.15,0,6.32
24810,1057,1194.0,1305.0,0.00,0.00,0.00,0,16.15
24812,1055,1098.2,1043.5,-0.14,-0.05,0.15,0,10.04
24812,1057,1194.0,1305.0,0.00,0.00,0.00,0,20.21
24813,1055,1098.2,1043.5,-0.14,-0.05,0.15,0,12.18
24814,1055,1098.2,1043.5,-0.14,-0.05,0.15,0,14.54
24846,1058,1110.0,898.0,0.00,0.00,0.00,0,12.03
24847,1058,1110.0,898.0,0.00,0.00,0.00,0,7.48
24847,1059,1105.0,889.0,0.00,0.00,0.00,0,12.01
24848,1058,1109.0,896.2,-0.07,-0.13,0.15,0,6.29
24848,1059,1103.0,887.0,-0.04,-0.04,0.06,0,7.46
24850,1058,1109.0,896.2,-0.07,-0.13,0.15,0,9.76
24850,1059,1103.0,887.0,-0.04,-0.04,0.06,0,10.66
24851,1058,1109.0,896.2,-0.07,-0.13,0.15,0,11.97
24851,1059,1103.0,887.0,-0.04,-0.04,0.06,0,12.84
24852,1058,1108.9,896.2,-0.07,-0.13,0.15,0,14.30
24852,1059,1103.0,887.0,-0.04,-0.04,0.06,0,15.12
24883,1060,727.0,592.0,0.00,0.00,0.00,0,12.01
24884,1060,727.0,592.3,0.00,0.01,0.01,0,7.48
24884,1061,722.0,597.0,0.00,0.00,0.00,0,12.01
24885,1060,726.0,593.3,-0.08,0.08,0.11,0,6.31
24887,1060,725.9,593.3,-0.08,0.08,0.11,0,9.95
24888,1060,725.9,593.3,-0.08,0.08,0.11,0,12.10
24889,1060,725.9,593.3,-0.08,0.08,0.11,0,14.50
24952,1062,638.0,1044.0,0.00,0.00,0.00,0,12.01
24953,1062,638.0,1044.3,0.00,0.01,0.01,0,7.47
24954,1062,638.8,1042.7,0.05,-0.10,0.11,0,6.30
24956,1062,638.8,1042.7,0.05,-0.10,0.11,0,9.94
24957,1062,638.8,1042.7,0.05,-0.10,0.11,0,12.13
24958,1062,638.8,1042.7,0.05,-0.10,0.11,0,14.48
24997,1063,902.0,1263.0,0.00,0.00,0.00,0,12.01
24998,1063,902.0,1263.0,0.00,0.00,0.00,0,14.04
24999,1063,898.1,1264.4,-0.17,0.06,0.19,0,7.87
25001,1063,898.1,1264.4,-0.17,0.06,0.19,0,11.54
25002,1063,898.1,1264.4,-0.17,0.06,0.19,0,13.68
25003,1063,898.1,1264.4,-0.17,0.06,0.19,0,16.04
25048,1064,1162.0,1326.0,0.00,0.00,0.00,0,12.01
25049,1064,1162.0,1326.0,0.00,0.00,0.00,0,14.04
25050,1064,1163.8,1326.0,0.08,0.00,0.08,0,7.87
25052,1064,1163.8,1326.0,0.08,0.00,0.08,0,11.52
25053,1064,1163.8,1326.0,0.08,0.00,0.08,0,13.69
25054,1064,1163.8,1326.0,0.08,0.00,0.08,0,16.03
25144,1065,861.0,1111.0,0.00,0.00,0.00,0,12.01
25145,1065,861.0,1112.0,0.00,0.02,0.02,0,7.48
25145,1066,862.0,1103.0,0.00,0.00,0.00,0,12.01
25146,1065,861.3,1110.2,0.02,-0.09,0.10,0,6.30
25148,1065,861.3,1110.2,0.02,-0.09,0.10,0,9.94
25149,1065,861.3,1110.2,0.02,-0.09,0.10,0,12.13
25150,1065,861.3,1110.2,0.02,-0.09,0.10,0,14.47
25181,1068,1169.0,1234.0,0.00,0.00,0.00,0,12.01
25181,1069,1159.0,1238.0,0.00,0.00,0.00,0,12.01
25183,1070,1183.0,1224.0,0.00,0.00,0.00,0,12.01
25183,1071,1175.0,1230.0,0.00,0.00,0.00,0,12.01
25184,1070,1182.7,1224.3,-0.01,0.01,0.01,0,7.47
25184,1071,1179.3,1225.7,0.10,-0.10,0.14,0,7.47
25185,1070,1183.5,1222.7,0.05,-0.09,0.10,0,6.30
25187,1070,1183.5,1222.7,0.05,-0.09,0.10,0,9.95
25188,1070,1183.5,1222.7,0.05,-0.09,0.10,0,12.12
25189,1070,1183.5,1222.7,0.05,-0.09,0.10,0,14.46
25221,1072,1009.0,1007.0,0.00,0.00,0.00,0,12.03
25222,1072,1012.0,1009.0,0.13,0.09,0.16,0,7.48
25223,1072,1013.3,1009.7,0.22,0.14,0.26,0,6.29
25223,1073,1027.0,1018.0,0.00,0.00,0.00,0,12.00
25225,1072,1013.3,1009.8,0.22,0.14,0.26,0,9.77
25225,1073,1027.0,1018.0,0.00,0.00,0.00,0,14.98
25226,1072,1013.3,1009.8,0.22,0.14,0.26,0,11.97
25226,1073,1027.0,1018.0,0.00,0.00,0.00,0,17.13
25227,1072,1013.3,1009.8,0.22,0.14,0.26,0,14.35
25227,1073,1027.0,1018.0,0.00,0.00,0.00,0,19.40
25272,1074,1286.0,1177.0,0.00,0.00,0.00,0,12.01
25273,1074,1287.3,1176.7,0.03,-0.01,0.03,0,7.48
25273,1075,764.0,1236.0,0.00,0.00,0.00,0,12.01
25274,1074,1287.3,1176.7,0.03,-0.01,0.03,0,9.52
25274,1075,764.0,1236.7,0.00,0.02,0.02,0,7.48
25276,1074,1287.3,1176.7,0.03,-0.01,0.03,0,13.28
25276,1075,764.0,1236.7,0.00,0.02,0.02,0,10.85
25277,1074,1287.3,1176.7,0.03,-0.01,0.03,0,15.46
25277,1075,764.0,1236.7,0.00,0.02,0.02,0,13.00
25278,1075,764.0,1236.7,0.00,0.02,0.02,0,15.30
25326,1076,792.0,1262.0,0.00,0.00,0.00,0,12.01
25327,1076,792.3,1262.0,0.01,0.00,0.01,0,7.48
25327,1077,783.0,1264.0,0.00,0.00,0.00,0,12.01
25328,1076,790.4,1262.5,-0.12,0.03,0.12,0,6.31
25328,1077,779.4,1265.3,-0.09,0.03,0.10,0,7.47
25330,1076,790.4,1262.5,-0.12,0.03,0.12,0,9.99
25330,1077,779.4,1265.3,-0.09,0.03,0.10,0,10.88
25331,1076,790.4,1262.5,-0.12,0.03,0.12,0,12.13
25331,1077,779.4,1265.3,-0.09,0.03,0.10,0,13.00
25332,1076,790.4,1262.5,-0.12,0.03,0.12,0,14.48
25332,1077,779.4,1265.3,-0.09,0.03,0.10,0,15.30
25364,1078,1355.0,1101.0,0.00,0.00,0.00,0,12.04
25365,1078,1354.3,1101.0,-0.03,0.00,0.03,0,7.48
25366,1078,1353.0,1100.7,-0.14,-0.02,0.14,0,6.29
25366,1079,708.0,367.0,0.00,0.00,0.00,0,12.00
25366,1080,696.0,369.0,0.00,0.00,0.00,0,12.00
25368,1078,1352.9,1100.7,-0.14,-0.02,0.14,0,9.80
25368,1079,708.0,367.0,0.00,0.00,0.00,0,14.99
25368,1080,696.0,369.0,0.00,0.00,0.00,0,14.99
25369,1078,1352.9,1100.7,-0.14,-0.02,0.14,0,11.88
25369,1079,708.0,367.0,0.00,0.00,0.00,0,17.05
25369,1080,696.0,369.0,0.00,0.00,0.00,0,17.05
25370,1078,1352.9,1100.7,-0.14,-0.02,0.14,0,14.21
25370,1079,708.0,367.0,0.00,0.00,0.00,0,19.28
25370,1080,696.0,369.0,0.00,0.00,0.00,0,19.28
25403,1081,804.0,1189.0,0.00,0.00,0.00,0,12.01
25405,1083,783.0,1188.0,0.00,0.00,0.00,0,12.01
25405,1084,794.0,1188.0,0.00,0.00,0.00,0,12.01
25406,1083,783.7,1188.0,0.02,0.00,0.02,0,7.47
25406,1084,787.4,1188.7,-0.16,0.02,0.16,0,7.47
25407,1083,781.4,1188.5,-0.13,0.03,0.13,0,6.30
25409,1083,781.4,1188.5,-0.13,0.03,0.13,0,9.94
25410,1083,781.4,1188.5,-0.13,0.03,0.13,0,12.12
25411,1083,781.4,1188.5,-0.13,0.03,0.13,0,14.46
25442,1085,924.0,439.0,0.00,0.00,0.00,0,12.01
25442,1086,790.0,802.0,0.00,0.00,0.00,0,12.01
25444,1088,785.0,802.0,0.00,0.00,0.00,0,12.01
25444,1089,777.0,805.0,0.00,0.00,0.00,0,12.01
25444,1090,929.0,1243.0,0.00,0.00,0.00,0,12.01
25445,1088,782.7,802.7,-0.05,0.01,0.05,0,7.47
25445,1089,775.0,806.3,-0.04,0.03,0.05,0,7.47
25445,1090,929.3,1242.7,0.01,-0.01,0.01,0,7.47
25445,1091,1413.0,972.0,0.00,0.00,0.00,0,12.01
25445,1092,757.0,1053.0,0.00,0.00,0.00,0,12.01
25445,1093,919.0,1248.0,0.00,0.00,0.00,0,12.01
25446,1088,779.7,803.8,-0.24,0.08,0.25,0,6.31
25446,1090,926.9,1243.8,-0.14,0.06,0.16,0,6.31
25448,1088,779.6,803.8,-0.24,0.08,0.25,0,9.93
25448,1090,926.9,1243.8,-0.14,0.06,0.16,0,9.93
25449,1088,779.6,803.8,-0.24,0.08,0.25,0,12.13
25449,1090,926.9,1243.8,-0.14,0.06,0.16,0,12.13
25450,1088,779.6,803.8,-0.24,0.08,0.25,0,14.47
25450,1090,926.9,1243.8,-0.14,0.06,0.16,0,14.47
25481,1096,567.0,779.0,0.00,0.00,0.00,0,12.01
25481,1097,571.0,786.0,0.00,0.00,0.00,0,12.01
25483,1098,560.0,766.0,0.00,0.00,0.00,0,12.01
25483,1099,565.0,774.0,0.00,0.00,0.00,0,12.01
25484,1098,560.0,766.3,0.00,0.01,0.01,0,7.47
25484,1099,561.7,768.8,-0.08,-0.12,0.14,0,7.47
25485,1098,559.0,764.4,-0.06,-0.11,0.12,0,6.30
25487,1098,559.0,764.4,-0.06,-0.11,0.12,0,9.93
25488,1098,559.0,764.4,-0.06,-0.11,0.12,0,12.12
25489,1098,559.0,764.4,-0.06,-0.11,0.12,0,14.46
25539,1100,1045.0,1190.0,0.00,0.00,0.00,0,12.01
25540,1100,1045.3,1190.3,0.01,0.01,0.01,0,7.47
25540,1101,1035.0,1186.0,0.00,0.00,0.00,0,12.01
25541,1100,1042.7,1189.0,-0.16,-0.08,0.18,0,6.31
25541,1101,1035.0,1186.0,0.00,0.00,0.00,0,14.04
25543,1100,1042.6,1188.9,-0.16,-0.08,0.18,0,9.98
25543,1101,1035.0,1186.0,0.00,0.00,0.00,0,17.53
25544,1100,1042.6,1188.9,-0.16,-0.08,0.18,0,12.13
25544,1101,1035.0,1186.0,0.00,0.00,0.00,0,19.66
25545,1100,1042.6,1188.9,-0.16,-0.08,0.18,0,14.49
25582,1102,726.0,1093.0,0.00,0.00,0.00,0,12.01
25583,1102,725.3,1095.0,-0.02,0.05,0.05,0,7.47
25584,1102,724.2,1097.3,-0.09,0.20,0.22,0,6.31
25586,1102,724.2,1097.3,-0.09,0.20,0.22,0,9.97
25587,1102,724.2,1097.3,-0.09,0.20,0.22,0,12.13
25588,1102,724.2,1097.4,-0.09,0.20,0.22,0,14.52
25636,1103,1189.0,1340.0,0.00,0.00,0.00,0,12.01
25637,1103,1189.0,1340.0,0.00,0.00,0.00,0,14.04
25638,1103,1189.0,1340.0,0.00,0.00,0.00,0,16.08
25640,1103,1189.0,1340.0,0.00,0.00,0.00,0,19.99
25673,1104,948.0,1050.0,0.00,0.00,0.00,0,12.01
25674,1104,948.0,1050.0,0.00,0.00,0.00,0,14.04
25675,1104,948.0,1050.0,0.00,0.00,0.00,0,16.09
25677,1104,948.0,1050.0,0.00,0.00,0.00,0,19.95
25765,1105,497.0,1106.0,0.00,0.00,0.00,0,12.01
25766,1105,497.3,1106.0,0.01,0.00,0.01,0,7.48
25766,1106,510.0,1104.0,0.00,0.00,0.00,0,12.01
25767,1105,500.3,1105.5,0.21,-0.03,0.21,0,6.31
25769,1105,500.4,1105.5,0.21,-0.03,0.21,0,9.97
25770,1105,500.4,1105.5,0.21,-0.03,0.21,0,12.13
25771,1105,500.4,1105.5,0.21,-0.03,0.21,0,14.52
25808,1107,1313.0,1043.0,0.00,0.00,0.00,0,12.01
25809,1107,1313.0,1043.0,0.00,0.00,0.00,0,14.04
25810,1107,1307.0,1054.6,-0.29,0.55,0.62,0,7.87
25812,1107,1307.0,1054.7,-0.29,0.55,0.62,0,11.58
25813,1107,1307.0,1054.7,-0.29,0.55,0.62,0,13.68
25814,1107,1306.9,1054.8,-0.29,0.55,0.62,0,16.10
25860,1108,1104.0,1307.0,0.00,0.00,0.00,0,12.01
25861,1108,1104.0,1307.0,0.00,0.00,0.00,0,14.04
25862,1108,1104.0,1307.0,0.00,0.00,0.00,0,16.09
25864,1108,1104.0,1307.0,0.00,0.00,0.00,0,19.96
25937,1109,1166.0,975.0,0.00,0.00,0.00,0,12.01
25939,1111,1147.0,963.0,0.00,0.00,0.00,0,12.01
25939,1112,1156.0,969.0,0.00,0.00,0.00,0,12.01
25940,1111,1147.3,963.0,0.01,0.00,0.01,0,7.47
25940,1112,1156.0,969.0,0.00,0.00,0.00,0,14.04
25941,1111,1147.3,963.0,0.01,0.00,0.01,0,9.52
25943,1111,1147.3,963.0,0.01,0.00,0.01,0,13.34
25944,1111,1147.3,963.0,0.01,0.00,0.01,0,15.47
25976,1113,502.0,1187.0,0.00,0.00,0.00,0,12.01
25977,1113,502.0,1187.0,0.00,0.00,0.00,0,14.08
25978,1113,502.0,1187.0,0.00,0.00,0.00,0,16.13
25980,1113,502.0,1187.0,0.00,0.00,0.00,0,20.03
26014,1117,1563.0,753.0,0.00,0.00,0.00,0,12.04
26014,1118,1558.0,760.0,0.00,0.00,0.00,0,12.04
26014,1119,438.0,1013.0,0.00,0.00,0.00,0,12.04
26014,1120,430.0,1021.0,0.00,0.00,0.00,0,12.04
26015,1117,1561.7,755.0,-0.07,0.11,0.13,0,7.49
26015,1118,1557.7,761.6,-0.02,0.09,0.09,0,7.49
26015,1119,438.0,1013.0,0.00,0.00,0.00,0,14.09
26015,1120,430.0,1021.0,0.00,0.00,0.00,0,14.09
26016,1117,1560.5,757.3,-0.17,0.30,0.34,0,6.31
26016,1119,438.0,1013.0,0.00,0.00,0.00,0,16.15
26018,1117,1560.4,757.4,-0.17,0.30,0.34,0,10.04
26018,1119,438.0,1013.0,0.00,0.00,0.00,0,20.24
26019,1117,1560.4,757.4,-0.17,0.30,0.34,0,12.15
26020,1117,1560.4,757.4,-0.17,0.30,0.34,0,14.50
26164,1121,1015.0,1031.0,0.00,0.00,0.00,0,12.01
26165,1121,1015.3,1030.7,0.01,-0.01,0.01,0,7.47
26165,1122,1010.0,1035.0,0.00,0.00,0.00,0,12.01
26166,1121,1014.2,1031.5,-0.06,0.05,0.08,0,6.31
26168,1121,1014.2,1031.5,-0.06,0.05,0.08,0,9.97
26169,1121,1014.2,1031.5,-0.06,0.05,0.08,0,12.13
26170,1121,1014.2,1031.5,-0.06,0.05,0.08,0,14.48
26252,1123,1022.0,1226.0,0.00,0.00,0.00,0,12.01
26255,1125,1030.0,1224.0,0.00,0.00,0.00,0,12.01
26255,1126,1030.0,1232.0,0.00,0.00,0.00,0,12.01
26274,1127,1045.0,1253.0,0.00,0.00,0.00,0,12.01
26275,1127,1047.3,1256.6,0.06,0.09,0.10,0,7.47
26276,1127,1050.3,1260.8,0.25,0.36,0.44,0,6.31
26278,1127,1050.4,1260.9,0.25,0.36,0.44,0,9.98
26279,1127,1050.4,1260.9,0.25,0.36,0.44,0,12.12
26280,1127,1050.4,1260.9,0.25,0.36,0.44,0,14.52
26311,1128,1551.0,878.0,0.00,0.00,0.00,0,12.01
26312,1128,1551.0,878.0,0.00,0.00,0.00,0,14.08
26312,1129,446.0,680.0,0.00,0.00,0.00,0,12.03
26313,1128,1551.0,878.0,0.00,0.00,0.00,0,16.14
26315,1128,1551.0,878.0,0.00,0.00,0.00,0,20.13
26350,1130,1234.0,1234.0,0.00,0.00,0.00,0,12.01
26351,1130,1234.0,1234.0,0.00,0.00,0.00,0,14.02
26352,1130,1234.0,1234.0,0.00,0.00,0.00,0,7.85
26354,1130,1234.0,1234.0,0.00,0.00,0.00,0,11.35
26355,1130,1234.0,1234.0,0.00,0.00,0.00,0,13.55
26356,1130,1234.0,1234.0,0.00,0.00,0.00,0,15.88
26391,1131,556.0,582.0,0.00,0.00,0.00,0,12.01
26392,1131,557.0,581.3,0.02,-0.02,0.03,0,7.47
26393,1131,557.8,580.5,0.07,-0.07,0.10,0,6.31
26393,1132,1195.0,964.0,0.00,0.00,0.00,0,12.01
26395,1131,557.8,580.5,0.07,-0.07,0.10,0,9.96
26395,1132,1195.0,964.0,0.00,0.00,0.00,0,15.13
26396,1131,557.8,580.5,0.07,-0.07,0.10,0,12.13
26396,1132,1195.0,964.0,0.00,0.00,0.00,0,17.25
26397,1131,557.8,580.5,0.07,-0.07,0.10,0,14.53
26397,1132,1195.0,964.0,0.00,0.00,0.00,0,19.53
26533,1133,1189.0,1360.0,0.00,0.00,0.00,0,12.01
26534,1133,1188.0,1356.4,-0.02,-0.09,0.09,0,7.47
26535,1133,1188.0,1356.4,-0.02,-0.09,0.09,0,9.52
26537,1133,1188.0,1356.4,-0.02,-0.09,0.09,0,13.31
26538,1133,1188.0,1356.4,-0.02,-0.09,0.09,0,15.47
26579,1134,580.0,1170.0,0.00,0.00,0.00,0,12.01
26580,1134,580.3,1170.0,0.01,0.00,0.01,0,7.52
26581,1134,580.3,1170.0,0.01,0.00,0.01,0,9.58
26583,1134,580.3,1170.0,0.01,0.00,0.01,0,13.54
26584,1134,580.3,1170.0,0.01,0.00,0.01,0,15.70
26617,1137,727.0,1050.0,0.00,0.00,0.00,0,12.01
26617,1138,719.0,1050.0,0.00,0.00,0.00,0,12.01
26618,1137,726.7,1049.7,-0.01,-0.01,0.01,0,7.47
26618,1138,723.9,1051.0,0.14,0.03,0.14,0,7.47
26619,1137,728.3,1050.3,0.10,0.03,0.10,0,6.31
26621,1137,728.3,1050.3,0.10,0.03,0.10,0,9.97
26622,1137,728.3,1050.3,0.10,0.03,0.10,0,12.11
26623,1137,728.3,1050.3,0.10,0.03,0.10,0,14.45
26654,1139,668.0,1191.0,0.00,0.00,0.00,0,12.01
26655,1139,669.3,1191.3,0.03,0.01,0.03,0,7.48
26656,1139,670.5,1191.8,0.12,0.04,0.13,0,6.31
26656,1140,681.0,1197.0,0.00,0.00,0.00,0,12.01
26658,1139,670.6,1191.8,0.12,0.04,0.13,0,9.98
26658,1140,681.0,1197.0,0.00,0.00,0.00,0,15.12
26659,1139,670.6,1191.8,0.12,0.04,0.13,0,12.10
26659,1140,681.0,1197.0,0.00,0.00,0.00,0,17.21
26660,1139,670.6,1191.8,0.12,0.04,0.13,0,14.50
26660,1140,681.0,1197.0,0.00,0.00,0.00,0,19.49
26734,1141,1146.0,847.0,0.00,0.00,0.00,0,12.01
26735,1141,1146.0,847.0,0.00,0.00,0.00,0,14.04
26736,1141,1146.0,847.0,0.00,0.00,0.00,0,16.09
26738,1141,1146.0,847.0,0.00,0.00,0.00,0,19.98
26787,1142,903.0,763.0,0.00,0.00,0.00,0,12.01
26788,1142,902.7,763.3,-0.01,0.01,0.01,0,7.48
26788,1143,907.0,757.0,0.00,0.00,0.00,0,12.01
26789,1142,903.8,762.0,0.06,-0.08,0.10,0,6.31
26789,1143,908.6,755.7,0.04,-0.03,0.05,0,7.48
26791,1142,903.8,761.9,0.06,-0.08,0.10,0,9.96
26791,1143,908.6,755.7,0.04,-0.03,0.05,0,10.85
26792,1142,903.8,761.9,0.06,-0.08,0.10,0,12.14
26792,1143,908.7,755.7,0.04,-0.03,0.05,0,13.01
26793,1142,903.8,761.9,0.06,-0.08,0.10,0,14.46
26793,1143,908.7,755.7,0.04,-0.03,0.05,0,15.28
26825,1144,384.0,644.0,0.00,0.00,0.00,0,12.01
26825,1145,388.0,655.0,0.00,0.00,0.00,0,12.01
26888,1146,515.0,423.0,0.00,0.00,0.00,0,12.01
26892,1148,512.0,433.0,0.00,0.00,0.00,0,12.01
26893,1148,510.4,433.3,-0.04,0.01,0.04,0,7.47
26894,1148,508.0,433.2,-0.20,0.00,0.20,0,6.31
26896,1148,507.9,433.2,-0.20,0.00,0.20,0,9.98
26897,1148,507.9,433.2,-0.20,0.00,0.20,0,12.13
26898,1148,507.9,433.2,-0.20,0.00,0.20,0,14.47
26929,1149,916.0,964.0,0.00,0.00,0.00,0,12.01
26929,1150,920.0,974.0,0.00,0.00,0.00,0,12.01
26930,1149,917.3,966.3,0.03,0.06,0.07,0,7.50
26930,1150,921.3,976.3,0.03,0.06,0.07,0,7.50
26931,1149,918.8,969.3,0.17,0.35,0.39,0,6.31
26933,1149,918.8,969.4,0.17,0.35,0.39,0,9.99
26934,1149,918.8,969.4,0.17,0.35,0.39,0,12.01
26935,1149,918.8,969.4,0.17,0.35,0.39,0,14.36
26982,1151,530.0,519.0,0.00,0.00,0.00,0,12.01
26983,1151,530.0,519.0,0.00,0.00,0.00,0,14.04
26984,1151,530.0,519.0,0.00,0.00,0.00,0,16.08
26986,1151,530.0,519.0,0.00,0.00,0.00,0,19.96
27048,1152,1343.0,1073.0,0.00,0.00,0.00,0,12.01
27049,1152,1343.0,1073.0,0.00,0.00,0.00,0,7.48
27050,1152,1343.0,1073.0,0.00,0.00,0.00,0,9.52
27052,1152,1343.0,1073.0,0.00,0.00,0.00,0,13.32
27053,1152,1343.0,1073.0,0.00,0.00,0.00,0,15.47
27089,1153,540.0,459.0,0.00,0.00,0.00,0,12.00
27090,1153,540.0,459.0,0.00,0.00,0.00,0,14.02
27091,1153,540.0,459.0,0.00,0.00,0.00,0,16.07
27093,1153,540.0,459.0,0.00,0.00,0.00,0,19.93
27186,1156,1088.0,339.0,0.00,0.00,0.00,0,12.01
27187,1156,1088.0,339.0,0.00,0.00,0.00,0,14.04
27188,1156,1088.0,339.0,0.00,0.00,0.00,0,16.09
27190,1156,1088.0,339.0,0.00,0.00,0.00,0,19.94
27223,1157,1406.0,1127.0,0.00,0.00,0.00,0,12.01
27223,1158,960.0,1131.0,0.00,0.00,0.00,0,12.01
27223,1159,951.0,1134.0,0.00,0.00,0.00,0,12.01
27224,1157,1406.0,1127.0,0.00,0.00,0.00,0,14.04
27224,1158,957.4,1132.0,-0.07,0.02,0.07,0,7.48
27224,1159,951.0,1134.0,0.00,0.00,0.00,0,14.04
27225,1158,950.1,1133.5,-0.59,0.14,0.61,0,6.31
27225,1157,1406.0,1127.0,0.00,0.00,0.00,0,16.09
27227,1158,949.9,1133.6,-0.59,0.14,0.61,0,10.00
27227,1157,1406.0,1127.0,0.00,0.00,0.00,0,20.02
27228,1158,949.9,1133.6,-0.59,0.14,0.61,0,12.11
27229,1158,949.9,1133.6,-0.59,0.14,0.61,0,14.52
27269,1160,742.0,956.0,0.00,0.00,0.00,0,12.01
27270,1160,742.0,956.7,0.00,0.02,0.02,0,7.48
27271,1160,742.0,956.7,0.00,0.02,0.02,0,9.51
27273,1160,742.0,956.7,0.00,0.02,0.02,0,13.27
27274,1160,742.0,956.7,0.00,0.02,0.02,0,15.45
27307,1163,637.0,1182.0,0.00,0.00,0.00,0,12.01
27308,1163,637.0,1182.0,0.00,0.00,0.00,0,14.04
27309,1163,637.0,1182.0,0.00,0.00,0.00,0,16.09
27311,1163,637.0,1182.0,0.00,0.00,0.00,0,19.93
27403,1164,1319.0,1213.0,0.00,0.00,0.00,0,12.01
27404,1164,1319.0,1213.0,0.00,0.00,0.00,0,14.04
27405,1164,1319.0,1213.0,0.00,0.00,0.00,0,16.09
27407,1164,1319.0,1213.0,0.00,0.00,0.00,0,19.96
27440,1165,956.0,791.0,0.00,0.00,0.00,0,12.01
27441,1165,956.3,790.0,0.01,-0.02,0.03,0,7.48
27442,1165,956.8,789.2,0.04,-0.08,0.09,0,6.31
27442,1166,1281.0,410.0,0.00,0.00,0.00,0,12.01
27444,1165,956.8,789.2,0.04,-0.08,0.09,0,9.96
27444,1166,1281.0,410.0,0.00,0.00,0.00,0,15.11
27445,1165,956.8,789.2,0.04,-0.08,0.09,0,12.11
27445,1166,1281.0,410.0,0.00,0.00,0.00,0,17.22
27446,1165,956.8,789.2,0.04,-0.08,0.09,0,14.45
27446,1166,1281.0,410.0,0.00,0.00,0.00,0,19.46
27478,1169,1141.0,711.0,0.00,0.00,0.00,0,12.01
27479,1169,1141.0,711.0,0.00,0.00,0.00,0,14.04
27480,1169,1141.0,711.0,0.00,0.00,0.00,0,16.09
27482,1169,1141.0,711.0,0.00,0.00,0.00,0,19.98
27515,1170,1299.0,553.0,0.00,0.00,0.00,0,12.01
27515,1171,1202.0,1204.0,0.00,0.00,0.00,0,12.01
27517,1174,402.0,984.0,0.00,0.00,0.00,0,12.01
27518,1174,401.7,984.7,-0.01,0.01,0.01,0,7.46
27518,1175,396.0,991.0,0.00,0.00,0.00,0,12.00
27519,1174,400.5,986.3,-0.05,0.07,0.09,0,6.28
27521,1174,400.5,986.3,-0.05,0.07,0.09,0,9.75
27522,1174,400.5,986.3,-0.05,0.07,0.09,0,11.94
27523,1174,400.5,986.3,-0.05,0.07,0.09,0,14.25
27559,1176,1198.0,1115.0,0.00,0.00,0.00,0,12.01
27560,1176,1194.4,1114.7,-0.09,-0.01,0.09,0,7.48
27561,1176,1192.5,1114.5,-0.22,-0.02,0.22,0,6.31
27563,1176,1192.4,1114.5,-0.22,-0.02,0.22,0,9.98
27564,1176,1192.4,1114.5,-0.22,-0.02,0.22,0,12.14
27565,1176,1192.4,1114.5,-0.22,-0.02,0.22,0,14.47
27596,1177,1023.0,966.0,0.00,0.00,0.00,0,12.01
27596,1178,1028.0,973.0,0.00,0.00,0.00,0,12.01
27598,1180,1019.0,964.0,0.00,0.00,0.00,0,12.01
27598,1181,967.0,1105.0,0.00,0.00,0.00,0,12.01
27598,1182,933.0,1169.0,0.00,0.00,0.00,0,12.01
27598,1183,757.0,1244.0,0.00,0.00,0.00,0,12.01
27599,1180,1019.0,964.0,0.00,0.00,0.00,0,14.02
27599,1181,967.3,1105.3,0.01,0.01,0.01,0,7.46
27599,1182,933.3,1169.3,0.01,0.01,0.01,0,7.46
27599,1183,756.7,1243.7,-0.01,-0.01,0.01,0,7.46
27599,1184,929.0,1052.0,0.00,0.00,0.00,0,12.00
27599,1185,965.0,1099.0,0.00,0.00,0.00,0,12.00
27599,1186,925.0,1164.0,0.00,0.00,0.00,0,12.00
27599,1187,767.0,1252.0,0.00,0.00,0.00,0,12.00
27600,1181,967.0,1104.0,-0.01,-0.06,0.06,0,6.28
27600,1182,931.4,1168.2,-0.08,-0.04,0.09,0,6.28
27600,1183,759.3,1245.6,0.12,0.08,0.14,0,6.28
27600,1180,1019.0,964.0,0.00,0.00,0.00,0,16.04
27602,1181,967.0,1103.9,-0.01,-0.06,0.06,0,9.71
27602,1182,931.4,1168.2,-0.08,-0.04,0.09,0,9.71
27602,1183,759.4,1245.6,0.12,0.08,0.14,0,9.71
27602,1180,1019.0,964.0,0.00,0.00,0.00,0,19.62
27603,1181,967.0,1103.9,-0.01,-0.06,0.06,0,11.96
27603,1182,931.4,1168.2,-0.08,-0.04,0.09,0,11.96
27603,1183,759.4,1245.6,0.12,0.08,0.14,0,11.96
27604,1181,967.0,1103.9,-0.01,-0.06,0.06,0,14.28
27604,1182,931.4,1168.2,-0.08,-0.04,0.09,0,14.28
27604,1183,759.4,1245.6,0.12,0.08,0.14,0,14.28
27635,1188,597.0,780.0,0.00,0.00,0.00,0,12.01
27636,1188,599.0,780.3,0.05,0.01,0.05,0,7.48
27637,1188,599.0,780.3,0.05,0.01,0.05,0,9.52
27639,1188,599.0,780.3,0.05,0.01,0.05,0,13.30
27640,1188,599.0,780.3,0.05,0.01,0.05,0,15.46
27673,1194,703.0,529.0,0.00,0.00,0.00,0,12.03
27673,1195,707.0,542.0,0.00,0.00,0.00,0,12.03
27673,1196,623.0,1088.0,0.00,0.00,0.00,0,12.03
27673,1197,624.0,1098.0,0.00,0.00,0.00,0,12.03
27673,1198,650.0,1311.0,0.00,0.00,0.00,0,12.03
27674,1194,701.7,525.1,-0.06,-0.19,0.20,0,7.48
27674,1195,707.0,542.0,0.00,0.00,0.00,0,14.07
27674,1196,623.0,1088.0,0.00,0.00,0.00,0,14.07
27674,1197,624.0,1098.0,0.00,0.00,0.00,0,14.07
27674,1198,650.0,1311.7,0.00,0.03,0.03,0,7.48
27674,1199,646.0,1304.0,0.00,0.00,0.00,0,12.01
27675,1194,701.0,523.0,-0.11,-0.34,0.36,0,6.29
27675,1196,623.7,1087.6,0.04,-0.02,0.05,0,7.86
27675,1198,649.2,1310.2,-0.06,-0.08,0.10,0,6.29
27677,1194,701.0,522.9,-0.11,-0.34,0.36,0,9.81
27677,1196,623.7,1087.6,0.04,-0.02,0.05,0,11.40
27677,1198,649.2,1310.2,-0.06,-0.08,0.10,0,9.81
27678,1194,701.0,522.9,-0.11,-0.34,0.36,0,11.93
27678,1196,623.7,1087.6,0.04,-0.02,0.05,0,13.52
27678,1198,649.2,1310.2,-0.06,-0.08,0.10,0,11.93
27679,1194,701.0,522.9,-0.11,-0.34,0.36,0,14.30
27679,1196,623.7,1087.6,0.04,-0.02,0.05,0,15.90
27679,1198,649.2,1310.2,-0.06,-0.08,0.10,0,14.30
27710,1200,915.0,632.0,0.00,0.00,0.00,0,12.01
27710,1201,924.0,632.0,0.00,0.00,0.00,0,12.01
27710,1202,671.0,977.0,0.00,0.00,0.00,0,12.01
27712,1204,661.0,961.0,0.00,0.00,0.00,0,12.01
27712,1205,668.0,971.0,0.00,0.00,0.00,0,12.01
27713,1204,661.0,961.0,0.00,0.00,0.00,0,14.02
27713,1205,668.0,971.0,0.00,0.00,0.00,0,14.02
27714,1204,661.0,961.0,0.00,0.00,0.00,0,16.04
27716,1204,661.0,961.0,0.00,0.00,0.00,0,19.64
27749,1206,963.0,682.0,0.00,0.00,0.00,0,12.01
27749,1207,1416.0,1117.0,0.00,0.00,0.00,0,12.01
27751,1208,964.0,686.0,0.00,0.00,0.00,0,12.01
27752,1208,964.0,686.0,0.00,0.00,0.00,0,14.02
27753,1208,966.5,690.2,0.08,0.13,0.15,0,7.86
27755,1208,966.5,690.2,0.08,0.13,0.15,0,11.46
27756,1208,966.5,690.2,0.08,0.13,0.15,0,13.60
27757,1208,966.5,690.2,0.08,0.13,0.15,0,15.93
27839,1209,1447.0,732.0,0.00,0.00,0.00,0,12.01
27839,1210,1448.0,742.0,0.00,0.00,0.00,0,12.01
27841,1211,1430.0,723.0,0.00,0.00,0.00,0,12.01
27842,1211,1430.0,723.0,0.00,0.00,0.00,0,14.04
27843,1211,1430.0,723.0,0.00,0.00,0.00,0,16.09
27845,1211,1430.0,723.0,0.00,0.00,0.00,0,20.00
27878,1212,962.0,1133.0,0.00,0.00,0.00,0,12.01
27878,1213,954.0,1141.0,0.00,0.00,0.00,0,12.01
27880,1214,968.0,1131.0,0.00,0.00,0.00,0,12.01
27880,1215,978.0,1132.0,0.00,0.00,0.00,0,12.01
27881,1214,970.9,1131.0,0.06,0.00,0.06,0,7.47
27881,1215,978.0,1132.0,0.00,0.00,0.00,0,14.03
27882,1214,970.9,1131.0,0.06,0.00,0.06,0,9.51
27884,1214,971.0,1131.0,0.06,0.00,0.06,0,13.30
27885,1214,971.0,1131.0,0.06,0.00,0.06,0,15.45
27917,1216,1408.0,1179.0,0.00,0.00,0.00,0,12.01
27918,1216,1407.7,1180.6,-0.01,0.04,0.04,0,7.52
27919,1216,1407.7,1180.6,-0.01,0.04,0.04,0,9.58
27921,1216,1407.7,1180.7,-0.01,0.04,0.04,0,13.53
27922,1216,1407.7,1180.7,-0.01,0.04,0.04,0,15.71
27955,1219,1372.0,1198.0,0.00,0.00,0.00,0,12.02
27956,1219,1372.7,1200.0,0.03,0.08,0.08,0,7.48
27957,1219,1372.7,1200.0,0.03,0.08,0.08,0,9.50
27959,1219,1372.7,1200.0,0.03,0.08,0.08,0,13.12
27960,1219,1372.7,1200.0,0.03,0.08,0.08,0,15.35
28034,1220,800.0,399.0,0.00,0.00,0.00,0,12.01
28036,1222,787.0,387.0,0.00,0.00,0.00,0,12.01
28037,1222,787.0,387.0,0.00,0.00,0.00,0,14.04
28038,1222,787.0,387.0,0.00,0.00,0.00,0,16.09
28040,1222,787.0,387.0,0.00,0.00,0.00,0,19.97
28090,1223,1018.0,1146.0,0.00,0.00,0.00,0,12.01
28091,1223,1018.0,1146.0,0.00,0.00,0.00,0,7.47
28092,1223,1018.0,1146.0,0.00,0.00,0.00,0,9.52
28094,1223,1018.0,1146.0,0.00,0.00,0.00,0,13.35
28095,1223,1018.0,1146.0,0.00,0.00,0.00,0,15.47
28181,1224,1309.0,580.0,0.00,0.00,0.00,0,12.01
28182,1224,1307.7,579.0,-0.03,-0.02,0.04,0,7.48
28183,1224,1307.7,579.0,-0.03,-0.02,0.04,0,9.52
28185,1224,1307.7,579.0,-0.03,-0.02,0.04,0,13.35
28186,1224,1307.7,579.0,-0.03,-0.02,0.04,0,15.46
28238,1225,905.0,605.0,0.00,0.00,0.00,0,12.01
28239,1225,904.0,606.3,-0.02,0.03,0.04,0,7.47
28240,1225,902.7,607.5,-0.11,0.11,0.16,0,6.31
28242,1225,902.7,607.5,-0.11,0.11,0.16,0,9.95
28243,1225,902.7,607.6,-0.11,0.11,0.16,0,12.14
28244,1225,902.7,607.6,-0.11,0.11,0.16,0,14.48
28355,1226,329.0,828.0,0.00,0.00,0.00,0,12.01
28356,1226,325.4,820.8,-0.09,-0.18,0.21,0,7.48
28357,1226,321.9,814.7,-0.32,-0.59,0.67,0,6.31
28359,1226,321.9,814.5,-0.32,-0.59,0.67,0,9.95
28360,1226,321.9,814.5,-0.32,-0.59,0.67,0,12.16
28361,1226,321.8,814.5,-0.32,-0.59,0.67,0,14.48
28397,1227,1441.0,1034.0,0.00,0.00,0.00,0,12.01
28397,1228,1449.0,1046.0,0.00,0.00,0.00,0,12.01
28399,1229,1422.0,1018.0,0.00,0.00,0.00,0,12.01
28399,1230,1433.0,1027.0,0.00,0.00,0.00,0,12.01
28400,1229,1422.3,1018.3,0.01,0.01,0.01,0,7.48
28400,1230,1426.1,1021.8,-0.17,-0.13,0.21,0,7.48
28401,1229,1419.7,1016.7,-0.17,-0.10,0.20,0,6.31
28403,1229,1419.6,1016.7,-0.17,-0.10,0.20,0,10.01
28404,1229,1419.6,1016.7,-0.17,-0.10,0.20,0,12.13
28405,1229,1419.6,1016.7,-0.17,-0.10,0.20,0,14.48
28436,1231,1355.0,971.0,0.00,0.00,0.00,0,12.01
28437,1231,1355.3,972.6,0.01,0.04,0.04,0,7.52
28438,1231,1355.3,972.6,0.01,0.04,0.04,0,9.57
28440,1231,1355.3,972.7,0.01,0.04,0.04,0,13.47
28441,1231,1355.3,972.7,0.01,0.04,0.04,0,15.75
28499,1232,717.0,967.0,0.00,0.00,0.00,0,12.01
28500,1232,717.0,967.0,0.00,0.00,0.00,0,14.04
28501,1232,717.0,967.0,0.00,0.00,0.00,0,16.09
28503,1232,717.0,967.0,0.00,0.00,0.00,0,19.96
28539,1233,1478.0,856.0,0.00,0.00,0.00,0,12.01
28540,1233,1478.0,856.0,0.00,0.00,0.00,0,14.03
28541,1233,1478.0,856.0,0.00,0.00,0.00,0,16.08
28543,1233,1478.0,856.0,0.00,0.00,0.00,0,19.95
28576,1234,743.0,1287.0,0.00,0.00,0.00,0,12.01
28577,1234,743.0,1287.0,0.00,0.00,0.00,0,14.04
28578,1234,743.0,1287.0,0.00,0.00,0.00,0,16.09
28580,1234,743.0,1287.0,0.00,0.00,0.00,0,19.99
28621,1235,1438.0,529.0,0.00,0.00,0.00,0,12.01
28622,1235,1438.0,529.0,0.00,0.00,0.00,0,14.04
28623,1235,1438.0,529.0,0.00,0.00,0.00,0,16.09
28625,1235,1438.0,529.0,0.00,0.00,0.00,0,20.02
28658,1236,421.0,777.0,0.00,0.00,0.00,0,12.01
28658,1237,420.0,784.0,0.00,0.00,0.00,0,12.01
28660,1238,426.0,772.0,0.00,0.00,0.00,0,12.01
28661,1238,426.7,771.7,0.01,-0.01,0.02,0,7.47
28662,1238,427.5,771.0,0.07,-0.05,0.08,0,6.30
28664,1238,427.5,771.0,0.07,-0.05,0.08,0,10.00
28665,1238,427.5,771.0,0.07,-0.05,0.08,0,12.11
28666,1238,427.5,771.0,0.07,-0.05,0.08,0,14.46
28697,1239,653.0,991.0,0.00,0.00,0.00,0,12.01
28698,1239,653.0,991.0,0.00,0.00,0.00,0,14.10
28699,1239,653.0,991.0,0.00,0.00,0.00,0,16.17
28701,1239,653.0,991.0,0.00,0.00,0.00,0,20.25
28837,1240,1475.0,837.0,0.00,0.00,0.00,0,12.01
28838,1240,1475.0,837.0,0.00,0.00,0.00,0,14.04
28839,1240,1480.3,847.2,0.25,0.48,0.54,0,7.87
28841,1240,1480.3,847.3,0.25,0.48,0.54,0,11.53
28842,1240,1480.3,847.3,0.25,0.48,0.54,0,13.69
28843,1240,1480.3,847.3,0.25,0.48,0.54,0,16.08
28876,1241,1491.0,869.0,0.00,0.00,0.00,0,12.01
28877,1241,1491.0,869.0,0.00,0.00,0.00,0,14.03
28878,1241,1491.0,869.0,0.00,0.00,0.00,0,16.08
28880,1241,1491.0,869.0,0.00,0.00,0.00,0,19.89
28913,1242,1012.0,821.0,0.00,0.00,0.00,0,12.01
28915,1244,798.0,816.0,0.00,0.00,0.00,0,12.01
28916,1244,798.0,816.3,0.00,0.01,0.01,0,7.47
28916,1245,1013.0,819.0,0.00,0.00,0.00,0,12.01
28917,1244,798.0,816.3,0.00,0.01,0.01,0,9.51
28919,1244,798.0,816.3,0.00,0.01,0.01,0,13.29
28920,1244,798.0,816.3,0.00,0.01,0.01,0,15.44
28952,1246,899.0,934.0,0.00,0.00,0.00,0,12.01
28952,1247,889.0,937.0,0.00,0.00,0.00,0,12.01
28960,1248,778.0,928.0,0.00,0.00,0.00,0,12.01
28961,1248,778.0,928.0,0.00,0.00,0.00,0,7.47
28962,1248,773.9,927.5,-0.26,-0.03,0.26,0,6.31
28964,1248,773.8,927.5,-0.26,-0.03,0.26,0,9.97
28965,1248,773.8,927.5,-0.26,-0.03,0.26,0,12.13
28966,1248,773.8,927.5,-0.26,-0.03,0.26,0,14.48
29024,1249,742.0,576.0,0.00,0.00,0.00,0,12.01
29024,1250,777.0,1292.0,0.00,0.00,0.00,0,12.01
29048,1251,1085.0,413.0,0.00,0.00,0.00,0,12.01
29049,1251,1086.6,412.7,0.04,-0.01,0.04,0,7.47
29050,1251,1086.6,412.7,0.04,-0.01,0.04,0,9.52
29052,1251,1086.7,412.7,0.04,-0.01,0.04,0,13.31
29053,1251,1086.7,412.7,0.04,-0.01,0.04,0,15.45
29088,1252,705.0,943.0,0.00,0.00,0.00,0,12.01
29089,1252,705.0,943.0,0.00,0.00,0.00,0,14.03
29090,1252,705.0,943.0,0.00,0.00,0.00,0,16.08
29092,1252,705.0,943.0,0.00,0.00,0.00,0,19.97
29125,1253,1349.0,1188.0,0.00,0.00,0.00,0,12.01
29125,1254,764.0,1233.0,0.00,0.00,0.00,0,12.01
29125,1255,761.0,1241.0,0.00,0.00,0.00,0,12.01
29126,1253,1349.0,1188.3,0.00,0.01,0.01,0,7.48
29126,1254,763.3,1234.6,-0.02,0.04,0.04,0,7.48
29126,1255,760.3,1243.0,-0.02,0.05,0.05,0,7.48
29127,1253,1345.7,1185.7,-0.24,-0.18,0.30,0,6.31
29127,1254,762.5,1237.6,-0.08,0.25,0.26,0,6.31
29129,1253,1345.6,1185.6,-0.24,-0.18,0.30,0,9.96
29129,1254,762.5,1237.6,-0.08,0.25,0.26,0,9.96
29130,1253,1345.6,1185.6,-0.24,-0.18,0.30,0,12.11
29130,1254,762.5,1237.6,-0.08,0.25,0.26,0,12.11
29131,1253,1345.6,1185.6,-0.24,-0.18,0.30,0,14.45
29131,1254,762.5,1237.6,-0.08,0.25,0.26,0,14.45
29162,1257,688.0,1219.0,0.00,0.00,0.00,0,12.01
29162,1258,688.0,1227.0,0.00,0.00,0.00,0,12.01
29167,1261,1158.0,1210.0,0.00,0.00,0.00,0,12.01
29167,1262,1169.0,1218.0,0.00,0.00,0.00,0,12.01
29167,1263,671.0,1226.0,0.00,0.00,0.00,0,12.01
29167,1264,678.0,1227.0,0.00,0.00,0.00,0,12.01
29168,1261,1161.3,1212.6,0.08,0.06,0.10,0,7.48
29168,1262,1171.0,1220.9,0.05,0.07,0.09,0,7.48
29168,1263,670.7,1226.0,-0.01,0.00,0.01,0,7.48
29168,1264,678.0,1227.0,0.00,0.00,0.00,0,14.04
29169,1261,1164.6,1215.8,0.31,0.28,0.42,0,6.31
29169,1263,669.2,1226.3,-0.11,0.02,0.11,0,6.31
29171,1261,1164.6,1215.9,0.31,0.28,0.42,0,9.94
29171,1263,669.2,1226.3,-0.11,0.02,0.11,0,9.94
29172,1261,1164.6,1215.9,0.31,0.28,0.42,0,12.12
29172,1263,669.2,1226.3,-0.11,0.02,0.11,0,12.12
29173,1261,1164.7,1215.9,0.31,0.28,0.42,0,14.46
29173,1263,669.2,1226.3,-0.11,0.02,0.11,0,14.46
29204,1266,660.0,800.0,0.00,0.00,0.00,0,12.01
29205,1266,657.4,797.4,-0.07,-0.07,0.09,0,7.48
29206,1266,656.0,796.0,-0.16,-0.16,0.22,0,6.30
29206,1267,644.0,783.0,0.00,0.00,0.00,0,12.01
29208,1266,655.9,795.9,-0.16,-0.16,0.22,0,9.95
29208,1267,644.0,783.0,0.00,0.00,0.00,0,15.11
29209,1266,655.9,795.9,-0.16,-0.16,0.22,0,12.12
29209,1267,644.0,783.0,0.00,0.00,0.00,0,17.23
29210,1266,655.9,795.9,-0.16,-0.16,0.22,0,14.51
29210,1267,644.0,783.0,0.00,0.00,0.00,0,19.51
29241,1268,1185.0,1016.0,0.00,0.00,0.00,0,12.01
29242,1268,1185.0,1016.0,0.00,0.00,0.00,0,14.04
29243,1268,1183.6,1014.2,-0.07,-0.09,0.11,0,7.86
29245,1268,1183.6,1014.2,-0.07,-0.09,0.11,0,11.50
29246,1268,1183.6,1014.2,-0.07,-0.09,0.11,0,13.67
29247,1268,1183.6,1014.2,-0.07,-0.09,0.11,0,16.06
29279,1269,976.0,1275.0,0.00,0.00,0.00,0,12.03
29281,1271,969.0,1251.0,0.00,0.00,0.00,0,12.00
29281,1272,973.0,1263.0,0.00,0.00,0.00,0,12.00
29282,1271,969.7,1252.3,0.01,0.02,0.02,0,7.47
29282,1272,970.4,1257.4,-0.03,-0.07,0.08,0,7.47
29283,1271,969.7,1252.3,0.01,0.02,0.02,0,9.50
29285,1271,969.7,1252.3,0.01,0.02,0.02,0,13.24
29286,1271,969.7,1252.3,0.01,0.02,0.02,0,15.40
29379,1273,1463.0,1046.0,0.00,0.00,0.00,0,12.01
29380,1273,1461.7,1044.0,-0.03,-0.05,0.05,0,7.48
29380,1274,1067.0,1330.0,0.00,0.00,0.00,0,12.01
29381,1273,1461.7,1044.0,-0.03,-0.05,0.05,0,9.52
29381,1274,1067.0,1330.0,0.00,0.00,0.00,0,14.04
29383,1273,1461.7,1044.0,-0.03,-0.05,0.05,0,13.30
29383,1274,1067.0,1330.0,0.00,0.00,0.00,0,17.52
29384,1273,1461.7,1044.0,-0.03,-0.05,0.05,0,15.48
29384,1274,1067.0,1330.0,0.00,0.00,0.00,0,19.68
29453,1275,1147.0,960.0,0.00,0.00,0.00,0,12.01
29455,1277,1144.0,935.0,0.00,0.00,0.00,0,12.01
29455,1278,1145.0,948.0,0.00,0.00,0.00,0,12.01
29455,1279,1123.0,1195.0,0.00,0.00,0.00,0,12.01
29456,1277,1144.0,935.3,0.00,0.01,0.01,0,7.48
29456,1278,1144.7,940.5,-0.01,-0.19,0.19,0,7.48
29456,1279,1123.3,1195.0,0.01,0.00,0.01,0,7.48
29457,1277,1144.0,932.9,0.00,-0.15,0.15,0,6.31
29457,1279,1123.3,1195.0,0.01,0.00,0.01,0,9.52
29459,1277,1144.0,932.9,0.00,-0.15,0.15,0,9.96
29459,1279,1123.3,1195.0,0.01,0.00,0.01,0,13.29
29460,1277,1144.0,932.9,0.00,-0.15,0.15,0,12.12
29460,1279,1123.3,1195.0,0.01,0.00,0.01,0,15.46
29461,1277,1144.0,932.9,0.00,-0.15,0.15,0,14.52
29492,1280,877.0,1143.0,0.00,0.00,0.00,0,12.01
29492,1281,885.0,1145.0,0.00,0.00,0.00,0,12.01
29494,1282,1390.0,827.0,0.00,0.00,0.00,0,12.01
29494,1283,860.0,1140.0,0.00,0.00,0.00,0,12.01
29494,1284,869.0,1141.0,0.00,0.00,0.00,0,12.01
29495,1282,1390.0,826.3,0.00,-0.01,0.01,0,7.47
29495,1283,860.0,1140.0,0.00,0.00,0.00,0,7.47
29495,1284,869.0,1141.0,0.00,0.00,0.00,0,14.03
29496,1282,1389.7,827.0,-0.02,0.03,0.03,0,6.30
29496,1283,860.0,1140.0,0.00,0.00,0.00,0,9.51
29498,1282,1389.7,827.0,-0.02,0.03,0.03,0,9.96
29498,1283,860.0,1140.0,0.00,0.00,0.00,0,13.28
29499,1282,1389.7,827.0,-0.02,0.03,0.03,0,12.12
29499,1283,860.0,1140.0,0.00,0.00,0.00,0,15.45
29500,1282,1389.7,827.0,-0.02,0.03,0.03,0,14.46
29531,1285,921.0,942.0,0.00,0.00,0.00,0,12.01
29532,1285,921.0,942.0,0.00,0.00,0.00,0,14.07
29533,1285,921.0,942.0,0.00,0.00,0.00,0,16.12
29535,1285,921.0,942.0,0.00,0.00,0.00,0,20.03
29625,1286,919.0,917.0,0.00,0.00,0.00,0,12.01
29626,1286,919.0,917.0,0.00,0.00,0.00,0,14.04
29627,1286,919.0,917.0,0.00,0.00,0.00,0,16.09
29629,1286,919.0,917.0,0.00,0.00,0.00,0,19.95
29680,1287,759.0,1224.0,0.00,0.00,0.00,0,12.01
29681,1287,759.3,1224.0,0.01,0.00,0.01,0,7.48
29681,1288,753.0,1222.0,0.00,0.00,0.00,0,12.01
29682,1287,758.0,1223.7,-0.08,-0.02,0.08,0,6.31
29684,1287,757.9,1223.7,-0.08,-0.02,0.08,0,9.98
29685,1287,757.9,1223.7,-0.08,-0.02,0.08,0,12.12
29686,1287,757.9,1223.7,-0.08,-0.02,0.08,0,14.46
29724,1289,925.0,571.0,0.00,0.00,0.00,0,12.01
29725,1289,925.0,571.7,0.00,0.02,0.02,0,7.48
29725,1290,925.0,559.0,0.00,0.00,0.00,0,12.01
29726,1289,925.0,569.2,0.00,-0.15,0.15,0,6.31
29726,1290,924.3,555.7,-0.02,-0.08,0.09,0,7.48
29728,1289,925.0,569.1,0.00,-0.15,0.15,0,9.99
29728,1290,924.3,555.7,-0.02,-0.08,0.09,0,10.88
29729,1289,925.0,569.1,0.00,-0.15,0.15,0,12.12
29729,1290,924.3,555.7,-0.02,-0.08,0.09,0,13.00
29730,1289,925.0,569.1,0.00,-0.15,0.15,0,14.53
29730,1290,924.3,555.7,-0.02,-0.08,0.09,0,15.34
29807,1291,790.0,607.0,0.00,0.00,0.00,0,12.01
29808,1291,790.0,607.0,0.00,0.00,0.00,0,14.04
29809,1291,791.1,607.4,0.05,0.02,0.05,0,7.87
29811,1291,791.1,607.4,0.05,0.02,0.05,0,11.53
29812,1291,791.1,607.4,0.05,0.02,0.05,0,13.69
29813,1291,791.1,607.4,0.05,0.02,0.05,0,16.04
29844,1292,623.0,817.0,0.00,0.00,0.00,0,12.01
29845,1292,622.0,817.0,-0.02,0.00,0.02,0,7.50
29845,1293,634.0,817.0,0.00,0.00,0.00,0,12.02
29846,1292,624.3,817.0,0.20,0.00,0.20,0,6.31
29846,1293,634.0,817.0,0.00,0.00,0.00,0,14.05
29848,1292,624.4,817.0,0.20,0.00,0.20,0,9.92
29848,1293,634.0,817.0,0.00,0.00,0.00,0,17.53
29849,1292,624.4,817.0,0.20,0.00,0.20,0,12.01
29849,1293,634.0,817.0,0.00,0.00,0.00,0,19.61
29850,1292,624.4,817.0,0.20,0.00,0.20,0,14.40
29915,1294,788.0,947.0,0.00,0.00,0.00,0,12.01
29916,1294,787.3,947.7,-0.02,0.02,0.02,0,7.47
29917,1294,786.5,948.5,-0.07,0.07,0.10,0,6.31
29917,1295,782.0,956.0,0.00,0.00,0.00,0,12.01
29919,1294,786.5,948.5,-0.07,0.07,0.10,0,9.94
29919,1295,782.0,956.0,0.00,0.00,0.00,0,15.11
29920,1294,786.5,948.5,-0.07,0.07,0.10,0,12.14
29920,1295,782.0,956.0,0.00,0.00,0.00,0,17.25
29921,1294,786.5,948.5,-0.07,0.07,0.10,0,14.48
29921,1295,782.0,956.0,0.00,0.00,0.00,0,19.50
30019,1298,581.0,625.0,0.00,0.00,0.00,0,12.01
30019,1299,586.0,631.0,0.00,0.00,0.00,0,12.01
30020,1298,581.3,625.3,0.01,0.01,0.01,0,7.48
30020,1299,583.4,627.4,-0.07,-0.09,0.11,0,7.48
30021,1298,580.5,624.0,-0.05,-0.08,0.10,0,6.31
30023,1298,580.5,623.9,-0.05,-0.08,0.10,0,9.95
30024,1298,580.5,623.9,-0.05,-0.08,0.10,0,12.15
30025,1298,580.5,623.9,-0.05,-0.08,0.10,0,14.48
30126,1300,1328.0,626.0,0.00,0.00,0.00,0,12.01
30127,1300,1328.0,626.0,0.00,0.00,0.00,0,14.04
30128,1300,1328.0,626.0,0.00,0.00,0.00,0,16.09
30130,1300,1328.0,626.0,0.00,0.00,0.00,0,19.99
30195,1301,775.0,224.0,0.00,0.00,0.00,0,12.02
30196,1301,775.0,224.0,0.00,0.00,0.00,0,14.05
30197,1301,775.0,224.0,0.00,0.00,0.00,0,16.09
30199,1301,775.0,224.0,0.00,0.00,0.00,0,19.85
30232,1302,1039.0,943.0,0.00,0.00,0.00,0,12.01
30232,1303,1288.0,941.0,0.00,0.00,0.00,0,12.01
30232,1304,1029.0,950.0,0.00,0.00,0.00,0,12.01
30233,1302,1038.7,943.3,-0.01,0.01,0.01,0,7.48
30233,1303,1284.4,944.9,-0.09,0.10,0.13,0,7.48
30233,1304,1029.0,950.0,0.00,0.00,0.00,0,14.04
30234,1303,1282.5,946.8,-0.23,0.23,0.32,0,6.31
30234,1302,1038.7,943.3,-0.01,0.01,0.01,0,9.52
30236,1303,1282.4,946.8,-0.23,0.23,0.32,0,9.98
30236,1302,1038.7,943.3,-0.01,0.01,0.01,0,13.33
30237,1303,1282.4,946.8,-0.23,0.23,0.32,0,12.12
30237,1302,1038.7,943.3,-0.01,0.01,0.01,0,15.47
30238,1303,1282.4,946.8,-0.23,0.23,0.32,0,14.45
30278,1305,796.0,1095.0,0.00,0.00,0.00,0,12.01
30279,1305,796.0,1095.0,0.00,0.00,0.00,0,14.04
30280,1305,796.0,1095.0,0.00,0.00,0.00,0,16.09
30282,1305,796.0,1095.0,0.00,0.00,0.00,0,19.96
30326,1306,1091.0,1101.0,0.00,0.00,0.00,0,12.01
30326,1307,1103.0,1105.0,0.00,0.00,0.00,0,12.01
30356,1308,534.0,803.0,0.00,0.00,0.00,0,12.01
30357,1308,536.6,801.7,0.07,-0.03,0.07,0,7.47
30358,1308,538.3,800.5,0.17,-0.11,0.20,0,6.31
30358,1309,781.0,1348.0,0.00,0.00,0.00,0,12.01
30360,1308,538.3,800.5,0.17,-0.11,0.20,0,9.97
30360,1309,781.0,1348.0,0.00,0.00,0.00,0,15.13
30361,1308,538.3,800.4,0.17,-0.11,0.20,0,12.13
30361,1309,781.0,1348.0,0.00,0.00,0.00,0,17.25
30362,1308,538.3,800.4,0.17,-0.11,0.20,0,14.48
30362,1309,781.0,1348.0,0.00,0.00,0.00,0,19.49
30401,1310,1057.0,1147.0,0.00,0.00,0.00,0,12.01
30403,1312,1033.0,1126.0,0.00,0.00,0.00,0,12.01
30403,1313,1046.0,1138.0,0.00,0.00,0.00,0,12.01
30404,1312,1033.3,1126.3,0.01,0.01,0.01,0,7.47
30404,1313,1038.5,1131.4,-0.19,-0.16,0.25,0,7.47
30405,1312,1030.9,1124.4,-0.15,-0.11,0.19,0,6.31
30407,1312,1030.9,1124.4,-0.15,-0.11,0.19,0,9.97
30408,1312,1030.9,1124.4,-0.15,-0.11,0.19,0,12.13
30409,1312,1030.9,1124.4,-0.15,-0.11,0.19,0,14.47
30440,1314,766.0,1107.0,0.00,0.00,0.00,0,12.01
30442,1316,757.0,1113.0,0.00,0.00,0.00,0,12.01
30443,1316,757.0,1113.0,0.00,0.00,0.00,0,14.02
30444,1316,757.0,1113.0,0.00,0.00,0.00,0,16.05
30446,1316,757.0,1113.0,0.00,0.00,0.00,0,19.75
30487,1317,903.0,860.0,0.00,0.00,0.00,0,12.01
30488,1317,897.8,857.1,-0.13,-0.07,0.15,0,7.48
30489,1317,895.2,855.8,-0.29,-0.16,0.33,0,6.31
30491,1317,895.2,855.7,-0.29,-0.16,0.33,0,9.98
30492,1317,895.2,855.7,-0.29,-0.16,0.33,0,12.13
30493,1317,895.1,855.7,-0.29,-0.16,0.33,0,14.48
30629,1318,1102.0,1210.0,0.00,0.00,0.00,0,12.01
30630,1318,1102.0,1210.0,0.00,0.00,0.00,0,7.48
30631,1318,1102.0,1210.0,0.00,0.00,0.00,0,9.52
30633,1318,1102.0,1210.0,0.00,0.00,0.00,0,13.33
30634,1318,1102.0,1210.0,0.00,0.00,0.00,0,15.47
30666,1319,1050.0,1314.0,0.00,0.00,0.00,0,12.01
30667,1319,1046.1,1313.0,-0.10,-0.02,0.10,0,7.48
30668,1319,1040.1,1312.0,-0.52,-0.10,0.53,0,6.31
30670,1319,1040.0,1312.0,-0.52,-0.10,0.53,0,9.95
30671,1319,1040.0,1312.0,-0.52,-0.10,0.53,0,12.11
30672,1319,1040.0,1312.0,-0.52,-0.10,0.53,0,14.51
30716,1320,1521.0,751.0,0.00,0.00,0.00,0,12.01
30717,1320,1521.0,751.0,0.00,0.00,0.00,0,14.04
30718,1320,1521.0,751.0,0.00,0.00,0.00,0,16.08
30720,1320,1521.0,751.0,0.00,0.00,0.00,0,19.92
30754,1323,900.0,1307.0,0.00,0.00,0.00,0,12.03
30754,1324,916.0,1307.0,0.00,0.00,0.00,0,12.03
30755,1323,900.3,1306.7,0.01,-0.01,0.02,0,7.48
30755,1324,916.0,1307.0,0.00,0.00,0.00,0,14.06
30756,1323,897.4,1306.8,-0.20,-0.01,0.20,0,6.29
30758,1323,897.4,1306.8,-0.20,-0.01,0.20,0,9.80
30759,1323,897.4,1306.8,-0.20,-0.01,0.20,0,11.96
30760,1323,897.4,1306.8,-0.20,-0.01,0.20,0,14.30
30815,1326,1202.0,726.0,0.00,0.00,0.00,0,12.01
30816,1326,1201.7,724.4,-0.01,-0.04,0.04,0,7.47
30817,1326,1201.7,724.4,-0.01,-0.04,0.04,0,9.52
30819,1326,1201.7,724.3,-0.01,-0.04,0.04,0,13.34
30820,1326,1201.7,724.3,-0.01,-0.04,0.04,0,15.45
30853,1329,1195.0,1215.0,0.00,0.00,0.00,0,12.03
30853,1330,1187.0,1222.0,0.00,0.00,0.00,0,12.03
30854,1329,1194.7,1215.3,-0.02,0.02,0.02,0,7.48
30854,1330,1191.3,1218.1,0.21,-0.19,0.28,0,7.48
30855,1329,1195.8,1214.2,0.07,-0.07,0.10,0,6.29
30857,1329,1195.8,1214.2,0.07,-0.07,0.10,0,9.80
30858,1329,1195.8,1214.2,0.07,-0.07,0.10,0,11.91
30859,1329,1195.8,1214.2,0.07,-0.07,0.10,0,14.24
30893,1331,791.0,989.0,0.00,0.00,0.00,0,12.00
30894,1331,791.0,989.0,0.00,0.00,0.00,0,14.12
30895,1331,791.4,987.6,0.03,-0.12,0.12,0,7.89
30897,1331,791.4,987.6,0.03,-0.12,0.12,0,11.57
30898,1331,791.4,987.6,0.03,-0.12,0.12,0,13.60
30899,1331,791.4,987.6,0.03,-0.12,0.12,0,16.00
31076,1332,900.0,1387.0,0.00,0.00,0.00,0,12.01
31077,1332,900.0,1387.0,0.00,0.00,0.00,0,14.04
31078,1332,900.0,1387.0,0.00,0.00,0.00,0,16.09
31080,1332,900.0,1387.0,0.00,0.00,0.00,0,19.96
31113,1333,773.0,1330.0,0.00,0.00,0.00,0,12.01
31114,1333,769.7,1329.0,-0.08,-0.02,0.08,0,7.51
31114,1334,752.0,1321.0,0.00,0.00,0.00,0,12.03
31115,1333,769.7,1329.0,-0.08,-0.02,0.08,0,9.56
31115,1334,752.0,1321.0,0.00,0.00,0.00,0,14.07
31117,1333,769.7,1329.0,-0.08,-0.02,0.08,0,13.40
31117,1334,752.0,1321.0,0.00,0.00,0.00,0,17.60
31118,1333,769.7,1329.0,-0.08,-0.02,0.08,0,15.43
31118,1334,752.0,1321.0,0.00,0.00,0.00,0,19.62
31162,1335,636.0,1313.0,0.00,0.00,0.00,0,12.01
31163,1335,639.3,1306.1,0.08,-0.17,0.19,0,7.48
31164,1335,641.0,1303.0,0.19,-0.37,0.42,0,6.31
31166,1335,641.1,1302.9,0.19,-0.37,0.42,0,9.99
31167,1335,641.1,1302.9,0.19,-0.37,0.42,0,12.15
31168,1335,641.1,1302.9,0.19,-0.37,0.42,0,14.48
31212,1336,703.0,784.0,0.00,0.00,0.00,0,12.01
31213,1336,703.7,784.3,0.02,0.01,0.02,0,7.47
31214,1336,703.7,784.3,0.02,0.01,0.02,0,9.52
31216,1336,703.7,784.3,0.02,0.01,0.02,0,13.27
31217,1336,703.7,784.3,0.02,0.01,0.02,0,15.47
31249,1337,1068.0,956.0,0.00,0.00,0.00,0,12.01
31250,1337,1068.0,956.0,0.00,0.00,0.00,0,14.08
31251,1337,1060.6,960.2,-0.52,0.30,0.60,0,7.88
31253,1337,1060.5,960.3,-0.52,0.30,0.60,0,11.53
31254,1337,1060.5,960.3,-0.52,0.30,0.60,0,13.80
31255,1337,1060.4,960.3,-0.52,0.30,0.60,0,16.21
31287,1338,1168.0,1282.0,0.00,0.00,0.00,0,12.04
31288,1338,1168.3,1283.0,0.02,0.05,0.05,0,7.48
31288,1339,1169.0,1270.0,0.00,0.00,0.00,0,12.01
31289,1338,1168.5,1279.9,0.03,-0.18,0.18,0,6.29
31289,1339,1169.7,1266.4,0.01,-0.07,0.07,0,7.46
31291,1338,1168.5,1279.9,0.03,-0.18,0.18,0,9.82
31291,1339,1169.7,1266.4,0.01,-0.07,0.07,0,10.71
31292,1338,1168.5,1279.9,0.03,-0.18,0.18,0,11.93
31292,1339,1169.7,1266.4,0.01,-0.07,0.07,0,12.80
31293,1338,1168.5,1279.8,0.03,-0.18,0.18,0,14.24
31293,1339,1169.7,1266.4,0.01,-0.07,0.07,0,15.06
31325,1340,562.0,441.0,0.00,0.00,0.00,0,12.04
31326,1340,562.0,441.0,0.00,0.00,0.00,0,14.08
31327,1340,562.0,441.0,0.00,0.00,0.00,0,16.11
31329,1340,562.0,441.0,0.00,0.00,0.00,0,19.97
31379,1341,444.0,896.0,0.00,0.00,0.00,0,12.01
31380,1341,444.0,896.0,0.00,0.00,0.00,0,14.04
31381,1341,444.0,896.0,0.00,0.00,0.00,0,16.09
31383,1341,444.0,896.0,0.00,0.00,0.00,0,19.98
31424,1342,541.0,1098.0,0.00,0.00,0.00,0,12.01
31425,1342,541.0,1098.0,0.00,0.00,0.00,0,14.04
31426,1342,541.0,1098.0,0.00,0.00,0.00,0,16.09
31428,1342,541.0,1098.0,0.00,0.00,0.00,0,19.98
31486,1343,1158.0,760.0,0.00,0.00,0.00,0,12.01
31487,1343,1158.0,760.0,0.00,0.00,0.00,0,7.48
31487,1344,1162.0,767.0,0.00,0.00,0.00,0,12.01
31488,1343,1158.8,761.8,0.05,0.12,0.13,0,6.31
31490,1343,1158.8,761.8,0.05,0.12,0.13,0,9.98
31491,1343,1158.8,761.8,0.05,0.12,0.13,0,12.15
31492,1343,1158.8,761.8,0.05,0.12,0.13,0,14.49
31555,1345,1233.0,1222.0,0.00,0.00,0.00,0,12.01
31555,1346,1242.0,1227.0,0.00,0.00,0.00,0,12.01
31556,1345,1233.0,1222.3,0.00,0.01,0.01,0,7.47
31556,1346,1236.1,1223.7,-0.15,-0.08,0.17,0,7.47
31557,1345,1230.7,1221.0,-0.15,-0.08,0.17,0,6.31
31559,1345,1230.6,1220.9,-0.15,-0.08,0.17,0,9.98
31560,1345,1230.6,1220.9,-0.15,-0.08,0.17,0,12.12
31561,1345,1230.6,1220.9,-0.15,-0.08,0.17,0,14.47
31592,1347,1047.0,1398.0,0.00,0.00,0.00,0,12.01
31593,1347,1047.7,1398.3,0.02,0.01,0.02,0,7.48
31594,1347,1044.4,1397.2,-0.22,-0.07,0.23,0,6.31
31594,1348,927.0,975.0,0.00,0.00,0.00,0,12.01
31596,1347,1044.3,1397.2,-0.22,-0.07,0.23,0,9.95
31596,1348,927.0,975.0,0.00,0.00,0.00,0,15.11
31597,1347,1044.3,1397.2,-0.22,-0.07,0.23,0,12.11
31597,1348,927.0,975.0,0.00,0.00,0.00,0,17.21
31598,1347,1044.3,1397.2,-0.22,-0.07,0.23,0,14.45
31598,1348,927.0,975.0,0.00,0.00,0.00,0,19.46
31630,1352,363.0,856.0,0.00,0.00,0.00,0,12.02
31630,1353,368.0,865.0,0.00,0.00,0.00,0,12.02
31630,1354,1039.0,1182.0,0.00,0.00,0.00,0,12.02
31630,1355,1026.0,1183.0,0.00,0.00,0.00,0,12.02
31631,1352,363.3,856.0,0.01,0.00,0.01,0,7.48
31631,1353,368.0,865.0,0.00,0.00,0.00,0,14.05
31631,1354,1040.3,1181.7,0.05,-0.01,0.05,0,7.48
31631,1355,1026.0,1183.0,0.00,0.00,0.00,0,14.05
31632,1354,1042.8,1182.0,0.21,0.01,0.21,0,6.29
31632,1352,363.3,856.0,0.01,0.00,0.01,0,9.50
31634,1354,1042.9,1182.0,0.21,0.01,0.21,0,9.78
31634,1352,363.3,856.0,0.01,0.00,0.01,0,13.10
31635,1354,1042.9,1182.0,0.21,0.01,0.21,0,12.04
31635,1352,363.3,856.0,0.01,0.00,0.01,0,15.37
31636,1354,1042.9,1182.0,0.21,0.01,0.21,0,14.43
31678,1356,927.0,1317.0,0.00,0.00,0.00,0,12.01
31679,1356,927.0,1316.7,0.00,-0.01,0.01,0,7.47
31679,1357,935.0,1301.0,0.00,0.00,0.00,0,12.01
31680,1356,929.3,1312.9,0.15,-0.25,0.29,0,6.31
31682,1356,929.4,1312.8,0.15,-0.25,0.29,0,9.99
31683,1356,929.4,1312.8,0.15,-0.25,0.29,0,12.13
31684,1356,929.4,1312.8,0.15,-0.25,0.29,0,14.48
31715,1358,697.0,1368.0,0.00,0.00,0.00,0,12.01
31716,1358,697.0,1368.0,0.00,0.00,0.00,0,14.07
31717,1358,697.0,1368.0,0.00,0.00,0.00,0,16.12
31719,1358,697.0,1368.0,0.00,0.00,0.00,0,19.97
31753,1364,1170.0,809.0,0.00,0.00,0.00,0,12.04
31753,1365,1327.0,1117.0,0.00,0.00,0.00,0,12.04
31753,1366,1325.0,1128.0,0.00,0.00,0.00,0,12.04
31754,1364,1168.0,816.5,-0.10,0.38,0.40,0,7.48
31754,1365,1326.3,1120.3,-0.03,0.17,0.17,0,7.48
31754,1366,1324.3,1131.3,-0.03,0.17,0.17,0,7.48
31755,1365,1325.5,1124.8,-0.10,0.51,0.52,0,6.29
31755,1364,1168.0,816.6,-0.10,0.38,0.40,0,9.50
31757,1365,1325.5,1125.0,-0.10,0.51,0.52,0,9.79
31757,1364,1168.0,816.7,-0.10,0.38,0.40,0,13.13
31758,1365,1325.5,1125.0,-0.10,0.51,0.52,0,11.90
31758,1364,1168.0,816.7,-0.10,0.38,0.40,0,15.25
31759,1365,1325.5,1125.0,-0.10,0.51,0.52,0,14.28
31790,1367,923.0,1335.0,0.00,0.00,0.00,0,12.01
31790,1368,1172.0,1340.0,0.00,0.00,0.00,0,12.01
31790,1369,1180.0,1349.0,0.00,0.00,0.00,0,12.01
31792,1373,1553.0,825.0,0.00,0.00,0.00,0,12.01
31792,1374,1158.0,1323.0,0.00,0.00,0.00,0,12.01
31792,1375,911.0,1343.0,0.00,0.00,0.00,0,12.01
31792,1376,903.0,1348.0,0.00,0.00,0.00,0,12.01
31793,1373,1552.7,826.0,-0.01,0.02,0.02,0,7.47
31793,1374,1155.4,1320.1,-0.06,-0.06,0.08,0,7.47
31793,1375,909.0,1344.6,-0.04,0.03,0.05,0,7.47
31793,1376,903.0,1348.0,0.00,0.00,0.00,0,14.03
31793,1377,1549.0,839.0,0.00,0.00,0.00,0,12.01
31794,1373,1551.7,828.8,-0.07,0.20,0.21,0,6.31
31794,1375,905.9,1346.5,-0.24,0.15,0.28,0,6.31
31794,1374,1155.4,1320.1,-0.06,-0.06,0.08,0,9.51
31796,1373,1551.7,828.9,-0.07,0.20,0.21,0,9.96
31796,1375,905.9,1346.6,-0.24,0.15,0.28,0,9.96
31796,1374,1155.4,1320.0,-0.06,-0.06,0.08,0,13.28
31797,1373,1551.7,828.9,-0.07,0.20,0.21,0,12.14
31797,1375,905.9,1346.6,-0.24,0.15,0.28,0,12.14
31797,1374,1155.4,1320.0,-0.06,-0.06,0.08,0,15.47
31798,1373,1551.7,828.9,-0.07,0.20,0.21,0,14.48
31798,1375,905.9,1346.6,-0.24,0.15,0.28,0,14.48
31829,1378,528.0,596.0,0.00,0.00,0.00,0,12.01
31830,1378,528.0,596.0,0.00,0.00,0.00,0,14.04
31831,1378,528.0,596.0,0.00,0.00,0.00,0,16.09
31833,1378,528.0,596.0,0.00,0.00,0.00,0,19.98
31874,1379,536.0,1134.0,0.00,0.00,0.00,0,12.01
31875,1379,536.3,1134.0,0.01,0.00,0.01,0,7.47
31876,1379,531.4,1133.2,-0.32,-0.05,0.32,0,6.31
31878,1379,531.3,1133.2,-0.32,-0.05,0.32,0,9.96
31879,1379,531.3,1133.2,-0.32,-0.05,0.32,0,12.14
31880,1379,531.3,1133.2,-0.32,-0.05,0.32,0,14.48
31918,1380,771.0,1367.0,0.00,0.00,0.00,0,12.01
31918,1381,785.0,1369.0,0.00,0.00,0.00,0,12.01
31919,1380,771.3,1367.0,0.01,0.00,0.01,0,7.47
31919,1381,776.5,1367.7,-0.22,-0.03,0.22,0,7.47
31920,1380,768.4,1366.5,-0.18,-0.03,0.18,0,6.31
31922,1380,768.4,1366.5,-0.18,-0.03,0.18,0,9.94
31923,1380,768.4,1366.5,-0.18,-0.03,0.18,0,12.14
31924,1380,768.4,1366.5,-0.18,-0.03,0.18,0,14.48
31955,1382,786.0,1109.0,0.00,0.00,0.00,0,12.01
31955,1383,636.0,1197.0,0.00,0.00,0.00,0,12.01
31955,1384,655.0,1199.0,0.00,0.00,0.00,0,12.01
31957,1386,763.0,1037.0,0.00,0.00,0.00,0,12.01
31957,1387,769.0,1058.0,0.00,0.00,0.00,0,12.01
31958,1386,763.0,1036.3,0.00,-0.01,0.01,0,7.46
31958,1387,767.7,1053.7,-0.03,-0.08,0.09,0,7.46
31959,1386,763.0,1036.3,0.00,-0.01,0.01,0,9.49
31961,1386,763.0,1036.3,0.00,-0.01,0.01,0,13.14
31962,1386,763.0,1036.3,0.00,-0.01,0.01,0,15.28
32017,1390,1349.0,1152.0,0.00,0.00,0.00,0,12.01
32018,1390,1349.3,1152.0,0.01,0.00,0.01,0,7.48
32018,1391,1338.0,1150.0,0.00,0.00,0.00,0,12.01
32019,1390,1346.7,1151.5,-0.18,-0.04,0.18,0,6.31
32021,1390,1346.6,1151.5,-0.18,-0.04,0.18,0,9.96
32022,1390,1346.6,1151.5,-0.18,-0.04,0.18,0,12.15
32023,1390,1346.6,1151.5,-0.18,-0.04,0.18,0,14.47
