frame,track,x,y,vx,vy,speed,state,cov
1,2,532.0,919.0,0.00,0.00,0.00,0,12.02
2,2,542.5,919.3,0.43,0.01,0.43,0,7.48
3,2,548.0,919.5,0.85,0.03,0.85,0,6.32
5,2,548.3,919.5,0.85,0.03,0.85,0,10.05
6,2,548.3,919.5,0.85,0.03,0.85,0,12.26
7,2,548.3,919.5,0.85,0.03,0.85,0,14.62
40,4,1263.0,1299.0,0.00,0.00,0.00,0,12.01
41,4,1262.7,1299.3,-0.01,0.01,0.01,0,7.47
41,5,1275.0,1290.0,0.00,0.00,0.00,0,12.01
42,4,1265.6,1297.2,0.15,-0.11,0.19,0,6.30
44,4,1265.6,1297.2,0.15,-0.11,0.19,0,9.94
45,4,1265.6,1297.2,0.15,-0.11,0.19,0,12.09
46,4,1265.6,1297.2,0.15,-0.11,0.19,0,14.43
483,6,790.0,1271.0,0.00,0.00,0.00,0,12.01
484,6,789.7,1270.7,-0.01,-0.01,0.01,0,7.47
484,7,817.0,1261.0,0.00,0.00,0.00,0,12.01
485,6,796.7,1267.9,0.45,-0.19,0.49,0,6.32
485,7,827.8,1259.0,0.26,-0.05,0.27,0,7.48
487,6,796.8,1267.9,0.45,-0.19,0.49,0,10.03
487,7,827.9,1259.0,0.26,-0.05,0.27,0,10.92
488,6,796.8,1267.9,0.45,-0.19,0.49,0,12.12
488,7,827.9,1259.0,0.26,-0.05,0.27,0,12.99
489,6,796.8,1267.9,0.45,-0.19,0.49,0,14.53
489,7,827.9,1259.0,0.26,-0.05,0.27,0,15.34
520,8,1416.0,968.0,0.00,0.00,0.00,0,12.01
520,9,1425.0,984.0,0.00,0.00,0.00,0,12.01
521,8,1416.3,968.7,0.01,0.02,0.02,0,7.48
521,9,1420.4,973.8,-0.11,-0.25,0.28,0,7.48
522,8,1415.2,965.7,-0.07,-0.19,0.21,0,6.31
524,8,1415.2,965.6,-0.07,-0.19,0.21,0,9.97
525,8,1415.2,965.6,-0.07,-0.19,0.21,0,12.11
526,8,1415.2,965.6,-0.07,-0.19,0.21,0,14.52
557,10,578.0,703.0,0.00,0.00,0.00,0,12.01
558,10,578.0,703.0,0.00,0.00,0.00,0,14.04
559,10,578.0,703.0,0.00,0.00,0.00,0,16.09
561,10,578.0,703.0,0.00,0.00,0.00,0,19.95
737,11,842.0,458.0,0.00,0.00,0.00,0,12.01
739,13,847.0,474.0,0.00,0.00,0.00,0,12.01
739,14,838.0,499.0,0.00,0.00,0.00,0,12.01
740,13,844.7,480.9,-0.06,0.17,0.18,0,7.47
740,14,834.1,508.2,-0.10,0.23,0.25,0,7.47
741,14,832.5,511.0,-0.19,0.40,0.44,0,6.31
741,13,844.7,480.9,-0.06,0.17,0.18,0,9.52
743,14,832.5,511.1,-0.19,0.40,0.44,0,10.01
743,13,844.7,480.9,-0.06,0.17,0.18,0,13.33
744,14,832.4,511.1,-0.19,0.40,0.44,0,12.13
744,13,844.7,480.9,-0.06,0.17,0.18,0,15.45
745,14,832.4,511.1,-0.19,0.40,0.44,0,14.48
872,16,1057.0,631.0,0.00,0.00,0.00,0,12.01
874,18,1039.0,627.0,0.00,0.00,0.00,0,12.01
875,18,1037.4,625.4,-0.04,-0.04,0.06,0,7.48
876,18,1036.5,623.2,-0.10,-0.18,0.21,0,6.31
878,18,1036.5,623.2,-0.10,-0.18,0.21,0,9.96
879,18,1036.5,623.2,-0.10,-0.18,0.21,0,12.12
880,18,1036.5,623.2,-0.10,-0.18,0.21,0,14.47
913,19,778.0,876.0,0.00,0.00,0.00,0,12.01
914,19,778.0,876.0,0.00,0.00,0.00,0,14.02
915,19,778.0,876.0,0.00,0.00,0.00,0,16.06
917,19,778.0,876.0,0.00,0.00,0.00,0,19.82
1082,20,1142.0,1370.0,0.00,0.00,0.00,0,12.01
1082,21,1131.0,1382.0,0.00,0.00,0.00,0,12.01
1084,22,1152.0,1351.0,0.00,0.00,0.00,0,12.01
1084,23,1149.0,1361.0,0.00,0.00,0.00,0,12.01
1085,22,1152.0,1351.7,0.00,0.02,0.02,0,7.48
1085,23,1150.0,1355.1,0.02,-0.15,0.15,0,7.48
1086,22,1152.0,1349.7,0.00,-0.12,0.12,0,6.31
1088,22,1152.0,1349.7,0.00,-0.12,0.12,0,9.96
1089,22,1152.0,1349.7,0.00,-0.12,0.12,0,12.12
1090,22,1152.0,1349.6,0.00,-0.12,0.12,0,14.46
1121,24,644.0,1336.0,0.00,0.00,0.00,0,12.01
1122,24,644.0,1336.0,0.00,0.00,0.00,0,14.07
1123,24,644.0,1336.0,0.00,0.00,0.00,0,16.12
1125,24,644.0,1336.0,0.00,0.00,0.00,0,20.00
1173,25,436.0,346.0,0.00,0.00,0.00,0,12.01
1174,25,436.0,346.0,0.00,0.00,0.00,0,14.04
1175,25,436.0,346.0,0.00,0.00,0.00,0,16.09
1177,25,436.0,346.0,0.00,0.00,0.00,0,20.02
1210,26,1066.0,1177.0,0.00,0.00,0.00,0,12.01
1210,27,1041.0,1180.0,0.00,0.00,0.00,0,12.01
1211,26,1065.7,1177.0,-0.01,0.00,0.01,0,7.48
1211,27,1041.0,1180.0,0.00,0.00,0.00,0,14.04
1211,28,1085.0,1174.0,0.00,0.00,0.00,0,12.01
1212,26,1070.4,1176.5,0.32,-0.04,0.32,0,6.31
1212,27,1041.0,1180.0,0.00,0.00,0.00,0,16.09
1214,26,1070.5,1176.5,0.32,-0.04,0.32,0,9.98
1214,27,1041.0,1180.0,0.00,0.00,0.00,0,19.98
1215,26,1070.5,1176.5,0.32,-0.04,0.32,0,12.12
1216,26,1070.5,1176.5,0.32,-0.04,0.32,0,14.46
1264,29,456.0,1208.0,0.00,0.00,0.00,0,12.01
1265,29,457.6,1207.3,0.04,-0.02,0.04,0,7.47
1266,29,460.0,1206.5,0.19,-0.07,0.21,0,6.31
1268,29,460.1,1206.5,0.19,-0.07,0.21,0,9.98
1269,29,460.1,1206.5,0.19,-0.07,0.21,0,12.13
1270,29,460.1,1206.5,0.19,-0.07,0.21,0,14.48
1305,30,1004.0,1172.0,0.00,0.00,0.00,0,12.01
1306,30,1005.0,1170.0,0.02,-0.04,0.05,0,7.47
1306,31,1019.0,1143.0,0.00,0.00,0.00,0,12.01
1307,30,1008.1,1164.1,0.22,-0.42,0.48,0,6.31
1307,31,1019.7,1141.0,0.02,-0.05,0.05,0,7.48
1307,32,1028.0,1121.0,0.00,0.00,0.00,0,12.01
1309,30,1008.1,1164.0,0.22,-0.42,0.48,0,9.99
1309,31,1019.7,1141.0,0.02,-0.05,0.05,0,10.89
1309,32,1028.0,1121.0,0.00,0.00,0.00,0,15.15
1310,30,1008.1,1164.0,0.22,-0.42,0.48,0,12.13
1310,31,1019.7,1141.0,0.02,-0.05,0.05,0,13.01
1310,32,1028.0,1121.0,0.00,0.00,0.00,0,17.25
1311,30,1008.1,1164.0,0.22,-0.42,0.48,0,14.48
1311,31,1019.7,1141.0,0.02,-0.05,0.05,0,15.31
1311,32,1028.0,1121.0,0.00,0.00,0.00,0,19.50
1877,33,996.0,788.0,0.00,0.00,0.00,0,12.01
1879,36,968.0,787.0,0.00,0.00,0.00,0,12.01
1879,37,943.0,798.0,0.00,0.00,0.00,0,12.01
1880,36,968.0,787.0,0.00,0.00,0.00,0,14.04
1880,37,943.0,798.0,0.00,0.00,0.00,0,14.04
1881,36,968.0,787.0,0.00,0.00,0.00,0,16.09
1881,37,943.0,798.0,0.00,0.00,0.00,0,16.09
1883,36,968.0,787.0,0.00,0.00,0.00,0,19.95
1883,37,943.0,798.0,0.00,0.00,0.00,0,19.95
2064,38,748.0,256.0,0.00,0.00,0.00,0,12.01
2065,38,748.0,255.7,0.00,-0.01,0.01,0,7.48
2065,39,758.0,269.0,0.00,0.00,0.00,0,12.01
2066,38,750.1,258.8,0.14,0.20,0.24,0,6.31
2066,39,761.6,272.9,0.09,0.10,0.13,0,7.48
2068,38,750.1,258.9,0.14,0.20,0.24,0,9.97
2068,39,761.6,273.0,0.09,0.10,0.13,0,10.86
2069,38,750.1,258.9,0.14,0.20,0.24,0,12.12
2069,39,761.6,273.0,0.09,0.10,0.13,0,13.00
2070,38,750.1,258.9,0.14,0.20,0.24,0,14.47
2070,39,761.6,273.0,0.09,0.10,0.13,0,15.29
2117,40,791.0,960.0,0.00,0.00,0.00,0,12.01
2119,42,284.0,911.0,0.00,0.00,0.00,0,12.01
2120,42,282.4,911.0,-0.04,0.00,0.04,0,7.47
2120,43,294.0,909.0,0.00,0.00,0.00,0,12.01
2121,42,284.3,911.0,0.09,0.00,0.09,0,6.31
2123,42,284.3,911.0,0.09,0.00,0.09,0,10.02
2124,42,284.4,911.0,0.09,0.00,0.09,0,12.14
2125,42,284.4,911.0,0.09,0.00,0.09,0,14.56
2338,47,2028.0,1075.0,0.00,0.00,0.00,0,12.01
2338,48,2022.0,1089.0,0.00,0.00,0.00,0,12.01
2339,47,2028.0,1075.0,0.00,0.00,0.00,0,14.04
2339,48,2022.0,1089.0,0.00,0.00,0.00,0,14.04
2340,47,2028.0,1075.0,0.00,0.00,0.00,0,16.09
2342,47,2028.0,1075.0,0.00,0.00,0.00,0,19.98
2375,49,640.0,377.0,0.00,0.00,0.00,0,12.01
2375,50,1149.0,1162.0,0.00,0.00,0.00,0,12.01
2375,51,1141.0,1167.0,0.00,0.00,0.00,0,12.01
2375,52,1063.0,1389.0,0.00,0.00,0.00,0,12.01
2377,54,1157.0,1159.0,0.00,0.00,0.00,0,12.01
2377,55,1041.0,1387.0,0.00,0.00,0.00,0,12.01
2377,56,1029.0,1389.0,0.00,0.00,0.00,0,12.01
2378,54,1157.0,1159.0,0.00,0.00,0.00,0,14.03
2378,55,1038.1,1387.0,-0.06,0.00,0.06,0,7.47
2378,56,1026.7,1389.7,-0.05,0.01,0.05,0,7.47
2379,55,1034.7,1387.3,-0.28,0.02,0.28,0,6.31
2379,54,1157.0,1159.0,0.00,0.00,0.00,0,16.08
2381,55,1034.6,1387.3,-0.28,0.02,0.28,0,10.01
2381,54,1157.0,1159.0,0.00,0.00,0.00,0,19.98
2382,55,1034.6,1387.3,-0.28,0.02,0.28,0,12.13
2383,55,1034.6,1387.3,-0.28,0.02,0.28,0,14.48
2441,57,713.0,1355.0,0.00,0.00,0.00,0,12.01
2442,57,712.0,1350.7,-0.02,-0.10,0.11,0,7.48
2443,57,711.8,1348.7,-0.04,-0.23,0.24,0,6.31
2443,58,709.0,1330.0,0.00,0.00,0.00,0,12.01
2445,57,711.7,1348.7,-0.04,-0.23,0.24,0,9.96
2445,58,709.0,1330.0,0.00,0.00,0.00,0,15.12
2446,57,711.7,1348.7,-0.04,-0.23,0.24,0,12.13
2446,58,709.0,1330.0,0.00,0.00,0.00,0,17.24
2447,57,711.7,1348.7,-0.04,-0.23,0.24,0,14.52
2447,58,709.0,1330.0,0.00,0.00,0.00,0,19.52
2570,59,783.0,1235.0,0.00,0.00,0.00,0,12.01
2571,59,788.9,1225.8,0.15,-0.24,0.28,0,7.48
2572,59,792.0,1220.5,0.36,-0.59,0.69,0,6.31
2572,60,807.0,1208.0,0.00,0.00,0.00,0,12.01
2574,59,792.1,1220.3,0.36,-0.59,0.69,0,9.96
2574,60,807.0,1208.0,0.00,0.00,0.00,0,15.12
2575,59,792.1,1220.3,0.36,-0.59,0.69,0,12.13
2575,60,807.0,1208.0,0.00,0.00,0.00,0,17.24
2576,59,792.1,1220.3,0.36,-0.59,0.69,0,14.47
2576,60,807.0,1208.0,0.00,0.00,0.00,0,19.49
2853,61,1148.0,1408.0,0.00,0.00,0.00,0,12.01
2854,61,1147.7,1406.4,-0.01,-0.04,0.04,0,7.48
2855,61,1147.7,1406.4,-0.01,-0.04,0.04,0,9.52
2857,61,1147.7,1406.3,-0.01,-0.04,0.04,0,13.30
2858,61,1147.7,1406.3,-0.01,-0.04,0.04,0,15.47
3005,62,649.0,1210.0,0.00,0.00,0.00,0,12.01
3007,64,682.0,1187.0,0.00,0.00,0.00,0,12.01
3007,65,668.0,1198.0,0.00,0.00,0.00,0,12.01
3008,64,681.7,1187.3,-0.01,0.01,0.01,0,7.47
3008,65,675.9,1190.8,0.20,-0.18,0.27,0,7.47
3009,64,684.1,1184.7,0.15,-0.17,0.22,0,6.31
3011,64,684.1,1184.6,0.15,-0.17,0.22,0,9.96
3012,64,684.1,1184.6,0.15,-0.17,0.22,0,12.12
3013,64,684.1,1184.6,0.15,-0.17,0.22,0,14.47
3044,66,337.0,840.0,0.00,0.00,0.00,0,12.01
3044,67,328.0,852.0,0.00,0.00,0.00,0,12.01
3046,68,317.0,864.0,0.00,0.00,0.00,0,12.01
3047,68,317.0,864.0,0.00,0.00,0.00,0,14.02
3048,68,317.0,864.0,0.00,0.00,0.00,0,16.06
3050,68,317.0,864.0,0.00,0.00,0.00,0,19.85
3105,69,792.0,1374.0,0.00,0.00,0.00,0,12.01
3106,69,789.4,1371.7,-0.06,-0.06,0.09,0,7.47
3107,69,792.4,1377.4,0.13,0.31,0.34,0,6.31
3109,69,792.4,1377.5,0.13,0.31,0.34,0,9.97
3110,69,792.4,1377.5,0.13,0.31,0.34,0,12.12
3111,69,792.4,1377.5,0.13,0.31,0.34,0,14.46
3154,70,452.0,958.0,0.00,0.00,0.00,0,12.01
3155,70,452.7,958.0,0.02,0.00,0.02,0,7.48
3156,70,452.7,958.0,0.02,0.00,0.02,0,9.52
3158,70,452.7,958.0,0.02,0.00,0.02,0,13.31
3159,70,452.7,958.0,0.02,0.00,0.02,0,15.47
3207,71,791.0,1129.0,0.00,0.00,0.00,0,12.01
3208,71,790.7,1129.0,-0.01,0.00,0.01,0,7.48
3209,71,790.7,1129.0,-0.01,0.00,0.01,0,9.52
3209,72,855.0,1108.0,0.00,0.00,0.00,0,12.01
3211,71,790.7,1129.0,-0.01,0.00,0.01,0,13.30
3211,72,855.0,1108.0,0.00,0.00,0.00,0,15.13
3212,71,790.7,1129.0,-0.01,0.00,0.01,0,15.47
3212,72,855.0,1108.0,0.00,0.00,0.00,0,17.24
3213,72,855.0,1108.0,0.00,0.00,0.00,0,19.49
3244,73,865.0,914.0,0.00,0.00,0.00,0,12.01
3245,73,864.7,912.7,-0.01,-0.03,0.03,0,7.51
3245,74,865.0,898.0,0.00,0.00,0.00,0,12.03
3246,73,864.8,909.2,0.00,-0.40,0.40,0,6.32
3248,73,864.8,909.0,0.00,-0.40,0.40,0,9.99
3249,73,864.8,909.0,0.00,-0.40,0.40,0,12.31
3250,73,864.8,909.0,0.00,-0.40,0.40,0,14.73
3281,75,329.0,697.0,0.00,0.00,0.00,0,12.01
3281,76,335.0,698.0,0.00,0.00,0.00,0,12.01
3289,77,382.0,1066.0,0.00,0.00,0.00,0,12.01
3290,77,382.0,1066.3,0.00,0.01,0.01,0,7.47
3290,78,394.0,1049.0,0.00,0.00,0.00,0,12.01
3291,77,384.8,1062.1,0.19,-0.27,0.32,0,6.31
3293,77,384.9,1062.1,0.19,-0.27,0.32,0,9.97
3294,77,384.9,1062.1,0.19,-0.27,0.32,0,12.13
3295,77,384.9,1062.0,0.19,-0.27,0.32,0,14.47
3326,79,798.0,1033.0,0.00,0.00,0.00,0,12.01
3328,81,863.0,1023.0,0.00,0.00,0.00,0,12.01
3329,81,863.0,1023.0,0.00,0.00,0.00,0,14.02
3329,82,1371.0,431.0,0.00,0.00,0.00,0,12.00
3329,83,1363.0,434.0,0.00,0.00,0.00,0,12.00
3329,84,1367.0,443.0,0.00,0.00,0.00,0,12.00
3330,81,863.0,1023.0,0.00,0.00,0.00,0,16.05
3332,81,863.0,1023.0,0.00,0.00,0.00,0,19.76
3384,85,661.0,1338.0,0.00,0.00,0.00,0,12.01
3385,85,665.6,1337.7,0.11,-0.01,0.11,0,7.47
3386,85,667.5,1337.5,0.24,-0.02,0.24,0,6.31
3386,86,685.0,1337.0,0.00,0.00,0.00,0,12.01
3388,85,667.6,1337.5,0.24,-0.02,0.24,0,10.00
3388,86,685.0,1337.0,0.00,0.00,0.00,0,15.15
3389,85,667.6,1337.5,0.24,-0.02,0.24,0,12.13
3389,86,685.0,1337.0,0.00,0.00,0.00,0,17.24
3390,85,667.6,1337.5,0.24,-0.02,0.24,0,14.47
3390,86,685.0,1337.0,0.00,0.00,0.00,0,19.49
3426,87,929.0,1375.0,0.00,0.00,0.00,0,12.01
3427,87,929.0,1375.0,0.00,0.00,0.00,0,7.47
3427,88,941.0,1367.0,0.00,0.00,0.00,0,12.01
3428,87,931.8,1373.2,0.18,-0.12,0.22,0,6.31
3428,88,944.3,1364.1,0.08,-0.07,0.11,0,7.48
3430,87,931.9,1373.2,0.18,-0.12,0.22,0,9.96
3430,88,944.3,1364.0,0.08,-0.07,0.11,0,10.85
3431,87,931.9,1373.2,0.18,-0.12,0.22,0,12.13
3431,88,944.3,1364.0,0.08,-0.07,0.11,0,13.00
3432,87,931.9,1373.2,0.18,-0.12,0.22,0,14.48
3432,88,944.3,1364.0,0.08,-0.07,0.11,0,15.30
3478,89,1063.0,1359.0,0.00,0.00,0.00,0,12.01
3479,89,1062.7,1359.0,-0.01,0.00,0.01,0,7.48
3479,90,1070.0,1354.0,0.00,0.00,0.00,0,12.01
3480,89,1064.3,1358.0,0.10,-0.07,0.12,0,6.31
3482,89,1064.3,1358.0,0.10,-0.07,0.12,0,9.94
3483,89,1064.3,1358.0,0.10,-0.07,0.12,0,12.13
3484,89,1064.3,1357.9,0.10,-0.07,0.12,0,14.47
3600,91,793.0,1049.0,0.00,0.00,0.00,0,12.01
3601,91,793.0,1049.0,0.00,0.00,0.00,0,14.04
3602,91,793.0,1049.0,0.00,0.00,0.00,0,16.09
3604,91,793.0,1049.0,0.00,0.00,0.00,0,19.98
3637,92,786.0,310.0,0.00,0.00,0.00,0,12.01
3637,93,1014.0,1294.0,0.00,0.00,0.00,0,12.01
3637,94,1009.0,1312.0,0.00,0.00,0.00,0,12.01
3638,92,786.0,310.0,0.00,0.00,0.00,0,14.07
3638,93,1012.4,1299.2,-0.04,0.13,0.13,0,7.50
3638,94,1008.3,1318.2,-0.02,0.15,0.15,0,7.50
3639,93,1011.5,1306.1,-0.12,0.79,0.80,0,6.31
3639,92,786.0,310.0,0.00,0.00,0.00,0,16.12
3641,93,1011.5,1306.4,-0.12,0.79,0.80,0,9.97
3641,92,786.0,310.0,0.00,0.00,0.00,0,20.04
3642,93,1011.5,1306.4,-0.12,0.79,0.80,0,12.01
3643,93,1011.5,1306.4,-0.12,0.79,0.80,0,14.42
3693,95,862.0,736.0,0.00,0.00,0.00,0,12.01
3694,95,862.3,736.0,0.01,0.00,0.01,0,7.48
3694,96,883.0,739.0,0.00,0.00,0.00,0,12.01
3695,95,867.4,736.8,0.34,0.05,0.35,0,6.31
3695,96,888.9,740.3,0.15,0.03,0.15,0,7.48
3697,95,867.5,736.8,0.34,0.05,0.35,0,10.02
3697,96,888.9,740.3,0.15,0.03,0.15,0,10.90
3698,95,867.5,736.8,0.34,0.05,0.35,0,12.12
3698,96,888.9,740.3,0.15,0.03,0.15,0,13.00
3699,95,867.5,736.8,0.34,0.05,0.35,0,14.47
3699,96,888.9,740.3,0.15,0.03,0.15,0,15.30
3742,97,1325.0,1189.0,0.00,0.00,0.00,0,12.01
3743,97,1325.0,1189.0,0.00,0.00,0.00,0,14.04
3744,97,1325.0,1189.0,0.00,0.00,0.00,0,16.09
3746,97,1325.0,1189.0,0.00,0.00,0.00,0,19.96
3779,98,778.0,1270.0,0.00,0.00,0.00,0,12.01
3779,99,764.0,1281.0,0.00,0.00,0.00,0,12.01
3781,100,807.0,1250.0,0.00,0.00,0.00,0,12.01
3781,101,791.0,1261.0,0.00,0.00,0.00,0,12.01
3782,100,806.7,1250.3,-0.01,0.01,0.01,0,7.47
3782,101,801.2,1254.8,0.24,-0.15,0.28,0,7.47
3783,100,810.6,1248.4,0.24,-0.11,0.26,0,6.30
3785,100,810.7,1248.4,0.24,-0.11,0.26,0,9.95
3786,100,810.7,1248.4,0.24,-0.11,0.26,0,12.12
3787,100,810.7,1248.4,0.24,-0.11,0.26,0,14.46
3853,103,1262.0,897.0,0.00,0.00,0.00,0,12.01
3854,103,1262.0,897.0,0.00,0.00,0.00,0,14.04
3855,103,1262.0,897.0,0.00,0.00,0.00,0,16.09
3857,103,1262.0,897.0,0.00,0.00,0.00,0,19.96
3890,104,692.0,1300.0,0.00,0.00,0.00,0,12.01
3891,104,692.0,1300.0,0.00,0.00,0.00,0,14.08
3892,104,692.0,1300.0,0.00,0.00,0.00,0,16.14
3892,105,656.0,1326.0,0.00,0.00,0.00,0,12.01
3894,104,692.0,1300.0,0.00,0.00,0.00,0,20.13
3894,105,656.0,1326.0,0.00,0.00,0.00,0,15.08
3895,105,656.0,1326.0,0.00,0.00,0.00,0,17.27
3896,105,656.0,1326.0,0.00,0.00,0.00,0,19.56
4034,106,917.0,1415.0,0.00,0.00,0.00,0,12.01
4035,106,917.0,1415.0,0.00,0.00,0.00,0,14.04
4036,106,916.6,1414.3,-0.02,-0.03,0.04,0,7.87
4036,107,917.0,1420.0,0.00,0.00,0.00,0,12.01
4038,106,916.6,1414.3,-0.02,-0.03,0.04,0,11.52
4038,107,917.0,1420.0,0.00,0.00,0.00,0,15.12
4039,106,916.6,1414.3,-0.02,-0.03,0.04,0,13.68
4039,107,917.0,1420.0,0.00,0.00,0.00,0,17.24
4040,106,916.6,1414.3,-0.02,-0.03,0.04,0,16.02
4040,107,917.0,1420.0,0.00,0.00,0.00,0,19.48
4120,108,697.0,1310.0,0.00,0.00,0.00,0,12.01
4121,108,697.0,1310.0,0.00,0.00,0.00,0,14.04
4122,108,693.1,1304.4,-0.18,-0.27,0.33,0,7.87
4124,108,693.1,1304.3,-0.18,-0.27,0.33,0,11.53
4125,108,693.1,1304.3,-0.18,-0.27,0.33,0,13.69
4126,108,693.1,1304.3,-0.18,-0.27,0.33,0,16.07
4157,110,882.0,1118.0,0.00,0.00,0.00,0,12.01
4157,111,867.0,1137.0,0.00,0.00,0.00,0,12.01
4159,113,916.0,1086.0,0.00,0.00,0.00,0,12.01
4159,114,897.0,1101.0,0.00,0.00,0.00,0,12.01
4160,113,915.7,1086.7,-0.01,0.01,0.02,0,7.46
4160,114,897.0,1101.0,0.00,0.00,0.00,0,14.02
4160,115,935.0,1074.0,0.00,0.00,0.00,0,12.00
4161,113,920.4,1083.7,0.20,-0.12,0.23,0,6.28
4161,114,897.0,1101.0,0.00,0.00,0.00,0,16.04
4163,113,920.4,1083.6,0.20,-0.12,0.23,0,9.69
4163,114,897.0,1101.0,0.00,0.00,0.00,0,19.60
4164,113,920.4,1083.6,0.20,-0.12,0.23,0,11.91
4165,113,920.4,1083.6,0.20,-0.12,0.23,0,14.24
4196,116,1444.0,1066.0,0.00,0.00,0.00,0,12.01
4196,117,1433.0,1077.0,0.00,0.00,0.00,0,12.01
4198,118,1466.0,1045.0,0.00,0.00,0.00,0,12.01
4198,119,1454.0,1056.0,0.00,0.00,0.00,0,12.01
4199,118,1465.7,1045.3,-0.01,0.01,0.01,0,7.46
4199,119,1462.2,1048.8,0.17,-0.15,0.22,0,7.46
4200,118,1465.7,1045.3,-0.01,0.01,0.01,0,9.48
4202,118,1465.7,1045.3,-0.01,0.01,0.01,0,13.07
4203,118,1465.7,1045.3,-0.01,0.01,0.01,0,15.27
4236,120,679.0,291.0,0.00,0.00,0.00,0,12.01
4237,120,678.0,292.0,-0.03,0.03,0.04,0,7.47
4238,120,677.0,293.3,-0.09,0.11,0.14,0,6.31
4240,120,677.0,293.3,-0.09,0.11,0.14,0,9.99
4241,120,677.0,293.3,-0.09,0.11,0.14,0,12.13
4242,120,677.0,293.3,-0.09,0.11,0.14,0,14.47
4403,121,1075.0,653.0,0.00,0.00,0.00,0,12.01
4405,123,1081.0,619.0,0.00,0.00,0.00,0,12.01
4405,124,1079.0,639.0,0.00,0.00,0.00,0,12.01
4406,123,1081.0,620.3,0.00,0.03,0.03,0,7.47
4406,124,1079.0,639.0,0.00,0.00,0.00,0,14.04
4407,123,1081.3,615.9,0.02,-0.26,0.26,0,6.31
4407,124,1079.0,639.0,0.00,0.00,0.00,0,16.09
4409,123,1081.3,615.8,0.02,-0.26,0.26,0,9.96
4409,124,1079.0,639.0,0.00,0.00,0.00,0,19.95
4410,123,1081.3,615.8,0.02,-0.26,0.26,0,12.13
4411,123,1081.3,615.8,0.02,-0.26,0.26,0,14.52
4517,126,868.0,1090.0,0.00,0.00,0.00,0,12.01
4518,126,868.0,1090.0,0.00,0.00,0.00,0,14.04
4519,126,868.0,1090.0,0.00,0.00,0.00,0,16.09
4519,127,799.0,1052.0,0.00,0.00,0.00,0,12.01
4521,126,868.0,1090.0,0.00,0.00,0.00,0,19.98
4521,127,799.0,1052.0,0.00,0.00,0.00,0,15.14
4522,127,799.0,1052.0,0.00,0.00,0.00,0,17.24
4523,127,799.0,1052.0,0.00,0.00,0.00,0,19.53
4555,130,504.0,650.0,0.00,0.00,0.00,0,12.03
4555,131,521.0,660.0,0.00,0.00,0.00,0,12.03
4556,130,509.6,653.3,0.23,0.14,0.27,0,7.48
4556,131,526.6,663.0,0.23,0.12,0.27,0,7.48
4557,130,517.1,657.8,0.75,0.45,0.88,0,6.29
4559,130,517.3,658.0,0.75,0.45,0.88,0,9.77
4560,130,517.4,658.0,0.75,0.45,0.88,0,12.00
4561,130,517.4,658.0,0.75,0.45,0.88,0,14.33
4600,133,1110.0,383.0,0.00,0.00,0.00,0,12.01
4600,134,1106.0,388.0,0.00,0.00,0.00,0,12.01
4600,135,1097.0,398.0,0.00,0.00,0.00,0,12.01
4601,133,1109.0,384.0,-0.02,0.02,0.03,0,7.47
4601,134,1110.9,382.1,0.12,-0.15,0.19,0,7.47
4601,135,1097.0,398.0,0.00,0.00,0.00,0,14.04
4601,136,1125.0,366.0,0.00,0.00,0.00,0,12.01
4602,133,1112.4,380.4,0.19,-0.21,0.29,0,6.31
4602,135,1097.0,398.0,0.00,0.00,0.00,0,16.09
4604,133,1112.4,380.3,0.19,-0.21,0.29,0,9.96
4604,135,1097.0,398.0,0.00,0.00,0.00,0,19.96
4605,133,1112.4,380.3,0.19,-0.21,0.29,0,12.13
4606,133,1112.4,380.3,0.19,-0.21,0.29,0,14.48
5078,137,1130.0,1138.0,0.00,0.00,0.00,0,12.01
5078,138,1124.0,1143.0,0.00,0.00,0.00,0,12.01
5078,139,1079.0,1150.0,0.00,0.00,0.00,0,12.01
5080,142,1210.0,1123.0,0.00,0.00,0.00,0,12.01
5080,143,1167.0,1131.0,0.00,0.00,0.00,0,12.01
5081,142,1210.0,1123.7,0.00,0.02,0.02,0,7.47
5081,143,1167.0,1131.0,0.00,0.00,0.00,0,14.04
5081,144,1253.0,1117.0,0.00,0.00,0.00,0,12.01
5082,142,1210.0,1123.7,0.00,0.02,0.02,0,9.52
5082,143,1167.0,1131.0,0.00,0.00,0.00,0,16.09
5084,142,1210.0,1123.7,0.00,0.02,0.02,0,13.32
5084,143,1167.0,1131.0,0.00,0.00,0.00,0,19.98
5085,142,1210.0,1123.7,0.00,0.02,0.02,0,15.46
5253,147,643.0,429.0,0.00,0.00,0.00,0,12.01
5254,147,643.0,429.0,0.00,0.00,0.00,0,14.04
5255,147,643.0,429.0,0.00,0.00,0.00,0,16.09
5257,147,643.0,429.0,0.00,0.00,0.00,0,19.96
5332,148,794.0,1351.0,0.00,0.00,0.00,0,12.01
5333,148,793.3,1350.7,-0.02,-0.01,0.02,0,7.47
5334,148,793.3,1350.7,-0.02,-0.01,0.02,0,9.52
5336,148,793.3,1350.7,-0.02,-0.01,0.02,0,13.33
5337,148,793.3,1350.7,-0.02,-0.01,0.02,0,15.46
5559,149,976.0,257.0,0.00,0.00,0.00,0,12.01
5560,149,975.3,257.0,-0.02,0.00,0.02,0,7.48
5560,150,987.0,263.0,0.00,0.00,0.00,0,12.01
5561,149,978.1,258.3,0.17,0.09,0.19,0,6.31
5561,150,989.9,264.6,0.07,0.04,0.08,0,7.48
5563,149,978.1,258.3,0.17,0.09,0.19,0,10.01
5563,150,990.0,264.6,0.07,0.04,0.08,0,10.90
5564,149,978.1,258.3,0.17,0.09,0.19,0,12.13
5564,150,990.0,264.7,0.07,0.04,0.08,0,13.00
5565,149,978.1,258.3,0.17,0.09,0.19,0,14.48
5565,150,990.0,264.7,0.07,0.04,0.08,0,15.30
5596,151,1031.0,408.0,0.00,0.00,0.00,0,12.01
5596,152,1030.0,421.0,0.00,0.00,0.00,0,12.01
5597,151,1030.0,408.3,-0.02,0.01,0.03,0,7.49
5597,152,1030.0,421.0,0.00,0.00,0.00,0,14.06
5598,151,1030.0,408.3,-0.02,0.01,0.03,0,9.53
5600,151,1030.0,408.3,-0.02,0.01,0.03,0,13.32
5601,151,1030.0,408.3,-0.02,0.01,0.03,0,15.43
5865,153,1045.0,675.0,0.00,0.00,0.00,0,12.01
5866,153,1045.3,675.3,0.01,0.01,0.01,0,7.47
5867,153,1051.4,672.9,0.40,-0.15,0.43,0,6.31
5869,153,1051.5,672.9,0.40,-0.15,0.43,0,9.98
5870,153,1051.5,672.9,0.40,-0.15,0.43,0,12.13
5871,153,1051.5,672.9,0.40,-0.15,0.43,0,14.47
5909,154,795.0,1057.0,0.00,0.00,0.00,0,12.01
5909,155,814.0,1068.0,0.00,0.00,0.00,0,12.01
5911,158,768.0,1028.0,0.00,0.00,0.00,0,12.01
5911,159,781.0,1047.0,0.00,0.00,0.00,0,12.01
5912,158,767.7,1027.7,-0.01,-0.01,0.01,0,7.48
5912,159,781.0,1047.0,0.00,0.00,0.00,0,14.04
5913,158,767.7,1027.7,-0.01,-0.01,0.01,0,9.52
5913,159,781.0,1047.0,0.00,0.00,0.00,0,16.09
5915,158,767.7,1027.7,-0.01,-0.01,0.01,0,13.31
5915,159,781.0,1047.0,0.00,0.00,0.00,0,19.97
5916,158,767.7,1027.7,-0.01,-0.01,0.01,0,15.48
5948,160,985.0,972.0,0.00,0.00,0.00,0,12.01
5948,161,1005.0,971.0,0.00,0.00,0.00,0,12.01
5948,162,1250.0,1123.0,0.00,0.00,0.00,0,12.01
5950,164,945.0,981.0,0.00,0.00,0.00,0,12.01
5950,165,1259.0,1144.0,0.00,0.00,0.00,0,12.01
5950,166,1268.0,1170.0,0.00,0.00,0.00,0,12.01
5951,164,945.3,980.7,0.01,-0.01,0.01,0,7.47
5951,165,1259.0,1144.0,0.00,0.00,0.00,0,14.03
5951,166,1268.0,1170.0,0.00,0.00,0.00,0,14.03
5951,167,926.0,989.0,0.00,0.00,0.00,0,12.01
5952,164,940.6,982.8,-0.29,0.13,0.31,0,6.30
5952,165,1259.0,1144.0,0.00,0.00,0.00,0,16.08
5952,166,1268.0,1170.0,0.00,0.00,0.00,0,16.08
5954,164,940.5,982.8,-0.29,0.13,0.31,0,9.92
5954,165,1259.0,1144.0,0.00,0.00,0.00,0,19.89
5954,166,1268.0,1170.0,0.00,0.00,0.00,0,19.89
5955,164,940.5,982.9,-0.29,0.13,0.31,0,12.13
5956,164,940.5,982.9,-0.29,0.13,0.31,0,14.48
5987,168,531.0,557.0,0.00,0.00,0.00,0,12.01
5987,169,534.0,578.0,0.00,0.00,0.00,0,12.01
5987,170,1313.0,1062.0,0.00,0.00,0.00,0,12.01
5987,171,1333.0,1066.0,0.00,0.00,0.00,0,12.01
5989,172,535.0,597.0,0.00,0.00,0.00,0,12.01
5989,173,538.0,622.0,0.00,0.00,0.00,0,12.01
5990,172,536.0,604.9,0.02,0.17,0.17,0,7.47
5990,173,539.3,628.9,0.03,0.15,0.15,0,7.47
5991,172,537.5,613.9,0.12,0.74,0.75,0,6.31
5991,173,541.0,637.1,0.14,0.67,0.68,0,6.31
5993,172,537.6,614.1,0.12,0.74,0.75,0,9.97
5993,173,541.1,637.3,0.14,0.67,0.68,0,9.97
5994,172,537.6,614.1,0.12,0.74,0.75,0,12.12
5994,173,541.1,637.3,0.14,0.67,0.68,0,12.12
5995,172,537.6,614.1,0.12,0.74,0.75,0,14.47
5995,173,541.1,637.4,0.14,0.67,0.68,0,14.47
6026,174,861.0,654.0,0.00,0.00,0.00,0,12.01
6026,175,871.0,659.0,0.00,0.00,0.00,0,12.01
6026,176,313.0,667.0,0.00,0.00,0.00,0,12.01
6026,177,319.0,675.0,0.00,0.00,0.00,0,12.01
6028,178,581.0,618.0,0.00,0.00,0.00,0,12.01
6028,179,595.0,620.0,0.00,0.00,0.00,0,12.01
6028,180,852.0,650.0,0.00,0.00,0.00,0,12.01
6028,181,326.0,683.0,0.00,0.00,0.00,0,12.01
6029,178,581.0,618.0,0.00,0.00,0.00,0,14.02
6029,179,595.0,620.0,0.00,0.00,0.00,0,14.02
6029,180,850.4,648.7,-0.03,-0.03,0.04,0,7.46
6029,181,327.0,683.3,0.02,0.01,0.02,0,7.46
6030,180,849.0,647.0,-0.09,-0.10,0.13,0,6.29
6030,181,328.3,683.5,0.07,0.01,0.07,0,6.29
6030,178,581.0,618.0,0.00,0.00,0.00,0,16.05
6032,180,849.0,646.9,-0.09,-0.10,0.13,0,9.89
6032,181,328.3,683.5,0.07,0.01,0.07,0,9.89
6032,178,581.0,618.0,0.00,0.00,0.00,0,19.80
6033,180,849.0,646.9,-0.09,-0.10,0.13,0,12.06
6033,181,328.3,683.5,0.07,0.01,0.07,0,12.06
6034,180,849.0,646.9,-0.09,-0.10,0.13,0,14.39
6034,181,328.3,683.5,0.07,0.01,0.07,0,14.39
6087,183,1283.0,1107.0,0.00,0.00,0.00,0,12.01
6088,183,1289.2,1104.7,0.15,-0.06,0.16,0,7.48
6089,183,1292.0,1103.8,0.34,-0.12,0.36,0,6.31
6089,184,1319.0,1092.0,0.00,0.00,0.00,0,12.01
6091,183,1292.1,1103.7,0.34,-0.12,0.36,0,10.00
6091,184,1319.0,1092.0,0.00,0.00,0.00,0,15.15
6092,183,1292.1,1103.7,0.34,-0.12,0.36,0,12.13
6092,184,1319.0,1092.0,0.00,0.00,0.00,0,17.24
6093,183,1292.1,1103.7,0.34,-0.12,0.36,0,14.54
6093,184,1319.0,1092.0,0.00,0.00,0.00,0,19.53
6127,185,1376.0,664.0,0.00,0.00,0.00,0,12.01
6128,185,1376.0,664.0,0.00,0.00,0.00,0,7.48
6128,186,1403.0,656.0,0.00,0.00,0.00,0,12.01
6129,185,1383.7,661.9,0.58,-0.15,0.60,0,6.35
6131,185,1383.9,661.9,0.58,-0.15,0.60,0,10.25
6132,185,1383.9,661.9,0.58,-0.15,0.60,0,12.40
6133,185,1383.9,661.9,0.58,-0.15,0.60,0,14.82
6220,187,886.0,1377.0,0.00,0.00,0.00,0,12.01
6221,187,885.7,1377.0,-0.01,0.00,0.01,0,7.47
6222,187,885.7,1377.0,-0.01,0.00,0.01,0,9.52
6224,187,885.7,1377.0,-0.01,0.00,0.01,0,13.32
6225,187,885.7,1377.0,-0.01,0.00,0.01,0,15.46
6260,188,562.0,455.0,0.00,0.00,0.00,0,12.00
6261,188,562.0,455.0,0.00,0.00,0.00,0,14.02
6262,188,562.0,455.0,0.00,0.00,0.00,0,16.12
6264,188,562.0,455.0,0.00,0.00,0.00,0,20.17
6301,189,1333.0,1284.0,0.00,0.00,0.00,0,12.01
6302,189,1333.0,1284.0,0.00,0.00,0.00,0,14.04
6303,189,1333.0,1284.0,0.00,0.00,0.00,0,16.09
6305,189,1333.0,1284.0,0.00,0.00,0.00,0,19.99
6338,190,1245.0,1096.0,0.00,0.00,0.00,0,12.01
6338,191,1235.0,1099.0,0.00,0.00,0.00,0,12.01
6342,192,1165.0,1119.0,0.00,0.00,0.00,0,12.01
6343,192,1164.3,1119.0,-0.02,0.00,0.02,0,7.47
6343,193,1143.0,1126.0,0.00,0.00,0.00,0,12.01
6344,192,1159.4,1120.5,-0.33,0.10,0.35,0,6.31
6344,193,1137.1,1128.0,-0.14,0.05,0.15,0,7.47
6346,192,1159.3,1120.6,-0.33,0.10,0.35,0,9.96
6346,193,1137.1,1128.0,-0.14,0.05,0.15,0,10.86
6347,192,1159.3,1120.6,-0.33,0.10,0.35,0,12.12
6347,193,1137.1,1128.0,-0.14,0.05,0.15,0,12.99
6348,192,1159.3,1120.6,-0.33,0.10,0.35,0,14.45
6348,193,1137.1,1128.0,-0.14,0.05,0.15,0,15.28
6526,194,1298.0,1102.0,0.00,0.00,0.00,0,12.01
6527,194,1289.2,1101.0,-0.23,-0.03,0.23,0,7.47
6527,195,1265.0,1094.0,0.00,0.00,0.00,0,12.01
6528,194,1289.1,1101.0,-0.23,-0.03,0.23,0,9.52
6530,194,1289.1,1101.0,-0.23,-0.03,0.23,0,13.29
6531,194,1289.1,1101.0,-0.23,-0.03,0.23,0,15.47
6563,196,973.0,1217.0,0.00,0.00,0.00,0,12.01
6563,197,957.0,1225.0,0.00,0.00,0.00,0,12.01
6565,199,789.0,764.0,0.00,0.00,0.00,0,12.01
6565,200,1012.0,1208.0,0.00,0.00,0.00,0,12.01
6565,201,991.0,1211.0,0.00,0.00,0.00,0,12.01
6566,199,789.0,764.0,0.00,0.00,0.00,0,14.02
6566,200,1011.7,1208.0,-0.01,0.00,0.01,0,7.46
6566,201,991.0,1211.0,0.00,0.00,0.00,0,14.02
6566,202,1033.0,1208.0,0.00,0.00,0.00,0,12.00
6567,200,1016.9,1207.7,0.24,-0.01,0.24,0,6.28
6567,199,789.0,764.0,0.00,0.00,0.00,0,16.04
6567,201,991.0,1211.0,0.00,0.00,0.00,0,16.04
6569,200,1017.0,1207.7,0.24,-0.01,0.24,0,9.71
6569,199,789.0,764.0,0.00,0.00,0.00,0,19.62
6569,201,991.0,1211.0,0.00,0.00,0.00,0,19.62
6570,200,1017.0,1207.7,0.24,-0.01,0.24,0,11.95
6571,200,1017.0,1207.7,0.24,-0.01,0.24,0,14.28
6652,204,385.0,603.0,0.00,0.00,0.00,0,12.01
6653,204,385.7,603.0,0.02,0.00,0.02,0,7.48
6653,205,371.0,604.0,0.00,0.00,0.00,0,12.01
6654,204,382.1,603.3,-0.22,0.02,0.22,0,6.31
6656,204,382.1,603.3,-0.22,0.02,0.22,0,9.99
6657,204,382.1,603.3,-0.22,0.02,0.22,0,12.13
6658,204,382.1,603.3,-0.22,0.02,0.22,0,14.47
6689,206,896.0,1166.0,0.00,0.00,0.00,0,12.01
6689,207,886.0,1178.0,0.00,0.00,0.00,0,12.01
6691,208,876.0,1191.0,0.00,0.00,0.00,0,12.01
6691,209,864.0,1203.0,0.00,0.00,0.00,0,12.01
6692,208,872.4,1194.9,-0.07,0.08,0.11,0,7.46
6692,209,859.4,1206.3,-0.09,0.07,0.11,0,7.46
6693,208,866.9,1199.6,-0.30,0.27,0.41,0,6.29
6695,208,866.8,1199.6,-0.30,0.27,0.41,0,9.86
6696,208,866.8,1199.7,-0.30,0.27,0.41,0,12.00
6697,208,866.8,1199.7,-0.30,0.27,0.41,0,14.34
6731,210,413.0,1164.0,0.00,0.00,0.00,0,12.01
6732,210,413.7,1161.4,0.02,-0.06,0.07,0,7.47
6733,210,413.7,1161.4,0.02,-0.06,0.07,0,9.51
6735,210,413.7,1161.4,0.02,-0.06,0.07,0,13.27
6736,210,413.7,1161.4,0.02,-0.06,0.07,0,15.45
6773,211,432.0,1203.0,0.00,0.00,0.00,0,12.01
6774,211,437.6,1199.1,0.15,-0.10,0.18,0,7.48
6775,211,440.0,1197.2,0.31,-0.22,0.38,0,6.31
6775,212,465.0,1182.0,0.00,0.00,0.00,0,12.01
6777,211,440.1,1197.2,0.31,-0.22,0.38,0,9.93
6777,212,465.0,1182.0,0.00,0.00,0.00,0,15.10
6778,211,440.1,1197.2,0.31,-0.22,0.38,0,12.13
6778,212,465.0,1182.0,0.00,0.00,0.00,0,17.24
6779,211,440.1,1197.2,0.31,-0.22,0.38,0,14.48
6779,212,465.0,1182.0,0.00,0.00,0.00,0,19.49
6903,213,1017.0,392.0,0.00,0.00,0.00,0,12.01
6904,213,1016.7,393.6,-0.01,0.04,0.04,0,7.48
6905,213,1016.7,393.6,-0.01,0.04,0.04,0,9.52
6907,213,1016.7,393.7,-0.01,0.04,0.04,0,13.31
6908,213,1016.7,393.7,-0.01,0.04,0.04,0,15.46
6940,214,689.0,559.0,0.00,0.00,0.00,0,12.01
6940,215,697.0,565.0,0.00,0.00,0.00,0,12.01
6941,214,692.0,562.0,0.07,0.07,0.10,0,7.51
6941,215,697.0,565.0,0.00,0.00,0.00,0,14.08
6942,214,693.3,564.8,0.21,0.37,0.43,0,6.32
6944,214,693.3,564.9,0.21,0.37,0.43,0,9.98
6945,214,693.3,564.9,0.21,0.37,0.43,0,12.00
6946,214,693.3,564.9,0.21,0.37,0.43,0,14.36
7150,216,937.0,734.0,0.00,0.00,0.00,0,12.01
7151,216,937.0,733.7,0.00,-0.01,0.01,0,7.47
7151,217,926.0,732.0,0.00,0.00,0.00,0,12.01
7152,216,933.4,733.2,-0.23,-0.04,0.24,0,6.31
7154,216,933.3,733.2,-0.23,-0.04,0.24,0,9.99
7155,216,933.3,733.2,-0.23,-0.04,0.24,0,12.13
7156,216,933.3,733.2,-0.23,-0.04,0.24,0,14.48
7187,218,889.0,843.0,0.00,0.00,0.00,0,12.01
7187,219,879.0,861.0,0.00,0.00,0.00,0,12.01
7196,220,1057.0,654.0,0.00,0.00,0.00,0,12.01
7196,221,1041.0,680.0,0.00,0.00,0.00,0,12.01
7198,222,1080.0,613.0,0.00,0.00,0.00,0,12.01
7198,223,1066.0,636.0,0.00,0.00,0.00,0,12.01
7199,222,1079.7,613.3,-0.01,0.01,0.01,0,7.48
7199,223,1066.0,636.0,0.00,0.00,0.00,0,14.04
7200,222,1084.6,605.0,0.32,-0.54,0.63,0,6.31
7200,223,1066.0,636.0,0.00,0.00,0.00,0,16.09
7202,222,1084.7,604.9,0.32,-0.54,0.63,0,9.94
7202,223,1066.0,636.0,0.00,0.00,0.00,0,19.93
7203,222,1084.7,604.9,0.32,-0.54,0.63,0,12.12
7204,222,1084.7,604.8,0.32,-0.54,0.63,0,14.46
7235,224,535.0,487.0,0.00,0.00,0.00,0,12.01
7236,224,533.4,492.9,-0.04,0.15,0.15,0,7.53
7237,224,533.4,492.9,-0.04,0.15,0.15,0,9.59
7239,224,533.3,492.9,-0.04,0.15,0.15,0,13.55
7240,224,533.3,492.9,-0.04,0.15,0.15,0,15.73
7283,225,824.0,1181.0,0.00,0.00,0.00,0,12.01
7284,225,823.7,1182.0,-0.01,0.03,0.03,0,7.48
7285,225,823.2,1183.5,-0.04,0.13,0.13,0,6.31
7285,226,817.0,1196.0,0.00,0.00,0.00,0,12.01
7287,225,823.2,1183.6,-0.04,0.13,0.13,0,9.97
7287,226,817.0,1196.0,0.00,0.00,0.00,0,15.13
7288,225,823.2,1183.6,-0.04,0.13,0.13,0,12.13
7288,226,817.0,1196.0,0.00,0.00,0.00,0,17.24
7289,225,823.2,1183.6,-0.04,0.13,0.13,0,14.47
7289,226,817.0,1196.0,0.00,0.00,0.00,0,19.49
7499,227,579.0,482.0,0.00,0.00,0.00,0,12.01
7500,227,579.0,482.0,0.00,0.00,0.00,0,14.04
7501,227,579.0,482.0,0.00,0.00,0.00,0,16.09
7503,227,579.0,482.0,0.00,0.00,0.00,0,19.97
7540,228,979.0,271.0,0.00,0.00,0.00,0,12.01
7541,228,978.7,271.7,-0.01,0.02,0.02,0,7.47
7542,228,979.3,267.9,0.03,-0.23,0.23,0,6.31
7544,228,979.3,267.8,0.03,-0.23,0.23,0,9.98
7545,228,979.3,267.8,0.03,-0.23,0.23,0,12.14
7546,228,979.3,267.8,0.03,-0.23,0.23,0,14.49
7580,229,923.0,1264.0,0.00,0.00,0.00,0,12.00
7582,231,906.0,1263.0,0.00,0.00,0.00,0,12.01
7582,232,898.0,1271.0,0.00,0.00,0.00,0,12.01
7583,231,903.7,1265.3,-0.06,0.06,0.08,0,7.48
7583,232,898.0,1271.0,0.00,0.00,0.00,0,14.04
7584,231,903.7,1265.3,-0.06,0.06,0.08,0,9.52
7586,231,903.7,1265.3,-0.06,0.06,0.08,0,13.36
7587,231,903.7,1265.3,-0.06,0.06,0.08,0,15.47
7642,234,865.0,1264.0,0.00,0.00,0.00,0,12.01
7643,234,865.0,1264.3,0.00,0.01,0.01,0,7.47
7643,235,851.0,1246.0,0.00,0.00,0.00,0,12.01
7644,234,861.7,1259.6,-0.22,-0.30,0.37,0,6.31
7646,234,861.6,1259.5,-0.22,-0.30,0.37,0,10.01
7647,234,861.6,1259.5,-0.22,-0.30,0.37,0,12.12
7648,234,861.6,1259.5,-0.22,-0.30,0.37,0,14.47
7988,236,929.0,650.0,0.00,0.00,0.00,0,12.01
7990,238,915.0,658.0,0.00,0.00,0.00,0,12.01
7990,239,899.0,668.0,0.00,0.00,0.00,0,12.01
7991,238,910.1,660.6,-0.12,0.06,0.14,0,7.48
7991,239,895.4,669.3,-0.09,0.03,0.09,0,7.48
7992,238,904.7,663.5,-0.48,0.26,0.54,0,6.31
7994,238,904.5,663.6,-0.48,0.26,0.54,0,9.98
7995,238,904.5,663.6,-0.48,0.26,0.54,0,12.12
7996,238,904.5,663.6,-0.48,0.26,0.54,0,14.46
8039,240,396.0,849.0,0.00,0.00,0.00,0,12.01
8040,240,396.0,849.0,0.00,0.00,0.00,0,14.04
8041,240,398.8,846.2,0.13,-0.13,0.18,0,7.87
8041,241,425.0,820.0,0.00,0.00,0.00,0,12.01
8043,240,398.8,846.2,0.13,-0.13,0.18,0,11.49
8043,241,425.0,820.0,0.00,0.00,0.00,0,15.11
8044,240,398.8,846.2,0.13,-0.13,0.18,0,13.68
8044,241,425.0,820.0,0.00,0.00,0.00,0,17.24
8045,240,398.8,846.2,0.13,-0.13,0.18,0,16.03
8045,241,425.0,820.0,0.00,0.00,0.00,0,19.49
8079,242,1402.0,1143.0,0.00,0.00,0.00,0,12.01
8080,242,1402.3,1143.0,0.01,0.00,0.01,0,7.47
8080,243,1388.0,1143.0,0.00,0.00,0.00,0,12.01
8081,242,1402.3,1143.0,0.01,0.00,0.01,0,9.52
8081,243,1388.0,1143.0,0.00,0.00,0.00,0,14.04
8083,242,1402.3,1143.0,0.01,0.00,0.01,0,13.30
8083,243,1388.0,1143.0,0.00,0.00,0.00,0,17.52
8084,242,1402.3,1143.0,0.01,0.00,0.01,0,15.45
8084,243,1388.0,1143.0,0.00,0.00,0.00,0,19.65
8219,244,892.0,1404.0,0.00,0.00,0.00,0,12.01
8221,246,921.0,1395.0,0.00,0.00,0.00,0,12.01
8221,247,905.0,1400.0,0.00,0.00,0.00,0,12.01
8222,246,921.0,1395.3,0.00,0.01,0.01,0,7.47
8222,247,914.5,1397.4,0.23,-0.06,0.24,0,7.47
8223,246,924.3,1394.5,0.22,-0.05,0.22,0,6.31
8225,246,924.4,1394.5,0.22,-0.05,0.22,0,9.96
8226,246,924.4,1394.5,0.22,-0.05,0.22,0,12.13
8227,246,924.4,1394.5,0.22,-0.05,0.22,0,14.47
8637,248,1330.0,957.0,0.00,0.00,0.00,0,12.01
8638,248,1330.0,957.0,0.00,0.00,0.00,0,14.04
8639,248,1329.3,963.0,-0.03,0.28,0.28,0,7.87
8639,249,1321.0,994.0,0.00,0.00,0.00,0,12.01
8641,248,1329.3,963.0,-0.03,0.28,0.28,0,11.54
8641,249,1321.0,994.0,0.00,0.00,0.00,0,15.14
8642,248,1329.3,963.0,-0.03,0.28,0.28,0,13.68
8642,249,1321.0,994.0,0.00,0.00,0.00,0,17.24
8643,248,1329.3,963.1,-0.03,0.28,0.28,0,16.08
8643,249,1321.0,994.0,0.00,0.00,0.00,0,19.52
8751,250,902.0,1232.0,0.00,0.00,0.00,0,12.01
8752,250,897.4,1229.1,-0.11,-0.07,0.14,0,7.48
8753,250,894.2,1227.0,-0.33,-0.21,0.39,0,6.31
8755,250,894.1,1226.9,-0.33,-0.21,0.39,0,9.95
8756,250,894.1,1226.9,-0.33,-0.21,0.39,0,12.12
8757,250,894.1,1226.9,-0.33,-0.21,0.39,0,14.47
8899,251,1557.0,802.0,0.00,0.00,0.00,0,12.01
8900,251,1556.7,802.3,-0.01,0.01,0.01,0,7.48
8901,251,1556.5,803.0,-0.02,0.05,0.06,0,6.31
8903,251,1556.5,803.0,-0.02,0.05,0.06,0,9.99
8904,251,1556.5,803.0,-0.02,0.05,0.06,0,12.13
8905,251,1556.5,803.0,-0.02,0.05,0.06,0,14.48
9118,252,1340.0,1085.0,0.00,0.00,0.00,0,12.01
9119,252,1340.0,1085.3,0.00,0.01,0.01,0,7.48
9119,253,1320.0,1075.0,0.00,0.00,0.00,0,12.01
9120,252,1334.9,1082.9,-0.34,-0.15,0.38,0,6.31
9122,252,1334.8,1082.9,-0.34,-0.15,0.38,0,9.96
9123,252,1334.8,1082.9,-0.34,-0.15,0.38,0,12.12
9124,252,1334.7,1082.9,-0.34,-0.15,0.38,0,14.46
9155,254,1346.0,1267.0,0.00,0.00,0.00,0,12.01
9155,255,1338.0,1272.0,0.00,0.00,0.00,0,12.01
9157,256,1345.0,1263.0,0.00,0.00,0.00,0,12.01
9158,256,1345.0,1263.0,0.00,0.00,0.00,0,14.02
9159,256,1345.0,1263.0,0.00,0.00,0.00,0,16.06
9161,256,1345.0,1263.0,0.00,0.00,0.00,0,19.83
9194,257,1415.0,891.0,0.00,0.00,0.00,0,12.01
9194,258,1404.0,898.0,0.00,0.00,0.00,0,12.01
9196,259,1380.0,919.0,0.00,0.00,0.00,0,12.01
9196,260,1371.0,932.0,0.00,0.00,0.00,0,12.01
9197,259,1377.4,922.9,-0.06,0.08,0.10,0,7.47
9197,260,1368.4,935.9,-0.06,0.08,0.10,0,7.47
9198,259,1373.9,928.1,-0.27,0.41,0.49,0,6.30
9200,259,1373.9,928.2,-0.27,0.41,0.49,0,9.93
9201,259,1373.9,928.2,-0.27,0.41,0.49,0,12.09
9202,259,1373.9,928.2,-0.27,0.41,0.49,0,14.43
9439,263,335.0,832.0,0.00,0.00,0.00,0,12.01
9439,264,319.0,842.0,0.00,0.00,0.00,0,12.01
9440,263,335.0,832.0,0.00,0.00,0.00,0,7.47
9440,264,329.5,835.1,0.26,-0.17,0.32,0,7.47
9441,263,338.3,829.7,0.22,-0.15,0.26,0,6.31
9443,263,338.4,829.6,0.22,-0.15,0.26,0,9.99
9444,263,338.4,829.6,0.22,-0.15,0.26,0,12.13
9445,263,338.4,829.6,0.22,-0.15,0.26,0,14.47
9597,266,808.0,1325.0,0.00,0.00,0.00,0,12.01
9598,266,808.7,1325.3,0.02,0.01,0.02,0,7.47
9599,266,804.1,1321.1,-0.27,-0.26,0.37,0,6.31
9601,266,804.0,1321.1,-0.27,-0.26,0.37,0,9.98
9602,266,804.0,1321.1,-0.27,-0.26,0.37,0,12.12
9603,266,804.0,1321.0,-0.27,-0.26,0.37,0,14.51
9698,267,415.0,1047.0,0.00,0.00,0.00,0,12.01
9700,269,445.0,1052.0,0.00,0.00,0.00,0,12.01
9700,270,470.0,1057.0,0.00,0.00,0.00,0,12.01
9701,269,453.8,1053.6,0.22,0.04,0.23,0,7.47
9701,270,482.1,1060.6,0.31,0.09,0.32,0,7.47
9702,270,488.0,1062.3,0.68,0.20,0.71,0,6.31
9702,269,453.9,1053.6,0.22,0.04,0.23,0,9.52
9704,270,488.2,1062.3,0.68,0.20,0.71,0,9.98
9704,269,453.9,1053.7,0.22,0.04,0.23,0,13.31
9705,270,488.2,1062.3,0.68,0.20,0.71,0,12.13
9705,269,453.9,1053.7,0.22,0.04,0.23,0,15.46
9706,270,488.2,1062.3,0.68,0.20,0.71,0,14.52
9738,273,1207.0,1378.0,0.00,0.00,0.00,0,12.02
9739,273,1207.0,1378.0,0.00,0.00,0.00,0,7.48
9739,274,1212.0,1364.0,0.00,0.00,0.00,0,12.01
9740,273,1208.0,1374.9,0.07,-0.20,0.21,0,6.30
9740,274,1213.0,1360.4,0.02,-0.07,0.08,0,7.47
9742,273,1208.0,1374.9,0.07,-0.20,0.21,0,9.85
9742,274,1213.0,1360.4,0.02,-0.07,0.08,0,10.75
9743,273,1208.0,1374.9,0.07,-0.20,0.21,0,12.06
9743,274,1213.0,1360.4,0.02,-0.07,0.08,0,12.92
9744,273,1208.1,1374.8,0.07,-0.20,0.21,0,14.38
9744,274,1213.0,1360.4,0.02,-0.07,0.08,0,15.20
9775,275,993.0,1068.0,0.00,0.00,0.00,0,12.01
9776,275,993.0,1068.0,0.00,0.00,0.00,0,14.09
9777,275,993.0,1068.0,0.00,0.00,0.00,0,16.16
9779,275,993.0,1068.0,0.00,0.00,0.00,0,20.25
9814,278,706.0,1254.0,0.00,0.00,0.00,0,12.01
9814,279,692.0,1262.0,0.00,0.00,0.00,0,12.01
9815,278,701.4,1256.6,-0.11,0.06,0.13,0,7.47
9815,279,687.1,1264.9,-0.12,0.07,0.14,0,7.47
9816,278,695.1,1260.1,-0.51,0.28,0.58,0,6.30
9818,278,695.0,1260.1,-0.51,0.28,0.58,0,9.95
9819,278,695.0,1260.1,-0.51,0.28,0.58,0,12.10
9820,278,695.0,1260.2,-0.51,0.28,0.58,0,14.45
9932,280,1412.0,693.0,0.00,0.00,0.00,0,12.01
9934,282,1437.0,653.0,0.00,0.00,0.00,0,12.01
9934,283,1430.0,666.0,0.00,0.00,0.00,0,12.01
9935,282,1437.0,653.0,0.00,0.00,0.00,0,7.47
9935,283,1430.0,666.0,0.00,0.00,0.00,0,14.04
9936,282,1437.0,653.0,0.00,0.00,0.00,0,9.52
9938,282,1437.0,653.0,0.00,0.00,0.00,0,13.31
9939,282,1437.0,653.0,0.00,0.00,0.00,0,15.46
9995,284,450.0,551.0,0.00,0.00,0.00,0,12.01
9997,286,470.0,525.0,0.00,0.00,0.00,0,12.01
9997,287,463.0,533.0,0.00,0.00,0.00,0,12.01
9998,286,470.0,525.0,0.00,0.00,0.00,0,14.04
9998,287,463.0,533.0,0.00,0.00,0.00,0,14.04
9999,286,470.0,525.0,0.00,0.00,0.00,0,16.09
10001,286,470.0,525.0,0.00,0.00,0.00,0,19.99
10034,291,947.0,622.0,0.00,0.00,0.00,0,12.01
10035,291,947.0,622.3,0.00,0.01,0.01,0,7.48
10036,291,947.0,622.3,0.00,0.01,0.01,0,9.52
10036,292,935.0,582.0,0.00,0.00,0.00,0,12.01
10038,291,947.0,622.3,0.00,0.01,0.01,0,13.34
10038,292,935.0,582.0,0.00,0.00,0.00,0,15.14
10039,291,947.0,622.3,0.00,0.01,0.01,0,15.46
10039,292,935.0,582.0,0.00,0.00,0.00,0,17.22
10040,292,935.0,582.0,0.00,0.00,0.00,0,19.46
10083,293,951.0,964.0,0.00,0.00,0.00,0,12.01
10084,293,947.7,966.6,-0.08,0.06,0.10,0,7.47
10085,293,946.0,968.0,-0.19,0.15,0.25,0,6.31
10085,294,932.0,981.0,0.00,0.00,0.00,0,12.01
10087,293,945.9,968.0,-0.19,0.15,0.25,0,9.97
10087,294,932.0,981.0,0.00,0.00,0.00,0,15.13
10088,293,945.9,968.1,-0.19,0.15,0.25,0,12.13
10088,294,932.0,981.0,0.00,0.00,0.00,0,17.24
10089,293,945.9,968.1,-0.19,0.15,0.25,0,14.47
10089,294,932.0,981.0,0.00,0.00,0.00,0,19.49
10120,295,956.0,619.0,0.00,0.00,0.00,0,12.01
10121,295,959.3,613.8,0.08,-0.13,0.15,0,7.48
10121,296,977.0,590.0,0.00,0.00,0.00,0,12.01
10122,295,963.6,607.9,0.40,-0.56,0.69,0,6.31
10124,295,963.7,607.7,0.40,-0.56,0.69,0,10.00
10125,295,963.7,607.7,0.40,-0.56,0.69,0,12.10
10126,295,963.7,607.7,0.40,-0.56,0.69,0,14.45
10157,297,318.0,1012.0,0.00,0.00,0.00,0,12.01
10157,298,317.0,1020.0,0.00,0.00,0.00,0,12.01
10159,299,339.0,1000.0,0.00,0.00,0.00,0,12.01
10159,300,327.0,1004.0,0.00,0.00,0.00,0,12.01
10160,299,338.7,1000.0,-0.01,0.00,0.01,0,7.47
10160,300,335.8,1002.4,0.18,-0.03,0.19,0,7.47
10161,299,346.0,999.7,0.44,-0.02,0.44,0,6.30
10163,299,346.1,999.7,0.44,-0.02,0.44,0,9.94
10164,299,346.1,999.7,0.44,-0.02,0.44,0,12.12
10165,299,346.1,999.7,0.44,-0.02,0.44,0,14.46
10454,301,1062.0,732.0,0.00,0.00,0.00,0,12.01
10455,301,1069.5,727.7,0.18,-0.10,0.21,0,7.47
10456,301,1069.5,727.7,0.18,-0.10,0.21,0,9.52
10456,302,1109.0,707.0,0.00,0.00,0.00,0,12.01
10458,301,1069.6,727.7,0.18,-0.10,0.21,0,13.29
10458,302,1109.0,707.0,0.00,0.00,0.00,0,15.13
10459,301,1069.6,727.7,0.18,-0.10,0.21,0,15.46
10459,302,1109.0,707.0,0.00,0.00,0.00,0,17.24
10460,302,1109.0,707.0,0.00,0.00,0.00,0,19.53
10630,303,994.0,366.0,0.00,0.00,0.00,0,12.01
10631,303,998.6,361.7,0.12,-0.11,0.16,0,7.47
10632,303,1001.3,359.2,0.29,-0.27,0.40,0,6.31
10634,303,1001.4,359.2,0.29,-0.27,0.40,0,10.02
10635,303,1001.4,359.2,0.29,-0.27,0.40,0,12.11
10636,303,1001.4,359.1,0.29,-0.27,0.40,0,14.47
10787,305,722.0,1339.0,0.00,0.00,0.00,0,12.01
10787,306,708.0,1347.0,0.00,0.00,0.00,0,12.01
10789,307,699.0,1352.0,0.00,0.00,0.00,0,12.01
10789,308,687.0,1362.0,0.00,0.00,0.00,0,12.01
10790,307,695.7,1354.6,-0.08,0.06,0.10,0,7.48
10790,308,684.4,1364.3,-0.06,0.06,0.09,0,7.48
10791,307,691.9,1357.8,-0.33,0.27,0.43,0,6.31
10793,307,691.8,1357.9,-0.33,0.27,0.43,0,9.98
10794,307,691.8,1357.9,-0.33,0.27,0.43,0,12.12
10795,307,691.8,1357.9,-0.33,0.27,0.43,0,14.47
10960,309,651.0,1273.0,0.00,0.00,0.00,0,12.01
10961,309,660.8,1273.7,0.24,0.02,0.24,0,7.48
10961,310,686.0,1279.0,0.00,0.00,0.00,0,12.01
10962,309,665.8,1274.5,0.57,0.07,0.58,0,6.31
10964,309,665.9,1274.5,0.57,0.07,0.58,0,9.95
10965,309,665.9,1274.5,0.57,0.07,0.58,0,12.13
10966,309,666.0,1274.5,0.57,0.07,0.58,0,14.47
11030,311,571.0,1283.0,0.00,0.00,0.00,0,12.01
11032,313,587.0,1279.0,0.00,0.00,0.00,0,12.01
11032,314,604.0,1280.0,0.00,0.00,0.00,0,12.01
11033,313,591.9,1279.3,0.12,0.01,0.12,0,7.47
11033,314,609.6,1281.0,0.14,0.02,0.14,0,7.47
11034,313,598.9,1280.0,0.58,0.05,0.58,0,6.31
11036,313,599.0,1280.0,0.58,0.05,0.58,0,9.95
11037,313,599.1,1280.0,0.58,0.05,0.58,0,12.12
11038,313,599.1,1280.0,0.58,0.05,0.58,0,14.47
11069,315,805.0,1395.0,0.00,0.00,0.00,0,12.01
11070,315,805.0,1395.0,0.00,0.00,0.00,0,14.08
11071,315,805.0,1395.0,0.00,0.00,0.00,0,16.13
11073,315,805.0,1395.0,0.00,0.00,0.00,0,20.07
11248,316,960.0,1302.0,0.00,0.00,0.00,0,12.01
11249,316,960.0,1302.7,0.00,0.02,0.02,0,7.47
11249,317,966.0,1288.0,0.00,0.00,0.00,0,12.01
11250,316,961.3,1298.9,0.08,-0.23,0.24,0,6.31
11252,316,961.3,1298.8,0.08,-0.23,0.24,0,9.96
11253,316,961.3,1298.8,0.08,-0.23,0.24,0,12.12
11254,316,961.3,1298.8,0.08,-0.23,0.24,0,14.52
11466,318,1172.0,1317.0,0.00,0.00,0.00,0,12.01
11467,318,1172.0,1317.0,0.00,0.00,0.00,0,7.47
11467,319,1158.0,1310.0,0.00,0.00,0.00,0,12.01
11468,318,1168.7,1315.2,-0.21,-0.11,0.24,0,6.31
11468,319,1154.1,1307.4,-0.09,-0.06,0.11,0,7.48
11470,318,1168.6,1315.2,-0.21,-0.11,0.24,0,9.97
11470,319,1154.0,1307.4,-0.09,-0.06,0.11,0,10.87
11471,318,1168.6,1315.2,-0.21,-0.11,0.24,0,12.14
11471,319,1154.0,1307.4,-0.09,-0.06,0.11,0,13.01
11472,318,1168.6,1315.2,-0.21,-0.11,0.24,0,14.49
11472,319,1154.0,1307.4,-0.09,-0.06,0.11,0,15.31
11540,320,892.0,1126.0,0.00,0.00,0.00,0,12.01
11541,320,892.0,1126.0,0.00,0.00,0.00,0,14.04
11542,320,892.0,1126.0,0.00,0.00,0.00,0,16.09
11544,320,892.0,1126.0,0.00,0.00,0.00,0,19.94
11578,323,876.0,1335.0,0.00,0.00,0.00,0,12.03
11579,323,874.7,1333.7,-0.06,-0.06,0.08,0,7.48
11580,323,874.3,1332.2,-0.09,-0.16,0.19,0,6.29
11582,323,874.2,1332.2,-0.09,-0.16,0.19,0,9.77
11583,323,874.2,1332.2,-0.09,-0.16,0.19,0,11.98
11584,323,874.2,1332.2,-0.09,-0.16,0.19,0,14.30
11709,324,590.0,1069.0,0.00,0.00,0.00,0,12.01
11710,324,590.0,1068.7,0.00,-0.01,0.01,0,7.48
11710,325,620.0,1057.0,0.00,0.00,0.00,0,12.01
11710,326,599.0,1065.0,0.00,0.00,0.00,0,12.01
11711,324,597.2,1065.9,0.48,-0.19,0.51,0,6.31
11711,325,626.9,1055.0,0.17,-0.05,0.18,0,7.47
11711,326,599.0,1065.0,0.00,0.00,0.00,0,14.04
11713,324,597.3,1065.9,0.48,-0.19,0.51,0,9.96
11713,325,626.9,1055.0,0.17,-0.05,0.18,0,10.86
11713,326,599.0,1065.0,0.00,0.00,0.00,0,17.51
11714,324,597.3,1065.9,0.48,-0.19,0.51,0,12.12
11714,325,626.9,1055.0,0.17,-0.05,0.18,0,13.00
11714,326,599.0,1065.0,0.00,0.00,0.00,0,19.66
11715,324,597.4,1065.9,0.48,-0.19,0.51,0,14.47
11715,325,626.9,1055.0,0.17,-0.05,0.18,0,15.29
11746,327,1052.0,1212.0,0.00,0.00,0.00,0,12.01
11746,328,1043.0,1224.0,0.00,0.00,0.00,0,12.01
11747,327,1051.7,1212.3,-0.01,0.01,0.01,0,7.49
11747,328,1049.6,1217.1,0.16,-0.17,0.24,0,7.49
11748,327,1054.3,1210.2,0.22,-0.18,0.29,0,6.31
11750,327,1054.4,1210.1,0.22,-0.18,0.29,0,9.93
11751,327,1054.4,1210.1,0.22,-0.18,0.29,0,12.05
11752,327,1054.4,1210.1,0.22,-0.18,0.29,0,14.44
11831,329,1320.0,1010.0,0.00,0.00,0.00,0,12.01
11833,331,1287.0,1000.0,0.00,0.00,0.00,0,12.01
11834,331,1284.7,999.3,-0.06,-0.02,0.06,0,7.48
11835,331,1283.5,998.2,-0.14,-0.09,0.16,0,6.30
11837,331,1283.5,998.2,-0.14,-0.09,0.16,0,9.92
11838,331,1283.5,998.2,-0.14,-0.09,0.16,0,12.13
11839,331,1283.5,998.2,-0.14,-0.09,0.16,0,14.47
12016,332,657.0,890.0,0.00,0.00,0.00,0,12.01
12017,332,657.0,890.0,0.00,0.00,0.00,0,14.03
12017,333,599.0,848.0,0.00,0.00,0.00,0,12.01
12018,332,657.0,890.0,0.00,0.00,0.00,0,16.09
12020,332,657.0,890.0,0.00,0.00,0.00,0,20.01
12053,336,925.0,1349.0,0.00,0.00,0.00,0,12.01
12053,337,912.0,1355.0,0.00,0.00,0.00,0,12.01
12055,338,933.0,1348.0,0.00,0.00,0.00,0,12.01
12055,339,945.0,1351.0,0.00,0.00,0.00,0,12.01
12056,338,936.3,1348.7,0.07,0.01,0.07,0,7.47
12056,339,947.6,1353.0,0.05,0.04,0.07,0,7.47
12057,338,940.3,1350.5,0.26,0.10,0.28,0,6.28
12059,338,940.4,1350.6,0.26,0.10,0.28,0,9.70
12060,338,940.4,1350.6,0.26,0.10,0.28,0,11.94
12061,338,940.4,1350.6,0.26,0.10,0.28,0,14.27
12092,340,596.0,648.0,0.00,0.00,0.00,0,12.01
12094,342,609.0,632.0,0.00,0.00,0.00,0,12.01
12094,343,603.0,638.0,0.00,0.00,0.00,0,12.01
12095,342,608.7,632.3,-0.01,0.01,0.01,0,7.46
12095,343,606.9,634.7,0.08,-0.07,0.11,0,7.46
12096,342,610.0,631.2,0.05,-0.04,0.06,0,6.29
12098,342,610.1,631.2,0.05,-0.04,0.06,0,9.81
12099,342,610.1,631.2,0.05,-0.04,0.06,0,11.99
12100,342,610.1,631.2,0.05,-0.04,0.06,0,14.32
12132,344,733.0,378.0,0.00,0.00,0.00,0,12.02
12133,344,738.9,371.1,0.22,-0.26,0.34,0,7.47
12134,344,738.9,371.1,0.22,-0.26,0.34,0,9.50
12136,344,739.0,371.0,0.22,-0.26,0.34,0,13.16
12137,344,739.0,371.0,0.22,-0.26,0.34,0,15.38
12222,345,788.0,1069.0,0.00,0.00,0.00,0,12.01
12223,345,787.3,1069.7,-0.02,0.02,0.02,0,7.48
12223,346,800.0,1058.0,0.00,0.00,0.00,0,12.01
12223,347,780.0,1079.0,0.00,0.00,0.00,0,12.01
12224,345,787.3,1069.7,-0.02,0.02,0.02,0,9.52
12224,346,800.0,1058.0,0.00,0.00,0.00,0,14.04
12224,347,780.0,1079.0,0.00,0.00,0.00,0,14.04
12226,345,787.3,1069.7,-0.02,0.02,0.02,0,13.34
12226,346,800.0,1058.0,0.00,0.00,0.00,0,17.55
12226,347,780.0,1079.0,0.00,0.00,0.00,0,17.55
12227,345,787.3,1069.7,-0.02,0.02,0.02,0,15.47
12227,346,800.0,1058.0,0.00,0.00,0.00,0,19.66
12227,347,780.0,1079.0,0.00,0.00,0.00,0,19.66
12362,348,803.0,1381.0,0.00,0.00,0.00,0,12.01
12363,348,803.0,1381.0,0.00,0.00,0.00,0,14.04
12364,348,803.0,1381.0,0.00,0.00,0.00,0,16.09
12366,348,803.0,1381.0,0.00,0.00,0.00,0,19.96
12711,349,1393.0,1110.0,0.00,0.00,0.00,0,12.01
12712,349,1392.7,1110.0,-0.01,0.00,0.01,0,7.47
12713,349,1392.7,1110.0,-0.01,0.00,0.01,0,9.52
12715,349,1392.7,1110.0,-0.01,0.00,0.01,0,13.29
12716,349,1392.7,1110.0,-0.01,0.00,0.01,0,15.46
12748,350,1017.0,1397.0,0.00,0.00,0.00,0,12.01
12748,351,1021.0,1403.0,0.00,0.00,0.00,0,12.01
12749,350,1017.3,1397.0,0.01,0.00,0.01,0,7.48
12749,351,1021.0,1403.0,0.00,0.00,0.00,0,14.04
12750,350,1017.3,1397.0,0.01,0.00,0.01,0,9.51
12752,350,1017.3,1397.0,0.01,0.00,0.01,0,13.26
12753,350,1017.3,1397.0,0.01,0.00,0.01,0,15.47
12785,352,670.0,1213.0,0.00,0.00,0.00,0,12.01
12785,353,669.0,1232.0,0.00,0.00,0.00,0,12.01
12787,354,669.0,1249.0,0.00,0.00,0.00,0,12.01
12787,355,670.0,1267.0,0.00,0.00,0.00,0,12.01
12788,354,669.3,1253.9,0.01,0.12,0.12,0,7.47
12788,355,671.6,1271.9,0.04,0.12,0.12,0,7.47
12789,354,670.8,1260.6,0.10,0.55,0.56,0,6.30
12791,354,670.8,1260.8,0.10,0.55,0.56,0,9.90
12792,354,670.8,1260.8,0.10,0.55,0.56,0,12.11
12793,354,670.8,1260.8,0.10,0.55,0.56,0,14.45
12949,356,736.0,430.0,0.00,0.00,0.00,0,12.01
12949,357,733.0,440.0,0.00,0.00,0.00,0,12.01
12950,356,735.7,430.7,-0.01,0.02,0.02,0,7.47
12950,357,735.9,434.1,0.07,-0.14,0.16,0,7.47
12951,356,737.0,428.7,0.08,-0.11,0.14,0,6.31
12953,356,737.1,428.7,0.08,-0.11,0.14,0,10.11
12954,356,737.1,428.7,0.08,-0.11,0.14,0,12.14
12955,356,737.1,428.7,0.08,-0.11,0.14,0,14.46
13048,358,1176.0,1137.0,0.00,0.00,0.00,0,12.01
13049,358,1176.7,1137.3,0.02,0.01,0.02,0,7.47
13049,359,1161.0,1122.0,0.00,0.00,0.00,0,12.01
13050,358,1172.6,1133.4,-0.24,-0.24,0.34,0,6.31
13052,358,1172.6,1133.3,-0.24,-0.24,0.34,0,10.00
13053,358,1172.6,1133.3,-0.24,-0.24,0.34,0,12.13
13054,358,1172.6,1133.3,-0.24,-0.24,0.34,0,14.47
13085,361,1398.0,780.0,0.00,0.00,0.00,0,12.01
13087,363,1422.0,759.0,0.00,0.00,0.00,0,12.01
13087,364,1411.0,769.0,0.00,0.00,0.00,0,12.01
13088,363,1422.0,759.3,0.00,0.01,0.01,0,7.46
13088,364,1418.9,762.8,0.16,-0.13,0.20,0,7.46
13089,363,1425.1,757.2,0.13,-0.08,0.15,0,6.29
13091,363,1425.1,757.2,0.13,-0.08,0.15,0,9.77
13092,363,1425.1,757.2,0.13,-0.08,0.15,0,11.99
13093,363,1425.1,757.2,0.13,-0.08,0.15,0,14.33
13351,365,1428.0,572.0,0.00,0.00,0.00,0,12.01
13352,365,1427.0,572.0,-0.02,0.00,0.02,0,7.48
13352,366,1429.0,595.0,0.00,0.00,0.00,0,12.01
13353,365,1427.5,577.4,0.01,0.36,0.36,0,6.31
13355,365,1427.5,577.5,0.01,0.36,0.36,0,9.93
13356,365,1427.5,577.5,0.01,0.36,0.36,0,12.12
13357,365,1427.5,577.5,0.01,0.36,0.36,0,14.46
13416,367,1146.0,395.0,0.00,0.00,0.00,0,12.01
13417,367,1147.0,395.0,0.02,0.00,0.02,0,7.47
13417,368,1139.0,397.0,0.00,0.00,0.00,0,12.01
13418,367,1145.4,396.8,-0.08,0.12,0.14,0,6.31
13418,368,1139.0,397.0,0.00,0.00,0.00,0,14.04
13420,367,1145.4,396.8,-0.08,0.12,0.14,0,9.97
13420,368,1139.0,397.0,0.00,0.00,0.00,0,17.52
13421,367,1145.4,396.8,-0.08,0.12,0.14,0,12.13
13421,368,1139.0,397.0,0.00,0.00,0.00,0,19.66
13422,367,1145.4,396.8,-0.08,0.12,0.14,0,14.53
14009,369,641.0,1332.0,0.00,0.00,0.00,0,12.01
14011,371,643.0,1322.0,0.00,0.00,0.00,0,12.01
14011,372,641.0,1328.0,0.00,0.00,0.00,0,12.01
14012,371,643.0,1322.0,0.00,0.00,0.00,0,14.04
14012,372,641.0,1328.0,0.00,0.00,0.00,0,14.04
14013,371,644.4,1322.0,0.06,0.00,0.06,0,7.87
14015,371,644.4,1322.0,0.06,0.00,0.06,0,11.58
14016,371,644.4,1322.0,0.06,0.00,0.06,0,13.70
14017,371,644.4,1322.0,0.06,0.00,0.06,0,16.10
14062,373,572.0,1278.0,0.00,0.00,0.00,0,12.01
14063,373,575.9,1279.6,0.10,0.04,0.11,0,7.47
14064,373,578.0,1280.2,0.23,0.08,0.25,0,6.31
14066,373,578.1,1280.3,0.23,0.08,0.25,0,9.94
14067,373,578.1,1280.3,0.23,0.08,0.25,0,12.12
14068,373,578.1,1280.3,0.23,0.08,0.25,0,14.46
14111,375,787.0,1209.0,0.00,0.00,0.00,0,12.01
14113,378,816.0,1168.0,0.00,0.00,0.00,0,12.01
14113,379,802.0,1188.0,0.00,0.00,0.00,0,12.01
14114,378,816.0,1168.0,0.00,0.00,0.00,0,7.48
14114,379,802.0,1188.0,0.00,0.00,0.00,0,14.04
14114,380,831.0,1148.0,0.00,0.00,0.00,0,12.01
14115,378,819.9,1162.9,0.26,-0.34,0.43,0,6.31
14115,379,802.0,1188.0,0.00,0.00,0.00,0,16.09
14117,378,819.9,1162.8,0.26,-0.34,0.43,0,9.95
14117,379,802.0,1188.0,0.00,0.00,0.00,0,19.94
14118,378,819.9,1162.8,0.26,-0.34,0.43,0,12.13
14119,378,819.9,1162.7,0.26,-0.34,0.43,0,14.47
14150,381,1197.0,869.0,0.00,0.00,0.00,0,12.01
14150,382,1211.0,869.0,0.00,0.00,0.00,0,12.01
14152,383,1224.0,869.0,0.00,0.00,0.00,0,12.01
14152,384,1239.0,869.0,0.00,0.00,0.00,0,12.01
14153,383,1228.9,869.0,0.11,0.00,0.11,0,7.47
14153,384,1243.3,868.7,0.10,-0.01,0.10,0,7.47
14154,383,1234.3,868.7,0.45,-0.02,0.45,0,6.30
14156,383,1234.5,868.7,0.45,-0.02,0.45,0,9.97
14157,383,1234.5,868.7,0.45,-0.02,0.45,0,12.12
14158,383,1234.5,868.7,0.45,-0.02,0.45,0,14.47
14189,385,1483.0,947.0,0.00,0.00,0.00,0,12.01
14190,385,1484.0,947.7,0.02,0.02,0.03,0,7.48
14191,385,1485.5,949.0,0.14,0.12,0.18,0,6.30
14193,385,1485.6,949.1,0.14,0.12,0.18,0,9.94
14194,385,1485.6,949.1,0.14,0.12,0.18,0,12.11
14195,385,1485.6,949.1,0.14,0.12,0.18,0,14.45
14227,389,1152.0,857.0,0.00,0.00,0.00,0,12.04
14227,390,711.0,1084.0,0.00,0.00,0.00,0,12.04
14227,391,680.0,1091.0,0.00,0.00,0.00,0,12.04
14228,389,1152.0,857.0,0.00,0.00,0.00,0,14.08
14228,390,710.0,1084.7,-0.05,0.04,0.06,0,7.49
14228,391,680.0,1091.0,0.00,0.00,0.00,0,14.08
14229,390,718.3,1085.0,0.62,0.06,0.62,0,6.31
14229,389,1152.0,857.0,0.00,0.00,0.00,0,16.15
14229,391,680.0,1091.0,0.00,0.00,0.00,0,16.15
14231,390,718.4,1085.0,0.62,0.06,0.62,0,10.03
14231,389,1152.0,857.0,0.00,0.00,0.00,0,20.22
14231,391,680.0,1091.0,0.00,0.00,0.00,0,20.22
14232,390,718.4,1085.0,0.62,0.06,0.62,0,12.15
14233,390,718.5,1085.0,0.62,0.06,0.62,0,14.56
14264,392,1043.0,794.0,0.00,0.00,0.00,0,12.01
14266,394,1018.0,785.0,0.00,0.00,0.00,0,12.01
14266,395,1031.0,788.0,0.00,0.00,0.00,0,12.01
14267,394,1018.7,785.0,0.02,0.00,0.02,0,7.47
14267,395,1023.1,786.4,-0.18,-0.04,0.19,0,7.47
14268,394,1016.2,784.5,-0.14,-0.03,0.15,0,6.30
14270,394,1016.1,784.5,-0.14,-0.03,0.15,0,9.97
14271,394,1016.1,784.5,-0.14,-0.03,0.15,0,12.12
14272,394,1016.1,784.5,-0.14,-0.03,0.15,0,14.46
14303,396,829.0,1176.0,0.00,0.00,0.00,0,12.01
14303,397,853.0,1188.0,0.00,0.00,0.00,0,12.01
14305,399,688.0,239.0,0.00,0.00,0.00,0,12.01
14305,400,894.0,1209.0,0.00,0.00,0.00,0,12.01
14306,399,687.3,238.7,-0.02,-0.01,0.02,0,7.47
14306,400,894.0,1209.0,0.00,0.00,0.00,0,14.03
14306,401,698.0,244.0,0.00,0.00,0.00,0,12.01
14307,399,687.3,238.7,-0.02,-0.01,0.02,0,9.51
14307,400,894.0,1209.0,0.00,0.00,0.00,0,16.08
14309,399,687.3,238.7,-0.02,-0.01,0.02,0,13.25
14309,400,894.0,1209.0,0.00,0.00,0.00,0,19.90
14310,399,687.3,238.7,-0.02,-0.01,0.02,0,15.44
14347,403,411.0,692.0,0.00,0.00,0.00,0,12.01
14348,403,411.0,692.0,0.00,0.00,0.00,0,14.04
14349,403,411.0,692.0,0.00,0.00,0.00,0,16.09
14351,403,411.0,692.0,0.00,0.00,0.00,0,19.97
14384,404,407.0,924.0,0.00,0.00,0.00,0,12.01
14384,405,418.0,930.0,0.00,0.00,0.00,0,12.01
14386,406,429.0,936.0,0.00,0.00,0.00,0,12.01
14386,407,442.0,941.0,0.00,0.00,0.00,0,12.01
14387,406,435.2,938.0,0.13,0.04,0.13,0,7.48
14387,407,442.0,941.0,0.00,0.00,0.00,0,14.04
14388,406,439.5,939.5,0.44,0.15,0.47,0,6.30
14390,406,439.7,939.6,0.44,0.15,0.47,0,9.90
14391,406,439.7,939.6,0.44,0.15,0.47,0,11.93
14392,406,439.7,939.6,0.44,0.15,0.47,0,14.25
14423,408,347.0,665.0,0.00,0.00,0.00,0,12.01
14423,409,337.0,673.0,0.00,0.00,0.00,0,12.01
14425,410,380.0,655.0,0.00,0.00,0.00,0,12.01
14425,411,366.0,656.0,0.00,0.00,0.00,0,12.01
14426,410,379.3,655.0,-0.01,0.00,0.01,0,7.47
14426,411,375.2,656.0,0.21,0.00,0.21,0,7.47
14427,410,382.9,655.3,0.21,0.02,0.21,0,6.31
14429,410,382.9,655.3,0.21,0.02,0.21,0,9.97
14430,410,382.9,655.3,0.21,0.02,0.21,0,12.14
14431,410,382.9,655.3,0.21,0.02,0.21,0,14.48
14509,412,905.0,160.0,0.00,0.00,0.00,0,12.01
14510,412,905.3,160.0,0.01,0.00,0.01,0,7.47
14511,412,905.3,160.0,0.01,0.00,0.01,0,9.52
14513,412,905.3,160.0,0.01,0.00,0.01,0,13.31
14514,412,905.3,160.0,0.01,0.00,0.01,0,15.46
15212,413,395.0,1109.0,0.00,0.00,0.00,0,12.01
15214,415,405.0,1060.0,0.00,0.00,0.00,0,12.01
15214,416,396.0,1083.0,0.00,0.00,0.00,0,12.01
15215,415,405.0,1060.0,0.00,0.00,0.00,0,7.48
15215,416,396.0,1083.0,0.00,0.00,0.00,0,14.04
15215,417,418.0,1032.0,0.00,0.00,0.00,0,12.01
15216,415,408.1,1053.6,0.21,-0.44,0.48,0,6.31
15216,416,396.0,1083.0,0.00,0.00,0.00,0,16.09
15218,415,408.1,1053.4,0.21,-0.44,0.48,0,9.99
15218,416,396.0,1083.0,0.00,0.00,0.00,0,19.99
15219,415,408.1,1053.4,0.21,-0.44,0.48,0,12.13
15220,415,408.2,1053.4,0.21,-0.44,0.48,0,14.47
15483,418,813.0,394.0,0.00,0.00,0.00,0,12.01
15484,418,813.0,394.0,0.00,0.00,0.00,0,14.04
15485,418,813.0,394.0,0.00,0.00,0.00,0,16.09
15487,418,813.0,394.0,0.00,0.00,0.00,0,19.98
15529,419,596.0,1270.0,0.00,0.00,0.00,0,12.01
15530,419,600.9,1265.7,0.13,-0.11,0.17,0,7.48
15530,420,445.0,1020.0,0.00,0.00,0.00,0,12.01
15531,419,603.5,1263.7,0.30,-0.24,0.39,0,6.31
15533,419,603.6,1263.7,0.30,-0.24,0.39,0,10.04
15534,419,603.6,1263.7,0.30,-0.24,0.39,0,12.12
15535,419,603.6,1263.7,0.30,-0.24,0.39,0,14.54
15566,423,1283.0,508.0,0.00,0.00,0.00,0,12.01
15566,424,1311.0,509.0,0.00,0.00,0.00,0,12.01
15568,425,1359.0,515.0,0.00,0.00,0.00,0,12.01
15569,425,1358.3,514.7,-0.01,-0.01,0.01,0,7.46
15569,426,1378.0,519.0,0.00,0.00,0.00,0,12.00
15570,425,1363.1,515.5,0.17,0.03,0.17,0,6.29
15572,425,1363.2,515.5,0.17,0.03,0.17,0,9.87
15573,425,1363.2,515.5,0.17,0.03,0.17,0,12.04
15574,425,1363.2,515.5,0.17,0.03,0.17,0,14.38
15608,427,1263.0,1288.0,0.00,0.00,0.00,0,12.01
15609,427,1263.0,1288.0,0.00,0.00,0.00,0,14.03
15610,427,1263.0,1288.0,0.00,0.00,0.00,0,16.08
15612,427,1263.0,1288.0,0.00,0.00,0.00,0,20.01
15942,428,1021.0,636.0,0.00,0.00,0.00,0,12.01
15943,428,1021.7,636.7,0.02,0.02,0.02,0,7.48
15943,429,1008.0,627.0,0.00,0.00,0.00,0,12.01
15944,428,1018.7,634.4,-0.18,-0.13,0.22,0,6.31
15944,429,1004.7,623.1,-0.08,-0.10,0.13,0,7.47
15946,428,1018.6,634.4,-0.18,-0.13,0.22,0,9.97
15946,429,1004.7,623.0,-0.08,-0.10,0.13,0,10.87
15947,428,1018.6,634.4,-0.18,-0.13,0.22,0,12.12
15947,429,1004.7,623.0,-0.08,-0.10,0.13,0,13.00
15948,428,1018.6,634.4,-0.18,-0.13,0.22,0,14.47
15948,429,1004.7,623.0,-0.08,-0.10,0.13,0,15.29
16018,430,763.0,1162.0,0.00,0.00,0.00,0,12.01
16019,430,763.0,1162.0,0.00,0.00,0.00,0,14.04
16020,430,763.0,1162.0,0.00,0.00,0.00,0,16.09
16022,430,763.0,1162.0,0.00,0.00,0.00,0,19.94
16112,432,793.0,251.0,0.00,0.00,0.00,0,12.01
16113,432,793.0,251.0,0.00,0.00,0.00,0,14.04
16114,432,793.0,251.0,0.00,0.00,0.00,0,16.09
16116,432,793.0,251.0,0.00,0.00,0.00,0,19.96
16234,433,469.0,910.0,0.00,0.00,0.00,0,12.01
16234,434,462.0,914.0,0.00,0.00,0.00,0,12.01
16235,433,469.0,910.0,0.00,0.00,0.00,0,14.04
16235,434,462.0,914.0,0.00,0.00,0.00,0,14.04
16235,435,597.0,888.0,0.00,0.00,0.00,0,12.01
16235,436,601.0,904.0,0.00,0.00,0.00,0,12.01
16236,433,469.0,910.0,0.00,0.00,0.00,0,16.09
16238,433,469.0,910.0,0.00,0.00,0.00,0,19.98
16357,440,786.0,1388.0,0.00,0.00,0.00,0,12.01
16358,440,786.0,1388.3,0.00,0.01,0.01,0,7.48
16358,441,782.0,1376.0,0.00,0.00,0.00,0,12.01
16359,440,785.0,1385.7,-0.07,-0.17,0.18,0,6.31
16361,440,785.0,1385.6,-0.07,-0.17,0.18,0,9.97
16362,440,785.0,1385.6,-0.07,-0.17,0.18,0,12.12
16363,440,784.9,1385.6,-0.07,-0.17,0.18,0,14.46
16621,442,599.0,1279.0,0.00,0.00,0.00,0,12.01
16622,442,597.7,1280.0,-0.03,0.02,0.04,0,7.48
16622,443,611.0,1268.0,0.00,0.00,0.00,0,12.01
16623,442,601.1,1277.2,0.19,-0.16,0.25,0,6.31
16625,442,601.2,1277.1,0.19,-0.16,0.25,0,9.96
16626,442,601.2,1277.1,0.19,-0.16,0.25,0,12.13
16627,442,601.2,1277.1,0.19,-0.16,0.25,0,14.48
16745,444,1296.0,1190.0,0.00,0.00,0.00,0,12.01
16747,446,1284.0,1162.0,0.00,0.00,0.00,0,12.01
16747,447,1291.0,1174.0,0.00,0.00,0.00,0,12.01
16748,446,1284.3,1162.3,0.01,0.01,0.01,0,7.47
16748,447,1286.4,1166.1,-0.12,-0.20,0.23,0,7.47
16749,446,1282.4,1159.4,-0.11,-0.18,0.21,0,6.31
16751,446,1282.4,1159.4,-0.11,-0.18,0.21,0,9.99
16752,446,1282.4,1159.4,-0.11,-0.18,0.21,0,12.12
16753,446,1282.4,1159.4,-0.11,-0.18,0.21,0,14.47
16909,448,1297.0,1348.0,0.00,0.00,0.00,0,12.01
16910,448,1297.0,1348.0,0.00,0.00,0.00,0,14.04
16911,448,1297.0,1348.0,0.00,0.00,0.00,0,16.09
16913,448,1297.0,1348.0,0.00,0.00,0.00,0,19.96
16946,449,1546.0,829.0,0.00,0.00,0.00,0,12.01
16947,449,1548.3,828.7,0.06,-0.01,0.06,0,7.50
16948,449,1550.5,828.2,0.27,-0.05,0.28,0,6.31
16948,450,1566.0,826.0,0.00,0.00,0.00,0,12.01
16950,449,1550.6,828.2,0.27,-0.05,0.28,0,9.99
16950,450,1566.0,826.0,0.00,0.00,0.00,0,15.09
16951,449,1550.6,828.2,0.27,-0.05,0.28,0,12.01
16951,450,1566.0,826.0,0.00,0.00,0.00,0,17.10
16952,449,1550.6,828.2,0.27,-0.05,0.28,0,14.40
16952,450,1566.0,826.0,0.00,0.00,0.00,0,19.37
16992,451,1030.0,1241.0,0.00,0.00,0.00,0,12.01
16993,451,1030.3,1241.0,0.01,0.00,0.01,0,7.47
16993,452,1013.0,1223.0,0.00,0.00,0.00,0,12.01
16994,451,1026.1,1236.6,-0.27,-0.28,0.39,0,6.31
16994,452,1008.4,1218.4,-0.11,-0.11,0.16,0,7.47
16996,451,1026.1,1236.5,-0.27,-0.28,0.39,0,9.95
16996,452,1008.4,1218.4,-0.11,-0.11,0.16,0,10.85
16997,451,1026.1,1236.5,-0.27,-0.28,0.39,0,12.13
16997,452,1008.4,1218.4,-0.11,-0.11,0.16,0,13.00
16998,451,1026.0,1236.5,-0.27,-0.28,0.39,0,14.54
16998,452,1008.4,1218.4,-0.11,-0.11,0.16,0,15.35
17029,453,463.0,1232.0,0.00,0.00,0.00,0,12.01
17030,453,463.0,1232.0,0.00,0.00,0.00,0,14.04
17031,453,463.0,1232.0,0.00,0.00,0.00,0,16.09
17033,453,463.0,1232.0,0.00,0.00,0.00,0,19.94
17068,457,522.0,1064.0,0.00,0.00,0.00,0,12.01
17068,458,544.0,1113.0,0.00,0.00,0.00,0,12.01
17069,457,523.0,1070.6,0.02,0.15,0.16,0,7.47
17069,458,544.0,1113.0,0.00,0.00,0.00,0,14.03
17070,457,523.0,1070.6,0.02,0.15,0.16,0,9.51
17070,458,544.0,1113.0,0.00,0.00,0.00,0,16.08
17072,457,523.0,1070.6,0.02,0.15,0.16,0,13.31
17072,458,544.0,1113.0,0.00,0.00,0.00,0,19.96
17073,457,523.0,1070.6,0.02,0.15,0.16,0,15.43
17263,459,1375.0,1135.0,0.00,0.00,0.00,0,12.01
17263,460,1388.0,1148.0,0.00,0.00,0.00,0,12.01
17264,459,1375.3,1135.3,0.01,0.01,0.01,0,7.47
17264,460,1388.0,1148.0,0.00,0.00,0.00,0,14.04
17265,459,1369.1,1130.4,-0.40,-0.32,0.51,0,6.31
17265,460,1388.0,1148.0,0.00,0.00,0.00,0,16.09
17267,459,1369.0,1130.3,-0.40,-0.32,0.51,0,9.97
17267,460,1388.0,1148.0,0.00,0.00,0.00,0,19.96
17268,459,1369.0,1130.3,-0.40,-0.32,0.51,0,12.13
17269,459,1368.9,1130.3,-0.40,-0.32,0.51,0,14.47
17368,461,804.0,1309.0,0.00,0.00,0.00,0,12.01
17369,461,803.7,1309.0,-0.01,0.00,0.01,0,7.48
17369,462,798.0,1309.0,0.00,0.00,0.00,0,12.01
17370,461,803.7,1309.0,-0.01,0.00,0.01,0,9.52
17372,461,803.7,1309.0,-0.01,0.00,0.01,0,13.29
17373,461,803.7,1309.0,-0.01,0.00,0.01,0,15.47
17476,463,1083.0,1356.0,0.00,0.00,0.00,0,12.01
17477,463,1082.3,1356.7,-0.02,0.02,0.02,0,7.47
17477,464,1100.0,1330.0,0.00,0.00,0.00,0,12.01
17478,463,1086.6,1350.1,0.26,-0.40,0.48,0,6.31
17480,463,1086.7,1349.9,0.26,-0.40,0.48,0,9.95
17481,463,1086.7,1349.9,0.26,-0.40,0.48,0,12.13
17482,463,1086.7,1349.9,0.26,-0.40,0.48,0,14.48
17513,465,950.0,1357.0,0.00,0.00,0.00,0,12.01
17513,466,926.0,1363.0,0.00,0.00,0.00,0,12.01
17515,467,909.0,1370.0,0.00,0.00,0.00,0,12.01
17515,468,894.0,1381.0,0.00,0.00,0.00,0,12.01
17516,467,905.4,1372.6,-0.07,0.05,0.09,0,7.47
17516,468,891.7,1383.9,-0.05,0.06,0.08,0,7.47
17517,467,901.4,1376.1,-0.26,0.22,0.34,0,6.28
17519,467,901.4,1376.1,-0.26,0.22,0.34,0,9.69
17520,467,901.4,1376.1,-0.26,0.22,0.34,0,11.93
17521,467,901.4,1376.1,-0.26,0.22,0.34,0,14.26
17686,469,872.0,1359.0,0.00,0.00,0.00,0,12.01
17687,469,871.0,1359.0,-0.02,0.00,0.02,0,7.47
17688,469,871.0,1359.0,-0.02,0.00,0.02,0,9.52
17690,469,871.0,1359.0,-0.02,0.00,0.02,0,13.27
17691,469,871.0,1359.0,-0.02,0.00,0.02,0,15.46
17744,470,823.0,681.0,0.00,0.00,0.00,0,12.01
17745,470,824.0,685.6,0.02,0.11,0.12,0,7.48
17746,470,824.0,685.6,0.02,0.11,0.12,0,9.52
17748,470,824.0,685.6,0.02,0.11,0.12,0,13.31
17749,470,824.0,685.6,0.02,0.11,0.12,0,15.47
17798,471,868.0,841.0,0.00,0.00,0.00,0,12.01
17799,471,868.0,841.0,0.00,0.00,0.00,0,14.04
17800,471,868.0,841.0,0.00,0.00,0.00,0,16.08
17802,471,868.0,841.0,0.00,0.00,0.00,0,19.91
17836,475,822.0,1225.0,0.00,0.00,0.00,0,12.04
17836,476,771.0,1230.0,0.00,0.00,0.00,0,12.04
17836,477,945.0,1319.0,0.00,0.00,0.00,0,12.04
17836,478,957.0,1333.0,0.00,0.00,0.00,0,12.04
17837,475,821.7,1225.3,-0.02,0.02,0.02,0,7.49
17837,476,771.0,1230.0,0.00,0.00,0.00,0,14.08
17837,477,949.9,1324.3,0.26,0.28,0.38,0,7.49
17837,478,957.0,1333.0,0.00,0.00,0.00,0,14.08
17837,479,832.0,1225.0,0.00,0.00,0.00,0,12.01
17837,480,861.0,1228.0,0.00,0.00,0.00,0,12.01
17838,475,831.5,1226.0,0.77,0.07,0.77,0,6.31
17838,477,954.1,1328.3,0.59,0.60,0.84,0,6.31
17838,476,771.0,1230.0,0.00,0.00,0.00,0,16.15
17840,475,831.8,1226.0,0.77,0.07,0.77,0,10.02
17840,477,954.2,1328.5,0.59,0.60,0.84,0,10.02
17840,476,771.0,1230.0,0.00,0.00,0.00,0,20.20
17841,475,831.8,1226.0,0.77,0.07,0.77,0,12.16
17841,477,954.2,1328.5,0.59,0.60,0.84,0,12.16
17842,475,831.8,1226.0,0.77,0.07,0.77,0,14.57
17842,477,954.3,1328.5,0.59,0.60,0.84,0,14.57
17926,481,1000.0,1023.0,0.00,0.00,0.00,0,12.01
17927,481,1002.0,1020.4,0.05,-0.06,0.08,0,7.47
17927,482,990.0,1036.0,0.00,0.00,0.00,0,12.01
17928,481,998.4,1024.7,-0.18,0.21,0.28,0,6.31
17930,481,998.3,1024.7,-0.18,0.21,0.28,0,9.97
17931,481,998.3,1024.7,-0.18,0.21,0.28,0,12.13
17932,481,998.3,1024.7,-0.18,0.21,0.28,0,14.48
18116,483,803.0,1201.0,0.00,0.00,0.00,0,12.01
18116,484,795.0,1210.0,0.00,0.00,0.00,0,12.01
18133,485,920.0,831.0,0.00,0.00,0.00,0,12.01
18134,485,916.7,833.3,-0.08,0.06,0.10,0,7.47
18135,485,914.7,834.8,-0.21,0.15,0.26,0,6.31
18137,485,914.7,834.8,-0.21,0.15,0.26,0,9.96
18138,485,914.7,834.8,-0.21,0.15,0.26,0,12.13
18139,485,914.7,834.8,-0.21,0.15,0.26,0,14.47
18401,487,1064.0,1417.0,0.00,0.00,0.00,0,12.01
18402,487,1064.0,1417.3,0.00,0.01,0.01,0,7.48
18403,487,1064.0,1417.3,0.00,0.01,0.01,0,9.52
18405,487,1064.0,1417.3,0.00,0.01,0.01,0,13.32
18406,487,1064.0,1417.3,0.00,0.01,0.01,0,15.47
18498,488,287.0,935.0,0.00,0.00,0.00,0,12.01
18499,488,287.0,935.0,0.00,0.00,0.00,0,7.47
18499,489,301.0,940.0,0.00,0.00,0.00,0,12.01
18500,488,293.7,938.1,0.43,0.20,0.48,0,6.31
18500,489,301.0,940.0,0.00,0.00,0.00,0,14.04
18502,488,293.8,938.1,0.43,0.20,0.48,0,9.98
18502,489,301.0,940.0,0.00,0.00,0.00,0,17.53
18503,488,293.8,938.1,0.43,0.20,0.48,0,12.12
18503,489,301.0,940.0,0.00,0.00,0.00,0,19.65
18504,488,293.8,938.2,0.43,0.20,0.48,0,14.52
18602,490,1138.0,471.0,0.00,0.00,0.00,0,12.01
18604,492,1129.0,480.0,0.00,0.00,0.00,0,12.01
18604,493,1128.0,492.0,0.00,0.00,0.00,0,12.01
18605,492,1128.3,483.9,-0.02,0.10,0.10,0,7.48
18605,493,1129.3,494.9,0.03,0.07,0.08,0,7.48
18606,492,1129.0,488.3,0.03,0.38,0.39,0,6.31
18608,492,1129.0,488.4,0.03,0.38,0.39,0,9.99
18609,492,1129.0,488.4,0.03,0.38,0.39,0,12.13
18610,492,1129.0,488.5,0.03,0.38,0.39,0,14.52
18823,494,283.0,897.0,0.00,0.00,0.00,0,12.01
18824,494,283.0,897.0,0.00,0.00,0.00,0,7.48
18824,495,289.0,887.0,0.00,0.00,0.00,0,12.01
18825,494,284.5,894.4,0.10,-0.17,0.20,0,6.31
18827,494,284.6,894.4,0.10,-0.17,0.20,0,9.99
18828,494,284.6,894.4,0.10,-0.17,0.20,0,12.12
18829,494,284.6,894.4,0.10,-0.17,0.20,0,14.48
18860,496,706.0,1048.0,0.00,0.00,0.00,0,12.01
18860,497,713.0,1053.0,0.00,0.00,0.00,0,12.01
18869,498,755.0,1173.0,0.00,0.00,0.00,0,12.01
18871,500,761.0,1186.0,0.00,0.00,0.00,0,12.01
18871,501,766.0,1199.0,0.00,0.00,0.00,0,12.01
18872,500,763.6,1191.9,0.06,0.14,0.15,0,7.47
18872,501,766.0,1199.0,0.00,0.00,0.00,0,14.04
18873,500,766.3,1197.3,0.23,0.49,0.54,0,6.31
18875,500,766.4,1197.5,0.23,0.49,0.54,0,9.96
18876,500,766.4,1197.5,0.23,0.49,0.54,0,12.12
18877,500,766.4,1197.5,0.23,0.49,0.54,0,14.46
18944,504,596.0,1187.0,0.00,0.00,0.00,0,12.01
18945,504,593.4,1184.1,-0.06,-0.07,0.10,0,7.47
18946,504,593.4,1184.0,-0.06,-0.07,0.10,0,9.52
18948,504,593.4,1184.0,-0.06,-0.07,0.10,0,13.30
18949,504,593.4,1184.0,-0.06,-0.07,0.10,0,15.46
19087,505,1497.0,783.0,0.00,0.00,0.00,0,12.01
19087,506,1505.0,782.0,0.00,0.00,0.00,0,12.01
19088,505,1497.0,783.0,0.00,0.00,0.00,0,14.04
19088,506,1505.0,782.0,0.00,0.00,0.00,0,14.04
19089,505,1503.7,781.9,0.31,-0.05,0.31,0,7.87
19091,505,1503.8,781.9,0.31,-0.05,0.31,0,11.54
19092,505,1503.8,781.9,0.31,-0.05,0.31,0,13.68
19093,505,1503.8,781.9,0.31,-0.05,0.31,0,16.03
19200,507,286.0,811.0,0.00,0.00,0.00,0,12.01
19201,507,286.0,810.7,0.00,-0.01,0.01,0,7.48
19201,508,283.0,820.0,0.00,0.00,0.00,0,12.01
19202,507,285.2,812.8,-0.05,0.13,0.14,0,6.31
19202,508,283.0,820.0,0.00,0.00,0.00,0,14.04
19204,507,285.2,812.9,-0.05,0.13,0.14,0,10.00
19204,508,283.0,820.0,0.00,0.00,0.00,0,17.55
19205,507,285.2,812.9,-0.05,0.13,0.14,0,12.13
19205,508,283.0,820.0,0.00,0.00,0.00,0,19.67
19206,507,285.2,812.9,-0.05,0.13,0.14,0,14.48
19246,509,1311.0,318.0,0.00,0.00,0.00,0,12.01
19246,510,1318.0,333.0,0.00,0.00,0.00,0,12.01
19247,509,1315.9,326.5,0.12,0.20,0.24,0,7.48
19247,510,1318.0,333.0,0.00,0.00,0.00,0,14.04
19248,509,1318.5,331.0,0.29,0.50,0.58,0,6.31
19250,509,1318.6,331.2,0.29,0.50,0.58,0,9.97
19251,509,1318.6,331.2,0.29,0.50,0.58,0,12.12
19252,509,1318.6,331.2,0.29,0.50,0.58,0,14.52
19497,511,996.0,1296.0,0.00,0.00,0.00,0,12.01
19498,511,995.3,1296.7,-0.02,0.02,0.02,0,7.48
19498,512,1005.0,1277.0,0.00,0.00,0.00,0,12.01
19499,511,997.8,1291.6,0.15,-0.32,0.35,0,6.31
19499,512,1008.9,1270.1,0.10,-0.17,0.20,0,7.47
19501,511,997.9,1291.5,0.15,-0.32,0.35,0,9.99
19501,512,1009.0,1270.1,0.10,-0.17,0.20,0,10.88
19502,511,997.9,1291.5,0.15,-0.32,0.35,0,12.13
19502,512,1009.0,1270.1,0.10,-0.17,0.20,0,13.00
19503,511,997.9,1291.5,0.15,-0.32,0.35,0,14.47
19503,512,1009.0,1270.1,0.10,-0.17,0.20,0,15.29
19534,513,1386.0,452.0,0.00,0.00,0.00,0,12.01
19535,513,1390.3,446.4,0.11,-0.14,0.17,0,7.49
19536,513,1390.3,446.4,0.11,-0.14,0.17,0,9.53
19538,513,1390.3,446.4,0.11,-0.14,0.17,0,13.37
19539,513,1390.3,446.4,0.11,-0.14,0.17,0,15.43
19767,514,451.0,1095.0,0.00,0.00,0.00,0,12.01
19768,514,451.7,1095.7,0.02,0.02,0.02,0,7.48
19768,515,448.0,1094.0,0.00,0.00,0.00,0,12.01
19769,514,451.7,1095.7,0.02,0.02,0.02,0,9.52
19769,515,448.0,1094.0,0.00,0.00,0.00,0,14.04
19771,514,451.7,1095.7,0.02,0.02,0.02,0,13.31
19771,515,448.0,1094.0,0.00,0.00,0.00,0,17.53
19772,514,451.7,1095.7,0.02,0.02,0.02,0,15.46
19772,515,448.0,1094.0,0.00,0.00,0.00,0,19.66
19804,516,519.0,1032.0,0.00,0.00,0.00,0,12.01
19804,517,504.0,1041.0,0.00,0.00,0.00,0,12.01
19805,516,519.0,1032.0,0.00,0.00,0.00,0,7.52
19805,517,504.0,1041.0,0.00,0.00,0.00,0,14.09
19805,518,552.0,1015.0,0.00,0.00,0.00,0,12.04
19806,516,527.3,1027.6,0.99,-0.52,1.12,0,6.33
19806,517,504.0,1041.0,0.00,0.00,0.00,0,16.17
19808,516,527.5,1027.5,0.99,-0.52,1.12,0,10.11
19808,517,504.0,1041.0,0.00,0.00,0.00,0,20.25
19809,516,527.6,1027.5,0.99,-0.52,1.12,0,12.25
19810,516,527.6,1027.4,0.99,-0.52,1.12,0,14.66
19844,519,1473.0,1080.0,0.00,0.00,0.00,0,12.01
19846,521,1456.0,1053.0,0.00,0.00,0.00,0,12.01
19846,522,1466.0,1065.0,0.00,0.00,0.00,0,12.01
19847,521,1456.3,1053.3,0.01,0.01,0.01,0,7.48
19847,522,1459.8,1057.8,-0.15,-0.18,0.23,0,7.48
19848,521,1454.4,1050.7,-0.12,-0.17,0.20,0,6.31
19850,521,1454.4,1050.6,-0.12,-0.17,0.20,0,9.98
19851,521,1454.4,1050.6,-0.12,-0.17,0.20,0,12.13
19852,521,1454.4,1050.6,-0.12,-0.17,0.20,0,14.47
19883,523,1320.0,786.0,0.00,0.00,0.00,0,12.01
19885,525,1322.0,794.0,0.00,0.00,0.00,0,12.01
19886,525,1322.0,794.0,0.00,0.00,0.00,0,14.02
19887,525,1322.0,794.0,0.00,0.00,0.00,0,16.06
19889,525,1322.0,794.0,0.00,0.00,0.00,0,19.83
19952,526,1572.0,937.0,0.00,0.00,0.00,0,12.01
19953,526,1572.0,937.0,0.00,0.00,0.00,0,14.02
19954,526,1572.0,937.0,0.00,0.00,0.00,0,16.04
19956,526,1572.0,937.0,0.00,0.00,0.00,0,19.59
20428,529,996.0,1190.0,0.00,0.00,0.00,0,12.01
20429,529,988.5,1189.7,-0.15,-0.01,0.15,0,7.46
20429,530,945.0,1186.0,0.00,0.00,0.00,0,12.00
20430,529,988.5,1189.7,-0.15,-0.01,0.15,0,9.48
20432,529,988.4,1189.7,-0.15,-0.01,0.15,0,13.07
20433,529,988.4,1189.7,-0.15,-0.01,0.15,0,15.28
20467,532,698.0,1289.0,0.00,0.00,0.00,0,12.01
20468,532,685.5,1285.7,-0.31,-0.08,0.32,0,7.50
20469,532,685.5,1285.7,-0.31,-0.08,0.32,0,9.55
20471,532,685.4,1285.7,-0.31,-0.08,0.32,0,13.39
20472,532,685.4,1285.7,-0.31,-0.08,0.32,0,15.72
20573,533,1090.0,1339.0,0.00,0.00,0.00,0,12.01
20575,535,1074.0,1210.0,0.00,0.00,0.00,0,12.01
20575,536,1087.0,1285.0,0.00,0.00,0.00,0,12.01
20575,537,1078.0,1292.0,0.00,0.00,0.00,0,12.01
20576,535,1074.3,1212.6,0.01,0.06,0.06,0,7.48
20576,536,1087.0,1285.0,0.00,0.00,0.00,0,14.04
20576,537,1078.0,1292.0,0.00,0.00,0.00,0,14.04
20576,538,1065.0,1149.0,0.00,0.00,0.00,0,12.01
20577,535,1074.3,1212.6,0.01,0.06,0.06,0,9.52
20577,536,1087.0,1285.0,0.00,0.00,0.00,0,16.09
20579,535,1074.3,1212.6,0.01,0.06,0.06,0,13.32
20579,536,1087.0,1285.0,0.00,0.00,0.00,0,19.98
20580,535,1074.3,1212.6,0.01,0.06,0.06,0,15.48
20739,540,575.0,955.0,0.00,0.00,0.00,0,12.01
20740,540,574.7,955.7,-0.01,0.02,0.02,0,7.47
20740,541,583.0,939.0,0.00,0.00,0.00,0,12.01
20741,540,576.8,951.1,0.13,-0.28,0.31,0,6.31
20741,541,586.3,931.1,0.08,-0.19,0.21,0,7.47
20743,540,576.9,951.0,0.13,-0.28,0.31,0,9.97
20743,541,586.3,931.1,0.08,-0.19,0.21,0,10.87
20744,540,576.9,951.0,0.13,-0.28,0.31,0,12.13
20744,541,586.3,931.1,0.08,-0.19,0.21,0,13.00
20745,540,576.9,951.0,0.13,-0.28,0.31,0,14.47
20745,541,586.3,931.1,0.08,-0.19,0.21,0,15.30
20832,542,1321.0,1322.0,0.00,0.00,0.00,0,12.01
20833,542,1321.3,1318.1,0.01,-0.09,0.09,0,7.48
20834,542,1321.5,1316.5,0.02,-0.20,0.20,0,6.31
20834,543,1319.0,1299.0,0.00,0.00,0.00,0,12.01
20836,542,1321.5,1316.4,0.02,-0.20,0.20,0,9.99
20836,543,1319.0,1299.0,0.00,0.00,0.00,0,15.14
20837,542,1321.5,1316.4,0.02,-0.20,0.20,0,12.13
20837,543,1319.0,1299.0,0.00,0.00,0.00,0,17.24
20838,542,1321.5,1316.4,0.02,-0.20,0.20,0,14.47
20838,543,1319.0,1299.0,0.00,0.00,0.00,0,19.48
20870,544,767.0,1280.0,0.00,0.00,0.00,0,12.04
20872,546,759.0,1258.0,0.00,0.00,0.00,0,12.01
20873,546,759.0,1258.0,0.00,0.00,0.00,0,14.03
20874,546,759.0,1258.0,0.00,0.00,0.00,0,16.08
20876,546,759.0,1258.0,0.00,0.00,0.00,0,19.95
20923,548,326.0,864.0,0.00,0.00,0.00,0,12.01
20924,548,326.0,864.0,0.00,0.00,0.00,0,14.04
20925,548,326.0,864.0,0.00,0.00,0.00,0,16.09
20927,548,326.0,864.0,0.00,0.00,0.00,0,19.97
20982,549,876.0,1415.0,0.00,0.00,0.00,0,12.01
20983,549,875.7,1415.3,-0.01,0.01,0.01,0,7.47
20983,550,882.0,1404.0,0.00,0.00,0.00,0,12.01
20984,549,877.0,1412.9,0.08,-0.14,0.16,0,6.31
20984,550,882.3,1400.7,0.01,-0.08,0.08,0,7.48
20986,549,877.1,1412.9,0.08,-0.14,0.16,0,9.99
20986,550,882.3,1400.7,0.01,-0.08,0.08,0,10.89
20987,549,877.1,1412.9,0.08,-0.14,0.16,0,12.13
20987,550,882.3,1400.7,0.01,-0.08,0.08,0,13.01
20988,549,877.1,1412.9,0.08,-0.14,0.16,0,14.47
20988,550,882.3,1400.7,0.01,-0.08,0.08,0,15.30
21330,551,955.0,1441.0,0.00,0.00,0.00,0,12.01
21331,551,955.0,1441.3,0.00,0.01,0.01,0,7.48
21331,552,960.0,1428.0,0.00,0.00,0.00,0,12.01
21332,551,955.0,1441.3,0.00,0.01,0.01,0,9.52
21332,552,960.0,1428.0,0.00,0.00,0.00,0,14.04
21334,551,955.0,1441.3,0.00,0.01,0.01,0,13.27
21334,552,960.0,1428.0,0.00,0.00,0.00,0,17.49
21335,551,955.0,1441.3,0.00,0.01,0.01,0,15.47
21335,552,960.0,1428.0,0.00,0.00,0.00,0,19.66
21634,553,633.0,1068.0,0.00,0.00,0.00,0,12.01
21634,554,616.0,1079.0,0.00,0.00,0.00,0,12.01
21635,553,633.3,1068.0,0.01,0.00,0.01,0,7.47
21635,554,616.0,1079.0,0.00,0.00,0.00,0,14.04
21635,555,650.0,1053.0,0.00,0.00,0.00,0,12.01
21636,553,637.1,1064.7,0.25,-0.22,0.33,0,6.31
21636,554,616.0,1079.0,0.00,0.00,0.00,0,16.09
21638,553,637.2,1064.6,0.25,-0.22,0.33,0,9.97
21638,554,616.0,1079.0,0.00,0.00,0.00,0,19.96
21639,553,637.2,1064.6,0.25,-0.22,0.33,0,12.13
21640,553,637.2,1064.6,0.25,-0.22,0.33,0,14.47
21671,556,1385.0,986.0,0.00,0.00,0.00,0,12.01
21671,557,1408.0,998.0,0.00,0.00,0.00,0,12.01
21673,558,1453.0,1013.0,0.00,0.00,0.00,0,12.01
21674,558,1452.3,1013.3,-0.02,0.01,0.02,0,7.48
21675,558,1452.3,1013.3,-0.02,0.01,0.02,0,9.51
21677,558,1452.3,1013.3,-0.02,0.01,0.02,0,13.29
21678,558,1452.3,1013.3,-0.02,0.01,0.02,0,15.46
21805,562,397.0,974.0,0.00,0.00,0.00,0,12.01
21805,563,439.0,971.0,0.00,0.00,0.00,0,12.01
21805,564,434.0,979.0,0.00,0.00,0.00,0,12.01
21806,562,408.1,975.3,0.28,0.03,0.28,0,7.47
21806,563,447.8,976.6,0.22,0.14,0.26,0,7.47
21806,564,434.0,979.0,0.00,0.00,0.00,0,14.04
21807,563,451.7,979.0,0.47,0.30,0.56,0,6.31
21807,562,408.1,975.3,0.28,0.03,0.28,0,9.52
21809,563,451.9,979.1,0.47,0.30,0.56,0,9.99
21809,562,408.2,975.3,0.28,0.03,0.28,0,13.32
21810,563,451.9,979.1,0.47,0.30,0.56,0,12.12
21810,562,408.2,975.3,0.28,0.03,0.28,0,15.45
21811,563,451.9,979.1,0.47,0.30,0.56,0,14.47
21842,566,1184.0,1115.0,0.00,0.00,0.00,0,12.01
21842,567,1201.0,1118.0,0.00,0.00,0.00,0,12.01
21842,568,820.0,1197.0,0.00,0.00,0.00,0,12.01
21842,569,810.0,1212.0,0.00,0.00,0.00,0,12.01
21844,570,1211.0,1124.0,0.00,0.00,0.00,0,12.01
21844,571,829.0,1185.0,0.00,0.00,0.00,0,12.01
21845,570,1214.9,1128.3,0.09,0.10,0.14,0,7.47
21845,571,831.0,1184.0,0.05,-0.02,0.05,0,7.47
21845,572,1241.0,1149.0,0.00,0.00,0.00,0,12.01
21846,571,833.3,1183.2,0.19,-0.07,0.21,0,6.30
21846,570,1214.9,1128.3,0.09,0.10,0.14,0,9.51
21848,571,833.3,1183.2,0.19,-0.07,0.21,0,9.92
21848,570,1215.0,1128.3,0.09,0.10,0.14,0,13.24
21849,571,833.3,1183.2,0.19,-0.07,0.21,0,12.10
21849,570,1215.0,1128.3,0.09,0.10,0.14,0,15.43
21850,571,833.4,1183.2,0.19,-0.07,0.21,0,14.44
21887,573,1563.0,785.0,0.00,0.00,0.00,0,12.01
21888,573,1562.7,785.0,-0.01,0.00,0.01,0,7.48
21889,573,1562.7,785.0,-0.01,0.00,0.01,0,9.52
21891,573,1562.7,785.0,-0.01,0.00,0.01,0,13.29
21892,573,1562.7,785.0,-0.01,0.00,0.01,0,15.46
21924,574,1312.0,414.0,0.00,0.00,0.00,0,12.01
21925,574,1309.7,412.7,-0.06,-0.03,0.06,0,7.52
21926,574,1309.7,412.7,-0.06,-0.03,0.06,0,9.58
21928,574,1309.7,412.7,-0.06,-0.03,0.06,0,13.59
21929,574,1309.7,412.7,-0.06,-0.03,0.06,0,15.73
21961,575,1195.0,477.0,0.00,0.00,0.00,0,12.01
21961,576,1235.0,509.0,0.00,0.00,0.00,0,12.01
21961,577,712.0,1164.0,0.00,0.00,0.00,0,12.01
21962,575,1195.0,477.0,0.00,0.00,0.00,0,14.05
21962,576,1235.0,509.0,0.00,0.00,0.00,0,7.49
21962,577,712.3,1165.0,0.01,0.02,0.03,0,7.49
21963,577,713.3,1166.3,0.09,0.13,0.16,0,6.31
21963,576,1235.0,509.0,0.00,0.00,0.00,0,9.53
21963,575,1195.0,477.0,0.00,0.00,0.00,0,16.10
21965,577,713.3,1166.3,0.09,0.13,0.16,0,9.91
21965,576,1235.0,509.0,0.00,0.00,0.00,0,13.29
21965,575,1195.0,477.0,0.00,0.00,0.00,0,19.95
21966,577,713.3,1166.3,0.09,0.13,0.16,0,12.06
21966,576,1235.0,509.0,0.00,0.00,0.00,0,15.44
21967,577,713.3,1166.3,0.09,0.13,0.16,0,14.45
22414,579,636.0,787.0,0.00,0.00,0.00,0,12.01
22415,579,636.0,787.0,0.00,0.00,0.00,0,14.04
22416,579,636.0,787.0,0.00,0.00,0.00,0,16.09
22418,579,636.0,787.0,0.00,0.00,0.00,0,19.96
22609,580,1303.0,455.0,0.00,0.00,0.00,0,12.01
22610,580,1302.7,455.7,-0.01,0.02,0.02,0,7.47
22611,580,1302.7,455.7,-0.01,0.02,0.02,0,9.52
22613,580,1302.7,455.7,-0.01,0.02,0.02,0,13.31
22614,580,1302.7,455.7,-0.01,0.02,0.02,0,15.46
22646,581,1075.0,488.0,0.00,0.00,0.00,0,12.01
22646,582,1188.0,1321.0,0.00,0.00,0.00,0,12.01
22646,583,1193.0,1332.0,0.00,0.00,0.00,0,12.01
22648,584,1196.0,1341.0,0.00,0.00,0.00,0,12.01
22648,585,1198.0,1362.0,0.00,0.00,0.00,0,12.01
22649,584,1196.7,1347.5,0.01,0.14,0.14,0,7.46
22649,585,1198.0,1362.0,0.00,0.00,0.00,0,14.02
22650,584,1196.7,1347.6,0.01,0.14,0.14,0,9.48
22652,584,1196.7,1347.6,0.01,0.14,0.14,0,13.09
22653,584,1196.7,1347.6,0.01,0.14,0.14,0,15.28
22703,587,455.0,888.0,0.00,0.00,0.00,0,12.01
22703,588,454.0,902.0,0.00,0.00,0.00,0,12.01
22709,589,442.0,636.0,0.00,0.00,0.00,0,12.01
22709,590,443.0,662.0,0.00,0.00,0.00,0,12.01
22711,592,446.0,566.0,0.00,0.00,0.00,0,12.01
22711,593,441.0,599.0,0.00,0.00,0.00,0,12.01
22712,592,445.7,566.7,-0.01,0.02,0.02,0,7.48
22712,593,441.0,599.0,0.00,0.00,0.00,0,14.04
22712,594,451.0,530.0,0.00,0.00,0.00,0,12.01
22713,592,447.3,557.5,0.10,-0.59,0.60,0,6.31
22713,593,441.0,599.0,0.00,0.00,0.00,0,16.09
22715,592,447.3,557.3,0.10,-0.59,0.60,0,9.99
22715,593,441.0,599.0,0.00,0.00,0.00,0,19.99
22716,592,447.3,557.3,0.10,-0.59,0.60,0,12.13
22717,592,447.3,557.3,0.10,-0.59,0.60,0,14.47
22748,595,1060.0,688.0,0.00,0.00,0.00,0,12.01
22748,596,1068.0,745.0,0.00,0.00,0.00,0,12.01
22750,599,1082.0,851.0,0.00,0.00,0.00,0,12.01
22750,600,1077.0,861.0,0.00,0.00,0.00,0,12.01
22751,599,1082.0,851.0,0.00,0.00,0.00,0,14.03
22751,600,1077.0,861.0,0.00,0.00,0.00,0,14.03
22752,599,1082.0,851.0,0.00,0.00,0.00,0,16.08
22754,599,1082.0,851.0,0.00,0.00,0.00,0,19.94
22831,602,1127.0,821.0,0.00,0.00,0.00,0,12.01
22832,602,1122.1,820.7,-0.12,-0.01,0.12,0,7.48
22833,602,1122.1,820.7,-0.12,-0.01,0.12,0,9.52
22835,602,1122.0,820.7,-0.12,-0.01,0.12,0,13.27
22836,602,1122.0,820.7,-0.12,-0.01,0.12,0,15.46
22936,604,885.0,926.0,0.00,0.00,0.00,0,12.01
22936,605,871.0,955.0,0.00,0.00,0.00,0,12.01
22937,604,885.3,925.3,0.01,-0.02,0.02,0,7.47
22937,605,871.0,955.0,0.00,0.00,0.00,0,14.04
22937,606,901.0,891.0,0.00,0.00,0.00,0,12.01
22938,604,888.8,917.0,0.24,-0.55,0.60,0,6.31
22938,605,871.0,955.0,0.00,0.00,0.00,0,16.09
22940,604,888.9,916.9,0.24,-0.55,0.60,0,9.95
22940,605,871.0,955.0,0.00,0.00,0.00,0,19.94
22941,604,888.9,916.9,0.24,-0.55,0.60,0,12.12
22942,604,888.9,916.8,0.24,-0.55,0.60,0,14.47
22973,607,1143.0,704.0,0.00,0.00,0.00,0,12.01
22975,609,1117.0,684.0,0.00,0.00,0.00,0,12.01
22975,610,1127.0,695.0,0.00,0.00,0.00,0,12.01
22976,609,1115.7,682.7,-0.03,-0.03,0.04,0,7.47
22976,610,1127.0,695.0,0.00,0.00,0.00,0,14.03
22977,609,1114.0,681.0,-0.14,-0.14,0.20,0,6.30
22979,609,1113.9,680.9,-0.14,-0.14,0.20,0,9.93
22980,609,1113.9,680.9,-0.14,-0.14,0.20,0,12.09
22981,609,1113.9,680.9,-0.14,-0.14,0.20,0,14.44
23051,611,640.0,1323.0,0.00,0.00,0.00,0,12.01
23053,613,650.0,1328.0,0.00,0.00,0.00,0,12.01
23053,614,660.0,1333.0,0.00,0.00,0.00,0,12.01
23054,613,652.9,1329.6,0.07,0.04,0.08,0,7.48
23054,614,662.3,1334.6,0.06,0.04,0.07,0,7.48
23055,613,659.1,1334.1,0.49,0.34,0.60,0,6.31
23057,613,659.3,1334.2,0.49,0.34,0.60,0,9.96
23058,613,659.3,1334.2,0.49,0.34,0.60,0,12.12
23059,613,659.3,1334.2,0.49,0.34,0.60,0,14.46
23246,615,861.0,1355.0,0.00,0.00,0.00,0,12.01
23248,617,865.0,1342.0,0.00,0.00,0.00,0,12.01
23249,617,867.0,1340.7,0.05,-0.03,0.06,0,7.47
23250,617,869.5,1340.0,0.22,-0.08,0.23,0,6.30
23252,617,869.6,1340.0,0.22,-0.08,0.23,0,9.92
23253,617,869.6,1340.0,0.22,-0.08,0.23,0,12.13
23254,617,869.6,1340.0,0.22,-0.08,0.23,0,14.47
23337,618,787.0,1388.0,0.00,0.00,0.00,0,12.01
23338,618,786.7,1388.3,-0.01,0.01,0.01,0,7.47
23338,619,796.0,1379.0,0.00,0.00,0.00,0,12.01
23339,618,789.1,1386.2,0.15,-0.13,0.20,0,6.31
23339,619,799.3,1376.4,0.08,-0.06,0.10,0,7.47
23341,618,789.1,1386.1,0.15,-0.13,0.20,0,9.95
23341,619,799.3,1376.4,0.08,-0.06,0.10,0,10.85
23342,618,789.1,1386.1,0.15,-0.13,0.20,0,12.13
23342,619,799.3,1376.4,0.08,-0.06,0.10,0,13.00
23343,618,789.1,1386.1,0.15,-0.13,0.20,0,14.47
23343,619,799.3,1376.4,0.08,-0.06,0.10,0,15.29
23392,620,626.0,884.0,0.00,0.00,0.00,0,12.01
23393,620,627.0,881.7,0.03,-0.06,0.06,0,7.48
23394,620,627.8,880.8,0.08,-0.12,0.14,0,6.31
23396,620,627.8,880.7,0.08,-0.12,0.14,0,9.97
23397,620,627.8,880.7,0.08,-0.12,0.14,0,12.13
23398,620,627.8,880.7,0.08,-0.12,0.14,0,14.52
23437,622,1169.0,635.0,0.00,0.00,0.00,0,12.01
23438,622,1169.0,635.0,0.00,0.00,0.00,0,7.47
23439,622,1169.0,635.0,0.00,0.00,0.00,0,9.51
23441,622,1169.0,635.0,0.00,0.00,0.00,0,13.28
23442,622,1169.0,635.0,0.00,0.00,0.00,0,15.45
23696,623,1032.0,1397.0,0.00,0.00,0.00,0,12.01
23697,623,1034.3,1395.4,0.06,-0.04,0.07,0,7.47
23698,623,1034.3,1395.4,0.06,-0.04,0.07,0,9.52
23700,623,1034.3,1395.3,0.06,-0.04,0.07,0,13.33
23701,623,1034.3,1395.3,0.06,-0.04,0.07,0,15.46
23764,624,545.0,1245.0,0.00,0.00,0.00,0,12.01
23765,624,545.0,1245.0,0.00,0.00,0.00,0,7.47
23765,625,539.0,1234.0,0.00,0.00,0.00,0,12.01
23766,624,543.5,1242.4,-0.10,-0.17,0.20,0,6.31
23768,624,543.4,1242.4,-0.10,-0.17,0.20,0,9.95
23769,624,543.4,1242.4,-0.10,-0.17,0.20,0,12.13
23770,624,543.4,1242.4,-0.10,-0.17,0.20,0,14.52
23807,626,1111.0,443.0,0.00,0.00,0.00,0,12.01
23809,628,1123.0,403.0,0.00,0.00,0.00,0,12.01
23809,629,1120.0,424.0,0.00,0.00,0.00,0,12.01
23810,628,1122.7,398.1,-0.01,-0.12,0.12,0,7.48
23810,629,1120.0,424.0,0.00,0.00,0.00,0,14.04
23811,628,1122.7,398.1,-0.01,-0.12,0.12,0,9.52
23811,629,1120.0,424.0,0.00,0.00,0.00,0,16.09
23813,628,1122.7,398.0,-0.01,-0.12,0.12,0,13.32
23813,629,1120.0,424.0,0.00,0.00,0.00,0,19.98
23814,628,1122.7,398.0,-0.01,-0.12,0.12,0,15.46
23936,630,762.0,671.0,0.00,0.00,0.00,0,12.01
23938,632,760.0,634.0,0.00,0.00,0.00,0,12.01
23938,633,760.0,644.0,0.00,0.00,0.00,0,12.01
23939,632,760.0,634.0,0.00,0.00,0.00,0,7.47
23939,633,761.0,637.4,0.02,-0.16,0.16,0,7.47
23940,632,760.5,631.7,0.03,-0.15,0.15,0,6.31
23942,632,760.5,631.6,0.03,-0.15,0.15,0,9.98
23943,632,760.5,631.6,0.03,-0.15,0.15,0,12.14
23944,632,760.5,631.6,0.03,-0.15,0.15,0,14.48
23975,634,348.0,643.0,0.00,0.00,0.00,0,12.01
23975,635,372.0,645.0,0.00,0.00,0.00,0,12.01
23977,636,412.0,639.0,0.00,0.00,0.00,0,12.01
23977,637,391.0,644.0,0.00,0.00,0.00,0,12.01
23978,636,412.0,639.3,0.00,0.01,0.01,0,7.47
23978,637,391.0,644.0,0.00,0.00,0.00,0,14.03
23978,638,433.0,633.0,0.00,0.00,0.00,0,12.01
23979,636,416.9,638.0,0.31,-0.08,0.32,0,6.30
23979,637,391.0,644.0,0.00,0.00,0.00,0,16.08
23981,636,417.0,637.9,0.31,-0.08,0.32,0,9.91
23981,637,391.0,644.0,0.00,0.00,0.00,0,19.89
23982,636,417.0,637.9,0.31,-0.08,0.32,0,12.11
23983,636,417.0,637.9,0.31,-0.08,0.32,0,14.45
24187,639,772.0,990.0,0.00,0.00,0.00,0,12.01
24188,639,771.7,990.0,-0.01,0.00,0.01,0,7.48
24188,640,781.0,999.0,0.00,0.00,0.00,0,12.01
24189,639,774.1,992.1,0.15,0.14,0.20,0,6.30
24191,639,774.1,992.1,0.15,0.14,0.20,0,9.91
24192,639,774.1,992.1,0.15,0.14,0.20,0,12.13
24193,639,774.1,992.1,0.15,0.14,0.20,0,14.47
24235,641,776.0,1384.0,0.00,0.00,0.00,0,12.01
24236,641,776.0,1384.7,0.00,0.02,0.02,0,7.47
24236,642,780.0,1374.0,0.00,0.00,0.00,0,12.01
24237,641,776.8,1382.2,0.05,-0.14,0.15,0,6.30
24239,641,776.8,1382.1,0.05,-0.14,0.15,0,9.94
24240,641,776.8,1382.1,0.05,-0.14,0.15,0,12.11
24241,641,776.8,1382.1,0.05,-0.14,0.15,0,14.46
24409,643,807.0,1191.0,0.00,0.00,0.00,0,12.01
24410,643,807.0,1191.0,0.00,0.00,0.00,0,14.04
24411,643,807.0,1191.0,0.00,0.00,0.00,0,16.09
24413,643,807.0,1191.0,0.00,0.00,0.00,0,19.94
24748,645,639.0,501.0,0.00,0.00,0.00,0,12.01
24749,645,635.4,500.0,-0.09,-0.03,0.10,0,7.48
24750,645,633.5,499.5,-0.22,-0.06,0.23,0,6.31
24752,645,633.4,499.5,-0.22,-0.06,0.23,0,10.00
24753,645,633.4,499.5,-0.22,-0.06,0.23,0,12.13
24754,645,633.4,499.5,-0.22,-0.06,0.23,0,14.47
24813,647,1121.0,1000.0,0.00,0.00,0.00,0,12.01
24814,647,1123.0,1000.7,0.05,0.02,0.05,0,7.48
24815,647,1124.8,1002.3,0.17,0.13,0.21,0,6.31
24817,647,1124.8,1002.3,0.17,0.13,0.21,0,9.95
24818,647,1124.8,1002.3,0.17,0.13,0.21,0,12.14
24819,647,1124.8,1002.3,0.17,0.13,0.21,0,14.53
24851,648,1306.0,863.0,0.00,0.00,0.00,0,12.01
24852,648,1306.0,863.0,0.00,0.00,0.00,0,14.04
24853,648,1306.0,863.0,0.00,0.00,0.00,0,16.09
24855,648,1306.0,863.0,0.00,0.00,0.00,0,19.93
24912,649,1119.0,1004.0,0.00,0.00,0.00,0,12.01
24913,649,1117.0,996.8,-0.05,-0.18,0.19,0,7.48
24914,649,1117.0,996.8,-0.05,-0.18,0.19,0,9.52
24916,649,1117.0,996.7,-0.05,-0.18,0.19,0,13.29
24917,649,1117.0,996.7,-0.05,-0.18,0.19,0,15.46
24949,650,1114.0,292.0,0.00,0.00,0.00,0,12.01
24950,650,1108.8,288.1,-0.13,-0.10,0.16,0,7.48
24950,651,1061.0,253.0,0.00,0.00,0.00,0,12.01
24950,652,1067.0,258.0,0.00,0.00,0.00,0,12.01
24950,653,1093.0,281.0,0.00,0.00,0.00,0,12.01
24951,650,1108.8,288.1,-0.13,-0.10,0.16,0,9.52
24953,650,1108.7,288.0,-0.13,-0.10,0.16,0,13.33
24954,650,1108.7,288.0,-0.13,-0.10,0.16,0,15.46
24986,654,498.0,886.0,0.00,0.00,0.00,0,12.01
24986,655,501.0,898.0,0.00,0.00,0.00,0,12.01
24988,656,499.0,865.0,0.00,0.00,0.00,0,12.01
24988,657,497.0,877.0,0.00,0.00,0.00,0,12.01
24989,656,498.7,865.3,-0.01,0.01,0.01,0,7.47
24989,657,499.0,869.8,0.05,-0.17,0.18,0,7.47
24990,656,499.5,862.9,0.05,-0.15,0.15,0,6.30
24992,656,499.5,862.9,0.05,-0.15,0.15,0,9.98
24993,656,499.5,862.9,0.05,-0.15,0.15,0,12.11
24994,656,499.5,862.9,0.05,-0.15,0.15,0,14.45
25025,658,1041.0,398.0,0.00,0.00,0.00,0,12.01
25025,659,1033.0,406.0,0.00,0.00,0.00,0,12.01
25027,660,1060.0,382.0,0.00,0.00,0.00,0,12.01
25027,661,1050.0,391.0,0.00,0.00,0.00,0,12.01
25028,660,1059.7,382.0,-0.01,0.00,0.01,0,7.46
25028,661,1055.9,385.4,0.12,-0.12,0.17,0,7.46
25029,660,1061.8,379.9,0.08,-0.09,0.12,0,6.29
25031,660,1061.8,379.9,0.08,-0.09,0.12,0,9.73
25032,660,1061.8,379.9,0.08,-0.09,0.12,0,11.95
25033,660,1061.8,379.9,0.08,-0.09,0.12,0,14.28
25095,662,464.0,361.0,0.00,0.00,0.00,0,12.01
25096,662,464.3,361.0,0.01,0.00,0.01,0,7.46
25096,663,453.0,363.0,0.00,0.00,0.00,0,12.00
25097,662,461.9,361.5,-0.10,0.02,0.10,0,6.29
25097,663,449.7,364.0,-0.05,0.01,0.05,0,7.46
25099,662,461.9,361.5,-0.10,0.02,0.10,0,9.74
25099,663,449.7,364.0,-0.05,0.01,0.05,0,10.69
25100,662,461.9,361.5,-0.10,0.02,0.10,0,11.97
25100,663,449.7,364.0,-0.05,0.01,0.05,0,12.89
25101,662,461.9,361.5,-0.10,0.02,0.10,0,14.30
25101,663,449.7,364.0,-0.05,0.01,0.05,0,15.17
25729,666,1043.0,1193.0,0.00,0.00,0.00,0,12.01
25730,666,1043.0,1192.7,0.00,-0.01,0.01,0,7.47
25730,667,1039.0,1205.0,0.00,0.00,0.00,0,12.01
25731,666,1042.0,1195.8,-0.07,0.20,0.21,0,6.31
25733,666,1042.0,1195.9,-0.07,0.20,0.21,0,9.99
25734,666,1042.0,1195.9,-0.07,0.20,0.21,0,12.13
25735,666,1041.9,1195.9,-0.07,0.20,0.21,0,14.53
26002,668,1441.0,695.0,0.00,0.00,0.00,0,12.01
26003,668,1441.0,693.0,0.00,-0.05,0.05,0,7.48
26003,669,1444.0,725.0,0.00,0.00,0.00,0,12.01
26004,668,1442.0,699.5,0.07,0.37,0.38,0,6.31
26006,668,1442.0,699.6,0.07,0.37,0.38,0,9.97
26007,668,1442.0,699.6,0.07,0.37,0.38,0,12.12
26008,668,1442.1,699.6,0.07,0.37,0.38,0,14.47
26319,670,442.0,1192.0,0.00,0.00,0.00,0,12.01
26320,670,441.7,1192.3,-0.01,0.01,0.01,0,7.48
26320,671,454.0,1178.0,0.00,0.00,0.00,0,12.01
26321,670,444.8,1188.9,0.21,-0.22,0.31,0,6.31
26321,671,458.6,1174.1,0.12,-0.10,0.15,0,7.47
26323,670,444.9,1188.8,0.21,-0.22,0.31,0,9.97
26323,671,458.6,1174.0,0.12,-0.10,0.15,0,10.87
26324,670,444.9,1188.8,0.21,-0.22,0.31,0,12.12
26324,671,458.6,1174.0,0.12,-0.10,0.15,0,12.99
26325,670,444.9,1188.8,0.21,-0.22,0.31,0,14.52
26325,671,458.6,1174.0,0.12,-0.10,0.15,0,15.33
26373,672,1315.0,312.0,0.00,0.00,0.00,0,12.01
26374,672,1315.0,312.0,0.00,0.00,0.00,0,14.04
26375,672,1315.0,312.0,0.00,0.00,0.00,0,16.09
26377,672,1315.0,312.0,0.00,0.00,0.00,0,19.96
26410,673,1352.0,392.0,0.00,0.00,0.00,0,12.01
26411,673,1357.6,394.9,0.14,0.07,0.16,0,7.48
26412,673,1357.6,395.0,0.14,0.07,0.16,0,9.52
26414,673,1357.6,395.0,0.14,0.07,0.16,0,13.32
26415,673,1357.6,395.0,0.14,0.07,0.16,0,15.46
26468,676,438.0,1204.0,0.00,0.00,0.00,0,12.01
26469,676,438.0,1204.0,0.00,0.00,0.00,0,14.04
26470,676,438.0,1204.0,0.00,0.00,0.00,0,16.09
26472,676,438.0,1204.0,0.00,0.00,0.00,0,19.97
26506,679,434.0,1067.0,0.00,0.00,0.00,0,12.01
26507,679,435.6,1065.0,0.05,-0.05,0.07,0,7.47
26508,679,437.0,1062.5,0.13,-0.22,0.26,0,6.31
26510,679,437.1,1062.4,0.13,-0.22,0.26,0,9.94
26511,679,437.1,1062.4,0.13,-0.22,0.26,0,12.12
26512,679,437.1,1062.4,0.13,-0.22,0.26,0,14.51
26543,680,1157.0,1130.0,0.00,0.00,0.00,0,12.01
26544,680,1157.0,1130.0,0.00,0.00,0.00,0,14.04
26545,680,1157.0,1130.0,0.00,0.00,0.00,0,16.09
26545,681,1252.0,1119.0,0.00,0.00,0.00,0,12.01
26547,680,1157.0,1130.0,0.00,0.00,0.00,0,19.97
26547,681,1252.0,1119.0,0.00,0.00,0.00,0,15.12
26548,681,1252.0,1119.0,0.00,0.00,0.00,0,17.22
26549,681,1252.0,1119.0,0.00,0.00,0.00,0,19.50
26607,682,953.0,828.0,0.00,0.00,0.00,0,12.01
26608,682,953.7,828.0,0.02,0.00,0.02,0,7.47
26608,683,940.0,830.0,0.00,0.00,0.00,0,12.01
26609,682,949.1,829.0,-0.27,0.06,0.28,0,6.31
26609,683,940.0,830.0,0.00,0.00,0.00,0,14.04
26611,682,949.0,829.0,-0.27,0.06,0.28,0,9.94
26611,683,940.0,830.0,0.00,0.00,0.00,0,17.49
26612,682,949.0,829.0,-0.27,0.06,0.28,0,12.14
26612,683,940.0,830.0,0.00,0.00,0.00,0,19.66
26613,682,949.0,829.0,-0.27,0.06,0.28,0,14.54
26869,684,992.0,1425.0,0.00,0.00,0.00,0,12.01
26870,684,991.7,1425.3,-0.01,0.01,0.01,0,7.47
26870,685,1002.0,1403.0,0.00,0.00,0.00,0,12.01
26871,684,994.1,1420.1,0.15,-0.33,0.36,0,6.30
26873,684,994.1,1420.0,0.15,-0.33,0.36,0,9.94
26874,684,994.1,1420.0,0.15,-0.33,0.36,0,12.12
26875,684,994.1,1420.0,0.15,-0.33,0.36,0,14.52
26906,686,1123.0,965.0,0.00,0.00,0.00,0,12.01
26907,686,1126.9,964.7,0.10,-0.01,0.10,0,7.48
26908,686,1131.8,964.2,0.45,-0.04,0.45,0,6.30
26910,686,1132.0,964.2,0.45,-0.04,0.45,0,9.93
26911,686,1132.0,964.2,0.45,-0.04,0.45,0,12.11
26912,686,1132.0,964.2,0.45,-0.04,0.45,0,14.50
26944,689,592.0,994.0,0.00,0.00,0.00,0,12.03
26944,690,591.0,1009.0,0.00,0.00,0.00,0,12.03
26945,689,591.7,998.6,-0.02,0.22,0.22,0,7.48
26945,690,590.0,1013.3,-0.05,0.21,0.21,0,7.48
26946,689,590.7,1004.4,-0.09,0.65,0.66,0,6.30
26948,689,590.7,1004.5,-0.09,0.65,0.66,0,9.79
26949,689,590.7,1004.5,-0.09,0.65,0.66,0,11.92
26950,689,590.7,1004.6,-0.09,0.65,0.66,0,14.24
27230,691,1252.0,1182.0,0.00,0.00,0.00,0,12.01
27232,693,1294.0,1143.0,0.00,0.00,0.00,0,12.01
27232,694,1270.0,1160.0,0.00,0.00,0.00,0,12.01
27233,693,1293.3,1143.0,-0.02,0.00,0.02,0,7.48
27233,694,1270.0,1160.0,0.00,0.00,0.00,0,14.04
27233,695,1324.0,1134.0,0.00,0.00,0.00,0,12.01
27234,693,1300.7,1140.7,0.48,-0.16,0.50,0,6.30
27234,694,1270.0,1160.0,0.00,0.00,0.00,0,16.09
27236,693,1300.8,1140.6,0.48,-0.16,0.50,0,9.92
27236,694,1270.0,1160.0,0.00,0.00,0.00,0,19.91
27237,693,1300.9,1140.6,0.48,-0.16,0.50,0,12.12
27238,693,1300.9,1140.6,0.48,-0.16,0.50,0,14.46
27309,696,895.0,1279.0,0.00,0.00,0.00,0,12.01
27310,696,895.3,1279.0,0.01,0.00,0.01,0,7.47
27310,697,894.0,1274.0,0.00,0.00,0.00,0,12.01
27311,696,894.7,1277.5,-0.03,-0.10,0.11,0,6.31
27311,697,894.0,1274.0,0.00,0.00,0.00,0,14.04
27313,696,894.7,1277.4,-0.03,-0.10,0.11,0,9.96
27313,697,894.0,1274.0,0.00,0.00,0.00,0,17.51
27314,696,894.7,1277.4,-0.03,-0.10,0.11,0,12.12
27314,697,894.0,1274.0,0.00,0.00,0.00,0,19.65
27315,696,894.7,1277.4,-0.03,-0.10,0.11,0,14.52
27346,698,642.0,1033.0,0.00,0.00,0.00,0,12.01
27346,699,658.0,1056.0,0.00,0.00,0.00,0,12.01
27347,698,641.7,1032.7,-0.01,-0.01,0.01,0,7.48
27347,699,658.0,1056.0,0.00,0.00,0.00,0,14.04
27347,700,628.0,1016.0,0.00,0.00,0.00,0,12.01
27348,698,637.6,1027.9,-0.30,-0.35,0.46,0,6.31
27348,699,658.0,1056.0,0.00,0.00,0.00,0,16.09
27350,698,637.6,1027.8,-0.30,-0.35,0.46,0,9.97
27350,699,658.0,1056.0,0.00,0.00,0.00,0,19.98
27351,698,637.6,1027.8,-0.30,-0.35,0.46,0,12.11
27352,698,637.5,1027.8,-0.30,-0.35,0.46,0,14.50
27533,702,569.0,993.0,0.00,0.00,0.00,0,12.01
27535,704,581.0,961.0,0.00,0.00,0.00,0,12.01
27535,705,575.0,980.0,0.00,0.00,0.00,0,12.01
27536,704,581.0,961.0,0.00,0.00,0.00,0,7.47
27536,705,575.0,980.0,0.00,0.00,0.00,0,14.04
27536,706,589.0,939.0,0.00,0.00,0.00,0,12.01
27537,704,583.1,955.3,0.13,-0.37,0.39,0,6.31
27537,705,575.0,980.0,0.00,0.00,0.00,0,16.09
27539,704,583.1,955.2,0.13,-0.37,0.39,0,9.93
27539,705,575.0,980.0,0.00,0.00,0.00,0,19.92
27540,704,583.1,955.2,0.13,-0.37,0.39,0,12.12
27541,704,583.1,955.2,0.13,-0.37,0.39,0,14.46
27735,707,646.0,971.0,0.00,0.00,0.00,0,12.01
27736,707,646.0,971.0,0.00,0.00,0.00,0,14.04
27737,707,646.0,971.0,0.00,0.00,0.00,0,16.09
27739,707,646.0,971.0,0.00,0.00,0.00,0,19.95
27772,708,662.0,1231.0,0.00,0.00,0.00,0,12.01
27772,709,645.0,1237.0,0.00,0.00,0.00,0,12.01
27773,708,662.0,1231.0,0.00,0.00,0.00,0,7.48
27773,709,655.5,1233.4,0.26,-0.09,0.27,0,7.48
27774,708,665.6,1229.7,0.25,-0.09,0.27,0,6.31
27776,708,665.7,1229.7,0.25,-0.09,0.27,0,9.95
27777,708,665.7,1229.7,0.25,-0.09,0.27,0,12.12
27778,708,665.7,1229.7,0.25,-0.09,0.27,0,14.52
27809,710,1187.0,320.0,0.00,0.00,0.00,0,12.01
27809,711,533.0,1126.0,0.00,0.00,0.00,0,12.01
27811,714,1244.0,316.0,0.00,0.00,0.00,0,12.01
27811,715,1241.0,327.0,0.00,0.00,0.00,0,12.01
27811,716,543.0,1131.0,0.00,0.00,0.00,0,12.01
27812,714,1244.0,316.0,0.00,0.00,0.00,0,14.03
27812,715,1241.0,327.0,0.00,0.00,0.00,0,14.03
27812,716,542.7,1131.7,-0.01,0.01,0.02,0,7.47
27813,716,541.2,1132.3,-0.10,0.05,0.11,0,6.31
27813,714,1244.0,316.0,0.00,0.00,0.00,0,16.08
27815,716,541.2,1132.3,-0.10,0.05,0.11,0,9.94
27815,714,1244.0,316.0,0.00,0.00,0.00,0,19.91
27816,716,541.2,1132.3,-0.10,0.05,0.11,0,12.12
27817,716,541.2,1132.3,-0.10,0.05,0.11,0,14.46
27909,717,529.0,34.0,0.00,0.00,0.00,0,12.01
27910,717,529.0,34.0,0.00,0.00,0.00,0,7.48
27911,717,529.0,34.0,0.00,0.00,0.00,0,9.52
27913,717,529.0,34.0,0.00,0.00,0.00,0,13.32
27914,717,529.0,34.0,0.00,0.00,0.00,0,15.47
28019,718,1052.0,1041.0,0.00,0.00,0.00,0,12.01
28020,718,1052.0,1041.0,0.00,0.00,0.00,0,14.04
28021,718,1052.0,1041.0,0.00,0.00,0.00,0,16.09
28023,718,1052.0,1041.0,0.00,0.00,0.00,0,19.98
28076,719,461.0,1058.0,0.00,0.00,0.00,0,12.01
28078,721,472.0,1027.0,0.00,0.00,0.00,0,12.01
28078,722,466.0,1045.0,0.00,0.00,0.00,0,12.01
28079,721,472.0,1026.7,0.00,-0.01,0.01,0,7.48
28079,722,469.6,1033.9,0.09,-0.29,0.30,0,7.48
28080,721,473.0,1022.9,0.07,-0.26,0.27,0,6.31
28082,721,473.0,1022.8,0.07,-0.26,0.27,0,9.96
28083,721,473.0,1022.8,0.07,-0.26,0.27,0,12.13
28084,721,473.1,1022.8,0.07,-0.26,0.27,0,14.48
28234,723,452.0,1160.0,0.00,0.00,0.00,0,12.01
28234,724,449.0,1179.0,0.00,0.00,0.00,0,12.01
28234,725,461.0,1179.0,0.00,0.00,0.00,0,12.01
28235,723,449.7,1160.3,-0.05,0.01,0.05,0,7.48
28235,724,449.0,1179.0,0.00,0.00,0.00,0,14.04
28235,725,461.0,1179.0,0.00,0.00,0.00,0,14.04
28235,726,514.0,1128.0,0.00,0.00,0.00,0,12.01
28235,727,517.0,1139.0,0.00,0.00,0.00,0,12.01
28236,723,449.7,1160.3,-0.05,0.01,0.05,0,9.52
28236,725,461.0,1179.0,0.00,0.00,0.00,0,16.09
28238,723,449.7,1160.3,-0.05,0.01,0.05,0,13.31
28238,725,461.0,1179.0,0.00,0.00,0.00,0,19.97
28239,723,449.7,1160.3,-0.05,0.01,0.05,0,15.47
28301,731,831.0,1411.0,0.00,0.00,0.00,0,12.01
28302,731,831.0,1411.0,0.00,0.00,0.00,0,14.04
28303,731,831.0,1411.0,0.00,0.00,0.00,0,16.09
28305,731,831.0,1411.0,0.00,0.00,0.00,0,19.99
28352,732,817.0,1343.0,0.00,0.00,0.00,0,12.01
28353,732,817.7,1342.3,0.02,-0.02,0.02,0,7.47
28354,732,817.7,1342.3,0.02,-0.02,0.02,0,9.52
28356,732,817.7,1342.3,0.02,-0.02,0.02,0,13.29
28357,732,817.7,1342.3,0.02,-0.02,0.02,0,15.47
28468,733,1319.0,1187.0,0.00,0.00,0.00,0,12.01
28469,733,1320.0,1187.0,0.02,0.00,0.02,0,7.47
28470,733,1320.0,1187.0,0.02,0.00,0.02,0,9.52
28472,733,1320.0,1187.0,0.02,0.00,0.02,0,13.33
28473,733,1320.0,1187.0,0.02,0.00,0.02,0,15.47
28795,734,386.0,1117.0,0.00,0.00,0.00,0,12.01
28796,734,385.0,1116.7,-0.02,-0.01,0.03,0,7.47
28796,735,403.0,1118.0,0.00,0.00,0.00,0,12.01
28797,734,388.9,1117.0,0.23,0.01,0.23,0,6.31
28799,734,388.9,1117.0,0.23,0.01,0.23,0,10.02
28800,734,388.9,1117.0,0.23,0.01,0.23,0,12.12
28801,734,388.9,1117.0,0.23,0.01,0.23,0,14.47
28835,736,695.0,1369.0,0.00,0.00,0.00,0,12.00
28837,738,696.0,1333.0,0.00,0.00,0.00,0,12.01
28837,739,695.0,1352.0,0.00,0.00,0.00,0,12.01
28838,738,696.0,1333.7,0.00,0.02,0.02,0,7.48
28838,739,696.3,1340.5,0.03,-0.29,0.29,0,7.48
28839,738,696.5,1330.1,0.03,-0.22,0.22,0,6.31
28841,738,696.5,1330.1,0.03,-0.22,0.22,0,9.95
28842,738,696.5,1330.1,0.03,-0.22,0.22,0,12.13
28843,738,696.5,1330.1,0.03,-0.22,0.22,0,14.49
28874,740,1403.0,956.0,0.00,0.00,0.00,0,12.01
28874,741,1394.0,958.0,0.00,0.00,0.00,0,12.01
28876,742,1424.0,954.0,0.00,0.00,0.00,0,12.01
28877,742,1424.0,954.0,0.00,0.00,0.00,0,14.02
28878,742,1424.0,954.0,0.00,0.00,0.00,0,16.04
28880,742,1424.0,954.0,0.00,0.00,0.00,0,19.60
28993,743,915.0,237.0,0.00,0.00,0.00,0,12.01
28994,743,914.7,237.0,-0.01,0.00,0.01,0,7.47
28994,744,900.0,230.0,0.00,0.00,0.00,0,12.01
28995,743,910.9,235.2,-0.25,-0.12,0.28,0,6.31
28997,743,910.8,235.2,-0.25,-0.12,0.28,0,9.99
28998,743,910.8,235.2,-0.25,-0.12,0.28,0,12.13
28999,743,910.8,235.2,-0.25,-0.12,0.28,0,14.47
29687,745,1052.0,742.0,0.00,0.00,0.00,0,12.01
29688,745,1052.0,742.0,0.00,0.00,0.00,0,14.04
29689,745,1052.0,742.0,0.00,0.00,0.00,0,16.09
29691,745,1052.0,742.0,0.00,0.00,0.00,0,19.97
29810,746,935.0,1175.0,0.00,0.00,0.00,0,12.01
29812,748,898.0,1157.0,0.00,0.00,0.00,0,12.01
29812,749,918.0,1167.0,0.00,0.00,0.00,0,12.01
29813,748,898.7,1157.3,0.02,0.01,0.02,0,7.48
29813,749,907.8,1162.1,-0.25,-0.12,0.28,0,7.48
29814,748,894.9,1156.0,-0.23,-0.08,0.25,0,6.31
29816,748,894.8,1155.9,-0.23,-0.08,0.25,0,9.97
29817,748,894.8,1155.9,-0.23,-0.08,0.25,0,12.13
29818,748,894.8,1155.9,-0.23,-0.08,0.25,0,14.47
29851,750,696.0,1045.0,0.00,0.00,0.00,0,12.01
29852,750,696.0,1045.0,0.00,0.00,0.00,0,7.47
29853,750,696.0,1045.0,0.00,0.00,0.00,0,9.51
29855,750,696.0,1045.0,0.00,0.00,0.00,0,13.27
29856,750,696.0,1045.0,0.00,0.00,0.00,0,15.44
29903,752,457.0,1083.0,0.00,0.00,0.00,0,12.01
29903,753,456.0,1091.0,0.00,0.00,0.00,0,12.01
29903,754,455.0,1098.0,0.00,0.00,0.00,0,12.01
29905,755,463.0,1027.0,0.00,0.00,0.00,0,12.01
29905,756,459.0,1063.0,0.00,0.00,0.00,0,12.01
29906,755,463.0,1026.3,0.00,-0.02,0.02,0,7.48
29906,756,460.3,1053.2,0.03,-0.25,0.26,0,7.48
29906,757,469.0,994.0,0.00,0.00,0.00,0,12.01
29907,755,464.5,1018.8,0.10,-0.52,0.53,0,6.31
29907,756,460.3,1053.2,0.03,-0.25,0.26,0,9.52
29909,755,464.6,1018.7,0.10,-0.52,0.53,0,10.00
29909,756,460.3,1053.1,0.03,-0.25,0.26,0,13.33
29910,755,464.6,1018.6,0.10,-0.52,0.53,0,12.13
29910,756,460.3,1053.1,0.03,-0.25,0.26,0,15.46
29911,755,464.6,1018.6,0.10,-0.52,0.53,0,14.47
30015,758,669.0,248.0,0.00,0.00,0.00,0,12.01
30016,758,672.3,248.7,0.08,0.02,0.08,0,7.47
30017,758,673.7,249.0,0.17,0.04,0.18,0,6.30
30017,759,688.0,254.0,0.00,0.00,0.00,0,12.01
30019,758,673.8,249.0,0.17,0.04,0.18,0,9.95
30019,759,688.0,254.0,0.00,0.00,0.00,0,15.12
30020,758,673.8,249.0,0.17,0.04,0.18,0,12.13
30020,759,688.0,254.0,0.00,0.00,0.00,0,17.24
30021,758,673.8,249.0,0.17,0.04,0.18,0,14.47
30021,759,688.0,254.0,0.00,0.00,0.00,0,19.49
30147,760,1083.0,1070.0,0.00,0.00,0.00,0,12.01
30148,760,1080.4,1070.3,-0.06,0.01,0.06,0,7.48
30149,760,1079.3,1070.2,-0.14,0.00,0.14,0,6.31
30149,761,1068.0,1074.0,0.00,0.00,0.00,0,12.01
30151,760,1079.2,1070.2,-0.14,0.00,0.14,0,9.98
30151,761,1068.0,1074.0,0.00,0.00,0.00,0,15.13
30152,760,1079.2,1070.2,-0.14,0.00,0.14,0,12.13
30152,761,1068.0,1074.0,0.00,0.00,0.00,0,17.24
30153,760,1079.2,1070.2,-0.14,0.00,0.14,0,14.47
30153,761,1068.0,1074.0,0.00,0.00,0.00,0,19.49
30273,762,802.0,1420.0,0.00,0.00,0.00,0,12.01
30274,762,801.7,1420.7,-0.01,0.02,0.02,0,7.47
30274,763,804.0,1413.0,0.00,0.00,0.00,0,12.01
30275,762,802.3,1418.9,0.03,-0.10,0.10,0,6.31
30275,763,802.7,1411.4,-0.03,-0.04,0.05,0,7.47
30277,762,802.3,1418.9,0.03,-0.10,0.10,0,9.97
30277,763,802.7,1411.4,-0.03,-0.04,0.05,0,10.86
30278,762,802.3,1418.9,0.03,-0.10,0.10,0,12.12
30278,763,802.7,1411.3,-0.03,-0.04,0.05,0,12.99
30279,762,802.3,1418.9,0.03,-0.10,0.10,0,14.46
30279,763,802.7,1411.3,-0.03,-0.04,0.05,0,15.29
30455,764,389.0,749.0,0.00,0.00,0.00,0,12.01
30456,764,388.7,748.3,-0.01,-0.02,0.02,0,7.47
30457,764,388.7,748.3,-0.01,-0.02,0.02,0,9.52
30459,764,388.7,748.3,-0.01,-0.02,0.02,0,13.29
30460,764,388.7,748.3,-0.01,-0.02,0.02,0,15.46
30515,765,349.0,523.0,0.00,0.00,0.00,0,12.01
30517,767,346.0,502.0,0.00,0.00,0.00,0,12.01
30517,768,353.0,516.0,0.00,0.00,0.00,0,12.01
30518,767,346.3,503.0,0.01,0.02,0.02,0,7.47
30518,768,353.0,516.0,0.00,0.00,0.00,0,14.04
30519,767,346.3,503.0,0.01,0.02,0.02,0,9.52
30521,767,346.3,503.0,0.01,0.02,0.02,0,13.29
30522,767,346.3,503.0,0.01,0.02,0.02,0,15.46
30572,769,566.0,356.0,0.00,0.00,0.00,0,12.01
30573,769,566.0,356.3,0.00,0.01,0.01,0,7.47
30574,769,566.0,356.3,0.00,0.01,0.01,0,9.52
30576,769,566.0,356.3,0.00,0.01,0.01,0,13.28
30577,769,566.0,356.3,0.00,0.01,0.01,0,15.46
30722,770,675.0,1125.0,0.00,0.00,0.00,0,12.01
30723,770,678.9,1123.7,0.10,-0.03,0.10,0,7.48
30724,770,684.9,1122.2,0.49,-0.13,0.51,0,6.31
30726,770,685.0,1122.2,0.49,-0.13,0.51,0,9.99
30727,770,685.0,1122.2,0.49,-0.13,0.51,0,12.13
30728,770,685.0,1122.2,0.49,-0.13,0.51,0,14.47
30783,771,367.0,602.0,0.00,0.00,0.00,0,12.01
30784,771,366.7,602.0,-0.01,0.00,0.01,0,7.48
30784,772,374.0,605.0,0.00,0.00,0.00,0,12.01
30785,771,369.8,603.0,0.20,0.07,0.21,0,6.30
30785,772,374.0,605.0,0.00,0.00,0.00,0,14.03
30787,771,369.9,603.0,0.20,0.07,0.21,0,9.94
30787,772,374.0,605.0,0.00,0.00,0.00,0,17.49
30788,771,369.9,603.0,0.20,0.07,0.21,0,12.13
30788,772,374.0,605.0,0.00,0.00,0.00,0,19.66
30789,771,369.9,603.1,0.20,0.07,0.21,0,14.47
30864,773,523.0,1091.0,0.00,0.00,0.00,0,12.01
30865,773,523.7,1091.0,0.02,0.00,0.02,0,7.47
30865,774,547.0,1089.0,0.00,0.00,0.00,0,12.01
30866,773,523.7,1091.0,0.02,0.00,0.02,0,9.52
30866,774,554.2,1088.7,0.16,-0.01,0.16,0,7.48
30868,773,523.7,1091.0,0.02,0.00,0.02,0,13.29
30868,774,554.3,1088.7,0.16,-0.01,0.16,0,10.87
30869,773,523.7,1091.0,0.02,0.00,0.02,0,15.47
30869,774,554.3,1088.7,0.16,-0.01,0.16,0,13.01
30870,774,554.3,1088.7,0.16,-0.01,0.16,0,15.31
30901,775,1098.0,293.0,0.00,0.00,0.00,0,12.01
30902,775,1098.7,293.7,0.02,0.02,0.02,0,7.52
30902,776,1097.0,290.0,0.00,0.00,0.00,0,12.04
30903,775,1098.7,293.7,0.02,0.02,0.02,0,9.57
30905,775,1098.7,293.7,0.02,0.02,0.02,0,13.51
30906,775,1098.7,293.7,0.02,0.02,0.02,0,15.74
31162,777,659.0,956.0,0.00,0.00,0.00,0,12.01
31162,778,655.0,964.0,0.00,0.00,0.00,0,12.01
31162,779,666.0,970.0,0.00,0.00,0.00,0,12.01
31162,780,596.0,993.0,0.00,0.00,0.00,0,12.01
31163,777,656.7,959.6,-0.06,0.09,0.11,0,7.48
31163,778,654.3,968.3,-0.02,0.11,0.11,0,7.48
31163,779,666.0,970.0,0.00,0.00,0.00,0,14.04
31163,780,596.0,993.0,0.00,0.00,0.00,0,14.04
31164,777,656.7,959.6,-0.06,0.09,0.11,0,9.52
31164,780,596.0,993.0,0.00,0.00,0.00,0,16.09
31166,777,656.7,959.6,-0.06,0.09,0.11,0,13.33
31166,780,596.0,993.0,0.00,0.00,0.00,0,20.00
31167,777,656.7,959.6,-0.06,0.09,0.11,0,15.47
31268,782,524.0,279.0,0.00,0.00,0.00,0,12.01
31270,784,567.0,287.0,0.00,0.00,0.00,0,12.01
31271,784,577.8,291.9,0.27,0.12,0.30,0,7.48
31271,785,606.0,306.0,0.00,0.00,0.00,0,12.01
31272,784,577.8,291.9,0.27,0.12,0.30,0,9.52
31274,784,577.9,292.0,0.27,0.12,0.30,0,13.28
31275,784,577.9,292.0,0.27,0.12,0.30,0,15.48
31320,786,596.0,351.0,0.00,0.00,0.00,0,12.01
31321,786,596.0,351.0,0.00,0.00,0.00,0,14.04
31322,786,596.0,351.0,0.00,0.00,0.00,0,16.09
31324,786,596.0,351.0,0.00,0.00,0.00,0,19.94
31398,787,989.0,1229.0,0.00,0.00,0.00,0,12.01
31399,787,990.0,1223.1,0.02,-0.15,0.15,0,7.48
31400,787,990.5,1220.0,0.06,-0.35,0.36,0,6.31
31400,788,987.0,1195.0,0.00,0.00,0.00,0,12.01
31402,787,990.5,1219.9,0.06,-0.35,0.36,0,10.00
31402,788,987.0,1195.0,0.00,0.00,0.00,0,15.15
31403,787,990.5,1219.9,0.06,-0.35,0.36,0,12.12
31403,788,987.0,1195.0,0.00,0.00,0.00,0,17.24
31404,787,990.5,1219.9,0.06,-0.35,0.36,0,14.47
31404,788,987.0,1195.0,0.00,0.00,0.00,0,19.49
31827,789,841.0,864.0,0.00,0.00,0.00,0,12.01
31828,789,844.3,870.6,0.08,0.16,0.18,0,7.48
31829,789,845.8,873.5,0.18,0.36,0.40,0,6.31
31829,790,856.0,904.0,0.00,0.00,0.00,0,12.01
31831,789,845.8,873.6,0.18,0.36,0.40,0,9.97
31831,790,856.0,904.0,0.00,0.00,0.00,0,15.13
31832,789,845.8,873.6,0.18,0.36,0.40,0,12.14
31832,790,856.0,904.0,0.00,0.00,0.00,0,17.24
31833,789,845.8,873.6,0.18,0.36,0.40,0,14.48
31833,790,856.0,904.0,0.00,0.00,0.00,0,19.49
31868,791,775.0,1270.0,0.00,0.00,0.00,0,12.01
31870,793,789.0,1276.0,0.00,0.00,0.00,0,12.01
31870,794,806.0,1286.0,0.00,0.00,0.00,0,12.01
31871,793,794.6,1279.3,0.14,0.08,0.16,0,7.48
31871,794,810.9,1289.6,0.12,0.09,0.15,0,7.48
31872,793,801.4,1283.8,0.59,0.38,0.70,0,6.31
31874,793,801.5,1283.9,0.59,0.38,0.70,0,9.95
31875,793,801.5,1283.9,0.59,0.38,0.70,0,12.12
31876,793,801.6,1284.0,0.59,0.38,0.70,0,14.52
32344,795,778.0,1296.0,0.00,0.00,0.00,0,12.01
32345,795,777.0,1296.0,-0.02,0.00,0.02,0,7.48
32345,796,796.0,1293.0,0.00,0.00,0.00,0,12.01
32346,795,781.9,1295.2,0.30,-0.05,0.30,0,6.31
32348,795,782.0,1295.2,0.30,-0.05,0.30,0,9.95
32349,795,782.0,1295.2,0.30,-0.05,0.30,0,12.13
32350,795,782.0,1295.2,0.30,-0.05,0.30,0,14.48
32682,797,1518.0,702.0,0.00,0.00,0.00,0,12.01
32683,797,1512.4,699.4,-0.14,-0.07,0.15,0,7.47
32684,797,1512.4,699.4,-0.14,-0.07,0.15,0,9.52
32686,797,1512.4,699.4,-0.14,-0.07,0.15,0,13.31
32687,797,1512.4,699.4,-0.14,-0.07,0.15,0,15.46
32750,798,580.0,1072.0,0.00,0.00,0.00,0,12.01
32751,798,580.0,1071.7,0.00,-0.01,0.01,0,7.47
32752,798,585.4,1065.3,0.35,-0.42,0.54,0,6.31
32752,799,632.0,1024.0,0.00,0.00,0.00,0,12.01
32754,798,585.5,1065.2,0.35,-0.42,0.54,0,9.97
32754,799,632.0,1024.0,0.00,0.00,0.00,0,15.13
32755,798,585.5,1065.2,0.35,-0.42,0.54,0,12.12
32755,799,632.0,1024.0,0.00,0.00,0.00,0,17.24
32756,798,585.5,1065.2,0.35,-0.42,0.54,0,14.46
32756,799,632.0,1024.0,0.00,0.00,0.00,0,19.48
32788,802,1025.0,741.0,0.00,0.00,0.00,0,12.02
32788,803,1039.0,750.0,0.00,0.00,0.00,0,12.02
32789,802,1025.3,741.0,0.01,0.00,0.01,0,7.48
32789,803,1030.5,744.4,-0.35,-0.23,0.42,0,7.48
32790,802,1022.2,739.2,-0.20,-0.12,0.23,0,6.29
32792,802,1022.1,739.2,-0.20,-0.12,0.23,0,9.77
32793,802,1022.1,739.2,-0.20,-0.12,0.23,0,12.01
32794,802,1022.1,739.2,-0.20,-0.12,0.23,0,14.34
33086,804,1265.0,1336.0,0.00,0.00,0.00,0,12.01
33087,804,1265.0,1336.0,0.00,0.00,0.00,0,14.04
33088,804,1265.0,1336.0,0.00,0.00,0.00,0,16.09
33090,804,1265.0,1336.0,0.00,0.00,0.00,0,19.97
33166,805,1562.0,868.0,0.00,0.00,0.00,0,12.01
33167,805,1558.7,867.7,-0.08,-0.01,0.08,0,7.48
33168,805,1557.2,867.5,-0.18,-0.02,0.18,0,6.31
33170,805,1557.2,867.5,-0.18,-0.02,0.18,0,9.97
33171,805,1557.2,867.5,-0.18,-0.02,0.18,0,12.12
33172,805,1557.2,867.5,-0.18,-0.02,0.18,0,14.46
33278,807,665.0,1167.0,0.00,0.00,0.00,0,12.01
33279,807,665.0,1167.0,0.00,0.00,0.00,0,14.04
33280,807,665.0,1167.0,0.00,0.00,0.00,0,16.09
33282,807,665.0,1167.0,0.00,0.00,0.00,0,20.01
33437,808,1039.0,327.0,0.00,0.00,0.00,0,12.01
33438,808,1039.0,327.0,0.00,0.00,0.00,0,14.04
33439,808,1039.0,327.0,0.00,0.00,0.00,0,16.09
33441,808,1039.0,327.0,0.00,0.00,0.00,0,19.99
33705,809,804.0,1208.0,0.00,0.00,0.00,0,12.01
33706,809,802.7,1209.3,-0.03,0.03,0.04,0,7.48
33706,810,817.0,1167.0,0.00,0.00,0.00,0,12.01
33706,811,816.0,1177.0,0.00,0.00,0.00,0,12.01
33707,809,806.4,1205.6,0.21,-0.21,0.30,0,6.31
33707,810,816.3,1172.2,-0.02,0.14,0.14,0,7.48
33707,811,816.0,1177.0,0.00,0.00,0.00,0,14.04
33707,812,789.0,1132.0,0.00,0.00,0.00,0,12.01
33707,813,796.0,1134.0,0.00,0.00,0.00,0,12.01
33707,814,788.0,1141.0,0.00,0.00,0.00,0,12.01
33709,809,806.4,1205.6,0.21,-0.21,0.30,0,10.04
33709,810,816.3,1172.3,-0.02,0.14,0.14,0,10.93
33709,811,816.0,1177.0,0.00,0.00,0.00,0,17.59
33709,812,789.0,1132.0,0.00,0.00,0.00,0,15.18
33709,813,796.0,1134.0,0.00,0.00,0.00,0,15.18
33709,814,788.0,1141.0,0.00,0.00,0.00,0,15.18
33710,809,806.4,1205.6,0.21,-0.21,0.30,0,12.12
33710,810,816.3,1172.3,-0.02,0.14,0.14,0,13.00
33710,811,816.0,1177.0,0.00,0.00,0.00,0,19.66
33710,812,789.0,1132.0,0.00,0.00,0.00,0,17.24
33710,813,796.0,1134.0,0.00,0.00,0.00,0,17.24
33710,814,788.0,1141.0,0.00,0.00,0.00,0,17.24
33711,809,806.4,1205.6,0.21,-0.21,0.30,0,14.48
33711,810,816.3,1172.3,-0.02,0.14,0.14,0,15.30
33711,812,789.0,1132.0,0.00,0.00,0.00,0,19.49
33711,813,796.0,1134.0,0.00,0.00,0.00,0,19.49
33711,814,788.0,1141.0,0.00,0.00,0.00,0,19.49
33935,815,794.0,1397.0,0.00,0.00,0.00,0,12.01
33937,817,793.0,1361.0,0.00,0.00,0.00,0,12.01
33937,818,797.0,1381.0,0.00,0.00,0.00,0,12.01
33938,817,793.0,1360.7,0.00,-0.01,0.01,0,7.47
33938,818,797.0,1381.0,0.00,0.00,0.00,0,14.04
33939,817,793.0,1360.7,0.00,-0.01,0.01,0,9.51
33939,818,797.0,1381.0,0.00,0.00,0.00,0,16.09
33941,817,793.0,1360.7,0.00,-0.01,0.01,0,13.27
33941,818,797.0,1381.0,0.00,0.00,0.00,0,19.94
33942,817,793.0,1360.7,0.00,-0.01,0.01,0,15.46
34163,819,1222.0,1360.0,0.00,0.00,0.00,0,12.01
34165,821,1221.0,1350.0,0.00,0.00,0.00,0,12.01
34166,821,1221.0,1349.0,0.00,-0.02,0.02,0,7.48
34167,821,1221.0,1349.0,0.00,-0.02,0.02,0,9.52
34169,821,1221.0,1349.0,0.00,-0.02,0.02,0,13.27
34170,821,1221.0,1349.0,0.00,-0.02,0.02,0,15.47
34202,822,697.0,1284.0,0.00,0.00,0.00,0,12.01
34202,823,688.0,1303.0,0.00,0.00,0.00,0,12.01
34204,824,711.0,1250.0,0.00,0.00,0.00,0,12.01
34204,825,704.0,1269.0,0.00,0.00,0.00,0,12.01
34205,824,710.7,1250.3,-0.01,0.01,0.01,0,7.47
34205,825,706.9,1258.2,0.07,-0.25,0.26,0,7.47
34206,824,711.0,1246.6,0.01,-0.22,0.22,0,6.30
34208,824,711.0,1246.6,0.01,-0.22,0.22,0,9.96
34209,824,711.0,1246.6,0.01,-0.22,0.22,0,12.12
34210,824,711.0,1246.6,0.01,-0.22,0.22,0,14.46
34269,826,733.0,719.0,0.00,0.00,0.00,0,12.01
34270,826,732.7,719.3,-0.01,0.01,0.01,0,7.48
34271,826,732.7,719.3,-0.01,0.01,0.01,0,9.52
34273,826,732.7,719.3,-0.01,0.01,0.01,0,13.31
34274,826,732.7,719.3,-0.01,0.01,0.01,0,15.47
34309,827,1503.0,1049.0,0.00,0.00,0.00,0,12.00
34310,827,1503.0,1049.0,0.00,0.00,0.00,0,14.01
34311,827,1503.0,1045.1,0.00,-0.11,0.11,0,7.86
34313,827,1503.0,1045.1,0.00,-0.11,0.11,0,11.48
34314,827,1503.0,1045.1,0.00,-0.11,0.11,0,13.61
34315,827,1503.0,1045.1,0.00,-0.11,0.11,0,16.00
34464,828,772.0,965.0,0.00,0.00,0.00,0,12.01
34465,828,771.3,964.3,-0.02,-0.02,0.02,0,7.48
34465,829,785.0,973.0,0.00,0.00,0.00,0,12.01
34466,828,774.6,966.3,0.20,0.11,0.23,0,6.31
34466,829,788.6,976.3,0.09,0.08,0.12,0,7.47
34468,828,774.7,966.3,0.20,0.11,0.23,0,9.97
34468,829,788.6,976.3,0.09,0.08,0.12,0,10.86
34469,828,774.7,966.3,0.20,0.11,0.23,0,12.13
34469,829,788.6,976.3,0.09,0.08,0.12,0,13.00
34470,828,774.7,966.3,0.20,0.11,0.23,0,14.47
34470,829,788.6,976.3,0.09,0.08,0.12,0,15.30
34501,830,1054.0,913.0,0.00,0.00,0.00,0,12.01
34501,831,1054.0,922.0,0.00,0.00,0.00,0,12.01
34501,832,1020.0,938.0,0.00,0.00,0.00,0,12.01
34502,830,1050.7,917.3,-0.08,0.11,0.13,0,7.52
34502,831,1060.2,918.4,0.15,-0.09,0.18,0,7.52
34502,832,1020.0,938.0,0.00,0.00,0.00,0,14.09
34502,833,1072.0,898.0,0.00,0.00,0.00,0,12.04
34503,830,1053.6,917.5,0.25,0.13,0.28,0,6.32
34503,832,1020.0,938.0,0.00,0.00,0.00,0,16.15
34505,830,1053.7,917.5,0.25,0.13,0.28,0,10.01
34505,832,1020.0,938.0,0.00,0.00,0.00,0,20.13
34506,830,1053.7,917.5,0.25,0.13,0.28,0,12.28
34507,830,1053.7,917.5,0.25,0.13,0.28,0,14.69
34546,834,787.0,1346.0,0.00,0.00,0.00,0,12.01
34547,834,788.3,1346.7,0.03,0.02,0.04,0,7.47
34548,834,789.8,1347.0,0.13,0.04,0.13,0,6.31
34550,834,789.8,1347.0,0.13,0.04,0.13,0,10.01
34551,834,789.8,1347.0,0.13,0.04,0.13,0,12.12
34552,834,789.8,1347.0,0.13,0.04,0.13,0,14.47
34589,836,1215.0,1010.0,0.00,0.00,0.00,0,12.01
34591,838,1224.0,999.0,0.00,0.00,0.00,0,12.01
34592,838,1227.9,996.1,0.10,-0.07,0.12,0,7.47
34592,839,1254.0,980.0,0.00,0.00,0.00,0,12.01
34593,838,1234.4,992.2,0.51,-0.32,0.61,0,6.31
34595,838,1234.5,992.1,0.51,-0.32,0.61,0,9.99
34596,838,1234.5,992.1,0.51,-0.32,0.61,0,12.14
34597,838,1234.5,992.1,0.51,-0.32,0.61,0,14.48
34687,840,678.0,1238.0,0.00,0.00,0.00,0,12.01
34688,840,678.3,1238.0,0.01,0.00,0.01,0,7.47
34688,841,664.0,1232.0,0.00,0.00,0.00,0,12.01
34688,842,686.0,1241.0,0.00,0.00,0.00,0,12.01
34689,840,674.9,1236.7,-0.21,-0.08,0.23,0,6.31
34691,840,674.8,1236.7,-0.21,-0.08,0.23,0,10.01
34692,840,674.8,1236.7,-0.21,-0.08,0.23,0,12.13
34693,840,674.8,1236.7,-0.21,-0.08,0.23,0,14.49
34724,843,619.0,1289.0,0.00,0.00,0.00,0,12.01
34725,843,619.3,1290.3,0.01,0.03,0.03,0,7.52
34726,843,627.0,1294.9,0.91,0.57,1.07,0,6.33
34728,843,627.2,1295.0,0.91,0.57,1.07,0,10.08
34729,843,627.3,1295.1,0.91,0.57,1.07,0,12.26
34730,843,627.3,1295.1,0.91,0.57,1.07,0,14.61
34762,846,940.0,1260.0,0.00,0.00,0.00,0,12.01
34762,847,951.0,1266.0,0.00,0.00,0.00,0,12.01
34763,846,943.3,1262.0,0.09,0.05,0.10,0,7.47
34763,847,953.9,1267.6,0.08,0.04,0.09,0,7.47
34764,846,947.3,1264.3,0.35,0.20,0.40,0,6.30
34766,846,947.4,1264.3,0.35,0.20,0.40,0,9.96
34767,846,947.4,1264.3,0.35,0.20,0.40,0,12.12
34768,846,947.4,1264.4,0.35,0.20,0.40,0,14.52
34799,848,582.0,1075.0,0.00,0.00,0.00,0,12.01
34799,849,589.0,1088.0,0.00,0.00,0.00,0,12.01
34799,850,754.0,1343.0,0.00,0.00,0.00,0,12.01
34799,851,747.0,1355.0,0.00,0.00,0.00,0,12.01
34801,852,578.0,1050.0,0.00,0.00,0.00,0,12.01
34801,853,756.0,1323.0,0.00,0.00,0.00,0,12.01
34802,852,578.3,1047.4,0.01,-0.06,0.06,0,7.47
34802,853,754.7,1320.7,-0.03,-0.05,0.06,0,7.47
34803,852,579.5,1044.2,0.08,-0.25,0.27,0,6.30
34803,853,753.5,1318.7,-0.10,-0.17,0.20,0,6.30
34805,852,579.6,1044.1,0.08,-0.25,0.27,0,9.92
34805,853,753.5,1318.7,-0.10,-0.17,0.20,0,9.92
34806,852,579.6,1044.1,0.08,-0.25,0.27,0,12.13
34806,853,753.5,1318.7,-0.10,-0.17,0.20,0,12.13
34807,852,579.6,1044.1,0.08,-0.25,0.27,0,14.47
34807,853,753.4,1318.7,-0.10,-0.17,0.20,0,14.47
34840,855,660.0,755.0,0.00,0.00,0.00,0,12.01
34841,855,660.0,755.0,0.00,0.00,0.00,0,14.03
34842,855,660.0,755.0,0.00,0.00,0.00,0,16.08
34844,855,660.0,755.0,0.00,0.00,0.00,0,19.96
34877,856,690.0,1344.0,0.00,0.00,0.00,0,12.01
34877,857,681.0,1352.0,0.00,0.00,0.00,0,12.01
34879,858,706.0,1247.0,0.00,0.00,0.00,0,12.01
34879,859,685.0,1263.0,0.00,0.00,0.00,0,12.01
34879,860,695.0,1334.0,0.00,0.00,0.00,0,12.01
34880,858,700.4,1250.9,-0.11,0.08,0.13,0,7.46
34880,859,677.5,1267.6,-0.15,0.09,0.17,0,7.46
34880,860,695.0,1332.4,0.00,-0.03,0.03,0,7.46
34881,859,674.3,1269.5,-0.27,0.17,0.32,0,6.29
34881,860,694.7,1331.0,-0.01,-0.09,0.09,0,6.29
34881,858,700.4,1250.9,-0.11,0.08,0.13,0,9.49
34883,859,674.2,1269.5,-0.27,0.17,0.32,0,9.90
34883,860,694.7,1331.0,-0.01,-0.09,0.09,0,9.90
34883,858,700.4,1251.0,-0.11,0.08,0.13,0,13.16
34884,859,674.2,1269.5,-0.27,0.17,0.32,0,12.04
34884,860,694.7,1331.0,-0.01,-0.09,0.09,0,12.04
34884,858,700.4,1251.0,-0.11,0.08,0.13,0,15.31
34885,859,674.2,1269.5,-0.27,0.17,0.32,0,14.38
34885,860,694.7,1331.0,-0.01,-0.09,0.09,0,14.38
34916,861,806.0,1192.0,0.00,0.00,0.00,0,12.01
34916,862,804.0,1205.0,0.00,0.00,0.00,0,12.01
34918,864,817.0,1160.0,0.00,0.00,0.00,0,12.01
34919,864,817.0,1160.0,0.00,0.00,0.00,0,14.03
34920,864,817.0,1160.0,0.00,0.00,0.00,0,16.08
34922,864,817.0,1160.0,0.00,0.00,0.00,0,19.96
35191,865,1293.0,1290.0,0.00,0.00,0.00,0,12.01
35192,865,1294.0,1286.4,0.02,-0.09,0.09,0,7.47
35192,866,775.0,1365.0,0.00,0.00,0.00,0,12.01
35193,865,1295.3,1282.2,0.11,-0.37,0.38,0,6.31
35195,865,1295.3,1282.1,0.11,-0.37,0.38,0,9.93
35196,865,1295.3,1282.1,0.11,-0.37,0.38,0,12.14
35197,865,1295.3,1282.1,0.11,-0.37,0.38,0,14.48
35228,867,879.0,750.0,0.00,0.00,0.00,0,12.01
35229,867,881.3,743.4,0.06,-0.16,0.17,0,7.52
35230,867,882.5,740.2,0.20,-0.55,0.58,0,6.33
35230,868,892.0,715.0,0.00,0.00,0.00,0,12.01
35232,867,882.6,740.1,0.20,-0.55,0.58,0,10.06
35232,868,892.0,715.0,0.00,0.00,0.00,0,15.09
35233,867,882.6,740.1,0.20,-0.55,0.58,0,12.25
35233,868,892.0,715.0,0.00,0.00,0.00,0,17.22
35234,867,882.6,740.0,0.20,-0.55,0.58,0,14.61
35234,868,892.0,715.0,0.00,0.00,0.00,0,19.46
35265,869,986.0,606.0,0.00,0.00,0.00,0,12.01
35266,869,989.9,608.3,0.10,0.06,0.11,0,7.48
35267,869,996.1,612.6,0.53,0.36,0.64,0,6.30
35269,869,996.3,612.7,0.53,0.36,0.64,0,9.91
35270,869,996.3,612.7,0.53,0.36,0.64,0,12.11
35271,869,996.3,612.7,0.53,0.36,0.64,0,14.46
35321,870,463.0,1158.0,0.00,0.00,0.00,0,12.01
35322,870,462.0,1160.6,-0.03,0.07,0.07,0,7.47
35323,870,462.0,1160.6,-0.03,0.07,0.07,0,9.52
35325,870,462.0,1160.6,-0.03,0.07,0.07,0,13.34
35326,870,462.0,1160.6,-0.03,0.07,0.07,0,15.47
35406,871,581.0,581.0,0.00,0.00,0.00,0,12.02
35407,871,581.0,581.0,0.00,0.00,0.00,0,14.05
35407,872,547.0,666.0,0.00,0.00,0.00,0,12.01
35408,871,581.0,581.0,0.00,0.00,0.00,0,16.08
35408,872,547.0,665.7,0.00,-0.01,0.01,0,7.46
35408,873,526.0,694.0,0.00,0.00,0.00,0,12.00
35410,871,581.0,581.0,0.00,0.00,0.00,0,19.87
35410,872,547.0,665.7,0.00,-0.01,0.01,0,10.71
35410,873,526.0,694.0,0.00,0.00,0.00,0,15.02
35411,872,547.0,665.7,0.00,-0.01,0.01,0,12.87
35411,873,526.0,694.0,0.00,0.00,0.00,0,17.15
35412,872,547.0,665.7,0.00,-0.01,0.01,0,15.20
35412,873,526.0,694.0,0.00,0.00,0.00,0,19.43
35443,874,387.0,763.0,0.00,0.00,0.00,0,12.01
35443,875,399.0,792.0,0.00,0.00,0.00,0,12.01
35443,876,685.0,1210.0,0.00,0.00,0.00,0,12.01
35443,877,671.0,1221.0,0.00,0.00,0.00,0,12.01
35444,874,391.3,772.8,0.10,0.24,0.26,0,7.50
35444,875,403.3,801.2,0.10,0.22,0.25,0,7.50
35444,876,684.7,1210.7,-0.01,0.02,0.02,0,7.50
35444,877,678.9,1214.4,0.19,-0.16,0.25,0,7.50
35445,875,405.3,804.0,0.31,0.51,0.59,0,6.32
35445,876,686.8,1208.7,0.21,-0.19,0.28,0,6.32
35445,874,391.3,772.8,0.10,0.24,0.26,0,9.55
35447,875,405.3,804.1,0.31,0.51,0.59,0,9.96
35447,876,686.9,1208.6,0.21,-0.19,0.28,0,9.96
35447,874,391.3,772.9,0.10,0.24,0.26,0,13.38
35448,875,405.3,804.1,0.31,0.51,0.59,0,11.99
35448,876,686.9,1208.6,0.21,-0.19,0.28,0,11.99
35448,874,391.3,772.9,0.10,0.24,0.26,0,15.41
35449,875,405.4,804.1,0.31,0.51,0.59,0,14.38
35449,876,686.9,1208.6,0.21,-0.19,0.28,0,14.38
35480,880,777.0,1339.0,0.00,0.00,0.00,0,12.01
35480,881,787.0,1347.0,0.00,0.00,0.00,0,12.01
35482,882,800.0,1352.0,0.00,0.00,0.00,0,12.01
35482,883,820.0,1356.0,0.00,0.00,0.00,0,12.01
35483,882,806.2,1353.3,0.14,0.03,0.14,0,7.47
35483,883,826.6,1356.0,0.15,0.00,0.15,0,7.47
35484,882,814.4,1354.0,0.66,0.07,0.66,0,6.31
35486,882,814.6,1354.0,0.66,0.07,0.66,0,9.97
35487,882,814.6,1354.0,0.66,0.07,0.66,0,12.11
35488,882,814.6,1354.0,0.66,0.07,0.66,0,14.46
35560,884,388.0,1108.0,0.00,0.00,0.00,0,12.01
35561,884,388.0,1108.0,0.00,0.00,0.00,0,7.48
35561,885,396.0,1089.0,0.00,0.00,0.00,0,12.01
35562,884,389.8,1103.4,0.12,-0.31,0.34,0,6.31
35564,884,389.8,1103.3,0.12,-0.31,0.34,0,9.95
35565,884,389.8,1103.3,0.12,-0.31,0.34,0,12.13
35566,884,389.8,1103.3,0.12,-0.31,0.34,0,14.48
35704,886,404.0,1072.0,0.00,0.00,0.00,0,12.01
35705,886,414.8,1069.1,0.27,-0.07,0.28,0,7.47
35706,886,424.6,1066.2,0.89,-0.25,0.92,0,6.31
35708,886,424.9,1066.1,0.89,-0.25,0.92,0,9.95
35709,886,424.9,1066.1,0.89,-0.25,0.92,0,12.14
35710,886,424.9,1066.1,0.89,-0.25,0.92,0,14.48
35989,890,459.0,1108.0,0.00,0.00,0.00,0,12.01
35990,890,457.7,1107.3,-0.03,-0.02,0.04,0,7.47
35991,890,457.7,1107.3,-0.03,-0.02,0.04,0,9.52
35993,890,457.7,1107.3,-0.03,-0.02,0.04,0,13.27
35994,890,457.7,1107.3,-0.03,-0.02,0.04,0,15.46
36026,891,1119.0,640.0,0.00,0.00,0.00,0,12.01
36026,892,1125.0,659.0,0.00,0.00,0.00,0,12.01
36028,896,1111.0,621.0,0.00,0.00,0.00,0,12.01
36028,897,663.0,763.0,0.00,0.00,0.00,0,12.01
36028,898,803.0,1318.0,0.00,0.00,0.00,0,12.01
36029,896,1108.4,615.4,-0.06,-0.13,0.14,0,7.47
36029,897,663.0,763.0,0.00,0.00,0.00,0,14.03
36029,898,803.0,1318.0,0.00,0.00,0.00,0,14.03
36029,899,1095.0,588.0,0.00,0.00,0.00,0,12.01
36030,896,1104.9,608.4,-0.28,-0.57,0.64,0,6.30
36030,897,663.0,763.0,0.00,0.00,0.00,0,16.08
36030,898,803.0,1318.0,0.00,0.00,0.00,0,16.08
36032,896,1104.9,608.2,-0.28,-0.57,0.64,0,9.97
36032,897,663.0,763.0,0.00,0.00,0.00,0,19.95
36032,898,803.0,1318.0,0.00,0.00,0.00,0,19.95
36033,896,1104.9,608.2,-0.28,-0.57,0.64,0,12.12
36034,896,1104.8,608.2,-0.28,-0.57,0.64,0,14.46
36065,900,483.0,666.0,0.00,0.00,0.00,0,12.01
36066,900,483.7,671.6,0.02,0.14,0.14,0,7.50
36067,900,483.7,674.3,0.03,0.41,0.41,0,6.32
36067,901,486.0,694.0,0.00,0.00,0.00,0,12.01
36069,900,483.8,674.4,0.03,0.41,0.41,0,9.95
36069,901,486.0,694.0,0.00,0.00,0.00,0,15.05
36070,900,483.8,674.4,0.03,0.41,0.41,0,11.99
36070,901,486.0,694.0,0.00,0.00,0.00,0,17.08
36071,900,483.8,674.4,0.03,0.41,0.41,0,14.33
36071,901,486.0,694.0,0.00,0.00,0.00,0,19.31
36387,902,470.0,1227.0,0.00,0.00,0.00,0,12.01
36388,902,470.3,1226.3,0.01,-0.02,0.02,0,7.48
36388,903,479.0,1217.0,0.00,0.00,0.00,0,12.01
36389,902,472.3,1223.9,0.14,-0.18,0.22,0,6.31
36389,903,481.9,1213.7,0.08,-0.08,0.11,0,7.48
36391,902,472.3,1223.9,0.14,-0.18,0.22,0,9.97
36391,903,482.0,1213.7,0.08,-0.08,0.11,0,10.87
36392,902,472.3,1223.9,0.14,-0.18,0.22,0,12.13
36392,903,482.0,1213.7,0.08,-0.08,0.11,0,13.01
36393,902,472.3,1223.9,0.14,-0.18,0.22,0,14.47
36393,903,482.0,1213.7,0.08,-0.08,0.11,0,15.30
36425,904,1236.0,1319.0,0.00,0.00,0.00,0,12.01
36426,904,1236.0,1319.0,0.00,0.00,0.00,0,14.04
36427,904,1238.5,1314.4,0.12,-0.22,0.24,0,7.87
36427,905,1254.0,1292.0,0.00,0.00,0.00,0,12.01
36429,904,1238.5,1314.4,0.12,-0.22,0.24,0,11.53
36429,905,1254.0,1292.0,0.00,0.00,0.00,0,15.13
36430,904,1238.5,1314.4,0.12,-0.22,0.24,0,13.68
36430,905,1254.0,1292.0,0.00,0.00,0.00,0,17.24
36431,904,1238.5,1314.4,0.12,-0.22,0.24,0,16.09
36431,905,1254.0,1292.0,0.00,0.00,0.00,0,19.53
36462,906,1507.0,1076.0,0.00,0.00,0.00,0,12.01
36463,906,1507.3,1075.7,0.01,-0.01,0.01,0,7.50
36463,907,1513.0,1069.0,0.00,0.00,0.00,0,12.03
36464,906,1508.3,1074.7,0.10,-0.10,0.14,0,6.31
36464,907,1514.3,1068.0,0.06,-0.04,0.07,0,7.48
36466,906,1508.3,1074.7,0.10,-0.10,0.14,0,9.92
36466,907,1514.3,1068.0,0.06,-0.04,0.07,0,10.81
36467,906,1508.3,1074.7,0.10,-0.10,0.14,0,12.01
36467,907,1514.3,1068.0,0.06,-0.04,0.07,0,12.88
36468,906,1508.3,1074.7,0.10,-0.10,0.14,0,14.39
36468,907,1514.3,1068.0,0.06,-0.04,0.07,0,15.21
36510,908,1029.0,1407.0,0.00,0.00,0.00,0,12.01
36511,908,1029.0,1407.3,0.00,0.01,0.01,0,7.48
36511,909,1018.0,1404.0,0.00,0.00,0.00,0,12.01
36512,908,1026.7,1406.7,-0.15,-0.03,0.16,0,6.31
36512,909,1015.4,1404.0,-0.07,0.00,0.07,0,7.48
36514,908,1026.6,1406.7,-0.15,-0.03,0.16,0,10.01
36514,909,1015.4,1404.0,-0.07,0.00,0.07,0,10.90
36515,908,1026.6,1406.7,-0.15,-0.03,0.16,0,12.14
36515,909,1015.4,1404.0,-0.07,0.00,0.07,0,13.01
36516,908,1026.6,1406.7,-0.15,-0.03,0.16,0,14.48
36516,909,1015.4,1404.0,-0.07,0.00,0.07,0,15.31
36738,910,529.0,1219.0,0.00,0.00,0.00,0,12.01
36739,910,529.0,1219.7,0.00,0.02,0.02,0,7.47
36739,911,528.0,1203.0,0.00,0.00,0.00,0,12.01
36740,910,528.7,1215.6,-0.02,-0.25,0.25,0,6.31
36740,911,528.3,1198.1,0.01,-0.12,0.12,0,7.48
36742,910,528.7,1215.6,-0.02,-0.25,0.25,0,9.98
36742,911,528.3,1198.1,0.01,-0.12,0.12,0,10.88
36743,910,528.7,1215.6,-0.02,-0.25,0.25,0,12.13
36743,911,528.3,1198.1,0.01,-0.12,0.12,0,13.00
36744,910,528.7,1215.5,-0.02,-0.25,0.25,0,14.48
36744,911,528.3,1198.0,0.01,-0.12,0.12,0,15.30
36781,912,800.0,1324.0,0.00,0.00,0.00,0,12.01
36782,912,801.3,1323.7,0.04,-0.01,0.04,0,7.48
36782,913,829.0,1315.0,0.00,0.00,0.00,0,12.01
36783,912,808.4,1321.4,0.51,-0.16,0.53,0,6.31
36785,912,808.6,1321.4,0.51,-0.16,0.53,0,9.96
36786,912,808.6,1321.4,0.51,-0.16,0.53,0,12.13
36787,912,808.6,1321.4,0.51,-0.16,0.53,0,14.52
36889,914,898.0,401.0,0.00,0.00,0.00,0,12.01
36890,914,898.0,401.0,0.00,0.00,0.00,0,14.04
36891,914,896.9,397.8,-0.05,-0.15,0.15,0,7.87
36893,914,896.9,397.8,-0.05,-0.15,0.15,0,11.52
36894,914,896.9,397.8,-0.05,-0.15,0.15,0,13.69
36895,914,896.9,397.8,-0.05,-0.15,0.15,0,16.03
36940,915,352.0,656.0,0.00,0.00,0.00,0,12.01
36941,915,352.0,656.0,0.00,0.00,0.00,0,7.48
36941,916,360.0,663.0,0.00,0.00,0.00,0,12.01
36941,917,362.0,680.0,0.00,0.00,0.00,0,12.01
36942,915,353.8,657.5,0.12,0.10,0.16,0,6.31
36944,915,353.8,657.6,0.12,0.10,0.16,0,9.94
36945,915,353.8,657.6,0.12,0.10,0.16,0,12.14
36946,915,353.8,657.6,0.12,0.10,0.16,0,14.48
37516,918,935.0,1421.0,0.00,0.00,0.00,0,12.01
37517,918,934.3,1421.3,-0.02,0.01,0.02,0,7.48
37517,919,954.0,1412.0,0.00,0.00,0.00,0,12.01
37518,918,939.1,1419.2,0.30,-0.13,0.33,0,6.30
37520,918,939.2,1419.1,0.30,-0.13,0.33,0,9.96
37521,918,939.2,1419.1,0.30,-0.13,0.33,0,12.12
37522,918,939.2,1419.1,0.30,-0.13,0.33,0,14.48
37553,920,373.0,935.0,0.00,0.00,0.00,0,12.01
37553,921,375.0,948.0,0.00,0.00,0.00,0,12.01
37553,922,661.0,1279.0,0.00,0.00,0.00,0,12.01
37555,923,379.0,961.0,0.00,0.00,0.00,0,12.01
37555,924,382.0,976.0,0.00,0.00,0.00,0,12.01
37556,923,380.0,965.6,0.02,0.11,0.11,0,7.47
37556,924,381.3,980.3,-0.02,0.10,0.10,0,7.47
37557,923,380.0,971.4,0.02,0.47,0.47,0,6.30
37559,923,380.0,971.5,0.02,0.47,0.47,0,9.96
37560,923,380.0,971.5,0.02,0.47,0.47,0,12.11
37561,923,380.0,971.5,0.02,0.47,0.47,0,14.45
37656,925,777.0,1326.0,0.00,0.00,0.00,0,12.01
37657,925,776.7,1326.0,-0.01,0.00,0.01,0,7.47
37657,926,794.0,1318.0,0.00,0.00,0.00,0,12.01
37658,925,781.1,1323.9,0.28,-0.13,0.31,0,6.31
37658,926,800.6,1316.0,0.16,-0.05,0.16,0,7.47
37660,925,781.2,1323.9,0.28,-0.13,0.31,0,9.95
37660,926,800.6,1316.0,0.16,-0.05,0.16,0,10.85
37661,925,781.2,1323.9,0.28,-0.13,0.31,0,12.12
37661,926,800.6,1316.0,0.16,-0.05,0.16,0,12.99
37662,925,781.2,1323.9,0.28,-0.13,0.31,0,14.46
37662,926,800.6,1316.0,0.16,-0.05,0.16,0,15.29
37979,927,1383.0,1265.0,0.00,0.00,0.00,0,12.01
37980,927,1384.6,1263.0,0.04,-0.05,0.06,0,7.47
37981,927,1385.5,1262.3,0.10,-0.10,0.14,0,6.31
37981,928,1395.0,1253.0,0.00,0.00,0.00,0,12.01
37983,927,1385.5,1262.2,0.10,-0.10,0.14,0,9.95
37983,928,1395.0,1253.0,0.00,0.00,0.00,0,15.12
37984,927,1385.5,1262.2,0.10,-0.10,0.14,0,12.13
37984,928,1395.0,1253.0,0.00,0.00,0.00,0,17.25
37985,927,1385.5,1262.2,0.10,-0.10,0.14,0,14.48
37985,928,1395.0,1253.0,0.00,0.00,0.00,0,19.50
38272,929,442.0,1184.0,0.00,0.00,0.00,0,12.01
38273,929,442.0,1184.0,0.00,0.00,0.00,0,7.47
38274,929,442.3,1178.9,0.02,-0.33,0.33,0,6.31
38276,929,442.3,1178.8,0.02,-0.33,0.33,0,9.97
38277,929,442.3,1178.8,0.02,-0.33,0.33,0,12.13
38278,929,442.3,1178.7,0.02,-0.33,0.33,0,14.47
38382,930,932.0,1312.0,0.00,0.00,0.00,0,12.01
38383,930,932.7,1309.4,0.02,-0.06,0.06,0,7.48
38384,930,933.0,1308.0,0.04,-0.15,0.16,0,6.31
38386,930,933.0,1308.0,0.04,-0.15,0.16,0,9.95
38387,930,933.0,1307.9,0.04,-0.15,0.16,0,12.13
38388,930,933.0,1307.9,0.04,-0.15,0.16,0,14.47
38602,931,796.0,1318.0,0.00,0.00,0.00,0,12.01
38603,931,796.0,1318.0,0.00,0.00,0.00,0,14.04
38604,931,796.0,1318.0,0.00,0.00,0.00,0,16.08
38606,931,796.0,1318.0,0.00,0.00,0.00,0,19.96
38929,932,973.0,502.0,0.00,0.00,0.00,0,12.01
38930,932,973.0,502.0,0.00,0.00,0.00,0,14.04
38931,932,973.0,502.0,0.00,0.00,0.00,0,16.09
38933,932,973.0,502.0,0.00,0.00,0.00,0,19.97
38975,933,922.0,1439.0,0.00,0.00,0.00,0,12.01
38976,933,922.0,1439.0,0.00,0.00,0.00,0,14.04
38977,933,922.0,1439.0,0.00,0.00,0.00,0,16.09
38979,933,922.0,1439.0,0.00,0.00,0.00,0,19.97
39014,934,515.0,1127.0,0.00,0.00,0.00,0,12.01
39015,934,515.0,1127.0,0.00,0.00,0.00,0,14.02
39016,934,515.0,1127.0,0.00,0.00,0.00,0,16.04
39018,934,515.0,1127.0,0.00,0.00,0.00,0,19.63
39183,935,1549.0,776.0,0.00,0.00,0.00,0,12.01
39184,935,1549.3,776.0,0.01,0.00,0.01,0,7.47
39184,936,1540.0,785.0,0.00,0.00,0.00,0,12.01
39185,935,1547.2,778.1,-0.13,0.13,0.19,0,6.31
39185,936,1537.4,787.9,-0.07,0.07,0.10,0,7.47
39187,935,1547.1,778.1,-0.13,0.13,0.19,0,9.98
39187,936,1537.4,788.0,-0.07,0.07,0.10,0,10.87
39188,935,1547.1,778.1,-0.13,0.13,0.19,0,12.13
39188,936,1537.4,788.0,-0.07,0.07,0.10,0,13.00
39189,935,1547.1,778.1,-0.13,0.13,0.19,0,14.53
39189,936,1537.4,788.0,-0.07,0.07,0.10,0,15.34
39294,937,336.0,943.0,0.00,0.00,0.00,0,12.01
39295,937,336.0,943.0,0.00,0.00,0.00,0,14.04
39296,937,336.0,943.0,0.00,0.00,0.00,0,16.09
39296,938,416.0,911.0,0.00,0.00,0.00,0,12.01
39298,937,336.0,943.0,0.00,0.00,0.00,0,19.97
39298,938,416.0,911.0,0.00,0.00,0.00,0,15.13
39299,938,416.0,911.0,0.00,0.00,0.00,0,17.23
39300,938,416.0,911.0,0.00,0.00,0.00,0,19.48
39331,939,453.0,369.0,0.00,0.00,0.00,0,12.01
39332,939,452.3,369.3,-0.02,0.01,0.02,0,7.51
39333,939,452.3,369.3,-0.02,0.01,0.02,0,9.56
39335,939,452.3,369.3,-0.02,0.01,0.02,0,13.47
39336,939,452.3,369.3,-0.02,0.01,0.02,0,15.75
39368,940,1415.0,865.0,0.00,0.00,0.00,0,12.01
39370,942,1424.0,874.0,0.00,0.00,0.00,0,12.01
39370,943,1435.0,878.0,0.00,0.00,0.00,0,12.01
39370,944,900.0,1243.0,0.00,0.00,0.00,0,12.01
39370,945,905.0,1254.0,0.00,0.00,0.00,0,12.01
39371,942,1427.3,875.3,0.07,0.03,0.07,0,7.47
39371,943,1439.3,878.0,0.09,0.00,0.09,0,7.47
39371,944,899.3,1242.0,-0.01,-0.02,0.02,0,7.47
39371,945,905.0,1254.0,0.00,0.00,0.00,0,14.02
39372,942,1432.3,876.0,0.31,0.06,0.31,0,6.28
39372,944,898.0,1241.0,-0.08,-0.07,0.11,0,6.28
39374,942,1432.4,876.0,0.31,0.06,0.31,0,9.73
39374,944,898.0,1241.0,-0.08,-0.07,0.11,0,9.73
39375,942,1432.4,876.0,0.31,0.06,0.31,0,11.92
39375,944,897.9,1241.0,-0.08,-0.07,0.11,0,11.92
39376,942,1432.4,876.0,0.31,0.06,0.31,0,14.25
39376,944,897.9,1241.0,-0.08,-0.07,0.11,0,14.25
39407,946,1169.0,975.0,0.00,0.00,0.00,0,12.01
39407,947,1157.0,985.0,0.00,0.00,0.00,0,12.01
39409,948,1189.0,955.0,0.00,0.00,0.00,0,12.01
39409,949,1178.0,966.0,0.00,0.00,0.00,0,12.01
39410,948,1188.7,955.3,-0.01,0.01,0.01,0,7.46
39410,949,1185.2,959.1,0.14,-0.14,0.20,0,7.46
39411,948,1191.1,952.9,0.09,-0.09,0.13,0,6.29
39413,948,1191.1,952.9,0.09,-0.09,0.13,0,9.90
39414,948,1191.1,952.9,0.09,-0.09,0.13,0,12.05
39415,948,1191.1,952.9,0.09,-0.09,0.13,0,14.39
39453,950,1256.0,684.0,0.00,0.00,0.00,0,12.00
39454,950,1256.0,684.0,0.00,0.00,0.00,0,14.03
39455,950,1256.0,684.0,0.00,0.00,0.00,0,16.08
39457,950,1256.0,684.0,0.00,0.00,0.00,0,19.92
39516,951,1069.0,1268.0,0.00,0.00,0.00,0,12.01
39517,951,1056.6,1265.4,-0.30,-0.06,0.31,0,7.47
39518,951,1050.2,1264.3,-0.69,-0.13,0.71,0,6.31
39518,952,1013.0,1255.0,0.00,0.00,0.00,0,12.01
39520,951,1050.0,1264.2,-0.69,-0.13,0.71,0,9.99
39520,952,1013.0,1255.0,0.00,0.00,0.00,0,15.15
39521,951,1050.0,1264.2,-0.69,-0.13,0.71,0,12.14
39521,952,1013.0,1255.0,0.00,0.00,0.00,0,17.26
39522,951,1050.0,1264.2,-0.69,-0.13,0.71,0,14.48
39522,952,1013.0,1255.0,0.00,0.00,0.00,0,19.50
39657,953,765.0,1359.0,0.00,0.00,0.00,0,12.01
39658,953,765.0,1359.0,0.00,0.00,0.00,0,14.04
39659,953,765.0,1359.0,0.00,0.00,0.00,0,16.09
39661,953,765.0,1359.0,0.00,0.00,0.00,0,19.97
39694,954,754.0,1329.0,0.00,0.00,0.00,0,12.01
39694,955,756.0,1339.0,0.00,0.00,0.00,0,12.01
39695,954,754.7,1331.9,0.02,0.07,0.07,0,7.48
39695,955,757.0,1341.6,0.02,0.06,0.07,0,7.48
39696,954,755.8,1335.6,0.09,0.33,0.34,0,6.31
39698,954,755.8,1335.7,0.09,0.33,0.34,0,9.97
39699,954,755.8,1335.7,0.09,0.33,0.34,0,12.11
39700,954,755.8,1335.7,0.09,0.33,0.34,0,14.52
39740,956,321.0,826.0,0.00,0.00,0.00,0,12.01
39742,960,407.0,897.0,0.00,0.00,0.00,0,12.01
39743,960,405.4,896.0,-0.04,-0.02,0.05,0,7.48
39743,961,393.0,891.0,0.00,0.00,0.00,0,12.01
39743,962,409.0,891.0,0.00,0.00,0.00,0,12.01
39743,963,449.0,929.0,0.00,0.00,0.00,0,12.01
39743,964,450.0,941.0,0.00,0.00,0.00,0,12.01
39744,960,405.4,896.0,-0.04,-0.02,0.05,0,9.52
39746,960,405.3,896.0,-0.04,-0.02,0.05,0,13.28
39747,960,405.3,896.0,-0.04,-0.02,0.05,0,15.47
39814,965,701.0,975.0,0.00,0.00,0.00,0,12.01
39815,965,700.7,973.7,-0.01,-0.03,0.03,0,7.47
39816,965,700.7,973.7,-0.01,-0.03,0.03,0,9.52
39818,965,700.7,973.7,-0.01,-0.03,0.03,0,13.27
39819,965,700.7,973.7,-0.01,-0.03,0.03,0,15.46
39851,966,408.0,1089.0,0.00,0.00,0.00,0,12.01
39853,969,1288.0,1191.0,0.00,0.00,0.00,0,12.01
39854,969,1288.0,1191.3,0.00,0.01,0.01,0,7.47
39854,970,1287.0,1177.0,0.00,0.00,0.00,0,12.01
39855,969,1287.7,1187.6,-0.02,-0.22,0.22,0,6.31
39857,969,1287.7,1187.6,-0.02,-0.22,0.22,0,9.98
39858,969,1287.7,1187.6,-0.02,-0.22,0.22,0,12.13
39859,969,1287.7,1187.6,-0.02,-0.22,0.22,0,14.48
39914,971,784.0,1262.0,0.00,0.00,0.00,0,12.01
39916,973,857.0,1248.0,0.00,0.00,0.00,0,12.01
39916,974,814.0,1256.0,0.00,0.00,0.00,0,12.01
39917,973,859.6,1247.3,0.06,-0.02,0.07,0,7.48
39917,974,814.0,1256.0,0.00,0.00,0.00,0,14.04
39918,973,859.6,1247.3,0.06,-0.02,0.07,0,9.52
39918,974,814.0,1256.0,0.00,0.00,0.00,0,16.09
39920,973,859.6,1247.3,0.06,-0.02,0.07,0,13.29
39920,974,814.0,1256.0,0.00,0.00,0.00,0,19.96
39921,973,859.6,1247.3,0.06,-0.02,0.07,0,15.47
39973,975,1394.0,901.0,0.00,0.00,0.00,0,12.01
39974,975,1394.3,902.6,0.01,0.04,0.04,0,7.48
39974,976,1386.0,893.0,0.00,0.00,0.00,0,12.01
39975,975,1391.4,899.4,-0.18,-0.17,0.25,0,6.31
39977,975,1391.4,899.3,-0.18,-0.17,0.25,0,9.98
39978,975,1391.4,899.3,-0.18,-0.17,0.25,0,12.13
39979,975,1391.4,899.3,-0.18,-0.17,0.25,0,14.47
40132,977,952.0,1310.0,0.00,0.00,0.00,0,12.01
40133,977,947.4,1313.3,-0.11,0.08,0.14,0,7.47
40134,977,945.0,1315.0,-0.26,0.19,0.33,0,6.31
40136,977,944.9,1315.1,-0.26,0.19,0.33,0,9.99
40137,977,944.9,1315.1,-0.26,0.19,0.33,0,12.14
40138,977,944.9,1315.1,-0.26,0.19,0.33,0,14.47
40306,978,687.0,937.0,0.00,0.00,0.00,0,12.01
40307,978,687.3,938.6,0.01,0.04,0.04,0,7.48
40308,978,687.3,938.6,0.01,0.04,0.04,0,9.52
40310,978,687.3,938.7,0.01,0.04,0.04,0,13.29
40311,978,687.3,938.7,0.01,0.04,0.04,0,15.46
40343,979,1186.0,1171.0,0.00,0.00,0.00,0,12.01
40344,979,1187.3,1171.3,0.03,0.01,0.03,0,7.48
40345,979,1186.7,1171.5,-0.01,0.02,0.02,0,6.30
40347,979,1186.7,1171.5,-0.01,0.02,0.02,0,9.95
40348,979,1186.7,1171.5,-0.01,0.02,0.02,0,12.11
40349,979,1186.7,1171.5,-0.01,0.02,0.02,0,14.45
40700,980,532.0,1044.0,0.00,0.00,0.00,0,12.01
40702,982,530.0,1059.0,0.00,0.00,0.00,0,12.01
40703,982,530.0,1059.0,0.00,0.00,0.00,0,14.04
40704,982,530.0,1059.0,0.00,0.00,0.00,0,16.09
40706,982,530.0,1059.0,0.00,0.00,0.00,0,19.99
40990,984,919.0,1414.0,0.00,0.00,0.00,0,12.01
40991,984,919.0,1413.7,0.00,-0.01,0.01,0,7.48
40991,985,915.0,1397.0,0.00,0.00,0.00,0,12.01
40992,984,918.0,1408.9,-0.07,-0.32,0.33,0,6.31
40994,984,918.0,1408.8,-0.07,-0.32,0.33,0,9.96
40995,984,918.0,1408.8,-0.07,-0.32,0.33,0,12.12
40996,984,917.9,1408.8,-0.07,-0.32,0.33,0,14.47
41051,986,644.0,1049.0,0.00,0.00,0.00,0,12.01
41051,987,634.0,1067.0,0.00,0.00,0.00,0,12.01
41053,988,630.0,1082.0,0.00,0.00,0.00,0,12.01
41053,989,630.0,1100.0,0.00,0.00,0.00,0,12.01
41054,988,630.0,1088.2,0.00,0.15,0.15,0,7.48
41054,989,630.0,1100.0,0.00,0.00,0.00,0,14.04
41055,988,630.0,1088.2,0.00,0.15,0.15,0,9.52
41057,988,630.0,1088.3,0.00,0.15,0.15,0,13.31
41058,988,630.0,1088.3,0.00,0.15,0.15,0,15.46
41299,990,1545.0,654.0,0.00,0.00,0.00,0,12.01
41300,990,1545.3,652.7,0.01,-0.03,0.03,0,7.48
41300,991,1545.0,679.0,0.00,0.00,0.00,0,12.01
41301,990,1545.2,658.7,0.00,0.36,0.36,0,6.31
41303,990,1545.2,658.8,0.00,0.36,0.36,0,9.99
41304,990,1545.2,658.8,0.00,0.36,0.36,0,12.13
41305,990,1545.2,658.8,0.00,0.36,0.36,0,14.47
41374,992,1168.0,1317.0,0.00,0.00,0.00,0,12.01
41375,992,1168.0,1317.0,0.00,0.00,0.00,0,7.48
41375,993,1166.0,1302.0,0.00,0.00,0.00,0,12.01
41376,992,1167.7,1313.4,-0.02,-0.24,0.24,0,6.30
41378,992,1167.7,1313.3,-0.02,-0.24,0.24,0,9.95
41379,992,1167.7,1313.3,-0.02,-0.24,0.24,0,12.13
41380,992,1167.7,1313.3,-0.02,-0.24,0.24,0,14.47
41479,994,1058.0,641.0,0.00,0.00,0.00,0,12.01
41480,994,1057.3,641.0,-0.02,0.00,0.02,0,7.47
41480,995,1073.0,647.0,0.00,0.00,0.00,0,12.01
41481,994,1057.3,641.0,-0.02,0.00,0.02,0,9.51
41483,994,1057.3,641.0,-0.02,0.00,0.02,0,13.28
41484,994,1057.3,641.0,-0.02,0.00,0.02,0,15.44
41552,996,1183.0,702.0,0.00,0.00,0.00,0,12.01
41554,998,439.0,637.0,0.00,0.00,0.00,0,12.01
41555,998,440.0,638.0,0.02,0.02,0.03,0,7.48
41555,999,462.0,621.0,0.00,0.00,0.00,0,12.01
41556,998,445.4,634.1,0.39,-0.24,0.46,0,6.31
41558,998,445.5,634.1,0.39,-0.24,0.46,0,9.97
41559,998,445.5,634.1,0.39,-0.24,0.46,0,12.13
41560,998,445.5,634.1,0.39,-0.24,0.46,0,14.48
41599,1000,580.0,182.0,0.00,0.00,0.00,0,12.01
41600,1000,580.0,182.0,0.00,0.00,0.00,0,14.04
41601,1000,580.0,182.0,0.00,0.00,0.00,0,16.09
41603,1000,580.0,182.0,0.00,0.00,0.00,0,20.02
41656,1001,1487.0,395.0,0.00,0.00,0.00,0,12.01
41657,1001,1487.0,395.0,0.00,0.00,0.00,0,14.04
41658,1001,1487.0,395.0,0.00,0.00,0.00,0,16.09
41660,1001,1487.0,395.0,0.00,0.00,0.00,0,19.97
41706,1002,831.0,1421.0,0.00,0.00,0.00,0,12.01
41707,1002,832.6,1416.7,0.04,-0.10,0.11,0,7.47
41708,1002,833.2,1415.0,0.08,-0.22,0.23,0,6.31
41708,1003,840.0,1400.0,0.00,0.00,0.00,0,12.01
41710,1002,833.3,1414.9,0.08,-0.22,0.23,0,10.02
41710,1003,840.0,1400.0,0.00,0.00,0.00,0,15.17
41711,1002,833.3,1414.9,0.08,-0.22,0.23,0,12.12
41711,1003,840.0,1400.0,0.00,0.00,0.00,0,17.24
41712,1002,833.3,1414.9,0.08,-0.22,0.23,0,14.48
41712,1003,840.0,1400.0,0.00,0.00,0.00,0,19.49
41743,1004,594.0,550.0,0.00,0.00,0.00,0,12.01
41743,1005,579.0,553.0,0.00,0.00,0.00,0,12.01
41743,1006,440.0,839.0,0.00,0.00,0.00,0,12.01
41744,1004,593.7,550.0,-0.01,0.00,0.01,0,7.50
41744,1005,588.2,551.7,0.23,-0.03,0.23,0,7.50
41744,1006,439.0,839.0,-0.02,0.00,0.02,0,7.50
41744,1007,458.0,837.0,0.00,0.00,0.00,0,12.03
41745,1004,597.1,549.7,0.33,-0.03,0.33,0,6.31
41745,1006,444.2,838.5,0.48,-0.05,0.49,0,6.31
41747,1004,597.2,549.7,0.33,-0.03,0.33,0,9.94
41747,1006,444.3,838.5,0.48,-0.05,0.49,0,9.94
41748,1004,597.2,549.7,0.33,-0.03,0.33,0,12.00
41748,1006,444.3,838.5,0.48,-0.05,0.49,0,12.00
41749,1004,597.2,549.7,0.33,-0.03,0.33,0,14.40
41749,1006,444.3,838.5,0.48,-0.05,0.49,0,14.40
42144,1008,602.0,1279.0,0.00,0.00,0.00,0,12.01
42145,1008,601.3,1279.0,-0.02,0.00,0.02,0,7.47
42145,1009,620.0,1280.0,0.00,0.00,0.00,0,12.01
42146,1008,605.9,1279.3,0.28,0.02,0.28,0,6.31
42146,1009,626.9,1280.3,0.17,0.01,0.17,0,7.47
42148,1008,606.0,1279.3,0.28,0.02,0.28,0,9.98
42148,1009,626.9,1280.3,0.17,0.01,0.17,0,10.87
42149,1008,606.0,1279.3,0.28,0.02,0.28,0,12.13
42149,1009,626.9,1280.3,0.17,0.01,0.17,0,13.00
42150,1008,606.0,1279.3,0.28,0.02,0.28,0,14.47
42150,1009,626.9,1280.3,0.17,0.01,0.17,0,15.30
42181,1010,516.0,832.0,0.00,0.00,0.00,0,12.01
42181,1011,503.0,846.0,0.00,0.00,0.00,0,12.01
42182,1010,515.3,832.7,-0.02,0.02,0.02,0,7.48
42182,1011,510.2,838.5,0.18,-0.19,0.26,0,7.48
42183,1010,517.6,830.4,0.14,-0.14,0.20,0,6.30
42185,1010,517.6,830.4,0.14,-0.14,0.20,0,9.96
42186,1010,517.6,830.4,0.14,-0.14,0.20,0,12.11
42187,1010,517.6,830.4,0.14,-0.14,0.20,0,14.51
42234,1012,1004.0,270.0,0.00,0.00,0.00,0,12.01
42235,1012,1003.7,269.0,-0.01,-0.02,0.03,0,7.47
42236,1012,1003.7,269.0,-0.01,-0.02,0.03,0,9.52
42238,1012,1003.7,269.0,-0.01,-0.02,0.03,0,13.31
42239,1012,1003.7,269.0,-0.01,-0.02,0.03,0,15.46
42283,1013,506.0,1169.0,0.00,0.00,0.00,0,12.01
42284,1013,508.0,1162.1,0.05,-0.17,0.18,0,7.47
42285,1013,509.0,1159.0,0.12,-0.37,0.39,0,6.30
42287,1013,509.0,1158.9,0.12,-0.37,0.39,0,9.97
42288,1013,509.0,1158.9,0.12,-0.37,0.39,0,12.13
42289,1013,509.0,1158.9,0.12,-0.37,0.39,0,14.53
42393,1015,706.0,1092.0,0.00,0.00,0.00,0,12.01
42394,1015,706.7,1090.7,0.02,-0.03,0.04,0,7.48
42395,1015,706.7,1090.8,0.02,-0.03,0.03,0,6.31
42397,1015,706.8,1090.8,0.02,-0.03,0.03,0,9.96
42398,1015,706.8,1090.8,0.02,-0.03,0.03,0,12.13
42399,1015,706.8,1090.8,0.02,-0.03,0.03,0,14.47
42430,1016,631.0,1227.0,0.00,0.00,0.00,0,12.01
42430,1017,623.0,1247.0,0.00,0.00,0.00,0,12.01
42431,1016,630.7,1227.7,-0.01,0.02,0.02,0,7.48
42431,1017,623.0,1247.0,0.00,0.00,0.00,0,14.04
42431,1018,640.0,1207.0,0.00,0.00,0.00,0,12.01
42432,1016,632.8,1222.9,0.14,-0.32,0.36,0,6.31
42432,1017,623.0,1247.0,0.00,0.00,0.00,0,16.09
42434,1016,632.9,1222.8,0.14,-0.32,0.36,0,9.97
42434,1017,623.0,1247.0,0.00,0.00,0.00,0,19.98
42435,1016,632.9,1222.8,0.14,-0.32,0.36,0,12.11
42436,1016,632.9,1222.7,0.14,-0.32,0.36,0,14.51
42467,1019,835.0,417.0,0.00,0.00,0.00,0,12.01
42467,1020,867.0,423.0,0.00,0.00,0.00,0,12.01
42469,1021,898.0,430.0,0.00,0.00,0.00,0,12.01
42470,1021,898.0,430.0,0.00,0.00,0.00,0,14.02
42471,1021,898.0,430.0,0.00,0.00,0.00,0,16.05
42473,1021,898.0,430.0,0.00,0.00,0.00,0,19.84
42538,1022,1045.0,422.0,0.00,0.00,0.00,0,12.01
42539,1022,1045.3,421.7,0.01,-0.01,0.01,0,7.47
42540,1022,1045.3,421.7,0.01,-0.01,0.01,0,9.52
42542,1022,1045.3,421.7,0.01,-0.01,0.01,0,13.30
42543,1022,1045.3,421.7,0.01,-0.01,0.01,0,15.46
42732,1024,974.0,262.0,0.00,0.00,0.00,0,12.01
42733,1024,974.0,262.0,0.00,0.00,0.00,0,14.04
42734,1024,974.0,262.0,0.00,0.00,0.00,0,16.09
42734,1025,1041.0,339.0,0.00,0.00,0.00,0,12.01
42736,1024,974.0,262.0,0.00,0.00,0.00,0,19.95
42736,1025,1041.0,339.0,0.00,0.00,0.00,0,15.12
42737,1025,1041.0,339.0,0.00,0.00,0.00,0,17.24
42738,1025,1041.0,339.0,0.00,0.00,0.00,0,19.49
42840,1026,774.0,846.0,0.00,0.00,0.00,0,12.01
42841,1026,773.7,846.0,-0.01,0.00,0.01,0,7.47
42842,1026,773.7,846.0,-0.01,0.00,0.01,0,9.52
42844,1026,773.7,846.0,-0.01,0.00,0.01,0,13.32
42845,1026,773.7,846.0,-0.01,0.00,0.01,0,15.46
43775,1027,668.0,1161.0,0.00,0.00,0.00,0,12.01
43777,1030,590.0,1101.0,0.00,0.00,0.00,0,12.01
43777,1031,679.0,1160.0,0.00,0.00,0.00,0,12.01
43777,1032,688.0,1165.0,0.00,0.00,0.00,0,12.01
43778,1030,590.0,1101.0,0.00,0.00,0.00,0,14.04
43778,1031,683.6,1164.6,0.12,0.12,0.17,0,7.48
43778,1032,688.0,1165.0,0.00,0.00,0.00,0,14.04
43779,1031,685.8,1166.0,0.26,0.21,0.33,0,6.31
43779,1030,590.0,1101.0,0.00,0.00,0.00,0,16.09
43781,1031,685.8,1166.0,0.26,0.21,0.33,0,9.95
43781,1030,590.0,1101.0,0.00,0.00,0.00,0,19.95
43782,1031,685.8,1166.0,0.26,0.21,0.33,0,12.12
43783,1031,685.8,1166.1,0.26,0.21,0.33,0,14.46
43816,1033,647.0,625.0,0.00,0.00,0.00,0,12.01
43817,1033,648.3,617.1,0.03,-0.19,0.19,0,7.47
43818,1033,649.5,612.0,0.11,-0.52,0.53,0,6.31
43820,1033,649.5,611.8,0.11,-0.52,0.53,0,9.99
43821,1033,649.5,611.8,0.11,-0.52,0.53,0,12.12
43822,1033,649.6,611.8,0.11,-0.52,0.53,0,14.46
43944,1035,771.0,1244.0,0.00,0.00,0.00,0,12.01
43945,1035,770.0,1244.0,-0.02,0.00,0.02,0,7.47
43945,1036,800.0,1245.0,0.00,0.00,0.00,0,12.01
43946,1035,777.2,1244.3,0.43,0.02,0.43,0,6.31
43946,1036,808.8,1244.7,0.21,-0.01,0.21,0,7.48
43948,1035,777.3,1244.3,0.43,0.02,0.43,0,10.00
43948,1036,808.9,1244.7,0.21,-0.01,0.21,0,10.89
43949,1035,777.3,1244.3,0.43,0.02,0.43,0,12.12
43949,1036,808.9,1244.7,0.21,-0.01,0.21,0,12.99
43950,1035,777.4,1244.3,0.43,0.02,0.43,0,14.47
43950,1036,808.9,1244.7,0.21,-0.01,0.21,0,15.29
43981,1037,696.0,934.0,0.00,0.00,0.00,0,12.01
43981,1038,586.0,1109.0,0.00,0.00,0.00,0,12.01
43981,1039,564.0,1117.0,0.00,0.00,0.00,0,12.01
43981,1040,545.0,1292.0,0.00,0.00,0.00,0,12.01
43982,1037,693.4,932.4,-0.06,-0.04,0.08,0,7.51
43982,1038,586.0,1109.0,0.00,0.00,0.00,0,7.51
43982,1039,564.0,1117.0,0.00,0.00,0.00,0,14.09
43982,1040,545.0,1292.0,0.00,0.00,0.00,0,14.09
43982,1041,609.0,1103.0,0.00,0.00,0.00,0,12.03
43983,1037,690.4,929.9,-0.39,-0.31,0.50,0,6.32
43983,1038,591.9,1107.5,0.66,-0.17,0.69,0,6.32
43983,1039,564.0,1117.0,0.00,0.00,0.00,0,16.14
43983,1040,545.0,1292.0,0.00,0.00,0.00,0,16.14
43985,1037,690.3,929.9,-0.39,-0.31,0.50,0,10.01
43985,1038,592.1,1107.4,0.66,-0.17,0.69,0,10.01
43985,1039,564.0,1117.0,0.00,0.00,0.00,0,20.12
43985,1040,545.0,1292.0,0.00,0.00,0.00,0,20.12
43986,1037,690.3,929.8,-0.39,-0.31,0.50,0,12.29
43986,1038,592.1,1107.4,0.66,-0.17,0.69,0,12.29
43987,1037,690.3,929.8,-0.39,-0.31,0.50,0,14.71
43987,1038,592.2,1107.4,0.66,-0.17,0.69,0,14.71
44018,1042,810.0,1047.0,0.00,0.00,0.00,0,12.01
44018,1043,808.0,1082.0,0.00,0.00,0.00,0,12.01
44020,1045,804.0,1122.0,0.00,0.00,0.00,0,12.01
44020,1046,801.0,1144.0,0.00,0.00,0.00,0,12.01
44021,1045,803.7,1126.6,-0.01,0.11,0.11,0,7.47
44021,1046,800.7,1147.6,-0.01,0.08,0.08,0,7.47
44022,1045,802.7,1131.6,-0.07,0.42,0.43,0,6.31
44022,1046,800.8,1152.1,-0.00,0.36,0.36,0,6.31
44024,1045,802.7,1131.7,-0.07,0.42,0.43,0,9.99
44024,1046,800.8,1152.2,-0.00,0.36,0.36,0,9.99
44025,1045,802.7,1131.7,-0.07,0.42,0.43,0,12.13
44025,1046,800.8,1152.2,-0.00,0.36,0.36,0,12.13
44026,1045,802.7,1131.7,-0.07,0.42,0.43,0,14.48
44026,1046,800.8,1152.2,-0.00,0.36,0.36,0,14.48
44076,1047,874.0,1328.0,0.00,0.00,0.00,0,12.01
44077,1047,874.0,1328.3,0.00,0.01,0.01,0,7.47
44077,1048,860.0,1317.0,0.00,0.00,0.00,0,12.01
44078,1047,870.7,1326.2,-0.22,-0.13,0.26,0,6.30
44078,1048,855.1,1315.0,-0.12,-0.05,0.13,0,7.47
44080,1047,870.6,1326.1,-0.22,-0.13,0.26,0,9.91
44080,1048,855.1,1315.0,-0.12,-0.05,0.13,0,10.81
44081,1047,870.6,1326.1,-0.22,-0.13,0.26,0,12.14
44081,1048,855.0,1315.0,-0.12,-0.05,0.13,0,13.01
44082,1047,870.6,1326.1,-0.22,-0.13,0.26,0,14.56
44082,1048,855.0,1315.0,-0.12,-0.05,0.13,0,15.37
44300,1049,388.0,823.0,0.00,0.00,0.00,0,12.01
44300,1050,381.0,829.0,0.00,0.00,0.00,0,12.01
44302,1051,456.0,797.0,0.00,0.00,0.00,0,12.01
44303,1051,455.7,797.3,-0.01,0.01,0.01,0,7.47
44304,1051,455.7,797.3,-0.01,0.01,0.01,0,9.52
44306,1051,455.7,797.3,-0.01,0.01,0.01,0,13.32
44307,1051,455.7,797.3,-0.01,0.01,0.01,0,15.46
44543,1053,902.0,1406.0,0.00,0.00,0.00,0,12.01
44545,1055,874.0,1402.0,0.00,0.00,0.00,0,12.01
44545,1056,888.0,1404.0,0.00,0.00,0.00,0,12.01
44546,1055,874.3,1402.0,0.01,0.00,0.01,0,7.47
44546,1056,879.2,1403.3,-0.22,-0.02,0.22,0,7.47
44547,1055,871.2,1402.0,-0.20,0.00,0.20,0,6.31
44549,1055,871.1,1402.0,-0.20,0.00,0.20,0,9.98
44550,1055,871.1,1402.0,-0.20,0.00,0.20,0,12.12
44551,1055,871.1,1402.0,-0.20,0.00,0.20,0,14.47
44627,1057,1092.0,1202.0,0.00,0.00,0.00,0,12.01
44628,1057,1092.0,1202.0,0.00,0.00,0.00,0,14.04
44629,1057,1092.0,1202.0,0.00,0.00,0.00,0,16.09
44631,1057,1092.0,1202.0,0.00,0.00,0.00,0,19.97
44665,1060,658.0,1264.0,0.00,0.00,0.00,0,12.04
44665,1061,678.0,1298.0,0.00,0.00,0.00,0,12.04
44666,1060,658.0,1264.3,0.00,0.02,0.02,0,7.49
44666,1061,678.0,1298.0,0.00,0.00,0.00,0,14.08
44666,1062,663.0,1248.0,0.00,0.00,0.00,0,12.01
44667,1060,659.0,1260.6,0.08,-0.28,0.29,0,6.31
44667,1061,678.0,1298.0,0.00,0.00,0.00,0,16.15
44669,1060,659.1,1260.6,0.08,-0.28,0.29,0,10.01
44669,1061,678.0,1298.0,0.00,0.00,0.00,0,20.19
44670,1060,659.1,1260.6,0.08,-0.28,0.29,0,12.18
44671,1060,659.1,1260.5,0.08,-0.28,0.29,0,14.58
44702,1063,948.0,745.0,0.00,0.00,0.00,0,12.01
44703,1063,948.0,745.0,0.00,0.00,0.00,0,14.07
44704,1063,948.0,745.0,0.00,0.00,0.00,0,16.12
44706,1063,948.0,745.0,0.00,0.00,0.00,0,20.11
44930,1064,557.0,668.0,0.00,0.00,0.00,0,12.01
44932,1066,562.0,683.0,0.00,0.00,0.00,0,12.01
44932,1067,566.0,700.0,0.00,0.00,0.00,0,12.01
44933,1066,563.3,688.6,0.03,0.13,0.13,0,7.48
44933,1067,567.3,705.2,0.03,0.12,0.13,0,7.48
44934,1066,565.0,695.4,0.15,0.58,0.60,0,6.31
44936,1066,565.1,695.5,0.15,0.58,0.60,0,9.97
44937,1066,565.1,695.5,0.15,0.58,0.60,0,12.14
44938,1066,565.1,695.6,0.15,0.58,0.60,0,14.48
44969,1068,1112.0,732.0,0.00,0.00,0.00,0,12.01
44969,1069,1135.0,744.0,0.00,0.00,0.00,0,12.01
44971,1070,1154.0,753.0,0.00,0.00,0.00,0,12.01
44971,1071,1180.0,766.0,0.00,0.00,0.00,0,12.01
44972,1070,1163.2,757.6,0.19,0.09,0.21,0,7.46
44972,1071,1180.0,766.0,0.00,0.00,0.00,0,14.02
44973,1071,1187.0,769.5,0.24,0.12,0.27,0,7.85
44973,1070,1163.2,757.6,0.19,0.09,0.21,0,9.49
44975,1071,1187.1,769.5,0.24,0.12,0.27,0,11.43
44975,1070,1163.2,757.6,0.19,0.09,0.21,0,13.15
44976,1071,1187.1,769.5,0.24,0.12,0.27,0,13.60
44976,1070,1163.2,757.6,0.19,0.09,0.21,0,15.32
44977,1071,1187.1,769.5,0.24,0.12,0.27,0,15.93
45010,1074,1194.0,1155.0,0.00,0.00,0.00,0,12.01
45010,1075,1196.0,1183.0,0.00,0.00,0.00,0,12.01
45011,1074,1195.0,1161.6,0.02,0.14,0.14,0,7.47
45011,1075,1197.3,1189.2,0.03,0.14,0.14,0,7.47
45012,1074,1196.0,1170.2,0.09,0.69,0.69,0,6.30
45012,1075,1197.7,1192.0,0.06,0.31,0.32,0,6.30
45014,1074,1196.0,1170.3,0.09,0.69,0.69,0,9.95
45014,1075,1197.8,1192.1,0.06,0.31,0.32,0,9.95
45015,1074,1196.0,1170.4,0.09,0.69,0.69,0,12.12
45015,1075,1197.8,1192.1,0.06,0.31,0.32,0,12.12
45016,1074,1196.0,1170.4,0.09,0.69,0.69,0,14.46
45016,1075,1197.8,1192.1,0.06,0.31,0.32,0,14.46
45286,1077,778.0,390.0,0.00,0.00,0.00,0,12.01
45287,1077,777.3,390.0,-0.02,0.00,0.02,0,7.48
45287,1078,793.0,387.0,0.00,0.00,0.00,0,12.01
45288,1077,781.4,389.2,0.25,-0.05,0.26,0,6.31
45290,1077,781.4,389.2,0.25,-0.05,0.26,0,10.04
45291,1077,781.4,389.2,0.25,-0.05,0.26,0,12.12
45292,1077,781.5,389.2,0.25,-0.05,0.26,0,14.48
45572,1079,323.0,817.0,0.00,0.00,0.00,0,12.01
45572,1080,338.0,814.0,0.00,0.00,0.00,0,12.01
45572,1081,338.0,822.0,0.00,0.00,0.00,0,12.01
45574,1083,460.0,809.0,0.00,0.00,0.00,0,12.01
45574,1084,385.0,805.0,0.00,0.00,0.00,0,12.01
45574,1085,376.0,812.0,0.00,0.00,0.00,0,12.01
45574,1086,391.0,818.0,0.00,0.00,0.00,0,12.01
45574,1087,379.0,821.0,0.00,0.00,0.00,0,12.01
45575,1083,458.7,809.3,-0.03,0.01,0.03,0,7.47
45575,1084,385.0,805.0,0.00,0.00,0.00,0,14.04
45575,1085,376.0,812.0,0.00,0.00,0.00,0,14.04
45575,1086,391.0,818.0,0.00,0.00,0.00,0,14.04
45575,1087,379.0,821.0,0.00,0.00,0.00,0,14.04
45575,1088,528.0,791.0,0.00,0.00,0.00,0,12.01
45575,1089,540.0,793.0,0.00,0.00,0.00,0,12.01
45576,1083,458.7,809.3,-0.03,0.01,0.03,0,9.52
45576,1084,385.0,805.0,0.00,0.00,0.00,0,16.09
45578,1083,458.7,809.3,-0.03,0.01,0.03,0,13.32
45578,1084,385.0,805.0,0.00,0.00,0.00,0,19.98
45579,1083,458.7,809.3,-0.03,0.01,0.03,0,15.47
45713,1091,634.0,1218.0,0.00,0.00,0.00,0,12.01
45714,1091,634.0,1218.0,0.00,0.00,0.00,0,14.03
45715,1091,634.0,1218.0,0.00,0.00,0.00,0,16.09
45717,1091,634.0,1218.0,0.00,0.00,0.00,0,20.03
45805,1092,419.0,1134.0,0.00,0.00,0.00,0,12.01
45806,1092,418.7,1134.3,-0.01,0.01,0.01,0,7.47
45806,1093,429.0,1110.0,0.00,0.00,0.00,0,12.01
45807,1092,420.8,1128.6,0.13,-0.36,0.39,0,6.31
45809,1092,420.9,1128.5,0.13,-0.36,0.39,0,9.98
45810,1092,420.9,1128.5,0.13,-0.36,0.39,0,12.12
45811,1092,420.9,1128.5,0.13,-0.36,0.39,0,14.46
45842,1094,743.0,900.0,0.00,0.00,0.00,0,12.01
45843,1094,743.3,891.8,0.01,-0.20,0.20,0,7.48
45844,1094,743.5,887.5,0.02,-0.50,0.50,0,6.30
45844,1095,745.0,863.0,0.00,0.00,0.00,0,12.01
45846,1094,743.5,887.3,0.02,-0.50,0.50,0,9.95
45846,1095,745.0,863.0,0.00,0.00,0.00,0,15.11
45847,1094,743.5,887.3,0.02,-0.50,0.50,0,12.12
45847,1095,745.0,863.0,0.00,0.00,0.00,0,17.23
45848,1094,743.5,887.3,0.02,-0.50,0.50,0,14.52
45848,1095,745.0,863.0,0.00,0.00,0.00,0,19.52
45880,1098,485.0,733.0,0.00,0.00,0.00,0,12.03
45880,1099,470.0,735.0,0.00,0.00,0.00,0,12.03
45881,1098,480.1,733.7,-0.21,0.03,0.21,0,7.50
45881,1099,461.8,736.0,-0.35,0.04,0.36,0,7.50
45882,1098,471.3,734.8,-1.03,0.13,1.04,0,6.32
45884,1098,471.0,734.8,-1.03,0.13,1.04,0,10.05
45885,1098,471.0,734.8,-1.03,0.13,1.04,0,12.20
45886,1098,471.0,734.8,-1.03,0.13,1.04,0,14.55
46020,1100,524.0,1164.0,0.00,0.00,0.00,0,12.01
46021,1100,524.0,1164.0,0.00,0.00,0.00,0,7.47
46021,1101,543.0,1160.0,0.00,0.00,0.00,0,12.01
46021,1102,551.0,1158.0,0.00,0.00,0.00,0,12.01
46022,1100,529.1,1162.7,0.34,-0.08,0.35,0,6.31
46022,1101,552.2,1157.7,0.23,-0.06,0.23,0,7.48
46022,1102,551.0,1158.0,0.00,0.00,0.00,0,14.04
46024,1100,529.2,1162.7,0.34,-0.08,0.35,0,10.00
46024,1101,552.2,1157.7,0.23,-0.06,0.23,0,10.89
46024,1102,551.0,1158.0,0.00,0.00,0.00,0,17.54
46025,1100,529.2,1162.7,0.34,-0.08,0.35,0,12.13
46025,1101,552.2,1157.7,0.23,-0.06,0.23,0,13.00
46025,1102,551.0,1158.0,0.00,0.00,0.00,0,19.66
46026,1100,529.3,1162.7,0.34,-0.08,0.35,0,14.48
46026,1101,552.2,1157.7,0.23,-0.06,0.23,0,15.30
46057,1103,993.0,1052.0,0.00,0.00,0.00,0,12.01
46057,1104,1008.0,1068.0,0.00,0.00,0.00,0,12.01
46058,1103,998.2,1057.2,0.13,0.13,0.19,0,7.53
46058,1104,1008.0,1068.0,0.00,0.00,0.00,0,14.10
46058,1105,1037.0,1097.0,0.00,0.00,0.00,0,12.04
46059,1103,998.2,1057.3,0.13,0.13,0.19,0,9.58
46061,1103,998.3,1057.3,0.13,0.13,0.19,0,13.55
46062,1103,998.3,1057.3,0.13,0.13,0.19,0,15.73
46095,1107,288.0,847.0,0.00,0.00,0.00,0,12.02
46096,1107,288.0,847.0,0.00,0.00,0.00,0,14.05
46097,1107,288.0,847.0,0.00,0.00,0.00,0,16.09
46099,1107,288.0,847.0,0.00,0.00,0.00,0,19.90
46152,1108,1019.0,1037.0,0.00,0.00,0.00,0,12.01
46153,1108,1019.0,1037.0,0.00,0.00,0.00,0,14.04
46154,1108,1019.0,1037.0,0.00,0.00,0.00,0,16.09
46156,1108,1019.0,1037.0,0.00,0.00,0.00,0,19.98
46489,1109,625.0,378.0,0.00,0.00,0.00,0,12.01
46490,1109,624.7,378.3,-0.01,0.01,0.01,0,7.47
46490,1110,623.0,367.0,0.00,0.00,0.00,0,12.01
46491,1109,624.2,375.9,-0.04,-0.15,0.15,0,6.31
46493,1109,624.2,375.9,-0.04,-0.15,0.15,0,9.97
46494,1109,624.2,375.9,-0.04,-0.15,0.15,0,12.10
46495,1109,624.2,375.9,-0.04,-0.15,0.15,0,14.45
46534,1111,501.0,1061.0,0.00,0.00,0.00,0,12.01
46535,1111,501.0,1061.0,0.00,0.00,0.00,0,14.04
46536,1111,501.0,1061.0,0.00,0.00,0.00,0,16.09
46538,1111,501.0,1061.0,0.00,0.00,0.00,0,19.97
46658,1112,790.0,992.0,0.00,0.00,0.00,0,12.01
46659,1112,790.0,992.0,0.00,0.00,0.00,0,7.47
46660,1112,790.0,992.0,0.00,0.00,0.00,0,9.52
46662,1112,790.0,992.0,0.00,0.00,0.00,0,13.29
46663,1112,790.0,992.0,0.00,0.00,0.00,0,15.46
46709,1113,1220.0,1266.0,0.00,0.00,0.00,0,12.01
46710,1113,1216.4,1262.4,-0.09,-0.09,0.13,0,7.47
46711,1113,1214.5,1260.5,-0.22,-0.22,0.30,0,6.31
46711,1114,1196.0,1247.0,0.00,0.00,0.00,0,12.01
46713,1113,1214.4,1260.4,-0.22,-0.22,0.30,0,9.96
46713,1114,1196.0,1247.0,0.00,0.00,0.00,0,15.12
46714,1113,1214.4,1260.4,-0.22,-0.22,0.30,0,12.12
46714,1114,1196.0,1247.0,0.00,0.00,0.00,0,17.24
46715,1113,1214.4,1260.4,-0.22,-0.22,0.30,0,14.47
46715,1114,1196.0,1247.0,0.00,0.00,0.00,0,19.49
46772,1115,1391.0,915.0,0.00,0.00,0.00,0,12.01
46774,1117,1397.0,896.0,0.00,0.00,0.00,0,12.01
46775,1117,1397.0,896.0,0.00,0.00,0.00,0,14.04
46776,1117,1397.0,896.0,0.00,0.00,0.00,0,16.09
46778,1117,1397.0,896.0,0.00,0.00,0.00,0,19.94
46827,1118,625.0,357.0,0.00,0.00,0.00,0,12.01
46828,1118,625.0,357.0,0.00,0.00,0.00,0,14.04
46829,1118,625.0,357.0,0.00,0.00,0.00,0,16.09
46831,1118,625.0,357.0,0.00,0.00,0.00,0,19.99
46865,1119,578.0,308.0,0.00,0.00,0.00,0,12.01
46866,1119,577.3,315.2,-0.02,0.20,0.20,0,7.47
46867,1119,577.0,318.5,-0.04,0.40,0.40,0,6.31
46867,1120,571.0,352.0,0.00,0.00,0.00,0,12.01
46869,1119,577.0,318.6,-0.04,0.40,0.40,0,9.96
46869,1120,571.0,352.0,0.00,0.00,0.00,0,15.13
46870,1119,577.0,318.6,-0.04,0.40,0.40,0,12.12
46870,1120,571.0,352.0,0.00,0.00,0.00,0,17.24
46871,1119,577.0,318.6,-0.04,0.40,0.40,0,14.46
46871,1120,571.0,352.0,0.00,0.00,0.00,0,19.49
47137,1121,624.0,1237.0,0.00,0.00,0.00,0,12.01
47138,1121,624.0,1237.3,0.00,0.01,0.01,0,7.47
47138,1122,645.0,1212.0,0.00,0.00,0.00,0,12.01
47139,1121,629.1,1231.1,0.33,-0.40,0.52,0,6.31
47141,1121,629.2,1231.0,0.33,-0.40,0.52,0,9.99
47142,1121,629.2,1231.0,0.33,-0.40,0.52,0,12.12
47143,1121,629.3,1230.9,0.33,-0.40,0.52,0,14.46
47181,1123,975.0,550.0,0.00,0.00,0.00,0,12.01
47182,1123,974.7,550.7,-0.01,0.02,0.02,0,7.47
47182,1124,976.0,533.0,0.00,0.00,0.00,0,12.01
47183,1123,975.0,546.1,0.01,-0.28,0.28,0,6.31
47183,1124,976.3,528.1,0.01,-0.12,0.12,0,7.48
47185,1123,975.0,546.0,0.01,-0.28,0.28,0,10.00
47185,1124,976.3,528.1,0.01,-0.12,0.12,0,10.89
47186,1123,975.0,546.0,0.01,-0.28,0.28,0,12.12
47186,1124,976.3,528.0,0.01,-0.12,0.12,0,13.00
47187,1123,975.0,546.0,0.01,-0.28,0.28,0,14.47
47187,1124,976.3,528.0,0.01,-0.12,0.12,0,15.29
47287,1125,323.0,783.0,0.00,0.00,0.00,0,12.01
47288,1125,323.0,783.0,0.00,0.00,0.00,0,14.04
47289,1125,323.0,783.0,0.00,0.00,0.00,0,16.09
47291,1125,323.0,783.0,0.00,0.00,0.00,0,19.97
47324,1126,899.0,773.0,0.00,0.00,0.00,0,12.01
47324,1127,921.0,790.0,0.00,0.00,0.00,0,12.01
47324,1128,1169.0,1246.0,0.00,0.00,0.00,0,12.01
47326,1129,939.0,802.0,0.00,0.00,0.00,0,12.01
47326,1130,1184.0,1259.0,0.00,0.00,0.00,0,12.01
47326,1131,1193.0,1267.0,0.00,0.00,0.00,0,12.01
47327,1129,939.0,802.0,0.00,0.00,0.00,0,14.02
47327,1130,1186.9,1261.3,0.06,0.04,0.07,0,7.46
47327,1131,1194.6,1268.3,0.03,0.02,0.04,0,7.46
47327,1132,976.0,828.0,0.00,0.00,0.00,0,12.00
47327,1133,1317.0,1180.0,0.00,0.00,0.00,0,12.00
47328,1130,1190.8,1263.8,0.22,0.15,0.26,0,6.29
47328,1129,939.0,802.0,0.00,0.00,0.00,0,16.05
47330,1130,1190.9,1263.8,0.22,0.15,0.26,0,9.91
47330,1129,939.0,802.0,0.00,0.00,0.00,0,19.81
47331,1130,1190.9,1263.8,0.22,0.15,0.26,0,12.03
47332,1130,1190.9,1263.8,0.22,0.15,0.26,0,14.38
47363,1136,642.0,421.0,0.00,0.00,0.00,0,12.01
47365,1138,649.0,410.0,0.00,0.00,0.00,0,12.01
47366,1138,650.6,408.4,0.04,-0.04,0.05,0,7.47
47367,1138,653.0,406.5,0.19,-0.15,0.24,0,6.30
47369,1138,653.1,406.4,0.19,-0.15,0.24,0,9.97
47370,1138,653.1,406.4,0.19,-0.15,0.24,0,12.13
47371,1138,653.1,406.4,0.19,-0.15,0.24,0,14.47
47770,1139,887.0,1382.0,0.00,0.00,0.00,0,12.01
47771,1139,891.6,1374.8,0.12,-0.18,0.22,0,7.48
47772,1139,893.8,1371.2,0.26,-0.42,0.50,0,6.31
47774,1139,893.8,1371.1,0.26,-0.42,0.50,0,10.00
47775,1139,893.8,1371.1,0.26,-0.42,0.50,0,12.13
47776,1139,893.8,1371.1,0.26,-0.42,0.50,0,14.48
47807,1141,1471.0,913.0,0.00,0.00,0.00,0,12.01
47807,1142,1454.0,922.0,0.00,0.00,0.00,0,12.01
47809,1143,1509.0,893.0,0.00,0.00,0.00,0,12.01
47810,1143,1508.7,893.0,-0.01,0.00,0.01,0,7.47
47810,1144,1529.0,881.0,0.00,0.00,0.00,0,12.01
47811,1143,1512.9,890.7,0.26,-0.15,0.30,0,6.31
47813,1143,1512.9,890.6,0.26,-0.15,0.30,0,9.96
47814,1143,1512.9,890.6,0.26,-0.15,0.30,0,12.12
47815,1143,1513.0,890.6,0.26,-0.15,0.30,0,14.47
48058,1145,477.0,1191.0,0.00,0.00,0.00,0,12.01
48059,1145,477.3,1191.3,0.01,0.01,0.01,0,7.47
48059,1146,465.0,1183.0,0.00,0.00,0.00,0,12.01
48060,1145,474.7,1189.7,-0.17,-0.10,0.19,0,6.31
48062,1145,474.6,1189.7,-0.17,-0.10,0.19,0,10.00
48063,1145,474.6,1189.7,-0.17,-0.10,0.19,0,12.12
48064,1145,474.6,1189.7,-0.17,-0.10,0.19,0,14.47
48238,1148,1292.0,403.0,0.00,0.00,0.00,0,12.01
48239,1148,1291.0,403.3,-0.02,0.01,0.02,0,7.48
48239,1149,1255.0,429.0,0.00,0.00,0.00,0,12.01
48240,1148,1291.0,403.3,-0.02,0.01,0.02,0,9.52
48242,1148,1291.0,403.3,-0.02,0.01,0.02,0,13.31
48243,1148,1291.0,403.3,-0.02,0.01,0.02,0,15.46
48288,1151,776.0,245.0,0.00,0.00,0.00,0,12.01
48289,1151,776.0,245.0,0.00,0.00,0.00,0,14.02
48290,1151,776.0,245.0,0.00,0.00,0.00,0,16.04
48292,1151,776.0,245.0,0.00,0.00,0.00,0,19.62
48649,1152,1501.0,619.0,0.00,0.00,0.00,0,12.01
48650,1152,1501.0,619.0,0.00,0.00,0.00,0,14.04
48651,1152,1506.3,626.0,0.24,0.32,0.41,0,7.87
48653,1152,1506.3,626.1,0.24,0.32,0.41,0,11.54
48654,1152,1506.3,626.1,0.24,0.32,0.41,0,13.68
48655,1152,1506.3,626.1,0.24,0.32,0.41,0,16.08
48788,1154,1249.0,385.0,0.00,0.00,0.00,0,12.01
48789,1154,1249.0,385.0,0.00,0.00,0.00,0,14.04
48790,1154,1249.0,385.0,0.00,0.00,0.00,0,16.09
48792,1154,1249.0,385.0,0.00,0.00,0.00,0,19.95
48826,1157,876.0,1350.0,0.00,0.00,0.00,0,12.02
48827,1157,875.3,1346.4,-0.03,-0.15,0.15,0,7.48
48828,1157,874.7,1342.4,-0.07,-0.42,0.42,0,6.29
48830,1157,874.7,1342.3,-0.07,-0.42,0.42,0,9.80
48831,1157,874.7,1342.3,-0.07,-0.42,0.42,0,12.01
48832,1157,874.7,1342.3,-0.07,-0.42,0.42,0,14.35
48885,1158,900.0,646.0,0.00,0.00,0.00,0,12.01
48886,1158,900.0,646.0,0.00,0.00,0.00,0,7.47
48886,1159,887.0,653.0,0.00,0.00,0.00,0,12.01
48887,1158,896.9,647.5,-0.20,0.10,0.22,0,6.31
48887,1159,884.7,655.6,-0.05,0.06,0.08,0,7.48
48889,1158,896.9,647.6,-0.20,0.10,0.22,0,9.99
48889,1159,884.7,655.6,-0.05,0.06,0.08,0,10.88
48890,1158,896.9,647.6,-0.20,0.10,0.22,0,12.14
48890,1159,884.7,655.6,-0.05,0.06,0.08,0,13.01
48891,1158,896.8,647.6,-0.20,0.10,0.22,0,14.48
48891,1159,884.7,655.6,-0.05,0.06,0.08,0,15.31
48950,1160,1443.0,720.0,0.00,0.00,0.00,0,12.01
48951,1160,1441.0,720.0,-0.05,0.00,0.05,0,7.47
48952,1160,1441.0,720.0,-0.05,0.00,0.05,0,9.52
48954,1160,1441.0,720.0,-0.05,0.00,0.05,0,13.27
48955,1160,1441.0,720.0,-0.05,0.00,0.05,0,15.48
49252,1161,283.0,925.0,0.00,0.00,0.00,0,12.01
49253,1161,283.0,925.0,0.00,0.00,0.00,0,7.47
49254,1161,283.0,925.0,0.00,0.00,0.00,0,9.52
49256,1161,283.0,925.0,0.00,0.00,0.00,0,13.32
49257,1161,283.0,925.0,0.00,0.00,0.00,0,15.46
49330,1162,575.0,1127.0,0.00,0.00,0.00,0,12.01
49331,1162,575.0,1127.0,0.00,0.00,0.00,0,7.48
49331,1163,564.0,1139.0,0.00,0.00,0.00,0,12.01
49332,1162,572.2,1130.1,-0.19,0.20,0.28,0,6.31
49334,1162,572.1,1130.1,-0.19,0.20,0.28,0,9.96
49335,1162,572.1,1130.1,-0.19,0.20,0.28,0,12.14
49336,1162,572.1,1130.2,-0.19,0.20,0.28,0,14.48
49367,1164,1023.0,970.0,0.00,0.00,0.00,0,12.01
49367,1165,1032.0,975.0,0.00,0.00,0.00,0,12.01
49369,1166,1041.0,979.0,0.00,0.00,0.00,0,12.01
49369,1167,1053.0,984.0,0.00,0.00,0.00,0,12.01
49370,1166,1044.3,980.6,0.08,0.04,0.08,0,7.47
49370,1167,1056.3,985.3,0.08,0.03,0.08,0,7.47
49371,1166,1048.8,982.3,0.36,0.14,0.39,0,6.30
49373,1166,1048.9,982.3,0.36,0.14,0.39,0,9.91
49374,1166,1048.9,982.3,0.36,0.14,0.39,0,12.12
49375,1166,1049.0,982.3,0.36,0.14,0.39,0,14.47
49478,1168,769.0,1169.0,0.00,0.00,0.00,0,12.01
49480,1170,793.0,1160.0,0.00,0.00,0.00,0,12.01
49480,1171,780.0,1165.0,0.00,0.00,0.00,0,12.01
49481,1170,792.3,1160.3,-0.02,0.01,0.02,0,7.47
49481,1171,787.5,1162.4,0.19,-0.07,0.20,0,7.47
49482,1170,794.8,1159.5,0.15,-0.05,0.15,0,6.31
49484,1170,794.9,1159.5,0.15,-0.05,0.15,0,9.97
49485,1170,794.9,1159.5,0.15,-0.05,0.15,0,12.13
49486,1170,794.9,1159.5,0.15,-0.05,0.15,0,14.47
49518,1172,888.0,844.0,0.00,0.00,0.00,0,12.01
49519,1172,888.0,843.7,0.00,-0.01,0.01,0,7.48
49520,1172,888.0,843.7,0.00,-0.01,0.01,0,9.51
49522,1172,888.0,843.7,0.00,-0.01,0.01,0,13.27
49523,1172,888.0,843.7,0.00,-0.01,0.01,0,15.45
49628,1173,1542.0,760.0,0.00,0.00,0.00,0,12.01
49629,1173,1539.7,761.0,-0.06,0.02,0.06,0,7.48
49630,1173,1537.7,761.5,-0.19,0.06,0.20,0,6.30
49632,1173,1537.7,761.5,-0.19,0.06,0.20,0,9.95
49633,1173,1537.7,761.5,-0.19,0.06,0.20,0,12.13
49634,1173,1537.7,761.5,-0.19,0.06,0.20,0,14.47
49907,1174,790.0,1258.0,0.00,0.00,0.00,0,12.01
49909,1177,777.0,1234.0,0.00,0.00,0.00,0,12.01
49910,1177,777.0,1234.0,0.00,0.00,0.00,0,14.04
49911,1177,777.0,1234.0,0.00,0.00,0.00,0,16.09
49913,1177,777.0,1234.0,0.00,0.00,0.00,0,19.96
50002,1180,801.0,1387.0,0.00,0.00,0.00,0,12.01
50002,1181,793.0,1391.0,0.00,0.00,0.00,0,12.01
50003,1180,801.0,1387.0,0.00,0.00,0.00,0,14.04
50003,1181,793.0,1391.0,0.00,0.00,0.00,0,14.04
50004,1180,801.0,1387.0,0.00,0.00,0.00,0,16.09
50006,1180,801.0,1387.0,0.00,0.00,0.00,0,19.92
50039,1183,1156.0,819.0,0.00,0.00,0.00,0,12.01
50041,1185,1185.0,813.0,0.00,0.00,0.00,0,12.01
50041,1186,1172.0,814.0,0.00,0.00,0.00,0,12.01
50042,1185,1185.0,813.0,0.00,0.00,0.00,0,7.47
50042,1186,1181.2,813.3,0.21,-0.02,0.21,0,7.47
50043,1185,1188.1,812.7,0.20,-0.02,0.20,0,6.30
50045,1185,1188.1,812.7,0.20,-0.02,0.20,0,9.95
50046,1185,1188.1,812.7,0.20,-0.02,0.20,0,12.10
50047,1185,1188.1,812.7,0.20,-0.02,0.20,0,14.44
50220,1188,452.0,1145.0,0.00,0.00,0.00,0,12.01
50221,1188,452.0,1145.0,0.00,0.00,0.00,0,7.48
50221,1189,468.0,1141.0,0.00,0.00,0.00,0,12.01
50222,1188,456.1,1144.0,0.27,-0.07,0.28,0,6.31
50222,1189,468.0,1141.0,0.00,0.00,0.00,0,14.04
50224,1188,456.2,1144.0,0.27,-0.07,0.28,0,9.97
50224,1189,468.0,1141.0,0.00,0.00,0.00,0,17.52
50225,1188,456.2,1144.0,0.27,-0.07,0.28,0,12.12
50225,1189,468.0,1141.0,0.00,0.00,0.00,0,19.65
50226,1188,456.2,1143.9,0.27,-0.07,0.28,0,14.46
50322,1190,959.0,659.0,0.00,0.00,0.00,0,12.01
50323,1190,959.0,659.0,0.00,0.00,0.00,0,14.04
50323,1191,1425.0,1202.0,0.00,0.00,0.00,0,12.01
50324,1190,959.0,659.0,0.00,0.00,0.00,0,16.08
50324,1191,1425.3,1201.7,0.01,-0.01,0.01,0,7.47
50324,1192,1414.0,1204.0,0.00,0.00,0.00,0,12.01
50326,1190,959.0,659.0,0.00,0.00,0.00,0,20.00
50326,1191,1425.3,1201.7,0.01,-0.01,0.01,0,10.89
50326,1192,1414.0,1204.0,0.00,0.00,0.00,0,15.15
50327,1191,1425.3,1201.7,0.01,-0.01,0.01,0,12.99
50327,1192,1414.0,1204.0,0.00,0.00,0.00,0,17.23
50328,1191,1425.3,1201.7,0.01,-0.01,0.01,0,15.29
50328,1192,1414.0,1204.0,0.00,0.00,0.00,0,19.48
50977,1193,1059.0,1372.0,0.00,0.00,0.00,0,12.01
50978,1193,1059.0,1372.0,0.00,0.00,0.00,0,14.03
50979,1193,1059.0,1372.0,0.00,0.00,0.00,0,16.09
50981,1193,1059.0,1372.0,0.00,0.00,0.00,0,19.98
51095,1195,508.0,1208.0,0.00,0.00,0.00,0,12.01
51095,1196,526.0,1215.0,0.00,0.00,0.00,0,12.01
51097,1197,483.0,1204.0,0.00,0.00,0.00,0,12.01
51097,1198,496.0,1206.0,0.00,0.00,0.00,0,12.01
51098,1197,484.3,1204.3,0.03,0.01,0.03,0,7.47
51098,1198,496.0,1206.0,0.00,0.00,0.00,0,14.04
51099,1197,484.3,1204.3,0.03,0.01,0.03,0,9.51
51101,1197,484.3,1204.3,0.03,0.01,0.03,0,13.26
51102,1197,484.3,1204.3,0.03,0.01,0.03,0,15.46
51197,1199,955.0,619.0,0.00,0.00,0.00,0,12.01
51198,1199,955.3,620.3,0.01,0.03,0.03,0,7.47
51199,1199,955.3,620.3,0.01,0.03,0.03,0,9.52
51201,1199,955.3,620.3,0.01,0.03,0.03,0,13.31
51202,1199,955.3,620.3,0.01,0.03,0.03,0,15.47
51353,1200,995.0,1425.0,0.00,0.00,0.00,0,12.01
51355,1202,1004.0,1413.0,0.00,0.00,0.00,0,12.01
51356,1202,1004.0,1413.0,0.00,0.00,0.00,0,14.04
51357,1202,1004.0,1413.7,0.00,0.03,0.03,0,7.87
51359,1202,1004.0,1413.7,0.00,0.03,0.03,0,11.52
51360,1202,1004.0,1413.7,0.00,0.03,0.03,0,13.67
51361,1202,1004.0,1413.7,0.00,0.03,0.03,0,16.02
51482,1204,701.0,1013.0,0.00,0.00,0.00,0,12.01
51483,1204,701.7,1014.0,0.02,0.02,0.03,0,7.48
51484,1204,701.7,1016.3,0.02,0.18,0.18,0,6.31
51486,1204,701.8,1016.4,0.02,0.18,0.18,0,9.97
51487,1204,701.8,1016.4,0.02,0.18,0.18,0,12.12
51488,1204,701.8,1016.4,0.02,0.18,0.18,0,14.52
51580,1205,1129.0,884.0,0.00,0.00,0.00,0,12.01
51580,1206,1123.0,898.0,0.00,0.00,0.00,0,12.01
51581,1205,1129.0,884.0,0.00,0.00,0.00,0,14.04
51581,1206,1123.0,898.0,0.00,0.00,0.00,0,14.04
51582,1205,1129.0,884.0,0.00,0.00,0.00,0,16.09
51584,1205,1129.0,884.0,0.00,0.00,0.00,0,19.94
51655,1207,1222.0,1392.0,0.00,0.00,0.00,0,12.01
51656,1207,1222.0,1392.0,0.00,0.00,0.00,0,14.04
51657,1207,1222.0,1392.0,0.00,0.00,0.00,0,16.09
51659,1207,1222.0,1392.0,0.00,0.00,0.00,0,19.95
51731,1208,1069.0,1379.0,0.00,0.00,0.00,0,12.01
51733,1210,1083.0,1376.0,0.00,0.00,0.00,0,12.01
51733,1211,1097.0,1377.0,0.00,0.00,0.00,0,12.01
51734,1210,1087.6,1376.3,0.11,0.01,0.11,0,7.48
51734,1211,1097.0,1377.0,0.00,0.00,0.00,0,14.04
51735,1210,1095.9,1378.6,0.66,0.16,0.68,0,6.31
51737,1210,1096.1,1378.6,0.66,0.16,0.68,0,9.97
51738,1210,1096.1,1378.6,0.66,0.16,0.68,0,12.14
51739,1210,1096.1,1378.6,0.66,0.16,0.68,0,14.48
51774,1212,802.0,1152.0,0.00,0.00,0.00,0,12.01
51775,1212,801.7,1151.7,-0.01,-0.01,0.01,0,7.50
51776,1212,801.7,1151.7,-0.01,-0.01,0.01,0,9.55
51778,1212,801.7,1151.7,-0.01,-0.01,0.01,0,13.38
51779,1212,801.7,1151.7,-0.01,-0.01,0.01,0,15.42
52249,1213,466.0,1179.0,0.00,0.00,0.00,0,12.01
52250,1213,465.3,1182.3,-0.02,0.08,0.08,0,7.47
52250,1214,473.0,1129.0,0.00,0.00,0.00,0,12.01
52250,1215,475.0,1184.0,0.00,0.00,0.00,0,12.01
52251,1213,469.4,1174.0,0.24,-0.45,0.51,0,6.31
52253,1213,469.4,1173.9,0.24,-0.45,0.51,0,9.95
52254,1213,469.4,1173.8,0.24,-0.45,0.51,0,12.12
52255,1213,469.5,1173.8,0.24,-0.45,0.51,0,14.52
52480,1217,1051.0,1079.0,0.00,0.00,0.00,0,12.01
52481,1217,1051.0,1079.0,0.00,0.00,0.00,0,14.04
52482,1217,1051.0,1079.0,0.00,0.00,0.00,0,16.09
52484,1217,1051.0,1079.0,0.00,0.00,0.00,0,19.96
52847,1218,1442.0,969.0,0.00,0.00,0.00,0,12.01
52848,1218,1442.0,969.3,0.00,0.01,0.01,0,7.47
52849,1218,1442.0,969.3,0.00,0.01,0.01,0,9.52
52851,1218,1442.0,969.3,0.00,0.01,0.01,0,13.28
52852,1218,1442.0,969.3,0.00,0.01,0.01,0,15.46
52885,1221,893.0,843.0,0.00,0.00,0.00,0,12.03
52885,1222,899.0,842.0,0.00,0.00,0.00,0,12.03
52886,1221,893.0,843.0,0.00,0.00,0.00,0,14.06
52886,1222,899.0,842.0,0.00,0.00,0.00,0,14.06
52887,1221,893.0,843.0,0.00,0.00,0.00,0,16.09
52889,1221,893.0,843.0,0.00,0.00,0.00,0,19.84
52922,1224,1449.0,603.0,0.00,0.00,0.00,0,12.01
52922,1225,1459.0,607.0,0.00,0.00,0.00,0,12.01
52925,1226,1487.0,625.0,0.00,0.00,0.00,0,12.00
52927,1228,1495.0,635.0,0.00,0.00,0.00,0,12.01
52927,1229,1501.0,647.0,0.00,0.00,0.00,0,12.01
52928,1228,1496.6,638.6,0.04,0.09,0.10,0,7.47
52928,1229,1502.6,651.3,0.04,0.11,0.11,0,7.47
52929,1228,1499.3,644.4,0.20,0.44,0.49,0,6.31
52931,1228,1499.4,644.5,0.20,0.44,0.49,0,9.99
52932,1228,1499.4,644.5,0.20,0.44,0.49,0,12.13
52933,1228,1499.4,644.5,0.20,0.44,0.49,0,14.47
53050,1230,405.0,905.0,0.00,0.00,0.00,0,12.01
53051,1230,405.0,905.0,0.00,0.00,0.00,0,7.48
53052,1230,406.5,901.9,0.10,-0.20,0.23,0,6.31
53054,1230,406.6,901.9,0.10,-0.20,0.23,0,9.97
53055,1230,406.6,901.9,0.10,-0.20,0.23,0,12.12
53056,1230,406.6,901.8,0.10,-0.20,0.23,0,14.46
53233,1233,455.0,1061.0,0.00,0.00,0.00,0,12.01
53233,1234,458.0,1067.0,0.00,0.00,0.00,0,12.01
53234,1233,455.0,1061.0,0.00,0.00,0.00,0,7.47
53234,1234,460.0,1072.2,0.05,0.13,0.14,0,7.47
53235,1233,457.1,1066.4,0.13,0.34,0.37,0,6.31
53237,1233,457.1,1066.5,0.13,0.34,0.37,0,9.95
53238,1233,457.1,1066.5,0.13,0.34,0.37,0,12.14
53239,1233,457.1,1066.5,0.13,0.34,0.37,0,14.48
53517,1235,802.0,890.0,0.00,0.00,0.00,0,12.01
53518,1235,798.4,890.3,-0.09,0.01,0.09,0,7.47
53519,1235,798.4,890.3,-0.09,0.01,0.09,0,9.52
53519,1236,852.0,888.0,0.00,0.00,0.00,0,12.01
53519,1237,849.0,895.0,0.00,0.00,0.00,0,12.01
53521,1235,798.4,890.3,-0.09,0.01,0.09,0,13.28
53521,1236,852.0,888.0,0.00,0.00,0.00,0,15.12
53521,1237,849.0,895.0,0.00,0.00,0.00,0,15.12
53522,1235,798.4,890.3,-0.09,0.01,0.09,0,15.46
53522,1236,852.0,888.0,0.00,0.00,0.00,0,17.25
53522,1237,849.0,895.0,0.00,0.00,0.00,0,17.25
53523,1236,852.0,888.0,0.00,0.00,0.00,0,19.53
53523,1237,849.0,895.0,0.00,0.00,0.00,0,19.53
53726,1238,464.0,602.0,0.00,0.00,0.00,0,12.01
53728,1242,538.0,624.0,0.00,0.00,0.00,0,12.01
53729,1242,538.0,624.0,0.00,0.00,0.00,0,14.04
53730,1242,538.0,624.0,0.00,0.00,0.00,0,16.09
53732,1242,538.0,624.0,0.00,0.00,0.00,0,19.97
54354,1244,479.0,1167.0,0.00,0.00,0.00,0,12.01
54355,1244,472.1,1174.2,-0.17,0.18,0.24,0,7.47
54356,1244,469.0,1177.2,-0.37,0.37,0.52,0,6.31
54358,1244,468.9,1177.3,-0.37,0.37,0.52,0,9.97
54359,1244,468.9,1177.4,-0.37,0.37,0.52,0,12.14
54360,1244,468.9,1177.4,-0.37,0.37,0.52,0,14.49
54394,1245,397.0,1138.0,0.00,0.00,0.00,0,12.00
54395,1245,396.7,1138.3,-0.00,0.00,0.01,0,7.47
54395,1246,410.0,1122.0,0.00,0.00,0.00,0,12.01
54396,1245,399.6,1134.6,0.15,-0.19,0.24,0,6.30
54398,1245,399.6,1134.6,0.15,-0.19,0.24,0,9.95
54399,1245,399.6,1134.6,0.15,-0.19,0.24,0,12.11
54400,1245,399.6,1134.6,0.15,-0.19,0.24,0,14.51
54431,1247,1112.0,1018.0,0.00,0.00,0.00,0,12.01
54433,1250,394.0,651.0,0.00,0.00,0.00,0,12.00
54433,1251,1125.0,1019.0,0.00,0.00,0.00,0,12.00
54434,1250,394.0,651.0,0.00,0.00,0.00,0,14.02
54434,1251,1124.3,1018.7,-0.01,-0.00,0.01,0,7.46
54434,1252,456.0,649.0,0.00,0.00,0.00,0,12.01
54434,1253,456.0,656.0,0.00,0.00,0.00,0,12.01
54434,1254,1108.0,1016.0,0.00,0.00,0.00,0,12.01
54435,1251,1120.7,1018.0,-0.18,-0.04,0.18,0,6.30
54435,1250,394.0,651.0,0.00,0.00,0.00,0,16.05
54437,1251,1120.6,1018.0,-0.18,-0.04,0.18,0,9.94
54437,1250,394.0,651.0,0.00,0.00,0.00,0,19.82
54438,1251,1120.6,1018.0,-0.18,-0.04,0.18,0,12.08
54439,1251,1120.6,1018.0,-0.18,-0.04,0.18,0,14.42
54504,1255,1411.0,484.0,0.00,0.00,0.00,0,12.01
54505,1255,1411.0,484.0,0.00,0.00,0.00,0,14.04
54506,1255,1411.0,484.0,0.00,0.00,0.00,0,16.09
54508,1255,1411.0,484.0,0.00,0.00,0.00,0,19.97
54552,1256,509.0,1231.0,0.00,0.00,0.00,0,12.01
54553,1256,509.0,1231.0,0.00,0.00,0.00,0,14.04
54554,1256,510.8,1231.7,0.08,0.03,0.09,0,7.87
54556,1256,510.8,1231.7,0.08,0.03,0.09,0,11.61
54557,1256,510.8,1231.7,0.08,0.03,0.09,0,13.66
54558,1256,510.8,1231.7,0.08,0.03,0.09,0,16.01
54590,1257,1338.0,467.0,0.00,0.00,0.00,0,12.02
54591,1257,1337.7,466.3,-0.01,-0.03,0.03,0,7.48
54592,1257,1337.8,467.5,-0.01,0.06,0.06,0,6.29
54592,1258,1337.0,479.0,0.00,0.00,0.00,0,12.00
54594,1257,1337.8,467.6,-0.01,0.06,0.06,0,9.80
54594,1258,1337.0,479.0,0.00,0.00,0.00,0,15.01
54595,1257,1337.8,467.6,-0.01,0.06,0.06,0,11.99
54595,1258,1337.0,479.0,0.00,0.00,0.00,0,17.14
54596,1257,1337.8,467.6,-0.01,0.06,0.06,0,14.38
54596,1258,1337.0,479.0,0.00,0.00,0.00,0,19.42
54647,1259,463.0,844.0,0.00,0.00,0.00,0,12.01
54648,1259,463.0,844.0,0.00,0.00,0.00,0,14.04
54649,1259,463.0,844.0,0.00,0.00,0.00,0,16.09
54651,1259,463.0,844.0,0.00,0.00,0.00,0,19.97
54684,1260,421.0,1118.0,0.00,0.00,0.00,0,12.01
54685,1260,423.0,1117.0,0.05,-0.02,0.05,0,7.50
54686,1260,425.3,1116.0,0.28,-0.13,0.31,0,6.32
54688,1260,425.4,1115.9,0.28,-0.13,0.31,0,9.96
54689,1260,425.4,1115.9,0.28,-0.13,0.31,0,11.99
54690,1260,425.4,1115.9,0.28,-0.13,0.31,0,14.32
54721,1261,793.0,1163.0,0.00,0.00,0.00,0,12.01
54722,1261,794.3,1163.7,0.03,0.02,0.04,0,7.49
54723,1261,796.3,1165.3,0.20,0.15,0.25,0,6.31
54725,1261,796.3,1165.3,0.20,0.15,0.25,0,9.92
54726,1261,796.3,1165.3,0.20,0.15,0.25,0,12.07
54727,1261,796.4,1165.3,0.20,0.15,0.25,0,14.41
54843,1262,687.0,841.0,0.00,0.00,0.00,0,12.01
54844,1262,688.0,845.3,0.02,0.10,0.11,0,7.47
54845,1262,688.5,846.2,0.06,0.17,0.18,0,6.31
54845,1263,696.0,871.0,0.00,0.00,0.00,0,12.01
54847,1262,688.5,846.3,0.06,0.17,0.18,0,9.98
54847,1263,696.0,871.0,0.00,0.00,0.00,0,15.14
54848,1262,688.5,846.3,0.06,0.17,0.18,0,12.13
54848,1263,696.0,871.0,0.00,0.00,0.00,0,17.24
54849,1262,688.5,846.3,0.06,0.17,0.18,0,14.52
54849,1263,696.0,871.0,0.00,0.00,0.00,0,19.53
55022,1264,985.0,665.0,0.00,0.00,0.00,0,12.01
55023,1264,985.0,665.0,0.00,0.00,0.00,0,7.47
55024,1264,985.0,665.0,0.00,0.00,0.00,0,9.52
55024,1265,1052.0,684.0,0.00,0.00,0.00,0,12.01
55026,1264,985.0,665.0,0.00,0.00,0.00,0,13.32
55026,1265,1052.0,684.0,0.00,0.00,0.00,0,15.15
55027,1264,985.0,665.0,0.00,0.00,0.00,0,15.46
55027,1265,1052.0,684.0,0.00,0.00,0.00,0,17.24
55028,1265,1052.0,684.0,0.00,0.00,0.00,0,19.50
55188,1266,1165.0,1100.0,0.00,0.00,0.00,0,12.01
55189,1266,1165.3,1100.3,0.01,0.01,0.01,0,7.47
55189,1267,1159.0,1093.0,0.00,0.00,0.00,0,12.01
55190,1266,1163.4,1097.7,-0.11,-0.16,0.19,0,6.31
55190,1267,1159.0,1093.0,0.00,0.00,0.00,0,14.04
55192,1266,1163.4,1097.6,-0.11,-0.16,0.19,0,9.97
55192,1267,1159.0,1093.0,0.00,0.00,0.00,0,17.52
55193,1266,1163.4,1097.6,-0.11,-0.16,0.19,0,12.14
55193,1267,1159.0,1093.0,0.00,0.00,0.00,0,19.66
55194,1266,1163.4,1097.6,-0.11,-0.16,0.19,0,14.54
55232,1268,1023.0,855.0,0.00,0.00,0.00,0,12.01
55233,1268,1011.5,857.6,-0.28,0.06,0.29,0,7.47
55234,1268,1006.2,859.0,-0.63,0.16,0.65,0,6.30
55234,1269,990.0,851.0,0.00,0.00,0.00,0,12.01
55236,1268,1006.1,859.0,-0.63,0.16,0.65,0,9.91
55236,1269,990.0,851.0,0.00,0.00,0.00,0,15.09
55237,1268,1006.1,859.1,-0.63,0.16,0.65,0,12.13
55237,1269,990.0,851.0,0.00,0.00,0.00,0,17.24
55238,1268,1006.0,859.1,-0.63,0.16,0.65,0,14.47
55238,1269,990.0,851.0,0.00,0.00,0.00,0,19.49
55269,1270,571.0,641.0,0.00,0.00,0.00,0,12.01
55270,1270,571.0,641.0,0.00,0.00,0.00,0,14.08
55271,1270,571.0,641.0,0.00,0.00,0.00,0,16.13
55273,1270,571.0,641.0,0.00,0.00,0.00,0,20.06
55633,1271,1546.0,645.0,0.00,0.00,0.00,0,12.01
55634,1271,1546.3,645.0,0.01,0.00,0.01,0,7.47
55634,1272,1537.0,643.0,0.00,0.00,0.00,0,12.01
55635,1271,1544.4,644.7,-0.11,-0.02,0.12,0,6.31
55637,1271,1544.4,644.7,-0.11,-0.02,0.12,0,10.00
55638,1271,1544.4,644.7,-0.11,-0.02,0.12,0,12.12
55639,1271,1544.4,644.7,-0.11,-0.02,0.12,0,14.52
55693,1273,780.0,1417.0,0.00,0.00,0.00,0,12.01
55694,1273,780.3,1415.0,0.01,-0.05,0.05,0,7.47
55694,1274,814.0,1323.0,0.00,0.00,0.00,0,12.01
55695,1273,780.2,1414.5,0.00,-0.08,0.08,0,6.31
55697,1273,780.2,1414.5,0.00,-0.08,0.08,0,10.01
55698,1273,780.2,1414.5,0.00,-0.08,0.08,0,12.12
55699,1273,780.2,1414.5,0.00,-0.08,0.08,0,14.47
55790,1277,796.0,698.0,0.00,0.00,0.00,0,12.01
55791,1277,796.0,698.0,0.00,0.00,0.00,0,14.04
55792,1277,796.0,698.0,0.00,0.00,0.00,0,16.09
55794,1277,796.0,698.0,0.00,0.00,0.00,0,20.01
55851,1278,1386.0,1184.0,0.00,0.00,0.00,0,12.01
55852,1278,1386.0,1184.0,0.00,0.00,0.00,0,14.04
55853,1278,1386.0,1184.0,0.00,0.00,0.00,0,16.09
55855,1278,1386.0,1184.0,0.00,0.00,0.00,0,19.96
56142,1279,1071.0,1417.0,0.00,0.00,0.00,0,12.01
56143,1279,1070.7,1417.0,-0.01,0.00,0.01,0,7.48
56143,1280,1075.0,1402.0,0.00,0.00,0.00,0,12.01
56144,1279,1071.5,1413.1,0.05,-0.25,0.26,0,6.31
56144,1280,1077.3,1396.4,0.06,-0.14,0.15,0,7.48
56146,1279,1071.5,1413.1,0.05,-0.25,0.26,0,9.98
56146,1280,1077.3,1396.4,0.06,-0.14,0.15,0,10.88
56147,1279,1071.5,1413.1,0.05,-0.25,0.26,0,12.13
56147,1280,1077.3,1396.4,0.06,-0.14,0.15,0,13.01
56148,1279,1071.5,1413.1,0.05,-0.25,0.26,0,14.48
56148,1280,1077.3,1396.4,0.06,-0.14,0.15,0,15.30
56196,1281,576.0,972.0,0.00,0.00,0.00,0,12.01
56197,1281,576.0,972.0,0.00,0.00,0.00,0,7.48
56197,1282,592.0,973.0,0.00,0.00,0.00,0,12.01
56198,1281,579.6,972.3,0.24,0.02,0.24,0,6.31
56198,1282,596.9,973.7,0.13,0.02,0.13,0,7.48
56200,1281,579.7,972.3,0.24,0.02,0.24,0,9.99
56200,1282,597.0,973.7,0.13,0.02,0.13,0,10.88
56201,1281,579.7,972.3,0.24,0.02,0.24,0,12.13
56201,1282,597.0,973.7,0.13,0.02,0.13,0,13.00
56202,1281,579.7,972.3,0.24,0.02,0.24,0,14.47
56202,1282,597.0,973.7,0.13,0.02,0.13,0,15.30
56243,1283,1083.0,850.0,0.00,0.00,0.00,0,12.01
56243,1284,1054.0,854.0,0.00,0.00,0.00,0,12.01
56245,1285,1106.0,855.0,0.00,0.00,0.00,0,12.01
56245,1286,1125.0,865.0,0.00,0.00,0.00,0,12.01
56246,1285,1111.6,857.9,0.14,0.07,0.16,0,7.47
56246,1286,1130.2,869.6,0.13,0.12,0.18,0,7.47
56247,1285,1119.1,863.1,0.63,0.41,0.75,0,6.31
56247,1286,1136.6,875.6,0.55,0.51,0.75,0,6.31
56249,1285,1119.3,863.2,0.63,0.41,0.75,0,9.96
56249,1286,1136.8,875.8,0.55,0.51,0.75,0,9.96
56250,1285,1119.3,863.2,0.63,0.41,0.75,0,12.13
56250,1286,1136.8,875.8,0.55,0.51,0.75,0,12.13
56251,1285,1119.3,863.2,0.63,0.41,0.75,0,14.47
56251,1286,1136.8,875.8,0.55,0.51,0.75,0,14.47
56298,1287,893.0,1288.0,0.00,0.00,0.00,0,12.01
56299,1287,893.0,1288.3,0.00,0.01,0.01,0,7.48
56299,1288,885.0,1269.0,0.00,0.00,0.00,0,12.01
56300,1287,890.9,1283.1,-0.14,-0.34,0.37,0,6.30
56300,1288,883.0,1262.1,-0.05,-0.18,0.19,0,7.47
56302,1287,890.9,1283.0,-0.14,-0.34,0.37,0,9.96
56302,1288,883.0,1262.1,-0.05,-0.18,0.19,0,10.86
56303,1287,890.9,1283.0,-0.14,-0.34,0.37,0,12.13
56303,1288,883.0,1262.1,-0.05,-0.18,0.19,0,13.01
56304,1287,890.9,1283.0,-0.14,-0.34,0.37,0,14.54
56304,1288,883.0,1262.1,-0.05,-0.18,0.19,0,15.36
56340,1289,793.0,1397.0,0.00,0.00,0.00,0,12.01
56341,1289,795.0,1400.3,0.05,0.08,0.10,0,7.47
56342,1289,795.7,1401.8,0.10,0.18,0.21,0,6.31
56342,1290,385.0,511.0,0.00,0.00,0.00,0,12.01
56342,1291,804.0,1414.0,0.00,0.00,0.00,0,12.01
56344,1289,795.8,1401.8,0.10,0.18,0.21,0,9.97
56344,1290,385.0,511.0,0.00,0.00,0.00,0,15.13
56344,1291,804.0,1414.0,0.00,0.00,0.00,0,15.13
56345,1289,795.8,1401.8,0.10,0.18,0.21,0,12.13
56345,1290,385.0,511.0,0.00,0.00,0.00,0,17.24
56345,1291,804.0,1414.0,0.00,0.00,0.00,0,17.24
56346,1289,795.8,1401.8,0.10,0.18,0.21,0,14.47
56346,1290,385.0,511.0,0.00,0.00,0.00,0,19.49
56346,1291,804.0,1414.0,0.00,0.00,0.00,0,19.49
56377,1292,1437.0,1133.0,0.00,0.00,0.00,0,12.01
56377,1293,1440.0,1147.0,0.00,0.00,0.00,0,12.01
56378,1292,1438.0,1137.3,0.02,0.10,0.11,0,7.48
56378,1293,1440.3,1150.6,0.01,0.09,0.09,0,7.48
56379,1292,1438.8,1142.3,0.08,0.46,0.46,0,6.30
56381,1292,1438.8,1142.5,0.08,0.46,0.46,0,9.99
56382,1292,1438.8,1142.5,0.08,0.46,0.46,0,12.11
56383,1292,1438.8,1142.5,0.08,0.46,0.46,0,14.46
56490,1294,846.0,844.0,0.00,0.00,0.00,0,12.01
56491,1294,854.2,853.8,0.20,0.25,0.32,0,7.47
56492,1294,858.3,858.5,0.46,0.54,0.71,0,6.31
56492,1295,881.0,887.0,0.00,0.00,0.00,0,12.01
56494,1294,858.4,858.7,0.46,0.54,0.71,0,9.96
56494,1295,881.0,887.0,0.00,0.00,0.00,0,15.13
56495,1294,858.4,858.7,0.46,0.54,0.71,0,12.14
56495,1295,881.0,887.0,0.00,0.00,0.00,0,17.25
56496,1294,858.4,858.7,0.46,0.54,0.71,0,14.55
56496,1295,881.0,887.0,0.00,0.00,0.00,0,19.55
56527,1296,1290.0,454.0,0.00,0.00,0.00,0,12.01
56527,1297,1158.0,1312.0,0.00,0.00,0.00,0,12.01
56528,1296,1290.0,454.0,0.00,0.00,0.00,0,14.09
56528,1297,1158.0,1312.0,0.00,0.00,0.00,0,7.52
56528,1298,1144.0,1303.0,0.00,0.00,0.00,0,12.04
56529,1297,1154.6,1309.7,-0.39,-0.27,0.47,0,6.32
56529,1296,1290.0,454.0,0.00,0.00,0.00,0,16.15
56531,1297,1154.5,1309.6,-0.39,-0.27,0.47,0,10.06
56531,1296,1290.0,454.0,0.00,0.00,0.00,0,20.20
56532,1297,1154.5,1309.6,-0.39,-0.27,0.47,0,12.27
56533,1297,1154.5,1309.6,-0.39,-0.27,0.47,0,14.69
56680,1299,539.0,939.0,0.00,0.00,0.00,0,12.01
56681,1299,539.0,939.0,0.00,0.00,0.00,0,14.04
56681,1300,786.0,216.0,0.00,0.00,0.00,0,12.01
56682,1299,539.0,939.0,0.00,0.00,0.00,0,16.09
56684,1299,539.0,939.0,0.00,0.00,0.00,0,19.98
56718,1301,788.0,762.0,0.00,0.00,0.00,0,12.04
56719,1301,787.7,762.3,-0.02,0.02,0.02,0,7.48
56719,1302,808.0,754.0,0.00,0.00,0.00,0,12.01
56720,1301,792.1,760.7,0.32,-0.11,0.34,0,6.30
56720,1302,808.0,754.0,0.00,0.00,0.00,0,14.02
56722,1301,792.2,760.7,0.32,-0.11,0.34,0,9.80
56722,1302,808.0,754.0,0.00,0.00,0.00,0,17.31
56723,1301,792.2,760.7,0.32,-0.11,0.34,0,11.91
56723,1302,808.0,754.0,0.00,0.00,0.00,0,19.41
56724,1301,792.2,760.7,0.32,-0.11,0.34,0,14.29
56759,1303,1324.0,1078.0,0.00,0.00,0.00,0,12.01
56761,1308,1126.0,436.0,0.00,0.00,0.00,0,12.01
56761,1309,1129.0,457.0,0.00,0.00,0.00,0,12.01
56761,1310,647.0,981.0,0.00,0.00,0.00,0,12.01
56762,1308,1127.3,442.9,0.03,0.17,0.17,0,7.47
56762,1309,1130.0,464.9,0.02,0.20,0.20,0,7.47
56762,1310,647.0,981.0,0.00,0.00,0.00,0,14.04
56762,1311,1380.0,1092.0,0.00,0.00,0.00,0,12.01
56763,1308,1128.5,452.4,0.11,0.80,0.81,0,6.31
56763,1309,1130.8,474.9,0.08,0.86,0.86,0,6.31
56763,1310,647.0,981.0,0.00,0.00,0.00,0,16.09
56765,1308,1128.5,452.7,0.11,0.80,0.81,0,9.95
56765,1309,1130.8,475.2,0.08,0.86,0.86,0,9.95
56765,1310,647.0,981.0,0.00,0.00,0.00,0,19.94
56766,1308,1128.6,452.7,0.11,0.80,0.81,0,12.12
56766,1309,1130.8,475.2,0.08,0.86,0.86,0,12.12
56767,1308,1128.6,452.7,0.11,0.80,0.81,0,14.52
56767,1309,1130.8,475.2,0.08,0.86,0.86,0,14.52
56871,1313,772.0,1378.0,0.00,0.00,0.00,0,12.01
56872,1313,771.7,1378.0,-0.01,0.00,0.01,0,7.48
56872,1314,786.0,1372.0,0.00,0.00,0.00,0,12.01
56873,1313,774.6,1377.2,0.18,-0.05,0.19,0,6.31
56873,1314,786.3,1370.0,0.01,-0.05,0.05,0,7.48
56875,1313,774.6,1377.2,0.18,-0.05,0.19,0,10.00
56875,1314,786.3,1370.0,0.01,-0.05,0.05,0,10.89
56876,1313,774.6,1377.2,0.18,-0.05,0.19,0,12.12
56876,1314,786.3,1370.0,0.01,-0.05,0.05,0,12.99
56877,1313,774.6,1377.2,0.18,-0.05,0.19,0,14.46
56877,1314,786.3,1370.0,0.01,-0.05,0.05,0,15.29
56927,1315,1497.0,600.0,0.00,0.00,0.00,0,12.01
56928,1315,1497.0,600.0,0.00,0.00,0.00,0,14.04
56929,1315,1497.0,600.0,0.00,0.00,0.00,0,16.09
56931,1315,1497.0,600.0,0.00,0.00,0.00,0,19.99
57012,1316,1068.0,1345.0,0.00,0.00,0.00,0,12.01
57013,1316,1068.0,1345.0,0.00,0.00,0.00,0,7.47
57013,1317,1056.0,1350.0,0.00,0.00,0.00,0,12.01
57014,1316,1065.2,1345.8,-0.18,0.05,0.19,0,6.30
57014,1317,1055.0,1352.3,-0.02,0.06,0.06,0,7.47
57016,1316,1065.1,1345.8,-0.18,0.05,0.19,0,9.97
57016,1317,1055.0,1352.3,-0.02,0.06,0.06,0,10.87
57017,1316,1065.1,1345.8,-0.18,0.05,0.19,0,12.11
57017,1317,1055.0,1352.3,-0.02,0.06,0.06,0,12.99
57018,1316,1065.1,1345.8,-0.18,0.05,0.19,0,14.51
57018,1317,1055.0,1352.3,-0.02,0.06,0.06,0,15.33
57076,1320,937.0,1390.0,0.00,0.00,0.00,0,12.01
57077,1320,936.7,1390.0,-0.01,0.00,0.01,0,7.47
57078,1320,941.4,1389.2,0.29,-0.05,0.29,0,6.31
57080,1320,941.5,1389.2,0.29,-0.05,0.29,0,9.95
57081,1320,941.5,1389.2,0.29,-0.05,0.29,0,12.13
57082,1320,941.5,1389.2,0.29,-0.05,0.29,0,14.53
57113,1321,549.0,326.0,0.00,0.00,0.00,0,12.01
57113,1322,538.0,337.0,0.00,0.00,0.00,0,12.01
57115,1323,529.0,347.0,0.00,0.00,0.00,0,12.01
57115,1324,518.0,361.0,0.00,0.00,0.00,0,12.01
57116,1323,525.1,351.6,-0.09,0.11,0.15,0,7.47
57116,1324,514.4,365.6,-0.09,0.11,0.14,0,7.47
57117,1323,525.1,351.6,-0.09,0.11,0.15,0,9.51
57119,1323,525.0,351.6,-0.09,0.11,0.15,0,13.31
57120,1323,525.0,351.6,-0.09,0.11,0.15,0,15.43
57152,1325,1097.0,449.0,0.00,0.00,0.00,0,12.01
57152,1326,1099.0,461.0,0.00,0.00,0.00,0,12.01
57152,1327,650.0,1002.0,0.00,0.00,0.00,0,12.01
57152,1328,653.0,1019.0,0.00,0.00,0.00,0,12.01
57154,1329,646.0,971.0,0.00,0.00,0.00,0,12.01
57154,1330,648.0,986.0,0.00,0.00,0.00,0,12.01
57155,1329,646.0,971.0,0.00,0.00,0.00,0,7.46
57155,1330,647.3,975.2,-0.01,-0.21,0.21,0,7.46
57155,1331,1101.0,525.0,0.00,0.00,0.00,0,12.00
57155,1332,1103.0,535.0,0.00,0.00,0.00,0,12.00
57156,1329,646.0,966.6,0.00,-0.20,0.20,0,6.29
57158,1329,646.0,966.6,0.00,-0.20,0.20,0,9.91
57159,1329,646.0,966.6,0.00,-0.20,0.20,0,12.03
57160,1329,646.0,966.6,0.00,-0.20,0.20,0,14.37
57191,1333,642.0,1034.0,0.00,0.00,0.00,0,12.01
57191,1334,631.0,1055.0,0.00,0.00,0.00,0,12.01
57193,1335,694.0,974.0,0.00,0.00,0.00,0,12.01
57194,1335,694.0,974.0,0.00,0.00,0.00,0,14.04
57195,1335,694.0,974.0,0.00,0.00,0.00,0,16.09
57197,1335,694.0,974.0,0.00,0.00,0.00,0,19.96
57309,1336,1006.0,1138.0,0.00,0.00,0.00,0,12.01
57310,1336,1005.0,1138.0,-0.02,0.00,0.02,0,7.48
57310,1337,1037.0,1143.0,0.00,0.00,0.00,0,12.01
57311,1336,1013.2,1139.0,0.53,0.07,0.54,0,6.31
57311,1337,1046.8,1144.0,0.26,0.03,0.26,0,7.47
57313,1336,1013.4,1139.0,0.53,0.07,0.54,0,9.94
57313,1337,1046.9,1144.0,0.26,0.03,0.26,0,10.84
57314,1336,1013.4,1139.0,0.53,0.07,0.54,0,12.13
57314,1337,1046.9,1144.0,0.26,0.03,0.26,0,13.00
57315,1336,1013.4,1139.1,0.53,0.07,0.54,0,14.53
57315,1337,1046.9,1144.0,0.26,0.03,0.26,0,15.35
57571,1338,878.0,1431.0,0.00,0.00,0.00,0,12.01
57572,1338,877.7,1431.3,-0.01,0.01,0.01,0,7.47
57572,1339,834.0,1428.0,0.00,0.00,0.00,0,12.01
57573,1338,868.0,1429.7,-0.63,-0.10,0.64,0,6.31
57575,1338,867.8,1429.7,-0.63,-0.10,0.64,0,10.03
57576,1338,867.8,1429.7,-0.63,-0.10,0.64,0,12.13
57577,1338,867.8,1429.7,-0.63,-0.10,0.64,0,14.55
57615,1340,1056.0,841.0,0.00,0.00,0.00,0,12.01
57616,1340,1061.9,839.0,0.14,-0.05,0.15,0,7.47
57617,1340,1064.5,838.0,0.31,-0.11,0.33,0,6.31
57619,1340,1064.6,838.0,0.31,-0.11,0.33,0,9.99
57620,1340,1064.6,838.0,0.31,-0.11,0.33,0,12.13
57621,1340,1064.6,838.0,0.31,-0.11,0.33,0,14.48
57653,1341,378.0,970.0,0.00,0.00,0.00,0,12.03
57655,1346,417.0,942.0,0.00,0.00,0.00,0,12.00
57655,1347,395.0,958.0,0.00,0.00,0.00,0,12.00
57655,1348,326.0,969.0,0.00,0.00,0.00,0,12.00
57655,1349,338.0,990.0,0.00,0.00,0.00,0,12.00
57655,1350,551.0,1275.0,0.00,0.00,0.00,0,12.00
57656,1346,416.7,942.3,-0.01,0.01,0.01,0,7.47
57656,1347,395.0,958.0,0.00,0.00,0.00,0,14.02
57656,1348,330.3,976.2,0.07,0.12,0.14,0,7.47
57656,1349,338.0,990.0,0.00,0.00,0.00,0,14.02
57656,1350,553.0,1273.7,0.03,-0.02,0.04,0,7.47
57656,1351,438.0,927.0,0.00,0.00,0.00,0,12.01
57657,1346,421.9,938.6,0.25,-0.17,0.30,0,6.30
57657,1350,553.7,1273.3,0.07,-0.04,0.08,0,6.30
57657,1348,330.3,976.2,0.07,0.12,0.14,0,9.50
57657,1347,395.0,958.0,0.00,0.00,0.00,0,16.06
57659,1346,422.0,938.6,0.25,-0.17,0.30,0,9.95
57659,1350,553.8,1273.2,0.07,-0.04,0.08,0,9.95
57659,1348,330.3,976.2,0.07,0.12,0.14,0,13.24
57659,1347,395.0,958.0,0.00,0.00,0.00,0,19.86
57660,1346,422.0,938.6,0.25,-0.17,0.30,0,12.09
57660,1350,553.8,1273.2,0.07,-0.04,0.08,0,12.09
57660,1348,330.3,976.2,0.07,0.12,0.14,0,15.38
57661,1346,422.0,938.6,0.25,-0.17,0.30,0,14.49
57661,1350,553.8,1273.2,0.07,-0.04,0.08,0,14.49
57692,1353,946.0,1229.0,0.00,0.00,0.00,0,12.01
57694,1355,1036.0,1211.0,0.00,0.00,0.00,0,12.01
57695,1355,1036.0,1211.0,0.00,0.00,0.00,0,14.02
57696,1355,1047.6,1212.1,0.39,0.04,0.39,0,7.85
57698,1355,1047.7,1212.1,0.39,0.04,0.39,0,11.38
57699,1355,1047.7,1212.1,0.39,0.04,0.39,0,13.59
57700,1355,1047.7,1212.1,0.39,0.04,0.39,0,15.92
57731,1356,600.0,1137.0,0.00,0.00,0.00,0,12.01
57732,1356,600.3,1135.7,0.01,-0.03,0.03,0,7.48
57733,1356,600.8,1134.0,0.04,-0.15,0.16,0,6.30
57735,1356,600.8,1133.9,0.04,-0.15,0.16,0,10.00
57736,1356,600.8,1133.9,0.04,-0.15,0.16,0,12.10
57737,1356,600.8,1133.9,0.04,-0.15,0.16,0,14.45
57781,1357,667.0,614.0,0.00,0.00,0.00,0,12.01
57782,1357,667.3,614.0,0.01,0.00,0.01,0,7.47
57782,1358,648.0,613.0,0.00,0.00,0.00,0,12.01
57783,1357,658.5,613.0,-0.56,-0.07,0.56,0,6.31
57785,1357,658.3,613.0,-0.56,-0.07,0.56,0,10.00
57786,1357,658.3,613.0,-0.56,-0.07,0.56,0,12.13
57787,1357,658.3,612.9,-0.56,-0.07,0.56,0,14.55
57818,1359,1058.0,760.0,0.00,0.00,0.00,0,12.01
57818,1360,1108.0,779.0,0.00,0.00,0.00,0,12.01
57820,1364,1142.0,797.0,0.00,0.00,0.00,0,12.01
57820,1365,1192.0,832.0,0.00,0.00,0.00,0,12.01
57821,1364,1142.0,797.0,0.00,0.00,0.00,0,14.02
57821,1365,1189.4,830.4,-0.05,-0.03,0.06,0,7.46
57821,1366,1244.0,854.0,0.00,0.00,0.00,0,12.00
57822,1365,1189.4,830.4,-0.05,-0.03,0.06,0,9.48
57822,1364,1142.0,797.0,0.00,0.00,0.00,0,16.03
57824,1365,1189.4,830.4,-0.05,-0.03,0.06,0,13.01
57824,1364,1142.0,797.0,0.00,0.00,0.00,0,19.65
57825,1365,1189.4,830.4,-0.05,-0.03,0.06,0,15.21
57890,1368,572.0,1294.0,0.00,0.00,0.00,0,12.01
57892,1370,587.0,1291.0,0.00,0.00,0.00,0,12.01
57893,1370,589.3,1290.3,0.06,-0.02,0.06,0,7.47
57894,1370,591.8,1289.7,0.22,-0.05,0.22,0,6.31
57896,1370,591.9,1289.7,0.22,-0.05,0.22,0,9.97
57897,1370,591.9,1289.7,0.22,-0.05,0.22,0,12.14
57898,1370,591.9,1289.7,0.22,-0.05,0.22,0,14.49
58013,1372,862.0,649.0,0.00,0.00,0.00,0,12.01
58014,1372,862.0,649.0,0.00,0.00,0.00,0,14.04
58015,1372,862.0,649.0,0.00,0.00,0.00,0,16.09
58017,1372,862.0,649.0,0.00,0.00,0.00,0,19.98
58051,1375,781.0,1042.0,0.00,0.00,0.00,0,12.01
58052,1375,784.3,1041.3,0.09,-0.02,0.09,0,7.48
58053,1375,786.8,1040.7,0.26,-0.06,0.27,0,6.31
58055,1375,786.9,1040.7,0.26,-0.06,0.27,0,9.95
58056,1375,786.9,1040.7,0.26,-0.06,0.27,0,12.10
58057,1375,786.9,1040.7,0.26,-0.06,0.27,0,14.44
58088,1377,1416.0,920.0,0.00,0.00,0.00,0,12.01
58089,1377,1416.7,922.6,0.02,0.07,0.07,0,7.49
58090,1377,1416.5,924.8,0.00,0.25,0.25,0,6.31
58092,1377,1416.5,924.9,0.00,0.25,0.25,0,9.94
58093,1377,1416.5,924.9,0.00,0.25,0.25,0,12.05
58094,1377,1416.5,924.9,0.00,0.25,0.25,0,14.45
58126,1380,575.0,646.0,0.00,0.00,0.00,0,12.03
58127,1380,575.0,646.0,0.00,0.00,0.00,0,7.48
58127,1381,582.0,646.0,0.00,0.00,0.00,0,12.01
58127,1382,595.0,647.0,0.00,0.00,0.00,0,12.01
58128,1380,580.1,646.3,0.37,0.02,0.37,0,6.29
58130,1380,580.2,646.3,0.37,0.02,0.37,0,9.83
58131,1380,580.2,646.3,0.37,0.02,0.37,0,11.95
58132,1380,580.3,646.3,0.37,0.02,0.37,0,14.28
58172,1383,986.0,443.0,0.00,0.00,0.00,0,12.01
58174,1385,1010.0,428.0,0.00,0.00,0.00,0,12.01
58174,1386,998.0,435.0,0.00,0.00,0.00,0,12.01
58175,1385,1009.7,428.0,-0.01,0.00,0.01,0,7.47
58175,1386,1005.5,431.1,0.18,-0.10,0.21,0,7.47
58176,1385,1013.4,426.5,0.23,-0.10,0.25,0,6.31
58178,1385,1013.4,426.4,0.23,-0.10,0.25,0,9.96
58179,1385,1013.4,426.4,0.23,-0.10,0.25,0,12.13
58180,1385,1013.4,426.4,0.23,-0.10,0.25,0,14.47
58211,1387,526.0,1160.0,0.00,0.00,0.00,0,12.01
58211,1388,526.0,1172.0,0.00,0.00,0.00,0,12.01
58213,1389,526.0,1147.0,0.00,0.00,0.00,0,12.01
58214,1389,525.7,1141.8,-0.01,-0.12,0.12,0,7.47
58214,1390,524.0,1119.0,0.00,0.00,0.00,0,12.01
58215,1389,525.2,1135.6,-0.04,-0.51,0.51,0,6.31
58217,1389,525.2,1135.5,-0.04,-0.51,0.51,0,9.97
58218,1389,525.2,1135.5,-0.04,-0.51,0.51,0,12.12
58219,1389,525.2,1135.5,-0.04,-0.51,0.51,0,14.46
58528,1391,1015.0,1415.0,0.00,0.00,0.00,0,12.01
58529,1391,1015.0,1415.3,0.00,0.01,0.01,0,7.47
58529,1392,1004.0,1407.0,0.00,0.00,0.00,0,12.01
58530,1391,1012.4,1413.2,-0.16,-0.13,0.21,0,6.31
58532,1391,1012.4,1413.2,-0.16,-0.13,0.21,0,9.98
58533,1391,1012.4,1413.1,-0.16,-0.13,0.21,0,12.13
58534,1391,1012.4,1413.1,-0.16,-0.13,0.21,0,14.48
58647,1393,1104.0,326.0,0.00,0.00,0.00,0,12.01
58648,1393,1103.7,325.3,-0.01,-0.02,0.02,0,7.47
58648,1394,1106.0,333.0,0.00,0.00,0.00,0,12.01
58649,1393,1103.8,326.5,-0.00,0.06,0.06,0,6.31
58649,1394,1106.0,339.2,0.00,0.16,0.16,0,7.48
58651,1393,1103.8,326.6,-0.00,0.06,0.06,0,10.02
58651,1394,1106.0,339.3,0.00,0.16,0.16,0,10.91
58652,1393,1103.8,326.6,-0.00,0.06,0.06,0,12.13
58652,1394,1106.0,339.3,0.00,0.16,0.16,0,13.00
58653,1393,1103.8,326.6,-0.00,0.06,0.06,0,14.52
58653,1394,1106.0,339.3,0.00,0.16,0.16,0,15.34
58718,1395,784.0,982.0,0.00,0.00,0.00,0,12.01
58719,1395,784.0,982.0,0.00,0.00,0.00,0,14.04
58720,1395,784.0,982.0,0.00,0.00,0.00,0,16.09
58722,1395,784.0,982.0,0.00,0.00,0.00,0,19.98
58755,1396,812.0,1335.0,0.00,0.00,0.00,0,12.01
58756,1396,812.3,1337.3,0.01,0.06,0.06,0,7.52
58757,1396,813.0,1340.1,0.09,0.37,0.38,0,6.33
58759,1396,813.0,1340.2,0.09,0.37,0.38,0,10.04
58760,1396,813.0,1340.2,0.09,0.37,0.38,0,12.28
58761,1396,813.0,1340.2,0.09,0.37,0.38,0,14.68
58982,1397,804.0,1431.0,0.00,0.00,0.00,0,12.01
58984,1399,821.0,1406.0,0.00,0.00,0.00,0,12.01
58984,1400,812.0,1422.0,0.00,0.00,0.00,0,12.01
58985,1399,820.7,1406.3,-0.01,0.01,0.01,0,7.47
58985,1400,816.6,1411.8,0.12,-0.25,0.28,0,7.47
58986,1399,822.0,1402.4,0.08,-0.25,0.26,0,6.30
58988,1399,822.1,1402.3,0.08,-0.25,0.26,0,9.93
58989,1399,822.1,1402.3,0.08,-0.25,0.26,0,12.13
58990,1399,822.1,1402.3,0.08,-0.25,0.26,0,14.53
59021,1401,882.0,823.0,0.00,0.00,0.00,0,12.01
59021,1402,876.0,842.0,0.00,0.00,0.00,0,12.01
59023,1403,890.0,789.0,0.00,0.00,0.00,0,12.01
59023,1404,887.0,807.0,0.00,0.00,0.00,0,12.01
59024,1403,890.0,789.3,0.00,0.01,0.01,0,7.46
59024,1404,888.6,794.6,0.03,-0.26,0.26,0,7.46
59025,1403,890.5,784.9,0.02,-0.20,0.20,0,6.29
59027,1403,890.5,784.8,0.02,-0.20,0.20,0,9.85
59028,1403,890.5,784.8,0.02,-0.20,0.20,0,12.02
59029,1403,890.5,784.8,0.02,-0.20,0.20,0,14.36
59134,1406,1459.0,1017.0,0.00,0.00,0.00,0,12.01
59135,1406,1460.0,1016.3,0.02,-0.02,0.03,0,7.47
59135,1407,1439.0,1027.0,0.00,0.00,0.00,0,12.01
59136,1406,1455.6,1018.6,-0.26,0.13,0.29,0,6.31
59138,1406,1455.5,1018.6,-0.26,0.13,0.29,0,9.96
59139,1406,1455.5,1018.6,-0.26,0.13,0.29,0,12.13
59140,1406,1455.5,1018.6,-0.26,0.13,0.29,0,14.47
59251,1408,591.0,398.0,0.00,0.00,0.00,0,12.01
59251,1409,608.0,410.0,0.00,0.00,0.00,0,12.01
59252,1408,591.7,398.3,0.02,0.01,0.02,0,7.47
59252,1409,599.8,401.5,-0.20,-0.21,0.29,0,7.47
59253,1408,589.7,395.4,-0.11,-0.18,0.21,0,6.31
59255,1408,589.7,395.4,-0.11,-0.18,0.21,0,10.01
59256,1408,589.7,395.4,-0.11,-0.18,0.21,0,12.13
59257,1408,589.7,395.4,-0.11,-0.18,0.21,0,14.47
59290,1410,572.0,536.0,0.00,0.00,0.00,0,12.01
59291,1410,570.7,536.7,-0.03,0.01,0.03,0,7.47
59291,1411,586.0,526.0,0.00,0.00,0.00,0,12.01
59292,1410,574.4,534.2,0.20,-0.14,0.25,0,6.31
59294,1410,574.4,534.1,0.20,-0.14,0.25,0,9.93
59295,1410,574.4,534.1,0.20,-0.14,0.25,0,12.12
59296,1410,574.4,534.1,0.20,-0.14,0.25,0,14.46
59441,1412,474.0,830.0,0.00,0.00,0.00,0,12.01
59442,1412,471.1,828.7,-0.07,-0.03,0.08,0,7.47
59443,1412,468.2,825.7,-0.25,-0.22,0.34,0,6.31
59445,1412,468.1,825.6,-0.25,-0.22,0.34,0,9.99
59446,1412,468.1,825.6,-0.25,-0.22,0.34,0,12.13
59447,1412,468.1,825.6,-0.25,-0.22,0.34,0,14.53
59600,1413,764.0,1333.0,0.00,0.00,0.00,0,12.01
59602,1415,781.0,1337.0,0.00,0.00,0.00,0,12.01
59602,1416,788.0,1338.0,0.00,0.00,0.00,0,12.01
59602,1417,807.0,1343.0,0.00,0.00,0.00,0,12.01
59603,1415,788.9,1338.6,0.19,0.04,0.19,0,7.47
59603,1416,788.0,1338.0,0.00,0.00,0.00,0,14.04
59603,1417,807.0,1343.0,0.00,0.00,0.00,0,14.04
59604,1415,788.9,1338.6,0.19,0.04,0.19,0,9.52
59606,1415,788.9,1338.7,0.19,0.04,0.19,0,13.30
59607,1415,788.9,1338.7,0.19,0.04,0.19,0,15.45
59647,1418,803.0,767.0,0.00,0.00,0.00,0,12.01
59648,1418,803.7,767.3,0.02,0.01,0.02,0,7.48
59648,1419,786.0,765.0,0.00,0.00,0.00,0,12.01
59649,1418,799.6,766.7,-0.25,-0.03,0.25,0,6.31
59651,1418,799.6,766.7,-0.25,-0.03,0.25,0,9.96
59652,1418,799.6,766.7,-0.25,-0.03,0.25,0,12.12
59653,1418,799.5,766.7,-0.25,-0.03,0.25,0,14.46
59701,1420,867.0,602.0,0.00,0.00,0.00,0,12.01
59702,1420,867.0,602.0,0.00,0.00,0.00,0,14.04
59703,1420,866.3,602.7,-0.03,0.03,0.05,0,7.87
59705,1420,866.3,602.7,-0.03,0.03,0.05,0,11.52
59706,1420,866.3,602.7,-0.03,0.03,0.05,0,13.68
59707,1420,866.3,602.7,-0.03,0.03,0.05,0,16.03
59942,1421,380.0,1075.0,0.00,0.00,0.00,0,12.01
59944,1423,376.0,1063.0,0.00,0.00,0.00,0,12.01
59945,1423,375.3,1062.7,-0.02,-0.01,0.02,0,7.47
59945,1424,377.0,1054.0,0.00,0.00,0.00,0,12.01
59946,1423,375.3,1062.7,-0.02,-0.01,0.02,0,9.52
59948,1423,375.3,1062.7,-0.02,-0.01,0.02,0,13.29
59949,1423,375.3,1062.7,-0.02,-0.01,0.02,0,15.46
59981,1425,471.0,719.0,0.00,0.00,0.00,0,12.01
59982,1425,471.0,719.0,0.00,0.00,0.00,0,14.08
59983,1425,471.0,719.0,0.00,0.00,0.00,0,16.14
59985,1425,471.0,719.0,0.00,0.00,0.00,0,20.10
60079,1426,456.0,729.0,0.00,0.00,0.00,0,12.01
60080,1426,456.0,729.0,0.00,0.00,0.00,0,14.04
60081,1426,456.0,729.0,0.00,0.00,0.00,0,16.09
60083,1426,456.0,729.0,0.00,0.00,0.00,0,19.95
60347,1427,509.0,1109.0,0.00,0.00,0.00,0,12.01
60348,1427,511.3,1108.0,0.06,-0.02,0.06,0,7.47
60349,1427,519.4,1104.9,0.59,-0.23,0.63,0,6.31
60351,1427,519.6,1104.9,0.59,-0.23,0.63,0,9.95
60352,1427,519.6,1104.9,0.59,-0.23,0.63,0,12.12
60353,1427,519.6,1104.9,0.59,-0.23,0.63,0,14.52
60384,1428,1440.0,919.0,0.00,0.00,0.00,0,12.01
60385,1428,1441.6,918.3,0.04,-0.02,0.04,0,7.48
60386,1428,1444.0,917.5,0.21,-0.08,0.22,0,6.31
60388,1428,1444.1,917.5,0.21,-0.08,0.22,0,9.97
60389,1428,1444.1,917.5,0.21,-0.08,0.22,0,12.12
60390,1428,1444.1,917.5,0.21,-0.08,0.22,0,14.51
60607,1429,1399.0,663.0,0.00,0.00,0.00,0,12.01
60607,1430,1381.0,681.0,0.00,0.00,0.00,0,12.01
60608,1429,1399.0,663.0,0.00,0.00,0.00,0,7.48
60608,1430,1381.0,681.0,0.00,0.00,0.00,0,14.04
60609,1429,1404.4,656.8,0.36,-0.41,0.54,0,6.31
60609,1430,1381.0,681.0,0.00,0.00,0.00,0,16.09
60611,1429,1404.5,656.7,0.36,-0.41,0.54,0,9.96
60611,1430,1381.0,681.0,0.00,0.00,0.00,0,19.96
60612,1429,1404.5,656.7,0.36,-0.41,0.54,0,12.13
60613,1429,1404.5,656.7,0.36,-0.41,0.54,0,14.52
60919,1431,548.0,1276.0,0.00,0.00,0.00,0,12.01
60920,1431,547.7,1276.7,-0.01,0.02,0.02,0,7.47
60920,1432,556.0,1265.0,0.00,0.00,0.00,0,12.01
60921,1431,549.3,1274.2,0.10,-0.15,0.18,0,6.31
60923,1431,549.3,1274.1,0.10,-0.15,0.18,0,9.99
60924,1431,549.3,1274.1,0.10,-0.15,0.18,0,12.13
60925,1431,549.3,1274.1,0.10,-0.15,0.18,0,14.47
60970,1433,767.0,1147.0,0.00,0.00,0.00,0,12.01
60971,1433,774.5,1144.4,0.19,-0.06,0.20,0,7.47
60972,1433,778.5,1143.0,0.45,-0.16,0.47,0,6.31
60974,1433,778.6,1143.0,0.45,-0.16,0.47,0,9.96
60975,1433,778.6,1142.9,0.45,-0.16,0.47,0,12.13
60976,1433,778.7,1142.9,0.45,-0.16,0.47,0,14.47
61081,1435,1328.0,1085.0,0.00,0.00,0.00,0,12.01
61082,1435,1328.0,1085.0,0.00,0.00,0.00,0,14.04
61083,1435,1328.0,1085.0,0.00,0.00,0.00,0,16.09
61085,1435,1328.0,1085.0,0.00,0.00,0.00,0,19.99
61452,1436,956.0,1138.0,0.00,0.00,0.00,0,12.01
61453,1436,956.0,1138.0,0.00,0.00,0.00,0,7.48
61453,1437,943.0,1151.0,0.00,0.00,0.00,0,12.01
61454,1436,952.7,1141.3,-0.22,0.22,0.31,0,6.30
61454,1437,940.4,1155.9,-0.07,0.12,0.14,0,7.47
61456,1436,952.6,1141.4,-0.22,0.22,0.31,0,9.92
61456,1437,940.4,1155.9,-0.07,0.12,0.14,0,10.82
61457,1436,952.6,1141.4,-0.22,0.22,0.31,0,12.12
61457,1437,940.4,1156.0,-0.07,0.12,0.14,0,12.99
61458,1436,952.6,1141.4,-0.22,0.22,0.31,0,14.52
61458,1437,940.4,1156.0,-0.07,0.12,0.14,0,15.34
61531,1438,754.0,1262.0,0.00,0.00,0.00,0,12.01
61532,1438,754.0,1262.0,0.00,0.00,0.00,0,14.04
61533,1438,754.0,1262.0,0.00,0.00,0.00,0,16.09
61535,1438,754.0,1262.0,0.00,0.00,0.00,0,19.96
61568,1440,897.0,788.0,0.00,0.00,0.00,0,12.01
61570,1443,1405.0,1049.0,0.00,0.00,0.00,0,12.01
61570,1444,1395.0,1070.0,0.00,0.00,0.00,0,12.01
61571,1443,1405.0,1049.3,0.00,0.01,0.01,0,7.47
61571,1444,1395.0,1070.0,0.00,0.00,0.00,0,14.03
61571,1445,1416.0,1026.0,0.00,0.00,0.00,0,12.01
61572,1443,1407.8,1043.3,0.18,-0.37,0.41,0,6.30
61572,1444,1395.0,1070.0,0.00,0.00,0.00,0,16.08
61574,1443,1407.9,1043.2,0.18,-0.37,0.41,0,9.95
61574,1444,1395.0,1070.0,0.00,0.00,0.00,0,19.94
61575,1443,1407.9,1043.2,0.18,-0.37,0.41,0,12.09
61576,1443,1407.9,1043.2,0.18,-0.37,0.41,0,14.43
61609,1448,382.0,1018.0,0.00,0.00,0.00,0,12.01
61609,1449,374.0,1033.0,0.00,0.00,0.00,0,12.01
61610,1448,379.7,1022.6,-0.05,0.10,0.11,0,7.47
61610,1449,374.0,1033.0,0.00,0.00,0.00,0,14.03
61611,1448,379.7,1022.6,-0.05,0.10,0.11,0,9.51
61613,1448,379.7,1022.6,-0.05,0.10,0.11,0,13.26
61614,1448,379.7,1022.6,-0.05,0.10,0.11,0,15.43
61720,1450,1019.0,558.0,0.00,0.00,0.00,0,12.01
61720,1451,1027.0,558.0,0.00,0.00,0.00,0,12.01
61721,1450,1019.0,558.0,0.00,0.00,0.00,0,7.48
61721,1451,1027.0,558.0,0.00,0.00,0.00,0,7.48
61722,1450,1019.0,558.0,0.00,0.00,0.00,0,9.52
61724,1450,1019.0,558.0,0.00,0.00,0.00,0,13.32
61725,1450,1019.0,558.0,0.00,0.00,0.00,0,15.46
61926,1452,446.0,461.0,0.00,0.00,0.00,0,12.01
61927,1452,443.7,461.3,-0.06,0.01,0.06,0,7.47
61928,1452,443.7,461.3,-0.06,0.01,0.06,0,9.52
61930,1452,443.7,461.3,-0.06,0.01,0.06,0,13.31
61931,1452,443.7,461.3,-0.06,0.01,0.06,0,15.47
61975,1453,1443.0,494.0,0.00,0.00,0.00,0,12.01
61976,1453,1443.0,494.0,0.00,0.00,0.00,0,14.04
61977,1453,1443.0,494.0,0.00,0.00,0.00,0,16.09
61979,1453,1443.0,494.0,0.00,0.00,0.00,0,19.96
62118,1454,816.0,1286.0,0.00,0.00,0.00,0,12.01
62119,1454,816.0,1286.0,0.00,0.00,0.00,0,7.48
62119,1455,801.0,1286.0,0.00,0.00,0.00,0,12.01
62120,1454,816.0,1286.0,0.00,0.00,0.00,0,9.52
62120,1455,801.0,1286.0,0.00,0.00,0.00,0,14.04
62122,1454,816.0,1286.0,0.00,0.00,0.00,0,13.34
62122,1455,801.0,1286.0,0.00,0.00,0.00,0,17.55
62123,1454,816.0,1286.0,0.00,0.00,0.00,0,15.47
62123,1455,801.0,1286.0,0.00,0.00,0.00,0,19.66
62212,1456,1119.0,1400.0,0.00,0.00,0.00,0,12.01
62213,1456,1122.6,1398.4,0.09,-0.04,0.10,0,7.47
62214,1456,1124.0,1397.5,0.18,-0.10,0.20,0,6.31
62216,1456,1124.0,1397.5,0.18,-0.10,0.20,0,9.97
62217,1456,1124.0,1397.5,0.18,-0.10,0.20,0,12.14
62218,1456,1124.1,1397.5,0.18,-0.10,0.20,0,14.53
62332,1457,441.0,921.0,0.00,0.00,0.00,0,12.01
62333,1457,441.0,921.0,0.00,0.00,0.00,0,14.03
62333,1458,463.0,837.0,0.00,0.00,0.00,0,12.01
62333,1459,466.0,846.0,0.00,0.00,0.00,0,12.01
62333,1460,461.0,855.0,0.00,0.00,0.00,0,12.01
62333,1461,452.0,860.0,0.00,0.00,0.00,0,12.01
62333,1462,462.0,866.0,0.00,0.00,0.00,0,12.01
62334,1457,441.0,921.0,0.00,0.00,0.00,0,16.09
62336,1457,441.0,921.0,0.00,0.00,0.00,0,19.98
62377,1463,650.0,1272.0,0.00,0.00,0.00,0,12.01
62378,1463,650.3,1272.3,0.01,0.01,0.01,0,7.47
62379,1463,650.3,1272.3,0.01,0.01,0.01,0,9.51
62381,1463,650.3,1272.3,0.01,0.01,0.01,0,13.28
62382,1463,650.3,1272.3,0.01,0.01,0.01,0,15.45
62681,1464,1508.0,725.0,0.00,0.00,0.00,0,12.01
62684,1466,1444.0,713.0,0.00,0.00,0.00,0,12.01
62686,1468,1411.0,714.0,0.00,0.00,0.00,0,12.01
62686,1469,1428.0,714.0,0.00,0.00,0.00,0,12.01
62687,1468,1411.3,714.0,0.01,0.00,0.01,0,7.48
62687,1469,1418.5,714.0,-0.24,0.00,0.24,0,7.48
62688,1468,1408.4,714.0,-0.18,0.00,0.18,0,6.31
62690,1468,1408.4,714.0,-0.18,0.00,0.18,0,10.01
62691,1468,1408.4,714.0,-0.18,0.00,0.18,0,12.12
62692,1468,1408.4,714.0,-0.18,0.00,0.18,0,14.47
63033,1470,519.0,1062.0,0.00,0.00,0.00,0,12.01
63034,1470,519.0,1062.0,0.00,0.00,0.00,0,14.04
63035,1470,522.5,1050.1,0.16,-0.55,0.57,0,7.87
63037,1470,522.6,1049.9,0.16,-0.55,0.57,0,11.55
63038,1470,522.6,1049.9,0.16,-0.55,0.57,0,13.68
63039,1470,522.6,1049.9,0.16,-0.55,0.57,0,16.08
63156,1471,1058.0,667.0,0.00,0.00,0.00,0,12.01
63157,1471,1058.0,667.0,0.00,0.00,0.00,0,14.04
63158,1471,1058.0,667.0,0.00,0.00,0.00,0,16.09
63160,1471,1058.0,667.0,0.00,0.00,0.00,0,19.97
63193,1472,1063.0,1018.0,0.00,0.00,0.00,0,12.01
63193,1473,1061.0,1027.0,0.00,0.00,0.00,0,12.01
63194,1472,1063.0,1018.0,0.00,0.00,0.00,0,14.04
63194,1473,1061.0,1027.0,0.00,0.00,0.00,0,14.04
63194,1474,1123.0,1092.0,0.00,0.00,0.00,0,12.01
63195,1472,1063.0,1018.0,0.00,0.00,0.00,0,16.09
63197,1472,1063.0,1018.0,0.00,0.00,0.00,0,19.98
63232,1476,588.0,1180.0,0.00,0.00,0.00,0,12.01
63233,1476,587.7,1180.0,-0.01,0.00,0.01,0,7.47
63233,1477,608.0,1178.0,0.00,0.00,0.00,0,12.01
63234,1476,593.7,1179.2,0.37,-0.05,0.37,0,6.31
63236,1476,593.8,1179.2,0.37,-0.05,0.37,0,9.96
63237,1476,593.8,1179.2,0.37,-0.05,0.37,0,12.12
63238,1476,593.8,1179.2,0.37,-0.05,0.37,0,14.46
63341,1478,505.0,999.0,0.00,0.00,0.00,0,12.01
63343,1480,492.0,970.0,0.00,0.00,0.00,0,12.01
63343,1481,496.0,985.0,0.00,0.00,0.00,0,12.01
63344,1480,492.0,971.0,0.00,0.02,0.02,0,7.48
63344,1481,494.7,976.5,-0.03,-0.20,0.20,0,7.48
63345,1480,491.7,968.7,-0.02,-0.13,0.13,0,6.31
63347,1480,491.7,968.6,-0.02,-0.13,0.13,0,9.95
63348,1480,491.7,968.6,-0.02,-0.13,0.13,0,12.13
63349,1480,491.7,968.6,-0.02,-0.13,0.13,0,14.47
63468,1482,682.0,357.0,0.00,0.00,0.00,0,12.01
63469,1482,681.0,356.3,-0.02,-0.02,0.03,0,7.47
63470,1482,681.0,356.3,-0.02,-0.02,0.03,0,9.52
63472,1482,681.0,356.3,-0.02,-0.02,0.03,0,13.31
63473,1482,681.0,356.3,-0.02,-0.02,0.03,0,15.47
63514,1483,1396.0,1243.0,0.00,0.00,0.00,0,12.01
63515,1483,1396.3,1243.3,0.01,0.01,0.01,0,7.48
63515,1484,1400.0,1228.0,0.00,0.00,0.00,0,12.01
63516,1483,1397.3,1239.6,0.07,-0.24,0.25,0,6.31
63518,1483,1397.3,1239.6,0.07,-0.24,0.25,0,10.01
63519,1483,1397.3,1239.6,0.07,-0.24,0.25,0,12.12
63520,1483,1397.3,1239.6,0.07,-0.24,0.25,0,14.52
63690,1485,1615.0,292.0,0.00,0.00,0.00,0,12.01
63691,1485,1615.0,292.0,0.00,0.00,0.00,0,7.47
63692,1485,1615.0,292.0,0.00,0.00,0.00,0,9.52
63694,1485,1615.0,292.0,0.00,0.00,0.00,0,13.32
63695,1485,1615.0,292.0,0.00,0.00,0.00,0,15.46
63792,1486,745.0,672.0,0.00,0.00,0.00,0,12.01
63793,1486,743.7,672.7,-0.03,0.02,0.04,0,7.48
63794,1486,743.7,672.7,-0.03,0.02,0.04,0,9.52
63794,1487,774.0,642.0,0.00,0.00,0.00,0,12.01
63796,1486,743.7,672.7,-0.03,0.02,0.04,0,13.30
63796,1487,774.0,642.0,0.00,0.00,0.00,0,15.13
63797,1486,743.7,672.7,-0.03,0.02,0.04,0,15.46
63797,1487,774.0,642.0,0.00,0.00,0.00,0,17.24
63798,1487,774.0,642.0,0.00,0.00,0.00,0,19.49
64105,1488,872.0,236.0,0.00,0.00,0.00,0,12.01
64106,1488,872.0,236.0,0.00,0.00,0.00,0,14.04
64107,1488,872.0,236.0,0.00,0.00,0.00,0,16.09
64109,1488,872.0,236.0,0.00,0.00,0.00,0,19.98
64155,1489,1238.0,751.0,0.00,0.00,0.00,0,12.01
64156,1489,1238.0,751.0,0.00,0.00,0.00,0,14.04
64157,1489,1238.0,751.0,0.00,0.00,0.00,0,16.09
64159,1489,1238.0,751.0,0.00,0.00,0.00,0,19.99
64337,1490,1131.0,938.0,0.00,0.00,0.00,0,12.01
64338,1490,1124.8,935.4,-0.15,-0.06,0.17,0,7.47
64339,1490,1122.0,934.3,-0.33,-0.14,0.36,0,6.31
64339,1491,1101.0,921.0,0.00,0.00,0.00,0,12.01
64341,1490,1121.9,934.2,-0.33,-0.14,0.36,0,9.97
64341,1491,1101.0,921.0,0.00,0.00,0.00,0,15.13
64342,1490,1121.9,934.2,-0.33,-0.14,0.36,0,12.13
64342,1491,1101.0,921.0,0.00,0.00,0.00,0,17.25
64343,1490,1121.9,934.2,-0.33,-0.14,0.36,0,14.48
64343,1491,1101.0,921.0,0.00,0.00,0.00,0,19.50
64443,1492,934.0,428.0,0.00,0.00,0.00,0,12.01
64444,1492,934.0,427.7,0.00,-0.01,0.01,0,7.47
64444,1493,925.0,436.0,0.00,0.00,0.00,0,12.01
64445,1492,931.9,429.6,-0.13,0.11,0.17,0,6.31
64445,1493,922.1,438.0,-0.07,0.05,0.08,0,7.48
64447,1492,931.9,429.6,-0.13,0.11,0.17,0,9.99
64447,1493,922.0,438.0,-0.07,0.05,0.08,0,10.88
64448,1492,931.9,429.6,-0.13,0.11,0.17,0,12.14
64448,1493,922.0,438.0,-0.07,0.05,0.08,0,13.01
64449,1492,931.9,429.6,-0.13,0.11,0.17,0,14.54
64449,1493,922.0,438.0,-0.07,0.05,0.08,0,15.35
64485,1494,1005.0,1382.0,0.00,0.00,0.00,0,12.01
64486,1494,1005.0,1382.0,0.00,0.00,0.00,0,7.47
64486,1495,1022.0,1374.0,0.00,0.00,0.00,0,12.01
64487,1494,1009.1,1379.9,0.27,-0.13,0.30,0,6.31
64487,1495,1026.6,1372.7,0.11,-0.03,0.12,0,7.47
64489,1494,1009.2,1379.9,0.27,-0.13,0.30,0,10.01
64489,1495,1026.6,1372.7,0.11,-0.03,0.12,0,10.89
64490,1494,1009.2,1379.9,0.27,-0.13,0.30,0,12.12
64490,1495,1026.6,1372.7,0.11,-0.03,0.12,0,12.99
64491,1494,1009.2,1379.9,0.27,-0.13,0.30,0,14.47
64491,1495,1026.6,1372.7,0.11,-0.03,0.12,0,15.29
64602,1496,1119.0,705.0,0.00,0.00,0.00,0,12.01
64603,1496,1118.7,705.0,-0.01,0.00,0.01,0,7.48
64603,1497,1107.0,697.0,0.00,0.00,0.00,0,12.01
64604,1496,1115.7,703.2,-0.21,-0.12,0.24,0,6.31
64604,1497,1105.0,694.1,-0.05,-0.08,0.09,0,7.48
64606,1496,1115.6,703.2,-0.21,-0.12,0.24,0,9.97
64606,1497,1105.0,694.0,-0.05,-0.08,0.09,0,10.87
64607,1496,1115.6,703.2,-0.21,-0.12,0.24,0,12.13
64607,1497,1105.0,694.0,-0.05,-0.08,0.09,0,13.00
64608,1496,1115.6,703.2,-0.21,-0.12,0.24,0,14.48
64608,1497,1105.0,694.0,-0.05,-0.08,0.09,0,15.30
64691,1498,869.0,1220.0,0.00,0.00,0.00,0,12.01
64691,1499,883.0,1231.0,0.00,0.00,0.00,0,12.01
64693,1500,867.0,1205.0,0.00,0.00,0.00,0,12.01
64693,1501,863.0,1214.0,0.00,0.00,0.00,0,12.01
64694,1500,867.7,1205.0,0.02,0.00,0.02,0,7.48
64694,1501,863.0,1214.0,0.00,0.00,0.00,0,14.04
64695,1500,869.3,1204.7,0.13,-0.02,0.13,0,6.31
64697,1500,869.3,1204.7,0.13,-0.02,0.13,0,9.97
64698,1500,869.3,1204.7,0.13,-0.02,0.13,0,12.13
64699,1500,869.3,1204.7,0.13,-0.02,0.13,0,14.52
64801,1502,896.0,1235.0,0.00,0.00,0.00,0,12.01
64802,1502,896.0,1235.0,0.00,0.00,0.00,0,7.48
64802,1503,879.0,1231.0,0.00,0.00,0.00,0,12.01
64803,1502,891.6,1234.0,-0.29,-0.07,0.30,0,6.31
64805,1502,891.5,1234.0,-0.29,-0.07,0.30,0,9.94
64806,1502,891.5,1234.0,-0.29,-0.07,0.30,0,12.13
64807,1502,891.5,1233.9,-0.29,-0.07,0.30,0,14.48
65983,1506,1392.0,874.0,0.00,0.00,0.00,0,12.01
65983,1507,1446.0,887.0,0.00,0.00,0.00,0,12.01
65984,1506,1393.0,874.3,0.03,0.01,0.03,0,7.48
65984,1507,1446.0,887.0,0.00,0.00,0.00,0,14.04
65984,1508,1351.0,868.0,0.00,0.00,0.00,0,12.01
65984,1509,1359.0,871.0,0.00,0.00,0.00,0,12.01
65984,1510,1349.0,876.0,0.00,0.00,0.00,0,12.01
65985,1506,1384.8,874.2,-0.53,0.00,0.53,0,6.31
65985,1507,1446.0,887.0,0.00,0.00,0.00,0,16.09
65987,1506,1384.6,874.2,-0.53,0.00,0.53,0,9.96
65987,1507,1446.0,887.0,0.00,0.00,0.00,0,19.96
65988,1506,1384.6,874.2,-0.53,0.00,0.53,0,12.12
65989,1506,1384.6,874.2,-0.53,0.00,0.53,0,14.47
66160,1511,694.0,873.0,0.00,0.00,0.00,0,12.01
66161,1511,694.0,873.0,0.00,0.00,0.00,0,14.04
66162,1511,694.0,873.0,0.00,0.00,0.00,0,16.09
66164,1511,694.0,873.0,0.00,0.00,0.00,0,19.96
66894,1512,695.0,872.0,0.00,0.00,0.00,0,12.01
66895,1512,695.0,872.0,0.00,0.00,0.00,0,14.04
66896,1512,695.0,872.0,0.00,0.00,0.00,0,16.08
66898,1512,695.0,872.0,0.00,0.00,0.00,0,19.87
66987,1513,308.0,932.0,0.00,0.00,0.00,0,12.01
66988,1513,307.3,931.3,-0.02,-0.02,0.02,0,7.47
66988,1514,313.0,941.0,0.00,0.00,0.00,0,12.01
66989,1513,308.5,933.3,0.06,0.11,0.13,0,6.31
66989,1514,313.3,943.9,0.01,0.07,0.07,0,7.47
66991,1513,308.6,933.3,0.06,0.11,0.13,0,9.97
66991,1514,313.3,944.0,0.01,0.07,0.07,0,10.86
66992,1513,308.6,933.3,0.06,0.11,0.13,0,12.13
66992,1514,313.3,944.0,0.01,0.07,0.07,0,13.00
66993,1513,308.6,933.3,0.06,0.11,0.13,0,14.47
66993,1514,313.3,944.0,0.01,0.07,0.07,0,15.29
67043,1515,442.0,700.0,0.00,0.00,0.00,0,12.01
67044,1515,442.0,700.0,0.00,0.00,0.00,0,7.48
67045,1515,442.0,700.0,0.00,0.00,0.00,0,9.52
67045,1516,584.0,699.0,0.00,0.00,0.00,0,12.01
67045,1517,508.0,700.0,0.00,0.00,0.00,0,12.01
67045,1518,589.0,711.0,0.00,0.00,0.00,0,12.01
67047,1515,442.0,700.0,0.00,0.00,0.00,0,13.29
67047,1516,584.0,699.0,0.00,0.00,0.00,0,15.12
67047,1517,508.0,700.0,0.00,0.00,0.00,0,15.12
67047,1518,589.0,711.0,0.00,0.00,0.00,0,15.12
67048,1515,442.0,700.0,0.00,0.00,0.00,0,15.46
67048,1516,584.0,699.0,0.00,0.00,0.00,0,17.24
67048,1517,508.0,700.0,0.00,0.00,0.00,0,17.24
67048,1518,589.0,711.0,0.00,0.00,0.00,0,17.24
67049,1516,584.0,699.0,0.00,0.00,0.00,0,19.52
67049,1517,508.0,700.0,0.00,0.00,0.00,0,19.52
67049,1518,589.0,711.0,0.00,0.00,0.00,0,19.52
67325,1519,780.0,1371.0,0.00,0.00,0.00,0,12.01
67326,1519,786.2,1365.1,0.16,-0.15,0.22,0,7.47
67327,1519,789.5,1361.7,0.37,-0.36,0.52,0,6.31
67329,1519,789.6,1361.6,0.37,-0.36,0.52,0,10.01
67330,1519,789.6,1361.6,0.37,-0.36,0.52,0,12.14
67331,1519,789.6,1361.6,0.37,-0.36,0.52,0,14.49
67365,1520,585.0,550.0,0.00,0.00,0.00,0,12.24
67366,1520,585.0,550.0,0.00,0.00,0.00,0,14.29
67367,1520,585.0,550.0,0.00,0.00,0.00,0,16.37
67369,1520,585.0,550.0,0.00,0.00,0.00,0,20.81
67459,1521,690.0,356.0,0.00,0.00,0.00,0,12.01
67460,1521,690.0,356.0,0.00,0.00,0.00,0,14.04
67461,1521,689.3,356.7,-0.03,0.03,0.05,0,7.87
67463,1521,689.3,356.7,-0.03,0.03,0.05,0,11.50
67464,1521,689.3,356.7,-0.03,0.03,0.05,0,13.68
67465,1521,689.3,356.7,-0.03,0.03,0.05,0,16.02
67498,1522,602.0,234.0,0.00,0.00,0.00,0,12.01
67499,1522,603.6,236.9,0.03,0.06,0.07,0,7.46
67500,1522,604.5,238.2,0.07,0.12,0.14,0,6.29
67502,1522,604.5,238.3,0.07,0.12,0.14,0,9.85
67503,1522,604.5,238.3,0.07,0.12,0.14,0,12.04
67504,1522,604.5,238.3,0.07,0.12,0.14,0,14.38
67543,1523,584.0,938.0,0.00,0.00,0.00,0,12.01
67544,1523,584.0,938.0,0.00,0.00,0.00,0,14.04
67545,1523,584.0,938.0,0.00,0.00,0.00,0,16.09
67547,1523,584.0,938.0,0.00,0.00,0.00,0,19.98
67580,1524,1177.0,1155.0,0.00,0.00,0.00,0,12.01
67580,1525,1190.0,1158.0,0.00,0.00,0.00,0,12.01
67582,1526,1205.0,1157.0,0.00,0.00,0.00,0,12.01
67583,1526,1207.0,1156.0,0.05,-0.02,0.05,0,7.47
67584,1526,1209.3,1154.2,0.19,-0.14,0.24,0,6.31
67586,1526,1209.3,1154.2,0.19,-0.14,0.24,0,9.99
67587,1526,1209.3,1154.2,0.19,-0.14,0.24,0,12.13
67588,1526,1209.4,1154.2,0.19,-0.14,0.24,0,14.48
67707,1527,793.0,1365.0,0.00,0.00,0.00,0,12.01
67708,1527,792.0,1365.3,-0.02,0.01,0.03,0,7.47
67708,1528,823.0,1348.0,0.00,0.00,0.00,0,12.01
67708,1529,782.0,1369.0,0.00,0.00,0.00,0,12.01
67709,1527,798.2,1361.9,0.38,-0.21,0.43,0,6.31
67709,1528,830.2,1343.4,0.17,-0.11,0.21,0,7.48
67709,1529,782.0,1369.0,0.00,0.00,0.00,0,14.04
67711,1527,798.3,1361.8,0.38,-0.21,0.43,0,9.98
67711,1528,830.3,1343.4,0.17,-0.11,0.21,0,10.87
67711,1529,782.0,1369.0,0.00,0.00,0.00,0,17.52
67712,1527,798.3,1361.8,0.38,-0.21,0.43,0,12.12
67712,1528,830.3,1343.4,0.17,-0.11,0.21,0,12.99
67712,1529,782.0,1369.0,0.00,0.00,0.00,0,19.65
67713,1527,798.3,1361.8,0.38,-0.21,0.43,0,14.47
67713,1528,830.3,1343.4,0.17,-0.11,0.21,0,15.29
67745,1530,1519.0,986.0,0.00,0.00,0.00,0,12.03
67745,1531,346.0,987.0,0.00,0.00,0.00,0,12.03
67745,1532,1358.0,986.0,0.00,0.00,0.00,0,12.03
67745,1533,1447.0,986.0,0.00,0.00,0.00,0,12.03
67779,1534,986.0,1017.0,0.00,0.00,0.00,0,12.01
67780,1534,986.0,1017.3,0.00,0.01,0.01,0,7.47
67781,1534,986.0,1017.3,0.00,0.01,0.01,0,9.52
67783,1534,986.0,1017.3,0.00,0.01,0.01,0,13.29
67784,1534,986.0,1017.3,0.00,0.01,0.01,0,15.46
67875,1535,692.0,747.0,0.00,0.00,0.00,0,12.01
67876,1535,691.3,740.8,-0.02,-0.16,0.16,0,7.47
67877,1535,691.0,737.7,-0.04,-0.35,0.35,0,6.31
67877,1536,696.0,713.0,0.00,0.00,0.00,0,12.01
67879,1535,691.0,737.6,-0.04,-0.35,0.35,0,9.99
67879,1536,696.0,713.0,0.00,0.00,0.00,0,15.15
67880,1535,691.0,737.6,-0.04,-0.35,0.35,0,12.13
67880,1536,696.0,713.0,0.00,0.00,0.00,0,17.25
67881,1535,691.0,737.6,-0.04,-0.35,0.35,0,14.47
67881,1536,696.0,713.0,0.00,0.00,0.00,0,19.49
67912,1537,594.0,688.0,0.00,0.00,0.00,0,12.01
67912,1538,586.0,713.0,0.00,0.00,0.00,0,12.01
67912,1539,583.0,721.0,0.00,0.00,0.00,0,12.01
67913,1537,593.7,689.3,-0.01,0.03,0.03,0,7.48
67913,1538,589.3,703.2,0.08,-0.24,0.26,0,7.48
67913,1539,583.0,721.0,0.00,0.00,0.00,0,14.04
67913,1540,605.0,654.0,0.00,0.00,0.00,0,12.01
67913,1541,603.0,662.0,0.00,0.00,0.00,0,12.01
67914,1537,596.3,681.3,0.18,-0.54,0.57,0,6.30
67914,1538,589.3,703.2,0.08,-0.24,0.26,0,9.52
67916,1537,596.4,681.1,0.18,-0.54,0.57,0,9.95
67916,1538,589.3,703.1,0.08,-0.24,0.26,0,13.29
67917,1537,596.4,681.1,0.18,-0.54,0.57,0,12.12
67917,1538,589.3,703.1,0.08,-0.24,0.26,0,15.47
67918,1537,596.4,681.1,0.18,-0.54,0.57,0,14.52
68002,1542,633.0,496.0,0.00,0.00,0.00,0,12.01
68003,1542,633.0,498.0,0.00,0.05,0.05,0,7.48
68003,1543,635.0,514.0,0.00,0.00,0.00,0,12.01
68004,1542,633.3,499.3,0.02,0.14,0.14,0,6.34
68006,1542,633.3,499.3,0.02,0.14,0.14,0,10.15
68007,1542,633.3,499.3,0.02,0.14,0.14,0,12.45
68008,1542,633.3,499.3,0.02,0.14,0.14,0,14.82
68211,1544,1133.0,1345.0,0.00,0.00,0.00,0,12.01
68212,1544,1132.3,1345.3,-0.02,0.01,0.02,0,7.47
68212,1545,1149.0,1336.0,0.00,0.00,0.00,0,12.01
68213,1544,1136.4,1342.9,0.25,-0.15,0.29,0,6.31
68213,1545,1154.6,1333.1,0.14,-0.07,0.15,0,7.48
68215,1544,1136.4,1342.9,0.25,-0.15,0.29,0,9.98
68215,1545,1154.6,1333.0,0.14,-0.07,0.15,0,10.88
68216,1544,1136.4,1342.9,0.25,-0.15,0.29,0,12.12
68216,1545,1154.6,1333.0,0.14,-0.07,0.15,0,13.00
68217,1544,1136.5,1342.9,0.25,-0.15,0.29,0,14.53
68217,1545,1154.6,1333.0,0.14,-0.07,0.15,0,15.34
68275,1546,681.0,1100.0,0.00,0.00,0.00,0,12.01
68276,1546,681.0,1100.0,0.00,0.00,0.00,0,14.04
68277,1546,681.0,1100.0,0.00,0.00,0.00,0,16.09
68279,1546,681.0,1100.0,0.00,0.00,0.00,0,19.95
68346,1547,299.0,871.0,0.00,0.00,0.00,0,12.01
68347,1547,298.7,870.7,-0.01,-0.01,0.01,0,7.48
68347,1548,302.0,883.0,0.00,0.00,0.00,0,12.01
68348,1547,299.5,873.6,0.05,0.18,0.19,0,6.30
68348,1548,301.3,886.9,-0.02,0.10,0.10,0,7.47
68350,1547,299.5,873.6,0.05,0.18,0.19,0,9.92
68350,1548,301.3,887.0,-0.02,0.10,0.10,0,10.82
68351,1547,299.5,873.6,0.05,0.18,0.19,0,12.13
68351,1548,301.3,887.0,-0.02,0.10,0.10,0,13.00
68352,1547,299.5,873.6,0.05,0.18,0.19,0,14.47
68352,1548,301.3,887.0,-0.02,0.10,0.10,0,15.30
68392,1549,324.0,924.0,0.00,0.00,0.00,0,12.01
68393,1549,324.0,924.0,0.00,0.00,0.00,0,14.04
68394,1549,324.0,924.0,0.00,0.00,0.00,0,16.09
68396,1549,324.0,924.0,0.00,0.00,0.00,0,19.92
68429,1550,837.0,424.0,0.00,0.00,0.00,0,12.01
68431,1552,864.0,421.0,0.00,0.00,0.00,0,12.01
68431,1553,878.0,421.0,0.00,0.00,0.00,0,12.01
68432,1552,868.6,421.0,0.11,0.00,0.11,0,7.47
68432,1553,882.9,421.3,0.11,0.01,0.11,0,7.47
68433,1552,874.9,421.3,0.50,0.02,0.50,0,6.30
68435,1552,875.0,421.3,0.50,0.02,0.50,0,9.94
68436,1552,875.0,421.3,0.50,0.02,0.50,0,12.11
68437,1552,875.0,421.3,0.50,0.02,0.50,0,14.46
68552,1554,1281.0,343.0,0.00,0.00,0.00,0,12.01
68552,1555,1296.0,344.0,0.00,0.00,0.00,0,12.01
68554,1556,1259.0,341.0,0.00,0.00,0.00,0,12.01
68554,1557,1270.0,343.0,0.00,0.00,0.00,0,12.01
68555,1556,1257.7,340.3,-0.03,-0.02,0.04,0,7.47
68555,1557,1270.0,343.0,0.00,0.00,0.00,0,14.04
68556,1556,1254.9,339.2,-0.21,-0.09,0.23,0,6.31
68558,1556,1254.9,339.2,-0.21,-0.09,0.23,0,9.98
68559,1556,1254.9,339.2,-0.21,-0.09,0.23,0,12.13
68560,1556,1254.9,339.2,-0.21,-0.09,0.23,0,14.47
68615,1558,818.0,1122.0,0.00,0.00,0.00,0,12.01
68617,1561,885.0,1064.0,0.00,0.00,0.00,0,12.01
68617,1562,855.0,1095.0,0.00,0.00,0.00,0,12.01
68618,1561,885.0,1064.3,0.00,0.01,0.01,0,7.48
68618,1562,855.0,1095.0,0.00,0.00,0.00,0,14.04
68618,1563,916.0,1031.0,0.00,0.00,0.00,0,12.01
68619,1561,885.0,1064.3,0.00,0.01,0.01,0,9.51
68619,1562,855.0,1095.0,0.00,0.00,0.00,0,16.08
68621,1561,885.0,1064.3,0.00,0.01,0.01,0,13.27
68621,1562,855.0,1095.0,0.00,0.00,0.00,0,19.93
68622,1561,885.0,1064.3,0.00,0.01,0.01,0,15.47
68664,1565,332.0,1028.0,0.00,0.00,0.00,0,12.01
68665,1565,332.3,1028.7,0.01,0.02,0.02,0,7.48
68665,1566,323.0,1012.0,0.00,0.00,0.00,0,12.01
68666,1565,330.4,1024.9,-0.12,-0.23,0.26,0,6.31
68666,1566,320.7,1006.8,-0.06,-0.13,0.14,0,7.47
68668,1565,330.4,1024.8,-0.12,-0.23,0.26,0,9.97
68668,1566,320.7,1006.7,-0.06,-0.13,0.14,0,10.86
68669,1565,330.4,1024.8,-0.12,-0.23,0.26,0,12.13
68669,1566,320.7,1006.7,-0.06,-0.13,0.14,0,13.00
68670,1565,330.4,1024.8,-0.12,-0.23,0.26,0,14.53
68670,1566,320.7,1006.7,-0.06,-0.13,0.14,0,15.34
68701,1567,787.0,1325.0,0.00,0.00,0.00,0,12.01
68701,1568,773.0,1336.0,0.00,0.00,0.00,0,12.01
68702,1567,786.7,1325.3,-0.01,0.01,0.01,0,7.48
68702,1568,782.2,1329.4,0.22,-0.16,0.28,0,7.48
68703,1567,790.4,1323.2,0.25,-0.14,0.29,0,6.30
68705,1567,790.4,1323.1,0.25,-0.14,0.29,0,9.96
68706,1567,790.4,1323.1,0.25,-0.14,0.29,0,12.11
68707,1567,790.4,1323.1,0.25,-0.14,0.29,0,14.50
68738,1570,626.0,1009.0,0.00,0.00,0.00,0,12.01
68738,1571,614.0,1012.0,0.00,0.00,0.00,0,12.01
68740,1572,638.0,1009.0,0.00,0.00,0.00,0,12.01
68740,1573,659.0,1013.0,0.00,0.00,0.00,0,12.01
68741,1572,643.9,1010.0,0.12,0.02,0.12,0,7.46
68741,1573,659.0,1013.0,0.00,0.00,0.00,0,14.02
68742,1572,643.9,1010.0,0.12,0.02,0.12,0,9.48
68744,1572,643.9,1010.0,0.12,0.02,0.12,0,13.03
68745,1572,643.9,1010.0,0.12,0.02,0.12,0,15.25
68922,1574,783.0,1264.0,0.00,0.00,0.00,0,12.01
68923,1574,786.9,1254.8,0.10,-0.24,0.26,0,7.47
68923,1575,800.0,1227.0,0.00,0.00,0.00,0,12.01
68924,1574,789.3,1250.0,0.25,-0.56,0.61,0,6.31
68924,1575,802.6,1221.1,0.06,-0.14,0.16,0,7.47
68926,1574,789.3,1249.8,0.25,-0.56,0.61,0,9.96
68926,1575,802.6,1221.1,0.06,-0.14,0.16,0,10.85
68927,1574,789.3,1249.8,0.25,-0.56,0.61,0,12.12
68927,1575,802.6,1221.1,0.06,-0.14,0.16,0,12.99
68928,1574,789.4,1249.8,0.25,-0.56,0.61,0,14.52
68928,1575,802.6,1221.1,0.06,-0.14,0.16,0,15.33
68959,1576,499.0,950.0,0.00,0.00,0.00,0,12.01
68959,1577,513.0,964.0,0.00,0.00,0.00,0,12.01
68960,1576,503.6,954.3,0.11,0.10,0.15,0,7.50
68960,1577,517.9,968.3,0.12,0.10,0.16,0,7.50
68961,1576,509.9,960.1,0.75,0.70,1.03,0,6.32
68963,1576,510.1,960.3,0.75,0.70,1.03,0,9.95
68964,1576,510.1,960.3,0.75,0.70,1.03,0,11.99
68965,1576,510.1,960.3,0.75,0.70,1.03,0,14.39
69219,1578,677.0,267.0,0.00,0.00,0.00,0,12.01
69220,1578,677.0,269.0,0.00,0.04,0.04,0,7.47
69221,1578,677.3,270.3,0.02,0.13,0.13,0,6.31
69223,1578,677.3,270.3,0.02,0.13,0.13,0,9.96
69224,1578,677.3,270.3,0.02,0.13,0.13,0,12.13
69225,1578,677.3,270.3,0.02,0.13,0.13,0,14.47
69309,1579,631.0,840.0,0.00,0.00,0.00,0,12.01
69310,1579,631.0,840.0,0.00,0.00,0.00,0,7.47
69311,1579,631.0,840.0,0.00,0.00,0.00,0,9.52
69313,1579,631.0,840.0,0.00,0.00,0.00,0,13.30
69314,1579,631.0,840.0,0.00,0.00,0.00,0,15.46
69382,1580,631.0,889.0,0.00,0.00,0.00,0,12.01
69383,1580,631.0,889.0,0.00,0.00,0.00,0,14.04
69384,1580,631.0,889.0,0.00,0.00,0.00,0,16.09
69386,1580,631.0,889.0,0.00,0.00,0.00,0,19.93
69812,1581,421.0,1150.0,0.00,0.00,0.00,0,12.01
69813,1581,421.0,1150.0,0.00,0.00,0.00,0,14.04
69814,1581,422.8,1152.5,0.08,0.11,0.14,0,7.87
69816,1581,422.8,1152.5,0.08,0.11,0.14,0,11.51
69817,1581,422.8,1152.5,0.08,0.11,0.14,0,13.68
69818,1581,422.8,1152.5,0.08,0.11,0.14,0,16.03
70332,1582,651.0,1364.0,0.00,0.00,0.00,0,12.01
70333,1582,653.0,1361.1,0.05,-0.07,0.09,0,7.47
70334,1582,653.5,1360.0,0.08,-0.14,0.16,0,6.31
70334,1583,664.0,1351.0,0.00,0.00,0.00,0,12.01
70336,1582,653.5,1360.0,0.08,-0.14,0.16,0,9.98
70336,1583,664.0,1351.0,0.00,0.00,0.00,0,15.14
70337,1582,653.5,1360.0,0.08,-0.14,0.16,0,12.14
70337,1583,664.0,1351.0,0.00,0.00,0.00,0,17.25
70338,1582,653.5,1360.0,0.08,-0.14,0.16,0,14.48
70338,1583,664.0,1351.0,0.00,0.00,0.00,0,19.50
70388,1584,941.0,1343.0,0.00,0.00,0.00,0,12.01
70389,1584,941.0,1343.0,0.00,0.00,0.00,0,14.04
70390,1584,941.0,1343.0,0.00,0.00,0.00,0,16.09
70392,1584,941.0,1343.0,0.00,0.00,0.00,0,19.95
70851,1585,1166.0,1157.0,0.00,0.00,0.00,0,12.01
70852,1585,1167.0,1156.7,0.03,-0.01,0.03,0,7.47
70852,1586,1193.0,1152.0,0.00,0.00,0.00,0,12.01
70852,1587,1201.0,1150.0,0.00,0.00,0.00,0,12.01
70852,1588,1161.0,1159.0,0.00,0.00,0.00,0,12.01
70853,1585,1175.5,1155.2,0.58,-0.10,0.59,0,6.30
70853,1586,1193.0,1152.0,0.00,0.00,0.00,0,14.03
70853,1587,1201.0,1150.0,0.00,0.00,0.00,0,14.03
70853,1588,1161.0,1159.0,0.00,0.00,0.00,0,14.03
70855,1585,1175.6,1155.2,0.58,-0.10,0.59,0,9.92
70855,1586,1193.0,1152.0,0.00,0.00,0.00,0,17.47
70855,1587,1201.0,1150.0,0.00,0.00,0.00,0,17.47
70855,1588,1161.0,1159.0,0.00,0.00,0.00,0,17.47
70856,1585,1175.6,1155.2,0.58,-0.10,0.59,0,12.12
70856,1586,1193.0,1152.0,0.00,0.00,0.00,0,19.65
70856,1587,1201.0,1150.0,0.00,0.00,0.00,0,19.65
70856,1588,1161.0,1159.0,0.00,0.00,0.00,0,19.65
70857,1585,1175.7,1155.2,0.58,-0.10,0.59,0,14.52
70991,1589,1039.0,868.0,0.00,0.00,0.00,0,12.01
70992,1589,1039.0,868.0,0.00,0.00,0.00,0,14.04
70993,1589,1039.0,868.0,0.00,0.00,0.00,0,16.08
70995,1589,1039.0,868.0,0.00,0.00,0.00,0,19.90
71134,1590,459.0,1183.0,0.00,0.00,0.00,0,12.01
71135,1590,459.0,1183.0,0.00,0.00,0.00,0,14.04
71136,1590,459.0,1183.0,0.00,0.00,0.00,0,16.09
71138,1590,459.0,1183.0,0.00,0.00,0.00,0,19.97
71174,1591,1192.0,1219.0,0.00,0.00,0.00,0,12.01
71175,1591,1192.0,1219.0,0.00,0.00,0.00,0,14.04
71176,1591,1192.0,1219.0,0.00,0.00,0.00,0,16.09
71178,1591,1192.0,1219.0,0.00,0.00,0.00,0,19.95
71213,1592,820.0,1268.0,0.00,0.00,0.00,0,12.01
71215,1594,857.0,1272.0,0.00,0.00,0.00,0,12.01
71216,1594,856.7,1272.0,-0.01,0.00,0.01,0,7.47
71216,1595,868.0,1278.0,0.00,0.00,0.00,0,12.01
71217,1594,859.3,1273.3,0.16,0.08,0.18,0,6.31
71219,1594,859.4,1273.3,0.16,0.08,0.18,0,9.97
71220,1594,859.4,1273.3,0.16,0.08,0.18,0,12.13
71221,1594,859.4,1273.3,0.16,0.08,0.18,0,14.47
71300,1596,1065.0,1310.0,0.00,0.00,0.00,0,12.08
71302,1598,1085.0,1300.0,0.00,0.00,0.00,0,12.01
71302,1599,1076.0,1306.0,0.00,0.00,0.00,0,12.01
71303,1598,1085.7,1299.0,0.01,-0.02,0.02,0,7.47
71303,1599,1076.0,1306.0,0.00,0.00,0.00,0,14.03
71304,1598,1087.0,1297.7,0.09,-0.10,0.13,0,6.31
71306,1598,1087.1,1297.7,0.09,-0.10,0.13,0,9.96
71307,1598,1087.1,1297.7,0.09,-0.10,0.13,0,12.12
71308,1598,1087.1,1297.7,0.09,-0.10,0.13,0,14.46
71339,1600,459.0,720.0,0.00,0.00,0.00,0,12.01
71339,1601,469.0,720.0,0.00,0.00,0.00,0,12.01
71339,1602,401.0,740.0,0.00,0.00,0.00,0,12.01
71339,1603,456.0,728.0,0.00,0.00,0.00,0,12.01
71339,1604,861.0,980.0,0.00,0.00,0.00,0,12.01
71339,1605,864.0,994.0,0.00,0.00,0.00,0,12.01
71341,1608,866.0,1009.0,0.00,0.00,0.00,0,12.01
71341,1609,867.0,1024.0,0.00,0.00,0.00,0,12.01
71342,1608,866.3,1013.3,0.01,0.09,0.09,0,7.46
71342,1609,867.3,1025.6,0.01,0.03,0.03,0,7.46
71343,1608,866.3,1013.3,0.01,0.09,0.09,0,9.48
71345,1608,866.3,1013.3,0.01,0.09,0.09,0,13.04
71346,1608,866.3,1013.3,0.01,0.09,0.09,0,15.23
71509,1610,457.0,772.0,0.00,0.00,0.00,0,12.01
71510,1610,457.0,771.7,0.00,-0.01,0.01,0,7.48
71510,1611,468.0,781.0,0.00,0.00,0.00,0,12.01
71511,1610,457.0,771.7,0.00,-0.01,0.01,0,9.52
71513,1610,457.0,771.7,0.00,-0.01,0.01,0,13.29
71514,1610,457.0,771.7,0.00,-0.01,0.01,0,15.46
71662,1612,419.0,954.0,0.00,0.00,0.00,0,12.01
71663,1612,419.0,954.0,0.00,0.00,0.00,0,14.04
71664,1612,419.0,954.0,0.00,0.00,0.00,0,16.09
71666,1612,419.0,954.0,0.00,0.00,0.00,0,19.94
72246,1613,1494.0,515.0,0.00,0.00,0.00,0,12.01
72247,1613,1495.6,514.3,0.04,-0.02,0.04,0,7.47
72248,1613,1492.1,516.3,-0.19,0.11,0.22,0,6.31
72250,1613,1492.1,516.3,-0.19,0.11,0.22,0,9.97
72251,1613,1492.1,516.3,-0.19,0.11,0.22,0,12.14
72252,1613,1492.1,516.3,-0.19,0.11,0.22,0,14.48
72345,1614,750.0,1314.0,0.00,0.00,0.00,0,12.01
72346,1614,749.3,1314.0,-0.02,0.00,0.02,0,7.48
72346,1615,758.0,1314.0,0.00,0.00,0.00,0,12.01
72347,1614,752.3,1313.7,0.18,-0.02,0.18,0,6.31
72347,1615,758.0,1314.0,0.00,0.00,0.00,0,14.04
72349,1614,752.4,1313.7,0.18,-0.02,0.18,0,10.00
72349,1615,758.0,1314.0,0.00,0.00,0.00,0,17.55
72350,1614,752.4,1313.7,0.18,-0.02,0.18,0,12.13
72350,1615,758.0,1314.0,0.00,0.00,0.00,0,19.67
72351,1614,752.4,1313.7,0.18,-0.02,0.18,0,14.48
72543,1616,622.0,1342.0,0.00,0.00,0.00,0,12.01
72544,1616,621.0,1339.7,-0.03,-0.06,0.06,0,7.48
72545,1616,620.8,1339.0,-0.04,-0.11,0.11,0,6.31
72545,1617,618.0,1329.0,0.00,0.00,0.00,0,12.01
72547,1616,620.7,1339.0,-0.04,-0.11,0.11,0,9.95
72547,1617,618.0,1329.0,0.00,0.00,0.00,0,15.11
72548,1616,620.7,1339.0,-0.04,-0.11,0.11,0,12.13
72548,1617,618.0,1329.0,0.00,0.00,0.00,0,17.24
72549,1616,620.7,1339.0,-0.04,-0.11,0.11,0,14.48
72549,1617,618.0,1329.0,0.00,0.00,0.00,0,19.49
72580,1618,1005.0,1349.0,0.00,0.00,0.00,0,12.01
72581,1618,1009.6,1351.6,0.11,0.07,0.13,0,7.48
72582,1618,1011.5,1352.5,0.25,0.13,0.28,0,6.31
72584,1618,1011.6,1352.5,0.25,0.13,0.28,0,9.98
72585,1618,1011.6,1352.5,0.25,0.13,0.28,0,12.11
72586,1618,1011.6,1352.5,0.25,0.13,0.28,0,14.51
72617,1620,1564.0,940.0,0.00,0.00,0.00,0,12.01
72617,1621,1557.0,945.0,0.00,0.00,0.00,0,12.01
72619,1622,1550.0,947.0,0.00,0.00,0.00,0,12.01
72620,1622,1548.7,947.7,-0.03,0.02,0.03,0,7.47
72621,1622,1547.0,948.8,-0.14,0.09,0.16,0,6.30
72623,1622,1546.9,948.8,-0.14,0.09,0.16,0,9.94
72624,1622,1546.9,948.8,-0.14,0.09,0.16,0,12.13
72625,1622,1546.9,948.8,-0.14,0.09,0.16,0,14.48
72683,1623,514.0,886.0,0.00,0.00,0.00,0,12.01
72685,1625,533.0,864.0,0.00,0.00,0.00,0,12.01
72686,1625,533.0,864.0,0.00,0.00,0.00,0,14.04
72687,1625,533.0,864.0,0.00,0.00,0.00,0,16.09
72689,1625,533.0,864.0,0.00,0.00,0.00,0,20.01
72893,1626,816.0,1215.0,0.00,0.00,0.00,0,12.01
72893,1627,823.0,1216.0,0.00,0.00,0.00,0,12.01
72895,1629,799.0,1212.0,0.00,0.00,0.00,0,12.01
72896,1629,792.1,1211.3,-0.17,-0.02,0.17,0,7.48
72897,1629,792.1,1211.3,-0.17,-0.02,0.17,0,9.52
72899,1629,792.1,1211.3,-0.17,-0.02,0.17,0,13.31
72900,1629,792.1,1211.3,-0.17,-0.02,0.17,0,15.47
72932,1630,644.0,1084.0,0.00,0.00,0.00,0,12.01
72934,1632,659.0,1098.0,0.00,0.00,0.00,0,12.01
72934,1633,668.0,1107.0,0.00,0.00,0.00,0,12.01
72935,1632,661.6,1100.6,0.05,0.05,0.08,0,7.47
72935,1633,671.6,1109.6,0.07,0.05,0.09,0,7.47
72936,1632,665.8,1104.3,0.28,0.25,0.37,0,6.30
72938,1632,665.9,1104.4,0.28,0.25,0.37,0,9.97
72939,1632,665.9,1104.4,0.28,0.25,0.37,0,12.11
72940,1632,665.9,1104.4,0.28,0.25,0.37,0,14.46
72972,1634,823.0,1381.0,0.00,0.00,0.00,0,12.17
72973,1634,823.0,1381.0,0.00,0.00,0.00,0,7.52
72973,1635,826.0,1370.0,0.00,0.00,0.00,0,12.01
72974,1634,823.8,1378.7,0.09,-0.27,0.28,0,6.33
72974,1635,826.7,1367.4,0.01,-0.05,0.05,0,7.47
72976,1634,823.8,1378.6,0.09,-0.27,0.28,0,10.00
72976,1635,826.7,1367.4,0.01,-0.05,0.05,0,10.76
72977,1634,823.8,1378.6,0.09,-0.27,0.28,0,12.23
72977,1635,826.7,1367.4,0.01,-0.05,0.05,0,12.95
72978,1634,823.8,1378.6,0.09,-0.27,0.28,0,14.58
72978,1635,826.7,1367.4,0.01,-0.05,0.05,0,15.24
73013,1636,759.0,72.0,0.00,0.00,0.00,0,12.02
73014,1636,759.0,72.0,0.00,0.00,0.00,0,7.47
73015,1636,759.0,72.0,0.00,0.00,0.00,0,9.49
73017,1636,759.0,72.0,0.00,0.00,0.00,0,13.16
73018,1636,759.0,72.0,0.00,0.00,0.00,0,15.30
73238,1637,1289.0,474.0,0.00,0.00,0.00,0,12.07
73239,1637,1290.0,476.0,0.07,0.13,0.15,0,7.50
73240,1637,1290.0,476.0,0.07,0.13,0.15,0,9.53
73242,1637,1290.0,476.0,0.07,0.13,0.15,0,13.26
73243,1637,1290.0,476.0,0.07,0.13,0.15,0,15.32
73284,1638,880.0,941.0,0.00,0.00,0.00,0,12.01
73285,1638,879.3,945.6,-0.02,0.11,0.12,0,7.48
73286,1638,879.3,945.6,-0.02,0.11,0.12,0,9.52
73288,1638,879.3,945.6,-0.02,0.11,0.12,0,13.29
73289,1638,879.3,945.6,-0.02,0.11,0.12,0,15.47
73337,1639,296.0,637.0,0.00,0.00,0.00,0,12.01
73338,1639,298.9,635.7,0.07,-0.03,0.08,0,7.47
73339,1639,302.6,633.7,0.30,-0.16,0.34,0,6.31
73341,1639,302.6,633.7,0.30,-0.16,0.34,0,9.98
73342,1639,302.7,633.7,0.30,-0.16,0.34,0,12.13
73343,1639,302.7,633.7,0.30,-0.16,0.34,0,14.53
73390,1640,892.0,1385.0,0.00,0.00,0.00,0,12.01
73391,1640,892.7,1385.0,0.02,0.00,0.02,0,7.47
73391,1641,877.0,1384.0,0.00,0.00,0.00,0,12.01
73392,1640,889.1,1384.7,-0.21,-0.02,0.21,0,6.30
73394,1640,889.1,1384.7,-0.21,-0.02,0.21,0,9.96
73395,1640,889.1,1384.7,-0.21,-0.02,0.21,0,12.13
73396,1640,889.1,1384.7,-0.21,-0.02,0.21,0,14.47
73461,1642,544.0,1218.0,0.00,0.00,0.00,0,12.01
73462,1642,541.7,1218.7,-0.06,0.02,0.06,0,7.47
73463,1642,540.8,1219.0,-0.11,0.04,0.12,0,6.31
73465,1642,540.7,1219.0,-0.11,0.04,0.12,0,9.97
73466,1642,540.7,1219.0,-0.11,0.04,0.12,0,12.14
73467,1642,540.7,1219.0,-0.11,0.04,0.12,0,14.48
73499,1643,568.0,873.0,0.00,0.00,0.00,0,12.03
73501,1645,538.0,852.0,0.00,0.00,0.00,0,12.00
73501,1646,554.0,863.0,0.00,0.00,0.00,0,12.00
73502,1645,537.7,851.7,-0.00,-0.00,0.01,0,7.47
73502,1646,554.0,863.0,0.00,0.00,0.00,0,14.02
73502,1647,512.0,836.0,0.00,0.00,0.00,0,12.01
73503,1645,537.7,851.7,-0.00,-0.00,0.01,0,9.51
73505,1645,537.7,851.7,-0.00,-0.00,0.01,0,13.23
73506,1645,537.7,851.7,-0.00,-0.00,0.01,0,15.41
73667,1648,442.0,727.0,0.00,0.00,0.00,0,12.01
73996,1650,1211.0,1288.0,0.00,0.00,0.00,0,12.01
73997,1650,1204.8,1288.0,-0.16,0.00,0.16,0,7.47
73998,1650,1201.7,1288.3,-0.36,0.02,0.36,0,6.31
74000,1650,1201.6,1288.3,-0.36,0.02,0.36,0,9.97
74001,1650,1201.6,1288.3,-0.36,0.02,0.36,0,12.12
74002,1650,1201.6,1288.3,-0.36,0.02,0.36,0,14.46
74426,1652,948.0,1299.0,0.00,0.00,0.00,0,12.01
74426,1653,936.0,1324.0,0.00,0.00,0.00,0,12.01
74428,1656,971.0,1260.0,0.00,0.00,0.00,0,12.01
74428,1657,956.0,1278.0,0.00,0.00,0.00,0,12.01
74429,1656,970.3,1261.0,-0.02,0.02,0.03,0,7.47
74429,1657,956.0,1278.0,0.00,0.00,0.00,0,14.04
74429,1658,988.0,1250.0,0.00,0.00,0.00,0,12.01
74430,1656,974.4,1258.4,0.25,-0.14,0.29,0,6.31
74430,1657,956.0,1278.0,0.00,0.00,0.00,0,16.09
74432,1656,974.4,1258.4,0.25,-0.14,0.29,0,9.95
74432,1657,956.0,1278.0,0.00,0.00,0.00,0,19.95
74433,1656,974.4,1258.4,0.25,-0.14,0.29,0,12.13
74434,1656,974.5,1258.4,0.25,-0.14,0.29,0,14.47
74788,1660,619.0,1161.0,0.00,0.00,0.00,0,12.01
74789,1660,619.0,1161.0,0.00,0.00,0.00,0,14.04
74790,1660,617.2,1159.9,-0.08,-0.05,0.10,0,7.87
74792,1660,617.2,1159.9,-0.08,-0.05,0.10,0,11.52
74793,1660,617.2,1159.9,-0.08,-0.05,0.10,0,13.68
74794,1660,617.2,1159.9,-0.08,-0.05,0.10,0,16.02
74869,1661,1335.0,595.0,0.00,0.00,0.00,0,12.01
74870,1661,1336.6,594.3,0.04,-0.02,0.04,0,7.48
74871,1661,1336.6,594.3,0.04,-0.02,0.04,0,9.52
74873,1661,1336.7,594.3,0.04,-0.02,0.04,0,13.29
74874,1661,1336.7,594.3,0.04,-0.02,0.04,0,15.47
75184,1662,666.0,531.0,0.00,0.00,0.00,0,12.01
75185,1662,666.0,530.7,0.00,-0.01,0.01,0,7.47
75185,1663,671.0,537.0,0.00,0.00,0.00,0,12.01
75186,1662,666.0,530.7,0.00,-0.01,0.01,0,9.52
75188,1662,666.0,530.7,0.00,-0.01,0.01,0,13.30
75189,1662,666.0,530.7,0.00,-0.01,0.01,0,15.46
75787,1664,556.0,563.0,0.00,0.00,0.00,0,12.01
75788,1664,556.3,564.3,0.01,0.03,0.03,0,7.47
75788,1665,559.0,578.0,0.00,0.00,0.00,0,12.01
75789,1664,556.3,564.3,0.01,0.03,0.03,0,9.51
75791,1664,556.3,564.3,0.01,0.03,0.03,0,13.27
75792,1664,556.3,564.3,0.01,0.03,0.03,0,15.46
76099,1666,1534.0,658.0,0.00,0.00,0.00,0,12.01
76100,1666,1527.4,658.7,-0.16,0.02,0.16,0,7.48
76101,1666,1524.5,659.0,-0.35,0.04,0.36,0,6.30
76103,1666,1524.4,659.0,-0.35,0.04,0.36,0,9.93
76104,1666,1524.4,659.0,-0.35,0.04,0.36,0,12.13
76105,1666,1524.4,659.0,-0.35,0.04,0.36,0,14.48
76136,1668,1155.0,1122.0,0.00,0.00,0.00,0,12.01
76136,1669,1155.0,1129.0,0.00,0.00,0.00,0,12.01
76308,1670,358.0,1026.0,0.00,0.00,0.00,0,12.01
76309,1670,357.7,1026.7,-0.01,0.02,0.02,0,7.47
76309,1671,367.0,1011.0,0.00,0.00,0.00,0,12.01
76310,1670,360.3,1022.6,0.17,-0.25,0.30,0,6.31
76310,1671,369.3,1005.8,0.06,-0.13,0.14,0,7.47
76312,1670,360.4,1022.6,0.17,-0.25,0.30,0,9.99
76312,1671,369.3,1005.7,0.06,-0.13,0.14,0,10.88
76313,1670,360.4,1022.6,0.17,-0.25,0.30,0,12.12
76313,1671,369.3,1005.7,0.06,-0.13,0.14,0,13.00
76314,1670,360.4,1022.5,0.17,-0.25,0.30,0,14.52
76314,1671,369.3,1005.7,0.06,-0.13,0.14,0,15.33
76351,1672,1127.0,1300.0,0.00,0.00,0.00,0,12.01
76352,1672,1126.3,1300.0,-0.02,0.00,0.02,0,7.48
76352,1673,1140.0,1293.0,0.00,0.00,0.00,0,12.01
76353,1672,1129.3,1298.5,0.18,-0.10,0.21,0,6.31
76355,1672,1129.4,1298.4,0.18,-0.10,0.21,0,9.96
76356,1672,1129.4,1298.4,0.18,-0.10,0.21,0,12.13
76357,1672,1129.4,1298.4,0.18,-0.10,0.21,0,14.52
76646,1674,378.0,983.0,0.00,0.00,0.00,0,12.01
76646,1675,378.0,992.0,0.00,0.00,0.00,0,12.01
76786,1676,474.0,853.0,0.00,0.00,0.00,0,12.01
76787,1676,474.0,853.0,0.00,0.00,0.00,0,7.48
76788,1676,474.0,853.0,0.00,0.00,0.00,0,9.52
76790,1676,474.0,853.0,0.00,0.00,0.00,0,13.31
76791,1676,474.0,853.0,0.00,0.00,0.00,0,15.46
76876,1677,459.0,823.0,0.00,0.00,0.00,0,12.01
76877,1677,459.0,823.0,0.00,0.00,0.00,0,14.04
76878,1677,459.0,823.0,0.00,0.00,0.00,0,16.09
76880,1677,459.0,823.0,0.00,0.00,0.00,0,19.96
77699,1678,688.0,958.0,0.00,0.00,0.00,0,12.01
77705,1680,753.0,1146.0,0.00,0.00,0.00,0,12.01
77706,1680,753.3,1147.3,0.01,0.03,0.03,0,7.47
77707,1680,753.5,1147.7,0.02,0.06,0.06,0,6.31
77709,1680,753.5,1147.8,0.02,0.06,0.06,0,9.95
77710,1680,753.5,1147.8,0.02,0.06,0.06,0,12.12
77711,1680,753.5,1147.8,0.02,0.06,0.06,0,14.52
77747,1681,798.0,1270.0,0.00,0.00,0.00,0,12.01
77776,1683,804.0,1291.0,0.00,0.00,0.00,0,12.01
77777,1683,804.0,1290.7,0.00,-0.01,0.01,0,7.47
77777,1684,839.0,1266.0,0.00,0.00,0.00,0,12.01
77777,1685,831.0,1272.0,0.00,0.00,0.00,0,12.01
77778,1683,804.0,1290.7,0.00,-0.01,0.01,0,9.52
77780,1683,804.0,1290.7,0.00,-0.01,0.01,0,13.28
77781,1683,804.0,1290.7,0.00,-0.01,0.01,0,15.46
77888,1687,983.0,257.0,0.00,0.00,0.00,0,12.01
77889,1687,976.8,259.6,-0.15,0.07,0.17,0,7.47
77890,1687,976.8,259.6,-0.15,0.07,0.17,0,9.52
77890,1688,930.0,276.0,0.00,0.00,0.00,0,12.01
77892,1687,976.7,259.6,-0.15,0.07,0.17,0,13.31
77892,1688,930.0,276.0,0.00,0.00,0.00,0,15.14
77893,1687,976.7,259.6,-0.15,0.07,0.17,0,15.46
77893,1688,930.0,276.0,0.00,0.00,0.00,0,17.25
77894,1688,930.0,276.0,0.00,0.00,0.00,0,19.54
78015,1689,442.0,654.0,0.00,0.00,0.00,0,12.01
78016,1689,441.7,653.7,-0.01,-0.01,0.01,0,7.48
78016,1690,453.0,659.0,0.00,0.00,0.00,0,12.01
78017,1689,444.1,655.0,0.15,0.08,0.17,0,6.31
78017,1690,456.3,660.6,0.08,0.04,0.09,0,7.48
78019,1689,444.1,655.1,0.15,0.08,0.17,0,9.97
78019,1690,456.3,660.7,0.08,0.04,0.09,0,10.86
78020,1689,444.1,655.1,0.15,0.08,0.17,0,12.13
78020,1690,456.3,660.7,0.08,0.04,0.09,0,13.00
78021,1689,444.1,655.1,0.15,0.08,0.17,0,14.54
78021,1690,456.3,660.7,0.08,0.04,0.09,0,15.35
78060,1691,1380.0,795.0,0.00,0.00,0.00,0,12.01
78061,1691,1384.9,796.6,0.12,0.04,0.13,0,7.47
78062,1691,1387.3,797.5,0.27,0.10,0.29,0,6.31
78062,1692,1409.0,805.0,0.00,0.00,0.00,0,12.01
78064,1691,1387.3,797.5,0.27,0.10,0.29,0,10.03
78064,1692,1409.0,805.0,0.00,0.00,0.00,0,15.18
78065,1691,1387.3,797.5,0.27,0.10,0.29,0,12.13
78065,1692,1409.0,805.0,0.00,0.00,0.00,0,17.25
78066,1691,1387.3,797.5,0.27,0.10,0.29,0,14.49
78066,1692,1409.0,805.0,0.00,0.00,0.00,0,19.50
78205,1693,579.0,1199.0,0.00,0.00,0.00,0,12.01
78206,1693,579.0,1199.0,0.00,0.00,0.00,0,14.04
78207,1693,579.0,1199.0,0.00,0.00,0.00,0,16.09
78209,1693,579.0,1199.0,0.00,0.00,0.00,0,19.98
78685,1694,527.0,785.0,0.00,0.00,0.00,0,12.01
78686,1694,527.0,785.0,0.00,0.00,0.00,0,14.04
78687,1694,527.0,785.0,0.00,0.00,0.00,0,16.09
78689,1694,527.0,785.0,0.00,0.00,0.00,0,19.96
78739,1697,693.0,1177.0,0.00,0.00,0.00,0,12.01
78740,1697,693.0,1177.0,0.00,0.00,0.00,0,14.04
78741,1697,693.0,1177.0,0.00,0.00,0.00,0,16.09
78743,1697,693.0,1177.0,0.00,0.00,0.00,0,19.93
78803,1698,457.0,1129.0,0.00,0.00,0.00,0,12.01
78805,1700,465.0,1142.0,0.00,0.00,0.00,0,12.01
78806,1700,465.0,1142.0,0.00,0.00,0.00,0,14.04
78807,1700,465.0,1142.0,0.00,0.00,0.00,0,16.09
78809,1700,465.0,1142.0,0.00,0.00,0.00,0,19.94
79166,1701,316.0,604.0,0.00,0.00,0.00,0,12.01
79167,1701,316.0,604.0,0.00,0.00,0.00,0,14.04
79168,1701,316.0,604.0,0.00,0.00,0.00,0,16.09
79170,1701,316.0,604.0,0.00,0.00,0.00,0,19.97
79205,1702,1085.0,1197.0,0.00,0.00,0.00,0,12.01
79207,1704,1058.0,1168.0,0.00,0.00,0.00,0,12.01
79207,1705,1068.0,1183.0,0.00,0.00,0.00,0,12.01
79208,1704,1058.3,1169.0,0.01,0.02,0.02,0,7.48
79208,1705,1064.1,1174.2,-0.09,-0.20,0.22,0,7.48
79209,1704,1057.7,1166.9,-0.03,-0.11,0.12,0,6.31
79211,1704,1057.7,1166.9,-0.03,-0.11,0.12,0,9.95
79212,1704,1057.7,1166.9,-0.03,-0.11,0.12,0,12.12
79213,1704,1057.7,1166.9,-0.03,-0.11,0.12,0,14.47
79286,1706,1020.0,1114.0,0.00,0.00,0.00,0,12.01
79288,1709,1081.0,1185.0,0.00,0.00,0.00,0,12.01
79288,1710,1085.0,1193.0,0.00,0.00,0.00,0,12.01
79289,1709,1080.3,1184.3,-0.02,-0.02,0.02,0,7.47
79289,1710,1084.7,1193.3,-0.01,0.01,0.01,0,7.47
79289,1711,1124.0,1228.0,0.00,0.00,0.00,0,12.01
79289,1712,1131.0,1226.0,0.00,0.00,0.00,0,12.01
79289,1713,1134.0,1231.0,0.00,0.00,0.00,0,12.01
79290,1709,1080.3,1184.3,-0.02,-0.02,0.02,0,9.52
79292,1709,1080.3,1184.3,-0.02,-0.02,0.02,0,13.28
79293,1709,1080.3,1184.3,-0.02,-0.02,0.02,0,15.47
79415,1714,980.0,413.0,0.00,0.00,0.00,0,12.01
79416,1714,980.0,413.0,0.00,0.00,0.00,0,7.48
79417,1714,980.0,413.0,0.00,0.00,0.00,0,9.52
79419,1714,980.0,413.0,0.00,0.00,0.00,0,13.31
79420,1714,980.0,413.0,0.00,0.00,0.00,0,15.46
79710,1715,792.0,977.0,0.00,0.00,0.00,0,12.01
79711,1715,796.6,980.3,0.11,0.08,0.14,0,7.48
79712,1715,800.0,982.8,0.34,0.25,0.42,0,6.31
79714,1715,800.1,982.8,0.34,0.25,0.42,0,9.99
79715,1715,800.1,982.9,0.34,0.25,0.42,0,12.12
79716,1715,800.2,982.9,0.34,0.25,0.42,0,14.47
79755,1716,1279.0,1292.0,0.00,0.00,0.00,0,12.01
79756,1716,1279.0,1292.7,0.00,0.02,0.02,0,7.47
79757,1716,1279.0,1292.7,0.00,0.02,0.02,0,9.52
79759,1716,1279.0,1292.7,0.00,0.02,0.02,0,13.30
79760,1716,1279.0,1292.7,0.00,0.02,0.02,0,15.46
79792,1717,1330.0,505.0,0.00,0.00,0.00,0,12.01
79792,1718,1326.0,526.0,0.00,0.00,0.00,0,12.01
79793,1717,1330.0,505.7,0.00,0.02,0.02,0,7.51
79793,1718,1329.0,513.5,0.07,-0.31,0.31,0,7.51
79794,1717,1331.0,501.9,0.11,-0.39,0.40,0,6.32
79796,1717,1331.1,501.8,0.11,-0.39,0.40,0,10.03
79797,1717,1331.1,501.8,0.11,-0.39,0.40,0,12.31
79798,1717,1331.1,501.7,0.11,-0.39,0.40,0,14.72
79837,1720,661.0,592.0,0.00,0.00,0.00,0,12.01
79838,1720,661.3,592.0,0.01,0.00,0.01,0,7.48
79838,1721,648.0,605.0,0.00,0.00,0.00,0,12.01
79839,1720,658.2,595.3,-0.20,0.22,0.30,0,6.30
79841,1720,658.1,595.4,-0.20,0.22,0.30,0,9.95
79842,1720,658.1,595.4,-0.20,0.22,0.30,0,12.13
79843,1720,658.1,595.4,-0.20,0.22,0.30,0,14.48
79880,1722,1145.0,421.0,0.00,0.00,0.00,0,12.01
79881,1722,1145.0,421.0,0.00,0.00,0.00,0,14.04
79882,1722,1145.0,421.0,0.00,0.00,0.00,0,16.09
79884,1722,1145.0,421.0,0.00,0.00,0.00,0,19.93
79918,1725,695.0,1186.0,0.00,0.00,0.00,0,12.03
79919,1725,695.0,1186.0,0.00,0.00,0.00,0,14.06
79920,1725,695.0,1186.0,0.00,0.00,0.00,0,16.09
79922,1725,695.0,1186.0,0.00,0.00,0.00,0,19.90
80001,1727,1308.0,757.0,0.00,0.00,0.00,0,12.01
80002,1727,1308.0,756.7,0.00,-0.01,0.01,0,7.47
80002,1728,1305.0,734.0,0.00,0.00,0.00,0,12.01
80003,1727,1307.5,751.6,-0.03,-0.34,0.34,0,6.31
80003,1728,1307.9,727.4,0.07,-0.16,0.17,0,7.47
80005,1727,1307.5,751.5,-0.03,-0.34,0.34,0,9.97
80005,1728,1308.0,727.4,0.07,-0.16,0.17,0,10.86
80006,1727,1307.5,751.5,-0.03,-0.34,0.34,0,12.12
80006,1728,1308.0,727.4,0.07,-0.16,0.17,0,12.99
80007,1727,1307.5,751.5,-0.03,-0.34,0.34,0,14.46
80007,1728,1308.0,727.4,0.07,-0.16,0.17,0,15.28
80073,1729,692.0,1008.0,0.00,0.00,0.00,0,12.01
80074,1729,691.7,1008.3,-0.01,0.01,0.01,0,7.47
80075,1729,691.7,1008.3,-0.01,0.01,0.01,0,9.52
80077,1729,691.7,1008.3,-0.01,0.01,0.01,0,13.30
80078,1729,691.7,1008.3,-0.01,0.01,0.01,0,15.45
80598,1730,1138.0,531.0,0.00,0.00,0.00,0,12.01
80599,1730,1137.7,531.3,-0.01,0.01,0.01,0,7.48
80599,1731,1121.0,539.0,0.00,0.00,0.00,0,12.01
80600,1730,1133.6,533.0,-0.28,0.12,0.30,0,6.31
80600,1731,1116.7,541.9,-0.11,0.08,0.13,0,7.48
80602,1730,1133.6,533.1,-0.28,0.12,0.30,0,9.99
80602,1731,1116.7,542.0,-0.11,0.08,0.13,0,10.88
80603,1730,1133.6,533.1,-0.28,0.12,0.30,0,12.14
80603,1731,1116.7,542.0,-0.11,0.08,0.13,0,13.01
80604,1730,1133.6,533.1,-0.28,0.12,0.30,0,14.48
80604,1731,1116.7,542.0,-0.11,0.08,0.13,0,15.31
80635,1732,1491.0,964.0,0.00,0.00,0.00,0,12.01
80635,1733,1485.0,977.0,0.00,0.00,0.00,0,12.01
80636,1732,1489.0,967.9,-0.05,0.10,0.11,0,7.48
80636,1733,1482.1,980.6,-0.07,0.09,0.11,0,7.48
80637,1732,1485.7,972.8,-0.28,0.44,0.52,0,6.31
80639,1732,1485.6,973.0,-0.28,0.44,0.52,0,9.99
80640,1732,1485.6,973.0,-0.28,0.44,0.52,0,12.11
80641,1732,1485.6,973.0,-0.28,0.44,0.52,0,14.51
80761,1734,400.0,542.0,0.00,0.00,0.00,0,12.01
80762,1734,400.0,542.0,0.00,0.00,0.00,0,14.04
80762,1735,455.0,546.0,0.00,0.00,0.00,0,12.01
80763,1734,400.0,542.0,0.00,0.00,0.00,0,16.09
80765,1734,400.0,542.0,0.00,0.00,0.00,0,19.94
81058,1737,565.0,1179.0,0.00,0.00,0.00,0,12.01
81059,1737,565.0,1179.0,0.00,0.00,0.00,0,14.04
81060,1737,565.0,1179.0,0.00,0.00,0.00,0,16.09
81062,1737,565.0,1179.0,0.00,0.00,0.00,0,19.97
81348,1738,802.0,888.0,0.00,0.00,0.00,0,12.01
81349,1738,802.0,888.0,0.00,0.00,0.00,0,14.03
81350,1738,802.0,888.0,0.00,0.00,0.00,0,16.13
81352,1738,802.0,888.0,0.00,0.00,0.00,0,20.14
81413,1739,569.0,334.0,0.00,0.00,0.00,0,12.01
81415,1741,601.0,346.0,0.00,0.00,0.00,0,12.01
81415,1742,640.0,362.0,0.00,0.00,0.00,0,12.01
81415,1743,650.0,364.0,0.00,0.00,0.00,0,12.01
81415,1744,660.0,368.0,0.00,0.00,0.00,0,12.01
81416,1741,601.0,346.0,0.00,0.00,0.00,0,14.04
81416,1742,641.6,362.3,0.04,0.01,0.04,0,7.47
81416,1743,650.0,364.0,0.00,0.00,0.00,0,14.04
81416,1744,668.5,374.9,0.21,0.17,0.27,0,7.47
81417,1744,672.8,378.3,0.49,0.39,0.62,0,6.30
81417,1742,641.6,362.3,0.04,0.01,0.04,0,9.51
81417,1741,601.0,346.0,0.00,0.00,0.00,0,16.08
81419,1744,672.9,378.4,0.49,0.39,0.62,0,9.94
81419,1742,641.7,362.3,0.04,0.01,0.04,0,13.27
81419,1741,601.0,346.0,0.00,0.00,0.00,0,19.93
81420,1744,672.9,378.4,0.49,0.39,0.62,0,12.13
81420,1742,641.7,362.3,0.04,0.01,0.04,0,15.47
81421,1744,672.9,378.4,0.49,0.39,0.62,0,14.53
81606,1745,889.0,1200.0,0.00,0.00,0.00,0,12.01
81607,1745,889.7,1200.3,0.02,0.01,0.02,0,7.47
81607,1746,880.0,1183.0,0.00,0.00,0.00,0,12.01
81608,1745,887.4,1196.6,-0.13,-0.23,0.26,0,6.31
81608,1746,880.0,1176.8,0.00,-0.15,0.15,0,7.47
81610,1745,887.4,1196.6,-0.13,-0.23,0.26,0,9.98
81610,1746,880.0,1176.7,0.00,-0.15,0.15,0,10.88
81611,1745,887.4,1196.6,-0.13,-0.23,0.26,0,12.12
81611,1746,880.0,1176.7,0.00,-0.15,0.15,0,12.99
81612,1745,887.4,1196.6,-0.13,-0.23,0.26,0,14.46
81612,1746,880.0,1176.7,0.00,-0.15,0.15,0,15.29
81643,1747,1168.0,227.0,0.00,0.00,0.00,0,12.01
81643,1748,1179.0,231.0,0.00,0.00,0.00,0,12.01
81644,1747,1171.3,228.3,0.08,0.03,0.09,0,7.48
81644,1748,1179.0,231.0,0.00,0.00,0.00,0,14.04
81645,1747,1171.3,228.3,0.08,0.03,0.09,0,9.52
81647,1747,1171.3,228.3,0.08,0.03,0.09,0,13.34
81648,1747,1171.3,228.3,0.08,0.03,0.09,0,15.46
81691,1749,916.0,206.0,0.00,0.00,0.00,0,12.01
81692,1749,916.0,206.0,0.00,0.00,0.00,0,14.04
81693,1749,916.0,206.0,0.00,0.00,0.00,0,16.09
81695,1749,916.0,206.0,0.00,0.00,0.00,0,19.96
81820,1750,780.0,1015.0,0.00,0.00,0.00,0,12.01
81821,1750,780.0,1015.0,0.00,0.00,0.00,0,14.04
81822,1750,780.0,1015.0,0.00,0.00,0.00,0,16.09
81824,1750,780.0,1015.0,0.00,0.00,0.00,0,20.03
81857,1751,576.0,574.0,0.00,0.00,0.00,0,12.01
81859,1753,553.0,606.0,0.00,0.00,0.00,0,12.01
81859,1754,562.0,609.0,0.00,0.00,0.00,0,12.01
81859,1755,530.0,641.0,0.00,0.00,0.00,0,12.01
81860,1753,546.5,615.8,-0.14,0.20,0.24,0,7.46
81860,1754,562.0,609.0,0.00,0.00,0.00,0,14.02
81860,1755,524.8,649.5,-0.11,0.18,0.21,0,7.46
81861,1755,522.8,653.2,-0.19,0.34,0.39,0,6.28
81861,1753,546.4,615.8,-0.14,0.20,0.24,0,9.48
81863,1755,522.7,653.3,-0.19,0.34,0.39,0,9.72
81863,1753,546.4,615.9,-0.14,0.20,0.24,0,12.99
81864,1755,522.7,653.3,-0.19,0.34,0.39,0,11.94
81864,1753,546.4,615.9,-0.14,0.20,0.24,0,15.22
81865,1755,522.7,653.3,-0.19,0.34,0.39,0,14.27
81896,1757,774.0,1198.0,0.00,0.00,0.00,0,12.01
81896,1758,760.0,1203.0,0.00,0.00,0.00,0,12.01
81898,1759,801.0,1187.0,0.00,0.00,0.00,0,12.01
81898,1760,787.0,1192.0,0.00,0.00,0.00,0,12.01
81899,1759,801.0,1187.0,0.00,0.00,0.00,0,7.46
81899,1760,796.8,1188.7,0.20,-0.07,0.21,0,7.46
81900,1759,804.9,1185.7,0.17,-0.06,0.18,0,6.30
81902,1759,804.9,1185.7,0.17,-0.06,0.18,0,9.90
81903,1759,804.9,1185.7,0.17,-0.06,0.18,0,12.04
81904,1759,804.9,1185.7,0.17,-0.06,0.18,0,14.38
81978,1761,711.0,1126.0,0.00,0.00,0.00,0,12.01
81979,1761,712.0,1124.7,0.02,-0.03,0.04,0,7.48
81980,1761,714.8,1123.2,0.21,-0.13,0.25,0,6.31
81982,1761,714.9,1123.2,0.21,-0.13,0.25,0,9.95
81983,1761,714.9,1123.2,0.21,-0.13,0.25,0,12.13
81984,1761,714.9,1123.2,0.21,-0.13,0.25,0,14.47
82130,1762,1143.0,295.0,0.00,0.00,0.00,0,12.01
82132,1764,1144.0,326.0,0.00,0.00,0.00,0,12.01
82132,1765,1145.0,361.0,0.00,0.00,0.00,0,12.01
82133,1764,1144.7,337.5,0.02,0.27,0.27,0,7.48
82133,1765,1146.3,371.5,0.03,0.25,0.25,0,7.48
82134,1765,1147.0,376.0,0.08,0.55,0.55,0,6.31
82134,1764,1144.7,337.5,0.02,0.27,0.27,0,9.52
82136,1765,1147.0,376.2,0.08,0.55,0.55,0,10.02
82136,1764,1144.7,337.6,0.02,0.27,0.27,0,13.35
82137,1765,1147.0,376.2,0.08,0.55,0.55,0,12.13
82137,1764,1144.7,337.6,0.02,0.27,0.27,0,15.47
82138,1765,1147.0,376.2,0.08,0.55,0.55,0,14.55
82406,1767,456.0,1052.0,0.00,0.00,0.00,0,12.01
82407,1767,456.0,1052.0,0.00,0.00,0.00,0,14.03
82408,1767,456.0,1052.0,0.00,0.00,0.00,0,16.09
82410,1767,456.0,1052.0,0.00,0.00,0.00,0,19.98
83108,1768,506.0,600.0,0.00,0.00,0.00,0,12.01
83110,1772,534.0,623.0,0.00,0.00,0.00,0,12.01
83110,1773,520.0,626.0,0.00,0.00,0.00,0,12.01
83110,1774,535.0,633.0,0.00,0.00,0.00,0,12.01
83110,1775,579.0,648.0,0.00,0.00,0.00,0,12.01
83111,1772,534.0,623.0,0.00,0.00,0.00,0,14.03
83111,1773,520.0,626.0,0.00,0.00,0.00,0,14.03
83111,1774,535.0,633.0,0.00,0.00,0.00,0,14.03
83111,1775,577.7,646.7,-0.03,-0.03,0.05,0,7.47
83111,1776,641.0,655.0,0.00,0.00,0.00,0,12.01
83111,1777,634.0,660.0,0.00,0.00,0.00,0,12.01
83112,1775,577.7,646.7,-0.03,-0.03,0.05,0,9.52
83112,1772,534.0,623.0,0.00,0.00,0.00,0,16.09
83114,1775,577.7,646.7,-0.03,-0.03,0.05,0,13.29
83114,1772,534.0,623.0,0.00,0.00,0.00,0,19.95
83115,1775,577.7,646.7,-0.03,-0.03,0.05,0,15.47
83518,1778,794.0,997.0,0.00,0.00,0.00,0,12.01
83519,1778,794.0,997.0,0.00,0.00,0.00,0,14.03
83520,1778,804.2,997.7,0.45,0.03,0.46,0,7.87
83522,1778,804.3,997.7,0.45,0.03,0.46,0,11.55
83523,1778,804.3,997.7,0.45,0.03,0.46,0,13.69
83524,1778,804.3,997.7,0.45,0.03,0.46,0,16.04
83555,1780,1388.0,764.0,0.00,0.00,0.00,0,12.01
83557,1782,1407.0,785.0,0.00,0.00,0.00,0,12.01
83558,1782,1407.0,785.0,0.00,0.00,0.00,0,14.03
83559,1782,1407.0,785.0,0.00,0.00,0.00,0,16.08
83561,1782,1407.0,785.0,0.00,0.00,0.00,0,19.96
83773,1783,980.0,567.0,0.00,0.00,0.00,0,12.01
83774,1783,980.0,567.0,0.00,0.00,0.00,0,14.04
83775,1783,980.0,567.0,0.00,0.00,0.00,0,16.09
83777,1783,980.0,567.0,0.00,0.00,0.00,0,19.96
84203,1784,1178.0,230.0,0.00,0.00,0.00,0,12.01
84204,1784,1178.0,230.0,0.00,0.00,0.00,0,14.04
84205,1784,1178.0,230.0,0.00,0.00,0.00,0,16.09
84207,1784,1178.0,230.0,0.00,0.00,0.00,0,19.94
84417,1785,1024.0,1033.0,0.00,0.00,0.00,0,12.01
84418,1785,1024.3,1033.3,0.01,0.01,0.01,0,7.48
84419,1785,1024.3,1033.3,0.01,0.01,0.01,0,9.52
84421,1785,1024.3,1033.3,0.01,0.01,0.01,0,13.31
84422,1785,1024.3,1033.3,0.01,0.01,0.01,0,15.45
84454,1786,1457.0,867.0,0.00,0.00,0.00,0,12.01
84455,1786,1457.0,867.0,0.00,0.00,0.00,0,14.10
84456,1786,1457.0,867.0,0.00,0.00,0.00,0,16.16
84458,1786,1457.0,867.0,0.00,0.00,0.00,0,20.25
84937,1790,859.0,378.0,0.00,0.00,0.00,0,12.01
84938,1790,859.0,377.3,0.00,-0.02,0.02,0,7.48
84938,1791,866.0,391.0,0.00,0.00,0.00,0,12.01
84939,1790,860.8,380.6,0.12,0.20,0.24,0,6.31
84941,1790,860.8,380.7,0.12,0.20,0.24,0,9.97
84942,1790,860.8,380.7,0.12,0.20,0.24,0,12.12
84943,1790,860.8,380.7,0.12,0.20,0.24,0,14.46
85036,1792,852.0,1339.0,0.00,0.00,0.00,0,12.01
85037,1792,852.3,1339.3,0.01,0.01,0.01,0,7.48
85037,1793,863.0,1317.0,0.00,0.00,0.00,0,12.01
85038,1792,855.1,1334.1,0.20,-0.37,0.42,0,6.31
85040,1792,855.1,1334.0,0.20,-0.37,0.42,0,10.01
85041,1792,855.1,1334.0,0.20,-0.37,0.42,0,12.12
85042,1792,855.1,1334.0,0.20,-0.37,0.42,0,14.47
85073,1794,519.0,1061.0,0.00,0.00,0.00,0,12.01
85073,1795,532.0,1073.0,0.00,0.00,0.00,0,12.01
85075,1796,498.0,1035.0,0.00,0.00,0.00,0,12.01
85075,1797,508.0,1048.0,0.00,0.00,0.00,0,12.01
85076,1796,495.4,1030.1,-0.06,-0.11,0.13,0,7.47
85076,1797,508.0,1048.0,0.00,0.00,0.00,0,14.03
85077,1796,494.0,1027.7,-0.15,-0.26,0.30,0,6.31
85077,1797,508.0,1048.0,0.00,0.00,0.00,0,16.08
85079,1796,494.0,1027.7,-0.15,-0.26,0.30,0,9.96
85079,1797,508.0,1048.0,0.00,0.00,0.00,0,19.94
85080,1796,494.0,1027.7,-0.15,-0.26,0.30,0,12.11
85081,1796,493.9,1027.7,-0.15,-0.26,0.30,0,14.45
85126,1799,977.0,686.0,0.00,0.00,0.00,0,12.01
85127,1799,977.0,686.3,0.00,0.01,0.01,0,7.47
85127,1800,994.0,683.0,0.00,0.00,0.00,0,12.01
85128,1799,981.6,685.5,0.30,-0.05,0.30,0,6.31
85130,1799,981.7,685.5,0.30,-0.05,0.30,0,9.97
85131,1799,981.7,685.5,0.30,-0.05,0.30,0,12.12
85132,1799,981.7,685.5,0.30,-0.05,0.30,0,14.47
85163,1801,898.0,1243.0,0.00,0.00,0.00,0,12.01
85164,1801,898.0,1243.0,0.00,0.00,0.00,0,14.04
85165,1801,898.0,1243.0,0.00,0.00,0.00,0,16.09
85167,1801,898.0,1243.0,0.00,0.00,0.00,0,19.97
85353,1802,620.0,1252.0,0.00,0.00,0.00,0,12.01
85354,1802,619.3,1252.3,-0.02,0.01,0.02,0,7.48
85354,1803,622.0,1231.0,0.00,0.00,0.00,0,12.01
85355,1802,619.8,1247.4,0.01,-0.33,0.33,0,6.31
85355,1803,623.3,1226.7,0.03,-0.11,0.12,0,7.48
85357,1802,619.8,1247.3,0.01,-0.33,0.33,0,10.00
85357,1803,623.3,1226.7,0.03,-0.11,0.12,0,10.89
85358,1802,619.8,1247.3,0.01,-0.33,0.33,0,12.12
85358,1803,623.3,1226.7,0.03,-0.11,0.12,0,12.99
85359,1802,619.8,1247.2,0.01,-0.33,0.33,0,14.47
85359,1803,623.3,1226.7,0.03,-0.11,0.12,0,15.29
85433,1804,323.0,728.0,0.00,0.00,0.00,0,12.01
85433,1805,333.0,736.0,0.00,0.00,0.00,0,12.01
85433,1806,324.0,743.0,0.00,0.00,0.00,0,12.01
85447,1810,320.0,741.0,0.00,0.00,0.00,0,12.01
85447,1811,330.0,752.0,0.00,0.00,0.00,0,12.01
85447,1812,349.0,752.0,0.00,0.00,0.00,0,12.01
85447,1813,339.0,760.0,0.00,0.00,0.00,0,12.01
85447,1814,325.0,765.0,0.00,0.00,0.00,0,12.01
85447,1815,326.0,771.0,0.00,0.00,0.00,0,12.01
85448,1810,321.6,746.2,0.04,0.13,0.14,0,7.47
85448,1811,327.1,758.6,-0.07,0.16,0.18,0,7.47
85448,1812,343.1,761.5,-0.15,0.23,0.28,0,7.47
85448,1813,339.0,760.0,0.00,0.00,0.00,0,14.04
85448,1814,325.0,765.0,0.00,0.00,0.00,0,14.04
85448,1815,326.0,771.0,0.00,0.00,0.00,0,14.04
85448,1816,382.0,679.0,0.00,0.00,0.00,0,12.01
85448,1817,386.0,688.0,0.00,0.00,0.00,0,12.01
85448,1818,382.0,699.0,0.00,0.00,0.00,0,12.01
85448,1819,395.0,701.0,0.00,0.00,0.00,0,12.01
85449,1810,321.6,746.2,0.04,0.13,0.14,0,9.52
85449,1812,343.1,761.5,-0.15,0.23,0.28,0,9.52
85451,1810,321.7,746.3,0.04,0.13,0.14,0,13.28
85451,1812,343.1,761.6,-0.15,0.23,0.28,0,13.28
85452,1810,321.7,746.3,0.04,0.13,0.14,0,15.46
85452,1812,343.1,761.6,-0.15,0.23,0.28,0,15.46
85508,1820,376.0,1081.0,0.00,0.00,0.00,0,12.01
85509,1820,376.0,1081.0,0.00,0.00,0.00,0,14.04
85510,1820,376.0,1081.0,0.00,0.00,0.00,0,16.09
85512,1820,376.0,1081.0,0.00,0.00,0.00,0,19.95
85690,1821,693.0,477.0,0.00,0.00,0.00,0,12.01
85691,1821,692.0,474.4,-0.02,-0.06,0.07,0,7.47
85692,1821,692.0,474.4,-0.02,-0.06,0.07,0,9.52
85694,1821,692.0,474.4,-0.02,-0.06,0.07,0,13.35
85695,1821,692.0,474.4,-0.02,-0.06,0.07,0,15.46
85778,1822,1323.0,1164.0,0.00,0.00,0.00,0,12.01
85779,1822,1323.0,1164.0,0.00,0.00,0.00,0,14.04
85780,1822,1323.0,1164.0,0.00,0.00,0.00,0,16.09
85782,1822,1323.0,1164.0,0.00,0.00,0.00,0,20.03
85816,1825,1333.0,991.0,0.00,0.00,0.00,0,12.01
85816,1826,1320.0,995.0,0.00,0.00,0.00,0,12.01
85817,1825,1332.7,991.0,-0.01,0.00,0.01,0,7.47
85817,1826,1320.0,995.0,0.00,0.00,0.00,0,14.04
85818,1825,1332.7,991.0,-0.01,0.00,0.01,0,9.51
85820,1825,1332.7,991.0,-0.01,0.00,0.01,0,13.31
85821,1825,1332.7,991.0,-0.01,0.00,0.01,0,15.45
85903,1828,605.0,1003.0,0.00,0.00,0.00,0,12.01
85904,1828,605.3,1003.0,0.01,0.00,0.01,0,7.47
85904,1829,595.0,1000.0,0.00,0.00,0.00,0,12.01
85905,1828,602.9,1002.2,-0.14,-0.05,0.15,0,6.31
85907,1828,602.9,1002.2,-0.14,-0.05,0.15,0,9.98
85908,1828,602.9,1002.2,-0.14,-0.05,0.15,0,12.13
85909,1828,602.9,1002.2,-0.14,-0.05,0.15,0,14.48
86271,1830,439.0,817.0,0.00,0.00,0.00,0,12.01
86272,1830,436.7,817.0,-0.06,0.00,0.06,0,7.47
86272,1831,456.0,812.0,0.00,0.00,0.00,0,12.01
86273,1830,441.7,815.7,0.26,-0.08,0.27,0,6.31
86273,1831,456.0,812.0,0.00,0.00,0.00,0,14.04
86275,1830,441.7,815.7,0.26,-0.08,0.27,0,9.96
86275,1831,456.0,812.0,0.00,0.00,0.00,0,17.50
86276,1830,441.7,815.7,0.26,-0.08,0.27,0,12.12
86276,1831,456.0,812.0,0.00,0.00,0.00,0,19.65
86277,1830,441.8,815.7,0.26,-0.08,0.27,0,14.53
86448,1832,1323.0,878.0,0.00,0.00,0.00,0,12.02
86449,1832,1322.7,878.0,-0.01,0.00,0.01,0,7.50
86449,1833,1331.0,893.0,0.00,0.00,0.00,0,12.02
86450,1832,1324.8,881.9,0.19,0.36,0.40,0,6.31
86450,1833,1333.0,897.3,0.07,0.14,0.16,0,7.47
86452,1832,1324.9,882.0,0.19,0.36,0.40,0,9.92
86452,1833,1333.0,897.3,0.07,0.14,0.16,0,10.79
86453,1832,1324.9,882.0,0.19,0.36,0.40,0,12.23
86453,1833,1333.0,897.3,0.07,0.14,0.16,0,13.05
86454,1832,1324.9,882.0,0.19,0.36,0.40,0,14.59
86454,1833,1333.0,897.3,0.07,0.14,0.16,0,15.36
86633,1834,1013.0,1383.0,0.00,0.00,0.00,0,12.01
86635,1836,1028.0,1337.0,0.00,0.00,0.00,0,12.01
86635,1837,1020.0,1359.0,0.00,0.00,0.00,0,12.01
86636,1836,1027.3,1338.0,-0.02,0.02,0.03,0,7.47
86636,1837,1024.9,1347.2,0.12,-0.30,0.32,0,7.47
86637,1836,1028.8,1334.9,0.08,-0.17,0.19,0,6.31
86639,1836,1028.8,1334.9,0.08,-0.17,0.19,0,9.99
86640,1836,1028.8,1334.9,0.08,-0.17,0.19,0,12.13
86641,1836,1028.8,1334.8,0.08,-0.17,0.19,0,14.48
86750,1838,1145.0,376.0,0.00,0.00,0.00,0,12.01
86750,1839,1141.0,382.0,0.00,0.00,0.00,0,12.01
86752,1840,1128.0,398.0,0.00,0.00,0.00,0,12.01
86752,1841,1110.0,418.0,0.00,0.00,0.00,0,12.01
86753,1840,1122.4,403.9,-0.14,0.15,0.20,0,7.48
86753,1841,1110.0,418.0,0.00,0.00,0.00,0,14.04
86754,1840,1122.4,403.9,-0.14,0.15,0.20,0,9.52
86756,1840,1122.4,403.9,-0.14,0.15,0.20,0,13.34
86757,1840,1122.4,403.9,-0.14,0.15,0.20,0,15.46
86817,1843,595.0,1232.0,0.00,0.00,0.00,0,12.01
86818,1843,594.0,1232.0,-0.02,0.00,0.02,0,7.47
86818,1844,604.0,1231.0,0.00,0.00,0.00,0,12.01
86818,1845,630.0,1235.0,0.00,0.00,0.00,0,12.01
86819,1843,603.5,1232.8,0.60,0.05,0.60,0,6.31
86819,1844,604.0,1231.0,0.00,0.00,0.00,0,14.04
86819,1845,639.5,1236.3,0.23,0.03,0.24,0,7.47
86821,1843,603.7,1232.8,0.60,0.05,0.60,0,10.03
86821,1844,604.0,1231.0,0.00,0.00,0.00,0,17.57
86821,1845,639.6,1236.3,0.23,0.03,0.24,0,10.92
86822,1843,603.7,1232.8,0.60,0.05,0.60,0,12.11
86822,1844,604.0,1231.0,0.00,0.00,0.00,0,19.65
86822,1845,639.6,1236.3,0.23,0.03,0.24,0,12.99
86823,1843,603.7,1232.8,0.60,0.05,0.60,0,14.47
86823,1845,639.6,1236.3,0.23,0.03,0.24,0,15.29
87046,1846,568.0,642.0,0.00,0.00,0.00,0,12.01
87047,1846,572.6,630.9,0.11,-0.27,0.29,0,7.47
87048,1846,574.0,626.8,0.20,-0.53,0.57,0,6.31
87050,1846,574.0,626.6,0.20,-0.53,0.57,0,10.02
87051,1846,574.0,626.6,0.20,-0.53,0.57,0,12.12
87052,1846,574.0,626.6,0.20,-0.53,0.57,0,14.53
87102,1849,400.0,1134.0,0.00,0.00,0.00,0,12.01
87103,1849,402.9,1132.7,0.07,-0.03,0.08,0,7.48
87104,1849,406.6,1132.5,0.31,-0.04,0.31,0,6.31
87106,1849,406.7,1132.5,0.31,-0.04,0.31,0,10.00
87107,1849,406.7,1132.5,0.31,-0.04,0.31,0,12.14
87108,1849,406.7,1132.5,0.31,-0.04,0.31,0,14.49
87228,1850,1189.0,1211.0,0.00,0.00,0.00,0,12.01
87229,1850,1189.7,1211.7,0.02,0.02,0.02,0,7.47
87229,1851,1183.0,1170.0,0.00,0.00,0.00,0,12.01
87230,1850,1189.7,1211.7,0.02,0.02,0.02,0,9.51
87230,1851,1182.3,1170.0,-0.02,0.00,0.02,0,7.47
87232,1850,1189.7,1211.7,0.02,0.02,0.02,0,13.27
87232,1851,1182.3,1170.0,-0.02,0.00,0.02,0,10.84
87233,1850,1189.7,1211.7,0.02,0.02,0.02,0,15.46
87233,1851,1182.3,1170.0,-0.02,0.00,0.02,0,13.00
87234,1851,1182.3,1170.0,-0.02,0.00,0.02,0,15.30
87274,1852,468.0,1116.0,0.00,0.00,0.00,0,12.01
87274,1853,460.0,1128.0,0.00,0.00,0.00,0,12.01
87274,1854,452.0,1159.0,0.00,0.00,0.00,0,12.01
87275,1852,471.6,1110.4,0.10,-0.15,0.17,0,7.48
87275,1853,460.0,1128.0,0.00,0.00,0.00,0,14.04
87275,1854,448.4,1160.6,-0.10,0.04,0.10,0,7.48
87276,1852,473.3,1107.7,0.20,-0.33,0.38,0,6.31
87276,1854,448.4,1160.6,-0.10,0.04,0.10,0,9.52
87276,1853,460.0,1128.0,0.00,0.00,0.00,0,16.09
87278,1852,473.3,1107.7,0.20,-0.33,0.38,0,9.96
87278,1854,448.4,1160.7,-0.10,0.04,0.10,0,13.30
87278,1853,460.0,1128.0,0.00,0.00,0.00,0,19.97
87279,1852,473.3,1107.6,0.20,-0.33,0.38,0,12.13
87279,1854,448.4,1160.7,-0.10,0.04,0.10,0,15.47
87280,1852,473.3,1107.6,0.20,-0.33,0.38,0,14.48
87406,1855,1003.0,331.0,0.00,0.00,0.00,0,12.01
87407,1855,1003.0,331.0,0.00,0.00,0.00,0,14.04
87408,1855,1003.0,331.0,0.00,0.00,0.00,0,16.09
87410,1855,1003.0,331.0,0.00,0.00,0.00,0,19.96
87621,1857,618.0,1311.0,0.00,0.00,0.00,0,12.01
87622,1857,618.3,1311.0,0.01,0.00,0.01,0,7.47
87622,1858,618.0,1303.0,0.00,0.00,0.00,0,12.01
87623,1857,618.2,1309.2,0.00,-0.12,0.12,0,6.31
87623,1858,618.3,1301.0,0.01,-0.05,0.05,0,7.47
87625,1857,618.2,1309.2,0.00,-0.12,0.12,0,10.00
87625,1858,618.3,1301.0,0.01,-0.05,0.05,0,10.89
87626,1857,618.2,1309.2,0.00,-0.12,0.12,0,12.12
87626,1858,618.3,1301.0,0.01,-0.05,0.05,0,12.99
87627,1857,618.2,1309.2,0.00,-0.12,0.12,0,14.47
87627,1858,618.3,1301.0,0.01,-0.05,0.05,0,15.29
88101,1859,790.0,691.0,0.00,0.00,0.00,0,12.01
88102,1859,790.0,691.0,0.00,0.00,0.00,0,7.48
88103,1859,790.0,691.0,0.00,0.00,0.00,0,9.52
88103,1860,855.0,668.0,0.00,0.00,0.00,0,12.01
88105,1859,790.0,691.0,0.00,0.00,0.00,0,13.29
88105,1860,855.0,668.0,0.00,0.00,0.00,0,15.12
88106,1859,790.0,691.0,0.00,0.00,0.00,0,15.46
88106,1860,855.0,668.0,0.00,0.00,0.00,0,17.23
88107,1860,855.0,668.0,0.00,0.00,0.00,0,19.48
88354,1861,797.0,1273.0,0.00,0.00,0.00,0,12.01
88355,1861,797.0,1273.0,0.00,0.00,0.00,0,14.03
88356,1861,797.0,1273.0,0.00,0.00,0.00,0,16.09
88358,1861,797.0,1273.0,0.00,0.00,0.00,0,19.98
88392,1862,1308.0,790.0,0.00,0.00,0.00,0,12.03
88393,1862,1309.3,790.0,0.06,0.00,0.06,0,7.48
88394,1862,1310.8,790.8,0.17,0.06,0.18,0,6.29
88396,1862,1310.8,790.8,0.17,0.06,0.18,0,9.80
88397,1862,1310.8,790.8,0.17,0.06,0.18,0,11.92
88398,1862,1310.8,790.8,0.17,0.06,0.18,0,14.30
88429,1863,1330.0,937.0,0.00,0.00,0.00,0,12.01
88429,1864,1320.0,956.0,0.00,0.00,0.00,0,12.01
88430,1863,1327.1,941.9,-0.07,0.12,0.14,0,7.48
88430,1864,1317.4,961.9,-0.06,0.14,0.16,0,7.48
88431,1863,1323.4,949.1,-0.33,0.64,0.72,0,6.30
88431,1864,1314.2,969.1,-0.29,0.67,0.73,0,6.30
88433,1863,1323.3,949.3,-0.33,0.64,0.72,0,9.96
88433,1864,1314.1,969.3,-0.29,0.67,0.73,0,9.96
88434,1863,1323.3,949.3,-0.33,0.64,0.72,0,12.12
88434,1864,1314.1,969.3,-0.29,0.67,0.73,0,12.12
88435,1863,1323.3,949.4,-0.33,0.64,0.72,0,14.52
88435,1864,1314.1,969.3,-0.29,0.67,0.73,0,14.52
88466,1865,446.0,1185.0,0.00,0.00,0.00,0,12.01
88466,1866,460.0,1185.0,0.00,0.00,0.00,0,12.01
88523,1867,769.0,420.0,0.00,0.00,0.00,0,12.01
88524,1867,769.0,420.0,0.00,0.00,0.00,0,14.04
88525,1867,769.0,420.0,0.00,0.00,0.00,0,16.09
88527,1867,769.0,420.0,0.00,0.00,0.00,0,19.99
88606,1868,609.0,1289.0,0.00,0.00,0.00,0,12.01
88607,1868,613.6,1286.1,0.11,-0.07,0.13,0,7.48
88608,1868,615.5,1284.8,0.24,-0.16,0.29,0,6.31
88610,1868,615.6,1284.7,0.24,-0.16,0.29,0,9.99
88611,1868,615.6,1284.7,0.24,-0.16,0.29,0,12.12
88612,1868,615.6,1284.7,0.24,-0.16,0.29,0,14.47
88643,1870,466.0,795.0,0.00,0.00,0.00,0,12.01
88645,1872,450.0,797.0,0.00,0.00,0.00,0,12.01
88645,1873,432.0,802.0,0.00,0.00,0.00,0,12.01
88646,1872,444.4,798.3,-0.13,0.03,0.13,0,7.47
88646,1873,427.4,803.6,-0.10,0.04,0.11,0,7.47
88647,1872,437.9,800.5,-0.54,0.17,0.56,0,6.31
88649,1872,437.7,800.6,-0.54,0.17,0.56,0,9.98
88650,1872,437.7,800.6,-0.54,0.17,0.56,0,12.12
88651,1872,437.7,800.6,-0.54,0.17,0.56,0,14.46
88682,1874,393.0,707.0,0.00,0.00,0.00,0,12.01
88682,1875,384.0,723.0,0.00,0.00,0.00,0,12.01
88684,1876,408.0,673.0,0.00,0.00,0.00,0,12.01
88684,1877,400.0,692.0,0.00,0.00,0.00,0,12.01
88685,1876,408.0,673.0,0.00,0.00,0.00,0,7.46
88685,1877,400.0,692.0,0.00,0.00,0.00,0,14.02
88686,1876,408.0,673.0,0.00,0.00,0.00,0,9.49
88686,1877,400.0,692.0,0.00,0.00,0.00,0,16.06
88688,1876,408.0,673.0,0.00,0.00,0.00,0,13.16
88688,1877,400.0,692.0,0.00,0.00,0.00,0,19.79
88689,1876,408.0,673.0,0.00,0.00,0.00,0,15.35
88723,1878,615.0,1146.0,0.00,0.00,0.00,0,12.01
88723,1879,637.0,1163.0,0.00,0.00,0.00,0,12.01
88724,1878,615.0,1146.0,0.00,0.00,0.00,0,14.03
88724,1879,642.6,1165.6,0.13,0.06,0.14,0,7.47
88725,1879,645.8,1167.3,0.33,0.17,0.37,0,6.31
88725,1878,615.0,1146.0,0.00,0.00,0.00,0,16.08
88727,1879,645.9,1167.3,0.33,0.17,0.37,0,10.00
88727,1878,615.0,1146.0,0.00,0.00,0.00,0,19.98
88728,1879,645.9,1167.3,0.33,0.17,0.37,0,12.12
88729,1879,645.9,1167.3,0.33,0.17,0.37,0,14.47
88795,1881,1197.0,1314.0,0.00,0.00,0.00,0,12.01
88796,1881,1193.7,1310.4,-0.08,-0.09,0.12,0,7.48
88797,1881,1192.2,1309.0,-0.18,-0.18,0.25,0,6.31
88799,1881,1192.2,1309.0,-0.18,-0.18,0.25,0,10.01
88800,1881,1192.2,1309.0,-0.18,-0.18,0.25,0,12.12
88801,1881,1192.2,1308.9,-0.18,-0.18,0.25,0,14.47
88849,1883,1033.0,1272.0,0.00,0.00,0.00,0,12.01
88850,1883,1033.0,1272.0,0.00,0.00,0.00,0,14.04
88851,1883,1033.0,1272.0,0.00,0.00,0.00,0,16.09
88853,1883,1033.0,1272.0,0.00,0.00,0.00,0,19.97
88886,1884,903.0,1431.0,0.00,0.00,0.00,0,12.01
88888,1886,895.0,1420.0,0.00,0.00,0.00,0,12.01
88889,1886,894.7,1418.7,-0.01,-0.03,0.03,0,7.47
88890,1886,894.8,1416.7,-0.00,-0.15,0.15,0,6.31
88892,1886,894.8,1416.7,-0.00,-0.15,0.15,0,9.94
88893,1886,894.8,1416.7,-0.00,-0.15,0.15,0,12.14
88894,1886,894.8,1416.7,-0.00,-0.15,0.15,0,14.47
88925,1887,416.0,1033.0,0.00,0.00,0.00,0,12.01
88925,1888,855.0,1392.0,0.00,0.00,0.00,0,12.01
88925,1889,838.0,1400.0,0.00,0.00,0.00,0,12.01
88927,1890,819.0,1421.0,0.00,0.00,0.00,0,12.01
88928,1890,819.0,1421.0,0.00,0.00,0.00,0,14.03
88929,1890,819.0,1421.0,0.00,0.00,0.00,0,16.08
88931,1890,819.0,1421.0,0.00,0.00,0.00,0,19.89
89350,1891,1141.0,1022.0,0.00,0.00,0.00,0,12.01
89350,1892,1137.0,1044.0,0.00,0.00,0.00,0,12.01
89351,1891,1139.7,1028.9,-0.03,0.17,0.17,0,7.48
89351,1892,1137.0,1044.0,0.00,0.00,0.00,0,14.04
89352,1892,1132.4,1054.2,-0.21,0.48,0.52,0,7.87
89352,1891,1139.7,1028.9,-0.03,0.17,0.17,0,9.52
89354,1892,1132.4,1054.3,-0.21,0.48,0.52,0,11.51
89354,1891,1139.7,1028.9,-0.03,0.17,0.17,0,13.29
89355,1892,1132.4,1054.3,-0.21,0.48,0.52,0,13.68
89355,1891,1139.7,1028.9,-0.03,0.17,0.17,0,15.46
89356,1892,1132.4,1054.3,-0.21,0.48,0.52,0,16.03
89947,1893,922.0,874.0,0.00,0.00,0.00,0,12.01
89948,1893,922.0,874.0,0.00,0.00,0.00,0,14.04
89949,1893,922.0,874.0,0.00,0.00,0.00,0,16.09
89951,1893,922.0,874.0,0.00,0.00,0.00,0,19.97
89984,1894,850.0,1087.0,0.00,0.00,0.00,0,12.01
89985,1894,850.3,1086.3,0.01,-0.02,0.02,0,7.50
89986,1894,854.6,1082.6,0.44,-0.39,0.59,0,6.32
89988,1894,854.7,1082.5,0.44,-0.39,0.59,0,9.96
89989,1894,854.7,1082.5,0.44,-0.39,0.59,0,11.98
89990,1894,854.8,1082.5,0.44,-0.39,0.59,0,14.33
90024,1895,377.0,1007.0,0.00,0.00,0.00,0,12.01
90025,1895,377.0,1006.7,0.00,-0.01,0.01,0,7.48
90025,1896,401.0,1004.0,0.00,0.00,0.00,0,12.01
90026,1895,383.2,1006.0,0.41,-0.05,0.41,0,6.31
90026,1896,412.5,1002.0,0.28,-0.05,0.28,0,7.47
90028,1895,383.3,1006.0,0.41,-0.05,0.41,0,9.96
90028,1896,412.5,1002.0,0.28,-0.05,0.28,0,10.85
90029,1895,383.3,1006.0,0.41,-0.05,0.41,0,12.11
90029,1896,412.5,1002.0,0.28,-0.05,0.28,0,12.99
90030,1895,383.3,1006.0,0.41,-0.05,0.41,0,14.46
90030,1896,412.6,1002.0,0.28,-0.05,0.28,0,15.28
90422,1897,1122.0,732.0,0.00,0.00,0.00,0,12.01
90422,1898,1128.0,728.0,0.00,0.00,0.00,0,12.01
90422,1899,1130.0,742.0,0.00,0.00,0.00,0,12.01
90424,1901,1187.0,685.0,0.00,0.00,0.00,0,12.01
90424,1902,1184.0,702.0,0.00,0.00,0.00,0,12.01
90424,1903,1147.0,728.0,0.00,0.00,0.00,0,12.01
90425,1901,1188.6,679.8,0.04,-0.13,0.14,0,7.47
90425,1902,1182.4,705.9,-0.04,0.10,0.10,0,7.47
90425,1903,1147.0,728.0,0.00,0.00,0.00,0,14.04
90425,1904,1183.0,665.0,0.00,0.00,0.00,0,12.01
90426,1901,1189.0,681.6,0.06,-0.01,0.06,0,6.30
90426,1902,1182.4,705.9,-0.04,0.10,0.10,0,9.51
90426,1903,1147.0,728.0,0.00,0.00,0.00,0,16.09
90428,1901,1189.0,681.6,0.06,-0.01,0.06,0,9.94
90428,1902,1182.3,706.0,-0.04,0.10,0.10,0,13.27
90428,1903,1147.0,728.0,0.00,0.00,0.00,0,19.93
90429,1901,1189.0,681.6,0.06,-0.01,0.06,0,12.13
90429,1902,1182.3,706.0,-0.04,0.10,0.10,0,15.46
90430,1901,1189.0,681.6,0.06,-0.01,0.06,0,14.47
90461,1905,848.0,1163.0,0.00,0.00,0.00,0,12.01
90461,1906,844.0,1191.0,0.00,0.00,0.00,0,12.01
90463,1908,842.0,1119.0,0.00,0.00,0.00,0,12.01
90463,1909,849.0,1143.0,0.00,0.00,0.00,0,12.01
90464,1908,842.3,1119.7,0.01,0.01,0.01,0,7.46
90464,1909,849.0,1143.0,0.00,0.00,0.00,0,14.02
90464,1910,828.0,1101.0,0.00,0.00,0.00,0,12.00
90465,1908,838.9,1115.1,-0.14,-0.18,0.23,0,6.29
90465,1909,849.0,1143.0,0.00,0.00,0.00,0,16.05
90467,1908,838.9,1115.1,-0.14,-0.18,0.23,0,9.89
90467,1909,849.0,1143.0,0.00,0.00,0.00,0,19.80
90468,1908,838.9,1115.1,-0.14,-0.18,0.23,0,12.04
90469,1908,838.9,1115.1,-0.14,-0.18,0.23,0,14.38
90500,1912,1512.0,940.0,0.00,0.00,0.00,0,12.01
90501,1912,1512.0,940.0,0.00,0.00,0.00,0,14.09
90502,1912,1512.0,940.0,0.00,0.00,0.00,0,16.16
90504,1912,1512.0,940.0,0.00,0.00,0.00,0,20.24
90692,1913,670.0,1266.0,0.00,0.00,0.00,0,12.01
90693,1913,674.6,1257.5,0.11,-0.21,0.24,0,7.47
90694,1913,676.8,1253.5,0.25,-0.47,0.53,0,6.31
90694,1914,689.0,1231.0,0.00,0.00,0.00,0,12.01
90696,1913,676.8,1253.4,0.25,-0.47,0.53,0,9.98
90696,1914,689.0,1231.0,0.00,0.00,0.00,0,15.14
90697,1913,676.8,1253.4,0.25,-0.47,0.53,0,12.13
90697,1914,689.0,1231.0,0.00,0.00,0.00,0,17.24
90698,1913,676.8,1253.3,0.25,-0.47,0.53,0,14.47
90698,1914,689.0,1231.0,0.00,0.00,0.00,0,19.49
90892,1915,1431.0,1171.0,0.00,0.00,0.00,0,12.01
90893,1915,1431.0,1171.0,0.00,0.00,0.00,0,7.48
90893,1916,1429.0,1161.0,0.00,0.00,0.00,0,12.01
90894,1915,1430.5,1168.7,-0.03,-0.15,0.16,0,6.31
90896,1915,1430.5,1168.6,-0.03,-0.15,0.16,0,9.96
90897,1915,1430.5,1168.6,-0.03,-0.15,0.16,0,12.13
90898,1915,1430.5,1168.6,-0.03,-0.15,0.16,0,14.52
91231,1922,783.0,1155.0,0.00,0.00,0.00,0,12.01
91231,1923,766.0,1160.0,0.00,0.00,0.00,0,12.01
91231,1924,792.0,1234.0,0.00,0.00,0.00,0,12.01
91232,1922,779.1,1157.9,-0.10,0.07,0.12,0,7.48
91232,1923,771.2,1163.3,0.13,0.08,0.15,0,7.48
91232,1924,792.0,1234.0,0.00,0.00,0.00,0,14.04
91232,1925,798.0,1077.0,0.00,0.00,0.00,0,12.01
91232,1926,794.0,1091.0,0.00,0.00,0.00,0,12.01
91232,1927,790.0,1173.0,0.00,0.00,0.00,0,12.01
91232,1928,787.0,1181.0,0.00,0.00,0.00,0,12.01
91233,1922,779.1,1158.0,-0.10,0.07,0.12,0,9.52
91233,1924,792.0,1234.0,0.00,0.00,0.00,0,16.09
91235,1922,779.0,1158.0,-0.10,0.07,0.12,0,13.31
91235,1924,792.0,1234.0,0.00,0.00,0.00,0,19.97
91236,1922,779.0,1158.0,-0.10,0.07,0.12,0,15.46
91268,1931,867.0,789.0,0.00,0.00,0.00,0,12.01
91268,1932,864.0,804.0,0.00,0.00,0.00,0,12.01
91270,1933,884.0,765.0,0.00,0.00,0.00,0,12.01
91270,1934,872.0,779.0,0.00,0.00,0.00,0,12.01
91271,1933,883.3,765.3,-0.02,0.01,0.02,0,7.47
91271,1934,880.2,771.8,0.19,-0.17,0.26,0,7.47
91272,1933,891.5,761.1,0.50,-0.26,0.57,0,6.30
91274,1933,891.6,761.1,0.50,-0.26,0.57,0,9.96
91275,1933,891.6,761.1,0.50,-0.26,0.57,0,12.11
91276,1933,891.6,761.0,0.50,-0.26,0.57,0,14.44
91321,1935,773.0,1255.0,0.00,0.00,0.00,0,12.01
91322,1935,778.6,1252.1,0.13,-0.07,0.15,0,7.48
91323,1935,781.5,1250.5,0.33,-0.17,0.37,0,6.31
91325,1935,781.6,1250.4,0.33,-0.17,0.37,0,9.96
91326,1935,781.6,1250.4,0.33,-0.17,0.37,0,12.13
91327,1935,781.6,1250.4,0.33,-0.17,0.37,0,14.47
91358,1937,1012.0,1097.0,0.00,0.00,0.00,0,12.01
91358,1938,1015.0,1111.0,0.00,0.00,0.00,0,12.01
91360,1940,548.0,1129.0,0.00,0.00,0.00,0,12.01
91360,1941,556.0,1139.0,0.00,0.00,0.00,0,12.01
91361,1940,550.3,1132.3,0.05,0.07,0.08,0,7.46
91361,1941,556.0,1139.0,0.00,0.00,0.00,0,14.02
91362,1940,550.3,1132.3,0.05,0.07,0.08,0,9.48
91364,1940,550.3,1132.3,0.05,0.07,0.08,0,12.97
91365,1940,550.3,1132.3,0.05,0.07,0.08,0,15.22
91502,1942,504.0,994.0,0.00,0.00,0.00,0,12.01
91503,1942,507.3,985.8,0.08,-0.19,0.20,0,7.47
91504,1942,508.5,983.3,0.15,-0.35,0.38,0,6.30
91506,1942,508.5,983.2,0.15,-0.35,0.38,0,9.97
91507,1942,508.5,983.2,0.15,-0.35,0.38,0,12.14
91508,1942,508.5,983.2,0.15,-0.35,0.38,0,14.54
91796,1943,560.0,1310.0,0.00,0.00,0.00,0,12.01
91797,1943,560.0,1310.0,0.00,0.00,0.00,0,14.04
91798,1943,560.0,1310.0,0.00,0.00,0.00,0,16.09
91800,1943,560.0,1310.0,0.00,0.00,0.00,0,19.98
91833,1944,1058.0,1352.0,0.00,0.00,0.00,0,12.01
91834,1944,1058.0,1352.0,0.00,0.00,0.00,0,14.04
91835,1944,1058.0,1352.0,0.00,0.00,0.00,0,16.09
91837,1944,1058.0,1352.0,0.00,0.00,0.00,0,19.97
92306,1945,722.0,1299.0,0.00,0.00,0.00,0,12.01
92307,1945,722.0,1299.0,0.00,0.00,0.00,0,14.04
92308,1945,730.8,1293.7,0.41,-0.25,0.48,0,7.87
92310,1945,730.9,1293.7,0.41,-0.25,0.48,0,11.51
92311,1945,730.9,1293.7,0.41,-0.25,0.48,0,13.69
92312,1945,730.9,1293.7,0.41,-0.25,0.48,0,16.10
92365,1946,451.0,1207.0,0.00,0.00,0.00,0,12.01
92366,1946,450.7,1207.0,-0.01,0.00,0.01,0,7.48
92366,1947,457.0,1199.0,0.00,0.00,0.00,0,12.01
92367,1946,452.0,1205.2,0.09,-0.12,0.15,0,6.31
92369,1946,452.1,1205.2,0.09,-0.12,0.15,0,9.97
92370,1946,452.1,1205.2,0.09,-0.12,0.15,0,12.13
92371,1946,452.1,1205.2,0.09,-0.12,0.15,0,14.48
92607,1948,1029.0,1426.0,0.00,0.00,0.00,0,12.01
92608,1948,1029.0,1426.0,0.00,0.00,0.00,0,14.04
92609,1948,1029.0,1426.0,0.00,0.00,0.00,0,16.09
92611,1948,1029.0,1426.0,0.00,0.00,0.00,0,19.95
92681,1949,378.0,750.0,0.00,0.00,0.00,0,12.01
92681,1950,386.0,753.0,0.00,0.00,0.00,0,12.01
92681,1951,378.0,763.0,0.00,0.00,0.00,0,12.01
92683,1954,510.0,755.0,0.00,0.00,0.00,0,12.03
92683,1955,441.0,744.0,0.00,0.00,0.00,0,12.03
92683,1956,442.0,760.0,0.00,0.00,0.00,0,12.03
92683,1957,524.0,750.0,0.00,0.00,0.00,0,12.03
92683,1958,455.0,763.0,0.00,0.00,0.00,0,12.03
92683,1959,447.0,777.0,0.00,0.00,0.00,0,12.03
92684,1954,508.7,755.7,-0.06,0.03,0.07,0,7.48
92684,1955,441.0,744.0,0.00,0.00,0.00,0,14.07
92684,1956,442.0,760.0,0.00,0.00,0.00,0,14.07
92684,1957,519.4,746.1,-0.20,-0.18,0.27,0,7.48
92684,1958,455.0,763.0,0.00,0.00,0.00,0,14.07
92684,1959,447.0,777.0,0.00,0.00,0.00,0,14.07
92684,1960,587.0,732.0,0.00,0.00,0.00,0,12.01
92684,1961,579.0,747.0,0.00,0.00,0.00,0,12.01
92685,1954,508.7,755.7,-0.06,0.03,0.07,0,9.50
92685,1955,441.0,744.0,0.00,0.00,0.00,0,16.10
92685,1958,455.0,763.0,0.00,0.00,0.00,0,16.10
92687,1954,508.7,755.7,-0.06,0.03,0.07,0,13.17
92687,1955,441.0,744.0,0.00,0.00,0.00,0,19.93
92687,1958,455.0,763.0,0.00,0.00,0.00,0,19.93
92688,1954,508.7,755.7,-0.06,0.03,0.07,0,15.27
92722,1963,1382.0,1132.0,0.00,0.00,0.00,0,12.01
92723,1963,1390.5,1130.4,0.20,-0.04,0.21,0,7.47
92724,1963,1390.5,1130.4,0.20,-0.04,0.21,0,9.51
92726,1963,1390.6,1130.4,0.20,-0.04,0.21,0,13.25
92727,1963,1390.6,1130.3,0.20,-0.04,0.21,0,15.44
92783,1964,1158.0,1090.0,0.00,0.00,0.00,0,12.01
92784,1964,1158.0,1090.0,0.00,0.00,0.00,0,14.04
92785,1964,1158.0,1090.0,0.00,0.00,0.00,0,16.09
92787,1964,1158.0,1090.0,0.00,0.00,0.00,0,19.98
93001,1965,1048.0,1396.0,0.00,0.00,0.00,0,12.01
93002,1965,1045.7,1397.0,-0.06,0.03,0.06,0,7.48
93002,1966,1064.0,1372.0,0.00,0.00,0.00,0,12.01
93003,1965,1049.9,1392.1,0.22,-0.31,0.38,0,6.31
93005,1965,1050.0,1392.0,0.22,-0.31,0.38,0,9.96
93006,1965,1050.0,1392.0,0.22,-0.31,0.38,0,12.13
93007,1965,1050.0,1392.0,0.22,-0.31,0.38,0,14.53
93038,1967,952.0,1086.0,0.00,0.00,0.00,0,12.01
93038,1968,955.0,1093.0,0.00,0.00,0.00,0,12.01
93038,1969,929.0,1113.0,0.00,0.00,0.00,0,12.01
93040,1970,1007.0,1049.0,0.00,0.00,0.00,0,12.01
93040,1971,981.0,1072.0,0.00,0.00,0.00,0,12.01
93041,1970,1005.7,1050.0,-0.03,0.02,0.03,0,7.46
93041,1971,981.0,1072.0,0.00,0.00,0.00,0,14.02
93041,1972,1030.0,1030.0,0.00,0.00,0.00,0,12.00
93042,1970,1011.2,1045.6,0.21,-0.17,0.27,0,6.29
93042,1971,981.0,1072.0,0.00,0.00,0.00,0,16.05
93044,1970,1011.2,1045.6,0.21,-0.17,0.27,0,9.82
93044,1971,981.0,1072.0,0.00,0.00,0.00,0,19.73
93045,1970,1011.2,1045.6,0.21,-0.17,0.27,0,12.00
93046,1970,1011.2,1045.6,0.21,-0.17,0.27,0,14.34
93366,1973,1001.0,1436.0,0.00,0.00,0.00,0,12.01
93367,1973,1002.0,1432.4,0.02,-0.09,0.09,0,7.48
93368,1973,1002.2,1430.5,0.04,-0.21,0.22,0,6.31
93368,1974,1007.0,1416.0,0.00,0.00,0.00,0,12.01
93370,1973,1002.3,1430.4,0.04,-0.21,0.22,0,9.97
93370,1974,1007.0,1416.0,0.00,0.00,0.00,0,15.13
93371,1973,1002.3,1430.4,0.04,-0.21,0.22,0,12.13
93371,1974,1007.0,1416.0,0.00,0.00,0.00,0,17.24
93372,1973,1002.3,1430.4,0.04,-0.21,0.22,0,14.53
93372,1974,1007.0,1416.0,0.00,0.00,0.00,0,19.53
93417,1975,1403.0,1223.0,0.00,0.00,0.00,0,12.01
93418,1975,1400.4,1223.7,-0.06,0.02,0.07,0,7.47
93419,1975,1398.7,1224.0,-0.17,0.04,0.18,0,6.31
93419,1976,1235.0,639.0,0.00,0.00,0.00,0,12.01
93421,1975,1398.7,1224.0,-0.17,0.04,0.18,0,9.96
93421,1976,1235.0,639.0,0.00,0.00,0.00,0,15.12
93422,1975,1398.7,1224.0,-0.17,0.04,0.18,0,12.13
93422,1976,1235.0,639.0,0.00,0.00,0.00,0,17.24
93423,1975,1398.7,1224.0,-0.17,0.04,0.18,0,14.47
93423,1976,1235.0,639.0,0.00,0.00,0.00,0,19.49
93556,1977,1387.0,1118.0,0.00,0.00,0.00,0,12.01
93557,1977,1386.7,1118.0,-0.01,0.00,0.01,0,7.48
93557,1978,1390.0,1080.0,0.00,0.00,0.00,0,12.01
93558,1977,1387.5,1109.5,0.05,-0.56,0.56,0,6.31
93560,1977,1387.5,1109.4,0.05,-0.56,0.56,0,9.96
93561,1977,1387.5,1109.3,0.05,-0.56,0.56,0,12.13
93562,1977,1387.5,1109.3,0.05,-0.56,0.56,0,14.47
93926,1979,333.0,841.0,0.00,0.00,0.00,0,12.01
93927,1979,336.9,837.4,0.10,-0.09,0.13,0,7.48
93928,1979,339.0,835.5,0.23,-0.21,0.32,0,6.31
93930,1979,339.1,835.4,0.23,-0.21,0.32,0,9.98
93931,1979,339.1,835.4,0.23,-0.21,0.32,0,12.12
93932,1979,339.1,835.4,0.23,-0.21,0.32,0,14.46
94001,1980,567.0,293.0,0.00,0.00,0.00,0,12.01
94001,1981,579.0,300.0,0.00,0.00,0.00,0,12.01
94007,1982,629.0,352.0,0.00,0.00,0.00,0,12.01
94009,1984,636.0,359.0,0.00,0.00,0.00,0,12.01
94009,1985,640.0,367.0,0.00,0.00,0.00,0,12.01
94010,1984,637.0,361.3,0.02,0.06,0.06,0,7.47
94010,1985,640.3,369.6,0.01,0.07,0.07,0,7.47
94011,1984,638.0,364.6,0.09,0.27,0.28,0,6.31
94013,1984,638.0,364.6,0.09,0.27,0.28,0,9.98
94014,1984,638.0,364.6,0.09,0.27,0.28,0,12.13
94015,1984,638.0,364.7,0.09,0.27,0.28,0,14.52
94046,1986,701.0,626.0,0.00,0.00,0.00,0,12.01
94046,1987,694.0,633.0,0.00,0.00,0.00,0,12.01
94060,1988,754.0,442.0,0.00,0.00,0.00,0,12.24
94061,1988,754.0,442.3,0.00,0.04,0.04,0,7.54
94061,1989,761.0,434.0,0.00,0.00,0.00,0,12.01
94062,1988,755.6,440.2,0.20,-0.24,0.31,0,6.32
94064,1988,755.6,440.1,0.20,-0.24,0.31,0,9.98
94065,1988,755.6,440.1,0.20,-0.24,0.31,0,12.20
94066,1988,755.6,440.1,0.20,-0.24,0.31,0,14.55
94103,1990,1039.0,171.0,0.00,0.00,0.00,0,12.01
94105,1992,1049.0,158.0,0.00,0.00,0.00,0,12.01
94106,1992,1048.7,158.7,-0.01,0.02,0.02,0,7.48
94106,1993,1053.0,152.0,0.00,0.00,0.00,0,12.01
94107,1992,1048.7,158.7,-0.01,0.02,0.02,0,9.52
94109,1992,1048.7,158.7,-0.01,0.02,0.02,0,13.28
94110,1992,1048.7,158.7,-0.01,0.02,0.02,0,15.46
94143,1994,1217.0,295.0,0.00,0.00,0.00,0,12.01
94144,1994,1217.3,295.7,0.01,0.02,0.02,0,7.47
94145,1994,1217.8,297.0,0.04,0.10,0.11,0,6.31
94147,1994,1217.8,297.1,0.04,0.10,0.11,0,9.99
94148,1994,1217.8,297.1,0.04,0.10,0.11,0,12.13
94149,1994,1217.8,297.1,0.04,0.10,0.11,0,14.47
94184,1995,1364.0,452.0,0.00,0.00,0.00,0,12.01
94186,1997,1373.0,455.0,0.00,0.00,0.00,0,12.01
94186,1998,1385.0,457.0,0.00,0.00,0.00,0,12.01
94187,1997,1376.3,455.7,0.08,0.02,0.08,0,7.47
94187,1998,1387.9,457.7,0.07,0.02,0.08,0,7.47
94188,1997,1376.3,455.7,0.08,0.02,0.08,0,9.52
94190,1997,1376.3,455.7,0.08,0.02,0.08,0,13.27
94191,1997,1376.3,455.7,0.08,0.02,0.08,0,15.48
94545,1999,877.0,1209.0,0.00,0.00,0.00,0,12.01
94546,1999,877.0,1209.0,0.00,0.00,0.00,0,14.04
94546,2000,893.0,1145.0,0.00,0.00,0.00,0,12.01
94547,1999,877.0,1209.0,0.00,0.00,0.00,0,16.09
94547,2000,893.0,1145.0,0.00,0.00,0.00,0,14.04
94549,1999,877.0,1209.0,0.00,0.00,0.00,0,19.98
94549,2000,893.0,1145.0,0.00,0.00,0.00,0,17.55
94550,2000,893.0,1145.0,0.00,0.00,0.00,0,19.67
94757,2001,941.0,1333.0,0.00,0.00,0.00,0,12.01
94759,2004,943.0,1349.0,0.00,0.00,0.00,0,12.01
94759,2005,943.0,1365.0,0.00,0.00,0.00,0,12.01
94760,2004,943.0,1353.6,0.00,0.12,0.12,0,7.48
94760,2005,942.0,1367.9,-0.03,0.08,0.08,0,7.48
94761,2004,942.7,1358.1,-0.02,0.42,0.42,0,6.31
94763,2004,942.7,1358.2,-0.02,0.42,0.42,0,9.97
94764,2004,942.7,1358.2,-0.02,0.42,0.42,0,12.13
94765,2004,942.7,1358.2,-0.02,0.42,0.42,0,14.53
95024,2006,975.0,280.0,0.00,0.00,0.00,0,12.01
95025,2006,974.7,280.0,-0.01,0.00,0.01,0,7.47
95026,2006,974.7,280.0,-0.01,0.00,0.01,0,9.52
95028,2006,974.7,280.0,-0.01,0.00,0.01,0,13.34
95029,2006,974.7,280.0,-0.01,0.00,0.01,0,15.46
95145,2007,1047.0,267.0,0.00,0.00,0.00,0,12.01
95146,2007,1047.0,267.0,0.00,0.00,0.00,0,14.04
95147,2007,1047.0,267.0,0.00,0.00,0.00,0,16.09
95149,2007,1047.0,267.0,0.00,0.00,0.00,0,19.93
95183,2008,928.0,627.0,0.00,0.00,0.00,0,12.03
95184,2008,928.0,627.0,0.00,0.00,0.00,0,14.06
95185,2008,928.0,627.0,0.00,0.00,0.00,0,16.08
95187,2008,928.0,627.0,0.00,0.00,0.00,0,19.83
95343,2009,1389.0,1146.0,0.00,0.00,0.00,0,12.01
95344,2009,1388.7,1146.0,-0.01,0.00,0.01,0,7.48
95344,2010,1377.0,1136.0,0.00,0.00,0.00,0,12.01
95345,2009,1388.7,1146.0,-0.01,0.00,0.01,0,9.52
95345,2010,1377.0,1136.0,0.00,0.00,0.00,0,14.04
95347,2009,1388.7,1146.0,-0.01,0.00,0.01,0,13.31
95347,2010,1377.0,1136.0,0.00,0.00,0.00,0,17.52
95348,2009,1388.7,1146.0,-0.01,0.00,0.01,0,15.46
95348,2010,1377.0,1136.0,0.00,0.00,0.00,0,19.65
95384,2011,374.0,605.0,0.00,0.00,0.00,0,12.01
95386,2013,385.0,593.0,0.00,0.00,0.00,0,12.01
95386,2014,379.0,599.0,0.00,0.00,0.00,0,12.01
95387,2013,385.0,593.0,0.00,0.00,0.00,0,7.48
95387,2014,383.6,594.7,0.10,-0.10,0.14,0,7.48
95388,2013,386.8,591.5,0.12,-0.10,0.16,0,6.31
95390,2013,386.8,591.4,0.12,-0.10,0.16,0,9.99
95391,2013,386.8,591.4,0.12,-0.10,0.16,0,12.13
95392,2013,386.8,591.4,0.12,-0.10,0.16,0,14.52
95647,2015,1102.0,752.0,0.00,0.00,0.00,0,12.01
95648,2015,1102.0,752.0,0.00,0.00,0.00,0,14.04
95649,2015,1102.0,752.0,0.00,0.00,0.00,0,16.09
95651,2015,1102.0,752.0,0.00,0.00,0.00,0,19.96
95733,2016,799.0,1375.0,0.00,0.00,0.00,0,12.01
95734,2016,799.0,1375.0,0.00,0.00,0.00,0,7.48
95735,2016,799.0,1375.0,0.00,0.00,0.00,0,9.52
95737,2016,799.0,1375.0,0.00,0.00,0.00,0,13.32
95738,2016,799.0,1375.0,0.00,0.00,0.00,0,15.47
95801,2017,675.0,1078.0,0.00,0.00,0.00,0,12.01
95803,2019,699.0,996.0,0.00,0.00,0.00,0,12.01
95803,2020,690.0,1015.0,0.00,0.00,0.00,0,12.01
95804,2019,699.0,996.3,0.00,0.01,0.01,0,7.47
95804,2020,690.0,1015.0,0.00,0.00,0.00,0,14.04
95805,2019,699.0,996.3,0.00,0.01,0.01,0,9.52
95805,2020,690.0,1015.0,0.00,0.00,0.00,0,16.09
95807,2019,699.0,996.3,0.00,0.01,0.01,0,13.31
95807,2020,690.0,1015.0,0.00,0.00,0.00,0,19.97
95808,2019,699.0,996.3,0.00,0.01,0.01,0,15.47
96043,2023,479.0,855.0,0.00,0.00,0.00,0,12.01
96043,2024,448.0,867.0,0.00,0.00,0.00,0,12.01
96044,2023,478.3,855.3,-0.02,0.01,0.02,0,7.48
96044,2024,448.0,867.0,0.00,0.00,0.00,0,14.04
96044,2025,515.0,844.0,0.00,0.00,0.00,0,12.01
96045,2023,486.2,852.2,0.50,-0.20,0.54,0,6.31
96045,2024,448.0,867.0,0.00,0.00,0.00,0,16.09
96047,2023,486.4,852.1,0.50,-0.20,0.54,0,10.00
96047,2024,448.0,867.0,0.00,0.00,0.00,0,20.00
96048,2023,486.4,852.1,0.50,-0.20,0.54,0,12.12
96049,2023,486.4,852.1,0.50,-0.20,0.54,0,14.47
96094,2026,464.0,1024.0,0.00,0.00,0.00,0,12.01
96095,2026,464.0,1024.0,0.00,0.00,0.00,0,14.04
96096,2026,464.0,1024.0,0.00,0.00,0.00,0,16.09
96098,2026,464.0,1024.0,0.00,0.00,0.00,0,19.95
96233,2027,1426.0,440.0,0.00,0.00,0.00,0,12.01
96234,2027,1426.0,439.7,0.00,-0.01,0.01,0,7.48
96235,2027,1426.0,439.7,0.00,-0.01,0.01,0,9.52
96237,2027,1426.0,439.7,0.00,-0.01,0.01,0,13.33
96238,2027,1426.0,439.7,0.00,-0.01,0.01,0,15.46
96303,2028,1539.0,548.0,0.00,0.00,0.00,0,12.01
96304,2028,1539.0,548.0,0.00,0.00,0.00,0,14.04
96305,2028,1539.0,548.0,0.00,0.00,0.00,0,16.09
96307,2028,1539.0,548.0,0.00,0.00,0.00,0,20.00
96379,2029,613.0,1289.0,0.00,0.00,0.00,0,12.01
96380,2029,624.5,1294.2,0.30,0.14,0.33,0,7.47
96381,2029,630.8,1297.3,0.71,0.33,0.78,0,6.31
96383,2029,631.0,1297.4,0.71,0.33,0.78,0,10.01
96384,2029,631.0,1297.4,0.71,0.33,0.78,0,12.12
96385,2029,631.0,1297.4,0.71,0.33,0.78,0,14.52
96502,2030,1229.0,301.0,0.00,0.00,0.00,0,12.01
96503,2030,1229.3,306.9,0.01,0.14,0.14,0,7.48
96504,2030,1229.8,310.0,0.04,0.35,0.35,0,6.31
96506,2030,1229.8,310.1,0.04,0.35,0.35,0,9.99
96507,2030,1229.8,310.1,0.04,0.35,0.35,0,12.12
96508,2030,1229.8,310.1,0.04,0.35,0.35,0,14.47
96539,2032,1138.0,888.0,0.00,0.00,0.00,0,12.01
96539,2033,1127.0,892.0,0.00,0.00,0.00,0,12.01
96541,2034,1118.0,895.0,0.00,0.00,0.00,0,12.01
96542,2034,1116.0,895.7,-0.05,0.02,0.05,0,7.47
96543,2034,1114.7,896.0,-0.13,0.04,0.13,0,6.30
96545,2034,1114.7,896.0,-0.13,0.04,0.13,0,9.98
96546,2034,1114.7,896.0,-0.13,0.04,0.13,0,12.12
96547,2034,1114.7,896.0,-0.13,0.04,0.13,0,14.46
96823,2035,864.0,1006.0,0.00,0.00,0.00,0,12.01
96824,2035,864.3,1006.3,0.01,0.01,0.01,0,7.47
96824,2036,865.0,990.0,0.00,0.00,0.00,0,12.01
96825,2035,864.5,1002.1,0.02,-0.27,0.27,0,6.31
96827,2035,864.5,1002.1,0.02,-0.27,0.27,0,9.95
96828,2035,864.5,1002.1,0.02,-0.27,0.27,0,12.13
96829,2035,864.5,1002.0,0.02,-0.27,0.27,0,14.48
96972,2037,691.0,1064.0,0.00,0.00,0.00,0,12.01
96973,2037,691.0,1064.0,0.00,0.00,0.00,0,7.47
96974,2037,691.0,1064.0,0.00,0.00,0.00,0,9.52
96976,2037,691.0,1064.0,0.00,0.00,0.00,0,13.32
96977,2037,691.0,1064.0,0.00,0.00,0.00,0,15.47
97259,2038,1507.0,533.0,0.00,0.00,0.00,0,12.01
97260,2038,1505.4,533.7,-0.04,0.02,0.04,0,7.48
97261,2038,1503.5,535.0,-0.17,0.11,0.20,0,6.30
97263,2038,1503.4,535.1,-0.17,0.11,0.20,0,9.95
97264,2038,1503.4,535.1,-0.17,0.11,0.20,0,12.14
97265,2038,1503.4,535.1,-0.17,0.11,0.20,0,14.47
97480,2039,466.0,990.0,0.00,0.00,0.00,0,12.01
97481,2039,467.6,982.5,0.04,-0.19,0.19,0,7.47
97482,2039,468.5,978.7,0.10,-0.43,0.44,0,6.31
97484,2039,468.5,978.6,0.10,-0.43,0.44,0,9.98
97485,2039,468.5,978.6,0.10,-0.43,0.44,0,12.12
97486,2039,468.5,978.6,0.10,-0.43,0.44,0,14.47
97551,2041,589.0,868.0,0.00,0.00,0.00,0,12.01
97552,2041,588.7,868.0,-0.01,0.00,0.01,0,7.48
97552,2042,598.0,837.0,0.00,0.00,0.00,0,12.01
97553,2041,591.3,860.0,0.17,-0.52,0.55,0,6.31
97553,2042,598.0,837.0,0.00,0.00,0.00,0,14.04
97555,2041,591.4,859.9,0.17,-0.52,0.55,0,9.97
97555,2042,598.0,837.0,0.00,0.00,0.00,0,17.52
97556,2041,591.4,859.9,0.17,-0.52,0.55,0,12.14
97556,2042,598.0,837.0,0.00,0.00,0.00,0,19.67
97557,2041,591.4,859.9,0.17,-0.52,0.55,0,14.48
97639,2043,720.0,1294.0,0.00,0.00,0.00,0,12.01
97640,2043,720.0,1294.0,0.00,0.00,0.00,0,14.04
97641,2043,720.0,1294.0,0.00,0.00,0.00,0,16.09
97643,2043,720.0,1294.0,0.00,0.00,0.00,0,19.94
97834,2044,956.0,1439.0,0.00,0.00,0.00,0,12.01
97835,2044,956.0,1437.0,0.00,-0.05,0.05,0,7.48
97836,2044,956.0,1437.0,0.00,-0.05,0.05,0,9.52
97838,2044,956.0,1437.0,0.00,-0.05,0.05,0,13.28
97839,2044,956.0,1437.0,0.00,-0.05,0.05,0,15.46
98065,2045,1255.0,245.0,0.00,0.00,0.00,0,12.01
98066,2045,1257.3,248.6,0.06,0.09,0.10,0,7.47
98067,2045,1258.0,249.2,0.10,0.13,0.16,0,6.31
98069,2045,1258.0,249.3,0.10,0.13,0.16,0,10.02
98070,2045,1258.0,249.3,0.10,0.13,0.16,0,12.13
98071,2045,1258.0,249.3,0.10,0.13,0.16,0,14.47
98217,2046,469.0,1029.0,0.00,0.00,0.00,0,12.01
98218,2046,469.3,1028.3,0.01,-0.02,0.02,0,7.47
98218,2047,470.0,1035.0,0.00,0.00,0.00,0,12.01
98219,2046,469.2,1029.8,0.00,0.08,0.08,0,6.31
98219,2047,470.0,1035.0,0.00,0.00,0.00,0,14.04
98221,2046,469.2,1029.8,0.00,0.08,0.08,0,9.99
98221,2047,470.0,1035.0,0.00,0.00,0.00,0,17.54
98222,2046,469.2,1029.8,0.00,0.08,0.08,0,12.13
98222,2047,470.0,1035.0,0.00,0.00,0.00,0,19.66
98223,2046,469.2,1029.8,0.00,0.08,0.08,0,14.48
98336,2048,1302.0,402.0,0.00,0.00,0.00,0,12.01
98337,2048,1302.0,404.3,0.00,0.06,0.06,0,7.48
98338,2048,1302.3,405.8,0.02,0.15,0.15,0,6.31
98340,2048,1302.3,405.8,0.02,0.15,0.15,0,9.98
98341,2048,1302.3,405.8,0.02,0.15,0.15,0,12.13
98342,2048,1302.3,405.8,0.02,0.15,0.15,0,14.47
98863,2049,934.0,1233.0,0.00,0.00,0.00,0,12.01
98864,2049,934.0,1233.0,0.00,0.00,0.00,0,14.04
98865,2049,934.0,1233.0,0.00,0.00,0.00,0,16.09
98867,2049,934.0,1233.0,0.00,0.00,0.00,0,19.98
98901,2050,924.0,973.0,0.00,0.00,0.00,0,12.04
98902,2050,924.0,973.0,0.00,0.00,0.00,0,14.08
98903,2050,924.0,973.0,0.00,0.00,0.00,0,16.15
98905,2050,924.0,973.0,0.00,0.00,0.00,0,20.19
98938,2051,636.0,1302.0,0.00,0.00,0.00,0,12.01
98939,2051,636.0,1302.0,0.00,0.00,0.00,0,14.09
98940,2051,636.0,1302.0,0.00,0.00,0.00,0,16.14
98942,2051,636.0,1302.0,0.00,0.00,0.00,0,20.12
99182,2052,737.0,383.0,0.00,0.00,0.00,0,12.01
99184,2054,742.0,359.0,0.00,0.00,0.00,0,12.01
99184,2055,736.0,371.0,0.00,0.00,0.00,0,12.01
99185,2054,741.7,359.3,-0.01,0.01,0.01,0,7.47
99185,2055,741.9,364.4,0.14,-0.16,0.21,0,7.47
99186,2054,745.1,357.2,0.22,-0.13,0.25,0,6.31
99188,2054,745.2,357.1,0.22,-0.13,0.25,0,9.99
99189,2054,745.2,357.1,0.22,-0.13,0.25,0,12.12
99190,2054,745.2,357.1,0.22,-0.13,0.25,0,14.47
99392,2056,770.0,1381.0,0.00,0.00,0.00,0,12.01
99393,2056,769.3,1379.0,-0.02,-0.05,0.05,0,7.48
99394,2056,769.3,1378.5,-0.02,-0.08,0.09,0,6.31
99396,2056,769.2,1378.5,-0.02,-0.08,0.09,0,10.01
99397,2056,769.2,1378.5,-0.02,-0.08,0.09,0,12.11
99398,2056,769.2,1378.5,-0.02,-0.08,0.09,0,14.46
99435,2057,667.0,1259.0,0.00,0.00,0.00,0,12.01
99436,2057,667.0,1259.0,0.00,0.00,0.00,0,14.04
99437,2057,667.0,1259.0,0.00,0.00,0.00,0,16.09
99437,2058,606.0,1263.0,0.00,0.00,0.00,0,12.01
99439,2057,667.0,1259.0,0.00,0.00,0.00,0,19.95
99439,2058,606.0,1263.0,0.00,0.00,0.00,0,15.12
99440,2058,606.0,1263.0,0.00,0.00,0.00,0,17.24
99441,2058,606.0,1263.0,0.00,0.00,0.00,0,19.49
99493,2061,337.0,643.0,0.00,0.00,0.00,0,12.01
99493,2062,357.0,657.0,0.00,0.00,0.00,0,12.01
99494,2061,343.2,646.9,0.15,0.09,0.17,0,7.48
99494,2062,360.9,660.6,0.09,0.08,0.12,0,7.48
99495,2061,349.6,652.1,0.57,0.44,0.72,0,6.31
99495,2062,365.1,665.3,0.37,0.40,0.54,0,6.31
99497,2061,349.8,652.2,0.57,0.44,0.72,0,9.99
99497,2062,365.2,665.5,0.37,0.40,0.54,0,9.99
99498,2061,349.8,652.2,0.57,0.44,0.72,0,12.13
99498,2062,365.2,665.5,0.37,0.40,0.54,0,12.13
99499,2061,349.8,652.2,0.57,0.44,0.72,0,14.48
99499,2062,365.2,665.5,0.37,0.40,0.54,0,14.48
99530,2063,397.0,1067.0,0.00,0.00,0.00,0,12.01
99530,2064,405.0,1076.0,0.00,0.00,0.00,0,12.01
99532,2065,384.0,1054.0,0.00,0.00,0.00,0,12.01
99532,2066,392.0,1063.0,0.00,0.00,0.00,0,12.01
99533,2065,385.0,1055.0,0.02,0.02,0.03,0,7.47
99533,2066,388.4,1058.4,-0.08,-0.10,0.12,0,7.47
99534,2065,384.7,1054.5,0.00,-0.01,0.01,0,6.31
99536,2065,384.7,1054.5,0.00,-0.01,0.01,0,9.96
99537,2065,384.7,1054.5,0.00,-0.01,0.01,0,12.13
99538,2065,384.7,1054.5,0.00,-0.01,0.01,0,14.47
99569,2067,479.0,1149.0,0.00,0.00,0.00,0,12.01
99570,2067,480.6,1149.0,0.04,0.00,0.04,0,7.48
99571,2067,482.8,1149.3,0.19,0.02,0.19,0,6.30
99573,2067,482.8,1149.3,0.19,0.02,0.19,0,9.95
99574,2067,482.8,1149.3,0.19,0.02,0.19,0,12.12
99575,2067,482.9,1149.3,0.19,0.02,0.19,0,14.51
99607,2070,598.0,857.0,0.00,0.00,0.00,0,12.02
99607,2071,607.0,867.0,0.00,0.00,0.00,0,12.02
99608,2070,598.3,857.3,0.01,0.01,0.02,0,7.48
99608,2071,602.4,860.4,-0.19,-0.27,0.33,0,7.48
99609,2070,596.4,853.6,-0.12,-0.24,0.27,0,6.29
99611,2070,596.4,853.6,-0.12,-0.24,0.27,0,9.76
99612,2070,596.4,853.6,-0.12,-0.24,0.27,0,12.01
99613,2070,596.4,853.6,-0.12,-0.24,0.27,0,14.34
99853,2072,380.0,1104.0,0.00,0.00,0.00,0,12.01
99854,2072,379.3,1103.7,-0.02,-0.01,0.02,0,7.48
99854,2073,393.0,1113.0,0.00,0.00,0.00,0,12.01
99855,2072,382.3,1105.8,0.18,0.13,0.23,0,6.31
99857,2072,382.4,1105.9,0.18,0.13,0.23,0,9.95
99858,2072,382.4,1105.9,0.18,0.13,0.23,0,12.12
99859,2072,382.4,1105.9,0.18,0.13,0.23,0,14.47
100393,2074,857.0,891.0,0.00,0.00,0.00,0,12.01
100394,2074,857.0,891.0,0.00,0.00,0.00,0,14.04
100395,2074,857.0,891.0,0.00,0.00,0.00,0,16.09
100397,2074,857.0,891.0,0.00,0.00,0.00,0,19.94
100490,2075,677.0,420.0,0.00,0.00,0.00,0,12.01
100491,2075,677.0,420.0,0.00,0.00,0.00,0,14.04
100492,2075,677.0,420.0,0.00,0.00,0.00,0,16.09
100494,2075,677.0,420.0,0.00,0.00,0.00,0,19.98
100800,2076,394.0,771.0,0.00,0.00,0.00,0,12.01
100801,2076,394.0,771.0,0.00,0.00,0.00,0,14.04
100802,2076,400.3,774.9,0.29,0.18,0.34,0,7.87
100802,2077,437.0,794.0,0.00,0.00,0.00,0,12.01
100804,2076,400.4,774.9,0.29,0.18,0.34,0,11.55
100804,2077,437.0,794.0,0.00,0.00,0.00,0,15.15
100805,2076,400.4,774.9,0.29,0.18,0.34,0,13.68
100805,2077,437.0,794.0,0.00,0.00,0.00,0,17.24
100806,2076,400.4,774.9,0.29,0.18,0.34,0,16.08
100806,2077,437.0,794.0,0.00,0.00,0.00,0,19.53
101482,2078,910.0,1172.0,0.00,0.00,0.00,0,12.01
101483,2078,910.0,1172.0,0.00,0.00,0.00,0,14.04
101484,2078,911.1,1172.0,0.05,0.00,0.05,0,7.87
101486,2078,911.1,1172.0,0.05,0.00,0.05,0,11.52
101487,2078,911.1,1172.0,0.05,0.00,0.05,0,13.68
101488,2078,911.1,1172.0,0.05,0.00,0.05,0,16.08
101949,2079,677.0,391.0,0.00,0.00,0.00,0,12.01
101950,2079,677.0,391.0,0.00,0.00,0.00,0,14.04
101951,2079,677.0,391.0,0.00,0.00,0.00,0,16.09
101953,2079,677.0,391.0,0.00,0.00,0.00,0,19.95
102085,2080,521.0,597.0,0.00,0.00,0.00,0,12.01
102086,2080,521.0,597.0,0.00,0.00,0.00,0,14.04
102087,2080,521.0,597.0,0.00,0.00,0.00,0,16.09
102089,2080,521.0,597.0,0.00,0.00,0.00,0,19.96
102346,2081,642.0,1174.0,0.00,0.00,0.00,0,12.01
102347,2081,642.0,1173.7,0.00,-0.01,0.01,0,7.48
102347,2082,656.0,1185.0,0.00,0.00,0.00,0,12.01
102348,2081,645.3,1176.3,0.22,0.17,0.28,0,6.31
102350,2081,645.4,1176.4,0.22,0.17,0.28,0,9.97
102351,2081,645.4,1176.4,0.22,0.17,0.28,0,12.12
102352,2081,645.4,1176.4,0.22,0.17,0.28,0,14.48
102469,2085,645.0,1339.0,0.00,0.00,0.00,0,12.01
102469,2086,660.0,1340.0,0.00,0.00,0.00,0,12.01
102470,2085,649.6,1339.3,0.11,0.01,0.11,0,7.47
102470,2086,664.9,1342.3,0.11,0.05,0.13,0,7.47
102471,2085,655.9,1341.3,0.51,0.13,0.52,0,6.30
102473,2085,656.0,1341.3,0.51,0.13,0.52,0,9.91
102474,2085,656.0,1341.3,0.51,0.13,0.52,0,12.13
102475,2085,656.0,1341.3,0.51,0.13,0.52,0,14.47
102652,2089,793.0,705.0,0.00,0.00,0.00,0,12.01
102652,2090,781.0,717.0,0.00,0.00,0.00,0,12.01
102652,2091,792.0,716.0,0.00,0.00,0.00,0,12.01
102652,2092,833.0,788.0,0.00,0.00,0.00,0,12.01
102652,2093,825.0,790.0,0.00,0.00,0.00,0,12.01
102652,2094,816.0,801.0,0.00,0.00,0.00,0,12.01
102653,2089,793.0,705.0,0.00,0.00,0.00,0,14.04
102653,2090,781.0,717.0,0.00,0.00,0.00,0,14.04
102653,2091,792.0,716.0,0.00,0.00,0.00,0,14.04
102653,2092,833.0,788.0,0.00,0.00,0.00,0,14.04
102653,2093,825.0,790.0,0.00,0.00,0.00,0,14.04
102653,2094,816.0,801.0,0.00,0.00,0.00,0,14.04
102653,2095,874.0,827.0,0.00,0.00,0.00,0,12.01
102653,2096,864.0,838.0,0.00,0.00,0.00,0,12.01
102654,2092,837.2,798.2,0.19,0.47,0.50,0,7.87
102654,2089,793.0,705.0,0.00,0.00,0.00,0,16.09
102654,2094,816.0,801.0,0.00,0.00,0.00,0,16.09
102656,2092,837.3,798.3,0.19,0.47,0.50,0,11.55
102656,2089,793.0,705.0,0.00,0.00,0.00,0,19.98
102656,2094,816.0,801.0,0.00,0.00,0.00,0,19.98
102657,2092,837.3,798.3,0.19,0.47,0.50,0,13.68
102658,2092,837.3,798.3,0.19,0.47,0.50,0,16.04
102689,2099,1108.0,943.0,0.00,0.00,0.00,0,12.01
102690,2099,1116.2,943.3,0.21,0.01,0.21,0,7.50
102691,2099,1120.3,943.8,0.62,0.05,0.63,0,6.32
102691,2100,1159.0,946.0,0.00,0.00,0.00,0,12.01
102693,2099,1120.4,943.8,0.62,0.05,0.63,0,9.95
102693,2100,1159.0,946.0,0.00,0.00,0.00,0,15.05
102694,2099,1120.4,943.8,0.62,0.05,0.63,0,11.98
102694,2100,1159.0,946.0,0.00,0.00,0.00,0,17.06
102695,2099,1120.5,943.8,0.62,0.05,0.63,0,14.32
102695,2100,1159.0,946.0,0.00,0.00,0.00,0,19.30
102726,2101,759.0,1379.0,0.00,0.00,0.00,0,12.01
102727,2101,759.0,1378.7,0.00,-0.01,0.01,0,7.52
102727,2102,779.0,1374.0,0.00,0.00,0.00,0,12.04
102728,2101,764.2,1377.5,0.60,-0.15,0.62,0,6.33
102728,2102,783.3,1376.3,0.22,0.12,0.25,0,7.49
102730,2101,764.3,1377.4,0.60,-0.15,0.62,0,10.09
102730,2102,783.3,1376.3,0.22,0.12,0.25,0,10.93
102731,2101,764.3,1377.4,0.60,-0.15,0.62,0,12.26
102731,2102,783.3,1376.3,0.22,0.12,0.25,0,13.08
102732,2101,764.4,1377.4,0.60,-0.15,0.62,0,14.61
102732,2102,783.3,1376.3,0.22,0.12,0.25,0,15.38
102763,2103,1177.0,342.0,0.00,0.00,0.00,0,12.01
102763,2104,1012.0,945.0,0.00,0.00,0.00,0,12.01
102763,2105,1026.0,950.0,0.00,0.00,0.00,0,12.01
102764,2103,1178.3,343.0,0.03,0.02,0.04,0,7.52
102764,2104,1012.7,944.7,0.02,-0.01,0.02,0,7.52
102764,2105,1026.0,950.0,0.00,0.00,0.00,0,14.09
102764,2106,986.0,932.0,0.00,0.00,0.00,0,12.04
102765,2103,1179.5,344.8,0.17,0.24,0.29,0,6.33
102765,2104,1006.0,941.4,-0.76,-0.39,0.85,0,6.33
102765,2105,1026.0,950.0,0.00,0.00,0.00,0,16.17
102767,2103,1179.6,344.9,0.17,0.24,0.29,0,10.14
102767,2104,1005.8,941.3,-0.76,-0.39,0.85,0,10.14
102767,2105,1026.0,950.0,0.00,0.00,0.00,0,20.28
102768,2103,1179.6,344.9,0.17,0.24,0.29,0,12.25
102768,2104,1005.8,941.3,-0.76,-0.39,0.85,0,12.25
102769,2103,1179.6,344.9,0.17,0.24,0.29,0,14.61
102769,2104,1005.8,941.3,-0.76,-0.39,0.85,0,14.61
103194,2107,1020.0,1336.0,0.00,0.00,0.00,0,12.01
103195,2107,1020.0,1336.0,0.00,0.00,0.00,0,14.04
103195,2108,1070.0,1311.0,0.00,0.00,0.00,0,12.01
103196,2107,1020.0,1336.0,0.00,0.00,0.00,0,16.09
103196,2108,1069.3,1311.3,-0.02,0.01,0.02,0,7.48
103198,2107,1020.0,1336.0,0.00,0.00,0.00,0,19.96
103198,2108,1069.3,1311.3,-0.02,0.01,0.02,0,10.86
103199,2108,1069.3,1311.3,-0.02,0.01,0.02,0,12.99
103200,2108,1069.3,1311.3,-0.02,0.01,0.02,0,15.33
103448,2109,442.0,1109.0,0.00,0.00,0.00,0,12.01
103449,2109,442.0,1109.7,0.00,0.02,0.02,0,7.49
103450,2109,442.0,1109.7,0.00,0.02,0.02,0,9.53
103452,2109,442.0,1109.7,0.00,0.02,0.02,0,13.32
103453,2109,442.0,1109.7,0.00,0.02,0.02,0,15.40
103677,2110,1135.0,942.0,0.00,0.00,0.00,0,12.01
103678,2110,1135.0,941.7,0.00,-0.01,0.01,0,7.48
103678,2111,1125.0,934.0,0.00,0.00,0.00,0,12.01
103679,2110,1131.7,938.9,-0.22,-0.19,0.29,0,6.30
103679,2111,1125.0,934.0,0.00,0.00,0.00,0,14.03
103681,2110,1131.6,938.9,-0.22,-0.19,0.29,0,9.93
103681,2111,1125.0,934.0,0.00,0.00,0.00,0,17.49
103682,2110,1131.6,938.9,-0.22,-0.19,0.29,0,12.13
103682,2111,1125.0,934.0,0.00,0.00,0.00,0,19.66
103683,2110,1131.6,938.9,-0.22,-0.19,0.29,0,14.53
103758,2112,1374.0,969.0,0.00,0.00,0.00,0,12.01
103759,2112,1374.0,969.0,0.00,0.00,0.00,0,7.47
103760,2112,1374.0,969.0,0.00,0.00,0.00,0,9.52
103762,2112,1374.0,969.0,0.00,0.00,0.00,0,13.28
103763,2112,1374.0,969.0,0.00,0.00,0.00,0,15.46
103875,2113,479.0,1203.0,0.00,0.00,0.00,0,12.01
103876,2113,483.6,1203.3,0.11,0.01,0.11,0,7.47
103877,2113,487.3,1204.5,0.35,0.09,0.36,0,6.32
103879,2113,487.4,1204.6,0.35,0.09,0.36,0,10.06
103880,2113,487.4,1204.6,0.35,0.09,0.36,0,12.11
103881,2113,487.4,1204.6,0.35,0.09,0.36,0,14.46
104145,2114,706.0,1293.0,0.00,0.00,0.00,0,12.01
104146,2114,706.0,1293.0,0.00,0.00,0.00,0,14.04
104147,2114,706.0,1293.0,0.00,0.00,0.00,0,16.09
104149,2114,706.0,1293.0,0.00,0.00,0.00,0,19.95
104310,2115,1097.0,371.0,0.00,0.00,0.00,0,12.01
104311,2115,1096.7,370.3,-0.01,-0.02,0.02,0,7.47
104312,2115,1097.0,372.8,0.01,0.15,0.15,0,6.31
104314,2115,1097.0,372.9,0.01,0.15,0.15,0,9.97
104315,2115,1097.0,372.9,0.01,0.15,0.15,0,12.12
104316,2115,1097.0,372.9,0.01,0.15,0.15,0,14.46
104494,2116,1251.0,750.0,0.00,0.00,0.00,0,12.01
104495,2116,1247.7,746.7,-0.08,-0.08,0.11,0,7.47
104496,2116,1246.0,745.0,-0.19,-0.19,0.27,0,6.31
104498,2116,1245.9,744.9,-0.19,-0.19,0.27,0,9.96
104499,2116,1245.9,744.9,-0.19,-0.19,0.27,0,12.12
104500,2116,1245.9,744.9,-0.19,-0.19,0.27,0,14.52
104590,2118,523.0,448.0,0.00,0.00,0.00,0,12.01
104591,2118,523.0,448.0,0.00,0.00,0.00,0,14.04
104592,2118,523.0,448.0,0.00,0.00,0.00,0,16.09
104594,2118,523.0,448.0,0.00,0.00,0.00,0,19.99
104627,2120,775.0,1141.0,0.00,0.00,0.00,0,12.01
104627,2121,767.0,1152.0,0.00,0.00,0.00,0,12.01
104629,2122,788.0,1129.0,0.00,0.00,0.00,0,12.01
104630,2122,790.3,1126.7,0.05,-0.05,0.07,0,7.47
104631,2122,793.6,1123.4,0.26,-0.26,0.37,0,6.31
104633,2122,793.6,1123.4,0.26,-0.26,0.37,0,9.96
104634,2122,793.6,1123.4,0.26,-0.26,0.37,0,12.11
104635,2122,793.6,1123.4,0.26,-0.26,0.37,0,14.46
104703,2123,408.0,991.0,0.00,0.00,0.00,0,12.01
104704,2123,408.0,991.0,0.00,0.00,0.00,0,14.04
104705,2123,408.0,991.0,0.00,0.00,0.00,0,16.09
104707,2123,408.0,991.0,0.00,0.00,0.00,0,19.94
104860,2124,919.0,1132.0,0.00,0.00,0.00,0,12.01
104860,2125,925.0,1133.0,0.00,0.00,0.00,0,12.01
104861,2124,920.0,1132.3,0.02,0.01,0.03,0,7.48
104861,2125,919.1,1131.4,-0.15,-0.04,0.16,0,7.48
104862,2124,917.2,1131.5,-0.17,-0.05,0.17,0,6.31
104864,2124,917.1,1131.5,-0.17,-0.05,0.17,0,9.94
104865,2124,917.1,1131.5,-0.17,-0.05,0.17,0,12.12
104866,2124,917.1,1131.5,-0.17,-0.05,0.17,0,14.51
104897,2126,1356.0,447.0,0.00,0.00,0.00,0,12.01
104899,2128,1381.0,437.0,0.00,0.00,0.00,0,12.01
104899,2129,1367.0,440.0,0.00,0.00,0.00,0,12.01
104900,2128,1381.0,436.7,0.00,-0.01,0.01,0,7.46
104900,2129,1367.0,440.0,0.00,0.00,0.00,0,14.02
104901,2128,1381.0,436.7,0.00,-0.01,0.01,0,9.48
104903,2128,1381.0,436.7,0.00,-0.01,0.01,0,13.02
104904,2128,1381.0,436.7,0.00,-0.01,0.01,0,15.23
104972,2130,989.0,1301.0,0.00,0.00,0.00,0,12.01
104973,2130,983.1,1292.2,-0.13,-0.20,0.24,0,7.48
104974,2130,980.2,1287.7,-0.32,-0.49,0.59,0,6.30
104974,2131,963.0,1263.0,0.00,0.00,0.00,0,12.01
104976,2130,980.2,1287.6,-0.32,-0.49,0.59,0,9.96
104976,2131,963.0,1263.0,0.00,0.00,0.00,0,15.12
104977,2130,980.1,1287.6,-0.32,-0.49,0.59,0,12.13
104977,2131,963.0,1263.0,0.00,0.00,0.00,0,17.24
104978,2130,980.1,1287.6,-0.32,-0.49,0.59,0,14.47
104978,2131,963.0,1263.0,0.00,0.00,0.00,0,19.49
105009,2132,980.0,898.0,0.00,0.00,0.00,0,12.01
105010,2132,980.0,898.0,0.00,0.00,0.00,0,14.04
105011,2132,980.0,898.0,0.00,0.00,0.00,0,16.09
105013,2132,980.0,898.0,0.00,0.00,0.00,0,19.97
105046,2133,1180.0,492.0,0.00,0.00,0.00,0,12.01
105047,2133,1180.0,492.0,0.00,0.00,0.00,0,14.04
105048,2133,1180.0,492.0,0.00,0.00,0.00,0,16.09
105050,2133,1180.0,492.0,0.00,0.00,0.00,0,19.98
105407,2134,698.0,1215.0,0.00,0.00,0.00,0,12.01
105408,2134,698.0,1215.0,0.00,0.00,0.00,0,14.04
105409,2134,698.0,1215.0,0.00,0.00,0.00,0,16.09
105411,2134,698.0,1215.0,0.00,0.00,0.00,0,19.98
105570,2135,1029.0,1389.0,0.00,0.00,0.00,0,12.01
105571,2135,1029.0,1388.7,0.00,-0.01,0.01,0,7.48
105571,2136,1035.0,1404.0,0.00,0.00,0.00,0,12.01
105572,2135,1030.5,1392.6,0.10,0.26,0.28,0,6.31
105572,2136,1035.0,1404.0,0.00,0.00,0.00,0,14.04
105574,2135,1030.6,1392.7,0.10,0.26,0.28,0,9.95
105574,2136,1035.0,1404.0,0.00,0.00,0.00,0,17.50
105575,2135,1030.6,1392.7,0.10,0.26,0.28,0,12.13
105575,2136,1035.0,1404.0,0.00,0.00,0.00,0,19.66
105576,2135,1030.6,1392.7,0.10,0.26,0.28,0,14.48
105617,2137,458.0,493.0,0.00,0.00,0.00,0,12.01
105619,2139,502.0,446.0,0.00,0.00,0.00,0,12.01
105620,2139,502.0,446.3,0.00,0.01,0.01,0,7.48
105620,2140,514.0,436.0,0.00,0.00,0.00,0,12.01
105621,2139,505.1,443.7,0.21,-0.17,0.27,0,6.31
105623,2139,505.1,443.6,0.21,-0.17,0.27,0,9.99
105624,2139,505.1,443.6,0.21,-0.17,0.27,0,12.13
105625,2139,505.2,443.6,0.21,-0.17,0.27,0,14.48
105821,2141,530.0,1272.0,0.00,0.00,0.00,0,12.01
105822,2141,533.9,1269.1,0.09,-0.07,0.11,0,7.48
105823,2141,535.8,1267.8,0.21,-0.15,0.26,0,6.31
105823,2142,550.0,1255.0,0.00,0.00,0.00,0,12.01
105825,2141,535.8,1267.7,0.21,-0.15,0.26,0,10.00
105825,2142,550.0,1255.0,0.00,0.00,0.00,0,15.15
105826,2141,535.8,1267.7,0.21,-0.15,0.26,0,12.13
105826,2142,550.0,1255.0,0.00,0.00,0.00,0,17.24
105827,2141,535.8,1267.7,0.21,-0.15,0.26,0,14.48
105827,2142,550.0,1255.0,0.00,0.00,0.00,0,19.49
105859,2145,861.0,1241.0,0.00,0.00,0.00,0,12.01
105859,2146,867.0,1242.0,0.00,0.00,0.00,0,12.01
105859,2147,882.0,1250.0,0.00,0.00,0.00,0,12.01
105860,2145,867.6,1243.9,0.18,0.08,0.20,0,7.48
105860,2146,867.0,1242.0,0.00,0.00,0.00,0,14.04
105860,2147,882.0,1250.0,0.00,0.00,0.00,0,14.04
105861,2145,875.6,1247.6,0.71,0.32,0.78,0,6.31
105863,2145,875.8,1247.7,0.71,0.32,0.78,0,9.95
105864,2145,875.9,1247.7,0.71,0.32,0.78,0,12.11
105865,2145,875.9,1247.7,0.71,0.32,0.78,0,14.51
105951,2148,1210.0,1120.0,0.00,0.00,0.00,0,12.01
105952,2148,1210.3,1120.3,0.01,0.01,0.01,0,7.48
105952,2149,1211.0,1067.0,0.00,0.00,0.00,0,12.01
105953,2148,1210.3,1120.3,0.01,0.01,0.01,0,9.52
105953,2149,1211.0,1067.3,0.00,0.01,0.01,0,7.48
105955,2148,1210.3,1120.3,0.01,0.01,0.01,0,13.28
105955,2149,1211.0,1067.3,0.00,0.01,0.01,0,10.85
105956,2148,1210.3,1120.3,0.01,0.01,0.01,0,15.46
105956,2149,1211.0,1067.3,0.00,0.01,0.01,0,12.99
105957,2149,1211.0,1067.3,0.00,0.01,0.01,0,15.29
105988,2150,920.0,1406.0,0.00,0.00,0.00,0,12.01
105989,2150,918.7,1405.0,-0.03,-0.02,0.04,0,7.50
105990,2150,917.5,1404.2,-0.16,-0.10,0.19,0,6.32
105992,2150,917.4,1404.2,-0.16,-0.10,0.19,0,9.97
105993,2150,917.4,1404.2,-0.16,-0.10,0.19,0,12.00
105994,2150,917.4,1404.2,-0.16,-0.10,0.19,0,14.38
106031,2151,872.0,1449.0,0.00,0.00,0.00,0,12.01
106032,2151,872.7,1444.1,0.02,-0.12,0.12,0,7.47
106033,2151,873.0,1441.7,0.04,-0.27,0.28,0,6.31
106033,2152,876.0,1420.0,0.00,0.00,0.00,0,12.01
106035,2151,873.0,1441.7,0.04,-0.27,0.28,0,9.97
106035,2152,876.0,1420.0,0.00,0.00,0.00,0,15.13
106036,2151,873.0,1441.7,0.04,-0.27,0.28,0,12.13
106036,2152,876.0,1420.0,0.00,0.00,0.00,0,17.24
106037,2151,873.0,1441.7,0.04,-0.27,0.28,0,14.53
106037,2152,876.0,1420.0,0.00,0.00,0.00,0,19.53
106080,2153,533.0,1250.0,0.00,0.00,0.00,0,12.01
106081,2153,532.7,1250.0,-0.01,0.00,0.01,0,7.47
106082,2153,536.9,1247.4,0.26,-0.16,0.30,0,6.31
106082,2154,567.0,1229.0,0.00,0.00,0.00,0,12.01
106084,2153,536.9,1247.4,0.26,-0.16,0.30,0,9.96
106084,2154,567.0,1229.0,0.00,0.00,0.00,0,15.13
106085,2153,536.9,1247.4,0.26,-0.16,0.30,0,12.13
106085,2154,567.0,1229.0,0.00,0.00,0.00,0,17.25
106086,2153,537.0,1247.4,0.26,-0.16,0.30,0,14.53
106086,2154,567.0,1229.0,0.00,0.00,0.00,0,19.54
106117,2155,1043.0,890.0,0.00,0.00,0.00,0,12.01
106117,2156,1032.0,892.0,0.00,0.00,0.00,0,12.01
106118,2155,1044.0,890.3,0.02,0.01,0.03,0,7.48
106118,2156,1032.0,892.0,0.00,0.00,0.00,0,14.04
106119,2155,1046.0,890.8,0.17,0.04,0.18,0,6.31
106121,2155,1046.1,890.8,0.17,0.04,0.18,0,9.95
106122,2155,1046.1,890.8,0.17,0.04,0.18,0,12.11
106123,2155,1046.1,890.8,0.17,0.04,0.18,0,14.51
106603,2157,1444.0,1095.0,0.00,0.00,0.00,0,12.01
106604,2157,1439.1,1095.3,-0.11,0.01,0.11,0,7.48
106605,2157,1432.4,1095.5,-0.56,0.02,0.56,0,6.31
106607,2157,1432.2,1095.5,-0.56,0.02,0.56,0,9.96
106608,2157,1432.2,1095.5,-0.56,0.02,0.56,0,12.13
106609,2157,1432.2,1095.5,-0.56,0.02,0.56,0,14.48
106640,2158,1387.0,1024.0,0.00,0.00,0.00,0,12.01
106641,2158,1388.0,1023.7,0.02,-0.01,0.03,0,7.51
106642,2158,1389.8,1024.5,0.22,0.08,0.24,0,6.32
106644,2158,1389.9,1024.6,0.22,0.08,0.24,0,10.00
106645,2158,1389.9,1024.6,0.22,0.08,0.24,0,12.30
106646,2158,1389.9,1024.6,0.22,0.08,0.24,0,14.66
107763,2159,676.0,284.0,0.00,0.00,0.00,0,12.01
107764,2159,676.0,283.7,0.00,-0.01,0.01,0,7.47
107764,2160,673.0,294.0,0.00,0.00,0.00,0,12.01
107765,2159,675.2,285.8,-0.05,0.13,0.14,0,6.31
107765,2160,673.0,294.0,0.00,0.00,0.00,0,14.04
107767,2159,675.2,285.9,-0.05,0.13,0.14,0,10.00
107767,2160,673.0,294.0,0.00,0.00,0.00,0,17.54
107768,2159,675.2,285.9,-0.05,0.13,0.14,0,12.12
107768,2160,673.0,294.0,0.00,0.00,0.00,0,19.65
107769,2159,675.2,285.9,-0.05,0.13,0.14,0,14.47
107800,2161,383.0,855.0,0.00,0.00,0.00,0,12.01
107800,2162,392.0,868.0,0.00,0.00,0.00,0,12.01
107801,2161,383.0,855.3,0.00,0.01,0.01,0,7.50
107801,2162,386.1,860.5,-0.15,-0.19,0.24,0,7.50
107802,2161,380.7,852.7,-0.22,-0.25,0.33,0,6.31
107804,2161,380.6,852.6,-0.22,-0.25,0.33,0,9.97
107805,2161,380.6,852.6,-0.22,-0.25,0.33,0,12.01
107806,2161,380.6,852.6,-0.22,-0.25,0.33,0,14.35
107837,2163,1489.0,516.0,0.00,0.00,0.00,0,12.01
107838,2163,1489.0,516.0,0.00,0.00,0.00,0,14.05
107839,2163,1489.0,516.0,0.00,0.00,0.00,0,16.10
107839,2164,506.0,1040.0,0.00,0.00,0.00,0,12.01
107841,2163,1489.0,516.0,0.00,0.00,0.00,0,19.99
107841,2164,506.0,1040.0,0.00,0.00,0.00,0,15.08
107842,2164,506.0,1040.0,0.00,0.00,0.00,0,17.16
107843,2164,506.0,1040.0,0.00,0.00,0.00,0,19.40
108298,2165,890.0,1308.0,0.00,0.00,0.00,0,12.01
108299,2165,890.0,1307.0,0.00,-0.02,0.02,0,7.47
108299,2166,894.0,1288.0,0.00,0.00,0.00,0,12.01
108300,2165,891.0,1302.1,0.07,-0.34,0.35,0,6.31
108302,2165,891.0,1302.0,0.07,-0.34,0.35,0,10.01
108303,2165,891.0,1302.0,0.07,-0.34,0.35,0,12.12
108304,2165,891.1,1302.0,0.07,-0.34,0.35,0,14.54
108335,2167,1000.0,1363.0,0.00,0.00,0.00,0,12.01
108336,2167,1000.0,1363.0,0.00,0.00,0.00,0,14.04
108337,2167,1000.0,1363.0,0.00,0.00,0.00,0,16.09
108339,2167,1000.0,1363.0,0.00,0.00,0.00,0,19.97
108451,2168,308.0,763.0,0.00,0.00,0.00,0,12.01
108452,2168,308.3,763.0,0.01,0.00,0.01,0,7.47
108452,2169,325.0,770.0,0.00,0.00,0.00,0,12.01
108453,2168,312.6,764.8,0.28,0.11,0.30,0,6.31
108455,2168,312.7,764.8,0.28,0.11,0.30,0,10.03
108456,2168,312.7,764.8,0.28,0.11,0.30,0,12.13
108457,2168,312.7,764.8,0.28,0.11,0.30,0,14.48
108488,2170,1139.0,893.0,0.00,0.00,0.00,0,12.01
108488,2171,1145.0,909.0,0.00,0.00,0.00,0,12.01
108490,2172,1134.0,870.0,0.00,0.00,0.00,0,12.01
108490,2173,1136.0,883.0,0.00,0.00,0.00,0,12.01
108491,2172,1134.3,871.3,0.01,0.03,0.03,0,7.46
108491,2173,1136.3,876.5,0.01,-0.13,0.13,0,7.46
108492,2172,1134.5,870.2,0.01,-0.02,0.03,0,6.29
108494,2172,1134.5,870.2,0.01,-0.02,0.03,0,9.86
108495,2172,1134.5,870.2,0.01,-0.02,0.03,0,12.03
108496,2172,1134.5,870.2,0.01,-0.02,0.03,0,14.37
108552,2174,812.0,1407.0,0.00,0.00,0.00,0,12.01
108553,2174,811.7,1407.3,-0.01,0.01,0.01,0,7.48
108553,2175,822.0,1404.0,0.00,0.00,0.00,0,12.01
108554,2174,813.8,1406.5,0.13,-0.05,0.14,0,6.31
108554,2175,822.0,1404.0,0.00,0.00,0.00,0,14.04
108556,2174,813.9,1406.5,0.13,-0.05,0.14,0,9.98
108556,2175,822.0,1404.0,0.00,0.00,0.00,0,17.53
108557,2174,813.9,1406.5,0.13,-0.05,0.14,0,12.13
108557,2175,822.0,1404.0,0.00,0.00,0.00,0,19.66
108558,2174,813.9,1406.5,0.13,-0.05,0.14,0,14.53
108591,2176,1365.0,869.0,0.00,0.00,0.00,0,12.01
108592,2176,1365.0,869.0,0.00,0.00,0.00,0,7.46
108592,2177,1373.0,877.0,0.00,0.00,0.00,0,12.00
108593,2176,1366.8,870.8,0.07,0.07,0.10,0,6.29
108593,2177,1374.6,879.6,0.02,0.04,0.04,0,7.46
108595,2176,1366.8,870.8,0.07,0.07,0.10,0,9.79
108595,2177,1374.6,879.6,0.02,0.04,0.04,0,10.73
108596,2176,1366.8,870.8,0.07,0.07,0.10,0,11.98
108596,2177,1374.6,879.6,0.02,0.04,0.04,0,12.89
108597,2176,1366.8,870.8,0.07,0.07,0.10,0,14.31
108597,2177,1374.6,879.6,0.02,0.04,0.04,0,15.18
108639,2178,1396.0,1200.0,0.00,0.00,0.00,0,12.01
108640,2178,1396.0,1200.0,0.00,0.00,0.00,0,7.47
108640,2179,1385.0,1200.0,0.00,0.00,0.00,0,12.01
108641,2178,1393.2,1200.0,-0.18,0.00,0.18,0,6.31
108641,2179,1381.7,1200.0,-0.08,0.00,0.08,0,7.48
108643,2178,1393.1,1200.0,-0.18,0.00,0.18,0,10.01
108643,2179,1381.7,1200.0,-0.08,0.00,0.08,0,10.90
108644,2178,1393.1,1200.0,-0.18,0.00,0.18,0,12.13
108644,2179,1381.7,1200.0,-0.08,0.00,0.08,0,13.00
108645,2178,1393.1,1200.0,-0.18,0.00,0.18,0,14.49
108645,2179,1381.7,1200.0,-0.08,0.00,0.08,0,15.31
108676,2180,834.0,1336.0,0.00,0.00,0.00,0,12.01
108676,2181,841.0,1348.0,0.00,0.00,0.00,0,12.01
108676,2182,794.0,1392.0,0.00,0.00,0.00,0,12.01
108676,2183,800.0,1400.0,0.00,0.00,0.00,0,12.01
108677,2180,834.3,1336.3,0.01,0.01,0.01,0,7.48
108677,2181,836.7,1339.8,-0.11,-0.20,0.23,0,7.48
108677,2182,795.6,1394.3,0.04,0.06,0.07,0,7.48
108677,2183,800.0,1400.0,0.00,0.00,0.00,0,14.04
108678,2180,832.7,1333.2,-0.11,-0.22,0.24,0,6.30
108678,2182,797.8,1397.8,0.19,0.31,0.37,0,6.30
108680,2180,832.7,1333.1,-0.11,-0.22,0.24,0,9.97
108680,2182,797.8,1397.9,0.19,0.31,0.37,0,9.97
108681,2180,832.7,1333.1,-0.11,-0.22,0.24,0,12.11
108681,2182,797.8,1397.9,0.19,0.31,0.37,0,12.11
108682,2180,832.7,1333.1,-0.11,-0.22,0.24,0,14.52
108682,2182,797.9,1397.9,0.19,0.31,0.37,0,14.52
108713,2184,875.0,1247.0,0.00,0.00,0.00,0,12.01
108714,2184,874.3,1244.7,-0.02,-0.06,0.06,0,7.52
108715,2184,873.7,1242.5,-0.09,-0.32,0.33,0,6.33
108717,2184,873.7,1242.4,-0.09,-0.32,0.33,0,10.09
108718,2184,873.7,1242.4,-0.09,-0.32,0.33,0,12.26
108719,2184,873.7,1242.3,-0.09,-0.32,0.33,0,14.68
108837,2185,1519.0,763.0,0.00,0.00,0.00,0,12.01
108838,2185,1519.3,762.7,0.01,-0.01,0.01,0,7.47
108838,2186,1499.0,764.0,0.00,0.00,0.00,0,12.01
108839,2185,1514.6,763.0,-0.30,0.01,0.30,0,6.31
108839,2186,1499.0,764.0,0.00,0.00,0.00,0,14.04
108841,2185,1514.5,763.0,-0.30,0.01,0.30,0,9.99
108841,2186,1499.0,764.0,0.00,0.00,0.00,0,17.53
108842,2185,1514.5,763.0,-0.30,0.01,0.30,0,12.13
108842,2186,1499.0,764.0,0.00,0.00,0.00,0,19.66
108843,2185,1514.5,763.0,-0.30,0.01,0.30,0,14.53
108951,2187,451.0,752.0,0.00,0.00,0.00,0,12.01
108952,2187,450.7,752.3,-0.01,0.01,0.01,0,7.48
108952,2188,471.0,735.0,0.00,0.00,0.00,0,12.01
108953,2187,456.2,747.6,0.35,-0.30,0.47,0,6.31
108953,2188,477.6,729.4,0.16,-0.14,0.21,0,7.48
108955,2187,456.3,747.5,0.35,-0.30,0.47,0,9.99
108955,2188,477.6,729.4,0.16,-0.14,0.21,0,10.88
108956,2187,456.3,747.5,0.35,-0.30,0.47,0,12.13
108956,2188,477.6,729.4,0.16,-0.14,0.21,0,13.00
108957,2187,456.3,747.5,0.35,-0.30,0.47,0,14.48
108957,2188,477.6,729.4,0.16,-0.14,0.21,0,15.30
109048,2189,457.0,939.0,0.00,0.00,0.00,0,12.01
109048,2190,448.0,945.0,0.00,0.00,0.00,0,12.01
109048,2191,419.0,963.0,0.00,0.00,0.00,0,12.01
109049,2189,457.3,939.0,0.01,0.00,0.01,0,7.48
109049,2190,447.7,945.3,-0.01,0.01,0.01,0,7.48
109049,2191,419.0,963.0,0.00,0.00,0.00,0,14.04
109049,2192,474.0,929.0,0.00,0.00,0.00,0,12.01
109050,2189,457.3,939.0,0.01,0.00,0.01,0,9.52
109050,2191,419.0,963.0,0.00,0.00,0.00,0,16.09
109052,2189,457.3,939.0,0.01,0.00,0.01,0,13.31
109052,2191,419.0,963.0,0.00,0.00,0.00,0,19.96
109053,2189,457.3,939.0,0.01,0.00,0.01,0,15.47
109085,2193,621.0,264.0,0.00,0.00,0.00,0,12.01
109085,2194,633.0,275.0,0.00,0.00,0.00,0,12.01
109087,2196,386.0,965.0,0.00,0.00,0.00,0,12.01
109088,2196,385.7,964.0,-0.01,-0.02,0.02,0,7.46
109088,2197,374.0,928.0,0.00,0.00,0.00,0,12.00
109088,2198,378.0,940.0,0.00,0.00,0.00,0,12.00
109089,2196,382.9,955.0,-0.12,-0.39,0.40,0,6.29
109091,2196,382.9,954.9,-0.12,-0.39,0.40,0,9.85
109092,2196,382.9,954.9,-0.12,-0.39,0.40,0,12.02
109093,2196,382.9,954.9,-0.12,-0.39,0.40,0,14.36
109240,2200,992.0,1411.0,0.00,0.00,0.00,0,12.01
109241,2200,991.7,1411.3,-0.01,0.01,0.01,0,7.48
109241,2201,1004.0,1404.0,0.00,0.00,0.00,0,12.01
109242,2200,994.8,1409.4,0.21,-0.12,0.24,0,6.31
109244,2200,994.9,1409.4,0.21,-0.12,0.24,0,9.99
109245,2200,994.9,1409.4,0.21,-0.12,0.24,0,12.13
109246,2200,994.9,1409.4,0.21,-0.12,0.24,0,14.48
109513,2204,520.0,847.0,0.00,0.00,0.00,0,12.01
109514,2204,520.0,847.0,0.00,0.00,0.00,0,14.04
109515,2204,520.0,847.0,0.00,0.00,0.00,0,16.09
109517,2204,520.0,847.0,0.00,0.00,0.00,0,20.00
109578,2205,571.0,720.0,0.00,0.00,0.00,0,12.01
109579,2205,570.3,720.3,-0.02,0.01,0.02,0,7.48
109579,2206,593.0,703.0,0.00,0.00,0.00,0,12.01
109580,2205,575.4,716.1,0.32,-0.27,0.42,0,6.30
109580,2206,599.6,697.1,0.16,-0.15,0.22,0,7.47
109580,2207,615.0,679.0,0.00,0.00,0.00,0,12.01
109582,2205,575.5,716.1,0.32,-0.27,0.42,0,9.91
109582,2206,599.6,697.1,0.16,-0.15,0.22,0,10.82
109582,2207,615.0,679.0,0.00,0.00,0.00,0,15.09
109583,2205,575.5,716.0,0.32,-0.27,0.42,0,12.13
109583,2206,599.6,697.1,0.16,-0.15,0.22,0,13.00
109583,2207,615.0,679.0,0.00,0.00,0.00,0,17.24
109584,2205,575.5,716.0,0.32,-0.27,0.42,0,14.47
109584,2206,599.6,697.1,0.16,-0.15,0.22,0,15.30
109584,2207,615.0,679.0,0.00,0.00,0.00,0,19.49
109734,2208,1112.0,1117.0,0.00,0.00,0.00,0,12.01
109735,2208,1120.5,1117.3,0.22,0.01,0.22,0,7.47
109736,2208,1124.2,1117.2,0.46,0.00,0.46,0,6.31
109736,2209,1166.0,1125.0,0.00,0.00,0.00,0,12.01
109738,2208,1124.4,1117.2,0.46,0.00,0.46,0,9.96
109738,2209,1166.0,1125.0,0.00,0.00,0.00,0,15.12
109739,2208,1124.4,1117.2,0.46,0.00,0.46,0,12.12
109739,2209,1166.0,1125.0,0.00,0.00,0.00,0,17.24
109740,2208,1124.4,1117.2,0.46,0.00,0.46,0,14.47
109740,2209,1166.0,1125.0,0.00,0.00,0.00,0,19.49
109808,2210,895.0,1420.0,0.00,0.00,0.00,0,12.01
109809,2210,897.6,1415.7,0.07,-0.11,0.12,0,7.47
109810,2210,898.7,1413.7,0.14,-0.24,0.27,0,6.31
109810,2211,910.0,1397.0,0.00,0.00,0.00,0,12.01
109812,2210,898.8,1413.7,0.14,-0.24,0.27,0,9.97
109812,2211,910.0,1397.0,0.00,0.00,0.00,0,15.13
109813,2210,898.8,1413.7,0.14,-0.24,0.27,0,12.13
109813,2211,910.0,1397.0,0.00,0.00,0.00,0,17.24
109814,2210,898.8,1413.7,0.14,-0.24,0.27,0,14.52
109814,2211,910.0,1397.0,0.00,0.00,0.00,0,19.53
109943,2212,1198.0,1231.0,0.00,0.00,0.00,0,12.01
109944,2212,1196.4,1231.7,-0.04,0.02,0.04,0,7.48
109945,2212,1198.3,1230.2,0.09,-0.08,0.12,0,6.31
109945,2213,1195.0,1208.0,0.00,0.00,0.00,0,12.01
109947,2212,1198.4,1230.2,0.09,-0.08,0.12,0,9.99
109947,2213,1195.0,1208.0,0.00,0.00,0.00,0,15.14
109948,2212,1198.4,1230.2,0.09,-0.08,0.12,0,12.12
109948,2213,1195.0,1208.0,0.00,0.00,0.00,0,17.23
109949,2212,1198.4,1230.2,0.09,-0.08,0.12,0,14.46
109949,2213,1195.0,1208.0,0.00,0.00,0.00,0,19.48
109997,2214,927.0,1426.0,0.00,0.00,0.00,0,12.01
109999,2216,923.0,1417.0,0.00,0.00,0.00,0,12.01
110000,2216,918.4,1415.0,-0.11,-0.05,0.12,0,7.47
110001,2216,918.4,1415.0,-0.11,-0.05,0.12,0,9.52
110003,2216,918.4,1415.0,-0.11,-0.05,0.12,0,13.30
110004,2216,918.4,1415.0,-0.11,-0.05,0.12,0,15.47
110352,2217,1388.0,752.0,0.00,0.00,0.00,0,12.01
110353,2217,1395.2,755.9,0.18,0.10,0.20,0,7.47
110354,2217,1398.8,757.8,0.41,0.22,0.46,0,6.31
110354,2218,1435.0,776.0,0.00,0.00,0.00,0,12.01
110356,2217,1398.9,757.8,0.41,0.22,0.46,0,9.98
110356,2218,1435.0,776.0,0.00,0.00,0.00,0,15.14
110357,2217,1398.9,757.8,0.41,0.22,0.46,0,12.13
110357,2218,1435.0,776.0,0.00,0.00,0.00,0,17.25
110358,2217,1398.9,757.8,0.41,0.22,0.46,0,14.47
110358,2218,1435.0,776.0,0.00,0.00,0.00,0,19.49
110392,2219,795.0,237.0,0.00,0.00,0.00,0,12.01
110393,2219,795.7,237.0,0.02,0.00,0.02,0,7.48
110393,2220,783.0,227.0,0.00,0.00,0.00,0,12.01
110394,2219,792.4,234.4,-0.20,-0.17,0.27,0,6.30
110396,2219,792.3,234.4,-0.20,-0.17,0.27,0,9.96
110397,2219,792.3,234.4,-0.20,-0.17,0.27,0,12.10
110398,2219,792.3,234.4,-0.20,-0.17,0.27,0,14.50
110572,2221,784.0,1125.0,0.00,0.00,0.00,0,12.01
110573,2221,784.0,1125.0,0.00,0.00,0.00,0,7.47
110573,2222,813.0,1136.0,0.00,0.00,0.00,0,12.01
110574,2221,789.9,1127.1,0.37,0.13,0.39,0,6.31
110576,2221,790.0,1127.1,0.37,0.13,0.39,0,10.01
110577,2221,790.0,1127.1,0.37,0.13,0.39,0,12.14
110578,2221,790.0,1127.1,0.37,0.13,0.39,0,14.48
110638,2223,1190.0,1385.0,0.00,0.00,0.00,0,12.01
110639,2223,1190.0,1385.0,0.00,0.00,0.00,0,14.04
110640,2223,1190.0,1385.0,0.00,0.00,0.00,0,16.09
110642,2223,1190.0,1385.0,0.00,0.00,0.00,0,19.97
110675,2224,634.0,611.0,0.00,0.00,0.00,0,12.01
110675,2225,622.0,616.0,0.00,0.00,0.00,0,12.01
110677,2226,610.0,622.0,0.00,0.00,0.00,0,12.01
110678,2226,607.7,623.0,-0.05,0.02,0.05,0,7.46
110679,2226,605.2,624.0,-0.15,0.06,0.17,0,6.28
110681,2226,605.2,624.0,-0.15,0.06,0.17,0,9.75
110682,2226,605.2,624.0,-0.15,0.06,0.17,0,11.96
110683,2226,605.2,624.0,-0.15,0.06,0.17,0,14.29
110817,2227,1246.0,674.0,0.00,0.00,0.00,0,12.01
110818,2227,1246.7,674.7,0.02,0.02,0.02,0,7.48
110818,2228,1237.0,664.0,0.00,0.00,0.00,0,12.01
110819,2227,1244.4,671.9,-0.13,-0.17,0.21,0,6.31
110819,2228,1234.4,660.4,-0.07,-0.09,0.11,0,7.47
110821,2227,1244.4,671.9,-0.13,-0.17,0.21,0,9.97
110821,2228,1234.4,660.4,-0.07,-0.09,0.11,0,10.86
110822,2227,1244.4,671.9,-0.13,-0.17,0.21,0,12.12
110822,2228,1234.4,660.4,-0.07,-0.09,0.11,0,12.99
110823,2227,1244.4,671.9,-0.13,-0.17,0.21,0,14.51
110823,2228,1234.4,660.4,-0.07,-0.09,0.11,0,15.33
110930,2229,816.0,1286.0,0.00,0.00,0.00,0,12.01
110932,2231,895.0,1240.0,0.00,0.00,0.00,0,12.01
110932,2232,866.0,1258.0,0.00,0.00,0.00,0,12.01
110933,2231,894.3,1240.7,-0.02,0.02,0.02,0,7.48
110933,2232,866.0,1258.0,0.00,0.00,0.00,0,14.04
110933,2233,930.0,1220.0,0.00,0.00,0.00,0,12.01
110934,2231,894.3,1240.7,-0.02,0.02,0.02,0,9.52
110934,2232,866.0,1258.0,0.00,0.00,0.00,0,16.09
110936,2231,894.3,1240.7,-0.02,0.02,0.02,0,13.31
110936,2232,866.0,1258.0,0.00,0.00,0.00,0,19.97
110937,2231,894.3,1240.7,-0.02,0.02,0.02,0,15.46
110969,2235,702.0,884.0,0.00,0.00,0.00,0,12.01
110969,2236,696.0,901.0,0.00,0.00,0.00,0,12.01
110971,2237,682.0,936.0,0.00,0.00,0.00,0,12.01
110972,2237,678.1,943.5,-0.08,0.16,0.18,0,7.47
110973,2237,678.1,943.5,-0.08,0.16,0.18,0,9.51
110975,2237,678.0,943.6,-0.08,0.16,0.18,0,13.26
110976,2237,678.0,943.6,-0.08,0.16,0.18,0,15.43
111696,2240,516.0,980.0,0.00,0.00,0.00,0,12.01
111697,2240,516.0,981.0,0.00,0.02,0.02,0,7.47
111698,2240,514.5,978.7,-0.10,-0.13,0.16,0,6.31
111700,2240,514.4,978.6,-0.10,-0.13,0.16,0,9.96
111701,2240,514.4,978.6,-0.10,-0.13,0.16,0,12.13
111702,2240,514.4,978.6,-0.10,-0.13,0.16,0,14.52
111852,2241,735.0,1045.0,0.00,0.00,0.00,0,12.01
111853,2241,735.0,1043.4,0.00,-0.04,0.04,0,7.47
111854,2241,735.0,1043.4,0.00,-0.04,0.04,0,9.52
111856,2241,735.0,1043.3,0.00,-0.04,0.04,0,13.27
111857,2241,735.0,1043.3,0.00,-0.04,0.04,0,15.46
112072,2242,311.0,659.0,0.00,0.00,0.00,0,12.01
112073,2242,316.6,664.9,0.13,0.14,0.19,0,7.48
112074,2242,319.5,668.3,0.33,0.37,0.49,0,6.34
112076,2242,319.6,668.4,0.33,0.37,0.49,0,10.18
112077,2242,319.6,668.4,0.33,0.37,0.49,0,12.45
112078,2242,319.6,668.4,0.33,0.37,0.49,0,14.82
112668,2244,507.0,1170.0,0.00,0.00,0.00,0,12.01
112669,2244,507.0,1170.0,0.00,0.00,0.00,0,14.04
112670,2244,507.0,1170.0,0.00,0.00,0.00,0,16.08
112672,2244,507.0,1170.0,0.00,0.00,0.00,0,19.93
112921,2245,332.0,492.0,0.00,0.00,0.00,0,12.01
112922,2245,332.0,492.0,0.00,0.00,0.00,0,14.04
112923,2245,332.0,492.0,0.00,0.00,0.00,0,16.09
112925,2245,332.0,492.0,0.00,0.00,0.00,0,19.96
113054,2246,930.0,1156.0,0.00,0.00,0.00,0,12.01
113055,2246,928.4,1148.5,-0.04,-0.16,0.17,0,7.47
113056,2246,927.5,1139.9,-0.09,-0.69,0.69,0,6.30
113058,2246,927.5,1139.7,-0.09,-0.69,0.69,0,9.97
113059,2246,927.5,1139.7,-0.09,-0.69,0.69,0,12.12
113060,2246,927.5,1139.6,-0.09,-0.69,0.69,0,14.51
113226,2247,970.0,552.0,0.00,0.00,0.00,0,12.01
113227,2247,963.8,549.7,-0.16,-0.06,0.18,0,7.48
113228,2247,957.7,547.0,-0.57,-0.24,0.62,0,6.31
113230,2247,957.5,546.9,-0.57,-0.24,0.62,0,9.97
113231,2247,957.5,546.9,-0.57,-0.24,0.62,0,12.12
113232,2247,957.5,546.9,-0.57,-0.24,0.62,0,14.53
113699,2248,1010.0,1402.0,0.00,0.00,0.00,0,12.01
113700,2248,1009.3,1401.7,-0.02,-0.01,0.02,0,7.47
113701,2248,1018.0,1399.4,0.53,-0.15,0.55,0,6.31
113703,2248,1018.2,1399.4,0.53,-0.15,0.55,0,10.04
113704,2248,1018.2,1399.4,0.53,-0.15,0.55,0,12.12
113705,2248,1018.2,1399.4,0.53,-0.15,0.55,0,14.47
113736,2249,1425.0,645.0,0.00,0.00,0.00,0,12.01
113737,2249,1425.0,645.0,0.00,0.00,0.00,0,14.04
113737,2250,1506.0,617.0,0.00,0.00,0.00,0,12.01
113737,2251,1509.0,623.0,0.00,0.00,0.00,0,12.01
113738,2249,1425.0,645.0,0.00,0.00,0.00,0,16.09
113738,2250,1506.0,617.0,0.00,0.00,0.00,0,14.04
113738,2251,1509.0,623.0,0.00,0.00,0.00,0,14.04
113740,2249,1425.0,645.0,0.00,0.00,0.00,0,19.96
113740,2250,1506.0,617.0,0.00,0.00,0.00,0,17.52
113740,2251,1509.0,623.0,0.00,0.00,0.00,0,17.52
113741,2250,1506.0,617.0,0.00,0.00,0.00,0,19.65
113741,2251,1509.0,623.0,0.00,0.00,0.00,0,19.65
113899,2255,1409.0,599.0,0.00,0.00,0.00,0,12.01
113900,2255,1409.0,599.0,0.00,0.00,0.00,0,14.04
113901,2255,1409.0,599.0,0.00,0.00,0.00,0,16.08
113903,2255,1409.0,599.0,0.00,0.00,0.00,0,19.95
113962,2256,558.0,1187.0,0.00,0.00,0.00,0,12.01
113963,2256,558.0,1187.0,0.00,0.00,0.00,0,14.04
113964,2256,558.0,1187.0,0.00,0.00,0.00,0,16.09
113966,2256,558.0,1187.0,0.00,0.00,0.00,0,19.97
