frame,track,x,y,vx,vy,speed,state,cov
1,0,1051.0,1252.0,0.00,0.00,0.00,0,12.01
2,0,1050.7,1252.3,-0.01,0.01,0.01,0,7.61
3,0,1050.7,1252.3,-0.01,0.01,0.01,0,9.66
5,0,1050.7,1252.3,-0.01,0.01,0.01,0,13.87
6,0,1050.7,1252.3,-0.01,0.01,0.01,0,16.00
39,1,706.0,972.0,0.00,0.00,0.00,0,12.01
40,1,701.4,974.3,-0.15,0.07,0.16,0,7.48
41,1,699.8,975.2,-0.26,0.14,0.29,0,6.30
43,1,699.7,975.3,-0.26,0.14,0.29,0,9.93
44,1,699.7,975.3,-0.26,0.14,0.29,0,12.06
45,1,699.7,975.3,-0.26,0.14,0.29,0,14.40
76,2,608.0,982.0,0.00,0.00,0.00,0,12.01
76,3,616.0,986.0,0.00,0.00,0.00,0,12.01
77,2,608.3,982.3,0.01,0.01,0.01,0,7.48
77,3,611.1,982.7,-0.12,-0.08,0.15,0,7.48
78,2,606.7,981.0,-0.10,-0.09,0.14,0,6.31
80,2,606.7,980.9,-0.10,-0.09,0.14,0,9.97
81,2,606.7,980.9,-0.10,-0.09,0.14,0,12.12
82,2,606.7,980.9,-0.10,-0.09,0.14,0,14.52
170,4,917.0,1183.0,0.00,0.00,0.00,0,12.01
172,6,913.0,1166.0,0.00,0.00,0.00,0,12.01
172,7,913.0,1176.0,0.00,0.00,0.00,0,12.01
173,6,913.0,1166.3,0.00,0.01,0.01,0,7.47
173,7,914.3,1169.8,0.03,-0.15,0.16,0,7.47
174,6,914.0,1163.9,0.07,-0.14,0.16,0,6.31
176,6,914.0,1163.9,0.07,-0.14,0.16,0,10.00
177,6,914.0,1163.9,0.07,-0.14,0.16,0,12.13
178,6,914.0,1163.9,0.07,-0.14,0.16,0,14.47
209,9,922.0,1140.0,0.00,0.00,0.00,0,12.01
211,11,915.0,1144.0,0.00,0.00,0.00,0,12.01
211,12,907.0,1150.0,0.00,0.00,0.00,0,12.01
212,11,912.7,1145.6,-0.06,0.04,0.07,0,7.47
212,12,904.7,1152.0,-0.06,0.05,0.07,0,7.47
213,11,909.4,1148.3,-0.26,0.21,0.34,0,6.31
215,11,909.4,1148.4,-0.26,0.21,0.34,0,9.93
216,11,909.4,1148.4,-0.26,0.21,0.34,0,12.11
217,11,909.4,1148.4,-0.26,0.21,0.34,0,14.45
278,13,1203.0,603.0,0.00,0.00,0.00,0,12.01
279,13,1203.0,603.0,0.00,0.00,0.00,0,14.03
280,13,1203.0,603.0,0.00,0.00,0.00,0,16.08
282,13,1203.0,603.0,0.00,0.00,0.00,0,19.99
341,14,449.0,816.0,0.00,0.00,0.00,0,12.01
343,16,460.0,814.0,0.00,0.00,0.00,0,12.01
344,16,461.0,812.7,0.02,-0.03,0.04,0,7.47
345,16,461.8,811.7,0.07,-0.09,0.12,0,6.31
347,16,461.8,811.7,0.07,-0.09,0.12,0,9.96
348,16,461.8,811.7,0.07,-0.09,0.12,0,12.14
349,16,461.8,811.7,0.07,-0.09,0.12,0,14.48
492,18,1116.0,662.0,0.00,0.00,0.00,0,12.01
493,18,1116.0,662.3,0.00,0.01,0.01,0,7.47
494,18,1116.0,662.3,0.00,0.01,0.01,0,9.52
496,18,1116.0,662.3,0.00,0.01,0.01,0,13.28
497,18,1116.0,662.3,0.00,0.01,0.01,0,15.46
529,19,1296.0,522.0,0.00,0.00,0.00,0,12.01
529,20,1306.0,524.0,0.00,0.00,0.00,0,12.01
530,19,1296.3,522.3,0.01,0.01,0.01,0,7.48
530,20,1299.8,522.7,-0.15,-0.03,0.16,0,7.48
531,19,1294.2,522.0,-0.14,-0.02,0.15,0,6.31
533,19,1294.1,522.0,-0.14,-0.02,0.15,0,9.98
534,19,1294.1,522.0,-0.14,-0.02,0.15,0,12.11
535,19,1294.1,522.0,-0.14,-0.02,0.15,0,14.50
566,21,1308.0,596.0,0.00,0.00,0.00,0,12.01
567,21,1306.4,597.6,-0.04,0.04,0.06,0,7.48
568,21,1304.5,599.3,-0.18,0.16,0.24,0,6.30
570,21,1304.4,599.3,-0.18,0.16,0.24,0,9.94
571,21,1304.4,599.3,-0.18,0.16,0.24,0,12.11
572,21,1304.4,599.3,-0.18,0.16,0.24,0,14.50
638,22,906.0,845.0,0.00,0.00,0.00,0,12.01
638,23,921.0,851.0,0.00,0.00,0.00,0,12.01
640,24,933.0,855.0,0.00,0.00,0.00,0,12.01
640,25,946.0,859.0,0.00,0.00,0.00,0,12.01
641,24,936.9,856.0,0.09,0.02,0.09,0,7.48
641,25,948.9,860.0,0.07,0.02,0.07,0,7.48
642,24,941.6,857.3,0.40,0.11,0.41,0,6.31
644,24,941.7,857.3,0.40,0.11,0.41,0,9.94
645,24,941.7,857.3,0.40,0.11,0.41,0,12.13
646,24,941.7,857.3,0.40,0.11,0.41,0,14.48
677,27,644.0,615.0,0.00,0.00,0.00,0,12.01
677,28,659.0,627.0,0.00,0.00,0.00,0,12.01
677,29,382.0,814.0,0.00,0.00,0.00,0,12.01
677,30,399.0,826.0,0.00,0.00,0.00,0,12.01
677,31,899.0,1163.0,0.00,0.00,0.00,0,12.01
677,32,882.0,1164.0,0.00,0.00,0.00,0,12.01
679,33,368.0,804.0,0.00,0.00,0.00,0,12.01
679,34,858.0,1155.0,0.00,0.00,0.00,0,12.01
679,35,869.0,1162.0,0.00,0.00,0.00,0,12.01
680,33,368.0,804.0,0.00,0.00,0.00,0,14.03
680,34,855.4,1151.4,-0.06,-0.08,0.09,0,7.47
680,35,869.0,1162.0,0.00,0.00,0.00,0,14.03
681,34,854.3,1150.3,-0.13,-0.15,0.19,0,6.31
681,33,368.0,804.0,0.00,0.00,0.00,0,16.08
683,34,854.2,1150.2,-0.13,-0.15,0.19,0,9.97
683,33,368.0,804.0,0.00,0.00,0.00,0,19.94
684,34,854.2,1150.2,-0.13,-0.15,0.19,0,12.12
685,34,854.2,1150.2,-0.13,-0.15,0.19,0,14.47
716,38,1358.0,948.0,0.00,0.00,0.00,0,12.01
716,39,1365.0,954.0,0.00,0.00,0.00,0,12.01
718,40,1346.0,943.0,0.00,0.00,0.00,0,12.01
718,41,1354.0,946.0,0.00,0.00,0.00,0,12.01
719,40,1346.3,943.3,0.01,0.01,0.01,0,7.47
719,41,1354.0,946.0,0.00,0.00,0.00,0,14.03
720,40,1344.2,943.0,-0.13,-0.01,0.13,0,6.31
722,40,1344.2,943.0,-0.13,-0.01,0.13,0,9.97
723,40,1344.1,943.0,-0.13,-0.01,0.13,0,12.12
724,40,1344.1,943.0,-0.13,-0.01,0.13,0,14.44
777,42,1214.0,1243.0,0.00,0.00,0.00,0,12.01
778,42,1214.0,1243.0,0.00,0.00,0.00,0,7.48
778,43,1203.0,1244.0,0.00,0.00,0.00,0,12.01
779,42,1211.7,1243.3,-0.15,0.02,0.15,0,6.31
779,43,1200.4,1245.0,-0.07,0.02,0.07,0,7.48
781,42,1211.6,1243.3,-0.15,0.02,0.15,0,9.97
781,43,1200.4,1245.0,-0.07,0.02,0.07,0,10.86
782,42,1211.6,1243.3,-0.15,0.02,0.15,0,12.13
782,43,1200.4,1245.0,-0.07,0.02,0.07,0,13.00
783,42,1211.6,1243.3,-0.15,0.02,0.15,0,14.48
783,43,1200.4,1245.0,-0.07,0.02,0.07,0,15.30
819,44,1023.0,1336.0,0.00,0.00,0.00,0,12.02
820,44,1023.0,1336.3,0.00,0.01,0.01,0,7.48
820,45,1026.0,1329.0,0.00,0.00,0.00,0,12.01
821,44,1023.8,1334.7,0.05,-0.10,0.11,0,6.29
821,45,1026.3,1326.7,0.01,-0.05,0.05,0,7.46
823,44,1023.8,1334.7,0.05,-0.10,0.11,0,9.77
823,45,1026.3,1326.7,0.01,-0.05,0.05,0,10.68
824,44,1023.8,1334.7,0.05,-0.10,0.11,0,12.02
824,45,1026.3,1326.7,0.01,-0.05,0.05,0,12.89
825,44,1023.8,1334.7,0.05,-0.10,0.11,0,14.35
825,45,1026.3,1326.7,0.01,-0.05,0.05,0,15.17
856,46,614.0,840.0,0.00,0.00,0.00,0,12.01
856,47,1319.0,1158.0,0.00,0.00,0.00,0,12.01
856,48,1005.0,1236.0,0.00,0.00,0.00,0,12.01
857,46,607.1,836.1,-0.17,-0.10,0.19,0,7.50
857,47,1319.0,1158.0,0.00,0.00,0.00,0,14.06
857,48,1006.3,1233.7,0.03,-0.06,0.06,0,7.50
858,46,603.7,834.2,-0.49,-0.27,0.55,0,6.31
858,48,1006.3,1233.7,0.03,-0.06,0.06,0,9.54
858,47,1319.0,1158.0,0.00,0.00,0.00,0,16.12
860,46,603.6,834.2,-0.49,-0.27,0.55,0,9.96
860,48,1006.3,1233.7,0.03,-0.06,0.06,0,13.36
860,47,1319.0,1158.0,0.00,0.00,0.00,0,20.02
861,46,603.6,834.2,-0.49,-0.27,0.55,0,12.01
861,48,1006.3,1233.7,0.03,-0.06,0.06,0,15.41
862,46,603.6,834.2,-0.49,-0.27,0.55,0,14.36
893,50,953.0,1217.0,0.00,0.00,0.00,0,12.01
893,51,964.0,1224.0,0.00,0.00,0.00,0,12.01
895,52,935.0,1209.0,0.00,0.00,0.00,0,12.01
895,53,945.0,1213.0,0.00,0.00,0.00,0,12.01
896,52,936.0,1209.3,0.02,0.01,0.02,0,7.47
896,53,939.8,1210.4,-0.11,-0.05,0.12,0,7.47
897,52,934.7,1208.7,-0.06,-0.03,0.07,0,6.31
899,52,934.7,1208.7,-0.06,-0.03,0.07,0,9.95
900,52,934.7,1208.7,-0.06,-0.03,0.07,0,12.12
901,52,934.7,1208.7,-0.06,-0.03,0.07,0,14.47
932,54,904.0,1299.0,0.00,0.00,0.00,0,12.01
932,55,898.0,1306.0,0.00,0.00,0.00,0,12.01
932,56,1040.0,1356.0,0.00,0.00,0.00,0,12.01
934,57,894.0,1312.0,0.00,0.00,0.00,0,12.01
934,58,891.0,1322.0,0.00,0.00,0.00,0,12.01
935,57,893.0,1314.9,-0.02,0.07,0.07,0,7.47
935,58,890.7,1324.9,-0.01,0.07,0.07,0,7.47
936,57,892.5,1318.8,-0.05,0.31,0.31,0,6.31
938,57,892.5,1318.9,-0.05,0.31,0.31,0,9.96
939,57,892.5,1318.9,-0.05,0.31,0.31,0,12.12
940,57,892.5,1318.9,-0.05,0.31,0.31,0,14.47
971,59,746.0,494.0,0.00,0.00,0.00,0,12.01
971,60,1322.0,1153.0,0.00,0.00,0.00,0,12.01
971,61,1333.0,1157.0,0.00,0.00,0.00,0,12.01
973,62,1400.0,721.0,0.00,0.00,0.00,0,12.01
973,63,1301.0,1148.0,0.00,0.00,0.00,0,12.01
973,64,1314.0,1150.0,0.00,0.00,0.00,0,12.01
974,62,1400.0,721.3,0.00,0.01,0.01,0,7.47
974,63,1301.7,1148.0,0.02,0.00,0.02,0,7.47
974,64,1306.1,1149.0,-0.19,-0.02,0.19,0,7.47
974,65,1409.0,717.0,0.00,0.00,0.00,0,12.01
975,62,1401.8,720.5,0.11,-0.05,0.12,0,6.30
975,63,1298.9,1147.7,-0.16,-0.02,0.16,0,6.30
977,62,1401.8,720.5,0.11,-0.05,0.12,0,9.94
977,63,1298.9,1147.7,-0.16,-0.02,0.16,0,9.94
978,62,1401.8,720.5,0.11,-0.05,0.12,0,12.11
978,63,1298.9,1147.7,-0.16,-0.02,0.16,0,12.11
979,62,1401.8,720.5,0.11,-0.05,0.12,0,14.45
979,63,1298.9,1147.7,-0.16,-0.02,0.16,0,14.45
1018,68,1058.0,1335.0,0.00,0.00,0.00,0,12.01
1019,68,1058.0,1335.0,0.00,0.00,0.00,0,7.47
1019,69,1047.0,1324.0,0.00,0.00,0.00,0,12.01
1020,68,1055.4,1332.4,-0.17,-0.17,0.24,0,6.31
1022,68,1055.4,1332.4,-0.17,-0.17,0.24,0,9.96
1023,68,1055.4,1332.4,-0.17,-0.17,0.24,0,12.13
1024,68,1055.4,1332.4,-0.17,-0.17,0.24,0,14.47
1055,70,585.0,922.0,0.00,0.00,0.00,0,12.01
1055,71,574.0,924.0,0.00,0.00,0.00,0,12.01
1057,72,563.0,926.0,0.00,0.00,0.00,0,12.01
1058,72,563.0,926.0,0.00,0.00,0.00,0,14.03
1059,72,563.0,926.0,0.00,0.00,0.00,0,16.08
1061,72,563.0,926.0,0.00,0.00,0.00,0,19.93
1094,73,1297.0,942.0,0.00,0.00,0.00,0,12.01
1094,74,1308.0,943.0,0.00,0.00,0.00,0,12.01
1097,75,527.0,1118.0,0.00,0.00,0.00,0,12.01
1097,76,1209.0,1179.0,0.00,0.00,0.00,0,12.01
1099,77,521.0,1098.0,0.00,0.00,0.00,0,12.01
1099,78,1222.0,1145.0,0.00,0.00,0.00,0,12.01
1100,77,521.0,1098.0,0.00,0.00,0.00,0,7.48
1100,78,1221.7,1145.0,-0.01,0.00,0.01,0,7.48
1100,79,517.0,1089.0,0.00,0.00,0.00,0,12.01
1100,80,1225.0,1135.0,0.00,0.00,0.00,0,12.01
1101,77,520.0,1095.7,-0.07,-0.15,0.17,0,6.31
1101,78,1222.8,1142.4,0.07,-0.17,0.18,0,6.31
1103,77,520.0,1095.6,-0.07,-0.15,0.17,0,9.96
1103,78,1222.8,1142.4,0.07,-0.17,0.18,0,9.96
1104,77,520.0,1095.6,-0.07,-0.15,0.17,0,12.13
1104,78,1222.8,1142.4,0.07,-0.17,0.18,0,12.13
1105,77,519.9,1095.6,-0.07,-0.15,0.17,0,14.48
1105,78,1222.8,1142.4,0.07,-0.17,0.18,0,14.48
1142,81,1547.0,689.0,0.00,0.00,0.00,0,12.01
1145,83,772.0,1330.0,0.00,0.00,0.00,0,12.01
1146,83,765.8,1324.8,-0.15,-0.12,0.19,0,7.48
1147,83,762.7,1322.2,-0.35,-0.29,0.46,0,6.31
1149,83,762.6,1322.2,-0.35,-0.29,0.46,0,9.95
1150,83,762.6,1322.2,-0.35,-0.29,0.46,0,12.15
1151,83,762.6,1322.1,-0.35,-0.29,0.46,0,14.48
1214,84,1300.0,1185.0,0.00,0.00,0.00,0,12.01
1216,86,1076.0,309.0,0.00,0.00,0.00,0,12.01
1216,87,1299.0,1182.0,0.00,0.00,0.00,0,12.01
1217,86,1076.0,309.0,0.00,0.00,0.00,0,14.04
1217,87,1299.0,1182.0,0.00,0.00,0.00,0,14.04
1218,86,1076.0,309.0,0.00,0.00,0.00,0,16.09
1218,87,1299.0,1182.0,0.00,0.00,0.00,0,16.09
1220,86,1076.0,309.0,0.00,0.00,0.00,0,19.99
1220,87,1299.0,1182.0,0.00,0.00,0.00,0,19.99
1255,89,826.0,1176.0,0.00,0.00,0.00,0,12.01
1256,89,826.0,1176.3,0.00,0.01,0.01,0,7.47
1256,90,830.0,1168.0,0.00,0.00,0.00,0,12.01
1257,89,826.8,1174.4,0.05,-0.11,0.12,0,6.30
1259,89,826.8,1174.4,0.05,-0.11,0.12,0,9.99
1260,89,826.8,1174.4,0.05,-0.11,0.12,0,12.12
1261,89,826.8,1174.4,0.05,-0.11,0.12,0,14.47
1323,91,1357.0,1230.0,0.00,0.00,0.00,0,12.01
1324,91,1357.3,1230.3,0.01,0.01,0.01,0,7.47
1325,91,1357.3,1230.3,0.01,0.01,0.01,0,9.52
1327,91,1357.3,1230.3,0.01,0.01,0.01,0,13.27
1328,91,1357.3,1230.3,0.01,0.01,0.01,0,15.47
1369,92,919.0,685.0,0.00,0.00,0.00,0,12.01
1370,92,919.3,685.0,0.01,0.00,0.01,0,7.47
1370,93,902.0,679.0,0.00,0.00,0.00,0,12.01
1371,92,915.1,683.5,-0.26,-0.10,0.28,0,6.31
1373,92,915.1,683.4,-0.26,-0.10,0.28,0,9.98
1374,92,915.1,683.4,-0.26,-0.10,0.28,0,12.11
1375,92,915.0,683.4,-0.26,-0.10,0.28,0,14.51
1407,94,791.0,973.0,0.00,0.00,0.00,0,12.04
1408,94,791.7,973.7,0.03,0.03,0.05,0,7.49
1408,95,796.0,983.0,0.00,0.00,0.00,0,12.01
1409,94,791.7,973.7,0.03,0.03,0.05,0,9.53
1409,95,796.0,983.0,0.00,0.00,0.00,0,14.03
1411,94,791.7,973.7,0.03,0.03,0.05,0,13.32
1411,95,796.0,983.0,0.00,0.00,0.00,0,17.44
1412,94,791.7,973.7,0.03,0.03,0.05,0,15.56
1412,95,796.0,983.0,0.00,0.00,0.00,0,19.64
1444,96,1292.0,1049.0,0.00,0.00,0.00,0,12.01
1445,96,1291.7,1049.0,-0.01,0.00,0.01,0,7.51
1445,97,1299.0,1046.0,0.00,0.00,0.00,0,12.03
1446,96,1293.3,1048.2,0.16,-0.08,0.18,0,6.32
1448,96,1293.3,1048.2,0.16,-0.08,0.18,0,10.01
1449,96,1293.4,1048.2,0.16,-0.08,0.18,0,12.30
1450,96,1293.4,1048.2,0.16,-0.08,0.18,0,14.72
1499,98,776.0,290.0,0.00,0.00,0.00,0,12.01
1501,100,768.0,296.0,0.00,0.00,0.00,0,12.01
1502,100,768.0,296.0,0.00,0.00,0.00,0,14.04
1503,100,768.0,296.0,0.00,0.00,0.00,0,16.09
1505,100,768.0,296.0,0.00,0.00,0.00,0,20.02
1559,101,370.0,1039.0,0.00,0.00,0.00,0,12.01
1559,102,689.0,1201.0,0.00,0.00,0.00,0,12.01
1561,103,692.0,1194.0,0.00,0.00,0.00,0,12.01
1561,104,691.0,1199.0,0.00,0.00,0.00,0,12.01
1562,103,691.7,1193.7,-0.01,-0.01,0.01,0,7.47
1562,104,691.0,1199.0,0.00,0.00,0.00,0,14.04
1563,103,690.7,1193.0,-0.07,-0.05,0.09,0,6.31
1565,103,690.7,1193.0,-0.07,-0.05,0.09,0,10.03
1566,103,690.7,1193.0,-0.07,-0.05,0.09,0,12.13
1567,103,690.7,1193.0,-0.07,-0.05,0.09,0,14.50
1602,106,1218.0,503.0,0.00,0.00,0.00,0,12.01
1603,106,1215.1,504.0,-0.07,0.02,0.08,0,7.48
1604,106,1215.0,504.0,-0.07,0.02,0.08,0,9.52
1606,106,1215.0,504.0,-0.07,0.02,0.08,0,13.36
1607,106,1215.0,504.0,-0.07,0.02,0.08,0,15.47
1639,107,1098.0,1228.0,0.00,0.00,0.00,0,12.01
1640,107,1098.0,1228.0,0.00,0.00,0.00,0,7.52
1640,108,1092.0,1215.0,0.00,0.00,0.00,0,12.04
1641,107,1096.5,1224.6,-0.18,-0.38,0.42,0,6.32
1643,107,1096.4,1224.5,-0.18,-0.38,0.42,0,10.04
1644,107,1096.4,1224.5,-0.18,-0.38,0.42,0,12.27
1645,107,1096.4,1224.5,-0.18,-0.38,0.42,0,14.69
1677,109,986.0,896.0,0.00,0.00,0.00,0,12.01
1678,109,986.0,896.0,0.00,0.00,0.00,0,14.04
1679,109,986.0,896.0,0.00,0.00,0.00,0,16.09
1681,109,986.0,896.0,0.00,0.00,0.00,0,19.98
1714,110,1152.0,995.0,0.00,0.00,0.00,0,12.01
1714,111,680.0,1042.0,0.00,0.00,0.00,0,12.01
1714,112,688.0,1041.0,0.00,0.00,0.00,0,12.01
1715,110,1152.0,995.0,0.00,0.00,0.00,0,14.04
1715,111,680.7,1042.0,0.02,0.00,0.02,0,7.48
1715,112,683.1,1042.3,-0.12,0.03,0.12,0,7.48
1716,111,679.2,1042.5,-0.08,0.04,0.09,0,6.30
1716,110,1152.0,995.0,0.00,0.00,0.00,0,16.09
1718,111,679.2,1042.5,-0.08,0.04,0.09,0,9.94
1718,110,1152.0,995.0,0.00,0.00,0.00,0,19.94
1719,111,679.2,1042.5,-0.08,0.04,0.09,0,12.12
1720,111,679.2,1042.5,-0.08,0.04,0.09,0,14.52
1754,113,1284.0,322.0,0.00,0.00,0.00,0,12.01
1755,113,1284.0,322.0,0.00,0.00,0.00,0,14.04
1756,113,1284.0,322.0,0.00,0.00,0.00,0,16.09
1758,113,1284.0,322.0,0.00,0.00,0.00,0,19.97
1804,114,1222.0,1174.0,0.00,0.00,0.00,0,12.01
1805,114,1222.0,1174.0,0.00,0.00,0.00,0,14.04
1806,114,1222.0,1174.0,0.00,0.00,0.00,0,16.09
1808,114,1222.0,1174.0,0.00,0.00,0.00,0,19.96
1841,116,988.0,712.0,0.00,0.00,0.00,0,12.01
1841,117,924.0,1276.0,0.00,0.00,0.00,0,12.01
1843,118,977.0,712.0,0.00,0.00,0.00,0,12.01
1843,119,970.0,714.0,0.00,0.00,0.00,0,12.01
1844,118,973.7,712.7,-0.08,0.02,0.08,0,7.47
1844,119,970.0,714.0,0.00,0.00,0.00,0,14.03
1845,118,971.7,713.0,-0.20,0.04,0.21,0,6.31
1847,118,971.7,713.0,-0.20,0.04,0.21,0,9.99
1848,118,971.7,713.0,-0.20,0.04,0.21,0,12.12
1849,118,971.7,713.0,-0.20,0.04,0.21,0,14.46
1885,120,890.0,1198.0,0.00,0.00,0.00,0,12.01
1886,120,889.7,1198.0,-0.01,0.00,0.01,0,7.47
1886,121,824.0,881.0,0.00,0.00,0.00,0,12.01
1886,122,897.0,1192.0,0.00,0.00,0.00,0,12.01
1887,120,891.3,1196.7,0.10,-0.08,0.13,0,6.31
1889,120,891.3,1196.7,0.10,-0.08,0.13,0,9.96
1890,120,891.3,1196.7,0.10,-0.08,0.13,0,12.13
1891,120,891.3,1196.7,0.10,-0.08,0.13,0,14.48
1922,123,1103.0,553.0,0.00,0.00,0.00,0,12.01
1922,124,1096.0,556.0,0.00,0.00,0.00,0,12.01
1924,125,1088.0,561.0,0.00,0.00,0.00,0,12.01
1925,125,1087.0,562.0,-0.02,0.02,0.03,0,7.47
1925,126,533.0,600.0,0.00,0.00,0.00,0,12.01
1926,125,1086.0,563.3,-0.09,0.10,0.14,0,6.31
1928,125,1086.0,563.3,-0.09,0.10,0.14,0,9.98
1929,125,1086.0,563.3,-0.09,0.10,0.14,0,12.12
1930,125,1086.0,563.3,-0.09,0.10,0.14,0,14.46
2038,127,711.0,1130.0,0.00,0.00,0.00,0,12.01
2039,127,711.0,1130.0,0.00,0.00,0.00,0,14.04
2040,127,711.0,1130.0,0.00,0.00,0.00,0,16.09
2042,127,711.0,1130.0,0.00,0.00,0.00,0,20.01
2075,128,748.0,1224.0,0.00,0.00,0.00,0,12.01
2077,130,755.0,1230.0,0.00,0.00,0.00,0,12.01
2077,131,754.0,1238.0,0.00,0.00,0.00,0,12.01
2078,130,755.0,1232.0,0.00,0.05,0.05,0,7.47
2078,131,754.0,1238.0,0.00,0.00,0.00,0,14.03
2079,130,755.3,1235.3,0.02,0.26,0.26,0,6.30
2081,130,755.3,1235.4,0.02,0.26,0.26,0,9.96
2082,130,755.3,1235.4,0.02,0.26,0.26,0,12.13
2083,130,755.3,1235.4,0.02,0.26,0.26,0,14.47
2147,132,1550.0,730.0,0.00,0.00,0.00,0,12.01
2148,132,1550.0,730.0,0.00,0.00,0.00,0,14.04
2149,132,1550.0,730.0,0.00,0.00,0.00,0,16.09
2151,132,1550.0,730.0,0.00,0.00,0.00,0,19.98
2185,135,647.0,1110.0,0.00,0.00,0.00,0,12.04
2185,136,666.0,1123.0,0.00,0.00,0.00,0,12.04
2185,137,654.0,1158.0,0.00,0.00,0.00,0,12.04
2185,138,660.0,1161.0,0.00,0.00,0.00,0,12.04
2186,135,652.9,1114.3,0.31,0.22,0.38,0,7.49
2186,136,668.6,1126.0,0.14,0.15,0.21,0,7.49
2186,137,654.0,1158.0,0.00,0.00,0.00,0,14.09
2186,138,660.0,1161.0,0.00,0.00,0.00,0,14.09
2187,135,658.3,1118.6,0.77,0.59,0.98,0,6.31
2187,137,654.0,1158.4,0.00,0.02,0.02,0,7.88
2189,135,658.6,1118.8,0.77,0.59,0.98,0,10.06
2189,137,654.0,1158.4,0.00,0.02,0.02,0,11.65
2190,135,658.6,1118.8,0.77,0.59,0.98,0,12.14
2190,137,654.0,1158.4,0.00,0.02,0.02,0,13.73
2191,135,658.6,1118.8,0.77,0.59,0.98,0,14.55
2191,137,654.0,1158.4,0.00,0.02,0.02,0,16.15
2223,139,1172.0,1200.0,0.00,0.00,0.00,0,12.01
2224,139,1177.9,1200.7,0.16,0.02,0.16,0,7.48
2225,139,1177.9,1200.7,0.16,0.02,0.16,0,9.52
2227,139,1177.9,1200.7,0.16,0.02,0.16,0,13.28
2228,139,1178.0,1200.7,0.16,0.02,0.16,0,15.45
2260,140,1222.0,1207.0,0.00,0.00,0.00,0,12.01
2260,141,1234.0,1209.0,0.00,0.00,0.00,0,12.01
2261,140,1225.3,1207.3,0.08,0.01,0.09,0,7.48
2261,141,1234.0,1209.0,0.00,0.00,0.00,0,14.04
2262,140,1225.3,1207.3,0.08,0.01,0.09,0,9.52
2264,140,1225.3,1207.3,0.08,0.01,0.09,0,13.24
2265,140,1225.3,1207.3,0.08,0.01,0.09,0,15.46
2301,142,943.0,929.0,0.00,0.00,0.00,0,12.01
2302,142,940.1,930.3,-0.07,0.03,0.08,0,7.47
2303,142,939.0,930.7,-0.14,0.06,0.15,0,6.31
2303,143,928.0,936.0,0.00,0.00,0.00,0,12.01
2305,142,939.0,930.8,-0.14,0.06,0.15,0,9.97
2305,143,928.0,936.0,0.00,0.00,0.00,0,15.13
2306,142,939.0,930.8,-0.14,0.06,0.15,0,12.14
2306,143,928.0,936.0,0.00,0.00,0.00,0,17.26
2307,142,939.0,930.8,-0.14,0.06,0.15,0,14.48
2307,143,928.0,936.0,0.00,0.00,0.00,0,19.50
2338,144,701.0,1329.0,0.00,0.00,0.00,0,12.01
2339,144,701.0,1329.0,0.00,0.00,0.00,0,14.06
2339,145,509.0,1254.0,0.00,0.00,0.00,0,12.02
2340,144,701.0,1329.0,0.00,0.00,0.00,0,16.11
2342,144,701.0,1329.0,0.00,0.00,0.00,0,20.05
2375,148,812.0,452.0,0.00,0.00,0.00,0,12.01
2375,149,815.0,461.0,0.00,0.00,0.00,0,12.01
2377,150,810.0,446.0,0.00,0.00,0.00,0,12.01
2378,150,808.7,440.1,-0.03,-0.16,0.16,0,7.47
2378,151,972.0,1150.0,0.00,0.00,0.00,0,12.01
2379,150,808.0,437.2,-0.08,-0.33,0.34,0,6.30
2381,150,808.0,437.2,-0.08,-0.33,0.34,0,9.93
2382,150,808.0,437.1,-0.08,-0.33,0.34,0,12.11
2383,150,808.0,437.1,-0.08,-0.33,0.34,0,14.45
2414,152,586.0,1288.0,0.00,0.00,0.00,0,12.01
2415,152,586.0,1284.7,0.00,-0.08,0.08,0,7.48
2416,152,586.3,1283.5,0.02,-0.16,0.16,0,6.31
2416,153,584.0,1270.0,0.00,0.00,0.00,0,12.01
2416,154,689.0,1321.0,0.00,0.00,0.00,0,12.01
2418,152,586.3,1283.5,0.02,-0.16,0.16,0,9.98
2418,153,584.0,1270.0,0.00,0.00,0.00,0,15.13
2418,154,689.0,1321.0,0.00,0.00,0.00,0,15.13
2419,152,586.3,1283.5,0.02,-0.16,0.16,0,12.11
2419,153,584.0,1270.0,0.00,0.00,0.00,0,17.22
2419,154,689.0,1321.0,0.00,0.00,0.00,0,17.22
2420,152,586.3,1283.5,0.02,-0.16,0.16,0,14.45
2420,153,584.0,1270.0,0.00,0.00,0.00,0,19.47
2420,154,689.0,1321.0,0.00,0.00,0.00,0,19.47
2452,157,1235.0,1123.0,0.00,0.00,0.00,0,12.04
2452,158,1233.0,1131.0,0.00,0.00,0.00,0,12.04
2453,157,1235.0,1123.0,0.00,0.00,0.00,0,14.08
2453,158,1233.0,1131.0,0.00,0.00,0.00,0,14.08
2454,157,1235.0,1123.0,0.00,0.00,0.00,0,16.17
2456,157,1235.0,1123.0,0.00,0.00,0.00,0,20.27
2492,159,1307.0,1068.0,0.00,0.00,0.00,0,12.00
2493,159,1307.0,1068.0,0.00,0.00,0.00,0,14.01
2494,159,1307.0,1068.0,0.00,0.00,0.00,0,16.05
2496,159,1307.0,1068.0,0.00,0.00,0.00,0,19.79
2542,160,754.0,1122.0,0.00,0.00,0.00,0,12.01
2543,160,750.1,1122.3,-0.10,0.01,0.10,0,7.47
2544,160,744.1,1122.5,-0.49,0.02,0.49,0,6.31
2546,160,744.0,1122.5,-0.49,0.02,0.49,0,9.98
2547,160,744.0,1122.5,-0.49,0.02,0.49,0,12.13
2548,160,744.0,1122.5,-0.49,0.02,0.49,0,14.47
2579,161,1089.0,663.0,0.00,0.00,0.00,0,12.01
2579,162,1305.0,1203.0,0.00,0.00,0.00,0,12.01
2582,163,696.0,959.0,0.00,0.00,0.00,0,12.00
2584,165,1103.0,597.0,0.00,0.00,0.00,0,12.01
2585,165,1103.0,596.3,0.00,-0.02,0.02,0,7.48
2586,165,1103.3,595.7,0.02,-0.06,0.06,0,6.31
2588,165,1103.3,595.7,0.02,-0.06,0.06,0,9.98
2589,165,1103.3,595.7,0.02,-0.06,0.06,0,12.13
2590,165,1103.3,595.7,0.02,-0.06,0.06,0,14.47
2621,167,328.0,925.0,0.00,0.00,0.00,0,12.01
2621,168,537.0,1205.0,0.00,0.00,0.00,0,12.01
2624,169,875.0,540.0,0.00,0.00,0.00,0,12.01
2625,169,875.0,540.0,0.00,0.00,0.00,0,14.03
2626,169,875.0,540.0,0.00,0.00,0.00,0,16.08
2628,169,875.0,540.0,0.00,0.00,0.00,0,19.93
2664,170,793.0,1296.0,0.00,0.00,0.00,0,12.00
2665,170,794.3,1296.3,0.02,0.00,0.02,0,7.47
2665,171,740.0,1171.0,0.00,0.00,0.00,0,12.01
2665,172,786.0,1290.0,0.00,0.00,0.00,0,12.01
2666,170,794.3,1296.3,0.02,0.00,0.02,0,9.51
2666,171,740.3,1170.3,0.01,-0.02,0.02,0,7.48
2666,172,786.0,1290.0,0.00,0.00,0.00,0,14.04
2668,170,794.3,1296.3,0.02,0.00,0.02,0,13.30
2668,171,740.3,1170.3,0.01,-0.02,0.02,0,10.91
2668,172,786.0,1290.0,0.00,0.00,0.00,0,17.56
2669,170,794.3,1296.3,0.02,0.00,0.02,0,15.42
2669,171,740.3,1170.3,0.01,-0.02,0.02,0,13.01
2669,172,786.0,1290.0,0.00,0.00,0.00,0,19.66
2670,171,740.3,1170.3,0.01,-0.02,0.02,0,15.31
2702,173,802.0,868.0,0.00,0.00,0.00,0,12.01
2702,174,809.0,873.0,0.00,0.00,0.00,0,12.01
2704,175,811.0,876.0,0.00,0.00,0.00,0,12.01
2704,176,817.0,883.0,0.00,0.00,0.00,0,12.01
2705,175,812.6,877.6,0.04,0.04,0.06,0,7.48
2705,176,818.3,885.0,0.03,0.05,0.06,0,7.48
2706,175,814.5,880.0,0.17,0.20,0.26,0,6.31
2708,175,814.6,880.1,0.17,0.20,0.26,0,9.98
2709,175,814.6,880.1,0.17,0.20,0.26,0,12.14
2710,175,814.6,880.1,0.17,0.20,0.26,0,14.47
2831,177,1047.0,1330.0,0.00,0.00,0.00,0,12.01
2832,177,1047.3,1326.4,0.01,-0.09,0.09,0,7.47
2833,177,1047.5,1325.0,0.02,-0.18,0.18,0,6.30
2833,178,1044.0,1310.0,0.00,0.00,0.00,0,12.01
2835,177,1047.5,1325.0,0.02,-0.18,0.18,0,9.95
2835,178,1044.0,1310.0,0.00,0.00,0.00,0,15.12
2836,177,1047.5,1325.0,0.02,-0.18,0.18,0,12.12
2836,178,1044.0,1310.0,0.00,0.00,0.00,0,17.24
2837,177,1047.5,1324.9,0.02,-0.18,0.18,0,14.46
2837,178,1044.0,1310.0,0.00,0.00,0.00,0,19.49
2868,179,429.0,980.0,0.00,0.00,0.00,0,12.01
2869,179,429.0,980.0,0.00,0.00,0.00,0,14.04
2870,179,429.0,980.0,0.00,0.00,0.00,0,16.09
2872,179,429.0,980.0,0.00,0.00,0.00,0,20.01
2922,180,589.0,1151.0,0.00,0.00,0.00,0,12.01
2923,180,589.0,1151.0,0.00,0.00,0.00,0,14.04
2924,180,589.0,1151.0,0.00,0.00,0.00,0,16.09
2926,180,589.0,1151.0,0.00,0.00,0.00,0,19.92
2961,181,695.0,1345.0,0.00,0.00,0.00,0,12.01
2962,181,695.0,1345.0,0.00,0.00,0.00,0,7.47
2963,181,695.0,1345.0,0.00,0.00,0.00,0,9.51
2965,181,695.0,1345.0,0.00,0.00,0.00,0,13.31
2966,181,695.0,1345.0,0.00,0.00,0.00,0,15.45
2998,182,542.0,789.0,0.00,0.00,0.00,0,12.01
2998,183,534.0,795.0,0.00,0.00,0.00,0,12.01
2999,182,539.4,791.0,-0.07,0.05,0.08,0,7.50
2999,183,534.0,795.0,0.00,0.00,0.00,0,14.07
3000,182,539.4,791.0,-0.07,0.05,0.08,0,9.55
3002,182,539.4,791.0,-0.07,0.05,0.08,0,13.40
3003,182,539.4,791.0,-0.07,0.05,0.08,0,15.43
3061,184,1030.0,836.0,0.00,0.00,0.00,0,12.01
3062,184,1030.3,836.3,0.01,0.01,0.01,0,7.47
3062,185,1026.0,827.0,0.00,0.00,0.00,0,12.01
3063,184,1029.5,834.2,-0.05,-0.13,0.14,0,6.31
3065,184,1029.5,834.1,-0.05,-0.13,0.14,0,9.99
3066,184,1029.5,834.1,-0.05,-0.13,0.14,0,12.13
3067,184,1029.5,834.1,-0.05,-0.13,0.14,0,14.48
3098,186,926.0,1059.0,0.00,0.00,0.00,0,12.01
3100,188,920.0,1048.0,0.00,0.00,0.00,0,12.01
3100,189,924.0,1056.0,0.00,0.00,0.00,0,12.01
3101,188,920.3,1048.3,0.01,0.01,0.01,0,7.46
3101,189,921.1,1051.1,-0.07,-0.11,0.13,0,7.46
3102,188,919.2,1046.7,-0.04,-0.06,0.08,0,6.29
3104,188,919.2,1046.7,-0.04,-0.06,0.08,0,9.86
3105,188,919.2,1046.7,-0.04,-0.06,0.08,0,12.03
3106,188,919.2,1046.7,-0.04,-0.06,0.08,0,14.37
3137,190,752.0,805.0,0.00,0.00,0.00,0,12.01
3137,191,763.0,807.0,0.00,0.00,0.00,0,12.01
3139,192,743.0,804.0,0.00,0.00,0.00,0,12.01
3140,192,735.1,802.4,-0.19,-0.04,0.20,0,7.48
3140,193,965.0,793.0,0.00,0.00,0.00,0,12.01
3141,192,731.2,801.5,-0.45,-0.10,0.46,0,6.46
3143,192,731.1,801.5,-0.45,-0.10,0.46,0,10.68
3144,192,731.1,801.5,-0.45,-0.10,0.46,0,12.72
3145,192,731.1,801.5,-0.45,-0.10,0.46,0,15.10
3221,196,1208.0,625.0,0.00,0.00,0.00,0,12.01
3222,196,1208.0,625.0,0.00,0.00,0.00,0,14.04
3223,196,1208.0,625.0,0.00,0.00,0.00,0,16.08
3225,196,1208.0,625.0,0.00,0.00,0.00,0,19.93
3259,197,654.0,397.0,0.00,0.00,0.00,0,12.01
3259,198,1345.0,858.0,0.00,0.00,0.00,0,12.01
3260,197,654.0,397.0,0.00,0.00,0.00,0,14.04
3260,198,1345.0,858.0,0.00,0.00,0.00,0,14.04
3260,199,1359.0,1055.0,0.00,0.00,0.00,0,12.01
3261,197,654.0,397.0,0.00,0.00,0.00,0,16.09
3261,198,1345.0,858.0,0.00,0.00,0.00,0,16.09
3263,197,654.0,397.0,0.00,0.00,0.00,0,19.95
3263,198,1345.0,858.0,0.00,0.00,0.00,0,19.95
3296,200,496.0,1188.0,0.00,0.00,0.00,0,12.01
3296,201,493.0,1195.0,0.00,0.00,0.00,0,12.01
3299,202,504.0,1182.0,0.00,0.00,0.00,0,12.01
3300,202,504.0,1182.0,0.00,0.00,0.00,0,14.04
3301,202,504.0,1182.0,0.00,0.00,0.00,0,16.12
3301,203,1075.0,486.0,0.00,0.00,0.00,0,12.02
3303,202,504.0,1182.0,0.00,0.00,0.00,0,20.17
3303,203,1075.0,486.0,0.00,0.00,0.00,0,15.27
3304,203,1075.0,486.0,0.00,0.00,0.00,0,17.46
3305,203,1075.0,486.0,0.00,0.00,0.00,0,19.77
3384,204,1411.0,704.0,0.00,0.00,0.00,0,12.01
3385,204,1411.3,703.7,0.01,-0.01,0.01,0,7.48
3385,205,1406.0,711.0,0.00,0.00,0.00,0,12.01
3386,204,1410.0,705.3,-0.08,0.10,0.13,0,6.31
3386,205,1406.7,714.3,0.02,0.08,0.08,0,7.48
3388,204,1409.9,705.3,-0.08,0.10,0.13,0,9.95
3388,205,1406.7,714.3,0.02,0.08,0.08,0,10.85
3389,204,1409.9,705.3,-0.08,0.10,0.13,0,12.14
3389,205,1406.7,714.3,0.02,0.08,0.08,0,13.01
3390,204,1409.9,705.3,-0.08,0.10,0.13,0,14.54
3390,205,1406.7,714.3,0.02,0.08,0.08,0,15.36
3446,206,1200.0,1366.0,0.00,0.00,0.00,0,12.01
3447,206,1200.0,1366.0,0.00,0.00,0.00,0,14.04
3448,206,1200.0,1366.0,0.00,0.00,0.00,0,16.09
3450,206,1200.0,1366.0,0.00,0.00,0.00,0,19.97
3498,207,746.0,1246.0,0.00,0.00,0.00,0,12.01
3499,207,746.0,1246.0,0.00,0.00,0.00,0,14.04
3499,208,818.0,639.0,0.00,0.00,0.00,0,12.01
3500,207,750.6,1246.7,0.21,0.03,0.22,0,7.87
3500,208,818.3,639.0,0.01,0.00,0.01,0,7.47
3500,209,817.0,631.0,0.00,0.00,0.00,0,12.01
3500,210,780.0,1250.0,0.00,0.00,0.00,0,12.01
3502,207,750.6,1246.7,0.21,0.03,0.22,0,11.52
3502,208,818.3,639.0,0.01,0.00,0.01,0,10.86
3502,209,817.0,631.0,0.00,0.00,0.00,0,15.12
3502,210,780.0,1250.0,0.00,0.00,0.00,0,15.12
3503,207,750.6,1246.7,0.21,0.03,0.22,0,13.68
3503,208,818.3,639.0,0.01,0.00,0.01,0,13.00
3503,209,817.0,631.0,0.00,0.00,0.00,0,17.24
3503,210,780.0,1250.0,0.00,0.00,0.00,0,17.24
3504,207,750.6,1246.7,0.21,0.03,0.22,0,16.08
3504,208,818.3,639.0,0.01,0.00,0.01,0,15.34
3504,209,817.0,631.0,0.00,0.00,0.00,0,19.53
3504,210,780.0,1250.0,0.00,0.00,0.00,0,19.53
3535,211,1289.0,856.0,0.00,0.00,0.00,0,12.01
3535,212,1291.0,866.0,0.00,0.00,0.00,0,12.01
3536,211,1289.3,856.3,0.01,0.01,0.01,0,7.48
3536,212,1289.0,859.1,-0.05,-0.17,0.18,0,7.48
3537,211,1288.5,853.7,-0.05,-0.18,0.18,0,6.30
3539,211,1288.5,853.6,-0.05,-0.18,0.18,0,9.99
3540,211,1288.5,853.6,-0.05,-0.18,0.18,0,12.11
3541,211,1288.5,853.6,-0.05,-0.18,0.18,0,14.50
3572,213,557.0,880.0,0.00,0.00,0.00,0,12.01
3573,213,557.0,880.0,0.00,0.00,0.00,0,14.07
3574,213,557.0,880.0,0.00,0.00,0.00,0,16.12
3574,214,402.0,830.0,0.00,0.00,0.00,0,12.01
3576,213,557.0,880.0,0.00,0.00,0.00,0,20.03
3576,214,402.0,830.0,0.00,0.00,0.00,0,15.06
3577,214,402.0,830.0,0.00,0.00,0.00,0,17.09
3578,214,402.0,830.0,0.00,0.00,0.00,0,19.36
3610,217,1406.0,781.0,0.00,0.00,0.00,0,12.01
3611,217,1406.0,781.0,0.00,0.00,0.00,0,14.04
3612,217,1406.0,781.0,0.00,0.00,0.00,0,16.09
3614,217,1406.0,781.0,0.00,0.00,0.00,0,19.96
3647,218,747.0,683.0,0.00,0.00,0.00,0,12.01
3647,219,710.0,1171.0,0.00,0.00,0.00,0,12.01
3647,220,702.0,1183.0,0.00,0.00,0.00,0,12.01
3649,221,758.0,676.0,0.00,0.00,0.00,0,12.01
3649,222,751.0,680.0,0.00,0.00,0.00,0,12.01
3650,221,757.7,676.0,-0.01,0.00,0.01,0,7.47
3650,222,755.6,677.4,0.11,-0.06,0.13,0,7.47
3651,221,759.3,675.0,0.09,-0.06,0.11,0,6.31
3653,221,759.3,675.0,0.09,-0.06,0.11,0,9.98
3654,221,759.3,675.0,0.09,-0.06,0.11,0,12.13
3655,221,759.3,675.0,0.09,-0.06,0.11,0,14.47
3692,223,467.0,398.0,0.00,0.00,0.00,0,12.01
3693,223,467.0,398.0,0.00,0.00,0.00,0,14.02
3694,223,467.0,398.0,0.00,0.00,0.00,0,16.05
3696,223,467.0,398.0,0.00,0.00,0.00,0,19.71
3730,226,550.0,1003.0,0.00,0.00,0.00,0,12.04
3730,227,556.0,1012.0,0.00,0.00,0.00,0,12.04
3731,226,551.3,1005.3,0.07,0.13,0.14,0,7.49
3731,227,556.0,1012.0,0.00,0.00,0.00,0,14.09
3732,226,551.3,1005.3,0.07,0.13,0.14,0,9.60
3734,226,551.3,1005.3,0.07,0.13,0.14,0,13.73
3735,226,551.3,1005.3,0.07,0.13,0.14,0,15.84
3769,228,754.0,1170.0,0.00,0.00,0.00,0,12.01
3770,228,753.0,1169.3,-0.02,-0.02,0.03,0,7.47
3771,228,751.7,1168.5,-0.10,-0.07,0.12,0,6.31
3773,228,751.7,1168.5,-0.10,-0.07,0.12,0,9.97
3774,228,751.7,1168.5,-0.10,-0.07,0.12,0,12.12
3775,228,751.7,1168.5,-0.10,-0.07,0.12,0,14.46
3843,229,1019.0,718.0,0.00,0.00,0.00,0,12.01
3844,229,1019.0,718.0,0.00,0.00,0.00,0,7.48
3844,230,1011.0,711.0,0.00,0.00,0.00,0,12.01
3845,229,1016.9,716.5,-0.14,-0.10,0.17,0,6.31
3845,230,1009.0,709.0,-0.05,-0.05,0.07,0,7.48
3847,229,1016.9,716.4,-0.14,-0.10,0.17,0,9.97
3847,230,1009.0,709.0,-0.05,-0.05,0.07,0,10.87
3848,229,1016.9,716.4,-0.14,-0.10,0.17,0,12.13
3848,230,1009.0,709.0,-0.05,-0.05,0.07,0,13.00
3849,229,1016.9,716.4,-0.14,-0.10,0.17,0,14.52
3849,230,1009.0,709.0,-0.05,-0.05,0.07,0,15.33
3900,231,573.0,525.0,0.00,0.00,0.00,0,12.01
3901,231,573.0,525.0,0.00,0.00,0.00,0,14.04
3902,231,573.0,525.0,0.00,0.00,0.00,0,16.09
3904,231,573.0,525.0,0.00,0.00,0.00,0,19.95
3937,232,1199.0,1266.0,0.00,0.00,0.00,0,12.01
3937,233,1188.0,1266.0,0.00,0.00,0.00,0,12.01
3938,232,1195.7,1266.0,-0.08,0.00,0.08,0,7.48
3938,233,1188.0,1266.0,0.00,0.00,0.00,0,14.04
3939,232,1195.7,1266.0,-0.08,0.00,0.08,0,9.52
3941,232,1195.7,1266.0,-0.08,0.00,0.08,0,13.34
3942,232,1195.7,1266.0,-0.08,0.00,0.08,0,15.48
3983,234,521.0,1032.0,0.00,0.00,0.00,0,12.01
3984,234,518.1,1032.7,-0.07,0.02,0.07,0,7.48
3985,234,514.4,1033.3,-0.31,0.06,0.32,0,6.31
3987,234,514.3,1033.3,-0.31,0.06,0.32,0,9.98
3988,234,514.3,1033.3,-0.31,0.06,0.32,0,12.13
3989,234,514.3,1033.3,-0.31,0.06,0.32,0,14.48
4020,235,758.0,748.0,0.00,0.00,0.00,0,12.01
4021,235,754.4,745.7,-0.09,-0.06,0.11,0,7.50
4022,235,751.7,743.5,-0.35,-0.27,0.44,0,6.31
4024,235,751.6,743.4,-0.35,-0.27,0.44,0,9.93
4025,235,751.6,743.4,-0.35,-0.27,0.44,0,12.01
4026,235,751.6,743.4,-0.35,-0.27,0.44,0,14.35
4057,236,746.0,1097.0,0.00,0.00,0.00,0,12.01
4057,237,913.0,1112.0,0.00,0.00,0.00,0,12.01
4057,238,1294.0,1163.0,0.00,0.00,0.00,0,12.01
4057,239,1296.0,1169.0,0.00,0.00,0.00,0,12.01
4058,236,745.3,1096.7,-0.02,-0.01,0.02,0,7.51
4058,237,913.0,1112.0,0.00,0.00,0.00,0,14.09
4058,238,1294.3,1164.6,0.01,0.04,0.04,0,7.51
4058,239,1297.0,1171.0,0.02,0.05,0.05,0,7.51
4058,240,753.0,1102.0,0.00,0.00,0.00,0,12.04
4059,236,746.8,1097.8,0.15,0.12,0.19,0,6.32
4059,238,1295.3,1166.8,0.11,0.28,0.31,0,6.32
4059,237,913.0,1112.0,0.00,0.00,0.00,0,16.15
4061,236,746.8,1097.8,0.15,0.12,0.19,0,10.01
4061,238,1295.3,1166.9,0.11,0.28,0.31,0,10.01
4061,237,913.0,1112.0,0.00,0.00,0.00,0,20.13
4062,236,746.8,1097.8,0.15,0.12,0.19,0,12.28
4062,238,1295.3,1166.9,0.11,0.28,0.31,0,12.28
4063,236,746.9,1097.8,0.15,0.12,0.19,0,14.64
4063,238,1295.3,1166.9,0.11,0.28,0.31,0,14.64
4096,241,409.0,1080.0,0.00,0.00,0.00,0,12.01
4097,241,409.0,1080.0,0.00,0.00,0.00,0,14.02
4098,241,409.0,1080.0,0.00,0.00,0.00,0,16.04
4100,241,409.0,1080.0,0.00,0.00,0.00,0,19.62
4133,243,1369.0,949.0,0.00,0.00,0.00,0,12.01
4134,243,1369.0,949.0,0.00,0.00,0.00,0,14.04
4135,243,1369.0,949.0,0.00,0.00,0.00,0,16.09
4137,243,1369.0,949.0,0.00,0.00,0.00,0,19.98
4224,244,700.0,848.0,0.00,0.00,0.00,0,12.01
4225,244,702.3,847.0,0.06,-0.02,0.06,0,7.48
4226,244,703.2,846.8,0.12,-0.04,0.13,0,6.31
4226,245,712.0,841.0,0.00,0.00,0.00,0,12.01
4228,244,703.3,846.7,0.12,-0.04,0.13,0,9.97
4228,245,712.0,841.0,0.00,0.00,0.00,0,15.13
4229,244,703.3,846.7,0.12,-0.04,0.13,0,12.13
4229,245,712.0,841.0,0.00,0.00,0.00,0,17.24
4230,244,703.3,846.7,0.12,-0.04,0.13,0,14.52
4230,245,712.0,841.0,0.00,0.00,0.00,0,19.53
4261,246,496.0,863.0,0.00,0.00,0.00,0,12.01
4262,246,496.0,863.0,0.00,0.00,0.00,0,14.04
4263,246,496.0,863.0,0.00,0.00,0.00,0,16.09
4265,246,496.0,863.0,0.00,0.00,0.00,0,19.98
4298,247,442.0,818.0,0.00,0.00,0.00,0,12.01
4298,248,435.0,824.0,0.00,0.00,0.00,0,12.01
4300,251,432.0,831.0,0.00,0.00,0.00,0,12.01
4300,252,430.0,843.0,0.00,0.00,0.00,0,12.01
4300,253,582.0,1060.0,0.00,0.00,0.00,0,12.01
4300,254,595.0,1063.0,0.00,0.00,0.00,0,12.01
4300,255,684.0,1164.0,0.00,0.00,0.00,0,12.01
4301,251,431.3,837.9,-0.02,0.17,0.17,0,7.47
4301,252,430.0,843.0,0.00,0.00,0.00,0,14.04
4301,253,582.7,1060.0,0.02,0.00,0.02,0,7.47
4301,254,587.1,1061.7,-0.19,-0.03,0.19,0,7.47
4301,255,684.0,1164.0,0.00,0.00,0.00,0,14.04
4302,251,431.3,844.1,-0.02,0.56,0.56,0,6.30
4302,253,579.7,1059.7,-0.17,-0.02,0.18,0,6.30
4302,255,684.0,1164.0,0.00,0.00,0.00,0,16.08
4304,251,431.2,844.2,-0.02,0.56,0.56,0,9.96
4304,253,579.6,1059.7,-0.17,-0.02,0.18,0,9.96
4304,255,684.0,1164.0,0.00,0.00,0.00,0,19.95
4305,251,431.2,844.3,-0.02,0.56,0.56,0,12.11
4305,253,579.6,1059.7,-0.17,-0.02,0.18,0,12.11
4306,251,431.2,844.3,-0.02,0.56,0.56,0,14.44
4306,253,579.6,1059.7,-0.17,-0.02,0.18,0,14.44
4339,256,501.0,1013.0,0.00,0.00,0.00,0,12.01
4340,256,501.3,1013.0,0.01,0.00,0.01,0,7.47
4341,256,501.3,1013.0,0.01,0.00,0.01,0,9.51
4343,256,501.3,1013.0,0.01,0.00,0.01,0,13.26
4344,256,501.3,1013.0,0.01,0.00,0.01,0,15.43
4378,259,805.0,851.0,0.00,0.00,0.00,0,12.01
4378,260,806.0,859.0,0.00,0.00,0.00,0,12.01
4379,259,805.0,851.7,0.00,0.02,0.02,0,7.47
4379,260,805.3,854.7,-0.02,-0.10,0.10,0,7.47
4380,259,803.7,849.7,-0.08,-0.11,0.13,0,6.30
4382,259,803.7,849.7,-0.08,-0.11,0.13,0,9.94
4383,259,803.7,849.7,-0.08,-0.11,0.13,0,12.11
4384,259,803.7,849.7,-0.08,-0.11,0.13,0,14.45
4415,261,1302.0,756.0,0.00,0.00,0.00,0,12.01
4415,262,1303.0,763.0,0.00,0.00,0.00,0,12.01
4470,263,796.0,1390.0,0.00,0.00,0.00,0,12.01
4471,263,796.0,1390.0,0.00,0.00,0.00,0,14.04
4472,263,794.2,1390.4,-0.08,0.02,0.08,0,7.87
4474,263,794.2,1390.4,-0.08,0.02,0.08,0,11.56
4475,263,794.2,1390.4,-0.08,0.02,0.08,0,13.68
4476,263,794.2,1390.4,-0.08,0.02,0.08,0,16.09
4509,264,714.0,981.0,0.00,0.00,0.00,0,12.01
4510,264,714.0,981.0,0.00,0.00,0.00,0,14.03
4511,264,714.0,981.0,0.00,0.00,0.00,0,16.08
4513,264,714.0,981.0,0.00,0.00,0.00,0,19.90
4550,265,892.0,1316.0,0.00,0.00,0.00,0,12.00
4551,265,892.0,1316.0,0.00,0.00,0.00,0,14.03
4552,265,890.6,1314.6,-0.06,-0.06,0.08,0,7.87
4554,265,890.6,1314.6,-0.06,-0.06,0.08,0,11.56
4555,265,890.6,1314.6,-0.06,-0.06,0.08,0,13.65
4556,265,890.6,1314.6,-0.06,-0.06,0.08,0,16.04
4597,266,1106.0,1141.0,0.00,0.00,0.00,0,12.01
4598,266,1104.7,1139.4,-0.03,-0.04,0.05,0,7.48
4599,266,1104.3,1138.8,-0.06,-0.08,0.10,0,6.31
4601,266,1104.2,1138.7,-0.06,-0.08,0.10,0,9.96
4602,266,1104.2,1138.7,-0.06,-0.08,0.10,0,12.12
4603,266,1104.2,1138.7,-0.06,-0.08,0.10,0,14.47
4638,267,1413.0,1168.0,0.00,0.00,0.00,0,12.01
4639,267,1415.0,1168.3,0.05,0.01,0.05,0,7.47
4640,267,1416.8,1169.0,0.16,0.05,0.17,0,6.31
4642,267,1416.8,1169.0,0.16,0.05,0.17,0,9.96
4643,267,1416.8,1169.0,0.16,0.05,0.17,0,12.13
4644,267,1416.8,1169.0,0.16,0.05,0.17,0,14.47
4675,268,1306.0,1048.0,0.00,0.00,0.00,0,12.01
4675,269,1024.0,1271.0,0.00,0.00,0.00,0,12.01
4676,268,1297.8,1055.2,-0.20,0.18,0.27,0,7.59
4676,269,1022.0,1273.6,-0.05,0.07,0.08,0,7.59
4676,270,790.0,1287.0,0.00,0.00,0.00,0,12.09
4677,268,1293.7,1058.8,-0.89,0.78,1.19,0,6.36
4677,269,1022.0,1273.6,-0.05,0.07,0.08,0,9.67
4679,268,1293.4,1059.0,-0.89,0.78,1.19,0,10.23
4679,269,1022.0,1273.6,-0.05,0.07,0.08,0,13.86
4680,268,1293.4,1059.0,-0.89,0.78,1.19,0,12.38
4680,269,1022.0,1273.6,-0.05,0.07,0.08,0,16.01
4681,268,1293.4,1059.1,-0.89,0.78,1.19,0,14.80
4743,272,1474.0,833.0,0.00,0.00,0.00,0,12.01
4744,272,1474.3,833.3,0.01,0.01,0.01,0,7.48
4744,273,1469.0,828.0,0.00,0.00,0.00,0,12.01
4745,272,1472.2,832.2,-0.13,-0.07,0.15,0,6.37
4745,273,1469.0,828.0,0.00,0.00,0.00,0,14.09
4747,272,1472.1,832.2,-0.13,-0.07,0.15,0,10.35
4747,273,1469.0,828.0,0.00,0.00,0.00,0,17.85
4748,272,1472.1,832.2,-0.13,-0.07,0.15,0,12.41
4748,273,1469.0,828.0,0.00,0.00,0.00,0,19.90
4749,272,1472.1,832.2,-0.13,-0.07,0.15,0,14.79
4780,274,1056.0,936.0,0.00,0.00,0.00,0,12.01
4781,274,1056.0,936.0,0.00,0.00,0.00,0,14.07
4782,274,1056.0,936.0,0.00,0.00,0.00,0,16.13
4784,274,1056.0,936.0,0.00,0.00,0.00,0,20.06
4842,275,789.0,1194.0,0.00,0.00,0.00,0,12.01
4843,275,789.7,1194.0,0.02,0.00,0.02,0,7.47
4843,276,776.0,1197.0,0.00,0.00,0.00,0,12.01
4844,275,786.7,1194.5,-0.18,0.03,0.18,0,6.31
4844,276,772.1,1198.0,-0.09,0.02,0.10,0,7.48
4846,275,786.6,1194.5,-0.18,0.03,0.18,0,9.96
4846,276,772.0,1198.0,-0.09,0.02,0.10,0,10.86
4847,275,786.6,1194.5,-0.18,0.03,0.18,0,12.13
4847,276,772.0,1198.0,-0.09,0.02,0.10,0,13.00
4848,275,786.6,1194.5,-0.18,0.03,0.18,0,14.48
4848,276,772.0,1198.0,-0.09,0.02,0.10,0,15.30
4895,277,630.0,919.0,0.00,0.00,0.00,0,12.01
4906,281,974.0,1217.0,0.00,0.00,0.00,0,12.01
4906,282,968.0,1230.0,0.00,0.00,0.00,0,12.01
4907,281,972.4,1220.9,-0.04,0.10,0.10,0,7.47
4907,282,966.4,1234.6,-0.04,0.11,0.12,0,7.47
4908,281,970.2,1226.6,-0.18,0.46,0.50,0,6.30
4910,281,970.2,1226.7,-0.18,0.46,0.50,0,9.95
4911,281,970.2,1226.7,-0.18,0.46,0.50,0,12.12
4912,281,970.2,1226.8,-0.18,0.46,0.50,0,14.51
4943,283,909.0,1050.0,0.00,0.00,0.00,0,12.01
4944,283,911.9,1051.0,0.07,0.02,0.08,0,7.49
4945,283,913.3,1051.5,0.19,0.07,0.20,0,6.31
4945,284,926.0,1054.0,0.00,0.00,0.00,0,12.01
4947,283,913.3,1051.5,0.19,0.07,0.20,0,9.94
4947,284,926.0,1054.0,0.00,0.00,0.00,0,15.06
4948,283,913.3,1051.5,0.19,0.07,0.20,0,12.04
4948,284,926.0,1054.0,0.00,0.00,0.00,0,17.14
4949,283,913.3,1051.5,0.19,0.07,0.20,0,14.44
4949,284,926.0,1054.0,0.00,0.00,0.00,0,19.42
4987,285,796.0,1352.0,0.00,0.00,0.00,0,12.01
4988,285,796.0,1352.0,0.00,0.00,0.00,0,14.04
4989,285,796.0,1352.0,0.00,0.00,0.00,0,16.09
4991,285,796.0,1352.0,0.00,0.00,0.00,0,19.96
5030,286,1088.0,634.0,0.00,0.00,0.00,0,12.01
5031,286,1088.0,634.0,0.00,0.00,0.00,0,14.04
5032,286,1088.0,634.0,0.00,0.00,0.00,0,16.09
5034,286,1088.0,634.0,0.00,0.00,0.00,0,20.04
5078,287,1265.0,1137.0,0.00,0.00,0.00,0,12.01
5079,287,1261.7,1140.3,-0.08,0.08,0.11,0,7.48
5080,287,1261.7,1140.3,-0.08,0.08,0.11,0,9.52
5082,287,1261.7,1140.3,-0.08,0.08,0.11,0,13.30
5083,287,1261.7,1140.3,-0.08,0.08,0.11,0,15.47
5116,288,1071.0,1286.0,0.00,0.00,0.00,0,12.01
5117,288,1070.7,1285.0,-0.01,-0.03,0.03,0,7.47
5118,288,1070.8,1284.8,-0.00,-0.04,0.04,0,6.31
5120,288,1070.8,1284.7,-0.00,-0.04,0.04,0,9.97
5121,288,1070.8,1284.7,-0.00,-0.04,0.04,0,12.11
5122,288,1070.8,1284.7,-0.00,-0.04,0.04,0,14.51
5153,290,1185.0,1149.0,0.00,0.00,0.00,0,12.01
5153,291,1186.0,1161.0,0.00,0.00,0.00,0,12.01
5155,292,1185.0,1129.0,0.00,0.00,0.00,0,12.01
5155,293,1184.0,1140.0,0.00,0.00,0.00,0,12.01
5156,292,1185.0,1129.3,0.00,0.01,0.01,0,7.47
5156,293,1184.3,1133.1,0.01,-0.16,0.16,0,7.47
5157,292,1185.0,1126.9,0.00,-0.14,0.14,0,6.30
5159,292,1185.0,1126.9,0.00,-0.14,0.14,0,9.97
5160,292,1185.0,1126.9,0.00,-0.14,0.14,0,12.12
5161,292,1185.0,1126.9,0.00,-0.14,0.14,0,14.46
5194,294,359.0,718.0,0.00,0.00,0.00,0,12.01
5195,294,359.7,721.3,0.01,0.07,0.07,0,7.46
5196,294,360.0,722.7,0.03,0.13,0.13,0,6.29
5198,294,360.0,722.8,0.03,0.13,0.13,0,9.91
5199,294,360.0,722.8,0.03,0.13,0.13,0,12.05
5200,294,360.0,722.8,0.03,0.13,0.13,0,14.39
5295,296,1427.0,893.0,0.00,0.00,0.00,0,12.01
5296,296,1427.0,893.0,0.00,0.00,0.00,0,14.04
5297,296,1427.4,894.1,0.02,0.05,0.05,0,7.87
5299,296,1427.4,894.1,0.02,0.05,0.05,0,11.53
5300,296,1427.4,894.1,0.02,0.05,0.05,0,13.69
5301,296,1427.4,894.1,0.02,0.05,0.05,0,16.03
5365,297,1195.0,1210.0,0.00,0.00,0.00,0,12.01
5366,297,1195.0,1210.0,0.00,0.00,0.00,0,14.04
5367,297,1195.0,1210.0,0.00,0.00,0.00,0,16.09
5369,297,1195.0,1210.0,0.00,0.00,0.00,0,19.96
5406,298,1308.0,696.0,0.00,0.00,0.00,0,12.00
5407,298,1308.3,695.7,0.01,-0.01,0.01,0,7.47
5407,299,1298.0,700.0,0.00,0.00,0.00,0,12.01
5408,298,1305.9,696.8,-0.14,0.06,0.15,0,6.30
5408,299,1295.1,700.7,-0.07,0.02,0.08,0,7.48
5410,298,1305.9,696.8,-0.14,0.06,0.15,0,9.95
5410,299,1295.0,700.7,-0.07,0.02,0.08,0,10.86
5411,298,1305.9,696.8,-0.14,0.06,0.15,0,12.12
5411,299,1295.0,700.7,-0.07,0.02,0.08,0,13.00
5412,298,1305.9,696.8,-0.14,0.06,0.15,0,14.46
5412,299,1295.0,700.7,-0.07,0.02,0.08,0,15.30
5447,300,917.0,544.0,0.00,0.00,0.00,0,12.01
5449,302,906.0,524.0,0.00,0.00,0.00,0,12.01
5449,303,911.0,534.0,0.00,0.00,0.00,0,12.01
5450,302,906.0,524.3,0.00,0.01,0.01,0,7.47
5450,303,909.0,528.1,-0.05,-0.15,0.16,0,7.47
5451,302,905.2,520.1,-0.05,-0.26,0.27,0,6.31
5453,302,905.2,520.1,-0.05,-0.26,0.27,0,9.98
5454,302,905.2,520.1,-0.05,-0.26,0.27,0,12.15
5455,302,905.2,520.0,-0.05,-0.26,0.27,0,14.54
5547,305,1025.0,1118.0,0.00,0.00,0.00,0,12.01
5548,305,1024.7,1118.0,-0.01,0.00,0.01,0,7.47
5548,306,1032.0,1110.0,0.00,0.00,0.00,0,12.01
5549,305,1026.6,1116.2,0.11,-0.12,0.16,0,6.31
5549,306,1033.3,1107.7,0.03,-0.06,0.06,0,7.48
5551,305,1026.6,1116.2,0.11,-0.12,0.16,0,9.99
5551,306,1033.3,1107.7,0.03,-0.06,0.06,0,10.88
5552,305,1026.6,1116.2,0.11,-0.12,0.16,0,12.13
5552,306,1033.3,1107.7,0.03,-0.06,0.06,0,13.00
5553,305,1026.6,1116.2,0.11,-0.12,0.16,0,14.47
5553,306,1033.3,1107.7,0.03,-0.06,0.06,0,15.29
5584,307,927.0,982.0,0.00,0.00,0.00,0,12.01
5584,308,919.0,990.0,0.00,0.00,0.00,0,12.01
5584,309,917.0,1312.0,0.00,0.00,0.00,0,12.01
5584,310,927.0,1317.0,0.00,0.00,0.00,0,12.01
5585,307,924.7,984.3,-0.06,0.06,0.08,0,7.52
5585,308,918.0,993.0,-0.02,0.07,0.08,0,7.52
5585,309,920.3,1313.3,0.08,0.03,0.09,0,7.52
5585,310,927.0,1317.0,0.00,0.00,0.00,0,14.10
5586,307,922.5,987.8,-0.33,0.48,0.58,0,6.33
5586,309,920.3,1313.3,0.08,0.03,0.09,0,9.58
5588,307,922.4,988.0,-0.33,0.48,0.58,0,10.03
5588,309,920.3,1313.3,0.08,0.03,0.09,0,13.50
5589,307,922.4,988.0,-0.33,0.48,0.58,0,12.25
5589,309,920.3,1313.3,0.08,0.03,0.09,0,15.73
5590,307,922.3,988.0,-0.33,0.48,0.58,0,14.65
5621,311,1112.0,1000.0,0.00,0.00,0.00,0,12.01
5622,311,1112.0,1000.0,0.00,0.00,0.00,0,14.04
5623,311,1112.0,1000.0,0.00,0.00,0.00,0,16.09
5625,311,1112.0,1000.0,0.00,0.00,0.00,0,19.97
5658,312,1053.0,1350.0,0.00,0.00,0.00,0,12.01
5659,312,1053.0,1350.0,0.00,0.00,0.00,0,14.04
5660,312,1053.0,1350.0,0.00,0.00,0.00,0,16.09
5662,312,1053.0,1350.0,0.00,0.00,0.00,0,19.93
5698,313,1435.0,633.0,0.00,0.00,0.00,0,12.13
5699,313,1435.3,633.0,0.03,0.00,0.03,0,7.50
5700,313,1430.6,630.9,-0.39,-0.19,0.44,0,6.31
5702,313,1430.5,630.9,-0.39,-0.19,0.44,0,10.07
5703,313,1430.5,630.9,-0.39,-0.19,0.44,0,12.10
5704,313,1430.5,630.9,-0.39,-0.19,0.44,0,14.51
5739,314,965.0,790.0,0.00,0.00,0.00,0,12.01
5740,314,965.0,790.3,0.00,0.01,0.01,0,7.47
5740,315,963.0,781.0,0.00,0.00,0.00,0,12.01
5741,314,964.5,788.2,-0.03,-0.10,0.11,0,6.30
5741,315,963.3,778.7,0.01,-0.04,0.04,0,7.47
5743,314,964.5,788.2,-0.03,-0.10,0.11,0,9.92
5743,315,963.3,778.7,0.01,-0.04,0.04,0,10.84
5744,314,964.5,788.2,-0.03,-0.10,0.11,0,12.09
5744,315,963.3,778.7,0.01,-0.04,0.04,0,12.98
5745,314,964.5,788.2,-0.03,-0.10,0.11,0,14.44
5745,315,963.3,778.7,0.01,-0.04,0.04,0,15.28
5776,316,1308.0,994.0,0.00,0.00,0.00,0,12.01
5777,316,1308.0,994.0,0.00,0.00,0.00,0,14.04
5778,316,1308.0,994.0,0.00,0.00,0.00,0,16.09
5780,316,1308.0,994.0,0.00,0.00,0.00,0,19.99
5813,317,1093.0,533.0,0.00,0.00,0.00,0,12.01
5815,319,1078.0,524.0,0.00,0.00,0.00,0,12.01
5816,319,1078.0,524.0,0.00,0.00,0.00,0,14.03
5817,319,1078.0,524.0,0.00,0.00,0.00,0,16.08
5819,319,1078.0,524.0,0.00,0.00,0.00,0,19.96
5908,320,1158.0,613.0,0.00,0.00,0.00,0,12.01
5909,320,1153.7,612.0,-0.10,-0.02,0.10,0,7.48
5910,320,1151.7,611.5,-0.23,-0.06,0.24,0,6.31
5912,320,1151.7,611.5,-0.23,-0.06,0.24,0,9.97
5913,320,1151.7,611.5,-0.23,-0.06,0.24,0,12.13
5914,320,1151.7,611.5,-0.23,-0.06,0.24,0,14.47
5945,321,1107.0,1296.0,0.00,0.00,0.00,0,12.01
5945,322,1095.0,1298.0,0.00,0.00,0.00,0,12.01
5950,323,1327.0,914.0,0.00,0.00,0.00,0,12.01
5951,323,1327.7,917.9,0.02,0.10,0.10,0,7.47
5952,323,1327.7,917.9,0.02,0.10,0.10,0,9.51
5954,323,1327.7,918.0,0.02,0.10,0.10,0,13.30
5955,323,1327.7,918.0,0.02,0.10,0.10,0,15.46
5992,326,1420.0,625.0,0.00,0.00,0.00,0,12.01
5992,327,1422.0,634.0,0.00,0.00,0.00,0,12.01
5992,328,643.0,963.0,0.00,0.00,0.00,0,12.01
5993,326,1419.7,625.0,-0.01,0.00,0.01,0,7.47
5993,327,1419.4,628.1,-0.06,-0.15,0.16,0,7.47
5993,328,641.4,965.0,-0.04,0.05,0.06,0,7.47
5994,326,1418.5,622.9,-0.09,-0.13,0.16,0,6.31
5994,328,640.8,966.0,-0.08,0.12,0.14,0,6.31
5996,326,1418.4,622.9,-0.09,-0.13,0.16,0,9.95
5996,328,640.7,966.0,-0.08,0.12,0.14,0,9.95
5997,326,1418.4,622.9,-0.09,-0.13,0.16,0,12.13
5997,328,640.7,966.0,-0.08,0.12,0.14,0,12.13
5998,326,1418.4,622.9,-0.09,-0.13,0.16,0,14.47
5998,328,640.7,966.0,-0.08,0.12,0.14,0,14.47
6029,330,713.0,637.0,0.00,0.00,0.00,0,12.01
6031,332,708.0,656.0,0.00,0.00,0.00,0,12.01
6031,333,704.0,662.0,0.00,0.00,0.00,0,12.01
6032,332,705.4,659.6,-0.06,0.09,0.11,0,7.47
6032,333,704.0,662.0,0.00,0.00,0.00,0,14.03
6033,332,704.2,661.3,-0.13,0.19,0.23,0,6.33
6035,332,704.2,661.3,-0.13,0.19,0.23,0,10.14
6036,332,704.2,661.3,-0.13,0.19,0.23,0,12.42
6037,332,704.2,661.3,-0.13,0.19,0.23,0,14.78
6071,334,345.0,695.0,0.00,0.00,0.00,0,12.01
6072,334,345.0,695.0,0.00,0.00,0.00,0,14.04
6073,334,345.0,695.0,0.00,0.00,0.00,0,16.08
6075,334,345.0,695.0,0.00,0.00,0.00,0,19.94
6108,335,1146.0,1276.0,0.00,0.00,0.00,0,12.01
6109,335,1146.0,1276.0,0.00,0.00,0.00,0,14.04
6110,335,1148.5,1277.1,0.12,0.05,0.13,0,7.87
6112,335,1148.5,1277.1,0.12,0.05,0.13,0,11.56
6113,335,1148.5,1277.1,0.12,0.05,0.13,0,13.65
6114,335,1148.5,1277.1,0.12,0.05,0.13,0,16.00
6154,336,912.0,631.0,0.00,0.00,0.00,0,12.01
6155,336,910.0,633.6,-0.05,0.06,0.08,0,7.48
6156,336,909.0,634.5,-0.12,0.12,0.17,0,6.31
6158,336,909.0,634.5,-0.12,0.12,0.17,0,9.97
6159,336,909.0,634.5,-0.12,0.12,0.17,0,12.13
6160,336,909.0,634.5,-0.12,0.12,0.17,0,14.47
6289,340,708.0,833.0,0.00,0.00,0.00,0,12.01
6290,340,708.0,833.0,0.00,0.00,0.00,0,14.04
6291,340,708.0,833.0,0.00,0.00,0.00,0,16.09
6293,340,708.0,833.0,0.00,0.00,0.00,0,19.96
6326,341,1288.0,1209.0,0.00,0.00,0.00,0,12.01
6326,342,1296.0,1210.0,0.00,0.00,0.00,0,12.01
6328,343,1284.0,1210.0,0.00,0.00,0.00,0,12.01
6328,344,1286.0,1217.0,0.00,0.00,0.00,0,12.01
6329,343,1284.3,1211.6,0.01,0.03,0.03,0,7.46
6329,344,1286.0,1217.0,0.00,0.00,0.00,0,14.02
6330,343,1284.3,1211.6,0.01,0.03,0.03,0,9.49
6332,343,1284.3,1211.6,0.01,0.03,0.03,0,13.19
6333,343,1284.3,1211.6,0.01,0.03,0.03,0,15.31
6365,345,1180.0,1158.0,0.00,0.00,0.00,0,12.01
6365,346,1174.0,1169.0,0.00,0.00,0.00,0,12.01
6365,347,702.0,1195.0,0.00,0.00,0.00,0,12.01
6365,348,697.0,1208.0,0.00,0.00,0.00,0,12.01
6367,349,1190.0,1135.0,0.00,0.00,0.00,0,12.01
6367,350,1185.0,1147.0,0.00,0.00,0.00,0,12.01
6367,351,697.0,1215.0,0.00,0.00,0.00,0,12.01
6367,352,703.0,1227.0,0.00,0.00,0.00,0,12.01
6368,349,1190.0,1134.7,0.00,-0.01,0.01,0,7.47
6368,350,1187.6,1138.5,0.06,-0.19,0.20,0,7.47
6368,351,698.6,1218.3,0.04,0.07,0.08,0,7.47
6368,352,705.0,1230.3,0.04,0.07,0.09,0,7.47
6369,349,1190.8,1131.4,0.05,-0.21,0.22,0,6.30
6369,351,701.0,1222.8,0.19,0.36,0.40,0,6.30
6371,349,1190.8,1131.4,0.05,-0.21,0.22,0,9.98
6371,351,701.1,1222.9,0.19,0.36,0.40,0,9.98
6372,349,1190.8,1131.4,0.05,-0.21,0.22,0,12.12
6372,351,701.1,1222.9,0.19,0.36,0.40,0,12.12
6373,349,1190.8,1131.3,0.05,-0.21,0.22,0,14.47
6373,351,701.1,1223.0,0.19,0.36,0.40,0,14.47
6404,353,956.0,1047.0,0.00,0.00,0.00,0,12.01
6404,354,955.0,1056.0,0.00,0.00,0.00,0,12.01
6406,356,597.0,909.0,0.00,0.00,0.00,0,12.01
6407,356,597.0,908.3,0.00,-0.01,0.01,0,7.47
6407,357,594.0,913.0,0.00,0.00,0.00,0,12.01
6408,356,595.5,910.8,-0.10,0.14,0.17,0,6.31
6410,356,595.4,910.9,-0.10,0.14,0.17,0,9.99
6411,356,595.4,910.9,-0.10,0.14,0.17,0,12.12
6412,356,595.4,910.9,-0.10,0.14,0.17,0,14.46
6443,360,949.0,1018.0,0.00,0.00,0.00,0,12.01
6443,361,644.0,1270.0,0.00,0.00,0.00,0,12.01
6443,362,643.0,1277.0,0.00,0.00,0.00,0,12.01
6496,364,1396.0,454.0,0.00,0.00,0.00,0,12.01
6497,364,1396.0,454.0,0.00,0.00,0.00,0,14.04
6498,364,1396.0,454.0,0.00,0.00,0.00,0,16.09
6500,364,1396.0,454.0,0.00,0.00,0.00,0,19.98
6533,365,1181.0,790.0,0.00,0.00,0.00,0,12.01
6533,366,1190.0,790.0,0.00,0.00,0.00,0,12.01
6533,367,688.0,1322.0,0.00,0.00,0.00,0,12.01
6533,368,686.0,1330.0,0.00,0.00,0.00,0,12.01
6535,369,1196.0,792.0,0.00,0.00,0.00,0,12.02
6535,370,687.0,1333.0,0.00,0.00,0.00,0,12.02
6535,371,694.0,1339.0,0.00,0.00,0.00,0,12.02
6536,369,1201.2,795.3,0.17,0.11,0.20,0,7.47
6536,370,688.6,1334.6,0.05,0.05,0.08,0,7.47
6536,371,696.3,1340.3,0.08,0.04,0.09,0,7.47
6537,369,1205.6,798.3,0.45,0.30,0.54,0,6.29
6537,370,691.3,1336.3,0.23,0.16,0.28,0,6.29
6539,369,1205.7,798.4,0.45,0.30,0.54,0,9.75
6539,370,691.4,1336.3,0.23,0.16,0.28,0,9.75
6540,369,1205.7,798.4,0.45,0.30,0.54,0,11.88
6540,370,691.4,1336.3,0.23,0.16,0.28,0,11.88
6541,369,1205.7,798.4,0.45,0.30,0.54,0,14.21
6541,370,691.4,1336.3,0.23,0.16,0.28,0,14.21
6572,372,1341.0,481.0,0.00,0.00,0.00,0,12.01
6573,372,1341.0,481.0,0.00,0.00,0.00,0,14.09
6574,372,1330.8,482.1,-0.73,0.08,0.74,0,7.88
6576,372,1330.6,482.1,-0.73,0.08,0.74,0,11.54
6577,372,1330.6,482.1,-0.73,0.08,0.74,0,13.78
6578,372,1330.6,482.1,-0.73,0.08,0.74,0,16.13
6627,373,1271.0,724.0,0.00,0.00,0.00,0,12.01
6628,373,1271.0,724.3,0.00,0.01,0.01,0,7.48
6628,374,1275.0,720.0,0.00,0.00,0.00,0,12.01
6628,375,777.0,918.0,0.00,0.00,0.00,0,12.01
6629,373,1272.3,722.7,0.09,-0.10,0.13,0,6.31
6629,374,1275.0,720.0,0.00,0.00,0.00,0,14.04
6629,375,777.0,918.0,0.00,0.00,0.00,0,14.04
6631,373,1272.3,722.7,0.09,-0.10,0.13,0,9.94
6631,374,1275.0,720.0,0.00,0.00,0.00,0,17.49
6631,375,777.0,918.0,0.00,0.00,0.00,0,17.49
6632,373,1272.3,722.7,0.09,-0.10,0.13,0,12.13
6632,374,1275.0,720.0,0.00,0.00,0.00,0,19.66
6632,375,777.0,918.0,0.00,0.00,0.00,0,19.66
6633,373,1272.3,722.7,0.09,-0.10,0.13,0,14.47
6664,376,767.0,1213.0,0.00,0.00,0.00,0,12.01
6664,377,753.0,1223.0,0.00,0.00,0.00,0,12.01
6664,378,586.0,1245.0,0.00,0.00,0.00,0,12.01
6664,379,585.0,1255.0,0.00,0.00,0.00,0,12.01
6665,376,767.0,1213.0,0.00,0.00,0.00,0,14.04
6665,377,753.0,1223.0,0.00,0.00,0.00,0,14.04
6665,378,585.7,1247.9,-0.01,0.07,0.07,0,7.48
6665,379,584.7,1257.9,-0.01,0.07,0.07,0,7.48
6666,378,585.2,1251.6,-0.04,0.32,0.32,0,6.31
6666,376,767.0,1213.0,0.00,0.00,0.00,0,16.09
6668,378,585.2,1251.7,-0.04,0.32,0.32,0,10.00
6668,376,767.0,1213.0,0.00,0.00,0.00,0,20.01
6669,378,585.2,1251.7,-0.04,0.32,0.32,0,12.11
6670,378,585.2,1251.7,-0.04,0.32,0.32,0,14.46
6707,380,1060.0,846.0,0.00,0.00,0.00,0,12.01
6709,382,1044.0,842.0,0.00,0.00,0.00,0,12.01
6709,383,1053.0,844.0,0.00,0.00,0.00,0,12.01
6710,382,1044.3,842.0,0.01,0.00,0.01,0,7.48
6710,383,1047.8,843.7,-0.13,-0.01,0.13,0,7.48
6711,382,1042.7,842.0,-0.10,0.00,0.10,0,6.31
6713,382,1042.7,842.0,-0.10,0.00,0.10,0,9.99
6714,382,1042.7,842.0,-0.10,0.00,0.10,0,12.13
6715,382,1042.7,842.0,-0.10,0.00,0.10,0,14.48
6746,384,749.0,935.0,0.00,0.00,0.00,0,12.01
6747,384,749.0,935.0,0.00,0.00,0.00,0,14.04
6748,384,749.0,935.0,0.00,0.00,0.00,0,16.09
6750,384,749.0,935.0,0.00,0.00,0.00,0,20.03
6785,385,505.0,817.0,0.00,0.00,0.00,0,12.01
6787,388,495.0,819.0,0.00,0.00,0.00,0,12.01
6787,389,485.0,823.0,0.00,0.00,0.00,0,12.01
6787,390,785.0,1336.0,0.00,0.00,0.00,0,12.01
6788,388,491.7,820.0,-0.08,0.02,0.08,0,7.48
6788,389,482.4,825.0,-0.06,0.05,0.08,0,7.48
6788,390,785.7,1336.0,0.02,0.00,0.02,0,7.48
6788,391,773.0,1337.0,0.00,0.00,0.00,0,12.01
6789,388,487.2,823.6,-0.39,0.27,0.47,0,6.31
6789,390,782.9,1336.3,-0.17,0.02,0.17,0,6.31
6791,388,487.1,823.7,-0.39,0.27,0.47,0,9.94
6791,390,782.9,1336.3,-0.17,0.02,0.17,0,9.94
6792,388,487.0,823.7,-0.39,0.27,0.47,0,12.14
6792,390,782.9,1336.3,-0.17,0.02,0.17,0,12.14
6793,388,487.0,823.7,-0.39,0.27,0.47,0,14.49
6793,390,782.9,1336.3,-0.17,0.02,0.17,0,14.49
6824,393,1191.0,661.0,0.00,0.00,0.00,0,12.01
6825,393,1191.7,661.3,0.02,0.01,0.02,0,7.48
6826,393,1195.1,661.8,0.26,0.04,0.26,0,6.31
6828,393,1195.2,661.8,0.26,0.04,0.26,0,10.00
6829,393,1195.2,661.8,0.26,0.04,0.26,0,12.11
6830,393,1195.2,661.8,0.26,0.04,0.26,0,14.50
6862,394,992.0,974.0,0.00,0.00,0.00,0,12.04
6862,395,994.0,983.0,0.00,0.00,0.00,0,12.04
6863,394,992.0,974.0,0.00,0.00,0.00,0,14.09
6863,395,994.0,983.0,0.00,0.00,0.00,0,14.09
6864,394,992.0,974.0,0.00,0.00,0.00,0,16.15
6866,394,992.0,974.0,0.00,0.00,0.00,0,20.19
6899,397,1022.0,945.0,0.00,0.00,0.00,0,12.01
6900,397,1022.0,945.0,0.00,0.00,0.00,0,14.04
6901,397,1022.0,945.0,0.00,0.00,0.00,0,16.09
6903,397,1022.0,945.0,0.00,0.00,0.00,0,19.97
6942,398,708.0,993.0,0.00,0.00,0.00,0,12.01
6943,398,708.3,993.3,0.01,0.01,0.01,0,7.47
6943,399,704.0,984.0,0.00,0.00,0.00,0,12.01
6944,398,707.2,991.4,-0.06,-0.12,0.13,0,6.31
6944,399,704.0,982.0,0.00,-0.05,0.05,0,7.48
6946,398,707.2,991.4,-0.06,-0.12,0.13,0,9.96
6946,399,704.0,982.0,0.00,-0.05,0.05,0,10.86
6947,398,707.2,991.4,-0.06,-0.12,0.13,0,12.13
6947,399,704.0,982.0,0.00,-0.05,0.05,0,13.00
6948,398,707.2,991.4,-0.06,-0.12,0.13,0,14.52
6948,399,704.0,982.0,0.00,-0.05,0.05,0,15.33
6979,400,1429.0,517.0,0.00,0.00,0.00,0,12.01
6979,401,1429.0,526.0,0.00,0.00,0.00,0,12.01
6980,400,1429.0,519.6,0.00,0.07,0.07,0,7.48
6980,401,1429.0,526.0,0.00,0.00,0.00,0,14.04
6981,400,1429.0,519.6,0.00,0.07,0.07,0,9.52
6983,400,1429.0,519.6,0.00,0.07,0.07,0,13.31
6984,400,1429.0,519.6,0.00,0.07,0.07,0,15.46
7032,402,446.0,856.0,0.00,0.00,0.00,0,12.01
7033,402,446.7,858.3,0.02,0.06,0.06,0,7.48
7034,402,446.7,858.3,0.02,0.06,0.06,0,9.52
7036,402,446.7,858.3,0.02,0.06,0.06,0,13.32
7037,402,446.7,858.3,0.02,0.06,0.06,0,15.47
7129,403,1193.0,1253.0,0.00,0.00,0.00,0,12.01
7130,403,1193.3,1253.3,0.01,0.01,0.01,0,7.47
7130,404,1190.0,1241.0,0.00,0.00,0.00,0,12.01
7131,403,1192.7,1250.7,-0.03,-0.16,0.17,0,6.31
7133,403,1192.7,1250.6,-0.03,-0.16,0.17,0,9.96
7134,403,1192.7,1250.6,-0.03,-0.16,0.17,0,12.12
7135,403,1192.7,1250.6,-0.03,-0.16,0.17,0,14.51
7169,405,1361.0,991.0,0.00,0.00,0.00,0,12.01
7170,405,1361.0,991.3,0.00,0.01,0.01,0,7.48
7171,405,1361.0,991.3,0.00,0.01,0.01,0,9.52
7173,405,1361.0,991.3,0.00,0.01,0.01,0,13.28
7174,405,1361.0,991.3,0.00,0.01,0.01,0,15.47
7207,408,1147.0,956.0,0.00,0.00,0.00,0,12.03
7207,409,1158.0,962.0,0.00,0.00,0.00,0,12.03
7208,408,1147.3,956.3,0.02,0.02,0.02,0,7.48
7208,409,1158.0,962.0,0.00,0.00,0.00,0,14.07
7209,408,1147.3,956.3,0.02,0.02,0.02,0,9.50
7211,408,1147.3,956.3,0.02,0.02,0.02,0,13.14
7212,408,1147.3,956.3,0.02,0.02,0.02,0,15.28
7268,410,1176.0,1118.0,0.00,0.00,0.00,0,12.01
7269,410,1176.0,1118.0,0.00,0.00,0.00,0,14.04
7270,410,1179.9,1112.7,0.18,-0.25,0.31,0,7.87
7272,410,1179.9,1112.7,0.18,-0.25,0.31,0,11.50
7273,410,1179.9,1112.7,0.18,-0.25,0.31,0,13.68
7274,410,1179.9,1112.7,0.18,-0.25,0.31,0,16.08
7306,413,557.0,1053.0,0.00,0.00,0.00,0,12.01
7307,413,555.0,1049.4,-0.05,-0.10,0.11,0,7.48
7308,413,555.0,1049.4,-0.05,-0.10,0.11,0,9.51
7310,413,555.0,1049.4,-0.05,-0.10,0.11,0,13.27
7311,413,555.0,1049.4,-0.05,-0.10,0.11,0,15.45
7343,414,1049.0,1090.0,0.00,0.00,0.00,0,12.01
7345,417,800.0,1009.0,0.00,0.00,0.00,0,12.01
7345,418,800.0,1021.0,0.00,0.00,0.00,0,12.01
7345,419,1051.0,1079.0,0.00,0.00,0.00,0,12.01
7345,420,1051.0,1085.0,0.00,0.00,0.00,0,12.01
7345,421,762.0,1265.0,0.00,0.00,0.00,0,12.01
7346,417,800.3,1009.3,0.01,0.01,0.01,0,7.47
7346,418,799.7,1013.8,-0.01,-0.15,0.15,0,7.47
7346,419,1051.0,1079.0,0.00,0.00,0.00,0,14.03
7346,420,1051.0,1085.0,0.00,0.00,0.00,0,14.03
7346,421,762.0,1265.0,0.00,0.00,0.00,0,14.03
7347,417,800.0,1007.2,-0.01,-0.12,0.12,0,6.30
7347,421,761.3,1264.6,-0.03,-0.01,0.03,0,7.86
7347,419,1051.0,1079.0,0.00,0.00,0.00,0,16.07
7349,417,800.0,1007.2,-0.01,-0.12,0.12,0,9.90
7349,421,761.3,1264.6,-0.03,-0.01,0.03,0,11.45
7349,419,1051.0,1079.0,0.00,0.00,0.00,0,19.85
7350,417,800.0,1007.2,-0.01,-0.12,0.12,0,12.10
7350,421,761.3,1264.6,-0.03,-0.01,0.03,0,13.65
7351,417,800.0,1007.1,-0.01,-0.12,0.12,0,14.44
7351,421,761.3,1264.6,-0.03,-0.01,0.03,0,15.99
7410,422,397.0,692.0,0.00,0.00,0.00,0,12.01
7411,422,397.0,692.0,0.00,0.00,0.00,0,14.04
7412,422,397.0,692.0,0.00,0.00,0.00,0,16.09
7414,422,397.0,692.0,0.00,0.00,0.00,0,19.96
7479,423,415.0,979.0,0.00,0.00,0.00,0,12.01
7480,423,417.6,979.7,0.06,0.02,0.06,0,7.48
7481,423,420.8,981.0,0.27,0.11,0.29,0,6.31
7483,423,420.9,981.1,0.27,0.11,0.29,0,9.98
7484,423,420.9,981.1,0.27,0.11,0.29,0,12.14
7485,423,420.9,981.1,0.27,0.11,0.29,0,14.48
7518,424,936.0,1142.0,0.00,0.00,0.00,0,12.01
7519,424,935.3,1142.7,-0.02,0.02,0.02,0,7.47
7519,425,946.0,1136.0,0.00,0.00,0.00,0,12.01
7520,424,940.4,1140.2,0.29,-0.13,0.32,0,6.31
7520,425,946.0,1136.0,0.00,0.00,0.00,0,14.03
7522,424,940.5,1140.1,0.29,-0.13,0.32,0,9.95
7522,425,946.0,1136.0,0.00,0.00,0.00,0,17.49
7523,424,940.5,1140.1,0.29,-0.13,0.32,0,12.12
7523,425,946.0,1136.0,0.00,0.00,0.00,0,19.64
7524,424,940.5,1140.1,0.29,-0.13,0.32,0,14.47
7560,426,1451.0,1035.0,0.00,0.00,0.00,0,12.01
7561,426,1451.3,1035.3,0.01,0.01,0.01,0,7.47
7562,426,1447.9,1034.7,-0.21,-0.03,0.22,0,6.30
7564,426,1447.8,1034.7,-0.21,-0.03,0.22,0,9.93
7565,426,1447.8,1034.7,-0.21,-0.03,0.22,0,12.13
7566,426,1447.8,1034.7,-0.21,-0.03,0.22,0,14.47
7636,429,1023.0,1342.0,0.00,0.00,0.00,0,12.01
7637,429,1023.3,1342.7,0.01,0.02,0.02,0,7.48
7637,430,1023.0,1334.0,0.00,0.00,0.00,0,12.01
7638,429,1023.0,1339.1,-0.01,-0.22,0.22,0,6.31
7640,429,1023.0,1339.1,-0.01,-0.22,0.22,0,9.95
7641,429,1023.0,1339.1,-0.01,-0.22,0.22,0,12.13
7642,429,1023.0,1339.1,-0.01,-0.22,0.22,0,14.47
7673,431,1039.0,1076.0,0.00,0.00,0.00,0,12.01
7673,432,1050.0,1083.0,0.00,0.00,0.00,0,12.01
7675,433,1029.0,1072.0,0.00,0.00,0.00,0,12.01
7676,433,1029.0,1072.0,0.00,0.00,0.00,0,14.02
7677,433,1029.0,1072.0,0.00,0.00,0.00,0,16.06
7679,433,1029.0,1072.0,0.00,0.00,0.00,0,19.89
7733,434,578.0,1132.0,0.00,0.00,0.00,0,12.01
7733,435,576.0,1145.0,0.00,0.00,0.00,0,12.01
7735,436,574.0,1157.0,0.00,0.00,0.00,0,12.01
7735,437,572.0,1169.0,0.00,0.00,0.00,0,12.01
7736,436,573.7,1160.6,-0.01,0.09,0.09,0,7.47
7736,437,572.0,1169.0,0.00,0.00,0.00,0,14.04
7737,436,573.7,1160.6,-0.01,0.09,0.09,0,9.51
7739,436,573.7,1160.6,-0.01,0.09,0.09,0,13.26
7740,436,573.7,1160.6,-0.01,0.09,0.09,0,15.47
7777,438,1111.0,1263.0,0.00,0.00,0.00,0,12.01
7778,438,1109.0,1263.7,-0.05,0.02,0.05,0,7.47
7779,438,1109.0,1263.7,-0.05,0.02,0.05,0,9.51
7781,438,1109.0,1263.7,-0.05,0.02,0.05,0,13.27
7782,438,1109.0,1263.7,-0.05,0.02,0.05,0,15.45
7822,439,1033.0,1247.0,0.00,0.00,0.00,0,12.01
7823,439,1033.7,1247.3,0.02,0.01,0.02,0,7.47
7823,440,893.0,1275.0,0.00,0.00,0.00,0,12.01
7824,439,1033.7,1247.3,0.02,0.01,0.02,0,9.52
7826,439,1033.7,1247.3,0.02,0.01,0.02,0,13.30
7827,439,1033.7,1247.3,0.02,0.01,0.02,0,15.47
7860,442,721.0,1302.0,0.00,0.00,0.00,0,12.01
7861,442,721.0,1302.0,0.00,0.00,0.00,0,14.04
7862,442,721.0,1302.0,0.00,0.00,0.00,0,16.09
7864,442,721.0,1302.0,0.00,0.00,0.00,0,19.96
7897,443,522.0,407.0,0.00,0.00,0.00,0,12.01
7897,444,411.0,1014.0,0.00,0.00,0.00,0,12.01
7898,443,522.0,407.0,0.00,0.00,0.00,0,14.07
7898,444,411.0,1014.0,0.00,0.00,0.00,0,14.07
7899,443,522.0,407.0,0.00,0.00,0.00,0,16.12
7899,444,411.0,1014.0,0.00,0.00,0.00,0,16.12
7901,443,522.0,407.0,0.00,0.00,0.00,0,20.06
7901,444,411.0,1014.0,0.00,0.00,0.00,0,20.06
7934,445,686.0,1004.0,0.00,0.00,0.00,0,12.01
7934,446,685.0,1012.0,0.00,0.00,0.00,0,12.01
7934,447,1182.0,1127.0,0.00,0.00,0.00,0,12.01
7934,448,1171.0,1132.0,0.00,0.00,0.00,0,12.01
7936,450,761.0,1003.0,0.00,0.00,0.00,0,12.01
7936,451,1161.0,1137.0,0.00,0.00,0.00,0,12.01
7936,452,1150.0,1142.0,0.00,0.00,0.00,0,12.01
7937,450,761.0,1003.0,0.00,0.00,0.00,0,14.04
7937,451,1157.4,1138.6,-0.09,0.04,0.10,0,7.47
7937,452,1150.0,1142.0,0.00,0.00,0.00,0,14.04
7938,451,1157.4,1138.6,-0.09,0.04,0.10,0,9.51
7938,450,761.0,1003.0,0.00,0.00,0.00,0,16.08
7940,451,1157.4,1138.7,-0.09,0.04,0.10,0,13.31
7940,450,761.0,1003.0,0.00,0.00,0.00,0,19.98
7941,451,1157.4,1138.7,-0.09,0.04,0.10,0,15.44
7973,454,710.0,1123.0,0.00,0.00,0.00,0,12.01
7974,454,710.0,1123.0,0.00,0.00,0.00,0,14.07
7975,454,710.0,1123.0,0.00,0.00,0.00,0,16.12
7975,455,1191.0,1199.0,0.00,0.00,0.00,0,12.01
7977,454,710.0,1123.0,0.00,0.00,0.00,0,20.01
7977,455,1191.0,1199.0,0.00,0.00,0.00,0,15.06
7978,455,1191.0,1199.0,0.00,0.00,0.00,0,17.11
7979,455,1191.0,1199.0,0.00,0.00,0.00,0,19.34
8010,456,766.0,1070.0,0.00,0.00,0.00,0,12.01
8011,456,766.0,1070.0,0.00,0.00,0.00,0,14.09
8012,456,766.0,1070.0,0.00,0.00,0.00,0,16.16
8012,457,626.0,589.0,0.00,0.00,0.00,0,12.01
8014,456,766.0,1070.0,0.00,0.00,0.00,0,20.22
8014,457,626.0,589.0,0.00,0.00,0.00,0,15.11
8015,457,626.0,589.0,0.00,0.00,0.00,0,17.23
8016,457,626.0,589.0,0.00,0.00,0.00,0,19.47
8055,458,1065.0,1167.0,0.00,0.00,0.00,0,12.01
8056,458,1065.0,1167.7,0.00,0.02,0.02,0,7.48
8057,458,1065.0,1165.7,0.00,-0.12,0.12,0,6.31
8059,458,1065.0,1165.7,0.00,-0.12,0.12,0,9.96
8060,458,1065.0,1165.7,0.00,-0.12,0.12,0,12.13
8061,458,1065.0,1165.6,0.00,-0.12,0.12,0,14.48
8092,459,1105.0,1294.0,0.00,0.00,0.00,0,12.01
8093,459,1107.3,1293.0,0.06,-0.02,0.06,0,7.48
8094,459,1108.2,1292.8,0.12,-0.04,0.13,0,6.31
8096,459,1108.3,1292.7,0.12,-0.04,0.13,0,9.98
8097,459,1108.3,1292.7,0.12,-0.04,0.13,0,12.11
8098,459,1108.3,1292.7,0.12,-0.04,0.13,0,14.51
8131,460,1192.0,941.0,0.00,0.00,0.00,0,12.01
8132,460,1192.7,941.0,0.01,0.00,0.01,0,7.46
8132,461,1179.0,944.0,0.00,0.00,0.00,0,12.00
8133,460,1189.4,941.3,-0.14,0.01,0.14,0,6.30
8135,460,1189.4,941.3,-0.14,0.01,0.14,0,9.90
8136,460,1189.4,941.3,-0.14,0.01,0.14,0,12.06
8137,460,1189.4,941.3,-0.14,0.01,0.14,0,14.40
8168,462,407.0,681.0,0.00,0.00,0.00,0,12.01
8169,462,407.7,680.7,0.02,-0.01,0.02,0,7.48
8170,462,409.8,680.2,0.17,-0.04,0.18,0,6.30
8172,462,409.9,680.2,0.17,-0.04,0.18,0,9.97
8173,462,409.9,680.2,0.17,-0.04,0.18,0,12.11
8174,462,409.9,680.2,0.17,-0.04,0.18,0,14.45
8257,463,645.0,1219.0,0.00,0.00,0.00,0,12.01
8258,463,645.0,1219.3,0.00,0.01,0.01,0,7.47
8258,464,646.0,1208.0,0.00,0.00,0.00,0,12.01
8259,463,645.0,1216.7,0.00,-0.16,0.16,0,6.31
8261,463,645.0,1216.6,0.00,-0.16,0.16,0,9.98
8262,463,645.0,1216.6,0.00,-0.16,0.16,0,12.13
8263,463,645.0,1216.6,0.00,-0.16,0.16,0,14.52
8297,465,1064.0,1374.0,0.00,0.00,0.00,0,12.01
8298,465,1066.6,1374.0,0.06,0.00,0.06,0,7.47
8299,465,1066.6,1374.0,0.06,0.00,0.06,0,9.51
8301,465,1066.6,1374.0,0.06,0.00,0.06,0,13.31
8302,465,1066.6,1374.0,0.06,0.00,0.06,0,15.45
8362,466,1180.0,1224.0,0.00,0.00,0.00,0,12.01
8363,466,1181.3,1225.6,0.03,0.04,0.05,0,7.47
8364,466,1181.5,1226.2,0.04,0.08,0.09,0,6.31
8366,466,1181.5,1226.3,0.04,0.08,0.09,0,9.94
8367,466,1181.5,1226.3,0.04,0.08,0.09,0,12.14
8368,466,1181.5,1226.3,0.04,0.08,0.09,0,14.48
8413,467,1148.0,1176.0,0.00,0.00,0.00,0,12.01
8414,467,1148.0,1176.0,0.00,0.00,0.00,0,7.48
8414,468,1159.0,1182.0,0.00,0.00,0.00,0,12.01
8415,467,1150.6,1177.3,0.17,0.09,0.19,0,6.31
8417,467,1150.6,1177.3,0.17,0.09,0.19,0,9.94
8418,467,1150.6,1177.3,0.17,0.09,0.19,0,12.13
8419,467,1150.6,1177.3,0.17,0.09,0.19,0,14.47
8450,469,1320.0,1025.0,0.00,0.00,0.00,0,12.01
8450,470,1166.0,1194.0,0.00,0.00,0.00,0,12.01
8452,471,934.0,852.0,0.00,0.00,0.00,0,12.01
8452,472,1323.0,1018.0,0.00,0.00,0.00,0,12.01
8453,471,934.0,852.0,0.00,0.00,0.00,0,7.47
8453,472,1322.0,1016.7,-0.02,-0.03,0.04,0,7.47
8453,473,936.0,843.0,0.00,0.00,0.00,0,12.01
8454,471,934.5,849.9,0.03,-0.13,0.13,0,6.31
8454,472,1322.3,1016.5,-0.01,-0.04,0.04,0,6.31
8456,471,934.5,849.9,0.03,-0.13,0.13,0,9.93
8456,472,1322.3,1016.5,-0.01,-0.04,0.04,0,9.93
8457,471,934.5,849.9,0.03,-0.13,0.13,0,12.12
8457,472,1322.3,1016.5,-0.01,-0.04,0.04,0,12.12
8458,471,934.5,849.9,0.03,-0.13,0.13,0,14.45
8458,472,1322.3,1016.5,-0.01,-0.04,0.04,0,14.45
8515,475,1031.0,1231.0,0.00,0.00,0.00,0,12.01
8516,475,1031.0,1231.0,0.00,0.00,0.00,0,14.04
8517,475,1031.0,1231.0,0.00,0.00,0.00,0,16.09
8519,475,1031.0,1231.0,0.00,0.00,0.00,0,19.94
8552,476,974.0,1246.0,0.00,0.00,0.00,0,12.01
8553,476,974.0,1246.0,0.00,0.00,0.00,0,14.04
8554,476,974.0,1246.0,0.00,0.00,0.00,0,16.09
8556,476,974.0,1246.0,0.00,0.00,0.00,0,19.95
8600,477,1208.0,1303.0,0.00,0.00,0.00,0,12.01
8601,477,1208.0,1302.3,0.00,-0.02,0.02,0,7.48
8602,477,1208.0,1302.3,0.00,-0.02,0.02,0,9.51
8604,477,1208.0,1302.3,0.00,-0.02,0.02,0,13.24
8605,477,1208.0,1302.3,0.00,-0.02,0.02,0,15.47
8662,478,963.0,1271.0,0.00,0.00,0.00,0,12.01
8663,478,963.0,1271.0,0.00,0.00,0.00,0,14.03
8664,478,963.0,1271.0,0.00,0.00,0.00,0,16.09
8666,478,963.0,1271.0,0.00,0.00,0.00,0,19.95
8721,479,1433.0,1154.0,0.00,0.00,0.00,0,12.01
8722,479,1433.7,1154.0,0.02,0.00,0.02,0,7.48
8722,480,1424.0,1151.0,0.00,0.00,0.00,0,12.01
8723,479,1431.7,1153.5,-0.12,-0.03,0.12,0,6.31
8723,480,1421.7,1150.0,-0.06,-0.03,0.07,0,7.47
8725,479,1431.7,1153.5,-0.12,-0.03,0.12,0,9.95
8725,480,1421.7,1150.0,-0.06,-0.03,0.07,0,10.85
8726,479,1431.7,1153.5,-0.12,-0.03,0.12,0,12.13
8726,480,1421.7,1150.0,-0.06,-0.03,0.07,0,13.00
8727,479,1431.6,1153.5,-0.12,-0.03,0.12,0,14.47
8727,480,1421.7,1150.0,-0.06,-0.03,0.07,0,15.30
8767,481,1092.0,1098.0,0.00,0.00,0.00,0,12.01
8768,481,1091.7,1098.0,-0.01,0.00,0.01,0,7.47
8768,482,1096.0,1093.0,0.00,0.00,0.00,0,12.01
8769,481,1093.3,1096.2,0.10,-0.12,0.15,0,6.31
8771,481,1093.3,1096.2,0.10,-0.12,0.15,0,9.99
8772,481,1093.3,1096.2,0.10,-0.12,0.15,0,12.14
8773,481,1093.3,1096.2,0.10,-0.12,0.15,0,14.54
8811,483,1181.0,1211.0,0.00,0.00,0.00,0,12.01
8812,483,1184.3,1210.3,0.08,-0.02,0.08,0,7.48
8813,483,1185.8,1210.3,0.18,-0.02,0.18,0,6.31
8813,484,1201.0,1208.0,0.00,0.00,0.00,0,12.01
8815,483,1185.8,1210.2,0.18,-0.02,0.18,0,10.00
8815,484,1201.0,1208.0,0.00,0.00,0.00,0,15.15
8816,483,1185.8,1210.2,0.18,-0.02,0.18,0,12.13
8816,484,1201.0,1208.0,0.00,0.00,0.00,0,17.24
8817,483,1185.8,1210.2,0.18,-0.02,0.18,0,14.48
8817,484,1201.0,1208.0,0.00,0.00,0.00,0,19.49
8917,485,893.0,1184.0,0.00,0.00,0.00,0,12.01
8918,485,895.9,1184.7,0.07,0.02,0.08,0,7.47
8919,485,896.0,1184.7,0.07,0.02,0.08,0,9.52
8921,485,896.0,1184.7,0.07,0.02,0.08,0,13.30
8922,485,896.0,1184.7,0.07,0.02,0.08,0,15.47
8954,486,1321.0,611.0,0.00,0.00,0.00,0,12.01
8954,487,1321.0,617.0,0.00,0.00,0.00,0,12.01
8959,490,1317.0,612.0,0.00,0.00,0.00,0,12.01
8960,490,1316.7,612.7,-0.01,0.02,0.02,0,7.47
8960,491,1311.0,618.0,0.00,0.00,0.00,0,12.01
8961,490,1313.7,615.1,-0.20,0.17,0.27,0,6.31
8963,490,1313.6,615.1,-0.20,0.17,0.27,0,10.01
8964,490,1313.6,615.1,-0.20,0.17,0.27,0,12.13
8965,490,1313.6,615.1,-0.20,0.17,0.27,0,14.48
8996,492,1298.0,1011.0,0.00,0.00,0.00,0,12.01
8996,493,1300.0,1024.0,0.00,0.00,0.00,0,12.01
8996,494,1026.0,1286.0,0.00,0.00,0.00,0,12.01
8998,496,1302.0,1037.0,0.00,0.00,0.00,0,12.01
8998,497,1010.0,1258.0,0.00,0.00,0.00,0,12.01
8998,498,1018.0,1272.0,0.00,0.00,0.00,0,12.01
8999,496,1302.0,1037.0,0.00,0.00,0.00,0,14.02
8999,497,1010.3,1258.3,0.01,0.01,0.01,0,7.46
8999,498,1014.1,1263.5,-0.08,-0.17,0.19,0,7.46
9000,497,1009.2,1255.7,-0.04,-0.10,0.10,0,6.29
9000,496,1302.0,1037.0,0.00,0.00,0.00,0,16.04
9002,497,1009.2,1255.7,-0.04,-0.10,0.10,0,9.82
9002,496,1302.0,1037.0,0.00,0.00,0.00,0,19.72
9003,497,1009.2,1255.6,-0.04,-0.10,0.10,0,12.01
9004,497,1009.2,1255.6,-0.04,-0.10,0.10,0,14.36
9057,500,1196.0,1317.0,0.00,0.00,0.00,0,12.01
9058,500,1193.7,1317.3,-0.05,0.01,0.05,0,7.48
9059,500,1191.2,1317.8,-0.22,0.04,0.22,0,6.31
9061,500,1191.1,1317.8,-0.22,0.04,0.22,0,9.95
9062,500,1191.1,1317.8,-0.22,0.04,0.22,0,12.14
9063,500,1191.1,1317.8,-0.22,0.04,0.22,0,14.48
9097,503,940.0,438.0,0.00,0.00,0.00,0,12.00
9097,504,1445.0,865.0,0.00,0.00,0.00,0,12.00
9097,505,1447.0,871.0,0.00,0.00,0.00,0,12.00
9098,503,940.0,438.0,0.00,0.00,0.00,0,14.02
9098,504,1444.3,864.3,-0.01,-0.01,0.01,0,7.47
9098,505,1447.0,871.0,0.00,0.00,0.00,0,14.02
9099,503,937.9,442.6,-0.07,0.16,0.17,0,7.86
9099,504,1443.5,863.5,-0.05,-0.05,0.08,0,6.30
9101,503,937.9,442.6,-0.07,0.16,0.17,0,11.50
9101,504,1443.5,863.5,-0.05,-0.05,0.08,0,9.96
9102,503,937.9,442.6,-0.07,0.16,0.17,0,13.64
9102,504,1443.5,863.5,-0.05,-0.05,0.08,0,12.10
9103,503,937.9,442.6,-0.07,0.16,0.17,0,16.04
9103,504,1443.5,863.5,-0.05,-0.05,0.08,0,14.49
9134,507,1434.0,556.0,0.00,0.00,0.00,0,12.01
9134,508,1433.0,569.0,0.00,0.00,0.00,0,12.01
9134,509,1153.0,1026.0,0.00,0.00,0.00,0,12.01
9136,510,1440.0,535.0,0.00,0.00,0.00,0,12.01
9136,511,1437.0,546.0,0.00,0.00,0.00,0,12.01
9136,512,1148.0,1030.0,0.00,0.00,0.00,0,12.01
9137,510,1440.0,535.0,0.00,0.00,0.00,0,14.02
9137,511,1437.0,546.0,0.00,0.00,0.00,0,14.02
9137,512,1148.0,1030.0,0.00,0.00,0.00,0,14.02
9138,512,1146.9,1030.4,-0.03,0.01,0.04,0,7.85
9138,510,1440.0,535.0,0.00,0.00,0.00,0,16.04
9140,512,1146.9,1030.4,-0.03,0.01,0.04,0,11.34
9140,510,1440.0,535.0,0.00,0.00,0.00,0,19.68
9141,512,1146.9,1030.4,-0.03,0.01,0.04,0,13.56
9142,512,1146.9,1030.4,-0.03,0.01,0.04,0,15.89
9205,513,904.0,1303.0,0.00,0.00,0.00,0,12.01
9206,513,904.0,1303.0,0.00,0.00,0.00,0,14.04
9207,513,904.0,1303.0,0.00,0.00,0.00,0,16.09
9209,513,904.0,1303.0,0.00,0.00,0.00,0,19.95
9243,514,655.0,1292.0,0.00,0.00,0.00,0,12.03
9244,514,655.0,1292.0,0.00,0.00,0.00,0,14.06
9245,514,655.0,1292.0,0.00,0.00,0.00,0,16.09
9247,514,655.0,1292.0,0.00,0.00,0.00,0,19.88
9308,515,505.0,353.0,0.00,0.00,0.00,0,12.01
9309,515,504.0,353.0,-0.02,0.00,0.02,0,7.47
9310,515,504.0,353.0,-0.02,0.00,0.02,0,9.52
9312,515,504.0,353.0,-0.02,0.00,0.02,0,13.32
9313,515,504.0,353.0,-0.02,0.00,0.02,0,15.48
9360,516,740.0,1318.0,0.00,0.00,0.00,0,12.01
9361,516,740.0,1318.0,0.00,0.00,0.00,0,14.04
9362,516,740.0,1318.0,0.00,0.00,0.00,0,16.09
9362,517,1104.0,400.0,0.00,0.00,0.00,0,12.01
9364,516,740.0,1318.0,0.00,0.00,0.00,0,19.97
9364,517,1104.0,400.0,0.00,0.00,0.00,0,15.14
9365,517,1104.0,400.0,0.00,0.00,0.00,0,17.25
9366,517,1104.0,400.0,0.00,0.00,0.00,0,19.54
9397,518,1148.0,1019.0,0.00,0.00,0.00,0,12.01
9398,518,1148.0,1019.0,0.00,0.00,0.00,0,14.04
9399,518,1148.0,1019.0,0.00,0.00,0.00,0,16.09
9401,518,1148.0,1019.0,0.00,0.00,0.00,0,20.00
9473,519,1064.0,476.0,0.00,0.00,0.00,0,12.01
9474,519,1063.3,476.0,-0.02,0.00,0.02,0,7.48
9475,519,1063.3,476.0,-0.02,0.00,0.02,0,9.52
9477,519,1063.3,476.0,-0.02,0.00,0.02,0,13.35
9478,519,1063.3,476.0,-0.02,0.00,0.02,0,15.46
9525,520,1106.0,796.0,0.00,0.00,0.00,0,12.01
9526,520,1106.0,796.0,0.00,0.00,0.00,0,14.04
9527,520,1106.0,796.0,0.00,0.00,0.00,0,16.09
9529,520,1106.0,796.0,0.00,0.00,0.00,0,19.98
9567,521,1183.0,873.0,0.00,0.00,0.00,0,12.01
9568,521,1183.7,875.9,0.02,0.07,0.08,0,7.48
9569,521,1184.5,880.1,0.07,0.35,0.36,0,6.31
9571,521,1184.5,880.2,0.07,0.35,0.36,0,9.98
9572,521,1184.5,880.2,0.07,0.35,0.36,0,12.14
9573,521,1184.5,880.2,0.07,0.35,0.36,0,14.48
9648,522,1417.0,839.0,0.00,0.00,0.00,0,12.01
9649,522,1417.0,838.7,0.00,-0.01,0.01,0,7.48
9649,523,1414.0,847.0,0.00,0.00,0.00,0,12.01
9650,522,1417.0,838.7,0.00,-0.01,0.01,0,9.52
9650,523,1414.0,847.0,0.00,0.00,0.00,0,14.04
9652,522,1417.0,838.7,0.00,-0.01,0.01,0,13.27
9652,523,1414.0,847.0,0.00,0.00,0.00,0,17.49
9653,522,1417.0,838.7,0.00,-0.01,0.01,0,15.47
9653,523,1414.0,847.0,0.00,0.00,0.00,0,19.66
9687,524,1408.0,911.0,0.00,0.00,0.00,0,12.01
9688,524,1408.3,910.7,0.01,-0.01,0.01,0,7.47
9689,524,1409.0,909.7,0.05,-0.07,0.08,0,6.30
9691,524,1409.0,909.7,0.05,-0.07,0.08,0,9.93
9692,524,1409.0,909.7,0.05,-0.07,0.08,0,12.12
9693,524,1409.0,909.7,0.05,-0.07,0.08,0,14.47
9729,525,1022.0,955.0,0.00,0.00,0.00,0,12.01
9730,525,1022.0,955.0,0.00,0.00,0.00,0,7.47
9731,525,1022.0,955.0,0.00,0.00,0.00,0,9.52
9733,525,1022.0,955.0,0.00,0.00,0.00,0,13.28
9734,525,1022.0,955.0,0.00,0.00,0.00,0,15.46
9850,526,775.0,673.0,0.00,0.00,0.00,0,12.01
9851,526,775.0,673.0,0.00,0.00,0.00,0,14.04
9852,526,773.6,665.6,-0.06,-0.34,0.35,0,7.87
9854,526,773.6,665.5,-0.06,-0.34,0.35,0,11.51
9855,526,773.6,665.5,-0.06,-0.34,0.35,0,13.68
9856,526,773.6,665.5,-0.06,-0.34,0.35,0,16.08
9893,527,650.0,1164.0,0.00,0.00,0.00,0,12.01
9895,529,652.0,1176.0,0.00,0.00,0.00,0,12.01
9896,529,652.0,1176.0,0.00,0.00,0.00,0,14.04
9897,529,652.0,1176.0,0.00,0.00,0.00,0,16.09
9899,529,652.0,1176.0,0.00,0.00,0.00,0,19.97
9933,530,1181.0,573.0,0.00,0.00,0.00,0,12.01
9934,530,1181.0,573.0,0.00,0.00,0.00,0,14.04
9935,530,1181.0,573.0,0.00,0.00,0.00,0,16.09
9937,530,1181.0,573.0,0.00,0.00,0.00,0,19.99
9981,531,511.0,697.0,0.00,0.00,0.00,0,12.01
9982,531,511.0,697.0,0.00,0.00,0.00,0,14.04
9983,531,516.3,701.9,0.24,0.22,0.33,0,7.87
9983,532,626.0,364.0,0.00,0.00,0.00,0,12.01
9985,531,516.3,702.0,0.24,0.22,0.33,0,11.54
9985,532,626.0,364.0,0.00,0.00,0.00,0,15.14
9986,531,516.3,702.0,0.24,0.22,0.33,0,13.69
9986,532,626.0,364.0,0.00,0.00,0.00,0,17.25
9987,531,516.3,702.0,0.24,0.22,0.33,0,16.03
9987,532,626.0,364.0,0.00,0.00,0.00,0,19.49
10031,533,627.0,1148.0,0.00,0.00,0.00,0,12.01
10033,535,1531.0,654.0,0.00,0.00,0.00,0,12.01
10033,536,637.0,1159.0,0.00,0.00,0.00,0,12.01
10034,535,1533.0,652.7,0.05,-0.03,0.06,0,7.48
10034,536,637.0,1159.0,0.00,0.00,0.00,0,14.04
10034,537,1542.0,646.0,0.00,0.00,0.00,0,12.01
10035,535,1535.0,651.2,0.19,-0.13,0.23,0,6.31
10035,536,637.0,1159.0,0.00,0.00,0.00,0,16.09
10037,535,1535.1,651.2,0.19,-0.13,0.23,0,9.97
10037,536,637.0,1159.0,0.00,0.00,0.00,0,19.98
10038,535,1535.1,651.2,0.19,-0.13,0.23,0,12.13
10039,535,1535.1,651.2,0.19,-0.13,0.23,0,14.47
10088,538,401.0,672.0,0.00,0.00,0.00,0,12.01
10090,540,390.0,658.0,0.00,0.00,0.00,0,12.01
10090,541,396.0,668.0,0.00,0.00,0.00,0,12.01
10091,540,390.3,658.3,0.01,0.01,0.01,0,7.48
10091,541,396.0,668.0,0.00,0.00,0.00,0,14.04
10092,540,390.3,658.3,0.01,0.01,0.01,0,9.52
10094,540,390.3,658.3,0.01,0.01,0.01,0,13.32
10095,540,390.3,658.3,0.01,0.01,0.01,0,15.46
10129,542,1052.0,1370.0,0.00,0.00,0.00,0,12.01
10130,542,1052.0,1370.0,0.00,0.00,0.00,0,14.03
10131,542,1052.0,1370.0,0.00,0.00,0.00,0,16.08
10133,542,1052.0,1370.0,0.00,0.00,0.00,0,19.93
10167,543,736.0,1258.0,0.00,0.00,0.00,0,12.04
10168,543,736.0,1258.0,0.00,0.00,0.00,0,14.08
10169,543,736.0,1258.0,0.00,0.00,0.00,0,16.15
10171,543,736.0,1258.0,0.00,0.00,0.00,0,20.17
10207,544,350.0,885.0,0.00,0.00,0.00,0,12.01
10208,544,350.0,885.3,0.00,0.01,0.01,0,7.48
10208,545,350.0,877.0,0.00,0.00,0.00,0,12.01
10209,544,350.0,883.7,0.00,-0.10,0.10,0,6.31
10211,544,350.0,883.7,0.00,-0.10,0.10,0,9.96
10212,544,350.0,883.7,0.00,-0.10,0.10,0,12.13
10213,544,350.0,883.7,0.00,-0.10,0.10,0,14.52
10244,546,1338.0,940.0,0.00,0.00,0.00,0,12.01
10244,547,1346.0,946.0,0.00,0.00,0.00,0,12.01
10246,548,1348.0,950.0,0.00,0.00,0.00,0,12.01
10246,549,1355.0,959.0,0.00,0.00,0.00,0,12.01
10247,548,1349.6,952.3,0.04,0.06,0.07,0,7.47
10247,549,1356.6,961.3,0.04,0.06,0.07,0,7.47
10248,548,1351.8,955.3,0.18,0.25,0.31,0,6.30
10250,548,1351.8,955.4,0.18,0.25,0.31,0,9.97
10251,548,1351.8,955.4,0.18,0.25,0.31,0,12.10
10252,548,1351.8,955.4,0.18,0.25,0.31,0,14.45
10288,550,660.0,1198.0,0.00,0.00,0.00,0,12.01
10289,550,660.0,1198.0,0.00,0.00,0.00,0,14.04
10290,550,660.0,1198.0,0.00,0.00,0.00,0,16.09
10292,550,660.0,1198.0,0.00,0.00,0.00,0,19.98
10364,551,763.0,1243.0,0.00,0.00,0.00,0,12.01
10365,551,763.0,1243.0,0.00,0.00,0.00,0,14.04
10366,551,763.0,1243.0,0.00,0.00,0.00,0,16.09
10368,551,763.0,1243.0,0.00,0.00,0.00,0,19.95
10401,552,818.0,1026.0,0.00,0.00,0.00,0,12.01
10402,552,813.1,1017.5,-0.12,-0.21,0.25,0,7.48
10403,552,810.5,1013.0,-0.31,-0.54,0.62,0,6.31
10405,552,810.4,1012.8,-0.31,-0.54,0.62,0,9.94
10406,552,810.4,1012.8,-0.31,-0.54,0.62,0,12.11
10407,552,810.4,1012.8,-0.31,-0.54,0.62,0,14.50
10438,553,517.0,1000.0,0.00,0.00,0.00,0,12.01
10438,554,524.0,999.0,0.00,0.00,0.00,0,12.01
10439,553,517.3,1000.0,0.01,0.00,0.01,0,7.53
10439,554,519.1,1000.3,-0.12,0.03,0.13,0,7.53
10439,555,1216.0,1074.0,0.00,0.00,0.00,0,12.05
10439,556,1217.0,1094.0,0.00,0.00,0.00,0,12.05
10440,553,514.7,1001.0,-0.33,0.13,0.36,0,6.33
10442,553,514.6,1001.1,-0.33,0.13,0.36,0,10.06
10443,553,514.6,1001.1,-0.33,0.13,0.36,0,12.22
10444,553,514.5,1001.1,-0.33,0.13,0.36,0,14.62
10484,557,929.0,1353.0,0.00,0.00,0.00,0,12.01
10486,559,924.0,1334.0,0.00,0.00,0.00,0,12.01
10486,560,928.0,1344.0,0.00,0.00,0.00,0,12.01
10487,559,924.3,1334.3,0.01,0.01,0.01,0,7.47
10487,560,925.7,1338.4,-0.06,-0.14,0.15,0,7.47
10488,559,923.7,1333.0,-0.03,-0.08,0.09,0,6.31
10490,559,923.7,1332.9,-0.03,-0.08,0.09,0,9.96
10491,559,923.7,1332.9,-0.03,-0.08,0.09,0,12.13
10492,559,923.7,1332.9,-0.03,-0.08,0.09,0,14.47
10567,561,1352.0,700.0,0.00,0.00,0.00,0,12.01
10568,561,1352.0,700.0,0.00,0.00,0.00,0,14.04
10569,561,1352.0,700.0,0.00,0.00,0.00,0,16.08
10571,561,1352.0,700.0,0.00,0.00,0.00,0,19.94
10626,562,1099.0,1197.0,0.00,0.00,0.00,0,12.01
10627,562,1099.0,1197.0,0.00,0.00,0.00,0,14.04
10628,562,1099.0,1197.0,0.00,0.00,0.00,0,16.09
10630,562,1099.0,1197.0,0.00,0.00,0.00,0,19.95
10663,563,1154.0,1106.0,0.00,0.00,0.00,0,12.01
10664,563,1153.7,1106.0,-0.01,0.00,0.01,0,7.48
10664,564,1164.0,1112.0,0.00,0.00,0.00,0,12.01
10665,563,1156.3,1107.5,0.18,0.11,0.21,0,6.31
10667,563,1156.4,1107.6,0.18,0.11,0.21,0,9.98
10668,563,1156.4,1107.6,0.18,0.11,0.21,0,12.11
10669,563,1156.4,1107.6,0.18,0.11,0.21,0,14.50
10730,565,1127.0,1204.0,0.00,0.00,0.00,0,12.01
10731,565,1127.0,1204.0,0.00,0.00,0.00,0,14.04
10732,565,1127.0,1204.0,0.00,0.00,0.00,0,16.09
10734,565,1127.0,1204.0,0.00,0.00,0.00,0,19.95
10852,566,1227.0,1302.0,0.00,0.00,0.00,0,12.01
10853,566,1227.0,1302.0,0.00,0.00,0.00,0,14.04
10854,566,1227.0,1302.0,0.00,0.00,0.00,0,16.09
10856,566,1227.0,1302.0,0.00,0.00,0.00,0,19.94
10891,567,336.0,897.0,0.00,0.00,0.00,0,12.01
10892,567,336.0,897.0,0.00,0.00,0.00,0,14.03
10893,567,336.0,897.0,0.00,0.00,0.00,0,16.09
10895,567,336.0,897.0,0.00,0.00,0.00,0,19.99
10930,570,1039.0,1075.0,0.00,0.00,0.00,0,12.01
10930,571,1029.0,1085.0,0.00,0.00,0.00,0,12.01
10931,570,1036.1,1077.9,-0.06,0.06,0.09,0,7.46
10931,571,1029.0,1085.0,0.00,0.00,0.00,0,14.02
10932,570,1032.7,1081.6,-0.22,0.23,0.32,0,6.29
10934,570,1032.6,1081.6,-0.22,0.23,0.32,0,9.72
10935,570,1032.6,1081.6,-0.22,0.23,0.32,0,11.95
10936,570,1032.6,1081.6,-0.22,0.23,0.32,0,14.28
10967,572,1452.0,763.0,0.00,0.00,0.00,0,12.01
10967,573,1458.0,763.0,0.00,0.00,0.00,0,12.01
10969,574,1436.0,762.0,0.00,0.00,0.00,0,12.01
10969,575,1444.0,763.0,0.00,0.00,0.00,0,12.01
10970,574,1436.3,762.3,0.01,0.01,0.01,0,7.47
10970,575,1439.1,762.3,-0.12,-0.02,0.12,0,7.47
10971,574,1434.2,761.7,-0.12,-0.03,0.13,0,6.31
10973,574,1434.2,761.7,-0.12,-0.03,0.13,0,9.97
10974,574,1434.2,761.7,-0.12,-0.03,0.13,0,12.14
10975,574,1434.1,761.7,-0.12,-0.03,0.13,0,14.47
11024,576,1116.0,1173.0,0.00,0.00,0.00,0,12.01
11025,576,1113.4,1170.7,-0.07,-0.06,0.09,0,7.47
11026,576,1112.8,1169.8,-0.11,-0.12,0.16,0,6.31
11026,577,1100.0,1164.0,0.00,0.00,0.00,0,12.01
11028,576,1112.7,1169.7,-0.11,-0.12,0.16,0,9.98
11028,577,1100.0,1164.0,0.00,0.00,0.00,0,15.14
11029,576,1112.7,1169.7,-0.11,-0.12,0.16,0,12.13
11029,577,1100.0,1164.0,0.00,0.00,0.00,0,17.25
11030,576,1112.7,1169.7,-0.11,-0.12,0.16,0,14.47
11030,577,1100.0,1164.0,0.00,0.00,0.00,0,19.49
11062,578,1077.0,1321.0,0.00,0.00,0.00,0,12.04
11062,579,1093.0,1330.0,0.00,0.00,0.00,0,12.04
11063,578,1072.7,1319.0,-0.22,-0.10,0.24,0,7.49
11063,579,1093.0,1330.0,0.00,0.00,0.00,0,14.08
11064,578,1070.7,1318.0,-0.38,-0.19,0.43,0,6.31
11064,579,1093.0,1330.0,0.00,0.00,0.00,0,16.15
11066,578,1070.6,1317.9,-0.38,-0.19,0.43,0,9.96
11066,579,1093.0,1330.0,0.00,0.00,0.00,0,20.13
11067,578,1070.6,1317.9,-0.38,-0.19,0.43,0,12.17
11068,578,1070.6,1317.9,-0.38,-0.19,0.43,0,14.59
11100,580,1396.0,1024.0,0.00,0.00,0.00,0,12.01
11101,580,1398.3,1024.3,0.06,0.01,0.06,0,7.47
11102,580,1399.0,1024.2,0.11,0.00,0.11,0,6.31
11102,581,1411.0,1027.0,0.00,0.00,0.00,0,12.01
11104,580,1399.0,1024.2,0.11,0.00,0.11,0,9.98
11104,581,1411.0,1027.0,0.00,0.00,0.00,0,15.14
11105,580,1399.0,1024.2,0.11,0.00,0.11,0,12.12
11105,581,1411.0,1027.0,0.00,0.00,0.00,0,17.24
11106,580,1399.0,1024.2,0.11,0.00,0.11,0,14.47
11106,581,1411.0,1027.0,0.00,0.00,0.00,0,19.49
11146,584,754.0,1273.0,0.00,0.00,0.00,0,12.01
11146,585,765.0,1273.0,0.00,0.00,0.00,0,12.01
11147,584,757.3,1273.0,0.09,0.00,0.09,0,7.47
11147,585,767.3,1274.3,0.06,0.04,0.07,0,7.47
11148,584,760.8,1273.8,0.32,0.05,0.32,0,6.30
11150,584,760.9,1273.8,0.32,0.05,0.32,0,9.95
11151,584,760.9,1273.8,0.32,0.05,0.32,0,12.12
11152,584,760.9,1273.8,0.32,0.05,0.32,0,14.53
11183,586,892.0,1075.0,0.00,0.00,0.00,0,12.01
11183,587,905.0,1082.0,0.00,0.00,0.00,0,12.01
11185,588,927.0,1092.0,0.00,0.00,0.00,0,12.01
11185,589,940.0,1098.0,0.00,0.00,0.00,0,12.01
11186,588,930.6,1094.0,0.08,0.04,0.09,0,7.47
11186,589,944.3,1099.6,0.10,0.04,0.10,0,7.47
11187,588,936.1,1096.0,0.44,0.18,0.47,0,6.31
11189,588,936.2,1096.1,0.44,0.18,0.47,0,9.93
11190,588,936.2,1096.1,0.44,0.18,0.47,0,12.13
11191,588,936.2,1096.1,0.44,0.18,0.47,0,14.48
11223,590,911.0,1207.0,0.00,0.00,0.00,0,12.04
11224,590,911.0,1207.0,0.00,0.00,0.00,0,7.49
11225,590,911.0,1207.0,0.00,0.00,0.00,0,9.53
11227,590,911.0,1207.0,0.00,0.00,0.00,0,13.36
11228,590,911.0,1207.0,0.00,0.00,0.00,0,15.52
11269,591,768.0,487.0,0.00,0.00,0.00,0,12.01
11270,591,770.0,488.3,0.05,0.03,0.06,0,7.48
11271,591,770.7,489.0,0.10,0.08,0.13,0,6.31
11273,591,770.8,489.0,0.10,0.08,0.13,0,9.95
11274,591,770.8,489.0,0.10,0.08,0.13,0,12.13
11275,591,770.8,489.0,0.10,0.08,0.13,0,14.53
11385,592,1025.0,1167.0,0.00,0.00,0.00,0,12.01
11386,592,1024.3,1167.0,-0.02,0.00,0.02,0,7.48
11386,593,1035.0,1165.0,0.00,0.00,0.00,0,12.01
11387,592,1026.6,1166.7,0.13,-0.02,0.13,0,6.31
11387,593,1037.6,1164.3,0.07,-0.02,0.07,0,7.48
11389,592,1026.6,1166.7,0.13,-0.02,0.13,0,9.98
11389,593,1037.6,1164.3,0.07,-0.02,0.07,0,10.87
11390,592,1026.6,1166.7,0.13,-0.02,0.13,0,12.13
11390,593,1037.6,1164.3,0.07,-0.02,0.07,0,13.00
11391,592,1026.6,1166.7,0.13,-0.02,0.13,0,14.48
11391,593,1037.6,1164.3,0.07,-0.02,0.07,0,15.29
11444,594,1524.0,637.0,0.00,0.00,0.00,0,12.01
11446,596,1528.0,645.0,0.00,0.00,0.00,0,12.01
11447,596,1528.0,645.0,0.00,0.00,0.00,0,14.04
11448,596,1528.0,645.0,0.00,0.00,0.00,0,16.09
11450,596,1528.0,645.0,0.00,0.00,0.00,0,19.99
11494,597,1111.0,350.0,0.00,0.00,0.00,0,12.01
11495,597,1111.0,350.0,0.00,0.00,0.00,0,14.04
11496,597,1111.0,350.0,0.00,0.00,0.00,0,16.09
11498,597,1111.0,350.0,0.00,0.00,0.00,0,19.96
11531,598,927.0,1218.0,0.00,0.00,0.00,0,12.01
11532,598,927.0,1218.0,0.00,0.00,0.00,0,14.04
11533,598,927.0,1218.0,0.00,0.00,0.00,0,16.09
11535,598,927.0,1218.0,0.00,0.00,0.00,0,20.01
11568,599,1119.0,990.0,0.00,0.00,0.00,0,12.01
11569,599,1119.0,990.0,0.00,0.00,0.00,0,14.04
11569,600,974.0,1202.0,0.00,0.00,0.00,0,12.01
11570,599,1119.0,990.0,0.00,0.00,0.00,0,16.09
11570,600,974.7,1202.0,0.02,0.00,0.02,0,7.47
11570,601,963.0,1207.0,0.00,0.00,0.00,0,12.01
11572,599,1119.0,990.0,0.00,0.00,0.00,0,19.96
11572,600,974.7,1202.0,0.02,0.00,0.02,0,10.85
11572,601,963.0,1207.0,0.00,0.00,0.00,0,15.11
11573,600,974.7,1202.0,0.02,0.00,0.02,0,12.98
11573,601,963.0,1207.0,0.00,0.00,0.00,0,17.22
11574,600,974.7,1202.0,0.02,0.00,0.02,0,15.27
11574,601,963.0,1207.0,0.00,0.00,0.00,0,19.46
11614,602,1071.0,1089.0,0.00,0.00,0.00,0,12.01
11615,602,1071.0,1089.0,0.00,0.00,0.00,0,7.47
11615,603,1070.0,1082.0,0.00,0.00,0.00,0,12.01
11616,602,1071.0,1089.0,0.00,0.00,0.00,0,9.51
11618,602,1071.0,1089.0,0.00,0.00,0.00,0,13.25
11619,602,1071.0,1089.0,0.00,0.00,0.00,0,15.46
11651,604,1213.0,908.0,0.00,0.00,0.00,0,12.01
11652,604,1213.0,908.0,0.00,0.00,0.00,0,14.04
11653,604,1206.3,902.4,-0.33,-0.28,0.43,0,7.87
11655,604,1206.2,902.3,-0.33,-0.28,0.43,0,11.53
11656,604,1206.2,902.3,-0.33,-0.28,0.43,0,13.66
11657,604,1206.2,902.3,-0.33,-0.28,0.43,0,16.01
11689,608,461.0,625.0,0.00,0.00,0.00,0,12.01
11689,609,465.0,632.0,0.00,0.00,0.00,0,12.01
11689,610,1064.0,1249.0,0.00,0.00,0.00,0,12.01
11689,611,1062.0,1256.0,0.00,0.00,0.00,0,12.01
11690,608,461.3,625.7,0.01,0.02,0.02,0,7.47
11690,609,462.4,628.4,-0.07,-0.10,0.12,0,7.47
11690,610,1063.3,1251.0,-0.02,0.05,0.06,0,7.47
11690,611,1061.7,1258.6,-0.01,0.07,0.07,0,7.47
11691,608,459.7,624.2,-0.09,-0.07,0.12,0,6.30
11691,610,1062.5,1254.1,-0.07,0.25,0.26,0,6.30
11693,608,459.7,624.2,-0.09,-0.07,0.12,0,9.98
11693,610,1062.5,1254.1,-0.07,0.25,0.26,0,9.98
11694,608,459.7,624.2,-0.09,-0.07,0.12,0,12.12
11694,610,1062.5,1254.1,-0.07,0.25,0.26,0,12.12
11695,608,459.7,624.2,-0.09,-0.07,0.12,0,14.54
11695,610,1062.5,1254.1,-0.07,0.25,0.26,0,14.54
11749,612,1075.0,1208.0,0.00,0.00,0.00,0,12.01
11750,612,1075.0,1208.0,0.00,0.00,0.00,0,14.04
11751,612,1075.0,1208.0,0.00,0.00,0.00,0,16.09
11753,612,1075.0,1208.0,0.00,0.00,0.00,0,19.97
11786,613,833.0,1154.0,0.00,0.00,0.00,0,12.01
11788,616,972.0,1243.0,0.00,0.00,0.00,0,12.01
11789,616,972.7,1243.7,0.02,0.02,0.02,0,7.47
11789,617,975.0,1252.0,0.00,0.00,0.00,0,12.01
11789,618,868.0,1296.0,0.00,0.00,0.00,0,12.01
11790,616,973.3,1245.5,0.05,0.14,0.15,0,6.31
11792,616,973.3,1245.6,0.05,0.14,0.15,0,9.94
11793,616,973.3,1245.6,0.05,0.14,0.15,0,12.12
11794,616,973.3,1245.6,0.05,0.14,0.15,0,14.49
11871,619,951.0,779.0,0.00,0.00,0.00,0,12.01
11872,619,951.0,779.0,0.00,0.00,0.00,0,14.04
11873,619,951.0,779.0,0.00,0.00,0.00,0,16.09
11875,619,951.0,779.0,0.00,0.00,0.00,0,19.98
11940,620,961.0,1284.0,0.00,0.00,0.00,0,12.01
11941,620,961.0,1284.0,0.00,0.00,0.00,0,14.04
11942,620,961.0,1284.0,0.00,0.00,0.00,0,16.09
11944,620,961.0,1284.0,0.00,0.00,0.00,0,19.96
11998,621,1367.0,1124.0,0.00,0.00,0.00,0,12.01
11998,622,1372.0,1133.0,0.00,0.00,0.00,0,12.01
11999,621,1367.0,1124.0,0.00,0.00,0.00,0,7.48
11999,622,1369.1,1127.1,-0.07,-0.14,0.15,0,7.48
12000,621,1366.2,1121.9,-0.05,-0.14,0.15,0,6.31
12002,621,1366.2,1121.9,-0.05,-0.14,0.15,0,9.96
12003,621,1366.2,1121.9,-0.05,-0.14,0.15,0,12.14
12004,621,1366.2,1121.9,-0.05,-0.14,0.15,0,14.48
12036,623,877.0,1250.0,0.00,0.00,0.00,0,12.04
12037,623,877.0,1250.0,0.00,0.00,0.00,0,14.09
12038,623,877.0,1250.0,0.00,0.00,0.00,0,16.15
12040,623,877.0,1250.0,0.00,0.00,0.00,0,20.20
12073,624,569.0,1199.0,0.00,0.00,0.00,0,12.01
12074,624,569.0,1199.0,0.00,0.00,0.00,0,14.09
12075,624,569.0,1199.0,0.00,0.00,0.00,0,16.15
12077,624,569.0,1199.0,0.00,0.00,0.00,0,20.12
12119,625,1410.0,1177.0,0.00,0.00,0.00,0,12.04
12119,626,959.0,1233.0,0.00,0.00,0.00,0,12.04
12121,628,952.0,1235.0,0.00,0.00,0.00,0,12.01
12122,628,950.7,1235.0,-0.03,0.00,0.03,0,7.47
12123,628,950.7,1235.0,-0.03,0.00,0.03,0,9.52
12125,628,950.7,1235.0,-0.03,0.00,0.03,0,13.29
12126,628,950.7,1235.0,-0.03,0.00,0.03,0,15.46
12198,629,889.0,732.0,0.00,0.00,0.00,0,12.01
12199,629,889.0,732.0,0.00,0.00,0.00,0,14.04
12200,629,889.0,732.0,0.00,0.00,0.00,0,16.09
12202,629,889.0,732.0,0.00,0.00,0.00,0,19.98
12235,630,654.0,1276.0,0.00,0.00,0.00,0,12.01
12236,630,656.6,1276.7,0.07,0.02,0.07,0,7.50
12237,630,656.6,1276.7,0.07,0.02,0.07,0,9.54
12239,630,656.6,1276.7,0.07,0.02,0.07,0,13.39
12240,630,656.6,1276.7,0.07,0.02,0.07,0,15.42
12272,631,702.0,841.0,0.00,0.00,0.00,0,12.01
12275,633,1359.0,706.0,0.00,0.00,0.00,0,12.01
12277,635,1357.0,712.0,0.00,0.00,0.00,0,12.01
12277,636,1353.0,718.0,0.00,0.00,0.00,0,12.01
12277,637,755.0,1202.0,0.00,0.00,0.00,0,12.01
12278,635,1356.0,713.6,-0.02,0.04,0.05,0,7.48
12278,636,1351.0,719.3,-0.05,0.03,0.06,0,7.48
12278,637,754.7,1202.3,-0.01,0.01,0.01,0,7.48
12278,638,768.0,1196.0,0.00,0.00,0.00,0,12.01
12279,635,1354.0,715.8,-0.16,0.18,0.24,0,6.31
12279,637,757.8,1200.7,0.20,-0.10,0.23,0,6.31
12281,635,1353.9,715.8,-0.16,0.18,0.24,0,9.93
12281,637,757.9,1200.7,0.20,-0.10,0.23,0,9.93
12282,635,1353.9,715.8,-0.16,0.18,0.24,0,12.14
12282,637,757.9,1200.7,0.20,-0.10,0.23,0,12.14
12283,635,1353.9,715.8,-0.16,0.18,0.24,0,14.48
12283,637,757.9,1200.7,0.20,-0.10,0.23,0,14.48
12335,639,1125.0,1215.0,0.00,0.00,0.00,0,12.01
12337,641,1111.0,1206.0,0.00,0.00,0.00,0,12.01
12337,642,1120.0,1210.0,0.00,0.00,0.00,0,12.01
12338,641,1111.3,1206.0,0.01,0.00,0.01,0,7.48
12338,642,1113.8,1207.7,-0.15,-0.06,0.16,0,7.48
12339,641,1108.9,1205.2,-0.15,-0.05,0.16,0,6.31
12341,641,1108.9,1205.2,-0.15,-0.05,0.16,0,9.95
12342,641,1108.9,1205.2,-0.15,-0.05,0.16,0,12.13
12343,641,1108.9,1205.2,-0.15,-0.05,0.16,0,14.47
12375,643,1262.0,1161.0,0.00,0.00,0.00,0,12.01
12376,643,1261.0,1158.7,-0.03,-0.06,0.07,0,7.47
12377,643,1261.0,1158.7,-0.03,-0.06,0.07,0,9.51
12377,644,1305.0,1081.0,0.00,0.00,0.00,0,12.01
12379,643,1261.0,1158.7,-0.03,-0.06,0.07,0,13.29
12379,644,1305.0,1081.0,0.00,0.00,0.00,0,15.13
12380,643,1261.0,1158.7,-0.03,-0.06,0.07,0,15.47
12380,644,1305.0,1081.0,0.00,0.00,0.00,0,17.25
12381,644,1305.0,1081.0,0.00,0.00,0.00,0,19.48
12412,645,575.0,815.0,0.00,0.00,0.00,0,12.01
12413,645,572.0,813.7,-0.07,-0.03,0.08,0,7.50
12414,645,572.0,813.7,-0.07,-0.03,0.08,0,9.54
12416,645,572.0,813.7,-0.07,-0.03,0.08,0,13.38
12417,645,572.0,813.7,-0.07,-0.03,0.08,0,15.41
12449,647,625.0,845.0,0.00,0.00,0.00,0,12.01
12449,648,626.0,853.0,0.00,0.00,0.00,0,12.01
12451,649,625.0,859.0,0.00,0.00,0.00,0,12.01
12452,649,625.0,859.0,0.00,0.00,0.00,0,14.03
12453,649,625.0,859.0,0.00,0.00,0.00,0,16.08
12455,649,625.0,859.0,0.00,0.00,0.00,0,19.95
12501,650,701.0,1245.0,0.00,0.00,0.00,0,12.01
12502,650,699.4,1243.7,-0.04,-0.03,0.05,0,7.47
12503,650,698.8,1243.3,-0.08,-0.06,0.10,0,6.31
12505,650,698.7,1243.2,-0.08,-0.06,0.10,0,10.00
12506,650,698.7,1243.2,-0.08,-0.06,0.10,0,12.13
12507,650,698.7,1243.2,-0.08,-0.06,0.10,0,14.54
12538,651,1032.0,1136.0,0.00,0.00,0.00,0,12.01
12539,651,1031.7,1135.7,-0.01,-0.01,0.01,0,7.52
12539,652,1048.0,1042.0,0.00,0.00,0.00,0,12.04
12539,653,1046.0,1135.0,0.00,0.00,0.00,0,12.04
12539,654,1195.0,1246.0,0.00,0.00,0.00,0,12.04
12540,651,1031.7,1135.7,-0.01,-0.01,0.01,0,9.58
12542,651,1031.7,1135.7,-0.01,-0.01,0.01,0,13.50
12543,651,1031.7,1135.7,-0.01,-0.01,0.01,0,15.74
12577,656,793.0,1217.0,0.00,0.00,0.00,0,12.01
12578,656,793.3,1216.7,0.01,-0.01,0.01,0,7.47
12578,657,780.0,1222.0,0.00,0.00,0.00,0,12.01
12579,656,790.2,1217.8,-0.19,0.06,0.20,0,6.30
12581,656,790.1,1217.8,-0.19,0.06,0.20,0,9.94
12582,656,790.1,1217.8,-0.19,0.06,0.20,0,12.12
12583,656,790.1,1217.8,-0.19,0.06,0.20,0,14.46
12641,658,1312.0,1178.0,0.00,0.00,0.00,0,12.01
12642,658,1312.7,1180.0,0.02,0.05,0.05,0,7.48
12643,658,1312.7,1180.0,0.02,0.05,0.05,0,9.52
12645,658,1312.7,1180.0,0.02,0.05,0.05,0,13.30
12646,658,1312.7,1180.0,0.02,0.05,0.05,0,15.47
12678,659,695.0,1291.0,0.00,0.00,0.00,0,12.01
12679,659,695.0,1291.0,0.00,0.00,0.00,0,14.09
12680,659,695.0,1291.0,0.00,0.00,0.00,0,16.14
12682,659,695.0,1291.0,0.00,0.00,0.00,0,20.14
12719,660,1325.0,1003.0,0.00,0.00,0.00,0,12.01
12720,660,1325.0,1003.0,0.00,0.00,0.00,0,14.04
12721,660,1323.9,1002.6,-0.05,-0.02,0.05,0,7.87
12723,660,1323.9,1002.6,-0.05,-0.02,0.05,0,11.55
12724,660,1323.9,1002.6,-0.05,-0.02,0.05,0,13.68
12725,660,1323.9,1002.6,-0.05,-0.02,0.05,0,16.07
12858,661,1056.0,1346.0,0.00,0.00,0.00,0,12.01
12859,661,1056.3,1346.0,0.01,0.00,0.01,0,7.48
12859,662,1047.0,1343.0,0.00,0.00,0.00,0,12.01
12860,661,1054.4,1345.5,-0.12,-0.03,0.12,0,6.31
12860,662,1047.0,1343.0,0.00,0.00,0.00,0,14.04
12862,661,1054.4,1345.5,-0.12,-0.03,0.12,0,9.97
12862,662,1047.0,1343.0,0.00,0.00,0.00,0,17.52
12863,661,1054.4,1345.5,-0.12,-0.03,0.12,0,12.12
12863,662,1047.0,1343.0,0.00,0.00,0.00,0,19.66
12864,661,1054.4,1345.5,-0.12,-0.03,0.12,0,14.52
12913,663,952.0,1363.0,0.00,0.00,0.00,0,12.01
12914,663,952.0,1363.0,0.00,0.00,0.00,0,7.47
12914,664,947.0,1353.0,0.00,0.00,0.00,0,12.01
12915,663,951.0,1360.7,-0.07,-0.15,0.16,0,6.31
12917,663,951.0,1360.6,-0.07,-0.15,0.16,0,9.95
12918,663,951.0,1360.6,-0.07,-0.15,0.16,0,12.13
12919,663,950.9,1360.6,-0.07,-0.15,0.16,0,14.53
12951,665,891.0,1324.0,0.00,0.00,0.00,0,12.01
12952,665,892.6,1326.0,0.04,0.05,0.07,0,7.48
12953,665,894.3,1329.1,0.15,0.26,0.30,0,6.31
12955,665,894.3,1329.1,0.15,0.26,0.30,0,9.92
12956,665,894.3,1329.1,0.15,0.26,0.30,0,12.11
12957,665,894.3,1329.1,0.15,0.26,0.30,0,14.46
13015,666,629.0,968.0,0.00,0.00,0.00,0,12.01
13016,666,629.3,967.0,0.01,-0.03,0.03,0,7.47
13017,666,629.8,966.8,0.04,-0.04,0.06,0,6.31
13019,666,629.8,966.7,0.04,-0.04,0.06,0,10.01
13020,666,629.8,966.7,0.04,-0.04,0.06,0,12.13
13021,666,629.8,966.7,0.04,-0.04,0.06,0,14.54
13107,668,1082.0,1264.0,0.00,0.00,0.00,0,12.01
13108,668,1082.0,1264.0,0.00,0.00,0.00,0,14.04
13109,668,1080.9,1258.7,-0.05,-0.25,0.25,0,7.87
13111,668,1080.9,1258.7,-0.05,-0.25,0.25,0,11.48
13112,668,1080.9,1258.7,-0.05,-0.25,0.25,0,13.68
13113,668,1080.9,1258.7,-0.05,-0.25,0.25,0,16.02
13147,671,1030.0,922.0,0.00,0.00,0.00,0,12.01
13147,672,1029.0,933.0,0.00,0.00,0.00,0,12.01
13147,673,732.0,1119.0,0.00,0.00,0.00,0,12.01
13147,674,737.0,1127.0,0.00,0.00,0.00,0,12.01
13148,671,1030.0,922.7,0.00,0.02,0.02,0,7.47
13148,672,1028.3,926.8,-0.02,-0.15,0.15,0,7.47
13148,673,733.0,1121.3,0.02,0.06,0.06,0,7.47
13148,674,739.0,1127.7,0.05,0.02,0.05,0,7.47
13149,671,1029.5,920.7,-0.03,-0.11,0.11,0,6.30
13149,673,736.1,1122.8,0.22,0.15,0.27,0,6.30
13151,671,1029.5,920.7,-0.03,-0.11,0.11,0,9.95
13151,673,736.1,1122.8,0.22,0.15,0.27,0,9.95
13152,671,1029.5,920.7,-0.03,-0.11,0.11,0,12.12
13152,673,736.1,1122.8,0.22,0.15,0.27,0,12.12
13153,671,1029.5,920.7,-0.03,-0.11,0.11,0,14.51
13153,673,736.1,1122.8,0.22,0.15,0.27,0,14.51
13184,675,808.0,795.0,0.00,0.00,0.00,0,12.01
13184,676,911.0,976.0,0.00,0.00,0.00,0,12.01
13184,677,1347.0,1118.0,0.00,0.00,0.00,0,12.01
13184,678,1351.0,1124.0,0.00,0.00,0.00,0,12.01
13186,680,788.0,815.0,0.00,0.00,0.00,0,12.01
13186,681,1355.0,1131.0,0.00,0.00,0.00,0,12.01
13187,680,788.0,814.7,0.00,-0.01,0.01,0,7.47
13187,681,1355.0,1131.0,0.00,0.00,0.00,0,14.03
13187,682,780.0,823.0,0.00,0.00,0.00,0,12.01
13187,683,893.0,970.0,0.00,0.00,0.00,0,12.01
13188,680,786.2,816.3,-0.11,0.09,0.15,0,6.30
13188,681,1355.0,1131.0,0.00,0.00,0.00,0,16.08
13190,680,786.2,816.3,-0.11,0.09,0.15,0,9.96
13190,681,1355.0,1131.0,0.00,0.00,0.00,0,19.93
13191,680,786.2,816.3,-0.11,0.09,0.15,0,12.12
13192,680,786.2,816.3,-0.11,0.09,0.15,0,14.46
13234,684,1062.0,980.0,0.00,0.00,0.00,0,12.01
13235,684,1062.0,980.0,0.00,0.00,0.00,0,14.04
13236,684,1062.0,980.0,0.00,0.00,0.00,0,16.09
13238,684,1062.0,980.0,0.00,0.00,0.00,0,19.95
13273,687,568.0,608.0,0.00,0.00,0.00,0,12.01
13274,687,568.0,608.0,0.00,0.00,0.00,0,14.03
13275,687,568.0,608.0,0.00,0.00,0.00,0,16.08
13277,687,568.0,608.0,0.00,0.00,0.00,0,19.96
13315,690,788.0,1152.0,0.00,0.00,0.00,0,12.01
13316,690,790.3,1154.6,0.06,0.07,0.09,0,7.47
13316,691,429.0,1020.0,0.00,0.00,0.00,0,12.01
13317,690,791.8,1161.9,0.15,0.54,0.56,0,6.31
13319,690,791.8,1162.1,0.15,0.54,0.56,0,9.98
13320,690,791.8,1162.1,0.15,0.54,0.56,0,12.13
13321,690,791.8,1162.1,0.15,0.54,0.56,0,14.50
13352,692,1414.0,452.0,0.00,0.00,0.00,0,12.01
13352,693,809.0,1019.0,0.00,0.00,0.00,0,12.01
13352,694,804.0,1025.0,0.00,0.00,0.00,0,12.01
13354,695,802.0,1030.0,0.00,0.00,0.00,0,12.01
13354,696,799.0,1038.0,0.00,0.00,0.00,0,12.01
13355,695,801.0,1032.3,-0.02,0.05,0.05,0,7.47
13355,696,798.0,1040.6,-0.02,0.06,0.06,0,7.47
13355,697,1407.0,449.0,0.00,0.00,0.00,0,12.01
13355,698,1413.0,451.0,0.00,0.00,0.00,0,12.01
13355,699,691.0,543.0,0.00,0.00,0.00,0,12.01
13356,695,799.7,1035.8,-0.10,0.27,0.29,0,6.30
13358,695,799.7,1035.9,-0.10,0.27,0.29,0,9.94
13359,695,799.7,1035.9,-0.10,0.27,0.29,0,12.12
13360,695,799.7,1035.9,-0.10,0.27,0.29,0,14.46
13411,700,455.0,1025.0,0.00,0.00,0.00,0,12.01
13412,700,455.0,1025.0,0.00,0.00,0.00,0,14.04
13412,701,437.0,989.0,0.00,0.00,0.00,0,12.01
13413,700,449.0,1013.1,-0.28,-0.55,0.62,0,7.87
13415,700,449.0,1012.9,-0.28,-0.55,0.62,0,11.52
13416,700,449.0,1012.9,-0.28,-0.55,0.62,0,13.68
13417,700,448.9,1012.9,-0.28,-0.55,0.62,0,16.03
13448,702,1201.0,1255.0,0.00,0.00,0.00,0,12.01
13448,703,1192.0,1261.0,0.00,0.00,0.00,0,12.01
13450,706,696.0,1162.0,0.00,0.00,0.00,0,12.01
13451,706,696.0,1162.0,0.00,0.00,0.00,0,14.03
13452,706,696.0,1162.0,0.00,0.00,0.00,0,16.08
13454,706,696.0,1162.0,0.00,0.00,0.00,0,19.92
13487,707,709.0,1119.0,0.00,0.00,0.00,0,12.01
13487,708,703.0,1130.0,0.00,0.00,0.00,0,12.01
13489,709,716.0,1096.0,0.00,0.00,0.00,0,12.01
13489,710,713.0,1108.0,0.00,0.00,0.00,0,12.01
13490,709,716.0,1096.3,0.00,0.01,0.01,0,7.47
13490,710,714.6,1100.8,0.04,-0.16,0.16,0,7.47
13491,709,716.5,1093.7,0.03,-0.16,0.17,0,6.30
13493,709,716.5,1093.6,0.03,-0.16,0.17,0,9.90
13494,709,716.5,1093.6,0.03,-0.16,0.17,0,12.12
13495,709,716.5,1093.6,0.03,-0.16,0.17,0,14.46
13526,711,830.0,1069.0,0.00,0.00,0.00,0,12.01
13527,711,830.0,1070.6,0.00,0.04,0.04,0,7.48
13528,711,830.3,1073.0,0.02,0.21,0.21,0,6.31
13530,711,830.3,1073.1,0.02,0.21,0.21,0,9.97
13531,711,830.3,1073.1,0.02,0.21,0.21,0,12.11
13532,711,830.3,1073.1,0.02,0.21,0.21,0,14.51
13563,712,1177.0,1160.0,0.00,0.00,0.00,0,12.01
13564,712,1177.3,1160.3,0.01,0.01,0.01,0,7.48
13564,713,1170.0,1153.0,0.00,0.00,0.00,0,12.01
13565,712,1175.7,1158.4,-0.11,-0.13,0.16,0,6.31
13565,713,1169.0,1149.4,-0.03,-0.10,0.10,0,7.47
13567,712,1175.7,1158.4,-0.11,-0.13,0.16,0,9.97
13567,713,1169.0,1149.4,-0.03,-0.10,0.10,0,10.87
13568,712,1175.7,1158.4,-0.11,-0.13,0.16,0,12.11
13568,713,1169.0,1149.4,-0.03,-0.10,0.10,0,12.98
13569,712,1175.7,1158.4,-0.11,-0.13,0.16,0,14.50
13569,713,1169.0,1149.4,-0.03,-0.10,0.10,0,15.32
13603,714,1231.0,1059.0,0.00,0.00,0.00,0,12.01
13604,714,1231.0,1059.7,0.00,0.02,0.02,0,7.48
13604,715,1232.0,1053.0,0.00,0.00,0.00,0,12.01
13605,714,1231.3,1058.5,0.02,-0.06,0.07,0,6.31
13607,714,1231.3,1058.4,0.02,-0.06,0.07,0,9.95
13608,714,1231.3,1058.4,0.02,-0.06,0.07,0,12.13
13609,714,1231.3,1058.4,0.02,-0.06,0.07,0,14.53
13640,716,726.0,1152.0,0.00,0.00,0.00,0,12.01
13641,716,726.3,1151.3,0.01,-0.02,0.02,0,7.48
13642,716,726.3,1151.3,0.01,-0.02,0.02,0,9.52
13644,716,726.3,1151.3,0.01,-0.02,0.02,0,13.34
13645,716,726.3,1151.3,0.01,-0.02,0.02,0,15.46
13680,717,1106.0,1350.0,0.00,0.00,0.00,0,12.01
13681,717,1106.0,1350.0,0.00,0.00,0.00,0,14.04
13682,717,1106.0,1350.0,0.00,0.00,0.00,0,16.09
13684,717,1106.0,1350.0,0.00,0.00,0.00,0,19.97
13773,718,1215.0,1104.0,0.00,0.00,0.00,0,12.01
13774,718,1215.0,1104.0,0.00,0.00,0.00,0,14.04
13775,718,1215.0,1104.0,0.00,0.00,0.00,0,16.09
13777,718,1215.0,1104.0,0.00,0.00,0.00,0,19.96
13816,719,587.0,477.0,0.00,0.00,0.00,0,12.01
13816,720,595.0,484.0,0.00,0.00,0.00,0,12.01
13817,719,587.3,477.3,0.01,0.01,0.01,0,7.48
13817,720,590.1,480.1,-0.12,-0.10,0.15,0,7.48
13818,719,585.7,476.2,-0.10,-0.07,0.12,0,6.31
13820,719,585.7,476.2,-0.10,-0.07,0.12,0,9.97
13821,719,585.7,476.2,-0.10,-0.07,0.12,0,12.13
13822,719,585.7,476.2,-0.10,-0.07,0.12,0,14.47
13906,721,1045.0,839.0,0.00,0.00,0.00,0,12.01
13907,721,1045.0,839.0,0.00,0.00,0.00,0,14.04
13908,721,1045.0,839.0,0.00,0.00,0.00,0,16.09
13910,721,1045.0,839.0,0.00,0.00,0.00,0,19.96
13978,722,1298.0,988.0,0.00,0.00,0.00,0,12.01
13979,722,1297.7,988.0,-0.01,0.00,0.01,0,7.47
13979,723,1309.0,988.0,0.00,0.00,0.00,0,12.01
13980,722,1300.6,988.0,0.18,0.00,0.18,0,6.31
13982,722,1300.6,988.0,0.18,0.00,0.18,0,9.98
13983,722,1300.6,988.0,0.18,0.00,0.18,0,12.13
13984,722,1300.6,988.0,0.18,0.00,0.18,0,14.47
14025,724,931.0,1262.0,0.00,0.00,0.00,0,12.01
14026,724,930.3,1264.6,-0.02,0.07,0.07,0,7.47
14027,724,930.0,1265.7,-0.04,0.14,0.14,0,6.31
14027,725,931.0,1276.0,0.00,0.00,0.00,0,12.01
14029,724,930.0,1265.8,-0.04,0.14,0.14,0,10.01
14029,725,931.0,1276.0,0.00,0.00,0.00,0,15.16
14030,724,930.0,1265.8,-0.04,0.14,0.14,0,12.12
14030,725,931.0,1276.0,0.00,0.00,0.00,0,17.24
14031,724,930.0,1265.8,-0.04,0.14,0.14,0,14.52
14031,725,931.0,1276.0,0.00,0.00,0.00,0,19.52
14063,726,782.0,1328.0,0.00,0.00,0.00,0,12.01
14065,728,771.0,1327.0,0.00,0.00,0.00,0,12.01
14066,728,771.0,1327.0,0.00,0.00,0.00,0,14.04
14067,728,771.0,1327.0,0.00,0.00,0.00,0,16.09
14069,728,771.0,1327.0,0.00,0.00,0.00,0,19.97
14198,729,977.0,1062.0,0.00,0.00,0.00,0,12.01
14199,729,977.7,1061.7,0.02,-0.01,0.02,0,7.47
14200,729,975.4,1062.8,-0.13,0.06,0.14,0,6.31
14202,729,975.4,1062.8,-0.13,0.06,0.14,0,10.03
14203,729,975.4,1062.8,-0.13,0.06,0.14,0,12.12
14204,729,975.4,1062.8,-0.13,0.06,0.14,0,14.54
14235,730,633.0,1323.0,0.00,0.00,0.00,0,12.01
14236,730,633.0,1323.0,0.00,0.00,0.00,0,14.08
14237,730,633.0,1323.0,0.00,0.00,0.00,0,16.13
14239,730,633.0,1323.0,0.00,0.00,0.00,0,20.07
14321,731,1459.0,934.0,0.00,0.00,0.00,0,12.01
14322,731,1459.0,934.0,0.00,0.00,0.00,0,14.04
14323,731,1459.0,934.0,0.00,0.00,0.00,0,16.09
14325,731,1459.0,934.0,0.00,0.00,0.00,0,19.97
14374,732,933.0,1180.0,0.00,0.00,0.00,0,12.01
14375,732,933.3,1180.0,0.01,0.00,0.01,0,7.48
14375,733,925.0,1171.0,0.00,0.00,0.00,0,12.01
14376,732,931.4,1177.9,-0.12,-0.14,0.18,0,6.31
14378,732,931.4,1177.9,-0.12,-0.14,0.18,0,9.95
14379,732,931.4,1177.9,-0.12,-0.14,0.18,0,12.12
14380,732,931.4,1177.9,-0.12,-0.14,0.18,0,14.46
14412,734,556.0,1110.0,0.00,0.00,0.00,0,12.01
14413,734,556.7,1108.7,0.02,-0.04,0.04,0,7.48
14413,735,1046.0,1145.0,0.00,0.00,0.00,0,12.01
14413,736,1032.0,1149.0,0.00,0.00,0.00,0,12.01
14413,737,1182.0,1158.0,0.00,0.00,0.00,0,12.01
14414,734,557.3,1107.5,0.06,-0.12,0.13,0,6.31
14414,735,1046.0,1145.0,0.00,0.00,0.00,0,7.47
14414,736,1040.8,1146.4,0.21,-0.06,0.22,0,7.47
14414,737,1182.0,1157.7,0.00,-0.01,0.01,0,7.47
14414,738,562.0,1096.0,0.00,0.00,0.00,0,12.01
14414,739,1173.0,1169.0,0.00,0.00,0.00,0,12.01
14416,734,557.3,1107.4,0.06,-0.12,0.13,0,9.95
14416,735,1046.0,1145.0,0.00,0.00,0.00,0,10.84
14416,736,1040.9,1146.4,0.21,-0.06,0.22,0,10.84
14416,737,1182.0,1157.7,0.00,-0.01,0.01,0,10.84
14416,738,562.0,1096.0,0.00,0.00,0.00,0,15.11
14416,739,1173.0,1169.0,0.00,0.00,0.00,0,15.11
14417,734,557.3,1107.4,0.06,-0.12,0.13,0,12.11
14417,735,1046.0,1145.0,0.00,0.00,0.00,0,12.98
14417,736,1040.9,1146.4,0.21,-0.06,0.22,0,12.98
14417,737,1182.0,1157.7,0.00,-0.01,0.01,0,12.98
14417,738,562.0,1096.0,0.00,0.00,0.00,0,17.23
14417,739,1173.0,1169.0,0.00,0.00,0.00,0,17.23
14418,734,557.3,1107.4,0.06,-0.12,0.13,0,14.45
14418,735,1046.0,1145.0,0.00,0.00,0.00,0,15.27
14418,736,1040.9,1146.4,0.21,-0.06,0.22,0,15.27
14418,737,1182.0,1157.7,0.00,-0.01,0.01,0,15.27
14418,738,562.0,1096.0,0.00,0.00,0.00,0,19.47
14418,739,1173.0,1169.0,0.00,0.00,0.00,0,19.47
14450,740,647.0,1258.0,0.00,0.00,0.00,0,12.04
14451,740,647.0,1258.0,0.00,0.00,0.00,0,14.08
14452,740,647.0,1258.0,0.00,0.00,0.00,0,16.15
14454,740,647.0,1258.0,0.00,0.00,0.00,0,20.18
14488,744,714.0,1065.0,0.00,0.00,0.00,0,12.01
14488,745,1191.0,1109.0,0.00,0.00,0.00,0,12.01
14489,744,714.0,1065.0,0.00,0.00,0.00,0,14.04
14489,745,1191.0,1109.0,0.00,0.00,0.00,0,14.04
14490,744,714.0,1065.0,0.00,0.00,0.00,0,16.09
14490,745,1191.0,1109.0,0.00,0.00,0.00,0,16.09
14492,744,714.0,1065.0,0.00,0.00,0.00,0,19.94
14492,745,1191.0,1109.0,0.00,0.00,0.00,0,19.94
14551,746,902.0,1305.0,0.00,0.00,0.00,0,12.01
14552,746,897.7,1302.7,-0.10,-0.06,0.12,0,7.50
14553,746,895.5,1301.5,-0.33,-0.18,0.37,0,6.31
14555,746,895.4,1301.4,-0.33,-0.18,0.37,0,10.00
14556,746,895.4,1301.4,-0.33,-0.18,0.37,0,12.03
14557,746,895.4,1301.4,-0.33,-0.18,0.37,0,14.32
14590,748,1064.0,701.0,0.00,0.00,0.00,0,12.01
14591,748,1063.7,701.0,-0.01,0.00,0.01,0,7.47
14592,748,1063.7,701.0,-0.01,0.00,0.01,0,9.51
14594,748,1063.7,701.0,-0.01,0.00,0.01,0,13.32
14595,748,1063.7,701.0,-0.01,0.00,0.01,0,15.46
14728,751,801.0,1357.0,0.00,0.00,0.00,0,12.01
14729,751,801.0,1357.3,0.00,0.01,0.01,0,7.47
14730,751,801.5,1353.4,0.03,-0.25,0.25,0,6.31
14732,751,801.5,1353.3,0.03,-0.25,0.25,0,9.99
14733,751,801.5,1353.3,0.03,-0.25,0.25,0,12.13
14734,751,801.5,1353.3,0.03,-0.25,0.25,0,14.47
14846,752,1268.0,697.0,0.00,0.00,0.00,0,12.01
14848,754,1274.0,697.0,0.00,0.00,0.00,0,12.01
14848,755,1283.0,697.0,0.00,0.00,0.00,0,12.01
14849,754,1276.6,697.0,0.06,0.00,0.06,0,7.48
14849,755,1285.3,697.0,0.06,0.00,0.06,0,7.48
14850,754,1280.6,697.0,0.33,0.00,0.33,0,6.31
14852,754,1280.7,697.0,0.33,0.00,0.33,0,10.02
14853,754,1280.7,697.0,0.33,0.00,0.33,0,12.12
14854,754,1280.7,697.0,0.33,0.00,0.33,0,14.46
14913,756,686.0,1198.0,0.00,0.00,0.00,0,12.01
14914,756,686.0,1198.0,0.00,0.00,0.00,0,7.47
14914,757,685.0,1190.0,0.00,0.00,0.00,0,12.01
14915,756,685.7,1196.2,-0.02,-0.12,0.12,0,6.31
14915,757,683.4,1188.0,-0.04,-0.05,0.06,0,7.47
14917,756,685.7,1196.2,-0.02,-0.12,0.12,0,9.97
14917,757,683.4,1188.0,-0.04,-0.05,0.06,0,10.87
14918,756,685.7,1196.2,-0.02,-0.12,0.12,0,12.13
14918,757,683.4,1188.0,-0.04,-0.05,0.06,0,13.00
14919,756,685.7,1196.2,-0.02,-0.12,0.12,0,14.49
14919,757,683.3,1188.0,-0.04,-0.05,0.06,0,15.31
14962,758,1086.0,1085.0,0.00,0.00,0.00,0,12.01
14962,759,1092.0,1090.0,0.00,0.00,0.00,0,12.01
14963,758,1087.6,1086.3,0.04,0.03,0.05,0,7.47
14963,759,1092.0,1090.0,0.00,0.00,0.00,0,14.04
14964,758,1087.6,1086.3,0.04,0.03,0.05,0,9.52
14966,758,1087.7,1086.3,0.04,0.03,0.05,0,13.31
14967,758,1087.7,1086.3,0.04,0.03,0.05,0,15.47
15039,760,802.0,1109.0,0.00,0.00,0.00,0,12.01
15040,760,802.7,1109.7,0.02,0.02,0.02,0,7.48
15040,761,800.0,1102.0,0.00,0.00,0.00,0,12.01
15041,760,802.2,1108.2,-0.01,-0.08,0.08,0,6.31
15041,761,799.7,1099.7,-0.01,-0.06,0.06,0,7.47
15043,760,802.2,1108.2,-0.01,-0.08,0.08,0,9.96
15043,761,799.7,1099.7,-0.01,-0.06,0.06,0,10.85
15044,760,802.2,1108.2,-0.01,-0.08,0.08,0,12.13
15044,761,799.7,1099.7,-0.01,-0.06,0.06,0,13.00
15045,760,802.2,1108.2,-0.01,-0.08,0.08,0,14.47
15045,761,799.7,1099.7,-0.01,-0.06,0.06,0,15.29
15105,762,442.0,765.0,0.00,0.00,0.00,0,12.01
15106,762,442.3,765.0,0.01,0.00,0.01,0,7.47
15106,763,453.0,769.0,0.00,0.00,0.00,0,12.01
15107,762,444.8,766.0,0.17,0.07,0.18,0,6.30
15107,763,455.0,770.3,0.05,0.03,0.06,0,7.47
15109,762,444.9,766.0,0.17,0.07,0.18,0,9.94
15109,763,455.0,770.3,0.05,0.03,0.06,0,10.84
15110,762,444.9,766.0,0.17,0.07,0.18,0,12.13
15110,763,455.0,770.3,0.05,0.03,0.06,0,13.00
15111,762,444.9,766.1,0.17,0.07,0.18,0,14.48
15111,763,455.0,770.3,0.05,0.03,0.06,0,15.30
15143,764,967.0,1329.0,0.00,0.00,0.00,0,12.01
15145,766,973.0,1331.0,0.00,0.00,0.00,0,12.01
15146,766,974.6,1333.3,0.04,0.05,0.07,0,7.47
15147,766,974.6,1333.3,0.04,0.05,0.07,0,9.51
15149,766,974.6,1333.3,0.04,0.05,0.07,0,13.29
15150,766,974.7,1333.3,0.04,0.05,0.07,0,15.44
15184,767,1472.0,773.0,0.00,0.00,0.00,0,12.01
15185,767,1475.6,772.7,0.07,-0.01,0.07,0,7.46
15186,767,1477.2,772.5,0.14,-0.01,0.14,0,6.29
15188,767,1477.3,772.5,0.14,-0.01,0.14,0,9.91
15189,767,1477.3,772.5,0.14,-0.01,0.14,0,12.04
15190,767,1477.3,772.5,0.14,-0.01,0.14,0,14.37
15235,769,583.0,833.0,0.00,0.00,0.00,0,12.01
15236,769,583.0,833.0,0.00,0.00,0.00,0,14.04
15237,769,583.0,833.0,0.00,0.00,0.00,0,16.09
15239,769,583.0,833.0,0.00,0.00,0.00,0,19.99
15280,770,1442.0,960.0,0.00,0.00,0.00,0,12.01
15281,770,1442.0,960.0,0.00,0.00,0.00,0,7.48
15281,771,1430.0,961.0,0.00,0.00,0.00,0,12.01
15282,770,1439.2,960.3,-0.19,0.02,0.19,0,6.31
15284,770,1439.1,960.3,-0.19,0.02,0.19,0,9.95
15285,770,1439.1,960.3,-0.19,0.02,0.19,0,12.13
15286,770,1439.1,960.3,-0.19,0.02,0.19,0,14.47
15358,772,1360.0,1206.0,0.00,0.00,0.00,0,12.01
15359,772,1360.0,1206.0,0.00,0.00,0.00,0,14.04
15360,772,1360.0,1206.0,0.00,0.00,0.00,0,16.09
15362,772,1360.0,1206.0,0.00,0.00,0.00,0,19.95
15416,773,889.0,964.0,0.00,0.00,0.00,0,12.01
15418,775,893.0,971.0,0.00,0.00,0.00,0,12.01
15418,776,898.0,979.0,0.00,0.00,0.00,0,12.01
15419,775,894.6,973.3,0.04,0.05,0.07,0,7.48
15419,776,899.6,980.6,0.04,0.04,0.06,0,7.48
15420,775,897.6,976.6,0.23,0.27,0.36,0,6.31
15422,775,897.6,976.6,0.23,0.27,0.36,0,9.95
15423,775,897.6,976.6,0.23,0.27,0.36,0,12.13
15424,775,897.6,976.7,0.23,0.27,0.36,0,14.47
15457,777,928.0,1278.0,0.00,0.00,0.00,0,12.01
15458,777,928.0,1277.7,0.00,-0.01,0.01,0,7.57
15458,778,772.0,1311.0,0.00,0.00,0.00,0,12.08
15459,777,928.0,1277.7,0.00,-0.01,0.01,0,9.64
15461,777,928.0,1277.7,0.00,-0.01,0.01,0,13.73
15462,777,928.0,1277.7,0.00,-0.01,0.01,0,15.86
15494,779,722.0,1300.0,0.00,0.00,0.00,0,12.01
15496,781,713.0,1304.0,0.00,0.00,0.00,0,12.01
15497,781,713.0,1304.0,0.00,0.00,0.00,0,14.03
15498,781,708.1,1300.5,-0.20,-0.14,0.25,0,7.86
15500,781,708.0,1300.5,-0.20,-0.14,0.25,0,11.48
15501,781,708.0,1300.5,-0.20,-0.14,0.25,0,13.67
15502,781,708.0,1300.4,-0.20,-0.14,0.25,0,16.00
15533,782,537.0,1065.0,0.00,0.00,0.00,0,12.01
15535,784,530.0,1068.0,0.00,0.00,0.00,0,12.01
15535,785,521.0,1074.0,0.00,0.00,0.00,0,12.01
15536,784,527.7,1069.6,-0.05,0.03,0.06,0,7.47
15536,785,519.0,1075.3,-0.04,0.03,0.05,0,7.47
15537,784,525.0,1071.5,-0.22,0.15,0.27,0,6.30
15539,784,524.9,1071.6,-0.22,0.15,0.27,0,9.98
15540,784,524.9,1071.6,-0.22,0.15,0.27,0,12.14
15541,784,524.9,1071.6,-0.22,0.15,0.27,0,14.48
15572,786,358.0,800.0,0.00,0.00,0.00,0,12.01
15573,786,358.0,800.0,0.00,0.00,0.00,0,14.08
15574,786,358.0,800.0,0.00,0.00,0.00,0,16.14
15576,786,358.0,800.0,0.00,0.00,0.00,0,20.10
15769,787,1151.0,1267.0,0.00,0.00,0.00,0,12.01
15770,787,1151.3,1267.0,0.01,0.00,0.01,0,7.47
15771,787,1151.3,1267.0,0.01,0.00,0.01,0,9.51
15773,787,1151.3,1267.0,0.01,0.00,0.01,0,13.31
15774,787,1151.3,1267.0,0.01,0.00,0.01,0,15.45
15809,788,1166.0,883.0,0.00,0.00,0.00,0,12.00
15810,788,1166.0,883.0,0.00,0.00,0.00,0,14.01
15811,788,1165.3,881.9,-0.02,-0.03,0.04,0,7.86
15811,789,1163.0,872.0,0.00,0.00,0.00,0,12.01
15813,788,1165.3,881.9,-0.02,-0.03,0.04,0,11.52
15813,789,1163.0,872.0,0.00,0.00,0.00,0,15.17
15814,788,1165.3,881.9,-0.02,-0.03,0.04,0,13.62
15814,789,1163.0,872.0,0.00,0.00,0.00,0,17.25
15815,788,1165.3,881.9,-0.02,-0.03,0.04,0,16.03
15815,789,1163.0,872.0,0.00,0.00,0.00,0,19.55
15858,790,922.0,1068.0,0.00,0.00,0.00,0,12.01
15859,790,922.0,1068.0,0.00,0.00,0.00,0,14.04
15860,790,922.0,1068.0,0.00,0.00,0.00,0,16.09
15862,790,922.0,1068.0,0.00,0.00,0.00,0,19.98
15895,791,917.0,1110.0,0.00,0.00,0.00,0,12.01
15895,792,915.0,1118.0,0.00,0.00,0.00,0,12.01
15896,791,917.0,1110.3,0.00,0.01,0.01,0,7.48
15896,792,915.0,1118.0,0.00,0.00,0.00,0,14.04
15897,791,918.3,1108.7,0.09,-0.10,0.14,0,6.30
15899,791,918.3,1108.7,0.09,-0.10,0.14,0,9.96
15900,791,918.3,1108.7,0.09,-0.10,0.14,0,12.13
15901,791,918.3,1108.7,0.09,-0.10,0.14,0,14.53
15932,793,1149.0,1001.0,0.00,0.00,0.00,0,12.01
15933,793,1149.0,1001.0,0.00,0.00,0.00,0,14.10
15934,793,1149.0,1001.0,0.00,0.00,0.00,0,16.16
15936,793,1149.0,1001.0,0.00,0.00,0.00,0,20.23
15990,794,403.0,967.0,0.00,0.00,0.00,0,12.01
15991,794,403.3,967.0,0.01,0.00,0.01,0,7.48
15991,795,399.0,967.0,0.00,0.00,0.00,0,12.01
15992,794,402.7,967.5,-0.03,0.03,0.05,0,6.31
15992,795,398.7,965.4,-0.01,-0.04,0.04,0,7.47
15994,794,402.7,967.5,-0.03,0.03,0.05,0,10.01
15994,795,398.7,965.4,-0.01,-0.04,0.04,0,10.89
15995,794,402.7,967.5,-0.03,0.03,0.05,0,12.13
15995,795,398.7,965.3,-0.01,-0.04,0.04,0,13.00
15996,794,402.7,967.5,-0.03,0.03,0.05,0,14.54
15996,795,398.7,965.3,-0.01,-0.04,0.04,0,15.35
16056,796,1316.0,990.0,0.00,0.00,0.00,0,12.01
16057,796,1316.3,989.7,0.01,-0.01,0.01,0,7.47
16058,796,1316.3,989.7,0.01,-0.01,0.01,0,9.52
16060,796,1316.3,989.7,0.01,-0.01,0.01,0,13.32
16061,796,1316.3,989.7,0.01,-0.01,0.01,0,15.48
16099,797,1041.0,1350.0,0.00,0.00,0.00,0,12.01
16100,797,1040.7,1350.3,-0.01,0.01,0.01,0,7.47
16100,798,1044.0,1344.0,0.00,0.00,0.00,0,12.01
16101,797,1041.5,1349.2,0.05,-0.06,0.08,0,6.31
16103,797,1041.5,1349.2,0.05,-0.06,0.08,0,9.98
16104,797,1041.5,1349.2,0.05,-0.06,0.08,0,12.13
16105,797,1041.5,1349.2,0.05,-0.06,0.08,0,14.48
16165,799,1234.0,1263.0,0.00,0.00,0.00,0,12.01
16165,800,1227.0,1271.0,0.00,0.00,0.00,0,12.01
16166,799,1232.0,1265.3,-0.05,0.06,0.08,0,7.48
16166,800,1227.0,1271.0,0.00,0.00,0.00,0,14.04
16167,799,1232.0,1265.3,-0.05,0.06,0.08,0,9.52
16169,799,1232.0,1265.3,-0.05,0.06,0.08,0,13.31
16170,799,1232.0,1265.3,-0.05,0.06,0.08,0,15.47
16202,801,960.0,1060.0,0.00,0.00,0.00,0,12.01
16203,801,961.0,1058.4,0.02,-0.04,0.05,0,7.48
16204,801,962.3,1057.2,0.11,-0.12,0.16,0,6.31
16206,801,962.3,1057.2,0.11,-0.12,0.16,0,9.98
16207,801,962.3,1057.2,0.11,-0.12,0.16,0,12.12
16208,801,962.3,1057.2,0.11,-0.12,0.16,0,14.52
16252,802,793.0,1138.0,0.00,0.00,0.00,0,12.01
16253,802,789.4,1138.3,-0.09,0.01,0.09,0,7.47
16254,802,788.0,1138.5,-0.18,0.02,0.18,0,6.31
16256,802,788.0,1138.5,-0.18,0.02,0.18,0,9.97
16257,802,788.0,1138.5,-0.18,0.02,0.18,0,12.13
16258,802,787.9,1138.5,-0.18,0.02,0.18,0,14.47
16316,804,1433.0,882.0,0.00,0.00,0.00,0,12.01
16317,804,1433.0,882.0,0.00,0.00,0.00,0,7.47
16318,804,1433.0,882.0,0.00,0.00,0.00,0,9.51
16320,804,1433.0,882.0,0.00,0.00,0.00,0,13.28
16321,804,1433.0,882.0,0.00,0.00,0.00,0,15.44
16393,805,1548.0,820.0,0.00,0.00,0.00,0,12.01
16394,805,1548.0,820.0,0.00,0.00,0.00,0,14.04
16395,805,1548.0,820.0,0.00,0.00,0.00,0,16.09
16397,805,1548.0,820.0,0.00,0.00,0.00,0,19.94
16431,806,928.0,951.0,0.00,0.00,0.00,0,12.02
16432,806,928.3,951.0,0.01,0.00,0.01,0,7.48
16433,806,928.3,951.0,0.01,0.00,0.01,0,9.50
16435,806,928.3,951.0,0.01,0.00,0.01,0,13.09
16436,806,928.3,951.0,0.01,0.00,0.01,0,15.35
16468,807,628.0,1016.0,0.00,0.00,0.00,0,12.01
16469,807,631.3,1015.0,0.08,-0.02,0.09,0,7.48
16470,807,632.8,1014.8,0.19,-0.04,0.19,0,6.30
16472,807,632.8,1014.7,0.19,-0.04,0.19,0,9.95
16473,807,632.8,1014.7,0.19,-0.04,0.19,0,12.11
16474,807,632.8,1014.7,0.19,-0.04,0.19,0,14.51
16507,808,422.0,1085.0,0.00,0.00,0.00,0,12.01
16508,808,422.0,1085.0,0.00,0.00,0.00,0,14.02
16509,808,422.0,1085.0,0.00,0.00,0.00,0,16.03
16511,808,422.0,1085.0,0.00,0.00,0.00,0,19.62
16544,809,733.0,1122.0,0.00,0.00,0.00,0,12.01
16544,810,740.0,1127.0,0.00,0.00,0.00,0,12.01
16546,811,716.0,1124.0,0.00,0.00,0.00,0,12.01
16546,812,727.0,1123.0,0.00,0.00,0.00,0,12.01
16547,811,716.3,1124.0,0.01,0.00,0.01,0,7.46
16547,812,719.1,1124.3,-0.15,0.03,0.15,0,7.46
16548,811,713.2,1124.5,-0.12,0.02,0.12,0,6.29
16550,811,713.1,1124.5,-0.12,0.02,0.12,0,9.86
16551,811,713.1,1124.5,-0.12,0.02,0.12,0,12.04
16552,811,713.1,1124.5,-0.12,0.02,0.12,0,14.35
16584,813,761.0,569.0,0.00,0.00,0.00,0,12.04
16585,813,761.0,569.0,0.00,0.00,0.00,0,14.08
16586,813,761.0,569.0,0.00,0.00,0.00,0,16.15
16588,813,761.0,569.0,0.00,0.00,0.00,0,20.22
16621,814,801.0,1090.0,0.00,0.00,0.00,0,12.01
16621,815,807.0,1099.0,0.00,0.00,0.00,0,12.01
16622,814,801.7,1090.7,0.02,0.02,0.02,0,7.50
16622,815,802.4,1094.4,-0.12,-0.12,0.17,0,7.50
16623,814,799.9,1089.5,-0.16,-0.11,0.19,0,6.32
16625,814,799.9,1089.4,-0.16,-0.11,0.19,0,10.00
16626,814,799.9,1089.4,-0.16,-0.11,0.19,0,12.31
16627,814,799.9,1089.4,-0.16,-0.11,0.19,0,14.73
16663,816,928.0,1235.0,0.00,0.00,0.00,0,12.01
16664,816,928.3,1235.3,0.01,0.01,0.01,0,7.48
16664,817,913.0,1230.0,0.00,0.00,0.00,0,12.01
16665,816,924.6,1234.2,-0.23,-0.07,0.24,0,6.31
16667,816,924.6,1234.2,-0.23,-0.07,0.24,0,10.04
16668,816,924.6,1234.2,-0.23,-0.07,0.24,0,12.12
16669,816,924.6,1234.2,-0.23,-0.07,0.24,0,14.47
16700,818,1400.0,376.0,0.00,0.00,0.00,0,12.01
16702,820,771.0,1156.0,0.00,0.00,0.00,0,12.01
16703,820,771.0,1156.0,0.00,0.00,0.00,0,14.02
16704,820,771.0,1156.0,0.00,0.00,0.00,0,16.04
16706,820,771.0,1156.0,0.00,0.00,0.00,0,19.60
16980,821,970.0,1278.0,0.00,0.00,0.00,0,12.01
16981,821,970.0,1278.3,0.00,0.01,0.01,0,7.47
16981,822,962.0,1271.0,0.00,0.00,0.00,0,12.01
16982,821,970.0,1278.3,0.00,0.01,0.01,0,9.52
16982,822,962.0,1271.0,0.00,0.00,0.00,0,14.04
16984,821,970.0,1278.3,0.00,0.01,0.01,0,13.28
16984,822,962.0,1271.0,0.00,0.00,0.00,0,17.50
16985,821,970.0,1278.3,0.00,0.01,0.01,0,15.46
16985,822,962.0,1271.0,0.00,0.00,0.00,0,19.65
17030,823,1404.0,656.0,0.00,0.00,0.00,0,12.01
17031,823,1404.0,656.0,0.00,0.00,0.00,0,14.04
17032,823,1404.0,656.0,0.00,0.00,0.00,0,16.09
17034,823,1404.0,656.0,0.00,0.00,0.00,0,19.99
17105,824,1312.0,1208.0,0.00,0.00,0.00,0,12.01
17106,824,1312.0,1208.0,0.00,0.00,0.00,0,14.04
17107,824,1312.0,1208.0,0.00,0.00,0.00,0,16.09
17109,824,1312.0,1208.0,0.00,0.00,0.00,0,19.97
17185,825,1203.0,1211.0,0.00,0.00,0.00,0,12.01
17186,825,1203.0,1211.0,0.00,0.00,0.00,0,14.04
17187,825,1203.0,1211.0,0.00,0.00,0.00,0,16.09
17189,825,1203.0,1211.0,0.00,0.00,0.00,0,19.96
17224,827,1143.0,1053.0,0.00,0.00,0.00,0,12.01
17225,827,1142.7,1053.3,-0.01,0.01,0.01,0,7.47
17225,828,1146.0,1042.0,0.00,0.00,0.00,0,12.01
17226,827,1143.5,1050.9,0.05,-0.14,0.15,0,6.31
17228,827,1143.5,1050.9,0.05,-0.14,0.15,0,9.95
17229,827,1143.5,1050.9,0.05,-0.14,0.15,0,12.13
17230,827,1143.5,1050.9,0.05,-0.14,0.15,0,14.47
17264,829,911.0,1161.0,0.00,0.00,0.00,0,12.01
17266,831,902.0,1174.0,0.00,0.00,0.00,0,12.01
17267,831,902.0,1174.0,0.00,0.00,0.00,0,14.04
17268,831,902.0,1174.0,0.00,0.00,0.00,0,16.09
17270,831,902.0,1174.0,0.00,0.00,0.00,0,19.93
17307,832,637.0,1125.0,0.00,0.00,0.00,0,12.01
17308,832,637.0,1125.0,0.00,0.00,0.00,0,14.04
17308,833,395.0,884.0,0.00,0.00,0.00,0,12.01
17309,832,637.0,1125.0,0.00,0.00,0.00,0,16.09
17309,833,395.3,884.7,0.01,0.02,0.02,0,7.48
17309,834,391.0,882.0,0.00,0.00,0.00,0,12.01
17311,832,637.0,1125.0,0.00,0.00,0.00,0,19.95
17311,833,395.3,884.7,0.01,0.02,0.02,0,10.86
17311,834,391.0,882.0,0.00,0.00,0.00,0,15.13
17312,833,395.3,884.7,0.01,0.02,0.02,0,13.00
17312,834,391.0,882.0,0.00,0.00,0.00,0,17.24
17313,833,395.3,884.7,0.01,0.02,0.02,0,15.29
17313,834,391.0,882.0,0.00,0.00,0.00,0,19.49
17365,837,698.0,1237.0,0.00,0.00,0.00,0,12.01
17366,837,698.0,1237.0,0.00,0.00,0.00,0,14.04
17367,837,698.0,1237.0,0.00,0.00,0.00,0,16.09
17369,837,698.0,1237.0,0.00,0.00,0.00,0,19.95
17404,838,592.0,1067.0,0.00,0.00,0.00,0,12.01
17405,838,592.0,1067.0,0.00,0.00,0.00,0,14.02
17406,838,592.0,1067.0,0.00,0.00,0.00,0,16.04
17408,838,592.0,1067.0,0.00,0.00,0.00,0,19.69
17473,839,377.0,1081.0,0.00,0.00,0.00,0,12.01
17474,839,377.0,1081.0,0.00,0.00,0.00,0,14.04
17475,839,380.2,1081.4,0.15,0.02,0.15,0,7.87
17477,839,380.2,1081.4,0.15,0.02,0.15,0,11.50
17478,839,380.2,1081.4,0.15,0.02,0.15,0,13.68
17479,839,380.2,1081.4,0.15,0.02,0.15,0,16.02
17544,840,1195.0,1098.0,0.00,0.00,0.00,0,12.01
17545,840,1192.1,1099.0,-0.07,0.02,0.08,0,7.48
17546,840,1190.5,1099.5,-0.18,0.06,0.19,0,6.31
17548,840,1190.4,1099.5,-0.18,0.06,0.19,0,9.97
17549,840,1190.4,1099.5,-0.18,0.06,0.19,0,12.12
17550,840,1190.4,1099.5,-0.18,0.06,0.19,0,14.46
17664,841,401.0,663.0,0.00,0.00,0.00,0,12.01
17665,841,401.0,663.3,0.00,0.01,0.01,0,7.48
17665,842,398.0,655.0,0.00,0.00,0.00,0,12.01
17666,841,400.2,661.4,-0.05,-0.12,0.13,0,6.31
17666,842,398.0,655.0,0.00,0.00,0.00,0,14.04
17668,841,400.2,661.4,-0.05,-0.12,0.13,0,9.97
17668,842,398.0,655.0,0.00,0.00,0.00,0,17.52
17669,841,400.2,661.4,-0.05,-0.12,0.13,0,12.13
17669,842,398.0,655.0,0.00,0.00,0.00,0,19.67
17670,841,400.2,661.4,-0.05,-0.12,0.13,0,14.47
17706,843,1090.0,1284.0,0.00,0.00,0.00,0,12.01
17707,843,1090.0,1284.0,0.00,0.00,0.00,0,14.04
17708,843,1090.0,1284.0,0.00,0.00,0.00,0,16.09
17710,843,1090.0,1284.0,0.00,0.00,0.00,0,19.99
17758,844,884.0,1156.0,0.00,0.00,0.00,0,12.01
17759,844,883.7,1156.3,-0.01,0.01,0.01,0,7.48
17759,845,886.0,1145.0,0.00,0.00,0.00,0,12.01
17760,844,884.0,1153.9,0.01,-0.15,0.15,0,6.31
17762,844,884.0,1153.9,0.01,-0.15,0.15,0,9.94
17763,844,884.0,1153.9,0.01,-0.15,0.15,0,12.14
17764,844,884.0,1153.9,0.01,-0.15,0.15,0,14.54
17795,846,754.0,931.0,0.00,0.00,0.00,0,12.01
17796,846,752.0,931.3,-0.05,0.01,0.05,0,7.58
17797,846,752.0,931.3,-0.05,0.01,0.05,0,9.65
17799,846,752.0,931.3,-0.05,0.01,0.05,0,13.68
17800,846,752.0,931.3,-0.05,0.01,0.05,0,16.03
18020,847,740.0,1051.0,0.00,0.00,0.00,0,12.01
18021,847,740.0,1051.0,0.00,0.00,0.00,0,14.03
18022,847,740.0,1051.0,0.00,0.00,0.00,0,16.09
18024,847,740.0,1051.0,0.00,0.00,0.00,0,19.95
18068,848,1069.0,1216.0,0.00,0.00,0.00,0,12.01
18069,848,1069.0,1216.0,0.00,0.00,0.00,0,14.04
18070,848,1069.0,1216.0,0.00,0.00,0.00,0,16.09
18072,848,1069.0,1216.0,0.00,0.00,0.00,0,19.97
18240,849,1464.0,646.0,0.00,0.00,0.00,0,12.01
18241,849,1464.0,646.0,0.00,0.00,0.00,0,14.04
18242,849,1464.0,646.0,0.00,0.00,0.00,0,16.09
18244,849,1464.0,646.0,0.00,0.00,0.00,0,19.99
18292,850,560.0,994.0,0.00,0.00,0.00,0,12.01
18293,850,560.3,992.0,0.01,-0.05,0.05,0,7.47
18294,850,560.2,991.3,0.00,-0.10,0.10,0,6.31
18296,850,560.2,991.2,0.00,-0.10,0.10,0,10.02
18297,850,560.2,991.2,0.00,-0.10,0.10,0,12.11
18298,850,560.2,991.2,0.00,-0.10,0.10,0,14.53
18346,852,1198.0,1278.0,0.00,0.00,0.00,0,12.01
18347,852,1194.4,1276.4,-0.09,-0.04,0.10,0,7.47
18348,852,1192.7,1276.0,-0.19,-0.06,0.20,0,6.35
18350,852,1192.7,1276.0,-0.19,-0.06,0.20,0,10.26
18351,852,1192.7,1276.0,-0.19,-0.06,0.20,0,12.43
18352,852,1192.7,1276.0,-0.19,-0.06,0.20,0,14.79
18385,855,692.0,308.0,0.00,0.00,0.00,0,12.01
18386,855,690.7,307.7,-0.03,-0.01,0.03,0,7.47
18386,856,710.0,305.0,0.00,0.00,0.00,0,12.01
18387,855,695.1,307.2,0.23,-0.03,0.23,0,6.31
18389,855,695.2,307.2,0.23,-0.03,0.23,0,10.00
18390,855,695.2,307.2,0.23,-0.03,0.23,0,12.12
18391,855,695.2,307.2,0.23,-0.03,0.23,0,14.48
18500,857,1428.0,1181.0,0.00,0.00,0.00,0,12.01
18501,857,1428.0,1181.0,0.00,0.00,0.00,0,14.04
18502,857,1428.7,1179.2,0.03,-0.08,0.09,0,7.87
18504,857,1428.7,1179.2,0.03,-0.08,0.09,0,11.57
18505,857,1428.7,1179.2,0.03,-0.08,0.09,0,13.68
18506,857,1428.7,1179.2,0.03,-0.08,0.09,0,16.08
18539,858,1432.0,863.0,0.00,0.00,0.00,0,12.01
18539,859,1418.0,867.0,0.00,0.00,0.00,0,12.01
18541,860,1451.0,854.0,0.00,0.00,0.00,0,12.01
18541,861,1441.0,859.0,0.00,0.00,0.00,0,12.01
18542,860,1450.7,854.3,-0.01,0.01,0.01,0,7.48
18542,861,1441.0,859.0,0.00,0.00,0.00,0,14.04
18543,860,1452.6,853.2,0.12,-0.07,0.14,0,6.31
18545,860,1452.6,853.2,0.12,-0.07,0.14,0,9.96
18546,860,1452.6,853.2,0.12,-0.07,0.14,0,12.12
18547,860,1452.6,853.2,0.12,-0.07,0.14,0,14.46
18578,862,960.0,1066.0,0.00,0.00,0.00,0,12.01
18578,863,915.0,1237.0,0.00,0.00,0.00,0,12.01
18578,864,906.0,1241.0,0.00,0.00,0.00,0,12.01
18580,865,901.0,1245.0,0.00,0.00,0.00,0,12.01
18580,866,895.0,1255.0,0.00,0.00,0.00,0,12.01
18581,865,899.4,1247.6,-0.04,0.06,0.07,0,7.48
18581,866,895.0,1255.0,0.00,0.00,0.00,0,14.04
18582,865,899.4,1247.6,-0.04,0.06,0.07,0,9.52
18584,865,899.4,1247.6,-0.04,0.06,0.07,0,13.29
18585,865,899.3,1247.6,-0.04,0.06,0.07,0,15.46
18667,867,887.0,1241.0,0.00,0.00,0.00,0,12.01
18668,867,887.0,1241.0,0.00,0.00,0.00,0,14.04
18669,867,883.1,1237.1,-0.18,-0.18,0.25,0,7.87
18671,867,883.1,1237.1,-0.18,-0.18,0.25,0,11.52
18672,867,883.1,1237.1,-0.18,-0.18,0.25,0,13.68
18673,867,883.1,1237.1,-0.18,-0.18,0.25,0,16.03
18709,868,382.0,653.0,0.00,0.00,0.00,0,12.01
18710,868,382.0,652.7,0.00,-0.01,0.01,0,7.48
18710,869,378.0,658.0,0.00,0.00,0.00,0,12.01
18711,868,380.7,654.0,-0.08,0.08,0.12,0,6.31
18713,868,380.7,654.1,-0.08,0.08,0.12,0,10.01
18714,868,380.7,654.1,-0.08,0.08,0.12,0,12.12
18715,868,380.7,654.1,-0.08,0.08,0.12,0,14.47
18746,870,711.0,1022.0,0.00,0.00,0.00,0,12.01
18746,871,700.0,1024.0,0.00,0.00,0.00,0,12.01
18748,872,690.0,1025.0,0.00,0.00,0.00,0,12.01
18749,872,690.0,1025.0,0.00,0.00,0.00,0,14.02
18750,872,690.0,1025.0,0.00,0.00,0.00,0,16.04
18752,872,690.0,1025.0,0.00,0.00,0.00,0,19.62
18799,875,1195.0,1309.0,0.00,0.00,0.00,0,12.01
18800,875,1195.0,1309.0,0.00,0.00,0.00,0,14.04
18801,875,1195.0,1309.0,0.00,0.00,0.00,0,16.09
18803,875,1195.0,1309.0,0.00,0.00,0.00,0,19.94
18836,876,1098.0,855.0,0.00,0.00,0.00,0,12.01
18837,876,1098.0,855.0,0.00,0.00,0.00,0,14.04
18838,876,1098.0,855.0,0.00,0.00,0.00,0,16.09
18840,876,1098.0,855.0,0.00,0.00,0.00,0,19.99
18902,877,1061.0,1107.0,0.00,0.00,0.00,0,12.01
18904,879,1042.0,1095.0,0.00,0.00,0.00,0,12.01
18904,880,1051.0,1102.0,0.00,0.00,0.00,0,12.01
18904,881,898.0,1361.0,0.00,0.00,0.00,0,12.01
18905,879,1042.0,1095.0,0.00,0.00,0.00,0,7.47
18905,880,1045.1,1097.1,-0.15,-0.12,0.19,0,7.47
18905,881,893.7,1358.1,-0.10,-0.07,0.13,0,7.47
18906,879,1039.9,1093.2,-0.13,-0.12,0.18,0,6.31
18906,881,891.7,1357.0,-0.23,-0.14,0.27,0,6.31
18908,879,1039.9,1093.2,-0.13,-0.12,0.18,0,9.97
18908,881,891.7,1357.0,-0.23,-0.14,0.27,0,9.97
18909,879,1039.9,1093.2,-0.13,-0.12,0.18,0,12.13
18909,881,891.7,1357.0,-0.23,-0.14,0.27,0,12.13
18910,879,1039.9,1093.2,-0.13,-0.12,0.18,0,14.53
18910,881,891.7,1357.0,-0.23,-0.14,0.27,0,14.53
18966,882,1025.0,339.0,0.00,0.00,0.00,0,12.01
18967,882,1025.0,339.0,0.00,0.00,0.00,0,14.04
18968,882,1025.0,339.0,0.00,0.00,0.00,0,16.09
18970,882,1025.0,339.0,0.00,0.00,0.00,0,20.08
19048,883,897.0,473.0,0.00,0.00,0.00,0,12.01
19049,883,897.0,473.0,0.00,0.00,0.00,0,14.04
19050,883,897.7,473.4,0.03,0.02,0.04,0,7.87
19052,883,897.7,473.4,0.03,0.02,0.04,0,11.50
19053,883,897.7,473.4,0.03,0.02,0.04,0,13.69
19054,883,897.7,473.4,0.03,0.02,0.04,0,16.08
19091,884,1091.0,704.0,0.00,0.00,0.00,0,12.01
19092,884,1091.0,704.0,0.00,0.00,0.00,0,14.04
19093,884,1091.4,704.7,0.02,0.03,0.04,0,7.87
19095,884,1091.4,704.7,0.02,0.03,0.04,0,11.58
19096,884,1091.4,704.7,0.02,0.03,0.04,0,13.69
19097,884,1091.4,704.7,0.02,0.03,0.04,0,16.08
19128,885,1232.0,1141.0,0.00,0.00,0.00,0,12.01
19129,885,1232.0,1141.0,0.00,0.00,0.00,0,14.04
19130,885,1232.0,1141.0,0.00,0.00,0.00,0,16.09
19132,885,1232.0,1141.0,0.00,0.00,0.00,0,19.96
19172,886,681.0,1263.0,0.00,0.00,0.00,0,12.01
19173,886,681.0,1263.0,0.00,0.00,0.00,0,14.04
19174,886,681.0,1263.0,0.00,0.00,0.00,0,16.09
19174,887,956.0,1165.0,0.00,0.00,0.00,0,12.01
19176,886,681.0,1263.0,0.00,0.00,0.00,0,19.99
19176,887,956.0,1165.0,0.00,0.00,0.00,0,15.15
19177,887,956.0,1165.0,0.00,0.00,0.00,0,17.25
19178,887,956.0,1165.0,0.00,0.00,0.00,0,19.50
19220,888,1177.0,900.0,0.00,0.00,0.00,0,12.01
19221,888,1176.7,898.0,-0.01,-0.05,0.05,0,7.47
19222,888,1176.8,897.5,-0.00,-0.08,0.08,0,6.31
19222,889,1171.0,891.0,0.00,0.00,0.00,0,12.01
19224,888,1176.8,897.5,-0.00,-0.08,0.08,0,9.99
19224,889,1171.0,891.0,0.00,0.00,0.00,0,15.15
19225,888,1176.8,897.5,-0.00,-0.08,0.08,0,12.13
19225,889,1171.0,891.0,0.00,0.00,0.00,0,17.25
19226,888,1176.8,897.5,-0.00,-0.08,0.08,0,14.48
19226,889,1171.0,891.0,0.00,0.00,0.00,0,19.50
19258,892,910.0,1323.0,0.00,0.00,0.00,0,12.04
19258,893,916.0,1335.0,0.00,0.00,0.00,0,12.04
19259,892,910.3,1323.3,0.02,0.02,0.02,0,7.49
19259,893,913.0,1329.4,-0.16,-0.29,0.33,0,7.49
19260,892,909.7,1322.2,-0.03,-0.07,0.08,0,6.31
19262,892,909.7,1322.2,-0.03,-0.07,0.08,0,10.04
19263,892,909.7,1322.2,-0.03,-0.07,0.08,0,12.16
19264,892,909.7,1322.2,-0.03,-0.07,0.08,0,14.57
19295,894,1087.0,1194.0,0.00,0.00,0.00,0,12.01
19297,896,1093.0,1200.0,0.00,0.00,0.00,0,12.02
19297,897,1100.0,1205.0,0.00,0.00,0.00,0,12.02
19298,896,1094.6,1201.3,0.06,0.05,0.07,0,7.47
19298,897,1101.6,1206.3,0.06,0.05,0.07,0,7.47
19299,896,1097.0,1203.0,0.21,0.16,0.26,0,6.29
19301,896,1097.1,1203.1,0.21,0.16,0.26,0,9.81
19302,896,1097.1,1203.1,0.21,0.16,0.26,0,12.05
19303,896,1097.1,1203.1,0.21,0.16,0.26,0,14.39
19334,898,1055.0,1189.0,0.00,0.00,0.00,0,12.01
19334,899,1057.0,1203.0,0.00,0.00,0.00,0,12.01
19336,900,1052.0,1151.0,0.00,0.00,0.00,0,12.01
19336,901,1053.0,1165.0,0.00,0.00,0.00,0,12.01
19337,900,1052.0,1151.0,0.00,0.00,0.00,0,7.47
19337,901,1052.3,1156.2,-0.02,-0.21,0.21,0,7.47
19338,900,1051.7,1147.9,-0.02,-0.19,0.19,0,6.30
19340,900,1051.7,1147.9,-0.02,-0.19,0.19,0,9.94
19341,900,1051.7,1147.9,-0.02,-0.19,0.19,0,12.11
19342,900,1051.7,1147.9,-0.02,-0.19,0.19,0,14.46
19377,902,634.0,884.0,0.00,0.00,0.00,0,12.01
19378,902,633.3,880.7,-0.02,-0.08,0.08,0,7.47
19379,902,633.0,879.0,-0.04,-0.19,0.20,0,6.31
19379,903,631.0,866.0,0.00,0.00,0.00,0,12.01
19379,904,895.0,1005.0,0.00,0.00,0.00,0,12.01
19381,902,633.0,878.9,-0.04,-0.19,0.20,0,10.01
19381,903,631.0,866.0,0.00,0.00,0.00,0,15.16
19381,904,895.0,1005.0,0.00,0.00,0.00,0,15.16
19382,902,633.0,878.9,-0.04,-0.19,0.20,0,12.13
19382,903,631.0,866.0,0.00,0.00,0.00,0,17.24
19382,904,895.0,1005.0,0.00,0.00,0.00,0,17.24
19383,902,633.0,878.9,-0.04,-0.19,0.20,0,14.48
19383,903,631.0,866.0,0.00,0.00,0.00,0,19.49
19383,904,895.0,1005.0,0.00,0.00,0.00,0,19.49
19440,905,932.0,1377.0,0.00,0.00,0.00,0,12.01
19441,905,932.0,1377.0,0.00,0.00,0.00,0,14.04
19442,905,932.0,1377.0,0.00,0.00,0.00,0,16.09
19444,905,932.0,1377.0,0.00,0.00,0.00,0,19.95
19495,906,1395.0,815.0,0.00,0.00,0.00,0,12.01
19496,906,1395.0,815.0,0.00,0.00,0.00,0,7.48
19497,906,1395.0,815.0,0.00,0.00,0.00,0,9.52
19499,906,1395.0,815.0,0.00,0.00,0.00,0,13.32
19500,906,1395.0,815.0,0.00,0.00,0.00,0,15.48
19582,909,1191.0,1157.0,0.00,0.00,0.00,0,12.01
19583,909,1190.0,1156.3,-0.03,-0.02,0.03,0,7.48
19583,910,963.0,1363.0,0.00,0.00,0.00,0,12.01
19584,909,1189.2,1155.2,-0.08,-0.09,0.12,0,6.31
19586,909,1189.2,1155.2,-0.08,-0.09,0.12,0,9.96
19587,909,1189.2,1155.2,-0.08,-0.09,0.12,0,12.13
19588,909,1189.2,1155.2,-0.08,-0.09,0.12,0,14.47
19635,913,884.0,923.0,0.00,0.00,0.00,0,12.01
19636,913,883.7,923.0,-0.01,0.00,0.01,0,7.47
19636,914,879.0,932.0,0.00,0.00,0.00,0,12.01
19637,913,882.7,925.1,-0.07,0.13,0.15,0,6.31
19637,914,879.0,932.0,0.00,0.00,0.00,0,14.04
19637,915,978.0,1257.0,0.00,0.00,0.00,0,12.01
19639,913,882.7,925.1,-0.07,0.13,0.15,0,9.97
19639,914,879.0,932.0,0.00,0.00,0.00,0,17.51
19639,915,978.0,1257.0,0.00,0.00,0.00,0,15.13
19640,913,882.7,925.1,-0.07,0.13,0.15,0,12.14
19640,914,879.0,932.0,0.00,0.00,0.00,0,19.66
19640,915,978.0,1257.0,0.00,0.00,0.00,0,17.25
19641,913,882.7,925.1,-0.07,0.13,0.15,0,14.48
19641,915,978.0,1257.0,0.00,0.00,0.00,0,19.50
19672,916,1408.0,1048.0,0.00,0.00,0.00,0,12.01
19672,917,1413.0,1055.0,0.00,0.00,0.00,0,12.01
19672,918,489.0,1109.0,0.00,0.00,0.00,0,12.01
19673,916,1408.7,1049.0,0.02,0.02,0.03,0,7.48
19673,917,1409.7,1052.1,-0.08,-0.07,0.11,0,7.48
19673,918,487.0,1105.1,-0.05,-0.10,0.11,0,7.48
19674,916,1407.7,1048.7,-0.05,0.01,0.05,0,6.31
19674,918,482.4,1096.0,-0.38,-0.74,0.84,0,6.31
19676,916,1407.7,1048.7,-0.05,0.01,0.05,0,10.00
19676,918,482.3,1095.8,-0.38,-0.74,0.84,0,10.00
19677,916,1407.7,1048.7,-0.05,0.01,0.05,0,12.10
19677,918,482.3,1095.8,-0.38,-0.74,0.84,0,12.10
19678,916,1407.7,1048.7,-0.05,0.01,0.05,0,14.50
19678,918,482.3,1095.8,-0.38,-0.74,0.84,0,14.50
19709,919,1311.0,905.0,0.00,0.00,0.00,0,12.01
19709,920,1232.0,1116.0,0.00,0.00,0.00,0,12.01
19720,921,1165.0,1259.0,0.00,0.00,0.00,0,12.01
19721,921,1165.3,1259.0,0.01,0.00,0.01,0,7.48
19721,922,1164.0,1269.0,0.00,0.00,0.00,0,12.01
19722,921,1165.0,1261.3,-0.01,0.16,0.16,0,6.31
19724,921,1165.0,1261.4,-0.01,0.16,0.16,0,9.98
19725,921,1165.0,1261.4,-0.01,0.16,0.16,0,12.15
19726,921,1165.0,1261.4,-0.01,0.16,0.16,0,14.49
19757,923,1090.0,1233.0,0.00,0.00,0.00,0,12.01
19757,924,1094.0,1240.0,0.00,0.00,0.00,0,12.01
19759,926,1090.0,1228.0,0.00,0.00,0.00,0,12.01
19759,927,1197.0,1232.0,0.00,0.00,0.00,0,12.01
19759,928,1197.0,1244.0,0.00,0.00,0.00,0,12.01
19760,926,1090.0,1228.0,0.00,0.00,0.00,0,14.03
19760,927,1197.0,1235.6,0.00,0.08,0.08,0,7.47
19760,928,1197.0,1244.0,0.00,0.00,0.00,0,14.03
19761,927,1197.0,1235.6,0.00,0.08,0.08,0,9.51
19761,926,1090.0,1228.0,0.00,0.00,0.00,0,16.08
19763,927,1197.0,1235.6,0.00,0.08,0.08,0,13.28
19763,926,1090.0,1228.0,0.00,0.00,0.00,0,19.93
19764,927,1197.0,1235.6,0.00,0.08,0.08,0,15.45
19799,929,1069.0,1322.0,0.00,0.00,0.00,0,12.01
19800,929,1069.0,1322.0,0.00,0.00,0.00,0,14.03
19801,929,1069.0,1322.0,0.00,0.00,0.00,0,16.09
19803,929,1069.0,1322.0,0.00,0.00,0.00,0,19.98
19836,930,657.0,905.0,0.00,0.00,0.00,0,12.01
19837,930,657.0,905.0,0.00,0.00,0.00,0,14.04
19837,931,636.0,1007.0,0.00,0.00,0.00,0,12.01
19837,932,629.0,1011.0,0.00,0.00,0.00,0,12.01
19838,930,657.0,905.0,0.00,0.00,0.00,0,16.09
19838,931,634.4,1007.7,-0.04,0.02,0.05,0,7.48
19838,932,629.0,1011.0,0.00,0.00,0.00,0,14.04
19838,933,1348.0,1070.0,0.00,0.00,0.00,0,12.01
19840,930,657.0,905.0,0.00,0.00,0.00,0,20.00
19840,931,634.3,1007.7,-0.04,0.02,0.05,0,10.88
19840,932,629.0,1011.0,0.00,0.00,0.00,0,17.55
19840,933,1348.0,1070.0,0.00,0.00,0.00,0,15.13
19841,931,634.3,1007.7,-0.04,0.02,0.05,0,12.98
19841,932,629.0,1011.0,0.00,0.00,0.00,0,19.65
19841,933,1348.0,1070.0,0.00,0.00,0.00,0,17.22
19842,931,634.3,1007.7,-0.04,0.02,0.05,0,15.33
19842,933,1348.0,1070.0,0.00,0.00,0.00,0,19.51
19873,934,1108.0,1158.0,0.00,0.00,0.00,0,12.01
19873,935,1112.0,1167.0,0.00,0.00,0.00,0,12.01
19874,934,1108.0,1158.3,0.00,0.01,0.01,0,7.48
19874,935,1111.0,1161.1,-0.02,-0.14,0.15,0,7.48
19875,934,1108.3,1156.2,0.02,-0.14,0.14,0,6.30
19877,934,1108.3,1156.1,0.02,-0.14,0.14,0,9.92
19878,934,1108.3,1156.1,0.02,-0.14,0.14,0,12.12
19879,934,1108.3,1156.1,0.02,-0.14,0.14,0,14.52
19910,936,1313.0,978.0,0.00,0.00,0.00,0,12.01
19910,937,1315.0,986.0,0.00,0.00,0.00,0,12.01
19912,938,1316.0,992.0,0.00,0.00,0.00,0,12.01
19912,939,1318.0,1001.0,0.00,0.00,0.00,0,12.01
19913,938,1316.7,994.6,0.01,0.06,0.06,0,7.47
19913,939,1319.0,1003.3,0.02,0.05,0.05,0,7.47
19914,938,1317.8,997.8,0.09,0.26,0.27,0,6.30
19916,938,1317.8,997.9,0.09,0.26,0.27,0,9.94
19917,938,1317.8,997.9,0.09,0.26,0.27,0,12.12
19918,938,1317.8,997.9,0.09,0.26,0.27,0,14.46
19969,940,786.0,1383.0,0.00,0.00,0.00,0,12.01
19970,940,786.7,1381.4,0.02,-0.04,0.04,0,7.47
19971,940,786.7,1381.4,0.02,-0.04,0.04,0,9.52
19973,940,786.7,1381.3,0.02,-0.04,0.04,0,13.32
19974,940,786.7,1381.3,0.02,-0.04,0.04,0,15.47
20008,941,1143.0,1151.0,0.00,0.00,0.00,0,12.01
20009,941,1143.0,1151.3,0.00,0.01,0.01,0,7.47
20009,942,1148.0,1145.0,0.00,0.00,0.00,0,12.01
20010,941,1144.5,1149.7,0.10,-0.09,0.14,0,6.31
20012,941,1144.6,1149.7,0.10,-0.09,0.14,0,9.95
20013,941,1144.6,1149.7,0.10,-0.09,0.14,0,12.11
20014,941,1144.6,1149.7,0.10,-0.09,0.14,0,14.46
20066,944,988.0,1330.0,0.00,0.00,0.00,0,12.01
20067,944,988.3,1329.3,0.01,-0.02,0.02,0,7.48
20068,944,988.3,1329.3,0.01,-0.02,0.02,0,9.52
20070,944,988.3,1329.3,0.01,-0.02,0.02,0,13.27
20071,944,988.3,1329.3,0.01,-0.02,0.02,0,15.46
20103,945,1318.0,1220.0,0.00,0.00,0.00,0,12.01
20104,945,1318.0,1220.0,0.00,0.00,0.00,0,14.04
20104,946,821.0,1048.0,0.00,0.00,0.00,0,12.01
20105,945,1318.0,1220.0,0.00,0.00,0.00,0,16.08
20105,946,820.7,1048.0,-0.01,0.00,0.01,0,7.47
20105,947,829.0,1055.0,0.00,0.00,0.00,0,12.01
20107,945,1318.0,1220.0,0.00,0.00,0.00,0,19.94
20107,946,820.7,1048.0,-0.01,0.00,0.01,0,10.84
20107,947,829.0,1055.0,0.00,0.00,0.00,0,15.10
20108,946,820.7,1048.0,-0.01,0.00,0.01,0,12.99
20108,947,829.0,1055.0,0.00,0.00,0.00,0,17.22
20109,946,820.7,1048.0,-0.01,0.00,0.01,0,15.28
20109,947,829.0,1055.0,0.00,0.00,0.00,0,19.47
20205,948,1440.0,802.0,0.00,0.00,0.00,0,12.01
20206,948,1440.0,806.3,0.00,0.10,0.10,0,7.48
20207,948,1440.0,808.3,0.00,0.23,0.23,0,6.31
20207,949,1446.0,825.0,0.00,0.00,0.00,0,12.01
20207,950,816.0,1080.0,0.00,0.00,0.00,0,12.01
20209,948,1440.0,808.3,0.00,0.23,0.23,0,9.98
20209,949,1446.0,825.0,0.00,0.00,0.00,0,15.13
20209,950,816.0,1080.0,0.00,0.00,0.00,0,15.13
20210,948,1440.0,808.3,0.00,0.23,0.23,0,12.13
20210,949,1446.0,825.0,0.00,0.00,0.00,0,17.24
20210,950,816.0,1080.0,0.00,0.00,0.00,0,17.24
20211,948,1440.0,808.3,0.00,0.23,0.23,0,14.47
20211,949,1446.0,825.0,0.00,0.00,0.00,0,19.49
20211,950,816.0,1080.0,0.00,0.00,0.00,0,19.49
20242,951,893.0,1117.0,0.00,0.00,0.00,0,12.01
20243,951,893.0,1119.6,0.00,0.06,0.06,0,7.48
20244,951,893.0,1119.6,0.00,0.06,0.06,0,9.52
20246,951,893.0,1119.6,0.00,0.06,0.06,0,13.30
20247,951,893.0,1119.6,0.00,0.06,0.06,0,15.46
20297,952,1098.0,1027.0,0.00,0.00,0.00,0,12.01
20303,954,1051.0,1083.0,0.00,0.00,0.00,0,12.01
20305,956,1043.0,1089.0,0.00,0.00,0.00,0,12.01
20306,956,1040.1,1091.0,-0.07,0.05,0.09,0,7.47
20307,956,1040.0,1091.0,-0.07,0.05,0.09,0,9.52
20309,956,1040.0,1091.0,-0.07,0.05,0.09,0,13.29
20310,956,1040.0,1091.0,-0.07,0.05,0.09,0,15.48
20377,957,1419.0,807.0,0.00,0.00,0.00,0,12.01
20378,957,1419.0,807.0,0.00,0.00,0.00,0,14.04
20379,957,1419.0,807.0,0.00,0.00,0.00,0,16.09
20381,957,1419.0,807.0,0.00,0.00,0.00,0,19.95
20502,958,978.0,1050.0,0.00,0.00,0.00,0,12.01
20503,958,978.0,1050.0,0.00,0.00,0.00,0,14.04
20504,958,978.0,1050.0,0.00,0.00,0.00,0,16.09
20506,958,978.0,1050.0,0.00,0.00,0.00,0,19.97
20570,959,983.0,1371.0,0.00,0.00,0.00,0,12.01
20571,959,983.0,1371.0,0.00,0.00,0.00,0,14.04
20572,959,983.0,1371.0,0.00,0.00,0.00,0,16.09
20574,959,983.0,1371.0,0.00,0.00,0.00,0,19.96
20612,960,1413.0,1162.0,0.00,0.00,0.00,0,12.01
20613,960,1412.7,1162.3,-0.01,0.01,0.01,0,7.48
20614,960,1414.6,1161.7,0.12,-0.03,0.13,0,6.31
20614,961,1428.0,1158.0,0.00,0.00,0.00,0,12.01
20616,960,1414.6,1161.7,0.12,-0.03,0.13,0,9.98
20616,961,1428.0,1158.0,0.00,0.00,0.00,0,15.13
20617,960,1414.6,1161.7,0.12,-0.03,0.13,0,12.12
20617,961,1428.0,1158.0,0.00,0.00,0.00,0,17.23
20618,960,1414.6,1161.7,0.12,-0.03,0.13,0,14.46
20618,961,1428.0,1158.0,0.00,0.00,0.00,0,19.47
20690,962,922.0,1082.0,0.00,0.00,0.00,0,12.01
20691,962,922.0,1082.0,0.00,0.00,0.00,0,14.03
20692,962,921.6,1083.1,-0.02,0.05,0.05,0,7.87
20694,962,921.6,1083.1,-0.02,0.05,0.05,0,11.54
20695,962,921.6,1083.1,-0.02,0.05,0.05,0,13.69
20696,962,921.6,1083.1,-0.02,0.05,0.05,0,16.03
20727,963,1188.0,1108.0,0.00,0.00,0.00,0,12.01
20728,963,1188.3,1108.0,0.01,0.00,0.01,0,7.48
20728,964,1182.0,1114.0,0.00,0.00,0.00,0,12.01
20729,963,1185.9,1110.3,-0.16,0.16,0.23,0,6.31
20729,964,1182.0,1114.0,0.00,0.00,0.00,0,14.04
20731,963,1185.9,1110.4,-0.16,0.16,0.23,0,9.97
20731,964,1182.0,1114.0,0.00,0.00,0.00,0,17.53
20732,963,1185.9,1110.4,-0.16,0.16,0.23,0,12.11
20732,964,1182.0,1114.0,0.00,0.00,0.00,0,19.65
20733,963,1185.9,1110.4,-0.16,0.16,0.23,0,14.51
20769,965,1223.0,643.0,0.00,0.00,0.00,0,12.01
20770,965,1222.7,642.3,-0.01,-0.02,0.02,0,7.48
20770,966,1225.0,649.0,0.00,0.00,0.00,0,12.01
20771,965,1222.7,642.3,-0.01,-0.02,0.02,0,9.52
20771,966,1225.0,649.0,0.00,0.00,0.00,0,14.04
20773,965,1222.7,642.3,-0.01,-0.02,0.02,0,13.32
20773,966,1225.0,649.0,0.00,0.00,0.00,0,17.53
20774,965,1222.7,642.3,-0.01,-0.02,0.02,0,15.47
20774,966,1225.0,649.0,0.00,0.00,0.00,0,19.66
20902,967,1476.0,1006.0,0.00,0.00,0.00,0,12.01
20903,967,1476.3,1008.0,0.01,0.05,0.05,0,7.48
20904,967,1476.2,1008.7,0.00,0.10,0.10,0,6.31
20906,967,1476.2,1008.8,0.00,0.10,0.10,0,9.98
20907,967,1476.2,1008.8,0.00,0.10,0.10,0,12.12
20908,967,1476.2,1008.8,0.00,0.10,0.10,0,14.47
20943,968,1098.0,1164.0,0.00,0.00,0.00,0,12.00
20944,968,1098.0,1164.0,0.00,0.00,0.00,0,14.03
20945,968,1098.0,1164.0,0.00,0.00,0.00,0,16.08
20947,968,1098.0,1164.0,0.00,0.00,0.00,0,19.89
20982,969,929.0,1373.0,0.00,0.00,0.00,0,12.01
20983,969,929.0,1373.0,0.00,0.00,0.00,0,14.03
20983,970,502.0,449.0,0.00,0.00,0.00,0,12.01
20984,969,929.0,1373.0,0.00,0.00,0.00,0,16.08
20984,970,502.0,449.0,0.00,0.00,0.00,0,14.04
20986,969,929.0,1373.0,0.00,0.00,0.00,0,19.93
20986,970,502.0,449.0,0.00,0.00,0.00,0,17.50
20987,970,502.0,449.0,0.00,0.00,0.00,0,19.65
21019,971,778.0,1390.0,0.00,0.00,0.00,0,12.01
21019,972,788.0,1393.0,0.00,0.00,0.00,0,12.01
21020,971,778.0,1390.0,0.00,0.00,0.00,0,14.04
21020,972,788.0,1393.0,0.00,0.00,0.00,0,14.04
21021,971,777.3,1390.7,-0.03,0.03,0.05,0,7.87
21023,971,777.3,1390.7,-0.03,0.03,0.05,0,11.50
21024,971,777.3,1390.7,-0.03,0.03,0.05,0,13.66
21025,971,777.3,1390.7,-0.03,0.03,0.05,0,16.01
21056,973,1425.0,1084.0,0.00,0.00,0.00,0,12.01
21057,973,1423.4,1083.3,-0.04,-0.02,0.04,0,7.48
21058,973,1422.2,1083.0,-0.12,-0.04,0.13,0,6.31
21058,974,1413.0,1080.0,0.00,0.00,0.00,0,12.01
21060,973,1422.2,1083.0,-0.12,-0.04,0.13,0,9.96
21060,974,1413.0,1080.0,0.00,0.00,0.00,0,15.12
21061,973,1422.2,1083.0,-0.12,-0.04,0.13,0,12.11
21061,974,1413.0,1080.0,0.00,0.00,0.00,0,17.22
21062,973,1422.2,1083.0,-0.12,-0.04,0.13,0,14.46
21062,974,1413.0,1080.0,0.00,0.00,0.00,0,19.47
21094,977,1314.0,1080.0,0.00,0.00,0.00,0,12.01
21094,978,1303.0,1082.0,0.00,0.00,0.00,0,12.01
21095,977,1313.3,1080.3,-0.02,0.01,0.02,0,7.47
21095,978,1309.6,1081.0,0.18,-0.03,0.18,0,7.47
21096,977,1315.6,1080.0,0.12,-0.01,0.13,0,6.31
21098,977,1315.6,1080.0,0.12,-0.01,0.13,0,9.95
21099,977,1315.6,1080.0,0.12,-0.01,0.13,0,12.12
21100,977,1315.6,1080.0,0.12,-0.01,0.13,0,14.52
21162,979,1074.0,826.0,0.00,0.00,0.00,0,12.01
21163,979,1074.0,826.3,0.00,0.01,0.01,0,7.48
21163,980,1075.0,821.0,0.00,0.00,0.00,0,12.01
21164,979,1074.3,825.2,0.02,-0.07,0.07,0,6.31
21164,980,1075.7,819.4,0.02,-0.04,0.05,0,7.47
21166,979,1074.3,825.2,0.02,-0.07,0.07,0,9.95
21166,980,1075.7,819.4,0.02,-0.04,0.05,0,10.85
21167,979,1074.3,825.2,0.02,-0.07,0.07,0,12.13
21167,980,1075.7,819.3,0.02,-0.04,0.05,0,13.00
21168,979,1074.3,825.2,0.02,-0.07,0.07,0,14.49
21168,980,1075.7,819.3,0.02,-0.04,0.05,0,15.31
21240,981,1453.0,895.0,0.00,0.00,0.00,0,12.01
21241,981,1452.7,895.0,-0.01,0.00,0.01,0,7.47
21241,982,1441.0,889.0,0.00,0.00,0.00,0,12.01
21242,981,1449.9,893.5,-0.18,-0.10,0.20,0,6.31
21242,982,1437.4,887.7,-0.08,-0.03,0.09,0,7.48
21244,981,1449.9,893.4,-0.18,-0.10,0.20,0,9.97
21244,982,1437.4,887.7,-0.08,-0.03,0.09,0,10.86
21245,981,1449.9,893.4,-0.18,-0.10,0.20,0,12.13
21245,982,1437.4,887.7,-0.08,-0.03,0.09,0,13.01
21246,981,1449.9,893.4,-0.18,-0.10,0.20,0,14.48
21246,982,1437.4,887.7,-0.08,-0.03,0.09,0,15.30
21278,983,929.0,1344.0,0.00,0.00,0.00,0,12.04
21280,985,915.0,1333.0,0.00,0.00,0.00,0,12.01
21280,986,922.0,1337.0,0.00,0.00,0.00,0,12.01
21281,985,914.7,1333.3,-0.01,0.01,0.01,0,7.47
21281,986,922.0,1337.0,0.00,0.00,0.00,0,14.03
21281,987,789.0,1241.0,0.00,0.00,0.00,0,12.01
21281,988,784.0,1251.0,0.00,0.00,0.00,0,12.01
21282,985,914.0,1333.2,-0.05,0.00,0.05,0,6.30
21284,985,914.0,1333.2,-0.05,0.00,0.05,0,9.96
21285,985,914.0,1333.2,-0.05,0.00,0.05,0,12.10
21286,985,914.0,1333.2,-0.05,0.00,0.05,0,14.45
21317,989,1169.0,1294.0,0.00,0.00,0.00,0,12.01
21317,990,1163.0,1301.0,0.00,0.00,0.00,0,12.01
21325,991,1401.0,1126.0,0.00,0.00,0.00,0,12.01
21326,991,1400.3,1126.3,-0.02,0.01,0.02,0,7.48
21327,991,1400.3,1126.3,-0.02,0.01,0.02,0,9.52
21329,991,1400.3,1126.3,-0.02,0.01,0.02,0,13.29
21330,991,1400.3,1126.3,-0.02,0.01,0.02,0,15.47
21362,992,1176.0,824.0,0.00,0.00,0.00,0,12.01
21362,993,1082.0,1051.0,0.00,0.00,0.00,0,12.01
21364,994,1075.0,1054.0,0.00,0.00,0.00,0,12.01
21364,995,1080.0,1055.0,0.00,0.00,0.00,0,12.01
21365,994,1075.7,1054.3,0.01,0.01,0.02,0,7.47
21365,995,1077.4,1054.7,-0.06,-0.01,0.06,0,7.47
21366,994,1075.2,1054.2,-0.01,0.00,0.01,0,6.30
21368,994,1075.2,1054.2,-0.01,0.00,0.01,0,9.95
21369,994,1075.2,1054.2,-0.01,0.00,0.01,0,12.12
21370,994,1075.2,1054.2,-0.01,0.00,0.01,0,14.47
21403,998,800.0,1171.0,0.00,0.00,0.00,0,12.01
21403,999,792.0,1174.0,0.00,0.00,0.00,0,12.01
21404,998,798.0,1172.0,-0.04,0.02,0.05,0,7.47
21404,999,789.4,1175.0,-0.06,0.02,0.06,0,7.47
21405,998,794.7,1173.3,-0.23,0.09,0.25,0,6.30
21407,998,794.6,1173.3,-0.23,0.09,0.25,0,9.95
21408,998,794.6,1173.3,-0.23,0.09,0.25,0,12.10
21409,998,794.6,1173.3,-0.23,0.09,0.25,0,14.44
21444,1000,592.0,911.0,0.00,0.00,0.00,0,12.01
21445,1000,592.0,911.0,0.00,0.00,0.00,0,14.04
21445,1001,441.0,919.0,0.00,0.00,0.00,0,12.01
21446,1000,592.0,911.0,0.00,0.00,0.00,0,16.08
21446,1001,441.0,919.0,0.00,0.00,0.00,0,14.04
21448,1000,592.0,911.0,0.00,0.00,0.00,0,19.93
21448,1001,441.0,919.0,0.00,0.00,0.00,0,17.51
21449,1001,441.0,919.0,0.00,0.00,0.00,0,19.67
21496,1002,1037.0,1229.0,0.00,0.00,0.00,0,12.01
21497,1002,1037.0,1229.0,0.00,0.00,0.00,0,14.04
21498,1002,1037.0,1229.0,0.00,0.00,0.00,0,16.09
21500,1002,1037.0,1229.0,0.00,0.00,0.00,0,19.97
21533,1003,1232.0,884.0,0.00,0.00,0.00,0,12.01
21534,1003,1232.0,884.0,0.00,0.00,0.00,0,14.04
21535,1003,1232.0,884.0,0.00,0.00,0.00,0,16.09
21537,1003,1232.0,884.0,0.00,0.00,0.00,0,20.00
21571,1006,523.0,1196.0,0.00,0.00,0.00,0,12.01
21571,1007,524.0,1205.0,0.00,0.00,0.00,0,12.01
21572,1006,523.0,1198.6,0.00,0.07,0.07,0,7.47
21572,1007,524.0,1207.3,0.00,0.06,0.06,0,7.47
21573,1006,523.3,1201.5,0.02,0.26,0.26,0,6.31
21575,1006,523.3,1201.6,0.02,0.26,0.26,0,9.98
21576,1006,523.3,1201.6,0.02,0.26,0.26,0,12.11
21577,1006,523.3,1201.6,0.02,0.26,0.26,0,14.45
21625,1008,951.0,623.0,0.00,0.00,0.00,0,12.01
21626,1008,951.0,623.0,0.00,0.00,0.00,0,14.04
21627,1008,949.9,621.6,-0.05,-0.06,0.08,0,7.87
21629,1008,949.9,621.6,-0.05,-0.06,0.08,0,11.54
21630,1008,949.9,621.6,-0.05,-0.06,0.08,0,13.69
21631,1008,949.9,621.6,-0.05,-0.06,0.08,0,16.04
21663,1009,762.0,1360.0,0.00,0.00,0.00,0,12.03
21664,1009,762.0,1360.0,0.00,0.00,0.00,0,14.07
21665,1009,761.6,1358.2,-0.02,-0.11,0.11,0,7.86
21667,1009,761.6,1358.2,-0.02,-0.11,0.11,0,11.41
21668,1009,761.6,1358.2,-0.02,-0.11,0.11,0,13.53
21669,1009,761.6,1358.2,-0.02,-0.11,0.11,0,15.92
21718,1010,771.0,1275.0,0.00,0.00,0.00,0,12.01
21719,1010,771.0,1275.0,0.00,0.00,0.00,0,14.04
21720,1010,771.0,1275.0,0.00,0.00,0.00,0,16.09
21722,1010,771.0,1275.0,0.00,0.00,0.00,0,19.95
21756,1011,560.0,847.0,0.00,0.00,0.00,0,12.01
21757,1011,562.6,848.0,0.07,0.03,0.08,0,7.47
21758,1011,563.7,848.2,0.15,0.04,0.15,0,6.30
21758,1012,575.0,853.0,0.00,0.00,0.00,0,12.01
21760,1011,563.8,848.3,0.15,0.04,0.15,0,9.93
21760,1012,575.0,853.0,0.00,0.00,0.00,0,15.11
21761,1011,563.8,848.3,0.15,0.04,0.15,0,12.12
21761,1012,575.0,853.0,0.00,0.00,0.00,0,17.24
21762,1011,563.8,848.3,0.15,0.04,0.15,0,14.48
21762,1012,575.0,853.0,0.00,0.00,0.00,0,19.50
21794,1013,1096.0,705.0,0.00,0.00,0.00,0,12.01
21794,1014,1089.0,708.0,0.00,0.00,0.00,0,12.01
21796,1015,1086.0,710.0,0.00,0.00,0.00,0,12.01
21796,1016,1075.0,712.0,0.00,0.00,0.00,0,12.01
21797,1015,1083.1,710.7,-0.07,0.02,0.07,0,7.47
21797,1016,1072.1,712.3,-0.07,0.01,0.07,0,7.47
21798,1015,1079.2,711.0,-0.32,0.04,0.32,0,6.30
21800,1015,1079.1,711.0,-0.32,0.04,0.32,0,9.95
21801,1015,1079.1,711.0,-0.32,0.04,0.32,0,12.10
21802,1015,1079.1,711.0,-0.32,0.04,0.32,0,14.50
21844,1017,1347.0,1010.0,0.00,0.00,0.00,0,12.01
21845,1017,1347.0,1010.3,0.00,0.01,0.01,0,7.48
21845,1018,1344.0,1003.0,0.00,0.00,0.00,0,12.01
21846,1017,1346.5,1008.7,-0.04,-0.10,0.11,0,6.31
21848,1017,1346.5,1008.7,-0.04,-0.10,0.11,0,9.99
21849,1017,1346.5,1008.7,-0.04,-0.10,0.11,0,12.12
21850,1017,1346.5,1008.7,-0.04,-0.10,0.11,0,14.47
21901,1019,1443.0,1116.0,0.00,0.00,0.00,0,12.01
21902,1019,1441.4,1116.3,-0.04,0.01,0.04,0,7.48
21903,1019,1441.4,1116.3,-0.04,0.01,0.04,0,9.52
21905,1019,1441.3,1116.3,-0.04,0.01,0.04,0,13.27
21906,1019,1441.3,1116.3,-0.04,0.01,0.04,0,15.47
22009,1022,872.0,1284.0,0.00,0.00,0.00,0,12.01
22010,1022,868.7,1283.3,-0.08,-0.02,0.08,0,7.47
22011,1022,868.7,1283.3,-0.08,-0.02,0.08,0,9.52
22013,1022,868.7,1283.3,-0.08,-0.02,0.08,0,13.31
22014,1022,868.7,1283.3,-0.08,-0.02,0.08,0,15.46
22168,1023,766.0,1271.0,0.00,0.00,0.00,0,12.01
22169,1023,766.3,1271.0,0.01,0.00,0.01,0,7.48
22170,1023,766.3,1271.0,0.01,0.00,0.01,0,9.52
22172,1023,766.3,1271.0,0.01,0.00,0.01,0,13.27
22173,1023,766.3,1271.0,0.01,0.00,0.01,0,15.46
22205,1024,1031.0,417.0,0.00,0.00,0.00,0,12.01
22206,1024,1030.3,417.3,-0.02,0.01,0.02,0,7.48
22207,1024,1030.3,417.3,-0.02,0.01,0.02,0,9.51
22209,1024,1030.3,417.3,-0.02,0.01,0.02,0,13.32
22210,1024,1030.3,417.3,-0.02,0.01,0.02,0,15.46
22315,1027,482.0,885.0,0.00,0.00,0.00,0,12.01
22316,1027,482.0,885.0,0.00,0.00,0.00,0,14.04
22317,1027,482.0,885.0,0.00,0.00,0.00,0,16.09
22319,1027,482.0,885.0,0.00,0.00,0.00,0,19.99
22364,1028,635.0,1179.0,0.00,0.00,0.00,0,12.01
22365,1028,635.0,1178.7,0.00,-0.01,0.01,0,7.47
22366,1028,635.0,1178.7,0.00,-0.01,0.01,0,9.52
22368,1028,635.0,1178.7,0.00,-0.01,0.01,0,13.30
22369,1028,635.0,1178.7,0.00,-0.01,0.01,0,15.47
22412,1029,1025.0,806.0,0.00,0.00,0.00,0,12.01
22413,1029,1025.0,806.0,0.00,0.00,0.00,0,14.04
22414,1029,1025.0,806.0,0.00,0.00,0.00,0,16.09
22416,1029,1025.0,806.0,0.00,0.00,0.00,0,19.97
22542,1030,1861.0,887.0,0.00,0.00,0.00,0,12.01
22543,1030,1861.0,887.0,0.00,0.00,0.00,0,7.48
22544,1030,1861.0,887.0,0.00,0.00,0.00,0,9.52
22546,1030,1861.0,887.0,0.00,0.00,0.00,0,13.32
22547,1030,1861.0,887.0,0.00,0.00,0.00,0,15.47
22586,1031,1021.0,1359.0,0.00,0.00,0.00,0,12.01
22587,1031,1021.0,1359.0,0.00,0.00,0.00,0,14.02
22588,1031,1021.0,1359.0,0.00,0.00,0.00,0,16.06
22590,1031,1021.0,1359.0,0.00,0.00,0.00,0,19.85
22633,1032,1275.0,1074.0,0.00,0.00,0.00,0,12.01
22634,1032,1275.0,1074.0,0.00,0.00,0.00,0,14.04
22635,1032,1275.0,1074.0,0.00,0.00,0.00,0,16.09
22637,1032,1275.0,1074.0,0.00,0.00,0.00,0,19.97
22670,1033,1190.0,1107.0,0.00,0.00,0.00,0,12.01
22670,1034,1202.0,1113.0,0.00,0.00,0.00,0,12.01
22672,1035,1173.0,1098.0,0.00,0.00,0.00,0,12.01
22672,1036,1181.0,1103.0,0.00,0.00,0.00,0,12.01
22673,1035,1173.3,1098.3,0.01,0.01,0.01,0,7.47
22673,1036,1176.1,1100.1,-0.10,-0.06,0.12,0,7.47
22673,1037,918.0,753.0,0.00,0.00,0.00,0,12.01
22674,1035,1171.7,1097.5,-0.10,-0.05,0.11,0,6.31
22676,1035,1171.7,1097.5,-0.10,-0.05,0.11,0,9.95
22677,1035,1171.7,1097.5,-0.10,-0.05,0.11,0,12.12
22678,1035,1171.7,1097.5,-0.10,-0.05,0.11,0,14.46
22717,1039,1225.0,1235.0,0.00,0.00,0.00,0,12.01
22718,1039,1225.0,1234.7,0.00,-0.01,0.01,0,7.48
22718,1040,1220.0,1241.0,0.00,0.00,0.00,0,12.01
22719,1039,1222.7,1237.3,-0.15,0.17,0.23,0,6.30
22721,1039,1222.6,1237.4,-0.15,0.17,0.23,0,9.91
22722,1039,1222.6,1237.4,-0.15,0.17,0.23,0,12.14
22723,1039,1222.6,1237.4,-0.15,0.17,0.23,0,14.48
22838,1041,1286.0,1242.0,0.00,0.00,0.00,0,12.01
22839,1041,1288.0,1243.0,0.05,0.02,0.05,0,7.48
22840,1041,1288.5,1243.2,0.08,0.04,0.09,0,6.31
22842,1041,1288.5,1243.3,0.08,0.04,0.09,0,9.94
22843,1041,1288.5,1243.3,0.08,0.04,0.09,0,12.13
22844,1041,1288.5,1243.3,0.08,0.04,0.09,0,14.52
22960,1042,1165.0,1318.0,0.00,0.00,0.00,0,12.01
22961,1042,1168.6,1319.6,0.09,0.04,0.10,0,7.47
22962,1042,1170.3,1320.2,0.20,0.08,0.21,0,6.31
22964,1042,1170.3,1320.3,0.20,0.08,0.21,0,9.95
22965,1042,1170.3,1320.3,0.20,0.08,0.21,0,12.13
22966,1042,1170.3,1320.3,0.20,0.08,0.21,0,14.47
23204,1044,907.0,1066.0,0.00,0.00,0.00,0,12.01
23205,1044,906.7,1066.3,-0.01,0.01,0.01,0,7.47
23206,1044,906.0,1063.4,-0.05,-0.18,0.19,0,6.31
23206,1045,894.0,1043.0,0.00,0.00,0.00,0,12.01
23208,1044,906.0,1063.4,-0.05,-0.18,0.19,0,9.95
23208,1045,894.0,1043.0,0.00,0.00,0.00,0,15.12
23209,1044,906.0,1063.4,-0.05,-0.18,0.19,0,12.13
23209,1045,894.0,1043.0,0.00,0.00,0.00,0,17.24
23210,1044,906.0,1063.4,-0.05,-0.18,0.19,0,14.53
23210,1045,894.0,1043.0,0.00,0.00,0.00,0,19.53
23243,1046,915.0,475.0,0.00,0.00,0.00,0,12.01
23245,1048,910.0,452.0,0.00,0.00,0.00,0,12.01
23245,1049,912.0,465.0,0.00,0.00,0.00,0,12.01
23245,1050,1054.0,1349.0,0.00,0.00,0.00,0,12.01
23246,1048,910.0,452.3,0.00,0.01,0.01,0,7.47
23246,1049,911.0,456.5,-0.02,-0.21,0.21,0,7.47
23246,1050,1049.1,1349.0,-0.12,0.00,0.12,0,7.47
23247,1048,909.7,449.2,-0.02,-0.20,0.20,0,6.31
23247,1050,1047.0,1349.0,-0.26,0.00,0.26,0,6.31
23249,1048,909.7,449.1,-0.02,-0.20,0.20,0,9.97
23249,1050,1046.9,1349.0,-0.26,0.00,0.26,0,9.97
23250,1048,909.7,449.1,-0.02,-0.20,0.20,0,12.13
23250,1050,1046.9,1349.0,-0.26,0.00,0.26,0,12.13
23251,1048,909.7,449.1,-0.02,-0.20,0.20,0,14.48
23251,1050,1046.9,1349.0,-0.26,0.00,0.26,0,14.48
23284,1052,1038.0,675.0,0.00,0.00,0.00,0,12.01
23285,1052,1038.0,675.0,0.00,0.00,0.00,0,14.03
23286,1052,1038.0,675.0,0.00,0.00,0.00,0,16.08
23288,1052,1038.0,675.0,0.00,0.00,0.00,0,19.96
23321,1053,889.0,1140.0,0.00,0.00,0.00,0,12.01
23321,1054,905.0,1142.0,0.00,0.00,0.00,0,12.01
23323,1055,879.0,1141.0,0.00,0.00,0.00,0,12.01
23324,1055,879.0,1141.0,0.00,0.00,0.00,0,14.03
23325,1055,879.0,1141.0,0.00,0.00,0.00,0,16.08
23327,1055,879.0,1141.0,0.00,0.00,0.00,0,19.94
23374,1056,1060.0,629.0,0.00,0.00,0.00,0,12.01
23375,1056,1060.0,629.0,0.00,0.00,0.00,0,14.04
23376,1056,1060.4,631.5,0.02,0.12,0.12,0,7.87
23378,1056,1060.4,631.5,0.02,0.12,0.12,0,11.54
23379,1056,1060.4,631.5,0.02,0.12,0.12,0,13.70
23380,1056,1060.4,631.5,0.02,0.12,0.12,0,16.04
23492,1057,908.0,315.0,0.00,0.00,0.00,0,12.01
23494,1059,900.0,288.0,0.00,0.00,0.00,0,12.01
23494,1060,905.0,300.0,0.00,0.00,0.00,0,12.01
23495,1059,900.0,288.3,0.00,0.01,0.01,0,7.47
23495,1060,901.4,292.5,-0.09,-0.19,0.21,0,7.47
23496,1059,898.5,285.4,-0.10,-0.18,0.20,0,6.31
23498,1059,898.4,285.4,-0.10,-0.18,0.20,0,9.99
23499,1059,898.4,285.4,-0.10,-0.18,0.20,0,12.14
23500,1059,898.4,285.4,-0.10,-0.18,0.20,0,14.48
23566,1061,1201.0,1292.0,0.00,0.00,0.00,0,12.01
23567,1061,1201.0,1292.0,0.00,0.00,0.00,0,7.47
23567,1062,1191.0,1291.0,0.00,0.00,0.00,0,12.01
23568,1061,1198.9,1291.7,-0.11,-0.01,0.12,0,6.30
23570,1061,1198.9,1291.7,-0.11,-0.01,0.12,0,9.96
23571,1061,1198.9,1291.7,-0.11,-0.01,0.12,0,12.10
23572,1061,1198.9,1291.7,-0.11,-0.01,0.12,0,14.44
23605,1063,890.0,1366.0,0.00,0.00,0.00,0,12.01
23606,1063,889.7,1365.7,-0.01,-0.01,0.01,0,7.47
23606,1064,896.0,1375.0,0.00,0.00,0.00,0,12.01
23607,1063,891.0,1368.1,0.08,0.14,0.17,0,6.30
23609,1063,891.1,1368.1,0.08,0.14,0.17,0,9.98
23610,1063,891.1,1368.1,0.08,0.14,0.17,0,12.11
23611,1063,891.1,1368.1,0.08,0.14,0.17,0,14.45
23745,1065,1436.0,1065.0,0.00,0.00,0.00,0,12.01
23746,1065,1431.1,1063.4,-0.12,-0.04,0.13,0,7.48
23747,1065,1427.2,1061.2,-0.38,-0.18,0.42,0,6.31
23749,1065,1427.1,1061.2,-0.38,-0.18,0.42,0,9.96
23750,1065,1427.1,1061.2,-0.38,-0.18,0.42,0,12.12
23751,1065,1427.1,1061.2,-0.38,-0.18,0.42,0,14.47
23788,1068,1098.0,1220.0,0.00,0.00,0.00,0,12.01
23788,1069,1107.0,1230.0,0.00,0.00,0.00,0,12.01
23789,1068,1098.0,1220.0,0.00,0.00,0.00,0,7.47
23789,1069,1101.1,1223.4,-0.15,-0.16,0.22,0,7.47
23790,1068,1098.0,1220.0,0.00,0.00,0.00,0,9.51
23792,1068,1098.0,1220.0,0.00,0.00,0.00,0,13.27
23793,1068,1098.0,1220.0,0.00,0.00,0.00,0,15.47
23827,1070,970.0,872.0,0.00,0.00,0.00,0,12.01
23828,1070,968.0,871.0,-0.04,-0.02,0.04,0,7.46
23829,1070,966.0,870.0,-0.12,-0.06,0.13,0,6.29
23831,1070,965.9,870.0,-0.12,-0.06,0.13,0,9.78
23832,1070,965.9,870.0,-0.12,-0.06,0.13,0,12.02
23833,1070,965.9,870.0,-0.12,-0.06,0.13,0,14.33
23864,1071,793.0,1201.0,0.00,0.00,0.00,0,12.01
23865,1071,793.0,1201.0,0.00,0.00,0.00,0,14.04
23866,1071,793.0,1201.0,0.00,0.00,0.00,0,16.09
23868,1071,793.0,1201.0,0.00,0.00,0.00,0,19.96
23901,1072,1208.0,497.0,0.00,0.00,0.00,0,12.01
23902,1072,1207.7,498.3,-0.01,0.03,0.03,0,7.52
23903,1072,1207.2,500.0,-0.06,0.23,0.24,0,6.33
23905,1072,1207.2,500.1,-0.06,0.23,0.24,0,10.07
23906,1072,1207.2,500.1,-0.06,0.23,0.24,0,12.27
23907,1072,1207.2,500.1,-0.06,0.23,0.24,0,14.62
23966,1073,867.0,1043.0,0.00,0.00,0.00,0,12.01
23968,1075,858.0,1053.0,0.00,0.00,0.00,0,12.01
23968,1076,512.0,1142.0,0.00,0.00,0.00,0,12.01
23969,1075,856.7,1054.0,-0.03,0.02,0.04,0,7.47
23969,1076,511.7,1142.0,-0.01,0.00,0.01,0,7.47
23969,1077,517.0,1134.0,0.00,0.00,0.00,0,12.01
23970,1075,856.3,1054.5,-0.06,0.06,0.08,0,6.31
23970,1076,513.0,1140.2,0.08,-0.11,0.14,0,6.31
23972,1075,856.2,1054.5,-0.06,0.06,0.08,0,10.00
23972,1076,513.1,1140.2,0.08,-0.11,0.14,0,10.00
23973,1075,856.2,1054.5,-0.06,0.06,0.08,0,12.13
23973,1076,513.1,1140.2,0.08,-0.11,0.14,0,12.13
23974,1075,856.2,1054.5,-0.06,0.06,0.08,0,14.49
23974,1076,513.1,1140.2,0.08,-0.11,0.14,0,14.49
24022,1078,1153.0,1350.0,0.00,0.00,0.00,0,12.01
24023,1078,1152.0,1349.0,-0.02,-0.02,0.03,0,7.48
24024,1078,1152.0,1349.0,-0.02,-0.02,0.03,0,9.52
24026,1078,1152.0,1349.0,-0.02,-0.02,0.03,0,13.32
24027,1078,1152.0,1349.0,-0.02,-0.02,0.03,0,15.47
24074,1079,449.0,786.0,0.00,0.00,0.00,0,12.01
24075,1079,449.0,786.0,0.00,0.00,0.00,0,7.48
24076,1079,450.8,780.6,0.12,-0.36,0.38,0,6.31
24078,1079,450.8,780.5,0.12,-0.36,0.38,0,10.01
24079,1079,450.8,780.5,0.12,-0.36,0.38,0,12.13
24080,1079,450.8,780.5,0.12,-0.36,0.38,0,14.54
24118,1080,778.0,1291.0,0.00,0.00,0.00,0,12.01
24119,1080,778.0,1292.0,0.00,0.02,0.02,0,7.48
24119,1081,779.0,1280.0,0.00,0.00,0.00,0,12.01
24120,1080,778.3,1289.2,0.02,-0.16,0.16,0,6.31
24122,1080,778.3,1289.1,0.02,-0.16,0.16,0,10.00
24123,1080,778.3,1289.1,0.02,-0.16,0.16,0,12.15
24124,1080,778.3,1289.1,0.02,-0.16,0.16,0,14.48
24171,1082,1292.0,1037.0,0.00,0.00,0.00,0,12.01
24172,1082,1292.0,1037.0,0.00,0.00,0.00,0,7.48
24172,1083,1290.0,1025.0,0.00,0.00,0.00,0,12.01
24173,1082,1291.5,1033.9,-0.03,-0.21,0.21,0,6.31
24173,1083,1289.7,1021.7,-0.01,-0.09,0.09,0,7.47
24175,1082,1291.5,1033.9,-0.03,-0.21,0.21,0,9.96
24175,1083,1289.7,1021.7,-0.01,-0.09,0.09,0,10.86
24176,1082,1291.5,1033.9,-0.03,-0.21,0.21,0,12.13
24176,1083,1289.7,1021.7,-0.01,-0.09,0.09,0,13.00
24177,1082,1291.5,1033.8,-0.03,-0.21,0.21,0,14.47
24177,1083,1289.7,1021.7,-0.01,-0.09,0.09,0,15.30
24381,1084,1449.0,869.0,0.00,0.00,0.00,0,12.01
24382,1084,1442.4,868.7,-0.16,-0.01,0.16,0,7.48
24383,1084,1442.4,868.7,-0.16,-0.01,0.16,0,9.52
24385,1084,1442.4,868.7,-0.16,-0.01,0.16,0,13.30
24386,1084,1442.4,868.7,-0.16,-0.01,0.16,0,15.47
24469,1085,912.0,1395.0,0.00,0.00,0.00,0,12.01
24470,1085,912.0,1395.0,0.00,0.00,0.00,0,14.04
24471,1085,912.7,1392.9,0.03,-0.10,0.10,0,7.87
24473,1085,912.7,1392.9,0.03,-0.10,0.10,0,11.53
24474,1085,912.7,1392.9,0.03,-0.10,0.10,0,13.68
24475,1085,912.7,1392.9,0.03,-0.10,0.10,0,16.03
24517,1086,1178.0,1253.0,0.00,0.00,0.00,0,12.01
24518,1086,1178.0,1253.0,0.00,0.00,0.00,0,14.04
24519,1086,1178.0,1253.0,0.00,0.00,0.00,0,16.09
24521,1086,1178.0,1253.0,0.00,0.00,0.00,0,19.95
24575,1087,766.0,442.0,0.00,0.00,0.00,0,12.01
24576,1087,766.0,442.0,0.00,0.00,0.00,0,14.04
24577,1087,766.0,442.0,0.00,0.00,0.00,0,16.09
24579,1087,766.0,442.0,0.00,0.00,0.00,0,19.99
24612,1088,740.0,622.0,0.00,0.00,0.00,0,12.01
24613,1088,738.4,621.3,-0.04,-0.02,0.04,0,7.53
24613,1089,725.0,613.0,0.00,0.00,0.00,0,12.05
24614,1088,735.2,619.4,-0.44,-0.25,0.51,0,6.33
24614,1089,723.0,612.0,-0.11,-0.06,0.12,0,7.49
24616,1088,735.0,619.4,-0.44,-0.25,0.51,0,10.05
24616,1089,723.0,612.0,-0.11,-0.06,0.12,0,10.90
24617,1088,735.0,619.4,-0.44,-0.25,0.51,0,12.23
24617,1089,723.0,612.0,-0.11,-0.06,0.12,0,13.05
24618,1088,735.0,619.4,-0.44,-0.25,0.51,0,14.65
24618,1089,723.0,612.0,-0.11,-0.06,0.12,0,15.41
24695,1090,1038.0,1328.0,0.00,0.00,0.00,0,12.01
24697,1092,1030.0,1326.0,0.00,0.00,0.00,0,12.01
24697,1093,1022.0,1332.0,0.00,0.00,0.00,0,12.01
24698,1092,1027.4,1327.3,-0.07,0.03,0.07,0,7.47
24698,1093,1022.0,1332.0,0.00,0.00,0.00,0,14.04
24699,1092,1027.4,1327.3,-0.07,0.03,0.07,0,9.52
24701,1092,1027.4,1327.3,-0.07,0.03,0.07,0,13.34
24702,1092,1027.4,1327.3,-0.07,0.03,0.07,0,15.47
24794,1094,1384.0,1092.0,0.00,0.00,0.00,0,12.01
24795,1094,1384.0,1092.0,0.00,0.00,0.00,0,14.04
24796,1094,1384.0,1092.0,0.00,0.00,0.00,0,16.09
24798,1094,1384.0,1092.0,0.00,0.00,0.00,0,19.96
24831,1095,1270.0,918.0,0.00,0.00,0.00,0,12.01
24832,1095,1270.0,918.0,0.00,0.00,0.00,0,14.09
24833,1095,1270.0,918.0,0.00,0.00,0.00,0,16.14
24835,1095,1270.0,918.0,0.00,0.00,0.00,0,20.13
24869,1096,1081.0,1230.0,0.00,0.00,0.00,0,12.03
24870,1096,1083.0,1229.7,0.09,-0.02,0.10,0,7.48
24871,1096,1083.0,1229.7,0.09,-0.02,0.10,0,9.50
24873,1096,1083.0,1229.7,0.09,-0.02,0.10,0,13.16
24874,1096,1083.0,1229.7,0.09,-0.02,0.10,0,15.28
24984,1097,1080.0,1138.0,0.00,0.00,0.00,0,12.01
24985,1097,1080.0,1138.0,0.00,0.00,0.00,0,7.48
24986,1097,1080.0,1138.0,0.00,0.00,0.00,0,9.51
24988,1097,1080.0,1138.0,0.00,0.00,0.00,0,13.25
24989,1097,1080.0,1138.0,0.00,0.00,0.00,0,15.47
25033,1098,793.0,1193.0,0.00,0.00,0.00,0,12.01
25034,1098,793.0,1193.0,0.00,0.00,0.00,0,14.04
25035,1098,793.0,1193.0,0.00,0.00,0.00,0,16.09
25037,1098,793.0,1193.0,0.00,0.00,0.00,0,19.95
25071,1099,1020.0,898.0,0.00,0.00,0.00,0,12.01
25072,1099,1020.0,897.7,0.00,-0.01,0.01,0,7.47
25072,1100,1022.0,908.0,0.00,0.00,0.00,0,12.01
25073,1099,1020.5,900.1,0.03,0.14,0.15,0,6.30
25073,1100,1022.7,910.9,0.02,0.07,0.07,0,7.47
25075,1099,1020.5,900.1,0.03,0.14,0.15,0,9.96
25075,1100,1022.7,911.0,0.02,0.07,0.07,0,10.85
25076,1099,1020.5,900.1,0.03,0.14,0.15,0,12.13
25076,1100,1022.7,911.0,0.02,0.07,0.07,0,13.00
25077,1099,1020.5,900.1,0.03,0.14,0.15,0,14.49
25077,1100,1022.7,911.0,0.02,0.07,0.07,0,15.31
25161,1101,979.0,1057.0,0.00,0.00,0.00,0,12.01
25162,1101,979.0,1057.3,0.00,0.01,0.01,0,7.48
25162,1102,981.0,1050.0,0.00,0.00,0.00,0,12.01
25163,1101,979.5,1055.2,0.03,-0.14,0.14,0,6.31
25163,1102,981.0,1050.0,0.00,0.00,0.00,0,14.04
25165,1101,979.5,1055.1,0.03,-0.14,0.14,0,10.00
25165,1102,981.0,1050.0,0.00,0.00,0.00,0,17.54
25166,1101,979.5,1055.1,0.03,-0.14,0.14,0,12.13
25166,1102,981.0,1050.0,0.00,0.00,0.00,0,19.66
25167,1101,979.5,1055.1,0.03,-0.14,0.14,0,14.48
25198,1103,1091.0,1073.0,0.00,0.00,0.00,0,12.01
25198,1104,1089.0,1082.0,0.00,0.00,0.00,0,12.01
25199,1103,1090.3,1075.3,-0.02,0.06,0.06,0,7.50
25199,1104,1089.0,1082.0,0.00,0.00,0.00,0,14.07
25200,1103,1089.5,1078.3,-0.10,0.34,0.36,0,6.31
25202,1103,1089.5,1078.4,-0.10,0.34,0.36,0,9.95
25203,1103,1089.5,1078.4,-0.10,0.34,0.36,0,12.01
25204,1103,1089.5,1078.4,-0.10,0.34,0.36,0,14.36
25235,1105,436.0,1017.0,0.00,0.00,0.00,0,12.01
25236,1105,436.0,1016.7,0.00,-0.01,0.01,0,7.52
25237,1105,436.0,1016.7,0.00,-0.01,0.01,0,9.58
25239,1105,436.0,1016.7,0.00,-0.01,0.01,0,13.52
25240,1105,436.0,1016.7,0.00,-0.01,0.01,0,15.74
25279,1106,1200.0,729.0,0.00,0.00,0.00,0,12.01
25280,1106,1201.0,728.3,0.02,-0.02,0.03,0,7.48
25281,1106,1201.0,728.3,0.02,-0.02,0.03,0,9.52
25283,1106,1201.0,728.3,0.02,-0.02,0.03,0,13.34
25284,1106,1201.0,728.3,0.02,-0.02,0.03,0,15.48
25317,1107,946.0,1285.0,0.00,0.00,0.00,0,12.01
25318,1107,947.6,1284.3,0.05,-0.02,0.05,0,7.48
25319,1107,947.6,1284.3,0.05,-0.02,0.05,0,9.52
25321,1107,947.7,1284.3,0.05,-0.02,0.05,0,13.28
25322,1107,947.7,1284.3,0.05,-0.02,0.05,0,15.43
25357,1108,1303.0,489.0,0.00,0.00,0.00,0,12.01
25357,1109,1289.0,500.0,0.00,0.00,0.00,0,12.01
25358,1108,1301.7,489.3,-0.03,0.01,0.03,0,7.47
25358,1109,1289.0,500.0,0.00,0.00,0.00,0,14.04
25359,1108,1301.7,489.3,-0.03,0.01,0.03,0,9.52
25361,1108,1301.7,489.3,-0.03,0.01,0.03,0,13.33
25362,1108,1301.7,489.3,-0.03,0.01,0.03,0,15.46
25458,1110,1526.0,735.0,0.00,0.00,0.00,0,12.01
25459,1110,1526.0,735.0,0.00,0.00,0.00,0,14.03
25460,1110,1526.0,735.0,0.00,0.00,0.00,0,16.08
25462,1110,1526.0,735.0,0.00,0.00,0.00,0,19.91
25528,1111,638.0,754.0,0.00,0.00,0.00,0,12.01
25529,1111,638.0,753.7,0.00,-0.01,0.01,0,7.47
25529,1112,640.0,761.0,0.00,0.00,0.00,0,12.01
25530,1111,638.3,755.6,0.02,0.11,0.11,0,6.31
25532,1111,638.3,755.6,0.02,0.11,0.11,0,10.01
25533,1111,638.3,755.6,0.02,0.11,0.11,0,12.13
25534,1111,638.3,755.6,0.02,0.11,0.11,0,14.54
25575,1113,1455.0,1107.0,0.00,0.00,0.00,0,12.01
25576,1113,1454.7,1106.7,-0.01,-0.01,0.01,0,7.47
25577,1113,1454.7,1106.7,-0.01,-0.01,0.01,0,9.52
25579,1113,1454.7,1106.7,-0.01,-0.01,0.01,0,13.31
25580,1113,1454.7,1106.7,-0.01,-0.01,0.01,0,15.47
25614,1114,603.0,1213.0,0.00,0.00,0.00,0,12.01
25615,1114,603.0,1213.0,0.00,0.00,0.00,0,14.03
25616,1114,604.4,1215.5,0.06,0.11,0.13,0,7.87
25618,1114,604.4,1215.5,0.06,0.11,0.13,0,11.53
25619,1114,604.4,1215.5,0.06,0.11,0.13,0,13.67
25620,1114,604.4,1215.5,0.06,0.11,0.13,0,16.02
25730,1115,694.0,1154.0,0.00,0.00,0.00,0,12.01
25731,1115,694.0,1154.0,0.00,0.00,0.00,0,14.04
25732,1115,694.0,1154.0,0.00,0.00,0.00,0,16.09
25734,1115,694.0,1154.0,0.00,0.00,0.00,0,19.92
25812,1116,1532.0,705.0,0.00,0.00,0.00,0,12.01
25813,1116,1532.0,705.0,0.00,0.00,0.00,0,14.03
25814,1116,1532.0,705.0,0.00,0.00,0.00,0,16.09
25816,1116,1532.0,705.0,0.00,0.00,0.00,0,20.02
25849,1117,1171.0,996.0,0.00,0.00,0.00,0,12.01
25849,1118,1179.0,1001.0,0.00,0.00,0.00,0,12.01
25850,1117,1173.3,997.3,0.06,0.03,0.06,0,7.52
25850,1118,1181.3,1002.6,0.06,0.04,0.07,0,7.52
25851,1117,1176.3,999.3,0.40,0.26,0.47,0,6.32
25853,1117,1176.4,999.4,0.40,0.26,0.47,0,10.02
25854,1117,1176.4,999.4,0.40,0.26,0.47,0,12.28
25855,1117,1176.5,999.4,0.40,0.26,0.47,0,14.70
25894,1119,1054.0,1040.0,0.00,0.00,0.00,0,12.01
25895,1119,1054.3,1040.0,0.01,0.00,0.01,0,7.47
25895,1120,1045.0,1034.0,0.00,0.00,0.00,0,12.01
25896,1119,1052.4,1038.7,-0.11,-0.08,0.14,0,6.31
25898,1119,1052.4,1038.7,-0.11,-0.08,0.14,0,9.98
25899,1119,1052.4,1038.7,-0.11,-0.08,0.14,0,12.15
25900,1119,1052.4,1038.7,-0.11,-0.08,0.14,0,14.49
25971,1121,895.0,465.0,0.00,0.00,0.00,0,12.01
25972,1121,894.7,461.7,-0.01,-0.08,0.08,0,7.47
25973,1121,894.7,461.7,-0.01,-0.08,0.08,0,9.52
25975,1121,894.7,461.7,-0.01,-0.08,0.08,0,13.34
25976,1121,894.7,461.7,-0.01,-0.08,0.08,0,15.46
26008,1122,1314.0,953.0,0.00,0.00,0.00,0,12.01
26009,1122,1314.0,953.0,0.00,0.00,0.00,0,14.07
26010,1122,1314.0,953.0,0.00,0.00,0.00,0,16.12
26012,1122,1314.0,953.0,0.00,0.00,0.00,0,20.06
26048,1123,1427.0,1110.0,0.00,0.00,0.00,0,12.01
26049,1123,1426.3,1111.6,-0.02,0.04,0.04,0,7.47
26050,1123,1426.3,1111.6,-0.02,0.04,0.04,0,9.51
26052,1123,1426.3,1111.7,-0.02,0.04,0.04,0,13.32
26053,1123,1426.3,1111.7,-0.02,0.04,0.04,0,15.45
26096,1124,376.0,1043.0,0.00,0.00,0.00,0,12.01
26096,1125,371.0,1050.0,0.00,0.00,0.00,0,12.01
26098,1126,383.0,1034.0,0.00,0.00,0.00,0,12.01
26098,1127,378.0,1041.0,0.00,0.00,0.00,0,12.01
26099,1126,382.7,1034.7,-0.01,0.02,0.02,0,7.47
26099,1127,380.3,1036.7,0.06,-0.11,0.12,0,7.47
26100,1126,383.3,1033.5,0.03,-0.06,0.07,0,6.31
26102,1126,383.3,1033.4,0.03,-0.06,0.07,0,9.98
26103,1126,383.3,1033.4,0.03,-0.06,0.07,0,12.12
26104,1126,383.3,1033.4,0.03,-0.06,0.07,0,14.47
26156,1128,699.0,1125.0,0.00,0.00,0.00,0,12.01
26157,1128,698.7,1125.0,-0.01,0.00,0.01,0,7.48
26158,1128,698.7,1125.0,-0.01,0.00,0.01,0,9.52
26160,1128,698.7,1125.0,-0.01,0.00,0.01,0,13.27
26161,1128,698.7,1125.0,-0.01,0.00,0.01,0,15.46
26213,1129,696.0,1075.0,0.00,0.00,0.00,0,12.01
26215,1131,689.0,1079.0,0.00,0.00,0.00,0,12.01
26215,1132,684.0,1086.0,0.00,0.00,0.00,0,12.01
26216,1131,689.0,1079.0,0.00,0.00,0.00,0,14.04
26216,1132,684.0,1086.0,0.00,0.00,0.00,0,14.04
26217,1131,687.2,1081.5,-0.08,0.11,0.14,0,7.87
26219,1131,687.2,1081.5,-0.08,0.11,0.14,0,11.52
26220,1131,687.2,1081.5,-0.08,0.11,0.14,0,13.69
26221,1131,687.2,1081.5,-0.08,0.11,0.14,0,16.03
26255,1134,1338.0,954.0,0.00,0.00,0.00,0,12.01
26256,1134,1338.0,954.0,0.00,0.00,0.00,0,14.04
26257,1134,1338.4,951.9,0.02,-0.10,0.10,0,7.93
26257,1135,1341.0,933.0,0.00,0.00,0.00,0,12.04
26259,1134,1338.4,951.9,0.02,-0.10,0.10,0,11.91
26259,1135,1341.0,933.0,0.00,0.00,0.00,0,15.39
26260,1134,1338.4,951.9,0.02,-0.10,0.10,0,13.97
26260,1135,1341.0,933.0,0.00,0.00,0.00,0,17.43
26261,1134,1338.4,951.9,0.02,-0.10,0.10,0,16.40
26261,1135,1341.0,933.0,0.00,0.00,0.00,0,19.74
26408,1136,1193.0,793.0,0.00,0.00,0.00,0,12.01
26409,1136,1193.3,793.3,0.01,0.01,0.01,0,7.47
26410,1136,1193.3,793.3,0.01,0.01,0.01,0,9.52
26412,1136,1193.3,793.3,0.01,0.01,0.01,0,13.27
26413,1136,1193.3,793.3,0.01,0.01,0.01,0,15.46
26481,1137,1024.0,1313.0,0.00,0.00,0.00,0,12.01
26482,1137,1024.0,1313.3,0.00,0.01,0.01,0,7.47
26482,1138,1031.0,1309.0,0.00,0.00,0.00,0,12.01
26483,1137,1025.3,1312.5,0.08,-0.05,0.10,0,6.31
26483,1138,1032.6,1309.0,0.04,0.00,0.04,0,7.48
26485,1137,1025.3,1312.5,0.08,-0.05,0.10,0,9.98
26485,1138,1032.6,1309.0,0.04,0.00,0.04,0,10.87
26486,1137,1025.3,1312.5,0.08,-0.05,0.10,0,12.13
26486,1138,1032.7,1309.0,0.04,0.00,0.04,0,13.00
26487,1137,1025.3,1312.5,0.08,-0.05,0.10,0,14.47
26487,1138,1032.7,1309.0,0.04,0.00,0.04,0,15.29
26518,1139,1406.0,1125.0,0.00,0.00,0.00,0,12.01
26519,1139,1405.3,1125.3,-0.02,0.01,0.02,0,7.48
26519,1140,1400.0,1131.0,0.00,0.00,0.00,0,12.01
26520,1139,1405.3,1125.3,-0.02,0.01,0.02,0,9.52
26522,1139,1405.3,1125.3,-0.02,0.01,0.02,0,13.28
26523,1139,1405.3,1125.3,-0.02,0.01,0.02,0,15.45
26555,1142,610.0,967.0,0.00,0.00,0.00,0,12.01
26555,1143,617.0,974.0,0.00,0.00,0.00,0,12.01
26555,1144,554.0,995.0,0.00,0.00,0.00,0,12.01
26555,1145,556.0,1005.0,0.00,0.00,0.00,0,12.01
26557,1146,595.0,957.0,0.00,0.00,0.00,0,12.01
26557,1147,603.0,962.0,0.00,0.00,0.00,0,12.01
26557,1148,552.0,991.0,0.00,0.00,0.00,0,12.01
26558,1146,595.3,957.3,0.01,0.01,0.01,0,7.46
26558,1147,597.8,958.7,-0.10,-0.06,0.12,0,7.46
26558,1148,551.7,989.7,-0.01,-0.03,0.03,0,7.46
26559,1146,593.4,956.2,-0.07,-0.04,0.08,0,6.29
26559,1148,551.7,989.7,-0.01,-0.03,0.03,0,9.48
26561,1146,593.4,956.2,-0.07,-0.04,0.08,0,9.77
26561,1148,551.7,989.7,-0.01,-0.03,0.03,0,13.04
26562,1146,593.4,956.2,-0.07,-0.04,0.08,0,12.00
26562,1148,551.7,989.7,-0.01,-0.03,0.03,0,15.27
26563,1146,593.4,956.2,-0.07,-0.04,0.08,0,14.31
26613,1149,516.0,967.0,0.00,0.00,0.00,0,12.01
26614,1149,516.0,966.7,0.00,-0.01,0.01,0,7.48
26614,1150,513.0,974.0,0.00,0.00,0.00,0,12.01
26614,1151,1018.0,1171.0,0.00,0.00,0.00,0,12.01
26615,1149,515.2,968.6,-0.05,0.12,0.13,0,6.31
26615,1150,512.3,976.3,-0.02,0.06,0.06,0,7.48
26615,1151,1019.0,1170.3,0.02,-0.02,0.03,0,7.48
26617,1149,515.2,968.6,-0.05,0.12,0.13,0,9.98
26617,1150,512.3,976.3,-0.02,0.06,0.06,0,10.88
26617,1151,1019.0,1170.3,0.02,-0.02,0.03,0,10.88
26618,1149,515.2,968.6,-0.05,0.12,0.13,0,12.14
26618,1150,512.3,976.3,-0.02,0.06,0.06,0,13.01
26618,1151,1019.0,1170.3,0.02,-0.02,0.03,0,13.01
26619,1149,515.2,968.6,-0.05,0.12,0.13,0,14.48
26619,1150,512.3,976.3,-0.02,0.06,0.06,0,15.30
26619,1151,1019.0,1170.3,0.02,-0.02,0.03,0,15.30
26650,1152,720.0,1061.0,0.00,0.00,0.00,0,12.01
26651,1152,720.0,1061.7,0.00,0.02,0.02,0,7.51
26651,1153,719.0,1053.0,0.00,0.00,0.00,0,12.03
26651,1154,765.0,1249.0,0.00,0.00,0.00,0,12.03
26652,1152,719.7,1059.9,-0.03,-0.16,0.17,0,6.32
26654,1152,719.7,1059.9,-0.03,-0.16,0.17,0,9.97
26655,1152,719.7,1059.9,-0.03,-0.16,0.17,0,11.99
26656,1152,719.7,1059.9,-0.03,-0.16,0.17,0,14.36
26687,1155,913.0,1200.0,0.00,0.00,0.00,0,12.01
26687,1156,788.0,1305.0,0.00,0.00,0.00,0,12.01
26689,1157,904.0,1193.0,0.00,0.00,0.00,0,12.01
26689,1158,780.0,1308.0,0.00,0.00,0.00,0,12.01
26690,1157,902.4,1191.7,-0.04,-0.03,0.05,0,7.47
26690,1158,779.0,1308.3,-0.02,0.01,0.02,0,7.47
26690,1159,894.0,1183.0,0.00,0.00,0.00,0,12.01
26691,1157,900.5,1189.7,-0.15,-0.15,0.21,0,6.31
26691,1158,777.7,1308.8,-0.10,0.03,0.11,0,6.31
26693,1157,900.4,1189.7,-0.15,-0.15,0.21,0,9.96
26693,1158,777.7,1308.8,-0.10,0.03,0.11,0,9.96
26694,1157,900.4,1189.7,-0.15,-0.15,0.21,0,12.14
26694,1158,777.7,1308.8,-0.10,0.03,0.11,0,12.14
26695,1157,900.4,1189.7,-0.15,-0.15,0.21,0,14.48
26695,1158,777.7,1308.8,-0.10,0.03,0.11,0,14.48
26727,1160,931.0,1295.0,0.00,0.00,0.00,0,12.01
26728,1160,931.3,1294.7,0.01,-0.01,0.01,0,7.48
26728,1161,922.0,1300.0,0.00,0.00,0.00,0,12.01
26729,1160,929.2,1296.0,-0.13,0.08,0.15,0,6.31
26729,1161,919.1,1301.6,-0.07,0.04,0.08,0,7.47
26731,1160,929.1,1296.1,-0.13,0.08,0.15,0,9.95
26731,1161,919.0,1301.6,-0.07,0.04,0.08,0,10.84
26732,1160,929.1,1296.1,-0.13,0.08,0.15,0,12.10
26732,1161,919.0,1301.6,-0.07,0.04,0.08,0,12.97
26733,1160,929.1,1296.1,-0.13,0.08,0.15,0,14.50
26733,1161,919.0,1301.7,-0.07,0.04,0.08,0,15.31
26792,1162,1445.0,974.0,0.00,0.00,0.00,0,12.01
26794,1164,1442.0,960.0,0.00,0.00,0.00,0,12.01
26794,1165,1447.0,969.0,0.00,0.00,0.00,0,12.01
26795,1164,1442.3,960.7,0.01,0.02,0.02,0,7.48
26795,1165,1443.7,964.1,-0.08,-0.12,0.15,0,7.48
26796,1164,1441.2,959.5,-0.07,-0.06,0.09,0,6.31
26798,1164,1441.2,959.4,-0.07,-0.06,0.09,0,9.97
26799,1164,1441.2,959.4,-0.07,-0.06,0.09,0,12.13
26800,1164,1441.2,959.4,-0.07,-0.06,0.09,0,14.54
26831,1166,1163.0,995.0,0.00,0.00,0.00,0,12.01
26831,1167,1195.0,1130.0,0.00,0.00,0.00,0,12.01
26831,1168,1188.0,1132.0,0.00,0.00,0.00,0,12.01
26833,1171,1149.0,985.0,0.00,0.00,0.00,0,12.01
26833,1172,1156.0,992.0,0.00,0.00,0.00,0,12.01
26833,1173,1206.0,1125.0,0.00,0.00,0.00,0,12.01
26833,1174,1200.0,1128.0,0.00,0.00,0.00,0,12.01
26833,1175,923.0,1214.0,0.00,0.00,0.00,0,12.01
26833,1176,933.0,1215.0,0.00,0.00,0.00,0,12.01
26834,1171,1149.3,985.3,0.01,0.01,0.01,0,7.60
26834,1172,1156.0,992.0,0.00,0.00,0.00,0,14.18
26834,1173,1205.7,1125.0,-0.01,0.00,0.01,0,7.60
26834,1174,1206.2,1124.1,0.12,-0.08,0.15,0,7.60
26834,1175,923.7,1214.0,0.01,0.00,0.01,0,7.60
26834,1176,924.5,1218.9,-0.17,0.08,0.19,0,7.60
26835,1173,1209.4,1122.4,0.65,-0.46,0.79,0,6.37
26835,1175,919.3,1217.4,-0.74,0.59,0.95,0,6.37
26835,1171,1149.3,985.3,0.01,0.01,0.01,0,9.68
26837,1173,1209.6,1122.3,0.65,-0.46,0.79,0,10.16
26837,1175,919.1,1217.5,-0.74,0.59,0.95,0,10.16
26837,1171,1149.3,985.3,0.01,0.01,0.01,0,13.79
26838,1173,1209.6,1122.3,0.65,-0.46,0.79,0,12.18
26838,1175,919.1,1217.5,-0.74,0.59,0.95,0,12.18
26838,1171,1149.3,985.3,0.01,0.01,0.01,0,15.82
26839,1173,1209.6,1122.3,0.65,-0.46,0.79,0,14.50
26839,1175,919.1,1217.6,-0.74,0.59,0.95,0,14.50
26887,1177,1233.0,1086.0,0.00,0.00,0.00,0,12.01
26888,1177,1233.0,1086.0,0.00,0.00,0.00,0,14.04
26889,1177,1231.2,1084.6,-0.08,-0.07,0.11,0,7.87
26891,1177,1231.2,1084.6,-0.08,-0.07,0.11,0,11.49
26892,1177,1231.2,1084.6,-0.08,-0.07,0.11,0,13.68
26893,1177,1231.2,1084.6,-0.08,-0.07,0.11,0,16.03
26926,1178,785.0,1033.0,0.00,0.00,0.00,0,12.01
26927,1178,785.3,1032.7,0.01,-0.01,0.01,0,7.47
26927,1179,784.0,1042.0,0.00,0.00,0.00,0,12.01
26928,1178,785.0,1034.8,-0.01,0.13,0.13,0,6.30
26930,1178,785.0,1034.8,-0.01,0.13,0.13,0,9.95
26931,1178,785.0,1034.9,-0.01,0.13,0.13,0,12.11
26932,1178,785.0,1034.9,-0.01,0.13,0.13,0,14.45
27088,1180,774.0,246.0,0.00,0.00,0.00,0,12.01
27089,1180,774.7,245.7,0.02,-0.01,0.02,0,7.47
27089,1181,767.0,262.0,0.00,0.00,0.00,0,12.01
27090,1180,772.7,250.1,-0.11,0.28,0.30,0,6.31
27092,1180,772.7,250.2,-0.11,0.28,0.30,0,10.05
27093,1180,772.7,250.2,-0.11,0.28,0.30,0,12.12
27094,1180,772.7,250.2,-0.11,0.28,0.30,0,14.47
27125,1182,1196.0,381.0,0.00,0.00,0.00,0,12.01
27125,1183,1187.0,384.0,0.00,0.00,0.00,0,12.01
27127,1184,1179.0,386.0,0.00,0.00,0.00,0,12.01
27127,1185,1167.0,389.0,0.00,0.00,0.00,0,12.01
27128,1184,1175.7,387.0,-0.07,0.02,0.07,0,7.47
27128,1185,1163.4,390.3,-0.08,0.03,0.08,0,7.47
27128,1186,1023.0,970.0,0.00,0.00,0.00,0,12.01
27129,1184,1170.7,388.3,-0.40,0.11,0.42,0,6.30
27131,1184,1170.5,388.3,-0.40,0.11,0.42,0,9.90
27132,1184,1170.5,388.3,-0.40,0.11,0.42,0,12.13
27133,1184,1170.5,388.3,-0.40,0.11,0.42,0,14.47
27167,1188,566.0,284.0,0.00,0.00,0.00,0,12.01
27168,1188,566.0,284.0,0.00,0.00,0.00,0,14.03
27169,1188,566.0,284.0,0.00,0.00,0.00,0,16.09
27171,1188,566.0,284.0,0.00,0.00,0.00,0,19.96
27225,1189,767.0,956.0,0.00,0.00,0.00,0,12.01
27226,1189,767.0,956.0,0.00,0.00,0.00,0,14.04
27227,1189,767.0,956.0,0.00,0.00,0.00,0,16.09
27229,1189,767.0,956.0,0.00,0.00,0.00,0,19.98
27324,1190,1435.0,733.0,0.00,0.00,0.00,0,12.01
27325,1190,1435.0,733.0,0.00,0.00,0.00,0,14.04
27326,1190,1435.0,733.0,0.00,0.00,0.00,0,16.09
27328,1190,1435.0,733.0,0.00,0.00,0.00,0,19.95
27361,1191,1348.0,1151.0,0.00,0.00,0.00,0,12.01
27362,1191,1348.0,1151.0,0.00,0.00,0.00,0,14.04
27363,1191,1348.0,1151.0,0.00,0.00,0.00,0,16.09
27365,1191,1348.0,1151.0,0.00,0.00,0.00,0,20.00
27398,1192,702.0,1095.0,0.00,0.00,0.00,0,12.01
27402,1194,641.0,1117.0,0.00,0.00,0.00,0,12.00
27403,1194,641.7,1116.7,0.01,-0.00,0.01,0,7.47
27403,1195,631.0,1124.0,0.00,0.00,0.00,0,12.01
27404,1194,639.2,1118.3,-0.13,0.09,0.15,0,6.30
27404,1195,628.1,1126.3,-0.07,0.05,0.09,0,7.48
27404,1196,792.0,1165.0,0.00,0.00,0.00,0,12.01
27406,1194,639.1,1118.3,-0.13,0.09,0.15,0,9.95
27406,1195,628.0,1126.3,-0.07,0.05,0.09,0,10.86
27406,1196,792.0,1165.0,0.00,0.00,0.00,0,15.13
27407,1194,639.1,1118.3,-0.13,0.09,0.15,0,12.11
27407,1195,628.0,1126.3,-0.07,0.05,0.09,0,13.01
27407,1196,792.0,1165.0,0.00,0.00,0.00,0,17.25
27408,1194,639.1,1118.3,-0.13,0.09,0.15,0,14.47
27408,1195,628.0,1126.3,-0.07,0.05,0.09,0,15.31
27408,1196,792.0,1165.0,0.00,0.00,0.00,0,19.51
27450,1197,1311.0,361.0,0.00,0.00,0.00,0,12.01
27451,1197,1311.0,361.0,0.00,0.00,0.00,0,14.04
27452,1197,1311.0,361.0,0.00,0.00,0.00,0,16.09
27454,1197,1311.0,361.0,0.00,0.00,0.00,0,19.98
27506,1198,1085.0,974.0,0.00,0.00,0.00,0,12.01
27508,1200,1082.0,979.0,0.00,0.00,0.00,0,12.01
27508,1201,1077.0,984.0,0.00,0.00,0.00,0,12.01
27509,1200,1079.7,981.0,-0.06,0.05,0.08,0,7.48
27509,1201,1077.0,984.0,0.00,0.00,0.00,0,14.04
27510,1200,1078.2,982.0,-0.16,0.12,0.20,0,6.30
27512,1200,1078.2,982.0,-0.16,0.12,0.20,0,9.98
27513,1200,1078.2,982.0,-0.16,0.12,0.20,0,12.12
27514,1200,1078.2,982.0,-0.16,0.12,0.20,0,14.46
27545,1202,1334.0,431.0,0.00,0.00,0.00,0,12.01
27545,1203,1341.0,433.0,0.00,0.00,0.00,0,12.01
27551,1204,1383.0,436.0,0.00,0.00,0.00,0,12.01
27552,1204,1384.6,436.0,0.04,0.00,0.04,0,7.47
27553,1204,1384.6,436.0,0.04,0.00,0.04,0,9.51
27555,1204,1384.7,436.0,0.04,0.00,0.04,0,13.30
27556,1204,1384.7,436.0,0.04,0.00,0.04,0,15.46
27660,1205,1112.0,1096.0,0.00,0.00,0.00,0,12.01
27661,1205,1112.0,1096.0,0.00,0.00,0.00,0,14.04
27662,1205,1112.0,1096.0,0.00,0.00,0.00,0,16.09
27664,1205,1112.0,1096.0,0.00,0.00,0.00,0,19.97
27709,1206,1160.0,1179.0,0.00,0.00,0.00,0,12.01
27710,1206,1160.0,1179.0,0.00,0.00,0.00,0,14.04
27711,1206,1156.8,1179.4,-0.14,0.02,0.14,0,7.87
27713,1206,1156.8,1179.4,-0.14,0.02,0.14,0,11.51
27714,1206,1156.8,1179.4,-0.14,0.02,0.14,0,13.71
27715,1206,1156.8,1179.4,-0.14,0.02,0.14,0,16.03
27746,1207,1288.0,1159.0,0.00,0.00,0.00,0,12.01
27746,1208,1293.0,1169.0,0.00,0.00,0.00,0,12.01
27746,1209,1032.0,1335.0,0.00,0.00,0.00,0,12.01
27746,1210,1039.0,1345.0,0.00,0.00,0.00,0,12.01
27748,1211,1275.0,1145.0,0.00,0.00,0.00,0,12.01
27748,1212,1284.0,1153.0,0.00,0.00,0.00,0,12.01
27748,1213,1020.0,1321.0,0.00,0.00,0.00,0,12.01
27748,1214,1026.0,1329.0,0.00,0.00,0.00,0,12.01
27749,1211,1275.3,1145.3,0.01,0.01,0.01,0,7.47
27749,1212,1284.0,1153.0,0.00,0.00,0.00,0,14.03
27749,1213,1020.3,1321.3,0.01,0.01,0.01,0,7.47
27749,1214,1021.7,1324.1,-0.09,-0.11,0.14,0,7.47
27750,1213,1018.7,1319.7,-0.09,-0.09,0.13,0,6.30
27750,1211,1275.3,1145.3,0.01,0.01,0.01,0,9.51
27752,1213,1018.7,1319.7,-0.09,-0.09,0.13,0,9.93
27752,1211,1275.3,1145.3,0.01,0.01,0.01,0,13.25
27753,1213,1018.7,1319.7,-0.09,-0.09,0.13,0,12.12
27753,1211,1275.3,1145.3,0.01,0.01,0.01,0,15.45
27754,1213,1018.7,1319.7,-0.09,-0.09,0.13,0,14.47
27814,1215,1430.0,707.0,0.00,0.00,0.00,0,12.01
27815,1215,1430.0,707.0,0.00,0.00,0.00,0,7.48
27815,1216,1436.0,695.0,0.00,0.00,0.00,0,12.01
27816,1215,1431.5,704.4,0.10,-0.17,0.20,0,6.31
27818,1215,1431.6,704.4,0.10,-0.17,0.20,0,9.99
27819,1215,1431.6,704.4,0.10,-0.17,0.20,0,12.12
27820,1215,1431.6,704.4,0.10,-0.17,0.20,0,14.47
27853,1217,1167.0,977.0,0.00,0.00,0.00,0,12.01
27854,1217,1167.0,977.0,0.00,0.00,0.00,0,14.03
27855,1217,1167.0,977.0,0.00,0.00,0.00,0,16.08
27857,1217,1167.0,977.0,0.00,0.00,0.00,0,19.92
27933,1218,1466.0,840.0,0.00,0.00,0.00,0,12.01
27934,1218,1466.0,840.0,0.00,0.00,0.00,0,14.04
27935,1218,1466.0,839.6,0.00,-0.02,0.02,0,7.87
27937,1218,1466.0,839.6,0.00,-0.02,0.02,0,11.58
27938,1218,1466.0,839.6,0.00,-0.02,0.02,0,13.67
27939,1218,1466.0,839.6,0.00,-0.02,0.02,0,16.03
28035,1219,951.0,926.0,0.00,0.00,0.00,0,12.01
28036,1219,951.0,926.0,0.00,0.00,0.00,0,14.04
28037,1219,949.9,929.2,-0.05,0.15,0.15,0,7.87
28037,1220,333.0,897.0,0.00,0.00,0.00,0,12.01
28037,1221,338.0,903.0,0.00,0.00,0.00,0,12.01
28039,1219,949.9,929.2,-0.05,0.15,0.15,0,11.53
28039,1220,333.0,897.0,0.00,0.00,0.00,0,15.13
28039,1221,338.0,903.0,0.00,0.00,0.00,0,15.13
28040,1219,949.9,929.2,-0.05,0.15,0.15,0,13.68
28040,1220,333.0,897.0,0.00,0.00,0.00,0,17.24
28040,1221,338.0,903.0,0.00,0.00,0.00,0,17.24
28041,1219,949.9,929.2,-0.05,0.15,0.15,0,16.03
28041,1220,333.0,897.0,0.00,0.00,0.00,0,19.49
28041,1221,338.0,903.0,0.00,0.00,0.00,0,19.49
28096,1222,1313.0,1083.0,0.00,0.00,0.00,0,12.01
28096,1223,1317.0,1093.0,0.00,0.00,0.00,0,12.01
28097,1222,1314.0,1083.0,0.03,0.00,0.03,0,7.48
28097,1223,1317.0,1093.0,0.00,0.00,0.00,0,14.04
28098,1222,1314.0,1083.0,0.03,0.00,0.03,0,9.52
28100,1222,1314.0,1083.0,0.03,0.00,0.03,0,13.25
28101,1222,1314.0,1083.0,0.03,0.00,0.03,0,15.48
28180,1224,1282.0,1185.0,0.00,0.00,0.00,0,12.01
28181,1224,1282.0,1185.0,0.00,0.00,0.00,0,14.04
28182,1224,1282.0,1185.0,0.00,0.00,0.00,0,16.09
28184,1224,1282.0,1185.0,0.00,0.00,0.00,0,19.99
28218,1226,966.0,1365.0,0.00,0.00,0.00,0,12.03
28219,1226,966.0,1365.0,0.00,0.00,0.00,0,14.08
28220,1226,966.0,1365.0,0.00,0.00,0.00,0,16.14
28222,1226,966.0,1365.0,0.00,0.00,0.00,0,20.18
28278,1227,594.0,665.0,0.00,0.00,0.00,0,12.01
28279,1227,594.0,665.0,0.00,0.00,0.00,0,14.04
28280,1227,594.0,665.0,0.00,0.00,0.00,0,16.09
28282,1227,594.0,665.0,0.00,0.00,0.00,0,20.01
28323,1228,1148.0,1177.0,0.00,0.00,0.00,0,12.01
28324,1228,1147.7,1177.0,-0.01,0.00,0.01,0,7.48
28324,1229,1155.0,1183.0,0.00,0.00,0.00,0,12.01
28325,1228,1149.0,1178.3,0.08,0.09,0.12,0,6.31
28325,1229,1157.0,1184.3,0.05,0.03,0.06,0,7.48
28327,1228,1149.1,1178.3,0.08,0.09,0.12,0,10.02
28327,1229,1157.0,1184.3,0.05,0.03,0.06,0,10.91
28328,1228,1149.1,1178.3,0.08,0.09,0.12,0,12.12
28328,1229,1157.0,1184.3,0.05,0.03,0.06,0,13.00
28329,1228,1149.1,1178.3,0.08,0.09,0.12,0,14.48
28329,1229,1157.0,1184.3,0.05,0.03,0.06,0,15.30
28388,1230,1020.0,264.0,0.00,0.00,0.00,0,12.01
28390,1232,1028.0,273.0,0.00,0.00,0.00,0,12.01
28391,1232,1028.0,273.0,0.00,0.00,0.00,0,14.04
28392,1232,1028.0,273.0,0.00,0.00,0.00,0,16.09
28394,1232,1028.0,273.0,0.00,0.00,0.00,0,19.99
28547,1233,492.0,1042.0,0.00,0.00,0.00,0,12.01
28549,1235,500.0,1046.0,0.00,0.00,0.00,0,12.01
28549,1236,507.0,1052.0,0.00,0.00,0.00,0,12.01
28550,1235,502.0,1047.6,0.05,0.04,0.06,0,7.48
28550,1236,509.0,1054.6,0.05,0.06,0.08,0,7.48
28551,1235,504.8,1050.8,0.24,0.25,0.34,0,6.31
28553,1235,504.9,1050.9,0.24,0.25,0.34,0,9.98
28554,1235,504.9,1050.9,0.24,0.25,0.34,0,12.12
28555,1235,504.9,1050.9,0.24,0.25,0.34,0,14.48
28587,1237,1056.0,618.0,0.00,0.00,0.00,0,12.03
28588,1237,1056.0,617.7,0.00,-0.02,0.02,0,7.48
28588,1238,1057.0,625.0,0.00,0.00,0.00,0,12.01
28589,1237,1056.3,619.3,0.02,0.10,0.10,0,6.29
28589,1238,1057.3,627.0,0.01,0.04,0.04,0,7.46
28591,1237,1056.3,619.3,0.02,0.10,0.10,0,9.78
28591,1238,1057.3,627.0,0.01,0.04,0.04,0,10.68
28592,1237,1056.3,619.3,0.02,0.10,0.10,0,11.95
28592,1238,1057.3,627.0,0.01,0.04,0.04,0,12.81
28593,1237,1056.3,619.3,0.02,0.10,0.10,0,14.32
28593,1238,1057.3,627.0,0.01,0.04,0.04,0,15.13
28631,1239,1175.0,1036.0,0.00,0.00,0.00,0,12.01
28631,1240,1326.0,1106.0,0.00,0.00,0.00,0,12.01
28633,1242,1155.0,1013.0,0.00,0.00,0.00,0,12.01
28633,1243,1164.0,1024.0,0.00,0.00,0.00,0,12.01
28634,1242,1155.0,1012.7,0.00,-0.01,0.01,0,7.48
28634,1243,1158.4,1016.8,-0.14,-0.18,0.22,0,7.48
28635,1242,1152.7,1009.9,-0.15,-0.19,0.25,0,6.31
28637,1242,1152.6,1009.9,-0.15,-0.19,0.25,0,9.96
28638,1242,1152.6,1009.9,-0.15,-0.19,0.25,0,12.12
28639,1242,1152.6,1009.9,-0.15,-0.19,0.25,0,14.53
28678,1244,789.0,337.0,0.00,0.00,0.00,0,12.01
28679,1244,789.0,337.3,0.00,0.01,0.01,0,7.48
28679,1245,783.0,333.0,0.00,0.00,0.00,0,12.01
28680,1244,787.7,336.5,-0.08,-0.05,0.10,0,6.31
28682,1244,787.7,336.5,-0.08,-0.05,0.10,0,9.98
28683,1244,787.7,336.5,-0.08,-0.05,0.10,0,12.14
28684,1244,787.7,336.5,-0.08,-0.05,0.10,0,14.47
28715,1246,1063.0,1276.0,0.00,0.00,0.00,0,12.01
28715,1247,1070.0,1281.0,0.00,0.00,0.00,0,12.01
28720,1248,1058.0,1273.0,0.00,0.00,0.00,0,12.01
28721,1248,1058.0,1273.3,0.00,0.01,0.01,0,7.48
28721,1249,1060.0,1281.0,0.00,0.00,0.00,0,12.01
28722,1248,1058.3,1275.6,0.02,0.16,0.16,0,6.31
28724,1248,1058.3,1275.6,0.02,0.16,0.16,0,9.96
28725,1248,1058.3,1275.6,0.02,0.16,0.16,0,12.15
28726,1248,1058.3,1275.6,0.02,0.16,0.16,0,14.48
28812,1250,616.0,1293.0,0.00,0.00,0.00,0,12.01
28813,1250,615.0,1290.4,-0.02,-0.06,0.07,0,7.47
28814,1250,614.5,1289.0,-0.06,-0.16,0.17,0,6.31
28814,1251,607.0,1275.0,0.00,0.00,0.00,0,12.01
28816,1250,614.5,1289.0,-0.06,-0.16,0.17,0,9.97
28816,1251,607.0,1275.0,0.00,0.00,0.00,0,15.13
28817,1250,614.5,1288.9,-0.06,-0.16,0.17,0,12.14
28817,1251,607.0,1275.0,0.00,0.00,0.00,0,17.25
28818,1250,614.5,1288.9,-0.06,-0.16,0.17,0,14.47
28818,1251,607.0,1275.0,0.00,0.00,0.00,0,19.49
28877,1252,1101.0,1158.0,0.00,0.00,0.00,0,12.01
28879,1254,1099.0,1155.0,0.00,0.00,0.00,0,12.01
28880,1254,1099.0,1155.0,0.00,0.00,0.00,0,14.04
28881,1254,1099.0,1155.0,0.00,0.00,0.00,0,16.09
28883,1254,1099.0,1155.0,0.00,0.00,0.00,0,20.01
28927,1255,1555.0,855.0,0.00,0.00,0.00,0,12.01
28928,1255,1555.0,855.0,0.00,0.00,0.00,0,14.04
28929,1255,1551.1,853.2,-0.18,-0.08,0.20,0,7.87
28931,1255,1551.1,853.2,-0.18,-0.08,0.20,0,11.56
28932,1255,1551.1,853.2,-0.18,-0.08,0.20,0,13.68
28933,1255,1551.1,853.2,-0.18,-0.08,0.20,0,16.03
28966,1257,1140.0,1026.0,0.00,0.00,0.00,0,12.01
28967,1257,1140.0,1026.0,0.00,0.00,0.00,0,14.03
28968,1257,1140.0,1026.0,0.00,0.00,0.00,0,16.08
28970,1257,1140.0,1026.0,0.00,0.00,0.00,0,19.93
29007,1258,1059.0,1270.0,0.00,0.00,0.00,0,12.01
29008,1258,1062.9,1268.7,0.09,-0.03,0.10,0,7.48
29009,1258,1062.9,1268.7,0.09,-0.03,0.10,0,9.51
29011,1258,1063.0,1268.7,0.09,-0.03,0.10,0,13.25
29012,1258,1063.0,1268.7,0.09,-0.03,0.10,0,15.46
29144,1259,501.0,1004.0,0.00,0.00,0.00,0,12.01
29145,1259,500.0,1004.7,-0.02,0.02,0.03,0,7.47
29146,1259,500.0,1004.7,-0.02,0.02,0.03,0,9.52
29148,1259,500.0,1004.7,-0.02,0.02,0.03,0,13.30
29149,1259,500.0,1004.7,-0.02,0.02,0.03,0,15.46
29200,1260,1148.0,334.0,0.00,0.00,0.00,0,12.01
29201,1260,1148.3,334.0,0.01,0.00,0.01,0,7.48
29202,1260,1147.5,332.7,-0.05,-0.09,0.10,0,6.31
29204,1260,1147.5,332.7,-0.05,-0.09,0.10,0,9.99
29205,1260,1147.5,332.7,-0.05,-0.09,0.10,0,12.13
29206,1260,1147.5,332.7,-0.05,-0.09,0.10,0,14.48
29239,1261,379.0,667.0,0.00,0.00,0.00,0,12.01
29240,1261,379.3,666.7,0.01,-0.01,0.01,0,7.47
29240,1262,370.0,674.0,0.00,0.00,0.00,0,12.01
29241,1261,377.2,668.6,-0.13,0.11,0.17,0,6.30
29243,1261,377.2,668.6,-0.13,0.11,0.17,0,9.95
29244,1261,377.1,668.6,-0.13,0.11,0.17,0,12.11
29245,1261,377.1,668.6,-0.13,0.11,0.17,0,14.46
29300,1263,907.0,1363.0,0.00,0.00,0.00,0,12.01
29301,1263,907.3,1365.0,0.01,0.05,0.05,0,7.47
29302,1263,907.3,1365.0,0.01,0.05,0.05,0,9.52
29304,1263,907.3,1365.0,0.01,0.05,0.05,0,13.29
29305,1263,907.3,1365.0,0.01,0.05,0.05,0,15.46
29406,1264,1094.0,1276.0,0.00,0.00,0.00,0,12.01
29407,1264,1087.4,1274.7,-0.16,-0.03,0.17,0,7.48
29408,1264,1081.9,1273.7,-0.53,-0.10,0.54,0,6.31
29410,1264,1081.8,1273.7,-0.53,-0.10,0.54,0,9.95
29411,1264,1081.8,1273.7,-0.53,-0.10,0.54,0,12.13
29412,1264,1081.8,1273.7,-0.53,-0.10,0.54,0,14.48
29548,1265,702.0,1269.0,0.00,0.00,0.00,0,12.01
29549,1265,702.0,1269.3,0.00,0.01,0.01,0,7.47
29549,1266,703.0,1256.0,0.00,0.00,0.00,0,12.01
29550,1265,702.3,1266.4,0.02,-0.18,0.18,0,6.31
29552,1265,702.3,1266.4,0.02,-0.18,0.18,0,9.96
29553,1265,702.3,1266.4,0.02,-0.18,0.18,0,12.13
29554,1265,702.3,1266.4,0.02,-0.18,0.18,0,14.47
29597,1267,632.0,617.0,0.00,0.00,0.00,0,12.01
29598,1267,631.3,615.7,-0.02,-0.03,0.04,0,7.47
29599,1267,631.3,615.3,-0.02,-0.06,0.06,0,6.31
29599,1268,628.0,609.0,0.00,0.00,0.00,0,12.01
29601,1267,631.2,615.2,-0.02,-0.06,0.06,0,9.97
29601,1268,628.0,609.0,0.00,0.00,0.00,0,15.13
29602,1267,631.2,615.2,-0.02,-0.06,0.06,0,12.13
29602,1268,628.0,609.0,0.00,0.00,0.00,0,17.24
29603,1267,631.2,615.2,-0.02,-0.06,0.06,0,14.47
29603,1268,628.0,609.0,0.00,0.00,0.00,0,19.49
29650,1269,916.0,1260.0,0.00,0.00,0.00,0,12.01
29651,1269,916.7,1260.0,0.02,0.00,0.02,0,7.48
29651,1270,900.0,1264.0,0.00,0.00,0.00,0,12.01
29652,1269,912.6,1261.0,-0.25,0.07,0.26,0,6.31
29654,1269,912.6,1261.0,-0.25,0.07,0.26,0,9.97
29655,1269,912.6,1261.0,-0.25,0.07,0.26,0,12.13
29656,1269,912.5,1261.1,-0.25,0.07,0.26,0,14.52
29687,1271,1032.0,1212.0,0.00,0.00,0.00,0,12.01
29689,1273,1045.0,1214.0,0.00,0.00,0.00,0,12.01
29689,1274,1062.0,1216.0,0.00,0.00,0.00,0,12.01
29690,1273,1049.6,1214.7,0.10,0.01,0.10,0,7.47
29690,1274,1062.0,1216.0,0.00,0.00,0.00,0,14.03
29691,1273,1059.5,1215.5,0.72,0.07,0.73,0,6.30
29693,1273,1059.7,1215.5,0.72,0.07,0.73,0,9.90
29694,1273,1059.7,1215.5,0.72,0.07,0.73,0,12.11
29695,1273,1059.7,1215.5,0.72,0.07,0.73,0,14.45
29756,1275,391.0,995.0,0.00,0.00,0.00,0,12.01
29757,1275,390.0,994.7,-0.02,-0.01,0.03,0,7.47
29758,1275,389.0,994.8,-0.09,-0.00,0.09,0,6.31
29758,1276,382.0,987.0,0.00,0.00,0.00,0,12.01
29760,1275,389.0,994.8,-0.09,-0.00,0.09,0,9.98
29760,1276,382.0,987.0,0.00,0.00,0.00,0,15.14
29761,1275,389.0,994.8,-0.09,-0.00,0.09,0,12.13
29761,1276,382.0,987.0,0.00,0.00,0.00,0,17.25
29762,1275,389.0,994.8,-0.09,-0.00,0.09,0,14.47
29762,1276,382.0,987.0,0.00,0.00,0.00,0,19.49
29796,1277,408.0,851.0,0.00,0.00,0.00,0,12.01
29797,1277,406.0,850.7,-0.05,-0.01,0.05,0,7.48
29798,1277,406.0,850.7,-0.05,-0.01,0.05,0,9.52
29800,1277,406.0,850.7,-0.05,-0.01,0.05,0,13.31
29801,1277,406.0,850.7,-0.05,-0.01,0.05,0,15.48
29911,1278,1086.0,1031.0,0.00,0.00,0.00,0,12.01
29912,1278,1086.3,1031.3,0.01,0.01,0.01,0,7.48
29912,1279,1079.0,1028.0,0.00,0.00,0.00,0,12.01
29913,1278,1084.7,1030.7,-0.10,-0.03,0.11,0,6.31
29915,1278,1084.7,1030.7,-0.10,-0.03,0.11,0,9.94
29916,1278,1084.7,1030.7,-0.10,-0.03,0.11,0,12.12
29917,1278,1084.7,1030.7,-0.10,-0.03,0.11,0,14.47
29987,1280,792.0,1131.0,0.00,0.00,0.00,0,12.01
29988,1280,789.1,1133.0,-0.07,0.05,0.09,0,7.47
29989,1280,789.0,1133.0,-0.07,0.05,0.09,0,9.52
29989,1281,1541.0,901.0,0.00,0.00,0.00,0,12.01
29991,1280,789.0,1133.0,-0.07,0.05,0.09,0,13.31
29991,1281,1541.0,901.0,0.00,0.00,0.00,0,15.14
29992,1280,789.0,1133.0,-0.07,0.05,0.09,0,15.48
29992,1281,1541.0,901.0,0.00,0.00,0.00,0,17.26
29993,1281,1541.0,901.0,0.00,0.00,0.00,0,19.51
30081,1282,550.0,1152.0,0.00,0.00,0.00,0,12.01
30082,1282,550.0,1152.0,0.00,0.00,0.00,0,14.04
30083,1282,549.3,1147.8,-0.03,-0.19,0.20,0,7.87
30083,1283,1443.0,802.0,0.00,0.00,0.00,0,12.01
30085,1282,549.3,1147.7,-0.03,-0.19,0.20,0,11.53
30085,1283,1443.0,802.0,0.00,0.00,0.00,0,15.13
30086,1282,549.3,1147.7,-0.03,-0.19,0.20,0,13.69
30086,1283,1443.0,802.0,0.00,0.00,0.00,0,17.25
30087,1282,549.3,1147.7,-0.03,-0.19,0.20,0,16.04
30087,1283,1443.0,802.0,0.00,0.00,0.00,0,19.50
30118,1284,576.0,1056.0,0.00,0.00,0.00,0,12.01
30118,1285,589.0,1064.0,0.00,0.00,0.00,0,12.01
30119,1284,577.0,1056.7,0.02,0.02,0.03,0,7.48
30119,1285,581.8,1060.4,-0.18,-0.09,0.20,0,7.48
30119,1286,1314.0,884.0,0.00,0.00,0.00,0,12.01
30120,1284,575.7,1055.7,-0.07,-0.05,0.09,0,6.31
30122,1284,575.7,1055.7,-0.07,-0.05,0.09,0,9.97
30123,1284,575.7,1055.7,-0.07,-0.05,0.09,0,12.11
30124,1284,575.7,1055.7,-0.07,-0.05,0.09,0,14.45
30205,1288,699.0,1083.0,0.00,0.00,0.00,0,12.01
30206,1288,701.0,1077.1,0.05,-0.15,0.15,0,7.47
30207,1288,701.7,1075.0,0.10,-0.28,0.29,0,6.31
30209,1288,701.8,1074.9,0.10,-0.28,0.29,0,9.96
30210,1288,701.8,1074.9,0.10,-0.28,0.29,0,12.14
30211,1288,701.8,1074.9,0.10,-0.28,0.29,0,14.49
30281,1289,1119.0,1245.0,0.00,0.00,0.00,0,12.01
30283,1291,1103.0,1234.0,0.00,0.00,0.00,0,12.01
30283,1292,1113.0,1240.0,0.00,0.00,0.00,0,12.01
30284,1291,1103.3,1234.0,0.01,0.00,0.01,0,7.48
30284,1292,1113.0,1240.0,0.00,0.00,0.00,0,14.04
30285,1291,1103.3,1234.0,0.01,0.00,0.01,0,9.52
30287,1291,1103.3,1234.0,0.01,0.00,0.01,0,13.30
30288,1291,1103.3,1234.0,0.01,0.00,0.01,0,15.46
30397,1293,594.0,1237.0,0.00,0.00,0.00,0,12.01
30398,1293,594.0,1237.0,0.00,0.00,0.00,0,14.04
30399,1293,594.0,1237.0,0.00,0.00,0.00,0,16.09
30401,1293,594.0,1237.0,0.00,0.00,0.00,0,19.97
30435,1294,932.0,1241.0,0.00,0.00,0.00,0,12.02
30436,1294,932.3,1241.3,0.01,0.01,0.02,0,7.48
30436,1295,921.0,1247.0,0.00,0.00,0.00,0,12.01
30437,1294,929.7,1242.5,-0.17,0.10,0.19,0,6.29
30437,1295,921.0,1247.0,0.00,0.00,0.00,0,14.02
30439,1294,929.6,1242.6,-0.17,0.10,0.19,0,9.79
30439,1295,921.0,1247.0,0.00,0.00,0.00,0,17.32
30440,1294,929.6,1242.6,-0.17,0.10,0.19,0,12.00
30440,1295,921.0,1247.0,0.00,0.00,0.00,0,19.50
30441,1294,929.6,1242.6,-0.17,0.10,0.19,0,14.35
30472,1296,923.0,739.0,0.00,0.00,0.00,0,12.01
30472,1297,919.0,750.0,0.00,0.00,0.00,0,12.01
30472,1298,1230.0,1176.0,0.00,0.00,0.00,0,12.01
30473,1296,923.0,739.7,0.00,0.02,0.02,0,7.50
30473,1297,921.0,743.4,0.05,-0.16,0.17,0,7.50
30473,1298,1230.0,1176.0,0.00,0.00,0.00,0,14.07
30474,1296,923.5,737.7,0.05,-0.17,0.18,0,6.31
30474,1298,1230.0,1176.0,0.00,0.00,0.00,0,16.12
30476,1296,923.5,737.6,0.05,-0.17,0.18,0,9.99
30476,1298,1230.0,1176.0,0.00,0.00,0.00,0,20.06
30477,1296,923.5,737.6,0.05,-0.17,0.18,0,12.01
30478,1296,923.5,737.6,0.05,-0.17,0.18,0,14.41
30525,1299,1186.0,1173.0,0.00,0.00,0.00,0,12.01
30526,1299,1186.0,1173.0,0.00,0.00,0.00,0,14.04
30527,1299,1186.0,1173.0,0.00,0.00,0.00,0,16.09
30529,1299,1186.0,1173.0,0.00,0.00,0.00,0,19.94
30618,1300,632.0,540.0,0.00,0.00,0.00,0,12.01
30619,1300,632.0,540.0,0.00,0.00,0.00,0,14.04
30620,1300,632.0,540.0,0.00,0.00,0.00,0,16.09
30622,1300,632.0,540.0,0.00,0.00,0.00,0,19.98
30655,1301,1217.0,1144.0,0.00,0.00,0.00,0,12.01
30655,1302,1218.0,1154.0,0.00,0.00,0.00,0,12.01
30656,1301,1217.3,1145.3,0.01,0.03,0.03,0,7.48
30656,1302,1218.0,1148.8,0.00,-0.13,0.13,0,7.48
30657,1301,1217.5,1143.9,0.02,-0.06,0.07,0,6.31
30659,1301,1217.5,1143.9,0.02,-0.06,0.07,0,10.00
30660,1301,1217.5,1143.9,0.02,-0.06,0.07,0,12.11
30661,1301,1217.5,1143.9,0.02,-0.06,0.07,0,14.46
30705,1303,498.0,663.0,0.00,0.00,0.00,0,12.01
30706,1303,498.0,663.0,0.00,0.00,0.00,0,7.48
30706,1304,507.0,667.0,0.00,0.00,0.00,0,12.01
30707,1303,500.3,664.0,0.15,0.07,0.17,0,6.31
30707,1304,509.6,669.0,0.06,0.05,0.08,0,7.48
30709,1303,500.4,664.0,0.15,0.07,0.17,0,9.97
30709,1304,509.6,669.0,0.06,0.05,0.08,0,10.87
30710,1303,500.4,664.0,0.15,0.07,0.17,0,12.13
30710,1304,509.6,669.0,0.06,0.05,0.08,0,13.00
30711,1303,500.4,664.1,0.15,0.07,0.17,0,14.52
30711,1304,509.6,669.0,0.06,0.05,0.08,0,15.33
30742,1305,1215.0,677.0,0.00,0.00,0.00,0,12.01
30742,1306,1213.0,684.0,0.00,0.00,0.00,0,12.01
30743,1305,1214.7,677.0,-0.01,0.00,0.01,0,7.48
30743,1306,1214.0,679.7,0.02,-0.11,0.11,0,7.48
30744,1305,1215.0,675.7,0.02,-0.09,0.09,0,6.31
30746,1305,1215.0,675.7,0.02,-0.09,0.09,0,9.99
30747,1305,1215.0,675.7,0.02,-0.09,0.09,0,12.10
30748,1305,1215.0,675.7,0.02,-0.09,0.09,0,14.50
30830,1307,1196.0,1111.0,0.00,0.00,0.00,0,12.01
30831,1307,1191.4,1111.7,-0.11,0.02,0.11,0,7.47
30832,1307,1189.5,1112.0,-0.24,0.04,0.24,0,6.31
30832,1308,1168.0,1116.0,0.00,0.00,0.00,0,12.01
30834,1307,1189.4,1112.0,-0.24,0.04,0.24,0,9.99
30834,1308,1168.0,1116.0,0.00,0.00,0.00,0,15.15
30835,1307,1189.4,1112.0,-0.24,0.04,0.24,0,12.13
30835,1308,1168.0,1116.0,0.00,0.00,0.00,0,17.25
30836,1307,1189.4,1112.0,-0.24,0.04,0.24,0,14.53
30836,1308,1168.0,1116.0,0.00,0.00,0.00,0,19.53
30878,1309,449.0,604.0,0.00,0.00,0.00,0,12.01
30879,1309,448.3,603.7,-0.02,-0.01,0.02,0,7.47
30880,1309,448.3,603.7,-0.02,-0.01,0.02,0,9.52
30882,1309,448.3,603.7,-0.02,-0.01,0.02,0,13.39
30883,1309,448.3,603.7,-0.02,-0.01,0.02,0,15.46
30916,1312,492.0,1003.0,0.00,0.00,0.00,0,12.01
30916,1313,498.0,1006.0,0.00,0.00,0.00,0,12.01
30916,1314,441.0,1078.0,0.00,0.00,0.00,0,12.01
30916,1315,436.0,1083.0,0.00,0.00,0.00,0,12.01
30917,1312,492.0,1003.0,0.00,0.00,0.00,0,7.47
30917,1313,498.0,1006.0,0.00,0.00,0.00,0,14.04
30917,1314,441.0,1078.0,0.00,0.00,0.00,0,14.04
30917,1315,436.0,1083.0,0.00,0.00,0.00,0,14.04
30918,1312,491.5,1002.5,-0.03,-0.03,0.05,0,6.30
30918,1314,441.0,1078.0,0.00,0.00,0.00,0,16.09
30920,1312,491.5,1002.5,-0.03,-0.03,0.05,0,9.95
30920,1314,441.0,1078.0,0.00,0.00,0.00,0,19.95
30921,1312,491.5,1002.5,-0.03,-0.03,0.05,0,12.12
30922,1312,491.5,1002.5,-0.03,-0.03,0.05,0,14.51
31220,1316,1215.0,979.0,0.00,0.00,0.00,0,12.01
31221,1316,1215.0,979.0,0.00,0.00,0.00,0,14.04
31222,1316,1215.0,979.0,0.00,0.00,0.00,0,16.09
31224,1316,1215.0,979.0,0.00,0.00,0.00,0,19.97
31257,1317,397.0,965.0,0.00,0.00,0.00,0,12.01
31258,1317,397.0,965.0,0.00,0.00,0.00,0,14.04
31259,1317,398.1,965.0,0.05,0.00,0.05,0,7.87
31261,1317,398.1,965.0,0.05,0.00,0.05,0,11.51
31262,1317,398.1,965.0,0.05,0.00,0.05,0,13.65
31263,1317,398.1,965.0,0.05,0.00,0.05,0,16.06
31415,1318,1370.0,591.0,0.00,0.00,0.00,0,12.01
31416,1318,1370.0,591.0,0.00,0.00,0.00,0,14.04
31417,1318,1370.0,591.0,0.00,0.00,0.00,0,16.09
31419,1318,1370.0,591.0,0.00,0.00,0.00,0,20.00
31486,1319,764.0,639.0,0.00,0.00,0.00,0,12.01
31487,1319,764.7,637.4,0.02,-0.04,0.05,0,7.48
31488,1319,765.0,637.0,0.04,-0.07,0.08,0,6.31
31490,1319,765.0,637.0,0.04,-0.07,0.08,0,9.98
31491,1319,765.0,637.0,0.04,-0.07,0.08,0,12.13
31492,1319,765.0,637.0,0.04,-0.07,0.08,0,14.48
31531,1321,1446.0,624.0,0.00,0.00,0.00,0,12.01
31532,1321,1443.1,621.1,-0.07,-0.07,0.10,0,7.47
31533,1321,1441.5,619.8,-0.18,-0.16,0.24,0,6.31
31535,1321,1441.4,619.7,-0.18,-0.16,0.24,0,10.01
31536,1321,1441.4,619.7,-0.18,-0.16,0.24,0,12.12
31537,1321,1441.4,619.7,-0.18,-0.16,0.24,0,14.47
31648,1323,1037.0,1324.0,0.00,0.00,0.00,0,12.01
31649,1323,1037.3,1322.0,0.01,-0.05,0.05,0,7.47
31650,1323,1037.3,1322.0,0.01,-0.05,0.05,0,9.51
31652,1323,1037.3,1322.0,0.01,-0.05,0.05,0,13.28
31653,1323,1037.3,1322.0,0.01,-0.05,0.05,0,15.47
31833,1324,1117.0,1102.0,0.00,0.00,0.00,0,12.01
31834,1324,1117.0,1102.0,0.00,0.00,0.00,0,7.47
31835,1324,1117.0,1102.0,0.00,0.00,0.00,0,9.52
31837,1324,1117.0,1102.0,0.00,0.00,0.00,0,13.32
31838,1324,1117.0,1102.0,0.00,0.00,0.00,0,15.47
31995,1325,708.0,1084.0,0.00,0.00,0.00,0,12.01
31996,1325,706.7,1079.4,-0.03,-0.12,0.12,0,7.48
31997,1325,706.7,1079.4,-0.03,-0.12,0.12,0,9.52
31999,1325,706.7,1079.4,-0.03,-0.12,0.12,0,13.29
32000,1325,706.7,1079.4,-0.03,-0.12,0.12,0,15.46
32098,1326,1318.0,896.0,0.00,0.00,0.00,0,12.01
32099,1326,1315.4,892.4,-0.07,-0.09,0.11,0,7.47
32100,1326,1314.0,890.5,-0.15,-0.21,0.26,0,6.31
32102,1326,1314.0,890.4,-0.15,-0.21,0.26,0,9.98
32103,1326,1313.9,890.4,-0.15,-0.21,0.26,0,12.14
32104,1326,1313.9,890.4,-0.15,-0.21,0.26,0,14.48
32255,1328,972.0,1245.0,0.00,0.00,0.00,0,12.01
32257,1330,989.0,1244.0,0.00,0.00,0.00,0,12.01
32258,1330,989.0,1244.0,0.00,0.00,0.00,0,14.04
32259,1330,989.0,1244.0,0.00,0.00,0.00,0,16.09
32261,1330,989.0,1244.0,0.00,0.00,0.00,0,19.97
32294,1331,930.0,1248.0,0.00,0.00,0.00,0,12.01
32296,1333,920.0,1252.0,0.00,0.00,0.00,0,12.01
32296,1334,909.0,1259.0,0.00,0.00,0.00,0,12.01
32297,1333,916.7,1254.3,-0.07,0.05,0.09,0,7.47
32297,1334,905.7,1261.6,-0.07,0.06,0.09,0,7.47
32298,1333,912.4,1257.3,-0.35,0.24,0.43,0,6.30
32300,1333,912.3,1257.4,-0.35,0.24,0.43,0,9.94
32301,1333,912.3,1257.4,-0.35,0.24,0.43,0,12.11
32302,1333,912.3,1257.4,-0.35,0.24,0.43,0,14.46
32489,1335,713.0,1222.0,0.00,0.00,0.00,0,12.01
32490,1335,712.3,1222.0,-0.02,0.00,0.02,0,7.47
32491,1335,711.2,1220.5,-0.09,-0.10,0.13,0,6.31
32493,1335,711.2,1220.4,-0.09,-0.10,0.13,0,9.95
32494,1335,711.2,1220.4,-0.09,-0.10,0.13,0,12.12
32495,1335,711.2,1220.4,-0.09,-0.10,0.13,0,14.47
32527,1338,656.0,1165.0,0.00,0.00,0.00,0,12.02
32527,1339,659.0,1177.0,0.00,0.00,0.00,0,12.02
32528,1338,657.0,1168.3,0.03,0.12,0.12,0,7.47
32528,1339,659.7,1180.3,0.02,0.12,0.12,0,7.47
32528,1340,762.0,680.0,0.00,0.00,0.00,0,12.01
32529,1338,658.0,1173.1,0.10,0.43,0.44,0,6.30
32531,1338,658.0,1173.2,0.10,0.43,0.44,0,9.85
32532,1338,658.0,1173.2,0.10,0.43,0.44,0,12.06
32533,1338,658.1,1173.2,0.10,0.43,0.44,0,14.45
32573,1342,1445.0,720.0,0.00,0.00,0.00,0,12.01
32574,1342,1445.0,720.0,0.00,0.00,0.00,0,14.04
32575,1342,1445.0,720.0,0.00,0.00,0.00,0,16.09
32577,1342,1445.0,720.0,0.00,0.00,0.00,0,19.99
32625,1343,443.0,1017.0,0.00,0.00,0.00,0,12.01
32626,1343,446.9,1016.0,0.09,-0.02,0.10,0,7.47
32627,1343,448.5,1015.8,0.19,-0.04,0.20,0,6.30
32629,1343,448.5,1015.7,0.19,-0.04,0.20,0,9.96
32630,1343,448.6,1015.7,0.19,-0.04,0.20,0,12.13
32631,1343,448.6,1015.7,0.19,-0.04,0.20,0,14.53
32663,1344,687.0,655.0,0.00,0.00,0.00,0,12.03
32665,1346,699.0,648.0,0.00,0.00,0.00,0,12.00
32665,1347,693.0,652.0,0.00,0.00,0.00,0,12.00
32666,1346,698.7,648.0,-0.00,0.00,0.00,0,7.46
32666,1347,696.6,649.4,0.05,-0.04,0.06,0,7.46
32667,1346,699.8,647.2,0.04,-0.03,0.05,0,6.30
32669,1346,699.8,647.2,0.04,-0.03,0.05,0,9.90
32670,1346,699.8,647.2,0.04,-0.03,0.05,0,12.06
32671,1346,699.8,647.2,0.04,-0.03,0.05,0,14.44
32804,1348,1197.0,816.0,0.00,0.00,0.00,0,12.03
32806,1351,1192.0,814.0,0.00,0.00,0.00,0,12.00
32806,1352,1163.0,1275.0,0.00,0.00,0.00,0,12.00
32806,1353,1169.0,1283.0,0.00,0.00,0.00,0,12.00
32807,1351,1192.0,814.0,0.00,0.00,0.00,0,14.02
32807,1352,1163.3,1275.0,0.00,0.00,0.00,0,7.47
32807,1353,1169.0,1283.0,0.00,0.00,0.00,0,14.02
32808,1352,1163.3,1275.0,0.00,0.00,0.00,0,9.50
32808,1351,1192.0,814.0,0.00,0.00,0.00,0,16.06
32810,1352,1163.3,1275.0,0.00,0.00,0.00,0,13.23
32810,1351,1192.0,814.0,0.00,0.00,0.00,0,19.84
32811,1352,1163.3,1275.0,0.00,0.00,0.00,0,15.41
32895,1354,1337.0,861.0,0.00,0.00,0.00,0,12.01
32896,1354,1337.0,861.0,0.00,0.00,0.00,0,14.04
32897,1354,1337.0,861.0,0.00,0.00,0.00,0,16.09
32899,1354,1337.0,861.0,0.00,0.00,0.00,0,19.97
32932,1355,863.0,1293.0,0.00,0.00,0.00,0,12.01
32932,1356,871.0,1295.0,0.00,0.00,0.00,0,12.01
32933,1355,863.3,1293.0,0.01,0.00,0.01,0,7.48
32933,1356,871.0,1295.0,0.00,0.00,0.00,0,14.04
32933,1357,648.0,1284.0,0.00,0.00,0.00,0,12.01
32934,1355,863.3,1293.0,0.01,0.00,0.01,0,9.52
32936,1355,863.3,1293.0,0.01,0.00,0.01,0,13.36
32937,1355,863.3,1293.0,0.01,0.00,0.01,0,15.45
32977,1358,782.0,1351.0,0.00,0.00,0.00,0,12.01
32978,1358,779.4,1347.7,-0.06,-0.08,0.10,0,7.48
32979,1358,778.3,1346.2,-0.14,-0.18,0.22,0,6.31
32981,1358,778.2,1346.2,-0.14,-0.18,0.22,0,9.93
32982,1358,778.2,1346.2,-0.14,-0.18,0.22,0,12.13
32983,1358,778.2,1346.2,-0.14,-0.18,0.22,0,14.48
33054,1360,896.0,1383.0,0.00,0.00,0.00,0,12.01
33055,1360,896.0,1383.0,0.00,0.00,0.00,0,14.04
33056,1360,896.0,1383.0,0.00,0.00,0.00,0,16.09
33058,1360,896.0,1383.0,0.00,0.00,0.00,0,19.94
33094,1361,1290.0,1174.0,0.00,0.00,0.00,0,12.01
33095,1361,1290.0,1174.0,0.00,0.00,0.00,0,14.04
33096,1361,1290.0,1174.0,0.00,0.00,0.00,0,16.08
33098,1361,1290.0,1174.0,0.00,0.00,0.00,0,19.94
33143,1362,653.0,1066.0,0.00,0.00,0.00,0,12.01
33144,1362,653.0,1066.0,0.00,0.00,0.00,0,14.04
33145,1362,654.4,1071.6,0.07,0.26,0.27,0,7.87
33147,1362,654.4,1071.7,0.07,0.26,0.27,0,11.54
33148,1362,654.4,1071.7,0.07,0.26,0.27,0,13.69
33149,1362,654.4,1071.7,0.07,0.26,0.27,0,16.08
33180,1363,371.0,944.0,0.00,0.00,0.00,0,12.01
33181,1363,371.0,943.3,0.00,-0.02,0.02,0,7.52
33181,1364,367.0,936.0,0.00,0.00,0.00,0,12.04
33181,1365,1262.0,1047.0,0.00,0.00,0.00,0,12.04
33181,1366,903.0,1363.0,0.00,0.00,0.00,0,12.04
33181,1367,889.0,1367.0,0.00,0.00,0.00,0,12.04
33182,1363,370.2,941.7,-0.09,-0.21,0.23,0,6.33
33182,1364,367.0,936.0,0.00,0.00,0.00,0,14.09
33182,1365,1262.0,1047.0,0.00,0.00,0.00,0,14.09
33182,1366,902.3,1362.7,-0.04,-0.02,0.04,0,7.49
33182,1367,889.0,1367.0,0.00,0.00,0.00,0,14.09
33184,1363,370.2,941.6,-0.09,-0.21,0.23,0,10.08
33184,1364,367.0,936.0,0.00,0.00,0.00,0,17.73
33184,1365,1262.0,1047.0,0.00,0.00,0.00,0,17.73
33184,1366,902.3,1362.7,-0.04,-0.02,0.04,0,10.93
33184,1367,889.0,1367.0,0.00,0.00,0.00,0,17.73
33185,1363,370.2,941.6,-0.09,-0.21,0.23,0,12.24
33185,1364,367.0,936.0,0.00,0.00,0.00,0,19.87
33185,1365,1262.0,1047.0,0.00,0.00,0.00,0,19.87
33185,1366,902.3,1362.7,-0.04,-0.02,0.04,0,13.06
33185,1367,889.0,1367.0,0.00,0.00,0.00,0,19.87
33186,1363,370.2,941.6,-0.09,-0.21,0.23,0,14.64
33186,1366,902.3,1362.7,-0.04,-0.02,0.04,0,15.40
33217,1368,1007.0,643.0,0.00,0.00,0.00,0,12.01
33217,1369,1010.0,651.0,0.00,0.00,0.00,0,12.01
33217,1370,1566.0,683.0,0.00,0.00,0.00,0,12.01
33218,1368,1007.0,643.3,0.00,0.01,0.01,0,7.52
33218,1369,1010.0,651.0,0.00,0.00,0.00,0,14.10
33218,1370,1566.0,683.3,0.00,0.01,0.01,0,7.52
33218,1371,1547.0,673.0,0.00,0.00,0.00,0,12.04
33219,1370,1561.1,680.7,-0.59,-0.31,0.66,0,6.33
33219,1368,1007.0,643.3,0.00,0.01,0.01,0,9.58
33221,1370,1560.9,680.6,-0.59,-0.31,0.66,0,10.07
33221,1368,1007.0,643.3,0.00,0.01,0.01,0,13.54
33222,1370,1560.9,680.6,-0.59,-0.31,0.66,0,12.25
33222,1368,1007.0,643.3,0.00,0.01,0.01,0,15.74
33223,1370,1560.9,680.6,-0.59,-0.31,0.66,0,14.66
33299,1372,1023.0,1351.0,0.00,0.00,0.00,0,12.01
33300,1372,1023.0,1351.0,0.00,0.00,0.00,0,14.04
33301,1372,1023.0,1351.0,0.00,0.00,0.00,0,16.09
33303,1372,1023.0,1351.0,0.00,0.00,0.00,0,19.99
33383,1373,1053.0,1007.0,0.00,0.00,0.00,0,12.01
33384,1373,1053.0,1007.0,0.00,0.00,0.00,0,14.04
33385,1373,1054.1,1001.0,0.05,-0.28,0.28,0,7.87
33387,1373,1054.1,1001.0,0.05,-0.28,0.28,0,11.54
33388,1373,1054.1,1001.0,0.05,-0.28,0.28,0,13.69
33389,1373,1054.1,1000.9,0.05,-0.28,0.28,0,16.02
33425,1374,400.0,818.0,0.00,0.00,0.00,0,12.01
33427,1376,390.0,822.0,0.00,0.00,0.00,0,12.01
33427,1377,379.0,827.0,0.00,0.00,0.00,0,12.01
33428,1376,386.7,823.3,-0.08,0.03,0.09,0,7.47
33428,1377,376.1,828.6,-0.07,0.04,0.08,0,7.47
33429,1376,382.7,825.3,-0.34,0.16,0.37,0,6.31
33431,1376,382.6,825.3,-0.34,0.16,0.37,0,10.01
33432,1376,382.6,825.3,-0.34,0.16,0.37,0,12.13
33433,1376,382.6,825.3,-0.34,0.16,0.37,0,14.54
33570,1378,1318.0,1177.0,0.00,0.00,0.00,0,12.01
33571,1378,1318.3,1177.0,0.01,0.00,0.01,0,7.47
33572,1378,1318.3,1177.0,0.01,0.00,0.01,0,9.52
33574,1378,1318.3,1177.0,0.01,0.00,0.01,0,13.35
33575,1378,1318.3,1177.0,0.01,0.00,0.01,0,15.47
33626,1379,659.0,1173.0,0.00,0.00,0.00,0,12.01
33628,1381,667.0,1175.0,0.00,0.00,0.00,0,12.01
33628,1382,675.0,1179.0,0.00,0.00,0.00,0,12.01
33629,1381,671.3,1176.6,0.11,0.04,0.12,0,7.47
33629,1382,675.0,1179.0,0.00,0.00,0.00,0,14.04
33630,1381,672.7,1177.5,0.20,0.10,0.23,0,6.31
33632,1381,672.8,1177.5,0.20,0.10,0.23,0,9.96
33633,1381,672.8,1177.5,0.20,0.10,0.23,0,12.13
33634,1381,672.8,1177.5,0.20,0.10,0.23,0,14.54
33795,1383,630.0,1239.0,0.00,0.00,0.00,0,12.01
33796,1383,630.0,1239.0,0.00,0.00,0.00,0,14.04
33797,1383,631.1,1239.0,0.05,0.00,0.05,0,7.87
33799,1383,631.1,1239.0,0.05,0.00,0.05,0,11.54
33800,1383,631.1,1239.0,0.05,0.00,0.05,0,13.69
33801,1383,631.1,1239.0,0.05,0.00,0.05,0,16.03
33855,1384,884.0,1233.0,0.00,0.00,0.00,0,12.01
33856,1384,886.3,1233.0,0.06,0.00,0.06,0,7.48
33857,1384,886.7,1233.0,0.09,0.00,0.09,0,6.31
33857,1385,899.0,1233.0,0.00,0.00,0.00,0,12.01
33859,1384,886.8,1233.0,0.09,0.00,0.09,0,9.97
33859,1385,899.0,1233.0,0.00,0.00,0.00,0,15.13
33860,1384,886.8,1233.0,0.09,0.00,0.09,0,12.13
33860,1385,899.0,1233.0,0.00,0.00,0.00,0,17.24
33861,1384,886.8,1233.0,0.09,0.00,0.09,0,14.47
33861,1385,899.0,1233.0,0.00,0.00,0.00,0,19.49
33893,1386,295.0,790.0,0.00,0.00,0.00,0,12.03
33894,1386,295.0,790.0,0.00,0.00,0.00,0,14.06
33895,1386,295.4,789.3,0.02,-0.04,0.05,0,7.86
33897,1386,295.4,789.3,0.02,-0.04,0.05,0,11.41
33898,1386,295.4,789.3,0.02,-0.04,0.05,0,13.57
33899,1386,295.4,789.3,0.02,-0.04,0.05,0,15.96
33967,1387,1477.0,824.0,0.00,0.00,0.00,0,12.01
33968,1387,1477.0,824.0,0.00,0.00,0.00,0,14.04
33969,1387,1477.0,824.0,0.00,0.00,0.00,0,16.09
33971,1387,1477.0,824.0,0.00,0.00,0.00,0,19.97
34014,1389,1186.0,1117.0,0.00,0.00,0.00,0,12.01
34015,1389,1186.0,1117.0,0.00,0.00,0.00,0,7.48
34016,1389,1186.0,1117.0,0.00,0.00,0.00,0,9.52
34018,1389,1186.0,1117.0,0.00,0.00,0.00,0,13.30
34019,1389,1186.0,1117.0,0.00,0.00,0.00,0,15.47
34054,1390,936.0,402.0,0.00,0.00,0.00,0,12.01
34054,1391,941.0,417.0,0.00,0.00,0.00,0,12.01
34055,1390,936.0,402.3,0.00,0.01,0.01,0,7.47
34055,1391,941.0,417.0,0.00,0.00,0.00,0,14.04
34056,1390,936.0,402.3,0.00,0.01,0.01,0,9.52
34058,1390,936.0,402.3,0.00,0.01,0.01,0,13.30
34059,1390,936.0,402.3,0.00,0.01,0.01,0,15.46
34091,1392,762.0,326.0,0.00,0.00,0.00,0,12.01
34092,1392,762.3,322.4,0.01,-0.09,0.09,0,7.51
34093,1392,762.5,321.0,0.03,-0.24,0.25,0,6.32
34093,1393,766.0,308.0,0.00,0.00,0.00,0,12.01
34095,1392,762.5,320.9,0.03,-0.24,0.25,0,10.03
34095,1393,766.0,308.0,0.00,0.00,0.00,0,15.08
34096,1392,762.5,320.9,0.03,-0.24,0.25,0,12.29
34096,1393,766.0,308.0,0.00,0.00,0.00,0,17.27
34097,1392,762.5,320.9,0.03,-0.24,0.25,0,14.71
34097,1393,766.0,308.0,0.00,0.00,0.00,0,19.55
34155,1394,1462.0,820.0,0.00,0.00,0.00,0,12.01
34156,1394,1462.0,820.0,0.00,0.00,0.00,0,14.04
34157,1394,1462.0,820.0,0.00,0.00,0.00,0,16.09
34159,1394,1462.0,820.0,0.00,0.00,0.00,0,19.96
34298,1395,868.0,363.0,0.00,0.00,0.00,0,12.01
34299,1395,868.0,363.0,0.00,0.00,0.00,0,14.04
34300,1395,868.0,363.0,0.00,0.00,0.00,0,16.09
34302,1395,868.0,363.0,0.00,0.00,0.00,0,19.96
34336,1399,1314.0,871.0,0.00,0.00,0.00,0,12.03
34336,1400,1322.0,877.0,0.00,0.00,0.00,0,12.03
34336,1401,1164.0,1253.0,0.00,0.00,0.00,0,12.03
34337,1399,1316.6,872.6,0.12,0.07,0.14,0,7.62
34337,1400,1327.3,877.7,0.24,0.03,0.24,0,7.62
34337,1401,1164.0,1253.0,0.00,0.00,0.00,0,14.25
34338,1399,1316.6,872.6,0.12,0.07,0.14,0,9.72
34338,1401,1164.0,1253.0,0.00,0.00,0.00,0,16.36
34340,1399,1316.7,872.7,0.12,0.07,0.14,0,14.07
34340,1401,1164.0,1253.0,0.00,0.00,0.00,0,20.88
34341,1399,1316.7,872.7,0.12,0.07,0.14,0,16.16
34379,1402,930.0,1304.0,0.00,0.00,0.00,0,12.01
34380,1402,926.4,1304.7,-0.07,0.01,0.07,0,7.46
34381,1402,924.8,1305.0,-0.14,0.03,0.15,0,6.30
34381,1403,910.0,1308.0,0.00,0.00,0.00,0,12.01
34383,1402,924.7,1305.0,-0.14,0.03,0.15,0,9.91
34383,1403,910.0,1308.0,0.00,0.00,0.00,0,15.13
34384,1402,924.7,1305.0,-0.14,0.03,0.15,0,12.04
34384,1403,910.0,1308.0,0.00,0.00,0.00,0,17.22
34385,1402,924.7,1305.0,-0.14,0.03,0.15,0,14.45
34385,1403,910.0,1308.0,0.00,0.00,0.00,0,19.52
34419,1404,1069.0,699.0,0.00,0.00,0.00,0,12.24
34420,1404,1069.0,699.0,0.00,0.00,0.00,0,14.29
34421,1404,1069.0,699.0,0.00,0.00,0.00,0,16.35
34423,1404,1069.0,699.0,0.00,0.00,0.00,0,20.71
34593,1405,894.0,1184.0,0.00,0.00,0.00,0,12.01
34594,1405,893.7,1184.3,-0.01,0.01,0.01,0,7.48
34594,1406,897.0,1177.0,0.00,0.00,0.00,0,12.01
34595,1405,894.5,1183.0,0.05,-0.09,0.10,0,6.31
34595,1406,895.7,1175.7,-0.03,-0.03,0.05,0,7.48
34597,1405,894.5,1182.9,0.05,-0.09,0.10,0,9.98
34597,1406,895.7,1175.7,-0.03,-0.03,0.05,0,10.87
34598,1405,894.5,1182.9,0.05,-0.09,0.10,0,12.13
34598,1406,895.7,1175.7,-0.03,-0.03,0.05,0,13.00
34599,1405,894.5,1182.9,0.05,-0.09,0.10,0,14.48
34599,1406,895.7,1175.7,-0.03,-0.03,0.05,0,15.30
34638,1407,1404.0,1096.0,0.00,0.00,0.00,0,12.01
34639,1407,1406.3,1096.3,0.06,0.01,0.06,0,7.48
34640,1407,1406.7,1096.2,0.09,0.00,0.09,0,6.31
34640,1408,1416.0,1103.0,0.00,0.00,0.00,0,12.01
34642,1407,1406.8,1096.2,0.09,0.00,0.09,0,9.98
34642,1408,1416.0,1103.0,0.00,0.00,0.00,0,15.14
34643,1407,1406.8,1096.2,0.09,0.00,0.09,0,12.13
34643,1408,1416.0,1103.0,0.00,0.00,0.00,0,17.24
34644,1407,1406.8,1096.2,0.09,0.00,0.09,0,14.47
34644,1408,1416.0,1103.0,0.00,0.00,0.00,0,19.49
34685,1409,1031.0,1233.0,0.00,0.00,0.00,0,12.01
34687,1411,1015.0,1222.0,0.00,0.00,0.00,0,12.01
34687,1412,1025.0,1226.0,0.00,0.00,0.00,0,12.01
34688,1411,1015.7,1222.0,0.02,0.00,0.02,0,7.47
34688,1412,1025.0,1226.0,0.00,0.00,0.00,0,14.03
34689,1411,1015.7,1222.0,0.02,0.00,0.02,0,9.52
34691,1411,1015.7,1222.0,0.02,0.00,0.02,0,13.31
34692,1411,1015.7,1222.0,0.02,0.00,0.02,0,15.47
34819,1413,1011.0,841.0,0.00,0.00,0.00,0,12.01
34819,1414,1010.0,847.0,0.00,0.00,0.00,0,12.01
34820,1413,1011.0,839.7,0.00,-0.03,0.03,0,7.47
34820,1414,1010.0,847.0,0.00,0.00,0.00,0,14.04
34821,1413,1011.3,839.5,0.02,-0.04,0.05,0,6.31
34823,1413,1011.3,839.5,0.02,-0.04,0.05,0,9.96
34824,1413,1011.3,839.5,0.02,-0.04,0.05,0,12.13
34825,1413,1011.3,839.5,0.02,-0.04,0.05,0,14.47
34878,1415,1529.0,657.0,0.00,0.00,0.00,0,12.01
34879,1415,1531.0,659.9,0.05,0.07,0.09,0,7.47
34880,1415,1531.7,661.2,0.10,0.15,0.18,0,6.31
34880,1416,1542.0,673.0,0.00,0.00,0.00,0,12.01
34882,1415,1531.8,661.3,0.10,0.15,0.18,0,9.99
34882,1416,1542.0,673.0,0.00,0.00,0.00,0,15.15
34883,1415,1531.8,661.3,0.10,0.15,0.18,0,12.13
34883,1416,1542.0,673.0,0.00,0.00,0.00,0,17.25
34884,1415,1531.8,661.3,0.10,0.15,0.18,0,14.54
34884,1416,1542.0,673.0,0.00,0.00,0.00,0,19.54
34915,1417,1358.0,965.0,0.00,0.00,0.00,0,12.01
34916,1417,1358.7,962.7,0.02,-0.06,0.06,0,7.48
34917,1417,1358.7,961.8,0.02,-0.12,0.13,0,6.30
34919,1417,1358.8,961.7,0.02,-0.12,0.13,0,9.93
34920,1417,1358.8,961.7,0.02,-0.12,0.13,0,12.11
34921,1417,1358.8,961.7,0.02,-0.12,0.13,0,14.51
34961,1419,1277.0,973.0,0.00,0.00,0.00,0,12.01
34962,1419,1277.0,973.0,0.00,0.00,0.00,0,14.04
34963,1419,1277.0,973.0,0.00,0.00,0.00,0,16.09
34965,1419,1277.0,973.0,0.00,0.00,0.00,0,19.98
35026,1420,638.0,1181.0,0.00,0.00,0.00,0,12.01
35027,1420,638.0,1181.0,0.00,0.00,0.00,0,14.04
35028,1420,638.0,1181.0,0.00,0.00,0.00,0,16.09
35030,1420,638.0,1181.0,0.00,0.00,0.00,0,20.00
35099,1421,893.0,1113.0,0.00,0.00,0.00,0,12.01
35100,1421,893.0,1113.0,0.00,0.00,0.00,0,14.04
35101,1421,896.9,1118.3,0.18,0.25,0.31,0,7.87
35103,1421,896.9,1118.3,0.18,0.25,0.31,0,11.52
35104,1421,896.9,1118.3,0.18,0.25,0.31,0,13.69
35105,1421,896.9,1118.3,0.18,0.25,0.31,0,16.09
35196,1422,1533.0,719.0,0.00,0.00,0.00,0,12.01
35197,1422,1533.0,719.0,0.00,0.00,0.00,0,14.04
35198,1422,1533.0,719.0,0.00,0.00,0.00,0,16.08
35200,1422,1533.0,719.0,0.00,0.00,0.00,0,19.96
35256,1423,1185.0,1336.0,0.00,0.00,0.00,0,12.01
35257,1423,1187.3,1336.3,0.06,0.01,0.06,0,7.48
35258,1423,1187.3,1336.3,0.06,0.01,0.06,0,9.51
35260,1423,1187.3,1336.3,0.06,0.01,0.06,0,13.30
35261,1423,1187.3,1336.3,0.06,0.01,0.06,0,15.46
35313,1424,628.0,556.0,0.00,0.00,0.00,0,12.01
35314,1424,628.7,556.7,0.02,0.02,0.02,0,7.47
35315,1424,628.7,556.7,0.02,0.02,0.02,0,9.52
35317,1424,628.7,556.7,0.02,0.02,0.02,0,13.31
35318,1424,628.7,556.7,0.02,0.02,0.02,0,15.46
35350,1425,1165.0,1144.0,0.00,0.00,0.00,0,12.01
35350,1426,1168.0,1156.0,0.00,0.00,0.00,0,12.01
35351,1425,1166.0,1147.6,0.02,0.09,0.09,0,7.48
35351,1426,1169.3,1158.9,0.03,0.07,0.08,0,7.48
35352,1425,1167.3,1151.8,0.11,0.38,0.40,0,6.31
35354,1425,1167.3,1151.9,0.11,0.38,0.40,0,10.02
35355,1425,1167.3,1151.9,0.11,0.38,0.40,0,12.10
35356,1425,1167.3,1151.9,0.11,0.38,0.40,0,14.51
35540,1427,1438.0,970.0,0.00,0.00,0.00,0,12.01
35541,1427,1438.0,970.3,0.00,0.01,0.01,0,7.47
35542,1427,1438.3,973.3,0.02,0.20,0.20,0,6.31
35544,1427,1438.3,973.4,0.02,0.20,0.20,0,9.98
35545,1427,1438.3,973.4,0.02,0.20,0.20,0,12.13
35546,1427,1438.3,973.4,0.02,0.20,0.20,0,14.53
35578,1428,745.0,509.0,0.00,0.00,0.00,0,12.01
35579,1428,745.0,509.0,0.00,0.00,0.00,0,14.04
35580,1428,745.0,509.0,0.00,0.00,0.00,0,16.09
35582,1428,745.0,509.0,0.00,0.00,0.00,0,19.97
35646,1429,1230.0,1126.0,0.00,0.00,0.00,0,12.01
35647,1429,1230.0,1126.0,0.00,0.00,0.00,0,14.04
35648,1429,1230.0,1126.0,0.00,0.00,0.00,0,16.09
35650,1429,1230.0,1126.0,0.00,0.00,0.00,0,19.97
35684,1430,1423.0,1192.0,0.00,0.00,0.00,0,12.04
35685,1430,1423.0,1192.0,0.00,0.00,0.00,0,14.09
35686,1430,1423.0,1192.0,0.00,0.00,0.00,0,16.15
35686,1431,1314.0,597.0,0.00,0.00,0.00,0,12.01
35688,1430,1423.0,1192.0,0.00,0.00,0.00,0,20.13
35688,1431,1314.0,597.0,0.00,0.00,0.00,0,15.08
35689,1431,1314.0,597.0,0.00,0.00,0.00,0,17.23
35690,1431,1314.0,597.0,0.00,0.00,0.00,0,19.49
35752,1432,1087.0,680.0,0.00,0.00,0.00,0,12.01
35753,1432,1088.3,682.3,0.03,0.06,0.07,0,7.47
35754,1432,1088.3,682.3,0.03,0.06,0.07,0,9.52
35756,1432,1088.3,682.3,0.03,0.06,0.07,0,13.31
35757,1432,1088.3,682.3,0.03,0.06,0.07,0,15.46
35795,1433,923.0,1136.0,0.00,0.00,0.00,0,12.01
35797,1435,917.0,1141.0,0.00,0.00,0.00,0,12.01
35797,1436,907.0,1146.0,0.00,0.00,0.00,0,12.01
35798,1435,914.4,1142.3,-0.06,0.03,0.07,0,7.47
35798,1436,907.0,1146.0,0.00,0.00,0.00,0,14.04
35799,1435,910.9,1144.3,-0.29,0.16,0.33,0,6.31
35801,1435,910.9,1144.3,-0.29,0.16,0.33,0,9.98
35802,1435,910.9,1144.3,-0.29,0.16,0.33,0,12.15
35803,1435,910.8,1144.3,-0.29,0.16,0.33,0,14.48
35835,1437,1310.0,1001.0,0.00,0.00,0.00,0,12.01
35836,1437,1309.7,1003.3,-0.01,0.06,0.06,0,7.48
35837,1437,1309.0,1005.3,-0.05,0.20,0.20,0,6.30
35839,1437,1309.0,1005.3,-0.05,0.20,0.20,0,9.93
35840,1437,1309.0,1005.3,-0.05,0.20,0.20,0,12.11
35841,1437,1309.0,1005.3,-0.05,0.20,0.20,0,14.51
36046,1438,1430.0,1183.0,0.00,0.00,0.00,0,12.01
36047,1438,1430.3,1181.7,0.01,-0.03,0.03,0,7.47
36048,1438,1430.3,1181.7,0.01,-0.03,0.03,0,9.51
36050,1438,1430.3,1181.7,0.01,-0.03,0.03,0,13.25
36051,1438,1430.3,1181.7,0.01,-0.03,0.03,0,15.47
36083,1439,794.0,1296.0,0.00,0.00,0.00,0,12.01
36083,1440,796.0,1307.0,0.00,0.00,0.00,0,12.01
36085,1441,793.0,1285.0,0.00,0.00,0.00,0,12.01
36085,1442,794.0,1292.0,0.00,0.00,0.00,0,12.01
36086,1441,793.3,1286.0,0.01,0.02,0.03,0,7.47
36086,1442,794.3,1288.4,0.01,-0.09,0.09,0,7.47
36087,1441,793.8,1284.4,0.04,-0.07,0.08,0,6.30
36089,1441,793.8,1284.4,0.04,-0.07,0.08,0,9.97
36090,1441,793.8,1284.4,0.04,-0.07,0.08,0,12.11
36091,1441,793.8,1284.4,0.04,-0.07,0.08,0,14.45
36134,1443,836.0,1159.0,0.00,0.00,0.00,0,12.01
36136,1445,812.0,1141.0,0.00,0.00,0.00,0,12.01
36136,1446,825.0,1150.0,0.00,0.00,0.00,0,12.01
36137,1445,812.3,1141.0,0.01,0.00,0.01,0,7.48
36137,1446,817.1,1144.8,-0.19,-0.12,0.23,0,7.48
36138,1445,809.4,1139.5,-0.20,-0.11,0.23,0,6.30
36140,1445,809.4,1139.4,-0.20,-0.11,0.23,0,9.89
36141,1445,809.4,1139.4,-0.20,-0.11,0.23,0,12.12
36142,1445,809.3,1139.4,-0.20,-0.11,0.23,0,14.46
36178,1447,1287.0,449.0,0.00,0.00,0.00,0,12.01
36179,1447,1289.9,439.2,0.07,-0.24,0.25,0,7.48
36180,1447,1290.0,439.2,0.07,-0.24,0.25,0,9.52
36182,1447,1290.0,439.1,0.07,-0.24,0.25,0,13.34
36183,1447,1290.0,439.1,0.07,-0.24,0.25,0,15.45
36219,1448,1317.0,1151.0,0.00,0.00,0.00,0,12.01
36220,1448,1317.3,1151.0,0.01,0.00,0.01,0,7.47
36220,1449,1305.0,1147.0,0.00,0.00,0.00,0,12.01
36221,1448,1314.4,1150.2,-0.18,-0.05,0.19,0,6.31
36221,1449,1301.7,1145.7,-0.08,-0.03,0.08,0,7.48
36223,1448,1314.4,1150.2,-0.18,-0.05,0.19,0,9.99
36223,1449,1301.7,1145.7,-0.08,-0.03,0.08,0,10.88
36224,1448,1314.4,1150.2,-0.18,-0.05,0.19,0,12.13
36224,1449,1301.7,1145.7,-0.08,-0.03,0.08,0,13.00
36225,1448,1314.4,1150.2,-0.18,-0.05,0.19,0,14.52
36225,1449,1301.7,1145.7,-0.08,-0.03,0.08,0,15.34
36256,1450,1193.0,1092.0,0.00,0.00,0.00,0,12.01
36257,1450,1194.0,1091.3,0.02,-0.02,0.03,0,7.52
36257,1451,905.0,1239.0,0.00,0.00,0.00,0,12.04
36258,1450,1195.8,1090.5,0.24,-0.12,0.27,0,6.33
36260,1450,1195.9,1090.4,0.24,-0.12,0.27,0,10.02
36261,1450,1195.9,1090.4,0.24,-0.12,0.27,0,12.25
36262,1450,1195.9,1090.4,0.24,-0.12,0.27,0,14.67
36294,1453,1585.0,681.0,0.00,0.00,0.00,0,12.04
36295,1453,1585.0,681.0,0.00,0.00,0.00,0,14.08
36296,1453,1585.0,681.0,0.00,0.00,0.00,0,16.15
36298,1453,1585.0,681.0,0.00,0.00,0.00,0,20.21
36364,1454,1009.0,468.0,0.00,0.00,0.00,0,12.01
36365,1454,1010.6,465.1,0.04,-0.07,0.09,0,7.47
36366,1454,1012.8,461.7,0.18,-0.29,0.35,0,6.31
36368,1454,1012.8,461.6,0.18,-0.29,0.35,0,9.99
36369,1454,1012.8,461.6,0.18,-0.29,0.35,0,12.12
36370,1454,1012.8,461.6,0.18,-0.29,0.35,0,14.53
36428,1455,945.0,398.0,0.00,0.00,0.00,0,12.01
36429,1455,945.0,398.0,0.00,0.00,0.00,0,14.03
36430,1455,945.0,409.6,0.00,0.52,0.52,0,7.87
36432,1455,945.0,409.7,0.00,0.52,0.52,0,11.56
36433,1455,945.0,409.7,0.00,0.52,0.52,0,13.67
36434,1455,945.0,409.8,0.00,0.52,0.52,0,16.09
36470,1456,751.0,1148.0,0.00,0.00,0.00,0,12.01
36472,1458,633.0,902.0,0.00,0.00,0.00,0,12.01
36472,1459,760.0,1144.0,0.00,0.00,0.00,0,12.01
36472,1460,770.0,1144.0,0.00,0.00,0.00,0,12.01
36473,1458,633.0,902.3,0.00,0.01,0.01,0,7.47
36473,1459,764.3,1144.0,0.10,0.00,0.10,0,7.47
36473,1460,770.0,1144.0,0.00,0.00,0.00,0,14.04
36474,1459,767.0,1144.0,0.28,0.00,0.28,0,6.31
36474,1458,633.0,902.3,0.00,0.01,0.01,0,9.52
36476,1459,767.1,1144.0,0.28,0.00,0.28,0,9.99
36476,1458,633.0,902.3,0.00,0.01,0.01,0,13.32
36477,1459,767.1,1144.0,0.28,0.00,0.28,0,12.14
36477,1458,633.0,902.3,0.00,0.01,0.01,0,15.47
36478,1459,767.1,1144.0,0.28,0.00,0.28,0,14.48
36571,1461,1010.0,1142.0,0.00,0.00,0.00,0,12.01
36572,1461,1010.0,1142.0,0.00,0.00,0.00,0,14.04
36573,1461,1010.0,1142.0,0.00,0.00,0.00,0,16.09
36575,1461,1010.0,1142.0,0.00,0.00,0.00,0,19.95
36660,1462,1433.0,1016.0,0.00,0.00,0.00,0,12.01
36661,1462,1430.4,1015.3,-0.06,-0.02,0.06,0,7.47
36662,1462,1429.3,1015.0,-0.13,-0.04,0.14,0,6.31
36662,1463,1420.0,1013.0,0.00,0.00,0.00,0,12.01
36664,1462,1429.2,1015.0,-0.13,-0.04,0.14,0,10.01
36664,1463,1420.0,1013.0,0.00,0.00,0.00,0,15.16
36665,1462,1429.2,1015.0,-0.13,-0.04,0.14,0,12.13
36665,1463,1420.0,1013.0,0.00,0.00,0.00,0,17.25
36666,1462,1429.2,1015.0,-0.13,-0.04,0.14,0,14.54
36666,1463,1420.0,1013.0,0.00,0.00,0.00,0,19.54
36717,1464,1417.0,1124.0,0.00,0.00,0.00,0,12.01
36718,1464,1417.0,1121.7,0.00,-0.06,0.06,0,7.47
36719,1464,1417.0,1121.0,0.00,-0.10,0.10,0,6.31
36719,1465,1414.0,1110.0,0.00,0.00,0.00,0,12.01
36721,1464,1417.0,1121.0,0.00,-0.10,0.10,0,9.95
36721,1465,1414.0,1110.0,0.00,0.00,0.00,0,15.12
36722,1464,1417.0,1121.0,0.00,-0.10,0.10,0,12.15
36722,1465,1414.0,1110.0,0.00,0.00,0.00,0,17.26
36723,1464,1417.0,1121.0,0.00,-0.10,0.10,0,14.50
36723,1465,1414.0,1110.0,0.00,0.00,0.00,0,19.51
36769,1466,1054.0,1400.0,0.00,0.00,0.00,0,12.01
36770,1466,1054.0,1400.0,0.00,0.00,0.00,0,14.04
36771,1466,1054.0,1400.0,0.00,0.00,0.00,0,16.09
36773,1466,1054.0,1400.0,0.00,0.00,0.00,0,19.97
36832,1467,887.0,809.0,0.00,0.00,0.00,0,12.01
36833,1467,888.3,811.0,0.03,0.05,0.06,0,7.48
36834,1467,888.3,811.0,0.03,0.05,0.06,0,9.51
36836,1467,888.3,811.0,0.03,0.05,0.06,0,13.29
36837,1467,888.3,811.0,0.03,0.05,0.06,0,15.47
36892,1468,1225.0,718.0,0.00,0.00,0.00,0,12.01
36893,1468,1225.0,718.0,0.00,0.00,0.00,0,14.04
36894,1468,1225.0,718.0,0.00,0.00,0.00,0,16.09
36896,1468,1225.0,718.0,0.00,0.00,0.00,0,19.98
36929,1469,1432.0,571.0,0.00,0.00,0.00,0,12.01
36929,1470,1441.0,574.0,0.00,0.00,0.00,0,12.01
36931,1472,1407.0,570.0,0.00,0.00,0.00,0,12.01
36931,1473,1417.0,570.0,0.00,0.00,0.00,0,12.01
36932,1472,1407.3,570.0,0.01,0.00,0.01,0,7.47
36932,1473,1411.1,569.7,-0.13,-0.01,0.13,0,7.47
36933,1472,1405.4,569.7,-0.11,-0.02,0.11,0,6.30
36935,1472,1405.4,569.7,-0.11,-0.02,0.11,0,9.91
36936,1472,1405.4,569.7,-0.11,-0.02,0.11,0,12.10
36937,1472,1405.4,569.7,-0.11,-0.02,0.11,0,14.45
37013,1474,713.0,1137.0,0.00,0.00,0.00,0,12.01
37015,1476,689.0,1131.0,0.00,0.00,0.00,0,12.01
37015,1477,703.0,1133.0,0.00,0.00,0.00,0,12.01
37016,1476,689.7,1131.3,0.02,0.01,0.02,0,7.47
37016,1477,703.0,1133.0,0.00,0.00,0.00,0,14.04
37017,1476,689.7,1131.3,0.02,0.01,0.02,0,9.52
37019,1476,689.7,1131.3,0.02,0.01,0.02,0,13.33
37020,1476,689.7,1131.3,0.02,0.01,0.02,0,15.46
37169,1478,1024.0,1124.0,0.00,0.00,0.00,0,12.01
37170,1478,1024.0,1124.0,0.00,0.00,0.00,0,14.04
37171,1478,1024.0,1124.0,0.00,0.00,0.00,0,16.09
37173,1478,1024.0,1124.0,0.00,0.00,0.00,0,19.93
37207,1479,569.0,674.0,0.00,0.00,0.00,0,12.01
37207,1480,560.0,682.0,0.00,0.00,0.00,0,12.01
37208,1479,568.3,674.0,-0.02,0.00,0.02,0,7.47
37208,1480,565.6,677.4,0.15,-0.13,0.20,0,7.47
37209,1479,570.3,672.5,0.11,-0.10,0.15,0,6.30
37211,1479,570.3,672.4,0.11,-0.10,0.15,0,9.97
37212,1479,570.3,672.4,0.11,-0.10,0.15,0,12.11
37213,1479,570.3,672.4,0.11,-0.10,0.15,0,14.51
37244,1481,689.0,583.0,0.00,0.00,0.00,0,12.01
37245,1481,689.0,583.0,0.00,0.00,0.00,0,14.10
37246,1481,689.0,583.0,0.00,0.00,0.00,0,16.17
37248,1481,689.0,583.0,0.00,0.00,0.00,0,20.24
37281,1482,1185.0,1256.0,0.00,0.00,0.00,0,12.01
37282,1482,1187.0,1253.7,0.05,-0.06,0.07,0,7.48
37283,1482,1187.0,1253.7,0.05,-0.06,0.07,0,9.52
37285,1482,1187.0,1253.7,0.05,-0.06,0.07,0,13.33
37286,1482,1187.0,1253.7,0.05,-0.06,0.07,0,15.45
37318,1483,1291.0,1259.0,0.00,0.00,0.00,0,12.01
37319,1483,1291.0,1259.0,0.00,0.00,0.00,0,14.04
37320,1483,1291.0,1259.0,0.00,0.00,0.00,0,16.09
37322,1483,1291.0,1259.0,0.00,0.00,0.00,0,19.96
37362,1484,1056.0,1224.0,0.00,0.00,0.00,0,12.01
37363,1484,1056.0,1224.0,0.00,0.00,0.00,0,14.04
37364,1484,1056.0,1224.0,0.00,0.00,0.00,0,16.09
37366,1484,1056.0,1224.0,0.00,0.00,0.00,0,19.95
37399,1485,1163.0,752.0,0.00,0.00,0.00,0,12.01
37399,1486,1154.0,759.0,0.00,0.00,0.00,0,12.01
37400,1485,1160.4,754.0,-0.06,0.05,0.08,0,7.48
37400,1486,1151.7,761.3,-0.06,0.06,0.08,0,7.48
37401,1485,1157.2,756.8,-0.29,0.25,0.38,0,6.31
37403,1485,1157.1,756.9,-0.29,0.25,0.38,0,9.96
37404,1485,1157.1,756.9,-0.29,0.25,0.38,0,12.11
37405,1485,1157.1,756.9,-0.29,0.25,0.38,0,14.51
37436,1487,694.0,503.0,0.00,0.00,0.00,0,12.01
37437,1487,695.3,502.7,0.03,-0.01,0.03,0,7.48
37438,1487,696.8,501.7,0.14,-0.08,0.16,0,6.30
37440,1487,696.8,501.7,0.14,-0.08,0.16,0,9.95
37441,1487,696.8,501.7,0.14,-0.08,0.16,0,12.11
37442,1487,696.8,501.7,0.14,-0.08,0.16,0,14.50
37556,1488,1038.0,956.0,0.00,0.00,0.00,0,12.01
37557,1488,1040.6,955.3,0.06,-0.02,0.06,0,7.47
37558,1488,1043.8,955.3,0.27,-0.02,0.27,0,6.31
37560,1488,1043.9,955.2,0.27,-0.02,0.27,0,10.00
37561,1488,1043.9,955.2,0.27,-0.02,0.27,0,12.14
37562,1488,1043.9,955.2,0.27,-0.02,0.27,0,14.48
37613,1489,522.0,1196.0,0.00,0.00,0.00,0,12.01
37614,1489,522.0,1196.0,0.00,0.00,0.00,0,14.04
37615,1489,522.0,1196.0,0.00,0.00,0.00,0,16.09
37617,1489,522.0,1196.0,0.00,0.00,0.00,0,19.96
37650,1490,920.0,1084.0,0.00,0.00,0.00,0,12.01
37651,1490,920.0,1084.0,0.00,0.00,0.00,0,7.50
37651,1491,906.0,1089.0,0.00,0.00,0.00,0,12.03
37652,1490,916.6,1085.3,-0.34,0.13,0.36,0,6.32
37652,1491,902.1,1090.6,-0.17,0.07,0.18,0,7.48
37654,1490,916.6,1085.3,-0.34,0.13,0.36,0,9.96
37654,1491,902.0,1090.7,-0.17,0.07,0.18,0,10.84
37655,1490,916.6,1085.3,-0.34,0.13,0.36,0,11.98
37655,1491,902.0,1090.7,-0.17,0.07,0.18,0,12.86
37656,1490,916.5,1085.3,-0.34,0.13,0.36,0,14.39
37656,1491,902.0,1090.7,-0.17,0.07,0.18,0,15.20
37692,1492,737.0,828.0,0.00,0.00,0.00,0,12.01
37693,1492,737.0,828.0,0.00,0.00,0.00,0,14.04
37694,1492,736.6,828.7,-0.02,0.03,0.04,0,7.87
37696,1492,736.6,828.7,-0.02,0.03,0.04,0,11.52
37697,1492,736.6,828.7,-0.02,0.03,0.04,0,13.69
37698,1492,736.6,828.7,-0.02,0.03,0.04,0,16.03
37783,1493,1174.0,257.0,0.00,0.00,0.00,0,12.01
37784,1493,1174.0,257.0,0.00,0.00,0.00,0,14.04
37785,1493,1174.0,257.0,0.00,0.00,0.00,0,16.09
37787,1493,1174.0,257.0,0.00,0.00,0.00,0,19.96
37879,1494,1342.0,1185.0,0.00,0.00,0.00,0,12.01
37880,1494,1342.0,1185.0,0.00,0.00,0.00,0,14.04
37881,1494,1338.8,1180.8,-0.15,-0.20,0.25,0,7.87
37883,1494,1338.8,1180.7,-0.15,-0.20,0.25,0,11.54
37884,1494,1338.8,1180.7,-0.15,-0.20,0.25,0,13.67
37885,1494,1338.8,1180.7,-0.15,-0.20,0.25,0,16.02
37916,1496,1094.0,1193.0,0.00,0.00,0.00,0,12.01
37917,1496,1093.7,1193.0,-0.01,0.00,0.01,0,7.48
37918,1496,1095.3,1192.7,0.11,-0.02,0.11,0,6.31
37920,1496,1095.3,1192.7,0.11,-0.02,0.11,0,9.98
37921,1496,1095.3,1192.7,0.11,-0.02,0.11,0,12.11
37922,1496,1095.3,1192.7,0.11,-0.02,0.11,0,14.51
37953,1497,1026.0,627.0,0.00,0.00,0.00,0,12.01
37954,1497,1026.0,627.0,0.00,0.00,0.00,0,14.04
37955,1497,1026.0,627.0,0.00,0.00,0.00,0,16.09
37957,1497,1026.0,627.0,0.00,0.00,0.00,0,19.96
38035,1498,1399.0,683.0,0.00,0.00,0.00,0,12.01
38036,1498,1401.0,686.9,0.05,0.10,0.11,0,7.47
38037,1498,1403.5,691.3,0.22,0.38,0.44,0,6.31
38039,1498,1403.6,691.4,0.22,0.38,0.44,0,9.98
38040,1498,1403.6,691.4,0.22,0.38,0.44,0,12.13
38041,1498,1403.6,691.4,0.22,0.38,0.44,0,14.53
38110,1499,611.0,1140.0,0.00,0.00,0.00,0,12.01
38111,1499,611.0,1140.0,0.00,0.00,0.00,0,7.47
38111,1500,608.0,1130.0,0.00,0.00,0.00,0,12.01
38112,1499,610.2,1137.4,-0.05,-0.17,0.18,0,6.31
38114,1499,610.2,1137.4,-0.05,-0.17,0.18,0,9.99
38115,1499,610.2,1137.4,-0.05,-0.17,0.18,0,12.13
38116,1499,610.2,1137.4,-0.05,-0.17,0.18,0,14.47
38224,1501,894.0,1248.0,0.00,0.00,0.00,0,12.01
38225,1501,893.7,1248.3,-0.01,0.01,0.01,0,7.48
38225,1502,904.0,1238.0,0.00,0.00,0.00,0,12.01
38226,1501,896.1,1246.2,0.15,-0.13,0.20,0,6.31
38228,1501,896.1,1246.1,0.15,-0.13,0.20,0,9.93
38229,1501,896.1,1246.1,0.15,-0.13,0.20,0,12.13
38230,1501,896.1,1246.1,0.15,-0.13,0.20,0,14.48
38284,1503,664.0,1240.0,0.00,0.00,0.00,0,12.01
38285,1503,664.0,1240.0,0.00,0.00,0.00,0,14.04
38286,1503,664.0,1240.0,0.00,0.00,0.00,0,16.09
38288,1503,664.0,1240.0,0.00,0.00,0.00,0,19.95
38347,1504,956.0,1400.0,0.00,0.00,0.00,0,12.01
38348,1504,956.0,1400.0,0.00,0.00,0.00,0,14.04
38349,1504,956.0,1400.0,0.00,0.00,0.00,0,16.09
38351,1504,956.0,1400.0,0.00,0.00,0.00,0,19.94
38395,1505,768.0,1048.0,0.00,0.00,0.00,0,12.01
38396,1505,768.7,1047.3,0.02,-0.02,0.02,0,7.47
38396,1506,761.0,1057.0,0.00,0.00,0.00,0,12.01
38397,1505,766.9,1049.3,-0.09,0.11,0.14,0,6.30
38399,1505,766.9,1049.3,-0.09,0.11,0.14,0,9.93
38400,1505,766.9,1049.3,-0.09,0.11,0.14,0,12.12
38401,1505,766.9,1049.3,-0.09,0.11,0.14,0,14.47
38452,1507,1232.0,1216.0,0.00,0.00,0.00,0,12.01
38453,1507,1230.4,1217.3,-0.04,0.03,0.05,0,7.48
38454,1507,1228.5,1218.8,-0.17,0.13,0.21,0,6.31
38456,1507,1228.4,1218.8,-0.17,0.13,0.21,0,9.97
38457,1507,1228.4,1218.8,-0.17,0.13,0.21,0,12.13
38458,1507,1228.4,1218.8,-0.17,0.13,0.21,0,14.48
38534,1508,896.0,374.0,0.00,0.00,0.00,0,12.01
38535,1508,893.1,375.0,-0.08,0.03,0.08,0,7.47
38536,1508,891.5,375.5,-0.18,0.06,0.19,0,6.31
38536,1509,879.0,380.0,0.00,0.00,0.00,0,12.01
38538,1508,891.4,375.5,-0.18,0.06,0.19,0,10.02
38538,1509,879.0,380.0,0.00,0.00,0.00,0,15.16
38539,1508,891.4,375.5,-0.18,0.06,0.19,0,12.12
38539,1509,879.0,380.0,0.00,0.00,0.00,0,17.24
38540,1508,891.4,375.5,-0.18,0.06,0.19,0,14.52
38540,1509,879.0,380.0,0.00,0.00,0.00,0,19.53
38577,1510,451.0,619.0,0.00,0.00,0.00,0,12.01
38578,1510,450.7,619.0,-0.01,0.00,0.01,0,7.46
38578,1511,458.0,613.0,0.00,0.00,0.00,0,12.00
38579,1510,452.3,617.7,0.06,-0.06,0.09,0,6.29
38579,1511,459.6,611.4,0.02,-0.02,0.03,0,7.46
38581,1510,452.3,617.7,0.06,-0.06,0.09,0,9.79
38581,1511,459.6,611.4,0.02,-0.02,0.03,0,10.73
38582,1510,452.3,617.7,0.06,-0.06,0.09,0,11.99
38582,1511,459.6,611.4,0.02,-0.02,0.03,0,12.91
38583,1510,452.3,617.7,0.06,-0.06,0.09,0,14.38
38583,1511,459.6,611.4,0.02,-0.02,0.03,0,15.24
38614,1512,783.0,597.0,0.00,0.00,0.00,0,12.01
38615,1512,781.0,598.6,-0.05,0.04,0.06,0,7.53
38616,1512,781.0,598.6,-0.05,0.04,0.06,0,9.58
38618,1512,781.0,598.7,-0.05,0.04,0.06,0,13.52
38619,1512,781.0,598.7,-0.05,0.04,0.06,0,15.73
38707,1513,693.0,447.0,0.00,0.00,0.00,0,12.01
38707,1514,698.0,456.0,0.00,0.00,0.00,0,12.01
38708,1513,692.7,445.0,-0.01,-0.05,0.05,0,7.48
38708,1514,698.0,456.0,0.00,0.00,0.00,0,14.04
38709,1513,692.7,445.0,-0.01,-0.05,0.05,0,9.52
38711,1513,692.7,445.0,-0.01,-0.05,0.05,0,13.27
38712,1513,692.7,445.0,-0.01,-0.05,0.05,0,15.47
38860,1515,910.0,949.0,0.00,0.00,0.00,0,12.01
38861,1515,910.0,948.7,0.00,-0.01,0.01,0,7.48
38861,1516,912.0,958.0,0.00,0.00,0.00,0,12.01
38861,1517,572.0,1015.0,0.00,0.00,0.00,0,12.01
38862,1515,910.3,950.8,0.02,0.13,0.13,0,6.31
38864,1515,910.3,950.9,0.02,0.13,0.13,0,9.97
38865,1515,910.3,950.9,0.02,0.13,0.13,0,12.13
38866,1515,910.3,950.9,0.02,0.13,0.13,0,14.47
38897,1518,796.0,1261.0,0.00,0.00,0.00,0,12.01
38897,1519,784.0,1264.0,0.00,0.00,0.00,0,12.01
39079,1521,1223.0,1005.0,0.00,0.00,0.00,0,12.01
39080,1521,1222.7,1004.7,-0.01,-0.01,0.01,0,7.48
39081,1521,1222.7,1004.7,-0.01,-0.01,0.01,0,9.52
39083,1521,1222.7,1004.7,-0.01,-0.01,0.01,0,13.30
39084,1521,1222.7,1004.7,-0.01,-0.01,0.01,0,15.47
39117,1522,866.0,910.0,0.00,0.00,0.00,0,12.01
39118,1522,866.3,911.0,0.01,0.03,0.03,0,7.48
39119,1522,866.0,909.7,-0.01,-0.06,0.06,0,6.31
39121,1522,866.0,909.7,-0.01,-0.06,0.06,0,9.92
39122,1522,866.0,909.7,-0.01,-0.06,0.06,0,12.10
39123,1522,866.0,909.7,-0.01,-0.06,0.06,0,14.50
39154,1523,490.0,797.0,0.00,0.00,0.00,0,12.01
39155,1523,489.0,797.3,-0.02,0.01,0.03,0,7.48
39155,1524,482.0,803.0,0.00,0.00,0.00,0,12.01
39156,1523,487.2,798.5,-0.15,0.09,0.18,0,6.31
39158,1523,487.2,798.6,-0.15,0.09,0.18,0,9.98
39159,1523,487.2,798.6,-0.15,0.09,0.18,0,12.11
39160,1523,487.2,798.6,-0.15,0.09,0.18,0,14.51
39195,1525,1095.0,1267.0,0.00,0.00,0.00,0,12.01
39196,1525,1095.0,1267.0,0.00,0.00,0.00,0,14.03
39197,1525,1084.5,1268.4,-0.45,0.06,0.46,0,7.87
39199,1525,1084.3,1268.4,-0.45,0.06,0.46,0,11.55
39200,1525,1084.3,1268.4,-0.45,0.06,0.46,0,13.66
39201,1525,1084.3,1268.4,-0.45,0.06,0.46,0,16.01
39271,1526,1319.0,1190.0,0.00,0.00,0.00,0,12.01
39272,1526,1318.7,1190.3,-0.01,0.01,0.01,0,7.47
39272,1527,1321.0,1183.0,0.00,0.00,0.00,0,12.01
39273,1526,1319.3,1189.0,0.03,-0.08,0.09,0,6.31
39275,1526,1319.3,1188.9,0.03,-0.08,0.09,0,9.96
39276,1526,1319.3,1188.9,0.03,-0.08,0.09,0,12.13
39277,1526,1319.3,1188.9,0.03,-0.08,0.09,0,14.54
39308,1528,1147.0,1275.0,0.00,0.00,0.00,0,12.01
39308,1529,1151.0,1284.0,0.00,0.00,0.00,0,12.01
39310,1530,626.0,1227.0,0.00,0.00,0.00,0,12.01
39310,1531,1151.0,1289.0,0.00,0.00,0.00,0,12.01
39310,1532,1150.0,1296.0,0.00,0.00,0.00,0,12.01
39311,1530,628.6,1228.6,0.06,0.04,0.07,0,7.47
39311,1531,1150.7,1290.6,-0.01,0.04,0.04,0,7.47
39311,1532,1150.0,1296.0,0.00,0.00,0.00,0,14.03
39312,1530,629.5,1229.2,0.11,0.08,0.14,0,6.30
39312,1531,1150.7,1290.6,-0.01,0.04,0.04,0,9.51
39314,1530,629.5,1229.3,0.11,0.08,0.14,0,9.92
39314,1531,1150.7,1290.6,-0.01,0.04,0.04,0,13.24
39315,1530,629.5,1229.3,0.11,0.08,0.14,0,12.12
39315,1531,1150.7,1290.7,-0.01,0.04,0.04,0,15.44
39316,1530,629.5,1229.3,0.11,0.08,0.14,0,14.47
39426,1534,829.0,1103.0,0.00,0.00,0.00,0,12.01
39427,1534,829.0,1102.3,0.00,-0.02,0.02,0,7.47
39427,1535,818.0,1116.0,0.00,0.00,0.00,0,12.01
39428,1534,829.0,1102.3,0.00,-0.02,0.02,0,9.52
39428,1535,818.0,1116.0,0.00,0.00,0.00,0,14.04
39430,1534,829.0,1102.3,0.00,-0.02,0.02,0,13.30
39430,1535,818.0,1116.0,0.00,0.00,0.00,0,17.52
39431,1534,829.0,1102.3,0.00,-0.02,0.02,0,15.47
39431,1535,818.0,1116.0,0.00,0.00,0.00,0,19.66
39463,1536,882.0,1072.0,0.00,0.00,0.00,0,12.01
39464,1536,884.6,1072.0,0.07,0.00,0.07,0,7.48
39465,1536,885.2,1071.7,0.11,-0.02,0.11,0,6.31
39467,1536,885.3,1071.7,0.11,-0.02,0.11,0,9.95
39468,1536,885.3,1071.7,0.11,-0.02,0.11,0,12.11
39469,1536,885.3,1071.7,0.11,-0.02,0.11,0,14.51
39651,1537,1363.0,1093.0,0.00,0.00,0.00,0,12.01
39652,1537,1363.3,1091.7,0.01,-0.03,0.03,0,7.48
39653,1537,1363.3,1091.7,0.01,-0.03,0.03,0,9.52
39655,1537,1363.3,1091.7,0.01,-0.03,0.03,0,13.26
39656,1537,1363.3,1091.7,0.01,-0.03,0.03,0,15.47
39827,1538,751.0,1234.0,0.00,0.00,0.00,0,12.01
39827,1539,758.0,1248.0,0.00,0.00,0.00,0,12.01
39829,1540,733.0,1215.0,0.00,0.00,0.00,0,12.01
39829,1541,742.0,1223.0,0.00,0.00,0.00,0,12.01
39830,1540,730.1,1213.4,-0.07,-0.04,0.08,0,7.47
39830,1541,742.0,1223.0,0.00,0.00,0.00,0,14.04
39831,1540,729.0,1213.0,-0.14,-0.06,0.15,0,6.31
39833,1540,729.0,1213.0,-0.14,-0.06,0.15,0,9.99
39834,1540,729.0,1213.0,-0.14,-0.06,0.15,0,12.12
39835,1540,729.0,1213.0,-0.14,-0.06,0.15,0,14.52
39868,1542,472.0,631.0,0.00,0.00,0.00,0,12.01
39869,1542,471.0,632.0,-0.02,0.02,0.03,0,7.46
39870,1542,471.0,632.0,-0.02,0.02,0.03,0,9.49
39872,1542,471.0,632.0,-0.02,0.02,0.03,0,13.13
39873,1542,471.0,632.0,-0.02,0.02,0.03,0,15.29
39922,1543,1294.0,1045.0,0.00,0.00,0.00,0,12.01
39923,1543,1294.3,1045.3,0.01,0.01,0.01,0,7.48
39923,1544,1284.0,1040.0,0.00,0.00,0.00,0,12.01
39924,1543,1291.9,1044.2,-0.15,-0.07,0.16,0,6.31
39926,1543,1291.9,1044.2,-0.15,-0.07,0.16,0,10.01
39927,1543,1291.9,1044.2,-0.15,-0.07,0.16,0,12.14
39928,1543,1291.9,1044.2,-0.15,-0.07,0.16,0,14.49
39965,1545,1101.0,1135.0,0.00,0.00,0.00,0,12.01
39966,1545,1101.0,1135.0,0.00,0.00,0.00,0,14.04
39967,1545,1101.0,1135.0,0.00,0.00,0.00,0,16.09
39969,1545,1101.0,1135.0,0.00,0.00,0.00,0,19.99
40007,1546,526.0,741.0,0.00,0.00,0.00,0,12.01
40008,1546,524.4,736.1,-0.04,-0.11,0.12,0,7.47
40009,1546,524.4,736.1,-0.04,-0.11,0.12,0,9.52
40011,1546,524.3,736.0,-0.04,-0.11,0.12,0,13.33
40012,1546,524.3,736.0,-0.04,-0.11,0.12,0,15.46
40045,1550,1315.0,501.0,0.00,0.00,0.00,0,12.04
40045,1551,1302.0,508.0,0.00,0.00,0.00,0,12.04
40045,1552,1050.0,1066.0,0.00,0.00,0.00,0,12.04
40045,1553,1060.0,1082.0,0.00,0.00,0.00,0,12.04
40046,1550,1310.7,503.3,-0.23,0.12,0.26,0,7.49
40046,1551,1299.4,509.6,-0.14,0.09,0.17,0,7.49
40046,1552,1050.0,1066.3,0.00,0.02,0.02,0,7.49
40046,1553,1054.7,1074.5,-0.28,-0.40,0.49,0,7.49
40047,1550,1304.9,506.6,-0.71,0.39,0.81,0,6.31
40047,1552,1048.5,1064.7,-0.13,-0.12,0.17,0,6.31
40049,1550,1304.7,506.7,-0.71,0.39,0.81,0,10.04
40049,1552,1048.4,1064.7,-0.13,-0.12,0.17,0,10.04
40050,1550,1304.7,506.7,-0.71,0.39,0.81,0,12.15
40050,1552,1048.4,1064.7,-0.13,-0.12,0.17,0,12.15
40051,1550,1304.6,506.7,-0.71,0.39,0.81,0,14.57
40051,1552,1048.4,1064.7,-0.13,-0.12,0.17,0,14.57
40132,1554,1214.0,615.0,0.00,0.00,0.00,0,12.01
40133,1554,1214.0,615.0,0.00,0.00,0.00,0,14.04
40134,1554,1214.0,615.0,0.00,0.00,0.00,0,16.09
40136,1554,1214.0,615.0,0.00,0.00,0.00,0,19.97
40199,1555,1214.0,1201.0,0.00,0.00,0.00,0,12.01
40201,1557,1210.0,1188.0,0.00,0.00,0.00,0,12.01
40201,1558,1211.0,1196.0,0.00,0.00,0.00,0,12.01
40202,1557,1210.0,1188.7,0.00,0.02,0.02,0,7.48
40202,1558,1211.0,1191.7,0.00,-0.11,0.11,0,7.48
40203,1557,1210.5,1186.9,0.03,-0.10,0.10,0,6.30
40205,1557,1210.5,1186.9,0.03,-0.10,0.10,0,9.93
40206,1557,1210.5,1186.9,0.03,-0.10,0.10,0,12.13
40207,1557,1210.5,1186.9,0.03,-0.10,0.10,0,14.48
40241,1560,1299.0,726.0,0.00,0.00,0.00,0,12.01
40241,1561,1289.0,727.0,0.00,0.00,0.00,0,12.01
40243,1562,1286.0,727.0,0.00,0.00,0.00,0,12.01
40243,1563,1275.0,730.0,0.00,0.00,0.00,0,12.01
40244,1562,1283.1,727.7,-0.07,0.02,0.08,0,7.48
40244,1563,1272.1,731.0,-0.07,0.02,0.08,0,7.48
40245,1562,1279.4,728.8,-0.31,0.09,0.32,0,6.31
40247,1562,1279.3,728.8,-0.31,0.09,0.32,0,9.96
40248,1562,1279.3,728.8,-0.31,0.09,0.32,0,12.11
40249,1562,1279.3,728.8,-0.31,0.09,0.32,0,14.45
40286,1564,576.0,1210.0,0.00,0.00,0.00,0,12.01
40288,1566,589.0,1216.0,0.00,0.00,0.00,0,12.01
40289,1566,589.0,1216.0,0.00,0.00,0.00,0,7.48
40290,1566,589.0,1216.0,0.00,0.00,0.00,0,9.52
40292,1566,589.0,1216.0,0.00,0.00,0.00,0,13.32
40293,1566,589.0,1216.0,0.00,0.00,0.00,0,15.47
40335,1567,1064.0,1135.0,0.00,0.00,0.00,0,12.01
40336,1567,1064.0,1135.0,0.00,0.00,0.00,0,14.04
40337,1567,1064.0,1135.0,0.00,0.00,0.00,0,16.09
40339,1567,1064.0,1135.0,0.00,0.00,0.00,0,19.95
40380,1568,1277.0,810.0,0.00,0.00,0.00,0,12.01
40381,1568,1276.3,808.0,-0.02,-0.05,0.05,0,7.48
40382,1568,1276.3,808.0,-0.02,-0.05,0.05,0,9.52
40384,1568,1276.3,808.0,-0.02,-0.05,0.05,0,13.29
40385,1568,1276.3,808.0,-0.02,-0.05,0.05,0,15.46
40424,1569,1168.0,1291.0,0.00,0.00,0.00,0,12.01
40425,1569,1168.0,1291.0,0.00,0.00,0.00,0,14.03
40426,1569,1168.0,1291.0,0.00,0.00,0.00,0,16.08
40428,1569,1168.0,1291.0,0.00,0.00,0.00,0,19.99
40510,1570,638.0,1284.0,0.00,0.00,0.00,0,12.01
40511,1570,638.0,1284.3,0.00,0.01,0.01,0,7.48
40511,1571,632.0,1271.0,0.00,0.00,0.00,0,12.01
40512,1570,636.7,1281.4,-0.08,-0.18,0.20,0,6.30
40514,1570,636.7,1281.4,-0.08,-0.18,0.20,0,9.92
40515,1570,636.7,1281.4,-0.08,-0.18,0.20,0,12.13
40516,1570,636.7,1281.4,-0.08,-0.18,0.20,0,14.47
40547,1572,559.0,949.0,0.00,0.00,0.00,0,12.01
40547,1573,554.0,953.0,0.00,0.00,0.00,0,12.01
40549,1575,539.0,961.0,0.00,0.00,0.00,0,12.01
40550,1575,539.0,961.0,0.00,0.00,0.00,0,14.03
40551,1575,536.2,961.0,-0.13,0.00,0.13,0,7.87
40553,1575,536.2,961.0,-0.13,0.00,0.13,0,11.51
40554,1575,536.2,961.0,-0.13,0.00,0.13,0,13.67
40555,1575,536.2,961.0,-0.13,0.00,0.13,0,16.01
40597,1577,548.0,661.0,0.00,0.00,0.00,0,12.01
40598,1577,548.0,661.0,0.00,0.00,0.00,0,14.04
40599,1577,548.0,661.0,0.00,0.00,0.00,0,16.09
40601,1577,548.0,661.0,0.00,0.00,0.00,0,19.93
40634,1578,1030.0,978.0,0.00,0.00,0.00,0,12.01
40635,1578,1030.0,978.0,0.00,0.00,0.00,0,14.08
40636,1578,1030.0,978.0,0.00,0.00,0.00,0,16.13
40638,1578,1030.0,978.0,0.00,0.00,0.00,0,20.06
40672,1579,1183.0,1074.0,0.00,0.00,0.00,0,12.04
40673,1579,1183.0,1074.0,0.00,0.00,0.00,0,14.08
40674,1579,1183.0,1074.0,0.00,0.00,0.00,0,16.15
40676,1579,1183.0,1074.0,0.00,0.00,0.00,0,20.15
40752,1580,965.0,513.0,0.00,0.00,0.00,0,12.01
40753,1580,965.3,513.0,0.01,0.00,0.01,0,7.48
40753,1581,958.0,516.0,0.00,0.00,0.00,0,12.01
40754,1580,962.9,514.0,-0.16,0.07,0.17,0,6.31
40754,1581,958.0,516.0,0.00,0.00,0.00,0,14.04
40754,1582,1445.0,701.0,0.00,0.00,0.00,0,12.01
40756,1580,962.9,514.0,-0.16,0.07,0.17,0,9.97
40756,1581,958.0,516.0,0.00,0.00,0.00,0,17.53
40756,1582,1445.0,701.0,0.00,0.00,0.00,0,15.12
40757,1580,962.9,514.0,-0.16,0.07,0.17,0,12.13
40757,1581,958.0,516.0,0.00,0.00,0.00,0,19.67
40757,1582,1445.0,701.0,0.00,0.00,0.00,0,17.24
40758,1580,962.9,514.1,-0.16,0.07,0.17,0,14.48
40758,1582,1445.0,701.0,0.00,0.00,0.00,0,19.49
40789,1583,1213.0,493.0,0.00,0.00,0.00,0,12.01
40789,1584,1207.0,498.0,0.00,0.00,0.00,0,12.01
40790,1583,1211.4,494.3,-0.04,0.03,0.05,0,7.48
40790,1584,1205.7,499.6,-0.03,0.04,0.05,0,7.48
40791,1583,1207.2,497.8,-0.34,0.28,0.44,0,6.30
40793,1583,1207.1,497.9,-0.34,0.28,0.44,0,9.94
40794,1583,1207.1,497.9,-0.34,0.28,0.44,0,12.11
40795,1583,1207.0,497.9,-0.34,0.28,0.44,0,14.50
40834,1585,1352.0,624.0,0.00,0.00,0.00,0,12.01
40834,1586,1360.0,627.0,0.00,0.00,0.00,0,12.01
40835,1585,1352.7,624.3,0.02,0.01,0.02,0,7.48
40835,1586,1355.7,625.7,-0.10,-0.03,0.11,0,7.48
40836,1585,1351.5,624.2,-0.06,0.00,0.06,0,6.31
40838,1585,1351.4,624.2,-0.06,0.00,0.06,0,10.00
40839,1585,1351.4,624.2,-0.06,0.00,0.06,0,12.13
40840,1585,1351.4,624.2,-0.06,0.00,0.06,0,14.48
40871,1587,1285.0,610.0,0.00,0.00,0.00,0,12.01
40871,1588,1290.0,617.0,0.00,0.00,0.00,0,12.01
40873,1589,1273.0,602.0,0.00,0.00,0.00,0,12.01
40873,1590,1281.0,607.0,0.00,0.00,0.00,0,12.01
40874,1589,1273.7,602.3,0.01,0.01,0.02,0,7.47
40874,1590,1276.1,603.7,-0.10,-0.07,0.12,0,7.47
40874,1591,1203.0,996.0,0.00,0.00,0.00,0,12.01
40875,1589,1271.9,601.2,-0.09,-0.06,0.11,0,6.31
40877,1589,1271.9,601.2,-0.09,-0.06,0.11,0,9.95
40878,1589,1271.9,601.2,-0.09,-0.06,0.11,0,12.14
40879,1589,1271.9,601.2,-0.09,-0.06,0.11,0,14.48
40915,1592,505.0,589.0,0.00,0.00,0.00,0,12.01
40916,1592,505.0,589.0,0.00,0.00,0.00,0,14.04
40917,1592,505.0,589.0,0.00,0.00,0.00,0,16.09
40919,1592,505.0,589.0,0.00,0.00,0.00,0,20.00
40978,1593,699.0,1008.0,0.00,0.00,0.00,0,12.01
40979,1593,699.0,1008.0,0.00,0.00,0.00,0,14.04
40980,1593,698.3,1008.4,-0.03,0.02,0.04,0,7.87
40982,1593,698.3,1008.4,-0.03,0.02,0.04,0,11.54
40983,1593,698.3,1008.4,-0.03,0.02,0.04,0,13.68
40984,1593,698.3,1008.4,-0.03,0.02,0.04,0,16.03
41049,1594,953.0,1327.0,0.00,0.00,0.00,0,12.01
41050,1594,953.0,1327.0,0.00,0.00,0.00,0,14.04
41051,1594,953.0,1327.0,0.00,0.00,0.00,0,16.09
41053,1594,953.0,1327.0,0.00,0.00,0.00,0,20.00
41087,1595,667.0,1105.0,0.00,0.00,0.00,0,12.04
41087,1596,648.0,1107.0,0.00,0.00,0.00,0,12.04
41113,1597,654.0,316.0,0.00,0.00,0.00,0,12.01
41114,1597,652.0,318.0,-0.05,0.05,0.07,0,7.47
41115,1597,649.2,321.1,-0.24,0.25,0.35,0,6.31
41117,1597,649.1,321.1,-0.24,0.25,0.35,0,10.03
41118,1597,649.1,321.1,-0.24,0.25,0.35,0,12.13
41119,1597,649.1,321.1,-0.24,0.25,0.35,0,14.55
41151,1598,1306.0,753.0,0.00,0.00,0.00,0,12.01
41152,1598,1306.3,753.3,0.01,0.01,0.01,0,7.47
41152,1599,901.0,192.0,0.00,0.00,0.00,0,12.01
41152,1600,1302.0,748.0,0.00,0.00,0.00,0,12.01
41153,1598,1305.5,752.2,-0.04,-0.06,0.07,0,6.31
41153,1599,901.0,192.0,0.00,0.00,0.00,0,14.03
41153,1600,1302.0,748.0,0.00,0.00,0.00,0,14.03
41155,1598,1305.5,752.2,-0.04,-0.06,0.07,0,10.01
41155,1599,901.0,192.0,0.00,0.00,0.00,0,17.54
41155,1600,1302.0,748.0,0.00,0.00,0.00,0,17.54
41156,1598,1305.5,752.2,-0.04,-0.06,0.07,0,12.12
41156,1599,901.0,192.0,0.00,0.00,0.00,0,19.64
41156,1600,1302.0,748.0,0.00,0.00,0.00,0,19.64
41157,1598,1305.5,752.2,-0.04,-0.06,0.07,0,14.46
41223,1601,1192.0,1098.0,0.00,0.00,0.00,0,12.01
41224,1601,1192.7,1099.6,0.02,0.04,0.04,0,7.47
41225,1601,1192.7,1099.6,0.02,0.04,0.04,0,9.52
41227,1601,1192.7,1099.7,0.02,0.04,0.04,0,13.28
41228,1601,1192.7,1099.7,0.02,0.04,0.04,0,15.48
41262,1602,753.0,1278.0,0.00,0.00,0.00,0,12.01
41263,1602,753.0,1278.3,0.00,0.01,0.01,0,7.46
41263,1603,756.0,1271.0,0.00,0.00,0.00,0,12.00
41264,1602,753.8,1277.0,0.03,-0.05,0.06,0,6.29
41264,1603,756.3,1269.4,0.00,-0.02,0.02,0,7.47
41266,1602,753.8,1276.9,0.03,-0.05,0.06,0,9.84
41266,1603,756.3,1269.4,0.00,-0.02,0.02,0,10.78
41267,1602,753.8,1276.9,0.03,-0.05,0.06,0,12.04
41267,1603,756.3,1269.4,0.00,-0.02,0.02,0,12.95
41268,1602,753.8,1276.9,0.03,-0.05,0.06,0,14.35
41268,1603,756.3,1269.4,0.00,-0.02,0.02,0,15.22
41324,1604,919.0,476.0,0.00,0.00,0.00,0,12.01
41326,1606,934.0,472.0,0.00,0.00,0.00,0,12.01
41326,1607,926.0,474.0,0.00,0.00,0.00,0,12.01
41327,1606,933.7,472.0,-0.01,0.00,0.01,0,7.47
41327,1607,926.0,474.0,0.00,0.00,0.00,0,14.04
41328,1606,934.8,471.5,0.06,-0.03,0.07,0,6.31
41330,1606,934.8,471.5,0.06,-0.03,0.07,0,10.01
41331,1606,934.8,471.5,0.06,-0.03,0.07,0,12.12
41332,1606,934.8,471.5,0.06,-0.03,0.07,0,14.52
41377,1608,1450.0,952.0,0.00,0.00,0.00,0,12.01
41378,1608,1450.3,952.3,0.01,0.01,0.01,0,7.47
41379,1608,1450.3,952.3,0.01,0.01,0.01,0,9.51
41381,1608,1450.3,952.3,0.01,0.01,0.01,0,13.32
41382,1608,1450.3,952.3,0.01,0.01,0.01,0,15.46
41414,1609,1047.0,694.0,0.00,0.00,0.00,0,12.01
41415,1609,1047.3,694.0,0.01,0.00,0.01,0,7.48
41416,1609,1043.4,693.0,-0.27,-0.07,0.28,0,6.31
41418,1609,1043.3,693.0,-0.27,-0.07,0.28,0,9.98
41419,1609,1043.3,692.9,-0.27,-0.07,0.28,0,12.12
41420,1609,1043.3,692.9,-0.27,-0.07,0.28,0,14.46
41477,1610,651.0,1340.0,0.00,0.00,0.00,0,12.01
41478,1610,651.0,1340.0,0.00,0.00,0.00,0,14.04
41479,1610,651.0,1340.0,0.00,0.00,0.00,0,16.09
41481,1610,651.0,1340.0,0.00,0.00,0.00,0,19.99
41524,1611,794.0,1241.0,0.00,0.00,0.00,0,12.01
41525,1611,794.0,1241.0,0.00,0.00,0.00,0,14.04
41526,1611,783.5,1242.1,-0.49,0.05,0.50,0,7.87
41528,1611,783.3,1242.1,-0.49,0.05,0.50,0,11.52
41529,1611,783.3,1242.1,-0.49,0.05,0.50,0,13.69
41530,1611,783.3,1242.1,-0.49,0.05,0.50,0,16.03
41593,1612,631.0,1084.0,0.00,0.00,0.00,0,12.01
41594,1612,634.6,1085.6,0.09,0.04,0.10,0,7.47
41595,1612,636.3,1086.2,0.20,0.08,0.22,0,6.31
41597,1612,636.3,1086.3,0.20,0.08,0.22,0,9.97
41598,1612,636.3,1086.3,0.20,0.08,0.22,0,12.13
41599,1612,636.3,1086.3,0.20,0.08,0.22,0,14.48
41630,1614,834.0,1093.0,0.00,0.00,0.00,0,12.01
41631,1614,834.0,1093.0,0.00,0.00,0.00,0,14.33
41632,1614,834.0,1093.0,0.00,0.00,0.00,0,16.43
41632,1615,763.0,1166.0,0.00,0.00,0.00,0,12.01
41634,1614,834.0,1093.0,0.00,0.00,0.00,0,20.97
41634,1615,763.0,1166.0,0.00,0.00,0.00,0,15.08
41635,1615,763.0,1166.0,0.00,0.00,0.00,0,17.11
41636,1615,763.0,1166.0,0.00,0.00,0.00,0,19.33
41719,1616,1035.0,1160.0,0.00,0.00,0.00,0,12.01
41720,1616,1035.3,1158.0,0.01,-0.05,0.05,0,7.47
41721,1616,1035.2,1157.3,0.00,-0.10,0.10,0,6.31
41723,1616,1035.2,1157.2,0.00,-0.10,0.10,0,9.94
41724,1616,1035.2,1157.2,0.00,-0.10,0.10,0,12.14
41725,1616,1035.2,1157.2,0.00,-0.10,0.10,0,14.55
41762,1617,1192.0,854.0,0.00,0.00,0.00,0,12.01
41763,1617,1192.0,854.0,0.00,0.00,0.00,0,14.04
41764,1617,1192.0,854.0,0.00,0.00,0.00,0,16.09
41766,1617,1192.0,854.0,0.00,0.00,0.00,0,19.94
41803,1618,1315.0,1106.0,0.00,0.00,0.00,0,12.01
41804,1618,1319.3,1108.9,0.10,0.07,0.13,0,7.47
41805,1618,1320.7,1110.0,0.20,0.14,0.24,0,6.31
41807,1618,1320.8,1110.0,0.20,0.14,0.24,0,9.98
41808,1618,1320.8,1110.0,0.20,0.14,0.24,0,12.12
41809,1618,1320.8,1110.0,0.20,0.14,0.24,0,14.47
41844,1619,1039.0,1002.0,0.00,0.00,0.00,0,12.01
41845,1619,1036.4,1004.6,-0.05,0.05,0.08,0,7.47
41846,1619,1035.0,1006.0,-0.14,0.14,0.20,0,6.31
41846,1620,1025.0,1018.0,0.00,0.00,0.00,0,12.01
41848,1619,1035.0,1006.0,-0.14,0.14,0.20,0,9.94
41848,1620,1025.0,1018.0,0.00,0.00,0.00,0,15.12
41849,1619,1035.0,1006.0,-0.14,0.14,0.20,0,12.13
41849,1620,1025.0,1018.0,0.00,0.00,0.00,0,17.25
41850,1619,1035.0,1006.1,-0.14,0.14,0.20,0,14.48
41850,1620,1025.0,1018.0,0.00,0.00,0.00,0,19.50
41926,1621,1541.0,723.0,0.00,0.00,0.00,0,12.01
41927,1621,1541.3,723.0,0.01,0.00,0.01,0,7.47
41927,1622,1529.0,715.0,0.00,0.00,0.00,0,12.01
41928,1621,1538.4,721.2,-0.18,-0.12,0.22,0,6.31
41930,1621,1538.4,721.2,-0.18,-0.12,0.22,0,9.95
41931,1621,1538.4,721.2,-0.18,-0.12,0.22,0,12.12
41932,1621,1538.4,721.2,-0.18,-0.12,0.22,0,14.52
41963,1623,1053.0,1150.0,0.00,0.00,0.00,0,12.01
41963,1624,1046.0,1161.0,0.00,0.00,0.00,0,12.01
41965,1625,1040.0,1171.0,0.00,0.00,0.00,0,12.01
41965,1626,1036.0,1184.0,0.00,0.00,0.00,0,12.01
41966,1625,1038.4,1174.9,-0.03,0.08,0.08,0,7.46
41966,1626,1035.3,1188.6,-0.01,0.09,0.09,0,7.46
41967,1625,1037.2,1180.3,-0.07,0.28,0.29,0,6.29
41969,1625,1037.2,1180.4,-0.07,0.28,0.29,0,9.87
41970,1625,1037.2,1180.4,-0.07,0.28,0.29,0,12.03
41971,1625,1037.2,1180.4,-0.07,0.28,0.29,0,14.37
42005,1627,803.0,1031.0,0.00,0.00,0.00,0,12.01
42007,1629,782.0,1023.0,0.00,0.00,0.00,0,12.01
42007,1630,793.0,1028.0,0.00,0.00,0.00,0,12.01
42008,1629,782.3,1023.3,0.01,0.01,0.01,0,7.47
42008,1630,786.1,1025.1,-0.16,-0.07,0.17,0,7.47
42009,1629,779.7,1022.5,-0.16,-0.05,0.17,0,6.31
42011,1629,779.6,1022.5,-0.16,-0.05,0.17,0,9.96
42012,1629,779.6,1022.5,-0.16,-0.05,0.17,0,12.12
42013,1629,779.6,1022.5,-0.16,-0.05,0.17,0,14.47
42049,1631,821.0,558.0,0.00,0.00,0.00,0,12.01
42050,1631,821.0,558.3,0.00,0.01,0.01,0,7.48
42051,1631,821.0,558.3,0.00,0.01,0.01,0,9.52
42053,1631,821.0,558.3,0.00,0.01,0.01,0,13.33
42054,1631,821.0,558.3,0.00,0.01,0.01,0,15.45
42158,1632,393.0,1124.0,0.00,0.00,0.00,0,12.01
42159,1632,393.0,1124.0,0.00,0.00,0.00,0,14.04
42160,1632,393.0,1124.0,0.00,0.00,0.00,0,16.09
42162,1632,393.0,1124.0,0.00,0.00,0.00,0,19.98
42219,1633,1232.0,990.0,0.00,0.00,0.00,0,12.01
42220,1633,1229.7,988.0,-0.06,-0.05,0.07,0,7.47
42221,1633,1228.8,987.5,-0.12,-0.08,0.14,0,6.31
42221,1634,1221.0,980.0,0.00,0.00,0.00,0,12.01
42223,1633,1228.7,987.5,-0.12,-0.08,0.14,0,9.97
42223,1634,1221.0,980.0,0.00,0.00,0.00,0,15.13
42224,1633,1228.7,987.5,-0.12,-0.08,0.14,0,12.13
42224,1634,1221.0,980.0,0.00,0.00,0.00,0,17.25
42225,1633,1228.7,987.5,-0.12,-0.08,0.14,0,14.47
42225,1634,1221.0,980.0,0.00,0.00,0.00,0,19.49
42256,1635,496.0,909.0,0.00,0.00,0.00,0,12.01
42256,1636,511.0,915.0,0.00,0.00,0.00,0,12.01
42257,1635,496.0,909.0,0.00,0.00,0.00,0,14.07
42257,1636,511.0,915.0,0.00,0.00,0.00,0,14.07
42258,1635,496.0,909.0,0.00,0.00,0.00,0,16.12
42260,1635,496.0,909.0,0.00,0.00,0.00,0,20.04
42295,1637,408.0,1119.0,0.00,0.00,0.00,0,12.01
42296,1637,407.7,1118.7,-0.01,-0.01,0.01,0,7.48
42297,1637,407.7,1118.7,-0.01,-0.01,0.01,0,9.51
42299,1637,407.7,1118.7,-0.01,-0.01,0.01,0,13.28
42300,1637,407.7,1118.7,-0.01,-0.01,0.01,0,15.47
42336,1638,1015.0,1346.0,0.00,0.00,0.00,0,12.01
42337,1638,1015.0,1346.0,0.00,0.00,0.00,0,14.03
42338,1638,1015.0,1346.0,0.00,0.00,0.00,0,16.08
42340,1638,1015.0,1346.0,0.00,0.00,0.00,0,19.88
42373,1639,401.0,995.0,0.00,0.00,0.00,0,12.01
42374,1639,401.0,995.0,0.00,0.00,0.00,0,14.07
42375,1639,401.0,995.0,0.00,0.00,0.00,0,16.12
42377,1639,401.0,995.0,0.00,0.00,0.00,0,20.05
42410,1640,534.0,863.0,0.00,0.00,0.00,0,12.01
42412,1642,529.0,868.0,0.00,0.00,0.00,0,12.01
42413,1642,529.0,868.0,0.00,0.00,0.00,0,14.05
42414,1642,529.0,868.0,0.00,0.00,0.00,0,16.13
42416,1642,529.0,868.0,0.00,0.00,0.00,0,20.19
42449,1643,1224.0,470.0,0.00,0.00,0.00,0,12.01
42451,1645,1102.0,1099.0,0.00,0.00,0.00,0,12.01
42451,1646,1110.0,1104.0,0.00,0.00,0.00,0,12.01
42452,1645,1102.3,1099.3,0.01,0.01,0.01,0,7.47
42452,1646,1105.4,1100.7,-0.09,-0.07,0.11,0,7.47
42453,1645,1101.0,1098.2,-0.07,-0.06,0.10,0,6.30
42455,1645,1100.9,1098.2,-0.07,-0.06,0.10,0,9.99
42456,1645,1100.9,1098.2,-0.07,-0.06,0.10,0,12.11
42457,1645,1100.9,1098.2,-0.07,-0.06,0.10,0,14.47
42491,1647,925.0,1224.0,0.00,0.00,0.00,0,12.01
42492,1647,925.3,1224.0,0.01,0.00,0.01,0,7.47
42493,1647,925.3,1224.0,0.01,0.00,0.01,0,9.51
42493,1648,1185.0,1296.0,0.00,0.00,0.00,0,12.01
42495,1647,925.3,1224.0,0.01,0.00,0.01,0,13.27
42495,1648,1185.0,1296.0,0.00,0.00,0.00,0,15.12
42496,1647,925.3,1224.0,0.01,0.00,0.01,0,15.44
42496,1648,1185.0,1296.0,0.00,0.00,0.00,0,17.23
42497,1648,1185.0,1296.0,0.00,0.00,0.00,0,19.52
42529,1649,1407.0,1167.0,0.00,0.00,0.00,0,12.04
42530,1649,1407.0,1167.0,0.00,0.00,0.00,0,14.09
42531,1649,1407.0,1167.0,0.00,0.00,0.00,0,16.15
42533,1649,1407.0,1167.0,0.00,0.00,0.00,0,20.18
42569,1650,623.0,979.0,0.00,0.00,0.00,0,12.01
42571,1652,617.0,978.0,0.00,0.00,0.00,0,12.01
42572,1652,615.4,978.3,-0.04,0.01,0.04,0,7.48
42572,1653,606.0,980.0,0.00,0.00,0.00,0,12.01
42573,1652,613.2,978.8,-0.18,0.04,0.19,0,6.31
42575,1652,613.2,978.8,-0.18,0.04,0.19,0,10.02
42576,1652,613.2,978.8,-0.18,0.04,0.19,0,12.13
42577,1652,613.2,978.8,-0.18,0.04,0.19,0,14.48
42704,1654,963.0,1238.0,0.00,0.00,0.00,0,12.01
42705,1654,964.3,1235.7,0.03,-0.06,0.07,0,7.48
42706,1654,964.8,1234.5,0.06,-0.14,0.15,0,6.64
42708,1654,964.8,1234.4,0.06,-0.14,0.15,0,11.11
42709,1654,964.8,1234.4,0.06,-0.14,0.15,0,13.49
42710,1654,964.8,1234.4,0.06,-0.14,0.15,0,15.92
42783,1655,1106.0,666.0,0.00,0.00,0.00,0,12.01
42784,1655,1106.0,665.7,0.00,-0.01,0.01,0,7.48
42784,1656,1105.0,672.0,0.00,0.00,0.00,0,12.01
42784,1657,794.0,1309.0,0.00,0.00,0.00,0,12.01
42785,1655,1106.0,665.7,0.00,-0.01,0.01,0,9.52
42785,1656,1105.0,672.0,0.00,0.00,0.00,0,14.04
42785,1657,791.7,1306.7,-0.06,-0.06,0.08,0,7.47
42787,1655,1106.0,665.7,0.00,-0.01,0.01,0,13.30
42787,1656,1105.0,672.0,0.00,0.00,0.00,0,17.52
42787,1657,791.7,1306.7,-0.06,-0.06,0.08,0,10.86
42788,1655,1106.0,665.7,0.00,-0.01,0.01,0,15.46
42788,1656,1105.0,672.0,0.00,0.00,0.00,0,19.66
42788,1657,791.7,1306.7,-0.06,-0.06,0.08,0,13.00
42789,1657,791.7,1306.7,-0.06,-0.06,0.08,0,15.30
42821,1658,450.0,888.0,0.00,0.00,0.00,0,12.01
42822,1658,449.3,887.0,-0.02,-0.03,0.03,0,7.47
42823,1658,448.7,886.2,-0.06,-0.07,0.09,0,6.31
42823,1659,447.0,874.0,0.00,0.00,0.00,0,12.01
42825,1658,448.7,886.2,-0.06,-0.07,0.09,0,9.96
42825,1659,447.0,874.0,0.00,0.00,0.00,0,15.13
42826,1658,448.7,886.2,-0.06,-0.07,0.09,0,12.12
42826,1659,447.0,874.0,0.00,0.00,0.00,0,17.25
42827,1658,448.7,886.2,-0.06,-0.07,0.09,0,14.52
42827,1659,447.0,874.0,0.00,0.00,0.00,0,19.53
42885,1660,1173.0,1089.0,0.00,0.00,0.00,0,12.01
42886,1660,1172.7,1089.0,-0.01,0.00,0.01,0,7.48
42886,1661,1185.0,1086.0,0.00,0.00,0.00,0,12.01
42887,1660,1175.6,1088.2,0.18,-0.05,0.19,0,6.31
42887,1661,1188.6,1086.7,0.09,0.02,0.09,0,7.47
42889,1660,1175.6,1088.2,0.18,-0.05,0.19,0,9.97
42889,1661,1188.6,1086.7,0.09,0.02,0.09,0,10.87
42890,1660,1175.6,1088.2,0.18,-0.05,0.19,0,12.14
42890,1661,1188.6,1086.7,0.09,0.02,0.09,0,13.01
42891,1660,1175.6,1088.2,0.18,-0.05,0.19,0,14.55
42891,1661,1188.6,1086.7,0.09,0.02,0.09,0,15.36
42923,1662,1084.0,1266.0,0.00,0.00,0.00,0,12.01
42924,1662,1086.3,1266.0,0.07,0.00,0.07,0,7.47
42925,1662,1086.7,1265.7,0.09,-0.02,0.09,0,6.30
42925,1663,1097.0,1271.0,0.00,0.00,0.00,0,12.01
42927,1662,1086.8,1265.7,0.09,-0.02,0.09,0,9.94
42927,1663,1097.0,1271.0,0.00,0.00,0.00,0,15.12
42928,1662,1086.8,1265.7,0.09,-0.02,0.09,0,12.11
42928,1663,1097.0,1271.0,0.00,0.00,0.00,0,17.24
42929,1662,1086.8,1265.7,0.09,-0.02,0.09,0,14.45
42929,1663,1097.0,1271.0,0.00,0.00,0.00,0,19.49
42960,1664,1194.0,1246.0,0.00,0.00,0.00,0,12.01
42961,1664,1194.3,1246.0,0.01,0.00,0.01,0,7.48
42962,1664,1194.3,1246.0,0.01,0.00,0.01,0,9.52
42964,1664,1194.3,1246.0,0.01,0.00,0.01,0,13.26
42965,1664,1194.3,1246.0,0.01,0.00,0.01,0,15.46
43008,1665,1053.0,780.0,0.00,0.00,0.00,0,12.01
43009,1665,1052.3,782.9,-0.02,0.07,0.07,0,7.47
43010,1665,1051.7,786.3,-0.05,0.29,0.29,0,6.31
43012,1665,1051.7,786.4,-0.05,0.29,0.29,0,10.00
43013,1665,1051.7,786.4,-0.05,0.29,0.29,0,12.12
43014,1665,1051.7,786.4,-0.05,0.29,0.29,0,14.48
43096,1666,1318.0,1122.0,0.00,0.00,0.00,0,12.01
43097,1666,1318.0,1122.3,0.00,0.01,0.01,0,7.47
43097,1667,1310.0,1111.0,0.00,0.00,0.00,0,12.01
43098,1666,1316.2,1119.7,-0.12,-0.17,0.20,0,6.31
43100,1666,1316.2,1119.6,-0.12,-0.17,0.20,0,9.94
43101,1666,1316.2,1119.6,-0.12,-0.17,0.20,0,12.15
43102,1666,1316.2,1119.6,-0.12,-0.17,0.20,0,14.49
43150,1668,617.0,1302.0,0.00,0.00,0.00,0,12.01
43151,1668,617.0,1302.0,0.00,0.00,0.00,0,14.04
43152,1668,615.2,1298.1,-0.08,-0.18,0.20,0,7.87
43154,1668,615.2,1298.1,-0.08,-0.18,0.20,0,11.52
43155,1668,615.2,1298.1,-0.08,-0.18,0.20,0,13.69
43156,1668,615.2,1298.1,-0.08,-0.18,0.20,0,16.04
43193,1669,532.0,1004.0,0.00,0.00,0.00,0,12.01
43194,1669,532.0,1004.0,0.00,0.00,0.00,0,14.04
43195,1669,532.0,1004.0,0.00,0.00,0.00,0,16.09
43197,1669,532.0,1004.0,0.00,0.00,0.00,0,19.94
43230,1670,699.0,1275.0,0.00,0.00,0.00,0,12.01
43231,1670,699.0,1275.0,0.00,0.00,0.00,0,14.04
43232,1670,699.0,1275.0,0.00,0.00,0.00,0,16.09
43234,1670,699.0,1275.0,0.00,0.00,0.00,0,19.93
43352,1671,1061.0,1362.0,0.00,0.00,0.00,0,12.01
43354,1673,1191.0,1195.0,0.00,0.00,0.00,0,12.01
43354,1674,1064.0,1348.0,0.00,0.00,0.00,0,12.01
43355,1673,1191.0,1195.0,0.00,0.00,0.00,0,7.47
43355,1674,1064.0,1348.7,0.00,0.02,0.02,0,7.47
43355,1675,1065.0,1339.0,0.00,0.00,0.00,0,12.01
43356,1674,1064.3,1346.4,0.02,-0.13,0.13,0,6.31
43356,1673,1191.0,1195.0,0.00,0.00,0.00,0,9.52
43358,1674,1064.3,1346.4,0.02,-0.13,0.13,0,10.01
43358,1673,1191.0,1195.0,0.00,0.00,0.00,0,13.34
43359,1674,1064.3,1346.4,0.02,-0.13,0.13,0,12.12
43359,1673,1191.0,1195.0,0.00,0.00,0.00,0,15.46
43360,1674,1064.3,1346.4,0.02,-0.13,0.13,0,14.51
43391,1676,1158.0,881.0,0.00,0.00,0.00,0,12.01
43391,1677,1166.0,888.0,0.00,0.00,0.00,0,12.01
43393,1678,1153.0,880.0,0.00,0.00,0.00,0,12.01
43394,1678,1150.7,880.0,-0.06,0.00,0.06,0,7.47
43395,1678,1147.7,880.8,-0.24,0.05,0.25,0,6.30
43397,1678,1147.6,880.8,-0.24,0.05,0.25,0,9.94
43398,1678,1147.6,880.8,-0.24,0.05,0.25,0,12.12
43399,1678,1147.6,880.8,-0.24,0.05,0.25,0,14.47
43464,1679,1277.0,821.0,0.00,0.00,0.00,0,12.01
43465,1679,1277.0,821.0,0.00,0.00,0.00,0,14.03
43466,1679,1277.0,821.0,0.00,0.00,0.00,0,16.09
43468,1679,1277.0,821.0,0.00,0.00,0.00,0,19.96
43536,1680,974.0,1305.0,0.00,0.00,0.00,0,12.01
43537,1680,972.7,1302.4,-0.03,-0.07,0.07,0,7.48
43538,1680,971.0,1300.0,-0.15,-0.23,0.27,0,6.31
43540,1680,970.9,1299.9,-0.15,-0.23,0.27,0,9.96
43541,1680,970.9,1299.9,-0.15,-0.23,0.27,0,12.12
43542,1680,970.9,1299.9,-0.15,-0.23,0.27,0,14.46
43596,1681,958.0,1317.0,0.00,0.00,0.00,0,12.01
43597,1681,955.7,1317.7,-0.06,0.02,0.06,0,7.47
43598,1681,955.0,1317.7,-0.10,0.02,0.10,0,6.31
43600,1681,955.0,1317.8,-0.10,0.02,0.10,0,9.96
43601,1681,955.0,1317.8,-0.10,0.02,0.10,0,12.13
43602,1681,955.0,1317.8,-0.10,0.02,0.10,0,14.48
43647,1682,370.0,643.0,0.00,0.00,0.00,0,12.01
43648,1682,370.3,643.3,0.01,0.01,0.01,0,7.47
43649,1682,370.3,643.3,0.01,0.01,0.01,0,9.52
43651,1682,370.3,643.3,0.01,0.01,0.01,0,13.32
43652,1682,370.3,643.3,0.01,0.01,0.01,0,15.45
43743,1683,1410.0,1058.0,0.00,0.00,0.00,0,12.01
43744,1683,1410.0,1057.7,0.00,-0.01,0.01,0,7.53
43745,1683,1410.0,1057.7,0.00,-0.01,0.01,0,9.58
43747,1683,1410.0,1057.7,0.00,-0.01,0.01,0,13.57
43748,1683,1410.0,1057.7,0.00,-0.01,0.01,0,15.73
43785,1684,410.0,1085.0,0.00,0.00,0.00,0,12.01
43786,1684,410.0,1085.3,0.00,0.01,0.01,0,7.48
43787,1684,410.0,1085.3,0.00,0.01,0.01,0,9.53
43789,1684,410.0,1085.3,0.00,0.01,0.01,0,13.34
43790,1684,410.0,1085.3,0.00,0.01,0.01,0,15.44
43822,1685,704.0,326.0,0.00,0.00,0.00,0,12.01
43823,1685,705.3,324.4,0.03,-0.04,0.05,0,7.48
43824,1685,707.0,322.2,0.15,-0.19,0.25,0,6.31
43826,1685,707.1,322.2,0.15,-0.19,0.25,0,9.99
43827,1685,707.1,322.2,0.15,-0.19,0.25,0,12.11
43828,1685,707.1,322.1,0.15,-0.19,0.25,0,14.46
43859,1687,1295.0,1103.0,0.00,0.00,0.00,0,12.01
43860,1687,1293.4,1106.6,-0.04,0.09,0.10,0,7.48
43861,1687,1293.4,1106.6,-0.04,0.09,0.10,0,9.52
43863,1687,1293.3,1106.6,-0.04,0.09,0.10,0,13.36
43864,1687,1293.3,1106.6,-0.04,0.09,0.10,0,15.45
43896,1688,901.0,1287.0,0.00,0.00,0.00,0,12.01
43897,1688,901.0,1287.3,0.00,0.01,0.01,0,7.48
43898,1688,902.0,1289.0,0.07,0.13,0.15,0,6.30
43900,1688,902.0,1289.1,0.07,0.13,0.15,0,9.94
43901,1688,902.1,1289.1,0.07,0.13,0.15,0,12.11
43902,1688,902.1,1289.1,0.07,0.13,0.15,0,14.45
43933,1689,1209.0,1288.0,0.00,0.00,0.00,0,12.01
43933,1690,1199.0,1290.0,0.00,0.00,0.00,0,12.01
43934,1689,1206.0,1288.3,-0.07,0.01,0.08,0,7.50
43934,1690,1199.0,1290.0,0.00,0.00,0.00,0,14.07
43935,1689,1206.0,1288.3,-0.07,0.01,0.08,0,9.55
43937,1689,1206.0,1288.3,-0.07,0.01,0.08,0,13.39
43938,1689,1206.0,1288.3,-0.07,0.01,0.08,0,15.40
44031,1691,434.0,435.0,0.00,0.00,0.00,0,12.01
44032,1691,434.0,435.0,0.00,0.00,0.00,0,14.03
44033,1691,434.0,435.0,0.00,0.00,0.00,0,16.09
44035,1691,434.0,435.0,0.00,0.00,0.00,0,20.01
44077,1692,1231.0,641.0,0.00,0.00,0.00,0,12.01
44078,1692,1231.7,641.3,0.02,0.01,0.02,0,7.47
44078,1693,1222.0,636.0,0.00,0.00,0.00,0,12.01
44079,1692,1229.4,640.2,-0.13,-0.06,0.14,0,6.31
44081,1692,1229.4,640.2,-0.13,-0.06,0.14,0,9.97
44082,1692,1229.4,640.2,-0.13,-0.06,0.14,0,12.13
44083,1692,1229.4,640.2,-0.13,-0.06,0.14,0,14.53
44291,1694,1369.0,868.0,0.00,0.00,0.00,0,12.01
44292,1694,1367.7,869.3,-0.04,0.04,0.05,0,7.47
44293,1694,1366.0,871.0,-0.15,0.15,0.21,0,6.31
44295,1694,1365.9,871.1,-0.15,0.15,0.21,0,9.97
44296,1694,1365.9,871.1,-0.15,0.15,0.21,0,12.13
44297,1694,1365.9,871.1,-0.15,0.15,0.21,0,14.54
44365,1695,1109.0,1304.0,0.00,0.00,0.00,0,12.01
44366,1695,1109.0,1304.0,0.00,0.00,0.00,0,14.04
44367,1695,1105.8,1303.3,-0.15,-0.03,0.15,0,7.87
44369,1695,1105.8,1303.3,-0.15,-0.03,0.15,0,11.53
44370,1695,1105.8,1303.3,-0.15,-0.03,0.15,0,13.68
44371,1695,1105.8,1303.3,-0.15,-0.03,0.15,0,16.02
44402,1696,509.0,435.0,0.00,0.00,0.00,0,12.01
44403,1696,509.0,435.0,0.00,0.00,0.00,0,14.04
44404,1696,509.0,435.0,0.00,0.00,0.00,0,16.09
44404,1697,556.0,1134.0,0.00,0.00,0.00,0,12.01
44406,1696,509.0,435.0,0.00,0.00,0.00,0,20.01
44406,1697,556.0,1134.0,0.00,0.00,0.00,0,15.14
44407,1697,556.0,1134.0,0.00,0.00,0.00,0,17.21
44408,1697,556.0,1134.0,0.00,0.00,0.00,0,19.50
44480,1698,951.0,1142.0,0.00,0.00,0.00,0,12.01
44481,1698,951.0,1142.0,0.00,0.00,0.00,0,14.04
44482,1698,952.1,1141.6,0.05,-0.02,0.05,0,7.87
44484,1698,952.1,1141.6,0.05,-0.02,0.05,0,11.54
44485,1698,952.1,1141.6,0.05,-0.02,0.05,0,13.68
44486,1698,952.1,1141.6,0.05,-0.02,0.05,0,16.03
44525,1699,792.0,1092.0,0.00,0.00,0.00,0,12.01
44527,1701,810.0,1083.0,0.00,0.00,0.00,0,12.01
44527,1702,800.0,1087.0,0.00,0.00,0.00,0,12.01
44528,1701,809.3,1083.0,-0.02,0.00,0.02,0,7.47
44528,1702,805.9,1085.4,0.15,-0.04,0.15,0,7.47
44529,1701,811.3,1082.7,0.11,-0.02,0.11,0,6.31
44531,1701,811.3,1082.7,0.11,-0.02,0.11,0,9.97
44532,1701,811.3,1082.7,0.11,-0.02,0.11,0,12.13
44533,1701,811.3,1082.7,0.11,-0.02,0.11,0,14.53
44564,1703,1197.0,1134.0,0.00,0.00,0.00,0,12.01
44564,1704,1208.0,1137.0,0.00,0.00,0.00,0,12.01
44569,1705,1227.0,1144.0,0.00,0.00,0.00,0,12.01
44570,1705,1227.0,1144.0,0.00,0.00,0.00,0,14.03
44571,1705,1227.0,1144.0,0.00,0.00,0.00,0,16.09
44573,1705,1227.0,1144.0,0.00,0.00,0.00,0,19.97
44679,1706,1342.0,1172.0,0.00,0.00,0.00,0,12.01
44680,1706,1342.0,1172.0,0.00,0.00,0.00,0,7.47
44681,1706,1342.0,1172.0,0.00,0.00,0.00,0,9.52
44683,1706,1342.0,1172.0,0.00,0.00,0.00,0,13.28
44684,1706,1342.0,1172.0,0.00,0.00,0.00,0,15.47
44719,1707,818.0,1092.0,0.00,0.00,0.00,0,12.01
44719,1708,831.0,1095.0,0.00,0.00,0.00,0,12.01
44720,1707,818.0,1092.0,0.00,0.00,0.00,0,7.47
44720,1708,831.0,1095.0,0.00,0.00,0.00,0,14.04
44721,1707,818.0,1092.0,0.00,0.00,0.00,0,9.51
44723,1707,818.0,1092.0,0.00,0.00,0.00,0,13.31
44724,1707,818.0,1092.0,0.00,0.00,0.00,0,15.47
44756,1709,1083.0,404.0,0.00,0.00,0.00,0,12.01
44758,1711,1085.0,391.0,0.00,0.00,0.00,0,12.01
44758,1712,1084.0,398.0,0.00,0.00,0.00,0,12.01
44759,1711,1084.7,391.3,-0.01,0.01,0.01,0,7.46
44759,1712,1084.0,398.0,0.00,0.00,0.00,0,14.02
44760,1711,1085.0,390.2,0.01,-0.04,0.04,0,6.29
44762,1711,1085.0,390.2,0.01,-0.04,0.04,0,9.88
44763,1711,1085.0,390.2,0.01,-0.04,0.04,0,12.01
44764,1711,1085.0,390.2,0.01,-0.04,0.04,0,14.35
44795,1713,578.0,1105.0,0.00,0.00,0.00,0,12.01
44796,1713,577.0,1105.3,-0.02,0.01,0.03,0,7.48
44797,1713,575.7,1106.0,-0.11,0.06,0.13,0,6.30
44799,1713,575.7,1106.0,-0.11,0.06,0.13,0,9.96
44800,1713,575.7,1106.0,-0.11,0.06,0.13,0,12.12
44801,1713,575.7,1106.0,-0.11,0.06,0.13,0,14.46
44833,1716,656.0,843.0,0.00,0.00,0.00,0,12.01
44833,1717,655.0,852.0,0.00,0.00,0.00,0,12.01
44834,1716,655.7,843.3,-0.01,0.01,0.01,0,7.47
44834,1717,655.0,846.4,0.00,-0.15,0.15,0,7.47
44835,1716,655.8,841.7,-0.00,-0.09,0.09,0,6.30
44837,1716,655.8,841.7,-0.00,-0.09,0.09,0,9.92
44838,1716,655.8,841.7,-0.00,-0.09,0.09,0,12.12
44839,1716,655.8,841.7,-0.00,-0.09,0.09,0,14.53
45020,1718,1170.0,1246.0,0.00,0.00,0.00,0,12.01
45021,1718,1170.0,1246.0,0.00,0.00,0.00,0,14.04
45022,1718,1172.8,1246.4,0.13,0.02,0.13,0,7.87
45024,1718,1172.8,1246.4,0.13,0.02,0.13,0,11.52
45025,1718,1172.8,1246.4,0.13,0.02,0.13,0,13.68
45026,1718,1172.9,1246.4,0.13,0.02,0.13,0,16.08
45058,1719,1154.0,903.0,0.00,0.00,0.00,0,12.01
45059,1719,1154.0,903.3,0.00,0.01,0.01,0,7.47
45059,1720,1157.0,894.0,0.00,0.00,0.00,0,12.01
45060,1719,1154.5,901.2,0.03,-0.13,0.14,0,6.31
45062,1719,1154.5,901.1,0.03,-0.13,0.14,0,9.94
45063,1719,1154.5,901.1,0.03,-0.13,0.14,0,12.12
45064,1719,1154.5,901.1,0.03,-0.13,0.14,0,14.47
45095,1721,813.0,1067.0,0.00,0.00,0.00,0,12.01
45095,1722,822.0,1070.0,0.00,0.00,0.00,0,12.01
45097,1723,799.0,1064.0,0.00,0.00,0.00,0,12.01
45097,1724,807.0,1065.0,0.00,0.00,0.00,0,12.01
45098,1723,798.0,1064.0,-0.02,0.00,0.02,0,7.47
45098,1724,807.0,1065.0,0.00,0.00,0.00,0,14.03
45099,1723,796.7,1064.0,-0.11,0.00,0.11,0,6.31
45101,1723,796.7,1064.0,-0.11,0.00,0.11,0,9.97
45102,1723,796.7,1064.0,-0.11,0.00,0.11,0,12.14
45103,1723,796.7,1064.0,-0.11,0.00,0.11,0,14.47
45143,1725,1245.0,1004.0,0.00,0.00,0.00,0,12.01
45143,1726,1250.0,1012.0,0.00,0.00,0.00,0,12.01
45145,1727,1238.0,987.0,0.00,0.00,0.00,0,12.01
45145,1728,1241.0,996.0,0.00,0.00,0.00,0,12.01
45146,1727,1238.0,987.3,0.00,0.01,0.01,0,7.47
45146,1728,1239.0,990.1,-0.05,-0.14,0.15,0,7.47
45147,1727,1237.5,985.2,-0.03,-0.13,0.13,0,6.31
45149,1727,1237.5,985.2,-0.03,-0.13,0.13,0,10.01
45150,1727,1237.5,985.1,-0.03,-0.13,0.13,0,12.11
45151,1727,1237.5,985.1,-0.03,-0.13,0.13,0,14.47
45182,1729,706.0,578.0,0.00,0.00,0.00,0,12.01
45182,1730,697.0,580.0,0.00,0.00,0.00,0,12.01
45184,1731,720.0,575.0,0.00,0.00,0.00,0,12.01
45184,1732,712.0,576.0,0.00,0.00,0.00,0,12.01
45185,1731,720.0,575.0,0.00,0.00,0.00,0,7.47
45185,1732,712.0,576.0,0.00,0.00,0.00,0,14.03
45186,1731,721.5,574.7,0.09,-0.02,0.09,0,6.31
45188,1731,721.6,574.7,0.09,-0.02,0.09,0,10.01
45189,1731,721.6,574.7,0.09,-0.02,0.09,0,12.13
45190,1731,721.6,574.7,0.09,-0.02,0.09,0,14.47
45237,1733,1137.0,1023.0,0.00,0.00,0.00,0,12.01
45238,1733,1137.0,1023.0,0.00,0.00,0.00,0,14.04
45239,1733,1137.0,1023.0,0.00,0.00,0.00,0,16.09
45241,1733,1137.0,1023.0,0.00,0.00,0.00,0,19.98
45482,1734,1044.0,794.0,0.00,0.00,0.00,0,12.01
45483,1734,1040.7,795.3,-0.08,0.03,0.09,0,7.47
45484,1734,1039.2,796.0,-0.18,0.08,0.19,0,6.31
45484,1735,1024.0,800.0,0.00,0.00,0.00,0,12.01
45486,1734,1039.2,796.0,-0.18,0.08,0.19,0,9.96
45486,1735,1024.0,800.0,0.00,0.00,0.00,0,15.13
45487,1734,1039.2,796.0,-0.18,0.08,0.19,0,12.13
45487,1735,1024.0,800.0,0.00,0.00,0.00,0,17.24
45488,1734,1039.2,796.0,-0.18,0.08,0.19,0,14.47
45488,1735,1024.0,800.0,0.00,0.00,0.00,0,19.48
45635,1736,1279.0,432.0,0.00,0.00,0.00,0,12.01
45636,1736,1279.0,432.0,0.00,0.00,0.00,0,14.03
45637,1736,1279.0,432.0,0.00,0.00,0.00,0,16.09
45639,1736,1279.0,432.0,0.00,0.00,0.00,0,19.92
45720,1737,890.0,1202.0,0.00,0.00,0.00,0,12.01
45721,1737,889.3,1201.3,-0.02,-0.02,0.02,0,7.48
45721,1738,896.0,1207.0,0.00,0.00,0.00,0,12.01
45722,1737,890.5,1202.3,0.06,0.05,0.08,0,6.31
45722,1738,897.3,1209.0,0.03,0.05,0.06,0,7.47
45724,1737,890.6,1202.3,0.06,0.05,0.08,0,9.99
45724,1738,897.3,1209.0,0.03,0.05,0.06,0,10.88
45725,1737,890.6,1202.3,0.06,0.05,0.08,0,12.13
45725,1738,897.3,1209.0,0.03,0.05,0.06,0,13.00
45726,1737,890.6,1202.3,0.06,0.05,0.08,0,14.48
45726,1738,897.3,1209.0,0.03,0.05,0.06,0,15.30
45761,1739,519.0,799.0,0.00,0.00,0.00,0,12.01
45762,1739,519.7,795.4,0.01,-0.08,0.08,0,7.48
45763,1739,519.7,791.4,0.02,-0.34,0.34,0,6.31
45765,1739,519.8,791.3,0.02,-0.34,0.34,0,10.01
45766,1739,519.8,791.3,0.02,-0.34,0.34,0,12.13
45767,1739,519.8,791.3,0.02,-0.34,0.34,0,14.54
45804,1740,461.0,757.0,0.00,0.00,0.00,0,12.01
45805,1740,461.0,757.0,0.00,0.00,0.00,0,14.04
45806,1740,461.7,758.1,0.03,0.05,0.06,0,7.87
45808,1740,461.7,758.1,0.03,0.05,0.06,0,11.51
45809,1740,461.7,758.1,0.03,0.05,0.06,0,13.69
45810,1740,461.7,758.1,0.03,0.05,0.06,0,16.10
45859,1741,729.0,841.0,0.00,0.00,0.00,0,12.01
45860,1741,729.0,841.0,0.00,0.00,0.00,0,14.04
45861,1741,729.0,841.0,0.00,0.00,0.00,0,16.09
45863,1741,729.0,841.0,0.00,0.00,0.00,0,19.93
45952,1742,443.0,1053.0,0.00,0.00,0.00,0,12.01
45953,1742,443.0,1053.0,0.00,0.00,0.00,0,14.04
45954,1742,443.0,1053.0,0.00,0.00,0.00,0,16.09
45956,1742,443.0,1053.0,0.00,0.00,0.00,0,19.94
46001,1743,588.0,853.0,0.00,0.00,0.00,0,12.01
46007,1745,580.0,824.0,0.00,0.00,0.00,0,12.01
46007,1746,585.0,831.0,0.00,0.00,0.00,0,12.01
46009,1747,575.0,812.0,0.00,0.00,0.00,0,12.01
46009,1748,578.0,821.0,0.00,0.00,0.00,0,12.01
46010,1747,575.0,812.7,0.00,0.02,0.02,0,7.48
46010,1748,576.7,816.1,-0.03,-0.12,0.13,0,7.48
46011,1747,574.7,811.5,-0.02,-0.06,0.07,0,6.31
46013,1747,574.7,811.4,-0.02,-0.06,0.07,0,9.96
46014,1747,574.7,811.4,-0.02,-0.06,0.07,0,12.14
46015,1747,574.7,811.4,-0.02,-0.06,0.07,0,14.47
46286,1749,775.0,1120.0,0.00,0.00,0.00,0,12.01
46287,1749,774.3,1120.0,-0.02,0.00,0.02,0,7.48
46288,1749,774.3,1120.0,-0.02,0.00,0.02,0,9.52
46290,1749,774.3,1120.0,-0.02,0.00,0.02,0,13.30
46291,1749,774.3,1120.0,-0.02,0.00,0.02,0,15.48
46329,1750,758.0,1329.0,0.00,0.00,0.00,0,12.01
46330,1750,757.7,1329.7,-0.01,0.02,0.02,0,7.47
46330,1751,758.0,1322.0,0.00,0.00,0.00,0,12.01
46331,1750,757.8,1326.4,-0.00,-0.19,0.19,0,6.31
46331,1751,758.0,1322.0,0.00,0.00,0.00,0,14.04
46333,1750,757.8,1326.3,-0.00,-0.19,0.19,0,9.98
46333,1751,758.0,1322.0,0.00,0.00,0.00,0,17.52
46334,1750,757.8,1326.3,-0.00,-0.19,0.19,0,12.14
46334,1751,758.0,1322.0,0.00,0.00,0.00,0,19.67
46335,1750,757.8,1326.3,-0.00,-0.19,0.19,0,14.54
46468,1752,1226.0,962.0,0.00,0.00,0.00,0,12.01
46469,1752,1226.0,961.7,0.00,-0.01,0.01,0,7.48
46469,1753,1221.0,969.0,0.00,0.00,0.00,0,12.01
46470,1752,1224.7,963.3,-0.08,0.10,0.13,0,6.31
46472,1752,1224.7,963.3,-0.08,0.10,0.13,0,9.95
46473,1752,1224.7,963.3,-0.08,0.10,0.13,0,12.12
46474,1752,1224.7,963.3,-0.08,0.10,0.13,0,14.52
46616,1754,594.0,1286.0,0.00,0.00,0.00,0,12.01
46617,1754,594.3,1286.0,0.01,0.00,0.01,0,7.47
46618,1754,592.4,1285.5,-0.11,-0.03,0.12,0,6.31
46620,1754,592.4,1285.5,-0.11,-0.03,0.12,0,9.98
46621,1754,592.4,1285.5,-0.11,-0.03,0.12,0,12.12
46622,1754,592.4,1285.5,-0.11,-0.03,0.12,0,14.53
46654,1757,924.0,1052.0,0.00,0.00,0.00,0,12.03
46654,1758,935.0,1054.0,0.00,0.00,0.00,0,12.03
46654,1759,1189.0,1300.0,0.00,0.00,0.00,0,12.03
46655,1757,924.3,1052.0,0.01,0.00,0.01,0,7.48
46655,1758,928.4,1053.7,-0.29,-0.01,0.29,0,7.48
46655,1759,1189.0,1300.0,0.00,0.00,0.00,0,7.48
46655,1760,1180.0,1290.0,0.00,0.00,0.00,0,12.01
46656,1757,919.4,1052.5,-0.33,0.04,0.34,0,6.29
46656,1759,1187.2,1297.7,-0.13,-0.16,0.21,0,6.29
46658,1757,919.3,1052.5,-0.33,0.04,0.34,0,9.82
46658,1759,1187.2,1297.6,-0.13,-0.16,0.21,0,9.82
46659,1757,919.3,1052.5,-0.33,0.04,0.34,0,11.98
46659,1759,1187.2,1297.6,-0.13,-0.16,0.21,0,11.98
46660,1757,919.3,1052.5,-0.33,0.04,0.34,0,14.30
46660,1759,1187.2,1297.6,-0.13,-0.16,0.21,0,14.30
46691,1761,1065.0,943.0,0.00,0.00,0.00,0,12.01
46691,1762,1176.0,1131.0,0.00,0.00,0.00,0,12.01
46691,1763,1189.0,1142.0,0.00,0.00,0.00,0,12.01
46691,1764,1159.0,1262.0,0.00,0.00,0.00,0,12.01
46691,1765,1153.0,1266.0,0.00,0.00,0.00,0,12.01
46693,1769,1097.0,637.0,0.00,0.00,0.00,0,12.01
46693,1770,1085.0,637.0,0.00,0.00,0.00,0,12.01
46693,1771,1059.0,931.0,0.00,0.00,0.00,0,12.01
46693,1772,1064.0,937.0,0.00,0.00,0.00,0,12.01
46693,1773,1152.0,1122.0,0.00,0.00,0.00,0,12.01
46693,1774,1165.0,1125.0,0.00,0.00,0.00,0,12.01
46693,1775,1164.0,1265.0,0.00,0.00,0.00,0,12.01
46694,1769,1093.7,637.0,-0.07,0.00,0.07,0,7.46
46694,1770,1082.1,637.7,-0.06,0.01,0.06,0,7.46
46694,1771,1059.0,931.0,0.00,0.00,0.00,0,7.46
46694,1772,1064.0,937.0,0.00,0.00,0.00,0,14.02
46694,1773,1152.3,1122.0,0.01,0.00,0.01,0,7.46
46694,1774,1165.0,1125.0,0.00,0.00,0.00,0,14.02
46694,1775,1164.0,1265.0,0.00,0.00,0.00,0,14.02
46695,1769,1089.7,637.5,-0.23,0.02,0.23,0,6.29
46695,1771,1057.2,929.7,-0.07,-0.05,0.09,0,6.29
46695,1773,1149.7,1121.2,-0.10,-0.03,0.11,0,6.29
46695,1775,1164.0,1265.0,0.00,0.00,0.00,0,16.05
46697,1769,1089.6,637.5,-0.23,0.02,0.23,0,9.85
46697,1771,1057.2,929.7,-0.07,-0.05,0.09,0,9.85
46697,1773,1149.6,1121.2,-0.10,-0.03,0.11,0,9.85
46697,1775,1164.0,1265.0,0.00,0.00,0.00,0,19.76
46698,1769,1089.6,637.5,-0.23,0.02,0.23,0,12.04
46698,1771,1057.2,929.7,-0.07,-0.05,0.09,0,12.04
46698,1773,1149.6,1121.2,-0.10,-0.03,0.11,0,12.04
46699,1769,1089.6,637.5,-0.23,0.02,0.23,0,14.38
46699,1771,1057.2,929.7,-0.07,-0.05,0.09,0,14.38
46699,1773,1149.6,1121.2,-0.10,-0.03,0.11,0,14.38
46741,1776,552.0,723.0,0.00,0.00,0.00,0,12.01
46742,1776,552.7,725.6,0.02,0.07,0.07,0,7.48
46742,1777,1364.0,1052.0,0.00,0.00,0.00,0,12.01
46743,1776,552.7,726.7,0.02,0.14,0.14,0,6.31
46745,1776,552.8,726.8,0.02,0.14,0.14,0,10.00
46746,1776,552.8,726.8,0.02,0.14,0.14,0,12.14
46747,1776,552.8,726.8,0.02,0.14,0.14,0,14.51
46820,1779,796.0,1290.0,0.00,0.00,0.00,0,12.01
46822,1781,776.0,1287.0,0.00,0.00,0.00,0,12.01
46822,1782,789.0,1289.0,0.00,0.00,0.00,0,12.01
46823,1781,776.0,1287.0,0.00,0.00,0.00,0,14.04
46823,1782,789.0,1289.0,0.00,0.00,0.00,0,14.04
46824,1781,776.0,1287.0,0.00,0.00,0.00,0,16.09
46826,1781,776.0,1287.0,0.00,0.00,0.00,0,19.99
46859,1783,1271.0,582.0,0.00,0.00,0.00,0,12.01
46859,1784,1285.0,586.0,0.00,0.00,0.00,0,12.01
46859,1785,1540.0,842.0,0.00,0.00,0.00,0,12.01
46859,1786,1022.0,1327.0,0.00,0.00,0.00,0,12.01
46861,1789,1547.0,831.0,0.00,0.00,0.00,0,12.01
46861,1790,1543.0,836.0,0.00,0.00,0.00,0,12.01
46861,1791,711.0,1170.0,0.00,0.00,0.00,0,12.01
46861,1792,1029.0,1329.0,0.00,0.00,0.00,0,12.01
46862,1789,1547.0,831.0,0.00,0.00,0.00,0,7.47
46862,1790,1543.0,836.0,0.00,0.00,0.00,0,14.03
46862,1791,711.7,1170.7,0.01,0.01,0.02,0,7.47
46862,1792,1029.0,1329.0,0.00,0.00,0.00,0,14.03
46862,1793,699.0,1168.0,0.00,0.00,0.00,0,12.01
46863,1789,1548.3,830.5,0.08,-0.03,0.08,0,6.30
46863,1791,709.2,1170.0,-0.14,-0.03,0.14,0,6.30
46863,1792,1029.0,1329.0,0.00,0.00,0.00,0,16.08
46865,1789,1548.3,830.5,0.08,-0.03,0.08,0,9.97
46865,1791,709.1,1170.0,-0.14,-0.03,0.14,0,9.97
46865,1792,1029.0,1329.0,0.00,0.00,0.00,0,19.94
46866,1789,1548.3,830.5,0.08,-0.03,0.08,0,12.12
46866,1791,709.1,1170.0,-0.14,-0.03,0.14,0,12.12
46867,1789,1548.3,830.5,0.08,-0.03,0.08,0,14.46
46867,1791,709.1,1170.0,-0.14,-0.03,0.14,0,14.46
46901,1794,1444.0,733.0,0.00,0.00,0.00,0,12.01
46902,1794,1443.7,729.7,-0.01,-0.08,0.08,0,7.47
46903,1794,1443.5,728.0,-0.02,-0.18,0.19,0,6.31
46905,1794,1443.5,727.9,-0.02,-0.18,0.19,0,9.98
46906,1794,1443.5,727.9,-0.02,-0.18,0.19,0,12.12
46907,1794,1443.5,727.9,-0.02,-0.18,0.19,0,14.52
46939,1795,913.0,305.0,0.00,0.00,0.00,0,12.03
46940,1795,911.7,304.7,-0.06,-0.01,0.06,0,7.48
46941,1795,910.5,304.2,-0.15,-0.05,0.15,0,6.29
46943,1795,910.4,304.2,-0.15,-0.05,0.15,0,9.80
46944,1795,910.4,304.2,-0.15,-0.05,0.15,0,11.96
46945,1795,910.4,304.2,-0.15,-0.05,0.15,0,14.30
46981,1797,706.0,589.0,0.00,0.00,0.00,0,12.01
46982,1797,706.0,589.0,0.00,0.00,0.00,0,14.04
46983,1797,706.0,589.0,0.00,0.00,0.00,0,16.09
46985,1797,706.0,589.0,0.00,0.00,0.00,0,19.94
47023,1798,671.0,1266.0,0.00,0.00,0.00,0,12.01
47024,1798,670.3,1267.3,-0.02,0.03,0.04,0,7.47
47025,1798,670.3,1267.3,-0.02,0.03,0.04,0,9.52
47027,1798,670.3,1267.3,-0.02,0.03,0.04,0,13.35
47028,1798,670.3,1267.3,-0.02,0.03,0.04,0,15.46
47060,1799,1189.0,1324.0,0.00,0.00,0.00,0,12.01
47061,1799,1186.7,1322.7,-0.06,-0.03,0.07,0,7.48
47062,1799,1186.7,1322.7,-0.06,-0.03,0.07,0,9.52
47064,1799,1186.7,1322.7,-0.06,-0.03,0.07,0,13.31
47065,1799,1186.7,1322.7,-0.06,-0.03,0.07,0,15.46
47101,1800,1057.0,1014.0,0.00,0.00,0.00,0,12.01
47102,1800,1057.7,1014.0,0.02,0.00,0.02,0,7.47
47102,1801,1047.0,1014.0,0.00,0.00,0.00,0,12.01
47103,1800,1055.2,1014.0,-0.14,0.00,0.14,0,6.31
47105,1800,1055.1,1014.0,-0.14,0.00,0.14,0,9.95
47106,1800,1055.1,1014.0,-0.14,0.00,0.14,0,12.12
47107,1800,1055.1,1014.0,-0.14,0.00,0.14,0,14.47
47163,1802,1177.0,1200.0,0.00,0.00,0.00,0,12.01
47164,1802,1177.0,1200.3,0.00,0.01,0.01,0,7.48
47164,1803,1174.0,1189.0,0.00,0.00,0.00,0,12.01
47165,1802,1176.5,1197.7,-0.03,-0.17,0.17,0,6.31
47165,1803,1172.0,1186.1,-0.05,-0.07,0.09,0,7.48
47167,1802,1176.5,1197.6,-0.03,-0.17,0.17,0,9.94
47167,1803,1172.0,1186.0,-0.05,-0.07,0.09,0,10.84
47168,1802,1176.5,1197.6,-0.03,-0.17,0.17,0,12.14
47168,1803,1172.0,1186.0,-0.05,-0.07,0.09,0,13.01
47169,1802,1176.5,1197.6,-0.03,-0.17,0.17,0,14.48
47169,1803,1172.0,1186.0,-0.05,-0.07,0.09,0,15.30
47238,1804,593.0,1153.0,0.00,0.00,0.00,0,12.01
47239,1804,592.7,1153.0,-0.01,0.00,0.01,0,7.47
47239,1805,600.0,1152.0,0.00,0.00,0.00,0,12.01
47240,1804,595.8,1152.7,0.20,-0.02,0.20,0,6.31
47240,1805,600.0,1152.0,0.00,0.00,0.00,0,14.04
47242,1804,595.9,1152.7,0.20,-0.02,0.20,0,9.94
47242,1805,600.0,1152.0,0.00,0.00,0.00,0,17.49
47243,1804,595.9,1152.7,0.20,-0.02,0.20,0,12.14
47243,1805,600.0,1152.0,0.00,0.00,0.00,0,19.67
47244,1804,595.9,1152.7,0.20,-0.02,0.20,0,14.48
47278,1808,1184.0,1203.0,0.00,0.00,0.00,0,12.01
47278,1809,1173.0,1206.0,0.00,0.00,0.00,0,12.01
47279,1808,1180.7,1204.0,-0.08,0.02,0.08,0,7.47
47279,1809,1173.0,1206.0,0.00,0.00,0.00,0,14.03
47280,1808,1180.7,1204.0,-0.08,0.02,0.08,0,9.55
47282,1808,1180.7,1204.0,-0.08,0.02,0.08,0,13.49
47283,1808,1180.7,1204.0,-0.08,0.02,0.08,0,15.77
47317,1812,1173.0,354.0,0.00,0.00,0.00,0,12.01
47317,1813,765.0,1108.0,0.00,0.00,0.00,0,12.01
47318,1812,1173.0,354.0,0.00,0.00,0.00,0,14.03
47318,1813,765.3,1107.3,0.01,-0.01,0.02,0,7.47
47319,1813,766.0,1106.5,0.05,-0.07,0.09,0,6.31
47319,1812,1173.0,354.0,0.00,0.00,0.00,0,16.08
47321,1813,766.0,1106.5,0.05,-0.07,0.09,0,9.99
47321,1812,1173.0,354.0,0.00,0.00,0.00,0,19.97
47322,1813,766.0,1106.5,0.05,-0.07,0.09,0,12.09
47323,1813,766.0,1106.5,0.05,-0.07,0.09,0,14.44
47446,1814,1447.0,819.0,0.00,0.00,0.00,0,12.01
47447,1814,1447.0,819.0,0.00,0.00,0.00,0,7.47
47447,1815,1440.0,811.0,0.00,0.00,0.00,0,12.01
47448,1814,1445.2,817.2,-0.12,-0.12,0.17,0,6.31
47450,1814,1445.2,817.2,-0.12,-0.12,0.17,0,9.97
47451,1814,1445.2,817.2,-0.12,-0.12,0.17,0,12.15
47452,1814,1445.2,817.2,-0.12,-0.12,0.17,0,14.47
47487,1816,1243.0,1055.0,0.00,0.00,0.00,0,12.01
47488,1816,1243.3,1055.7,0.01,0.02,0.02,0,7.48
47488,1817,1240.0,1050.0,0.00,0.00,0.00,0,12.01
47489,1816,1243.3,1055.7,0.01,0.02,0.02,0,9.52
47489,1817,1240.0,1050.0,0.00,0.00,0.00,0,14.04
47491,1816,1243.3,1055.7,0.01,0.02,0.02,0,13.27
47491,1817,1240.0,1050.0,0.00,0.00,0.00,0,17.49
47492,1816,1243.3,1055.7,0.01,0.02,0.02,0,15.48
47492,1817,1240.0,1050.0,0.00,0.00,0.00,0,19.67
47524,1818,404.0,899.0,0.00,0.00,0.00,0,12.01
47524,1819,412.0,904.0,0.00,0.00,0.00,0,12.01
47525,1818,404.7,899.3,0.02,0.01,0.02,0,7.48
47525,1819,408.4,900.7,-0.09,-0.08,0.12,0,7.48
47526,1818,403.5,896.9,-0.07,-0.16,0.17,0,6.31
47528,1818,403.4,896.9,-0.07,-0.16,0.17,0,10.00
47529,1818,403.4,896.9,-0.07,-0.16,0.17,0,12.11
47530,1818,403.4,896.9,-0.07,-0.16,0.17,0,14.51
47586,1820,696.0,1059.0,0.00,0.00,0.00,0,12.01
47587,1820,696.7,1058.3,0.02,-0.02,0.02,0,7.47
47588,1820,697.5,1057.0,0.07,-0.11,0.13,0,6.31
47590,1820,697.5,1056.9,0.07,-0.11,0.13,0,9.98
47591,1820,697.5,1056.9,0.07,-0.11,0.13,0,12.13
47592,1820,697.5,1056.9,0.07,-0.11,0.13,0,14.47
47624,1821,896.0,1149.0,0.00,0.00,0.00,0,12.03
47626,1823,889.0,1133.0,0.00,0.00,0.00,0,12.00
47626,1824,894.0,1140.0,0.00,0.00,0.00,0,12.00
47627,1823,890.0,1133.3,0.01,0.00,0.02,0,7.46
47627,1824,894.0,1140.0,0.00,0.00,0.00,0,14.01
47628,1823,889.0,1132.7,-0.03,-0.02,0.04,0,6.30
47630,1823,889.0,1132.7,-0.03,-0.02,0.04,0,9.91
47631,1823,889.0,1132.7,-0.03,-0.02,0.04,0,12.06
47632,1823,889.0,1132.7,-0.03,-0.02,0.04,0,14.46
47705,1825,1175.0,1085.0,0.00,0.00,0.00,0,12.01
47705,1826,1176.0,1094.0,0.00,0.00,0.00,0,12.01
47707,1827,1154.0,1084.0,0.00,0.00,0.00,0,12.01
47708,1827,1154.0,1084.0,0.00,0.00,0.00,0,14.04
47709,1827,1154.0,1083.6,0.00,-0.02,0.02,0,7.87
47711,1827,1154.0,1083.6,0.00,-0.02,0.02,0,11.54
47712,1827,1154.0,1083.6,0.00,-0.02,0.02,0,13.68
47713,1827,1154.0,1083.6,0.00,-0.02,0.02,0,16.03
47884,1828,915.0,1362.0,0.00,0.00,0.00,0,12.01
47884,1829,916.0,1369.0,0.00,0.00,0.00,0,12.01
47885,1828,915.0,1362.3,0.00,0.01,0.01,0,7.47
47885,1829,915.0,1365.1,-0.02,-0.10,0.10,0,7.47
47886,1828,914.7,1361.2,-0.02,-0.06,0.06,0,6.31
47888,1828,914.7,1361.2,-0.02,-0.06,0.06,0,9.99
47889,1828,914.7,1361.2,-0.02,-0.06,0.06,0,12.15
47890,1828,914.7,1361.2,-0.02,-0.06,0.06,0,14.48
47921,1831,751.0,1237.0,0.00,0.00,0.00,0,12.01
47922,1831,750.3,1237.3,-0.02,0.01,0.02,0,7.50
47923,1831,750.3,1237.3,-0.02,0.01,0.02,0,9.55
47925,1831,750.3,1237.3,-0.02,0.01,0.02,0,13.39
47926,1831,750.3,1237.3,-0.02,0.01,0.02,0,15.41
47958,1832,748.0,983.0,0.00,0.00,0.00,0,12.01
47959,1832,749.6,981.0,0.04,-0.05,0.06,0,7.48
47960,1832,750.0,980.8,0.07,-0.07,0.09,0,6.31
47962,1832,750.0,980.7,0.07,-0.07,0.09,0,9.96
47963,1832,750.0,980.7,0.07,-0.07,0.09,0,12.11
47964,1832,750.0,980.7,0.07,-0.07,0.09,0,14.51
48009,1833,1033.0,1320.0,0.00,0.00,0.00,0,12.01
48010,1833,1033.0,1320.0,0.00,0.00,0.00,0,14.04
48011,1833,1033.0,1320.0,0.00,0.00,0.00,0,16.09
48013,1833,1033.0,1320.0,0.00,0.00,0.00,0,19.95
48052,1834,718.0,1358.0,0.00,0.00,0.00,0,12.01
48053,1834,718.0,1358.0,0.00,0.00,0.00,0,14.03
48054,1834,718.0,1358.0,0.00,0.00,0.00,0,16.09
48056,1834,718.0,1358.0,0.00,0.00,0.00,0,19.96
48245,1835,1189.0,466.0,0.00,0.00,0.00,0,12.01
48247,1837,1181.0,457.0,0.00,0.00,0.00,0,12.01
48248,1837,1181.0,457.0,0.00,0.00,0.00,0,14.04
48249,1837,1181.0,457.0,0.00,0.00,0.00,0,16.09
48251,1837,1181.0,457.0,0.00,0.00,0.00,0,20.00
48325,1838,505.0,545.0,0.00,0.00,0.00,0,12.01
48326,1838,505.0,547.6,0.00,0.07,0.07,0,7.47
48327,1838,505.0,548.7,0.00,0.14,0.14,0,6.31
48329,1838,505.0,548.8,0.00,0.14,0.14,0,9.96
48330,1838,505.0,548.8,0.00,0.14,0.14,0,12.12
48331,1838,505.0,548.8,0.00,0.14,0.14,0,14.47
48364,1840,1052.0,1114.0,0.00,0.00,0.00,0,12.01
48365,1840,1048.1,1113.3,-0.08,-0.01,0.08,0,7.46
48366,1840,1048.1,1113.3,-0.08,-0.01,0.08,0,9.49
48368,1840,1048.0,1113.3,-0.08,-0.01,0.08,0,13.11
48369,1840,1048.0,1113.3,-0.08,-0.01,0.08,0,15.28
48401,1841,825.0,785.0,0.00,0.00,0.00,0,12.01
48401,1842,1207.0,1123.0,0.00,0.00,0.00,0,12.01
48403,1843,1213.0,1139.0,0.00,0.00,0.00,0,12.01
48404,1843,1213.0,1138.7,0.00,-0.01,0.01,0,7.47
48404,1844,1216.0,1147.0,0.00,0.00,0.00,0,12.00
48405,1843,1213.8,1140.6,0.04,0.09,0.09,0,6.30
48407,1843,1213.8,1140.6,0.04,0.09,0.09,0,9.92
48408,1843,1213.8,1140.6,0.04,0.09,0.09,0,12.07
48409,1843,1213.8,1140.6,0.04,0.09,0.09,0,14.42
48525,1845,1429.0,664.0,0.00,0.00,0.00,0,12.01
48526,1845,1428.7,664.0,-0.01,0.00,0.01,0,7.48
48526,1846,1438.0,667.0,0.00,0.00,0.00,0,12.01
48527,1845,1430.8,664.5,0.13,0.03,0.14,0,6.31
48527,1846,1440.3,668.3,0.06,0.03,0.07,0,7.47
48529,1845,1430.9,664.5,0.13,0.03,0.14,0,9.99
48529,1846,1440.3,668.3,0.06,0.03,0.07,0,10.89
48530,1845,1430.9,664.5,0.13,0.03,0.14,0,12.13
48530,1846,1440.3,668.3,0.06,0.03,0.07,0,13.00
48531,1845,1430.9,664.5,0.13,0.03,0.14,0,14.54
48531,1846,1440.3,668.3,0.06,0.03,0.07,0,15.35
48580,1847,708.0,537.0,0.00,0.00,0.00,0,12.01
48581,1847,708.3,536.3,0.01,-0.02,0.02,0,7.47
48581,1848,708.0,547.0,0.00,0.00,0.00,0,12.01
48582,1847,708.2,538.6,0.00,0.13,0.13,0,6.31
48584,1847,708.2,538.6,0.00,0.13,0.13,0,9.97
48585,1847,708.2,538.6,0.00,0.13,0.13,0,12.13
48586,1847,708.2,538.6,0.00,0.13,0.13,0,14.54
48630,1849,1479.0,691.0,0.00,0.00,0.00,0,12.01
48631,1849,1474.7,688.7,-0.11,-0.06,0.12,0,7.48
48632,1849,1472.7,688.0,-0.24,-0.10,0.26,0,6.31
48632,1850,1455.0,680.0,0.00,0.00,0.00,0,12.01
48634,1849,1472.7,688.0,-0.24,-0.10,0.26,0,10.01
48634,1850,1455.0,680.0,0.00,0.00,0.00,0,15.16
48635,1849,1472.7,688.0,-0.24,-0.10,0.26,0,12.13
48635,1850,1455.0,680.0,0.00,0.00,0.00,0,17.25
48636,1849,1472.7,688.0,-0.24,-0.10,0.26,0,14.48
48636,1850,1455.0,680.0,0.00,0.00,0.00,0,19.49
48771,1851,1032.0,669.0,0.00,0.00,0.00,0,12.01
48772,1851,1031.3,668.7,-0.02,-0.01,0.02,0,7.47
48772,1852,1043.0,667.0,0.00,0.00,0.00,0,12.01
48773,1851,1033.8,668.5,0.14,-0.02,0.14,0,6.31
48773,1852,1045.3,667.0,0.05,0.00,0.05,0,7.47
48775,1851,1033.9,668.5,0.14,-0.02,0.14,0,10.00
48775,1852,1045.3,667.0,0.05,0.00,0.05,0,10.89
48776,1851,1033.9,668.5,0.14,-0.02,0.14,0,12.12
48776,1852,1045.3,667.0,0.05,0.00,0.05,0,12.99
48777,1851,1033.9,668.5,0.14,-0.02,0.14,0,14.47
48777,1852,1045.3,667.0,0.05,0.00,0.05,0,15.29
49056,1853,430.0,683.0,0.00,0.00,0.00,0,12.01
49057,1853,429.3,681.7,-0.02,-0.03,0.04,0,7.48
49058,1853,429.3,681.7,-0.02,-0.03,0.04,0,9.52
49060,1853,429.3,681.7,-0.02,-0.03,0.04,0,13.31
49061,1853,429.3,681.7,-0.02,-0.03,0.04,0,15.49
49101,1854,958.0,678.0,0.00,0.00,0.00,0,12.01
49102,1854,958.7,678.3,0.02,0.01,0.02,0,7.47
49103,1854,958.7,678.3,0.02,0.01,0.02,0,9.52
49105,1854,958.7,678.3,0.02,0.01,0.02,0,13.28
49106,1854,958.7,678.3,0.02,0.01,0.02,0,15.46
49180,1858,695.0,826.0,0.00,0.00,0.00,0,12.01
49180,1859,698.0,838.0,0.00,0.00,0.00,0,12.01
49180,1860,1352.0,1087.0,0.00,0.00,0.00,0,12.01
49181,1858,695.7,829.3,0.02,0.08,0.08,0,7.48
49181,1859,699.6,840.0,0.04,0.05,0.06,0,7.48
49181,1860,1352.7,1086.7,0.02,-0.01,0.02,0,7.48
49181,1861,1342.0,1089.0,0.00,0.00,0.00,0,12.01
49182,1858,697.0,832.8,0.11,0.32,0.33,0,6.31
49182,1860,1350.4,1087.3,-0.13,0.03,0.14,0,6.31
49184,1858,697.1,832.9,0.11,0.32,0.33,0,9.94
49184,1860,1350.4,1087.3,-0.13,0.03,0.14,0,9.94
49185,1858,697.1,832.9,0.11,0.32,0.33,0,12.16
49185,1860,1350.4,1087.3,-0.13,0.03,0.14,0,12.16
49186,1858,697.1,832.9,0.11,0.32,0.33,0,14.48
49186,1860,1350.4,1087.3,-0.13,0.03,0.14,0,14.48
49225,1862,723.0,1154.0,0.00,0.00,0.00,0,12.01
49226,1862,723.3,1153.7,0.01,-0.01,0.01,0,7.47
49226,1863,713.0,1165.0,0.00,0.00,0.00,0,12.01
49227,1862,723.3,1153.7,0.01,-0.01,0.01,0,9.52
49229,1862,723.3,1153.7,0.01,-0.01,0.01,0,13.28
49230,1862,723.3,1153.7,0.01,-0.01,0.01,0,15.47
49265,1864,1346.0,595.0,0.00,0.00,0.00,0,12.01
49266,1864,1346.0,595.0,0.00,0.00,0.00,0,14.03
49267,1864,1346.0,595.0,0.00,0.00,0.00,0,16.09
49269,1864,1346.0,595.0,0.00,0.00,0.00,0,19.97
49306,1865,1303.0,835.0,0.00,0.00,0.00,0,12.01
49306,1866,1313.0,835.0,0.00,0.00,0.00,0,12.01
49307,1865,1303.0,835.0,0.00,0.00,0.00,0,7.48
49307,1866,1306.4,835.0,-0.16,0.00,0.16,0,7.48
49308,1865,1300.7,835.0,-0.15,0.00,0.15,0,6.31
49310,1865,1300.6,835.0,-0.15,0.00,0.15,0,9.99
49311,1865,1300.6,835.0,-0.15,0.00,0.15,0,12.15
49312,1865,1300.6,835.0,-0.15,0.00,0.15,0,14.47
49355,1867,755.0,1179.0,0.00,0.00,0.00,0,12.01
49356,1867,755.3,1179.0,0.01,0.00,0.01,0,7.48
49357,1867,755.3,1179.0,0.01,0.00,0.01,0,9.52
49359,1867,755.3,1179.0,0.01,0.00,0.01,0,13.31
49360,1867,755.3,1179.0,0.01,0.00,0.01,0,15.47
49399,1868,1440.0,1043.0,0.00,0.00,0.00,0,12.01
49399,1869,1449.0,1045.0,0.00,0.00,0.00,0,12.01
49400,1868,1440.3,1043.3,0.01,0.01,0.01,0,7.48
49400,1869,1443.4,1043.7,-0.14,-0.03,0.15,0,7.48
49401,1868,1438.4,1042.7,-0.12,-0.03,0.12,0,6.31
49403,1868,1438.4,1042.7,-0.12,-0.03,0.12,0,9.97
49404,1868,1438.4,1042.7,-0.12,-0.03,0.12,0,12.12
49405,1868,1438.4,1042.7,-0.12,-0.03,0.12,0,14.49
49462,1870,1196.0,1292.0,0.00,0.00,0.00,0,12.01
49463,1870,1196.7,1292.3,0.02,0.01,0.02,0,7.47
49463,1871,1188.0,1289.0,0.00,0.00,0.00,0,12.01
49464,1870,1194.9,1291.7,-0.09,-0.03,0.10,0,6.31
49466,1870,1194.9,1291.7,-0.09,-0.03,0.10,0,9.97
49467,1870,1194.9,1291.7,-0.09,-0.03,0.10,0,12.15
49468,1870,1194.9,1291.7,-0.09,-0.03,0.10,0,14.47
49502,1872,664.0,553.0,0.00,0.00,0.00,0,12.01
49502,1873,1208.0,727.0,0.00,0.00,0.00,0,12.01
49505,1874,667.0,526.0,0.00,0.00,0.00,0,12.01
49506,1874,666.7,526.7,-0.01,0.02,0.02,0,7.48
49507,1874,666.8,524.9,-0.00,-0.10,0.10,0,6.30
49509,1874,666.8,524.9,-0.00,-0.10,0.10,0,9.98
49510,1874,666.8,524.9,-0.00,-0.10,0.10,0,12.13
49511,1874,666.8,524.9,-0.00,-0.10,0.10,0,14.48
49543,1875,1404.0,798.0,0.00,0.00,0.00,0,12.03
49543,1876,568.0,1117.0,0.00,0.00,0.00,0,12.03
49544,1875,1404.0,798.0,0.00,0.00,0.00,0,14.06
49544,1876,568.0,1117.3,0.00,0.02,0.02,0,7.48
49544,1877,560.0,1106.0,0.00,0.00,0.00,0,12.01
49545,1875,1404.4,797.6,0.02,-0.02,0.03,0,7.86
49545,1876,566.5,1114.9,-0.11,-0.16,0.19,0,6.29
49547,1875,1404.4,797.6,0.02,-0.02,0.03,0,11.38
49547,1876,566.4,1114.9,-0.11,-0.16,0.19,0,9.79
49548,1875,1404.4,797.6,0.02,-0.02,0.03,0,13.54
49548,1876,566.4,1114.9,-0.11,-0.16,0.19,0,11.95
49549,1875,1404.4,797.6,0.02,-0.02,0.03,0,15.93
49549,1876,566.4,1114.9,-0.11,-0.16,0.19,0,14.34
49586,1878,496.0,725.0,0.00,0.00,0.00,0,12.01
49586,1879,495.0,739.0,0.00,0.00,0.00,0,12.01
49586,1880,967.0,1076.0,0.00,0.00,0.00,0,12.01
49588,1881,503.0,719.0,0.00,0.00,0.00,0,12.01
49588,1882,950.0,1067.0,0.00,0.00,0.00,0,12.01
49589,1881,503.0,719.0,0.00,0.00,0.00,0,14.04
49589,1882,947.7,1065.4,-0.06,-0.04,0.07,0,7.48
49589,1883,935.0,1056.0,0.00,0.00,0.00,0,12.01
49590,1882,944.4,1063.0,-0.28,-0.20,0.34,0,6.31
49590,1881,503.0,719.0,0.00,0.00,0.00,0,16.09
49592,1882,944.4,1062.9,-0.28,-0.20,0.34,0,9.99
49592,1881,503.0,719.0,0.00,0.00,0.00,0,19.99
49593,1882,944.4,1062.9,-0.28,-0.20,0.34,0,12.15
49594,1882,944.3,1062.9,-0.28,-0.20,0.34,0,14.48
49633,1885,1313.0,1181.0,0.00,0.00,0.00,0,12.01
49634,1885,1313.0,1181.0,0.00,0.00,0.00,0,14.03
49635,1885,1313.0,1181.0,0.00,0.00,0.00,0,16.09
49637,1885,1313.0,1181.0,0.00,0.00,0.00,0,19.94
49690,1886,1526.0,729.0,0.00,0.00,0.00,0,12.01
49690,1887,573.0,783.0,0.00,0.00,0.00,0,12.01
49691,1886,1527.6,726.4,0.04,-0.06,0.08,0,7.48
49691,1887,573.0,783.0,0.00,0.00,0.00,0,7.48
49691,1888,579.0,776.0,0.00,0.00,0.00,0,12.01
49692,1886,1528.5,725.0,0.10,-0.16,0.18,0,6.31
49692,1887,574.5,781.5,0.10,-0.10,0.14,0,6.31
49694,1886,1528.5,725.0,0.10,-0.16,0.18,0,9.97
49694,1887,574.6,781.4,0.10,-0.10,0.14,0,9.97
49695,1886,1528.5,724.9,0.10,-0.16,0.18,0,12.14
49695,1887,574.6,781.4,0.10,-0.10,0.14,0,12.14
49696,1886,1528.5,724.9,0.10,-0.16,0.18,0,14.47
49696,1887,574.6,781.4,0.10,-0.10,0.14,0,14.47
49727,1889,1549.0,755.0,0.00,0.00,0.00,0,12.01
49729,1891,1537.0,737.0,0.00,0.00,0.00,0,12.00
49729,1892,1544.0,747.0,0.00,0.00,0.00,0,12.00
49730,1891,1537.3,737.7,0.01,0.01,0.01,0,7.47
49730,1892,1539.4,740.8,-0.08,-0.11,0.13,0,7.47
49731,1891,1535.7,735.7,-0.09,-0.11,0.14,0,6.30
49733,1891,1535.7,735.7,-0.09,-0.11,0.14,0,9.95
49734,1891,1535.7,735.7,-0.09,-0.11,0.14,0,12.13
49735,1891,1535.7,735.7,-0.09,-0.11,0.14,0,14.48
49829,1893,445.0,961.0,0.00,0.00,0.00,0,12.01
49831,1895,436.0,965.0,0.00,0.00,0.00,0,12.01
49831,1896,424.0,965.0,0.00,0.00,0.00,0,12.01
49831,1897,716.0,1056.0,0.00,0.00,0.00,0,12.01
49832,1895,432.4,965.0,-0.09,0.00,0.09,0,7.48
49832,1896,420.1,963.7,-0.10,-0.03,0.11,0,7.48
49832,1897,716.3,1056.3,0.01,0.01,0.01,0,7.48
49832,1898,712.0,1046.0,0.00,0.00,0.00,0,12.01
49833,1895,427.1,964.0,-0.45,-0.07,0.45,0,6.31
49833,1897,715.2,1053.7,-0.07,-0.17,0.18,0,6.31
49835,1895,427.0,964.0,-0.45,-0.07,0.45,0,9.97
49835,1897,715.2,1053.6,-0.07,-0.17,0.18,0,9.97
49836,1895,427.0,964.0,-0.45,-0.07,0.45,0,12.13
49836,1897,715.2,1053.6,-0.07,-0.17,0.18,0,12.13
49837,1895,427.0,963.9,-0.45,-0.07,0.45,0,14.47
49837,1897,715.2,1053.6,-0.07,-0.17,0.18,0,14.47
49869,1899,958.0,1392.0,0.00,0.00,0.00,0,12.04
49870,1899,958.0,1392.0,0.00,0.00,0.00,0,14.08
49871,1899,958.0,1392.0,0.00,0.00,0.00,0,16.16
49873,1899,958.0,1392.0,0.00,0.00,0.00,0,20.20
49914,1900,538.0,1014.0,0.00,0.00,0.00,0,12.01
49915,1900,538.0,1014.0,0.00,0.00,0.00,0,14.04
49916,1900,539.1,1013.6,0.05,-0.02,0.05,0,7.87
49918,1900,539.1,1013.6,0.05,-0.02,0.05,0,11.57
49919,1900,539.1,1013.6,0.05,-0.02,0.05,0,13.69
49920,1900,539.1,1013.6,0.05,-0.02,0.05,0,16.05
49980,1901,1185.0,999.0,0.00,0.00,0.00,0,12.01
49981,1901,1185.0,999.0,0.00,0.00,0.00,0,14.04
49982,1901,1184.6,999.4,-0.02,0.02,0.02,0,7.87
49984,1901,1184.6,999.4,-0.02,0.02,0.02,0,11.58
49985,1901,1184.6,999.4,-0.02,0.02,0.02,0,13.69
49986,1901,1184.6,999.4,-0.02,0.02,0.02,0,16.02
50034,1902,1114.0,617.0,0.00,0.00,0.00,0,12.01
50035,1902,1114.0,617.0,0.00,0.00,0.00,0,14.04
50036,1902,1114.0,617.0,0.00,0.00,0.00,0,16.09
50038,1902,1114.0,617.0,0.00,0.00,0.00,0,19.95
50101,1903,1066.0,1171.0,0.00,0.00,0.00,0,12.01
50102,1903,1066.3,1171.0,0.01,0.00,0.01,0,7.48
50102,1904,1057.0,1166.0,0.00,0.00,0.00,0,12.01
50103,1903,1064.2,1170.0,-0.13,-0.07,0.15,0,6.31
50105,1903,1064.1,1170.0,-0.13,-0.07,0.15,0,9.95
50106,1903,1064.1,1170.0,-0.13,-0.07,0.15,0,12.14
50107,1903,1064.1,1169.9,-0.13,-0.07,0.15,0,14.47
50151,1905,783.0,1028.0,0.00,0.00,0.00,0,12.01
50152,1905,783.3,1027.7,0.01,-0.01,0.01,0,7.48
50152,1906,778.0,1037.0,0.00,0.00,0.00,0,12.01
50153,1905,782.2,1030.1,-0.07,0.15,0.17,0,6.31
50153,1906,776.7,1039.9,-0.03,0.08,0.08,0,7.48
50155,1905,782.2,1030.1,-0.07,0.15,0.17,0,9.96
50155,1906,776.7,1040.0,-0.03,0.08,0.08,0,10.86
50156,1905,782.2,1030.1,-0.07,0.15,0.17,0,12.13
50156,1906,776.7,1040.0,-0.03,0.08,0.08,0,13.01
50157,1905,782.2,1030.1,-0.07,0.15,0.17,0,14.54
50157,1906,776.7,1040.0,-0.03,0.08,0.08,0,15.35
50195,1907,1216.0,594.0,0.00,0.00,0.00,0,12.01
50197,1909,1210.0,604.0,0.00,0.00,0.00,0,12.01
50198,1909,1210.0,604.0,0.00,0.00,0.00,0,14.04
50199,1909,1209.6,603.3,-0.02,-0.03,0.04,0,7.87
50201,1909,1209.6,603.3,-0.02,-0.03,0.04,0,11.53
50202,1909,1209.6,603.3,-0.02,-0.03,0.04,0,13.69
50203,1909,1209.6,603.3,-0.02,-0.03,0.04,0,16.09
50259,1910,1546.0,757.0,0.00,0.00,0.00,0,12.01
50260,1910,1544.7,757.3,-0.03,0.01,0.03,0,7.47
50261,1910,1543.2,757.2,-0.12,0.00,0.12,0,6.31
50263,1910,1543.2,757.2,-0.12,0.00,0.12,0,9.98
50264,1910,1543.2,757.2,-0.12,0.00,0.12,0,12.14
50265,1910,1543.2,757.2,-0.12,0.00,0.12,0,14.51
50307,1911,558.0,673.0,0.00,0.00,0.00,0,12.01
50308,1911,559.6,672.7,0.04,-0.01,0.04,0,7.48
50309,1911,559.6,672.7,0.04,-0.01,0.04,0,9.52
50311,1911,559.7,672.7,0.04,-0.01,0.04,0,13.31
50312,1911,559.7,672.7,0.04,-0.01,0.04,0,15.46
50346,1912,1063.0,1273.0,0.00,0.00,0.00,0,12.01
50347,1912,1063.0,1273.0,0.00,0.00,0.00,0,14.03
50348,1912,1063.0,1273.0,0.00,0.00,0.00,0,16.08
50350,1912,1063.0,1273.0,0.00,0.00,0.00,0,19.95
50494,1913,1449.0,877.0,0.00,0.00,0.00,0,12.01
50495,1913,1449.0,877.0,0.00,0.00,0.00,0,14.04
50496,1913,1449.0,877.0,0.00,0.00,0.00,0,16.09
50498,1913,1449.0,877.0,0.00,0.00,0.00,0,19.99
50531,1914,1140.0,711.0,0.00,0.00,0.00,0,12.01
50532,1914,1140.0,711.0,0.00,0.00,0.00,0,14.04
50533,1914,1140.0,711.0,0.00,0.00,0.00,0,16.09
50535,1914,1140.0,711.0,0.00,0.00,0.00,0,20.00
50570,1915,972.0,506.0,0.00,0.00,0.00,0,12.01
50570,1916,978.0,511.0,0.00,0.00,0.00,0,12.01
50572,1917,965.0,501.0,0.00,0.00,0.00,0,12.01
50573,1917,965.0,501.0,0.00,0.00,0.00,0,14.04
50574,1917,965.0,501.0,0.00,0.00,0.00,0,16.08
50576,1917,965.0,501.0,0.00,0.00,0.00,0,19.93
50613,1918,1290.0,776.0,0.00,0.00,0.00,0,12.01
50614,1918,1290.0,776.0,0.00,0.00,0.00,0,14.02
50614,1919,1451.0,1082.0,0.00,0.00,0.00,0,12.00
50615,1918,1290.0,776.0,0.00,0.00,0.00,0,16.04
50615,1919,1451.0,1082.0,0.00,0.00,0.00,0,14.01
50617,1918,1290.0,776.0,0.00,0.00,0.00,0,19.65
50617,1919,1451.0,1082.0,0.00,0.00,0.00,0,17.29
50618,1919,1451.0,1082.0,0.00,0.00,0.00,0,19.50
50711,1920,1319.0,670.0,0.00,0.00,0.00,0,12.01
50714,1922,1309.0,660.0,0.00,0.00,0.00,0,12.01
50715,1922,1309.0,660.0,0.00,0.00,0.00,0,14.04
50716,1922,1309.0,660.0,0.00,0.00,0.00,0,16.09
50718,1922,1309.0,660.0,0.00,0.00,0.00,0,19.95
50763,1923,1549.0,785.0,0.00,0.00,0.00,0,12.01
50764,1923,1549.0,785.0,0.00,0.00,0.00,0,7.47
50764,1924,1545.0,789.0,0.00,0.00,0.00,0,12.01
50765,1923,1547.7,786.3,-0.08,0.08,0.12,0,6.31
50765,1924,1545.0,789.0,0.00,0.00,0.00,0,14.04
50767,1923,1547.7,786.3,-0.08,0.08,0.12,0,10.00
50767,1924,1545.0,789.0,0.00,0.00,0.00,0,17.54
50768,1923,1547.7,786.3,-0.08,0.08,0.12,0,12.13
50768,1924,1545.0,789.0,0.00,0.00,0.00,0,19.66
50769,1923,1547.7,786.3,-0.08,0.08,0.12,0,14.55
50952,1925,1316.0,1131.0,0.00,0.00,0.00,0,12.01
50953,1925,1316.0,1131.0,0.00,0.00,0.00,0,14.04
50954,1925,1316.0,1131.0,0.00,0.00,0.00,0,16.09
50956,1925,1316.0,1131.0,0.00,0.00,0.00,0,19.97
51051,1926,1048.0,735.0,0.00,0.00,0.00,0,12.01
51052,1926,1048.0,735.0,0.00,0.00,0.00,0,7.48
51053,1926,1048.0,735.0,0.00,0.00,0.00,0,9.52
51055,1926,1048.0,735.0,0.00,0.00,0.00,0,13.29
51056,1926,1048.0,735.0,0.00,0.00,0.00,0,15.46
51126,1927,1183.0,426.0,0.00,0.00,0.00,0,12.01
51127,1927,1178.7,426.0,-0.11,0.00,0.11,0,7.48
51128,1927,1176.7,426.3,-0.24,0.02,0.24,0,6.31
51128,1928,1157.0,425.0,0.00,0.00,0.00,0,12.01
51130,1927,1176.7,426.3,-0.24,0.02,0.24,0,9.98
51130,1928,1157.0,425.0,0.00,0.00,0.00,0,15.14
51131,1927,1176.7,426.3,-0.24,0.02,0.24,0,12.15
51131,1928,1157.0,425.0,0.00,0.00,0.00,0,17.26
51132,1927,1176.7,426.3,-0.24,0.02,0.24,0,14.48
51132,1928,1157.0,425.0,0.00,0.00,0.00,0,19.49
51163,1929,1161.0,615.0,0.00,0.00,0.00,0,12.01
51163,1930,1149.0,622.0,0.00,0.00,0.00,0,12.01
51164,1929,1157.4,617.3,-0.09,0.06,0.11,0,7.51
51164,1930,1149.0,622.0,0.00,0.00,0.00,0,14.08
51165,1929,1157.4,617.3,-0.09,0.06,0.11,0,9.55
51167,1929,1157.4,617.3,-0.09,0.06,0.11,0,13.38
51168,1929,1157.4,617.3,-0.09,0.06,0.11,0,15.41
51200,1931,789.0,747.0,0.00,0.00,0.00,0,12.01
51200,1932,797.0,753.0,0.00,0.00,0.00,0,12.01
51202,1933,779.0,734.0,0.00,0.00,0.00,0,12.01
51202,1934,784.0,742.0,0.00,0.00,0.00,0,12.01
51203,1933,779.3,734.3,0.01,0.01,0.01,0,7.47
51203,1934,781.1,737.1,-0.07,-0.12,0.14,0,7.47
51203,1935,1082.0,1132.0,0.00,0.00,0.00,0,12.01
51204,1933,778.5,733.0,-0.04,-0.08,0.09,0,6.30
51206,1933,778.5,732.9,-0.04,-0.08,0.09,0,9.95
51207,1933,778.5,732.9,-0.04,-0.08,0.09,0,12.11
51208,1933,778.5,732.9,-0.04,-0.08,0.09,0,14.46
51290,1937,1322.0,1078.0,0.00,0.00,0.00,0,12.01
51292,1939,1322.0,1065.0,0.00,0.00,0.00,0,12.01
51292,1940,1321.0,1073.0,0.00,0.00,0.00,0,12.01
51293,1939,1322.0,1065.3,0.00,0.01,0.01,0,7.48
51293,1940,1321.0,1068.4,0.00,-0.12,0.12,0,7.48
51294,1939,1322.0,1064.0,0.00,-0.08,0.08,0,6.31
51296,1939,1322.0,1063.9,0.00,-0.08,0.08,0,9.97
51297,1939,1322.0,1063.9,0.00,-0.08,0.08,0,12.14
51298,1939,1322.0,1063.9,0.00,-0.08,0.08,0,14.47
51368,1941,920.0,1321.0,0.00,0.00,0.00,0,12.01
51369,1941,920.3,1321.0,0.01,0.00,0.01,0,7.48
51370,1941,916.9,1320.5,-0.22,-0.03,0.22,0,6.31
51372,1941,916.8,1320.5,-0.22,-0.03,0.22,0,9.97
51373,1941,916.8,1320.5,-0.22,-0.03,0.22,0,12.13
51374,1941,916.8,1320.5,-0.22,-0.03,0.22,0,14.48
51405,1942,695.0,591.0,0.00,0.00,0.00,0,12.01
51406,1942,695.0,591.0,0.00,0.00,0.00,0,14.09
51407,1942,695.0,591.0,0.00,0.00,0.00,0,16.15
51409,1942,695.0,591.0,0.00,0.00,0.00,0,20.17
51499,1943,1282.0,1257.0,0.00,0.00,0.00,0,12.01
51500,1943,1282.7,1257.3,0.02,0.01,0.02,0,7.47
51501,1943,1282.7,1257.3,0.02,0.01,0.02,0,9.52
51503,1943,1282.7,1257.3,0.02,0.01,0.02,0,13.31
51504,1943,1282.7,1257.3,0.02,0.01,0.02,0,15.46
51546,1944,1224.0,1117.0,0.00,0.00,0.00,0,12.01
51547,1944,1225.6,1115.0,0.04,-0.05,0.07,0,7.47
51548,1944,1225.6,1115.0,0.04,-0.05,0.07,0,9.52
51550,1944,1225.7,1115.0,0.04,-0.05,0.07,0,13.28
51551,1944,1225.7,1115.0,0.04,-0.05,0.07,0,15.46
51652,1945,792.0,750.0,0.00,0.00,0.00,0,12.01
51653,1945,791.7,750.3,-0.01,0.01,0.01,0,7.48
51654,1945,792.0,749.7,0.01,-0.03,0.03,0,6.31
51656,1945,792.0,749.7,0.01,-0.03,0.03,0,9.99
51657,1945,792.0,749.7,0.01,-0.03,0.03,0,12.12
51658,1945,792.0,749.7,0.01,-0.03,0.03,0,14.53
51689,1947,940.0,767.0,0.00,0.00,0.00,0,12.01
51689,1948,934.0,771.0,0.00,0.00,0.00,0,12.01
51691,1949,945.0,767.0,0.00,0.00,0.00,0,12.01
51691,1950,952.0,771.0,0.00,0.00,0.00,0,12.01
51692,1949,946.6,768.0,0.03,0.02,0.04,0,7.47
51692,1950,953.6,772.3,0.03,0.03,0.04,0,7.47
51693,1949,949.0,769.5,0.18,0.12,0.22,0,6.30
51695,1949,949.1,769.6,0.18,0.12,0.22,0,9.93
51696,1949,949.1,769.6,0.18,0.12,0.22,0,12.12
51697,1949,949.1,769.6,0.18,0.12,0.22,0,14.46
51733,1951,592.0,1220.0,0.00,0.00,0.00,0,12.01
51734,1951,592.0,1220.3,0.00,0.01,0.01,0,7.48
51734,1952,595.0,1212.0,0.00,0.00,0.00,0,12.01
51735,1951,592.8,1218.4,0.05,-0.12,0.13,0,6.31
51737,1951,592.8,1218.4,0.05,-0.12,0.13,0,9.99
51738,1951,592.8,1218.4,0.05,-0.12,0.13,0,12.14
51739,1951,592.8,1218.4,0.05,-0.12,0.13,0,14.49
51777,1954,1181.0,1221.0,0.00,0.00,0.00,0,12.01
51778,1954,1181.0,1221.0,0.00,0.00,0.00,0,14.04
51779,1954,1181.0,1221.0,0.00,0.00,0.00,0,16.09
51781,1954,1181.0,1221.0,0.00,0.00,0.00,0,19.96
51850,1955,1158.0,1187.0,0.00,0.00,0.00,0,12.01
51851,1955,1158.3,1187.0,0.01,0.00,0.01,0,7.47
51851,1956,1148.0,1184.0,0.00,0.00,0.00,0,12.01
51852,1955,1155.9,1186.2,-0.15,-0.05,0.15,0,6.31
51854,1955,1155.9,1186.2,-0.15,-0.05,0.15,0,9.96
51855,1955,1155.9,1186.2,-0.15,-0.05,0.15,0,12.13
51856,1955,1155.9,1186.2,-0.15,-0.05,0.15,0,14.53
51887,1957,1029.0,1313.0,0.00,0.00,0.00,0,12.01
51887,1958,1017.0,1314.0,0.00,0.00,0.00,0,12.01
51905,1959,1356.0,622.0,0.00,0.00,0.00,0,12.01
51907,1961,1346.0,620.0,0.00,0.00,0.00,0,12.01
51908,1961,1346.0,620.0,0.00,0.00,0.00,0,14.04
51909,1961,1346.0,620.0,0.00,0.00,0.00,0,16.09
51911,1961,1346.0,620.0,0.00,0.00,0.00,0,19.96
52204,1962,671.0,405.0,0.00,0.00,0.00,0,12.01
52205,1962,669.0,401.7,-0.05,-0.08,0.09,0,7.47
52205,1963,659.0,394.0,0.00,0.00,0.00,0,12.01
52206,1962,665.4,399.7,-0.28,-0.21,0.35,0,6.31
52208,1962,665.3,399.7,-0.28,-0.21,0.35,0,9.99
52209,1962,665.3,399.7,-0.28,-0.21,0.35,0,12.12
52210,1962,665.3,399.7,-0.28,-0.21,0.35,0,14.47
52241,1964,907.0,1193.0,0.00,0.00,0.00,0,12.01
52243,1966,903.0,1186.0,0.00,0.00,0.00,0,12.01
52243,1967,905.0,1191.0,0.00,0.00,0.00,0,12.01
52244,1966,903.0,1186.3,0.00,0.01,0.01,0,7.46
52244,1967,904.0,1188.1,-0.02,-0.06,0.06,0,7.46
52245,1966,902.5,1184.2,-0.02,-0.08,0.09,0,6.29
52247,1966,902.5,1184.2,-0.02,-0.08,0.09,0,9.91
52248,1966,902.5,1184.2,-0.02,-0.08,0.09,0,12.04
52249,1966,902.5,1184.2,-0.02,-0.08,0.09,0,14.38
52281,1968,1055.0,1041.0,0.00,0.00,0.00,0,12.04
52282,1968,1055.3,1041.7,0.02,0.03,0.04,0,7.49
52282,1969,1061.0,1047.0,0.00,0.00,0.00,0,12.01
52283,1968,1056.8,1042.8,0.13,0.12,0.18,0,6.31
52283,1969,1061.0,1047.0,0.00,0.00,0.00,0,14.03
52285,1968,1056.8,1042.8,0.13,0.12,0.18,0,10.01
52285,1969,1061.0,1047.0,0.00,0.00,0.00,0,17.50
52286,1968,1056.8,1042.8,0.13,0.12,0.18,0,12.18
52286,1969,1061.0,1047.0,0.00,0.00,0.00,0,19.65
52287,1968,1056.8,1042.8,0.13,0.12,0.18,0,14.60
52339,1970,987.0,1065.0,0.00,0.00,0.00,0,12.01
52340,1970,987.0,1065.0,0.00,0.00,0.00,0,7.47
52340,1971,978.0,1057.0,0.00,0.00,0.00,0,12.01
52341,1970,984.9,1063.2,-0.13,-0.12,0.18,0,6.31
52343,1970,984.9,1063.2,-0.13,-0.12,0.18,0,9.94
52344,1970,984.9,1063.2,-0.13,-0.12,0.18,0,12.14
52345,1970,984.9,1063.2,-0.13,-0.12,0.18,0,14.55
52376,1972,1275.0,738.0,0.00,0.00,0.00,0,12.01
52377,1972,1275.0,738.0,0.00,0.00,0.00,0,14.04
52378,1972,1275.0,738.0,0.00,0.00,0.00,0,16.09
52380,1972,1275.0,738.0,0.00,0.00,0.00,0,20.00
52418,1973,1194.0,311.0,0.00,0.00,0.00,0,12.01
52420,1976,1178.0,310.0,0.00,0.00,0.00,0,12.01
52420,1977,1187.0,309.0,0.00,0.00,0.00,0,12.01
52421,1976,1178.3,309.7,0.01,-0.01,0.01,0,7.48
52421,1977,1181.8,311.0,-0.12,0.05,0.13,0,7.48
52422,1976,1178.3,309.7,0.01,-0.01,0.01,0,9.52
52424,1976,1178.3,309.7,0.01,-0.01,0.01,0,13.29
52425,1976,1178.3,309.7,0.01,-0.01,0.01,0,15.48
52462,1978,855.0,1297.0,0.00,0.00,0.00,0,12.00
52463,1978,858.3,1299.3,0.05,0.03,0.06,0,7.47
52464,1978,862.3,1302.0,0.27,0.18,0.33,0,6.30
52466,1978,862.4,1302.1,0.27,0.18,0.33,0,9.95
52467,1978,862.4,1302.1,0.27,0.18,0.33,0,12.12
52468,1978,862.4,1302.1,0.27,0.18,0.33,0,14.45
52514,1979,430.0,954.0,0.00,0.00,0.00,0,12.01
52515,1979,430.3,957.9,0.01,0.10,0.10,0,7.48
52516,1979,430.3,957.9,0.01,0.10,0.10,0,9.52
52518,1979,430.3,958.0,0.01,0.10,0.10,0,13.37
52519,1979,430.3,958.0,0.01,0.10,0.10,0,15.48
52577,1980,392.0,864.0,0.00,0.00,0.00,0,12.01
52578,1980,392.0,864.0,0.00,0.00,0.00,0,14.04
52579,1980,387.4,865.4,-0.21,0.07,0.22,0,7.87
52581,1980,387.4,865.4,-0.21,0.07,0.22,0,11.48
52582,1980,387.4,865.4,-0.21,0.07,0.22,0,13.69
52583,1980,387.4,865.4,-0.21,0.07,0.22,0,16.03
52627,1981,854.0,1068.0,0.00,0.00,0.00,0,12.01
52627,1982,861.0,1074.0,0.00,0.00,0.00,0,12.01
52628,1981,856.3,1070.0,0.06,0.05,0.07,0,7.48
52628,1982,861.0,1074.0,0.00,0.00,0.00,0,14.04
52629,1981,860.6,1073.8,0.34,0.31,0.46,0,6.31
52631,1981,860.7,1073.9,0.34,0.31,0.46,0,9.99
52632,1981,860.7,1073.9,0.34,0.31,0.46,0,12.14
52633,1981,860.7,1073.9,0.34,0.31,0.46,0,14.50
52664,1983,1085.0,723.0,0.00,0.00,0.00,0,12.01
52664,1984,1447.0,731.0,0.00,0.00,0.00,0,12.01
52664,1985,1088.0,734.0,0.00,0.00,0.00,0,12.01
52664,1986,1454.0,738.0,0.00,0.00,0.00,0,12.01
52666,1988,1080.0,710.0,0.00,0.00,0.00,0,12.01
52666,1989,1438.0,723.0,0.00,0.00,0.00,0,12.01
52667,1988,1080.0,710.0,0.00,0.00,0.00,0,14.03
52667,1989,1437.3,722.3,-0.01,-0.01,0.02,0,7.47
52667,1990,1431.0,715.0,0.00,0.00,0.00,0,12.01
52668,1989,1436.0,721.0,-0.10,-0.10,0.14,0,6.30
52668,1988,1080.0,710.0,0.00,0.00,0.00,0,16.08
52670,1989,1435.9,720.9,-0.10,-0.10,0.14,0,9.97
52670,1988,1080.0,710.0,0.00,0.00,0.00,0,19.94
52671,1989,1435.9,720.9,-0.10,-0.10,0.14,0,12.12
52672,1989,1435.9,720.9,-0.10,-0.10,0.14,0,14.47
52827,1991,1323.0,1019.0,0.00,0.00,0.00,0,12.01
52828,1991,1322.3,1019.3,-0.02,0.01,0.02,0,7.47
52829,1991,1321.7,1020.0,-0.06,0.05,0.08,0,6.31
52829,1992,1313.0,1025.0,0.00,0.00,0.00,0,12.01
52831,1991,1321.7,1020.0,-0.06,0.05,0.08,0,9.98
52831,1992,1313.0,1025.0,0.00,0.00,0.00,0,15.14
52832,1991,1321.7,1020.0,-0.06,0.05,0.08,0,12.13
52832,1992,1313.0,1025.0,0.00,0.00,0.00,0,17.24
52833,1991,1321.7,1020.0,-0.06,0.05,0.08,0,14.53
52833,1992,1313.0,1025.0,0.00,0.00,0.00,0,19.53
52990,1993,772.0,1296.0,0.00,0.00,0.00,0,12.01
52991,1993,772.3,1296.3,0.01,0.01,0.01,0,7.47
52992,1993,769.4,1295.2,-0.18,-0.06,0.19,0,6.31
52994,1993,769.4,1295.2,-0.18,-0.06,0.19,0,9.96
52995,1993,769.4,1295.2,-0.18,-0.06,0.19,0,12.14
52996,1993,769.4,1295.2,-0.18,-0.06,0.19,0,14.55
53085,1994,1168.0,496.0,0.00,0.00,0.00,0,12.01
53086,1994,1168.0,496.0,0.00,0.00,0.00,0,14.04
53087,1994,1168.0,496.0,0.00,0.00,0.00,0,16.09
53089,1994,1168.0,496.0,0.00,0.00,0.00,0,20.03
53136,1995,797.0,686.0,0.00,0.00,0.00,0,12.01
53137,1995,795.0,688.0,-0.05,0.05,0.07,0,7.47
53138,1995,794.0,688.5,-0.12,0.08,0.15,0,6.31
53138,1996,786.0,697.0,0.00,0.00,0.00,0,12.01
53140,1995,794.0,688.5,-0.12,0.08,0.15,0,9.94
53140,1996,786.0,697.0,0.00,0.00,0.00,0,15.11
53141,1995,794.0,688.5,-0.12,0.08,0.15,0,12.14
53141,1996,786.0,697.0,0.00,0.00,0.00,0,17.25
53142,1995,794.0,688.5,-0.12,0.08,0.15,0,14.48
53142,1996,786.0,697.0,0.00,0.00,0.00,0,19.50
53217,1997,482.0,578.0,0.00,0.00,0.00,0,12.01
53218,1997,482.7,578.3,0.02,0.01,0.02,0,7.47
53219,1997,481.5,577.5,-0.06,-0.05,0.08,0,6.31
53219,1998,468.0,574.0,0.00,0.00,0.00,0,12.01
53221,1997,481.4,577.5,-0.06,-0.05,0.08,0,9.94
53221,1998,468.0,574.0,0.00,0.00,0.00,0,15.11
53222,1997,481.4,577.5,-0.06,-0.05,0.08,0,12.14
53222,1998,468.0,574.0,0.00,0.00,0.00,0,17.26
53223,1997,481.4,577.5,-0.06,-0.05,0.08,0,14.49
53223,1998,468.0,574.0,0.00,0.00,0.00,0,19.50
53264,1999,707.0,1013.0,0.00,0.00,0.00,0,12.01
53266,2001,701.0,1020.0,0.00,0.00,0.00,0,12.01
53266,2002,692.0,1026.0,0.00,0.00,0.00,0,12.01
53267,2001,698.4,1021.6,-0.06,0.04,0.08,0,7.48
53267,2002,689.4,1027.3,-0.06,0.03,0.07,0,7.48
53268,2001,694.9,1023.8,-0.29,0.18,0.34,0,6.31
53270,2001,694.9,1023.8,-0.29,0.18,0.34,0,10.01
53271,2001,694.9,1023.8,-0.29,0.18,0.34,0,12.13
53272,2001,694.8,1023.9,-0.29,0.18,0.34,0,14.55
53462,2003,1226.0,1229.0,0.00,0.00,0.00,0,12.01
53463,2003,1226.0,1229.0,0.00,0.00,0.00,0,14.04
53464,2003,1226.0,1229.0,0.00,0.00,0.00,0,16.09
53466,2003,1226.0,1229.0,0.00,0.00,0.00,0,19.99
53506,2004,1205.0,1239.0,0.00,0.00,0.00,0,12.01
53507,2004,1205.3,1239.0,0.01,0.00,0.01,0,7.48
53508,2004,1205.3,1239.0,0.01,0.00,0.01,0,9.52
53510,2004,1205.3,1239.0,0.01,0.00,0.01,0,13.27
53511,2004,1205.3,1239.0,0.01,0.00,0.01,0,15.46
53557,2005,638.0,1259.0,0.00,0.00,0.00,0,12.01
53558,2005,638.0,1259.0,0.00,0.00,0.00,0,14.04
53559,2005,638.0,1259.0,0.00,0.00,0.00,0,16.09
53561,2005,638.0,1259.0,0.00,0.00,0.00,0,19.95
53594,2006,962.0,1110.0,0.00,0.00,0.00,0,12.01
53595,2006,962.0,1110.0,0.00,0.00,0.00,0,14.04
53596,2006,962.0,1110.0,0.00,0.00,0.00,0,16.09
53598,2006,962.0,1110.0,0.00,0.00,0.00,0,19.96
53631,2007,1115.0,1100.0,0.00,0.00,0.00,0,12.01
53632,2007,1115.0,1100.0,0.00,0.00,0.00,0,14.09
53632,2008,1306.0,897.0,0.00,0.00,0.00,0,12.04
53633,2007,1115.0,1100.0,0.00,0.00,0.00,0,16.15
53633,2008,1305.7,900.0,-0.02,0.15,0.15,0,7.48
53635,2007,1115.0,1100.0,0.00,0.00,0.00,0,20.17
53635,2008,1305.7,900.0,-0.02,0.15,0.15,0,10.90
53636,2008,1305.7,900.0,-0.02,0.15,0.15,0,13.09
53637,2008,1305.7,900.0,-0.02,0.15,0.15,0,15.39
53668,2009,1084.0,968.0,0.00,0.00,0.00,0,12.01
53668,2010,1289.0,1259.0,0.00,0.00,0.00,0,12.01
53669,2009,1083.7,969.0,-0.01,0.02,0.03,0,7.52
53669,2010,1288.7,1261.6,-0.01,0.07,0.07,0,7.52
53670,2009,1083.0,970.3,-0.09,0.17,0.20,0,6.33
53670,2010,1288.7,1261.6,-0.01,0.07,0.07,0,9.58
53672,2009,1083.0,970.3,-0.09,0.17,0.20,0,10.07
53672,2010,1288.7,1261.6,-0.01,0.07,0.07,0,13.53
53673,2009,1083.0,970.3,-0.09,0.17,0.20,0,12.26
53673,2010,1288.7,1261.6,-0.01,0.07,0.07,0,15.73
53674,2009,1083.0,970.3,-0.09,0.17,0.20,0,14.61
53705,2012,1326.0,1103.0,0.00,0.00,0.00,0,12.01
53708,2014,798.0,937.0,0.00,0.00,0.00,0,12.01
53708,2015,786.0,946.0,0.00,0.00,0.00,0,12.01
53716,2016,1175.0,1190.0,0.00,0.00,0.00,0,12.01
53717,2016,1175.7,1189.7,0.02,-0.01,0.02,0,7.47
53717,2017,1166.0,1196.0,0.00,0.00,0.00,0,12.01
53718,2016,1173.4,1191.0,-0.13,0.08,0.15,0,6.31
53720,2016,1173.4,1191.1,-0.13,0.08,0.15,0,9.96
53721,2016,1173.4,1191.1,-0.13,0.08,0.15,0,12.12
53722,2016,1173.4,1191.1,-0.13,0.08,0.15,0,14.46
53894,2018,1538.0,652.0,0.00,0.00,0.00,0,12.01
53896,2020,1533.0,666.0,0.00,0.00,0.00,0,12.01
53897,2020,1533.0,665.7,0.00,-0.01,0.01,0,7.48
53897,2021,1529.0,672.0,0.00,0.00,0.00,0,12.01
53898,2020,1531.2,668.6,-0.12,0.19,0.22,0,6.31
53900,2020,1531.2,668.6,-0.12,0.19,0.22,0,10.02
53901,2020,1531.2,668.6,-0.12,0.19,0.22,0,12.12
53902,2020,1531.2,668.6,-0.12,0.19,0.22,0,14.47
53933,2022,1016.0,749.0,0.00,0.00,0.00,0,12.01
53933,2023,1024.0,761.0,0.00,0.00,0.00,0,12.01
53933,2024,1319.0,1046.0,0.00,0.00,0.00,0,12.01
53948,2025,632.0,1147.0,0.00,0.00,0.00,0,12.01
53950,2027,621.0,1150.0,0.00,0.00,0.00,0,12.01
53951,2027,613.5,1152.6,-0.20,0.07,0.21,0,7.48
53952,2027,609.7,1154.0,-0.44,0.16,0.47,0,6.30
53954,2027,609.6,1154.1,-0.44,0.16,0.47,0,9.96
53955,2027,609.6,1154.1,-0.44,0.16,0.47,0,12.12
53956,2027,609.6,1154.1,-0.44,0.16,0.47,0,14.46
54046,2029,1101.0,1203.0,0.00,0.00,0.00,0,12.01
54047,2029,1099.4,1199.7,-0.04,-0.08,0.09,0,7.48
54048,2029,1098.8,1198.5,-0.08,-0.16,0.18,0,6.31
54050,2029,1098.7,1198.5,-0.08,-0.16,0.18,0,9.97
54051,2029,1098.7,1198.5,-0.08,-0.16,0.18,0,12.13
54052,2029,1098.7,1198.5,-0.08,-0.16,0.18,0,14.47
54131,2031,750.0,894.0,0.00,0.00,0.00,0,12.01
54132,2031,751.6,893.3,0.04,-0.02,0.04,0,7.48
54133,2031,753.8,892.5,0.18,-0.07,0.20,0,6.31
54135,2031,753.8,892.5,0.18,-0.07,0.20,0,9.97
54136,2031,753.8,892.5,0.18,-0.07,0.20,0,12.12
54137,2031,753.8,892.5,0.18,-0.07,0.20,0,14.47
54237,2032,1284.0,954.0,0.00,0.00,0.00,0,12.01
54238,2032,1284.0,954.7,0.00,0.02,0.02,0,7.47
54238,2033,1288.0,946.0,0.00,0.00,0.00,0,12.01
54239,2032,1285.0,952.4,0.07,-0.13,0.14,0,6.31
54239,2033,1288.0,946.0,0.00,0.00,0.00,0,14.04
54241,2032,1285.0,952.4,0.07,-0.13,0.14,0,9.98
54241,2033,1288.0,946.0,0.00,0.00,0.00,0,17.53
54242,2032,1285.0,952.4,0.07,-0.13,0.14,0,12.13
54242,2033,1288.0,946.0,0.00,0.00,0.00,0,19.66
54243,2032,1285.1,952.4,0.07,-0.13,0.14,0,14.47
54388,2034,1408.0,1055.0,0.00,0.00,0.00,0,12.01
54389,2034,1407.0,1055.7,-0.02,0.02,0.03,0,7.48
54389,2035,1419.0,1051.0,0.00,0.00,0.00,0,12.01
54390,2034,1409.1,1054.7,0.11,-0.05,0.12,0,6.31
54392,2034,1409.1,1054.7,0.11,-0.05,0.12,0,9.95
54393,2034,1409.1,1054.7,0.11,-0.05,0.12,0,12.13
54394,2034,1409.1,1054.7,0.11,-0.05,0.12,0,14.48
54428,2038,1211.0,762.0,0.00,0.00,0.00,0,12.01
54429,2038,1211.0,762.0,0.00,0.00,0.00,0,14.03
54430,2038,1205.0,763.4,-0.26,0.06,0.26,0,7.87
54432,2038,1205.0,763.4,-0.26,0.06,0.26,0,11.51
54433,2038,1205.0,763.4,-0.26,0.06,0.26,0,13.66
54434,2038,1205.0,763.4,-0.26,0.06,0.26,0,16.01
54506,2039,1372.0,1077.0,0.00,0.00,0.00,0,12.01
54507,2039,1370.7,1078.6,-0.03,0.04,0.05,0,7.47
54508,2039,1369.5,1079.8,-0.11,0.11,0.16,0,6.31
54510,2039,1369.5,1079.8,-0.11,0.11,0.16,0,9.97
54511,2039,1369.5,1079.8,-0.11,0.11,0.16,0,12.13
54512,2039,1369.4,1079.8,-0.11,0.11,0.16,0,14.47
54546,2040,535.0,692.0,0.00,0.00,0.00,0,12.01
54547,2040,534.3,691.0,-0.01,-0.02,0.03,0,7.47
54548,2040,534.0,690.8,-0.04,-0.04,0.05,0,6.31
54550,2040,534.0,690.7,-0.04,-0.04,0.05,0,9.97
54551,2040,534.0,690.7,-0.04,-0.04,0.05,0,12.13
54552,2040,534.0,690.7,-0.04,-0.04,0.05,0,14.53
54583,2041,1175.0,1163.0,0.00,0.00,0.00,0,12.01
54583,2042,1185.0,1166.0,0.00,0.00,0.00,0,12.01
54584,2041,1175.3,1163.0,0.01,0.00,0.01,0,7.48
54584,2042,1185.0,1166.0,0.00,0.00,0.00,0,14.04
54585,2041,1172.4,1164.3,-0.20,0.09,0.23,0,6.30
54587,2041,1172.4,1164.3,-0.20,0.09,0.23,0,9.97
54588,2041,1172.4,1164.3,-0.20,0.09,0.23,0,12.11
54589,2041,1172.3,1164.3,-0.20,0.09,0.23,0,14.51
54622,2043,778.0,334.0,0.00,0.00,0.00,0,12.01
54623,2043,778.0,334.0,0.00,0.00,0.00,0,14.03
54624,2043,778.0,334.0,0.00,0.00,0.00,0,16.08
54626,2043,778.0,334.0,0.00,0.00,0.00,0,19.92
54664,2044,1092.0,1291.0,0.00,0.00,0.00,0,12.01
54665,2044,1090.0,1291.3,-0.05,0.01,0.05,0,7.48
54666,2044,1090.0,1291.3,-0.05,0.01,0.05,0,9.52
54668,2044,1090.0,1291.3,-0.05,0.01,0.05,0,13.33
54669,2044,1090.0,1291.3,-0.05,0.01,0.05,0,15.46
54709,2047,1041.0,685.0,0.00,0.00,0.00,0,12.01
54710,2047,1041.0,685.0,0.00,0.00,0.00,0,14.04
54711,2047,1041.0,685.0,0.00,0.00,0.00,0,16.09
54713,2047,1041.0,685.0,0.00,0.00,0.00,0,19.97
54811,2048,909.0,1369.0,0.00,0.00,0.00,0,12.01
54812,2048,911.0,1367.7,0.05,-0.03,0.06,0,7.48
54813,2048,911.0,1367.7,0.05,-0.03,0.06,0,9.52
54815,2048,911.0,1367.7,0.05,-0.03,0.06,0,13.30
54816,2048,911.0,1367.7,0.05,-0.03,0.06,0,15.47
54876,2049,614.0,1169.0,0.00,0.00,0.00,0,12.01
54877,2049,614.3,1169.0,0.01,0.00,0.01,0,7.47
54878,2049,614.3,1169.0,0.01,0.00,0.01,0,9.52
54880,2049,614.3,1169.0,0.01,0.00,0.01,0,13.31
54881,2049,614.3,1169.0,0.01,0.00,0.01,0,15.46
54973,2050,1215.0,1138.0,0.00,0.00,0.00,0,12.04
54974,2050,1211.7,1140.6,-0.18,0.14,0.23,0,7.49
54975,2050,1207.9,1143.8,-0.48,0.39,0.62,0,6.31
54977,2050,1207.8,1143.9,-0.48,0.39,0.62,0,10.04
54978,2050,1207.8,1143.9,-0.48,0.39,0.62,0,12.16
54979,2050,1207.8,1143.9,-0.48,0.39,0.62,0,14.56
55014,2051,1400.0,1162.0,0.00,0.00,0.00,0,12.01
55015,2051,1400.0,1162.0,0.00,0.00,0.00,0,14.04
55016,2051,1400.0,1162.0,0.00,0.00,0.00,0,16.09
55016,2052,557.0,1163.0,0.00,0.00,0.00,0,12.01
55018,2051,1400.0,1162.0,0.00,0.00,0.00,0,19.94
55018,2052,557.0,1163.0,0.00,0.00,0.00,0,15.11
55019,2052,557.0,1163.0,0.00,0.00,0.00,0,17.25
55020,2052,557.0,1163.0,0.00,0.00,0.00,0,19.49
55090,2053,905.0,786.0,0.00,0.00,0.00,0,12.01
55091,2053,905.3,786.3,0.01,0.01,0.01,0,7.47
55092,2053,905.3,786.3,0.01,0.01,0.01,0,9.52
55094,2053,905.3,786.3,0.01,0.01,0.01,0,13.34
55095,2053,905.3,786.3,0.01,0.01,0.01,0,15.46
55127,2054,1436.0,1104.0,0.00,0.00,0.00,0,12.01
55127,2055,1437.0,1114.0,0.00,0.00,0.00,0,12.01
55129,2056,1439.0,1120.0,0.00,0.00,0.00,0,12.01
55129,2057,1446.0,1131.0,0.00,0.00,0.00,0,12.01
55130,2056,1441.0,1123.3,0.05,0.08,0.09,0,7.47
55130,2057,1448.0,1133.9,0.05,0.07,0.08,0,7.47
55131,2056,1443.5,1127.6,0.21,0.35,0.41,0,6.30
55133,2056,1443.6,1127.7,0.21,0.35,0.41,0,9.96
55134,2056,1443.6,1127.7,0.21,0.35,0.41,0,12.10
55135,2056,1443.6,1127.7,0.21,0.35,0.41,0,14.45
55262,2058,805.0,879.0,0.00,0.00,0.00,0,12.01
55262,2059,815.0,884.0,0.00,0.00,0.00,0,12.01
55264,2060,792.0,873.0,0.00,0.00,0.00,0,12.01
55264,2061,800.0,876.0,0.00,0.00,0.00,0,12.01
55265,2060,792.7,873.3,0.02,0.01,0.02,0,7.47
55265,2061,795.4,875.7,-0.11,-0.01,0.11,0,7.47
55266,2060,791.2,873.8,-0.08,0.04,0.09,0,6.31
55268,2060,791.2,873.8,-0.08,0.04,0.09,0,9.98
55269,2060,791.2,873.8,-0.08,0.04,0.09,0,12.13
55270,2060,791.2,873.8,-0.08,0.04,0.09,0,14.48
55301,2062,1024.0,1026.0,0.00,0.00,0.00,0,12.01
55301,2063,1025.0,1034.0,0.00,0.00,0.00,0,12.01
55304,2064,1014.0,1041.0,0.00,0.00,0.00,0,12.00
55305,2064,1014.0,1041.0,0.00,0.00,0.00,0,14.01
55306,2064,1014.0,1041.0,0.00,0.00,0.00,0,16.05
55308,2064,1014.0,1041.0,0.00,0.00,0.00,0,19.77
55342,2067,760.0,1286.0,0.00,0.00,0.00,0,12.04
55342,2068,749.0,1287.0,0.00,0.00,0.00,0,12.04
55343,2067,759.7,1286.0,-0.02,0.00,0.02,0,7.48
55343,2068,755.9,1286.7,0.34,-0.02,0.34,0,7.48
55344,2067,761.8,1285.7,0.15,-0.02,0.15,0,6.30
55346,2067,761.9,1285.7,0.15,-0.02,0.15,0,9.80
55347,2067,761.9,1285.7,0.15,-0.02,0.15,0,11.91
55348,2067,761.9,1285.7,0.15,-0.02,0.15,0,14.24
55379,2069,795.0,1188.0,0.00,0.00,0.00,0,12.01
55379,2070,787.0,1193.0,0.00,0.00,0.00,0,12.01
55381,2071,782.0,1197.0,0.00,0.00,0.00,0,12.01
55381,2072,776.0,1205.0,0.00,0.00,0.00,0,12.01
55382,2071,780.4,1199.0,-0.04,0.05,0.06,0,7.47
55382,2072,774.4,1208.3,-0.04,0.08,0.09,0,7.47
55383,2071,776.9,1206.2,-0.26,0.50,0.57,0,6.31
55385,2071,776.9,1206.3,-0.26,0.50,0.57,0,9.95
55386,2071,776.8,1206.3,-0.26,0.50,0.57,0,12.12
55387,2071,776.8,1206.3,-0.26,0.50,0.57,0,14.46
55446,2073,926.0,1284.0,0.00,0.00,0.00,0,12.01
55447,2073,926.3,1283.7,0.01,-0.01,0.01,0,7.47
55447,2074,1287.0,1110.0,0.00,0.00,0.00,0,12.01
55447,2075,915.0,1288.0,0.00,0.00,0.00,0,12.01
55448,2073,923.9,1284.8,-0.15,0.06,0.16,0,6.31
55448,2074,1287.0,1110.0,0.00,0.00,0.00,0,14.04
55448,2075,911.4,1288.0,-0.09,0.00,0.09,0,7.47
55450,2073,923.9,1284.8,-0.15,0.06,0.16,0,10.00
55450,2074,1287.0,1110.0,0.00,0.00,0.00,0,17.54
55450,2075,911.4,1288.0,-0.09,0.00,0.09,0,10.89
55451,2073,923.9,1284.8,-0.15,0.06,0.16,0,12.12
55451,2074,1287.0,1110.0,0.00,0.00,0.00,0,19.64
55451,2075,911.4,1288.0,-0.09,0.00,0.09,0,12.99
55452,2073,923.9,1284.8,-0.15,0.06,0.16,0,14.52
55452,2075,911.4,1288.0,-0.09,0.00,0.09,0,15.34
55483,2076,1428.0,799.0,0.00,0.00,0.00,0,12.01
55483,2077,1428.0,815.0,0.00,0.00,0.00,0,12.01
55484,2076,1428.0,799.7,0.00,0.02,0.02,0,7.51
55484,2077,1427.7,804.8,-0.01,-0.25,0.25,0,7.51
55485,2076,1428.0,795.9,0.00,-0.40,0.40,0,6.32
55487,2076,1428.0,795.8,0.00,-0.40,0.40,0,10.00
55488,2076,1428.0,795.8,0.00,-0.40,0.40,0,12.29
55489,2076,1428.0,795.7,0.00,-0.40,0.40,0,14.71
55521,2078,1260.0,498.0,0.00,0.00,0.00,0,12.01
55522,2078,1260.0,498.0,0.00,0.00,0.00,0,14.04
55523,2078,1260.0,498.0,0.00,0.00,0.00,0,16.09
55525,2078,1260.0,498.0,0.00,0.00,0.00,0,19.94
55600,2079,782.0,926.0,0.00,0.00,0.00,0,12.01
55601,2079,782.0,926.0,0.00,0.00,0.00,0,14.04
55602,2079,782.0,926.0,0.00,0.00,0.00,0,16.09
55604,2079,782.0,926.0,0.00,0.00,0.00,0,19.98
55692,2080,953.0,1026.0,0.00,0.00,0.00,0,12.01
55693,2080,952.7,1028.9,-0.01,0.07,0.07,0,7.48
55694,2080,952.8,1030.2,-0.00,0.16,0.16,0,6.31
55696,2080,952.8,1030.3,-0.00,0.16,0.16,0,9.95
55697,2080,952.8,1030.3,-0.00,0.16,0.16,0,12.12
55698,2080,952.8,1030.3,-0.00,0.16,0.16,0,14.46
55759,2081,913.0,1221.0,0.00,0.00,0.00,0,12.01
55760,2081,913.0,1221.0,0.00,0.00,0.00,0,7.47
55761,2081,911.7,1220.5,-0.08,-0.03,0.09,0,6.31
55763,2081,911.7,1220.5,-0.08,-0.03,0.09,0,9.96
55764,2081,911.7,1220.5,-0.08,-0.03,0.09,0,12.13
55765,2081,911.7,1220.5,-0.08,-0.03,0.09,0,14.52
55818,2082,726.0,1023.0,0.00,0.00,0.00,0,12.01
55819,2082,726.0,1023.0,0.00,0.00,0.00,0,14.03
55820,2082,725.6,1023.0,-0.02,0.00,0.02,0,7.87
55822,2082,725.6,1023.0,-0.02,0.00,0.02,0,11.50
55823,2082,725.6,1023.0,-0.02,0.00,0.02,0,13.67
55824,2082,725.6,1023.0,-0.02,0.00,0.02,0,16.03
55978,2083,1073.0,262.0,0.00,0.00,0.00,0,12.01
55979,2083,1073.0,262.0,0.00,0.00,0.00,0,14.04
55980,2083,1073.0,262.0,0.00,0.00,0.00,0,16.09
55982,2083,1073.0,262.0,0.00,0.00,0.00,0,19.99
56097,2084,1579.0,779.0,0.00,0.00,0.00,0,12.01
56098,2084,1579.0,779.0,0.00,0.00,0.00,0,14.04
56099,2084,1579.0,779.0,0.00,0.00,0.00,0,16.09
56101,2084,1579.0,779.0,0.00,0.00,0.00,0,19.96
56206,2085,1028.0,1384.0,0.00,0.00,0.00,0,12.01
56207,2085,1028.0,1382.7,0.00,-0.03,0.03,0,7.47
56208,2085,1028.0,1382.7,0.00,-0.03,0.03,0,9.52
56210,2085,1028.0,1382.7,0.00,-0.03,0.03,0,13.33
56211,2085,1028.0,1382.7,0.00,-0.03,0.03,0,15.46
56270,2086,1091.0,322.0,0.00,0.00,0.00,0,12.01
56271,2086,1087.7,324.3,-0.07,0.05,0.09,0,7.47
56272,2086,1085.7,325.5,-0.20,0.13,0.24,0,6.31
56274,2086,1085.7,325.5,-0.20,0.13,0.24,0,10.02
56275,2086,1085.7,325.5,-0.20,0.13,0.24,0,12.14
56276,2086,1085.7,325.5,-0.20,0.13,0.24,0,14.55
56327,2089,411.0,975.0,0.00,0.00,0.00,0,12.01
56327,2090,408.0,982.0,0.00,0.00,0.00,0,12.01
56333,2091,417.0,977.0,0.00,0.00,0.00,0,12.01
56333,2092,416.0,984.0,0.00,0.00,0.00,0,12.01
56335,2093,409.0,997.0,0.00,0.00,0.00,0,12.01
56336,2093,406.7,998.6,-0.05,0.03,0.06,0,7.47
56337,2093,406.7,998.6,-0.05,0.03,0.06,0,9.50
56339,2093,406.7,998.6,-0.05,0.03,0.06,0,13.23
56340,2093,406.7,998.6,-0.05,0.03,0.06,0,15.40
56452,2094,1042.0,1276.0,0.00,0.00,0.00,0,12.01
56453,2094,1040.4,1274.0,-0.04,-0.05,0.06,0,7.47
56454,2094,1037.7,1272.7,-0.22,-0.13,0.25,0,6.31
56456,2094,1037.6,1272.7,-0.22,-0.13,0.25,0,9.98
56457,2094,1037.6,1272.7,-0.22,-0.13,0.25,0,12.12
56458,2094,1037.6,1272.7,-0.22,-0.13,0.25,0,14.47
56579,2095,1489.0,857.0,0.00,0.00,0.00,0,12.01
56580,2095,1484.4,856.0,-0.11,-0.02,0.11,0,7.48
56581,2095,1482.2,855.8,-0.25,-0.04,0.26,0,6.31
56583,2095,1482.2,855.7,-0.25,-0.04,0.26,0,9.97
56584,2095,1482.2,855.7,-0.25,-0.04,0.26,0,12.13
56585,2095,1482.2,855.7,-0.25,-0.04,0.26,0,14.47
56617,2098,1295.0,1041.0,0.00,0.00,0.00,0,12.01
56618,2098,1295.0,1041.0,0.00,0.00,0.00,0,14.04
56619,2098,1295.0,1041.0,0.00,0.00,0.00,0,16.09
56621,2098,1295.0,1041.0,0.00,0.00,0.00,0,19.98
56654,2099,1362.0,915.0,0.00,0.00,0.00,0,12.01
56656,2101,1359.0,916.0,0.00,0.00,0.00,0,12.01
56656,2102,1354.0,922.0,0.00,0.00,0.00,0,12.01
56656,2103,1305.0,1192.0,0.00,0.00,0.00,0,12.01
56657,2101,1357.7,917.6,-0.03,0.04,0.05,0,7.47
56657,2102,1353.0,924.0,-0.02,0.04,0.05,0,7.47
56657,2103,1305.0,1192.3,0.00,0.01,0.01,0,7.47
56657,2104,1306.0,1183.0,0.00,0.00,0.00,0,12.01
56658,2101,1356.2,920.0,-0.12,0.19,0.23,0,6.31
56658,2103,1305.5,1188.9,0.03,-0.21,0.22,0,6.31
56660,2101,1356.2,920.1,-0.12,0.19,0.23,0,9.97
56660,2103,1305.5,1188.8,0.03,-0.21,0.22,0,9.97
56661,2101,1356.2,920.1,-0.12,0.19,0.23,0,12.14
56661,2103,1305.5,1188.8,0.03,-0.21,0.22,0,12.14
56662,2101,1356.2,920.1,-0.12,0.19,0.23,0,14.48
56662,2103,1305.5,1188.8,0.03,-0.21,0.22,0,14.48
56703,2105,409.0,761.0,0.00,0.00,0.00,0,12.01
56704,2105,409.0,761.3,0.00,0.01,0.01,0,7.47
56705,2105,409.0,761.3,0.00,0.01,0.01,0,9.52
56707,2105,409.0,761.3,0.00,0.01,0.01,0,13.31
56708,2105,409.0,761.3,0.00,0.01,0.01,0,15.47
56793,2106,634.0,661.0,0.00,0.00,0.00,0,12.01
56794,2106,634.0,661.0,0.00,0.00,0.00,0,14.04
56795,2106,634.0,661.0,0.00,0.00,0.00,0,16.09
56797,2106,634.0,661.0,0.00,0.00,0.00,0,19.93
56882,2107,1198.0,1214.0,0.00,0.00,0.00,0,12.01
56883,2107,1198.0,1214.0,0.00,0.00,0.00,0,14.03
56884,2107,1193.4,1220.7,-0.21,0.30,0.36,0,7.87
56886,2107,1193.4,1220.8,-0.21,0.30,0.36,0,11.54
56887,2107,1193.4,1220.8,-0.21,0.30,0.36,0,13.69
56888,2107,1193.4,1220.8,-0.21,0.30,0.36,0,16.10
56920,2110,834.0,1102.0,0.00,0.00,0.00,0,12.01
56920,2111,887.0,1226.0,0.00,0.00,0.00,0,12.01
56920,2112,879.0,1228.0,0.00,0.00,0.00,0,12.01
56921,2110,834.0,1102.0,0.00,0.00,0.00,0,14.03
56921,2111,885.0,1226.3,-0.05,0.01,0.05,0,7.47
56921,2112,879.0,1228.0,0.00,0.00,0.00,0,14.03
56922,2111,885.0,1226.3,-0.05,0.01,0.05,0,9.51
56922,2110,834.0,1102.0,0.00,0.00,0.00,0,16.09
56924,2111,885.0,1226.3,-0.05,0.01,0.05,0,13.31
56924,2110,834.0,1102.0,0.00,0.00,0.00,0,19.98
56925,2111,885.0,1226.3,-0.05,0.01,0.05,0,15.45
56990,2113,1348.0,810.0,0.00,0.00,0.00,0,12.01
56991,2113,1348.0,810.0,0.00,0.00,0.00,0,14.04
56992,2113,1349.4,810.4,0.06,0.02,0.07,0,7.87
56994,2113,1349.4,810.4,0.06,0.02,0.07,0,11.57
56995,2113,1349.4,810.4,0.06,0.02,0.07,0,13.68
56996,2113,1349.4,810.4,0.06,0.02,0.07,0,16.10
57038,2114,1408.0,508.0,0.00,0.00,0.00,0,12.01
57039,2114,1410.6,511.3,0.07,0.08,0.11,0,7.48
57040,2114,1411.7,512.5,0.14,0.16,0.22,0,6.31
57040,2115,1422.0,530.0,0.00,0.00,0.00,0,12.01
57042,2114,1411.8,512.5,0.14,0.16,0.22,0,9.94
57042,2115,1422.0,530.0,0.00,0.00,0.00,0,15.11
57043,2114,1411.8,512.5,0.14,0.16,0.22,0,12.15
57043,2115,1422.0,530.0,0.00,0.00,0.00,0,17.26
57044,2114,1411.8,512.5,0.14,0.16,0.22,0,14.48
57044,2115,1422.0,530.0,0.00,0.00,0.00,0,19.49
57079,2116,970.0,1326.0,0.00,0.00,0.00,0,12.01
57080,2116,970.0,1326.0,0.00,0.00,0.00,0,7.47
57081,2116,970.0,1326.0,0.00,0.00,0.00,0,9.51
57083,2116,970.0,1326.0,0.00,0.00,0.00,0,13.41
57084,2116,970.0,1326.0,0.00,0.00,0.00,0,15.45
57228,2117,1238.0,924.0,0.00,0.00,0.00,0,12.01
57229,2117,1238.0,924.0,0.00,0.00,0.00,0,14.04
57230,2117,1238.0,924.0,0.00,0.00,0.00,0,16.09
57232,2117,1238.0,924.0,0.00,0.00,0.00,0,19.97
57383,2118,1059.0,1130.0,0.00,0.00,0.00,0,12.01
57384,2118,1055.4,1128.7,-0.09,-0.03,0.09,0,7.48
57385,2118,1050.9,1127.7,-0.38,-0.09,0.40,0,6.31
57387,2118,1050.8,1127.7,-0.38,-0.09,0.40,0,9.96
57388,2118,1050.8,1127.7,-0.38,-0.09,0.40,0,12.13
57389,2118,1050.8,1127.7,-0.38,-0.09,0.40,0,14.49
57441,2119,1098.0,1184.0,0.00,0.00,0.00,0,12.01
57442,2119,1098.0,1184.0,0.00,0.00,0.00,0,14.04
57443,2119,1098.0,1184.0,0.00,0.00,0.00,0,16.14
57445,2119,1098.0,1184.0,0.00,0.00,0.00,0,20.21
57519,2120,622.0,1112.0,0.00,0.00,0.00,0,12.01
57520,2120,622.0,1112.0,0.00,0.00,0.00,0,7.47
57520,2121,626.0,1107.0,0.00,0.00,0.00,0,12.01
57521,2120,623.5,1110.7,0.10,-0.08,0.13,0,6.31
57521,2121,626.0,1107.0,0.00,0.00,0.00,0,14.04
57523,2120,623.6,1110.7,0.10,-0.08,0.13,0,9.97
57523,2121,626.0,1107.0,0.00,0.00,0.00,0,17.51
57524,2120,623.6,1110.7,0.10,-0.08,0.13,0,12.13
57524,2121,626.0,1107.0,0.00,0.00,0.00,0,19.66
57525,2120,623.6,1110.7,0.10,-0.08,0.13,0,14.48
57563,2122,1054.0,695.0,0.00,0.00,0.00,0,12.01
57564,2122,1054.0,694.7,0.00,-0.01,0.01,0,7.47
57565,2122,1054.0,690.4,0.00,-0.29,0.29,0,6.31
57565,2123,1054.0,663.0,0.00,0.00,0.00,0,12.01
57567,2122,1054.0,690.3,0.00,-0.29,0.29,0,10.00
57567,2123,1054.0,663.0,0.00,0.00,0.00,0,15.16
57568,2122,1054.0,690.3,0.00,-0.29,0.29,0,12.13
57568,2123,1054.0,663.0,0.00,0.00,0.00,0,17.25
57569,2122,1054.0,690.3,0.00,-0.29,0.29,0,14.54
57569,2123,1054.0,663.0,0.00,0.00,0.00,0,19.54
57602,2124,571.0,525.0,0.00,0.00,0.00,0,12.01
57603,2124,571.7,525.7,0.01,0.01,0.02,0,7.47
57604,2124,568.9,524.5,-0.16,-0.06,0.18,0,6.30
57606,2124,568.9,524.4,-0.16,-0.06,0.18,0,10.01
57607,2124,568.9,524.4,-0.16,-0.06,0.18,0,12.12
57608,2124,568.9,524.4,-0.16,-0.06,0.18,0,14.47
57643,2125,510.0,856.0,0.00,0.00,0.00,0,12.01
57643,2126,504.0,862.0,0.00,0.00,0.00,0,12.01
57644,2125,511.3,854.7,0.03,-0.03,0.05,0,7.47
57644,2126,504.0,862.0,0.00,0.00,0.00,0,14.04
57645,2125,513.5,853.0,0.18,-0.14,0.23,0,6.31
57647,2125,513.6,852.9,0.18,-0.14,0.23,0,9.95
57648,2125,513.6,852.9,0.18,-0.14,0.23,0,12.14
57649,2125,513.6,852.9,0.18,-0.14,0.23,0,14.54
57683,2127,505.0,771.0,0.00,0.00,0.00,0,12.01
57685,2129,499.0,773.0,0.00,0.00,0.00,0,12.01
57685,2130,491.0,774.0,0.00,0.00,0.00,0,12.01
57686,2129,497.0,773.3,-0.05,0.01,0.05,0,7.47
57686,2130,489.4,774.7,-0.04,0.02,0.04,0,7.47
57687,2129,494.5,773.8,-0.21,0.04,0.22,0,6.31
57689,2129,494.4,773.8,-0.21,0.04,0.22,0,9.96
57690,2129,494.4,773.8,-0.21,0.04,0.22,0,12.16
57691,2129,494.4,773.8,-0.21,0.04,0.22,0,14.49
57775,2131,1055.0,1128.0,0.00,0.00,0.00,0,12.01
57776,2131,1055.3,1128.0,0.01,0.00,0.01,0,7.47
57776,2132,1046.0,1129.0,0.00,0.00,0.00,0,12.01
57777,2131,1053.2,1128.3,-0.13,0.02,0.13,0,6.31
57779,2131,1053.1,1128.3,-0.13,0.02,0.13,0,9.99
57780,2131,1053.1,1128.3,-0.13,0.02,0.13,0,12.13
57781,2131,1053.1,1128.3,-0.13,0.02,0.13,0,14.48
57817,2133,635.0,959.0,0.00,0.00,0.00,0,12.01
57818,2133,635.0,959.0,0.00,0.00,0.00,0,14.04
57819,2133,635.0,959.0,0.00,0.00,0.00,0,16.09
57821,2133,635.0,959.0,0.00,0.00,0.00,0,19.96
57953,2134,627.0,435.0,0.00,0.00,0.00,0,12.01
57954,2134,628.0,438.3,0.03,0.08,0.09,0,7.47
57955,2134,628.2,439.8,0.04,0.18,0.18,0,6.31
57955,2135,632.0,451.0,0.00,0.00,0.00,0,12.01
57957,2134,628.3,439.8,0.04,0.18,0.18,0,9.98
57957,2135,632.0,451.0,0.00,0.00,0.00,0,15.14
57958,2134,628.3,439.8,0.04,0.18,0.18,0,12.12
57958,2135,632.0,451.0,0.00,0.00,0.00,0,17.24
57959,2134,628.3,439.8,0.04,0.18,0.18,0,14.47
57959,2135,632.0,451.0,0.00,0.00,0.00,0,19.49
57992,2136,1415.0,1197.0,0.00,0.00,0.00,0,12.01
57993,2136,1415.0,1197.0,0.00,0.00,0.00,0,14.03
57994,2136,1415.0,1197.0,0.00,0.00,0.00,0,16.08
57996,2136,1415.0,1197.0,0.00,0.00,0.00,0,19.97
58092,2137,1048.0,1294.0,0.00,0.00,0.00,0,12.01
58093,2137,1048.3,1294.0,0.01,0.00,0.01,0,7.48
58093,2138,1038.0,1293.0,0.00,0.00,0.00,0,12.01
58094,2137,1045.7,1293.7,-0.17,-0.02,0.17,0,6.30
58094,2138,1034.7,1292.0,-0.08,-0.02,0.08,0,7.47
58096,2137,1045.6,1293.7,-0.17,-0.02,0.17,0,9.93
58096,2138,1034.7,1292.0,-0.08,-0.02,0.08,0,10.83
58097,2137,1045.6,1293.7,-0.17,-0.02,0.17,0,12.13
58097,2138,1034.7,1292.0,-0.08,-0.02,0.08,0,13.00
58098,2137,1045.6,1293.7,-0.17,-0.02,0.17,0,14.53
58098,2138,1034.7,1292.0,-0.08,-0.02,0.08,0,15.34
58129,2139,1229.0,1208.0,0.00,0.00,0.00,0,12.01
58129,2140,1234.0,1216.0,0.00,0.00,0.00,0,12.01
58130,2139,1229.3,1208.7,0.01,0.02,0.02,0,7.48
58130,2140,1231.4,1211.7,-0.06,-0.11,0.12,0,7.48
58131,2139,1228.7,1207.7,-0.03,-0.05,0.06,0,6.31
58133,2139,1228.7,1207.7,-0.03,-0.05,0.06,0,9.97
58134,2139,1228.7,1207.7,-0.03,-0.05,0.06,0,12.12
58135,2139,1228.7,1207.7,-0.03,-0.05,0.06,0,14.51
58166,2141,1348.0,1044.0,0.00,0.00,0.00,0,12.01
58167,2141,1348.0,1044.0,0.00,0.00,0.00,0,14.04
58168,2141,1348.0,1044.0,0.00,0.00,0.00,0,16.09
58170,2141,1348.0,1044.0,0.00,0.00,0.00,0,19.95
58208,2142,955.0,320.0,0.00,0.00,0.00,0,12.01
58209,2142,955.0,320.0,0.00,0.00,0.00,0,14.02
58210,2142,955.0,320.0,0.00,0.00,0.00,0,16.04
58212,2142,955.0,320.0,0.00,0.00,0.00,0,19.70
58316,2143,780.0,1106.0,0.00,0.00,0.00,0,12.01
58318,2145,775.0,1113.0,0.00,0.00,0.00,0,12.01
58318,2146,775.0,1122.0,0.00,0.00,0.00,0,12.01
58319,2145,775.0,1115.3,0.00,0.06,0.06,0,7.48
58319,2146,776.3,1124.3,0.03,0.06,0.07,0,7.48
58320,2145,776.0,1118.3,0.07,0.26,0.27,0,6.31
58322,2145,776.0,1118.4,0.07,0.26,0.27,0,10.04
58323,2145,776.0,1118.4,0.07,0.26,0.27,0,12.12
58324,2145,776.1,1118.4,0.07,0.26,0.27,0,14.53
58374,2147,1308.0,747.0,0.00,0.00,0.00,0,12.01
58375,2147,1308.0,747.0,0.00,0.00,0.00,0,14.04
58376,2147,1308.0,747.0,0.00,0.00,0.00,0,16.09
58378,2147,1308.0,747.0,0.00,0.00,0.00,0,19.99
58696,2148,1068.0,1338.0,0.00,0.00,0.00,0,12.01
58697,2148,1068.0,1338.3,0.00,0.01,0.01,0,7.48
58697,2149,1069.0,1328.0,0.00,0.00,0.00,0,12.01
58698,2148,1068.3,1336.2,0.02,-0.13,0.13,0,6.31
58700,2148,1068.3,1336.1,0.02,-0.13,0.13,0,9.99
58701,2148,1068.3,1336.1,0.02,-0.13,0.13,0,12.13
58702,2148,1068.3,1336.1,0.02,-0.13,0.13,0,14.53
58745,2150,961.0,1345.0,0.00,0.00,0.00,0,12.01
58746,2150,962.0,1342.1,0.02,-0.07,0.08,0,7.48
58747,2150,962.0,1342.0,0.02,-0.07,0.08,0,9.52
58749,2150,962.0,1342.0,0.02,-0.07,0.08,0,13.29
58750,2150,962.0,1342.0,0.02,-0.07,0.08,0,15.46
58783,2151,440.0,1019.0,0.00,0.00,0.00,0,12.01
58784,2151,440.0,1022.3,0.00,0.09,0.09,0,7.47
58785,2151,440.0,1023.5,0.00,0.17,0.17,0,6.31
58787,2151,440.0,1023.5,0.00,0.17,0.17,0,9.98
58788,2151,440.0,1023.5,0.00,0.17,0.17,0,12.11
58789,2151,440.0,1023.5,0.00,0.17,0.17,0,14.46
58825,2153,1283.0,961.0,0.00,0.00,0.00,0,12.01
58826,2153,1283.0,961.0,0.00,0.00,0.00,0,7.47
58826,2154,1291.0,968.0,0.00,0.00,0.00,0,12.01
58827,2153,1284.8,962.5,0.12,0.10,0.15,0,6.31
58829,2153,1284.8,962.6,0.12,0.10,0.15,0,9.98
58830,2153,1284.8,962.6,0.12,0.10,0.15,0,12.13
58831,2153,1284.8,962.6,0.12,0.10,0.15,0,14.47
58962,2155,1407.0,1034.0,0.00,0.00,0.00,0,12.01
58963,2155,1407.0,1034.0,0.00,0.00,0.00,0,14.03
58964,2155,1406.6,1046.3,-0.02,0.54,0.54,0,7.87
58964,2156,1287.0,1191.0,0.00,0.00,0.00,0,12.01
58966,2155,1406.6,1046.4,-0.02,0.54,0.54,0,11.54
58966,2156,1287.0,1191.0,0.00,0.00,0.00,0,15.15
58967,2155,1406.6,1046.4,-0.02,0.54,0.54,0,13.66
58967,2156,1287.0,1191.0,0.00,0.00,0.00,0,17.23
58968,2155,1406.6,1046.5,-0.02,0.54,0.54,0,16.07
58968,2156,1287.0,1191.0,0.00,0.00,0.00,0,19.53
59276,2157,1356.0,862.0,0.00,0.00,0.00,0,12.01
59277,2157,1356.0,862.0,0.00,0.00,0.00,0,14.04
59278,2157,1356.0,862.0,0.00,0.00,0.00,0,16.09
59280,2157,1356.0,862.0,0.00,0.00,0.00,0,19.96
59315,2158,761.0,597.0,0.00,0.00,0.00,0,12.01
59317,2160,755.0,584.0,0.00,0.00,0.00,0,12.01
59318,2160,755.0,584.0,0.00,0.00,0.00,0,14.04
59319,2160,755.0,584.0,0.00,0.00,0.00,0,16.09
59321,2160,755.0,584.0,0.00,0.00,0.00,0,19.97
                                                                                                                                                                                                                                                                                                                                                                                                                                                                                                                                                                                                                                                                                                                                                                                                                                                                                                                                                                                                                                                                                                                                                                                                                                                                                                                                                                                                                                                                                                                                                                                                                                                                                                                                                                                                                                                                                                                                                                                                 