frame,time,vision_latency_ms,pipeline_latency_ms,ndet,ntrack,temp,cooldown,suppressed
0,1776085903.7867198,29.774954999993497, 0.2544529997976497,0,0,27.8,0.0,0
1,1776085903.8055089,16.925573000207805, 0.21391700011008652,0,0,27.8,0.0,0
2,1776085903.8351755,18.724281000231713, 0.2189060001001053,0,0,27.8,0.0,0
3,1776085903.867342,21.628283000154624, 0.2212290000898065,0,0,27.8,0.0,0
4,1776085903.8947768,19.647726000130206, 0.2605520003271522,0,0,27.8,0.0,0
5,1776085903.9248981,20.08141899978, 0.20019099974888377,0,0,27.8,0.0,0
6,1776085903.953505,18.883870000081515, 0.25666999999884865,0,0,27.8,0.0,0
7,1776085903.9856107,21.58287200018094, 0.21935099994152552,0,0,27.8,0.0,0
8,1776085904.0096998,16.954145999989123, 0.20962799999324488,0,0,27.8,0.0,0
9,1776085904.043515,19.893475999651855, 0.21844499997314415,0,0,27.8,0.0,0
10,1776085904.0735047,20.37784100002682, 0.23569199993289658,0,0,27.8,0.0,0
11,1776085904.1016653,19.43645799974547, 0.22708999995302293,0,0,27.8,0.0,0
12,1776085904.1323838,19.893292999768164, 0.27137799997944967,0,0,27.8,0.0,0
13,1776085904.165303,20.449627000289183, 0.3002159996867704,0,0,27.8,0.0,0
14,1776085904.1973975,21.160494000014296, 0.23615300005985773,0,0,27.8,0.0,0
15,1776085904.2220943,17.77364800000214, 0.20801900018341257,0,0,27.8,0.0,0
16,1776085904.2518418,19.51374999998734, 0.2100729998346651,0,0,27.8,0.0,0
17,1776085904.3323412,23.494254000070214, 0.26644600029612775,0,0,27.8,0.0,0
18,1776085904.3509593,16.70814799990694, 0.2289280000695726,0,0,27.8,0.0,0
19,1776085904.3642292,11.5314159997979, 0.20452300032047788,0,0,27.8,0.0,0
20,1776085904.3991733,20.392020999679517, 0.2062009998553549,0,0,27.8,0.0,0
21,1776085904.4324093,20.463814999857277, 0.2331820001018059,0,0,27.8,0.0,0
22,1776085904.4603012,19.4565669999065, 0.2260539999952016,0,0,27.8,0.0,0
23,1776085904.489629,19.810152999980346, 0.2199089999521675,0,0,27.8,0.0,0
24,1776085904.51845,19.212826000057248, 0.23062699983711354,0,0,27.8,0.0,0
25,1776085904.545713,18.8264739999795, 0.20893999999316293,0,0,27.8,0.0,0
26,1776085904.580161,21.25342699991961, 0.21374199968704488,0,0,27.8,0.0,0
27,1776085904.602815,15.969863999998779, 0.2075729998978204,0,0,27.8,0.0,0
28,1776085904.638433,20.817937999709102, 0.21793000041725463,0,0,27.8,0.0,0
29,1776085904.6675372,19.82635400008803, 0.262557000041852,0,0,27.8,0.0,0
30,1776085904.6943028,18.689495000216994, 0.20365599993965589,0,0,27.8,0.0,0
31,1776085904.726585,19.948337000187166, 0.24998399976539076,0,0,27.8,0.0,0
32,1776085904.7580702,20.594804999745975, 0.22002900004736148,0,0,27.8,0.0,0
33,1776085904.786115,19.311819999984436, 0.20854900003541843,0,0,27.8,0.0,0
34,1776085904.8152883,19.15045999976428, 0.2275800002280448,0,0,27.8,0.0,0
35,1776085904.846861,20.7108069998867, 0.21786699971926282,0,0,27.8,0.0,0
36,1776085904.8742588,18.556568999883893, 0.21034400015196297,0,0,27.8,0.0,0
37,1776085904.9058619,20.42160300015894, 0.22148700008983724,0,0,27.8,0.0,0
38,1776085904.933835,18.99431200035906, 0.21304700021573808,0,0,27.8,0.0,0
39,1776085904.9643683,19.674678000228596, 0.2362830000492977,0,0,27.8,0.0,0
40,1776085904.995218,20.884819999992033, 0.20455999992918805,0,0,27.8,0.0,0
41,1776085905.0228245,19.071458000325947, 0.22220099981495878,0,0,27.8,0.0,0
42,1776085905.0551007,20.649666000281286, 0.23189200010165223,0,0,27.8,0.0,0
43,1776085905.082977,19.639223000012862, 0.20748800034198212,0,0,27.8,0.0,0
44,1776085905.1098304,18.474588000117365, 0.20746900008816738,0,0,27.8,0.0,0
45,1776085905.1430619,20.37238000002617, 0.2212379999946279,0,0,27.8,0.0,0
46,1776085905.1715968,19.83334399983505, 0.22120099993117037,0,0,27.8,0.0,0
47,1776085905.2031398,19.549331000234815, 0.2158070001314627,0,0,27.8,0.0,0
48,1776085905.2313375,19.359632000032434, 0.22258200033320463,0,0,27.8,0.0,0
49,1776085905.2623892,20.388072000059765, 0.2276609998261847,0,0,27.8,0.0,0
50,1776085905.2905142,19.36767500001224, 0.22585699980481877,0,0,27.8,0.0,0
51,1776085905.320773,19.776770000135002, 0.2313119998689217,0,0,27.8,0.0,0
52,1776085905.351152,20.130972000060865, 0.2303649998793844,0,0,27.8,0.0,0
53,1776085905.3798914,19.5012310000493, 0.2123230001416232,0,0,27.8,0.0,0
54,1776085905.410506,19.67005300002711, 0.2301709996572754,0,0,27.8,0.0,0
55,1776085905.4392374,19.547502000023087, 0.2124139996340091,0,0,27.8,0.0,0
56,1776085905.4696865,19.777386999976443, 0.223965999794018,0,0,27.8,0.0,0
57,1776085905.4987462,18.39099200014971, 0.2106249999087595,0,0,27.8,0.0,0
58,1776085905.5279355,19.384398000056535, 0.2033129999290395,0,0,27.8,0.0,0
59,1776085905.5601609,20.91375700001663, 0.21706699999413104,0,0,27.8,0.0,0
60,1776085905.5870812,18.735364000349364, 0.20665800002461765,0,0,27.8,0.0,0
61,1776085905.6184225,20.193983999888587, 0.22640099996351637,0,0,27.8,0.0,0
62,1776085905.6484578,20.3600939998978, 0.22196200006874278,0,0,27.8,0.0,0
63,1776085905.6765358,18.968807000419474, 0.24422099977527978,0,0,27.8,0.0,0
64,1776085905.707486,19.92484099991998, 0.22057799969843472,0,0,27.8,0.0,0
65,1776085905.7377644,20.12885800013464, 0.22018400022716378,0,0,27.8,0.0,0
66,1776085905.7662854,18.899698999575776, 0.2277630001117359,0,0,27.8,0.0,0
67,1776085905.7953427,19.09838999972635, 0.21600199988824897,0,0,27.8,0.0,0
68,1776085905.8267272,20.51374000029682, 0.21570800026893266,0,0,27.8,0.0,0
69,1776085905.855054,19.69097899973349, 0.20669300010922598,0,0,27.8,0.0,0
70,1776085905.882459,18.328957999983686, 0.22484900000563357,0,0,27.8,0.0,0
71,1776085905.9159658,20.763171999988117, 0.2212190001955605,0,0,27.8,0.0,0
72,1776085905.945049,20.094100999813236, 0.21911500016358332,0,0,27.8,0.0,0
73,1776085905.9747498,19.68562000001839, 0.2318490001016471,0,0,27.8,0.0,0
74,1776085906.0062563,21.22012099971471, 0.2548200000092038,0,0,27.8,0.0,0
75,1776085906.0331903,18.54825800000981, 0.22638800010099658,0,0,27.8,0.0,0
76,1776085906.0607872,17.92285199962862, 0.21579599979304476,0,0,27.8,0.0,0
77,1776085906.0937657,18.91337699998985, 0.22073199988881242,0,0,27.8,0.0,0
78,1776085906.1209145,18.23211300006733, 0.21563000018431921,0,0,27.8,0.0,0
79,1776085906.1520786,19.38648999976067, 0.2209460003541608,0,0,27.8,0.0,0
80,1776085906.1804514,18.72153599970261, 0.22292899984677206,0,0,27.8,0.0,0
81,1776085906.2094994,18.64660699993692, 0.22827800012237276,0,0,27.8,0.0,0
82,1776085906.2411423,19.736649000151374, 0.2384409999649506,0,0,27.8,0.0,0
83,1776085906.2701368,18.99870400029613, 0.22166799999467912,0,0,27.8,0.0,0
84,1776085906.2990127,17.94791400016038, 0.2256580000903341,0,0,27.8,0.0,0
85,1776085906.32905,19.090150000010908, 0.22381500002666144,0,0,27.8,0.0,0
86,1776085906.359694,19.368413999927725, 0.21844499997314415,0,0,27.8,0.0,0
87,1776085906.3886852,17.38985399970261, 0.22357800025929464,0,0,27.8,0.0,0
88,1776085906.4193182,19.119962999866402, 0.22114600005807006,0,0,27.8,0.0,0
89,1776085906.4478092,18.601103999571933, 0.2440270000079181,0,0,27.8,0.0,0
90,1776085906.4770694,18.92920399996001, 0.22753699977329234,0,0,27.8,0.0,0
91,1776085906.5084178,19.696748000114894, 0.23130200042942306,0,0,27.8,0.0,0
92,1776085906.5366566,18.53956000013568, 0.23157999976319843,0,0,27.8,0.0,0
93,1776085906.5680163,19.472325000151613, 0.2415359999758948,0,0,27.8,0.0,0
94,1776085906.5967236,18.88215200006016, 0.2585489996818069,0,0,27.8,0.0,0
95,1776085906.6273289,19.546912999885535, 0.21749699999418226,0,0,27.8,0.0,0
96,1776085906.6563363,18.42381500000556, 0.21118199992997688,0,0,27.8,0.0,0
97,1776085906.6868725,19.385875000352826, 0.30729599984624656,0,0,27.8,0.0,0
98,1776085906.7160003,19.370679000076052, 0.20677500015153782,0,0,27.8,0.0,0
99,1776085906.7452476,18.74658199994883, 0.2112889997079037,0,0,27.8,0.0,0
100,1776085906.7763746,19.612734000020282, 0.24604999998700805,0,0,27.8,0.0,0
101,1776085906.8050752,18.849834000320698, 0.21846900017408188,0,0,27.8,0.0,0
102,1776085906.8349435,18.82517200010625, 0.2212939998571528,0,0,27.8,0.0,0
103,1776085906.864101,18.684926999867457, 0.21891199958190555,0,0,27.8,0.0,0
104,1776085906.8947337,19.675513000038336, 0.21988099979353137,0,0,27.8,0.0,0
105,1776085906.9237492,18.38361199997962, 0.21909899987804238,0,0,27.8,0.0,0
106,1776085906.9534156,18.992523000179062, 0.22930899967832374,0,0,27.8,0.0,0
107,1776085906.9838738,18.73057000011613, 0.23971600012373528,0,0,27.8,0.0,0
108,1776085907.0143623,19.002527999873564, 0.22712100007993286,0,0,27.8,0.0,0
109,1776085907.0420299,18.361173999892344, 0.21854400029042154,0,0,27.8,0.0,0
110,1776085907.0731332,19.497357000091142, 0.23618700015504146,0,0,27.8,0.0,0
111,1776085907.102162,18.648001999736152, 0.21263200005705585,0,0,27.8,0.0,0
112,1776085907.133702,19.462322999970638, 0.21993300015310524,0,0,27.8,0.0,0
113,1776085907.160734,18.377756000063528, 0.23157499981607543,0,0,27.8,0.0,0
114,1776085907.192205,19.252502999734133, 0.24004499982765992,0,0,27.8,0.0,0
115,1776085907.2203608,18.117932999757613, 0.22375700018528732,0,0,27.8,0.0,0
116,1776085907.2509043,18.843535999621963, 0.23670500013395213,0,0,27.8,0.0,0
117,1776085907.2811592,18.47740499988504, 0.22301900025922805,0,0,27.8,0.0,0
118,1776085907.3098958,18.314183999791567, 0.23868800008131075,0,0,27.8,0.0,0
119,1776085907.3412797,20.810236999750487, 0.24246499970104196,0,0,27.8,0.0,0
120,1776085907.3724797,20.595322000190208, 0.21933399966655998,0,0,27.8,0.0,0
121,1776085907.400754,19.879993999893486, 0.2209079998465313,0,0,27.8,0.0,0
122,1776085907.4330568,21.492123999905743, 0.22072400042816298,0,0,27.8,0.0,0
123,1776085907.4553134,16.49872400003005, 0.22413600026993663,0,0,27.8,0.0,0
124,1776085907.4902442,20.28627100025915, 0.29781800003547687,2,2,27.8,0.0,0
125,1776085907.5212538,21.25818700005766, 0.3013949999512988,14,15,27.8,0.0,0
126,1776085907.8075695,18.42574500005867, 258.9431869996588,18,2,27.8,0.0,0
128,1776085907.8112445,0.2651660001902201, 0.305824999941251,0,2,27.8,0.0,1
129,1776085907.8276932,0.29142999983378104, 0.3159970001433976,0,1,27.8,0.0,1
130,1776085907.8579214,0.20487000028879265, 0.2897230001508433,0,0,27.8,0.0,1
131,1776085907.888091,1.8783100003929576, 0.33253599985982873,0,0,27.8,0.0,1
132,1776085907.920031,0.03575300024749595, 0.2666829996087472,0,0,27.8,0.0,1
133,1776085907.945686,0.04366100029074005, 0.3622159997576091,0,0,27.8,0.0,1
134,1776085907.975145,0.04318200035413611, 0.33928499988178373,0,0,27.8,0.0,1
135,1776085908.004772,0.04704399998445297, 0.340460999723291,0,0,27.8,0.0,1
136,1776085908.035245,0.10696899971662788, 0.46372900033020414,0,0,27.8,0.0,1
137,1776085908.0647483,0.039819999983592425, 0.41241200005970313,0,0,27.8,0.0,1
138,1776085908.094632,0.09298399982071714, 0.42187500002910383,0,0,27.8,0.0,1
139,1776085908.1240346,0.04199800014248467, 0.4201080000711954,0,0,27.8,0.0,1
140,1776085908.1537867,0.05566099980569561, 0.420229000155814,0,0,27.8,0.0,1
141,1776085908.183321,0.0996379999378405, 0.4043560002173763,0,0,27.8,0.0,1
142,1776085908.2132413,0.04004799984613783, 0.45742000020254636,0,0,27.8,0.0,1
143,1776085908.2430158,0.10314500013919314, 0.4111080002076051,0,0,27.8,0.0,1
144,1776085908.2725112,0.08869100020092446, 0.38440300022557494,0,0,27.8,0.0,1
145,1776085908.3022583,0.03858399986711447, 0.41692700006024097,0,0,27.8,0.0,1
146,1776085908.331998,0.04356499994173646, 0.4084069996679318,0,0,27.8,0.0,1
147,1776085908.3614762,0.09527399970465922, 0.4225019997647905,0,0,27.8,0.0,1
148,1776085908.3911912,0.039881000247987686, 0.4305200000089826,0,0,27.8,0.0,1
149,1776085908.4224067,0.04022800021630246, 0.47262800035241526,0,0,27.8,0.0,1
150,1776085908.45209,0.042100999962713104, 0.3137469998364395,0,0,27.8,0.0,1
151,1776085908.4798265,0.0423429996772029, 0.34315599987166934,0,0,27.8,0.0,1
152,1776085908.5095627,0.04759500006912276, 0.4220499999973981,0,0,27.8,0.0,1
153,1776085908.5396318,0.04995099970983574, 0.3686560003188788,0,0,27.8,0.0,1
154,1776085908.5694518,0.05264799983706325, 0.3930130001208454,0,0,27.8,0.0,1
155,1776085908.5989764,0.04560999968816759, 0.34724199986158055,0,0,27.8,0.0,1
156,1776085908.6284614,0.05018199999540229, 0.41860900000756374,0,0,27.8,0.0,1
157,1776085908.6588614,0.05036400034441613, 0.40527700002712663,0,0,27.8,0.0,1
158,1776085908.6882048,0.04514400006883079, 0.3425619997869944,0,0,27.8,0.0,1
159,1776085908.7175884,0.04191800007902202, 0.3758640000341984,0,0,27.8,0.0,1
160,1776085908.7475064,0.051961999815830495, 0.37994399963281467,0,0,27.8,0.0,1
161,1776085908.7779362,0.08384000011574244, 0.43665699968187255,0,0,27.8,0.0,1
161,1776085908.8359842,29.00729799966939, 0.2310820000275271,0,0,27.8,0.0,0
162,1776085908.852968,13.626023999677273, 0.21782300018458045,0,0,27.8,0.0,0
163,1776085908.887137,19.938314000228274, 0.22242800014282693,0,0,27.8,0.0,0
164,1776085908.9130218,17.307411000274442, 0.22576499986826093,0,0,27.8,0.0,0
165,1776085908.9462802,20.522248000361287, 0.2401010001449322,0,0,27.8,0.0,0
166,1776085908.9754486,18.92015800012814, 0.22950799984755577,0,0,27.8,0.0,0
167,1776085909.0016549,17.48001799978738, 0.2368850000493694,0,0,27.8,0.0,0
168,1776085909.0333235,19.642893000309414, 0.23958399970069877,0,0,27.8,0.0,0
169,1776085909.0662806,20.988690000194765, 0.24150300032488303,0,0,27.8,0.0,0
170,1776085909.0941272,19.414581000091857, 0.21531699985644082,0,0,27.8,0.0,0
171,1776085909.1248302,20.45161200021539, 0.21621599989885,0,0,27.8,0.0,0
172,1776085909.1535645,19.554618000256596, 0.24082700019789627,0,0,27.8,0.0,0
173,1776085909.1842062,19.90984899975956, 0.22957300006964942,0,0,27.8,0.0,0
174,1776085909.2130125,19.342207000136113, 0.24755000004006433,0,0,27.8,0.0,0
175,1776085909.2448695,21.13531899976806, 0.2170339998883719,0,0,27.8,0.0,0
176,1776085909.272076,18.72236500003055, 0.2044160000878037,0,0,27.8,0.0,0
177,1776085909.3032522,20.374679999804357, 0.21606800009976723,0,0,27.8,0.0,0
178,1776085909.3316789,18.808185999660054, 0.22498599992104573,0,0,27.8,0.0,0
179,1776085909.3621032,18.864921999920625, 0.20754199977091048,0,0,27.8,0.0,0
180,1776085909.3914099,19.62636999996903, 0.2173719999518653,0,0,27.8,0.0,0
181,1776085909.421831,20.568687999912072, 0.21523999976125197,0,0,27.8,0.0,0
182,1776085909.4480407,18.4255710000798, 0.20634399970731465,0,0,27.8,0.0,0
183,1776085909.4802861,20.108748999973614, 0.21323300006770296,0,0,27.8,0.0,0
184,1776085909.5104518,20.165590000033262, 0.23039600000629434,0,0,27.8,0.0,0
185,1776085909.5415828,20.654695999837713, 0.23955299957378884,0,0,27.8,0.0,0
186,1776085909.5694258,18.99429400009467, 0.2507909998712421,0,0,27.8,0.0,0
187,1776085909.6004298,20.209042000260524, 0.2710339999794087,0,0,27.8,0.0,0
188,1776085909.6330059,20.47968899978514, 0.2587270000731223,0,0,27.8,0.0,0
189,1776085909.659447,18.631721000019752, 0.21763999984614202,0,0,27.8,0.0,0
190,1776085909.6909235,20.499285999903805, 0.2138830000149028,0,0,27.8,0.0,0
191,1776085909.7178597,18.56947600026615, 0.20725500007756636,0,0,27.8,0.0,0
192,1776085909.7484326,19.805930000075023, 0.22243300008994993,0,0,27.8,0.0,0
193,1776085909.7786624,19.87946799999918, 0.2575680000518332,0,0,27.8,0.0,0
194,1776085909.8085046,19.98820600010731, 0.23242999986905488,0,0,27.8,0.0,0
195,1776085909.8334477,17.497782000191364, 0.20553000013023848,0,0,27.8,0.0,0
196,1776085909.8690379,21.244101999855047, 0.2280579997204768,0,0,27.8,0.0,0
197,1776085909.896633,19.179630000053294, 0.2244800002699776,0,0,27.8,0.0,0
198,1776085909.9273353,20.46369500021683, 0.22137099995234166,0,0,27.8,0.0,0
199,1776085909.9566648,18.93765600016195, 0.19930400003431714,0,0,27.8,0.0,0
200,1776085909.9826522,18.121743999927276, 0.2450439997119247,0,0,27.8,0.0,0
201,1776085910.01624,20.347379999748227, 0.2197439998781192,2,0,27.8,0.0,0
202,1776085910.0471447,20.9382199996071, 0.2204659999733849,2,2,27.8,0.0,0
203,1776085910.0760927,20.253448999937973, 0.28870699998151395,12,14,27.8,0.0,0
204,1776085910.3619435,19.12594200030071, 257.56841399970654,7,2,27.8,0.0,0
206,1776085910.3649874,0.24003299995456473, 0.28626799985431717,0,2,27.8,0.0,1
207,1776085910.381769,0.31030500031192787, 0.36706800028696307,0,0,27.8,0.0,1
208,1776085910.4133868,1.6577129999859608, 0.3528600000208826,0,0,27.8,0.0,1
209,1776085910.445605,0.035107000257994514, 0.2725790000113193,0,0,27.8,0.0,1
210,1776085910.471081,0.04309900032239966, 0.33865700015667244,0,0,27.8,0.0,1
211,1776085910.5012038,0.04229500018482213, 0.3452089999882446,0,0,27.8,0.0,1
212,1776085910.5302002,0.04618699995262432, 0.37754000004497357,0,0,27.8,0.0,1
213,1776085910.5599601,0.044115000036981655, 0.35415299998931005,0,0,27.8,0.0,1
214,1776085910.5898345,0.04489599996304605, 0.3674169997793797,0,0,27.8,0.0,1
215,1776085910.6197388,0.06203400016602245, 0.3720360000443179,0,0,27.8,0.0,1
216,1776085910.649261,0.04586000022754888, 0.3891530000146304,0,0,27.8,0.0,1
217,1776085910.6787972,0.04639000007955474, 0.365216000318469,0,0,27.8,0.0,1
218,1776085910.7089746,0.047929000174917746, 0.35590400011642487,0,0,27.8,0.0,1
219,1776085910.7389205,0.04063500000484055, 0.3458930000306282,0,0,27.8,0.0,1
220,1776085910.7680054,0.04235500000504544, 0.3498460000628256,0,0,27.8,0.0,1
221,1776085910.797771,0.06732099973305594, 0.371771000118315,0,0,27.8,0.0,1
222,1776085910.8292327,0.04291200002626283, 0.3161670001645689,0,0,27.8,0.0,1
223,1776085910.8571055,0.04449500011105556, 0.3825700000561483,0,0,27.8,0.0,1
224,1776085910.8869221,0.04202599984637345, 0.3446509999776026,0,0,27.8,0.0,1
225,1776085910.9167254,0.04841400004806928, 0.37932299983367557,0,0,27.8,0.0,1
226,1776085910.946282,0.04619800029104226, 0.39813500006857794,0,0,27.8,0.0,1
227,1776085910.97608,0.041787000100157456, 0.3544350001902785,0,0,27.8,0.0,1
228,1776085911.0057142,0.04342099964560475, 0.3707089999807067,0,0,27.8,0.0,1
229,1776085911.0358682,0.11665500005619833, 0.4299669999454636,0,0,27.8,0.0,1
230,1776085911.0663376,0.042891000248346245, 0.41995500032498967,0,0,27.8,0.0,1
231,1776085911.0961027,0.04155400029048906, 0.3892409999934898,0,0,27.8,0.0,1
232,1776085911.1251903,0.04096300017408794, 0.4095219996997912,0,0,27.8,0.0,1
233,1776085911.1548865,0.1100449999285047, 0.4069609999532986,0,0,27.8,0.0,1
234,1776085911.184426,0.09523700009594904, 0.43443999993542093,0,0,27.8,0.0,1
235,1776085911.2141888,0.041431999761698535, 0.4332859998612548,0,0,27.8,0.0,1
236,1776085911.24412,0.039463000121031655, 0.41693000002851477,0,0,27.8,0.0,1
237,1776085911.274011,0.08412600027440931, 0.441681000211247,0,0,27.8,0.0,1
238,1776085911.3034658,0.04140900000493275, 0.43928100012635696,0,0,27.8,0.0,1
239,1776085911.3334944,0.042794999899342656, 0.42484899995542946,0,0,27.8,0.0,1
239,1776085911.3924952,29.709351000292372, 0.242319999870233,0,0,27.8,0.0,0
240,1776085911.453039,22.806851000041206, 0.24841399999786518,0,0,27.8,0.0,0
241,1776085911.469199,14.370788000178436, 0.21872699971936527,0,0,27.8,0.0,0
242,1776085911.500337,18.92353199991703, 0.2222250000158965,0,0,27.8,0.0,0
243,1776085911.530071,18.928175999917585, 0.2159740001843602,0,0,27.8,0.0,0
244,1776085911.5615256,19.2177960002482, 0.25006600026244996,0,0,27.8,0.0,0
245,1776085911.588026,17.933181999978842, 0.21185300010984065,0,0,27.8,0.0,0
246,1776085911.6195068,18.837533999885636, 0.23193200013338355,0,0,27.8,0.0,0
247,1776085911.6488707,19.222732000343967, 0.2463649998389883,0,0,27.8,0.0,0
248,1776085911.6781144,18.422686000121757, 0.2280439998685324,0,0,27.8,0.0,0
249,1776085911.7083337,18.77230900026916, 0.23081200015440118,0,0,27.8,0.0,0
250,1776085911.7374163,18.731481000031636, 0.22799700036557624,0,0,27.8,0.0,0
251,1776085911.7676365,19.39049700013129, 0.2314809999006684,0,0,27.8,0.0,0
252,1776085911.7970755,18.826106000233267, 0.21616599997287267,0,0,27.8,0.0,0
253,1776085911.827254,19.54161399999066, 0.22193299992068205,0,0,27.8,0.0,0
254,1776085911.856809,19.066843000018707, 0.21647899984600372,0,0,27.8,0.0,0
255,1776085911.8877168,19.79107000033764, 0.26047400024253875,0,0,27.8,0.0,0
256,1776085911.9193158,20.706957999664155, 0.22033100003682193,0,0,27.8,0.0,0
257,1776085911.9480195,19.75495500028046, 0.21266399971864303,0,0,27.8,0.0,0
258,1776085911.9755418,18.401919000098133, 0.2343490000384918,0,0,27.8,0.0,0
259,1776085912.0069487,20.39792900040993, 0.20449700014069094,0,0,27.8,0.0,0
260,1776085912.033428,17.570812000030855, 0.21848999995199847,0,0,27.8,0.0,0
261,1776085912.0672233,20.73478099964632, 0.22017400033291779,0,0,27.8,0.0,0
262,1776085912.0963624,19.856529999742634, 0.22387399985746015,0,0,27.8,0.0,0
263,1776085912.1254134,19.47513999994044, 0.23297899997487548,0,0,27.8,0.0,0
264,1776085912.1562164,20.98104400010925, 0.21356600018407335,0,0,27.8,0.0,0
265,1776085912.1841223,19.391747000099713, 0.20911100000375882,0,0,27.8,0.0,0
266,1776085912.2157247,20.23955200002092, 0.2517180000722874,0,0,27.8,0.0,0
267,1776085912.2444293,19.22133199968812, 0.2324120000594121,0,0,27.8,0.0,0
268,1776085912.273862,19.943786000112596, 0.2260539999952016,0,0,27.8,0.0,0
269,1776085912.3043807,19.660442000258627, 0.2344269996683579,0,0,27.8,0.0,0
270,1776085912.3322937,17.902790999869467, 0.21115799972903915,0,0,27.8,0.0,0
271,1776085912.3601723,18.701241000144364, 0.20410700017237104,0,0,27.8,0.0,0
272,1776085912.3930821,20.334493000063958, 0.23720599983789725,0,0,27.8,0.0,0
273,1776085912.4232805,20.45122400022592, 0.22210399993127794,0,0,27.8,0.0,0
274,1776085912.4530241,19.879949999904056, 0.2173430002585519,0,0,27.8,0.0,0
275,1776085912.4819455,19.618251999872882, 0.20401899973876425,0,0,27.8,0.0,0
276,1776085912.5100918,18.43624999992244, 0.20521599981293548,0,0,27.8,0.0,0
277,1776085912.5413952,20.170210999822302, 0.21927699981461046,0,0,27.8,0.0,0
278,1776085912.5715835,19.666059000428504, 0.21932499976173858,0,0,27.8,0.0,0
279,1776085912.601058,19.531051000285515, 0.20525800027826335,0,0,27.8,0.0,0
280,1776085912.6304736,19.45611699966321, 0.23270199972103,0,0,27.8,0.0,0
281,1776085912.6610692,20.079893000001903, 0.20141999993938953,0,0,27.8,0.0,0
282,1776085912.6905508,19.760377000238805, 0.2379940001446812,0,0,27.8,0.0,0
283,1776085912.7191906,19.23672999964765, 0.2225410003120487,0,0,27.8,0.0,0
284,1776085912.7505748,20.629942000141455, 0.25651299984019715,0,0,27.8,0.0,0
285,1776085912.7795699,20.13072900035695, 0.22425899987865705,0,0,27.8,0.0,0
286,1776085912.8089793,19.50097300004927, 0.21607799999401323,0,0,27.8,0.0,0
287,1776085912.839944,20.79222700012906, 0.20803300003535696,0,0,27.8,0.0,0
288,1776085912.8668342,18.575186999896687, 0.23965099990164163,0,0,27.8,0.0,0
289,1776085912.8997042,20.94514500004152, 0.23677100034547038,0,0,27.8,0.0,0
290,1776085912.9251294,17.735739000272588, 0.2054050000879215,0,0,27.8,0.0,0
291,1776085912.9557514,19.607270000051358, 0.21374000016294303,0,0,27.8,0.0,0
292,1776085912.9871,19.967576999988523, 0.31000699982541846,0,0,27.8,0.0,0
293,1776085913.0211627,22.056212999814306, 0.22862000014356454,0,0,27.8,0.0,0
294,1776085913.0464911,18.39882000012949, 0.22011500004737172,0,0,27.8,0.0,0
295,1776085913.0773056,20.542140000088693, 0.23979000025065034,0,0,27.8,0.0,0
296,1776085913.1059291,19.375153000055434, 0.22753099983674474,0,0,27.8,0.0,0
297,1776085913.1354494,19.070948000262433, 0.23550499963675975,0,0,27.8,0.0,0
298,1776085913.166554,20.857453999724385, 0.23353500000666827,0,0,27.8,0.0,0
299,1776085913.1949503,18.924612999853707, 0.20352600040496327,0,0,27.8,0.0,0
300,1776085913.2247467,18.981618999987404, 0.2193589998569223,0,0,27.8,0.0,0
301,1776085913.2515285,18.046793999928923, 0.24493299997629947,0,0,27.8,0.0,0
302,1776085913.2854686,21.245476999865787, 0.21070599996164674,0,0,27.8,0.0,0
303,1776085913.3119345,18.692137000016373, 0.2033859996117826,0,0,27.8,0.0,0
304,1776085913.344233,20.186439999633876, 0.2124930001627945,0,0,27.8,0.0,0
305,1776085913.374721,20.350259999759146, 0.24475400005030679,0,0,27.8,0.0,0
306,1776085913.4022424,18.942488999982743, 0.20844299979216885,0,0,27.8,0.0,0
307,1776085913.4312043,19.37454400012939, 0.23974200030352222,0,0,27.8,0.0,0
308,1776085913.4644213,20.797688999664388, 0.23582199992233654,0,0,27.8,0.0,0
309,1776085913.4918973,18.579012999907718, 0.20246399981260765,0,0,27.8,0.0,0
310,1776085913.5220082,19.604150999839476, 0.20254300034139305,0,0,27.8,0.0,0
311,1776085913.5503328,19.503582999732316, 0.20322199998190627,0,0,27.8,0.0,0
312,1776085913.5793242,19.113156000003073, 0.2327780002815416,0,0,27.8,0.0,0
313,1776085913.612423,20.931912999913038, 0.22419600009015994,0,0,27.8,0.0,0
314,1776085913.640648,19.61814800006323, 0.21706000006815884,0,0,27.8,0.0,0
315,1776085913.6714847,20.23043500003041, 0.2189869996982452,0,0,27.8,0.0,0
316,1776085913.700583,19.58989800004929, 0.2724129999478464,0,0,27.8,0.0,0
317,1776085913.7317033,20.484653000039543, 0.2503830000932794,0,0,27.8,0.0,0
318,1776085913.7588797,18.430689000069833, 0.22280800021690084,0,0,27.8,0.0,0
319,1776085913.7893586,19.628488999842375, 0.2378330000283313,0,0,27.8,0.0,0
320,1776085913.819604,18.88256399979582, 0.20817200038436567,0,0,27.8,0.0,0
321,1776085913.8490744,20.04935100012517, 0.2183560000048601,0,0,27.8,0.0,0
322,1776085913.8756568,18.363366999892605, 0.2249609997306834,0,0,27.8,0.0,0
323,1776085913.9092534,20.26836100003493, 0.21366900000430178,0,0,27.8,0.0,0
324,1776085913.9388506,20.41959300004237, 0.21816600019519683,0,0,27.8,0.0,0
325,1776085913.9676697,19.483948000015516, 0.22558399996341905,0,0,27.8,0.0,0
326,1776085914.0008821,22.993365999809612, 0.29682500007766066,0,0,27.8,0.0,0
327,1776085914.025012,17.552605999753723, 0.20615699986592517,0,0,27.8,0.0,0
328,1776085914.057695,20.50703099985185, 0.21367699991969857,0,0,27.8,0.0,0
329,1776085914.0879908,19.86371299972234, 0.20352899991848972,0,0,27.8,0.0,0
330,1776085914.112585,16.610962999948242, 0.2096170001095743,0,0,27.8,0.0,0
331,1776085914.1445959,19.84145999995235, 0.23173499994300073,0,0,27.8,0.0,0
332,1776085914.1773338,20.984078999845224, 0.21650300004694145,0,0,27.8,0.0,0
333,1776085914.207436,21.54589500014481, 0.3137260000585229,0,0,27.8,0.0,0
334,1776085914.2339704,18.692575999921246, 0.2305519997207739,0,0,27.8,0.0,0
335,1776085914.2658222,20.205939000334183, 0.23909299989099964,0,0,27.8,0.0,0
336,1776085914.2947574,19.294188000003487, 0.21592400025838288,0,0,27.8,0.0,0
337,1776085914.3264213,20.366444000046613, 0.21961999982522684,0,0,27.8,0.0,0
338,1776085914.3540702,19.105259999832924, 0.20256400011930964,0,0,27.8,0.0,0
339,1776085914.3830218,18.833124000138923, 0.20451899990803213,0,0,27.8,0.0,0
340,1776085914.4132464,19.9389610002072, 0.20715899972856278,0,0,27.8,0.0,0
341,1776085914.4434252,19.76896999985911, 0.22030500031178235,0,0,27.8,0.0,0
342,1776085914.4733102,20.275181999750203, 0.23289299997486523,0,0,27.8,0.0,0
343,1776085914.500031,18.73749200012753, 0.21932700019533513,0,0,27.8,0.0,0
344,1776085914.5324545,20.666984999934357, 0.21981999998388346,0,0,27.8,0.0,0
345,1776085914.5621216,20.293858999593795, 0.21694999986721086,0,0,27.8,0.0,0
346,1776085914.5938485,20.358799999939947, 0.24136799993357272,0,0,27.8,0.0,0
347,1776085914.6212413,19.311481999920943, 0.21357000014177174,0,0,27.8,0.0,0
348,1776085914.6500425,19.005804000244098, 0.20692199996119598,0,0,27.8,0.0,0
349,1776085914.681753,20.1185149999219, 0.23906300020826166,0,0,27.8,0.0,0
350,1776085914.7117014,19.13411699979406, 0.2212260001215327,0,0,27.8,0.0,0
351,1776085914.7398787,19.200985999759723, 0.20525600029941415,0,0,27.8,0.0,0
352,1776085914.7681227,19.28949900002408, 0.20275800034141866,0,0,27.8,0.0,0
353,1776085914.8008726,20.290034000026935, 0.2593099998193793,0,0,27.8,0.0,0
354,1776085914.8299735,19.8790409999674, 0.22263000028033275,0,0,27.8,0.0,0
355,1776085914.8597765,20.181239000066853, 0.21275300014167442,0,0,27.8,0.0,0
356,1776085914.8866842,18.835449000107474, 0.24332900011359015,0,0,27.8,0.0,0
357,1776085914.919814,20.18490099999326, 0.21614599972963333,0,0,27.8,0.0,0
358,1776085914.9489877,19.80292999996891, 0.22130500019557076,0,0,27.8,0.0,0
359,1776085914.9777033,18.672139000045718, 0.30297900002551614,0,0,27.8,0.0,0
360,1776085915.0094714,20.325195000168605, 0.24462500005029142,0,0,27.8,0.0,0
361,1776085915.0363982,18.319853000321018, 0.2365199998166645,0,0,27.8,0.0,0
362,1776085915.0667424,19.404907999614807, 0.23070100041877595,0,0,27.8,0.0,0
363,1776085915.0932822,17.619704000026104, 0.21578899986707256,0,0,27.8,0.0,0
364,1776085915.125856,19.58617199989021, 0.22291699997367687,0,0,27.8,0.0,0
365,1776085915.155552,19.382151999707276, 0.24708299997655558,0,0,27.8,0.0,0
366,1776085915.1850638,19.095197999831726, 0.22325300005832105,0,0,27.8,0.0,0
367,1776085915.2139506,18.69859999987966, 0.24486700021952856,0,0,27.8,0.0,0
368,1776085915.243833,19.000905999746465, 0.2229270003226702,0,0,27.8,0.0,0
369,1776085915.2719269,17.87643699981345, 0.22175999993123696,0,0,27.8,0.0,0
370,1776085915.3078334,20.535225000003265, 0.2357409998694493,0,0,27.8,0.0,0
371,1776085915.3321178,17.51176600009785, 0.2150969999092922,0,0,27.8,0.0,0
372,1776085915.361936,18.77820099980454, 0.21924300017417409,0,0,27.8,0.0,0
373,1776085915.393732,19.784092000008968, 0.23509599986937246,0,0,27.8,0.0,0
374,1776085915.422246,18.902088000231743, 0.21864400014237617,0,0,27.8,0.0,0
375,1776085915.4533043,19.65932300026907, 0.22492900006909622,0,0,27.8,0.0,0
376,1776085915.481159,18.119391999789514, 0.221949000206223,0,0,27.8,0.0,0
377,1776085915.5115712,19.26432299978842, 0.23361699959423277,0,0,27.8,0.0,0
378,1776085915.5413036,18.682794000142167, 0.21419299991976004,0,0,27.8,0.0,0
379,1776085915.5707006,19.073873999786883, 0.2391360003457521,0,0,27.8,0.0,0
380,1776085915.6016932,18.910811999830912, 0.2326300000277115,0,0,27.8,0.0,0
381,1776085915.6309235,19.092261999958282, 0.24904900010369602,0,0,27.8,0.0,0
382,1776085915.6616776,19.18649000026562, 0.22212700014279108,0,0,27.8,0.0,0
383,1776085915.6896012,18.639392999830307, 0.2579570000307285,0,0,27.8,0.0,0
384,1776085915.7201095,19.12123900001461, 0.21779600001536892,0,0,27.8,0.0,0
385,1776085915.7496612,19.156956000188075, 0.22088500008976553,0,0,27.8,0.0,0
386,1776085915.7789433,18.94272700019428, 0.23715900033494108,0,0,27.8,0.0,0
387,1776085915.8075495,18.069229000047926, 0.26343499985159724,0,0,27.8,0.0,0
388,1776085915.838949,19.472640000003594, 0.22797299970989116,0,0,27.8,0.0,0
389,1776085915.8698008,19.213834999845858, 0.26773699983095867,0,0,27.8,0.0,0
390,1776085915.8965888,16.807197000161977, 0.26885099987339345,0,0,27.8,0.0,0
391,1776085915.927916,19.292495000172494, 0.2256510001643619,0,0,27.8,0.0,0
392,1776085915.9563756,18.721234999702574, 0.23138300002756296,0,0,27.8,0.0,0
393,1776085915.9887173,20.19670000026963, 0.2087359998768079,0,0,27.8,0.0,0
394,1776085916.0153735,17.871230999844556, 0.22506799996335758,0,0,27.8,0.0,0
395,1776085916.0489693,21.940226999959123, 0.23507800005972967,2,2,27.8,0.0,0
396,1776085916.079292,20.77398000028552, 0.2279949999319797,8,0,27.8,0.0,0
397,1776085916.1084697,20.405478000157018, 0.2551390002736298,8,8,27.8,0.0,0
398,1776085916.134198,18.31130900018252, 0.27308500011713477,3,11,27.8,0.0,0
399,1776085916.4219913,19.820544000140217, 256.8708610001522,0,4,27.8,0.0,0
401,1776085916.4253302,0.35026500017920625, 0.30740700003661914,0,4,27.8,0.0,1
402,1776085916.4444757,0.3807230000347772, 0.3871980002259079,0,0,27.8,0.0,1
403,1776085916.4749324,0.04145200000493787, 0.3164579998156114,0,0,27.8,0.0,1
404,1776085916.5047238,1.820712000153435, 0.32672199995431583,0,0,27.8,0.0,1
405,1776085916.5371206,0.03762799997275579, 0.26204999994661193,0,0,27.8,0.0,1
406,1776085916.5618086,0.03271099967605551, 0.2631580000524991,0,0,27.8,0.0,1
407,1776085916.5929978,0.09900599980028346, 0.44244799983061966,0,0,27.8,0.0,1
408,1776085916.6223764,0.040162000004784204, 0.43425000012575765,0,0,27.8,0.0,1
409,1776085916.652043,0.04408099994179793, 0.4278100000192353,0,0,27.8,0.0,1
410,1776085916.6821198,0.08541900024283677, 0.38540200011993875,0,0,27.8,0.0,1
411,1776085916.7122915,0.04453900010048528, 0.41269800021837,0,0,27.8,0.0,1
412,1776085916.7416935,0.05080500022813794, 0.47846300003584474,0,0,27.8,0.0,1
413,1776085916.7714758,0.045992999730515294, 0.49722499989002245,0,0,27.8,0.0,1
414,1776085916.8008726,0.039386000025842804, 0.4098670001440041,0,0,27.8,0.0,1
415,1776085916.8302584,0.03852100007861736, 0.465060999886191,0,0,27.8,0.0,1
416,1776085916.8604727,0.04332100024839747, 0.48431300001539057,0,0,27.8,0.0,1
417,1776085916.8900971,0.04354900011094287, 0.4820809999728226,0,0,27.8,0.0,1
418,1776085916.9193902,0.040421999983664136, 0.43511199964996194,0,0,27.8,0.0,1
419,1776085916.949368,0.041680999856907874, 0.42620499971235404,0,0,27.8,0.0,1
420,1776085916.9797356,0.11762800022552256, 0.4382229999464471,0,0,27.8,0.0,1
421,1776085917.0084348,0.052816999868809944, 0.4021310001007805,0,0,27.8,0.0,1
422,1776085917.0385544,0.04188599996268749, 0.3424020001148165,0,0,27.8,0.0,1
423,1776085917.0691454,0.040268999782711035, 0.31780100016476354,0,0,27.8,0.0,1
424,1776085917.0972886,0.046084000132395886, 0.37621799992848537,0,0,27.8,0.0,1
425,1776085917.127281,0.05229299995335168, 0.37829099983355263,0,0,27.8,0.0,1
426,1776085917.1567123,0.04113199975108728, 0.371198000266304,0,0,27.8,0.0,1
427,1776085917.1863823,0.04663900017476408, 0.4055849999531347,0,0,27.8,0.0,1
428,1776085917.2165186,0.05039000006945571, 0.37025099982201937,0,0,27.8,0.0,1
429,1776085917.2459576,0.04829899989999831, 0.3866039996864856,0,0,27.8,0.0,1
430,1776085917.2759457,0.04389500008983305, 0.34374200004094746,0,0,27.8,0.0,1
431,1776085917.3057716,0.04548300012174877, 0.3456579997873632,0,0,27.8,0.0,1
432,1776085917.3354373,0.04925900020680274, 0.380940000013652,0,0,27.8,0.0,1
433,1776085917.3646734,0.042161000237683766, 0.36600299972633366,0,0,27.8,0.0,1
434,1776085917.3944044,0.045015000068815425, 0.39777800020601717,0,0,27.8,0.0,1
434,1776085917.4429018,18.551977000242914, 0.21508700001504621,0,0,27.8,0.0,0
435,1776085917.4907622,22.364103999734652, 0.30954700014262926,0,0,27.8,0.0,0
436,1776085917.5089529,16.391722999742342, 0.23150100014390773,0,0,27.8,0.0,0
437,1776085917.5239835,11.808891000328003, 0.20694100021501072,0,0,27.8,0.0,0
438,1776085917.5635707,21.092430999942735, 0.25627800005167956,0,0,27.8,0.0,0
439,1776085917.5939538,20.220291999976325, 0.24257599989141454,0,0,27.8,0.0,0
440,1776085917.623271,19.27647499996965, 0.21640199975081487,0,0,27.8,0.0,0
441,1776085917.6520443,19.195048999790743, 0.2978100001200801,0,0,27.8,0.0,0
442,1776085917.683059,19.69455399967046, 0.2067499999611755,0,0,27.8,0.0,0
443,1776085917.7115715,19.369288999769196, 0.23507400010203128,0,0,27.8,0.0,0
444,1776085917.741928,20.419460000084655, 0.21777299980385578,0,0,27.8,0.0,0
445,1776085917.7716918,20.177908999812644, 0.23314600002777297,0,0,27.8,0.0,0
446,1776085917.7988057,18.915005000053497, 0.2037079998444824,0,0,27.8,0.0,0
447,1776085917.8323298,20.31468199993469, 0.23172400005933014,0,0,27.8,0.0,0
448,1776085917.860237,19.152160999965417, 0.2340239998375182,0,0,27.8,0.0,0
449,1776085917.8909419,20.217470999796205, 0.21824799978276133,0,0,27.8,0.0,0
450,1776085917.91774,18.724268000369193, 0.22421399989980273,0,0,27.8,0.0,0
451,1776085917.951961,20.773587999883603, 0.2193679997617437,0,0,27.8,0.0,0
452,1776085917.9773333,17.231570000149077, 0.22182199973030947,0,0,27.8,0.0,0
453,1776085918.00952,20.115431000249373, 0.24272500013466924,0,0,27.8,0.0,0
454,1776085918.03884,19.737994000024628, 0.22803800038673216,0,0,27.8,0.0,0
455,1776085918.0686548,20.009145999665634, 0.2984450002259109,0,0,27.8,0.0,0
456,1776085918.0980237,19.64739000004556, 0.22260099967752467,0,0,27.8,0.0,0
457,1776085918.1284661,20.218562000081874, 0.2364520000810444,0,0,27.8,0.0,0
458,1776085918.156533,19.003114000042842, 0.22148400012156344,0,0,27.8,0.0,0
459,1776085918.1855223,19.577755000227626, 0.237997000112955,0,0,27.8,0.0,0
460,1776085918.2188313,20.799458000055893, 0.2160529998036509,0,0,27.8,0.0,0
461,1776085918.2432127,17.624425000121846, 0.20940300009897328,0,0,27.8,0.0,0
462,1776085918.2767873,19.93067199964571, 0.2435820001664979,0,0,27.8,0.0,0
463,1776085918.3068795,20.64085400024851, 0.22236000040720683,0,0,27.8,0.0,0
464,1776085918.3331525,18.542902000262984, 0.20192299962218385,0,0,27.8,0.0,0
465,1776085918.3664143,21.040022000306635, 0.23451299966836814,0,0,27.8,0.0,0
466,1776085918.3948627,19.830600999739545, 0.20643000016207225,0,0,27.8,0.0,0
467,1776085918.4252174,19.53549199970439, 0.21767299995190115,0,0,27.8,0.0,0
468,1776085918.4553676,20.106254999973316, 0.24134700015565613,0,0,27.8,0.0,0
469,1776085918.4844463,19.12861899972995, 0.23768500022924854,0,0,27.8,0.0,0
470,1776085918.5108414,18.245549000312167, 0.20694799968623556,0,0,27.8,0.0,0
471,1776085918.544385,20.474264999847946, 0.2293939996889094,0,0,27.8,0.0,0
472,1776085918.5736375,18.855454999993526, 0.23684600000706268,0,0,27.8,0.0,0
473,1776085918.6033406,19.340802999977313, 0.2340099999855738,0,0,27.8,0.0,0
474,1776085918.6336327,20.22978599961789, 0.22654599979432533,0,0,27.8,0.0,0
475,1776085918.6629872,19.644544000129827, 0.21523800023715012,0,0,27.8,0.0,0
476,1776085918.691049,18.71587499999805, 0.2054149999821675,0,0,27.8,0.0,0
477,1776085918.722567,20.29274999995323, 0.24794099999780883,0,0,27.8,0.0,0
478,1776085918.752776,20.19533299971954, 0.26938300015899586,0,0,27.8,0.0,0
479,1776085918.7807174,18.598023999857105, 0.23306000002776273,0,0,27.8,0.0,0
480,1776085918.8114405,20.06330699987302, 0.24383299978580908,0,0,27.8,0.0,0
481,1776085918.8413002,19.678911000028165, 0.2295260001119459,0,0,27.8,0.0,0
482,1776085918.8713927,18.71781199997713, 0.24602500025139307,0,0,27.8,0.0,0
483,1776085918.8996892,18.78292399987913, 0.22635599998466205,0,0,27.8,0.0,0
484,1776085918.9309454,20.50321500018981, 0.22050799998396542,0,0,27.8,0.0,0
485,1776085918.9606884,19.762396000260196, 0.24098700032482157,0,0,27.8,0.0,0
486,1776085918.9910178,20.962598000096477, 0.23792799993316294,0,0,27.8,0.0,0
487,1776085919.0198088,19.492570999773307, 0.20454800005609286,0,0,27.8,0.0,0
488,1776085919.049009,19.52475799998865, 0.21440899990921025,0,0,27.8,0.0,0
489,1776085919.0781112,19.216865000089456, 0.2058049999504874,0,0,27.8,0.0,0
490,1776085919.1091423,20.166865000192047, 0.20088700011910987,0,0,27.8,0.0,0
491,1776085919.1388328,19.79733899997882, 0.27869599989571725,0,0,27.8,0.0,0
492,1776085919.1663988,18.96503499983737, 0.23461499995391932,0,0,27.8,0.0,0
493,1776085919.1980848,20.219166000060795, 0.22187500007930794,0,0,27.8,0.0,0
494,1776085919.2288256,20.57735300013519, 0.23305699960474158,1,1,27.8,0.0,0
495,1776085919.2539933,17.9672340000252, 0.1977189999706752,4,0,27.8,0.0,0
496,1776085919.28853,20.887918999960675, 0.22668400015390944,4,4,27.8,0.0,0
497,1776085919.3159187,19.10053900019193, 0.22790899993196945,2,4,27.8,0.0,0
498,1776085919.603404,19.57762999973056, 257.68077899965647,2,3,27.8,0.0,0
500,1776085919.606486,0.2782030001071689, 0.29817499989803764,0,3,27.8,0.0,1
501,1776085919.623328,0.3552220000528905, 0.3603199997996853,0,2,27.8,0.0,1
502,1776085919.654489,1.8317300000489922, 0.35218500033806777,0,0,27.8,0.0,1
503,1776085919.6869175,0.035927999761042884, 0.26619599975674646,0,0,27.8,0.0,1
504,1776085919.7129579,0.0434280000263243, 0.34252900013598264,0,0,27.8,0.0,1
505,1776085919.7436411,0.03728700039573596, 0.32632000011290074,0,0,27.8,0.0,1
506,1776085919.771602,0.04462199967747438, 0.3654629999800818,0,0,27.8,0.0,1
507,1776085919.8017316,0.06181799972182489, 0.3602369997679489,0,0,27.8,0.0,1
508,1776085919.831422,0.05170600024939631, 0.38542699985555373,0,0,27.8,0.0,1
509,1776085919.861068,0.04969000019627856, 0.3727550001713098,0,0,27.8,0.0,1
510,1776085919.8906243,0.04551299980448675, 0.4386119999253424,0,0,27.8,0.0,1
511,1776085919.9203618,0.0479169998470752, 0.3886330000568705,0,0,27.8,0.0,1
512,1776085919.9502172,0.04576799983624369, 0.3511859999889566,0,0,27.8,0.0,1
513,1776085919.980661,0.05170300028112251, 0.33479200010333443,0,0,27.8,0.0,1
514,1776085920.010229,0.04612800012182561, 0.3735710001819825,0,0,27.8,0.0,1
515,1776085920.039784,0.04584099997373414, 0.35218200036979397,0,0,27.8,0.0,1
516,1776085920.069283,0.04317999992053956, 0.3453190001891926,0,0,27.8,0.0,1
517,1776085920.0989835,0.04243299963491154, 0.33971099992413656,0,0,27.8,0.0,1
518,1776085920.1289227,0.04262199990989757, 0.3384399997230503,0,0,27.8,0.0,1
519,1776085920.1582584,0.041789000079006655, 0.3430619999562623,0,0,27.8,0.0,1
520,1776085920.1880562,0.04406200014273054, 0.34415299978718394,0,0,27.8,0.0,1
521,1776085920.2178433,0.046984999698906904, 0.365346000307909,0,0,27.8,0.0,1
522,1776085920.2475724,0.04866099970968207, 0.3929169997718418,0,0,27.8,0.0,1
523,1776085920.2767315,0.06587300003957353, 0.34795500005202484,0,0,27.8,0.0,1
524,1776085920.307261,0.042299000142520526, 0.34081300009347615,0,0,27.8,0.0,1
525,1776085920.3383408,0.04759900002682116, 0.18945300007544574,0,0,27.8,0.0,1
526,1776085920.3660662,0.04519100002653431, 0.38484800006699516,0,0,27.8,0.0,1
527,1776085920.3957977,0.04632799982573488, 0.3708509998432419,0,0,27.8,0.0,1
528,1776085920.4257295,0.059844000134035014, 0.3453750000517175,0,0,27.8,0.0,1
529,1776085920.455154,0.0469869996777561, 0.412951999805955,0,0,27.8,0.0,1
530,1776085920.4852848,0.04931600005875225, 0.39011799981381046,0,0,27.8,0.0,1
531,1776085920.5145018,0.04502100000536302, 0.3682690003188327,0,0,27.8,0.0,1
532,1776085920.5448394,0.05032699982621125, 0.3763599997910205,0,0,27.8,0.0,1
533,1776085920.5754275,0.0410149996241671, 0.5081220001557085,0,0,27.8,0.0,1
533,1776085920.632853,28.828173999954743, 0.24225599963756395,0,0,27.8,0.0,0
534,1776085920.649457,13.243337999938376, 0.236986000345496,0,0,27.8,0.0,0
535,1776085920.6819692,19.14063799995347, 0.23274500017578248,0,0,27.8,0.0,0
536,1776085920.7119398,18.60182700011137, 0.20691999998234678,0,0,27.8,0.0,0
537,1776085920.7474062,20.61945100012963, 0.3325840002617042,0,0,27.8,0.0,0
538,1776085920.7701836,16.39828099996521, 0.21327100012058509,0,0,27.8,0.0,0
539,1776085920.7993298,18.55013999966104, 0.21623700013151392,0,0,27.8,0.0,0
540,1776085920.831875,20.22454200005086, 0.23832700026105158,0,0,27.8,0.0,0
541,1776085920.8606317,18.626881999807665, 0.24084999995466205,0,0,27.8,0.0,0
542,1776085920.8897407,18.56220999979996, 0.2757180000116932,0,0,27.8,0.0,0
543,1776085920.9192524,18.00575499964907, 0.2276089999213582,0,0,27.8,0.0,0
544,1776085920.950281,19.362774999990506, 0.22359100012181443,0,0,27.8,0.0,0
545,1776085920.9772546,18.108221999682428, 0.22195800011104438,0,0,27.8,0.0,0
546,1776085921.0083883,18.679096999676403, 0.23166500022853143,0,0,27.8,0.0,0
547,1776085921.0383866,18.70526799984873, 0.23558900011266815,0,0,27.8,0.0,0
548,1776085921.0681946,18.943608999961725, 0.22463300001618336,0,0,27.8,0.0,0
549,1776085921.0981538,18.925593999938428, 0.22076000004744856,0,0,27.8,0.0,0
550,1776085921.1261828,18.48425399975895, 0.2129360000253655,0,0,27.8,0.0,0
551,1776085921.1576695,19.518237999818666, 0.22664100015390432,0,0,27.8,0.0,0
552,1776085921.1869512,18.306985999970493, 0.2282179998474021,0,0,27.8,0.0,0
553,1776085921.217504,19.225164000090444, 0.22780499966756906,0,0,27.8,0.0,0
554,1776085921.247262,18.430311999964033, 0.21358300000429153,0,0,27.8,0.0,0
555,1776085921.275834,18.2316919999721, 0.22037600001567625,0,0,27.8,0.0,0
556,1776085921.304686,18.382045999715046, 0.22314299985737307,0,0,27.8,0.0,0
557,1776085921.3362472,19.723454999621026, 0.266451999777928,0,0,27.8,0.0,0
558,1776085921.3663418,19.66932999994242, 0.24627199991300586,0,0,27.8,0.0,0
559,1776085921.3953915,18.81758899980923, 0.22646900015388383,0,0,27.8,0.0,0
560,1776085921.4267669,20.632837999983167, 0.24813200025164406,0,0,27.8,0.0,0
561,1776085921.4565575,20.250812000085716, 0.21860500010006945,0,0,27.8,0.0,0
562,1776085921.4854414,19.514765000167245, 0.22697199983667815,0,0,27.8,0.0,0
563,1776085921.5158052,19.80065999987346, 0.23687699967922526,0,0,27.8,0.0,0
564,1776085921.5448422,18.656349000139016, 0.21359599986681133,0,0,27.8,0.0,0
565,1776085921.5754814,20.03712199984875, 0.21739799967690487,0,0,27.8,0.0,0
566,1776085921.604926,20.2296480001678, 0.20303799965404323,0,0,27.8,0.0,0
567,1776085921.6337113,19.548483999642485, 0.2201329998570145,0,0,27.8,0.0,0
568,1776085921.6644106,19.782232000125077, 0.2202890000262414,0,0,27.8,0.0,0
569,1776085921.6951287,20.8222679998471, 0.21400400009952136,0,0,27.8,0.0,0
570,1776085921.719454,17.382242000167025, 0.2253479997307295,0,0,27.8,0.0,0
571,1776085921.7543418,20.84066099996562, 0.21303099993019714,0,0,27.8,0.0,0
572,1776085921.7810817,19.18614600026558, 0.20874300025752746,0,0,27.8,0.0,0
573,1776085921.8110826,19.493538999995508, 0.2042549999714538,0,0,27.8,0.0,0
574,1776085921.8407264,19.47714800007816, 0.24433299995507696,0,0,27.8,0.0,0
575,1776085921.8739312,21.186807000049157, 0.2376020001975121,0,0,27.8,0.0,0
576,1776085921.9021778,19.692591999955766, 0.20649799989769235,0,0,27.8,0.0,0
577,1776085921.9308317,19.471593000162102, 0.22170500005813665,0,0,27.8,0.0,0
578,1776085921.961215,19.592430000102468, 0.2299829998264613,0,0,27.8,0.0,0
579,1776085921.993192,21.68940800038399, 0.2247239999633166,0,0,27.8,0.0,0
580,1776085922.0191057,18.222945000161417, 0.20622700003514183,0,0,27.8,0.0,0
581,1776085922.049254,19.891205000021728, 0.2238780002699059,0,0,27.8,0.0,0
582,1776085922.0774474,18.48374699966371, 0.25439799992454937,0,0,27.8,0.0,0
583,1776085922.1098135,20.8151319998251, 0.2203880003435188,0,0,27.8,0.0,0
584,1776085922.1394873,18.784109000080207, 0.23564000002807006,0,0,27.8,0.0,0
585,1776085922.1689758,19.73673099973894, 0.20515899996098597,0,0,27.8,0.0,0
586,1776085922.1995945,20.07237499992698, 0.264135999714199,0,0,27.8,0.0,0
587,1776085922.227385,19.97354600007384, 0.21941799968772102,0,0,27.8,0.0,0
588,1776085922.2586355,20.178078000299138, 0.25231699964933796,0,0,27.8,0.0,0
589,1776085922.2874992,19.372811999801343, 0.21631699974022922,0,0,27.8,0.0,0
590,1776085922.318788,20.305446999827836, 0.24907900024118135,0,0,27.8,0.0,0
591,1776085922.348493,20.030953000059526, 0.24623900026199408,0,0,27.8,0.0,0
592,1776085922.3766594,19.20467500031009, 0.20998399986638105,0,0,27.8,0.0,0
593,1776085922.4078655,20.153729999947245, 0.26242200010528904,0,0,27.8,0.0,0
594,1776085922.4401972,19.661329999962618, 0.21554600016315817,0,0,27.8,0.0,0
595,1776085922.4663258,18.73614499982068, 0.2507839999452699,0,0,27.8,0.0,0
596,1776085922.4964025,19.78047400007199, 0.23547399996459717,0,0,27.8,0.0,0
597,1776085922.5264988,19.9403199999324, 0.24947900010374724,0,0,27.8,0.0,0
598,1776085922.5552723,19.4499120002547, 0.223621999793977,0,0,27.8,0.0,0
599,1776085922.5855901,20.177650999812613, 0.2441850001559942,0,0,27.8,0.0,0
600,1776085922.6151903,19.687076000082016, 0.2165969999623485,0,0,27.8,0.0,0
601,1776085922.643731,19.208553999760625, 0.2449520002301142,0,0,27.8,0.0,0
602,1776085922.6757817,20.54819300019517, 0.224956999772985,0,0,27.8,0.0,0
603,1776085922.7047045,19.420987000103196, 0.22536500000569504,0,0,27.8,0.0,0
604,1776085922.73276,18.649394000021857, 0.24079300010271254,0,0,27.8,0.0,0
605,1776085922.7635715,20.3665250000995, 0.24785699997664778,0,0,27.8,0.0,0
606,1776085922.7931416,19.542682000064815, 0.21019200039518182,0,0,27.8,0.0,0
607,1776085922.8233328,19.78299899974445, 0.21490300014193053,0,0,27.8,0.0,0
608,1776085922.853118,19.925196999793116, 0.2036519999819575,0,0,27.8,0.0,0
609,1776085922.8829515,19.89805700031866, 0.2147980003428529,0,0,27.8,0.0,0
610,1776085922.9117143,20.17400800014002, 0.23966900016603176,0,0,27.8,0.0,0
611,1776085922.9432006,20.343904000128532, 0.22219500033315853,0,0,27.8,0.0,0
612,1776085922.9710958,18.755936999696132, 0.21195300041654264,0,0,27.8,0.0,0
613,1776085923.001039,19.43498599985105, 0.21556000001510256,0,0,27.8,0.0,0
614,1776085923.0312963,19.26558000013756, 0.24429099994449643,0,0,27.8,0.0,0
615,1776085923.0610518,19.685882999965543, 0.2078310003525985,0,0,27.8,0.0,0
616,1776085923.0906107,19.8315590000675, 0.24931799998739734,0,0,27.8,0.0,0
617,1776085923.1196368,19.6483330000774, 0.24195600008170004,0,0,27.8,0.0,0
618,1776085923.150301,19.645351999770355, 0.22575100001631654,0,0,27.8,0.0,0
619,1776085923.1797273,19.412624999858963, 0.23633099999642582,0,0,27.8,0.0,0
620,1776085923.2092905,19.643441999960487, 0.22285200020633056,0,0,27.8,0.0,0
621,1776085923.2390757,19.40060800006904, 0.21379400004661875,0,0,27.8,0.0,0
622,1776085923.2686257,20.022849999804748, 0.22856799978399067,0,0,27.8,0.0,0
623,1776085923.3010118,21.184911000091233, 0.21436399993035593,0,0,27.8,0.0,0
624,1776085923.3263142,17.034306999903492, 0.20538099988698377,0,0,27.8,0.0,0
625,1776085923.3577168,19.783760999871447, 0.22171799992065644,0,0,27.8,0.0,0
626,1776085923.3884895,20.334041000296565, 0.22018799973011483,0,0,27.8,0.0,0
627,1776085923.4167001,19.17630200023268, 0.2324899996892782,0,0,27.8,0.0,0
628,1776085923.4472768,19.637045999843394, 0.23559600003864034,0,0,27.8,0.0,0
629,1776085923.477708,20.372997000322357, 0.23500999986936222,0,0,27.8,0.0,0
630,1776085923.5058494,19.110171000193077, 0.23114800023904536,0,0,27.8,0.0,0
631,1776085923.5360487,19.990737999705743, 0.21986599995216238,0,0,27.8,0.0,0
632,1776085923.566555,19.90724200004479, 0.2393780000602419,0,0,27.8,0.0,0
633,1776085923.5950007,18.83872300004441, 0.20842999992964906,0,0,27.8,0.0,0
634,1776085923.6257384,19.67924199971094, 0.2123080003002542,0,0,27.8,0.0,0
635,1776085923.6557047,20.341269000255124, 0.22362900017469656,0,0,27.8,0.0,0
636,1776085923.6843138,19.591372000377305, 0.2102349999404396,0,0,27.8,0.0,0
637,1776085923.7156322,20.177404999685677, 0.22243200010052533,0,0,27.8,0.0,0
638,1776085923.7435308,19.298571000035736, 0.23848699993322953,0,0,27.8,0.0,0
639,1776085923.7732253,19.42910399975517, 0.2279740001540631,0,0,27.8,0.0,0
640,1776085923.8041618,20.045428999765136, 0.2310959998794715,0,0,27.8,0.0,0
641,1776085923.8332987,19.522093999967183, 0.22980000039751758,0,0,27.8,0.0,0
642,1776085923.8632019,19.293726999876526, 0.2312520000486984,0,0,27.8,0.0,0
643,1776085923.8919537,18.94999900014227, 0.21436199995150673,0,0,27.8,0.0,0
644,1776085923.9228344,19.494699999995646, 0.19719500005521695,0,0,27.8,0.0,0
645,1776085923.9512393,18.794281000282353, 0.22878900017531123,0,0,27.8,0.0,0
646,1776085923.9822567,19.982884000000922, 0.28721599983327906,0,0,27.8,0.0,0
647,1776085924.0113893,19.970916000147554, 0.21729199988840264,0,0,27.8,0.0,0
648,1776085924.041767,19.739818000289233, 0.2504459998817765,0,0,27.8,0.0,0
649,1776085924.0710588,19.70668400008435, 0.21428499985631788,0,0,27.8,0.0,0
650,1776085924.102049,20.674859999871842, 0.21647700032190187,0,0,27.8,0.0,0
651,1776085924.126259,17.19209199973193, 0.20669300010922598,0,0,27.8,0.0,0
652,1776085924.161108,20.806061000257614, 0.23139699987950735,0,0,27.8,0.0,0
653,1776085924.189851,19.544957000107388, 0.20375299982333672,0,0,27.8,0.0,0
654,1776085924.2190247,18.5155020003549, 0.20537199998216238,0,0,27.8,0.0,0
655,1776085924.24917,19.744312000057107, 0.21754699992015958,0,0,27.8,0.0,0
656,1776085924.2763064,19.037765000121, 0.20714599986604298,0,0,27.8,0.0,0
657,1776085924.308904,20.423449000190885, 0.21882100008951966,1,1,27.8,0.0,0
658,1776085924.3394141,20.355619999918417, 0.21943599995211116,2,2,27.8,0.0,0
659,1776085924.6281145,20.163347000107024, 259.3108400001256,3,3,27.8,0.0,0
661,1776085924.632414,0.373096000203077, 0.3704739997374418,0,3,27.8,0.0,1
662,1776085924.6479154,2.3508540002694644, 0.39006399993013474,0,3,27.8,0.0,1
663,1776085924.6809044,0.24864599981810898, 0.27425300004324527,0,3,27.8,0.0,1
664,1776085924.7059884,0.45185599992692005, 0.4120189996683621,0,0,27.8,0.0,1
665,1776085924.7352898,0.04057499972986989, 0.45936200012874906,0,0,27.8,0.0,1
666,1776085924.7643297,0.04064599988851114, 0.4158560000178113,0,0,27.8,0.0,1
667,1776085924.7940872,0.04206499988868018, 0.4266250002729066,0,0,27.8,0.0,1
668,1776085924.8240714,0.04043500030093128, 0.4689739998866571,0,0,27.8,0.0,1
669,1776085924.8534646,0.04345599973021308, 0.43482000000949483,0,0,27.8,0.0,1
670,1776085924.8833065,0.1032210002449574, 0.4181969998171553,0,0,27.8,0.0,1
671,1776085924.9130552,0.10462499994901009, 0.41208299990103114,0,0,27.8,0.0,1
672,1776085924.943386,0.10501199994905619, 0.4579739998007426,0,0,27.8,0.0,1
673,1776085924.9724402,0.10055499978989246, 0.4076919999533857,0,0,27.8,0.0,1
674,1776085925.0026762,0.05042100019636564, 0.43430899995655636,0,0,27.8,0.0,1
675,1776085925.0320284,0.0426510000579583, 0.4206399999020505,0,0,27.8,0.0,1
676,1776085925.062452,0.09543799978928291, 0.4088750001756125,0,0,27.8,0.0,1
677,1776085925.0930636,0.036466999972617486, 0.3614609995565843,0,0,27.8,0.0,1
678,1776085925.1211212,0.04221300014251028, 0.4200779999337101,0,0,27.8,0.0,1
679,1776085925.1507978,0.11923300007765647, 0.41876700015563983,0,0,27.8,0.0,1
680,1776085925.1803439,0.038003999634383945, 0.4131739997319528,0,0,27.8,0.0,1
681,1776085925.210102,0.03902500020558364, 0.37844300004508113,0,0,27.8,0.0,1
682,1776085925.2399929,0.04115899992029881, 0.40870699967854307,0,0,27.8,0.0,1
683,1776085925.2696948,0.05151900040800683, 0.425847000315116,0,0,27.8,0.0,1
684,1776085925.2996197,0.03834100016320008, 0.3966580002270348,0,0,27.8,0.0,1
685,1776085925.3295026,0.04242799968778854, 0.411611999879824,0,0,27.8,0.0,1
686,1776085925.3589358,0.03879099995174329, 0.4604569999173691,0,0,27.8,0.0,1
687,1776085925.3881974,0.04191600010017282, 0.4208220002510643,0,0,27.8,0.0,1
688,1776085925.4183004,0.04232600031173206, 0.4382649999570276,0,0,27.8,0.0,1
689,1776085925.4483256,0.050412000291544246, 0.5002389998480794,0,0,27.8,0.0,1
690,1776085925.4778469,0.1166269998975622, 0.419152999711514,0,0,27.8,0.0,1
691,1776085925.5072198,0.042257000131940003, 0.4352339997240051,0,0,27.8,0.0,1
692,1776085925.5371146,0.041554999825166306, 0.4164199999650009,0,0,27.8,0.0,1
693,1776085925.5668619,0.03996400027972413, 0.42048000022987253,0,0,27.8,0.0,1
694,1776085925.5962834,0.0939850001486775, 0.4200749999654363,0,0,27.8,0.0,1
694,1776085925.6561007,30.333833999975468, 0.24505000010321965,4,4,27.8,0.0,0
695,1776085925.6714447,12.988038000003144, 0.26687800027502817,3,6,27.8,0.0,0
696,1776085925.9678965,18.80247100007182, 262.97155200018096,6,4,27.8,0.0,0
698,1776085925.972953,0.41595099992264295, 0.34616400034792605,0,4,27.8,0.0,1
699,1776085925.9841163,1.9170830000803107, 0.3063710000787978,0,2,27.8,0.0,1
700,1776085926.0175173,0.25885199966069194, 0.26262700021106866,0,1,27.8,0.0,1
701,1776085926.0427282,0.3493960002742824, 0.45545500006483053,0,0,27.8,0.0,1
702,1776085926.071999,0.04216900015308056, 0.42168800018771435,0,0,27.8,0.0,1
703,1776085926.1013942,0.044687999888992636, 0.4334489999564539,0,0,27.8,0.0,1
704,1776085926.1313326,0.0995780001176172, 0.405829000101221,0,0,27.8,0.0,1
705,1776085926.1611705,0.03944400032196427, 0.41925999994418817,0,0,27.8,0.0,1
706,1776085926.1912508,0.0403999997615756, 0.4194690000076662,0,0,27.8,0.0,1
707,1776085926.2203264,0.09480000016992562, 0.4175379999651341,0,0,27.8,0.0,1
708,1776085926.2502172,0.041589000375097385, 0.41599699989092187,0,0,27.8,0.0,1
709,1776085926.2818422,0.03578399991965853, 0.3577630000108911,0,0,27.8,0.0,1
710,1776085926.3093174,0.04531300010057748, 0.41400600002816645,0,0,27.8,0.0,1
711,1776085926.3392935,0.038576999941142276, 0.4390129997773329,0,0,27.8,0.0,1
712,1776085926.3690865,0.04352199994173134, 0.41225599989047623,0,0,27.8,0.0,1
713,1776085926.3990135,0.09846100010690861, 0.41019199989023036,0,0,27.8,0.0,1
714,1776085926.4287264,0.04388900015328545, 0.49760100000639795,0,0,27.8,0.0,1
715,1776085926.4581614,0.03967200018450967, 0.4316559998187586,0,0,27.8,0.0,1
716,1776085926.4881349,0.09579900006428943, 0.41059399973164545,0,0,27.8,0.0,1
717,1776085926.5178638,0.09256700013793306, 0.3865260000566195,0,0,27.8,0.0,1
718,1776085926.5480168,0.037476000215974636, 0.38617000018348335,0,0,27.8,0.0,1
719,1776085926.5770361,0.039774000015313504, 0.43268700028420426,0,0,27.8,0.0,1
720,1776085926.606905,0.03919199980373378, 0.4190700001345249,0,0,27.8,0.0,1
721,1776085926.6363716,0.04052299982504337, 0.4229770001984434,0,0,27.8,0.0,1
722,1776085926.6664698,0.042349000068497844, 0.5186670000512095,0,0,27.8,0.0,1
723,1776085926.6959956,0.05893000025025685, 0.41410500034544384,0,0,27.8,0.0,1
724,1776085926.7258375,0.054071999784355285, 0.4678169998442172,0,0,27.8,0.0,1
725,1776085926.755388,0.09934700028679799, 0.431271000252309,0,0,27.8,0.0,1
726,1776085926.785501,0.0390769996556628, 0.46379900004467345,0,0,27.8,0.0,1
727,1776085926.814894,0.04012599993075128, 0.4110089998903277,0,0,27.8,0.0,1
728,1776085926.8443758,0.03938000008929521, 0.419666000198049,0,0,27.8,0.0,1
729,1776085926.8760011,0.033337999866489554, 0.3588829999898735,0,0,27.8,0.0,1
730,1776085926.9042323,0.10223400022368878, 0.4460259997358662,0,0,27.8,0.0,1
731,1776085926.9338913,0.04219599986754474, 0.4776329997184803,0,0,27.8,0.0,1
731,1776085926.9924264,29.423193000184256, 0.23505499984821654,0,0,27.8,0.0,0
732,1776085927.0079672,13.200868000240007, 0.2154899998458859,0,0,27.8,0.0,0
733,1776085927.0418315,19.95350100014548, 0.2298560002600425,0,0,27.8,0.0,0
734,1776085927.0713966,18.867322000005515, 0.2275310002914921,0,0,27.8,0.0,0
735,1776085927.1001956,18.702836000102252, 0.22041900001568138,0,0,27.8,0.0,0
736,1776085927.1307735,19.39948200015351, 0.22018299978299183,0,0,27.8,0.0,0
737,1776085927.1597111,18.34039599998505, 0.21595899988824385,0,0,27.8,0.0,0
738,1776085927.1901374,19.473265999749856, 0.21329499986677547,0,0,27.8,0.0,0
739,1776085927.2188597,18.736134999926435, 0.22058600006857887,0,0,27.8,0.0,0
740,1776085927.248519,18.179703999976482, 0.22988399996393127,0,0,27.8,0.0,0
741,1776085927.2784684,19.05482900019706, 0.23078399999576504,0,0,27.8,0.0,0
742,1776085927.3076901,18.701930999668548, 0.22700199997416348,0,0,27.8,0.0,0
743,1776085927.3384142,19.1232659999514, 0.22676500020679669,0,0,27.8,0.0,0
744,1776085927.3675315,18.975342999965505, 0.2282079999531561,0,0,27.8,0.0,0
745,1776085927.3978207,19.280347999938385, 0.22171899991008104,0,0,27.8,0.0,0
746,1776085927.4279933,19.25771399965015, 0.2205209998464852,0,0,27.8,0.0,0
747,1776085927.4567242,18.43188199973156, 0.21880900021642447,0,0,27.8,0.0,0
748,1776085927.4873557,18.678241000088747, 0.24957400000857888,0,0,27.8,0.0,0
749,1776085927.5164592,18.381229000169697, 0.2485299996806134,0,0,27.8,0.0,0
750,1776085927.5444906,18.22684399985519, 0.2442499999233405,0,0,27.8,0.0,0
751,1776085927.5759935,19.639200000256096, 0.22198099986781017,0,0,27.8,0.0,0
752,1776085927.606372,19.683604999954696, 0.2517080001780414,0,0,27.8,0.0,0
753,1776085927.6356287,19.004492000021855, 0.24119599993355223,0,0,27.8,0.0,0
754,1776085927.665805,19.18032100002165, 0.23737199990137015,0,0,27.8,0.0,0
755,1776085927.6922987,17.612536999877193, 0.21482800002559088,0,0,27.8,0.0,0
756,1776085927.725408,19.47849199996199, 0.2532759999667178,0,0,27.8,0.0,0
757,1776085927.7540908,18.359526000040205, 0.22112499982540612,0,0,27.8,0.0,0
758,1776085927.7823067,17.53131800023766, 0.21655000000464497,0,0,27.8,0.0,0
759,1776085927.8137336,19.145442000080948, 0.2524820001781336,0,0,27.8,0.0,0
760,1776085927.8432124,19.668578999699093, 0.22402900003726245,0,0,27.8,0.0,0
761,1776085927.8739536,19.321626999953878, 0.2202370001214149,0,0,27.8,0.0,0
762,1776085927.9020321,18.622148999838828, 0.22010699967722758,0,0,27.8,0.0,0
763,1776085927.9332194,19.30862800008981, 0.266003999968234,0,0,27.8,0.0,0
764,1776085927.9615753,18.34515900009137, 0.25003100017784163,0,0,27.8,0.0,0
765,1776085927.993195,20.276105999982974, 0.21904499999436666,0,0,27.8,0.0,0
766,1776085928.0205724,17.77157400010765, 0.24096400011330843,0,0,27.8,0.0,0
767,1776085928.0514796,19.013180999991164, 0.23562499973195372,0,0,27.8,0.0,0
768,1776085928.0816307,19.249141000273085, 0.23183399980553077,0,0,27.8,0.0,0
769,1776085928.1105895,18.991140999787604, 0.25528700007271254,0,0,27.8,0.0,0
770,1776085928.1412916,19.55869800030996, 0.22028199964552186,0,0,27.8,0.0,0
771,1776085928.169986,18.514793000122154, 0.2708669999265112,0,0,27.8,0.0,0
772,1776085928.1997986,19.31985999999597, 0.21903400011069607,0,0,27.8,0.0,0
773,1776085928.2298973,19.201675000203977, 0.2192950000790006,0,0,27.8,0.0,0
774,1776085928.2581775,18.157362999772886, 0.21474699997270363,0,0,27.8,0.0,0
775,1776085928.2898898,19.77617200009263, 0.21287099980327184,0,0,27.8,0.0,0
776,1776085928.3180652,18.57790300027773, 0.21871299986742088,0,0,27.8,0.0,0
777,1776085928.3484855,19.34839900013685, 0.22236300037548062,0,0,27.8,0.0,0
778,1776085928.3796206,18.781143000069278, 0.2183659998991061,0,0,27.8,0.0,0
779,1776085928.4075167,18.32183000033183, 0.25069200000871206,0,0,27.8,0.0,0
780,1776085928.437906,18.951805000142485, 0.23966099979588762,0,0,27.8,0.0,0
781,1776085928.468292,19.46036599974832, 0.2226879996669595,0,0,27.8,0.0,0
782,1776085928.4979773,19.40740200006985, 0.2295230001436721,0,0,27.8,0.0,0
783,1776085928.5271513,18.61672599989106, 0.24117700013448484,0,0,27.8,0.0,0
784,1776085928.5563207,18.7238220000836, 0.22037000007912866,0,0,27.8,0.0,0
785,1776085928.5854769,18.328360999930737, 0.2298420004080981,0,0,27.8,0.0,0
786,1776085928.616288,19.4303830003264, 0.27465799985293415,0,0,27.8,0.0,0
787,1776085928.6461606,18.945194000025367, 0.21695499981433386,0,0,27.8,0.0,0
788,1776085928.6760073,18.38974500014956, 0.21115099980306695,0,0,27.8,0.0,0
789,1776085928.7064304,18.945657999665855, 0.24532099996577017,1,1,27.8,0.0,0
790,1776085928.7346177,18.81251000031625, 0.26194299971393775,0,1,27.8,0.0,0
791,1776085929.0217798,17.6189579997299, 259.101008000016,0,1,27.8,0.0,0
793,1776085929.026079,0.2230000000054133, 0.3652739997050958,0,1,27.8,0.0,1
794,1776085929.0435047,0.3175709998686216, 0.42486599977564765,0,0,27.8,0.0,1
795,1776085929.0735633,0.04370500028016977, 0.4987389997950231,0,0,27.8,0.0,1
796,1776085929.104818,1.9114659999104333, 0.37056500013932236,0,0,27.8,0.0,1
797,1776085929.137295,0.032544000077905366, 0.27693199990608264,0,0,27.8,0.0,1
798,1776085929.1625907,0.04214199998386903, 0.4212959997857979,0,0,27.8,0.0,1
799,1776085929.1929233,0.04316200011089677, 0.405177000175172,0,0,27.8,0.0,1
800,1776085929.2218816,0.041494000015518395, 0.41773899965846795,0,0,27.8,0.0,1
801,1776085929.2512877,0.044052999783161795, 0.41575199975341093,0,0,27.8,0.0,1
802,1776085929.2810638,0.03971799969804124, 0.4140650003137125,0,0,27.8,0.0,1
803,1776085929.3113272,0.04377899995233747, 0.49336699976265663,0,0,27.8,0.0,1
804,1776085929.3404183,0.04114400007892982, 0.4293570000299951,0,0,27.8,0.0,1
805,1776085929.3705478,0.04497099962463835, 0.5095409997011302,0,0,27.8,0.0,1
806,1776085929.400118,0.03910199984602514, 0.40914000010161544,0,0,27.8,0.0,1
807,1776085929.4299302,0.04196800000499934, 0.47498899994025123,0,0,27.8,0.0,1
808,1776085929.4597685,0.04498599992075469, 0.4235699998389464,0,0,27.8,0.0,1
809,1776085929.489105,0.10540299990680069, 0.36118199977863696,0,0,27.8,0.0,1
810,1776085929.5198057,0.09956499980035005, 0.37452899960044306,0,0,27.8,0.0,1
811,1776085929.5501904,0.03465899999355315, 0.36301299996921443,0,0,27.8,0.0,1
812,1776085929.578187,0.10431500004415284, 0.41961799979617354,0,0,27.8,0.0,1
813,1776085929.6080897,0.04179699999440345, 0.415053999859083,0,0,27.8,0.0,1
814,1776085929.6378217,0.040191999687522184, 0.4171590003352321,0,0,27.8,0.0,1
815,1776085929.6672997,0.09240800000043237, 0.417374999869935,0,0,27.8,0.0,1
816,1776085929.6971283,0.040700999761611456, 0.423745000261988,0,0,27.8,0.0,1
817,1776085929.7269952,0.04259899969838443, 0.4195569999865256,0,0,27.8,0.0,1
818,1776085929.7568269,0.1100380000025325, 0.37744300016129273,0,0,27.8,0.0,1
819,1776085929.7865915,0.040890000036597485, 0.40569000020695967,0,0,27.8,0.0,1
820,1776085929.81601,0.10398399990663165, 0.3584529999898223,0,0,27.8,0.0,1
821,1776085929.8461294,0.043072999687865376, 0.4122670002288942,0,0,27.8,0.0,1
822,1776085929.8753374,0.04338000007919618, 0.42267200024070917,0,0,27.8,0.0,1
823,1776085929.9051008,0.03895600002579158, 0.43549999963943264,0,0,27.8,0.0,1
824,1776085929.9349296,0.0644420001663093, 0.40789499962556874,0,0,27.8,0.0,1
825,1776085929.9644387,0.10188299984292826, 0.42170100005023414,0,0,27.8,0.0,1
826,1776085929.9944115,0.03996599980382598, 0.4286099997443671,0,0,27.8,0.0,1
826,1776085930.0537603,29.58730899990769, 0.23508599997512647,0,0,27.8,0.0,0
827,1776085930.1072717,21.495647999927314, 0.3810180000982655,0,0,27.8,0.0,0
828,1776085930.1226668,13.466444999721716, 0.21140700027899584,0,0,27.8,0.0,0
829,1776085930.1370368,12.370890000056534, 0.21833900018464192,0,0,27.8,0.0,0
830,1776085930.153971,12.088580999716214, 0.21785100034321658,0,0,27.8,0.0,0
831,1776085930.1910813,19.966745000147057, 0.2196070004174544,0,0,27.8,0.0,0
832,1776085930.2200985,18.751834999875427, 0.21878400002606213,0,0,27.8,0.0,0
833,1776085930.2501378,19.19061700027669, 0.2274529997521313,0,0,27.8,0.0,0
834,1776085930.2784133,18.51870099972075, 0.23139099994295975,0,0,27.8,0.0,0
835,1776085930.3089852,19.155286000113847, 0.2471519997016003,0,0,27.8,0.0,0
836,1776085930.3415654,19.707721000031597, 0.25746699975570664,0,0,27.8,0.0,0
837,1776085930.3670611,17.179339999984222, 0.21535399991989834,0,0,27.8,0.0,0
838,1776085930.4010494,19.7749339999973, 0.22716399962519063,0,0,27.8,0.0,0
839,1776085930.4273396,17.343334000088362, 0.2178960003220709,0,0,27.8,0.0,0
840,1776085930.4597993,18.8155440000628, 0.22304399999484303,0,0,27.8,0.0,0
841,1776085930.486773,17.84733900012725, 0.2177430001211178,0,0,27.8,0.0,0
842,1776085930.5183413,19.276022000212834, 0.2443650000714115,0,0,27.8,0.0,0
843,1776085930.5471547,18.92438499999116, 0.21732799996243557,0,0,27.8,0.0,0
844,1776085930.5770848,19.096989999979996, 0.21652500026903,0,0,27.8,0.0,0
845,1776085930.606954,19.17678399968281, 0.2171940000152972,0,0,27.8,0.0,0
846,1776085930.6365736,19.152774000303907, 0.23832600027162698,0,0,27.8,0.0,0
847,1776085930.667133,19.001963999926375, 0.22221300014280132,0,0,27.8,0.0,0
848,1776085930.6951156,18.276204999892798, 0.2237290000266512,0,0,27.8,0.0,0
849,1776085930.7252452,18.153275000258873, 0.22340900022754795,0,0,27.8,0.0,0
850,1776085930.7550871,18.089995000082126, 0.21954200019536074,0,0,27.8,0.0,0
851,1776085930.7844007,18.74820600005478, 0.23165199991126428,0,0,27.8,0.0,0
852,1776085930.815496,19.778631999997742, 0.22770300029151258,0,0,27.8,0.0,0
853,1776085930.8445122,18.953918000079284, 0.22213500005818787,0,0,27.8,0.0,0
854,1776085930.874412,18.68740500003696, 0.23544499981653644,0,0,27.8,0.0,0
855,1776085930.9041305,18.817170999682276, 0.2280419998896832,0,0,27.8,0.0,0
856,1776085930.9323914,18.442787999902066, 0.22141800036479253,0,0,27.8,0.0,0
857,1776085930.9654994,19.81873899967468, 0.23335600008067559,0,0,27.8,0.0,0
858,1776085930.992709,18.655492000107188, 0.22656999999526306,0,0,27.8,0.0,0
859,1776085931.0227506,18.570057000033557, 0.21966399981465656,0,0,27.8,0.0,0
860,1776085931.0528224,19.175556999925902, 0.21685399997295463,0,0,27.8,0.0,0
861,1776085931.082685,19.15388299994447, 0.22100999967733514,0,0,27.8,0.0,0
862,1776085931.1120558,18.808981999882235, 0.21787900004710536,0,0,27.8,0.0,0
863,1776085931.1418242,18.84685699997135, 0.21515900016311207,0,0,27.8,0.0,0
864,1776085931.1709294,18.82186000011643, 0.21839900000486523,0,0,27.8,0.0,0
865,1776085931.2011564,19.17241399996783, 0.23945300017658155,0,0,27.8,0.0,0
866,1776085931.2309008,19.383191999622795, 0.2140850001524086,0,0,27.8,0.0,0
867,1776085931.2600734,18.771333000131563, 0.2179580001211434,0,0,27.8,0.0,0
868,1776085931.291113,19.165114000315953, 0.21694399993066327,0,0,27.8,0.0,0
869,1776085931.3212836,20.195809000142617, 0.21523700024772552,0,0,27.8,0.0,0
870,1776085931.3528776,19.960099999934755, 0.2824299999701907,0,0,27.8,0.0,0
871,1776085931.3823445,20.907915999941906, 0.21977599999445374,0,0,27.8,0.0,0
872,1776085931.4102712,18.91493699986313, 0.22636199992120964,0,0,27.8,0.0,0
873,1776085931.4401913,19.57085100002587, 0.22818599973106757,0,0,27.8,0.0,0
874,1776085931.4707315,20.07209299972601, 0.22790599996369565,0,0,27.8,0.0,0
875,1776085931.4998293,19.481731000269065, 0.22784799966757419,0,0,27.8,0.0,0
876,1776085931.5292351,19.317556000260083, 0.2248820001113927,0,0,27.8,0.0,0
877,1776085931.5594194,19.603830000050948, 0.26154099987252266,0,0,27.8,0.0,0
878,1776085931.5895028,19.761166000080266, 0.2355179999540269,0,0,27.8,0.0,0
879,1776085931.6198945,20.119521000196983, 0.21568400006799493,1,1,27.8,0.0,0
880,1776085931.6439052,16.415004999998928, 0.21113499997227336,2,2,27.8,0.0,0
881,1776085931.9374537,20.56407100008073, 258.63099299976966,2,2,27.8,0.0,0
883,1776085931.9420915,0.16835700034789625, 0.17119800031650811,0,2,27.8,0.0,1
884,1776085931.9548857,0.2662599999894155, 0.31706800018582726,0,2,27.8,0.0,1
885,1776085931.9867108,1.8468329999450361, 0.33297799973297515,0,2,27.8,0.0,1
886,1776085932.0201976,0.20838799991906853, 0.3053250002267305,0,0,27.8,0.0,1
887,1776085932.044915,0.040222000279754866, 0.4857200001424644,0,0,27.8,0.0,1
888,1776085932.074285,0.04182299971944303, 0.4279750000932836,0,0,27.8,0.0,1
889,1776085932.104057,0.08202400022128131, 0.3965179998886015,0,0,27.8,0.0,1
890,1776085932.1339028,0.041152999983751215, 0.42193499984932714,0,0,27.8,0.0,1
891,1776085932.163844,0.03851099972962402, 0.38441100014097174,0,0,27.8,0.0,1
892,1776085932.194004,0.03781199984587147, 0.38955699983489467,0,0,27.8,0.0,1
893,1776085932.2234156,0.046489000396832125, 0.507438000113325,0,0,27.8,0.0,1
894,1776085932.253096,0.046287999794003554, 0.5056219997641165,0,0,27.8,0.0,1
895,1776085932.2827106,0.10244999975839164, 0.4317479997553164,0,0,27.8,0.0,1
896,1776085932.3121052,0.09552000028634211, 0.41022199957296834,0,0,27.8,0.0,1
897,1776085932.342444,0.04752299992105691, 0.5123700002513942,0,0,27.8,0.0,1
898,1776085932.3713636,0.09256100020138547, 0.4294109999136708,0,0,27.8,0.0,1
899,1776085932.4013135,0.05744800000684336, 0.40820799995344714,0,0,27.8,0.0,1
900,1776085932.431939,0.04139500015298836, 0.4631390002032276,0,0,27.8,0.0,1
901,1776085932.4608684,0.05718299962609308, 0.4691220001404872,0,0,27.8,0.0,1
902,1776085932.4902387,0.08768699990469031, 0.43210700005147373,0,0,27.8,0.0,1
903,1776085932.5223844,0.03967400016335887, 0.3927309999198769,0,0,27.8,0.0,1
904,1776085932.5499048,0.041677999888634076, 0.4159920003985462,0,0,27.8,0.0,1
905,1776085932.5795293,0.04136300003665383, 0.43923700013692724,0,0,27.8,0.0,1
906,1776085932.6092618,0.10440300002301228, 0.43040299988206243,0,0,27.8,0.0,1
907,1776085932.639431,0.047869999889371684, 0.5071890000181156,0,0,27.8,0.0,1
908,1776085932.668892,0.0412530002904532, 0.47341800018330105,0,0,27.8,0.0,1
909,1776085932.6982827,0.03990799996245187, 0.4301499998291547,0,0,27.8,0.0,1
910,1776085932.7280133,0.041806000353972195, 0.41974200030381326,0,0,27.8,0.0,1
911,1776085932.758448,0.03990100003647967, 0.45843299994885456,0,0,27.8,0.0,1
912,1776085932.78863,0.041136000163533026, 0.4113850000067032,0,0,27.8,0.0,1
913,1776085932.8171659,0.038749999930587364, 0.41889199974320945,0,0,27.8,0.0,1
914,1776085932.847025,0.04424200005814782, 0.41062300033445354,0,0,27.8,0.0,1
915,1776085932.8770142,0.10152100003324449, 0.42291399995519896,0,0,27.8,0.0,1
916,1776085932.9063127,0.0401679999413318, 0.4250340002727171,0,0,27.8,0.0,1
916,1776085932.9665,30.619525000020076, 0.2615600001263374,1,1,27.8,0.0,0
917,1776085933.0099688,20.990709999750834, 0.2781160001177341,1,1,27.8,0.0,0
918,1776085933.287167,13.484210000115127, 262.07328500004223,2,1,27.8,0.0,0
920,1776085933.2910979,0.19504000010783784, 0.30160599999362603,0,1,27.8,0.0,1
921,1776085933.2939374,0.1915959996949823, 0.28448700004446437,0,1,27.8,0.0,1
922,1776085933.3242908,2.131559999725141, 0.3754620001927833,0,1,27.8,0.0,1
923,1776085933.3572066,0.18905600018115365, 0.2713099997890822,0,0,27.8,0.0,1
924,1776085933.3827329,0.039088999983505346, 0.4015599997728714,0,0,27.8,0.0,1
925,1776085933.4131637,0.03624700002546888, 0.3608519996305404,0,0,27.8,0.0,1
926,1776085933.4411883,0.03943699994124472, 0.42593300031512626,0,0,27.8,0.0,1
927,1776085933.471141,0.04126800013182219, 0.4216180000184977,0,0,27.8,0.0,1
928,1776085933.5009115,0.04034999983559828, 0.47349499982374255,0,0,27.8,0.0,1
929,1776085933.5303054,0.041713999962667, 0.4249369999342889,0,0,27.8,0.0,1
930,1776085933.5600803,0.03878300003634649, 0.4204609999760578,0,0,27.8,0.0,1
931,1776085933.589951,0.044067999624530785, 0.4164659999332798,0,0,27.8,0.0,1
932,1776085933.6197855,0.10714000018197112, 0.3765920000660117,0,0,27.8,0.0,1
933,1776085933.6497014,0.10242899998047506, 0.3913390000889194,0,0,27.8,0.0,1
934,1776085933.67906,0.10892199998124852, 0.4073909999533498,0,0,27.8,0.0,1
935,1776085933.7088199,0.058494000313658034, 0.4169869998804643,0,0,27.8,0.0,1
936,1776085933.7382777,0.09070599980987026, 0.41650799994386034,0,0,27.8,0.0,1
937,1776085933.7684267,0.11125399987577111, 0.4535979996944661,0,0,27.8,0.0,1
938,1776085933.7979221,0.1042110002344998, 0.41485399970042636,0,0,27.8,0.0,1
939,1776085933.8274467,0.10015399993790197, 0.42960900009347824,0,0,27.8,0.0,1
940,1776085933.8573208,0.1042250000864442, 0.4086789999746543,0,0,27.8,0.0,1
941,1776085933.8870974,0.04190600020592683, 0.41178400033459184,0,0,27.8,0.0,1
942,1776085933.916873,0.04116299987799721, 0.4180079999969166,0,0,27.8,0.0,1
943,1776085933.9462843,0.08665400036989013, 0.4169640001236985,0,0,27.8,0.0,1
944,1776085933.9769473,0.0903489999473095, 0.3797729996222188,0,0,27.8,0.0,1
945,1776085934.0084138,0.08695499991517863, 0.40564800019637914,0,0,27.8,0.0,1
946,1776085934.0353754,0.0399330001528142, 0.44490599975688383,0,0,27.8,0.0,1
947,1776085934.0653028,0.10121300010723644, 0.41451200013398193,0,0,27.8,0.0,1
948,1776085934.0954647,0.04633699973055627, 0.5150410001988348,0,0,27.8,0.0,1
949,1776085934.124922,0.04052499980389257, 0.4664729999603878,0,0,27.8,0.0,1
950,1776085934.154335,0.044799000079365214, 0.42751799992402084,0,0,27.8,0.0,1
951,1776085934.1841152,0.08759199999985867, 0.3839630003312777,0,0,27.8,0.0,1
952,1776085934.2148728,0.041958000110753346, 0.4670140001508116,0,0,27.8,0.0,1
953,1776085934.2441957,0.04057199976159609, 0.4627319999599422,0,0,27.8,0.0,1
953,1776085934.3036125,30.291299000055005, 0.22556700014320086,0,0,27.8,0.0,0
954,1776085934.319683,13.174882999919646, 0.2297529999850667,0,0,27.8,0.0,0
955,1776085934.35384,19.66651400016417, 0.20908599981339648,0,0,27.8,0.0,0
956,1776085934.3812876,17.95035699979053, 0.22359700005836203,0,0,27.8,0.0,0
957,1776085934.4093392,18.10872800024299, 0.20768800004589139,0,0,27.8,0.0,0
958,1776085934.439985,19.387675000416493, 0.21771299998363247,0,0,27.8,0.0,0
959,1776085934.4705827,19.461238000076264, 0.24897200000850717,0,0,27.8,0.0,0
960,1776085934.4999595,19.147298999996565, 0.21662299968738807,0,0,27.8,0.0,0
961,1776085934.527706,17.71222299976216, 0.2511769998818636,0,0,27.8,0.0,0
962,1776085934.5606163,19.779446000029566, 0.317429999995511,0,0,27.8,0.0,0
963,1776085934.5920217,19.394862999888574, 0.22064099994167918,0,0,27.8,0.0,0
964,1776085934.6163383,16.570270000102028, 0.270516000000498,0,0,27.8,0.0,0
965,1776085934.648563,19.446382999831258, 0.23723699996480718,0,0,27.8,0.0,0
966,1776085934.6780276,18.872129999635945, 0.24346300006072852,0,0,27.8,0.0,0
967,1776085934.7080553,19.436504000168497, 0.21803299978273571,0,0,27.8,0.0,0
968,1776085934.7374942,19.183829999747104, 0.22864399988975492,0,0,27.8,0.0,0
969,1776085934.7656898,18.471153000064078, 0.22653399992123013,0,0,27.8,0.0,0
970,1776085934.7957196,18.214412999896012, 0.22536400001627044,0,0,27.8,0.0,0
971,1776085934.8266163,19.06681499986007, 0.2754739998636069,0,0,27.8,0.0,0
972,1776085934.858244,20.73479699993186, 0.32606699960524566,0,0,27.8,0.0,0
973,1776085934.8883548,20.440240999960224, 0.22636399990005884,0,0,27.8,0.0,0
974,1776085934.917952,19.161363999955938, 0.20537399996101158,0,0,27.8,0.0,0
975,1776085934.9459362,18.950377000237495, 0.20197399999233312,0,0,27.8,0.0,0
976,1776085934.97784,20.38828900003864, 0.3540480001902324,0,0,27.8,0.0,0
977,1776085935.0082195,21.439600000121573, 0.2583499999673222,0,0,27.8,0.0,0
978,1776085935.0335445,17.852588000096148, 0.2366080002502713,0,0,27.8,0.0,0
979,1776085935.0641959,18.599058999825502, 0.24900299968066975,0,0,27.8,0.0,0
980,1776085935.0938437,19.27227899977879, 0.24698400011402555,0,0,27.8,0.0,0
981,1776085935.1241674,19.397330000174406, 0.21902199978285353,0,0,27.8,0.0,0
982,1776085935.1537426,18.98962599989318, 0.21748800008936087,0,0,27.8,0.0,0
983,1776085935.1842475,19.450295999831724, 0.21712499983550515,0,0,27.8,0.0,0
984,1776085935.2118592,17.14833100004398, 0.2351190000808856,0,0,27.8,0.0,0
985,1776085935.243791,19.62440700026491, 0.23972999997567968,0,0,27.8,0.0,0
986,1776085935.271225,18.46217499996783, 0.21168000012039556,0,0,27.8,0.0,0
987,1776085935.3025334,19.237577999774658, 0.22166899998410372,0,0,27.8,0.0,0
988,1776085935.3306866,18.466633000116417, 0.21672499997293926,0,0,27.8,0.0,0
989,1776085935.363421,19.851898000069923, 0.27908399988518795,0,0,27.8,0.0,0
990,1776085935.3902676,17.789916999845445, 0.21097599983477267,0,0,27.8,0.0,0
991,1776085935.4216912,19.56815400035339, 0.3224349998163234,0,0,27.8,0.0,0
992,1776085935.4490502,18.039046000012604, 0.23105099990061717,0,0,27.8,0.0,0
993,1776085935.48112,19.521899999745074, 0.22035499978301232,0,0,27.8,0.0,0
994,1776085935.509464,18.333996999899682, 0.24622299997645314,0,0,27.8,0.0,0
995,1776085935.5395038,19.28903900034129, 0.22609200004808372,0,0,27.8,0.0,0
996,1776085935.5694869,18.559721000201534, 0.2563680000093882,0,0,27.8,0.0,0
997,1776085935.597685,17.941833999884693, 0.23348400009126635,0,0,27.8,0.0,0
998,1776085935.630098,19.818627999939054, 0.2583659997981158,0,0,27.8,0.0,0
999,1776085935.658634,18.575139999938983, 0.25550899999871035,0,0,27.8,0.0,0
1000,1776085935.688439,18.98549900033686, 0.2269850001539453,0,0,27.8,0.0,0
1001,1776085935.7186298,20.650863999890134, 0.21668799990948173,0,0,27.8,0.0,0
1002,1776085935.7502995,20.173076999981276, 0.23462099989046692,0,0,27.8,0.0,0
1003,1776085935.7780757,19.318928999837226, 0.21322400016288157,0,0,27.8,0.0,0
1004,1776085935.8090382,19.393674000184546, 0.20138500030952855,0,0,27.8,0.0,0
1005,1776085935.835185,18.191183999988425, 0.20393000022522756,0,0,27.8,0.0,0
1006,1776085935.8684738,19.92190800001481, 0.2195170000049984,0,0,27.8,0.0,0
1007,1776085935.8986301,20.146289999956934, 0.24333100009243935,0,0,27.8,0.0,0
1008,1776085935.9277527,19.54056699969442, 0.23637200001758174,0,0,27.8,0.0,0
1009,1776085935.956974,19.336931999987428, 0.21473400011018384,0,0,27.8,0.0,0
1010,1776085935.9874883,20.41482900040137, 0.32743699966886197,0,0,27.8,0.0,0
1011,1776085936.016281,19.74950300018463, 0.21117699998285389,0,0,27.8,0.0,0
1012,1776085936.0433013,18.424887999572093, 0.20746600011989358,0,0,27.8,0.0,0
1013,1776085936.0781941,21.071717999802786, 0.22894799985806458,0,0,27.8,0.0,0
1014,1776085936.101121,16.090834999886283, 0.20383899982334697,0,0,27.8,0.0,0
1015,1776085936.1366541,21.392639999703533, 0.2737499999057036,0,0,27.8,0.0,0
1016,1776085936.1634696,19.33489999964877, 0.23278899971046485,0,0,27.8,0.0,0
1017,1776085936.196544,21.12414799967155, 0.23521899993284023,0,0,27.8,0.0,0
1018,1776085936.222579,18.229184999654535, 0.22399399995265412,0,0,27.8,0.0,0
1019,1776085936.2553012,20.599200000106066, 0.2159710002160864,0,0,27.8,0.0,0
1020,1776085936.2840974,19.540893999874243, 0.24340599975403165,0,0,27.8,0.0,0
1021,1776085936.3135693,19.963235999966855, 0.26111899978786823,0,0,27.8,0.0,0
1022,1776085936.3412561,19.044768000185286, 0.2063619999717048,0,0,27.8,0.0,0
1023,1776085936.371672,19.509027999902173, 0.2486829998815665,0,0,27.8,0.0,0
1024,1776085936.403917,20.61853200029873, 0.2131609999196371,0,0,27.8,0.0,0
1025,1776085936.4333332,20.048687000326026, 0.2341190001970972,0,0,27.8,0.0,0
1026,1776085936.462254,19.455626999842934, 0.22751300002710195,0,0,27.8,0.0,0
1027,1776085936.4923863,19.858137000028364, 0.2370699999119097,0,0,27.8,0.0,0
1028,1776085936.522549,20.33618400037085, 0.2910670000346727,0,0,27.8,0.0,0
1029,1776085936.5495088,18.026060000011057, 0.23328599991145893,0,0,27.8,0.0,0
1030,1776085936.5825682,21.059113000319485, 0.224961999720108,0,0,27.8,0.0,0
1031,1776085936.6081073,18.198078999830614, 0.20545000006677583,0,0,27.8,0.0,0
1032,1776085936.6406846,19.50162800039834, 0.27293199991618167,0,0,27.8,0.0,0
1033,1776085936.6713371,20.255634000022837, 0.21397499995146063,0,0,27.8,0.0,0
1034,1776085936.6999488,18.425569999635627, 0.2073380001093028,0,0,27.8,0.0,0
1035,1776085936.7294137,19.62355400019078, 0.24814400012473925,0,0,27.8,0.0,0
1036,1776085936.7603898,20.148463000168704, 0.23600299982717843,0,0,27.8,0.0,0
1037,1776085936.7882953,19.178668999757065, 0.21424799979286036,0,0,27.8,0.0,0
1038,1776085936.8198812,20.538292999844998, 0.21672200000466546,0,0,27.8,0.0,0
1039,1776085936.8479319,19.119374999718275, 0.2079010000670678,0,0,27.8,0.0,0
1040,1776085936.8808563,20.638775999941572, 0.2272759998049878,0,0,27.8,0.0,0
1041,1776085936.9071214,18.392931000107637, 0.21166399983485462,1,1,27.8,0.0,0
1042,1776085936.9381669,20.107267999719625, 0.2462970001033682,0,1,27.8,0.0,0
1043,1776085937.226674,20.51184900028602, 257.8635059999215,2,2,27.8,0.0,0
1045,1776085937.2305954,0.25107300007221056, 0.2972059996864118,0,2,27.8,0.0,1
1046,1776085937.2466512,1.8837379998331016, 0.3146200001538091,0,2,27.8,0.0,1
1047,1776085937.278618,0.22260399964579847, 0.24656499999764492,0,2,27.8,0.0,1
1048,1776085937.3038843,0.29275999986566603, 0.35981499968329445,0,0,27.8,0.0,1
1049,1776085937.3342216,0.04775300021719886, 0.4118199999538774,0,0,27.8,0.0,1
1050,1776085937.3639894,0.04810400014321203, 0.3741890000128478,0,0,27.8,0.0,1
1051,1776085937.393503,0.04766999973071506, 0.37571600023511564,0,0,27.8,0.0,1
1052,1776085937.4231071,0.042703999952209415, 0.34696800003075623,0,0,27.8,0.0,1
1053,1776085937.45287,0.04405000026963535, 0.34783399996740627,0,0,27.8,0.0,1
1054,1776085937.4822626,0.04685099975176854, 0.33683099991321797,0,0,27.8,0.0,1
1055,1776085937.5122142,0.04541600037555327, 0.34244099970237585,0,0,27.8,0.0,1
1056,1776085937.5429454,0.04767399968841346, 0.34260599977642414,0,0,27.8,0.0,1
1057,1776085937.5732844,0.03995399993073079, 0.31128000000535394,0,0,27.8,0.0,1
1058,1776085937.6012003,0.04201699994155206, 0.334026000018639,0,0,27.8,0.0,1
1059,1776085937.6310892,0.04414199975144584, 0.34122400029446,0,0,27.8,0.0,1
1060,1776085937.660726,0.05998699998599477, 0.34875299979830743,0,0,27.8,0.0,1
1061,1776085937.6901066,0.041678999878058676, 0.3523039999890898,0,0,27.8,0.0,1
1062,1776085937.7201068,0.04424200005814782, 0.3646440000011353,0,0,27.8,0.0,1
1063,1776085937.7499108,0.04556100020636222, 0.34226099978695856,0,0,27.8,0.0,1
1064,1776085937.7804637,0.04855799988945364, 0.3707010000653099,0,0,27.8,0.0,1
1065,1776085937.8096004,0.0446619997092057, 0.3459929998825828,0,0,27.8,0.0,1
1066,1776085937.8390012,0.04170800002611941, 0.34479700025258353,0,0,27.8,0.0,1
1067,1776085937.8688648,0.048470999900018796, 0.33814100015661097,0,0,27.8,0.0,1
1068,1776085937.8986328,0.050798999836842995, 0.35765399979936774,0,0,27.8,0.0,1
1069,1776085937.9280694,0.04374699983600294, 0.34085700008290587,0,0,27.8,0.0,1
1070,1776085937.9582386,0.049853000291477656, 0.3773099997488316,0,0,27.8,0.0,1
1071,1776085937.9882252,0.04981299980499898, 0.3790800001297612,0,0,27.8,0.0,1
1072,1776085938.0172455,0.04316100012147217, 0.3389420003259147,0,0,27.8,0.0,1
1073,1776085938.0470364,0.042918999952235026, 0.3475569997135608,0,0,27.8,0.0,1
1074,1776085938.077198,0.04758299974128022, 0.38808800036349567,0,0,27.8,0.0,1
1075,1776085938.1067226,0.061623999954463216, 0.3430280003158259,0,0,27.8,0.0,1
1076,1776085938.1368551,0.04065099983563414, 0.3189280000697181,0,0,27.8,0.0,1
1077,1776085938.167448,0.04097300006833393, 0.32504299997526687,0,0,27.8,0.0,1
1078,1776085938.195765,0.044718000026477966, 0.3423549997023656,0,0,27.8,0.0,1
1078,1776085938.2549796,29.879915999572404, 0.2573209999354731,0,0,27.8,0.0,0
1079,1776085938.2744167,16.874201000064204, 0.24020799992285902,0,0,27.8,0.0,0
1080,1776085938.3070166,20.767847999650257, 0.2125539999724424,0,0,27.8,0.0,0
1081,1776085938.332697,18.200558999978966, 0.22074900016377796,0,0,27.8,0.0,0
1082,1776085938.364506,20.542086000205018, 0.23974999976417166,0,0,27.8,0.0,0
1083,1776085938.3963513,21.01610299996537, 0.2131119999830844,0,0,27.8,0.0,0
1084,1776085938.4210854,17.513492000034603, 0.20383800028866972,0,0,27.8,0.0,0
1085,1776085938.453793,20.63635099966632, 0.24916900019889,0,0,27.8,0.0,0
1086,1776085938.479709,17.613459000131115, 0.21927799980403506,0,0,27.8,0.0,0
1087,1776085938.514166,21.30075799959741, 0.21357900004659314,0,0,27.8,0.0,0
1088,1776085938.5428255,19.641999999748805, 0.21430700007840642,0,0,27.8,0.0,0
1089,1776085938.5722048,19.676602999879833, 0.23135199990065303,0,0,27.8,0.0,0
1090,1776085938.602384,20.138137999765604, 0.22132999993118574,0,0,27.8,0.0,0
1091,1776085938.6303866,19.275195999853167, 0.24942499976532417,0,0,27.8,0.0,0
1092,1776085938.6614754,20.299739000165573, 0.22994999972070218,0,0,27.8,0.0,0
1093,1776085938.6906877,19.27487100010694, 0.256798999998864,0,0,27.8,0.0,0
1094,1776085938.7202854,19.553585999801726, 0.2239400000689784,0,0,27.8,0.0,0
1095,1776085938.75025,19.40585700003794, 0.22308899997369736,0,0,27.8,0.0,0
1096,1776085938.781123,19.084387000020797, 0.2141679997293977,0,0,27.8,0.0,0
1097,1776085938.808728,18.695833000037965, 0.20468200000323122,0,0,27.8,0.0,0
1098,1776085938.8411918,20.78575199993793, 0.21480999976120074,0,0,27.8,0.0,0
1099,1776085938.8694901,19.59701200030395, 0.22980700032348977,0,0,27.8,0.0,0
1100,1776085938.8992434,19.62436699977843, 0.21238600038486766,0,0,27.8,0.0,0
1101,1776085938.9284756,19.548479999684787, 0.23912500000733417,0,0,27.8,0.0,0
1102,1776085938.9588692,19.936196000344353, 0.21456400008901255,0,0,27.8,0.0,0
1103,1776085938.9893446,20.523874999980762, 0.23189400008050143,0,0,27.8,0.0,0
1104,1776085939.0178204,19.460301999970397, 0.20660600011979113,0,0,27.8,0.0,0
1105,1776085939.0480328,19.553668999833462, 0.20304500003476278,0,0,27.8,0.0,0
1106,1776085939.0772321,19.49286100034442, 0.22599699968850473,0,0,27.8,0.0,0
1107,1776085939.1072853,19.69924400009404, 0.2164080001421098,0,0,27.8,0.0,0
1108,1776085939.1366892,19.802098000127444, 0.2206939998359303,0,0,27.8,0.0,0
1109,1776085939.1671968,20.29614799994306, 0.22145900038594846,0,0,27.8,0.0,0
1110,1776085939.1961567,19.64932900000349, 0.23104999991119257,0,0,27.8,0.0,0
1111,1776085939.2268913,20.360004999929515, 0.21365399970818544,0,0,27.8,0.0,0
1112,1776085939.2561762,19.449541000085446, 0.22818500019639032,0,0,27.8,0.0,0
1113,1776085939.286062,19.935504000386572, 0.2008339997701114,0,0,27.8,0.0,0
1114,1776085939.315609,20.277644000088912, 0.21114099990882096,0,0,27.8,0.0,0
1115,1776085939.3439522,19.24582699984967, 0.2097449996654177,0,0,27.8,0.0,0
1116,1776085939.3761659,19.80721900008575, 0.2262180000798253,0,0,27.8,0.0,0
1117,1776085939.4024448,18.410208000204875, 0.22371099976226105,0,0,27.8,0.0,0
1118,1776085939.4343622,19.72711700000218, 0.23669899974265718,0,0,27.8,0.0,0
1119,1776085939.4646702,20.20639000011215, 0.24727499976506806,0,0,27.8,0.0,0
1120,1776085939.4933145,19.344209999871964, 0.2110779996655765,0,0,27.8,0.0,0
1121,1776085939.5228248,19.539242000064405, 0.24765899979684036,0,0,27.8,0.0,0
1122,1776085939.5531275,20.123286000398366, 0.2160459998776787,0,0,27.8,0.0,0
1123,1776085939.5827465,19.424244000219915, 0.23298699989027227,0,0,27.8,0.0,0
1124,1776085939.611632,19.230197000069893, 0.22736099981557345,0,0,27.8,0.0,0
1125,1776085939.6426663,20.366683000247576, 0.22557800002687145,0,0,27.8,0.0,0
1126,1776085939.6708658,18.22820799998226, 0.21141400020496803,0,0,27.8,0.0,0
1127,1776085939.7007535,19.422537999616907, 0.21415199989860412,0,0,27.8,0.0,0
1128,1776085939.7318602,20.32438700007333, 0.22569799966731807,0,0,27.8,0.0,0
1129,1776085939.760077,19.19296400001258, 0.20564000033118646,0,0,27.8,0.0,0
1130,1776085939.7902691,19.684653999775037, 0.2382389998274448,0,0,27.8,0.0,0
1131,1776085939.8220172,21.07075799995073, 0.2988629998981196,0,0,27.8,0.0,0
1132,1776085939.8510742,19.73525099992912, 0.21009199963373248,0,0,27.8,0.0,0
1133,1776085939.8796344,19.755285999963235, 0.29871100014133845,14,14,27.8,0.0,0
1134,1776085939.9076033,18.619674000092346, 0.2692560001378297,5,0,27.8,0.0,0
1135,1776085939.940547,20.87982800003374, 0.23835300044083851,5,5,27.8,0.0,0
1136,1776085939.9655235,18.22068199999194, 0.34141600008297246,43,20,27.8,0.0,0
1137,1776085940.264797,24.538596000184043, 261.87332599965885,21,4,27.8,0.0,0
1139,1776085940.2697074,0.18740099994829507, 0.17485699981989455,0,4,27.8,0.0,1
1140,1776085940.2763329,1.6786340001999633, 0.31762800017531845,0,1,27.8,0.0,1
1141,1776085940.3095565,0.18979900005433592, 0.25816300012593274,0,0,27.8,0.0,1
1142,1776085940.335059,0.046752999878663104, 0.33501600000818144,0,0,27.8,0.0,1
1143,1776085940.3648906,0.044163999973534374, 0.3380140001354448,0,0,27.8,0.0,1
1144,1776085940.3949842,0.0465279999843915, 0.3900219999195542,0,0,27.8,0.0,1
1145,1776085940.4241037,0.04325000008975621, 0.3436649999457586,0,0,27.8,0.0,1
1146,1776085940.4546957,0.0432699998782482, 0.3645749998213432,0,0,27.8,0.0,1
1147,1776085940.484159,0.045913999656477245, 0.34512299998823437,0,0,27.8,0.0,1
1148,1776085940.5132263,0.04615099987859139, 0.34239299975524773,0,0,27.8,0.0,1
1149,1776085940.5430384,0.04330499996285653, 0.3356310003255203,0,0,27.8,0.0,1
1150,1776085940.572924,0.044397000237950124, 0.3416540002945112,0,0,27.8,0.0,1
1151,1776085940.602685,0.04455999987840187, 0.3572860000531364,0,0,27.8,0.0,1
1152,1776085940.6322072,0.04518000014286372, 0.34485300011510844,0,0,27.8,0.0,1
1153,1776085940.6623094,0.05076300021755742, 0.3760210001928499,0,0,27.8,0.0,1
1154,1776085940.6918259,0.044674000037048245, 0.3345340001033037,0,0,27.8,0.0,1
1155,1776085940.7216682,0.044051999793737195, 0.3581010000743845,0,0,27.8,0.0,1
1156,1776085940.7513833,0.047000999984447844, 0.37747400028820266,0,0,27.8,0.0,1
1157,1776085940.7808912,0.04561000014291494, 0.3371119996700145,0,0,27.8,0.0,1
1158,1776085940.8113956,0.04484999999476713, 0.34510199975557043,0,0,27.8,0.0,1
1159,1776085940.8417053,0.04129700027988292, 0.29363199973886367,0,0,27.8,0.0,1
1160,1776085940.87003,0.04218300000502495, 0.34063500015690806,0,0,27.8,0.0,1
1161,1776085940.8998005,0.043401999846537365, 0.3422869999667455,0,0,27.8,0.0,1
1162,1776085940.9292517,0.04712899999503861, 0.3499239996926917,0,0,27.8,0.0,1
1163,1776085940.959482,0.04790399998455541, 0.3774100000555336,0,0,27.8,0.0,1
1164,1776085940.9896927,0.1100310000765603, 0.46363599994947435,0,0,27.8,0.0,1
1165,1776085941.0190003,0.04729099964606576, 0.4342120000728755,0,0,27.8,0.0,1
1166,1776085941.0486999,0.038301999666146, 0.40863899994292296,0,0,27.8,0.0,1
1167,1776085941.0789595,0.04632499985746108, 0.42623599983926397,0,0,27.8,0.0,1
1168,1776085941.107929,0.04319599975133315, 0.41749999991225195,0,0,27.8,0.0,1
1169,1776085941.1373258,0.04238799965605722, 0.46723700006623403,0,0,27.8,0.0,1
1170,1776085941.1676745,0.043357000322430395, 0.4884609998043743,0,0,27.8,0.0,1
1171,1776085941.1973882,0.04519200001595891, 0.5133780000505794,0,0,27.8,0.0,1
1172,1776085941.2271297,0.04391099992062664, 0.49085099999501836,0,0,27.8,0.0,1
1172,1776085941.2826657,26.53586999986146, 0.27777199966294575,0,0,27.8,0.0,0
1173,1776085941.302234,14.269052999679843, 0.21997900012138416,0,0,27.8,0.0,0
1174,1776085941.334919,19.312205999995058, 0.22281500014287303,0,0,27.8,0.0,0
1175,1776085941.3639812,18.569504999959463, 0.2220169999418431,0,0,27.8,0.0,0
1176,1776085941.392514,18.501886999729322, 0.2511600000616454,0,0,27.8,0.0,0
1177,1776085941.4233012,19.186095999884856, 0.2193169998463418,0,0,27.8,0.0,0
1178,1776085941.4540935,18.608169000344787, 0.21845099990969175,0,0,27.8,0.0,0
1179,1776085941.4812326,17.8204580001875, 0.21405799998319708,0,0,27.8,0.0,0
1180,1776085941.512397,19.382441000288964, 0.21717899971918087,0,0,27.8,0.0,0
1181,1776085941.543545,19.306235999920318, 0.2265029997943202,0,0,27.8,0.0,0
1182,1776085941.5702596,17.858273000001645, 0.22038599990992225,0,0,27.8,0.0,0
1183,1776085941.601416,19.277089000297565, 0.23848199998610653,0,0,27.8,0.0,0
1184,1776085941.6316223,18.823343999883946, 0.23238899984789896,0,0,27.8,0.0,0
1185,1776085941.6602972,17.998281000018324, 0.22664100015390432,0,0,27.8,0.0,0
1186,1776085941.6896617,18.671192999590858, 0.22980000039751758,0,0,27.8,0.0,0
1187,1776085941.7201877,18.401424999865412, 0.23478600041926256,0,0,27.8,0.0,0
1188,1776085941.7499702,18.874556999890046, 0.22386899991033715,0,0,27.8,0.0,0
1189,1776085941.7793272,18.92289300030825, 0.22282600002654362,0,0,27.8,0.0,0
1190,1776085941.8100889,19.097135000265553, 0.2241090001007251,0,0,27.8,0.0,0
1191,1776085941.838253,18.390641999758373, 0.2386219998697925,0,0,27.8,0.0,0
1192,1776085941.8699641,19.749843000226974, 0.21400000014182297,0,0,27.8,0.0,0
1193,1776085941.9015024,19.58110099985788, 0.22346800005834666,0,0,27.8,0.0,0
1194,1776085941.9284787,17.89333299984719, 0.22397300017473754,0,0,27.8,0.0,0
1195,1776085941.958248,19.058297999890783, 0.23753699997541844,0,0,27.8,0.0,0
1196,1776085941.9892197,19.578642999931617, 0.22020100004738197,0,0,27.8,0.0,0
1197,1776085942.0181384,18.730608000169013, 0.21114599985594396,0,0,27.8,0.0,0
1198,1776085942.044794,17.136322999704134, 0.21800100012114854,0,0,27.8,0.0,0
1199,1776085942.0782506,19.814342000245233, 0.24136499996529892,0,0,27.8,0.0,0
1200,1776085942.1061258,18.62118000008195, 0.21443199966597604,0,0,27.8,0.0,0
1201,1776085942.1384945,21.446220000143512, 0.23343999964708928,0,0,27.8,0.0,0
1202,1776085942.168405,20.228565000252274, 0.21996599980411702,0,0,27.8,0.0,0
1203,1776085942.1972387,19.538238999757596, 0.21063599979243008,0,0,27.8,0.0,0
1204,1776085942.2275171,19.845743000132643, 0.23696700009168126,0,0,27.8,0.0,0
1205,1776085942.2573092,19.883173999915016, 0.21263500002532965,0,0,27.8,0.0,0
1206,1776085942.2852845,19.077512999956525, 0.1947350001501036,0,0,27.8,0.0,0
1207,1776085942.317187,20.299640000303043, 0.22476200001619873,0,0,27.8,0.0,0
1208,1776085942.3457093,18.235852000088926, 0.22445300010076608,0,0,27.8,0.0,0
1209,1776085942.3754816,19.556073999865475, 0.22640599991063937,0,0,27.8,0.0,0
1210,1776085942.4081295,22.053520000099525, 0.23133000013331184,0,0,27.8,0.0,0
1211,1776085942.4332542,18.061893999856693, 0.20259900020391797,0,0,27.8,0.0,0
1212,1776085942.4663234,20.96172800020213, 0.21483199998328928,0,0,27.8,0.0,0
1213,1776085942.4935682,18.88775799989162, 0.22553700000571553,0,0,27.8,0.0,0
1214,1776085942.5251715,20.38068199999543, 0.21998900001563015,0,0,27.8,0.0,0
1215,1776085942.5537686,19.39923000009003, 0.2027219998126384,0,0,27.8,0.0,0
1216,1776085942.5837502,19.710223999936716, 0.21414599996205652,0,0,27.8,0.0,0
1217,1776085942.6145873,19.41243300007045, 0.2621429998725944,0,0,27.8,0.0,0
1218,1776085942.6427279,19.124656000258256, 0.2249609997306834,0,0,27.8,0.0,0
1219,1776085942.6737616,20.957501999873784, 0.21156499997232459,0,0,27.8,0.0,0
1220,1776085942.7009425,18.857529000342765, 0.21041899981355527,0,0,27.8,0.0,0
1221,1776085942.732738,20.07109299984222, 0.25915900005202275,0,0,27.8,0.0,0
1222,1776085942.7631283,20.06916399977854, 0.23113700035537477,0,0,27.8,0.0,0
1223,1776085942.79139,19.21749200027989, 0.22946099988985225,0,0,27.8,0.0,0
1224,1776085942.8215032,19.895801000075153, 0.22559899980478804,0,0,27.8,0.0,0
1225,1776085942.8526638,20.503522000126395, 0.24555600020903512,0,0,27.8,0.0,0
1226,1776085942.8800955,18.503089000205364, 0.2069500001198321,0,0,27.8,0.0,0
1227,1776085942.9123764,20.011802000226453, 0.22736499977327185,0,0,27.8,0.0,0
1228,1776085942.9396951,18.436246999954164, 0.21982299995215726,0,0,27.8,0.0,0
1229,1776085942.9693608,19.358345000000554, 0.2414580003460287,0,0,27.8,0.0,0
1230,1776085943.001138,20.641824999984237, 0.22811799999544746,0,0,27.8,0.0,0
1231,1776085943.0283422,18.900852999649942, 0.20211699984429288,0,0,27.8,0.0,0
1232,1776085943.059451,19.831424000130937, 0.22132200001578894,0,0,27.8,0.0,0
1233,1776085943.0882678,19.203187999664806, 0.21825800013175467,0,0,27.8,0.0,0
1234,1776085943.1185548,20.261794999896665, 0.23043999999572407,0,0,27.8,0.0,0
1235,1776085943.1480103,19.328958000187413, 0.2123879999089695,0,0,27.8,0.0,0
1236,1776085943.1780326,19.764720999774, 0.21305800009940867,0,0,27.8,0.0,0
1237,1776085943.2081203,19.6614819997194, 0.20377800001369906,0,0,27.8,0.0,0
1238,1776085943.2377112,18.569427000329597, 0.22244299998419592,0,0,27.8,0.0,0
1239,1776085943.2665472,19.18484099996931, 0.23696900007053046,0,0,27.8,0.0,0
1240,1776085943.2972906,20.217575000060606, 0.2276539999002125,0,0,27.8,0.0,0
1241,1776085943.326827,20.04886799977612, 0.21624800001518452,0,0,27.8,0.0,0
1242,1776085943.356758,19.811921999917104, 0.2358190004088101,0,0,27.8,0.0,0
1243,1776085943.3858202,19.665720999910263, 0.20164799980193493,0,0,27.8,0.0,0
1244,1776085943.415159,19.153684000229987, 0.2316459999747167,0,0,27.8,0.0,0
1245,1776085943.4438806,19.41515199996502, 0.21191399991948856,0,0,27.8,0.0,0
1246,1776085943.4760005,20.294953000302485, 0.21420499979285523,0,0,27.8,0.0,0
1247,1776085943.5050397,19.20564000010927, 0.20430699987628032,0,0,27.8,0.0,0
1248,1776085943.5337248,19.35926299984203, 0.22961700005907915,0,0,27.8,0.0,0
1249,1776085943.5643392,20.26449999993929, 0.22972699980527977,0,0,27.8,0.0,0
1250,1776085943.5938227,19.60728099993503, 0.22514799957207288,0,0,27.8,0.0,0
1251,1776085943.6218433,19.39674200002628, 0.20685400022557587,0,0,27.8,0.0,0
1252,1776085943.6536844,20.64671600010115, 0.260584999978164,0,0,27.8,0.0,0
1253,1776085943.6837633,19.860833000166167, 0.2728399999796238,0,0,27.8,0.0,0
1254,1776085943.7134018,19.645334999950137, 0.2200839999204618,0,0,27.8,0.0,0
1255,1776085943.7431579,20.009027000014612, 0.20715900018331013,0,0,27.8,0.0,0
1256,1776085943.7713737,18.736773999989964, 0.22331999980451656,0,0,27.8,0.0,0
1257,1776085943.8035223,21.200137000050745, 0.23132100022849045,0,0,27.8,0.0,0
1258,1776085943.8314505,18.52932499969029, 0.22143500018501072,0,0,27.8,0.0,0
1259,1776085943.8611426,19.54249099981098, 0.20553600006678607,0,0,27.8,0.0,0
1260,1776085943.891287,19.647005000024365, 0.21650799999406445,0,0,27.8,0.0,0
1261,1776085943.9215167,19.752040000184934, 0.2289260000907234,0,0,27.8,0.0,0
1262,1776085943.950922,19.641649999812216, 0.22335899984682328,0,0,27.8,0.0,0
1263,1776085943.9808002,20.386477000101877, 0.26364099994680146,0,0,27.8,0.0,0
1264,1776085944.010335,20.101759000226593, 0.24062300008154125,0,0,27.8,0.0,0
1265,1776085944.0393162,19.234625000080996, 0.22348699985741405,0,0,27.8,0.0,0
1266,1776085944.069449,20.055459000104747, 0.23089799969966407,0,0,27.8,0.0,0
1267,1776085944.0989556,19.23820899992279, 0.2047960001618776,0,0,27.8,0.0,0
1268,1776085944.1294692,18.837444999917352, 0.2351240000280086,0,0,27.8,0.0,0
1269,1776085944.1575835,19.00554399981047, 0.22904099978404702,0,0,27.8,0.0,0
1270,1776085944.1890662,20.751997000388656, 0.21202300013101194,0,0,27.8,0.0,0
1271,1776085944.2174006,19.23800599979586, 0.2352870001232077,0,0,27.8,0.0,0
1272,1776085944.2469943,19.35871700015923, 0.2165830001104041,0,0,27.8,0.0,0
1273,1776085944.2775493,20.237894999809214, 0.24515899985999567,0,0,27.8,0.0,0
1274,1776085944.306785,19.872184999712772, 0.1830060000429512,0,0,27.8,0.0,0
1275,1776085944.3364322,19.748908000110532, 0.24726299989197287,0,0,27.8,0.0,0
1276,1776085944.3652039,19.46209000016097, 0.2082999999402091,0,0,27.8,0.0,0
1277,1776085944.3942912,18.988214999808406, 0.23082100005922257,0,0,27.8,0.0,0
1278,1776085944.4266243,20.411384999988513, 0.24260700001832447,0,0,27.8,0.0,0
1279,1776085944.4563036,19.861273000060464, 0.2263610003865324,0,0,27.8,0.0,0
1280,1776085944.4847226,18.96938299978501, 0.21535699988817214,0,0,27.8,0.0,0
1281,1776085944.5155082,20.015904000047158, 0.2214709998042963,0,0,27.8,0.0,0
1282,1776085944.5443847,19.48689299979378, 0.2179899997827306,0,0,27.8,0.0,0
1283,1776085944.575332,20.45169300026828, 0.21382499971878133,0,0,27.8,0.0,0
1284,1776085944.606056,20.410095999977784, 0.2326369999536837,0,0,27.8,0.0,0
1285,1776085944.6337678,18.886676999954943, 0.255594000009296,0,0,27.8,0.0,0
1286,1776085944.6616025,18.711466000240762, 0.21385099989856826,0,0,27.8,0.0,0
1287,1776085944.694714,20.54037600009906, 0.22854899998492328,0,0,27.8,0.0,0
1288,1776085944.7227488,18.662070999653224, 0.23134499997468083,0,0,27.8,0.0,0
1289,1776085944.751476,19.437003999883018, 0.23948399984874413,0,0,27.8,0.0,0
1290,1776085944.7818978,19.766666000123223, 0.2801269997689815,0,0,27.8,0.0,0
1291,1776085944.8116255,20.301251999626402, 0.23432899979525246,0,0,27.8,0.0,0
1292,1776085944.8426485,20.768028000020422, 0.21863200026928098,0,0,27.8,0.0,0
1293,1776085944.8708503,19.315102999826195, 0.24632000031488133,0,0,27.8,0.0,0
1294,1776085944.9017835,20.323273000030895, 0.22780000017519342,0,0,27.8,0.0,0
1295,1776085944.930111,18.802879999839206, 0.20769599996128818,0,0,27.8,0.0,0
1296,1776085944.9605358,19.746453000152542, 0.28908600006616325,0,0,27.8,0.0,0
1297,1776085944.9938333,21.77145300038319, 0.21619299968733685,0,0,27.8,0.0,0
1298,1776085945.017793,16.51119000007384, 0.22188200000528013,0,0,27.8,0.0,0
1299,1776085945.051248,20.852393000041047, 0.2143229999092,0,0,27.8,0.0,0
1300,1776085945.079443,19.49207200004821, 0.22268200018515927,0,0,27.8,0.0,0
1301,1776085945.1100235,20.29312500008018, 0.21614099978251033,0,0,27.8,0.0,0
1302,1776085945.1397526,19.88539000012679, 0.23061399997459375,0,0,27.8,0.0,0
1303,1776085945.1692743,19.91767900017294, 0.23262199965756736,0,0,27.8,0.0,0
1304,1776085945.1979516,18.891410999913205, 0.2052569998340914,0,0,27.8,0.0,0
1305,1776085945.2281852,19.73342200017214, 0.21530499998334562,0,0,27.8,0.0,0
1306,1776085945.256605,19.42278600017744, 0.2600679999886779,0,0,27.8,0.0,0
1307,1776085945.2894225,20.796129000245855, 0.23422399999617483,0,0,27.8,0.0,0
1308,1776085945.3133934,17.38779400011481, 0.22061399977246765,0,0,27.8,0.0,0
1309,1776085945.3475726,20.60628999970504, 0.23594000003868132,0,0,27.8,0.0,0
1310,1776085945.3788326,20.664955000029295, 0.25829299966062536,0,0,27.8,0.0,0
1311,1776085945.4042578,18.289578999883815, 0.20361899987619836,0,0,27.8,0.0,0
1312,1776085945.4380257,20.728461000089737, 0.21438200019474607,0,0,27.8,0.0,0
1313,1776085945.4647973,18.521841000165296, 0.21091799999339855,0,0,27.8,0.0,0
1314,1776085945.4957068,19.571969000026, 0.2555250002842513,0,0,27.8,0.0,0
1315,1776085945.5272064,21.079004999592144, 0.21425599970825715,0,0,27.8,0.0,0
1316,1776085945.5507696,17.163490000257298, 0.223402999836253,0,0,27.8,0.0,0
1317,1776085945.5852897,20.734233999974094, 0.2331620003133139,0,0,27.8,0.0,0
1318,1776085945.6137629,18.85799000001498, 0.20652400007747929,0,0,27.8,0.0,0
1319,1776085945.6412992,18.785976999879495, 0.20366700027807383,0,0,27.8,0.0,0
1320,1776085945.6747105,20.81639300013194, 0.2328569999008323,0,0,27.8,0.0,0
1321,1776085945.7031329,19.626374999916152, 0.20544300014080363,0,0,27.8,0.0,0
1322,1776085945.7341006,20.257753999885608, 0.21211200009929598,0,0,27.8,0.0,0
1323,1776085945.765072,21.19896600015636, 0.21517499999390566,0,0,27.8,0.0,0
1324,1776085945.792108,18.85261300003549, 0.2048010001090006,0,0,27.8,0.0,0
1325,1776085945.8223443,19.515301000410545, 0.21533700009968015,0,0,27.8,0.0,0
1326,1776085945.8500228,19.100351999895793, 0.20940600006724708,0,0,27.8,0.0,0
1327,1776085945.883144,20.284847999846534, 0.23482000005969894,0,0,27.8,0.0,0
1328,1776085945.912246,18.929429999843705, 0.23016400018605054,0,0,27.8,0.0,0
1329,1776085945.940574,18.893761000072118, 0.21209099986663205,0,0,27.8,0.0,0
1330,1776085945.9719365,20.7114529998762, 0.21575499977188883,0,0,27.8,0.0,0
1331,1776085946.0010374,19.236992000060127, 0.20665700003519305,0,0,27.8,0.0,0
1332,1776085946.0310473,19.553484999960347, 0.21513999990929733,0,0,27.8,0.0,0
1333,1776085946.061717,20.413811999787868, 0.2121679999618209,0,0,27.8,0.0,0
1334,1776085946.0888786,18.77748500010057, 0.23073400006978773,0,0,27.8,0.0,0
1335,1776085946.1205924,20.49689400018906, 0.230909000038082,0,0,27.8,0.0,0
1336,1776085946.150017,19.71010400029627, 0.21219900008873083,0,0,27.8,0.0,0
1337,1776085946.1779387,18.420812000385922, 0.20527900005617994,0,0,27.8,0.0,0
1338,1776085946.2104337,21.25895800008948, 0.22832000013295328,0,0,27.8,0.0,0
1339,1776085946.234803,17.62628799997401, 0.20189599990771967,0,0,27.8,0.0,0
1340,1776085946.2691689,20.24356199990507, 0.22706300023855874,0,0,27.8,0.0,0
1341,1776085946.298614,19.772410999848944, 0.2654689997143578,0,0,27.8,0.0,0
1342,1776085946.3287587,20.319060000019817, 0.2372999997533043,0,0,27.8,0.0,0
1343,1776085946.3576746,19.419589999870368, 0.2169510003113828,0,0,27.8,0.0,0
1344,1776085946.3875182,19.78264700028376, 0.24850299996614922,0,0,27.8,0.0,0
1345,1776085946.418486,20.28768600030162, 0.24385499955315026,0,0,27.8,0.0,0
1346,1776085946.4444609,17.757698999957938, 0.22166300004755612,0,0,27.8,0.0,0
1347,1776085946.4762456,19.646122000267496, 0.21376399990913342,0,0,27.8,0.0,0
1348,1776085946.5059516,18.863457999941602, 0.20452900025702547,0,0,27.8,0.0,0
1349,1776085946.536473,19.98889800006509, 0.2130950001628662,0,0,27.8,0.0,0
1350,1776085946.5649226,19.18687500028682, 0.2136450002581114,0,0,27.8,0.0,0
1351,1776085946.6000931,21.95126500009792, 0.22365299992088694,0,0,27.8,0.0,0
1352,1776085946.6434927,22.40922300006787, 0.25766399994608946,0,0,27.8,0.0,0
1353,1776085946.6598322,14.519107000069198, 0.22247200013225665,0,0,27.8,0.0,0
1354,1776085946.6770542,12.723910999739019, 0.2129559998138575,0,0,27.8,0.0,0
1355,1776085946.7152927,20.8741309998004, 0.21606599966617068,0,0,27.8,0.0,0
1356,1776085946.7431605,19.035843999972712, 0.21979100029057008,0,0,27.8,0.0,0
1357,1776085946.7733884,19.611669000369147, 0.2211429996350489,0,0,27.8,0.0,0
1358,1776085946.8034291,19.031246999929863, 0.21964799998386297,1,1,27.8,0.0,0
1359,1776085946.8321147,19.10174700014977, 0.21826600004715146,0,1,27.8,0.0,0
1360,1776085947.123712,20.33459700032836, 261.3164849999521,0,1,27.8,0.0,0
1362,1776085947.126799,0.21128300022610347, 0.30561700032194494,0,1,27.8,0.0,1
1363,1776085947.1410491,1.806545999897935, 0.3271810001024278,0,0,27.8,0.0,1
1364,1776085947.1736038,0.03525300007822807, 0.2698700000109966,0,0,27.8,0.0,1
1365,1776085947.1987834,0.04088299965587794, 0.3438519997871481,0,0,27.8,0.0,1
1366,1776085947.2285025,0.04348599986769841, 0.37577900002361275,0,0,27.8,0.0,1
1367,1776085947.258413,0.046302000100695295, 0.41694799983815756,0,0,27.8,0.0,1
1368,1776085947.2881072,0.04892600009043235, 0.41306299999632756,0,0,27.8,0.0,1
1369,1776085947.3180299,0.04277100015315227, 0.3497870002320269,0,0,27.8,0.0,1
1370,1776085947.348057,0.04266699988875189, 0.34358499988229596,0,0,27.8,0.0,1
1371,1776085947.3780339,0.11501199969643494, 0.4467549997571041,0,0,27.8,0.0,1
1372,1776085947.4073126,0.09604400020180037, 0.43252900013612816,0,0,27.8,0.0,1
1373,1776085947.4372833,0.10392700005468214, 0.4139220000070054,0,0,27.8,0.0,1
1374,1776085947.4674032,0.049246999878960196, 0.4539349997685349,0,0,27.8,0.0,1
1375,1776085947.4964285,0.09276499986299314, 0.4390260000946,0,0,27.8,0.0,1
1376,1776085947.5262394,0.039369000205624616, 0.4322469999351597,0,0,27.8,0.0,1
1377,1776085947.556323,0.09644599958846811, 0.4205609998280124,0,0,27.8,0.0,1
1378,1776085947.5868008,0.11066800016124034, 0.4270290000931709,0,0,27.8,0.0,1
1379,1776085947.615305,0.09477399999013869, 0.4186710002613836,0,0,27.8,0.0,1
1380,1776085947.6452534,0.06238000014491263, 0.41922099990188144,0,0,27.8,0.0,1
1381,1776085947.6768377,0.03550399969753926, 0.35916399974667,0,0,27.8,0.0,1
1382,1776085947.704711,0.038982000205578515, 0.43242500032647513,0,0,27.8,0.0,1
1383,1776085947.7342162,0.038083000163169345, 0.4124910001337412,0,0,27.8,0.0,1
1384,1776085947.763995,0.08933499975682935, 0.3745310000340396,0,0,27.8,0.0,1
1385,1776085947.7939184,0.04082399982507923, 0.4569200000332785,0,0,27.8,0.0,1
1386,1776085947.823279,0.09197700001095654, 0.41772699978537275,0,0,27.8,0.0,1
1387,1776085947.8534734,0.10164500008613686, 0.4369270000097458,0,0,27.8,0.0,1
1388,1776085947.8829443,0.06415799998649163, 0.40897899998526555,0,0,27.8,0.0,1
1389,1776085947.9128573,0.03615200012063724, 0.36532200010697125,0,0,27.8,0.0,1
1390,1776085947.9429746,0.03598200009946595, 0.37677799991797656,0,0,27.8,0.0,1
1391,1776085947.9722302,0.04263699975126656, 0.48503100015295786,0,0,27.8,0.0,1
1392,1776085948.0020041,0.04201199999442906, 0.4782289997820044,0,0,27.8,0.0,1
1393,1776085948.0317543,0.04416899992065737, 0.4320020002523961,0,0,27.8,0.0,1
1394,1776085948.0613244,0.043649999952322105, 0.45464599998013,0,0,27.8,0.0,1
1395,1776085948.0909858,0.043137999909959035, 0.4164560000390338,0,0,27.8,0.0,1
1395,1776085948.1499472,29.84732000004442, 0.22331799982566736,0,0,27.8,0.0,0
1396,1776085948.1943674,21.36107699971035, 0.2318719998584129,0,0,27.8,0.0,0
1397,1776085948.2095914,13.274259000354505, 0.22732599973096512,0,0,27.8,0.0,0
1398,1776085948.2236724,12.166372000137926, 0.2152759998352849,0,0,27.8,0.0,0
1399,1776085948.254292,16.461632999835274, 0.22965200014368747,0,0,27.8,0.0,0
1400,1776085948.2875664,18.803694999860454, 0.2565939998930844,0,0,27.8,0.0,0
1401,1776085948.3167453,18.470637000064016, 0.22004399988873047,0,0,27.8,0.0,0
1402,1776085948.3471332,18.88642300036736, 0.22463400000560796,0,0,27.8,0.0,0
1403,1776085948.37574,18.937007000204176, 0.24757199980740552,0,0,27.8,0.0,0
1404,1776085948.4068606,18.959363999783818, 0.24896999957491062,0,0,27.8,0.0,0
1405,1776085948.4358492,18.97417200007112, 0.22066300016376772,0,0,27.8,0.0,0
1406,1776085948.46698,19.547061999674042, 0.22011700002622092,0,0,27.8,0.0,0
1407,1776085948.4951572,18.376890000126878, 0.21594000008917646,0,0,27.8,0.0,0
1408,1776085948.5252268,19.034102000205166, 0.21768399983557174,0,0,27.8,0.0,0
1409,1776085948.553139,18.047229000330844, 0.23583800020787749,0,0,27.8,0.0,0
1410,1776085948.585067,18.769169000279362, 0.21904400000494206,0,0,27.8,0.0,0
1411,1776085948.6136017,18.380181999873457, 0.2445200002512138,0,0,27.8,0.0,0
1412,1776085948.644252,19.54507799973726, 0.22000999979354674,0,0,27.8,0.0,0
1413,1776085948.6743207,19.36800800012861, 0.21691199981432874,0,0,27.8,0.0,0
1414,1776085948.703803,19.078759999956674, 0.24214499990193872,0,0,27.8,0.0,0
1415,1776085948.7330008,19.051313000090886, 0.20969500019418774,0,0,27.8,0.0,0
1416,1776085948.761025,18.32962199978283, 0.21832299989910098,0,0,27.8,0.0,0
1417,1776085948.7937193,20.156544000201393, 0.24780200010354747,0,0,27.8,0.0,0
1418,1776085948.8221292,18.724208000094222, 0.2131090000148106,0,0,27.8,0.0,0
1419,1776085948.8518,18.430192000323586, 0.2703649997783941,0,0,27.8,0.0,0
1420,1776085948.8823054,19.49029600018548, 0.2422470001874899,0,0,27.8,0.0,0
1421,1776085948.9109745,18.2329369999934, 0.21864500013180077,0,0,27.8,0.0,0
1422,1776085948.941728,19.25764199995683, 0.28874600002382067,0,0,27.8,0.0,0
1423,1776085948.9713666,18.91969700000118, 0.22749800018573296,0,0,27.8,0.0,0
1424,1776085948.998243,17.26798699974097, 0.21834100016349112,0,0,27.8,0.0,0
1425,1776085949.0314016,19.70633100017949, 0.26612999999997555,0,0,27.8,0.0,0
1426,1776085949.059537,18.516636000185827, 0.24540699996578041,0,0,27.8,0.0,0
1427,1776085949.0890603,18.79076300019733, 0.2245689997835143,0,0,27.8,0.0,0
1428,1776085949.1195724,18.39119499982189, 0.23686999975325307,0,0,27.8,0.0,0
1429,1776085949.1491938,19.164497000019765, 0.22151799976199982,0,0,27.8,0.0,0
1430,1776085949.1815975,21.311568999863084, 0.2150290001736721,0,0,27.8,0.0,0
1431,1776085949.210768,20.2976230002605, 0.21571600018432946,0,0,27.8,0.0,0
1432,1776085949.2404382,19.627528000000893, 0.23331900001721806,0,0,27.8,0.0,0
1433,1776085949.2694194,19.38244799976019, 0.23035300000628922,0,0,27.8,0.0,0
1434,1776085949.3008506,20.607078000011825, 0.228388999857998,0,0,27.8,0.0,0
1435,1776085949.328624,18.95765900007973, 0.22421899984692573,0,0,27.8,0.0,0
1436,1776085949.3599021,20.61617399976967, 0.21573399999397225,0,0,27.8,0.0,0
1437,1776085949.3872247,18.715295999754744, 0.20560199982355698,0,0,27.8,0.0,0
1438,1776085949.4185243,20.221108999976423, 0.22570600003746222,0,0,27.8,0.0,0
1439,1776085949.4492636,20.14551299998857, 0.2286619996993977,0,0,27.8,0.0,0
1440,1776085949.4768598,17.812650999985635, 0.20516300037343171,0,0,27.8,0.0,0
1441,1776085949.506505,19.3851789999826, 0.2370619999965129,0,0,27.8,0.0,0
1442,1776085949.5381055,20.542280999961804, 0.23961800025062985,0,0,27.8,0.0,0
1443,1776085949.567493,19.913044000077207, 0.2456539996273932,0,0,27.8,0.0,0
1444,1776085949.5924506,17.578752000190434, 0.21501299988813116,0,0,27.8,0.0,0
1445,1776085949.627469,21.180423000259907, 0.21686100035367417,0,0,27.8,0.0,0
1446,1776085949.6575408,20.046166000156518, 0.23344999999608262,0,0,27.8,0.0,0
1447,1776085949.6857972,19.735718999982055, 0.21352900012061582,0,0,27.8,0.0,0
1448,1776085949.7156804,19.51101499980723, 0.2233310001429345,0,0,27.8,0.0,0
1449,1776085949.7438052,18.462535999788088, 0.24476599992340198,0,0,27.8,0.0,0
1450,1776085949.7745101,20.109728000079485, 0.2240209996671183,0,0,27.8,0.0,0
1451,1776085949.8029573,19.454436999694735, 0.20768999956999323,0,0,27.8,0.0,0
1452,1776085949.8340747,20.00296599999274, 0.21831999993082718,0,0,27.8,0.0,0
1453,1776085949.863775,19.564365000405814, 0.2357389998906001,0,0,27.8,0.0,0
1454,1776085949.894135,20.00150300000314, 0.23090000013326062,0,0,27.8,0.0,0
1455,1776085949.924031,20.256169000276714, 0.22363900006894255,0,0,27.8,0.0,0
1456,1776085949.9529912,19.21517499977199, 0.20377100008772686,0,0,27.8,0.0,0
1457,1776085949.9837217,20.269108999855234, 0.19758600001296145,0,0,27.8,0.0,0
1458,1776085950.0120285,19.161636999797338, 0.20174300016151392,0,0,27.8,0.0,0
1459,1776085950.0421515,19.49578899984772, 0.21259899995129672,0,0,27.8,0.0,0
1460,1776085950.072085,19.012462999853597, 0.20251900014045532,0,0,27.8,0.0,0
1461,1776085950.1010287,18.946748999951524, 0.2158999996026978,0,0,27.8,0.0,0
1462,1776085950.1323056,20.86007800016887, 0.2356750001126784,0,0,27.8,0.0,0
1463,1776085950.1605892,19.578495000132534, 0.21210200020505,0,0,27.8,0.0,0
1464,1776085950.191219,19.877624999935506, 0.3124630002275808,0,0,27.8,0.0,0
1465,1776085950.2209961,20.145836000210693, 0.21507299970835447,0,0,27.8,0.0,0
1466,1776085950.2512853,20.136853999701998, 0.23847900001783273,0,0,27.8,0.0,0
1467,1776085950.279746,19.449752000127773, 0.29236999989734613,0,0,27.8,0.0,0
1468,1776085950.3087301,19.033490999845526, 0.2135009999619797,0,0,27.8,0.0,0
1469,1776085950.3399134,19.897457999832113, 0.21350499991967808,0,0,27.8,0.0,0
1470,1776085950.3684373,18.30950200019288, 0.23079099992173724,0,0,27.8,0.0,0
1471,1776085950.3995347,20.374219000132143, 0.29385100015133503,0,0,27.8,0.0,0
1472,1776085950.4281313,19.64320300021427, 0.20467800004553283,0,0,27.8,0.0,0
1473,1776085950.460566,21.123408999756066, 0.31558799992126296,0,0,27.8,0.0,0
1474,1776085950.4866853,18.494931000077486, 0.25730999959705514,0,0,27.8,0.0,0
1475,1776085950.5468113,23.421613999744295, 0.3253719996791915,0,0,27.8,0.0,0
1476,1776085950.5659344,17.196907000197825, 0.2002129999709723,0,0,27.8,0.0,0
1477,1776085950.579964,12.303469000016776, 0.1988170001823164,0,0,27.8,0.0,0
1478,1776085950.5993326,12.747523000143701, 0.20786699997188407,0,0,27.8,0.0,0
1479,1776085950.6381125,21.050787999683962, 0.23304000023927074,0,0,27.8,0.0,0
1480,1776085950.6664598,19.729939000171726, 0.23763499984852388,0,0,27.8,0.0,0
1481,1776085950.6931481,18.87231199998496, 0.20488500013016164,0,0,27.8,0.0,0
1482,1776085950.7255106,20.3524630001084, 0.22025999987818068,0,0,27.8,0.0,0
1483,1776085950.7553883,19.894726000075025, 0.23737199990137015,0,0,27.8,0.0,0
1484,1776085950.7843566,19.494787999974506, 0.22331599984681816,0,0,27.8,0.0,0
1485,1776085950.815148,20.351866000055452, 0.22560999968845863,0,0,27.8,0.0,0
1486,1776085950.8440788,19.749163999676966, 0.20589799987646984,0,0,27.8,0.0,0
1487,1776085950.8771515,21.626104000006308, 0.2990719999615976,0,0,27.8,0.0,0
1488,1776085950.9007323,17.04487999995763, 0.2024060004259809,0,0,27.8,0.0,0
1489,1776085950.9347298,20.60225500008528, 0.21417400012069265,0,0,27.8,0.0,0
1490,1776085950.9636223,18.82389599995804, 0.21898900013184175,0,0,27.8,0.0,0
1491,1776085950.994124,20.61520200004452, 0.2360570001656015,0,0,27.8,0.0,0
1492,1776085951.0209153,18.61839699995471, 0.2058049999504874,0,0,27.8,0.0,0
1493,1776085951.0540707,21.111701999871002, 0.3050489999623096,0,0,27.8,0.0,0
1494,1776085951.0833073,20.43295900011799, 0.2845959998012404,0,0,27.8,0.0,0
1495,1776085951.112069,19.211523000194575, 0.23989999999685097,0,0,27.8,0.0,0
1496,1776085951.1421435,19.77114100009203, 0.20473499989748234,0,0,27.8,0.0,0
1497,1776085951.1720335,19.843887999741128, 0.2235629999631783,0,0,27.8,0.0,0
1498,1776085951.1995556,19.247352999627765, 0.30005500002516783,0,0,27.8,0.0,0
1499,1776085951.23,19.319012999858387, 0.27914299971598666,0,0,27.8,0.0,0
1500,1776085951.2645137,21.187370999996347, 0.23221599985845387,0,0,27.8,0.0,0
1501,1776085951.2846088,15.580265000153304, 0.2683490001800237,0,0,27.8,0.0,0
1502,1776085951.3220193,21.423388000130217, 0.2134850001311861,0,0,27.8,0.0,0
1503,1776085951.3491538,19.196183000076417, 0.2092969998557237,0,0,27.8,0.0,0
1504,1776085951.3803601,20.184861999950954, 0.23881100014477852,0,0,27.8,0.0,0
1505,1776085951.4076345,18.967496999721334, 0.22304100002656924,0,0,27.8,0.0,0
1506,1776085951.4384644,19.983700000011595, 0.23926099993332173,0,0,27.8,0.0,0
1507,1776085951.4699194,20.75839500002985, 0.22070000022722525,0,0,27.8,0.0,0
1508,1776085951.497247,19.023843000013585, 0.2585789998192922,0,0,27.8,0.0,0
1509,1776085951.5276637,19.71420500012755, 0.21824900022693328,0,0,27.8,0.0,0
1510,1776085951.5551274,18.870279000111623, 0.20921199984513805,0,0,27.8,0.0,0
1511,1776085951.5880628,21.11491899995599, 0.2233260001958115,0,0,27.8,0.0,0
1512,1776085951.6165984,19.476424000004045, 0.22072399997341563,0,0,27.8,0.0,0
1513,1776085951.646053,19.796941000095103, 0.21219200016275863,0,0,27.8,0.0,0
1514,1776085951.6769035,20.223508000071888, 0.22601599994231947,0,0,27.8,0.0,0
1515,1776085951.7087965,20.369553999898926, 0.2290780003022519,0,0,27.8,0.0,0
1516,1776085951.7354877,18.894274000103906, 0.20991200017306255,0,0,27.8,0.0,0
1517,1776085951.764806,19.19278100012889, 0.20525800027826335,0,0,27.8,0.0,0
1518,1776085951.795274,19.414794000113034, 0.21067900024718256,0,0,27.8,0.0,0
1519,1776085951.824969,19.576031000269722, 0.2166469998883258,0,0,27.8,0.0,0
1520,1776085951.8546154,18.550953000158188, 0.21522199995160918,0,0,27.8,0.0,0
1521,1776085951.8841395,19.646947999717668, 0.21130400000402005,0,0,27.8,0.0,0
1522,1776085951.911713,18.885413999669254, 0.20759500011990895,0,0,27.8,0.0,0
1523,1776085951.9453459,20.926811999743222, 0.25557899971317966,0,0,27.8,0.0,0
1524,1776085951.9735677,19.277545000022656, 0.21198400008870522,0,0,27.8,0.0,0
1525,1776085952.0040455,20.113342999593442, 0.2171350001844985,0,0,27.8,0.0,0
1526,1776085952.0340235,20.238601999608363, 0.2212479998888739,0,0,27.8,0.0,0
1527,1776085952.0616577,18.495027999961167, 0.22151300026962417,0,0,27.8,0.0,0
1528,1776085952.092531,20.051169999987906, 0.2397680000285618,0,0,27.8,0.0,0
1529,1776085952.1219585,19.304164000004675, 0.20265300008759368,0,0,27.8,0.0,0
1530,1776085952.1527793,19.41745500016623, 0.22034899984646472,0,0,27.8,0.0,0
1531,1776085952.1789458,18.309656999917934, 0.20498999992923927,0,0,27.8,0.0,0
1532,1776085952.2132556,20.971442999780265, 0.21669999978257692,0,0,27.8,0.0,0
1533,1776085952.2402382,18.957694999699015, 0.20267800027795602,0,0,27.8,0.0,0
1534,1776085952.2686245,18.965451999974903, 0.20599199979187688,0,0,27.8,0.0,0
1535,1776085952.3015282,20.377167999868107, 0.21886600006837398,0,0,27.8,0.0,0
1536,1776085952.3299387,19.449605999852793, 0.2123879999089695,0,0,27.8,0.0,0
1537,1776085952.3596373,19.835379000141984, 0.2164090001315344,0,0,27.8,0.0,0
1538,1776085952.3901865,20.218209000177012, 0.2216999996562663,0,0,27.8,0.0,0
1539,1776085952.4185154,18.949250999867218, 0.21783800002594944,0,0,27.8,0.0,0
1540,1776085952.449699,20.268758999918646, 0.26670099987313733,0,0,27.8,0.0,0
1541,1776085952.4786963,19.611825000083627, 0.2560389998507162,0,0,27.8,0.0,0
1542,1776085952.509216,20.195060999867565, 0.21530100002564723,0,0,27.8,0.0,0
1543,1776085952.5382314,19.485632999931113, 0.23581400000693975,0,0,27.8,0.0,0
1544,1776085952.5684295,20.242722999682883, 0.23261999967871816,0,0,27.8,0.0,0
1545,1776085952.5977063,19.342778000009275, 0.24513399966963334,0,0,27.8,0.0,0
1546,1776085952.6272771,19.536424999841984, 0.26924799976768554,0,0,27.8,0.0,0
1547,1776085952.6587038,20.655416000408877, 0.2484589999767195,0,0,27.8,0.0,0
1548,1776085952.6858912,18.539823000082833, 0.20623800037355977,0,0,27.8,0.0,0
1549,1776085952.7171154,20.28117800000473, 0.2099169996654382,0,0,27.8,0.0,0
1550,1776085952.7470798,18.98619299981874, 0.20544700009850203,0,0,27.8,0.0,0
1551,1776085952.7744591,18.720507000125508, 0.23174199986897293,0,0,27.8,0.0,0
1552,1776085952.8066638,20.55788699999539, 0.24476499993397738,0,0,27.8,0.0,0
1553,1776085952.8371313,20.60086199981015, 0.229360000048473,0,0,27.8,0.0,0
1554,1776085952.8617816,17.747567999776948, 0.21991400035403785,0,0,27.8,0.0,0
1555,1776085952.8964758,20.92900500019823, 0.2175969998461369,0,0,27.8,0.0,0
1556,1776085952.925361,19.88851500027522, 0.23778600007062778,0,0,27.8,0.0,0
1557,1776085952.9546945,19.588268000006792, 0.21806799986734404,0,0,27.8,0.0,0
1558,1776085952.9841685,19.838851999793405, 0.27774199998020777,0,0,27.8,0.0,0
1559,1776085953.014139,19.83797799994136, 0.2061310001408856,0,0,27.8,0.0,0
1560,1776085953.042156,17.879232999803207, 0.20438699993974296,0,0,27.8,0.0,0
1561,1776085953.0744784,21.443381999688427, 0.22833399998489767,0,0,27.8,0.0,0
1562,1776085953.102405,19.17254599993612, 0.2221590002591256,0,0,27.8,0.0,0
1563,1776085953.1324685,19.564235999951052, 0.23392100001728977,0,0,27.8,0.0,0
1564,1776085953.1633732,20.113458999730938, 0.22902099999555503,0,0,27.8,0.0,0
1565,1776085953.191807,19.650487000035355, 0.2155149995815009,0,0,27.8,0.0,0
1566,1776085953.2213964,19.593593000081455, 0.22087299976192298,0,0,27.8,0.0,0
1567,1776085953.2513335,19.564464999803022, 0.2161049997084774,0,0,27.8,0.0,0
1568,1776085953.2819705,20.143621999977768, 0.20267499985493487,0,0,27.8,0.0,0
1569,1776085953.307291,17.514088000098127, 0.20437500006664777,0,0,27.8,0.0,0
1570,1776085953.3409605,20.270205000088026, 0.214556999708293,0,0,27.8,0.0,0
1571,1776085953.3722668,21.01071300012336, 0.21284900003593066,0,0,27.8,0.0,0
1572,1776085953.3987594,18.861299000036524, 0.20825100000365637,0,0,27.8,0.0,0
1573,1776085953.4297717,19.49811700023929, 0.2124529996763158,0,0,27.8,0.0,0
1574,1776085953.4602854,20.342142000117747, 0.21655599994119257,0,0,27.8,0.0,0
1575,1776085953.4886646,19.356398999661906, 0.21178400038479595,0,0,27.8,0.0,0
1576,1776085953.516084,18.66164300008677, 0.20461899975998676,0,0,27.8,0.0,0
1577,1776085953.5499184,20.861041999978625, 0.21455300020534196,0,0,27.8,0.0,0
1578,1776085953.5771253,18.959586000164563, 0.2179759999307862,0,0,27.8,0.0,0
1579,1776085953.609979,21.697664999919652, 0.3111260002697236,0,0,27.8,0.0,0
1580,1776085953.6336277,16.533345999960147, 0.20852500028922805,0,0,27.8,0.0,0
1581,1776085953.6683555,20.71441899988713, 0.2080540002680209,2,0,27.8,0.0,0
1582,1776085953.697243,19.80271599995831, 0.2598979999675066,2,2,27.8,0.0,0
1583,1776085953.7263591,19.479648000015004, 0.22272699970926624,1,2,27.8,0.0,0
1584,1776085954.0152507,19.988963000287185, 258.68639999998777,0,1,27.8,0.0,0
1586,1776085954.020371,0.29408299997157883, 0.40793699963614927,0,1,27.8,0.0,1
1587,1776085954.034265,0.25147299993477645, 0.4291400000511203,0,1,27.8,0.0,1
1588,1776085954.0644598,0.3242580000915041, 0.5150259999027185,0,0,27.8,0.0,1
1589,1776085954.0955493,2.058856000076048, 0.3914870003427495,0,0,27.8,0.0,1
1590,1776085954.1281586,0.03172900005665724, 0.31261399999493733,0,0,27.8,0.0,1
1591,1776085954.1538239,0.11666700038404088, 0.41296899962617317,0,0,27.8,0.0,1
1592,1776085954.1829135,0.040608999825053615, 0.32151300001714844,0,0,27.8,0.0,1
1593,1776085954.2119176,0.05193900005906471, 0.37240300025587203,0,0,27.8,0.0,1
1594,1776085954.2421606,0.04879500011156779, 0.37870300002396107,0,0,27.8,0.0,1
1595,1776085954.271983,0.04579300002660602, 0.3844139996544982,0,0,27.8,0.0,1
1596,1776085954.3011456,0.044298999910097336, 0.347762999808765,0,0,27.8,0.0,1
1597,1776085954.3310702,0.04236799986756523, 0.34862699976656586,0,0,27.8,0.0,1
1598,1776085954.3611078,0.05044799991082982, 0.375894999706361,0,0,27.8,0.0,1
1599,1776085954.3906121,0.045666999994864454, 0.37182299956839415,0,0,27.8,0.0,1
1600,1776085954.4203775,0.04295600001569255, 0.3550659998836636,0,0,27.8,0.0,1
1601,1776085954.4502304,0.04747699995277799, 0.38075700012996094,0,0,27.8,0.0,1
1602,1776085954.4799695,0.04457300019566901, 0.33849200008262414,0,0,27.8,0.0,1
1603,1776085954.5105815,0.03720399990925216, 0.31050600000526174,0,0,27.8,0.0,1
1604,1776085954.53851,0.046860000111337285, 0.3614319998632709,0,0,27.8,0.0,1
1605,1776085954.5682802,0.046565000047849026, 0.38025999992896686,0,0,27.8,0.0,1
1606,1776085954.5985703,0.10608899992803345, 0.4430419999152946,0,0,27.8,0.0,1
1607,1776085954.6286669,0.04552099971988355, 0.5023359999540844,0,0,27.8,0.0,1
1608,1776085954.6580606,0.04485399995246553, 0.41695299978528055,0,0,27.8,0.0,1
1609,1776085954.6878927,0.04153200006840052, 0.47931699964465224,0,0,27.8,0.0,1
1610,1776085954.7172885,0.0400079998144065, 0.4235149999658461,0,0,27.8,0.0,1
1611,1776085954.7475612,0.10789799989652238, 0.3957839999202406,0,0,27.8,0.0,1
1612,1776085954.7782102,0.041273999613622436, 0.4640910001398879,0,0,27.8,0.0,1
1613,1776085954.8062503,0.0438849997408397, 0.3411739999137353,0,0,27.8,0.0,1
1614,1776085954.8359349,0.05198400003791903, 0.38704800044797594,0,0,27.8,0.0,1
1615,1776085954.8655274,0.04617400009010453, 0.3866860001835448,0,0,27.8,0.0,1
1616,1776085954.8947418,0.038218999634409556, 0.2887850000661274,0,0,27.8,0.0,1
1617,1776085954.9253294,0.04202599984637345, 0.4258949998074968,0,0,27.8,0.0,1
1618,1776085954.9551303,0.08806899995761341, 0.43536700013646623,0,0,27.8,0.0,1
1619,1776085954.9852152,0.04097999999430613, 0.4875609997725405,0,0,27.8,0.0,1
1619,1776085955.0444114,30.254531000082352, 0.22249799985729624,0,0,27.8,0.0,0
1620,1776085955.0614002,14.91681300012715, 0.2399350000814593,0,0,27.8,0.0,0
1621,1776085955.096974,21.09709100022883, 0.2135390000148618,0,0,27.8,0.0,0
1622,1776085955.1214821,16.973315000086586, 0.22291200002655387,0,0,27.8,0.0,0
1623,1776085955.153188,20.326427000327385, 0.23841399979573907,0,0,27.8,0.0,0
1624,1776085955.1841767,20.246405999841954, 0.23903300007077632,0,0,27.8,0.0,0
1625,1776085955.2136903,20.512245000190887, 0.21806499989907024,0,0,27.8,0.0,0
1626,1776085955.2419658,19.183563000297, 0.20535299972834764,0,0,27.8,0.0,0
1627,1776085955.2724516,19.903178999811644, 0.22204200013220543,0,0,27.8,0.0,0
1628,1776085955.3018067,19.702635000157898, 0.21817699962412007,0,0,27.8,0.0,0
1629,1776085955.3314826,19.64269299969601, 0.2320710000276449,0,0,27.8,0.0,0
1630,1776085955.3612995,19.40610600013315, 0.2289230001224496,0,0,27.8,0.0,0
1631,1776085955.3900487,18.968802000017604, 0.20512999981292523,0,0,27.8,0.0,0
1632,1776085955.4217167,20.33851299984235, 0.21671400008926867,0,0,27.8,0.0,0
1633,1776085955.4495296,19.35166599969307, 0.2324769998267584,0,0,27.8,0.0,0
1634,1776085955.4798129,19.81956800000262, 0.22259200022745063,0,0,27.8,0.0,0
1635,1776085955.509709,19.53186499986259, 0.26447899972481537,0,0,27.8,0.0,0
1636,1776085955.5407143,20.255251999969914, 0.23398200028168503,0,0,27.8,0.0,0
1637,1776085955.5691621,19.15557300026194, 0.2038779998656537,0,0,27.8,0.0,0
1638,1776085955.5991518,19.922802999644773, 0.20373400002426933,0,0,27.8,0.0,0
1639,1776085955.6298952,20.376083999963157, 0.23161999979492975,0,0,27.8,0.0,0
1640,1776085955.65457,17.601137999918137, 0.22893999994266778,0,0,27.8,0.0,0
1641,1776085955.6893222,20.70283200009726, 0.21090300015202956,0,0,27.8,0.0,0
1642,1776085955.7205198,20.658932000060304, 0.2393770000708173,0,0,27.8,0.0,0
1643,1776085955.745138,17.472262999945087, 0.20820300005652825,0,0,27.8,0.0,0
1644,1776085955.7778876,19.98526999977912, 0.23282399979507318,0,0,27.8,0.0,0
1645,1776085955.8072314,19.808639999610023, 0.22446599996328587,0,0,27.8,0.0,0
1646,1776085955.8368223,19.469342999855144, 0.2484420001565013,0,0,27.8,0.0,0
1647,1776085955.866237,19.808439999906113, 0.22990000024947221,0,0,27.8,0.0,0
1648,1776085955.8960645,19.901159000255575, 0.20816000005652313,0,0,27.8,0.0,0
1649,1776085955.9263816,19.912947999728203, 0.22894999983691378,0,0,27.8,0.0,0
1650,1776085955.9545834,19.02312999982314, 0.25168799993480206,0,0,27.8,0.0,0
1651,1776085955.9860723,20.330880000074103, 0.28312299991739565,0,0,27.8,0.0,0
1652,1776085956.0148163,18.563631000233727, 0.2268899997943663,0,0,27.8,0.0,0
1653,1776085956.0442445,19.36499100020228, 0.22539599967785762,0,0,27.8,0.0,0
1654,1776085956.0762737,20.914780000111932, 0.219208999624243,0,0,27.8,0.0,0
1655,1776085956.102268,18.27978900018934, 0.2033189998655871,0,0,27.8,0.0,0
1656,1776085956.134455,19.873071999882086, 0.23798599977453705,0,0,27.8,0.0,0
1657,1776085956.1644878,20.052462999956333, 0.2179859998250322,0,0,27.8,0.0,0
1658,1776085956.1934004,19.485595999867655, 0.24049200010267668,0,0,27.8,0.0,0
1659,1776085956.2231865,19.786156000009214, 0.2073589998872194,0,0,27.8,0.0,0
1660,1776085956.253068,19.974817999809602, 0.23392699995383737,0,0,27.8,0.0,0
1661,1776085956.2833347,20.031741999900987, 0.25507800000923453,0,0,27.8,0.0,0
1662,1776085956.3116143,19.30642200022703, 0.21484399985638447,0,0,27.8,0.0,0
1663,1776085956.3430939,20.81713999996282, 0.21713599971917574,0,0,27.8,0.0,0
1664,1776085956.3727293,19.71104699987336, 0.21710700002586236,0,0,27.8,0.0,0
1665,1776085956.4009295,19.007362000138528, 0.2029259999289934,0,0,27.8,0.0,0
1666,1776085956.431941,20.713126999908127, 0.26840100008485024,0,0,27.8,0.0,0
