frame,track,x,y,vx,vy,speed,state,cov
1,2,638.0,374.0,0.00,0.00,0.00,0,12.01
1,3,628.0,383.0,0.00,0.00,0.00,0,12.01
2,2,637.7,374.3,-0.01,0.01,0.01,0,7.48
2,3,634.2,377.8,0.15,-0.12,0.19,0,7.48
3,2,641.1,371.9,0.23,-0.16,0.27,0,6.30
5,2,641.2,371.9,0.23,-0.16,0.27,0,9.92
6,2,641.2,371.9,0.23,-0.16,0.27,0,12.12
7,2,641.2,371.9,0.23,-0.16,0.27,0,14.46
97,4,1011.0,1432.0,0.00,0.00,0.00,0,12.01
98,4,1011.3,1432.3,0.01,0.01,0.01,0,7.47
98,5,1004.0,1427.0,0.00,0.00,0.00,0,12.01
99,4,1009.7,1431.0,-0.10,-0.08,0.13,0,6.31
101,4,1009.7,1430.9,-0.10,-0.08,0.13,0,10.00
102,4,1009.7,1430.9,-0.10,-0.08,0.13,0,12.11
103,4,1009.7,1430.9,-0.10,-0.08,0.13,0,14.46
134,6,861.0,1125.0,0.00,0.00,0.00,0,12.01
134,7,857.0,1131.0,0.00,0.00,0.00,0,12.01
134,8,842.0,1157.0,0.00,0.00,0.00,0,12.01
136,9,890.0,1083.0,0.00,0.00,0.00,0,12.01
136,10,874.0,1106.0,0.00,0.00,0.00,0,12.01
137,9,889.7,1083.3,-0.01,0.01,0.01,0,7.47
137,10,874.0,1106.0,0.00,0.00,0.00,0,14.02
137,11,906.0,1059.0,0.00,0.00,0.00,0,12.01
138,9,893.6,1077.6,0.20,-0.30,0.36,0,6.30
138,10,874.0,1106.0,0.00,0.00,0.00,0,16.07
140,9,893.7,1077.5,0.20,-0.30,0.36,0,9.92
140,10,874.0,1106.0,0.00,0.00,0.00,0,19.85
141,9,893.7,1077.5,0.20,-0.30,0.36,0,12.10
142,9,893.7,1077.5,0.20,-0.30,0.36,0,14.44
232,12,1014.0,1167.0,0.00,0.00,0.00,0,12.01
232,13,1023.0,1172.0,0.00,0.00,0.00,0,12.01
233,12,1014.0,1167.0,0.00,0.00,0.00,0,7.47
233,13,1015.1,1166.8,-0.19,-0.13,0.23,0,7.47
234,12,1009.6,1163.9,-0.28,-0.20,0.34,0,6.31
236,12,1009.6,1163.9,-0.28,-0.20,0.34,0,9.97
237,12,1009.5,1163.9,-0.28,-0.20,0.34,0,12.13
238,12,1009.5,1163.9,-0.28,-0.20,0.34,0,14.47
434,14,596.0,434.0,0.00,0.00,0.00,0,12.01
436,16,578.0,440.0,0.00,0.00,0.00,0,12.01
436,17,556.0,447.0,0.00,0.00,0.00,0,12.01
437,16,571.4,442.0,-0.16,0.05,0.17,0,7.48
437,17,551.1,448.6,-0.12,0.04,0.13,0,7.48
438,16,563.6,444.5,-0.69,0.22,0.72,0,6.31
438,17,544.6,451.3,-0.55,0.22,0.60,0,6.31
440,16,563.4,444.6,-0.69,0.22,0.72,0,10.01
440,17,544.5,451.4,-0.55,0.22,0.60,0,10.01
441,16,563.4,444.6,-0.69,0.22,0.72,0,12.12
441,17,544.5,451.4,-0.55,0.22,0.60,0,12.12
442,16,563.4,444.6,-0.69,0.22,0.72,0,14.47
442,17,544.5,451.4,-0.55,0.22,0.60,0,14.47
473,18,394.0,497.0,0.00,0.00,0.00,0,12.01
473,19,1180.0,1172.0,0.00,0.00,0.00,0,12.01
473,20,1213.0,1170.0,0.00,0.00,0.00,0,12.01
475,22,464.0,480.0,0.00,0.00,0.00,0,12.01
475,23,445.0,485.0,0.00,0.00,0.00,0,12.01
475,24,437.0,487.0,0.00,0.00,0.00,0,12.01
476,22,465.3,479.3,0.03,-0.01,0.03,0,7.47
476,23,449.3,484.0,0.09,-0.02,0.09,0,7.47
476,24,437.0,487.0,0.00,0.00,0.00,0,14.03
477,22,465.3,479.3,0.03,-0.01,0.03,0,9.52
477,24,437.0,487.0,0.00,0.00,0.00,0,16.09
479,22,465.3,479.3,0.03,-0.01,0.03,0,13.32
479,24,437.0,487.0,0.00,0.00,0.00,0,19.97
480,22,465.3,479.3,0.03,-0.01,0.03,0,15.47
518,26,1324.0,1193.0,0.00,0.00,0.00,0,12.01
518,27,1319.0,1201.0,0.00,0.00,0.00,0,12.01
520,28,1328.0,1129.0,0.00,0.00,0.00,0,12.01
520,29,1328.0,1159.0,0.00,0.00,0.00,0,12.01
520,30,1327.0,1166.0,0.00,0.00,0.00,0,12.01
521,28,1327.7,1128.7,-0.01,-0.01,0.01,0,7.48
521,29,1328.0,1159.0,0.00,0.00,0.00,0,14.04
521,30,1327.0,1166.0,0.00,0.00,0.00,0,14.04
521,31,1318.0,1092.0,0.00,0.00,0.00,0,12.01
522,28,1325.2,1119.2,-0.17,-0.63,0.65,0,6.31
522,29,1328.0,1159.0,0.00,0.00,0.00,0,16.09
524,28,1325.1,1119.1,-0.17,-0.63,0.65,0,10.01
524,29,1328.0,1159.0,0.00,0.00,0.00,0,20.01
525,28,1325.1,1119.1,-0.17,-0.63,0.65,0,12.13
526,28,1325.1,1119.0,-0.17,-0.63,0.65,0,14.48
557,32,817.0,747.0,0.00,0.00,0.00,0,12.01
557,33,813.0,758.0,0.00,0.00,0.00,0,12.01
559,34,804.0,777.0,0.00,0.00,0.00,0,12.01
560,34,802.0,778.6,-0.05,0.04,0.06,0,7.47
561,34,799.2,780.3,-0.22,0.14,0.26,0,6.30
563,34,799.1,780.3,-0.22,0.14,0.26,0,9.97
564,34,799.1,780.3,-0.22,0.14,0.26,0,12.11
565,34,799.1,780.3,-0.22,0.14,0.26,0,14.46
596,35,808.0,572.0,0.00,0.00,0.00,0,12.01
596,36,895.0,848.0,0.00,0.00,0.00,0,12.01
596,37,904.0,859.0,0.00,0.00,0.00,0,12.01
596,38,657.0,1113.0,0.00,0.00,0.00,0,12.01
598,39,911.0,869.0,0.00,0.00,0.00,0,12.01
598,40,919.0,880.0,0.00,0.00,0.00,0,12.01
598,41,674.0,1103.0,0.00,0.00,0.00,0,12.01
599,39,913.6,872.6,0.06,0.08,0.10,0,7.47
599,40,922.6,884.3,0.08,0.09,0.12,0,7.47
599,41,677.3,1101.7,0.07,-0.03,0.08,0,7.47
600,39,917.6,877.8,0.31,0.41,0.51,0,6.30
600,41,681.1,1100.2,0.31,-0.12,0.33,0,6.30
602,39,917.7,878.0,0.31,0.41,0.51,0,9.93
602,41,681.1,1100.2,0.31,-0.12,0.33,0,9.93
603,39,917.7,878.0,0.31,0.41,0.51,0,12.11
603,41,681.2,1100.2,0.31,-0.12,0.33,0,12.11
604,39,917.7,878.0,0.31,0.41,0.51,0,14.45
604,41,681.2,1100.2,0.31,-0.12,0.33,0,14.45
715,42,450.0,540.0,0.00,0.00,0.00,0,12.01
716,42,450.0,540.0,0.00,0.00,0.00,0,7.48
717,42,450.0,540.0,0.00,0.00,0.00,0,9.51
719,42,450.0,540.0,0.00,0.00,0.00,0,13.27
720,42,450.0,540.0,0.00,0.00,0.00,0,15.47
761,44,276.0,826.0,0.00,0.00,0.00,0,12.01
761,45,287.0,834.0,0.00,0.00,0.00,0,12.01
763,46,296.0,841.0,0.00,0.00,0.00,0,12.01
763,47,311.0,849.0,0.00,0.00,0.00,0,12.01
764,46,300.6,843.6,0.11,0.07,0.13,0,7.48
764,47,315.3,851.3,0.11,0.06,0.12,0,7.48
765,46,306.4,846.8,0.50,0.28,0.57,0,6.31
767,46,306.5,846.9,0.50,0.28,0.57,0,10.05
768,46,306.5,846.9,0.50,0.28,0.57,0,12.12
769,46,306.5,846.9,0.50,0.28,0.57,0,14.48
800,48,925.0,429.0,0.00,0.00,0.00,0,12.01
800,49,1155.0,883.0,0.00,0.00,0.00,0,12.01
802,50,980.0,398.0,0.00,0.00,0.00,0,12.01
802,51,1204.0,914.0,0.00,0.00,0.00,0,12.01
802,52,1246.0,934.0,0.00,0.00,0.00,0,12.01
803,50,980.0,398.0,0.00,0.00,0.00,0,14.02
803,51,1204.0,914.0,0.00,0.00,0.00,0,14.02
803,52,1252.5,936.3,0.13,0.05,0.14,0,7.46
804,52,1258.3,937.8,0.36,0.10,0.38,0,6.28
804,50,980.0,398.0,0.00,0.00,0.00,0,16.03
804,51,1204.0,914.0,0.00,0.00,0.00,0,16.03
806,52,1258.4,937.8,0.36,0.10,0.38,0,9.71
806,50,980.0,398.0,0.00,0.00,0.00,0,19.60
806,51,1204.0,914.0,0.00,0.00,0.00,0,19.60
807,52,1258.4,937.8,0.36,0.10,0.38,0,11.93
808,52,1258.4,937.8,0.36,0.10,0.38,0,14.25
1031,53,872.0,1232.0,0.00,0.00,0.00,0,12.01
1032,53,864.8,1231.7,-0.18,-0.01,0.18,0,7.48
1033,53,861.2,1231.5,-0.41,-0.02,0.41,0,6.31
1035,53,861.1,1231.5,-0.41,-0.02,0.41,0,9.95
1036,53,861.1,1231.5,-0.41,-0.02,0.41,0,12.12
1037,53,861.1,1231.5,-0.41,-0.02,0.41,0,14.46
1069,56,771.0,1360.0,0.00,0.00,0.00,0,12.01
1069,57,774.0,1374.0,0.00,0.00,0.00,0,12.01
1070,56,771.3,1360.3,0.01,0.01,0.01,0,7.47
1070,57,771.7,1366.1,-0.06,-0.21,0.22,0,7.47
1071,56,770.5,1357.9,-0.04,-0.14,0.15,0,6.30
1073,56,770.5,1357.9,-0.04,-0.14,0.15,0,9.98
1074,56,770.5,1357.9,-0.04,-0.14,0.15,0,12.13
1075,56,770.5,1357.9,-0.04,-0.14,0.15,0,14.53
1259,58,389.0,1065.0,0.00,0.00,0.00,0,12.01
1261,60,427.0,1046.0,0.00,0.00,0.00,0,12.01
1261,61,405.0,1056.0,0.00,0.00,0.00,0,12.01
1262,60,427.0,1046.0,0.00,0.00,0.00,0,7.48
1262,61,405.0,1056.0,0.00,0.00,0.00,0,14.04
1262,62,448.0,1038.0,0.00,0.00,0.00,0,12.01
1263,60,431.9,1043.9,0.33,-0.14,0.35,0,6.31
1263,61,405.0,1056.0,0.00,0.00,0.00,0,16.08
1265,60,432.0,1043.9,0.33,-0.14,0.35,0,9.95
1265,61,405.0,1056.0,0.00,0.00,0.00,0,19.93
1266,60,432.0,1043.9,0.33,-0.14,0.35,0,12.14
1267,60,432.0,1043.9,0.33,-0.14,0.35,0,14.48
1319,63,1196.0,582.0,0.00,0.00,0.00,0,12.01
1321,66,1239.0,588.0,0.00,0.00,0.00,0,12.01
1322,66,1239.0,588.0,0.00,0.00,0.00,0,14.04
1322,67,1279.0,601.0,0.00,0.00,0.00,0,12.01
1322,68,1286.0,602.0,0.00,0.00,0.00,0,12.01
1322,69,1315.0,618.0,0.00,0.00,0.00,0,12.01
1323,66,1239.0,588.0,0.00,0.00,0.00,0,16.09
1325,66,1239.0,588.0,0.00,0.00,0.00,0,20.00
1367,70,300.0,920.0,0.00,0.00,0.00,0,12.01
1368,70,301.6,921.0,0.04,0.02,0.05,0,7.48
1369,70,301.6,921.0,0.04,0.02,0.05,0,9.52
1371,70,301.7,921.0,0.04,0.02,0.05,0,13.30
1372,70,301.7,921.0,0.04,0.02,0.05,0,15.46
1670,71,458.0,536.0,0.00,0.00,0.00,0,12.01
1672,73,522.0,528.0,0.00,0.00,0.00,0,12.01
1673,73,522.7,528.0,0.02,0.00,0.02,0,7.47
1674,73,531.2,525.2,0.58,-0.19,0.61,0,6.30
1676,73,531.4,525.1,0.58,-0.19,0.61,0,9.93
1677,73,531.4,525.1,0.58,-0.19,0.61,0,12.13
1678,73,531.4,525.1,0.58,-0.19,0.61,0,14.47
1835,76,1508.0,1040.0,0.00,0.00,0.00,0,12.01
1836,76,1509.0,1036.4,0.02,-0.09,0.09,0,7.47
1837,76,1509.5,1034.7,0.06,-0.19,0.20,0,6.31
1837,77,1512.0,1020.0,0.00,0.00,0.00,0,12.01
1839,76,1509.5,1034.7,0.06,-0.19,0.20,0,9.98
1839,77,1512.0,1020.0,0.00,0.00,0.00,0,15.14
1840,76,1509.5,1034.7,0.06,-0.19,0.20,0,12.13
1840,77,1512.0,1020.0,0.00,0.00,0.00,0,17.25
1841,76,1509.5,1034.7,0.06,-0.19,0.20,0,14.52
1841,77,1512.0,1020.0,0.00,0.00,0.00,0,19.53
1872,78,1377.0,994.0,0.00,0.00,0.00,0,12.01
1873,78,1377.0,993.7,0.00,-0.01,0.01,0,7.48
1873,79,1383.0,1007.0,0.00,0.00,0.00,0,12.01
1874,78,1378.5,996.6,0.11,0.20,0.23,0,6.30
1874,79,1383.7,1010.6,0.02,0.10,0.10,0,7.47
1876,78,1378.6,996.6,0.11,0.20,0.23,0,9.91
1876,79,1383.7,1010.6,0.02,0.10,0.10,0,10.81
1877,78,1378.6,996.6,0.11,0.20,0.23,0,12.12
1877,79,1383.7,1010.6,0.02,0.10,0.10,0,12.99
1878,78,1378.6,996.7,0.11,0.20,0.23,0,14.52
1878,79,1383.7,1010.6,0.02,0.10,0.10,0,15.33
1922,80,771.0,1385.0,0.00,0.00,0.00,0,12.01
1924,82,791.0,1368.0,0.00,0.00,0.00,0,12.01
1924,83,780.0,1377.0,0.00,0.00,0.00,0,12.01
1925,82,790.7,1368.3,-0.01,0.01,0.01,0,7.47
1925,83,787.9,1372.4,0.19,-0.11,0.22,0,7.47
1926,82,793.6,1367.0,0.18,-0.08,0.20,0,6.31
1928,82,793.6,1366.9,0.18,-0.08,0.20,0,10.04
1929,82,793.6,1366.9,0.18,-0.08,0.20,0,12.12
1930,82,793.6,1366.9,0.18,-0.08,0.20,0,14.53
1970,84,789.0,1239.0,0.00,0.00,0.00,0,12.01
1970,85,779.0,1249.0,0.00,0.00,0.00,0,12.01
1981,86,1037.0,839.0,0.00,0.00,0.00,0,12.01
1982,86,1040.6,829.2,0.09,-0.24,0.26,0,7.47
1983,86,1042.5,824.2,0.21,-0.56,0.60,0,6.31
1985,86,1042.6,824.1,0.21,-0.56,0.60,0,10.02
1986,86,1042.6,824.1,0.21,-0.56,0.60,0,12.13
1987,86,1042.6,824.1,0.21,-0.56,0.60,0,14.48
2018,88,607.0,1091.0,0.00,0.00,0.00,0,12.01
2018,89,599.0,1104.0,0.00,0.00,0.00,0,12.01
2020,90,620.0,1063.0,0.00,0.00,0.00,0,12.01
2020,91,613.0,1078.0,0.00,0.00,0.00,0,12.01
2021,90,620.0,1063.0,0.00,0.00,0.00,0,7.47
2021,91,616.9,1068.5,0.09,-0.21,0.23,0,7.47
2022,90,621.5,1059.1,0.10,-0.25,0.26,0,6.30
2024,90,621.6,1059.1,0.10,-0.25,0.26,0,9.93
2025,90,621.6,1059.1,0.10,-0.25,0.26,0,12.12
2026,90,621.6,1059.1,0.10,-0.25,0.26,0,14.48
2057,93,760.0,294.0,0.00,0.00,0.00,0,12.01
2057,94,763.0,305.0,0.00,0.00,0.00,0,12.01
2059,95,757.0,284.0,0.00,0.00,0.00,0,12.09
2060,95,757.0,284.0,0.00,0.00,0.00,0,14.14
2061,95,757.0,284.0,0.00,0.00,0.00,0,16.19
2063,95,757.0,284.0,0.00,0.00,0.00,0,20.28
2096,96,838.0,415.0,0.00,0.00,0.00,0,12.01
2097,96,841.0,421.2,0.07,0.15,0.17,0,7.52
2098,96,841.0,421.2,0.07,0.15,0.17,0,9.58
2100,96,841.0,421.3,0.07,0.15,0.17,0,13.55
2101,96,841.0,421.3,0.07,0.15,0.17,0,15.74
2134,97,787.0,561.0,0.00,0.00,0.00,0,12.04
2135,97,787.0,561.0,0.00,0.00,0.00,0,14.08
2136,97,787.0,561.0,0.00,0.00,0.00,0,16.15
2138,97,787.0,561.0,0.00,0.00,0.00,0,20.16
2299,98,668.0,838.0,0.00,0.00,0.00,0,12.01
2299,99,646.0,852.0,0.00,0.00,0.00,0,12.01
2300,98,672.3,832.8,0.11,-0.13,0.17,0,7.48
2300,99,646.0,852.0,0.00,0.00,0.00,0,14.04
2301,98,674.3,830.5,0.24,-0.28,0.37,0,6.31
2301,99,646.0,852.0,0.00,0.00,0.00,0,16.09
2303,98,674.3,830.4,0.24,-0.28,0.37,0,9.96
2303,99,646.0,852.0,0.00,0.00,0.00,0,19.95
2304,98,674.3,830.4,0.24,-0.28,0.37,0,12.12
2305,98,674.3,830.4,0.24,-0.28,0.37,0,14.47
2341,103,674.0,1307.0,0.00,0.00,0.00,0,12.01
2341,104,680.0,1315.0,0.00,0.00,0.00,0,12.01
2342,103,682.5,1301.1,0.22,-0.15,0.27,0,7.47
2342,104,680.0,1315.0,0.00,0.00,0.00,0,14.04
2343,103,682.5,1301.1,0.22,-0.15,0.27,0,9.52
2345,103,682.6,1301.1,0.22,-0.15,0.27,0,13.30
2346,103,682.6,1301.1,0.22,-0.15,0.27,0,15.46
2378,105,332.0,636.0,0.00,0.00,0.00,0,12.01
2379,105,332.0,636.0,0.00,0.00,0.00,0,14.04
2380,105,343.6,628.6,0.57,-0.36,0.67,0,7.87
2382,105,343.7,628.5,0.57,-0.36,0.67,0,11.52
2383,105,343.7,628.5,0.57,-0.36,0.67,0,13.67
2384,105,343.8,628.5,0.57,-0.36,0.67,0,16.06
2416,106,388.0,1077.0,0.00,0.00,0.00,0,12.03
2417,106,387.7,1079.3,-0.02,0.11,0.11,0,7.48
2417,107,410.0,1056.0,0.00,0.00,0.00,0,12.01
2417,108,381.0,1081.0,0.00,0.00,0.00,0,12.01
2418,106,391.6,1075.6,0.27,-0.16,0.32,0,6.29
2420,106,391.7,1075.6,0.27,-0.16,0.32,0,9.78
2421,106,391.7,1075.6,0.27,-0.16,0.32,0,11.92
2422,106,391.7,1075.6,0.27,-0.16,0.32,0,14.25
2453,109,921.0,310.0,0.00,0.00,0.00,0,12.01
2453,110,921.0,329.0,0.00,0.00,0.00,0,12.01
2455,111,920.0,344.0,0.00,0.00,0.00,0,12.01
2455,112,919.0,358.0,0.00,0.00,0.00,0,12.01
2456,111,919.7,348.6,-0.01,0.09,0.09,0,7.47
2456,112,918.7,362.3,-0.01,0.09,0.09,0,7.47
2457,111,919.2,354.1,-0.03,0.45,0.45,0,6.30
2459,111,919.2,354.2,-0.03,0.45,0.45,0,9.92
2460,111,919.2,354.2,-0.03,0.45,0.45,0,12.11
2461,111,919.2,354.2,-0.03,0.45,0.45,0,14.46
2516,114,1052.0,983.0,0.00,0.00,0.00,0,12.01
2518,116,1061.0,998.0,0.00,0.00,0.00,0,12.01
2519,116,1061.0,998.0,0.00,0.00,0.00,0,14.04
2520,116,1061.0,998.0,0.00,0.00,0.00,0,16.09
2522,116,1061.0,998.0,0.00,0.00,0.00,0,19.96
2555,117,599.0,1258.0,0.00,0.00,0.00,0,12.01
2556,117,597.7,1263.2,-0.03,0.13,0.13,0,7.48
2557,117,597.7,1263.2,-0.03,0.13,0.13,0,9.51
2559,117,597.7,1263.3,-0.03,0.13,0.13,0,13.25
2560,117,597.7,1263.3,-0.03,0.13,0.13,0,15.46
2632,118,1075.0,1122.0,0.00,0.00,0.00,0,12.01
2633,118,1075.3,1122.0,0.01,0.00,0.01,0,7.48
2633,119,1061.0,1130.0,0.00,0.00,0.00,0,12.01
2634,118,1071.9,1123.8,-0.22,0.12,0.25,0,6.31
2636,118,1071.8,1123.8,-0.22,0.12,0.25,0,9.96
2637,118,1071.8,1123.8,-0.22,0.12,0.25,0,12.12
2638,118,1071.8,1123.8,-0.22,0.12,0.25,0,14.47
2672,120,841.0,1376.0,0.00,0.00,0.00,0,12.00
2674,122,807.0,1376.0,0.00,0.00,0.00,0,12.01
2674,123,826.0,1373.0,0.00,0.00,0.00,0,12.01
2675,122,807.7,1375.7,0.02,-0.01,0.02,0,7.47
2675,123,814.2,1375.6,-0.30,0.07,0.31,0,7.47
2676,122,803.4,1377.0,-0.26,0.08,0.28,0,6.31
2678,122,803.3,1377.1,-0.26,0.08,0.28,0,9.97
2679,122,803.3,1377.1,-0.26,0.08,0.28,0,12.13
2680,122,803.3,1377.1,-0.26,0.08,0.28,0,14.47
2719,124,766.0,1393.0,0.00,0.00,0.00,0,12.01
2720,124,772.2,1390.4,0.16,-0.07,0.17,0,7.47
2721,124,774.7,1389.5,0.32,-0.12,0.34,0,6.31
2723,124,774.8,1389.5,0.32,-0.12,0.34,0,9.94
2724,124,774.8,1389.5,0.32,-0.12,0.34,0,12.15
2725,124,774.8,1389.5,0.32,-0.12,0.34,0,14.49
2756,126,858.0,585.0,0.00,0.00,0.00,0,12.01
2756,127,946.0,1022.0,0.00,0.00,0.00,0,12.01
2756,128,940.0,1034.0,0.00,0.00,0.00,0,12.01
2758,129,856.0,588.0,0.00,0.00,0.00,0,12.01
2758,130,948.0,1023.0,0.00,0.00,0.00,0,12.01
2759,129,856.0,588.0,0.00,0.00,0.00,0,14.03
2759,130,948.3,1020.7,0.01,-0.05,0.05,0,7.47
2760,130,949.8,1018.7,0.10,-0.18,0.20,0,6.30
2760,129,856.0,588.0,0.00,0.00,0.00,0,16.08
2762,130,949.8,1018.7,0.10,-0.18,0.20,0,9.98
2762,129,856.0,588.0,0.00,0.00,0.00,0,19.95
2763,130,949.8,1018.7,0.10,-0.18,0.20,0,12.13
2764,130,949.8,1018.7,0.10,-0.18,0.20,0,14.47
2795,132,684.0,464.0,0.00,0.00,0.00,0,12.01
2796,132,686.3,463.7,0.06,-0.01,0.06,0,7.51
2797,132,689.1,463.0,0.36,-0.08,0.37,0,6.32
2799,132,689.2,463.0,0.36,-0.08,0.37,0,10.04
2800,132,689.2,463.0,0.36,-0.08,0.37,0,12.29
2801,132,689.2,463.0,0.36,-0.08,0.37,0,14.65
2833,135,905.0,358.0,0.00,0.00,0.00,0,12.01
2833,136,900.0,366.0,0.00,0.00,0.00,0,12.01
2833,137,698.0,474.0,0.00,0.00,0.00,0,12.01
2834,135,905.0,358.0,0.00,0.00,0.00,0,7.47
2834,136,904.3,360.4,0.12,-0.16,0.20,0,7.47
2834,137,697.7,475.0,-0.01,0.03,0.03,0,7.47
2835,135,906.8,355.7,0.11,-0.14,0.18,0,6.30
2835,137,696.7,476.8,-0.07,0.14,0.16,0,6.30
2837,135,906.8,355.6,0.11,-0.14,0.18,0,9.92
2837,137,696.7,476.8,-0.07,0.14,0.16,0,9.92
2838,135,906.8,355.6,0.11,-0.14,0.18,0,12.11
2838,137,696.7,476.8,-0.07,0.14,0.16,0,12.11
2839,135,906.8,355.6,0.11,-0.14,0.18,0,14.50
2839,137,696.7,476.8,-0.07,0.14,0.16,0,14.50
2888,138,768.0,283.0,0.00,0.00,0.00,0,12.01
2889,138,768.0,283.0,0.00,0.00,0.00,0,14.04
2890,138,768.0,283.0,0.00,0.00,0.00,0,16.09
2892,138,768.0,283.0,0.00,0.00,0.00,0,19.95
2926,141,1170.0,205.0,0.00,0.00,0.00,0,12.01
2926,142,1163.0,219.0,0.00,0.00,0.00,0,12.01
2927,141,1170.0,205.3,0.00,0.01,0.01,0,7.47
2927,142,1163.0,219.0,0.00,0.00,0.00,0,14.04
2928,141,1170.0,205.3,0.00,0.01,0.01,0,9.51
2930,141,1170.0,205.3,0.00,0.01,0.01,0,13.27
2931,141,1170.0,205.3,0.00,0.01,0.01,0,15.45
3146,143,779.0,1247.0,0.00,0.00,0.00,0,12.01
3148,145,821.0,1228.0,0.00,0.00,0.00,0,12.01
3148,146,798.0,1239.0,0.00,0.00,0.00,0,12.01
3149,145,820.3,1228.3,-0.02,0.01,0.02,0,7.47
3149,146,798.0,1239.0,0.00,0.00,0.00,0,14.04
3149,147,840.0,1217.0,0.00,0.00,0.00,0,12.01
3150,145,824.9,1225.7,0.28,-0.16,0.32,0,6.31
3150,146,798.0,1239.0,0.00,0.00,0.00,0,16.09
3152,145,825.0,1225.6,0.28,-0.16,0.32,0,9.99
3152,146,798.0,1239.0,0.00,0.00,0.00,0,19.99
3153,145,825.0,1225.6,0.28,-0.16,0.32,0,12.12
3154,145,825.0,1225.6,0.28,-0.16,0.32,0,14.47
3185,148,1196.0,875.0,0.00,0.00,0.00,0,12.01
3186,148,1197.3,875.0,0.03,0.00,0.03,0,7.48
3187,148,1198.8,875.0,0.14,0.00,0.14,0,6.31
3189,148,1198.8,875.0,0.14,0.00,0.14,0,9.96
3190,148,1198.8,875.0,0.14,0.00,0.14,0,12.10
3191,148,1198.8,875.0,0.14,0.00,0.14,0,14.45
3223,151,1272.0,1119.0,0.00,0.00,0.00,0,12.03
3223,152,1249.0,1126.0,0.00,0.00,0.00,0,12.03
3223,153,1257.0,1124.0,0.00,0.00,0.00,0,12.03
3224,151,1266.4,1121.0,-0.27,0.10,0.29,0,7.48
3224,152,1248.7,1126.7,-0.02,0.03,0.04,0,7.48
3224,153,1257.0,1124.0,0.00,0.00,0.00,0,14.07
3225,151,1266.4,1121.0,-0.27,0.10,0.29,0,9.51
3227,151,1266.3,1121.0,-0.27,0.10,0.29,0,13.13
3228,151,1266.3,1121.0,-0.27,0.10,0.29,0,15.27
3432,154,981.0,836.0,0.00,0.00,0.00,0,12.01
3433,154,980.7,836.7,-0.01,0.02,0.02,0,7.47
3433,155,998.0,823.0,0.00,0.00,0.00,0,12.01
3434,154,984.9,833.4,0.27,-0.20,0.33,0,6.31
3434,155,1002.6,819.4,0.11,-0.09,0.14,0,7.48
3436,154,984.9,833.3,0.27,-0.20,0.33,0,9.95
3436,155,1002.6,819.4,0.11,-0.09,0.14,0,10.85
3437,154,984.9,833.3,0.27,-0.20,0.33,0,12.12
3437,155,1002.6,819.4,0.11,-0.09,0.14,0,12.99
3438,154,985.0,833.3,0.27,-0.20,0.33,0,14.46
3438,155,1002.6,819.4,0.11,-0.09,0.14,0,15.29
3490,156,1140.0,1233.0,0.00,0.00,0.00,0,12.01
3491,156,1135.1,1231.7,-0.12,-0.03,0.12,0,7.47
3492,156,1132.5,1231.0,-0.28,-0.08,0.29,0,6.31
3494,156,1132.4,1231.0,-0.28,-0.08,0.29,0,9.96
3495,156,1132.4,1231.0,-0.28,-0.08,0.29,0,12.13
3496,156,1132.4,1231.0,-0.28,-0.08,0.29,0,14.53
3558,158,1239.0,921.0,0.00,0.00,0.00,0,12.01
3559,158,1238.3,921.3,-0.02,0.01,0.02,0,7.48
3559,159,1245.0,914.0,0.00,0.00,0.00,0,12.01
3560,158,1239.8,918.7,0.08,-0.17,0.19,0,6.31
3560,159,1245.0,914.0,0.00,0.00,0.00,0,14.04
3562,158,1239.8,918.6,0.08,-0.17,0.19,0,9.95
3562,159,1245.0,914.0,0.00,0.00,0.00,0,17.50
3563,158,1239.8,918.6,0.08,-0.17,0.19,0,12.13
3563,159,1245.0,914.0,0.00,0.00,0.00,0,19.66
3564,158,1239.8,918.6,0.08,-0.17,0.19,0,14.47
3628,160,476.0,1235.0,0.00,0.00,0.00,0,12.01
3629,160,478.0,1232.4,0.05,-0.07,0.08,0,7.48
3630,160,478.7,1231.3,0.10,-0.14,0.17,0,6.31
3632,160,478.8,1231.2,0.10,-0.14,0.17,0,9.97
3633,160,478.8,1231.2,0.10,-0.14,0.17,0,12.12
3634,160,478.8,1231.2,0.10,-0.14,0.17,0,14.52
3665,162,649.0,1156.0,0.00,0.00,0.00,0,12.01
3666,162,650.3,1156.0,0.03,0.00,0.03,0,7.51
3667,162,651.3,1157.8,0.13,0.19,0.23,0,6.32
3669,162,651.3,1157.9,0.13,0.19,0.23,0,9.99
3670,162,651.3,1157.9,0.13,0.19,0.23,0,12.31
3671,162,651.3,1157.9,0.13,0.19,0.23,0,14.73
3781,163,1408.0,1187.0,0.00,0.00,0.00,0,12.01
3782,163,1408.0,1187.0,0.00,0.00,0.00,0,7.48
3782,164,1395.0,1198.0,0.00,0.00,0.00,0,12.01
3783,163,1404.9,1189.6,-0.20,0.17,0.26,0,6.31
3785,163,1404.9,1189.6,-0.20,0.17,0.26,0,9.95
3786,163,1404.9,1189.6,-0.20,0.17,0.26,0,12.12
3787,163,1404.8,1189.6,-0.20,0.17,0.26,0,14.47
3818,165,614.0,1077.0,0.00,0.00,0.00,0,12.01
3819,165,613.0,1074.1,-0.02,-0.07,0.08,0,7.48
3820,165,611.2,1069.7,-0.15,-0.38,0.41,0,6.31
3822,165,611.2,1069.6,-0.15,-0.38,0.41,0,9.98
3823,165,611.2,1069.6,-0.15,-0.38,0.41,0,12.11
3824,165,611.2,1069.5,-0.15,-0.38,0.41,0,14.51
3856,168,452.0,1063.0,0.00,0.00,0.00,0,12.01
3856,169,457.0,1069.0,0.00,0.00,0.00,0,12.01
3856,170,586.0,1114.0,0.00,0.00,0.00,0,12.01
3856,171,572.0,1141.0,0.00,0.00,0.00,0,12.01
3857,168,453.0,1064.3,0.03,0.04,0.04,0,7.47
3857,169,451.4,1060.2,-0.15,-0.24,0.28,0,7.47
3857,170,585.7,1114.7,-0.01,0.02,0.02,0,7.47
3857,171,572.0,1141.0,0.00,0.00,0.00,0,14.04
3857,172,597.0,1089.0,0.00,0.00,0.00,0,12.01
3858,168,449.1,1058.3,-0.22,-0.35,0.42,0,6.30
3858,170,588.6,1108.1,0.18,-0.41,0.45,0,6.30
3858,171,572.0,1141.0,0.00,0.00,0.00,0,16.09
3860,168,449.1,1058.2,-0.22,-0.35,0.42,0,9.93
3860,170,588.6,1107.9,0.18,-0.41,0.45,0,9.93
3860,171,572.0,1141.0,0.00,0.00,0.00,0,19.93
3861,168,449.1,1058.2,-0.22,-0.35,0.42,0,12.12
3861,170,588.6,1107.9,0.18,-0.41,0.45,0,12.12
3862,168,449.1,1058.2,-0.22,-0.35,0.42,0,14.46
3862,170,588.6,1107.9,0.18,-0.41,0.45,0,14.46
3893,174,863.0,1306.0,0.00,0.00,0.00,0,12.01
3893,175,894.0,1320.0,0.00,0.00,0.00,0,12.01
3896,176,995.0,1343.0,0.00,0.00,0.00,0,12.01
3897,176,995.0,1343.0,0.00,0.00,0.00,0,14.04
3898,176,995.0,1343.0,0.00,0.00,0.00,0,16.08
3900,176,995.0,1343.0,0.00,0.00,0.00,0,19.93
3934,181,312.0,603.0,0.00,0.00,0.00,0,12.03
3934,182,311.0,619.0,0.00,0.00,0.00,0,12.03
3934,183,882.0,1224.0,0.00,0.00,0.00,0,12.03
3934,184,890.0,1241.0,0.00,0.00,0.00,0,12.03
3935,181,311.7,607.9,-0.02,0.24,0.24,0,7.48
3935,182,311.7,623.6,0.03,0.22,0.22,0,7.48
3935,183,882.7,1224.7,0.03,0.03,0.04,0,7.48
3935,184,890.0,1241.0,0.00,0.00,0.00,0,14.07
3935,185,872.0,1203.0,0.00,0.00,0.00,0,12.01
3935,186,800.0,1367.0,0.00,0.00,0.00,0,12.01
3936,181,312.0,614.1,0.01,0.71,0.71,0,6.30
3936,183,879.7,1218.8,-0.20,-0.41,0.46,0,6.30
3936,184,890.0,1241.0,0.00,0.00,0.00,0,16.11
3938,181,312.0,614.3,0.01,0.71,0.71,0,9.81
3938,183,879.6,1218.7,-0.20,-0.41,0.46,0,9.81
3938,184,890.0,1241.0,0.00,0.00,0.00,0,19.93
3939,181,312.0,614.3,0.01,0.71,0.71,0,11.91
3939,183,879.6,1218.7,-0.20,-0.41,0.46,0,11.91
3940,181,312.0,614.3,0.01,0.71,0.71,0,14.25
3940,183,879.6,1218.7,-0.20,-0.41,0.46,0,14.25
3971,187,686.0,787.0,0.00,0.00,0.00,0,12.01
3971,188,678.0,804.0,0.00,0.00,0.00,0,12.01
3971,189,754.0,1203.0,0.00,0.00,0.00,0,12.01
3973,190,665.0,834.0,0.00,0.00,0.00,0,12.01
3973,191,657.0,847.0,0.00,0.00,0.00,0,12.01
3973,192,751.0,1205.0,0.00,0.00,0.00,0,12.01
3974,190,662.4,837.9,-0.06,0.09,0.10,0,7.47
3974,191,654.4,850.9,-0.06,0.09,0.10,0,7.47
3974,192,748.4,1205.0,-0.06,0.00,0.06,0,7.47
3975,190,659.2,843.1,-0.26,0.41,0.49,0,6.30
3975,192,748.4,1205.0,-0.06,0.00,0.06,0,9.51
3977,190,659.1,843.2,-0.26,0.41,0.49,0,9.94
3977,192,748.4,1205.0,-0.06,0.00,0.06,0,13.26
3978,190,659.1,843.2,-0.26,0.41,0.49,0,12.10
3978,192,748.4,1205.0,-0.06,0.00,0.06,0,15.43
3979,190,659.1,843.2,-0.26,0.41,0.49,0,14.45
4018,193,444.0,779.0,0.00,0.00,0.00,0,12.01
4018,194,432.0,789.0,0.00,0.00,0.00,0,12.01
4019,193,443.7,777.7,-0.01,-0.03,0.03,0,7.48
4019,194,434.6,787.0,0.07,-0.05,0.08,0,7.48
4019,195,438.0,767.0,0.00,0.00,0.00,0,12.01
4019,196,425.0,779.0,0.00,0.00,0.00,0,12.01
4019,197,506.0,802.0,0.00,0.00,0.00,0,12.01
4020,193,443.7,777.7,-0.01,-0.03,0.03,0,9.52
4022,193,443.7,777.7,-0.01,-0.03,0.03,0,13.34
4023,193,443.7,777.7,-0.01,-0.03,0.03,0,15.46
4088,200,1146.0,1215.0,0.00,0.00,0.00,0,12.01
4089,200,1146.0,1215.0,0.00,0.00,0.00,0,14.04
4090,200,1146.0,1215.0,0.00,0.00,0.00,0,16.09
4092,200,1146.0,1215.0,0.00,0.00,0.00,0,19.97
4242,201,1007.0,1035.0,0.00,0.00,0.00,0,12.01
4243,201,1007.0,1035.3,0.00,0.01,0.01,0,7.48
4243,202,1015.0,1019.0,0.00,0.00,0.00,0,12.01
4244,201,1008.8,1031.4,0.12,-0.25,0.28,0,6.31
4244,202,1019.6,1014.7,0.11,-0.11,0.16,0,7.48
4246,201,1008.8,1031.3,0.12,-0.25,0.28,0,9.96
4246,202,1019.6,1014.7,0.11,-0.11,0.16,0,10.86
4247,201,1008.8,1031.3,0.12,-0.25,0.28,0,12.12
4247,202,1019.6,1014.7,0.11,-0.11,0.16,0,13.00
4248,201,1008.8,1031.3,0.12,-0.25,0.28,0,14.52
4248,202,1019.6,1014.7,0.11,-0.11,0.16,0,15.33
4416,203,780.0,1391.0,0.00,0.00,0.00,0,12.01
4417,203,779.7,1391.7,-0.01,0.02,0.02,0,7.47
4417,204,786.0,1381.0,0.00,0.00,0.00,0,12.01
4418,203,781.0,1389.4,0.08,-0.12,0.14,0,6.31
4418,204,787.6,1378.4,0.04,-0.06,0.07,0,7.48
4420,203,781.1,1389.4,0.08,-0.12,0.14,0,10.03
4420,204,787.6,1378.4,0.04,-0.06,0.07,0,10.92
4421,203,781.1,1389.4,0.08,-0.12,0.14,0,12.12
4421,204,787.6,1378.4,0.04,-0.06,0.07,0,13.00
4422,203,781.1,1389.4,0.08,-0.12,0.14,0,14.48
4422,204,787.7,1378.4,0.04,-0.06,0.07,0,15.30
4453,205,1006.0,1281.0,0.00,0.00,0.00,0,12.01
4453,206,1013.0,1292.0,0.00,0.00,0.00,0,12.01
4454,205,1008.3,1284.0,0.06,0.07,0.09,0,7.52
4454,206,1013.3,1295.3,0.01,0.08,0.08,0,7.52
4455,205,1009.8,1288.4,0.23,0.58,0.62,0,6.32
4457,205,1009.8,1288.5,0.23,0.58,0.62,0,10.03
4458,205,1009.8,1288.5,0.23,0.58,0.62,0,12.27
4459,205,1009.8,1288.5,0.23,0.58,0.62,0,14.62
4491,207,609.0,1280.0,0.00,0.00,0.00,0,12.04
4492,207,608.7,1280.3,-0.02,0.02,0.02,0,7.49
4492,208,615.0,1275.0,0.00,0.00,0.00,0,12.01
4493,207,610.0,1279.2,0.09,-0.07,0.12,0,6.32
4493,208,616.6,1274.0,0.04,-0.02,0.04,0,7.47
4495,207,610.1,1279.2,0.09,-0.07,0.12,0,10.03
4495,208,616.6,1274.0,0.04,-0.02,0.04,0,10.87
4496,207,610.1,1279.2,0.09,-0.07,0.12,0,12.17
4496,208,616.6,1274.0,0.04,-0.02,0.04,0,12.99
4497,207,610.1,1279.2,0.09,-0.07,0.12,0,14.58
4497,208,616.7,1274.0,0.04,-0.02,0.04,0,15.33
4528,209,439.0,1094.0,0.00,0.00,0.00,0,12.01
4528,210,448.0,1113.0,0.00,0.00,0.00,0,12.01
4529,209,438.7,1094.0,-0.01,0.00,0.01,0,7.51
4529,210,448.0,1113.0,0.00,0.00,0.00,0,14.08
4529,211,424.0,1076.0,0.00,0.00,0.00,0,12.03
4530,209,435.1,1089.6,-0.38,-0.46,0.60,0,6.32
4530,210,448.0,1113.0,0.00,0.00,0.00,0,16.13
4532,209,435.0,1089.5,-0.38,-0.46,0.60,0,10.01
4532,210,448.0,1113.0,0.00,0.00,0.00,0,20.11
4533,209,435.0,1089.5,-0.38,-0.46,0.60,0,12.30
4534,209,435.0,1089.5,-0.38,-0.46,0.60,0,14.72
4565,212,1129.0,662.0,0.00,0.00,0.00,0,12.01
4565,213,812.0,886.0,0.00,0.00,0.00,0,12.01
4565,214,826.0,914.0,0.00,0.00,0.00,0,12.01
4565,215,890.0,1167.0,0.00,0.00,0.00,0,12.01
4565,216,873.0,1178.0,0.00,0.00,0.00,0,12.01
4567,218,1137.0,657.0,0.00,0.00,0.00,0,12.01
4567,219,786.0,834.0,0.00,0.00,0.00,0,12.01
4567,220,799.0,861.0,0.00,0.00,0.00,0,12.01
4567,221,912.0,1159.0,0.00,0.00,0.00,0,12.01
4567,222,899.0,1164.0,0.00,0.00,0.00,0,12.01
4568,218,1138.3,655.7,0.03,-0.03,0.04,0,7.46
4568,219,786.3,835.0,0.01,0.02,0.02,0,7.46
4568,220,799.0,861.0,0.00,0.00,0.00,0,14.02
4568,221,912.0,1159.0,0.00,0.00,0.00,0,14.02
4568,222,899.0,1164.0,0.00,0.00,0.00,0,14.02
4568,223,1151.0,688.0,0.00,0.00,0.00,0,12.00
4568,224,773.0,807.0,0.00,0.00,0.00,0,12.00
4569,218,1140.3,654.2,0.12,-0.10,0.15,0,6.29
4569,219,782.9,828.3,-0.15,-0.29,0.33,0,6.29
4569,221,912.7,1159.4,0.02,0.01,0.03,0,7.85
4569,220,799.0,861.0,0.00,0.00,0.00,0,16.04
4571,218,1140.3,654.2,0.12,-0.10,0.15,0,9.73
4571,219,782.9,828.2,-0.15,-0.29,0.33,0,9.73
4571,221,912.7,1159.4,0.02,0.01,0.03,0,11.29
4571,220,799.0,861.0,0.00,0.00,0.00,0,19.64
4572,218,1140.3,654.2,0.12,-0.10,0.15,0,11.98
4572,219,782.9,828.2,-0.15,-0.29,0.33,0,11.98
4572,221,912.7,1159.4,0.02,0.01,0.03,0,13.54
4573,218,1140.3,654.2,0.12,-0.10,0.15,0,14.31
4573,219,782.9,828.2,-0.15,-0.29,0.33,0,14.31
4573,221,912.7,1159.4,0.02,0.01,0.03,0,15.87
4613,225,530.0,994.0,0.00,0.00,0.00,0,12.01
4613,226,512.0,1003.0,0.00,0.00,0.00,0,12.01
4618,227,1129.0,317.0,0.00,0.00,0.00,0,12.01
4619,227,1129.0,317.0,0.00,0.00,0.00,0,14.04
4620,227,1129.0,317.0,0.00,0.00,0.00,0,16.09
4622,227,1129.0,317.0,0.00,0.00,0.00,0,19.99
4784,228,739.0,613.0,0.00,0.00,0.00,0,12.01
4784,229,737.0,640.0,0.00,0.00,0.00,0,12.01
4786,230,738.0,658.0,0.00,0.00,0.00,0,12.01
4787,230,738.0,658.0,0.00,0.00,0.00,0,14.04
4788,230,738.0,658.0,0.00,0.00,0.00,0,16.09
4790,230,738.0,658.0,0.00,0.00,0.00,0,19.98
4823,233,1037.0,1257.0,0.00,0.00,0.00,0,12.01
4824,233,1035.4,1256.0,-0.04,-0.02,0.05,0,7.48
4825,233,1033.2,1254.7,-0.20,-0.12,0.23,0,6.31
4827,233,1033.2,1254.7,-0.20,-0.12,0.23,0,9.98
4828,233,1033.2,1254.7,-0.20,-0.12,0.23,0,12.11
4829,233,1033.1,1254.7,-0.20,-0.12,0.23,0,14.45
4860,234,1076.0,1139.0,0.00,0.00,0.00,0,12.01
4861,234,1087.1,1134.7,0.27,-0.10,0.29,0,7.51
4861,235,1247.0,336.0,0.00,0.00,0.00,0,12.03
4862,234,1092.8,1132.5,0.89,-0.35,0.95,0,6.32
4862,235,1247.7,337.6,0.03,0.08,0.08,0,7.48
4862,236,1121.0,1120.0,0.00,0.00,0.00,0,12.01
4864,234,1093.0,1132.4,0.89,-0.35,0.95,0,10.02
4864,235,1247.7,337.7,0.03,0.08,0.08,0,10.88
4864,236,1121.0,1120.0,0.00,0.00,0.00,0,15.08
4865,234,1093.1,1132.4,0.89,-0.35,0.95,0,12.30
4865,235,1247.7,337.7,0.03,0.08,0.08,0,13.12
4865,236,1121.0,1120.0,0.00,0.00,0.00,0,17.27
4866,234,1093.1,1132.4,0.89,-0.35,0.95,0,14.66
4866,235,1247.7,337.7,0.03,0.08,0.08,0,15.43
4866,236,1121.0,1120.0,0.00,0.00,0.00,0,19.52
4897,237,868.0,389.0,0.00,0.00,0.00,0,12.01
4897,238,878.0,404.0,0.00,0.00,0.00,0,12.01
4898,237,868.3,389.3,0.01,0.01,0.01,0,7.48
4898,238,878.0,404.0,0.00,0.00,0.00,0,14.04
4898,239,851.0,368.0,0.00,0.00,0.00,0,12.01
4899,237,864.9,385.4,-0.24,-0.28,0.37,0,6.31
4899,238,878.0,404.0,0.00,0.00,0.00,0,16.10
4901,237,864.8,385.3,-0.24,-0.28,0.37,0,10.02
4901,238,878.0,404.0,0.00,0.00,0.00,0,20.03
4902,237,864.8,385.3,-0.24,-0.28,0.37,0,12.10
4903,237,864.8,385.3,-0.24,-0.28,0.37,0,14.45
5085,240,1102.0,848.0,0.00,0.00,0.00,0,12.01
5086,240,1102.0,848.0,0.00,0.00,0.00,0,14.04
5087,240,1102.0,848.0,0.00,0.00,0.00,0,16.09
5089,240,1102.0,848.0,0.00,0.00,0.00,0,19.99
5122,241,1201.0,1263.0,0.00,0.00,0.00,0,12.01
5122,242,1198.0,1284.0,0.00,0.00,0.00,0,12.01
5123,241,1200.0,1269.9,-0.02,0.17,0.17,0,7.52
5123,242,1198.0,1284.0,0.00,0.00,0.00,0,14.09
5124,241,1200.0,1269.9,-0.02,0.17,0.17,0,9.58
5126,241,1200.0,1269.9,-0.02,0.17,0.17,0,13.59
5127,241,1200.0,1269.9,-0.02,0.17,0.17,0,15.73
5159,243,634.0,469.0,0.00,0.00,0.00,0,12.01
5159,244,636.0,481.0,0.00,0.00,0.00,0,12.01
5161,246,751.0,843.0,0.00,0.00,0.00,0,12.01
5161,247,748.0,850.0,0.00,0.00,0.00,0,12.01
5162,246,750.7,843.7,-0.01,0.02,0.02,0,7.47
5162,247,750.0,845.4,0.05,-0.12,0.13,0,7.47
5163,246,751.3,842.5,0.03,-0.06,0.06,0,6.31
5165,246,751.3,842.4,0.03,-0.06,0.06,0,9.99
5166,246,751.3,842.4,0.03,-0.06,0.06,0,12.13
5167,246,751.3,842.4,0.03,-0.06,0.06,0,14.47
5202,248,289.0,764.0,0.00,0.00,0.00,0,12.01
5203,248,289.0,764.0,0.00,0.00,0.00,0,14.03
5204,248,289.0,764.0,0.00,0.00,0.00,0,16.10
5206,248,289.0,764.0,0.00,0.00,0.00,0,20.01
5298,249,371.0,403.0,0.00,0.00,0.00,0,12.01
5299,249,372.6,404.6,0.04,0.04,0.06,0,7.48
5300,249,374.8,406.5,0.18,0.17,0.25,0,6.31
5302,249,374.8,406.6,0.18,0.17,0.25,0,9.99
5303,249,374.8,406.6,0.18,0.17,0.25,0,12.13
5304,249,374.8,406.6,0.18,0.17,0.25,0,14.47
5658,250,804.0,459.0,0.00,0.00,0.00,0,12.01
5659,250,804.0,459.3,0.00,0.01,0.01,0,7.47
5660,250,804.0,459.3,0.00,0.01,0.01,0,9.52
5660,251,869.0,478.0,0.00,0.00,0.00,0,12.01
5662,250,804.0,459.3,0.00,0.01,0.01,0,13.31
5662,251,869.0,478.0,0.00,0.00,0.00,0,15.15
5663,250,804.0,459.3,0.00,0.01,0.01,0,15.47
5663,251,869.0,478.0,0.00,0.00,0.00,0,17.25
5664,251,869.0,478.0,0.00,0.00,0.00,0,19.50
5879,252,340.0,665.0,0.00,0.00,0.00,0,12.01
5879,253,318.0,682.0,0.00,0.00,0.00,0,12.01
5881,256,383.0,602.0,0.00,0.00,0.00,0,12.01
5881,257,379.0,610.0,0.00,0.00,0.00,0,12.01
5881,258,365.0,637.0,0.00,0.00,0.00,0,12.01
5882,256,382.0,603.0,-0.03,0.03,0.04,0,7.48
5882,257,379.0,610.0,0.00,0.00,0.00,0,14.04
5882,258,365.0,637.0,0.00,0.00,0.00,0,14.04
5883,256,382.0,603.0,-0.03,0.03,0.04,0,9.52
5883,258,365.0,637.0,0.00,0.00,0.00,0,16.09
5885,256,382.0,603.0,-0.03,0.03,0.04,0,13.28
5885,258,365.0,637.0,0.00,0.00,0.00,0,19.95
5886,256,382.0,603.0,-0.03,0.03,0.04,0,15.46
5990,259,584.0,421.0,0.00,0.00,0.00,0,12.01
5991,259,584.0,421.0,0.00,0.00,0.00,0,14.04
5992,259,584.0,421.0,0.00,0.00,0.00,0,16.09
5994,259,584.0,421.0,0.00,0.00,0.00,0,19.93
6318,260,792.0,1101.0,0.00,0.00,0.00,0,12.01
6319,260,792.3,1101.0,0.01,0.00,0.01,0,7.48
6319,261,772.0,1102.0,0.00,0.00,0.00,0,12.01
6320,260,787.6,1101.0,-0.30,0.00,0.30,0,6.31
6320,261,769.1,1103.6,-0.07,0.04,0.08,0,7.47
6322,260,787.5,1101.0,-0.30,0.00,0.30,0,9.96
6322,261,769.0,1103.6,-0.07,0.04,0.08,0,10.86
6323,260,787.5,1101.0,-0.30,0.00,0.30,0,12.12
6323,261,769.0,1103.7,-0.07,0.04,0.08,0,12.99
6324,260,787.5,1101.0,-0.30,0.00,0.30,0,14.52
6324,261,769.0,1103.7,-0.07,0.04,0.08,0,15.33
6357,262,1313.0,584.0,0.00,0.00,0.00,0,12.01
6358,262,1312.0,580.4,-0.02,-0.08,0.09,0,7.47
6358,263,1310.0,546.0,0.00,0.00,0.00,0,12.01
6359,262,1311.5,572.1,-0.06,-0.62,0.62,0,6.30
6359,263,1311.0,539.8,0.02,-0.15,0.15,0,7.47
6361,262,1311.5,571.9,-0.06,-0.62,0.62,0,9.95
6361,263,1311.0,539.7,0.02,-0.15,0.15,0,10.85
6362,262,1311.5,571.9,-0.06,-0.62,0.62,0,12.10
6362,263,1311.0,539.7,0.02,-0.15,0.15,0,12.98
6363,262,1311.5,571.9,-0.06,-0.62,0.62,0,14.45
6363,263,1311.0,539.7,0.02,-0.15,0.15,0,15.28
6438,264,454.0,316.0,0.00,0.00,0.00,0,12.01
6439,264,454.0,315.7,0.00,-0.01,0.01,0,7.47
6440,264,454.0,315.7,0.00,-0.01,0.01,0,9.51
6442,264,454.0,315.7,0.00,-0.01,0.01,0,13.28
6443,264,454.0,315.7,0.00,-0.01,0.01,0,15.44
6482,265,701.0,842.0,0.00,0.00,0.00,0,12.01
6486,267,742.0,841.0,0.00,0.00,0.00,0,12.01
6487,267,741.3,841.3,-0.02,0.01,0.02,0,7.47
6487,268,753.0,835.0,0.00,0.00,0.00,0,12.01
6488,267,744.1,840.0,0.16,-0.08,0.18,0,6.31
6488,268,757.6,832.7,0.11,-0.06,0.13,0,7.48
6490,267,744.1,839.9,0.16,-0.08,0.18,0,9.98
6490,268,757.6,832.7,0.11,-0.06,0.13,0,10.88
6491,267,744.1,839.9,0.16,-0.08,0.18,0,12.13
6491,268,757.6,832.7,0.11,-0.06,0.13,0,13.00
6492,267,744.1,839.9,0.16,-0.08,0.18,0,14.47
6492,268,757.6,832.7,0.11,-0.06,0.13,0,15.29
6523,269,412.0,968.0,0.00,0.00,0.00,0,12.01
6523,270,402.0,975.0,0.00,0.00,0.00,0,12.01
6524,269,413.0,967.0,0.02,-0.02,0.04,0,7.48
6524,270,402.0,975.0,0.00,0.00,0.00,0,14.04
6525,269,415.3,965.2,0.19,-0.15,0.24,0,6.30
6527,269,415.4,965.2,0.19,-0.15,0.24,0,9.95
6528,269,415.4,965.2,0.19,-0.15,0.24,0,12.12
6529,269,415.4,965.2,0.19,-0.15,0.24,0,14.45
6560,271,1171.0,1370.0,0.00,0.00,0.00,0,12.01
6560,272,1169.0,1384.0,0.00,0.00,0.00,0,12.01
6562,273,1186.0,1340.0,0.00,0.00,0.00,0,12.01
6562,274,1176.0,1356.0,0.00,0.00,0.00,0,12.01
6563,273,1186.0,1340.3,0.00,0.01,0.01,0,7.46
6563,274,1182.9,1345.8,0.14,-0.20,0.25,0,7.46
6564,273,1188.8,1336.6,0.12,-0.15,0.19,0,6.29
6566,273,1188.9,1336.6,0.12,-0.15,0.19,0,9.87
6567,273,1188.9,1336.6,0.12,-0.15,0.19,0,12.04
6568,273,1188.9,1336.6,0.12,-0.15,0.19,0,14.37
6599,276,984.0,492.0,0.00,0.00,0.00,0,12.01
6599,277,1327.0,1240.0,0.00,0.00,0.00,0,12.01
6599,278,1334.0,1245.0,0.00,0.00,0.00,0,12.01
6601,279,1310.0,1230.0,0.00,0.00,0.00,0,12.01
6601,280,1320.0,1236.0,0.00,0.00,0.00,0,12.01
6602,279,1310.3,1230.0,0.01,0.00,0.01,0,7.48
6602,280,1310.2,1230.4,-0.19,-0.11,0.22,0,7.48
6603,279,1304.8,1227.2,-0.39,-0.20,0.44,0,6.31
6605,279,1304.7,1227.1,-0.39,-0.20,0.44,0,9.95
6606,279,1304.7,1227.1,-0.39,-0.20,0.44,0,12.10
6607,279,1304.7,1227.1,-0.39,-0.20,0.44,0,14.43
6638,281,847.0,645.0,0.00,0.00,0.00,0,12.01
6638,282,835.0,661.0,0.00,0.00,0.00,0,12.01
6640,284,880.0,598.0,0.00,0.00,0.00,0,12.01
6640,285,870.0,616.0,0.00,0.00,0.00,0,12.01
6641,284,880.0,598.7,0.00,0.01,0.01,0,7.47
6641,285,870.0,616.0,0.00,0.00,0.00,0,14.03
6641,286,889.0,580.0,0.00,0.00,0.00,0,12.01
6642,284,882.3,593.9,0.14,-0.28,0.31,0,6.30
6642,285,870.0,616.0,0.00,0.00,0.00,0,16.08
6644,284,882.4,593.8,0.14,-0.28,0.31,0,9.99
6644,285,870.0,616.0,0.00,0.00,0.00,0,19.96
6645,284,882.4,593.8,0.14,-0.28,0.31,0,12.11
6646,284,882.4,593.8,0.14,-0.28,0.31,0,14.47
6696,287,505.0,388.0,0.00,0.00,0.00,0,12.01
6697,287,505.0,388.0,0.00,0.00,0.00,0,14.04
6698,287,513.1,391.9,0.38,0.18,0.42,0,7.87
6700,287,513.2,391.9,0.38,0.18,0.42,0,11.55
6701,287,513.2,391.9,0.38,0.18,0.42,0,13.70
6702,287,513.2,391.9,0.38,0.18,0.42,0,16.04
6733,288,1453.0,740.0,0.00,0.00,0.00,0,12.01
6734,288,1453.7,738.7,0.02,-0.03,0.04,0,7.48
6734,289,1446.0,728.0,0.00,0.00,0.00,0,12.01
6735,288,1452.2,735.9,-0.09,-0.23,0.25,0,6.30
6737,288,1452.2,735.9,-0.09,-0.23,0.25,0,9.95
6738,288,1452.2,735.9,-0.09,-0.23,0.25,0,12.11
6739,288,1452.2,735.9,-0.09,-0.23,0.25,0,14.51
6790,290,474.0,1217.0,0.00,0.00,0.00,0,12.01
6791,290,473.3,1217.0,-0.02,0.00,0.02,0,7.48
6791,291,491.0,1214.0,0.00,0.00,0.00,0,12.01
6792,290,477.6,1216.2,0.27,-0.05,0.28,0,6.31
6794,290,477.7,1216.2,0.27,-0.05,0.28,0,9.97
6795,290,477.7,1216.2,0.27,-0.05,0.28,0,12.12
6796,290,477.7,1216.2,0.27,-0.05,0.28,0,14.47
6910,292,588.0,707.0,0.00,0.00,0.00,0,12.01
6911,292,587.7,707.0,-0.01,0.00,0.01,0,7.47
6912,292,587.7,707.0,-0.01,0.00,0.01,0,9.51
6914,292,587.7,707.0,-0.01,0.00,0.01,0,13.33
6915,292,587.7,707.0,-0.01,0.00,0.01,0,15.46
6947,294,1116.0,721.0,0.00,0.00,0.00,0,12.01
6947,295,1122.0,739.0,0.00,0.00,0.00,0,12.01
6949,299,1114.0,675.0,0.00,0.00,0.00,0,12.01
6949,300,1112.0,698.0,0.00,0.00,0.00,0,12.01
6949,301,402.0,727.0,0.00,0.00,0.00,0,12.01
6950,299,1114.0,675.7,0.00,0.01,0.01,0,7.47
6950,300,1112.0,698.0,0.00,0.00,0.00,0,14.02
6950,301,402.0,727.0,0.00,0.00,0.00,0,14.02
6950,302,1119.0,652.0,0.00,0.00,0.00,0,12.00
6951,299,1115.0,670.6,0.05,-0.24,0.24,0,6.30
6951,300,1112.0,698.0,0.00,0.00,0.00,0,16.07
6951,301,402.0,727.0,0.00,0.00,0.00,0,16.07
6953,299,1115.0,670.5,0.05,-0.24,0.24,0,9.94
6953,300,1112.0,698.0,0.00,0.00,0.00,0,19.88
6953,301,402.0,727.0,0.00,0.00,0.00,0,19.88
6954,299,1115.0,670.5,0.05,-0.24,0.24,0,12.08
6955,299,1115.0,670.5,0.05,-0.24,0.24,0,14.42
6992,303,826.0,1183.0,0.00,0.00,0.00,0,12.01
6993,303,826.0,1183.0,0.00,0.00,0.00,0,14.04
6994,303,826.0,1183.0,0.00,0.00,0.00,0,16.09
6994,304,898.0,607.0,0.00,0.00,0.00,0,12.01
6996,303,826.0,1183.0,0.00,0.00,0.00,0,20.02
6996,304,898.0,607.0,0.00,0.00,0.00,0,15.17
6997,304,898.0,607.0,0.00,0.00,0.00,0,17.24
6998,304,898.0,607.0,0.00,0.00,0.00,0,19.49
7029,305,1249.0,219.0,0.00,0.00,0.00,0,12.01
7030,305,1249.0,218.7,0.00,-0.01,0.01,0,7.48
7030,306,1251.0,224.0,0.00,0.00,0.00,0,12.01
7031,305,1249.5,220.6,0.04,0.13,0.13,0,6.30
7031,306,1251.0,224.0,0.00,0.00,0.00,0,14.04
7033,305,1249.5,220.6,0.04,0.13,0.13,0,9.98
7033,306,1251.0,224.0,0.00,0.00,0.00,0,17.54
7034,305,1249.5,220.6,0.04,0.13,0.13,0,12.10
7034,306,1251.0,224.0,0.00,0.00,0.00,0,19.65
7035,305,1249.5,220.6,0.04,0.13,0.13,0,14.45
7066,307,440.0,376.0,0.00,0.00,0.00,0,12.01
7067,307,440.0,374.4,0.00,-0.04,0.04,0,7.49
7067,308,444.0,385.0,0.00,0.00,0.00,0,12.02
7068,307,441.0,376.6,0.09,0.14,0.17,0,6.31
7070,307,441.1,376.6,0.09,0.14,0.17,0,9.93
7071,307,441.1,376.6,0.09,0.14,0.17,0,12.07
7072,307,441.1,376.6,0.09,0.14,0.17,0,14.42
7103,309,1368.0,804.0,0.00,0.00,0.00,0,12.01
7103,310,1346.0,805.0,0.00,0.00,0.00,0,12.01
7105,312,1387.0,804.0,0.00,0.00,0.00,0,12.01
7105,313,1412.0,804.0,0.00,0.00,0.00,0,12.01
7106,312,1394.9,804.0,0.16,0.00,0.16,0,7.47
7106,313,1420.2,804.0,0.16,0.00,0.16,0,7.47
7107,313,1424.0,804.0,0.41,0.00,0.41,0,6.31
7107,312,1394.9,804.0,0.16,0.00,0.16,0,9.52
7109,313,1424.1,804.0,0.41,0.00,0.41,0,9.98
7109,312,1394.9,804.0,0.16,0.00,0.16,0,13.30
7110,313,1424.1,804.0,0.41,0.00,0.41,0,12.13
7110,312,1394.9,804.0,0.16,0.00,0.16,0,15.47
7111,313,1424.1,804.0,0.41,0.00,0.41,0,14.48
7185,315,480.0,1193.0,0.00,0.00,0.00,0,12.01
7186,315,480.3,1192.7,0.01,-0.01,0.01,0,7.47
7186,316,488.0,1176.0,0.00,0.00,0.00,0,12.01
7187,315,482.3,1188.4,0.14,-0.29,0.32,0,6.31
7187,316,490.3,1171.4,0.06,-0.11,0.13,0,7.47
7189,315,482.3,1188.3,0.14,-0.29,0.32,0,9.97
7189,316,490.3,1171.4,0.06,-0.11,0.13,0,10.86
7190,315,482.3,1188.3,0.14,-0.29,0.32,0,12.14
7190,316,490.3,1171.4,0.06,-0.11,0.13,0,13.01
7191,315,482.3,1188.3,0.14,-0.29,0.32,0,14.48
7191,316,490.3,1171.4,0.06,-0.11,0.13,0,15.30
7233,317,1382.0,415.0,0.00,0.00,0.00,0,12.01
7234,317,1377.7,422.2,-0.10,0.18,0.21,0,7.47
7234,318,1365.0,444.0,0.00,0.00,0.00,0,12.01
7235,317,1377.7,422.2,-0.10,0.18,0.21,0,9.52
7235,318,1365.0,444.0,0.00,0.00,0.00,0,14.04
7237,317,1377.7,422.3,-0.10,0.18,0.21,0,13.31
7237,318,1365.0,444.0,0.00,0.00,0.00,0,17.53
7238,317,1377.7,422.3,-0.10,0.18,0.21,0,15.46
7238,318,1365.0,444.0,0.00,0.00,0.00,0,19.66
7341,319,798.0,470.0,0.00,0.00,0.00,0,12.01
7342,319,797.7,470.0,-0.01,0.00,0.01,0,7.48
7343,319,797.7,470.0,-0.01,0.00,0.01,0,9.52
7343,320,843.0,462.0,0.00,0.00,0.00,0,12.01
7345,319,797.7,470.0,-0.01,0.00,0.01,0,13.32
7345,320,843.0,462.0,0.00,0.00,0.00,0,15.14
7346,319,797.7,470.0,-0.01,0.00,0.01,0,15.47
7346,320,843.0,462.0,0.00,0.00,0.00,0,17.24
7347,320,843.0,462.0,0.00,0.00,0.00,0,19.49
7903,321,645.0,1146.0,0.00,0.00,0.00,0,12.01
7904,321,645.0,1146.0,0.00,0.00,0.00,0,14.04
7904,322,680.0,1083.0,0.00,0.00,0.00,0,12.01
7905,321,645.0,1146.0,0.00,0.00,0.00,0,16.09
7907,321,645.0,1146.0,0.00,0.00,0.00,0,19.99
7953,323,1568.0,804.0,0.00,0.00,0.00,0,12.01
7954,323,1568.3,804.3,0.01,0.01,0.01,0,7.47
7955,323,1568.3,804.3,0.01,0.01,0.01,0,9.52
7957,323,1568.3,804.3,0.01,0.01,0.01,0,13.33
7958,323,1568.3,804.3,0.01,0.01,0.01,0,15.47
7993,324,465.0,274.0,0.00,0.00,0.00,0,12.01
7994,324,465.0,274.0,0.00,0.00,0.00,0,14.03
7995,324,461.5,279.3,-0.15,0.23,0.28,0,7.87
7997,324,461.4,279.3,-0.15,0.23,0.28,0,11.58
7998,324,461.4,279.3,-0.15,0.23,0.28,0,13.67
7999,324,461.4,279.3,-0.15,0.23,0.28,0,16.07
8080,325,1007.0,234.0,0.00,0.00,0.00,0,12.01
8081,325,1007.0,233.7,0.00,-0.01,0.01,0,7.48
8081,326,1002.0,247.0,0.00,0.00,0.00,0,12.01
8082,325,1006.0,237.1,-0.07,0.22,0.23,0,6.31
8084,325,1006.0,237.2,-0.07,0.22,0.23,0,9.97
8085,325,1006.0,237.2,-0.07,0.22,0.23,0,12.12
8086,325,1005.9,237.2,-0.07,0.22,0.23,0,14.47
8164,327,1440.0,757.0,0.00,0.00,0.00,0,12.01
8165,327,1440.0,757.0,0.00,0.00,0.00,0,7.47
8165,328,1426.0,763.0,0.00,0.00,0.00,0,12.01
8166,327,1436.7,758.5,-0.21,0.10,0.23,0,6.31
8168,327,1436.6,758.6,-0.21,0.10,0.23,0,9.99
8169,327,1436.6,758.6,-0.21,0.10,0.23,0,12.13
8170,327,1436.6,758.6,-0.21,0.10,0.23,0,14.48
8203,329,794.0,773.0,0.00,0.00,0.00,0,12.01
8204,329,793.7,772.7,-0.01,-0.01,0.01,0,7.47
8205,329,793.7,772.7,-0.01,-0.01,0.01,0,9.52
8207,329,793.7,772.7,-0.01,-0.01,0.01,0,13.29
8208,329,793.7,772.7,-0.01,-0.01,0.01,0,15.45
8243,330,314.0,610.0,0.00,0.00,0.00,0,12.00
8244,330,317.6,610.7,0.06,0.01,0.06,0,7.47
8245,330,320.5,611.0,0.21,0.03,0.21,0,6.30
8247,330,320.6,611.0,0.21,0.03,0.21,0,9.94
8248,330,320.6,611.0,0.21,0.03,0.21,0,12.09
8249,330,320.6,611.0,0.21,0.03,0.21,0,14.43
8320,331,1125.0,929.0,0.00,0.00,0.00,0,12.01
8321,331,1125.0,929.0,0.00,0.00,0.00,0,14.04
8322,331,1130.3,927.9,0.24,-0.05,0.25,0,7.87
8324,331,1130.3,927.9,0.24,-0.05,0.25,0,11.54
8325,331,1130.3,927.9,0.24,-0.05,0.25,0,13.69
8326,331,1130.3,927.9,0.24,-0.05,0.25,0,16.08
8358,333,788.0,337.0,0.00,0.00,0.00,0,12.01
8359,333,788.0,337.0,0.00,0.00,0.00,0,14.04
8360,333,788.0,337.0,0.00,0.00,0.00,0,16.09
8360,334,837.0,314.0,0.00,0.00,0.00,0,12.01
8360,335,1513.0,901.0,0.00,0.00,0.00,0,12.01
8362,333,788.0,337.0,0.00,0.00,0.00,0,19.99
8362,334,837.0,314.0,0.00,0.00,0.00,0,15.15
8362,335,1513.0,901.0,0.00,0.00,0.00,0,15.15
8363,334,837.0,314.0,0.00,0.00,0.00,0,17.25
8363,335,1513.0,901.0,0.00,0.00,0.00,0,17.25
8364,334,837.0,314.0,0.00,0.00,0.00,0,19.50
8364,335,1513.0,901.0,0.00,0.00,0.00,0,19.50
8396,336,1274.0,549.0,0.00,0.00,0.00,0,12.02
8396,337,1245.0,551.0,0.00,0.00,0.00,0,12.02
8396,338,1253.0,550.0,0.00,0.00,0.00,0,12.02
8396,339,1386.0,1233.0,0.00,0.00,0.00,0,12.02
8399,340,1183.0,571.0,0.00,0.00,0.00,0,12.01
8400,340,1183.3,571.0,0.01,0.00,0.01,0,7.48
8401,340,1175.8,577.4,-0.49,0.42,0.65,0,6.31
8403,340,1175.6,577.5,-0.49,0.42,0.65,0,9.97
8404,340,1175.6,577.6,-0.49,0.42,0.65,0,12.12
8405,340,1175.6,577.6,-0.49,0.42,0.65,0,14.47
8437,345,1489.0,656.0,0.00,0.00,0.00,0,12.03
8437,346,1498.0,669.0,0.00,0.00,0.00,0,12.03
8437,347,716.0,1274.0,0.00,0.00,0.00,0,12.03
8437,348,717.0,1289.0,0.00,0.00,0.00,0,12.03
8438,345,1489.0,656.3,0.00,0.02,0.02,0,7.48
8438,346,1492.8,661.1,-0.25,-0.37,0.44,0,7.48
8438,347,716.0,1274.7,0.00,0.03,0.03,0,7.48
8438,348,716.3,1280.1,-0.03,-0.41,0.42,0,7.48
8439,345,1487.2,653.4,-0.13,-0.20,0.24,0,6.30
8439,347,715.7,1271.7,-0.02,-0.19,0.19,0,6.30
8441,345,1487.2,653.4,-0.13,-0.20,0.24,0,9.80
8441,347,715.7,1271.6,-0.02,-0.19,0.19,0,9.80
8442,345,1487.2,653.4,-0.13,-0.20,0.24,0,11.93
8442,347,715.7,1271.6,-0.02,-0.19,0.19,0,11.93
8443,345,1487.2,653.4,-0.13,-0.20,0.24,0,14.26
8443,347,715.7,1271.6,-0.02,-0.19,0.19,0,14.26
8474,349,649.0,1119.0,0.00,0.00,0.00,0,12.01
8474,350,621.0,1123.0,0.00,0.00,0.00,0,12.01
8476,352,665.0,1123.0,0.00,0.00,0.00,0,12.01
8476,353,679.0,1132.0,0.00,0.00,0.00,0,12.01
8477,352,668.9,1125.6,0.08,0.06,0.10,0,7.46
8477,353,679.0,1132.0,0.00,0.00,0.00,0,14.02
8478,352,673.8,1130.6,0.31,0.28,0.42,0,6.29
8480,352,673.9,1130.7,0.31,0.28,0.42,0,9.75
8481,352,673.9,1130.7,0.31,0.28,0.42,0,11.97
8482,352,673.9,1130.7,0.31,0.28,0.42,0,14.30
8516,355,1163.0,1336.0,0.00,0.00,0.00,0,12.01
8517,355,1162.7,1336.0,-0.01,0.00,0.01,0,7.48
8518,355,1171.8,1332.7,0.60,-0.22,0.64,0,6.30
8520,355,1171.9,1332.6,0.60,-0.22,0.64,0,9.90
8521,355,1171.9,1332.6,0.60,-0.22,0.64,0,12.10
8522,355,1172.0,1332.6,0.60,-0.22,0.64,0,14.44
8557,356,1336.0,1181.0,0.00,0.00,0.00,0,12.01
8558,356,1336.0,1181.0,0.00,0.00,0.00,0,14.04
8559,356,1336.0,1181.0,0.00,0.00,0.00,0,16.08
8561,356,1336.0,1181.0,0.00,0.00,0.00,0,19.95
8601,357,1300.0,1173.0,0.00,0.00,0.00,0,12.01
8602,357,1300.0,1173.0,0.00,0.00,0.00,0,14.04
8603,357,1300.0,1173.0,0.00,0.00,0.00,0,16.09
8605,357,1300.0,1173.0,0.00,0.00,0.00,0,19.95
8638,358,1323.0,1121.0,0.00,0.00,0.00,0,12.01
8638,359,1316.0,1128.0,0.00,0.00,0.00,0,12.01
8639,358,1323.0,1121.0,0.00,0.00,0.00,0,14.04
8639,359,1316.0,1128.0,0.00,0.00,0.00,0,14.04
8640,358,1323.7,1119.6,0.03,-0.07,0.08,0,7.87
8642,358,1323.7,1119.6,0.03,-0.07,0.08,0,11.53
8643,358,1323.7,1119.6,0.03,-0.07,0.08,0,13.67
8644,358,1323.7,1119.6,0.03,-0.07,0.08,0,16.08
8675,360,1343.0,1064.0,0.00,0.00,0.00,0,12.01
8676,360,1343.0,1064.0,0.00,0.00,0.00,0,14.04
8677,360,1343.0,1064.0,0.00,0.00,0.00,0,16.09
8679,360,1343.0,1064.0,0.00,0.00,0.00,0,19.97
8713,364,422.0,747.0,0.00,0.00,0.00,0,12.05
8713,365,429.0,772.0,0.00,0.00,0.00,0,12.05
8713,366,1378.0,1006.0,0.00,0.00,0.00,0,12.05
8713,367,1372.0,1015.0,0.00,0.00,0.00,0,12.05
8714,364,421.7,746.3,-0.02,-0.04,0.04,0,7.49
8714,365,429.0,772.0,0.00,0.00,0.00,0,14.09
8714,366,1376.4,1007.6,-0.09,0.09,0.13,0,7.49
8714,367,1372.0,1015.0,0.00,0.00,0.00,0,14.09
8714,368,416.0,730.0,0.00,0.00,0.00,0,12.01
8715,364,420.2,742.6,-0.14,-0.34,0.37,0,6.31
8715,366,1375.7,1008.3,-0.14,0.14,0.20,0,6.31
8715,365,429.0,772.0,0.00,0.00,0.00,0,16.16
8717,364,420.2,742.6,-0.14,-0.34,0.37,0,9.96
8717,366,1375.7,1008.3,-0.14,0.14,0.20,0,9.96
8717,365,429.0,772.0,0.00,0.00,0.00,0,20.16
8718,364,420.2,742.5,-0.14,-0.34,0.37,0,12.12
8718,366,1375.7,1008.3,-0.14,0.14,0.20,0,12.12
8719,364,420.2,742.5,-0.14,-0.34,0.37,0,14.47
8719,366,1375.7,1008.3,-0.14,0.14,0.20,0,14.47
8750,369,1416.0,983.0,0.00,0.00,0.00,0,12.01
8751,369,1416.3,983.7,0.01,0.02,0.02,0,7.51
8752,369,1417.0,983.7,0.08,0.03,0.09,0,6.32
8754,369,1417.0,983.8,0.08,0.03,0.09,0,10.01
8755,369,1417.0,983.8,0.08,0.03,0.09,0,12.30
8756,369,1417.0,983.8,0.08,0.03,0.09,0,14.72
8794,370,1475.0,964.0,0.00,0.00,0.00,0,12.01
8795,370,1475.0,964.0,0.00,0.00,0.00,0,14.04
8796,370,1475.0,964.0,0.00,0.00,0.00,0,16.09
8798,370,1475.0,964.0,0.00,0.00,0.00,0,19.93
8833,371,1524.0,979.0,0.00,0.00,0.00,0,12.01
8833,372,1530.0,986.0,0.00,0.00,0.00,0,12.01
8834,371,1524.0,979.0,0.00,0.00,0.00,0,14.03
8834,372,1530.0,986.0,0.00,0.00,0.00,0,14.03
8835,371,1524.0,979.0,0.00,0.00,0.00,0,16.08
8837,371,1524.0,979.0,0.00,0.00,0.00,0,19.87
8870,373,559.0,1117.0,0.00,0.00,0.00,0,12.01
8870,374,546.0,1120.0,0.00,0.00,0.00,0,12.01
8872,375,577.0,1116.0,0.00,0.00,0.00,0,12.01
8873,375,579.6,1116.7,0.06,0.01,0.06,0,7.46
8874,375,582.8,1118.0,0.20,0.08,0.22,0,6.29
8876,375,582.9,1118.0,0.20,0.08,0.22,0,9.80
8877,375,582.9,1118.1,0.20,0.08,0.22,0,12.00
8878,375,582.9,1118.1,0.20,0.08,0.22,0,14.32
8971,376,638.0,1314.0,0.00,0.00,0.00,0,12.01
8972,376,642.3,1307.4,0.11,-0.16,0.19,0,7.47
8973,376,644.3,1304.0,0.24,-0.39,0.45,0,6.31
8975,376,644.3,1303.9,0.24,-0.39,0.45,0,9.97
8976,376,644.3,1303.9,0.24,-0.39,0.45,0,12.12
8977,376,644.3,1303.9,0.24,-0.39,0.45,0,14.46
9097,378,1164.0,1327.0,0.00,0.00,0.00,0,12.01
9098,378,1164.3,1327.0,0.01,0.00,0.01,0,7.47
9098,379,1149.0,1331.0,0.00,0.00,0.00,0,12.01
9099,378,1160.6,1328.0,-0.23,0.07,0.24,0,6.31
9101,378,1160.6,1328.0,-0.23,0.07,0.24,0,9.97
9102,378,1160.6,1328.0,-0.23,0.07,0.24,0,12.13
9103,378,1160.6,1328.1,-0.23,0.07,0.24,0,14.47
9134,380,895.0,1150.0,0.00,0.00,0.00,0,12.01
9134,381,926.0,1155.0,0.00,0.00,0.00,0,12.01
9134,382,964.0,1160.0,0.00,0.00,0.00,0,12.01
9134,383,951.0,1165.0,0.00,0.00,0.00,0,12.01
9136,384,977.0,1156.0,0.00,0.00,0.00,0,12.01
9136,385,946.0,1163.0,0.00,0.00,0.00,0,12.01
9137,384,979.6,1155.3,0.06,-0.01,0.06,0,7.47
9137,385,946.0,1163.0,0.00,0.00,0.00,0,14.03
9138,384,983.1,1155.5,0.27,-0.00,0.27,0,6.31
9138,385,946.0,1163.0,0.00,0.00,0.00,0,16.08
9140,384,983.1,1155.5,0.27,-0.00,0.27,0,9.96
9140,385,946.0,1163.0,0.00,0.00,0.00,0,19.93
9141,384,983.1,1155.5,0.27,-0.00,0.27,0,12.12
9142,384,983.2,1155.5,0.27,-0.00,0.27,0,14.46
9173,386,1362.0,1226.0,0.00,0.00,0.00,0,12.01
9173,387,1366.0,1233.0,0.00,0.00,0.00,0,12.01
9175,388,1366.0,1238.0,0.00,0.00,0.00,0,12.01
9176,388,1366.0,1238.0,0.00,0.00,0.00,0,14.02
9177,388,1366.0,1238.0,0.00,0.00,0.00,0,16.06
9179,388,1366.0,1238.0,0.00,0.00,0.00,0,19.81
9213,389,1035.0,1073.0,0.00,0.00,0.00,0,12.01
9214,389,1033.0,1069.7,-0.06,-0.09,0.11,0,7.47
9215,389,1032.0,1068.2,-0.12,-0.19,0.22,0,6.30
9215,390,1027.0,1052.0,0.00,0.00,0.00,0,12.01
9217,389,1032.0,1068.2,-0.12,-0.19,0.22,0,9.95
9217,390,1027.0,1052.0,0.00,0.00,0.00,0,15.12
9218,389,1032.0,1068.2,-0.12,-0.19,0.22,0,12.11
9218,390,1027.0,1052.0,0.00,0.00,0.00,0,17.24
9219,389,1032.0,1068.2,-0.12,-0.19,0.22,0,14.45
9219,390,1027.0,1052.0,0.00,0.00,0.00,0,19.48
9392,391,1340.0,862.0,0.00,0.00,0.00,0,12.01
9393,391,1340.3,862.7,0.01,0.02,0.02,0,7.47
9394,391,1339.2,858.9,-0.06,-0.22,0.23,0,6.31
9394,392,1332.0,836.0,0.00,0.00,0.00,0,12.01
9396,391,1339.2,858.8,-0.06,-0.22,0.23,0,9.97
9396,392,1332.0,836.0,0.00,0.00,0.00,0,15.13
9397,391,1339.2,858.8,-0.06,-0.22,0.23,0,12.14
9397,392,1332.0,836.0,0.00,0.00,0.00,0,17.25
9398,391,1339.2,858.8,-0.06,-0.22,0.23,0,14.48
9398,392,1332.0,836.0,0.00,0.00,0.00,0,19.50
9429,393,1381.0,444.0,0.00,0.00,0.00,0,12.01
9430,393,1381.0,444.0,0.00,0.00,0.00,0,7.53
9430,394,1382.0,481.0,0.00,0.00,0.00,0,12.05
9431,393,1381.3,452.8,0.03,1.10,1.10,0,6.33
9431,394,1383.0,485.3,0.06,0.24,0.25,0,7.49
9433,393,1381.3,453.1,0.03,1.10,1.10,0,10.06
9433,394,1383.0,485.3,0.06,0.24,0.25,0,10.91
9434,393,1381.3,453.1,0.03,1.10,1.10,0,12.22
9434,394,1383.0,485.3,0.06,0.24,0.25,0,13.05
9435,393,1381.3,453.1,0.03,1.10,1.10,0,14.63
9435,394,1383.0,485.3,0.06,0.24,0.25,0,15.39
9466,395,443.0,780.0,0.00,0.00,0.00,0,12.01
9466,396,434.0,795.0,0.00,0.00,0.00,0,12.01
9467,395,443.0,780.0,0.00,0.00,0.00,0,7.52
9467,396,434.0,795.0,0.00,0.00,0.00,0,14.10
9467,397,448.0,750.0,0.00,0.00,0.00,0,12.04
9468,395,444.0,772.5,0.12,-0.90,0.91,0,6.33
9468,396,434.0,795.0,0.00,0.00,0.00,0,16.16
9470,395,444.1,772.3,0.12,-0.90,0.91,0,10.09
9470,396,434.0,795.0,0.00,0.00,0.00,0,20.23
9471,395,444.1,772.2,0.12,-0.90,0.91,0,12.25
9472,395,444.1,772.2,0.12,-0.90,0.91,0,14.66
9537,398,505.0,279.0,0.00,0.00,0.00,0,12.01
9538,398,504.7,279.0,-0.01,0.00,0.01,0,7.47
9539,398,504.7,279.0,-0.01,0.00,0.01,0,9.52
9541,398,504.7,279.0,-0.01,0.00,0.01,0,13.31
9542,398,504.7,279.0,-0.01,0.00,0.01,0,15.46
9594,399,840.0,1381.0,0.00,0.00,0.00,0,12.01
9595,399,839.7,1373.5,-0.01,-0.19,0.19,0,7.47
9596,399,839.8,1370.3,-0.00,-0.40,0.40,0,6.31
9596,400,838.0,1339.0,0.00,0.00,0.00,0,12.01
9598,399,839.8,1370.1,-0.00,-0.40,0.40,0,10.01
9598,400,838.0,1339.0,0.00,0.00,0.00,0,15.16
9599,399,839.8,1370.1,-0.00,-0.40,0.40,0,12.12
9599,400,838.0,1339.0,0.00,0.00,0.00,0,17.24
9600,399,839.8,1370.1,-0.00,-0.40,0.40,0,14.47
9600,400,838.0,1339.0,0.00,0.00,0.00,0,19.49
9693,401,1541.0,610.0,0.00,0.00,0.00,0,12.01
9694,401,1540.3,610.3,-0.02,0.01,0.02,0,7.48
9695,401,1540.0,610.8,-0.04,0.04,0.05,0,6.31
9697,401,1540.0,610.8,-0.04,0.04,0.05,0,10.00
9698,401,1540.0,610.8,-0.04,0.04,0.05,0,12.13
9699,401,1540.0,610.8,-0.04,0.04,0.05,0,14.48
9730,402,1027.0,709.0,0.00,0.00,0.00,0,12.01
9730,403,1290.0,864.0,0.00,0.00,0.00,0,12.01
9730,404,1293.0,873.0,0.00,0.00,0.00,0,12.01
9731,402,1027.7,708.3,0.02,-0.02,0.02,0,7.49
9731,403,1290.0,864.3,0.00,0.01,0.01,0,7.49
9731,404,1291.4,867.1,-0.04,-0.15,0.15,0,7.49
9731,405,1033.0,697.0,0.00,0.00,0.00,0,12.02
9732,402,1029.0,705.9,0.14,-0.24,0.28,0,6.31
9732,403,1289.5,860.9,-0.05,-0.31,0.31,0,6.31
9734,402,1029.1,705.9,0.14,-0.24,0.28,0,9.97
9734,403,1289.5,860.8,-0.05,-0.31,0.31,0,9.97
9735,402,1029.1,705.9,0.14,-0.24,0.28,0,12.02
9735,403,1289.5,860.8,-0.05,-0.31,0.31,0,12.02
9736,402,1029.1,705.9,0.14,-0.24,0.28,0,14.42
9736,403,1289.5,860.8,-0.05,-0.31,0.31,0,14.42
9768,406,1552.0,830.0,0.00,0.00,0.00,0,12.01
9769,406,1552.7,830.7,0.02,0.02,0.03,0,7.48
9770,406,1552.7,830.7,0.02,0.02,0.03,0,9.52
9772,406,1552.7,830.7,0.02,0.02,0.03,0,13.28
9773,406,1552.7,830.7,0.02,0.02,0.03,0,15.44
9805,407,778.0,1005.0,0.00,0.00,0.00,0,12.01
9805,408,766.0,1012.0,0.00,0.00,0.00,0,12.01
9806,407,774.1,1007.3,-0.10,0.06,0.11,0,7.51
9806,408,763.0,1015.6,-0.07,0.09,0.12,0,7.51
9807,407,769.9,1011.3,-0.55,0.50,0.74,0,6.32
9809,407,769.8,1011.5,-0.55,0.50,0.74,0,10.03
9810,407,769.8,1011.5,-0.55,0.50,0.74,0,12.29
9811,407,769.7,1011.5,-0.55,0.50,0.74,0,14.70
9842,409,1259.0,1203.0,0.00,0.00,0.00,0,12.01
9843,409,1257.0,1202.3,-0.05,-0.02,0.05,0,7.48
9844,409,1254.5,1201.7,-0.23,-0.06,0.24,0,6.31
9846,409,1254.4,1201.7,-0.23,-0.06,0.24,0,9.95
9847,409,1254.4,1201.7,-0.23,-0.06,0.24,0,12.10
9848,409,1254.4,1201.7,-0.23,-0.06,0.24,0,14.50
9893,410,1395.0,1103.0,0.00,0.00,0.00,0,12.00
9895,412,1416.0,1094.0,0.00,0.00,0.00,0,12.01
9895,413,1404.0,1098.0,0.00,0.00,0.00,0,12.01
9896,412,1415.7,1094.0,-0.01,0.00,0.01,0,7.48
9896,413,1410.9,1096.0,0.17,-0.05,0.18,0,7.48
9897,412,1415.7,1094.0,-0.01,0.00,0.01,0,9.51
9899,412,1415.7,1094.0,-0.01,0.00,0.01,0,13.26
9900,412,1415.7,1094.0,-0.01,0.00,0.01,0,15.47
10021,414,1300.0,1344.0,0.00,0.00,0.00,0,12.02
10022,414,1300.0,1344.0,0.00,0.00,0.00,0,14.05
10023,414,1300.0,1344.0,0.00,0.00,0.00,0,16.10
10025,414,1300.0,1344.0,0.00,0.00,0.00,0,19.99
10058,415,758.0,1230.0,0.00,0.00,0.00,0,12.01
10058,416,763.0,1243.0,0.00,0.00,0.00,0,12.01
10060,417,768.0,1258.0,0.00,0.00,0.00,0,12.01
10060,418,773.0,1273.0,0.00,0.00,0.00,0,12.01
10061,417,769.6,1262.6,0.03,0.09,0.10,0,7.46
10061,418,774.6,1277.9,0.03,0.10,0.10,0,7.46
10062,417,771.8,1268.9,0.12,0.35,0.37,0,6.29
10064,417,771.8,1268.9,0.12,0.35,0.37,0,9.76
10065,417,771.8,1269.0,0.12,0.35,0.37,0,11.98
10066,417,771.8,1269.0,0.12,0.35,0.37,0,14.31
10167,419,1198.0,975.0,0.00,0.00,0.00,0,12.01
10168,419,1198.3,974.7,0.01,-0.01,0.01,0,7.48
10168,420,1190.0,982.0,0.00,0.00,0.00,0,12.01
10169,419,1196.2,976.3,-0.13,0.10,0.17,0,6.31
10169,420,1188.7,984.3,-0.03,0.06,0.07,0,7.48
10171,419,1196.1,976.3,-0.13,0.10,0.17,0,9.96
10171,420,1188.7,984.3,-0.03,0.06,0.07,0,10.85
10172,419,1196.1,976.3,-0.13,0.10,0.17,0,12.13
10172,420,1188.7,984.3,-0.03,0.06,0.07,0,13.00
10173,419,1196.1,976.3,-0.13,0.10,0.17,0,14.47
10173,420,1188.7,984.3,-0.03,0.06,0.07,0,15.29
10210,423,1366.0,801.0,0.00,0.00,0.00,0,12.01
10211,423,1368.6,801.7,0.06,0.02,0.07,0,7.48
10212,423,1371.3,802.8,0.24,0.09,0.26,0,6.31
10214,423,1371.4,802.8,0.24,0.09,0.26,0,9.96
10215,423,1371.4,802.8,0.24,0.09,0.26,0,12.13
10216,423,1371.4,802.8,0.24,0.09,0.26,0,14.52
10323,424,1279.0,690.0,0.00,0.00,0.00,0,12.01
10324,424,1279.0,690.0,0.00,0.00,0.00,0,14.04
10325,424,1279.4,688.2,0.02,-0.08,0.08,0,7.87
10327,424,1279.4,688.2,0.02,-0.08,0.08,0,11.52
10328,424,1279.4,688.2,0.02,-0.08,0.08,0,13.68
10329,424,1279.4,688.2,0.02,-0.08,0.08,0,16.03
10475,425,438.0,706.0,0.00,0.00,0.00,0,12.01
10476,425,444.9,700.4,0.16,-0.13,0.21,0,7.47
10477,425,448.3,697.5,0.39,-0.33,0.50,0,6.31
10477,426,476.0,670.0,0.00,0.00,0.00,0,12.01
10479,425,448.4,697.4,0.39,-0.33,0.50,0,9.98
10479,426,476.0,670.0,0.00,0.00,0.00,0,15.14
10480,425,448.4,697.4,0.39,-0.33,0.50,0,12.12
10480,426,476.0,670.0,0.00,0.00,0.00,0,17.24
10481,425,448.4,697.4,0.39,-0.33,0.50,0,14.47
10481,426,476.0,670.0,0.00,0.00,0.00,0,19.48
10513,429,860.0,1012.0,0.00,0.00,0.00,0,12.01
10513,430,838.0,1012.0,0.00,0.00,0.00,0,12.01
10514,429,859.3,1012.0,-0.02,0.00,0.02,0,7.48
10514,430,849.1,1012.7,0.29,0.02,0.29,0,7.48
10515,429,863.1,1013.0,0.24,0.07,0.25,0,6.31
10517,429,863.2,1013.0,0.24,0.07,0.25,0,9.96
10518,429,863.2,1013.0,0.24,0.07,0.25,0,12.11
10519,429,863.2,1013.1,0.24,0.07,0.25,0,14.46
10550,431,864.0,537.0,0.00,0.00,0.00,0,12.01
10551,431,865.6,536.3,0.04,-0.02,0.04,0,7.51
10552,431,868.1,535.7,0.30,-0.08,0.31,0,6.32
10554,431,868.1,535.7,0.30,-0.08,0.31,0,9.98
10555,431,868.1,535.7,0.30,-0.08,0.31,0,12.00
10556,431,868.1,535.7,0.30,-0.08,0.31,0,14.36
10691,432,1073.0,957.0,0.00,0.00,0.00,0,12.01
10692,432,1066.8,957.3,-0.15,0.01,0.15,0,7.48
10693,432,1064.3,957.5,-0.32,0.02,0.32,0,6.31
10693,433,1037.0,957.0,0.00,0.00,0.00,0,12.01
10695,432,1064.2,957.5,-0.32,0.02,0.32,0,9.96
10695,433,1037.0,957.0,0.00,0.00,0.00,0,15.12
10696,432,1064.2,957.5,-0.32,0.02,0.32,0,12.13
10696,433,1037.0,957.0,0.00,0.00,0.00,0,17.24
10697,432,1064.2,957.5,-0.32,0.02,0.32,0,14.47
10697,433,1037.0,957.0,0.00,0.00,0.00,0,19.49
10876,434,781.0,1143.0,0.00,0.00,0.00,0,12.01
10877,434,781.0,1143.0,0.00,0.00,0.00,0,14.04
10878,434,787.7,1142.3,0.31,-0.03,0.31,0,7.87
10880,434,787.8,1142.3,0.31,-0.03,0.31,0,11.51
10881,434,787.8,1142.3,0.31,-0.03,0.31,0,13.67
10882,434,787.8,1142.3,0.31,-0.03,0.31,0,16.07
10932,435,459.0,312.0,0.00,0.00,0.00,0,12.01
10933,435,459.0,312.0,0.00,0.00,0.00,0,14.04
10934,435,459.0,312.0,0.00,0.00,0.00,0,16.09
10936,435,459.0,312.0,0.00,0.00,0.00,0,19.98
10970,436,1012.0,1042.0,0.00,0.00,0.00,0,12.05
10971,436,1012.0,1042.0,0.00,0.00,0.00,0,14.09
10972,436,1011.3,1044.1,-0.05,0.15,0.16,0,7.88
10974,436,1011.3,1044.2,-0.05,0.15,0.16,0,11.54
10975,436,1011.3,1044.2,-0.05,0.15,0.16,0,13.74
10976,436,1011.3,1044.2,-0.05,0.15,0.16,0,16.10
11008,439,807.0,1227.0,0.00,0.00,0.00,0,12.03
11008,440,778.0,1252.0,0.00,0.00,0.00,0,12.03
11009,439,806.3,1227.3,-0.03,0.02,0.04,0,7.48
11009,440,778.0,1252.0,0.00,0.00,0.00,0,14.07
11009,441,843.0,1205.0,0.00,0.00,0.00,0,12.01
11010,439,814.5,1223.4,0.58,-0.28,0.64,0,6.29
11010,440,778.0,1252.0,0.00,0.00,0.00,0,16.10
11012,439,814.6,1223.3,0.58,-0.28,0.64,0,9.82
11012,440,778.0,1252.0,0.00,0.00,0.00,0,19.94
11013,439,814.6,1223.3,0.58,-0.28,0.64,0,11.91
11014,439,814.7,1223.3,0.58,-0.28,0.64,0,14.25
11045,444,792.0,1322.0,0.00,0.00,0.00,0,12.01
11045,445,809.0,1322.0,0.00,0.00,0.00,0,12.01
11045,446,817.0,1322.0,0.00,0.00,0.00,0,12.01
11051,447,1020.0,1317.0,0.00,0.00,0.00,0,12.01
11051,448,1026.0,1316.0,0.00,0.00,0.00,0,12.01
11059,449,1218.0,1298.0,0.00,0.00,0.00,0,12.01
11060,449,1218.0,1298.0,0.00,0.00,0.00,0,14.03
11060,450,1265.0,1284.0,0.00,0.00,0.00,0,12.01
11061,449,1218.0,1298.0,0.00,0.00,0.00,0,16.09
11063,449,1218.0,1298.0,0.00,0.00,0.00,0,19.96
11108,452,1158.0,1363.0,0.00,0.00,0.00,0,12.01
11109,452,1158.0,1363.0,0.00,0.00,0.00,0,14.04
11110,452,1158.0,1363.0,0.00,0.00,0.00,0,16.09
11112,452,1158.0,1363.0,0.00,0.00,0.00,0,19.94
11145,453,1223.0,1082.0,0.00,0.00,0.00,0,12.01
11146,453,1223.0,1081.7,0.00,-0.01,0.01,0,7.50
11146,454,1227.0,1075.0,0.00,0.00,0.00,0,12.03
11147,453,1223.5,1080.7,0.05,-0.10,0.11,0,6.31
11147,454,1227.3,1074.3,0.01,-0.03,0.03,0,7.48
11149,453,1223.5,1080.7,0.05,-0.10,0.11,0,9.94
11149,454,1227.3,1074.3,0.01,-0.03,0.03,0,10.82
11150,453,1223.5,1080.7,0.05,-0.10,0.11,0,12.00
11150,454,1227.3,1074.3,0.01,-0.03,0.03,0,12.87
11151,453,1223.5,1080.7,0.05,-0.10,0.11,0,14.35
11151,454,1227.3,1074.3,0.01,-0.03,0.03,0,15.17
11295,455,781.0,912.0,0.00,0.00,0.00,0,12.01
11296,455,781.0,912.0,0.00,0.00,0.00,0,14.04
11297,455,781.0,912.0,0.00,0.00,0.00,0,16.09
11299,455,781.0,912.0,0.00,0.00,0.00,0,19.96
11343,456,583.0,1186.0,0.00,0.00,0.00,0,12.01
11344,456,582.7,1185.7,-0.01,-0.01,0.01,0,7.47
11345,456,582.7,1185.7,-0.01,-0.01,0.01,0,9.52
11347,456,582.7,1185.7,-0.01,-0.01,0.01,0,13.29
11348,456,582.7,1185.7,-0.01,-0.01,0.01,0,15.46
11434,457,801.0,1023.0,0.00,0.00,0.00,0,12.01
11435,457,801.0,1023.0,0.00,0.00,0.00,0,14.04
11436,457,801.0,1023.0,0.00,0.00,0.00,0,16.09
11438,457,801.0,1023.0,0.00,0.00,0.00,0,19.96
11505,458,904.0,976.0,0.00,0.00,0.00,0,12.01
11506,458,904.0,976.0,0.00,0.00,0.00,0,7.47
11506,459,889.0,971.0,0.00,0.00,0.00,0,12.01
11507,458,900.4,974.7,-0.23,-0.08,0.25,0,6.31
11507,459,883.1,970.7,-0.14,-0.01,0.14,0,7.48
11509,458,900.3,974.7,-0.23,-0.08,0.25,0,9.94
11509,459,883.1,970.7,-0.14,-0.01,0.14,0,10.84
11510,458,900.3,974.7,-0.23,-0.08,0.25,0,12.12
11510,459,883.1,970.7,-0.14,-0.01,0.14,0,12.99
11511,458,900.3,974.7,-0.23,-0.08,0.25,0,14.52
11511,459,883.1,970.7,-0.14,-0.01,0.14,0,15.34
11550,462,1423.0,1230.0,0.00,0.00,0.00,0,12.01
11551,462,1423.0,1230.0,0.00,0.00,0.00,0,14.04
11552,462,1423.0,1230.0,0.00,0.00,0.00,0,16.09
11554,462,1423.0,1230.0,0.00,0.00,0.00,0,19.97
11590,463,856.0,881.0,0.00,0.00,0.00,0,12.01
11591,463,855.7,880.7,-0.01,-0.01,0.01,0,7.47
11591,464,858.0,860.0,0.00,0.00,0.00,0,12.01
11592,463,856.3,875.6,0.03,-0.33,0.33,0,6.31
11594,463,856.3,875.5,0.03,-0.33,0.33,0,9.98
11595,463,856.3,875.5,0.03,-0.33,0.33,0,12.12
11596,463,856.3,875.5,0.03,-0.33,0.33,0,14.47
11627,465,625.0,575.0,0.00,0.00,0.00,0,12.01
11627,466,633.0,589.0,0.00,0.00,0.00,0,12.01
11629,467,608.0,552.0,0.00,0.00,0.00,0,12.01
11630,467,608.0,552.3,0.00,0.01,0.01,0,7.46
11630,468,600.0,544.0,0.00,0.00,0.00,0,12.00
11631,467,606.2,550.4,-0.08,-0.07,0.11,0,6.29
11633,467,606.2,550.4,-0.08,-0.07,0.11,0,9.74
11634,467,606.2,550.4,-0.08,-0.07,0.11,0,11.97
11635,467,606.2,550.4,-0.08,-0.07,0.11,0,14.30
11671,471,1121.0,1197.0,0.00,0.00,0.00,0,12.01
11671,472,1154.0,1330.0,0.00,0.00,0.00,0,12.01
11672,471,1121.0,1196.7,0.00,-0.01,0.01,0,7.48
11672,472,1153.7,1330.0,-0.01,0.00,0.01,0,7.48
11672,473,1122.0,1213.0,0.00,0.00,0.00,0,12.01
11673,471,1121.3,1200.6,0.02,0.25,0.25,0,6.31
11673,472,1153.7,1330.0,-0.01,0.00,0.01,0,9.52
11675,471,1121.3,1200.7,0.02,0.25,0.25,0,10.00
11675,472,1153.7,1330.0,-0.01,0.00,0.01,0,13.33
11676,471,1121.3,1200.7,0.02,0.25,0.25,0,12.12
11676,472,1153.7,1330.0,-0.01,0.00,0.01,0,15.46
11677,471,1121.3,1200.7,0.02,0.25,0.25,0,14.47
11708,474,1506.0,1119.0,0.00,0.00,0.00,0,12.01
11708,475,1508.0,1128.0,0.00,0.00,0.00,0,12.01
11712,476,1250.0,966.0,0.00,0.00,0.00,0,12.01
11713,476,1254.6,964.7,0.10,-0.03,0.11,0,7.47
11714,476,1256.8,964.0,0.24,-0.07,0.25,0,6.30
11714,477,1279.0,956.0,0.00,0.00,0.00,0,12.01
11716,476,1256.8,964.0,0.24,-0.07,0.25,0,9.93
11716,477,1279.0,956.0,0.00,0.00,0.00,0,15.11
11717,476,1256.8,964.0,0.24,-0.07,0.25,0,12.13
11717,477,1279.0,956.0,0.00,0.00,0.00,0,17.25
11718,476,1256.8,964.0,0.24,-0.07,0.25,0,14.53
11718,477,1279.0,956.0,0.00,0.00,0.00,0,19.54
11760,478,867.0,826.0,0.00,0.00,0.00,0,12.01
11761,478,867.3,825.7,0.01,-0.01,0.01,0,7.47
11761,479,855.0,834.0,0.00,0.00,0.00,0,12.01
11762,478,864.2,827.8,-0.20,0.13,0.24,0,6.30
11762,479,851.4,836.9,-0.09,0.07,0.11,0,7.47
11764,478,864.1,827.9,-0.20,0.13,0.24,0,9.95
11764,479,851.4,837.0,-0.09,0.07,0.11,0,10.85
11765,478,864.1,827.9,-0.20,0.13,0.24,0,12.13
11765,479,851.4,837.0,-0.09,0.07,0.11,0,13.00
11766,478,864.1,827.9,-0.20,0.13,0.24,0,14.48
11766,479,851.4,837.0,-0.09,0.07,0.11,0,15.30
11866,480,812.0,1241.0,0.00,0.00,0.00,0,12.01
11867,480,812.0,1241.0,0.00,0.00,0.00,0,7.48
11867,481,805.0,1221.0,0.00,0.00,0.00,0,12.01
11868,480,810.5,1236.4,-0.10,-0.31,0.33,0,6.31
11870,480,810.4,1236.3,-0.10,-0.31,0.33,0,9.96
11871,480,810.4,1236.3,-0.10,-0.31,0.33,0,12.12
11872,480,810.4,1236.3,-0.10,-0.31,0.33,0,14.47
11903,482,1054.0,569.0,0.00,0.00,0.00,0,12.01
11904,482,1054.7,569.3,0.02,0.01,0.02,0,7.48
11905,482,1054.7,569.3,0.02,0.01,0.02,0,9.52
11905,483,1114.0,580.0,0.00,0.00,0.00,0,12.01
11907,482,1054.7,569.3,0.02,0.01,0.02,0,13.33
11907,483,1114.0,580.0,0.00,0.00,0.00,0,15.13
11908,482,1054.7,569.3,0.02,0.01,0.02,0,15.46
11908,483,1114.0,580.0,0.00,0.00,0.00,0,17.21
11909,483,1114.0,580.0,0.00,0.00,0.00,0,19.46
11941,487,1085.0,1209.0,0.00,0.00,0.00,0,12.04
11941,488,1091.0,1210.0,0.00,0.00,0.00,0,12.04
11941,489,1039.0,1212.0,0.00,0.00,0.00,0,12.04
11942,487,1085.7,1209.0,0.03,0.00,0.03,0,7.49
11942,488,1100.8,1209.7,0.49,-0.02,0.49,0,7.49
11942,489,1039.0,1212.0,0.00,0.00,0.00,0,14.08
11943,487,1093.0,1209.0,0.64,0.00,0.64,0,6.32
11943,489,1039.0,1212.0,0.00,0.00,0.00,0,16.15
11945,487,1093.1,1209.0,0.64,0.00,0.64,0,10.02
11945,489,1039.0,1212.0,0.00,0.00,0.00,0,20.19
11946,487,1093.1,1209.0,0.64,0.00,0.64,0,12.17
11947,487,1093.2,1209.0,0.64,0.00,0.64,0,14.58
11978,491,842.0,1152.0,0.00,0.00,0.00,0,12.01
11978,492,595.0,1292.0,0.00,0.00,0.00,0,12.01
11980,493,588.0,1278.0,0.00,0.00,0.00,0,12.01
11980,494,590.0,1286.0,0.00,0.00,0.00,0,12.01
11981,493,588.0,1277.7,0.00,-0.01,0.01,0,7.47
11981,494,590.0,1286.0,0.00,0.00,0.00,0,14.03
11982,493,587.7,1277.0,-0.02,-0.05,0.05,0,6.31
11984,493,587.7,1277.0,-0.02,-0.05,0.05,0,9.98
11985,493,587.7,1277.0,-0.02,-0.05,0.05,0,12.13
11986,493,587.7,1277.0,-0.02,-0.05,0.05,0,14.48
12020,495,1116.0,584.0,0.00,0.00,0.00,0,12.01
12021,495,1116.0,584.0,0.00,0.00,0.00,0,14.04
12022,495,1111.8,584.4,-0.19,0.02,0.19,0,7.87
12024,495,1111.7,584.4,-0.19,0.02,0.19,0,11.53
12025,495,1111.7,584.4,-0.19,0.02,0.19,0,13.66
12026,495,1111.7,584.4,-0.19,0.02,0.19,0,16.01
12058,498,812.0,1171.0,0.00,0.00,0.00,0,12.01
12059,498,809.4,1178.2,-0.07,0.20,0.22,0,7.47
12059,499,803.0,1202.0,0.00,0.00,0.00,0,12.01
12060,498,809.4,1178.2,-0.07,0.20,0.22,0,9.51
12062,498,809.4,1178.3,-0.07,0.20,0.22,0,13.30
12063,498,809.4,1178.3,-0.07,0.20,0.22,0,15.44
12437,500,1158.0,1387.0,0.00,0.00,0.00,0,12.01
12439,502,1152.0,1384.0,0.00,0.00,0.00,0,12.01
12440,502,1149.4,1383.0,-0.07,-0.03,0.07,0,7.48
12440,503,1136.0,1377.0,0.00,0.00,0.00,0,12.01
12441,502,1146.5,1381.7,-0.26,-0.11,0.29,0,6.31
12443,502,1146.4,1381.7,-0.26,-0.11,0.29,0,9.96
12444,502,1146.4,1381.7,-0.26,-0.11,0.29,0,12.13
12445,502,1146.4,1381.7,-0.26,-0.11,0.29,0,14.48
12476,504,795.0,1228.0,0.00,0.00,0.00,0,12.01
12476,505,801.0,1257.0,0.00,0.00,0.00,0,12.01
12478,507,1506.0,1007.0,0.00,0.00,0.00,0,12.01
12478,508,775.0,1186.0,0.00,0.00,0.00,0,12.01
12478,509,788.0,1206.0,0.00,0.00,0.00,0,12.01
12479,507,1505.7,1007.3,-0.01,0.01,0.01,0,7.47
12479,508,775.7,1186.7,0.02,0.02,0.02,0,7.47
12479,509,788.0,1206.0,0.00,0.00,0.00,0,14.03
12479,510,1519.0,1000.0,0.00,0.00,0.00,0,12.01
12479,511,760.0,1171.0,0.00,0.00,0.00,0,12.01
12480,508,771.4,1182.6,-0.25,-0.24,0.35,0,6.30
12480,507,1505.7,1007.3,-0.01,0.01,0.01,0,9.51
12480,509,788.0,1206.0,0.00,0.00,0.00,0,16.08
12482,508,771.3,1182.6,-0.25,-0.24,0.35,0,9.94
12482,507,1505.7,1007.3,-0.01,0.01,0.01,0,13.26
12482,509,788.0,1206.0,0.00,0.00,0.00,0,19.92
12483,508,771.3,1182.6,-0.25,-0.24,0.35,0,12.11
12483,507,1505.7,1007.3,-0.01,0.01,0.01,0,15.44
12484,508,771.3,1182.6,-0.25,-0.24,0.35,0,14.45
12523,512,1002.0,1382.0,0.00,0.00,0.00,0,12.01
12524,512,1002.0,1382.3,0.00,0.01,0.01,0,7.47
12524,513,1007.0,1367.0,0.00,0.00,0.00,0,12.01
12525,512,1003.3,1378.4,0.08,-0.24,0.25,0,6.31
12527,512,1003.3,1378.3,0.08,-0.24,0.25,0,9.97
12528,512,1003.3,1378.3,0.08,-0.24,0.25,0,12.13
12529,512,1003.3,1378.3,0.08,-0.24,0.25,0,14.48
12586,519,666.0,161.0,0.00,0.00,0.00,0,12.01
12586,520,657.0,177.0,0.00,0.00,0.00,0,12.01
12586,521,684.0,167.0,0.00,0.00,0.00,0,12.01
12586,522,672.0,175.0,0.00,0.00,0.00,0,12.01
12586,523,683.0,175.0,0.00,0.00,0.00,0,12.01
12586,524,671.0,183.0,0.00,0.00,0.00,0,12.01
12586,525,690.0,188.0,0.00,0.00,0.00,0,12.01
12586,526,640.0,191.0,0.00,0.00,0.00,0,12.01
12586,527,679.0,190.0,0.00,0.00,0.00,0,12.01
12586,528,663.0,198.0,0.00,0.00,0.00,0,12.01
12586,529,672.0,193.0,0.00,0.00,0.00,0,12.01
12586,530,689.0,193.0,0.00,0.00,0.00,0,12.01
12586,531,659.0,209.0,0.00,0.00,0.00,0,12.01
12586,532,642.0,209.0,0.00,0.00,0.00,0,12.01
12586,533,685.0,214.0,0.00,0.00,0.00,0,12.01
12586,534,660.0,219.0,0.00,0.00,0.00,0,12.01
12586,535,797.0,232.0,0.00,0.00,0.00,0,12.01
12586,536,666.0,236.0,0.00,0.00,0.00,0,12.01
12586,537,813.0,243.0,0.00,0.00,0.00,0,12.01
12586,538,794.0,249.0,0.00,0.00,0.00,0,12.01
12587,519,666.0,161.0,0.00,0.00,0.00,0,14.06
12587,520,660.9,184.9,0.10,0.20,0.22,0,7.49
12587,521,684.0,167.0,0.00,0.00,0.00,0,14.06
12587,522,676.9,185.5,0.12,0.26,0.29,0,7.49
12587,523,683.0,175.0,0.00,0.00,0.00,0,14.06
12587,524,668.1,192.8,-0.07,0.25,0.26,0,7.49
12587,525,690.0,188.0,0.00,0.00,0.00,0,14.06
12587,526,640.0,191.0,0.00,0.00,0.00,0,14.06
12587,527,679.0,190.0,0.00,0.00,0.00,0,14.06
12587,528,663.0,198.0,0.00,0.00,0.00,0,14.06
12587,529,672.0,193.0,0.00,0.00,0.00,0,14.06
12587,530,689.0,193.0,0.00,0.00,0.00,0,14.06
12587,531,659.0,209.0,0.00,0.00,0.00,0,14.06
12587,532,642.0,209.0,0.00,0.00,0.00,0,14.06
12587,533,685.0,214.0,0.00,0.00,0.00,0,14.06
12587,534,660.0,219.0,0.00,0.00,0.00,0,14.06
12587,535,797.0,232.0,0.00,0.00,0.00,0,14.06
12587,536,666.0,236.0,0.00,0.00,0.00,0,14.06
12587,537,813.0,243.0,0.00,0.00,0.00,0,14.06
12587,538,794.0,249.0,0.00,0.00,0.00,0,14.06
12588,520,660.9,184.9,0.10,0.20,0.22,0,9.53
12588,519,666.0,161.0,0.00,0.00,0.00,0,16.11
12588,523,683.0,175.0,0.00,0.00,0.00,0,16.11
12588,526,640.0,191.0,0.00,0.00,0.00,0,16.11
12588,531,659.0,209.0,0.00,0.00,0.00,0,16.11
12588,533,685.0,214.0,0.00,0.00,0.00,0,16.11
12588,535,797.0,232.0,0.00,0.00,0.00,0,16.11
12588,536,666.0,236.0,0.00,0.00,0.00,0,16.11
12590,520,661.0,184.9,0.10,0.20,0.22,0,13.35
12590,519,666.0,161.0,0.00,0.00,0.00,0,20.01
12590,523,683.0,175.0,0.00,0.00,0.00,0,20.01
12590,526,640.0,191.0,0.00,0.00,0.00,0,20.01
12590,531,659.0,209.0,0.00,0.00,0.00,0,20.01
12590,533,685.0,214.0,0.00,0.00,0.00,0,20.01
12590,535,797.0,232.0,0.00,0.00,0.00,0,20.01
12590,536,666.0,236.0,0.00,0.00,0.00,0,20.01
12591,520,661.0,184.9,0.10,0.20,0.22,0,15.42
12763,539,886.0,809.0,0.00,0.00,0.00,0,12.01
12763,540,875.0,817.0,0.00,0.00,0.00,0,12.01
12764,539,882.4,811.3,-0.09,0.06,0.11,0,7.47
12764,540,870.7,820.3,-0.11,0.08,0.13,0,7.47
12765,539,874.6,817.6,-0.60,0.47,0.76,0,6.31
12767,539,874.4,817.8,-0.60,0.47,0.76,0,9.98
12768,539,874.4,817.8,-0.60,0.47,0.76,0,12.13
12769,539,874.4,817.8,-0.60,0.47,0.76,0,14.47
12815,541,1145.0,495.0,0.00,0.00,0.00,0,12.01
12817,543,1171.0,489.0,0.00,0.00,0.00,0,12.01
12817,544,1187.0,489.0,0.00,0.00,0.00,0,12.01
12818,543,1175.9,489.0,0.12,0.00,0.12,0,7.48
12818,544,1191.3,489.3,0.11,0.01,0.11,0,7.48
12819,543,1181.9,489.3,0.51,0.02,0.51,0,6.31
12821,543,1182.0,489.3,0.51,0.02,0.51,0,9.95
12822,543,1182.0,489.3,0.51,0.02,0.51,0,12.12
12823,543,1182.0,489.3,0.51,0.02,0.51,0,14.46
12870,545,585.0,1129.0,0.00,0.00,0.00,0,12.01
12871,545,584.7,1129.0,-0.01,0.00,0.01,0,7.48
12871,546,609.0,1136.0,0.00,0.00,0.00,0,12.01
12872,545,590.9,1131.3,0.41,0.15,0.43,0,6.31
12872,546,609.0,1136.0,0.00,0.00,0.00,0,14.04
12874,545,591.0,1131.4,0.41,0.15,0.43,0,9.96
12874,546,609.0,1136.0,0.00,0.00,0.00,0,17.51
12875,545,591.0,1131.4,0.41,0.15,0.43,0,12.12
12875,546,609.0,1136.0,0.00,0.00,0.00,0,19.65
12876,545,591.1,1131.4,0.41,0.15,0.43,0,14.46
12907,547,926.0,951.0,0.00,0.00,0.00,0,12.01
12907,548,908.0,960.0,0.00,0.00,0.00,0,12.01
12908,547,925.3,951.3,-0.02,0.01,0.02,0,7.52
12908,548,908.0,960.0,0.00,0.00,0.00,0,14.10
12909,547,925.3,951.3,-0.02,0.01,0.02,0,9.58
12911,547,925.3,951.3,-0.02,0.01,0.02,0,13.54
12912,547,925.3,951.3,-0.02,0.01,0.02,0,15.74
12944,549,682.0,1177.0,0.00,0.00,0.00,0,12.01
12944,550,681.0,1194.0,0.00,0.00,0.00,0,12.01
12946,551,697.0,1140.0,0.00,0.00,0.00,0,12.01
12947,551,697.0,1140.0,0.00,0.00,0.00,0,7.47
12947,552,707.0,1124.0,0.00,0.00,0.00,0,12.01
12948,551,699.6,1135.9,0.16,-0.25,0.30,0,6.31
12950,551,699.6,1135.8,0.16,-0.25,0.30,0,9.96
12951,551,699.6,1135.8,0.16,-0.25,0.30,0,12.12
12952,551,699.6,1135.8,0.16,-0.25,0.30,0,14.47
12983,554,418.0,786.0,0.00,0.00,0.00,0,12.01
12985,556,402.0,750.0,0.00,0.00,0.00,0,12.01
12985,557,410.0,769.0,0.00,0.00,0.00,0,12.01
12986,556,402.3,750.7,0.01,0.02,0.02,0,7.47
12986,557,405.7,758.5,-0.10,-0.25,0.27,0,7.47
12987,556,401.2,747.4,-0.06,-0.19,0.20,0,6.31
12989,556,401.2,747.3,-0.06,-0.19,0.20,0,9.96
12990,556,401.2,747.3,-0.06,-0.19,0.20,0,12.11
12991,556,401.2,747.3,-0.06,-0.19,0.20,0,14.45
13022,558,485.0,812.0,0.00,0.00,0.00,0,12.01
13022,559,476.0,820.0,0.00,0.00,0.00,0,12.01
13024,560,515.0,798.0,0.00,0.00,0.00,0,12.01
13024,561,503.0,802.0,0.00,0.00,0.00,0,12.01
13025,560,514.7,798.0,-0.01,0.00,0.01,0,7.47
13025,561,511.8,800.7,0.19,-0.03,0.19,0,7.47
13026,560,518.4,797.7,0.22,-0.02,0.22,0,6.30
13028,560,518.4,797.7,0.22,-0.02,0.22,0,9.92
13029,560,518.4,797.7,0.22,-0.02,0.22,0,12.12
13030,560,518.4,797.7,0.22,-0.02,0.22,0,14.46
13079,562,286.0,941.0,0.00,0.00,0.00,0,12.01
13080,562,286.0,941.0,0.00,0.00,0.00,0,14.04
13081,562,286.0,941.0,0.00,0.00,0.00,0,16.09
13083,562,286.0,941.0,0.00,0.00,0.00,0,19.94
13117,565,1274.0,495.0,0.00,0.00,0.00,0,12.03
13117,566,1274.0,510.0,0.00,0.00,0.00,0,12.03
13118,565,1273.7,495.3,-0.01,0.01,0.02,0,7.48
13118,566,1274.0,499.8,0.00,-0.44,0.44,0,7.48
13119,565,1273.8,491.1,-0.01,-0.29,0.29,0,6.30
13121,565,1273.8,491.1,-0.01,-0.29,0.29,0,9.81
13122,565,1273.8,491.0,-0.01,-0.29,0.29,0,11.96
13123,565,1273.8,491.0,-0.01,-0.29,0.29,0,14.35
13154,567,326.0,682.0,0.00,0.00,0.00,0,12.01
13154,568,308.0,694.0,0.00,0.00,0.00,0,12.01
13156,570,374.0,661.0,0.00,0.00,0.00,0,12.01
13156,571,347.0,670.0,0.00,0.00,0.00,0,12.01
13157,570,374.0,661.0,0.00,0.00,0.00,0,7.46
13157,571,347.0,670.0,0.00,0.00,0.00,0,14.02
13157,572,400.0,655.0,0.00,0.00,0.00,0,12.00
13158,570,383.0,659.2,0.41,-0.08,0.42,0,6.29
13158,571,347.0,670.0,0.00,0.00,0.00,0,16.05
13160,570,383.1,659.2,0.41,-0.08,0.42,0,9.83
13160,571,347.0,670.0,0.00,0.00,0.00,0,19.75
13161,570,383.1,659.2,0.41,-0.08,0.42,0,12.01
13162,570,383.1,659.2,0.41,-0.08,0.42,0,14.34
13291,575,1054.0,535.0,0.00,0.00,0.00,0,12.01
13292,575,1054.0,535.0,0.00,0.00,0.00,0,14.04
13292,576,1120.0,561.0,0.00,0.00,0.00,0,12.01
13293,575,1054.0,535.0,0.00,0.00,0.00,0,16.09
13295,575,1054.0,535.0,0.00,0.00,0.00,0,20.03
13329,578,712.0,1334.0,0.00,0.00,0.00,0,12.01
13330,578,707.4,1336.3,-0.13,0.07,0.15,0,7.47
13331,578,705.2,1337.2,-0.27,0.12,0.29,0,6.31
13331,579,684.0,1349.0,0.00,0.00,0.00,0,12.01
13333,578,705.2,1337.3,-0.27,0.12,0.29,0,10.00
13333,579,684.0,1349.0,0.00,0.00,0.00,0,15.16
13334,578,705.2,1337.3,-0.27,0.12,0.29,0,12.11
13334,579,684.0,1349.0,0.00,0.00,0.00,0,17.24
13335,578,705.2,1337.3,-0.27,0.12,0.29,0,14.45
13335,579,684.0,1349.0,0.00,0.00,0.00,0,19.48
13375,580,847.0,1429.0,0.00,0.00,0.00,0,12.01
13376,580,847.0,1429.0,0.00,0.00,0.00,0,7.48
13376,581,859.0,1428.0,0.00,0.00,0.00,0,12.01
13377,580,849.6,1428.7,0.17,-0.02,0.17,0,6.31
13379,580,849.6,1428.7,0.17,-0.02,0.17,0,9.96
13380,580,849.6,1428.7,0.17,-0.02,0.17,0,12.13
13381,580,849.6,1428.7,0.17,-0.02,0.17,0,14.53
13412,582,979.0,1426.0,0.00,0.00,0.00,0,12.01
13413,582,978.3,1423.7,-0.02,-0.06,0.06,0,7.48
13414,582,978.3,1423.7,-0.02,-0.06,0.06,0,9.52
13416,582,978.3,1423.7,-0.02,-0.06,0.06,0,13.29
13417,582,978.3,1423.7,-0.02,-0.06,0.06,0,15.46
13450,585,1311.0,1129.0,0.00,0.00,0.00,0,12.01
13450,586,1289.0,1132.0,0.00,0.00,0.00,0,12.01
13451,585,1311.3,1129.0,0.01,0.00,0.01,0,7.48
13451,586,1289.0,1132.0,0.00,0.00,0.00,0,14.04
13451,587,1332.0,1129.0,0.00,0.00,0.00,0,12.01
13452,585,1316.4,1129.0,0.35,0.00,0.35,0,6.31
13452,586,1289.0,1132.0,0.00,0.00,0.00,0,16.09
13454,585,1316.5,1129.0,0.35,0.00,0.35,0,9.95
13454,586,1289.0,1132.0,0.00,0.00,0.00,0,19.96
13455,585,1316.5,1129.0,0.35,0.00,0.35,0,12.11
13456,585,1316.5,1129.0,0.35,0.00,0.35,0,14.45
13487,588,1040.0,1283.0,0.00,0.00,0.00,0,12.01
13487,589,1053.0,1285.0,0.00,0.00,0.00,0,12.01
13489,590,1022.0,1273.0,0.00,0.00,0.00,0,12.01
13489,591,1031.0,1280.0,0.00,0.00,0.00,0,12.01
13490,590,1022.0,1273.3,0.00,0.01,0.01,0,7.46
13490,591,1025.1,1275.7,-0.12,-0.09,0.15,0,7.46
13491,590,1018.7,1271.2,-0.15,-0.09,0.18,0,6.29
13493,590,1018.6,1271.2,-0.15,-0.09,0.18,0,9.87
13494,590,1018.6,1271.2,-0.15,-0.09,0.18,0,12.04
13495,590,1018.6,1271.2,-0.15,-0.09,0.18,0,14.38
13540,592,1127.0,1381.0,0.00,0.00,0.00,0,12.01
13541,592,1125.7,1382.6,-0.03,0.04,0.05,0,7.47
13541,593,1150.0,1346.0,0.00,0.00,0.00,0,12.01
13542,592,1130.9,1374.5,0.30,-0.48,0.57,0,6.31
13544,592,1131.0,1374.4,0.30,-0.48,0.57,0,9.96
13545,592,1131.0,1374.4,0.30,-0.48,0.57,0,12.13
13546,592,1131.0,1374.3,0.30,-0.48,0.57,0,14.48
13577,594,994.0,1305.0,0.00,0.00,0.00,0,12.01
13577,595,981.0,1312.0,0.00,0.00,0.00,0,12.01
13579,596,1025.0,1295.0,0.00,0.00,0.00,0,12.01
13579,597,1007.0,1300.0,0.00,0.00,0.00,0,12.01
13580,596,1024.3,1295.0,-0.01,0.00,0.01,0,7.46
13580,597,1019.1,1296.1,0.24,-0.08,0.26,0,7.46
13581,596,1028.6,1293.5,0.16,-0.06,0.18,0,6.29
13583,596,1028.7,1293.4,0.16,-0.06,0.18,0,9.80
13584,596,1028.7,1293.4,0.16,-0.06,0.18,0,12.00
13585,596,1028.7,1293.4,0.16,-0.06,0.18,0,14.33
13616,599,593.0,848.0,0.00,0.00,0.00,0,12.01
13616,600,583.0,857.0,0.00,0.00,0.00,0,12.01
13618,601,601.0,847.0,0.00,0.00,0.00,0,12.01
13619,601,602.3,847.7,0.03,0.02,0.03,0,7.47
13620,601,603.3,848.5,0.09,0.07,0.12,0,6.30
13622,601,603.3,848.5,0.09,0.07,0.12,0,9.96
13623,601,603.3,848.5,0.09,0.07,0.12,0,12.10
13624,601,603.3,848.5,0.09,0.07,0.12,0,14.44
13676,603,932.0,1409.0,0.00,0.00,0.00,0,12.01
13678,605,934.0,1386.0,0.00,0.00,0.00,0,12.01
13678,606,934.0,1398.0,0.00,0.00,0.00,0,12.01
13679,605,934.0,1386.3,0.00,0.01,0.01,0,7.47
13679,606,933.0,1391.1,-0.02,-0.17,0.17,0,7.47
13680,605,933.2,1383.9,-0.05,-0.15,0.16,0,6.31
13682,605,933.2,1383.9,-0.05,-0.15,0.16,0,9.98
13683,605,933.2,1383.9,-0.05,-0.15,0.16,0,12.13
13684,605,933.2,1383.9,-0.05,-0.15,0.16,0,14.46
13715,607,1058.0,1130.0,0.00,0.00,0.00,0,12.01
13715,608,1050.0,1149.0,0.00,0.00,0.00,0,12.01
13717,609,1063.0,1113.0,0.00,0.00,0.00,0,12.01
13718,609,1063.0,1113.0,0.00,0.00,0.00,0,14.03
13719,609,1063.0,1113.0,0.00,0.00,0.00,0,16.08
13721,609,1063.0,1113.0,0.00,0.00,0.00,0,19.92
13777,610,890.0,1299.0,0.00,0.00,0.00,0,12.01
13778,610,890.0,1299.0,0.00,0.00,0.00,0,14.04
13779,610,890.0,1299.0,0.00,0.00,0.00,0,16.09
13781,610,890.0,1299.0,0.00,0.00,0.00,0,19.96
13955,611,1153.0,1423.0,0.00,0.00,0.00,0,12.01
13956,611,1153.0,1423.0,0.00,0.00,0.00,0,14.04
13957,611,1153.0,1423.0,0.00,0.00,0.00,0,16.09
13959,611,1153.0,1423.0,0.00,0.00,0.00,0,19.96
14039,612,1214.0,1362.0,0.00,0.00,0.00,0,12.01
14040,612,1213.7,1362.0,-0.01,0.00,0.01,0,7.48
14041,612,1216.8,1360.5,0.20,-0.10,0.23,0,6.31
14043,612,1216.9,1360.4,0.20,-0.10,0.23,0,9.97
14044,612,1216.9,1360.4,0.20,-0.10,0.23,0,12.12
14045,612,1216.9,1360.4,0.20,-0.10,0.23,0,14.47
14119,613,656.0,1200.0,0.00,0.00,0.00,0,12.01
14119,614,670.0,1212.0,0.00,0.00,0.00,0,12.01
14120,613,655.7,1199.7,-0.01,-0.01,0.01,0,7.48
14120,614,670.0,1212.0,0.00,0.00,0.00,0,14.04
14120,615,636.0,1185.0,0.00,0.00,0.00,0,12.01
14121,613,650.9,1196.2,-0.32,-0.24,0.40,0,6.31
14121,614,670.0,1212.0,0.00,0.00,0.00,0,16.09
14123,613,650.8,1196.1,-0.32,-0.24,0.40,0,9.97
14123,614,670.0,1212.0,0.00,0.00,0.00,0,19.97
14124,613,650.8,1196.1,-0.32,-0.24,0.40,0,12.13
14125,613,650.8,1196.1,-0.32,-0.24,0.40,0,14.47
14156,616,395.0,905.0,0.00,0.00,0.00,0,12.01
14158,620,413.0,891.0,0.00,0.00,0.00,0,12.01
14158,621,454.0,1169.0,0.00,0.00,0.00,0,12.01
14158,622,457.0,1180.0,0.00,0.00,0.00,0,12.01
14159,620,415.0,890.0,0.04,-0.02,0.05,0,7.47
14159,621,454.7,1171.9,0.01,0.06,0.06,0,7.47
14159,622,458.0,1183.6,0.02,0.08,0.08,0,7.47
14160,620,417.5,889.0,0.20,-0.08,0.22,0,6.30
14160,621,456.0,1176.6,0.10,0.34,0.36,0,6.30
14162,620,417.6,889.0,0.20,-0.08,0.22,0,9.94
14162,621,456.1,1176.7,0.10,0.34,0.36,0,9.94
14163,620,417.6,889.0,0.20,-0.08,0.22,0,12.11
14163,621,456.1,1176.7,0.10,0.34,0.36,0,12.11
14164,620,417.6,889.0,0.20,-0.08,0.22,0,14.45
14164,621,456.1,1176.7,0.10,0.34,0.36,0,14.45
14195,623,1182.0,678.0,0.00,0.00,0.00,0,12.01
14195,624,566.0,1075.0,0.00,0.00,0.00,0,12.01
14195,625,585.0,1076.0,0.00,0.00,0.00,0,12.01
14197,627,1238.0,674.0,0.00,0.00,0.00,0,12.01
14197,628,622.0,1073.0,0.00,0.00,0.00,0,12.01
14197,629,603.0,1076.0,0.00,0.00,0.00,0,12.01
14198,627,1238.0,674.0,0.00,0.00,0.00,0,14.02
14198,628,621.7,1073.0,-0.01,0.00,0.01,0,7.46
14198,629,614.8,1073.1,0.23,-0.06,0.24,0,7.46
14199,628,625.9,1071.5,0.17,-0.07,0.19,0,6.29
14199,627,1238.0,674.0,0.00,0.00,0.00,0,16.05
14201,628,625.9,1071.4,0.17,-0.07,0.19,0,9.93
14201,627,1238.0,674.0,0.00,0.00,0.00,0,19.84
14202,628,625.9,1071.4,0.17,-0.07,0.19,0,12.05
14203,628,625.9,1071.4,0.17,-0.07,0.19,0,14.39
14245,631,1270.0,1357.0,0.00,0.00,0.00,0,12.01
14246,631,1266.7,1359.0,-0.08,0.05,0.09,0,7.47
14247,631,1265.0,1360.0,-0.19,0.11,0.22,0,6.31
14249,631,1264.9,1360.0,-0.19,0.11,0.22,0,9.96
14250,631,1264.9,1360.0,-0.19,0.11,0.22,0,12.14
14251,631,1264.9,1360.0,-0.19,0.11,0.22,0,14.48
14305,632,1521.0,521.0,0.00,0.00,0.00,0,12.01
14306,632,1521.0,520.3,0.00,-0.02,0.02,0,7.47
14306,633,1515.0,536.0,0.00,0.00,0.00,0,12.01
14307,632,1519.7,523.9,-0.08,0.21,0.23,0,6.31
14309,632,1519.7,523.9,-0.08,0.21,0.23,0,9.99
14310,632,1519.7,523.9,-0.08,0.21,0.23,0,12.12
14311,632,1519.7,523.9,-0.08,0.21,0.23,0,14.46
14342,634,839.0,1178.0,0.00,0.00,0.00,0,12.01
14342,635,824.0,1186.0,0.00,0.00,0.00,0,12.01
14344,636,871.0,1166.0,0.00,0.00,0.00,0,12.01
14344,637,853.0,1173.0,0.00,0.00,0.00,0,12.01
14345,636,870.0,1166.3,-0.02,0.01,0.02,0,7.46
14345,637,863.8,1169.1,0.22,-0.08,0.24,0,7.46
14345,638,893.0,1160.0,0.00,0.00,0.00,0,12.00
14346,636,874.6,1165.0,0.19,-0.06,0.20,0,6.29
14348,636,874.7,1164.9,0.19,-0.06,0.20,0,9.76
14349,636,874.7,1164.9,0.19,-0.06,0.20,0,11.98
14350,636,874.7,1164.9,0.19,-0.06,0.20,0,14.31
14417,639,1087.0,1267.0,0.00,0.00,0.00,0,12.01
14418,639,1087.0,1267.0,0.00,0.00,0.00,0,14.04
14419,639,1087.0,1267.0,0.00,0.00,0.00,0,16.09
14421,639,1087.0,1267.0,0.00,0.00,0.00,0,19.94
14455,640,1011.0,272.0,0.00,0.00,0.00,0,12.03
14456,640,1011.0,272.0,0.00,0.00,0.00,0,14.07
14457,640,1011.0,272.0,0.00,0.00,0.00,0,16.10
14459,640,1011.0,272.0,0.00,0.00,0.00,0,19.98
14493,641,786.0,677.0,0.00,0.00,0.00,0,12.04
14494,641,786.3,676.3,0.02,-0.03,0.04,0,7.48
14495,641,783.2,678.6,-0.22,0.13,0.26,0,6.29
14497,641,783.1,678.6,-0.22,0.13,0.26,0,9.83
14498,641,783.1,678.6,-0.22,0.13,0.26,0,11.91
14499,641,783.1,678.6,-0.22,0.13,0.26,0,14.25
14530,642,465.0,479.0,0.00,0.00,0.00,0,12.01
14530,643,464.0,490.0,0.00,0.00,0.00,0,12.01
14530,644,607.0,1056.0,0.00,0.00,0.00,0,12.01
14530,645,1032.0,1364.0,0.00,0.00,0.00,0,12.01
14531,642,465.0,479.3,0.00,0.01,0.01,0,7.48
14531,643,464.0,483.4,0.00,-0.16,0.16,0,7.48
14531,644,604.1,1055.0,-0.07,-0.02,0.08,0,7.48
14531,645,1032.7,1365.3,0.02,0.03,0.04,0,7.48
14532,642,464.7,477.2,-0.02,-0.15,0.15,0,6.31
14532,644,600.9,1053.7,-0.30,-0.12,0.32,0,6.31
14532,645,1033.0,1367.3,0.04,0.18,0.18,0,6.31
14534,642,464.7,477.1,-0.02,-0.15,0.15,0,10.01
14534,644,600.9,1053.7,-0.30,-0.12,0.32,0,10.01
14534,645,1033.0,1367.3,0.04,0.18,0.18,0,10.01
14535,642,464.7,477.1,-0.02,-0.15,0.15,0,12.09
14535,644,600.9,1053.7,-0.30,-0.12,0.32,0,12.09
14535,645,1033.0,1367.3,0.04,0.18,0.18,0,12.09
14536,642,464.7,477.1,-0.02,-0.15,0.15,0,14.50
14536,644,600.9,1053.7,-0.30,-0.12,0.32,0,14.50
14536,645,1033.0,1367.3,0.04,0.18,0.18,0,14.50
14598,646,325.0,902.0,0.00,0.00,0.00,0,12.01
14599,646,323.7,901.7,-0.03,-0.01,0.03,0,7.48
14599,647,319.0,895.0,0.00,0.00,0.00,0,12.01
14599,648,345.0,919.0,0.00,0.00,0.00,0,12.01
14600,646,328.9,905.9,0.34,0.29,0.44,0,6.31
14600,647,319.0,895.0,0.00,0.00,0.00,0,14.04
14600,648,345.0,919.0,0.00,0.00,0.00,0,14.04
14602,646,329.0,906.0,0.34,0.29,0.44,0,9.93
14602,647,319.0,895.0,0.00,0.00,0.00,0,17.49
14602,648,345.0,919.0,0.00,0.00,0.00,0,17.49
14603,646,329.0,906.0,0.34,0.29,0.44,0,12.13
14603,647,319.0,895.0,0.00,0.00,0.00,0,19.66
14603,648,345.0,919.0,0.00,0.00,0.00,0,19.66
14604,646,329.0,906.0,0.34,0.29,0.44,0,14.47
14755,649,789.0,1294.0,0.00,0.00,0.00,0,12.01
14756,649,788.3,1294.3,-0.02,0.01,0.02,0,7.48
14756,650,807.0,1286.0,0.00,0.00,0.00,0,12.01
14757,649,792.6,1292.4,0.27,-0.12,0.29,0,6.31
14759,649,792.7,1292.4,0.27,-0.12,0.29,0,9.97
14760,649,792.7,1292.4,0.27,-0.12,0.29,0,12.12
14761,649,792.7,1292.4,0.27,-0.12,0.29,0,14.52
14835,652,885.0,872.0,0.00,0.00,0.00,0,12.01
14836,652,885.0,872.0,0.00,0.00,0.00,0,14.04
14837,652,885.0,872.0,0.00,0.00,0.00,0,16.09
14839,652,885.0,872.0,0.00,0.00,0.00,0,19.94
15034,653,921.0,1399.0,0.00,0.00,0.00,0,12.01
15035,653,921.0,1398.7,0.00,-0.01,0.01,0,7.47
15035,654,938.0,1389.0,0.00,0.00,0.00,0,12.01
15036,653,925.1,1396.4,0.27,-0.15,0.31,0,6.31
15038,653,925.2,1396.4,0.27,-0.15,0.31,0,9.95
15039,653,925.2,1396.4,0.27,-0.15,0.31,0,12.14
15040,653,925.2,1396.4,0.27,-0.15,0.31,0,14.54
15071,655,956.0,1420.0,0.00,0.00,0.00,0,12.01
15071,656,949.0,1428.0,0.00,0.00,0.00,0,12.01
15073,657,943.0,1429.0,0.00,0.00,0.00,0,12.01
15074,657,943.0,1429.0,0.00,0.00,0.00,0,14.02
15075,657,943.0,1429.0,0.00,0.00,0.00,0,16.07
15077,657,943.0,1429.0,0.00,0.00,0.00,0,19.90
15147,658,996.0,781.0,0.00,0.00,0.00,0,12.01
15148,658,995.7,781.7,-0.01,0.02,0.02,0,7.47
15148,659,1009.0,765.0,0.00,0.00,0.00,0,12.01
15149,658,999.1,777.4,0.21,-0.26,0.34,0,6.31
15149,659,1011.6,759.1,0.06,-0.14,0.16,0,7.48
15151,658,999.2,777.3,0.21,-0.26,0.34,0,10.00
15151,659,1011.6,759.1,0.06,-0.14,0.16,0,10.89
15152,658,999.2,777.3,0.21,-0.26,0.34,0,12.13
15152,659,1011.6,759.1,0.06,-0.14,0.16,0,13.00
15153,658,999.2,777.3,0.21,-0.26,0.34,0,14.52
15153,659,1011.6,759.1,0.06,-0.14,0.16,0,15.34
15208,660,774.0,398.0,0.00,0.00,0.00,0,12.00
15209,660,777.9,399.6,0.05,0.02,0.06,0,7.47
15210,660,779.2,400.2,0.13,0.06,0.14,0,6.30
15212,660,779.3,400.3,0.13,0.06,0.14,0,9.94
15213,660,779.3,400.3,0.13,0.06,0.14,0,12.11
15214,660,779.3,400.3,0.13,0.06,0.14,0,14.50
15245,662,364.0,847.0,0.00,0.00,0.00,0,12.01
15245,663,356.0,860.0,0.00,0.00,0.00,0,12.01
15247,664,386.0,827.0,0.00,0.00,0.00,0,12.01
15247,665,373.0,837.0,0.00,0.00,0.00,0,12.01
15248,664,385.7,827.3,-0.01,0.01,0.01,0,7.46
15248,665,382.2,831.1,0.19,-0.12,0.22,0,7.46
15249,664,389.1,825.4,0.13,-0.07,0.15,0,6.29
15251,664,389.1,825.4,0.13,-0.07,0.15,0,9.90
15252,664,389.1,825.4,0.13,-0.07,0.15,0,12.05
15253,664,389.1,825.4,0.13,-0.07,0.15,0,14.39
15284,666,1059.0,577.0,0.00,0.00,0.00,0,12.01
15284,667,1069.0,583.0,0.00,0.00,0.00,0,12.01
15288,668,1124.0,632.0,0.00,0.00,0.00,0,12.02
15289,668,1130.9,639.2,0.26,0.27,0.38,0,7.48
15290,668,1134.3,642.8,0.49,0.51,0.70,0,6.29
15290,669,1154.0,662.0,0.00,0.00,0.00,0,12.00
15292,668,1134.4,642.9,0.49,0.51,0.70,0,9.80
15292,669,1154.0,662.0,0.00,0.00,0.00,0,15.01
15293,668,1134.4,642.9,0.49,0.51,0.70,0,12.02
15293,669,1154.0,662.0,0.00,0.00,0.00,0,17.17
15294,668,1134.4,642.9,0.49,0.51,0.70,0,14.40
15294,669,1154.0,662.0,0.00,0.00,0.00,0,19.44
15325,670,1554.0,724.0,0.00,0.00,0.00,0,12.01
15325,671,1549.0,735.0,0.00,0.00,0.00,0,12.01
15326,670,1554.0,724.0,0.00,0.00,0.00,0,7.48
15326,671,1549.0,735.0,0.00,0.00,0.00,0,14.04
15327,670,1557.1,717.8,0.22,-0.45,0.50,0,6.30
15329,670,1557.1,717.7,0.22,-0.45,0.50,0,9.94
15330,670,1557.2,717.7,0.22,-0.45,0.50,0,12.11
15331,670,1557.2,717.7,0.22,-0.45,0.50,0,14.50
15362,672,760.0,1291.0,0.00,0.00,0.00,0,12.01
15363,672,758.4,1292.3,-0.04,0.03,0.05,0,7.48
15364,672,756.2,1294.3,-0.20,0.17,0.26,0,6.31
15366,672,756.2,1294.3,-0.20,0.17,0.26,0,10.00
15367,672,756.2,1294.3,-0.20,0.17,0.26,0,12.11
15368,672,756.1,1294.3,-0.20,0.17,0.26,0,14.50
15400,673,1269.0,270.0,0.00,0.00,0.00,0,12.01
15401,673,1269.0,270.0,0.00,0.00,0.00,0,14.04
15402,673,1262.0,278.4,-0.33,0.40,0.52,0,7.87
15404,673,1261.9,278.5,-0.33,0.40,0.52,0,11.57
15405,673,1261.9,278.5,-0.33,0.40,0.52,0,13.68
15406,673,1261.9,278.6,-0.33,0.40,0.52,0,16.02
15467,675,686.0,293.0,0.00,0.00,0.00,0,12.01
15650,677,835.0,877.0,0.00,0.00,0.00,0,12.01
15651,677,835.0,877.0,0.00,0.00,0.00,0,14.04
15652,677,835.0,877.0,0.00,0.00,0.00,0,16.09
15654,677,835.0,877.0,0.00,0.00,0.00,0,19.97
15883,678,452.0,1039.0,0.00,0.00,0.00,0,12.01
15883,679,443.0,1051.0,0.00,0.00,0.00,0,12.01
15884,678,452.0,1039.0,0.00,0.00,0.00,0,14.03
15884,679,443.0,1051.0,0.00,0.00,0.00,0,14.03
15884,680,513.0,1052.0,0.00,0.00,0.00,0,12.01
15885,678,452.0,1039.0,0.00,0.00,0.00,0,16.09
15887,678,452.0,1039.0,0.00,0.00,0.00,0,19.96
16069,683,1127.0,295.0,0.00,0.00,0.00,0,12.01
16070,683,1126.7,294.7,-0.01,-0.01,0.01,0,7.47
16070,684,1136.0,302.0,0.00,0.00,0.00,0,12.01
16071,683,1126.7,294.7,-0.01,-0.01,0.01,0,9.52
16073,683,1126.7,294.7,-0.01,-0.01,0.01,0,13.32
16074,683,1126.7,294.7,-0.01,-0.01,0.01,0,15.45
16116,685,1163.0,1144.0,0.00,0.00,0.00,0,12.01
16117,685,1163.0,1144.0,0.00,0.00,0.00,0,14.04
16118,685,1163.0,1144.0,0.00,0.00,0.00,0,16.09
16120,685,1163.0,1144.0,0.00,0.00,0.00,0,19.97
16228,686,514.0,1093.0,0.00,0.00,0.00,0,12.01
16229,686,515.0,1093.7,0.02,0.02,0.03,0,7.48
16230,686,515.0,1093.7,0.02,0.02,0.03,0,9.51
16232,686,515.0,1093.7,0.02,0.02,0.03,0,13.27
16233,686,515.0,1093.7,0.02,0.02,0.03,0,15.46
16301,688,1200.0,1048.0,0.00,0.00,0.00,0,12.01
16302,688,1199.7,1048.0,-0.01,0.00,0.01,0,7.47
16303,688,1199.7,1048.0,-0.01,0.00,0.01,0,9.52
16303,689,1248.0,1044.0,0.00,0.00,0.00,0,12.01
16305,688,1199.7,1048.0,-0.01,0.00,0.01,0,13.29
16305,689,1248.0,1044.0,0.00,0.00,0.00,0,15.14
16306,688,1199.7,1048.0,-0.01,0.00,0.01,0,15.47
16306,689,1248.0,1044.0,0.00,0.00,0.00,0,17.26
16307,689,1248.0,1044.0,0.00,0.00,0.00,0,19.54
16443,690,463.0,1167.0,0.00,0.00,0.00,0,12.01
16444,690,463.3,1167.0,0.01,0.00,0.01,0,7.47
16444,691,478.0,1162.0,0.00,0.00,0.00,0,12.01
16445,690,467.6,1165.5,0.29,-0.10,0.30,0,6.31
16445,691,482.9,1159.4,0.12,-0.06,0.14,0,7.48
16447,690,467.7,1165.4,0.29,-0.10,0.30,0,9.98
16447,691,482.9,1159.4,0.12,-0.06,0.14,0,10.87
16448,690,467.7,1165.4,0.29,-0.10,0.30,0,12.13
16448,691,483.0,1159.4,0.12,-0.06,0.14,0,13.00
16449,690,467.7,1165.4,0.29,-0.10,0.30,0,14.52
16449,691,483.0,1159.4,0.12,-0.06,0.14,0,15.34
16625,692,1104.0,1339.0,0.00,0.00,0.00,0,12.01
16627,694,1114.0,1319.0,0.00,0.00,0.00,0,12.01
16627,695,1106.0,1330.0,0.00,0.00,0.00,0,12.01
16628,694,1115.0,1318.7,0.02,-0.01,0.03,0,7.47
16628,695,1106.0,1330.0,0.00,0.00,0.00,0,14.04
16629,694,1117.6,1317.7,0.19,-0.07,0.20,0,6.31
16631,694,1117.6,1317.7,0.19,-0.07,0.20,0,9.97
16632,694,1117.6,1317.7,0.19,-0.07,0.20,0,12.12
16633,694,1117.6,1317.7,0.19,-0.07,0.20,0,14.52
16785,696,457.0,1069.0,0.00,0.00,0.00,0,12.01
16786,696,457.0,1069.0,0.00,0.00,0.00,0,14.04
16786,697,517.0,1072.0,0.00,0.00,0.00,0,12.01
16786,698,511.0,1072.0,0.00,0.00,0.00,0,12.01
16787,696,457.0,1069.0,0.00,0.00,0.00,0,16.09
16787,697,517.0,1072.0,0.00,0.00,0.00,0,7.48
16787,698,521.2,1071.0,0.24,-0.02,0.24,0,7.48
16789,696,457.0,1069.0,0.00,0.00,0.00,0,19.99
16789,697,517.0,1072.0,0.00,0.00,0.00,0,10.89
16789,698,521.2,1071.0,0.24,-0.02,0.24,0,10.89
16790,697,517.0,1072.0,0.00,0.00,0.00,0,13.01
16790,698,521.2,1071.0,0.24,-0.02,0.24,0,13.01
16791,697,517.0,1072.0,0.00,0.00,0.00,0,15.30
16791,698,521.2,1071.0,0.24,-0.02,0.24,0,15.30
16822,699,844.0,899.0,0.00,0.00,0.00,0,12.01
16822,700,834.0,914.0,0.00,0.00,0.00,0,12.01
16823,699,841.0,903.6,-0.07,0.11,0.13,0,7.53
16823,700,831.0,922.5,-0.07,0.21,0.22,0,7.53
16824,699,836.9,912.7,-0.58,1.23,1.36,0,6.33
16826,699,836.7,913.1,-0.58,1.23,1.36,0,10.03
16827,699,836.7,913.1,-0.58,1.23,1.36,0,12.23
16828,699,836.7,913.2,-0.58,1.23,1.36,0,14.65
16892,701,1540.0,706.0,0.00,0.00,0.00,0,12.01
16893,701,1534.1,705.3,-0.15,-0.02,0.16,0,7.48
16894,701,1531.2,705.3,-0.35,-0.02,0.35,0,6.31
16894,702,1502.0,703.0,0.00,0.00,0.00,0,12.01
16896,701,1531.1,705.2,-0.35,-0.02,0.35,0,9.97
16896,702,1502.0,703.0,0.00,0.00,0.00,0,15.13
16897,701,1531.1,705.2,-0.35,-0.02,0.35,0,12.13
16897,702,1502.0,703.0,0.00,0.00,0.00,0,17.24
16898,701,1531.1,705.2,-0.35,-0.02,0.35,0,14.52
16898,702,1502.0,703.0,0.00,0.00,0.00,0,19.52
16952,703,1456.0,538.0,0.00,0.00,0.00,0,12.01
16953,703,1456.3,537.7,0.01,-0.01,0.01,0,7.47
16954,703,1456.3,537.7,0.01,-0.01,0.01,0,9.52
16956,703,1456.3,537.7,0.01,-0.01,0.01,0,13.27
16957,703,1456.3,537.7,0.01,-0.01,0.01,0,15.46
17038,704,992.0,1349.0,0.00,0.00,0.00,0,12.01
17039,704,991.7,1349.3,-0.01,0.01,0.01,0,7.48
17039,705,1019.0,1323.0,0.00,0.00,0.00,0,12.01
17039,706,1011.0,1331.0,0.00,0.00,0.00,0,12.01
17040,704,996.9,1344.4,0.34,-0.32,0.46,0,6.30
17042,704,997.0,1344.3,0.34,-0.32,0.46,0,9.94
17043,704,997.0,1344.3,0.34,-0.32,0.46,0,12.12
17044,704,997.0,1344.3,0.34,-0.32,0.46,0,14.52
17075,707,1455.0,916.0,0.00,0.00,0.00,0,12.01
17075,708,1439.0,927.0,0.00,0.00,0.00,0,12.01
17077,709,1470.0,909.0,0.00,0.00,0.00,0,12.01
17078,709,1482.1,906.1,0.28,-0.07,0.29,0,7.47
17079,709,1488.5,904.5,0.68,-0.17,0.70,0,6.30
17081,709,1488.7,904.4,0.68,-0.17,0.70,0,9.97
17082,709,1488.7,904.4,0.68,-0.17,0.70,0,12.10
17083,709,1488.7,904.4,0.68,-0.17,0.70,0,14.45
17330,710,1198.0,1323.0,0.00,0.00,0.00,0,12.01
17331,710,1199.0,1323.0,0.02,0.00,0.02,0,7.47
17332,710,1199.0,1323.0,0.02,0.00,0.02,0,9.52
17334,710,1199.0,1323.0,0.02,0.00,0.02,0,13.31
17335,710,1199.0,1323.0,0.02,0.00,0.02,0,15.45
17406,711,516.0,980.0,0.00,0.00,0.00,0,12.01
17407,711,516.0,980.3,0.00,0.01,0.01,0,7.47
17407,712,518.0,968.0,0.00,0.00,0.00,0,12.01
17408,711,516.5,977.7,0.03,-0.16,0.17,0,6.31
17408,712,518.7,964.7,0.02,-0.08,0.08,0,7.48
17410,711,516.5,977.6,0.03,-0.16,0.17,0,9.98
17410,712,518.7,964.7,0.02,-0.08,0.08,0,10.87
17411,711,516.5,977.6,0.03,-0.16,0.17,0,12.13
17411,712,518.7,964.7,0.02,-0.08,0.08,0,13.00
17412,711,516.5,977.6,0.03,-0.16,0.17,0,14.47
17412,712,518.7,964.7,0.02,-0.08,0.08,0,15.30
17510,713,766.0,1268.0,0.00,0.00,0.00,0,12.01
17512,715,319.0,955.0,0.00,0.00,0.00,0,12.01
17512,716,810.0,1253.0,0.00,0.00,0.00,0,12.01
17512,717,804.0,1256.0,0.00,0.00,0.00,0,12.01
17512,718,786.0,1267.0,0.00,0.00,0.00,0,12.01
17513,715,318.3,955.3,-0.02,0.01,0.02,0,7.47
17513,716,810.0,1253.0,0.00,0.00,0.00,0,14.04
17513,717,804.0,1256.0,0.00,0.00,0.00,0,14.04
17513,718,786.0,1267.0,0.00,0.00,0.00,0,14.04
17513,719,335.0,957.0,0.00,0.00,0.00,0,12.01
17514,715,322.4,955.8,0.25,0.04,0.25,0,6.31
17514,716,810.0,1253.0,0.00,0.00,0.00,0,16.09
17514,718,786.0,1267.0,0.00,0.00,0.00,0,16.09
17516,715,322.4,955.8,0.25,0.04,0.25,0,9.97
17516,716,810.0,1253.0,0.00,0.00,0.00,0,19.96
17516,718,786.0,1267.0,0.00,0.00,0.00,0,19.96
17517,715,322.4,955.8,0.25,0.04,0.25,0,12.13
17518,715,322.5,955.8,0.25,0.04,0.25,0,14.48
17606,720,1466.0,1152.0,0.00,0.00,0.00,0,12.01
17607,720,1466.0,1152.0,0.00,0.00,0.00,0,14.04
17608,720,1466.0,1152.0,0.00,0.00,0.00,0,16.08
17610,720,1466.0,1152.0,0.00,0.00,0.00,0,19.93
17685,721,823.0,1157.0,0.00,0.00,0.00,0,12.01
17686,721,822.7,1148.8,-0.01,-0.20,0.20,0,7.47
17686,722,820.0,1128.0,0.00,0.00,0.00,0,12.01
17687,721,822.2,1145.0,-0.04,-0.45,0.45,0,6.31
17687,722,820.0,1127.3,0.00,-0.02,0.02,0,7.48
17687,723,822.0,1097.0,0.00,0.00,0.00,0,12.01
17687,724,821.0,1109.0,0.00,0.00,0.00,0,12.01
17689,721,822.2,1144.9,-0.04,-0.45,0.45,0,9.98
17689,722,820.0,1127.3,0.00,-0.02,0.02,0,10.87
17689,723,822.0,1097.0,0.00,0.00,0.00,0,15.14
17689,724,821.0,1109.0,0.00,0.00,0.00,0,15.14
17690,721,822.2,1144.9,-0.04,-0.45,0.45,0,12.13
17690,722,820.0,1127.3,0.00,-0.02,0.02,0,13.00
17690,723,822.0,1097.0,0.00,0.00,0.00,0,17.24
17690,724,821.0,1109.0,0.00,0.00,0.00,0,17.24
17691,721,822.2,1144.9,-0.04,-0.45,0.45,0,14.47
17691,722,820.0,1127.3,0.00,-0.02,0.02,0,15.29
17691,723,822.0,1097.0,0.00,0.00,0.00,0,19.49
17691,724,821.0,1109.0,0.00,0.00,0.00,0,19.49
17819,725,897.0,489.0,0.00,0.00,0.00,0,12.01
17821,727,1007.0,1398.0,0.00,0.00,0.00,0,12.01
17822,727,1007.0,1398.0,0.00,0.00,0.00,0,14.04
17823,727,997.9,1394.1,-0.42,-0.18,0.46,0,7.87
17825,727,997.8,1394.1,-0.42,-0.18,0.46,0,11.52
17826,727,997.8,1394.1,-0.42,-0.18,0.46,0,13.68
17827,727,997.7,1394.1,-0.42,-0.18,0.46,0,16.02
17868,729,285.0,645.0,0.00,0.00,0.00,0,12.01
17869,729,284.3,645.0,-0.02,0.00,0.02,0,7.48
17869,730,298.0,643.0,0.00,0.00,0.00,0,12.01
17870,729,287.1,644.7,0.17,-0.02,0.17,0,6.31
17870,730,302.3,643.3,0.11,0.01,0.11,0,7.47
17872,729,287.1,644.7,0.17,-0.02,0.17,0,9.97
17872,730,302.3,643.3,0.11,0.01,0.11,0,10.87
17873,729,287.1,644.7,0.17,-0.02,0.17,0,12.12
17873,730,302.3,643.3,0.11,0.01,0.11,0,13.00
17874,729,287.1,644.7,0.17,-0.02,0.17,0,14.53
17874,730,302.3,643.3,0.11,0.01,0.11,0,15.34
17905,731,572.0,1023.0,0.00,0.00,0.00,0,12.01
17906,731,573.3,1017.4,0.03,-0.14,0.14,0,7.49
17907,731,574.3,1014.0,0.12,-0.44,0.46,0,6.31
17909,731,574.3,1013.8,0.12,-0.44,0.46,0,9.94
17910,731,574.3,1013.8,0.12,-0.44,0.46,0,12.04
17911,731,574.3,1013.8,0.12,-0.44,0.46,0,14.44
17942,733,933.0,1069.0,0.00,0.00,0.00,0,12.01
17943,733,933.0,1069.0,0.00,0.00,0.00,0,14.17
17944,733,933.0,1069.0,0.00,0.00,0.00,0,16.26
17946,733,933.0,1069.0,0.00,0.00,0.00,0,20.55
17981,734,1324.0,1046.0,0.00,0.00,0.00,0,12.01
17982,734,1324.0,1045.3,0.00,-0.01,0.01,0,7.46
17983,734,1324.0,1045.3,0.00,-0.01,0.01,0,9.50
17983,735,1387.0,1046.0,0.00,0.00,0.00,0,12.01
17985,734,1324.0,1045.3,0.00,-0.01,0.01,0,13.21
17985,735,1387.0,1046.0,0.00,0.00,0.00,0,15.14
17986,734,1324.0,1045.3,0.00,-0.01,0.01,0,15.35
17986,735,1387.0,1046.0,0.00,0.00,0.00,0,17.25
17987,735,1387.0,1046.0,0.00,0.00,0.00,0,19.49
18021,736,661.0,1311.0,0.00,0.00,0.00,0,12.00
18022,736,661.0,1311.0,0.00,0.00,0.00,0,7.46
18022,737,655.0,1300.0,0.00,0.00,0.00,0,12.00
18023,736,658.9,1306.6,-0.07,-0.15,0.17,0,6.29
18023,737,655.0,1300.0,0.00,0.00,0.00,0,14.02
18025,736,658.9,1306.6,-0.07,-0.15,0.17,0,9.89
18025,737,655.0,1300.0,0.00,0.00,0.00,0,17.42
18026,736,658.9,1306.6,-0.07,-0.15,0.17,0,12.04
18026,737,655.0,1300.0,0.00,0.00,0.00,0,19.55
18027,736,658.9,1306.6,-0.07,-0.15,0.17,0,14.38
18071,738,644.0,1039.0,0.00,0.00,0.00,0,12.01
18072,738,644.3,1039.7,0.01,0.02,0.02,0,7.48
18073,738,643.0,1037.4,-0.08,-0.13,0.16,0,6.31
18073,739,633.0,1015.0,0.00,0.00,0.00,0,12.01
18075,738,642.9,1037.4,-0.08,-0.13,0.16,0,9.97
18075,739,633.0,1015.0,0.00,0.00,0.00,0,15.12
18076,738,642.9,1037.4,-0.08,-0.13,0.16,0,12.13
18076,739,633.0,1015.0,0.00,0.00,0.00,0,17.24
18077,738,642.9,1037.4,-0.08,-0.13,0.16,0,14.54
18077,739,633.0,1015.0,0.00,0.00,0.00,0,19.53
18225,740,1359.0,426.0,0.00,0.00,0.00,0,12.01
18226,740,1359.0,426.0,0.00,0.00,0.00,0,14.04
18227,740,1359.0,426.0,0.00,0.00,0.00,0,16.09
18229,740,1359.0,426.0,0.00,0.00,0.00,0,19.97
18270,741,1394.0,1256.0,0.00,0.00,0.00,0,12.01
18271,741,1392.0,1251.4,-0.05,-0.11,0.12,0,7.47
18272,741,1391.0,1249.2,-0.12,-0.25,0.28,0,6.31
18272,742,1386.0,1230.0,0.00,0.00,0.00,0,12.01
18274,741,1391.0,1249.2,-0.12,-0.25,0.28,0,10.00
18274,742,1386.0,1230.0,0.00,0.00,0.00,0,15.15
18275,741,1391.0,1249.2,-0.12,-0.25,0.28,0,12.12
18275,742,1386.0,1230.0,0.00,0.00,0.00,0,17.24
18276,741,1391.0,1249.2,-0.12,-0.25,0.28,0,14.47
18276,742,1386.0,1230.0,0.00,0.00,0.00,0,19.49
18427,743,927.0,301.0,0.00,0.00,0.00,0,12.01
18428,743,927.3,301.0,0.01,0.00,0.01,0,7.48
18428,744,917.0,304.0,0.00,0.00,0.00,0,12.01
18429,743,923.6,302.0,-0.24,0.07,0.25,0,6.31
18431,743,923.6,302.0,-0.24,0.07,0.25,0,10.01
18432,743,923.6,302.0,-0.24,0.07,0.25,0,12.12
18433,743,923.6,302.1,-0.24,0.07,0.25,0,14.47
18464,745,459.0,968.0,0.00,0.00,0.00,0,12.01
18464,746,465.0,979.0,0.00,0.00,0.00,0,12.01
18466,747,475.0,994.0,0.00,0.00,0.00,0,12.01
18467,747,476.3,994.7,0.03,0.01,0.03,0,7.47
18468,747,477.5,994.5,0.10,0.00,0.10,0,6.30
18470,747,477.5,994.5,0.10,0.00,0.10,0,9.96
18471,747,477.5,994.5,0.10,0.00,0.10,0,12.12
18472,747,477.5,994.5,0.10,0.00,0.10,0,14.46
18503,748,639.0,1249.0,0.00,0.00,0.00,0,12.01
18503,749,628.0,1265.0,0.00,0.00,0.00,0,12.01
18505,750,622.0,1279.0,0.00,0.00,0.00,0,12.01
18505,751,620.0,1295.0,0.00,0.00,0.00,0,12.01
18506,750,621.3,1283.9,-0.01,0.10,0.10,0,7.47
18506,751,621.0,1299.6,0.02,0.09,0.10,0,7.47
18507,750,621.5,1290.1,-0.00,0.41,0.41,0,6.30
18509,750,621.5,1290.2,-0.00,0.41,0.41,0,9.92
18510,750,621.5,1290.2,-0.00,0.41,0.41,0,12.07
18511,750,621.5,1290.2,-0.00,0.41,0.41,0,14.41
18612,752,451.0,1040.0,0.00,0.00,0.00,0,12.01
18613,752,451.0,1040.0,0.00,0.00,0.00,0,14.04
18614,752,451.0,1040.0,0.00,0.00,0.00,0,16.09
18616,752,451.0,1040.0,0.00,0.00,0.00,0,20.02
18674,753,993.0,1357.0,0.00,0.00,0.00,0,12.01
18676,755,980.0,1361.0,0.00,0.00,0.00,0,12.01
18676,756,975.0,1369.0,0.00,0.00,0.00,0,12.01
18677,755,978.4,1363.3,-0.04,0.06,0.07,0,7.48
18677,756,975.0,1369.0,0.00,0.00,0.00,0,14.04
18678,755,978.4,1363.3,-0.04,0.06,0.07,0,9.52
18680,755,978.3,1363.3,-0.04,0.06,0.07,0,13.31
18681,755,978.3,1363.3,-0.04,0.06,0.07,0,15.46
18730,757,1546.0,955.0,0.00,0.00,0.00,0,12.01
18731,757,1545.7,955.0,-0.01,0.00,0.01,0,7.47
18732,757,1545.7,955.0,-0.01,0.00,0.01,0,9.52
18734,757,1545.7,955.0,-0.01,0.00,0.01,0,13.30
18735,757,1545.7,955.0,-0.01,0.00,0.01,0,15.46
18807,758,328.0,992.0,0.00,0.00,0.00,0,12.01
18808,758,326.0,993.6,-0.05,0.04,0.06,0,7.48
18808,759,348.0,976.0,0.00,0.00,0.00,0,12.01
18809,758,330.7,989.6,0.26,-0.23,0.35,0,6.31
18809,759,355.2,974.0,0.19,-0.05,0.19,0,7.48
18811,758,330.7,989.6,0.26,-0.23,0.35,0,9.99
18811,759,355.3,974.0,0.19,-0.05,0.19,0,10.89
18812,758,330.7,989.5,0.26,-0.23,0.35,0,12.13
18812,759,355.3,974.0,0.19,-0.05,0.19,0,13.00
18813,758,330.7,989.5,0.26,-0.23,0.35,0,14.53
18813,759,355.3,974.0,0.19,-0.05,0.19,0,15.35
18874,760,780.0,1267.0,0.00,0.00,0.00,0,12.01
18875,760,783.6,1255.2,0.09,-0.30,0.31,0,7.47
18876,760,785.3,1249.7,0.19,-0.64,0.67,0,6.31
18878,760,785.3,1249.6,0.19,-0.64,0.67,0,9.98
18879,760,785.3,1249.6,0.19,-0.64,0.67,0,12.14
18880,760,785.3,1249.5,0.19,-0.64,0.67,0,14.53
18911,762,894.0,363.0,0.00,0.00,0.00,0,12.01
18911,763,902.0,363.0,0.00,0.00,0.00,0,12.01
18911,764,923.0,364.0,0.00,0.00,0.00,0,12.01
18911,765,1259.0,1100.0,0.00,0.00,0.00,0,12.01
18911,766,1274.0,1106.0,0.00,0.00,0.00,0,12.01
18911,767,655.0,1326.0,0.00,0.00,0.00,0,12.01
18913,769,1290.0,1111.0,0.00,0.00,0.00,0,12.01
18913,770,659.0,1279.0,0.00,0.00,0.00,0,12.01
18913,771,656.0,1307.0,0.00,0.00,0.00,0,12.01
18914,769,1293.6,1111.3,0.09,0.01,0.09,0,7.47
18914,770,659.0,1280.6,0.00,0.04,0.04,0,7.47
18914,771,656.0,1307.0,0.00,0.00,0.00,0,14.03
18915,769,1298.1,1111.5,0.37,0.02,0.37,0,6.31
18915,770,660.3,1273.8,0.08,-0.40,0.41,0,6.31
18915,771,656.0,1307.0,0.00,0.00,0.00,0,16.09
18917,769,1298.2,1111.5,0.37,0.02,0.37,0,9.95
18917,770,660.3,1273.7,0.08,-0.40,0.41,0,9.95
18917,771,656.0,1307.0,0.00,0.00,0.00,0,19.94
18918,769,1298.2,1111.5,0.37,0.02,0.37,0,12.12
18918,770,660.3,1273.7,0.08,-0.40,0.41,0,12.12
18919,769,1298.2,1111.5,0.37,0.02,0.37,0,14.46
18919,770,660.3,1273.7,0.08,-0.40,0.41,0,14.46
18990,773,695.0,1381.0,0.00,0.00,0.00,0,12.01
18991,773,694.7,1381.3,-0.01,0.01,0.01,0,7.47
18991,774,707.0,1372.0,0.00,0.00,0.00,0,12.01
18992,773,697.6,1379.2,0.18,-0.13,0.23,0,6.31
18992,774,709.9,1368.7,0.07,-0.08,0.11,0,7.48
18994,773,697.6,1379.1,0.18,-0.13,0.23,0,9.93
18994,774,710.0,1368.7,0.07,-0.08,0.11,0,10.83
18995,773,697.6,1379.1,0.18,-0.13,0.23,0,12.12
18995,774,710.0,1368.7,0.07,-0.08,0.11,0,12.99
18996,773,697.6,1379.1,0.18,-0.13,0.23,0,14.52
18996,774,710.0,1368.7,0.07,-0.08,0.11,0,15.34
19051,775,586.0,891.0,0.00,0.00,0.00,0,12.01
19051,776,590.0,896.0,0.00,0.00,0.00,0,12.01
19051,777,580.0,908.0,0.00,0.00,0.00,0,12.01
19052,775,585.7,890.0,-0.01,-0.02,0.03,0,7.47
19052,776,589.0,899.6,-0.02,0.09,0.09,0,7.47
19052,777,580.0,908.0,0.00,0.00,0.00,0,14.04
19052,778,666.0,846.0,0.00,0.00,0.00,0,12.01
19053,775,585.7,890.0,-0.01,-0.02,0.03,0,9.51
19055,775,585.7,890.0,-0.01,-0.02,0.03,0,13.29
19056,775,585.7,890.0,-0.01,-0.02,0.03,0,15.46
19166,779,977.0,1123.0,0.00,0.00,0.00,0,12.01
19168,781,970.0,1120.0,0.00,0.00,0.00,0,12.01
19169,781,969.0,1117.7,-0.03,-0.06,0.06,0,7.48
19170,781,969.5,1114.2,0.01,-0.29,0.29,0,6.31
19172,781,969.5,1114.1,0.01,-0.29,0.29,0,10.01
19173,781,969.5,1114.1,0.01,-0.29,0.29,0,12.13
19174,781,969.5,1114.1,0.01,-0.29,0.29,0,14.48
19226,783,805.0,1246.0,0.00,0.00,0.00,0,12.01
19227,783,803.4,1244.7,-0.04,-0.03,0.05,0,7.47
19228,783,803.4,1244.7,-0.04,-0.03,0.05,0,9.52
19230,783,803.3,1244.7,-0.04,-0.03,0.05,0,13.32
19231,783,803.3,1244.7,-0.04,-0.03,0.05,0,15.46
19286,784,1327.0,962.0,0.00,0.00,0.00,0,12.01
19287,784,1327.0,962.0,0.00,0.00,0.00,0,14.04
19288,784,1327.0,962.0,0.00,0.00,0.00,0,16.09
19290,784,1327.0,962.0,0.00,0.00,0.00,0,19.96
19360,785,926.0,869.0,0.00,0.00,0.00,0,12.01
19361,785,930.3,869.3,0.10,0.01,0.10,0,7.48
19362,785,932.3,868.5,0.24,-0.05,0.24,0,6.31
19364,785,932.3,868.5,0.24,-0.05,0.24,0,9.95
19365,785,932.3,868.5,0.24,-0.05,0.24,0,12.11
19366,785,932.3,868.5,0.24,-0.05,0.24,0,14.46
19528,789,885.0,210.0,0.00,0.00,0.00,0,12.01
19528,790,867.0,224.0,0.00,0.00,0.00,0,12.01
19528,791,860.0,231.0,0.00,0.00,0.00,0,12.01
19529,789,879.1,214.6,-0.15,0.12,0.19,0,7.48
19529,790,859.8,230.6,-0.19,0.17,0.25,0,7.48
19529,791,860.0,231.0,0.00,0.00,0.00,0,14.04
19530,790,856.2,233.8,-0.42,0.38,0.57,0,6.31
19530,789,879.1,214.6,-0.15,0.12,0.19,0,9.52
19532,790,856.1,233.9,-0.42,0.38,0.57,0,9.98
19532,789,879.1,214.6,-0.15,0.12,0.19,0,13.31
19533,790,856.1,233.9,-0.42,0.38,0.57,0,12.12
19533,789,879.1,214.6,-0.15,0.12,0.19,0,15.46
19534,790,856.1,233.9,-0.42,0.38,0.57,0,14.46
19565,792,1364.0,642.0,0.00,0.00,0.00,0,12.01
19566,792,1364.3,642.0,0.01,0.00,0.01,0,7.51
19567,792,1364.3,642.0,0.01,0.00,0.01,0,9.56
19567,793,1323.0,651.0,0.00,0.00,0.00,0,12.01
19569,792,1364.3,642.0,0.01,0.00,0.01,0,13.45
19569,793,1323.0,651.0,0.00,0.00,0.00,0,15.08
19570,792,1364.3,642.0,0.01,0.00,0.01,0,15.76
19570,793,1323.0,651.0,0.00,0.00,0.00,0,17.29
19571,793,1323.0,651.0,0.00,0.00,0.00,0,19.55
19696,794,471.0,932.0,0.00,0.00,0.00,0,12.01
19696,795,448.0,934.0,0.00,0.00,0.00,0,12.01
19697,794,470.0,932.0,-0.02,0.00,0.02,0,7.47
19697,795,460.8,932.7,0.31,-0.03,0.31,0,7.47
19698,794,473.6,931.2,0.21,-0.05,0.22,0,6.31
19700,794,473.7,931.2,0.21,-0.05,0.22,0,10.02
19701,794,473.7,931.2,0.21,-0.05,0.22,0,12.12
19702,794,473.7,931.2,0.21,-0.05,0.22,0,14.55
19805,796,867.0,1416.0,0.00,0.00,0.00,0,12.01
19805,797,859.0,1419.0,0.00,0.00,0.00,0,12.01
19807,800,956.0,1360.0,0.00,0.00,0.00,0,12.01
19807,801,905.0,1395.0,0.00,0.00,0.00,0,12.01
19808,800,954.0,1361.3,-0.05,0.03,0.06,0,7.47
19808,801,905.0,1395.0,0.00,0.00,0.00,0,14.04
19808,802,993.0,1317.0,0.00,0.00,0.00,0,12.01
19808,803,994.0,1330.0,0.00,0.00,0.00,0,12.01
19808,804,942.0,1374.0,0.00,0.00,0.00,0,12.01
19809,800,954.0,1361.3,-0.05,0.03,0.06,0,9.52
19809,801,905.0,1395.0,0.00,0.00,0.00,0,16.09
19811,800,954.0,1361.3,-0.05,0.03,0.06,0,13.34
19811,801,905.0,1395.0,0.00,0.00,0.00,0,20.01
19812,800,954.0,1361.3,-0.05,0.03,0.06,0,15.46
19972,806,765.0,1285.0,0.00,0.00,0.00,0,12.01
19973,806,770.2,1281.4,0.13,-0.09,0.16,0,7.48
19974,806,773.0,1279.5,0.31,-0.21,0.38,0,6.31
19976,806,773.1,1279.4,0.31,-0.21,0.38,0,9.93
19977,806,773.1,1279.4,0.31,-0.21,0.38,0,12.14
19978,806,773.1,1279.4,0.31,-0.21,0.38,0,14.49
20009,808,1449.0,1040.0,0.00,0.00,0.00,0,12.01
20009,809,1434.0,1044.0,0.00,0.00,0.00,0,12.01
20011,810,1464.0,1035.0,0.00,0.00,0.00,0,12.01
20012,810,1464.0,1035.0,0.00,0.00,0.00,0,14.02
20013,810,1464.0,1035.0,0.00,0.00,0.00,0,16.06
20015,810,1464.0,1035.0,0.00,0.00,0.00,0,19.81
20241,812,553.0,1272.0,0.00,0.00,0.00,0,12.01
20242,812,552.7,1272.3,-0.01,0.01,0.01,0,7.48
20242,813,562.0,1258.0,0.00,0.00,0.00,0,12.01
20243,812,554.8,1268.9,0.13,-0.22,0.26,0,6.31
20243,813,563.3,1253.4,0.03,-0.12,0.12,0,7.47
20245,812,554.9,1268.8,0.13,-0.22,0.26,0,9.98
20245,813,563.3,1253.4,0.03,-0.12,0.12,0,10.87
20246,812,554.9,1268.8,0.13,-0.22,0.26,0,12.12
20246,813,563.3,1253.4,0.03,-0.12,0.12,0,12.99
20247,812,554.9,1268.8,0.13,-0.22,0.26,0,14.52
20247,813,563.3,1253.4,0.03,-0.12,0.12,0,15.34
20311,814,983.0,564.0,0.00,0.00,0.00,0,12.03
20312,814,983.0,564.0,0.00,0.00,0.00,0,14.07
20313,814,983.0,564.0,0.00,0.00,0.00,0,16.10
20315,814,983.0,564.0,0.00,0.00,0.00,0,19.90
20416,815,459.0,847.0,0.00,0.00,0.00,0,12.01
20417,815,459.0,847.0,0.00,0.00,0.00,0,14.04
20418,815,459.0,847.0,0.00,0.00,0.00,0,16.09
20420,815,459.0,847.0,0.00,0.00,0.00,0,19.96
20817,816,1462.0,1149.0,0.00,0.00,0.00,0,12.01
20818,816,1462.0,1149.3,0.00,0.01,0.01,0,7.47
20818,817,1462.0,1143.0,0.00,0.00,0.00,0,12.01
20819,816,1461.7,1148.2,-0.02,-0.06,0.06,0,6.31
20819,817,1462.3,1142.0,0.01,-0.02,0.02,0,7.48
20821,816,1461.7,1148.2,-0.02,-0.06,0.06,0,9.99
20821,817,1462.3,1142.0,0.01,-0.02,0.02,0,10.88
20822,816,1461.7,1148.2,-0.02,-0.06,0.06,0,12.13
20822,817,1462.3,1142.0,0.01,-0.02,0.02,0,13.00
20823,816,1461.7,1148.2,-0.02,-0.06,0.06,0,14.53
20823,817,1462.3,1142.0,0.01,-0.02,0.02,0,15.35
20892,818,860.0,1424.0,0.00,0.00,0.00,0,12.01
20893,818,859.7,1424.3,-0.01,0.01,0.01,0,7.48
20893,819,866.0,1412.0,0.00,0.00,0.00,0,12.01
20894,818,861.0,1421.4,0.08,-0.19,0.20,0,6.31
20894,819,868.6,1408.4,0.07,-0.09,0.11,0,7.48
20896,818,861.1,1421.4,0.08,-0.19,0.20,0,9.97
20896,819,868.6,1408.4,0.07,-0.09,0.11,0,10.86
20897,818,861.1,1421.4,0.08,-0.19,0.20,0,12.12
20897,819,868.6,1408.4,0.07,-0.09,0.11,0,12.99
20898,818,861.1,1421.4,0.08,-0.19,0.20,0,14.46
20898,819,868.6,1408.4,0.07,-0.09,0.11,0,15.29
21029,820,1327.0,1302.0,0.00,0.00,0.00,0,12.01
21031,822,1340.0,1286.0,0.00,0.00,0.00,0,12.01
21032,822,1344.6,1281.1,0.12,-0.13,0.18,0,7.48
21033,822,1344.6,1281.1,0.12,-0.13,0.18,0,9.52
21035,822,1344.6,1281.0,0.12,-0.13,0.18,0,13.32
21036,822,1344.6,1281.0,0.12,-0.13,0.18,0,15.47
21265,823,998.0,1457.0,0.00,0.00,0.00,0,12.01
21266,823,998.0,1457.0,0.00,0.00,0.00,0,14.04
21267,823,998.0,1457.0,0.00,0.00,0.00,0,16.09
21269,823,998.0,1457.0,0.00,0.00,0.00,0,19.94
21302,824,1329.0,938.0,0.00,0.00,0.00,0,12.01
21303,824,1331.3,937.0,0.06,-0.02,0.06,0,7.51
21304,824,1333.3,936.0,0.26,-0.13,0.29,0,6.32
21304,825,1350.0,928.0,0.00,0.00,0.00,0,12.01
21306,824,1333.4,935.9,0.26,-0.13,0.29,0,10.01
21306,825,1350.0,928.0,0.00,0.00,0.00,0,15.08
21307,824,1333.4,935.9,0.26,-0.13,0.29,0,12.31
21307,825,1350.0,928.0,0.00,0.00,0.00,0,17.29
21308,824,1333.4,935.9,0.26,-0.13,0.29,0,14.73
21308,825,1350.0,928.0,0.00,0.00,0.00,0,19.59
21425,826,1237.0,1367.0,0.00,0.00,0.00,0,12.01
21426,826,1239.9,1363.4,0.07,-0.09,0.11,0,7.47
21427,826,1241.0,1361.7,0.14,-0.19,0.24,0,6.31
21427,827,1255.0,1346.0,0.00,0.00,0.00,0,12.01
21429,826,1241.0,1361.7,0.14,-0.19,0.24,0,9.96
21429,827,1255.0,1346.0,0.00,0.00,0.00,0,15.13
21430,826,1241.0,1361.7,0.14,-0.19,0.24,0,12.13
21430,827,1255.0,1346.0,0.00,0.00,0.00,0,17.25
21431,826,1241.0,1361.7,0.14,-0.19,0.24,0,14.47
21431,827,1255.0,1346.0,0.00,0.00,0.00,0,19.49
21473,828,1133.0,1281.0,0.00,0.00,0.00,0,12.01
21475,830,1171.0,1275.0,0.00,0.00,0.00,0,12.01
21475,831,1152.0,1278.0,0.00,0.00,0.00,0,12.01
21476,830,1170.0,1275.0,-0.02,0.00,0.02,0,7.48
21476,831,1163.5,1276.4,0.27,-0.04,0.27,0,7.48
21477,830,1174.1,1274.7,0.25,-0.02,0.25,0,6.31
21479,830,1174.2,1274.7,0.25,-0.02,0.25,0,9.95
21480,830,1174.2,1274.7,0.25,-0.02,0.25,0,12.12
21481,830,1174.2,1274.7,0.25,-0.02,0.25,0,14.52
21564,833,454.0,643.0,0.00,0.00,0.00,0,12.01
21565,833,454.0,643.0,0.00,0.00,0.00,0,14.04
21566,833,454.0,643.0,0.00,0.00,0.00,0,16.09
21568,833,454.0,643.0,0.00,0.00,0.00,0,19.98
21603,834,781.0,777.0,0.00,0.00,0.00,0,12.01
21604,834,782.6,776.7,0.03,-0.01,0.03,0,7.46
21605,834,782.6,776.7,0.03,-0.01,0.03,0,9.48
21607,834,782.6,776.7,0.03,-0.01,0.03,0,12.99
21608,834,782.6,776.7,0.03,-0.01,0.03,0,15.25
21640,835,785.0,1075.0,0.00,0.00,0.00,0,12.01
21640,836,802.0,1077.0,0.00,0.00,0.00,0,12.01
21641,835,785.7,1075.0,0.02,0.00,0.02,0,7.48
21641,836,792.5,1076.3,-0.23,-0.02,0.23,0,7.48
21642,835,782.7,1075.0,-0.20,0.00,0.20,0,6.31
21644,835,782.6,1075.0,-0.20,0.00,0.20,0,9.97
21645,835,782.6,1075.0,-0.20,0.00,0.20,0,12.11
21646,835,782.6,1075.0,-0.20,0.00,0.20,0,14.45
21677,837,781.0,1007.0,0.00,0.00,0.00,0,12.01
21677,838,798.0,1012.0,0.00,0.00,0.00,0,12.01
21679,839,817.0,1015.0,0.00,0.00,0.00,0,12.01
21679,840,839.0,1024.0,0.00,0.00,0.00,0,12.01
21680,839,821.9,1017.9,0.10,0.06,0.12,0,7.46
21680,840,843.9,1027.9,0.10,0.08,0.13,0,7.46
21681,839,829.6,1022.1,0.46,0.25,0.53,0,6.28
21681,840,849.8,1033.3,0.38,0.33,0.51,0,6.28
21683,839,829.8,1022.1,0.46,0.25,0.53,0,9.69
21683,840,849.9,1033.4,0.38,0.33,0.51,0,9.69
21684,839,829.8,1022.1,0.46,0.25,0.53,0,11.95
21684,840,850.0,1033.4,0.38,0.33,0.51,0,11.95
21685,839,829.8,1022.2,0.46,0.25,0.53,0,14.28
21685,840,850.0,1033.4,0.38,0.33,0.51,0,14.28
21716,841,573.0,804.0,0.00,0.00,0.00,0,12.01
21716,842,555.0,811.0,0.00,0.00,0.00,0,12.01
21718,843,602.0,779.0,0.00,0.00,0.00,0,12.01
21718,844,586.0,794.0,0.00,0.00,0.00,0,12.01
21719,843,601.7,779.7,-0.01,0.01,0.02,0,7.46
21719,844,586.0,794.0,0.00,0.00,0.00,0,14.02
21719,845,618.0,763.0,0.00,0.00,0.00,0,12.00
21720,843,605.4,776.1,0.16,-0.14,0.22,0,6.29
21720,844,586.0,794.0,0.00,0.00,0.00,0,16.05
21722,843,605.4,776.1,0.16,-0.14,0.22,0,9.88
21722,844,586.0,794.0,0.00,0.00,0.00,0,19.80
21723,843,605.4,776.1,0.16,-0.14,0.22,0,12.05
21724,843,605.4,776.1,0.16,-0.14,0.22,0,14.39
21823,846,461.0,1162.0,0.00,0.00,0.00,0,12.01
21823,847,456.0,1164.0,0.00,0.00,0.00,0,12.01
21824,846,459.0,1162.7,-0.05,0.02,0.05,0,7.47
21824,847,456.0,1164.0,0.00,0.00,0.00,0,14.04
21825,846,459.0,1162.7,-0.05,0.02,0.05,0,9.52
21827,846,459.0,1162.7,-0.05,0.02,0.05,0,13.29
21828,846,459.0,1162.7,-0.05,0.02,0.05,0,15.46
21860,849,1442.0,477.0,0.00,0.00,0.00,0,12.01
21860,850,1448.0,487.0,0.00,0.00,0.00,0,12.01
21862,851,1384.0,443.0,0.00,0.00,0.00,0,12.01
21862,852,1391.0,446.0,0.00,0.00,0.00,0,12.01
21863,851,1384.0,443.0,0.00,0.00,0.00,0,14.03
21863,852,1391.0,446.0,0.00,0.00,0.00,0,14.03
21864,851,1384.0,443.0,0.00,0.00,0.00,0,16.08
21866,851,1384.0,443.0,0.00,0.00,0.00,0,19.97
21899,853,386.0,1071.0,0.00,0.00,0.00,0,12.01
21901,856,1584.0,651.0,0.00,0.00,0.00,0,12.01
21901,857,1581.0,660.0,0.00,0.00,0.00,0,12.01
21901,858,411.0,1050.0,0.00,0.00,0.00,0,12.01
21901,859,396.0,1060.0,0.00,0.00,0.00,0,12.01
21902,856,1583.3,653.3,-0.01,0.05,0.05,0,7.47
21902,857,1580.0,662.0,-0.02,0.04,0.05,0,7.47
21902,858,411.3,1049.7,0.01,-0.01,0.01,0,7.47
21902,859,396.0,1060.0,0.00,0.00,0.00,0,14.03
21903,856,1582.5,656.0,-0.07,0.22,0.23,0,6.31
21903,858,411.3,1049.7,0.01,-0.01,0.01,0,9.52
21905,856,1582.5,656.1,-0.07,0.22,0.23,0,9.96
21905,858,411.3,1049.7,0.01,-0.01,0.01,0,13.29
21906,856,1582.5,656.1,-0.07,0.22,0.23,0,12.12
21906,858,411.3,1049.7,0.01,-0.01,0.01,0,15.46
21907,856,1582.5,656.1,-0.07,0.22,0.23,0,14.47
22085,862,951.0,1328.0,0.00,0.00,0.00,0,12.01
22087,864,966.0,1274.0,0.00,0.00,0.00,0,12.01
22087,865,959.0,1296.0,0.00,0.00,0.00,0,12.01
22088,864,969.6,1266.8,0.09,-0.18,0.20,0,7.47
22088,865,959.0,1296.0,0.00,0.00,0.00,0,14.03
22089,864,971.3,1263.2,0.19,-0.40,0.44,0,6.31
22089,865,959.0,1296.0,0.00,0.00,0.00,0,16.09
22091,864,971.3,1263.1,0.19,-0.40,0.44,0,9.99
22091,865,959.0,1296.0,0.00,0.00,0.00,0,19.98
22092,864,971.3,1263.1,0.19,-0.40,0.44,0,12.13
22093,864,971.3,1263.1,0.19,-0.40,0.44,0,14.47
22124,867,1368.0,465.0,0.00,0.00,0.00,0,12.01
22124,868,877.0,1408.0,0.00,0.00,0.00,0,12.01
22128,869,942.0,1434.0,0.00,0.00,0.00,0,12.01
22129,869,942.0,1434.0,0.00,0.00,0.00,0,14.06
22130,869,952.2,1431.9,0.61,-0.13,0.62,0,7.87
22132,869,952.4,1431.9,0.61,-0.13,0.62,0,11.46
22133,869,952.4,1431.9,0.61,-0.13,0.62,0,13.56
22134,869,952.4,1431.9,0.61,-0.13,0.62,0,15.95
22268,870,907.0,1428.0,0.00,0.00,0.00,0,12.01
22270,872,923.0,1394.0,0.00,0.00,0.00,0,12.01
22270,873,915.0,1410.0,0.00,0.00,0.00,0,12.01
22271,872,923.0,1394.3,0.00,0.01,0.01,0,7.48
22271,873,920.6,1400.2,0.14,-0.25,0.28,0,7.48
22272,872,925.3,1390.9,0.15,-0.22,0.26,0,6.31
22274,872,925.4,1390.8,0.15,-0.22,0.26,0,9.95
22275,872,925.4,1390.8,0.15,-0.22,0.26,0,12.13
22276,872,925.4,1390.8,0.15,-0.22,0.26,0,14.53
22321,874,633.0,972.0,0.00,0.00,0.00,0,12.01
22322,874,633.0,971.7,0.00,-0.01,0.01,0,7.48
22322,875,642.0,949.0,0.00,0.00,0.00,0,12.01
22323,874,635.3,966.1,0.16,-0.38,0.41,0,6.31
22325,874,635.4,966.0,0.16,-0.38,0.41,0,9.98
22326,874,635.4,966.0,0.16,-0.38,0.41,0,12.13
22327,874,635.4,966.0,0.16,-0.38,0.41,0,14.48
22360,876,803.0,927.0,0.00,0.00,0.00,0,12.01
22361,876,803.3,927.0,0.01,0.00,0.01,0,7.46
22361,877,787.0,926.0,0.00,0.00,0.00,0,12.00
22362,876,799.7,927.0,-0.15,0.00,0.15,0,6.29
22364,876,799.6,927.0,-0.15,0.00,0.15,0,9.73
22365,876,799.6,927.0,-0.15,0.00,0.15,0,11.95
22366,876,799.6,927.0,-0.15,0.00,0.15,0,14.28
22475,879,438.0,588.0,0.00,0.00,0.00,0,12.01
22476,879,443.2,582.1,0.14,-0.16,0.21,0,7.48
22477,879,445.8,579.2,0.30,-0.34,0.46,0,6.30
22477,880,468.0,553.0,0.00,0.00,0.00,0,12.01
22479,879,445.8,579.1,0.30,-0.34,0.46,0,9.94
22479,880,468.0,553.0,0.00,0.00,0.00,0,15.11
22480,879,445.8,579.1,0.30,-0.34,0.46,0,12.12
22480,880,468.0,553.0,0.00,0.00,0.00,0,17.24
22481,879,445.9,579.1,0.30,-0.34,0.46,0,14.52
22481,880,468.0,553.0,0.00,0.00,0.00,0,19.53
22700,881,785.0,871.0,0.00,0.00,0.00,0,12.01
22702,883,816.0,856.0,0.00,0.00,0.00,0,12.01
22702,884,799.0,863.0,0.00,0.00,0.00,0,12.01
22703,883,815.7,856.3,-0.01,0.01,0.01,0,7.47
22703,884,809.2,860.1,0.26,-0.07,0.27,0,7.47
22704,883,819.1,855.7,0.22,-0.03,0.22,0,6.31
22706,883,819.2,855.7,0.22,-0.03,0.22,0,9.98
22707,883,819.2,855.7,0.22,-0.03,0.22,0,12.12
22708,883,819.2,855.7,0.22,-0.03,0.22,0,14.46
22775,885,445.0,964.0,0.00,0.00,0.00,0,12.01
22777,888,464.0,965.0,0.00,0.00,0.00,0,12.01
22778,888,464.0,965.0,0.00,0.00,0.00,0,14.04
22779,888,464.0,965.0,0.00,0.00,0.00,0,16.09
22781,888,464.0,965.0,0.00,0.00,0.00,0,19.93
22819,892,864.0,1357.0,0.00,0.00,0.00,0,12.01
22820,892,864.3,1356.3,0.01,-0.02,0.02,0,7.47
22820,893,873.0,1338.0,0.00,0.00,0.00,0,12.01
22821,892,866.6,1351.9,0.15,-0.29,0.33,0,6.31
22823,892,866.6,1351.8,0.15,-0.29,0.33,0,9.99
22824,892,866.6,1351.8,0.15,-0.29,0.33,0,12.13
22825,892,866.6,1351.8,0.15,-0.29,0.33,0,14.48
22978,894,899.0,305.0,0.00,0.00,0.00,0,12.01
22979,894,899.0,305.0,0.00,0.00,0.00,0,14.04
22980,894,899.0,305.0,0.00,0.00,0.00,0,16.09
22982,894,899.0,305.0,0.00,0.00,0.00,0,19.98
23032,895,1203.0,848.0,0.00,0.00,0.00,0,12.01
23032,896,1198.0,870.0,0.00,0.00,0.00,0,12.01
23033,895,1201.7,854.9,-0.03,0.17,0.17,0,7.47
23033,896,1198.3,875.9,0.01,0.14,0.14,0,7.47
23034,895,1201.0,863.1,-0.08,0.71,0.71,0,6.31
23034,896,1199.5,884.4,0.09,0.70,0.71,0,6.31
23036,895,1201.0,863.3,-0.08,0.71,0.71,0,9.98
23036,896,1199.6,884.6,0.09,0.70,0.71,0,9.98
23037,895,1201.0,863.4,-0.08,0.71,0.71,0,12.13
23037,896,1199.6,884.6,0.09,0.70,0.71,0,12.13
23038,895,1201.0,863.4,-0.08,0.71,0.71,0,14.47
23038,896,1199.6,884.6,0.09,0.70,0.71,0,14.47
23134,897,475.0,835.0,0.00,0.00,0.00,0,12.01
23135,897,475.7,835.0,0.02,0.00,0.02,0,7.47
23135,898,463.0,838.0,0.00,0.00,0.00,0,12.01
23136,897,471.6,836.5,-0.24,0.10,0.26,0,6.31
23138,897,471.6,836.6,-0.24,0.10,0.26,0,9.99
23139,897,471.6,836.6,-0.24,0.10,0.26,0,12.12
23140,897,471.6,836.6,-0.24,0.10,0.26,0,14.46
23245,899,469.0,1187.0,0.00,0.00,0.00,0,12.01
23246,899,469.0,1187.0,0.00,0.00,0.00,0,7.47
23246,900,461.0,1176.0,0.00,0.00,0.00,0,12.01
23247,899,466.9,1184.4,-0.13,-0.17,0.22,0,6.31
23249,899,466.9,1184.4,-0.13,-0.17,0.22,0,9.95
23250,899,466.9,1184.4,-0.13,-0.17,0.22,0,12.13
23251,899,466.9,1184.4,-0.13,-0.17,0.22,0,14.47
23318,901,1070.0,899.0,0.00,0.00,0.00,0,12.01
23320,903,1042.0,898.0,0.00,0.00,0.00,0,12.01
23320,904,1056.0,898.0,0.00,0.00,0.00,0,12.01
23321,903,1042.7,897.7,0.02,-0.01,0.02,0,7.47
23321,904,1046.8,898.0,-0.23,0.00,0.23,0,7.47
23322,903,1039.1,897.8,-0.21,-0.00,0.21,0,6.31
23324,903,1039.1,897.8,-0.21,-0.00,0.21,0,9.98
23325,903,1039.1,897.8,-0.21,-0.00,0.21,0,12.13
23326,903,1039.1,897.8,-0.21,-0.00,0.21,0,14.48
23450,905,1059.0,1042.0,0.00,0.00,0.00,0,12.01
23451,905,1057.4,1042.0,-0.04,0.00,0.04,0,7.47
23452,905,1056.0,1042.3,-0.13,0.02,0.13,0,6.31
23454,905,1055.9,1042.3,-0.13,0.02,0.13,0,9.94
23455,905,1055.9,1042.3,-0.13,0.02,0.13,0,12.11
23456,905,1055.9,1042.3,-0.13,0.02,0.13,0,14.45
23493,906,901.0,419.0,0.00,0.00,0.00,0,12.01
23494,906,900.7,416.4,-0.01,-0.05,0.05,0,7.47
23495,906,900.7,416.4,-0.01,-0.05,0.05,0,9.51
23497,906,900.7,416.4,-0.01,-0.05,0.05,0,13.29
23498,906,900.7,416.4,-0.01,-0.05,0.05,0,15.42
23583,907,1166.0,1105.0,0.00,0.00,0.00,0,12.01
23584,907,1165.7,1105.0,-0.01,0.00,0.01,0,7.48
23584,908,1158.0,1091.0,0.00,0.00,0.00,0,12.01
23585,907,1165.7,1105.0,-0.01,0.00,0.01,0,9.52
23585,908,1158.0,1091.0,0.00,0.00,0.00,0,14.04
23587,907,1165.7,1105.0,-0.01,0.00,0.01,0,13.30
23587,908,1158.0,1091.0,0.00,0.00,0.00,0,17.52
23588,907,1165.7,1105.0,-0.01,0.00,0.01,0,15.46
23588,908,1158.0,1091.0,0.00,0.00,0.00,0,19.66
23636,909,1137.0,281.0,0.00,0.00,0.00,0,12.01
23637,909,1133.1,281.0,-0.09,0.00,0.09,0,7.47
23638,909,1131.0,281.0,-0.23,0.00,0.23,0,6.31
23638,910,1110.0,281.0,0.00,0.00,0.00,0,12.01
23640,909,1130.9,281.0,-0.23,0.00,0.23,0,9.99
23640,910,1110.0,281.0,0.00,0.00,0.00,0,15.15
23641,909,1130.9,281.0,-0.23,0.00,0.23,0,12.12
23641,910,1110.0,281.0,0.00,0.00,0.00,0,17.24
23642,909,1130.9,281.0,-0.23,0.00,0.23,0,14.47
23642,910,1110.0,281.0,0.00,0.00,0.00,0,19.49
23685,911,388.0,1113.0,0.00,0.00,0.00,0,12.01
23686,911,388.0,1113.0,0.00,0.00,0.00,0,7.48
23686,912,395.0,1098.0,0.00,0.00,0.00,0,12.01
23687,911,389.5,1109.7,0.11,-0.24,0.26,0,6.31
23687,912,396.3,1094.1,0.04,-0.11,0.11,0,7.48
23689,911,389.6,1109.6,0.11,-0.24,0.26,0,9.99
23689,912,396.3,1094.0,0.04,-0.11,0.11,0,10.88
23690,911,389.6,1109.6,0.11,-0.24,0.26,0,12.11
23690,912,396.3,1094.0,0.04,-0.11,0.11,0,12.98
23691,911,389.6,1109.6,0.11,-0.24,0.26,0,14.51
23691,912,396.3,1094.0,0.04,-0.11,0.11,0,15.32
23722,913,664.0,560.0,0.00,0.00,0.00,0,12.01
23722,914,654.0,563.0,0.00,0.00,0.00,0,12.01
23723,913,665.0,559.7,0.02,-0.01,0.03,0,7.48
23723,914,654.0,563.0,0.00,0.00,0.00,0,14.04
23724,913,666.8,559.5,0.16,-0.02,0.16,0,6.30
23726,913,666.8,559.5,0.16,-0.02,0.16,0,9.96
23727,913,666.8,559.5,0.16,-0.02,0.16,0,12.11
23728,913,666.8,559.5,0.16,-0.02,0.16,0,14.50
23759,915,888.0,739.0,0.00,0.00,0.00,0,12.01
23759,916,897.0,750.0,0.00,0.00,0.00,0,12.01
23761,917,919.0,772.0,0.00,0.00,0.00,0,12.01
23762,917,919.0,772.0,0.00,0.00,0.00,0,7.47
23762,918,930.0,785.0,0.00,0.00,0.00,0,12.01
23763,917,921.8,775.1,0.17,0.19,0.26,0,6.31
23765,917,921.9,775.1,0.17,0.19,0.26,0,9.97
23766,917,921.9,775.1,0.17,0.19,0.26,0,12.12
23767,917,921.9,775.1,0.17,0.19,0.26,0,14.46
23798,919,1392.0,1056.0,0.00,0.00,0.00,0,12.01
23798,920,1386.0,1070.0,0.00,0.00,0.00,0,12.01
23800,921,1384.0,1082.0,0.00,0.00,0.00,0,12.01
23801,921,1383.7,1083.0,-0.01,0.02,0.02,0,7.46
23801,922,1387.0,1096.0,0.00,0.00,0.00,0,12.00
23802,921,1385.0,1087.4,0.05,0.20,0.21,0,6.29
23804,921,1385.1,1087.4,0.05,0.20,0.21,0,9.80
23805,921,1385.1,1087.4,0.05,0.20,0.21,0,11.98
23806,921,1385.1,1087.4,0.05,0.20,0.21,0,14.32
23837,923,502.0,788.0,0.00,0.00,0.00,0,12.01
23837,924,487.0,791.0,0.00,0.00,0.00,0,12.01
23839,926,531.0,781.0,0.00,0.00,0.00,0,12.01
23840,926,543.8,779.0,0.28,-0.04,0.28,0,7.47
23841,926,549.5,778.0,0.62,-0.10,0.63,0,6.30
23843,926,549.7,778.0,0.62,-0.10,0.63,0,9.94
23844,926,549.7,778.0,0.62,-0.10,0.63,0,12.10
23845,926,549.7,778.0,0.62,-0.10,0.63,0,14.44
23969,928,1183.0,397.0,0.00,0.00,0.00,0,12.01
23970,928,1183.0,397.0,0.00,0.00,0.00,0,14.04
23971,928,1183.0,397.0,0.00,0.00,0.00,0,16.09
23971,929,1140.0,410.0,0.00,0.00,0.00,0,12.01
23971,930,1116.0,420.0,0.00,0.00,0.00,0,12.01
23973,928,1183.0,397.0,0.00,0.00,0.00,0,19.96
23973,929,1140.0,410.0,0.00,0.00,0.00,0,15.13
23973,930,1116.0,420.0,0.00,0.00,0.00,0,15.13
23974,929,1140.0,410.0,0.00,0.00,0.00,0,17.24
23974,930,1116.0,420.0,0.00,0.00,0.00,0,17.24
23975,929,1140.0,410.0,0.00,0.00,0.00,0,19.49
23975,930,1116.0,420.0,0.00,0.00,0.00,0,19.49
24016,933,1009.0,1459.0,0.00,0.00,0.00,0,12.01
24017,933,1008.3,1459.3,-0.02,0.01,0.02,0,7.47
24017,934,1015.0,1457.0,0.00,0.00,0.00,0,12.01
24018,933,1008.3,1459.3,-0.02,0.01,0.02,0,9.52
24020,933,1008.3,1459.3,-0.02,0.01,0.02,0,13.34
24021,933,1008.3,1459.3,-0.02,0.01,0.02,0,15.46
24053,935,916.0,1080.0,0.00,0.00,0.00,0,12.01
24054,935,915.7,1078.0,-0.01,-0.05,0.05,0,7.53
24055,935,915.2,1074.7,-0.06,-0.47,0.48,0,6.33
24057,935,915.2,1074.5,-0.06,-0.47,0.48,0,10.06
24058,935,915.2,1074.5,-0.06,-0.47,0.48,0,12.23
24059,935,915.2,1074.5,-0.06,-0.47,0.48,0,14.64
24091,938,406.0,1147.0,0.00,0.00,0.00,0,12.02
24091,939,418.0,1154.0,0.00,0.00,0.00,0,12.02
24092,938,409.6,1148.6,0.14,0.06,0.16,0,7.48
24092,939,419.6,1156.6,0.06,0.10,0.12,0,7.48
24093,938,413.1,1151.3,0.38,0.25,0.46,0,6.29
24095,938,413.2,1151.4,0.38,0.25,0.46,0,9.78
24096,938,413.2,1151.4,0.38,0.25,0.46,0,12.02
24097,938,413.2,1151.4,0.38,0.25,0.46,0,14.35
24158,940,336.0,624.0,0.00,0.00,0.00,0,12.00
24159,940,336.0,624.0,0.00,0.00,0.00,0,7.46
24160,940,336.0,624.0,0.00,0.00,0.00,0,9.50
24162,940,336.0,624.0,0.00,0.00,0.00,0,13.23
24163,940,336.0,624.0,0.00,0.00,0.00,0,15.36
24196,943,863.0,173.0,0.00,0.00,0.00,0,12.01
24197,943,863.7,174.3,0.02,0.04,0.04,0,7.47
24198,943,864.8,175.8,0.09,0.13,0.16,0,6.30
24200,943,864.8,175.8,0.09,0.13,0.16,0,9.92
24201,943,864.8,175.8,0.09,0.13,0.16,0,12.11
24202,943,864.8,175.8,0.09,0.13,0.16,0,14.46
24236,944,1123.0,1167.0,0.00,0.00,0.00,0,12.01
24237,944,1128.2,1164.4,0.13,-0.06,0.14,0,7.47
24238,944,1130.8,1163.3,0.29,-0.13,0.32,0,6.30
24238,945,1153.0,1151.0,0.00,0.00,0.00,0,12.01
24240,944,1130.8,1163.2,0.29,-0.13,0.32,0,9.98
24240,945,1153.0,1151.0,0.00,0.00,0.00,0,15.14
24241,944,1130.8,1163.2,0.29,-0.13,0.32,0,12.11
24241,945,1153.0,1151.0,0.00,0.00,0.00,0,17.23
24242,944,1130.8,1163.2,0.29,-0.13,0.32,0,14.50
24242,945,1153.0,1151.0,0.00,0.00,0.00,0,19.51
24274,949,1178.0,349.0,0.00,0.00,0.00,0,12.01
24274,950,1194.0,354.0,0.00,0.00,0.00,0,12.01
24274,951,1519.0,818.0,0.00,0.00,0.00,0,12.01
24275,949,1181.9,350.0,0.11,0.03,0.11,0,7.47
24275,950,1197.9,356.3,0.11,0.06,0.13,0,7.47
24275,951,1519.3,818.0,0.01,0.00,0.01,0,7.47
24275,952,1510.0,820.0,0.00,0.00,0.00,0,12.01
24276,950,1204.9,359.0,0.55,0.24,0.60,0,6.30
24276,951,1516.2,818.8,-0.19,0.05,0.20,0,6.30
24276,949,1181.9,350.0,0.11,0.03,0.11,0,9.51
24278,950,1205.0,359.1,0.55,0.24,0.60,0,9.93
24278,951,1516.1,818.8,-0.19,0.05,0.20,0,9.93
24278,949,1182.0,350.0,0.11,0.03,0.11,0,13.25
24279,950,1205.1,359.1,0.55,0.24,0.60,0,12.10
24279,951,1516.1,818.8,-0.19,0.05,0.20,0,12.10
24279,949,1182.0,350.0,0.11,0.03,0.11,0,15.43
24280,950,1205.1,359.1,0.55,0.24,0.60,0,14.45
24280,951,1516.1,818.8,-0.19,0.05,0.20,0,14.45
24311,953,1396.0,1118.0,0.00,0.00,0.00,0,12.01
24311,954,1379.0,1127.0,0.00,0.00,0.00,0,12.01
24313,955,1423.0,1100.0,0.00,0.00,0.00,0,12.01
24313,956,1410.0,1111.0,0.00,0.00,0.00,0,12.01
24314,955,1422.7,1100.3,-0.01,0.01,0.01,0,7.46
24314,956,1417.5,1104.8,0.16,-0.13,0.20,0,7.46
24315,955,1424.8,1098.4,0.09,-0.08,0.12,0,6.29
24317,955,1424.8,1098.4,0.09,-0.08,0.12,0,9.88
24318,955,1424.8,1098.4,0.09,-0.08,0.12,0,12.05
24319,955,1424.8,1098.4,0.09,-0.08,0.12,0,14.38
24350,957,884.0,555.0,0.00,0.00,0.00,0,12.01
24351,957,884.3,553.0,0.01,-0.05,0.05,0,7.52
24352,957,884.5,551.2,0.03,-0.25,0.26,0,6.32
24352,958,896.0,542.0,0.00,0.00,0.00,0,12.01
24354,957,884.5,551.1,0.03,-0.25,0.26,0,10.03
24354,958,896.0,542.0,0.00,0.00,0.00,0,15.08
24355,957,884.5,551.1,0.03,-0.25,0.26,0,12.28
24355,958,896.0,542.0,0.00,0.00,0.00,0,17.25
24356,957,884.5,551.1,0.03,-0.25,0.26,0,14.63
24356,958,896.0,542.0,0.00,0.00,0.00,0,19.49
24706,959,341.0,782.0,0.00,0.00,0.00,0,12.01
24707,959,343.6,779.1,0.06,-0.07,0.10,0,7.47
24708,959,350.4,771.8,0.50,-0.54,0.73,0,6.31
24710,959,350.5,771.7,0.50,-0.54,0.73,0,9.97
24711,959,350.6,771.7,0.50,-0.54,0.73,0,12.13
24712,959,350.6,771.7,0.50,-0.54,0.73,0,14.52
24743,961,415.0,1162.0,0.00,0.00,0.00,0,12.01
24744,961,415.0,1162.0,0.00,0.00,0.00,0,14.07
24745,961,415.0,1162.0,0.00,0.00,0.00,0,16.13
24747,961,415.0,1162.0,0.00,0.00,0.00,0,20.04
24784,962,653.0,1255.0,0.00,0.00,0.00,0,12.01
24785,962,652.7,1255.3,-0.01,0.01,0.01,0,7.47
24785,963,654.0,1237.0,0.00,0.00,0.00,0,12.01
24786,962,653.0,1250.9,0.01,-0.28,0.28,0,6.31
24788,962,653.0,1250.8,0.01,-0.28,0.28,0,9.95
24789,962,653.0,1250.8,0.01,-0.28,0.28,0,12.13
24790,962,653.0,1250.8,0.01,-0.28,0.28,0,14.46
24821,964,674.0,1293.0,0.00,0.00,0.00,0,12.01
24821,965,675.0,1306.0,0.00,0.00,0.00,0,12.01
24823,966,677.0,1317.0,0.00,0.00,0.00,0,12.01
24823,967,678.0,1330.0,0.00,0.00,0.00,0,12.01
24824,966,677.3,1321.3,0.01,0.10,0.10,0,7.47
24824,967,678.0,1334.3,0.00,0.10,0.10,0,7.47
24825,966,677.5,1326.6,0.02,0.43,0.43,0,6.30
24827,966,677.5,1326.7,0.02,0.43,0.43,0,9.94
24828,966,677.5,1326.7,0.02,0.43,0.43,0,12.11
24829,966,677.5,1326.7,0.02,0.43,0.43,0,14.46
24865,968,945.0,1238.0,0.00,0.00,0.00,0,12.01
24866,968,945.3,1238.0,0.01,0.00,0.01,0,7.48
24866,969,942.0,1223.0,0.00,0.00,0.00,0,12.01
24867,968,944.5,1234.4,-0.05,-0.24,0.24,0,6.31
24869,968,944.5,1234.3,-0.05,-0.24,0.24,0,9.99
24870,968,944.5,1234.3,-0.05,-0.24,0.24,0,12.13
24871,968,944.5,1234.3,-0.05,-0.24,0.24,0,14.47
24904,970,1549.0,983.0,0.00,0.00,0.00,0,12.01
24904,971,1544.0,989.0,0.00,0.00,0.00,0,12.01
24905,970,1548.0,984.3,-0.02,0.03,0.04,0,7.47
24905,971,1543.0,991.0,-0.02,0.04,0.05,0,7.47
24906,970,1546.5,986.8,-0.12,0.18,0.22,0,6.31
24908,970,1546.4,986.9,-0.12,0.18,0.22,0,9.96
24909,970,1546.4,986.9,-0.12,0.18,0.22,0,12.12
24910,970,1546.4,986.9,-0.12,0.18,0.22,0,14.47
24941,972,514.0,1234.0,0.00,0.00,0.00,0,12.01
24943,974,516.0,1242.0,0.00,0.00,0.00,0,12.01
24943,975,519.0,1250.0,0.00,0.00,0.00,0,12.01
24944,974,516.7,1244.3,0.01,0.05,0.05,0,7.47
24944,975,519.0,1250.0,0.00,0.00,0.00,0,14.03
24945,974,516.7,1244.3,0.01,0.05,0.05,0,9.52
24947,974,516.7,1244.3,0.01,0.05,0.05,0,13.31
24948,974,516.7,1244.3,0.01,0.05,0.05,0,15.44
25063,976,1049.0,1107.0,0.00,0.00,0.00,0,12.01
25064,976,1049.0,1107.0,0.00,0.00,0.00,0,14.04
25065,976,1049.0,1107.0,0.00,0.00,0.00,0,16.09
25067,976,1049.0,1107.0,0.00,0.00,0.00,0,19.96
25100,977,508.0,1057.0,0.00,0.00,0.00,0,12.01
25100,978,506.0,1078.0,0.00,0.00,0.00,0,12.01
25102,979,510.0,1051.0,0.00,0.00,0.00,0,12.01
25103,979,509.3,1048.4,-0.01,-0.05,0.06,0,7.46
25104,979,507.5,1046.7,-0.10,-0.13,0.17,0,6.28
25106,979,507.4,1046.7,-0.10,-0.13,0.17,0,9.72
25107,979,507.4,1046.7,-0.10,-0.13,0.17,0,11.96
25108,979,507.4,1046.7,-0.10,-0.13,0.17,0,14.29
25139,980,810.0,1265.0,0.00,0.00,0.00,0,12.01
25139,981,810.0,1279.0,0.00,0.00,0.00,0,12.01
25139,982,808.0,1295.0,0.00,0.00,0.00,0,12.01
25139,983,806.0,1310.0,0.00,0.00,0.00,0,12.01
25141,986,805.0,1195.0,0.00,0.00,0.00,0,12.01
25141,987,805.0,1204.0,0.00,0.00,0.00,0,12.01
25141,988,810.0,1238.0,0.00,0.00,0.00,0,12.01
25142,986,805.0,1197.0,0.00,0.04,0.04,0,7.47
25142,987,804.0,1193.8,-0.02,-0.21,0.21,0,7.47
25142,988,810.0,1238.0,0.00,0.00,0.00,0,14.03
25142,989,798.0,1162.0,0.00,0.00,0.00,0,12.01
25143,986,804.0,1191.3,-0.07,-0.32,0.32,0,6.30
25143,988,810.0,1238.0,0.00,0.00,0.00,0,16.08
25145,986,804.0,1191.2,-0.07,-0.32,0.32,0,9.93
25145,988,810.0,1238.0,0.00,0.00,0.00,0,19.90
25146,986,804.0,1191.2,-0.07,-0.32,0.32,0,12.11
25147,986,804.0,1191.2,-0.07,-0.32,0.32,0,14.45
25178,990,1521.0,772.0,0.00,0.00,0.00,0,12.01
25178,991,1513.0,774.0,0.00,0.00,0.00,0,12.01
25178,992,1520.0,785.0,0.00,0.00,0.00,0,12.01
25178,993,948.0,1036.0,0.00,0.00,0.00,0,12.01
25178,994,931.0,1054.0,0.00,0.00,0.00,0,12.01
25178,995,1035.0,1194.0,0.00,0.00,0.00,0,12.01
25180,997,1008.0,1174.0,0.00,0.00,0.00,0,12.01
25180,998,1024.0,1183.0,0.00,0.00,0.00,0,12.01
25181,997,1008.0,1174.0,0.00,0.00,0.00,0,7.47
25181,998,1013.2,1178.1,-0.26,-0.12,0.29,0,7.47
25181,999,1004.0,959.0,0.00,0.00,0.00,0,12.01
25181,1000,989.0,982.0,0.00,0.00,0.00,0,12.01
25181,1001,870.0,1030.0,0.00,0.00,0.00,0,12.01
25182,997,1004.4,1172.5,-0.23,-0.10,0.25,0,6.30
25184,997,1004.3,1172.4,-0.23,-0.10,0.25,0,9.95
25185,997,1004.3,1172.4,-0.23,-0.10,0.25,0,12.11
25186,997,1004.3,1172.4,-0.23,-0.10,0.25,0,14.44
25222,1003,880.0,347.0,0.00,0.00,0.00,0,12.01
25223,1003,890.2,350.9,0.27,0.10,0.29,0,7.47
25224,1003,890.2,350.9,0.27,0.10,0.29,0,9.52
25226,1003,890.2,351.0,0.27,0.10,0.29,0,13.34
25227,1003,890.2,351.0,0.27,0.10,0.29,0,15.46
25281,1004,692.0,1196.0,0.00,0.00,0.00,0,12.01
25282,1004,692.0,1197.3,0.00,0.03,0.03,0,7.48
25283,1004,692.0,1197.3,0.00,0.03,0.03,0,9.52
25285,1004,692.0,1197.3,0.00,0.03,0.03,0,13.33
25286,1004,692.0,1197.3,0.00,0.03,0.03,0,15.46
25334,1005,787.0,1292.0,0.00,0.00,0.00,0,12.01
25336,1007,808.0,1328.0,0.00,0.00,0.00,0,12.01
25337,1007,808.0,1328.0,0.00,0.00,0.00,0,14.04
25338,1007,808.0,1328.0,0.00,0.00,0.00,0,16.09
25340,1007,808.0,1328.0,0.00,0.00,0.00,0,19.93
25376,1008,1225.0,271.0,0.00,0.00,0.00,0,12.01
25376,1009,1174.0,280.0,0.00,0.00,0.00,0,12.01
25376,1010,1182.0,284.0,0.00,0.00,0.00,0,12.01
25376,1011,1228.0,291.0,0.00,0.00,0.00,0,12.01
25376,1012,1188.0,306.0,0.00,0.00,0.00,0,12.01
25376,1013,1241.0,309.0,0.00,0.00,0.00,0,12.01
25376,1014,1228.0,311.0,0.00,0.00,0.00,0,12.01
25376,1015,1252.0,314.0,0.00,0.00,0.00,0,12.01
25376,1016,1230.0,319.0,0.00,0.00,0.00,0,12.01
25376,1017,1249.0,321.0,0.00,0.00,0.00,0,12.01
25376,1018,1172.0,325.0,0.00,0.00,0.00,0,12.01
25376,1019,1240.0,331.0,0.00,0.00,0.00,0,12.01
25376,1020,1263.0,327.0,0.00,0.00,0.00,0,12.01
25376,1021,1186.0,331.0,0.00,0.00,0.00,0,12.01
25376,1022,1176.0,333.0,0.00,0.00,0.00,0,12.01
25376,1023,1254.0,330.0,0.00,0.00,0.00,0,12.01
25376,1024,1189.0,338.0,0.00,0.00,0.00,0,12.01
25376,1025,1237.0,338.0,0.00,0.00,0.00,0,12.01
25376,1026,1228.0,339.0,0.00,0.00,0.00,0,12.01
25376,1027,1198.0,341.0,0.00,0.00,0.00,0,12.01
25557,1028,594.0,1100.0,0.00,0.00,0.00,0,12.01
25558,1028,594.0,1100.0,0.00,0.00,0.00,0,7.47
25558,1029,634.0,1059.0,0.00,0.00,0.00,0,12.01
25558,1030,587.0,1109.0,0.00,0.00,0.00,0,12.01
25559,1028,594.0,1100.0,0.00,0.00,0.00,0,9.51
25559,1029,641.2,1049.2,0.18,-0.24,0.30,0,7.47
25559,1030,587.0,1109.0,0.00,0.00,0.00,0,14.03
25559,1031,660.0,1021.0,0.00,0.00,0.00,0,12.01
25561,1028,594.0,1100.0,0.00,0.00,0.00,0,13.27
25561,1029,641.3,1049.1,0.18,-0.24,0.30,0,10.84
25561,1030,587.0,1109.0,0.00,0.00,0.00,0,17.50
25561,1031,660.0,1021.0,0.00,0.00,0.00,0,15.11
25562,1028,594.0,1100.0,0.00,0.00,0.00,0,15.46
25562,1029,641.3,1049.1,0.18,-0.24,0.30,0,13.00
25562,1030,587.0,1109.0,0.00,0.00,0.00,0,19.66
25562,1031,660.0,1021.0,0.00,0.00,0.00,0,17.24
25563,1029,641.3,1049.1,0.18,-0.24,0.30,0,15.29
25563,1031,660.0,1021.0,0.00,0.00,0.00,0,19.49
25594,1032,599.0,1245.0,0.00,0.00,0.00,0,12.01
25594,1033,615.0,1259.0,0.00,0.00,0.00,0,12.01
25595,1032,603.9,1249.3,0.12,0.11,0.16,0,7.48
25595,1033,620.2,1262.6,0.13,0.09,0.16,0,7.48
25596,1032,610.6,1254.3,0.60,0.47,0.76,0,6.31
25596,1033,627.4,1266.6,0.64,0.37,0.74,0,6.31
25598,1032,610.8,1254.5,0.60,0.47,0.76,0,9.96
25598,1033,627.6,1266.7,0.64,0.37,0.74,0,9.96
25599,1032,610.8,1254.5,0.60,0.47,0.76,0,12.11
25599,1033,627.6,1266.7,0.64,0.37,0.74,0,12.11
25600,1032,610.8,1254.5,0.60,0.47,0.76,0,14.51
25600,1033,627.6,1266.7,0.64,0.37,0.74,0,14.51
25631,1034,1333.0,723.0,0.00,0.00,0.00,0,12.01
25631,1035,1325.0,725.0,0.00,0.00,0.00,0,12.01
25633,1037,1386.0,715.0,0.00,0.00,0.00,0,12.01
25634,1037,1386.0,715.0,0.00,0.00,0.00,0,14.02
25635,1037,1386.0,715.0,0.00,0.00,0.00,0,16.04
25637,1037,1386.0,715.0,0.00,0.00,0.00,0,19.67
25670,1038,1487.0,698.0,0.00,0.00,0.00,0,12.01
25670,1039,1492.0,709.0,0.00,0.00,0.00,0,12.01
25672,1040,1497.0,719.0,0.00,0.00,0.00,0,12.01
25672,1041,1504.0,730.0,0.00,0.00,0.00,0,12.01
25673,1040,1499.0,722.3,0.05,0.08,0.09,0,7.47
25673,1041,1507.3,733.6,0.08,0.09,0.12,0,7.47
25674,1040,1502.6,726.8,0.28,0.37,0.46,0,6.30
25676,1040,1502.7,726.9,0.28,0.37,0.46,0,9.93
25677,1040,1502.7,726.9,0.28,0.37,0.46,0,12.11
25678,1040,1502.7,727.0,0.28,0.37,0.46,0,14.45
25709,1042,450.0,1071.0,0.00,0.00,0.00,0,12.01
25709,1043,445.0,1089.0,0.00,0.00,0.00,0,12.01
25711,1044,457.0,1055.0,0.00,0.00,0.00,0,12.19
25712,1044,457.0,1055.0,0.00,0.00,0.00,0,14.23
25713,1044,457.0,1055.0,0.00,0.00,0.00,0,16.33
25715,1044,457.0,1055.0,0.00,0.00,0.00,0,20.76
25766,1046,885.0,477.0,0.00,0.00,0.00,0,12.01
25768,1048,921.0,487.0,0.00,0.00,0.00,0,12.01
25768,1049,933.0,490.0,0.00,0.00,0.00,0,12.01
25769,1048,921.0,487.0,0.00,0.00,0.00,0,14.04
25769,1049,933.0,490.0,0.00,0.00,0.00,0,14.04
25769,1050,972.0,504.0,0.00,0.00,0.00,0,12.01
25769,1051,1003.0,514.0,0.00,0.00,0.00,0,12.01
25770,1048,921.0,487.0,0.00,0.00,0.00,0,16.09
25772,1048,921.0,487.0,0.00,0.00,0.00,0,19.98
25805,1053,568.0,671.0,0.00,0.00,0.00,0,12.01
25805,1054,581.0,692.0,0.00,0.00,0.00,0,12.01
25813,1055,578.0,972.0,0.00,0.00,0.00,0,12.01
25814,1055,578.0,973.0,0.00,0.02,0.02,0,7.48
25815,1055,578.0,973.0,0.00,0.02,0.02,0,9.52
25817,1055,578.0,973.0,0.00,0.02,0.02,0,13.30
25818,1055,578.0,973.0,0.00,0.02,0.02,0,15.46
25859,1056,307.0,843.0,0.00,0.00,0.00,0,12.01
25860,1056,307.0,843.7,0.00,0.02,0.02,0,7.47
25861,1056,307.0,843.7,0.00,0.02,0.02,0,9.51
25863,1056,307.0,843.7,0.00,0.02,0.02,0,13.31
25864,1056,307.0,843.7,0.00,0.02,0.02,0,15.46
25897,1057,572.0,390.0,0.00,0.00,0.00,0,12.01
25898,1057,572.0,390.0,0.00,0.00,0.00,0,14.04
25899,1057,570.9,399.5,-0.05,0.43,0.44,0,7.87
25901,1057,570.9,399.6,-0.05,0.43,0.44,0,11.54
25902,1057,570.9,399.6,-0.05,0.43,0.44,0,13.69
25903,1057,570.9,399.6,-0.05,0.43,0.44,0,16.08
25954,1058,937.0,1302.0,0.00,0.00,0.00,0,12.01
25955,1058,937.0,1301.7,0.00,-0.01,0.01,0,7.47
25955,1059,926.0,1299.0,0.00,0.00,0.00,0,12.01
25956,1058,932.9,1301.0,-0.27,-0.05,0.27,0,6.31
25958,1058,932.8,1301.0,-0.27,-0.05,0.27,0,9.98
25959,1058,932.8,1301.0,-0.27,-0.05,0.27,0,12.12
25960,1058,932.8,1301.0,-0.27,-0.05,0.27,0,14.46
26046,1060,519.0,1268.0,0.00,0.00,0.00,0,12.01
26047,1060,520.6,1264.4,0.04,-0.09,0.10,0,7.47
26048,1060,521.2,1262.7,0.08,-0.19,0.21,0,6.31
26048,1061,529.0,1248.0,0.00,0.00,0.00,0,12.01
26050,1060,521.3,1262.7,0.08,-0.19,0.21,0,9.98
26050,1061,529.0,1248.0,0.00,0.00,0.00,0,15.14
26051,1060,521.3,1262.7,0.08,-0.19,0.21,0,12.14
26051,1061,529.0,1248.0,0.00,0.00,0.00,0,17.25
26052,1060,521.3,1262.7,0.08,-0.19,0.21,0,14.53
26052,1061,529.0,1248.0,0.00,0.00,0.00,0,19.54
26097,1062,685.0,1368.0,0.00,0.00,0.00,0,12.01
26098,1062,684.3,1367.7,-0.02,-0.01,0.02,0,7.47
26098,1063,698.0,1364.0,0.00,0.00,0.00,0,12.01
26099,1062,687.9,1366.7,0.21,-0.07,0.23,0,6.31
26099,1063,702.9,1362.7,0.12,-0.03,0.13,0,7.47
26101,1062,687.9,1366.7,0.21,-0.07,0.23,0,9.95
26101,1063,702.9,1362.7,0.12,-0.03,0.13,0,10.85
26102,1062,687.9,1366.7,0.21,-0.07,0.23,0,12.13
26102,1063,703.0,1362.7,0.12,-0.03,0.13,0,13.00
26103,1062,687.9,1366.7,0.21,-0.07,0.23,0,14.47
26103,1063,703.0,1362.7,0.12,-0.03,0.13,0,15.30
26134,1064,933.0,1175.0,0.00,0.00,0.00,0,12.01
26134,1065,933.0,1189.0,0.00,0.00,0.00,0,12.01
26135,1064,933.0,1175.0,0.00,0.00,0.00,0,7.48
26135,1065,933.3,1179.5,0.01,-0.23,0.24,0,7.48
26136,1064,933.3,1171.1,0.02,-0.28,0.28,0,6.31
26138,1064,933.3,1171.1,0.02,-0.28,0.28,0,9.94
26139,1064,933.3,1171.1,0.02,-0.28,0.28,0,12.11
26140,1064,933.3,1171.1,0.02,-0.28,0.28,0,14.45
26434,1066,808.0,1244.0,0.00,0.00,0.00,0,12.01
26435,1066,807.7,1244.0,-0.01,0.00,0.01,0,7.48
26436,1066,807.7,1244.0,-0.01,0.00,0.01,0,9.52
26438,1066,807.7,1244.0,-0.01,0.00,0.01,0,13.26
26439,1066,807.7,1244.0,-0.01,0.00,0.01,0,15.46
26471,1067,1117.0,730.0,0.00,0.00,0.00,0,12.01
26471,1068,1102.0,740.0,0.00,0.00,0.00,0,12.01
26473,1069,1150.0,722.0,0.00,0.00,0.00,0,12.01
26473,1070,1131.0,726.0,0.00,0.00,0.00,0,12.01
26474,1069,1149.3,722.0,-0.01,0.00,0.01,0,7.46
26474,1070,1141.8,724.7,0.22,-0.03,0.22,0,7.46
26475,1069,1152.6,722.0,0.13,0.00,0.13,0,6.30
26477,1069,1152.6,722.0,0.13,0.00,0.13,0,9.91
26478,1069,1152.6,722.0,0.13,0.00,0.13,0,12.04
26479,1069,1152.6,722.0,0.13,0.00,0.13,0,14.38
26510,1071,1214.0,1313.0,0.00,0.00,0.00,0,12.01
26510,1072,1224.0,1321.0,0.00,0.00,0.00,0,12.01
26539,1073,638.0,1036.0,0.00,0.00,0.00,0,12.00
26540,1073,638.0,1036.0,0.00,0.00,0.00,0,14.03
26541,1073,638.0,1036.0,0.00,0.00,0.00,0,16.07
26543,1073,638.0,1036.0,0.00,0.00,0.00,0,19.90
26605,1074,1313.0,1009.0,0.00,0.00,0.00,0,12.01
26606,1074,1313.0,1009.0,0.00,0.00,0.00,0,14.04
26607,1074,1319.3,1010.4,0.29,0.07,0.30,0,7.87
26609,1074,1319.4,1010.4,0.29,0.07,0.30,0,11.50
26610,1074,1319.4,1010.4,0.29,0.07,0.30,0,13.68
26611,1074,1319.4,1010.4,0.29,0.07,0.30,0,16.02
26671,1076,687.0,1287.0,0.00,0.00,0.00,0,12.01
26672,1076,687.0,1287.0,0.00,0.00,0.00,0,14.04
26673,1076,687.0,1287.0,0.00,0.00,0.00,0,16.09
26675,1076,687.0,1287.0,0.00,0.00,0.00,0,19.97
26724,1078,986.0,939.0,0.00,0.00,0.00,0,12.01
26725,1078,986.0,939.0,0.00,0.00,0.00,0,14.04
26726,1078,994.1,937.9,0.38,-0.05,0.38,0,7.87
26728,1078,994.2,937.9,0.38,-0.05,0.38,0,11.53
26729,1078,994.2,937.9,0.38,-0.05,0.38,0,13.68
26730,1078,994.2,937.9,0.38,-0.05,0.38,0,16.03
26763,1079,549.0,967.0,0.00,0.00,0.00,0,12.01
26764,1079,549.0,967.0,0.00,0.00,0.00,0,14.02
26764,1080,542.0,1011.0,0.00,0.00,0.00,0,12.00
26765,1079,549.0,967.0,0.00,0.00,0.00,0,16.05
26765,1080,542.0,1011.0,0.00,0.00,0.00,0,14.02
26767,1079,549.0,967.0,0.00,0.00,0.00,0,19.80
26767,1080,542.0,1011.0,0.00,0.00,0.00,0,17.42
26768,1080,542.0,1011.0,0.00,0.00,0.00,0,19.57
26833,1083,1172.0,1365.0,0.00,0.00,0.00,0,12.01
26834,1083,1171.7,1365.3,-0.01,0.01,0.01,0,7.48
26834,1084,1174.0,1358.0,0.00,0.00,0.00,0,12.01
26835,1083,1172.3,1363.7,0.03,-0.10,0.10,0,6.30
26837,1083,1172.3,1363.7,0.03,-0.10,0.10,0,9.93
26838,1083,1172.3,1363.7,0.03,-0.10,0.10,0,12.13
26839,1083,1172.3,1363.7,0.03,-0.10,0.10,0,14.47
27028,1085,526.0,1046.0,0.00,0.00,0.00,0,12.01
27029,1085,525.7,1049.3,-0.01,0.08,0.08,0,7.47
27030,1085,522.4,1042.8,-0.21,-0.33,0.39,0,6.31
27032,1085,522.4,1042.7,-0.21,-0.33,0.39,0,9.98
27033,1085,522.4,1042.7,-0.21,-0.33,0.39,0,12.13
27034,1085,522.3,1042.7,-0.21,-0.33,0.39,0,14.47
27128,1086,1264.0,291.0,0.00,0.00,0.00,0,12.01
27130,1088,1254.0,309.0,0.00,0.00,0.00,0,12.01
27130,1089,1252.0,328.0,0.00,0.00,0.00,0,12.01
27131,1088,1253.0,314.6,-0.02,0.14,0.14,0,7.48
27131,1089,1254.9,332.9,0.07,0.12,0.15,0,7.48
27132,1088,1254.6,321.1,0.08,0.57,0.58,0,6.31
27134,1088,1254.6,321.3,0.08,0.57,0.58,0,9.98
27135,1088,1254.6,321.3,0.08,0.57,0.58,0,12.13
27136,1088,1254.6,321.3,0.08,0.57,0.58,0,14.47
27505,1092,587.0,745.0,0.00,0.00,0.00,0,12.01
27506,1092,587.0,745.0,0.00,0.00,0.00,0,14.04
27507,1092,587.0,745.0,0.00,0.00,0.00,0,16.09
27509,1092,587.0,745.0,0.00,0.00,0.00,0,19.98
27544,1093,458.0,735.0,0.00,0.00,0.00,0,12.01
27545,1093,458.3,734.7,0.01,-0.01,0.01,0,7.47
27546,1093,458.3,734.7,0.01,-0.01,0.01,0,9.51
27548,1093,458.3,734.7,0.01,-0.01,0.01,0,13.25
27549,1093,458.3,734.7,0.01,-0.01,0.01,0,15.47
27748,1094,443.0,1195.0,0.00,0.00,0.00,0,12.01
27749,1094,448.9,1194.3,0.15,-0.02,0.15,0,7.47
27750,1094,451.8,1194.0,0.33,-0.04,0.33,0,6.31
27752,1094,451.8,1194.0,0.33,-0.04,0.33,0,10.03
27753,1094,451.9,1194.0,0.33,-0.04,0.33,0,12.13
27754,1094,451.9,1194.0,0.33,-0.04,0.33,0,14.49
27798,1096,1072.0,1234.0,0.00,0.00,0.00,0,12.01
27799,1096,1071.7,1233.7,-0.01,-0.01,0.01,0,7.47
27799,1097,1051.0,1222.0,0.00,0.00,0.00,0,12.01
27800,1096,1067.4,1231.4,-0.28,-0.15,0.32,0,6.31
27800,1097,1044.8,1219.7,-0.15,-0.05,0.16,0,7.48
27802,1096,1067.3,1231.4,-0.28,-0.15,0.32,0,9.96
27802,1097,1044.7,1219.7,-0.15,-0.05,0.16,0,10.86
27803,1096,1067.3,1231.4,-0.28,-0.15,0.32,0,12.14
27803,1097,1044.7,1219.7,-0.15,-0.05,0.16,0,13.01
27804,1096,1067.3,1231.4,-0.28,-0.15,0.32,0,14.49
27804,1097,1044.7,1219.7,-0.15,-0.05,0.16,0,15.31
27921,1098,399.0,622.0,0.00,0.00,0.00,0,12.01
27922,1098,394.7,628.6,-0.10,0.15,0.18,0,7.48
27923,1098,392.7,631.2,-0.24,0.34,0.41,0,6.31
27923,1099,385.0,660.0,0.00,0.00,0.00,0,12.01
27925,1098,392.7,631.3,-0.24,0.34,0.41,0,9.97
27925,1099,385.0,660.0,0.00,0.00,0.00,0,15.13
27926,1098,392.7,631.3,-0.24,0.34,0.41,0,12.12
27926,1099,385.0,660.0,0.00,0.00,0.00,0,17.23
27927,1098,392.7,631.4,-0.24,0.34,0.41,0,14.47
27927,1099,385.0,660.0,0.00,0.00,0.00,0,19.48
27994,1100,783.0,1383.0,0.00,0.00,0.00,0,12.01
27995,1100,782.0,1383.3,-0.02,0.01,0.03,0,7.48
27995,1101,792.0,1384.0,0.00,0.00,0.00,0,12.01
27996,1100,785.1,1384.0,0.18,0.05,0.19,0,6.31
27998,1100,785.1,1384.0,0.18,0.05,0.19,0,9.97
27999,1100,785.2,1384.0,0.18,0.05,0.19,0,12.12
28000,1100,785.2,1384.0,0.18,0.05,0.19,0,14.47
28052,1102,649.0,1319.0,0.00,0.00,0.00,0,12.01
28054,1104,674.0,1286.0,0.00,0.00,0.00,0,12.01
28054,1105,659.0,1300.0,0.00,0.00,0.00,0,12.01
28055,1104,673.7,1286.0,-0.01,0.00,0.01,0,7.48
28055,1105,659.0,1300.0,0.00,0.00,0.00,0,14.04
28055,1106,692.0,1277.0,0.00,0.00,0.00,0,12.01
28056,1104,677.9,1283.7,0.27,-0.16,0.31,0,6.31
28056,1105,659.0,1300.0,0.00,0.00,0.00,0,16.09
28058,1104,677.9,1283.6,0.27,-0.16,0.31,0,10.00
28058,1105,659.0,1300.0,0.00,0.00,0.00,0,19.99
28059,1104,678.0,1283.6,0.27,-0.16,0.31,0,12.14
28060,1104,678.0,1283.6,0.27,-0.16,0.31,0,14.49
28095,1107,569.0,878.0,0.00,0.00,0.00,0,12.01
28096,1107,569.0,878.0,0.00,0.00,0.00,0,14.04
28097,1107,569.0,878.0,0.00,0.00,0.00,0,16.09
28099,1107,569.0,878.0,0.00,0.00,0.00,0,20.01
28220,1108,600.0,1087.0,0.00,0.00,0.00,0,12.01
28222,1110,618.0,1084.0,0.00,0.00,0.00,0,12.01
28223,1110,618.0,1084.0,0.00,0.00,0.00,0,14.04
28224,1110,618.7,1084.4,0.03,0.02,0.04,0,7.87
28226,1110,618.7,1084.4,0.03,0.02,0.04,0,11.51
28227,1110,618.7,1084.4,0.03,0.02,0.04,0,13.68
28228,1110,618.7,1084.4,0.03,0.02,0.04,0,16.08
28451,1111,580.0,573.0,0.00,0.00,0.00,0,12.01
28452,1111,580.0,573.0,0.00,0.00,0.00,0,14.04
28453,1111,580.0,573.0,0.00,0.00,0.00,0,16.09
28455,1111,580.0,573.0,0.00,0.00,0.00,0,19.97
28489,1114,1187.0,396.0,0.00,0.00,0.00,0,12.02
28489,1115,1173.0,399.0,0.00,0.00,0.00,0,12.02
28490,1114,1187.0,396.0,0.00,0.00,0.00,0,7.48
28490,1115,1173.0,399.0,0.00,0.00,0.00,0,14.06
28491,1114,1187.0,396.0,0.00,0.00,0.00,0,9.50
28493,1114,1187.0,396.0,0.00,0.00,0.00,0,13.09
28494,1114,1187.0,396.0,0.00,0.00,0.00,0,15.35
28541,1116,1561.0,803.0,0.00,0.00,0.00,0,12.01
28542,1116,1560.3,802.0,-0.02,-0.02,0.03,0,7.47
28543,1116,1559.5,800.5,-0.07,-0.13,0.14,0,6.31
28545,1116,1559.5,800.4,-0.07,-0.13,0.14,0,9.99
28546,1116,1559.5,800.4,-0.07,-0.13,0.14,0,12.13
28547,1116,1559.5,800.4,-0.07,-0.13,0.14,0,14.53
28579,1119,446.0,823.0,0.00,0.00,0.00,0,12.01
28579,1120,650.0,1265.0,0.00,0.00,0.00,0,12.01
28579,1121,647.0,1278.0,0.00,0.00,0.00,0,12.01
28580,1119,447.3,822.3,0.04,-0.02,0.04,0,7.48
28580,1120,650.0,1265.3,0.00,0.01,0.01,0,7.48
28580,1121,649.3,1269.8,0.06,-0.23,0.23,0,7.48
28580,1122,461.0,813.0,0.00,0.00,0.00,0,12.01
28581,1119,450.6,820.2,0.25,-0.16,0.30,0,6.31
28581,1120,651.0,1262.7,0.07,-0.17,0.18,0,6.31
28583,1119,450.6,820.2,0.25,-0.16,0.30,0,9.98
28583,1120,651.0,1262.6,0.07,-0.17,0.18,0,9.98
28584,1119,450.6,820.2,0.25,-0.16,0.30,0,12.11
28584,1120,651.0,1262.6,0.07,-0.17,0.18,0,12.11
28585,1119,450.7,820.1,0.25,-0.16,0.30,0,14.45
28585,1120,651.1,1262.6,0.07,-0.17,0.18,0,14.45
28616,1123,361.0,632.0,0.00,0.00,0.00,0,12.01
28618,1125,1136.0,1328.0,0.00,0.00,0.00,0,12.01
28618,1126,1160.0,1331.0,0.00,0.00,0.00,0,12.01
28619,1125,1144.8,1329.0,0.18,0.02,0.18,0,7.46
28619,1126,1160.0,1331.0,0.00,0.00,0.00,0,14.02
28620,1125,1144.8,1329.0,0.18,0.02,0.18,0,9.51
28622,1125,1144.9,1329.0,0.18,0.02,0.18,0,13.29
28623,1125,1144.9,1329.0,0.18,0.02,0.18,0,15.54
28663,1129,642.0,1054.0,0.00,0.00,0.00,0,12.00
28664,1129,642.3,1054.0,0.00,0.00,0.00,0,7.46
28664,1130,619.0,1060.0,0.00,0.00,0.00,0,12.00
28665,1129,636.1,1055.8,-0.25,0.07,0.26,0,6.30
28667,1129,636.0,1055.8,-0.25,0.07,0.26,0,9.93
28668,1129,636.0,1055.8,-0.25,0.07,0.26,0,12.07
28669,1129,636.0,1055.8,-0.25,0.07,0.26,0,14.40
28823,1131,462.0,955.0,0.00,0.00,0.00,0,12.01
28824,1131,462.0,955.0,0.00,0.00,0.00,0,7.47
28825,1131,462.0,955.0,0.00,0.00,0.00,0,9.52
28825,1132,784.0,771.0,0.00,0.00,0.00,0,12.01
28825,1133,521.0,1047.0,0.00,0.00,0.00,0,12.01
28827,1131,462.0,955.0,0.00,0.00,0.00,0,13.31
28827,1132,784.0,771.0,0.00,0.00,0.00,0,15.14
28827,1133,521.0,1047.0,0.00,0.00,0.00,0,15.14
28828,1131,462.0,955.0,0.00,0.00,0.00,0,15.47
28828,1132,784.0,771.0,0.00,0.00,0.00,0,17.25
28828,1133,521.0,1047.0,0.00,0.00,0.00,0,17.25
28829,1132,784.0,771.0,0.00,0.00,0.00,0,19.54
28829,1133,521.0,1047.0,0.00,0.00,0.00,0,19.54
28963,1134,993.0,710.0,0.00,0.00,0.00,0,12.01
28964,1134,998.6,702.5,0.14,-0.19,0.24,0,7.47
28965,1134,1001.0,698.7,0.29,-0.42,0.52,0,6.31
28967,1134,1001.1,698.6,0.29,-0.42,0.52,0,9.96
28968,1134,1001.1,698.6,0.29,-0.42,0.52,0,12.14
28969,1134,1001.1,698.6,0.29,-0.42,0.52,0,14.48
29157,1136,1062.0,772.0,0.00,0.00,0.00,0,12.01
29158,1136,1062.0,772.0,0.00,0.00,0.00,0,14.04
29159,1136,1062.0,772.0,0.00,0.00,0.00,0,16.09
29161,1136,1062.0,772.0,0.00,0.00,0.00,0,19.97
29211,1137,523.0,925.0,0.00,0.00,0.00,0,12.01
29212,1137,523.0,925.0,0.00,0.00,0.00,0,14.04
29213,1137,523.0,925.0,0.00,0.00,0.00,0,16.09
29215,1137,523.0,925.0,0.00,0.00,0.00,0,19.97
29336,1138,905.0,245.0,0.00,0.00,0.00,0,12.01
29338,1140,897.0,267.0,0.00,0.00,0.00,0,12.01
29339,1140,896.7,268.0,-0.01,0.02,0.03,0,7.48
29340,1140,895.5,269.8,-0.09,0.14,0.17,0,6.31
29342,1140,895.4,269.8,-0.09,0.14,0.17,0,9.97
29343,1140,895.4,269.8,-0.09,0.14,0.17,0,12.13
29344,1140,895.4,269.8,-0.09,0.14,0.17,0,14.47
29559,1141,583.0,1037.0,0.00,0.00,0.00,0,12.01
29560,1141,583.3,1036.7,0.01,-0.01,0.01,0,7.48
29560,1142,598.0,1036.0,0.00,0.00,0.00,0,12.01
29561,1141,588.1,1036.2,0.32,-0.04,0.33,0,6.30
29561,1142,598.0,1036.0,0.00,0.00,0.00,0,14.03
29563,1141,588.2,1036.2,0.32,-0.04,0.33,0,9.94
29563,1142,598.0,1036.0,0.00,0.00,0.00,0,17.49
29564,1141,588.2,1036.2,0.32,-0.04,0.33,0,12.13
29564,1142,598.0,1036.0,0.00,0.00,0.00,0,19.66
29565,1141,588.2,1036.2,0.32,-0.04,0.33,0,14.52
29795,1143,1476.0,1088.0,0.00,0.00,0.00,0,12.01
29796,1143,1477.3,1084.7,0.03,-0.08,0.09,0,7.47
29797,1143,1478.0,1082.7,0.08,-0.21,0.23,0,6.31
29799,1143,1478.0,1082.7,0.08,-0.21,0.23,0,9.98
29800,1143,1478.0,1082.7,0.08,-0.21,0.23,0,12.13
29801,1143,1478.0,1082.7,0.08,-0.21,0.23,0,14.47
29832,1144,1472.0,725.0,0.00,0.00,0.00,0,12.01
29833,1144,1471.3,724.7,-0.02,-0.01,0.02,0,7.51
29833,1145,1458.0,722.0,0.00,0.00,0.00,0,12.03
29834,1144,1468.2,724.0,-0.35,-0.08,0.36,0,6.32
29834,1145,1454.1,721.7,-0.18,-0.01,0.18,0,7.48
29836,1144,1468.1,724.0,-0.35,-0.08,0.36,0,9.98
29836,1145,1454.0,721.7,-0.18,-0.01,0.18,0,10.85
29837,1144,1468.1,724.0,-0.35,-0.08,0.36,0,12.31
29837,1145,1454.0,721.7,-0.18,-0.01,0.18,0,13.13
29838,1144,1468.0,724.0,-0.35,-0.08,0.36,0,14.72
29838,1145,1454.0,721.7,-0.18,-0.01,0.18,0,15.48
29869,1146,671.0,953.0,0.00,0.00,0.00,0,12.01
29870,1146,672.6,951.7,0.04,-0.03,0.05,0,7.51
29871,1146,674.5,950.0,0.24,-0.22,0.32,0,6.32
29873,1146,674.6,949.9,0.24,-0.22,0.32,0,9.99
29874,1146,674.6,949.9,0.24,-0.22,0.32,0,12.30
29875,1146,674.6,949.9,0.24,-0.22,0.32,0,14.72
29906,1147,681.0,644.0,0.00,0.00,0.00,0,12.01
29906,1148,1402.0,989.0,0.00,0.00,0.00,0,12.01
29906,1149,1414.0,988.0,0.00,0.00,0.00,0,12.01
29908,1150,689.0,637.0,0.00,0.00,0.00,0,12.01
29909,1150,690.6,635.4,0.04,-0.04,0.05,0,7.47
29910,1150,692.8,633.5,0.17,-0.15,0.23,0,6.30
29912,1150,692.8,633.4,0.17,-0.15,0.23,0,9.92
29913,1150,692.8,633.4,0.17,-0.15,0.23,0,12.11
29914,1150,692.8,633.4,0.17,-0.15,0.23,0,14.45
30177,1152,1375.0,902.0,0.00,0.00,0.00,0,12.01
30178,1152,1375.3,902.0,0.01,0.00,0.01,0,7.48
30178,1153,1375.0,912.0,0.00,0.00,0.00,0,12.01
30179,1152,1375.2,904.8,0.00,0.19,0.19,0,6.31
30179,1153,1375.3,917.2,0.01,0.13,0.13,0,7.47
30181,1152,1375.2,904.9,0.00,0.19,0.19,0,9.97
30181,1153,1375.3,917.3,0.01,0.13,0.13,0,10.86
30182,1152,1375.2,904.9,0.00,0.19,0.19,0,12.13
30182,1153,1375.3,917.3,0.01,0.13,0.13,0,13.00
30183,1152,1375.2,904.9,0.00,0.19,0.19,0,14.53
30183,1153,1375.3,917.3,0.01,0.13,0.13,0,15.34
30265,1154,374.0,1005.0,0.00,0.00,0.00,0,12.01
30266,1154,373.3,1005.0,-0.02,0.00,0.02,0,7.48
30266,1155,387.0,1003.0,0.00,0.00,0.00,0,12.01
30267,1154,376.6,1004.7,0.20,-0.02,0.20,0,6.31
30269,1154,376.7,1004.7,0.20,-0.02,0.20,0,9.97
30270,1154,376.7,1004.7,0.20,-0.02,0.20,0,12.13
30271,1154,376.7,1004.7,0.20,-0.02,0.20,0,14.53
30503,1156,1248.0,525.0,0.00,0.00,0.00,0,12.01
30504,1156,1248.0,525.7,0.00,0.02,0.02,0,7.48
30505,1156,1248.0,525.7,0.00,0.02,0.02,0,9.52
30505,1157,1314.0,513.0,0.00,0.00,0.00,0,12.01
30507,1156,1248.0,525.7,0.00,0.02,0.02,0,13.31
30507,1157,1314.0,513.0,0.00,0.00,0.00,0,15.13
30508,1156,1248.0,525.7,0.00,0.02,0.02,0,15.46
30508,1157,1314.0,513.0,0.00,0.00,0.00,0,17.23
30509,1157,1314.0,513.0,0.00,0.00,0.00,0,19.51
30543,1158,687.0,150.0,0.00,0.00,0.00,0,12.01
30544,1158,687.0,150.0,0.00,0.00,0.00,0,14.04
30545,1158,687.0,150.0,0.00,0.00,0.00,0,16.09
30547,1158,687.0,150.0,0.00,0.00,0.00,0,19.95
30604,1159,856.0,417.0,0.00,0.00,0.00,0,12.02
30605,1159,856.0,417.0,0.00,0.00,0.00,0,14.04
30606,1159,856.0,417.0,0.00,0.00,0.00,0,16.09
30608,1159,856.0,417.0,0.00,0.00,0.00,0,19.98
30692,1160,382.0,620.0,0.00,0.00,0.00,0,12.01
30694,1162,387.0,631.0,0.00,0.00,0.00,0,12.01
30694,1163,383.0,645.0,0.00,0.00,0.00,0,12.01
30695,1162,385.7,635.3,-0.03,0.11,0.11,0,7.47
30695,1163,383.0,645.0,0.00,0.00,0.00,0,14.04
30696,1162,385.7,635.3,-0.03,0.11,0.11,0,9.51
30698,1162,385.7,635.3,-0.03,0.11,0.11,0,13.28
30699,1162,385.7,635.3,-0.03,0.11,0.11,0,15.46
30731,1164,932.0,714.0,0.00,0.00,0.00,0,12.01
30731,1165,926.0,746.0,0.00,0.00,0.00,0,12.01
30734,1166,980.0,629.0,0.00,0.00,0.00,0,12.01
30736,1168,1021.0,588.0,0.00,0.00,0.00,0,12.01
30736,1169,1000.0,605.0,0.00,0.00,0.00,0,12.01
30736,1170,995.0,612.0,0.00,0.00,0.00,0,12.01
30737,1168,1021.0,588.0,0.00,0.00,0.00,0,7.48
30737,1169,1000.0,605.0,0.00,0.00,0.00,0,14.04
30737,1170,995.0,612.0,0.00,0.00,0.00,0,14.04
30737,1171,1050.0,574.0,0.00,0.00,0.00,0,12.01
30738,1168,1028.5,584.4,0.49,-0.24,0.54,0,6.31
30738,1169,1000.0,605.0,0.00,0.00,0.00,0,16.09
30740,1168,1028.6,584.3,0.49,-0.24,0.54,0,9.98
30740,1169,1000.0,605.0,0.00,0.00,0.00,0,19.97
30741,1168,1028.6,584.3,0.49,-0.24,0.54,0,12.13
30742,1168,1028.6,584.3,0.49,-0.24,0.54,0,14.47
30776,1172,842.0,226.0,0.00,0.00,0.00,0,12.00
30778,1174,853.0,237.0,0.00,0.00,0.00,0,12.03
30778,1175,865.0,248.0,0.00,0.00,0.00,0,12.03
30779,1174,856.9,240.3,0.19,0.16,0.25,0,7.48
30779,1175,868.3,250.0,0.16,0.09,0.18,0,7.48
30780,1174,862.9,244.1,0.64,0.44,0.78,0,6.30
30782,1174,863.0,244.2,0.64,0.44,0.78,0,9.82
30783,1174,863.1,244.2,0.64,0.44,0.78,0,11.91
30784,1174,863.1,244.2,0.64,0.44,0.78,0,14.24
30910,1178,668.0,896.0,0.00,0.00,0.00,0,12.01
30910,1179,672.0,906.0,0.00,0.00,0.00,0,12.01
30911,1178,670.0,900.6,0.05,0.11,0.12,0,7.47
30911,1179,672.0,906.0,0.00,0.00,0.00,0,14.04
30912,1178,671.5,904.0,0.15,0.34,0.37,0,6.31
30914,1178,671.6,904.1,0.15,0.34,0.37,0,9.99
30915,1178,671.6,904.1,0.15,0.34,0.37,0,12.13
30916,1178,671.6,904.1,0.15,0.34,0.37,0,14.47
30947,1180,669.0,631.0,0.00,0.00,0.00,0,12.01
30948,1180,669.0,631.0,0.00,0.00,0.00,0,14.10
30949,1180,669.0,631.0,0.00,0.00,0.00,0,16.17
30951,1180,669.0,631.0,0.00,0.00,0.00,0,20.21
31083,1181,1122.0,927.0,0.00,0.00,0.00,0,12.01
31084,1181,1122.0,927.0,0.00,0.00,0.00,0,7.48
31084,1182,1137.0,912.0,0.00,0.00,0.00,0,12.01
31084,1183,1119.0,931.0,0.00,0.00,0.00,0,12.01
31085,1181,1125.3,923.4,0.22,-0.24,0.33,0,6.31
31085,1182,1141.9,907.1,0.13,-0.13,0.18,0,7.48
31085,1183,1119.0,931.0,0.00,0.00,0.00,0,14.04
31087,1181,1125.4,923.3,0.22,-0.24,0.33,0,9.98
31087,1182,1142.0,907.0,0.13,-0.13,0.18,0,10.87
31087,1183,1119.0,931.0,0.00,0.00,0.00,0,17.53
31088,1181,1125.4,923.3,0.22,-0.24,0.33,0,12.14
31088,1182,1142.0,907.0,0.13,-0.13,0.18,0,13.01
31088,1183,1119.0,931.0,0.00,0.00,0.00,0,19.67
31089,1181,1125.4,923.3,0.22,-0.24,0.33,0,14.53
31089,1182,1142.0,907.0,0.13,-0.13,0.18,0,15.35
31327,1184,753.0,1348.0,0.00,0.00,0.00,0,12.01
31328,1184,753.3,1348.3,0.01,0.01,0.01,0,7.47
31328,1185,750.0,1343.0,0.00,0.00,0.00,0,12.01
31329,1184,752.7,1347.2,-0.03,-0.06,0.07,0,6.31
31331,1184,752.7,1347.2,-0.03,-0.06,0.07,0,9.96
31332,1184,752.7,1347.2,-0.03,-0.06,0.07,0,12.12
31333,1184,752.7,1347.2,-0.03,-0.06,0.07,0,14.52
31364,1186,878.0,1142.0,0.00,0.00,0.00,0,12.01
31364,1187,859.0,1156.0,0.00,0.00,0.00,0,12.01
31366,1189,906.0,1105.0,0.00,0.00,0.00,0,12.01
31366,1190,891.0,1129.0,0.00,0.00,0.00,0,12.01
31367,1189,906.0,1105.7,0.00,0.01,0.01,0,7.47
31367,1190,891.0,1129.0,0.00,0.00,0.00,0,14.03
31367,1191,915.0,1086.0,0.00,0.00,0.00,0,12.01
31368,1189,908.1,1100.3,0.13,-0.33,0.35,0,6.30
31368,1190,891.0,1129.0,0.00,0.00,0.00,0,16.08
31370,1189,908.1,1100.3,0.13,-0.33,0.35,0,9.94
31370,1190,891.0,1129.0,0.00,0.00,0.00,0,19.91
31371,1189,908.1,1100.2,0.13,-0.33,0.35,0,12.12
31372,1189,908.1,1100.2,0.13,-0.33,0.35,0,14.47
31442,1192,334.0,813.0,0.00,0.00,0.00,0,12.01
31444,1194,370.0,799.0,0.00,0.00,0.00,0,12.01
31445,1194,370.0,799.0,0.00,0.00,0.00,0,14.04
31446,1194,370.0,799.0,0.00,0.00,0.00,0,16.09
31448,1194,370.0,799.0,0.00,0.00,0.00,0,19.96
31486,1196,1167.0,1361.0,0.00,0.00,0.00,0,12.01
31487,1196,1166.7,1361.0,-0.01,0.00,0.01,0,7.47
31487,1197,1186.0,1350.0,0.00,0.00,0.00,0,12.01
31488,1196,1171.6,1358.2,0.31,-0.18,0.36,0,6.31
31490,1196,1171.7,1358.1,0.31,-0.18,0.36,0,9.98
31491,1196,1171.7,1358.1,0.31,-0.18,0.36,0,12.13
31492,1196,1171.7,1358.1,0.31,-0.18,0.36,0,14.48
31523,1198,457.0,1080.0,0.00,0.00,0.00,0,12.01
31525,1200,708.0,874.0,0.00,0.00,0.00,0,12.01
31525,1201,717.0,873.0,0.00,0.00,0.00,0,12.01
31525,1202,451.0,1060.0,0.00,0.00,0.00,0,12.01
31526,1200,707.3,874.0,-0.01,0.00,0.01,0,7.47
31526,1201,717.0,873.0,0.00,0.00,0.00,0,14.03
31526,1202,449.4,1056.4,-0.04,-0.08,0.08,0,7.47
31527,1200,706.0,874.0,-0.10,0.00,0.10,0,6.31
31527,1202,447.2,1051.9,-0.17,-0.35,0.39,0,6.31
31529,1200,705.9,874.0,-0.10,0.00,0.10,0,9.97
31529,1202,447.2,1051.8,-0.17,-0.35,0.39,0,9.97
31530,1200,705.9,874.0,-0.10,0.00,0.10,0,12.11
31530,1202,447.2,1051.8,-0.17,-0.35,0.39,0,12.11
31531,1200,705.9,874.0,-0.10,0.00,0.10,0,14.45
31531,1202,447.2,1051.8,-0.17,-0.35,0.39,0,14.45
31568,1203,437.0,1112.0,0.00,0.00,0.00,0,12.01
31569,1203,437.0,1112.0,0.00,0.00,0.00,0,14.03
31570,1203,437.0,1112.0,0.00,0.00,0.00,0,16.08
31572,1203,437.0,1112.0,0.00,0.00,0.00,0,19.93
31710,1204,463.0,1084.0,0.00,0.00,0.00,0,12.01
31711,1204,463.0,1084.0,0.00,0.00,0.00,0,14.04
31712,1204,463.0,1084.0,0.00,0.00,0.00,0,16.09
31714,1204,463.0,1084.0,0.00,0.00,0.00,0,19.95
31747,1205,947.0,908.0,0.00,0.00,0.00,0,12.01
31747,1206,625.0,979.0,0.00,0.00,0.00,0,12.01
31748,1205,947.0,908.0,0.00,0.00,0.00,0,14.04
31748,1206,623.0,978.3,-0.05,-0.02,0.05,0,7.48
31749,1206,619.9,977.7,-0.27,-0.06,0.28,0,6.31
31749,1205,947.0,908.0,0.00,0.00,0.00,0,16.09
31751,1206,619.9,977.7,-0.27,-0.06,0.28,0,9.93
31751,1205,947.0,908.0,0.00,0.00,0.00,0,19.93
31752,1206,619.9,977.7,-0.27,-0.06,0.28,0,12.11
31753,1206,619.8,977.7,-0.27,-0.06,0.28,0,14.50
31784,1208,1020.0,1283.0,0.00,0.00,0.00,0,12.01
31785,1208,1018.4,1280.1,-0.04,-0.07,0.08,0,7.48
31786,1208,1016.7,1277.5,-0.16,-0.26,0.31,0,6.31
31786,1209,1003.0,1258.0,0.00,0.00,0.00,0,12.01
31788,1208,1016.7,1277.4,-0.16,-0.26,0.31,0,9.97
31788,1209,1003.0,1258.0,0.00,0.00,0.00,0,15.12
31789,1208,1016.7,1277.4,-0.16,-0.26,0.31,0,12.10
31789,1209,1003.0,1258.0,0.00,0.00,0.00,0,17.21
31790,1208,1016.7,1277.4,-0.16,-0.26,0.31,0,14.50
31790,1209,1003.0,1258.0,0.00,0.00,0.00,0,19.49
31873,1210,744.0,1188.0,0.00,0.00,0.00,0,12.01
31874,1210,743.7,1188.0,-0.01,0.00,0.01,0,7.47
31874,1211,753.0,1185.0,0.00,0.00,0.00,0,12.01
31875,1210,746.1,1187.5,0.14,-0.03,0.15,0,6.31
31877,1210,746.1,1187.5,0.14,-0.03,0.15,0,9.98
31878,1210,746.1,1187.5,0.14,-0.03,0.15,0,12.14
31879,1210,746.1,1187.5,0.14,-0.03,0.15,0,14.48
31910,1212,616.0,1299.0,0.00,0.00,0.00,0,12.01
31910,1213,608.0,1304.0,0.00,0.00,0.00,0,12.01
31912,1214,603.0,1307.0,0.00,0.00,0.00,0,12.01
31912,1215,596.0,1310.0,0.00,0.00,0.00,0,12.01
31913,1214,600.4,1308.0,-0.05,0.02,0.05,0,7.47
31913,1215,596.0,1310.0,0.00,0.00,0.00,0,14.03
31914,1214,598.0,1308.8,-0.21,0.07,0.22,0,6.31
31916,1214,597.9,1308.8,-0.21,0.07,0.22,0,9.96
31917,1214,597.9,1308.8,-0.21,0.07,0.22,0,12.12
31918,1214,597.9,1308.8,-0.21,0.07,0.22,0,14.46
32297,1216,395.0,1100.0,0.00,0.00,0.00,0,12.01
32299,1218,411.0,1072.0,0.00,0.00,0.00,0,12.01
32299,1219,403.0,1089.0,0.00,0.00,0.00,0,12.01
32300,1218,410.7,1073.0,-0.01,0.02,0.03,0,7.47
32300,1219,407.3,1077.9,0.11,-0.28,0.30,0,7.47
32301,1218,412.0,1068.4,0.08,-0.28,0.29,0,6.31
32303,1218,412.1,1068.3,0.08,-0.28,0.29,0,9.96
32304,1218,412.1,1068.3,0.08,-0.28,0.29,0,12.13
32305,1218,412.1,1068.3,0.08,-0.28,0.29,0,14.47
32366,1221,315.0,871.0,0.00,0.00,0.00,0,12.01
32368,1223,324.0,866.0,0.00,0.00,0.00,0,12.01
32368,1224,334.0,870.0,0.00,0.00,0.00,0,12.01
32369,1223,326.9,866.7,0.07,0.02,0.07,0,7.47
32369,1224,335.6,872.9,0.04,0.07,0.08,0,7.47
32370,1223,330.0,869.3,0.27,0.19,0.33,0,6.31
32372,1223,330.1,869.4,0.27,0.19,0.33,0,9.97
32373,1223,330.1,869.4,0.27,0.19,0.33,0,12.13
32374,1223,330.1,869.4,0.27,0.19,0.33,0,14.48
32469,1225,953.0,1332.0,0.00,0.00,0.00,0,12.01
32470,1225,953.3,1331.7,0.01,-0.01,0.01,0,7.47
32471,1225,952.2,1331.5,-0.06,-0.02,0.07,0,6.31
32473,1225,952.2,1331.5,-0.06,-0.02,0.07,0,9.99
32474,1225,952.2,1331.5,-0.06,-0.02,0.07,0,12.14
32475,1225,952.2,1331.5,-0.06,-0.02,0.07,0,14.53
32506,1226,812.0,959.0,0.00,0.00,0.00,0,12.01
32506,1227,799.0,966.0,0.00,0.00,0.00,0,12.01
32507,1226,812.0,959.0,0.00,0.00,0.00,0,7.48
32507,1227,806.9,962.1,0.19,-0.10,0.22,0,7.48
32508,1226,814.8,957.5,0.20,-0.11,0.23,0,6.31
32510,1226,814.9,957.4,0.20,-0.11,0.23,0,9.96
32511,1226,814.9,957.4,0.20,-0.11,0.23,0,12.11
32512,1226,814.9,957.4,0.20,-0.11,0.23,0,14.50
32747,1228,1049.0,1431.0,0.00,0.00,0.00,0,12.01
32748,1228,1049.3,1427.7,0.01,-0.08,0.08,0,7.47
32749,1228,1049.3,1427.7,0.01,-0.08,0.08,0,9.52
32751,1228,1049.3,1427.7,0.01,-0.08,0.08,0,13.27
32752,1228,1049.3,1427.7,0.01,-0.08,0.08,0,15.46
32817,1229,634.0,1340.0,0.00,0.00,0.00,0,12.01
32818,1229,634.0,1340.0,0.00,0.00,0.00,0,14.04
32819,1229,634.0,1340.0,0.00,0.00,0.00,0,16.09
32821,1229,634.0,1340.0,0.00,0.00,0.00,0,19.94
32855,1230,352.0,941.0,0.00,0.00,0.00,0,12.03
32857,1232,374.0,920.0,0.00,0.00,0.00,0,12.00
32857,1233,361.0,930.0,0.00,0.00,0.00,0,12.00
32858,1232,373.3,920.3,-0.01,0.00,0.01,0,7.46
32858,1233,368.5,924.4,0.10,-0.07,0.12,0,7.46
32859,1232,377.1,918.4,0.17,-0.08,0.19,0,6.30
32861,1232,377.2,918.4,0.17,-0.08,0.19,0,9.91
32862,1232,377.2,918.4,0.17,-0.08,0.19,0,12.08
32863,1232,377.2,918.4,0.17,-0.08,0.19,0,14.48
32896,1234,1376.0,924.0,0.00,0.00,0.00,0,12.01
32897,1234,1376.0,924.0,0.00,0.00,0.00,0,14.02
32898,1234,1376.0,924.0,0.00,0.00,0.00,0,16.04
32900,1234,1376.0,924.0,0.00,0.00,0.00,0,19.71
32969,1236,393.0,882.0,0.00,0.00,0.00,0,12.01
32970,1236,393.0,882.0,0.00,0.00,0.00,0,14.04
32971,1236,393.0,882.0,0.00,0.00,0.00,0,16.09
32973,1236,393.0,882.0,0.00,0.00,0.00,0,19.95
33132,1237,444.0,1133.0,0.00,0.00,0.00,0,12.01
33133,1237,443.7,1133.3,-0.01,0.01,0.01,0,7.47
33133,1238,461.0,1105.0,0.00,0.00,0.00,0,12.01
33134,1237,448.1,1126.0,0.28,-0.47,0.55,0,6.31
33134,1238,461.0,1105.0,0.00,0.00,0.00,0,14.04
33136,1237,448.2,1125.9,0.28,-0.47,0.55,0,9.95
33136,1238,461.0,1105.0,0.00,0.00,0.00,0,17.50
33137,1237,448.2,1125.9,0.28,-0.47,0.55,0,12.12
33137,1238,461.0,1105.0,0.00,0.00,0.00,0,19.66
33138,1237,448.2,1125.9,0.28,-0.47,0.55,0,14.47
33213,1239,510.0,690.0,0.00,0.00,0.00,0,12.01
33214,1239,510.0,690.0,0.00,0.00,0.00,0,14.04
33215,1239,510.0,690.0,0.00,0.00,0.00,0,16.09
33217,1239,510.0,690.0,0.00,0.00,0.00,0,19.97
33256,1240,1203.0,735.0,0.00,0.00,0.00,0,12.01
33257,1240,1203.0,735.0,0.00,0.00,0.00,0,14.04
33258,1240,1203.0,735.0,0.00,0.00,0.00,0,16.09
33260,1240,1203.0,735.0,0.00,0.00,0.00,0,19.96
33348,1241,461.0,980.0,0.00,0.00,0.00,0,12.01
33349,1241,461.0,980.0,0.00,0.00,0.00,0,7.48
33350,1241,461.0,980.0,0.00,0.00,0.00,0,9.52
33352,1241,461.0,980.0,0.00,0.00,0.00,0,13.30
33353,1241,461.0,980.0,0.00,0.00,0.00,0,15.47
33385,1242,1522.0,728.0,0.00,0.00,0.00,0,12.01
33386,1242,1523.6,726.0,0.04,-0.05,0.06,0,7.51
33387,1242,1525.8,722.9,0.28,-0.39,0.48,0,6.32
33389,1242,1525.9,722.8,0.28,-0.39,0.48,0,10.04
33390,1242,1525.9,722.8,0.28,-0.39,0.48,0,12.30
33391,1242,1525.9,722.8,0.28,-0.39,0.48,0,14.72
33422,1243,1334.0,1139.0,0.00,0.00,0.00,0,12.01
33422,1244,1314.0,1139.0,0.00,0.00,0.00,0,12.01
33424,1245,1389.0,1136.0,0.00,0.00,0.00,0,12.01
33425,1245,1388.7,1136.0,-0.01,0.00,0.01,0,7.47
33425,1246,1412.0,1132.0,0.00,0.00,0.00,0,12.01
33426,1245,1395.4,1135.0,0.42,-0.06,0.42,0,6.30
33428,1245,1395.6,1135.0,0.42,-0.06,0.42,0,9.96
33429,1245,1395.6,1135.0,0.42,-0.06,0.42,0,12.10
33430,1245,1395.6,1135.0,0.42,-0.06,0.42,0,14.44
33464,1247,1372.0,996.0,0.00,0.00,0.00,0,12.00
33465,1247,1372.0,995.7,0.00,-0.00,0.00,0,7.47
33466,1247,1372.0,996.8,0.00,0.06,0.06,0,6.30
33468,1247,1372.0,996.8,0.00,0.06,0.06,0,9.93
33469,1247,1372.0,996.8,0.00,0.06,0.06,0,12.09
33470,1247,1372.0,996.8,0.00,0.06,0.06,0,14.44
33582,1248,609.0,1329.0,0.00,0.00,0.00,0,12.01
33583,1248,609.0,1329.0,0.00,0.00,0.00,0,14.04
33584,1248,619.5,1327.2,0.49,-0.08,0.50,0,7.87
33586,1248,619.7,1327.2,0.49,-0.08,0.50,0,11.53
33587,1248,619.7,1327.2,0.49,-0.08,0.50,0,13.68
33588,1248,619.7,1327.2,0.49,-0.08,0.50,0,16.03
33619,1249,587.0,751.0,0.00,0.00,0.00,0,12.01
33619,1250,586.0,768.0,0.00,0.00,0.00,0,12.01
33620,1249,587.0,751.3,0.00,0.01,0.01,0,7.53
33620,1250,586.0,768.0,0.00,0.00,0.00,0,14.10
33620,1251,595.0,729.0,0.00,0.00,0.00,0,12.04
33621,1249,588.8,746.1,0.22,-0.63,0.67,0,6.33
33621,1250,586.0,768.0,0.00,0.00,0.00,0,16.16
33623,1249,588.9,745.9,0.22,-0.63,0.67,0,10.05
33623,1250,586.0,768.0,0.00,0.00,0.00,0,20.20
33624,1249,588.9,745.9,0.22,-0.63,0.67,0,12.24
33625,1249,588.9,745.9,0.22,-0.63,0.67,0,14.60
33661,1252,783.0,1181.0,0.00,0.00,0.00,0,12.01
33662,1252,783.0,1181.0,0.00,0.00,0.00,0,14.04
33663,1252,783.0,1181.0,0.00,0.00,0.00,0,16.08
33665,1252,783.0,1181.0,0.00,0.00,0.00,0,19.91
33698,1254,789.0,1142.0,0.00,0.00,0.00,0,12.01
33698,1255,809.0,1141.0,0.00,0.00,0.00,0,12.01
33698,1256,1326.0,1155.0,0.00,0.00,0.00,0,12.01
33698,1257,1325.0,1175.0,0.00,0.00,0.00,0,12.01
33700,1258,341.0,629.0,0.00,0.00,0.00,0,12.01
33700,1259,777.0,1143.0,0.00,0.00,0.00,0,12.01
33700,1260,757.0,1149.0,0.00,0.00,0.00,0,12.01
33700,1261,1325.0,1191.0,0.00,0.00,0.00,0,12.01
33700,1262,1327.0,1207.0,0.00,0.00,0.00,0,12.01
33701,1258,341.0,629.0,0.00,0.00,0.00,0,14.03
33701,1259,771.4,1144.3,-0.12,0.03,0.13,0,7.47
33701,1260,757.0,1149.0,0.00,0.00,0.00,0,14.03
33701,1261,1325.3,1195.6,0.01,0.10,0.10,0,7.47
33701,1262,1328.6,1210.6,0.04,0.08,0.09,0,7.47
33702,1259,764.6,1146.8,-0.55,0.18,0.58,0,6.31
33702,1261,1327.0,1201.1,0.11,0.44,0.46,0,6.31
33702,1258,341.0,629.0,0.00,0.00,0.00,0,16.08
33704,1259,764.5,1146.9,-0.55,0.18,0.58,0,9.98
33704,1261,1327.1,1201.2,0.11,0.44,0.46,0,9.98
33704,1258,341.0,629.0,0.00,0.00,0.00,0,19.96
33705,1259,764.5,1146.9,-0.55,0.18,0.58,0,12.11
33705,1261,1327.1,1201.2,0.11,0.44,0.46,0,12.11
33706,1259,764.5,1146.9,-0.55,0.18,0.58,0,14.46
33706,1261,1327.1,1201.2,0.11,0.44,0.46,0,14.46
33770,1265,626.0,1348.0,0.00,0.00,0.00,0,12.01
33771,1265,626.0,1348.0,0.00,0.00,0.00,0,14.04
33772,1265,626.0,1348.0,0.00,0.00,0.00,0,16.09
33774,1265,626.0,1348.0,0.00,0.00,0.00,0,19.95
33821,1266,861.0,345.0,0.00,0.00,0.00,0,12.01
33822,1266,861.0,345.0,0.00,0.00,0.00,0,14.04
33823,1266,861.0,345.0,0.00,0.00,0.00,0,16.09
33825,1266,861.0,345.0,0.00,0.00,0.00,0,20.00
33941,1267,795.0,645.0,0.00,0.00,0.00,0,12.01
33942,1267,795.0,645.0,0.00,0.00,0.00,0,14.04
33943,1267,796.1,639.7,0.05,-0.24,0.25,0,7.87
33945,1267,796.1,639.7,0.05,-0.24,0.25,0,11.52
33946,1267,796.1,639.7,0.05,-0.24,0.25,0,13.68
33947,1267,796.1,639.7,0.05,-0.24,0.25,0,16.02
33979,1270,899.0,574.0,0.00,0.00,0.00,0,12.01
33979,1271,890.0,576.0,0.00,0.00,0.00,0,12.01
33980,1270,899.3,574.3,0.01,0.01,0.01,0,7.48
33980,1271,890.0,576.0,0.00,0.00,0.00,0,14.04
33981,1270,901.0,574.8,0.12,0.04,0.13,0,6.31
33983,1270,901.1,574.8,0.12,0.04,0.13,0,9.94
33984,1270,901.1,574.8,0.12,0.04,0.13,0,12.10
33985,1270,901.1,574.8,0.12,0.04,0.13,0,14.50
34016,1272,940.0,743.0,0.00,0.00,0.00,0,12.01
34018,1274,974.0,682.0,0.00,0.00,0.00,0,12.01
34019,1274,976.0,675.8,0.04,-0.14,0.14,0,7.47
34019,1275,990.0,634.0,0.00,0.00,0.00,0,12.01
34019,1276,983.0,654.0,0.00,0.00,0.00,0,12.01
34020,1274,976.0,675.8,0.04,-0.14,0.14,0,9.51
34022,1274,976.0,675.7,0.04,-0.14,0.14,0,13.20
34023,1274,976.0,675.7,0.04,-0.14,0.14,0,15.44
34056,1277,816.0,452.0,0.00,0.00,0.00,0,12.01
34057,1277,816.3,452.7,0.01,0.02,0.02,0,7.48
34058,1277,816.3,452.7,0.01,0.02,0.02,0,9.51
34060,1277,816.3,452.7,0.01,0.02,0.02,0,13.26
34061,1277,816.3,452.7,0.01,0.02,0.02,0,15.45
34156,1280,749.0,724.0,0.00,0.00,0.00,0,12.01
34157,1280,749.0,724.0,0.00,0.00,0.00,0,14.04
34158,1280,749.0,724.0,0.00,0.00,0.00,0,16.09
34160,1280,749.0,724.0,0.00,0.00,0.00,0,19.93
34193,1281,775.0,531.0,0.00,0.00,0.00,0,12.01
34193,1282,784.0,539.0,0.00,0.00,0.00,0,12.01
34193,1283,1212.0,594.0,0.00,0.00,0.00,0,12.01
34193,1284,1237.0,604.0,0.00,0.00,0.00,0,12.01
34195,1285,791.0,546.0,0.00,0.00,0.00,0,12.01
34195,1286,800.0,555.0,0.00,0.00,0.00,0,12.01
34195,1287,1255.0,614.0,0.00,0.00,0.00,0,12.01
34195,1288,1273.0,626.0,0.00,0.00,0.00,0,12.01
34196,1285,793.9,548.6,0.06,0.05,0.08,0,7.46
34196,1286,802.9,557.6,0.06,0.05,0.08,0,7.46
34196,1287,1261.2,618.3,0.13,0.09,0.15,0,7.46
34196,1288,1273.0,626.0,0.00,0.00,0.00,0,14.02
34197,1285,797.6,552.3,0.21,0.20,0.29,0,6.29
34197,1287,1261.2,618.3,0.13,0.09,0.15,0,9.49
34199,1285,797.6,552.4,0.21,0.20,0.29,0,9.87
34199,1287,1261.3,618.3,0.13,0.09,0.15,0,13.14
34200,1285,797.6,552.4,0.21,0.20,0.29,0,12.04
34200,1287,1261.3,618.3,0.13,0.09,0.15,0,15.31
34201,1285,797.6,552.4,0.21,0.20,0.29,0,14.38
34236,1289,441.0,600.0,0.00,0.00,0.00,0,12.01
34237,1289,441.0,600.0,0.00,0.00,0.00,0,14.04
34238,1289,441.0,600.0,0.00,0.00,0.00,0,16.09
34240,1289,441.0,600.0,0.00,0.00,0.00,0,19.97
34402,1290,1035.0,220.0,0.00,0.00,0.00,0,12.01
34403,1290,1035.0,220.0,0.00,0.00,0.00,0,14.04
34403,1291,1047.0,262.0,0.00,0.00,0.00,0,12.01
34404,1290,1038.2,229.8,0.15,0.47,0.49,0,7.87
34406,1290,1038.2,230.0,0.15,0.47,0.49,0,11.51
34407,1290,1038.2,230.0,0.15,0.47,0.49,0,13.69
34408,1290,1038.2,230.0,0.15,0.47,0.49,0,16.09
34446,1293,485.0,1090.0,0.00,0.00,0.00,0,12.01
34447,1293,484.7,1090.3,-0.01,0.01,0.01,0,7.48
34448,1293,484.7,1090.3,-0.01,0.01,0.01,0,9.52
34448,1294,506.0,1033.0,0.00,0.00,0.00,0,12.01
34450,1293,484.7,1090.3,-0.01,0.01,0.01,0,13.32
34450,1294,506.0,1033.0,0.00,0.00,0.00,0,15.14
34451,1293,484.7,1090.3,-0.01,0.01,0.01,0,15.46
34451,1294,506.0,1033.0,0.00,0.00,0.00,0,17.24
34452,1294,506.0,1033.0,0.00,0.00,0.00,0,19.48
34489,1295,866.0,1306.0,0.00,0.00,0.00,0,12.01
34490,1295,866.0,1306.3,0.00,0.01,0.01,0,7.48
34490,1296,888.0,1302.0,0.00,0.00,0.00,0,12.01
34491,1295,872.4,1305.0,0.42,-0.08,0.43,0,6.31
34493,1295,872.5,1304.9,0.42,-0.08,0.43,0,9.97
34494,1295,872.6,1304.9,0.42,-0.08,0.43,0,12.13
34495,1295,872.6,1304.9,0.42,-0.08,0.43,0,14.53
34540,1297,797.0,1155.0,0.00,0.00,0.00,0,12.01
34541,1297,798.3,1155.7,0.03,0.02,0.04,0,7.48
34542,1297,798.3,1155.7,0.03,0.02,0.04,0,9.52
34544,1297,798.3,1155.7,0.03,0.02,0.04,0,13.27
34545,1297,798.3,1155.7,0.03,0.02,0.04,0,15.46
34577,1298,688.0,830.0,0.00,0.00,0.00,0,12.01
34577,1299,696.0,831.0,0.00,0.00,0.00,0,12.01
34579,1300,703.0,830.0,0.00,0.00,0.00,0,12.01
34580,1300,703.0,830.0,0.00,0.00,0.00,0,14.03
34581,1300,703.0,830.0,0.00,0.00,0.00,0,16.08
34583,1300,703.0,830.0,0.00,0.00,0.00,0,19.95
34653,1301,403.0,622.0,0.00,0.00,0.00,0,12.01
34654,1301,403.0,622.0,0.00,0.00,0.00,0,14.04
34655,1301,403.0,622.0,0.00,0.00,0.00,0,16.09
34657,1301,403.0,622.0,0.00,0.00,0.00,0,19.95
34795,1302,519.0,1149.0,0.00,0.00,0.00,0,12.01
34796,1302,518.0,1149.3,-0.02,0.01,0.03,0,7.47
34796,1303,541.0,1144.0,0.00,0.00,0.00,0,12.01
34797,1302,523.9,1147.7,0.36,-0.10,0.38,0,6.31
34799,1302,524.0,1147.7,0.36,-0.10,0.38,0,9.98
34800,1302,524.0,1147.7,0.36,-0.10,0.38,0,12.13
34801,1302,524.0,1147.7,0.36,-0.10,0.38,0,14.52
34834,1304,392.0,887.0,0.00,0.00,0.00,0,12.01
34835,1304,392.3,887.0,0.01,0.00,0.01,0,7.46
34836,1304,392.3,887.0,0.01,0.00,0.01,0,9.49
34838,1304,392.3,887.0,0.01,0.00,0.01,0,13.15
34839,1304,392.3,887.0,0.01,0.00,0.01,0,15.33
34871,1305,315.0,680.0,0.00,0.00,0.00,0,12.01
34871,1306,323.0,693.0,0.00,0.00,0.00,0,12.01
34871,1307,861.0,982.0,0.00,0.00,0.00,0,12.01
34873,1308,328.0,703.0,0.00,0.00,0.00,0,12.01
34873,1309,333.0,715.0,0.00,0.00,0.00,0,12.01
34873,1310,846.0,990.0,0.00,0.00,0.00,0,12.01
34874,1308,329.6,705.9,0.03,0.06,0.07,0,7.46
34874,1309,333.7,717.6,0.01,0.05,0.05,0,7.46
34874,1310,843.7,990.7,-0.05,0.01,0.05,0,7.46
34875,1308,330.5,711.1,0.07,0.28,0.29,0,6.29
34875,1310,841.2,991.8,-0.15,0.06,0.16,0,6.29
34877,1308,330.5,711.2,0.07,0.28,0.29,0,9.76
34877,1310,841.2,991.8,-0.15,0.06,0.16,0,9.76
34878,1308,330.5,711.2,0.07,0.28,0.29,0,11.96
34878,1310,841.2,991.8,-0.15,0.06,0.16,0,11.96
34879,1308,330.5,711.2,0.07,0.28,0.29,0,14.29
34879,1310,841.2,991.8,-0.15,0.06,0.16,0,14.29
34931,1311,1120.0,1401.0,0.00,0.00,0.00,0,12.01
34932,1311,1121.0,1400.3,0.02,-0.01,0.03,0,7.48
34933,1311,1121.0,1400.3,0.02,-0.01,0.03,0,9.52
34935,1311,1121.0,1400.3,0.02,-0.01,0.03,0,13.31
34936,1311,1121.0,1400.3,0.02,-0.01,0.03,0,15.46
34987,1312,552.0,1046.0,0.00,0.00,0.00,0,12.01
34988,1312,552.0,1046.0,0.00,0.00,0.00,0,14.04
34989,1312,552.0,1046.0,0.00,0.00,0.00,0,16.08
34991,1312,552.0,1046.0,0.00,0.00,0.00,0,19.93
35024,1313,1291.0,938.0,0.00,0.00,0.00,0,12.01
35024,1314,1313.0,941.0,0.00,0.00,0.00,0,12.01
35026,1315,1329.0,944.0,0.00,0.00,0.00,0,12.01
35027,1315,1329.0,944.0,0.00,0.00,0.00,0,14.02
35028,1315,1329.0,944.0,0.00,0.00,0.00,0,16.04
35030,1315,1329.0,944.0,0.00,0.00,0.00,0,19.67
35114,1316,304.0,580.0,0.00,0.00,0.00,0,12.01
35115,1316,309.6,576.1,0.15,-0.10,0.18,0,7.48
35116,1316,311.7,574.2,0.29,-0.22,0.37,0,6.31
35116,1317,338.0,555.0,0.00,0.00,0.00,0,12.01
35118,1316,311.8,574.2,0.29,-0.22,0.37,0,9.98
35118,1317,338.0,555.0,0.00,0.00,0.00,0,15.13
35119,1316,311.8,574.2,0.29,-0.22,0.37,0,12.13
35119,1317,338.0,555.0,0.00,0.00,0.00,0,17.24
35120,1316,311.8,574.2,0.29,-0.22,0.37,0,14.48
35120,1317,338.0,555.0,0.00,0.00,0.00,0,19.49
35152,1320,589.0,1113.0,0.00,0.00,0.00,0,12.01
35153,1320,587.7,1110.1,-0.04,-0.08,0.09,0,7.48
35154,1320,586.5,1107.7,-0.12,-0.24,0.26,0,6.31
35156,1320,586.4,1107.7,-0.12,-0.24,0.26,0,9.97
35157,1320,586.4,1107.7,-0.12,-0.24,0.26,0,12.11
35158,1320,586.4,1107.6,-0.12,-0.24,0.26,0,14.50
35199,1322,767.0,1395.0,0.00,0.00,0.00,0,12.01
35200,1322,769.6,1396.3,0.07,0.03,0.08,0,7.47
35201,1322,770.7,1397.0,0.14,0.08,0.16,0,6.31
35201,1323,782.0,1403.0,0.00,0.00,0.00,0,12.01
35203,1322,770.8,1397.0,0.14,0.08,0.16,0,9.98
35203,1323,782.0,1403.0,0.00,0.00,0.00,0,15.14
35204,1322,770.8,1397.0,0.14,0.08,0.16,0,12.12
35204,1323,782.0,1403.0,0.00,0.00,0.00,0,17.24
35205,1322,770.8,1397.0,0.14,0.08,0.16,0,14.47
35205,1323,782.0,1403.0,0.00,0.00,0.00,0,19.49
35236,1324,1039.0,313.0,0.00,0.00,0.00,0,12.01
35236,1325,957.0,1394.0,0.00,0.00,0.00,0,12.01
35237,1324,1040.6,312.0,0.04,-0.02,0.05,0,7.48
35237,1325,959.6,1394.0,0.06,0.00,0.06,0,7.48
35238,1324,1041.0,311.8,0.06,-0.04,0.08,0,6.31
35238,1325,961.8,1394.0,0.21,0.00,0.21,0,6.31
35240,1324,1041.0,311.7,0.06,-0.04,0.08,0,9.94
35240,1325,961.8,1394.0,0.21,0.00,0.21,0,9.94
35241,1324,1041.0,311.7,0.06,-0.04,0.08,0,12.12
35241,1325,961.8,1394.0,0.21,0.00,0.21,0,12.12
35242,1324,1041.0,311.7,0.06,-0.04,0.08,0,14.52
35242,1325,961.8,1394.0,0.21,0.00,0.21,0,14.52
35273,1328,1078.0,677.0,0.00,0.00,0.00,0,12.01
35273,1329,1059.0,686.0,0.00,0.00,0.00,0,12.01
35275,1332,1122.0,663.0,0.00,0.00,0.00,0,12.01
35275,1333,1104.0,667.0,0.00,0.00,0.00,0,12.01
35276,1332,1122.3,662.7,0.01,-0.01,0.01,0,7.47
35276,1333,1104.0,667.0,0.00,0.00,0.00,0,14.02
35276,1334,1154.0,653.0,0.00,0.00,0.00,0,12.00
35276,1335,1144.0,657.0,0.00,0.00,0.00,0,12.00
35276,1336,376.0,809.0,0.00,0.00,0.00,0,12.00
35277,1332,1127.9,661.2,0.27,-0.08,0.28,0,6.28
35277,1333,1104.0,667.0,0.00,0.00,0.00,0,16.04
35279,1332,1128.0,661.2,0.27,-0.08,0.28,0,9.79
35279,1333,1104.0,667.0,0.00,0.00,0.00,0,19.71
35280,1332,1128.0,661.2,0.27,-0.08,0.28,0,11.96
35281,1332,1128.0,661.2,0.27,-0.08,0.28,0,14.29
35561,1337,502.0,1209.0,0.00,0.00,0.00,0,12.01
35562,1337,502.0,1209.0,0.00,0.00,0.00,0,14.04
35563,1337,502.0,1209.0,0.00,0.00,0.00,0,16.09
35565,1337,502.0,1209.0,0.00,0.00,0.00,0,19.98
35605,1338,329.0,862.0,0.00,0.00,0.00,0,12.01
35606,1338,328.7,862.0,-0.01,0.00,0.01,0,7.48
35606,1339,345.0,844.0,0.00,0.00,0.00,0,12.01
35607,1338,332.4,857.9,0.24,-0.27,0.36,0,6.31
35609,1338,332.4,857.8,0.24,-0.27,0.36,0,9.94
35610,1338,332.4,857.8,0.24,-0.27,0.36,0,12.12
35611,1338,332.4,857.8,0.24,-0.27,0.36,0,14.52
35909,1340,1501.0,953.0,0.00,0.00,0.00,0,12.01
35909,1341,1505.0,962.0,0.00,0.00,0.00,0,12.01
35911,1342,1510.0,945.0,0.00,0.00,0.00,0,12.01
35911,1343,1502.0,949.0,0.00,0.00,0.00,0,12.01
35912,1342,1509.7,945.0,-0.01,0.00,0.01,0,7.48
35912,1343,1502.0,949.0,0.00,0.00,0.00,0,14.04
35913,1342,1509.7,945.0,-0.01,0.00,0.01,0,9.52
35915,1342,1509.7,945.0,-0.01,0.00,0.01,0,13.32
35916,1342,1509.7,945.0,-0.01,0.00,0.01,0,15.47
36126,1344,781.0,489.0,0.00,0.00,0.00,0,12.01
36127,1344,781.0,489.0,0.00,0.00,0.00,0,14.04
36128,1344,781.0,489.0,0.00,0.00,0.00,0,16.09
36128,1345,798.0,447.0,0.00,0.00,0.00,0,12.01
36130,1344,781.0,489.0,0.00,0.00,0.00,0,19.96
36130,1345,798.0,447.0,0.00,0.00,0.00,0,15.12
36131,1345,798.0,447.0,0.00,0.00,0.00,0,17.25
36132,1345,798.0,447.0,0.00,0.00,0.00,0,19.53
36244,1346,801.0,1434.0,0.00,0.00,0.00,0,12.01
36245,1346,803.0,1432.7,0.05,-0.03,0.06,0,7.47
36246,1346,803.5,1432.5,0.08,-0.04,0.09,0,6.31
36248,1346,803.5,1432.5,0.08,-0.04,0.09,0,9.98
36249,1346,803.5,1432.5,0.08,-0.04,0.09,0,12.13
36250,1346,803.5,1432.5,0.08,-0.04,0.09,0,14.53
36281,1348,636.0,511.0,0.00,0.00,0.00,0,12.01
36282,1348,636.0,508.7,0.00,-0.06,0.06,0,7.53
36283,1348,636.3,506.2,0.03,-0.36,0.36,0,6.33
36285,1348,636.3,506.1,0.03,-0.36,0.36,0,10.11
36286,1348,636.3,506.1,0.03,-0.36,0.36,0,12.23
36287,1348,636.3,506.1,0.03,-0.36,0.36,0,14.65
36319,1351,574.0,369.0,0.00,0.00,0.00,0,12.02
36320,1351,574.0,369.0,0.00,0.00,0.00,0,14.05
36321,1351,574.0,369.0,0.00,0.00,0.00,0,16.09
36323,1351,574.0,369.0,0.00,0.00,0.00,0,19.88
36356,1353,963.0,1268.0,0.00,0.00,0.00,0,12.01
36356,1354,963.0,1278.0,0.00,0.00,0.00,0,12.01
36358,1355,967.0,1254.0,0.00,0.00,0.00,0,12.01
36358,1356,964.0,1262.0,0.00,0.00,0.00,0,12.01
36359,1355,967.3,1253.3,0.01,-0.02,0.02,0,7.47
36359,1356,964.0,1262.0,0.00,0.00,0.00,0,14.03
36360,1355,967.8,1252.2,0.03,-0.08,0.09,0,6.31
36362,1355,967.8,1252.2,0.03,-0.08,0.09,0,10.00
36363,1355,967.8,1252.2,0.03,-0.08,0.09,0,12.12
36364,1355,967.8,1252.2,0.03,-0.08,0.09,0,14.46
36396,1357,600.0,836.0,0.00,0.00,0.00,0,12.03
36397,1357,601.0,836.7,0.05,0.03,0.06,0,7.48
36397,1358,593.0,826.0,0.00,0.00,0.00,0,12.01
36398,1357,599.2,834.4,-0.09,-0.14,0.16,0,6.30
36398,1358,591.0,823.4,-0.04,-0.06,0.07,0,7.46
36400,1357,599.2,834.4,-0.09,-0.14,0.16,0,9.82
36400,1358,591.0,823.4,-0.04,-0.06,0.07,0,10.70
36401,1357,599.2,834.4,-0.09,-0.14,0.16,0,11.93
36401,1358,591.0,823.4,-0.04,-0.06,0.07,0,12.80
36402,1357,599.2,834.4,-0.09,-0.14,0.16,0,14.31
36402,1358,591.0,823.4,-0.04,-0.06,0.07,0,15.12
36621,1359,589.0,1124.0,0.00,0.00,0.00,0,12.01
36622,1359,589.3,1124.3,0.01,0.01,0.01,0,7.47
36623,1359,593.9,1126.6,0.30,0.15,0.34,0,6.31
36625,1359,594.0,1126.6,0.30,0.15,0.34,0,9.97
36626,1359,594.0,1126.6,0.30,0.15,0.34,0,12.13
36627,1359,594.0,1126.6,0.30,0.15,0.34,0,14.47
36658,1360,835.0,1130.0,0.00,0.00,0.00,0,12.01
36659,1360,838.0,1130.3,0.07,0.01,0.07,0,7.51
36660,1360,842.1,1130.8,0.52,0.05,0.52,0,6.32
36662,1360,842.2,1130.8,0.52,0.05,0.52,0,9.97
36663,1360,842.3,1130.8,0.52,0.05,0.52,0,12.30
36664,1360,842.3,1130.8,0.52,0.05,0.52,0,14.66
36695,1361,627.0,696.0,0.00,0.00,0.00,0,12.01
36695,1362,633.0,708.0,0.00,0.00,0.00,0,12.01
36695,1363,1121.0,938.0,0.00,0.00,0.00,0,12.01
36695,1364,1093.0,944.0,0.00,0.00,0.00,0,12.01
36695,1365,1099.0,942.0,0.00,0.00,0.00,0,12.01
36697,1367,620.0,671.0,0.00,0.00,0.00,0,12.01
36697,1368,623.0,684.0,0.00,0.00,0.00,0,12.01
36697,1369,1160.0,919.0,0.00,0.00,0.00,0,12.01
36697,1370,1139.0,931.0,0.00,0.00,0.00,0,12.01
36698,1367,620.0,671.3,0.00,0.01,0.01,0,7.46
36698,1368,621.4,676.1,-0.03,-0.17,0.17,0,7.46
36698,1369,1159.3,919.3,-0.01,0.01,0.02,0,7.46
36698,1370,1139.0,931.0,0.00,0.00,0.00,0,14.02
36698,1371,1175.0,910.0,0.00,0.00,0.00,0,12.00
36699,1367,619.5,667.4,-0.02,-0.16,0.16,0,6.29
36699,1369,1162.8,917.2,0.14,-0.08,0.16,0,6.29
36699,1370,1139.0,931.0,0.00,0.00,0.00,0,16.04
36701,1367,619.5,667.4,-0.02,-0.16,0.16,0,9.74
36701,1369,1162.9,917.2,0.14,-0.08,0.16,0,9.74
36701,1370,1139.0,931.0,0.00,0.00,0.00,0,19.64
36702,1367,619.5,667.3,-0.02,-0.16,0.16,0,11.97
36702,1369,1162.9,917.2,0.14,-0.08,0.16,0,11.97
36703,1367,619.5,667.3,-0.02,-0.16,0.16,0,14.30
36703,1369,1162.9,917.2,0.14,-0.08,0.16,0,14.30
36734,1372,528.0,594.0,0.00,0.00,0.00,0,12.01
36734,1373,524.0,604.0,0.00,0.00,0.00,0,12.01
36736,1374,534.0,573.0,0.00,0.00,0.00,0,12.01
36736,1375,531.0,585.0,0.00,0.00,0.00,0,12.01
36737,1374,534.0,573.3,0.00,0.01,0.01,0,7.46
36737,1375,533.3,577.1,0.05,-0.17,0.17,0,7.46
36738,1374,535.0,570.4,0.05,-0.12,0.13,0,6.30
36740,1374,535.0,570.4,0.05,-0.12,0.13,0,9.92
36741,1374,535.0,570.4,0.05,-0.12,0.13,0,12.07
36742,1374,535.0,570.4,0.05,-0.12,0.13,0,14.40
36777,1376,496.0,245.0,0.00,0.00,0.00,0,12.00
36778,1376,496.0,245.0,0.00,0.00,0.00,0,14.03
36779,1376,496.0,245.0,0.00,0.00,0.00,0,16.07
36781,1376,496.0,245.0,0.00,0.00,0.00,0,19.88
36818,1377,361.0,1001.0,0.00,0.00,0.00,0,12.01
36818,1378,359.0,1018.0,0.00,0.00,0.00,0,12.01
36820,1379,369.0,969.0,0.00,0.00,0.00,0,12.01
36820,1380,364.0,986.0,0.00,0.00,0.00,0,12.01
36821,1379,369.0,969.7,0.00,0.02,0.02,0,7.47
36821,1380,366.9,975.5,0.07,-0.25,0.26,0,7.47
36822,1379,370.0,965.9,0.07,-0.23,0.24,0,6.31
36824,1379,370.0,965.8,0.07,-0.23,0.24,0,9.99
36825,1379,370.0,965.8,0.07,-0.23,0.24,0,12.12
36826,1379,370.1,965.8,0.07,-0.23,0.24,0,14.52
36857,1381,501.0,1065.0,0.00,0.00,0.00,0,12.01
36859,1384,517.0,1031.0,0.00,0.00,0.00,0,12.01
36859,1385,508.0,1049.0,0.00,0.00,0.00,0,12.01
36860,1384,516.7,1031.3,-0.01,0.01,0.01,0,7.47
36860,1385,513.2,1038.8,0.12,-0.23,0.25,0,7.47
36861,1384,518.3,1028.2,0.10,-0.19,0.22,0,6.31
36863,1384,518.3,1028.1,0.10,-0.19,0.22,0,9.97
36864,1384,518.3,1028.1,0.10,-0.19,0.22,0,12.13
36865,1384,518.3,1028.1,0.10,-0.19,0.22,0,14.48
36896,1387,1156.0,760.0,0.00,0.00,0.00,0,12.01
36896,1388,1143.0,774.0,0.00,0.00,0.00,0,12.01
36898,1389,1195.0,724.0,0.00,0.00,0.00,0,12.01
36899,1389,1195.3,723.7,0.01,-0.01,0.01,0,7.47
36900,1389,1195.3,723.7,0.01,-0.01,0.01,0,9.51
36902,1389,1195.3,723.7,0.01,-0.01,0.01,0,13.29
36903,1389,1195.3,723.7,0.01,-0.01,0.01,0,15.44
36953,1391,605.0,1268.0,0.00,0.00,0.00,0,12.01
36954,1391,605.0,1268.0,0.00,0.00,0.00,0,14.04
36955,1391,605.0,1268.0,0.00,0.00,0.00,0,16.09
36955,1392,655.0,1276.0,0.00,0.00,0.00,0,12.01
36955,1393,664.0,1277.0,0.00,0.00,0.00,0,12.01
36957,1391,605.0,1268.0,0.00,0.00,0.00,0,19.99
36957,1392,655.0,1276.0,0.00,0.00,0.00,0,15.15
36957,1393,664.0,1277.0,0.00,0.00,0.00,0,15.15
36958,1392,655.0,1276.0,0.00,0.00,0.00,0,17.24
36958,1393,664.0,1277.0,0.00,0.00,0.00,0,17.24
36959,1392,655.0,1276.0,0.00,0.00,0.00,0,19.53
36959,1393,664.0,1277.0,0.00,0.00,0.00,0,19.53
37000,1394,586.0,1329.0,0.00,0.00,0.00,0,12.01
37001,1394,586.0,1329.0,0.00,0.00,0.00,0,14.04
37002,1394,586.0,1329.0,0.00,0.00,0.00,0,16.09
37004,1394,586.0,1329.0,0.00,0.00,0.00,0,19.95
37037,1395,805.0,1283.0,0.00,0.00,0.00,0,12.01
37038,1395,805.0,1283.0,0.00,0.00,0.00,0,14.06
37039,1395,805.0,1283.0,0.00,0.00,0.00,0,16.11
37041,1395,805.0,1283.0,0.00,0.00,0.00,0,19.98
37112,1396,759.0,1186.0,0.00,0.00,0.00,0,12.01
37114,1398,775.0,1197.0,0.00,0.00,0.00,0,12.01
37115,1398,778.6,1198.3,0.09,0.03,0.10,0,7.48
37116,1398,783.6,1200.0,0.42,0.15,0.45,0,6.31
37118,1398,783.7,1200.1,0.42,0.15,0.45,0,9.95
37119,1398,783.7,1200.1,0.42,0.15,0.45,0,12.13
37120,1398,783.7,1200.1,0.42,0.15,0.45,0,14.47
37783,1399,658.0,1350.0,0.00,0.00,0.00,0,12.01
37784,1399,656.4,1350.7,-0.04,0.02,0.05,0,7.48
37784,1400,665.0,1347.0,0.00,0.00,0.00,0,12.01
37785,1399,658.3,1350.5,0.09,0.01,0.09,0,6.31
37787,1399,658.3,1350.5,0.09,0.01,0.09,0,9.97
37788,1399,658.4,1350.5,0.09,0.01,0.09,0,12.13
37789,1399,658.4,1350.5,0.09,0.01,0.09,0,14.48
37910,1401,828.0,857.0,0.00,0.00,0.00,0,12.01
37911,1401,828.0,857.0,0.00,0.00,0.00,0,14.04
37912,1401,828.0,857.0,0.00,0.00,0.00,0,16.09
37914,1401,828.0,857.0,0.00,0.00,0.00,0,19.98
38304,1402,593.0,1320.0,0.00,0.00,0.00,0,12.01
38305,1402,592.7,1320.3,-0.01,0.01,0.01,0,7.48
38305,1403,594.0,1313.0,0.00,0.00,0.00,0,12.01
38306,1402,592.8,1319.0,-0.00,-0.08,0.08,0,6.31
38306,1403,595.3,1311.4,0.03,-0.04,0.05,0,7.47
38308,1402,592.8,1318.9,-0.00,-0.08,0.08,0,10.00
38308,1403,595.3,1311.4,0.03,-0.04,0.05,0,10.89
38309,1402,592.8,1318.9,-0.00,-0.08,0.08,0,12.12
38309,1403,595.3,1311.3,0.03,-0.04,0.05,0,12.99
38310,1402,592.8,1318.9,-0.00,-0.08,0.08,0,14.47
38310,1403,595.3,1311.3,0.03,-0.04,0.05,0,15.29
38341,1404,1009.0,1326.0,0.00,0.00,0.00,0,12.01
38342,1404,1008.0,1326.7,-0.02,0.02,0.03,0,7.53
38343,1404,1008.0,1326.7,-0.02,0.02,0.03,0,9.58
38345,1404,1008.0,1326.7,-0.02,0.02,0.03,0,13.52
38346,1404,1008.0,1326.7,-0.02,0.02,0.03,0,15.72
38378,1405,1450.0,1205.0,0.00,0.00,0.00,0,12.01
38378,1406,1136.0,1372.0,0.00,0.00,0.00,0,12.01
38380,1407,1451.0,1203.0,0.00,0.00,0.00,0,12.01
38381,1407,1451.0,1203.0,0.00,0.00,0.00,0,14.02
38382,1407,1451.0,1203.0,0.00,0.00,0.00,0,16.06
38384,1407,1451.0,1203.0,0.00,0.00,0.00,0,19.86
38419,1408,522.0,1053.0,0.00,0.00,0.00,0,12.01
38420,1408,522.3,1053.0,0.01,0.00,0.01,0,7.46
38420,1409,506.0,1052.0,0.00,0.00,0.00,0,12.00
38421,1408,518.4,1052.7,-0.15,-0.01,0.15,0,6.29
38423,1408,518.4,1052.7,-0.15,-0.01,0.15,0,9.82
38424,1408,518.3,1052.7,-0.15,-0.01,0.15,0,11.99
38425,1408,518.3,1052.7,-0.15,-0.01,0.15,0,14.32
38487,1410,1334.0,1108.0,0.00,0.00,0.00,0,12.01
38488,1410,1334.0,1108.0,0.00,0.00,0.00,0,14.04
38489,1410,1335.1,1108.7,0.05,0.03,0.06,0,7.87
38489,1411,1328.0,1111.0,0.00,0.00,0.00,0,12.01
38491,1410,1335.1,1108.7,0.05,0.03,0.06,0,11.57
38491,1411,1328.0,1111.0,0.00,0.00,0.00,0,15.16
38492,1410,1335.1,1108.7,0.05,0.03,0.06,0,13.68
38492,1411,1328.0,1111.0,0.00,0.00,0.00,0,17.24
38493,1410,1335.1,1108.7,0.05,0.03,0.06,0,16.08
38493,1411,1328.0,1111.0,0.00,0.00,0.00,0,19.53
38524,1412,988.0,789.0,0.00,0.00,0.00,0,12.01
38524,1413,999.0,795.0,0.00,0.00,0.00,0,12.01
38525,1412,987.7,788.7,-0.01,-0.01,0.01,0,7.48
38525,1413,999.0,795.0,0.00,0.00,0.00,0,14.04
38526,1412,987.7,788.7,-0.01,-0.01,0.01,0,9.51
38528,1412,987.7,788.7,-0.01,-0.01,0.01,0,13.25
38529,1412,987.7,788.7,-0.01,-0.01,0.01,0,15.47
38646,1414,919.0,280.0,0.00,0.00,0.00,0,12.01
38647,1414,919.0,280.0,0.00,0.00,0.00,0,7.48
38647,1415,910.0,294.0,0.00,0.00,0.00,0,12.01
38648,1414,916.7,283.3,-0.15,0.22,0.27,0,6.31
38648,1415,908.4,298.6,-0.04,0.11,0.12,0,7.47
38650,1414,916.6,283.4,-0.15,0.22,0.27,0,9.96
38650,1415,908.4,298.6,-0.04,0.11,0.12,0,10.86
38651,1414,916.6,283.4,-0.15,0.22,0.27,0,12.13
38651,1415,908.3,298.6,-0.04,0.11,0.12,0,13.00
38652,1414,916.6,283.4,-0.15,0.22,0.27,0,14.47
38652,1415,908.3,298.6,-0.04,0.11,0.12,0,15.29
38773,1416,1276.0,1187.0,0.00,0.00,0.00,0,12.01
38774,1416,1276.0,1187.0,0.00,0.00,0.00,0,14.04
38775,1416,1276.0,1187.0,0.00,0.00,0.00,0,16.09
38777,1416,1276.0,1187.0,0.00,0.00,0.00,0,20.00
38827,1419,590.0,578.0,0.00,0.00,0.00,0,12.01
38827,1420,557.0,593.0,0.00,0.00,0.00,0,12.01
38828,1419,589.3,578.7,-0.02,0.02,0.03,0,7.48
38828,1420,557.0,593.0,0.00,0.00,0.00,0,14.04
38828,1421,631.0,563.0,0.00,0.00,0.00,0,12.01
38829,1419,589.3,578.7,-0.02,0.02,0.03,0,9.52
38829,1420,557.0,593.0,0.00,0.00,0.00,0,16.09
38831,1419,589.3,578.7,-0.02,0.02,0.03,0,13.32
38831,1420,557.0,593.0,0.00,0.00,0.00,0,20.00
38832,1419,589.3,578.7,-0.02,0.02,0.03,0,15.44
38889,1423,579.0,1041.0,0.00,0.00,0.00,0,12.01
38890,1423,579.0,1041.0,0.00,0.00,0.00,0,7.48
38890,1424,591.0,1025.0,0.00,0.00,0.00,0,12.01
38891,1423,582.1,1036.9,0.20,-0.27,0.34,0,6.31
38891,1424,597.9,1017.5,0.17,-0.19,0.25,0,7.48
38891,1425,617.0,997.0,0.00,0.00,0.00,0,12.01
38893,1423,582.1,1036.8,0.20,-0.27,0.34,0,9.98
38893,1424,597.9,1017.4,0.17,-0.19,0.25,0,10.87
38893,1425,617.0,997.0,0.00,0.00,0.00,0,15.13
38894,1423,582.1,1036.8,0.20,-0.27,0.34,0,12.13
38894,1424,597.9,1017.4,0.17,-0.19,0.25,0,13.00
38894,1425,617.0,997.0,0.00,0.00,0.00,0,17.24
38895,1423,582.2,1036.8,0.20,-0.27,0.34,0,14.52
38895,1424,597.9,1017.4,0.17,-0.19,0.25,0,15.33
38895,1425,617.0,997.0,0.00,0.00,0.00,0,19.52
38953,1426,805.0,1230.0,0.00,0.00,0.00,0,12.01
38954,1426,805.0,1230.0,0.00,0.00,0.00,0,14.04
38955,1426,805.0,1230.0,0.00,0.00,0.00,0,16.09
38957,1426,805.0,1230.0,0.00,0.00,0.00,0,19.96
38995,1430,1328.0,1276.0,0.00,0.00,0.00,0,12.01
38995,1431,1289.0,1375.0,0.00,0.00,0.00,0,12.01
38995,1432,1419.0,1430.0,0.00,0.00,0.00,0,12.01
38996,1430,1328.0,1276.0,0.00,0.00,0.00,0,14.04
38996,1431,1289.0,1375.0,0.00,0.00,0.00,0,14.04
38996,1432,1419.0,1430.0,0.00,0.00,0.00,0,14.04
38997,1430,1328.0,1276.0,0.00,0.00,0.00,0,16.09
38997,1431,1289.0,1375.0,0.00,0.00,0.00,0,16.09
38997,1432,1419.0,1430.0,0.00,0.00,0.00,0,16.09
38999,1430,1328.0,1276.0,0.00,0.00,0.00,0,19.93
38999,1431,1289.0,1375.0,0.00,0.00,0.00,0,19.93
38999,1432,1419.0,1430.0,0.00,0.00,0.00,0,19.93
39059,1433,818.0,1379.0,0.00,0.00,0.00,0,12.01
39061,1435,840.0,1388.0,0.00,0.00,0.00,0,12.01
39061,1436,867.0,1396.0,0.00,0.00,0.00,0,12.01
39062,1435,840.0,1388.0,0.00,0.00,0.00,0,14.04
39062,1436,871.6,1394.7,0.12,-0.03,0.12,0,7.47
39063,1435,850.5,1390.8,0.49,0.13,0.50,0,7.87
39063,1436,876.3,1391.2,0.42,-0.26,0.50,0,6.30
39065,1435,850.7,1390.8,0.49,0.13,0.50,0,11.49
39065,1436,876.4,1391.1,0.42,-0.26,0.50,0,9.93
39066,1435,850.7,1390.8,0.49,0.13,0.50,0,13.68
39066,1436,876.4,1391.1,0.42,-0.26,0.50,0,12.12
39067,1435,850.7,1390.8,0.49,0.13,0.50,0,16.03
39067,1436,876.5,1391.1,0.42,-0.26,0.50,0,14.47
39182,1437,1300.0,1097.0,0.00,0.00,0.00,0,12.01
39183,1437,1302.9,1093.7,0.08,-0.08,0.11,0,7.48
39184,1437,1304.2,1092.5,0.16,-0.17,0.23,0,6.31
39184,1438,1319.0,1081.0,0.00,0.00,0.00,0,12.01
39186,1437,1304.3,1092.5,0.16,-0.17,0.23,0,9.93
39186,1438,1319.0,1081.0,0.00,0.00,0.00,0,15.10
39187,1437,1304.3,1092.5,0.16,-0.17,0.23,0,12.13
39187,1438,1319.0,1081.0,0.00,0.00,0.00,0,17.24
39188,1437,1304.3,1092.5,0.16,-0.17,0.23,0,14.52
39188,1438,1319.0,1081.0,0.00,0.00,0.00,0,19.52
39238,1439,793.0,915.0,0.00,0.00,0.00,0,12.01
39239,1439,792.0,915.7,-0.02,0.02,0.03,0,7.48
39239,1440,821.0,893.0,0.00,0.00,0.00,0,12.01
39239,1441,799.0,912.0,0.00,0.00,0.00,0,12.01
39240,1439,799.0,910.1,0.45,-0.37,0.58,0,6.31
39242,1439,799.1,910.0,0.45,-0.37,0.58,0,9.96
39243,1439,799.1,910.0,0.45,-0.37,0.58,0,12.13
39244,1439,799.1,910.0,0.45,-0.37,0.58,0,14.47
39297,1442,281.0,859.0,0.00,0.00,0.00,0,12.01
39298,1442,282.6,857.7,0.04,-0.03,0.05,0,7.47
39299,1442,283.0,857.5,0.06,-0.04,0.08,0,6.31
39299,1443,289.0,850.0,0.00,0.00,0.00,0,12.01
39301,1442,283.0,857.5,0.06,-0.04,0.08,0,9.97
39301,1443,289.0,850.0,0.00,0.00,0.00,0,15.13
39302,1442,283.0,857.5,0.06,-0.04,0.08,0,12.14
39302,1443,289.0,850.0,0.00,0.00,0.00,0,17.26
39303,1442,283.0,857.5,0.06,-0.04,0.08,0,14.48
39303,1443,289.0,850.0,0.00,0.00,0.00,0,19.50
39350,1444,330.0,668.0,0.00,0.00,0.00,0,12.01
39351,1444,330.0,668.0,0.00,0.00,0.00,0,14.04
39352,1444,330.0,668.0,0.00,0.00,0.00,0,16.09
39354,1444,330.0,668.0,0.00,0.00,0.00,0,19.97
39588,1445,892.0,1409.0,0.00,0.00,0.00,0,12.01
39589,1445,892.3,1408.3,0.01,-0.02,0.02,0,7.48
39589,1446,895.0,1391.0,0.00,0.00,0.00,0,12.01
39590,1445,893.0,1403.9,0.05,-0.31,0.31,0,6.31
39590,1446,896.3,1385.4,0.03,-0.14,0.14,0,7.48
39592,1445,893.0,1403.8,0.05,-0.31,0.31,0,9.98
39592,1446,896.3,1385.4,0.03,-0.14,0.14,0,10.88
39593,1445,893.0,1403.8,0.05,-0.31,0.31,0,12.12
39593,1446,896.3,1385.4,0.03,-0.14,0.14,0,12.99
39594,1445,893.0,1403.8,0.05,-0.31,0.31,0,14.52
39594,1446,896.3,1385.4,0.03,-0.14,0.14,0,15.34
39756,1447,318.0,717.0,0.00,0.00,0.00,0,12.01
39757,1447,317.7,716.7,-0.01,-0.01,0.01,0,7.47
39757,1448,345.0,727.0,0.00,0.00,0.00,0,12.01
39758,1447,324.2,719.1,0.42,0.15,0.44,0,6.31
39758,1448,354.5,730.9,0.24,0.10,0.25,0,7.48
39760,1447,324.3,719.1,0.42,0.15,0.44,0,9.98
39760,1448,354.6,731.0,0.24,0.10,0.25,0,10.87
39761,1447,324.3,719.1,0.42,0.15,0.44,0,12.14
39761,1448,354.6,731.0,0.24,0.10,0.25,0,13.01
39762,1447,324.3,719.1,0.42,0.15,0.44,0,14.48
39762,1448,354.6,731.0,0.24,0.10,0.25,0,15.30
39793,1449,622.0,850.0,0.00,0.00,0.00,0,12.01
39793,1450,607.0,855.0,0.00,0.00,0.00,0,12.01
39794,1449,617.7,851.3,-0.11,0.03,0.11,0,7.50
39794,1450,601.8,856.3,-0.13,0.03,0.13,0,7.50
39795,1449,611.4,853.3,-0.73,0.23,0.76,0,6.31
39797,1449,611.2,853.4,-0.73,0.23,0.76,0,9.96
39798,1449,611.2,853.4,-0.73,0.23,0.76,0,12.01
39799,1449,611.1,853.4,-0.73,0.23,0.76,0,14.35
39830,1451,683.0,1195.0,0.00,0.00,0.00,0,12.01
39831,1451,685.0,1193.4,0.05,-0.04,0.06,0,7.52
39832,1451,687.6,1191.5,0.34,-0.26,0.43,0,6.32
39834,1451,687.7,1191.4,0.34,-0.26,0.43,0,10.03
39835,1451,687.7,1191.4,0.34,-0.26,0.43,0,12.28
39836,1451,687.7,1191.4,0.34,-0.26,0.43,0,14.63
39868,1454,907.0,1166.0,0.00,0.00,0.00,0,12.04
39868,1455,897.0,1172.0,0.00,0.00,0.00,0,12.04
39869,1454,906.3,1166.3,-0.03,0.02,0.04,0,7.48
39869,1455,903.9,1168.4,0.34,-0.18,0.38,0,7.48
39870,1454,908.8,1165.2,0.15,-0.07,0.17,0,6.29
39872,1454,908.9,1165.2,0.15,-0.07,0.17,0,9.82
39873,1454,908.9,1165.2,0.15,-0.07,0.17,0,11.90
39874,1454,908.9,1165.2,0.15,-0.07,0.17,0,14.30
39979,1456,451.0,856.0,0.00,0.00,0.00,0,12.01
39979,1457,442.0,858.0,0.00,0.00,0.00,0,12.01
39980,1456,450.7,855.7,-0.01,-0.01,0.01,0,7.48
39980,1457,442.0,857.7,0.00,-0.01,0.01,0,7.48
39981,1456,450.7,855.7,-0.01,-0.01,0.01,0,9.52
39983,1456,450.7,855.7,-0.01,-0.01,0.01,0,13.29
39984,1456,450.7,855.7,-0.01,-0.01,0.01,0,15.46
40152,1458,516.0,705.0,0.00,0.00,0.00,0,12.01
40153,1458,514.0,706.0,-0.05,0.02,0.05,0,7.47
40153,1459,529.0,698.0,0.00,0.00,0.00,0,12.01
40154,1458,518.1,703.9,0.21,-0.11,0.24,0,6.31
40154,1459,533.6,695.1,0.11,-0.07,0.13,0,7.48
40156,1458,518.2,703.9,0.21,-0.11,0.24,0,9.96
40156,1459,533.6,695.0,0.11,-0.07,0.13,0,10.86
40157,1458,518.2,703.9,0.21,-0.11,0.24,0,12.13
40157,1459,533.6,695.0,0.11,-0.07,0.13,0,13.00
40158,1458,518.2,703.9,0.21,-0.11,0.24,0,14.53
40158,1459,533.6,695.0,0.11,-0.07,0.13,0,15.35
40204,1460,939.0,1431.0,0.00,0.00,0.00,0,12.00
40205,1460,938.3,1430.7,-0.01,-0.00,0.01,0,7.47
40206,1460,937.2,1429.7,-0.07,-0.05,0.09,0,6.30
40208,1460,937.2,1429.7,-0.07,-0.05,0.09,0,9.97
40209,1460,937.2,1429.7,-0.07,-0.05,0.09,0,12.09
40210,1460,937.2,1429.7,-0.07,-0.05,0.09,0,14.51
40278,1461,575.0,1232.0,0.00,0.00,0.00,0,12.01
40279,1461,574.0,1232.0,-0.02,0.00,0.02,0,7.47
40279,1462,592.0,1237.0,0.00,0.00,0.00,0,12.01
40280,1461,578.4,1233.3,0.26,0.08,0.27,0,6.31
40280,1462,597.2,1239.3,0.13,0.06,0.14,0,7.48
40282,1461,578.5,1233.3,0.26,0.08,0.27,0,9.98
40282,1462,597.3,1239.3,0.13,0.06,0.14,0,10.87
40283,1461,578.5,1233.3,0.26,0.08,0.27,0,12.12
40283,1462,597.3,1239.3,0.13,0.06,0.14,0,12.99
40284,1461,578.5,1233.3,0.26,0.08,0.27,0,14.46
40284,1462,597.3,1239.3,0.13,0.06,0.14,0,15.29
40321,1463,1154.0,658.0,0.00,0.00,0.00,0,12.02
40322,1463,1154.0,658.0,0.00,0.00,0.00,0,14.05
40323,1463,1154.0,658.0,0.00,0.00,0.00,0,16.08
40325,1463,1154.0,658.0,0.00,0.00,0.00,0,19.84
40397,1464,654.0,1271.0,0.00,0.00,0.00,0,12.01
40397,1465,660.0,1289.0,0.00,0.00,0.00,0,12.01
40399,1466,648.0,1258.0,0.00,0.00,0.00,0,12.01
40400,1466,645.1,1253.4,-0.07,-0.11,0.13,0,7.47
40401,1466,645.0,1253.4,-0.07,-0.11,0.13,0,9.52
40403,1466,645.0,1253.4,-0.07,-0.11,0.13,0,13.32
40404,1466,645.0,1253.4,-0.07,-0.11,0.13,0,15.46
40457,1467,1169.0,615.0,0.00,0.00,0.00,0,12.01
40457,1468,1149.0,616.0,0.00,0.00,0.00,0,12.01
40459,1469,1120.0,612.0,0.00,0.00,0.00,0,12.01
40459,1470,1135.0,615.0,0.00,0.00,0.00,0,12.01
40460,1469,1120.3,612.0,0.01,0.00,0.01,0,7.47
40460,1470,1126.5,612.4,-0.21,-0.06,0.22,0,7.47
40461,1469,1117.4,611.0,-0.17,-0.06,0.19,0,6.31
40463,1469,1117.4,611.0,-0.17,-0.06,0.19,0,9.99
40464,1469,1117.4,611.0,-0.17,-0.06,0.19,0,12.13
40465,1469,1117.4,611.0,-0.17,-0.06,0.19,0,14.48
40536,1471,769.0,1247.0,0.00,0.00,0.00,0,12.09
40537,1471,769.0,1247.0,0.00,0.00,0.00,0,14.14
40538,1471,769.0,1247.0,0.00,0.00,0.00,0,16.22
40540,1471,769.0,1247.0,0.00,0.00,0.00,0,20.42
40582,1472,1442.0,857.0,0.00,0.00,0.00,0,12.01
40583,1472,1442.3,856.7,0.01,-0.01,0.01,0,7.47
40583,1473,1427.0,861.0,0.00,0.00,0.00,0,12.01
40584,1472,1438.9,857.5,-0.22,0.05,0.22,0,6.31
40586,1472,1438.8,857.5,-0.22,0.05,0.22,0,10.02
40587,1472,1438.8,857.5,-0.22,0.05,0.22,0,12.13
40588,1472,1438.8,857.5,-0.22,0.05,0.22,0,14.54
40729,1474,971.0,298.0,0.00,0.00,0.00,0,12.01
40730,1474,971.3,297.0,0.01,-0.02,0.03,0,7.48
40731,1474,971.3,297.0,0.01,-0.02,0.03,0,9.52
40733,1474,971.3,297.0,0.01,-0.02,0.03,0,13.29
40734,1474,971.3,297.0,0.01,-0.02,0.03,0,15.46
40805,1475,548.0,369.0,0.00,0.00,0.00,0,12.01
40807,1477,567.0,365.0,0.00,0.00,0.00,0,12.01
40807,1478,557.0,367.0,0.00,0.00,0.00,0,12.01
40808,1477,568.0,365.0,0.03,0.00,0.03,0,7.48
40808,1478,557.0,367.0,0.00,0.00,0.00,0,14.04
40809,1477,570.3,365.0,0.18,0.00,0.18,0,6.31
40811,1477,570.4,365.0,0.18,0.00,0.18,0,9.97
40812,1477,570.4,365.0,0.18,0.00,0.18,0,12.13
40813,1477,570.4,365.0,0.18,0.00,0.18,0,14.47
40853,1479,843.0,181.0,0.00,0.00,0.00,0,12.01
40854,1479,845.6,178.4,0.07,-0.07,0.10,0,7.48
40855,1479,846.7,177.3,0.14,-0.14,0.20,0,6.31
40855,1480,857.0,163.0,0.00,0.00,0.00,0,12.01
40857,1479,846.8,177.2,0.14,-0.14,0.20,0,9.98
40857,1480,857.0,163.0,0.00,0.00,0.00,0,15.14
40858,1479,846.8,177.2,0.14,-0.14,0.20,0,12.13
40858,1480,857.0,163.0,0.00,0.00,0.00,0,17.24
40859,1479,846.8,177.2,0.14,-0.14,0.20,0,14.54
40859,1480,857.0,163.0,0.00,0.00,0.00,0,19.53
41000,1481,773.0,1280.0,0.00,0.00,0.00,0,12.01
41002,1483,843.0,1252.0,0.00,0.00,0.00,0,12.01
41002,1484,831.0,1257.0,0.00,0.00,0.00,0,12.01
41002,1485,804.0,1268.0,0.00,0.00,0.00,0,12.01
41003,1483,841.4,1253.0,-0.04,0.02,0.05,0,7.48
41003,1484,830.3,1257.3,-0.02,0.01,0.02,0,7.48
41003,1485,804.0,1268.0,0.00,0.00,0.00,0,14.04
41003,1486,874.0,1236.0,0.00,0.00,0.00,0,12.01
41004,1483,849.5,1248.9,0.51,-0.26,0.57,0,6.31
41004,1484,830.3,1257.3,-0.02,0.01,0.02,0,9.52
41004,1485,804.0,1268.0,0.00,0.00,0.00,0,16.09
41006,1483,849.6,1248.8,0.51,-0.26,0.57,0,10.01
41006,1484,830.3,1257.3,-0.02,0.01,0.02,0,13.34
41006,1485,804.0,1268.0,0.00,0.00,0.00,0,20.00
41007,1483,849.7,1248.8,0.51,-0.26,0.57,0,12.12
41007,1484,830.3,1257.3,-0.02,0.01,0.02,0,15.47
41008,1483,849.7,1248.8,0.51,-0.26,0.57,0,14.47
41040,1487,1458.0,996.0,0.00,0.00,0.00,0,12.04
41041,1487,1457.3,996.0,-0.04,0.00,0.04,0,7.49
41041,1488,1468.0,1007.0,0.00,0.00,0.00,0,12.01
41042,1487,1459.8,998.6,0.16,0.21,0.26,0,6.31
41042,1488,1471.3,1009.0,0.07,0.04,0.08,0,7.47
41044,1487,1459.9,998.6,0.16,0.21,0.26,0,10.00
41044,1488,1471.3,1009.0,0.07,0.04,0.08,0,10.84
41045,1487,1459.9,998.6,0.16,0.21,0.26,0,12.15
41045,1488,1471.3,1009.0,0.07,0.04,0.08,0,12.97
41046,1487,1459.9,998.6,0.16,0.21,0.26,0,14.50
41046,1488,1471.3,1009.0,0.07,0.04,0.08,0,15.27
41078,1489,1403.0,635.0,0.00,0.00,0.00,0,12.01
41079,1489,1403.0,635.0,0.00,0.00,0.00,0,14.03
41080,1489,1403.0,635.0,0.00,0.00,0.00,0,16.08
41082,1489,1403.0,635.0,0.00,0.00,0.00,0,19.92
41116,1492,1058.0,890.0,0.00,0.00,0.00,0,12.01
41116,1493,1045.0,894.0,0.00,0.00,0.00,0,12.01
41117,1492,1057.3,890.0,-0.02,0.00,0.02,0,7.47
41117,1493,1053.2,892.4,0.22,-0.04,0.23,0,7.47
41118,1492,1060.1,889.7,0.15,-0.02,0.15,0,6.31
41120,1492,1060.1,889.7,0.15,-0.02,0.15,0,9.95
41121,1492,1060.1,889.7,0.15,-0.02,0.15,0,12.12
41122,1492,1060.1,889.7,0.15,-0.02,0.15,0,14.46
41171,1494,1407.0,615.0,0.00,0.00,0.00,0,12.01
41173,1496,1384.0,622.0,0.00,0.00,0.00,0,12.01
41174,1496,1377.8,624.9,-0.14,0.07,0.16,0,7.48
41175,1496,1377.8,625.0,-0.14,0.07,0.16,0,9.52
41177,1496,1377.7,625.0,-0.14,0.07,0.16,0,13.30
41178,1496,1377.7,625.0,-0.14,0.07,0.16,0,15.47
41221,1497,1437.0,1025.0,0.00,0.00,0.00,0,12.01
41222,1497,1437.0,1024.7,0.00,-0.01,0.01,0,7.48
41222,1498,1431.0,1016.0,0.00,0.00,0.00,0,12.01
41223,1497,1435.7,1022.4,-0.09,-0.16,0.18,0,6.31
41225,1497,1435.7,1022.4,-0.09,-0.16,0.18,0,9.93
41226,1497,1435.7,1022.4,-0.09,-0.16,0.18,0,12.13
41227,1497,1435.7,1022.4,-0.09,-0.16,0.18,0,14.47
41258,1499,869.0,737.0,0.00,0.00,0.00,0,12.01
41258,1500,885.0,746.0,0.00,0.00,0.00,0,12.01
41258,1501,1067.0,891.0,0.00,0.00,0.00,0,12.01
41258,1502,1390.0,941.0,0.00,0.00,0.00,0,12.01
41258,1503,1387.0,952.0,0.00,0.00,0.00,0,12.01
41260,1505,1106.0,875.0,0.00,0.00,0.00,0,12.01
41260,1506,1094.0,883.0,0.00,0.00,0.00,0,12.01
41260,1507,1376.0,978.0,0.00,0.00,0.00,0,12.01
41260,1508,1370.0,991.0,0.00,0.00,0.00,0,12.01
41261,1505,1107.3,874.0,0.03,-0.02,0.04,0,7.47
41261,1506,1094.0,883.0,0.00,0.00,0.00,0,14.03
41261,1507,1373.4,983.2,-0.06,0.12,0.14,0,7.47
41261,1508,1370.0,991.0,0.00,0.00,0.00,0,14.03
41262,1505,1110.1,871.7,0.21,-0.17,0.27,0,6.31
41262,1507,1373.4,983.2,-0.06,0.12,0.14,0,9.51
41264,1505,1110.1,871.6,0.21,-0.17,0.27,0,10.01
41264,1507,1373.4,983.3,-0.06,0.12,0.14,0,13.34
41265,1505,1110.1,871.6,0.21,-0.17,0.27,0,12.09
41265,1507,1373.4,983.3,-0.06,0.12,0.14,0,15.42
41266,1505,1110.1,871.6,0.21,-0.17,0.27,0,14.44
41298,1509,859.0,842.0,0.00,0.00,0.00,0,12.02
41299,1509,858.7,841.7,-0.01,-0.01,0.02,0,7.48
41299,1510,870.0,853.0,0.00,0.00,0.00,0,12.01
41300,1509,861.1,844.1,0.15,0.15,0.21,0,6.29
41300,1510,872.6,855.6,0.05,0.05,0.08,0,7.47
41302,1509,861.1,844.1,0.15,0.15,0.21,0,9.84
41302,1510,872.6,855.6,0.05,0.05,0.08,0,10.74
41303,1509,861.1,844.1,0.15,0.15,0.21,0,12.04
41303,1510,872.6,855.6,0.05,0.05,0.08,0,12.91
41304,1509,861.1,844.1,0.15,0.15,0.21,0,14.44
41304,1510,872.6,855.6,0.05,0.05,0.08,0,15.25
41351,1511,1200.0,1204.0,0.00,0.00,0.00,0,12.01
41352,1511,1200.0,1204.0,0.00,0.00,0.00,0,14.04
41353,1511,1200.0,1204.0,0.00,0.00,0.00,0,16.09
41355,1511,1200.0,1204.0,0.00,0.00,0.00,0,19.94
41483,1512,827.0,396.0,0.00,0.00,0.00,0,12.01
41484,1512,827.3,397.6,0.01,0.04,0.04,0,7.47
41485,1512,827.2,398.2,0.00,0.08,0.08,0,6.31
41485,1513,837.0,404.0,0.00,0.00,0.00,0,12.01
41487,1512,827.2,398.3,0.00,0.08,0.08,0,9.98
41487,1513,837.0,404.0,0.00,0.00,0.00,0,15.14
41488,1512,827.2,398.3,0.00,0.08,0.08,0,12.12
41488,1513,837.0,404.0,0.00,0.00,0.00,0,17.24
41489,1512,827.2,398.3,0.00,0.08,0.08,0,14.46
41489,1513,837.0,404.0,0.00,0.00,0.00,0,19.48
41630,1514,1280.0,543.0,0.00,0.00,0.00,0,12.01
41632,1516,1237.0,534.0,0.00,0.00,0.00,0,12.01
41633,1516,1237.0,534.0,0.00,0.00,0.00,0,14.04
41633,1517,1192.0,523.0,0.00,0.00,0.00,0,12.01
41634,1516,1237.0,534.0,0.00,0.00,0.00,0,16.09
41636,1516,1237.0,534.0,0.00,0.00,0.00,0,19.93
41808,1519,769.0,1367.0,0.00,0.00,0.00,0,12.01
41809,1519,768.3,1367.3,-0.02,0.01,0.02,0,7.47
41809,1520,782.0,1347.0,0.00,0.00,0.00,0,12.01
41810,1519,771.6,1362.4,0.20,-0.31,0.37,0,6.31
41810,1520,785.6,1337.8,0.09,-0.22,0.24,0,7.48
41812,1519,771.7,1362.3,0.20,-0.31,0.37,0,9.98
41812,1520,785.6,1337.8,0.09,-0.22,0.24,0,10.87
41813,1519,771.7,1362.3,0.20,-0.31,0.37,0,12.13
41813,1520,785.6,1337.8,0.09,-0.22,0.24,0,13.00
41814,1519,771.7,1362.3,0.20,-0.31,0.37,0,14.47
41814,1520,785.6,1337.8,0.09,-0.22,0.24,0,15.29
41891,1521,712.0,1347.0,0.00,0.00,0.00,0,12.01
41893,1523,701.0,1237.0,0.00,0.00,0.00,0,12.01
41893,1524,694.0,1253.0,0.00,0.00,0.00,0,12.01
41893,1525,686.0,1266.0,0.00,0.00,0.00,0,12.01
41893,1526,705.0,1309.0,0.00,0.00,0.00,0,12.01
41894,1523,699.7,1245.2,-0.03,0.20,0.20,0,7.47
41894,1524,691.1,1256.6,-0.07,0.09,0.11,0,7.47
41894,1525,686.0,1266.0,0.00,0.00,0.00,0,14.04
41894,1526,705.0,1309.0,0.00,0.00,0.00,0,14.04
41894,1527,678.0,1207.0,0.00,0.00,0.00,0,12.01
41894,1528,662.0,1207.0,0.00,0.00,0.00,0,12.01
41895,1523,695.1,1238.5,-0.33,-0.24,0.41,0,6.31
41895,1525,686.0,1266.0,0.00,0.00,0.00,0,16.09
41895,1526,705.0,1309.0,0.00,0.00,0.00,0,16.09
41897,1523,695.0,1238.4,-0.33,-0.24,0.41,0,9.95
41897,1525,686.0,1266.0,0.00,0.00,0.00,0,19.95
41897,1526,705.0,1309.0,0.00,0.00,0.00,0,19.95
41898,1523,695.0,1238.4,-0.33,-0.24,0.41,0,12.12
41899,1523,695.0,1238.4,-0.33,-0.24,0.41,0,14.52
41931,1530,801.0,1293.0,0.00,0.00,0.00,0,12.03
41932,1530,801.0,1293.0,0.00,0.00,0.00,0,14.07
41933,1530,801.0,1293.0,0.00,0.00,0.00,0,16.11
41935,1530,801.0,1293.0,0.00,0.00,0.00,0,19.92
42061,1533,1393.0,641.0,0.00,0.00,0.00,0,12.01
42062,1533,1394.3,642.6,0.03,0.04,0.05,0,7.48
42063,1533,1396.5,643.8,0.18,0.11,0.21,0,6.31
42065,1533,1396.6,643.8,0.18,0.11,0.21,0,9.97
42066,1533,1396.6,643.8,0.18,0.11,0.21,0,12.12
42067,1533,1396.6,643.8,0.18,0.11,0.21,0,14.52
42287,1534,1371.0,764.0,0.00,0.00,0.00,0,12.01
42289,1536,1352.0,793.0,0.00,0.00,0.00,0,12.01
42290,1536,1351.7,793.3,-0.01,0.01,0.01,0,7.48
42291,1536,1353.0,801.2,0.08,0.53,0.53,0,6.31
42293,1536,1353.1,801.4,0.08,0.53,0.53,0,9.96
42294,1536,1353.1,801.4,0.08,0.53,0.53,0,12.13
42295,1536,1353.1,801.4,0.08,0.53,0.53,0,14.48
42380,1537,1467.0,953.0,0.00,0.00,0.00,0,12.01
42382,1539,1474.0,945.0,0.00,0.00,0.00,0,12.01
42383,1539,1474.0,945.0,0.00,0.00,0.00,0,14.04
42384,1539,1474.0,945.0,0.00,0.00,0.00,0,16.09
42386,1539,1474.0,945.0,0.00,0.00,0.00,0,19.93
42516,1540,994.0,1302.0,0.00,0.00,0.00,0,12.01
42517,1540,994.0,1302.0,0.00,0.00,0.00,0,14.04
42518,1540,994.0,1302.0,0.00,0.00,0.00,0,16.09
42520,1540,994.0,1302.0,0.00,0.00,0.00,0,19.96
42571,1541,414.0,674.0,0.00,0.00,0.00,0,12.01
42572,1541,414.0,674.0,0.00,0.00,0.00,0,14.04
42573,1541,414.0,674.0,0.00,0.00,0.00,0,16.09
42575,1541,414.0,674.0,0.00,0.00,0.00,0,19.99
42689,1543,787.0,1246.0,0.00,0.00,0.00,0,12.01
42690,1543,787.3,1248.0,0.01,0.05,0.05,0,7.48
42691,1543,787.3,1248.0,0.01,0.05,0.05,0,9.52
42693,1543,787.3,1248.0,0.01,0.05,0.05,0,13.32
42694,1543,787.3,1248.0,0.01,0.05,0.05,0,15.46
42800,1544,578.0,484.0,0.00,0.00,0.00,0,12.01
42800,1545,1076.0,1260.0,0.00,0.00,0.00,0,12.01
42806,1546,1215.0,1318.0,0.00,0.00,0.00,0,12.01
42807,1546,1214.7,1318.0,-0.01,0.00,0.01,0,7.47
42808,1546,1217.6,1315.7,0.18,-0.15,0.23,0,6.31
42810,1546,1217.6,1315.6,0.18,-0.15,0.23,0,9.94
42811,1546,1217.6,1315.6,0.18,-0.15,0.23,0,12.12
42812,1546,1217.6,1315.6,0.18,-0.15,0.23,0,14.47
42844,1549,1415.0,1211.0,0.00,0.00,0.00,0,12.03
42845,1549,1415.0,1211.0,0.00,0.00,0.00,0,14.06
42846,1549,1415.0,1211.0,0.00,0.00,0.00,0,16.09
42848,1549,1415.0,1211.0,0.00,0.00,0.00,0,19.88
43005,1550,321.0,740.0,0.00,0.00,0.00,0,12.02
43006,1550,321.0,740.0,0.00,0.00,0.00,0,14.05
43007,1550,321.0,740.0,0.00,0.00,0.00,0,16.08
43009,1550,321.0,740.0,0.00,0.00,0.00,0,19.91
43065,1551,571.0,1160.0,0.00,0.00,0.00,0,12.01
43066,1551,570.3,1161.3,-0.02,0.03,0.04,0,7.48
43066,1552,583.0,1145.0,0.00,0.00,0.00,0,12.01
43067,1551,573.3,1157.4,0.18,-0.23,0.29,0,6.31
43067,1552,587.9,1140.1,0.12,-0.12,0.18,0,7.48
43069,1551,573.4,1157.3,0.18,-0.23,0.29,0,9.96
43069,1552,587.9,1140.1,0.12,-0.12,0.18,0,10.85
43070,1551,573.4,1157.3,0.18,-0.23,0.29,0,12.12
43070,1552,588.0,1140.0,0.12,-0.12,0.18,0,12.99
43071,1551,573.4,1157.3,0.18,-0.23,0.29,0,14.46
43071,1552,588.0,1140.0,0.12,-0.12,0.18,0,15.29
43180,1553,463.0,700.0,0.00,0.00,0.00,0,12.01
43181,1553,463.0,700.0,0.00,0.00,0.00,0,14.04
43182,1553,463.0,700.0,0.00,0.00,0.00,0,16.09
43184,1553,463.0,700.0,0.00,0.00,0.00,0,19.97
43250,1556,1121.0,650.0,0.00,0.00,0.00,0,12.01
43250,1557,1139.0,658.0,0.00,0.00,0.00,0,12.01
43252,1558,1157.0,666.0,0.00,0.00,0.00,0,12.01
43252,1559,1178.0,679.0,0.00,0.00,0.00,0,12.01
43253,1558,1163.2,669.6,0.16,0.09,0.19,0,7.48
43253,1559,1182.9,682.3,0.13,0.09,0.15,0,7.48
43254,1558,1170.6,674.3,0.66,0.41,0.78,0,6.31
43254,1559,1188.6,686.8,0.51,0.39,0.65,0,6.31
43256,1558,1170.8,674.5,0.66,0.41,0.78,0,9.97
43256,1559,1188.7,686.9,0.51,0.39,0.65,0,9.97
43257,1558,1170.8,674.5,0.66,0.41,0.78,0,12.14
43257,1559,1188.8,687.0,0.51,0.39,0.65,0,12.14
43258,1558,1170.8,674.5,0.66,0.41,0.78,0,14.48
43258,1559,1188.8,687.0,0.51,0.39,0.65,0,14.48
43591,1560,908.0,362.0,0.00,0.00,0.00,0,12.01
43592,1560,908.0,361.7,0.00,-0.01,0.01,0,7.48
43592,1561,898.0,368.0,0.00,0.00,0.00,0,12.01
43593,1560,905.4,363.3,-0.17,0.10,0.20,0,6.31
43595,1560,905.4,363.3,-0.17,0.10,0.20,0,9.95
43596,1560,905.4,363.3,-0.17,0.10,0.20,0,12.13
43597,1560,905.4,363.3,-0.17,0.10,0.20,0,14.47
43628,1562,627.0,433.0,0.00,0.00,0.00,0,12.01
43629,1562,637.8,430.1,0.27,-0.07,0.28,0,7.48
43630,1562,637.8,430.0,0.27,-0.07,0.28,0,9.52
43632,1562,637.9,430.0,0.27,-0.07,0.28,0,13.28
43633,1562,637.9,430.0,0.27,-0.07,0.28,0,15.46
43710,1563,637.0,226.0,0.00,0.00,0.00,0,12.01
43711,1563,639.9,225.0,0.07,-0.02,0.08,0,7.47
43712,1563,641.5,224.5,0.18,-0.06,0.18,0,6.31
43712,1564,655.0,218.0,0.00,0.00,0.00,0,12.01
43714,1563,641.6,224.5,0.18,-0.06,0.18,0,9.97
43714,1564,655.0,218.0,0.00,0.00,0.00,0,15.14
43715,1563,641.6,224.5,0.18,-0.06,0.18,0,12.13
43715,1564,655.0,218.0,0.00,0.00,0.00,0,17.24
43716,1563,641.6,224.5,0.18,-0.06,0.18,0,14.47
43716,1564,655.0,218.0,0.00,0.00,0.00,0,19.49
43747,1565,691.0,741.0,0.00,0.00,0.00,0,12.01
43747,1566,683.0,751.0,0.00,0.00,0.00,0,12.01
43748,1565,689.7,742.3,-0.03,0.03,0.05,0,7.50
43748,1566,687.9,746.7,0.12,-0.11,0.16,0,7.50
43749,1565,690.5,741.7,0.05,-0.03,0.06,0,6.32
43751,1565,690.6,741.7,0.05,-0.03,0.06,0,9.94
43752,1565,690.6,741.7,0.05,-0.03,0.06,0,12.00
43753,1565,690.6,741.7,0.05,-0.03,0.06,0,14.34
43784,1567,1516.0,784.0,0.00,0.00,0.00,0,12.01
43786,1569,1555.0,781.0,0.00,0.00,0.00,0,12.01
43787,1569,1555.0,781.0,0.00,0.00,0.00,0,14.03
43788,1569,1555.0,781.0,0.00,0.00,0.00,0,16.08
43790,1569,1555.0,781.0,0.00,0.00,0.00,0,19.93
43835,1570,1554.0,778.0,0.00,0.00,0.00,0,12.01
43836,1570,1555.3,773.4,0.03,-0.11,0.12,0,7.48
43837,1570,1556.0,771.0,0.08,-0.27,0.28,0,6.31
43837,1571,1565.0,753.0,0.00,0.00,0.00,0,12.01
43839,1570,1556.0,770.9,0.08,-0.27,0.28,0,9.95
43839,1571,1565.0,753.0,0.00,0.00,0.00,0,15.12
43840,1570,1556.0,770.9,0.08,-0.27,0.28,0,12.13
43840,1571,1565.0,753.0,0.00,0.00,0.00,0,17.24
43841,1570,1556.0,770.9,0.08,-0.27,0.28,0,14.52
43841,1571,1565.0,753.0,0.00,0.00,0.00,0,19.52
43873,1574,1397.0,616.0,0.00,0.00,0.00,0,12.04
43873,1575,1382.0,622.0,0.00,0.00,0.00,0,12.04
43874,1574,1396.7,616.0,-0.02,0.00,0.02,0,7.48
43874,1575,1390.2,618.4,0.41,-0.18,0.44,0,7.48
43875,1574,1399.8,614.5,0.23,-0.12,0.26,0,6.30
43877,1574,1399.9,614.4,0.23,-0.12,0.26,0,9.79
43878,1574,1399.9,614.4,0.23,-0.12,0.26,0,11.90
43879,1574,1399.9,614.4,0.23,-0.12,0.26,0,14.23
43910,1576,1039.0,788.0,0.00,0.00,0.00,0,12.01
43911,1576,1037.4,787.3,-0.04,-0.02,0.04,0,7.48
43912,1576,1035.2,786.5,-0.20,-0.08,0.21,0,6.30
43914,1576,1035.2,786.5,-0.20,-0.08,0.21,0,9.92
43915,1576,1035.2,786.5,-0.20,-0.08,0.21,0,12.11
43916,1576,1035.1,786.5,-0.20,-0.08,0.21,0,14.50
44127,1577,579.0,1084.0,0.00,0.00,0.00,0,12.01
44128,1577,578.0,1085.3,-0.02,0.03,0.04,0,7.49
44128,1578,579.0,1062.0,0.00,0.00,0.00,0,12.02
44129,1577,578.5,1080.3,0.02,-0.41,0.41,0,6.31
44129,1578,578.7,1057.1,-0.01,-0.18,0.18,0,7.48
44131,1577,578.5,1080.2,0.02,-0.41,0.41,0,9.94
44131,1578,578.7,1057.0,-0.01,-0.18,0.18,0,10.83
44132,1577,578.5,1080.2,0.02,-0.41,0.41,0,12.01
44132,1578,578.7,1057.0,-0.01,-0.18,0.18,0,12.89
44133,1577,578.5,1080.2,0.02,-0.41,0.41,0,14.40
44133,1578,578.7,1057.0,-0.01,-0.18,0.18,0,15.22
44164,1579,1197.0,867.0,0.00,0.00,0.00,0,12.01
44165,1579,1197.3,867.3,0.01,0.01,0.01,0,7.48
44165,1580,1184.0,866.0,0.00,0.00,0.00,0,12.01
44166,1579,1194.2,866.7,-0.22,-0.04,0.23,0,6.30
44168,1579,1194.1,866.7,-0.22,-0.04,0.23,0,9.94
44169,1579,1194.1,866.7,-0.22,-0.04,0.23,0,12.11
44170,1579,1194.1,866.7,-0.22,-0.04,0.23,0,14.51
44201,1581,1253.0,1070.0,0.00,0.00,0.00,0,12.01
44201,1582,1110.0,1288.0,0.00,0.00,0.00,0,12.01
44201,1583,1101.0,1296.0,0.00,0.00,0.00,0,12.01
44203,1584,1265.0,1078.0,0.00,0.00,0.00,0,12.01
44203,1585,1128.0,1275.0,0.00,0.00,0.00,0,12.01
44203,1586,1118.0,1282.0,0.00,0.00,0.00,0,12.01
44204,1584,1267.6,1078.0,0.06,0.00,0.06,0,7.47
44204,1585,1129.3,1274.3,0.03,-0.01,0.03,0,7.47
44204,1586,1118.0,1282.0,0.00,0.00,0.00,0,14.03
44205,1584,1270.5,1076.7,0.23,-0.08,0.24,0,6.31
44205,1585,1131.5,1272.7,0.16,-0.11,0.20,0,6.31
44207,1584,1270.6,1076.7,0.23,-0.08,0.24,0,9.98
44207,1585,1131.6,1272.7,0.16,-0.11,0.20,0,9.98
44208,1584,1270.6,1076.7,0.23,-0.08,0.24,0,12.13
44208,1585,1131.6,1272.7,0.16,-0.11,0.20,0,12.13
44209,1584,1270.6,1076.7,0.23,-0.08,0.24,0,14.47
44209,1585,1131.6,1272.7,0.16,-0.11,0.20,0,14.47
44240,1587,1184.0,838.0,0.00,0.00,0.00,0,12.01
44240,1588,1185.0,848.0,0.00,0.00,0.00,0,12.01
44242,1589,1187.0,823.0,0.00,0.00,0.00,0,12.01
44242,1590,1185.0,832.0,0.00,0.00,0.00,0,12.01
44243,1589,1187.0,823.0,0.00,0.00,0.00,0,7.51
44243,1590,1187.9,824.5,0.06,-0.16,0.17,0,7.51
44244,1589,1188.5,819.6,0.16,-0.35,0.39,0,6.32
44246,1589,1188.6,819.5,0.16,-0.35,0.39,0,10.02
44247,1589,1188.6,819.5,0.16,-0.35,0.39,0,12.04
44248,1589,1188.6,819.5,0.16,-0.35,0.39,0,14.36
44323,1591,906.0,1431.0,0.00,0.00,0.00,0,12.01
44324,1591,905.7,1431.7,-0.01,0.02,0.02,0,7.47
44324,1592,912.0,1425.0,0.00,0.00,0.00,0,12.01
44325,1591,906.8,1430.2,0.06,-0.08,0.10,0,6.31
44327,1591,906.8,1430.2,0.06,-0.08,0.10,0,9.98
44328,1591,906.8,1430.2,0.06,-0.08,0.10,0,12.12
44329,1591,906.8,1430.2,0.06,-0.08,0.10,0,14.47
44360,1593,399.0,1161.0,0.00,0.00,0.00,0,12.01
44362,1595,410.0,1154.0,0.00,0.00,0.00,0,12.01
44362,1596,402.0,1158.0,0.00,0.00,0.00,0,12.01
44363,1595,411.0,1154.0,0.02,0.00,0.02,0,7.46
44363,1596,402.0,1158.0,0.00,0.00,0.00,0,14.02
44364,1595,413.3,1153.7,0.13,-0.01,0.13,0,6.29
44366,1595,413.3,1153.7,0.13,-0.01,0.13,0,9.83
44367,1595,413.3,1153.7,0.13,-0.01,0.13,0,12.01
44368,1595,413.3,1153.7,0.13,-0.01,0.13,0,14.34
44402,1597,1163.0,1247.0,0.00,0.00,0.00,0,12.01
44403,1597,1161.7,1247.0,-0.03,0.00,0.03,0,7.48
44404,1597,1161.7,1247.0,-0.03,0.00,0.03,0,9.52
44404,1598,1210.0,1245.0,0.00,0.00,0.00,0,12.01
44406,1597,1161.7,1247.0,-0.03,0.00,0.03,0,13.32
44406,1598,1210.0,1245.0,0.00,0.00,0.00,0,15.14
44407,1597,1161.7,1247.0,-0.03,0.00,0.03,0,15.46
44407,1598,1210.0,1245.0,0.00,0.00,0.00,0,17.24
44408,1598,1210.0,1245.0,0.00,0.00,0.00,0,19.53
44506,1599,1166.0,1124.0,0.00,0.00,0.00,0,12.01
44507,1599,1165.7,1124.0,-0.01,0.00,0.01,0,7.48
44507,1600,1191.0,1114.0,0.00,0.00,0.00,0,12.01
44507,1601,1173.0,1120.0,0.00,0.00,0.00,0,12.01
44508,1599,1172.2,1121.4,0.42,-0.17,0.46,0,6.31
44510,1599,1172.3,1121.4,0.42,-0.17,0.46,0,9.94
44511,1599,1172.3,1121.4,0.42,-0.17,0.46,0,12.13
44512,1599,1172.3,1121.4,0.42,-0.17,0.46,0,14.47
44548,1604,806.0,1400.0,0.00,0.00,0.00,0,12.01
44549,1604,806.0,1400.0,0.00,0.00,0.00,0,14.04
44550,1604,806.0,1400.0,0.00,0.00,0.00,0,16.09
44552,1604,806.0,1400.0,0.00,0.00,0.00,0,19.98
44704,1605,1522.0,793.0,0.00,0.00,0.00,0,12.01
44705,1605,1522.0,793.0,0.00,0.00,0.00,0,7.47
44705,1606,1501.0,790.0,0.00,0.00,0.00,0,12.01
44706,1605,1517.1,792.5,-0.32,-0.03,0.32,0,6.31
44708,1605,1517.0,792.5,-0.32,-0.03,0.32,0,9.98
44709,1605,1517.0,792.5,-0.32,-0.03,0.32,0,12.12
44710,1605,1517.0,792.5,-0.32,-0.03,0.32,0,14.47
44741,1607,1211.0,736.0,0.00,0.00,0.00,0,12.01
44741,1608,1196.0,750.0,0.00,0.00,0.00,0,12.01
44743,1610,1243.0,702.0,0.00,0.00,0.00,0,12.01
44743,1611,1227.0,721.0,0.00,0.00,0.00,0,12.01
44744,1610,1242.7,702.3,-0.01,0.01,0.01,0,7.47
44744,1611,1227.0,721.0,0.00,0.00,0.00,0,14.03
44744,1612,1257.0,685.0,0.00,0.00,0.00,0,12.01
44745,1610,1246.1,698.1,0.20,-0.25,0.32,0,6.31
44745,1611,1227.0,721.0,0.00,0.00,0.00,0,16.08
44747,1610,1246.2,698.1,0.20,-0.25,0.32,0,9.97
44747,1611,1227.0,721.0,0.00,0.00,0.00,0,19.95
44748,1610,1246.2,698.1,0.20,-0.25,0.32,0,12.13
44749,1610,1246.2,698.0,0.20,-0.25,0.32,0,14.48
44783,1613,446.0,505.0,0.00,0.00,0.00,0,12.01
44784,1613,446.0,505.0,0.00,0.00,0.00,0,14.03
44785,1613,446.0,505.0,0.00,0.00,0.00,0,16.09
44787,1613,446.0,505.0,0.00,0.00,0.00,0,19.99
44831,1614,1454.0,1049.0,0.00,0.00,0.00,0,12.01
44833,1616,1440.0,1033.0,0.00,0.00,0.00,0,12.01
44833,1617,1448.0,1042.0,0.00,0.00,0.00,0,12.01
44834,1616,1440.3,1033.3,0.01,0.01,0.01,0,7.48
44834,1617,1443.4,1036.8,-0.12,-0.13,0.18,0,7.48
44835,1616,1438.7,1031.7,-0.10,-0.10,0.14,0,6.31
44837,1616,1438.7,1031.7,-0.10,-0.10,0.14,0,9.98
44838,1616,1438.7,1031.7,-0.10,-0.10,0.14,0,12.13
44839,1616,1438.7,1031.7,-0.10,-0.10,0.14,0,14.52
44870,1618,1083.0,1413.0,0.00,0.00,0.00,0,12.01
44871,1618,1083.0,1413.0,0.00,0.00,0.00,0,14.04
44872,1618,1083.0,1413.0,0.00,0.00,0.00,0,16.09
44874,1618,1083.0,1413.0,0.00,0.00,0.00,0,20.00
44907,1619,1001.0,1203.0,0.00,0.00,0.00,0,12.01
44908,1619,1001.0,1201.0,0.00,-0.05,0.05,0,7.51
44909,1619,1000.7,1198.7,-0.03,-0.30,0.30,0,6.32
44909,1620,1204.0,798.0,0.00,0.00,0.00,0,12.01
44911,1619,1000.7,1198.6,-0.03,-0.30,0.30,0,9.96
44911,1620,1204.0,798.0,0.00,0.00,0.00,0,15.04
44912,1619,1000.7,1198.6,-0.03,-0.30,0.30,0,11.98
44912,1620,1204.0,798.0,0.00,0.00,0.00,0,17.06
44913,1619,1000.7,1198.6,-0.03,-0.30,0.30,0,14.36
44913,1620,1204.0,798.0,0.00,0.00,0.00,0,19.32
44944,1621,1160.0,1130.0,0.00,0.00,0.00,0,12.01
44945,1621,1162.0,1129.7,0.05,-0.01,0.05,0,7.53
44945,1622,1374.0,622.0,0.00,0.00,0.00,0,12.04
44946,1621,1164.6,1128.2,0.37,-0.19,0.41,0,6.33
44948,1621,1164.7,1128.2,0.37,-0.19,0.41,0,10.05
44949,1621,1164.7,1128.2,0.37,-0.19,0.41,0,12.24
44950,1621,1164.7,1128.1,0.37,-0.19,0.41,0,14.64
44981,1623,1249.0,804.0,0.00,0.00,0.00,0,12.01
44981,1624,1256.0,810.0,0.00,0.00,0.00,0,12.01
44983,1625,1268.0,820.0,0.00,0.00,0.00,0,12.01
44983,1626,1276.0,824.0,0.00,0.00,0.00,0,12.01
44984,1625,1270.3,821.3,0.05,0.03,0.06,0,7.47
44984,1626,1278.6,825.0,0.06,0.02,0.06,0,7.47
44985,1625,1273.8,822.8,0.27,0.12,0.29,0,6.30
44987,1625,1273.9,822.8,0.27,0.12,0.29,0,9.94
44988,1625,1273.9,822.8,0.27,0.12,0.29,0,12.10
44989,1625,1273.9,822.8,0.27,0.12,0.29,0,14.45
45024,1627,1067.0,1103.0,0.00,0.00,0.00,0,12.01
45025,1627,1055.5,1103.3,-0.29,0.01,0.29,0,7.48
45026,1627,1049.5,1103.5,-0.69,0.02,0.70,0,6.31
45026,1628,1020.0,1104.0,0.00,0.00,0.00,0,12.01
45028,1627,1049.3,1103.5,-0.69,0.02,0.70,0,9.96
45028,1628,1020.0,1104.0,0.00,0.00,0.00,0,15.12
45029,1627,1049.3,1103.5,-0.69,0.02,0.70,0,12.12
45029,1628,1020.0,1104.0,0.00,0.00,0.00,0,17.24
45030,1627,1049.2,1103.5,-0.69,0.02,0.70,0,14.52
45030,1628,1020.0,1104.0,0.00,0.00,0.00,0,19.52
45102,1629,836.0,1417.0,0.00,0.00,0.00,0,12.01
45103,1629,838.0,1414.7,0.05,-0.06,0.08,0,7.48
45104,1629,840.3,1412.2,0.22,-0.24,0.33,0,6.31
45106,1629,840.4,1412.1,0.22,-0.24,0.33,0,9.96
45107,1629,840.4,1412.1,0.22,-0.24,0.33,0,12.09
45108,1629,840.4,1412.1,0.22,-0.24,0.33,0,14.43
45299,1630,1204.0,1212.0,0.00,0.00,0.00,0,12.01
45301,1632,1213.0,1199.0,0.00,0.00,0.00,0,12.01
45302,1632,1213.0,1199.0,0.00,0.00,0.00,0,14.04
45303,1632,1213.0,1199.0,0.00,0.00,0.00,0,16.09
45305,1632,1213.0,1199.0,0.00,0.00,0.00,0,19.96
45400,1636,785.0,1272.0,0.00,0.00,0.00,0,12.01
45401,1636,795.5,1271.7,0.26,-0.01,0.26,0,7.47
45402,1636,795.5,1271.7,0.26,-0.01,0.26,0,9.52
45404,1636,795.6,1271.7,0.26,-0.01,0.26,0,13.30
45405,1636,795.6,1271.7,0.26,-0.01,0.26,0,15.46
45556,1637,539.0,612.0,0.00,0.00,0.00,0,12.01
45557,1637,539.7,612.0,0.02,0.00,0.02,0,7.48
45557,1638,560.0,616.0,0.00,0.00,0.00,0,12.01
45558,1637,544.6,612.8,0.35,0.05,0.36,0,6.31
45560,1637,544.7,612.8,0.35,0.05,0.36,0,9.99
45561,1637,544.7,612.8,0.35,0.05,0.36,0,12.13
45562,1637,544.7,612.8,0.35,0.05,0.36,0,14.47
45593,1639,1335.0,881.0,0.00,0.00,0.00,0,12.01
45593,1640,1333.0,893.0,0.00,0.00,0.00,0,12.01
45595,1641,1336.0,866.0,0.00,0.00,0.00,0,12.01
45596,1641,1336.3,861.4,0.01,-0.09,0.09,0,7.46
45596,1642,787.0,539.0,0.00,0.00,0.00,0,12.00
45596,1643,777.0,569.0,0.00,0.00,0.00,0,12.00
45597,1641,1338.6,852.1,0.10,-0.49,0.50,0,6.29
45599,1641,1338.6,851.9,0.10,-0.49,0.50,0,9.76
45600,1641,1338.6,851.9,0.10,-0.49,0.50,0,11.97
45601,1641,1338.6,851.9,0.10,-0.49,0.50,0,14.30
45632,1644,777.0,975.0,0.00,0.00,0.00,0,12.01
45632,1645,791.0,1001.0,0.00,0.00,0.00,0,12.01
45634,1647,767.0,957.0,0.00,0.00,0.00,0,12.01
45635,1647,763.7,951.8,-0.07,-0.11,0.12,0,7.46
45635,1648,747.0,918.0,0.00,0.00,0.00,0,12.00
45636,1647,763.7,951.8,-0.07,-0.11,0.12,0,9.49
45638,1647,763.7,951.7,-0.07,-0.11,0.12,0,13.16
45639,1647,763.7,951.7,-0.07,-0.11,0.12,0,15.32
45709,1649,341.0,871.0,0.00,0.00,0.00,0,12.01
45710,1649,341.0,871.0,0.00,0.00,0.00,0,14.04
45710,1650,387.0,856.0,0.00,0.00,0.00,0,12.01
45711,1649,341.0,871.0,0.00,0.00,0.00,0,16.09
45713,1649,341.0,871.0,0.00,0.00,0.00,0,19.96
45851,1652,793.0,1033.0,0.00,0.00,0.00,0,12.01
45851,1653,802.0,1031.0,0.00,0.00,0.00,0,12.01
45853,1654,851.0,1031.0,0.00,0.00,0.00,0,12.01
45854,1654,851.0,1031.0,0.00,0.00,0.00,0,14.04
45855,1654,851.0,1031.0,0.00,0.00,0.00,0,16.08
45857,1654,851.0,1031.0,0.00,0.00,0.00,0,19.93
45890,1655,1026.0,1141.0,0.00,0.00,0.00,0,12.01
45890,1656,1038.0,1152.0,0.00,0.00,0.00,0,12.01
45893,1657,991.0,1115.0,0.00,0.00,0.00,0,12.01
45894,1657,991.0,1115.0,0.00,0.00,0.00,0,14.04
45895,1657,991.0,1115.0,0.00,0.00,0.00,0,16.09
45895,1658,947.0,1080.0,0.00,0.00,0.00,0,12.01
45897,1657,991.0,1115.0,0.00,0.00,0.00,0,19.98
45897,1658,947.0,1080.0,0.00,0.00,0.00,0,15.14
45898,1658,947.0,1080.0,0.00,0.00,0.00,0,17.25
45899,1658,947.0,1080.0,0.00,0.00,0.00,0,19.50
45931,1661,791.0,1179.0,0.00,0.00,0.00,0,12.03
45931,1662,770.0,1192.0,0.00,0.00,0.00,0,12.03
45932,1661,784.8,1182.9,-0.31,0.19,0.36,0,7.48
45932,1662,770.0,1192.0,0.00,0.00,0.00,0,14.07
45933,1661,784.8,1182.9,-0.31,0.19,0.36,0,9.51
45935,1661,784.7,1183.0,-0.31,0.19,0.36,0,13.16
45936,1661,784.7,1183.0,-0.31,0.19,0.36,0,15.25
46102,1663,283.0,796.0,0.00,0.00,0.00,0,12.01
46103,1663,283.0,796.0,0.00,0.00,0.00,0,14.04
46104,1663,283.0,796.0,0.00,0.00,0.00,0,16.09
46106,1663,283.0,796.0,0.00,0.00,0.00,0,19.96
46139,1664,876.0,1298.0,0.00,0.00,0.00,0,12.01
46139,1665,871.0,1312.0,0.00,0.00,0.00,0,12.01
46141,1667,883.0,1258.0,0.00,0.00,0.00,0,12.01
46141,1668,882.0,1271.0,0.00,0.00,0.00,0,12.01
46141,1669,881.0,1277.0,0.00,0.00,0.00,0,12.01
46142,1667,883.0,1258.3,0.00,0.01,0.01,0,7.46
46142,1668,882.0,1261.8,0.00,-0.19,0.19,0,7.46
46142,1669,881.0,1277.0,0.00,0.00,0.00,0,14.02
46143,1667,882.7,1254.6,-0.01,-0.16,0.16,0,6.29
46143,1669,881.0,1277.0,0.00,0.00,0.00,0,16.06
46145,1667,882.7,1254.6,-0.01,-0.16,0.16,0,9.90
46145,1669,881.0,1277.0,0.00,0.00,0.00,0,19.82
46146,1667,882.7,1254.6,-0.01,-0.16,0.16,0,12.06
46147,1667,882.7,1254.6,-0.01,-0.16,0.16,0,14.39
46277,1670,450.0,961.0,0.00,0.00,0.00,0,12.01
46279,1672,481.0,978.0,0.00,0.00,0.00,0,12.01
46279,1673,513.0,1002.0,0.00,0.00,0.00,0,12.01
46280,1672,490.8,984.9,0.25,0.17,0.30,0,7.47
46280,1673,520.9,1009.9,0.20,0.20,0.28,0,7.47
46281,1673,524.2,1013.5,0.42,0.43,0.60,0,6.31
46281,1672,490.8,984.9,0.25,0.17,0.30,0,9.52
46283,1673,524.4,1013.6,0.42,0.43,0.60,0,9.96
46283,1672,490.9,984.9,0.25,0.17,0.30,0,13.29
46284,1673,524.4,1013.6,0.42,0.43,0.60,0,12.12
46284,1672,490.9,984.9,0.25,0.17,0.30,0,15.46
46285,1673,524.4,1013.6,0.42,0.43,0.60,0,14.47
46316,1676,700.0,1229.0,0.00,0.00,0.00,0,12.01
46316,1677,693.0,1246.0,0.00,0.00,0.00,0,12.01
46318,1679,726.0,1192.0,0.00,0.00,0.00,0,12.01
46318,1680,716.0,1201.0,0.00,0.00,0.00,0,12.01
46319,1679,726.0,1192.0,0.00,0.00,0.00,0,14.03
46319,1680,716.0,1201.0,0.00,0.00,0.00,0,14.03
46320,1679,734.8,1188.5,0.37,-0.15,0.40,0,7.86
46320,1680,716.0,1201.0,0.00,0.00,0.00,0,16.07
46322,1679,734.9,1188.5,0.37,-0.15,0.40,0,11.44
46322,1680,716.0,1201.0,0.00,0.00,0.00,0,19.84
46323,1679,734.9,1188.4,0.37,-0.15,0.40,0,13.64
46324,1679,734.9,1188.4,0.37,-0.15,0.40,0,15.98
46370,1681,792.0,883.0,0.00,0.00,0.00,0,12.01
46371,1681,791.7,883.0,-0.01,0.00,0.01,0,7.47
46372,1681,791.7,883.0,-0.01,0.00,0.01,0,9.52
46374,1681,791.7,883.0,-0.01,0.00,0.01,0,13.33
46375,1681,791.7,883.0,-0.01,0.00,0.01,0,15.48
46427,1682,864.0,1285.0,0.00,0.00,0.00,0,12.01
46428,1682,864.0,1285.0,0.00,0.00,0.00,0,14.04
46429,1682,865.1,1286.4,0.05,0.06,0.08,0,7.87
46431,1682,865.1,1286.4,0.05,0.06,0.08,0,11.56
46432,1682,865.1,1286.4,0.05,0.06,0.08,0,13.69
46433,1682,865.1,1286.4,0.05,0.06,0.08,0,16.04
47001,1683,896.0,1236.0,0.00,0.00,0.00,0,12.01
47002,1683,896.0,1235.3,0.00,-0.02,0.02,0,7.48
47002,1684,893.0,1203.0,0.00,0.00,0.00,0,12.01
47003,1683,895.5,1229.6,-0.03,-0.40,0.40,0,6.30
47003,1684,892.3,1197.8,-0.02,-0.13,0.13,0,7.47
47003,1685,891.0,1177.0,0.00,0.00,0.00,0,12.01
47005,1683,895.5,1229.5,-0.03,-0.40,0.40,0,9.91
47005,1684,892.3,1197.7,-0.02,-0.13,0.13,0,10.81
47005,1685,891.0,1177.0,0.00,0.00,0.00,0,15.09
47006,1683,895.5,1229.5,-0.03,-0.40,0.40,0,12.13
47006,1684,892.3,1197.7,-0.02,-0.13,0.13,0,13.00
47006,1685,891.0,1177.0,0.00,0.00,0.00,0,17.24
47007,1683,895.5,1229.5,-0.03,-0.40,0.40,0,14.47
47007,1684,892.3,1197.7,-0.02,-0.13,0.13,0,15.30
47007,1685,891.0,1177.0,0.00,0.00,0.00,0,19.49
47038,1686,1290.0,1079.0,0.00,0.00,0.00,0,12.01
47039,1686,1293.6,1074.7,0.09,-0.10,0.14,0,7.51
47039,1687,1319.0,1047.0,0.00,0.00,0.00,0,12.03
47040,1686,1299.9,1067.8,0.79,-0.87,1.17,0,6.32
47042,1686,1300.1,1067.6,0.79,-0.87,1.17,0,10.00
47043,1686,1300.1,1067.6,0.79,-0.87,1.17,0,12.28
47044,1686,1300.2,1067.5,0.79,-0.87,1.17,0,14.65
47135,1688,403.0,1139.0,0.00,0.00,0.00,0,12.01
47137,1690,401.0,1129.0,0.00,0.00,0.00,0,12.01
47138,1690,401.0,1129.0,0.00,0.00,0.00,0,14.04
47139,1690,401.0,1129.0,0.00,0.00,0.00,0,16.09
47141,1690,401.0,1129.0,0.00,0.00,0.00,0,19.95
47363,1691,582.0,1254.0,0.00,0.00,0.00,0,12.01
47365,1693,618.0,1248.0,0.00,0.00,0.00,0,12.01
47365,1694,598.0,1251.0,0.00,0.00,0.00,0,12.01
47366,1693,617.0,1248.0,-0.02,0.00,0.02,0,7.48
47366,1694,598.0,1251.0,0.00,0.00,0.00,0,14.04
47366,1695,641.0,1244.0,0.00,0.00,0.00,0,12.01
47367,1693,623.2,1247.0,0.38,-0.07,0.39,0,6.30
47367,1694,598.0,1251.0,0.00,0.00,0.00,0,16.09
47369,1693,623.3,1247.0,0.38,-0.07,0.39,0,9.94
47369,1694,598.0,1251.0,0.00,0.00,0.00,0,19.93
47370,1693,623.3,1247.0,0.38,-0.07,0.39,0,12.13
47371,1693,623.3,1246.9,0.38,-0.07,0.39,0,14.47
47414,1696,1063.0,323.0,0.00,0.00,0.00,0,12.01
47416,1698,1074.0,318.0,0.00,0.00,0.00,0,12.01
47417,1698,1074.0,318.0,0.00,0.00,0.00,0,14.04
47418,1698,1074.0,318.0,0.00,0.00,0.00,0,16.09
47420,1698,1074.0,318.0,0.00,0.00,0.00,0,20.00
47453,1699,453.0,770.0,0.00,0.00,0.00,0,12.01
47453,1700,479.0,773.0,0.00,0.00,0.00,0,12.01
47453,1701,450.0,959.0,0.00,0.00,0.00,0,12.01
47455,1702,511.0,970.0,0.00,0.00,0.00,0,12.01
47456,1702,511.0,970.0,0.00,0.00,0.00,0,14.02
47457,1702,511.0,970.0,0.00,0.00,0.00,0,16.05
47459,1702,511.0,970.0,0.00,0.00,0.00,0,19.77
47539,1703,417.0,795.0,0.00,0.00,0.00,0,12.01
47540,1703,417.0,795.0,0.00,0.00,0.00,0,14.04
47541,1703,417.0,795.0,0.00,0.00,0.00,0,16.09
47543,1703,417.0,795.0,0.00,0.00,0.00,0,19.95
47578,1704,1078.0,1205.0,0.00,0.00,0.00,0,12.01
47579,1704,1078.0,1205.0,0.00,0.00,0.00,0,14.02
47580,1704,1078.0,1205.0,0.00,0.00,0.00,0,16.05
47582,1704,1078.0,1205.0,0.00,0.00,0.00,0,19.78
47615,1705,653.0,781.0,0.00,0.00,0.00,0,12.01
47615,1706,652.0,792.0,0.00,0.00,0.00,0,12.01
47617,1707,654.0,800.0,0.00,0.00,0.00,0,12.01
47617,1708,656.0,812.0,0.00,0.00,0.00,0,12.01
47618,1707,654.7,803.6,0.02,0.08,0.08,0,7.47
47618,1708,657.3,814.9,0.03,0.07,0.07,0,7.47
47619,1707,656.0,807.8,0.10,0.35,0.36,0,6.30
47621,1707,656.1,807.9,0.10,0.35,0.36,0,9.98
47622,1707,656.1,807.9,0.10,0.35,0.36,0,12.12
47623,1707,656.1,807.9,0.10,0.35,0.36,0,14.47
47654,1709,507.0,745.0,0.00,0.00,0.00,0,12.01
47655,1709,506.0,744.3,-0.02,-0.02,0.03,0,7.51
47656,1709,506.0,744.3,-0.02,-0.02,0.03,0,9.56
47658,1709,506.0,744.3,-0.02,-0.02,0.03,0,13.45
47659,1709,506.0,744.3,-0.02,-0.02,0.03,0,15.76
47711,1710,1048.0,653.0,0.00,0.00,0.00,0,12.01
47713,1712,1054.0,621.0,0.00,0.00,0.00,0,12.01
47713,1713,1050.0,636.0,0.00,0.00,0.00,0,12.01
47714,1712,1054.0,621.7,0.00,0.02,0.02,0,7.47
47714,1713,1053.6,626.8,0.09,-0.23,0.25,0,7.47
47715,1712,1055.8,618.4,0.12,-0.19,0.22,0,6.31
47717,1712,1055.8,618.3,0.12,-0.19,0.22,0,10.04
47718,1712,1055.8,618.3,0.12,-0.19,0.22,0,12.13
47719,1712,1055.8,618.3,0.12,-0.19,0.22,0,14.49
47764,1714,1112.0,511.0,0.00,0.00,0.00,0,12.01
47764,1715,1104.0,520.0,0.00,0.00,0.00,0,12.01
47765,1714,1113.3,513.6,0.03,0.06,0.07,0,7.47
47765,1715,1104.0,519.7,0.00,-0.01,0.01,0,7.47
47765,1716,1156.0,535.0,0.00,0.00,0.00,0,12.01
47765,1717,1148.0,538.0,0.00,0.00,0.00,0,12.01
47765,1718,1151.0,542.0,0.00,0.00,0.00,0,12.01
47766,1714,1122.5,518.1,0.62,0.35,0.71,0,6.31
47768,1714,1122.7,518.2,0.62,0.35,0.71,0,9.97
47769,1714,1122.7,518.2,0.62,0.35,0.71,0,12.14
47770,1714,1122.7,518.2,0.62,0.35,0.71,0,14.48
47803,1720,1078.0,1213.0,0.00,0.00,0.00,0,12.01
47804,1720,1084.6,1210.4,0.14,-0.05,0.15,0,7.47
47805,1720,1089.0,1208.5,0.42,-0.17,0.45,0,6.30
47807,1720,1089.2,1208.4,0.42,-0.17,0.45,0,9.97
47808,1720,1089.2,1208.4,0.42,-0.17,0.45,0,12.11
47809,1720,1089.2,1208.4,0.42,-0.17,0.45,0,14.45
47862,1722,543.0,992.0,0.00,0.00,0.00,0,12.01
47863,1722,543.0,992.0,0.00,0.00,0.00,0,14.04
47863,1723,600.0,1018.0,0.00,0.00,0.00,0,12.01
47864,1722,543.0,992.0,0.00,0.00,0.00,0,16.09
47864,1723,599.0,1018.3,-0.02,0.01,0.03,0,7.48
47866,1722,543.0,992.0,0.00,0.00,0.00,0,20.00
47866,1723,599.0,1018.3,-0.02,0.01,0.03,0,10.90
47867,1723,599.0,1018.3,-0.02,0.01,0.03,0,13.00
47868,1723,599.0,1018.3,-0.02,0.01,0.03,0,15.30
47899,1724,703.0,487.0,0.00,0.00,0.00,0,12.01
47899,1725,695.0,492.0,0.00,0.00,0.00,0,12.01
47900,1724,700.0,489.6,-0.07,0.06,0.10,0,7.51
47900,1725,695.0,492.0,0.00,0.00,0.00,0,14.08
47901,1724,697.5,492.3,-0.35,0.35,0.49,0,6.32
47903,1724,697.4,492.4,-0.35,0.35,0.49,0,9.99
47904,1724,697.4,492.4,-0.35,0.35,0.49,0,12.31
47905,1724,697.3,492.4,-0.35,0.35,0.49,0,14.73
47945,1726,361.0,900.0,0.00,0.00,0.00,0,12.01
47946,1726,361.0,900.0,0.00,0.00,0.00,0,14.04
47947,1726,361.0,900.0,0.00,0.00,0.00,0,16.09
47949,1726,361.0,900.0,0.00,0.00,0.00,0,19.95
47996,1727,1236.0,557.0,0.00,0.00,0.00,0,12.01
47997,1727,1236.0,557.0,0.00,0.00,0.00,0,14.04
47998,1727,1236.0,557.0,0.00,0.00,0.00,0,16.09
48000,1727,1236.0,557.0,0.00,0.00,0.00,0,19.95
48033,1728,372.0,825.0,0.00,0.00,0.00,0,12.01
48034,1728,362.8,819.8,-0.23,-0.13,0.26,0,7.48
48035,1728,357.7,817.0,-0.58,-0.32,0.67,0,6.31
48035,1729,334.0,804.0,0.00,0.00,0.00,0,12.01
48037,1728,357.6,816.9,-0.58,-0.32,0.67,0,9.97
48037,1729,334.0,804.0,0.00,0.00,0.00,0,15.12
48038,1728,357.5,816.9,-0.58,-0.32,0.67,0,12.12
48038,1729,334.0,804.0,0.00,0.00,0.00,0,17.23
48039,1728,357.5,816.9,-0.58,-0.32,0.67,0,14.47
48039,1729,334.0,804.0,0.00,0.00,0.00,0,19.48
48070,1730,1509.0,748.0,0.00,0.00,0.00,0,12.01
48071,1730,1509.0,748.0,0.00,0.00,0.00,0,14.09
48072,1730,1509.0,748.0,0.00,0.00,0.00,0,16.16
48074,1730,1509.0,748.0,0.00,0.00,0.00,0,20.28
48180,1731,773.0,1263.0,0.00,0.00,0.00,0,12.01
48181,1731,780.5,1265.3,0.19,0.06,0.20,0,7.47
48182,1731,781.2,1265.5,0.23,0.07,0.24,0,6.30
48182,1732,813.0,1280.0,0.00,0.00,0.00,0,12.01
48184,1731,781.2,1265.5,0.23,0.07,0.24,0,10.01
48184,1732,813.0,1280.0,0.00,0.00,0.00,0,15.16
48185,1731,781.2,1265.5,0.23,0.07,0.24,0,12.13
48185,1732,813.0,1280.0,0.00,0.00,0.00,0,17.25
48186,1731,781.2,1265.5,0.23,0.07,0.24,0,14.55
48186,1732,813.0,1280.0,0.00,0.00,0.00,0,19.55
48474,1733,735.0,379.0,0.00,0.00,0.00,0,12.01
48475,1733,735.0,379.0,0.00,0.00,0.00,0,14.04
48476,1733,735.0,379.0,0.00,0.00,0.00,0,16.09
48476,1734,785.0,556.0,0.00,0.00,0.00,0,12.01
48478,1733,735.0,379.0,0.00,0.00,0.00,0,20.01
48478,1734,785.0,556.0,0.00,0.00,0.00,0,15.15
48479,1734,785.0,556.0,0.00,0.00,0.00,0,17.24
48480,1734,785.0,556.0,0.00,0.00,0.00,0,19.48
48719,1735,640.0,1232.0,0.00,0.00,0.00,0,12.01
48719,1736,628.0,1252.0,0.00,0.00,0.00,0,12.01
48719,1737,625.0,1257.0,0.00,0.00,0.00,0,12.01
48721,1739,664.0,1192.0,0.00,0.00,0.00,0,12.01
48721,1740,652.0,1213.0,0.00,0.00,0.00,0,12.01
48722,1739,664.0,1192.3,0.00,0.01,0.01,0,7.47
48722,1740,652.0,1213.0,0.00,0.00,0.00,0,14.04
48723,1739,664.0,1192.3,0.00,0.01,0.01,0,9.52
48723,1740,652.0,1213.0,0.00,0.00,0.00,0,16.09
48725,1739,664.0,1192.3,0.00,0.01,0.01,0,13.31
48725,1740,652.0,1213.0,0.00,0.00,0.00,0,19.98
48726,1739,664.0,1192.3,0.00,0.01,0.01,0,15.45
48758,1741,324.0,556.0,0.00,0.00,0.00,0,12.01
48758,1742,1327.0,776.0,0.00,0.00,0.00,0,12.01
48758,1743,1336.0,782.0,0.00,0.00,0.00,0,12.01
48760,1744,1343.0,785.0,0.00,0.00,0.00,0,12.01
48760,1745,1354.0,788.0,0.00,0.00,0.00,0,12.01
48761,1744,1346.3,786.0,0.07,0.02,0.07,0,7.46
48761,1745,1356.3,789.0,0.05,0.02,0.05,0,7.46
48762,1744,1350.8,787.3,0.25,0.07,0.26,0,6.28
48764,1744,1350.9,787.3,0.25,0.07,0.26,0,9.70
48765,1744,1350.9,787.3,0.25,0.07,0.26,0,11.93
48766,1744,1350.9,787.3,0.25,0.07,0.26,0,14.26
48797,1746,1528.0,895.0,0.00,0.00,0.00,0,12.01
48797,1747,1527.0,906.0,0.00,0.00,0.00,0,12.01
48899,1748,687.0,568.0,0.00,0.00,0.00,0,12.01
48900,1748,687.0,567.7,0.00,-0.01,0.01,0,7.48
48901,1748,679.8,562.9,-0.47,-0.32,0.57,0,6.31
48903,1748,679.7,562.8,-0.47,-0.32,0.57,0,10.00
48904,1748,679.7,562.8,-0.47,-0.32,0.57,0,12.14
48905,1748,679.6,562.8,-0.47,-0.32,0.57,0,14.54
48937,1751,998.0,356.0,0.00,0.00,0.00,0,12.01
48938,1751,997.7,356.0,-0.01,0.00,0.01,0,7.47
48938,1752,1012.0,366.0,0.00,0.00,0.00,0,12.01
48939,1751,1001.4,358.3,0.22,0.15,0.27,0,6.30
48941,1751,1001.4,358.4,0.22,0.15,0.27,0,9.97
48942,1751,1001.4,358.4,0.22,0.15,0.27,0,12.13
48943,1751,1001.4,358.4,0.22,0.15,0.27,0,14.47
49222,1753,318.0,968.0,0.00,0.00,0.00,0,12.01
49223,1753,318.0,968.0,0.00,0.00,0.00,0,7.47
49223,1754,329.0,964.0,0.00,0.00,0.00,0,12.01
49224,1753,320.8,967.0,0.18,-0.07,0.20,0,6.31
49226,1753,320.9,967.0,0.18,-0.07,0.20,0,10.01
49227,1753,320.9,967.0,0.18,-0.07,0.20,0,12.12
49228,1753,320.9,966.9,0.18,-0.07,0.20,0,14.47
49338,1755,1464.0,921.0,0.00,0.00,0.00,0,12.01
49339,1755,1464.0,921.0,0.00,0.00,0.00,0,14.04
49340,1755,1465.8,920.3,0.08,-0.03,0.09,0,7.87
49342,1755,1465.8,920.3,0.08,-0.03,0.09,0,11.52
49343,1755,1465.8,920.3,0.08,-0.03,0.09,0,13.67
49344,1755,1465.8,920.3,0.08,-0.03,0.09,0,16.07
49375,1756,533.0,732.0,0.00,0.00,0.00,0,12.01
49375,1757,523.0,750.0,0.00,0.00,0.00,0,12.01
49376,1756,532.7,732.7,-0.01,0.02,0.02,0,7.48
49376,1757,523.0,750.0,0.00,0.00,0.00,0,14.04
49376,1758,542.0,714.0,0.00,0.00,0.00,0,12.01
49377,1756,535.3,728.6,0.19,-0.28,0.33,0,6.31
49377,1757,523.0,750.0,0.00,0.00,0.00,0,16.09
49379,1756,535.4,728.5,0.19,-0.28,0.33,0,9.98
49379,1757,523.0,750.0,0.00,0.00,0.00,0,19.99
49380,1756,535.4,728.5,0.19,-0.28,0.33,0,12.11
49381,1756,535.4,728.5,0.19,-0.28,0.33,0,14.50
49461,1759,569.0,1208.0,0.00,0.00,0.00,0,12.01
49462,1759,571.3,1208.3,0.06,0.01,0.06,0,7.47
49463,1759,571.7,1208.5,0.09,0.02,0.09,0,6.31
49463,1760,583.0,1209.0,0.00,0.00,0.00,0,12.01
49465,1759,571.8,1208.5,0.09,0.02,0.09,0,9.97
49465,1760,583.0,1209.0,0.00,0.00,0.00,0,15.13
49466,1759,571.8,1208.5,0.09,0.02,0.09,0,12.12
49466,1760,583.0,1209.0,0.00,0.00,0.00,0,17.24
49467,1759,571.8,1208.5,0.09,0.02,0.09,0,14.47
49467,1760,583.0,1209.0,0.00,0.00,0.00,0,19.49
49531,1763,376.0,935.0,0.00,0.00,0.00,0,12.01
49531,1764,329.0,957.0,0.00,0.00,0.00,0,12.01
49532,1763,376.0,935.0,0.00,0.00,0.00,0,14.04
49532,1764,329.0,957.0,0.00,0.00,0.00,0,14.04
49532,1765,420.0,915.0,0.00,0.00,0.00,0,12.01
49533,1763,376.0,935.0,0.00,0.00,0.00,0,16.09
49533,1764,329.0,957.0,0.00,0.00,0.00,0,16.09
49535,1763,376.0,935.0,0.00,0.00,0.00,0,19.94
49535,1764,329.0,957.0,0.00,0.00,0.00,0,19.94
49633,1768,1424.0,1086.0,0.00,0.00,0.00,0,12.01
49634,1768,1424.0,1086.0,0.00,0.00,0.00,0,14.04
49635,1768,1424.0,1086.0,0.00,0.00,0.00,0,16.09
49637,1768,1424.0,1086.0,0.00,0.00,0.00,0,19.95
49671,1769,779.0,1105.0,0.00,0.00,0.00,0,12.01
49672,1769,779.0,1105.0,0.00,0.00,0.00,0,7.47
49673,1769,779.0,1105.0,0.00,0.00,0.00,0,9.51
49675,1769,779.0,1105.0,0.00,0.00,0.00,0,13.25
49676,1769,779.0,1105.0,0.00,0.00,0.00,0,15.45
49708,1770,1156.0,738.0,0.00,0.00,0.00,0,12.01
49708,1771,1136.0,748.0,0.00,0.00,0.00,0,12.01
49709,1770,1155.3,738.0,-0.02,0.00,0.02,0,7.48
49709,1771,1136.0,748.0,0.00,0.00,0.00,0,14.04
49709,1772,1179.0,732.0,0.00,0.00,0.00,0,12.01
49710,1770,1161.2,736.5,0.39,-0.11,0.40,0,6.31
49710,1771,1136.0,748.0,0.00,0.00,0.00,0,16.09
49712,1770,1161.3,736.4,0.39,-0.11,0.40,0,9.95
49712,1771,1136.0,748.0,0.00,0.00,0.00,0,19.95
49713,1770,1161.3,736.4,0.39,-0.11,0.40,0,12.12
49714,1770,1161.3,736.4,0.39,-0.11,0.40,0,14.51
50856,1773,540.0,562.0,0.00,0.00,0.00,0,12.01
50857,1773,540.0,560.0,0.00,-0.05,0.05,0,7.48
50858,1773,540.0,560.0,0.00,-0.05,0.05,0,6.31
50860,1773,540.0,560.0,0.00,-0.05,0.05,0,9.98
50861,1773,540.0,560.0,0.00,-0.05,0.05,0,12.13
50862,1773,540.0,560.0,0.00,-0.05,0.05,0,14.47
50916,1774,1449.0,914.0,0.00,0.00,0.00,0,12.01
50917,1774,1449.0,914.0,0.00,0.00,0.00,0,14.04
50918,1774,1449.0,914.0,0.00,0.00,0.00,0,16.08
50920,1774,1449.0,914.0,0.00,0.00,0.00,0,19.95
51041,1775,1522.0,995.0,0.00,0.00,0.00,0,12.01
51043,1777,1507.0,1002.0,0.00,0.00,0.00,0,12.01
51043,1778,1489.0,1012.0,0.00,0.00,0.00,0,12.01
51044,1777,1502.1,1004.6,-0.12,0.06,0.14,0,7.48
51044,1778,1484.4,1014.0,-0.11,0.05,0.12,0,7.48
51045,1777,1495.9,1007.5,-0.53,0.26,0.59,0,6.31
51047,1777,1495.7,1007.6,-0.53,0.26,0.59,0,9.94
51048,1777,1495.7,1007.6,-0.53,0.26,0.59,0,12.13
51049,1777,1495.7,1007.6,-0.53,0.26,0.59,0,14.47
51080,1779,1077.0,1212.0,0.00,0.00,0.00,0,12.01
51081,1779,1078.6,1213.3,0.04,0.03,0.05,0,7.48
51082,1779,1079.5,1214.5,0.11,0.12,0.16,0,6.30
51082,1780,1080.0,1228.0,0.00,0.00,0.00,0,12.01
51084,1779,1079.5,1214.6,0.11,0.12,0.16,0,9.95
51084,1780,1080.0,1228.0,0.00,0.00,0.00,0,15.10
51085,1779,1079.5,1214.6,0.11,0.12,0.16,0,12.10
51085,1780,1080.0,1228.0,0.00,0.00,0.00,0,17.21
51086,1779,1079.5,1214.6,0.11,0.12,0.16,0,14.44
51086,1780,1080.0,1228.0,0.00,0.00,0.00,0,19.45
51211,1781,677.0,384.0,0.00,0.00,0.00,0,12.01
51212,1781,677.0,384.0,0.00,0.00,0.00,0,14.04
51213,1781,677.0,384.0,0.00,0.00,0.00,0,16.09
51215,1781,677.0,384.0,0.00,0.00,0.00,0,20.01
51335,1782,1053.0,688.0,0.00,0.00,0.00,0,12.01
51336,1782,1053.0,688.0,0.00,0.00,0.00,0,14.04
51337,1782,1053.0,688.0,0.00,0.00,0.00,0,16.09
51339,1782,1053.0,688.0,0.00,0.00,0.00,0,19.96
51373,1785,513.0,869.0,0.00,0.00,0.00,0,12.01
51373,1786,510.0,891.0,0.00,0.00,0.00,0,12.01
51374,1785,513.0,869.3,0.00,0.01,0.01,0,7.47
51374,1786,510.0,891.0,0.00,0.00,0.00,0,14.03
51374,1787,519.0,851.0,0.00,0.00,0.00,0,12.01
51375,1785,514.3,865.1,0.07,-0.24,0.25,0,6.31
51375,1786,510.0,891.0,0.00,0.00,0.00,0,16.09
51377,1785,514.3,865.1,0.07,-0.24,0.25,0,9.99
51377,1786,510.0,891.0,0.00,0.00,0.00,0,19.98
51378,1785,514.3,865.1,0.07,-0.24,0.25,0,12.13
51379,1785,514.3,865.1,0.07,-0.24,0.25,0,14.47
51410,1788,604.0,942.0,0.00,0.00,0.00,0,12.01
51410,1789,516.0,971.0,0.00,0.00,0.00,0,12.01
51413,1790,575.0,978.0,0.00,0.00,0.00,0,12.01
51414,1790,575.3,978.3,0.01,0.01,0.01,0,7.47
51415,1790,575.3,978.3,0.01,0.01,0.01,0,9.51
51417,1790,575.3,978.3,0.01,0.01,0.01,0,13.27
51418,1790,575.3,978.3,0.01,0.01,0.01,0,15.45
51451,1794,1239.0,613.0,0.00,0.00,0.00,0,12.03
51451,1795,1156.0,811.0,0.00,0.00,0.00,0,12.03
51452,1794,1238.3,613.3,-0.03,0.01,0.03,0,7.48
51452,1795,1158.6,811.3,0.11,0.01,0.12,0,7.48
51453,1795,1161.3,811.8,0.30,0.04,0.31,0,6.29
51453,1794,1238.3,613.3,-0.03,0.01,0.03,0,9.50
51455,1795,1161.4,811.8,0.30,0.04,0.31,0,9.77
51455,1794,1238.3,613.3,-0.03,0.01,0.03,0,13.11
51456,1795,1161.4,811.8,0.30,0.04,0.31,0,11.98
51456,1794,1238.3,613.3,-0.03,0.01,0.03,0,15.32
51457,1795,1161.4,811.8,0.30,0.04,0.31,0,14.31
51557,1797,1352.0,409.0,0.00,0.00,0.00,0,12.01
51558,1797,1352.0,409.0,0.00,0.00,0.00,0,14.04
51559,1797,1352.0,409.0,0.00,0.00,0.00,0,16.09
51561,1797,1352.0,409.0,0.00,0.00,0.00,0,19.96
51595,1798,1167.0,1099.0,0.00,0.00,0.00,0,12.03
51596,1798,1170.0,1101.6,0.14,0.12,0.19,0,7.48
51597,1798,1172.5,1104.3,0.33,0.32,0.46,0,6.29
51599,1798,1172.6,1104.4,0.33,0.32,0.46,0,9.82
51600,1798,1172.6,1104.4,0.33,0.32,0.46,0,11.93
51601,1798,1172.6,1104.4,0.33,0.32,0.46,0,14.26
51800,1799,445.0,1155.0,0.00,0.00,0.00,0,12.01
51802,1801,448.0,1099.0,0.00,0.00,0.00,0,12.01
51802,1802,449.0,1123.0,0.00,0.00,0.00,0,12.01
51802,1803,448.0,1133.0,0.00,0.00,0.00,0,12.01
51803,1801,448.0,1099.3,0.00,0.01,0.01,0,7.47
51803,1802,449.0,1123.0,0.00,0.00,0.00,0,14.04
51803,1803,448.0,1133.0,0.00,0.00,0.00,0,14.04
51803,1804,446.0,1072.0,0.00,0.00,0.00,0,12.01
51804,1801,447.5,1092.6,-0.03,-0.43,0.43,0,6.31
51804,1802,449.0,1123.0,0.00,0.00,0.00,0,16.09
51806,1801,447.5,1092.4,-0.03,-0.43,0.43,0,9.98
51806,1802,449.0,1123.0,0.00,0.00,0.00,0,19.98
51807,1801,447.5,1092.4,-0.03,-0.43,0.43,0,12.13
51808,1801,447.5,1092.4,-0.03,-0.43,0.43,0,14.47
51929,1805,870.0,1331.0,0.00,0.00,0.00,0,12.01
51931,1809,933.0,1255.0,0.00,0.00,0.00,0,12.01
51931,1810,931.0,1266.0,0.00,0.00,0.00,0,12.01
51931,1811,904.0,1303.0,0.00,0.00,0.00,0,12.01
51932,1809,932.3,1258.3,-0.02,0.09,0.09,0,7.47
51932,1810,931.0,1266.0,0.00,0.00,0.00,0,14.04
51932,1811,904.0,1303.0,0.00,0.00,0.00,0,14.04
51932,1812,945.0,1219.0,0.00,0.00,0.00,0,12.01
51933,1809,932.3,1258.3,-0.02,0.09,0.09,0,9.52
51933,1811,904.0,1303.0,0.00,0.00,0.00,0,16.09
51935,1809,932.3,1258.3,-0.02,0.09,0.09,0,13.32
51935,1811,904.0,1303.0,0.00,0.00,0.00,0,19.99
51936,1809,932.3,1258.3,-0.02,0.09,0.09,0,15.45
51996,1814,1510.0,853.0,0.00,0.00,0.00,0,12.01
51997,1814,1510.0,853.0,0.00,0.00,0.00,0,14.04
51998,1814,1510.0,853.0,0.00,0.00,0.00,0,16.09
52000,1814,1510.0,853.0,0.00,0.00,0.00,0,19.98
52212,1815,318.0,743.0,0.00,0.00,0.00,0,12.01
52213,1815,317.3,742.7,-0.02,-0.01,0.02,0,7.48
52213,1816,337.0,742.0,0.00,0.00,0.00,0,12.01
52214,1815,324.2,742.2,0.44,-0.04,0.44,0,6.31
52214,1816,337.0,742.0,0.00,0.00,0.00,0,14.04
52216,1815,324.3,742.2,0.44,-0.04,0.44,0,9.97
52216,1816,337.0,742.0,0.00,0.00,0.00,0,17.52
52217,1815,324.3,742.2,0.44,-0.04,0.44,0,12.12
52217,1816,337.0,742.0,0.00,0.00,0.00,0,19.66
52218,1815,324.3,742.2,0.44,-0.04,0.44,0,14.47
52315,1817,822.0,917.0,0.00,0.00,0.00,0,12.01
52316,1817,822.0,917.7,0.00,0.02,0.02,0,7.48
52317,1817,822.0,917.7,0.00,0.02,0.02,0,9.52
52319,1817,822.0,917.7,0.00,0.02,0.02,0,13.30
52320,1817,822.0,917.7,0.00,0.02,0.02,0,15.46
52352,1818,831.0,519.0,0.00,0.00,0.00,0,12.01
52352,1819,817.0,521.0,0.00,0.00,0.00,0,12.01
52354,1820,845.0,512.0,0.00,0.00,0.00,0,12.01
52355,1820,846.0,511.3,0.02,-0.01,0.02,0,7.47
52355,1821,845.0,503.0,0.00,0.00,0.00,0,12.01
52356,1820,846.0,509.5,0.02,-0.13,0.13,0,6.31
52358,1820,846.0,509.4,0.02,-0.13,0.13,0,9.97
52359,1820,846.0,509.4,0.02,-0.13,0.13,0,12.12
52360,1820,846.0,509.4,0.02,-0.13,0.13,0,14.46
52391,1822,1049.0,1274.0,0.00,0.00,0.00,0,12.01
52393,1824,1065.0,1280.0,0.00,0.00,0.00,0,12.01
52393,1825,1083.0,1286.0,0.00,0.00,0.00,0,12.01
52394,1824,1070.9,1282.0,0.12,0.04,0.13,0,7.46
52394,1825,1083.0,1286.0,0.00,0.00,0.00,0,14.02
52395,1824,1070.9,1282.0,0.12,0.04,0.13,0,9.48
52397,1824,1070.9,1282.0,0.12,0.04,0.13,0,13.06
52398,1824,1070.9,1282.0,0.12,0.04,0.13,0,15.27
52430,1827,804.0,1245.0,0.00,0.00,0.00,0,12.01
52431,1827,804.0,1245.0,0.00,0.00,0.00,0,14.10
52432,1827,804.0,1245.0,0.00,0.00,0.00,0,16.17
52432,1828,930.0,1213.0,0.00,0.00,0.00,0,12.01
52434,1827,804.0,1245.0,0.00,0.00,0.00,0,20.22
52434,1828,930.0,1213.0,0.00,0.00,0.00,0,15.09
52435,1828,930.0,1213.0,0.00,0.00,0.00,0,17.20
52436,1828,930.0,1213.0,0.00,0.00,0.00,0,19.44
52476,1829,702.0,1171.0,0.00,0.00,0.00,0,12.01
52477,1829,702.3,1171.3,0.01,0.01,0.01,0,7.47
52477,1830,687.0,1164.0,0.00,0.00,0.00,0,12.01
52478,1829,699.4,1169.4,-0.18,-0.11,0.21,0,6.31
52478,1830,686.3,1164.3,-0.02,0.01,0.02,0,7.47
52478,1831,668.0,1153.0,0.00,0.00,0.00,0,12.01
52480,1829,699.4,1169.4,-0.18,-0.11,0.21,0,9.96
52480,1830,686.3,1164.3,-0.02,0.01,0.02,0,10.85
52480,1831,668.0,1153.0,0.00,0.00,0.00,0,15.12
52481,1829,699.4,1169.4,-0.18,-0.11,0.21,0,12.13
52481,1830,686.3,1164.3,-0.02,0.01,0.02,0,13.00
52481,1831,668.0,1153.0,0.00,0.00,0.00,0,17.25
52482,1829,699.4,1169.4,-0.18,-0.11,0.21,0,14.48
52482,1830,686.3,1164.3,-0.02,0.01,0.02,0,15.30
52482,1831,668.0,1153.0,0.00,0.00,0.00,0,19.49
52792,1832,609.0,1239.0,0.00,0.00,0.00,0,12.01
52793,1832,609.0,1239.0,0.00,0.00,0.00,0,7.47
52794,1832,609.0,1239.0,0.00,0.00,0.00,0,9.52
52796,1832,609.0,1239.0,0.00,0.00,0.00,0,13.31
52797,1832,609.0,1239.0,0.00,0.00,0.00,0,15.46
52829,1833,1473.0,1041.0,0.00,0.00,0.00,0,12.01
52830,1833,1481.5,1034.1,0.21,-0.17,0.28,0,7.50
52831,1833,1485.8,1030.7,0.61,-0.49,0.78,0,6.31
52831,1834,1511.0,1012.0,0.00,0.00,0.00,0,12.01
52833,1833,1485.9,1030.6,0.61,-0.49,0.78,0,9.98
52833,1834,1511.0,1012.0,0.00,0.00,0.00,0,15.09
52834,1833,1485.9,1030.6,0.61,-0.49,0.78,0,12.02
52834,1834,1511.0,1012.0,0.00,0.00,0.00,0,17.11
52835,1833,1486.0,1030.6,0.61,-0.49,0.78,0,14.36
52835,1834,1511.0,1012.0,0.00,0.00,0.00,0,19.35
53155,1835,1359.0,453.0,0.00,0.00,0.00,0,12.01
53155,1836,1358.0,463.0,0.00,0.00,0.00,0,12.01
53156,1835,1359.0,453.0,0.00,0.00,0.00,0,14.04
53156,1836,1358.0,463.0,0.00,0.00,0.00,0,14.04
53157,1835,1359.0,453.0,0.00,0.00,0.00,0,16.09
53159,1835,1359.0,453.0,0.00,0.00,0.00,0,19.98
53204,1837,883.0,1395.0,0.00,0.00,0.00,0,12.01
53206,1839,903.0,1382.0,0.00,0.00,0.00,0,12.01
53207,1839,903.0,1382.0,0.00,0.00,0.00,0,14.04
53207,1840,939.0,1352.0,0.00,0.00,0.00,0,12.01
53207,1841,934.0,1356.0,0.00,0.00,0.00,0,12.01
53208,1839,903.0,1382.0,0.00,0.00,0.00,0,16.09
53210,1839,903.0,1382.0,0.00,0.00,0.00,0,19.99
53354,1842,373.0,984.0,0.00,0.00,0.00,0,12.01
53355,1842,376.6,981.4,0.09,-0.06,0.11,0,7.48
53356,1842,383.4,977.4,0.54,-0.33,0.63,0,6.31
53358,1842,383.5,977.3,0.54,-0.33,0.63,0,9.98
53359,1842,383.6,977.3,0.54,-0.33,0.63,0,12.13
53360,1842,383.6,977.3,0.54,-0.33,0.63,0,14.47
53520,1843,1148.0,1382.0,0.00,0.00,0.00,0,12.01
53521,1843,1148.0,1382.0,0.00,0.00,0.00,0,14.04
53522,1843,1148.0,1382.0,0.00,0.00,0.00,0,16.09
53524,1843,1148.0,1382.0,0.00,0.00,0.00,0,19.99
53557,1844,781.0,1117.0,0.00,0.00,0.00,0,12.01
53557,1845,796.0,1126.0,0.00,0.00,0.00,0,12.01
53558,1844,781.3,1117.3,0.01,0.01,0.01,0,7.48
53558,1845,796.0,1126.0,0.00,0.00,0.00,0,14.04
53559,1844,781.3,1117.3,0.01,0.01,0.01,0,9.52
53561,1844,781.3,1117.3,0.01,0.01,0.01,0,13.32
53562,1844,781.3,1117.3,0.01,0.01,0.01,0,15.46
53594,1846,542.0,476.0,0.00,0.00,0.00,0,12.01
53595,1846,543.3,477.0,0.03,0.02,0.04,0,7.50
53596,1846,545.0,477.5,0.21,0.08,0.22,0,6.32
53598,1846,545.1,477.5,0.21,0.08,0.22,0,10.01
53599,1846,545.1,477.5,0.21,0.08,0.22,0,12.32
53600,1846,545.1,477.5,0.21,0.08,0.22,0,14.68
53792,1847,764.0,1372.0,0.00,0.00,0.00,0,12.01
53794,1849,776.0,1368.0,0.00,0.00,0.00,0,12.01
53794,1850,789.0,1367.0,0.00,0.00,0.00,0,12.01
53795,1849,780.3,1367.7,0.11,-0.01,0.11,0,7.48
53795,1850,789.0,1367.0,0.00,0.00,0.00,0,14.04
53796,1849,780.3,1367.7,0.11,-0.01,0.11,0,9.52
53798,1849,780.3,1367.7,0.11,-0.01,0.11,0,13.32
53799,1849,780.3,1367.7,0.11,-0.01,0.11,0,15.47
53944,1851,1416.0,482.0,0.00,0.00,0.00,0,12.01
53945,1851,1417.0,486.9,0.02,0.12,0.12,0,7.47
53946,1851,1417.0,486.9,0.02,0.12,0.12,0,9.52
53948,1851,1417.0,487.0,0.02,0.12,0.12,0,13.35
53949,1851,1417.0,487.0,0.02,0.12,0.12,0,15.46
54035,1852,1177.0,381.0,0.00,0.00,0.00,0,12.01
54037,1854,1171.0,388.0,0.00,0.00,0.00,0,12.01
54037,1855,1174.0,397.0,0.00,0.00,0.00,0,12.01
54038,1854,1172.0,390.6,0.02,0.06,0.07,0,7.48
54038,1855,1176.3,400.3,0.06,0.08,0.10,0,7.48
54039,1854,1174.3,394.8,0.18,0.34,0.39,0,6.31
54041,1854,1174.4,394.9,0.18,0.34,0.39,0,9.96
54042,1854,1174.4,394.9,0.18,0.34,0.39,0,12.12
54043,1854,1174.4,394.9,0.18,0.34,0.39,0,14.47
54174,1856,1149.0,951.0,0.00,0.00,0.00,0,12.01
54175,1856,1152.9,947.7,0.09,-0.08,0.12,0,7.47
54176,1856,1154.8,946.5,0.21,-0.16,0.27,0,6.31
54176,1857,1143.0,738.0,0.00,0.00,0.00,0,12.01
54176,1858,1135.0,744.0,0.00,0.00,0.00,0,12.01
54176,1859,1169.0,933.0,0.00,0.00,0.00,0,12.01
54178,1856,1154.8,946.5,0.21,-0.16,0.27,0,9.99
54178,1857,1143.0,738.0,0.00,0.00,0.00,0,15.14
54178,1858,1135.0,744.0,0.00,0.00,0.00,0,15.14
54178,1859,1169.0,933.0,0.00,0.00,0.00,0,15.14
54179,1856,1154.8,946.5,0.21,-0.16,0.27,0,12.13
54179,1857,1143.0,738.0,0.00,0.00,0.00,0,17.24
54179,1858,1135.0,744.0,0.00,0.00,0.00,0,17.24
54179,1859,1169.0,933.0,0.00,0.00,0.00,0,17.24
54180,1856,1154.8,946.5,0.21,-0.16,0.27,0,14.47
54180,1857,1143.0,738.0,0.00,0.00,0.00,0,19.49
54180,1858,1135.0,744.0,0.00,0.00,0.00,0,19.49
54180,1859,1169.0,933.0,0.00,0.00,0.00,0,19.49
54264,1860,1461.0,697.0,0.00,0.00,0.00,0,12.01
54265,1860,1461.7,697.3,0.02,0.01,0.02,0,7.48
54266,1860,1462.0,698.3,0.04,0.07,0.08,0,6.31
54268,1860,1462.0,698.3,0.04,0.07,0.08,0,9.99
54269,1860,1462.0,698.3,0.04,0.07,0.08,0,12.14
54270,1860,1462.0,698.3,0.04,0.07,0.08,0,14.48
54301,1861,613.0,1280.0,0.00,0.00,0.00,0,12.01
54301,1862,609.0,1299.0,0.00,0.00,0.00,0,12.01
54302,1861,613.0,1280.7,0.00,0.02,0.02,0,7.48
54302,1862,611.9,1288.2,0.07,-0.27,0.28,0,7.48
54302,1863,952.0,756.0,0.00,0.00,0.00,0,12.01
54303,1861,614.0,1277.4,0.07,-0.22,0.23,0,6.31
54305,1861,614.0,1277.3,0.07,-0.22,0.23,0,10.00
54306,1861,614.1,1277.3,0.07,-0.22,0.23,0,12.11
54307,1861,614.1,1277.3,0.07,-0.22,0.23,0,14.45
54392,1864,267.0,670.0,0.00,0.00,0.00,0,12.01
54393,1864,267.0,670.0,0.00,0.00,0.00,0,14.04
54394,1864,267.0,670.0,0.00,0.00,0.00,0,16.09
54396,1864,267.0,670.0,0.00,0.00,0.00,0,19.97
54449,1865,452.0,1097.0,0.00,0.00,0.00,0,12.01
54450,1865,450.4,1096.3,-0.04,-0.02,0.04,0,7.48
54451,1865,450.4,1096.3,-0.04,-0.02,0.04,0,9.52
54453,1865,450.3,1096.3,-0.04,-0.02,0.04,0,13.29
54454,1865,450.3,1096.3,-0.04,-0.02,0.04,0,15.46
54540,1866,522.0,804.0,0.00,0.00,0.00,0,12.01
54541,1866,522.0,804.0,0.00,0.00,0.00,0,14.03
54542,1866,518.8,797.3,-0.14,-0.30,0.33,0,7.87
54542,1867,510.0,770.0,0.00,0.00,0.00,0,12.01
54544,1866,518.8,797.2,-0.14,-0.30,0.33,0,11.53
54544,1867,510.0,770.0,0.00,0.00,0.00,0,15.14
54545,1866,518.8,797.2,-0.14,-0.30,0.33,0,13.69
54545,1867,510.0,770.0,0.00,0.00,0.00,0,17.25
54546,1866,518.8,797.2,-0.14,-0.30,0.33,0,16.09
54546,1867,510.0,770.0,0.00,0.00,0.00,0,19.54
54629,1868,587.0,803.0,0.00,0.00,0.00,0,12.01
54631,1870,602.0,803.0,0.00,0.00,0.00,0,12.01
54632,1870,603.6,803.7,0.04,0.02,0.04,0,7.47
54633,1870,604.8,803.2,0.12,-0.01,0.12,0,6.31
54635,1870,604.8,803.2,0.12,-0.01,0.12,0,9.93
54636,1870,604.8,803.2,0.12,-0.01,0.12,0,12.12
54637,1870,604.8,803.2,0.12,-0.01,0.12,0,14.51
54668,1871,683.0,1067.0,0.00,0.00,0.00,0,12.01
54670,1873,784.0,1164.0,0.00,0.00,0.00,0,12.01
54671,1873,783.7,1164.0,-0.01,0.00,0.01,0,7.47
54671,1874,811.0,1172.0,0.00,0.00,0.00,0,12.01
54672,1873,790.7,1166.1,0.44,0.13,0.46,0,6.31
54674,1873,790.8,1166.1,0.44,0.13,0.46,0,9.95
54675,1873,790.8,1166.1,0.44,0.13,0.46,0,12.11
54676,1873,790.8,1166.1,0.44,0.13,0.46,0,14.46
54800,1875,445.0,892.0,0.00,0.00,0.00,0,12.01
54811,1877,707.0,1034.0,0.00,0.00,0.00,0,12.01
54812,1877,706.7,1034.0,-0.01,0.00,0.01,0,7.48
54813,1877,706.7,1034.0,-0.01,0.00,0.01,0,9.52
54815,1877,706.7,1034.0,-0.01,0.00,0.01,0,13.30
54816,1877,706.7,1034.0,-0.01,0.00,0.01,0,15.48
54849,1878,1383.0,824.0,0.00,0.00,0.00,0,12.03
54850,1878,1383.0,824.0,0.00,0.00,0.00,0,14.06
54851,1878,1383.0,824.0,0.00,0.00,0.00,0,16.10
54853,1878,1383.0,824.0,0.00,0.00,0.00,0,19.89
54892,1879,1380.0,868.0,0.00,0.00,0.00,0,12.01
54892,1880,1408.0,871.0,0.00,0.00,0.00,0,12.01
54893,1879,1380.0,868.0,0.00,0.00,0.00,0,14.04
54893,1880,1408.0,871.0,0.00,0.00,0.00,0,14.04
54894,1880,1421.7,873.5,0.64,0.11,0.65,0,7.87
54894,1879,1380.0,868.0,0.00,0.00,0.00,0,16.09
54896,1880,1421.9,873.5,0.64,0.11,0.65,0,11.48
54896,1879,1380.0,868.0,0.00,0.00,0.00,0,19.91
54897,1880,1421.9,873.5,0.64,0.11,0.65,0,13.68
54898,1880,1421.9,873.5,0.64,0.11,0.65,0,16.08
54986,1881,1349.0,789.0,0.00,0.00,0.00,0,12.01
54986,1882,1346.0,800.0,0.00,0.00,0.00,0,12.01
54989,1883,1379.0,873.0,0.00,0.00,0.00,0,12.01
54990,1883,1379.0,873.0,0.00,0.00,0.00,0,14.04
54991,1883,1379.0,873.7,0.00,0.03,0.03,0,7.87
54993,1883,1379.0,873.7,0.00,0.03,0.03,0,11.54
54994,1883,1379.0,873.7,0.00,0.03,0.03,0,13.68
54995,1883,1379.0,873.7,0.00,0.03,0.03,0,16.08
55026,1884,781.0,1105.0,0.00,0.00,0.00,0,12.01
55027,1884,780.7,1103.4,-0.01,-0.04,0.04,0,7.48
55028,1884,780.0,1101.0,-0.06,-0.21,0.22,0,6.31
55030,1884,780.0,1100.9,-0.06,-0.21,0.22,0,9.99
55031,1884,780.0,1100.9,-0.06,-0.21,0.22,0,12.11
55032,1884,780.0,1100.9,-0.06,-0.21,0.22,0,14.50
55077,1885,710.0,1349.0,0.00,0.00,0.00,0,12.01
55078,1885,710.3,1344.7,0.01,-0.11,0.11,0,7.47
55079,1885,710.5,1342.7,0.02,-0.23,0.23,0,6.31
55079,1886,713.0,1324.0,0.00,0.00,0.00,0,12.01
55081,1885,710.5,1342.7,0.02,-0.23,0.23,0,10.00
55081,1886,713.0,1324.0,0.00,0.00,0.00,0,15.15
55082,1885,710.5,1342.7,0.02,-0.23,0.23,0,12.14
55082,1886,713.0,1324.0,0.00,0.00,0.00,0,17.25
55083,1885,710.5,1342.7,0.02,-0.23,0.23,0,14.48
55083,1886,713.0,1324.0,0.00,0.00,0.00,0,19.50
55206,1887,1445.0,1178.0,0.00,0.00,0.00,0,12.01
55207,1887,1445.3,1178.3,0.01,0.01,0.01,0,7.47
55207,1888,1439.0,1174.0,0.00,0.00,0.00,0,12.01
55208,1887,1443.7,1177.5,-0.10,-0.05,0.11,0,6.31
55208,1888,1436.7,1173.0,-0.06,-0.02,0.06,0,7.47
55210,1887,1443.7,1177.5,-0.10,-0.05,0.11,0,9.96
55210,1888,1436.7,1173.0,-0.06,-0.02,0.06,0,10.86
55211,1887,1443.7,1177.5,-0.10,-0.05,0.11,0,12.11
55211,1888,1436.7,1173.0,-0.06,-0.02,0.06,0,12.99
55212,1887,1443.7,1177.5,-0.10,-0.05,0.11,0,14.47
55212,1888,1436.7,1173.0,-0.06,-0.02,0.06,0,15.29
55243,1889,1414.0,982.0,0.00,0.00,0.00,0,12.01
55244,1889,1416.6,980.7,0.06,-0.03,0.07,0,7.48
55245,1889,1419.0,979.5,0.23,-0.12,0.26,0,6.31
55247,1889,1419.1,979.5,0.23,-0.12,0.26,0,9.94
55248,1889,1419.1,979.4,0.23,-0.12,0.26,0,12.12
55249,1889,1419.1,979.4,0.23,-0.12,0.26,0,14.51
55443,1891,651.0,1355.0,0.00,0.00,0.00,0,12.01
55444,1891,654.3,1355.7,0.08,0.02,0.08,0,7.48
55445,1891,657.8,1356.8,0.31,0.09,0.33,0,6.31
55447,1891,657.9,1356.8,0.31,0.09,0.33,0,9.97
55448,1891,657.9,1356.8,0.31,0.09,0.33,0,12.12
55449,1891,657.9,1356.8,0.31,0.09,0.33,0,14.47
55488,1892,1205.0,1322.0,0.00,0.00,0.00,0,12.01
55489,1892,1205.0,1322.0,0.00,0.00,0.00,0,14.04
55490,1892,1205.0,1322.0,0.00,0.00,0.00,0,16.08
55492,1892,1205.0,1322.0,0.00,0.00,0.00,0,19.93
55585,1893,460.0,952.0,0.00,0.00,0.00,0,12.01
55586,1893,460.0,952.0,0.00,0.00,0.00,0,14.04
55587,1893,460.0,952.0,0.00,0.00,0.00,0,16.09
55589,1893,460.0,952.0,0.00,0.00,0.00,0,19.97
55760,1894,365.0,1012.0,0.00,0.00,0.00,0,12.01
55761,1894,365.0,1012.0,0.00,0.00,0.00,0,14.04
55762,1894,365.0,1012.0,0.00,0.00,0.00,0,16.09
55764,1894,365.0,1012.0,0.00,0.00,0.00,0,19.96
55860,1895,876.0,1359.0,0.00,0.00,0.00,0,12.01
55861,1895,881.2,1354.1,0.13,-0.12,0.18,0,7.47
55862,1895,883.8,1351.7,0.29,-0.27,0.40,0,6.31
55862,1896,911.0,1327.0,0.00,0.00,0.00,0,12.01
55864,1895,883.8,1351.7,0.29,-0.27,0.40,0,9.97
55864,1896,911.0,1327.0,0.00,0.00,0.00,0,15.13
55865,1895,883.8,1351.7,0.29,-0.27,0.40,0,12.14
55865,1896,911.0,1327.0,0.00,0.00,0.00,0,17.25
55866,1895,883.8,1351.7,0.29,-0.27,0.40,0,14.49
55866,1896,911.0,1327.0,0.00,0.00,0.00,0,19.50
55898,1897,1165.0,1092.0,0.00,0.00,0.00,0,12.03
55899,1897,1165.0,1092.3,0.00,0.02,0.02,0,7.48
55900,1897,1165.0,1092.3,0.00,0.02,0.02,0,9.50
55902,1897,1165.0,1092.3,0.00,0.02,0.02,0,13.14
55903,1897,1165.0,1092.3,0.00,0.02,0.02,0,15.30
56244,1898,431.0,884.0,0.00,0.00,0.00,0,12.01
56245,1898,431.0,884.0,0.00,0.00,0.00,0,14.03
56246,1898,431.0,884.0,0.00,0.00,0.00,0,16.09
56248,1898,431.0,884.0,0.00,0.00,0.00,0,20.01
56281,1899,1228.0,1049.0,0.00,0.00,0.00,0,12.01
56281,1900,1218.0,1068.0,0.00,0.00,0.00,0,12.01
56282,1899,1227.7,1049.0,-0.01,0.00,0.01,0,7.49
56282,1900,1224.2,1056.5,0.15,-0.28,0.32,0,7.49
56283,1899,1230.1,1044.9,0.20,-0.35,0.40,0,6.31
56285,1899,1230.1,1044.8,0.20,-0.35,0.40,0,9.94
56286,1899,1230.1,1044.8,0.20,-0.35,0.40,0,12.06
56287,1899,1230.1,1044.8,0.20,-0.35,0.40,0,14.45
56318,1902,1395.0,562.0,0.00,0.00,0.00,0,12.01
56318,1903,1382.0,562.0,0.00,0.00,0.00,0,12.01
56320,1904,1367.0,562.0,0.00,0.00,0.00,0,12.01
56321,1904,1367.0,562.0,0.00,0.00,0.00,0,14.02
56322,1904,1367.0,562.0,0.00,0.00,0.00,0,16.05
56324,1904,1367.0,562.0,0.00,0.00,0.00,0,19.79
56392,1905,813.0,1390.0,0.00,0.00,0.00,0,12.01
56393,1905,812.3,1389.0,-0.02,-0.02,0.03,0,7.48
56394,1905,812.0,1387.7,-0.04,-0.11,0.12,0,6.31
56396,1905,812.0,1387.7,-0.04,-0.11,0.12,0,10.00
56397,1905,812.0,1387.7,-0.04,-0.11,0.12,0,12.12
56398,1905,812.0,1387.7,-0.04,-0.11,0.12,0,14.46
56429,1906,1206.0,1127.0,0.00,0.00,0.00,0,12.01
56429,1907,1199.0,1149.0,0.00,0.00,0.00,0,12.01
56431,1909,1209.0,1117.0,0.00,0.00,0.00,0,12.01
56432,1909,1210.6,1110.5,0.03,-0.13,0.14,0,7.46
56433,1909,1210.6,1110.4,0.03,-0.13,0.14,0,9.48
56435,1909,1210.6,1110.4,0.03,-0.13,0.14,0,13.06
56436,1909,1210.6,1110.4,0.03,-0.13,0.14,0,15.26
56584,1913,764.0,260.0,0.00,0.00,0.00,0,12.01
56585,1913,763.0,259.7,-0.02,-0.01,0.03,0,7.48
56586,1913,763.0,259.7,-0.02,-0.01,0.03,0,9.52
56588,1913,763.0,259.7,-0.02,-0.01,0.03,0,13.35
56589,1913,763.0,259.7,-0.02,-0.01,0.03,0,15.46
56685,1914,456.0,931.0,0.00,0.00,0.00,0,12.01
56686,1914,459.9,928.7,0.10,-0.06,0.12,0,7.47
56687,1914,459.9,928.7,0.10,-0.06,0.12,0,9.52
56689,1914,460.0,928.7,0.10,-0.06,0.12,0,13.32
56690,1914,460.0,928.7,0.10,-0.06,0.12,0,15.46
56722,1915,1110.0,427.0,0.00,0.00,0.00,0,12.01
56723,1915,1110.0,427.0,0.00,0.00,0.00,0,7.48
56723,1916,1128.0,416.0,0.00,0.00,0.00,0,12.01
56724,1915,1114.6,424.4,0.33,-0.19,0.38,0,6.31
56726,1915,1114.7,424.4,0.33,-0.19,0.38,0,10.00
56727,1915,1114.7,424.4,0.33,-0.19,0.38,0,12.10
56728,1915,1114.7,424.4,0.33,-0.19,0.38,0,14.50
56779,1917,785.0,1412.0,0.00,0.00,0.00,0,12.01
56780,1917,785.0,1412.0,0.00,0.00,0.00,0,7.47
56780,1918,800.0,1406.0,0.00,0.00,0.00,0,12.01
56781,1917,788.6,1410.5,0.24,-0.10,0.26,0,6.31
56783,1917,788.7,1410.4,0.24,-0.10,0.26,0,10.05
56784,1917,788.7,1410.4,0.24,-0.10,0.26,0,12.12
56785,1917,788.7,1410.4,0.24,-0.10,0.26,0,14.47
56989,1919,478.0,1050.0,0.00,0.00,0.00,0,12.01
56990,1919,478.0,1050.0,0.00,0.00,0.00,0,14.04
56990,1920,505.0,1014.0,0.00,0.00,0.00,0,12.01
56991,1919,486.8,1039.1,0.41,-0.50,0.65,0,7.87
56993,1919,486.9,1039.0,0.41,-0.50,0.65,0,11.52
56994,1919,486.9,1039.0,0.41,-0.50,0.65,0,13.69
56995,1919,486.9,1039.0,0.41,-0.50,0.65,0,16.03
57073,1921,1524.0,687.0,0.00,0.00,0.00,0,12.01
57074,1921,1523.3,686.3,-0.02,-0.02,0.02,0,7.47
57074,1922,1547.0,704.0,0.00,0.00,0.00,0,12.01
57075,1921,1528.7,689.6,0.33,0.20,0.38,0,6.31
57077,1921,1528.7,689.7,0.33,0.20,0.38,0,9.98
57078,1921,1528.8,689.7,0.33,0.20,0.38,0,12.13
57079,1921,1528.8,689.7,0.33,0.20,0.38,0,14.47
57111,1923,460.0,466.0,0.00,0.00,0.00,0,12.04
57112,1923,460.0,466.0,0.00,0.00,0.00,0,14.09
57113,1923,460.0,466.0,0.00,0.00,0.00,0,16.16
57115,1923,460.0,466.0,0.00,0.00,0.00,0,20.24
57316,1924,1398.0,757.0,0.00,0.00,0.00,0,12.01
57317,1924,1401.6,755.4,0.08,-0.04,0.09,0,7.48
57318,1924,1404.8,753.5,0.30,-0.17,0.34,0,6.31
57320,1924,1404.9,753.4,0.30,-0.17,0.34,0,9.96
57321,1924,1404.9,753.4,0.30,-0.17,0.34,0,12.13
57322,1924,1404.9,753.4,0.30,-0.17,0.34,0,14.52
57390,1925,883.0,701.0,0.00,0.00,0.00,0,12.01
57391,1925,883.0,701.0,0.00,0.00,0.00,0,14.04
57392,1925,883.0,701.0,0.00,0.00,0.00,0,16.09
57394,1925,883.0,701.0,0.00,0.00,0.00,0,19.98
57429,1926,880.0,707.0,0.00,0.00,0.00,0,12.01
57430,1926,879.0,716.8,-0.02,0.20,0.20,0,7.46
57431,1926,879.0,716.8,-0.02,0.20,0.20,0,9.49
57433,1926,879.0,716.9,-0.02,0.20,0.20,0,13.13
57434,1926,879.0,716.9,-0.02,0.20,0.20,0,15.30
57487,1927,888.0,728.0,0.00,0.00,0.00,0,12.01
57488,1927,888.7,730.6,0.02,0.06,0.07,0,7.48
57489,1927,888.7,730.6,0.02,0.06,0.07,0,9.52
57491,1927,888.7,730.6,0.02,0.06,0.07,0,13.27
57492,1927,888.7,730.6,0.02,0.06,0.07,0,15.47
57596,1928,874.0,1008.0,0.00,0.00,0.00,0,12.01
57597,1928,874.3,1011.9,0.01,0.09,0.09,0,7.48
57598,1928,874.3,1011.9,0.01,0.09,0.09,0,9.52
57598,1929,872.0,1060.0,0.00,0.00,0.00,0,12.01
57600,1928,874.3,1012.0,0.01,0.09,0.09,0,13.34
57600,1929,872.0,1060.0,0.00,0.00,0.00,0,15.15
57601,1928,874.3,1012.0,0.01,0.09,0.09,0,15.47
57601,1929,872.0,1060.0,0.00,0.00,0.00,0,17.24
57602,1929,872.0,1060.0,0.00,0.00,0.00,0,19.48
57649,1930,891.0,1054.0,0.00,0.00,0.00,0,12.17
57650,1930,891.0,1054.0,0.00,0.00,0.00,0,14.23
57651,1930,891.0,1054.0,0.00,0.00,0.00,0,16.33
57653,1930,891.0,1054.0,0.00,0.00,0.00,0,20.65
57742,1931,802.0,1181.0,0.00,0.00,0.00,0,12.01
57743,1931,802.7,1181.0,0.02,0.00,0.02,0,7.48
57744,1931,802.7,1181.0,0.02,0.00,0.02,0,9.52
57746,1931,802.7,1181.0,0.02,0.00,0.02,0,13.29
57747,1931,802.7,1181.0,0.02,0.00,0.02,0,15.47
57887,1932,1028.0,1012.0,0.00,0.00,0.00,0,12.01
57888,1932,1028.0,1012.0,0.00,0.00,0.00,0,14.03
57889,1932,1028.0,1012.0,0.00,0.00,0.00,0,16.09
57891,1932,1028.0,1012.0,0.00,0.00,0.00,0,19.95
58092,1933,1317.0,318.0,0.00,0.00,0.00,0,12.01
58093,1933,1317.0,317.3,0.00,-0.02,0.02,0,7.47
58093,1934,1317.0,325.0,0.00,0.00,0.00,0,12.01
58094,1933,1317.0,319.3,0.00,0.11,0.11,0,6.31
58094,1934,1317.7,327.3,0.02,0.06,0.06,0,7.47
58096,1933,1317.0,319.3,0.00,0.11,0.11,0,9.98
58096,1934,1317.7,327.3,0.02,0.06,0.06,0,10.87
58097,1933,1317.0,319.3,0.00,0.11,0.11,0,12.12
58097,1934,1317.7,327.3,0.02,0.06,0.06,0,13.00
58098,1933,1317.0,319.3,0.00,0.11,0.11,0,14.47
58098,1934,1317.7,327.3,0.02,0.06,0.06,0,15.29
58218,1935,430.0,1175.0,0.00,0.00,0.00,0,12.01
58219,1935,430.3,1175.3,0.01,0.01,0.01,0,7.47
58219,1936,427.0,1150.0,0.00,0.00,0.00,0,12.01
58220,1935,429.7,1169.6,-0.03,-0.36,0.36,0,6.31
58220,1936,426.0,1144.8,-0.02,-0.13,0.13,0,7.48
58222,1935,429.7,1169.5,-0.03,-0.36,0.36,0,10.01
58222,1936,426.0,1144.7,-0.02,-0.13,0.13,0,10.90
58223,1935,429.7,1169.5,-0.03,-0.36,0.36,0,12.12
58223,1936,426.0,1144.7,-0.02,-0.13,0.13,0,12.99
58224,1935,429.7,1169.5,-0.03,-0.36,0.36,0,14.47
58224,1936,426.0,1144.7,-0.02,-0.13,0.13,0,15.29
58298,1937,1351.0,1190.0,0.00,0.00,0.00,0,12.01
58300,1939,1341.0,1159.0,0.00,0.00,0.00,0,12.01
58300,1940,1347.0,1174.0,0.00,0.00,0.00,0,12.01
58301,1939,1341.0,1159.3,0.00,0.01,0.01,0,7.48
58301,1940,1341.8,1165.5,-0.13,-0.21,0.25,0,7.48
58302,1939,1338.7,1156.4,-0.16,-0.19,0.25,0,6.31
58304,1939,1338.6,1156.4,-0.16,-0.19,0.25,0,9.94
58305,1939,1338.6,1156.4,-0.16,-0.19,0.25,0,12.12
58306,1939,1338.6,1156.4,-0.16,-0.19,0.25,0,14.53
58337,1941,1112.0,554.0,0.00,0.00,0.00,0,12.01
58339,1943,1184.0,533.0,0.00,0.00,0.00,0,12.01
58340,1943,1187.6,529.7,0.09,-0.08,0.12,0,7.47
58341,1943,1190.0,527.5,0.24,-0.22,0.33,0,6.31
58343,1943,1190.1,527.4,0.24,-0.22,0.33,0,9.95
58344,1943,1190.1,527.4,0.24,-0.22,0.33,0,12.10
58345,1943,1190.1,527.4,0.24,-0.22,0.33,0,14.45
58424,1944,376.0,1120.0,0.00,0.00,0.00,0,12.01
58426,1946,392.0,1109.0,0.00,0.00,0.00,0,12.01
58426,1947,382.0,1115.0,0.00,0.00,0.00,0,12.01
58427,1946,391.3,1109.3,-0.02,0.01,0.02,0,7.48
58427,1947,387.9,1111.1,0.15,-0.10,0.17,0,7.48
58428,1946,393.3,1108.0,0.12,-0.08,0.14,0,6.31
58430,1946,393.3,1107.9,0.12,-0.08,0.14,0,9.98
58431,1946,393.3,1107.9,0.12,-0.08,0.14,0,12.12
58432,1946,393.4,1107.9,0.12,-0.08,0.14,0,14.47
58533,1948,939.0,1249.0,0.00,0.00,0.00,0,12.01
58534,1948,939.0,1249.3,0.00,0.01,0.01,0,7.47
58534,1949,954.0,1246.0,0.00,0.00,0.00,0,12.01
58535,1948,942.3,1248.5,0.21,-0.04,0.21,0,6.31
58535,1949,956.3,1245.7,0.05,-0.01,0.05,0,7.48
58537,1948,942.4,1248.5,0.21,-0.04,0.21,0,9.97
58537,1949,956.3,1245.7,0.05,-0.01,0.05,0,10.87
58538,1948,942.4,1248.5,0.21,-0.04,0.21,0,12.13
58538,1949,956.3,1245.7,0.05,-0.01,0.05,0,13.01
58539,1948,942.4,1248.5,0.21,-0.04,0.21,0,14.48
58539,1949,956.3,1245.7,0.05,-0.01,0.05,0,15.30
58703,1950,1321.0,1215.0,0.00,0.00,0.00,0,12.01
58703,1951,1322.0,1224.0,0.00,0.00,0.00,0,12.01
58705,1952,1328.0,1204.0,0.00,0.00,0.00,0,12.01
58706,1952,1330.3,1202.4,0.06,-0.04,0.07,0,7.47
58707,1952,1332.5,1201.0,0.20,-0.13,0.24,0,6.31
58709,1952,1332.6,1200.9,0.20,-0.13,0.24,0,9.99
58710,1952,1332.6,1200.9,0.20,-0.13,0.24,0,12.13
58711,1952,1332.6,1200.9,0.20,-0.13,0.24,0,14.53
58742,1954,1016.0,833.0,0.00,0.00,0.00,0,12.01
58743,1954,1024.2,831.4,0.20,-0.04,0.21,0,7.53
58744,1954,1024.2,831.4,0.20,-0.04,0.21,0,9.58
58746,1954,1024.3,831.3,0.20,-0.04,0.21,0,13.54
58747,1954,1024.3,831.3,0.20,-0.04,0.21,0,15.72
58827,1955,601.0,792.0,0.00,0.00,0.00,0,12.01
58828,1955,601.0,792.0,0.00,0.00,0.00,0,14.04
58829,1955,601.0,792.0,0.00,0.00,0.00,0,16.09
58831,1955,601.0,792.0,0.00,0.00,0.00,0,19.97
58864,1956,321.0,902.0,0.00,0.00,0.00,0,12.01
58864,1957,315.0,907.0,0.00,0.00,0.00,0,12.01
58865,1956,319.4,903.6,-0.04,0.04,0.06,0,7.51
58865,1957,322.5,900.1,0.19,-0.17,0.25,0,7.51
58866,1956,323.9,899.1,0.45,-0.45,0.64,0,6.32
58868,1956,324.0,899.0,0.45,-0.45,0.64,0,9.98
58869,1956,324.0,899.0,0.45,-0.45,0.64,0,12.29
58870,1956,324.1,898.9,0.45,-0.45,0.64,0,14.71
59061,1959,1210.0,1372.0,0.00,0.00,0.00,0,12.01
59062,1959,1210.3,1370.0,0.01,-0.05,0.05,0,7.48
59063,1959,1210.5,1369.3,0.02,-0.10,0.10,0,6.31
59065,1959,1210.5,1369.2,0.02,-0.10,0.10,0,9.99
59066,1959,1210.5,1369.2,0.02,-0.10,0.10,0,12.12
59067,1959,1210.5,1369.2,0.02,-0.10,0.10,0,14.47
59101,1960,1080.0,743.0,0.00,0.00,0.00,0,12.00
59102,1960,1080.3,743.3,0.00,0.00,0.01,0,7.47
59102,1961,1068.0,737.0,0.00,0.00,0.00,0,12.01
59103,1960,1077.4,742.0,-0.14,-0.06,0.15,0,6.30
59105,1960,1077.4,741.9,-0.14,-0.06,0.15,0,9.95
59106,1960,1077.4,741.9,-0.14,-0.06,0.15,0,12.08
59107,1960,1077.4,741.9,-0.14,-0.06,0.15,0,14.48
59174,1962,658.0,734.0,0.00,0.00,0.00,0,12.01
59175,1962,658.0,734.0,0.00,0.00,0.00,0,14.04
59176,1962,658.0,734.0,0.00,0.00,0.00,0,16.09
59178,1962,658.0,734.0,0.00,0.00,0.00,0,19.95
59211,1963,1412.0,854.0,0.00,0.00,0.00,0,12.01
59212,1963,1413.3,852.7,0.03,-0.03,0.05,0,7.50
59213,1963,1414.8,850.2,0.18,-0.29,0.34,0,6.32
59215,1963,1414.8,850.1,0.18,-0.29,0.34,0,10.05
59216,1963,1414.8,850.1,0.18,-0.29,0.34,0,12.33
59217,1963,1414.8,850.1,0.18,-0.29,0.34,0,14.74
59278,1966,1455.0,874.0,0.00,0.00,0.00,0,12.01
59278,1967,1452.0,882.0,0.00,0.00,0.00,0,12.01
59278,1968,1509.0,907.0,0.00,0.00,0.00,0,12.01
59279,1966,1455.0,874.0,0.00,0.00,0.00,0,14.04
59279,1967,1452.0,882.0,0.00,0.00,0.00,0,14.04
59279,1968,1509.0,907.0,0.00,0.00,0.00,0,14.04
59279,1969,1414.0,861.0,0.00,0.00,0.00,0,12.01
59280,1966,1443.1,870.1,-0.55,-0.18,0.58,0,7.87
59280,1968,1509.0,907.0,0.00,0.00,0.00,0,16.09
59282,1966,1442.9,870.1,-0.55,-0.18,0.58,0,11.52
59282,1968,1509.0,907.0,0.00,0.00,0.00,0,19.95
59283,1966,1442.9,870.1,-0.55,-0.18,0.58,0,13.68
59284,1966,1442.9,870.1,-0.55,-0.18,0.58,0,16.08
59315,1970,1004.0,1082.0,0.00,0.00,0.00,0,12.01
59317,1972,1168.0,1047.0,0.00,0.00,0.00,0,12.01
59317,1973,1128.0,1047.0,0.00,0.00,0.00,0,12.01
59318,1972,1167.3,1045.0,-0.01,-0.04,0.05,0,7.47
59318,1973,1138.8,1047.3,0.24,0.01,0.24,0,7.47
59318,1974,1200.0,1053.0,0.00,0.00,0.00,0,12.01
59319,1972,1175.0,1047.1,0.46,0.08,0.46,0,6.30
59319,1973,1138.8,1047.3,0.24,0.01,0.24,0,9.51
59321,1972,1175.1,1047.1,0.46,0.08,0.46,0,9.94
59321,1973,1138.9,1047.3,0.24,0.01,0.24,0,13.26
59322,1972,1175.1,1047.1,0.46,0.08,0.46,0,12.11
59322,1973,1138.9,1047.3,0.24,0.01,0.24,0,15.44
59323,1972,1175.1,1047.1,0.46,0.08,0.46,0,14.45
59369,1975,344.0,1073.0,0.00,0.00,0.00,0,12.01
59370,1975,343.7,1073.0,-0.01,0.00,0.01,0,7.48
59371,1975,343.7,1073.0,-0.01,0.00,0.01,0,9.52
59373,1975,343.7,1073.0,-0.01,0.00,0.01,0,13.30
59374,1975,343.7,1073.0,-0.01,0.00,0.01,0,15.47
59408,1976,1039.0,213.0,0.00,0.00,0.00,0,12.01
59409,1976,1041.6,209.1,0.06,-0.09,0.11,0,7.47
59410,1976,1041.6,209.1,0.06,-0.09,0.11,0,9.51
59412,1976,1041.6,209.0,0.06,-0.09,0.11,0,13.28
59413,1976,1041.6,209.0,0.06,-0.09,0.11,0,15.43
59479,1977,1081.0,205.0,0.00,0.00,0.00,0,12.01
59480,1977,1085.3,209.6,0.11,0.11,0.16,0,7.48
59481,1977,1086.2,211.0,0.17,0.21,0.27,0,6.31
59483,1977,1086.3,211.0,0.17,0.21,0.27,0,9.93
59484,1977,1086.3,211.0,0.17,0.21,0.27,0,12.12
59485,1977,1086.3,211.0,0.17,0.21,0.27,0,14.47
59526,1979,981.0,1067.0,0.00,0.00,0.00,0,12.01
59527,1979,981.0,1067.0,0.00,0.00,0.00,0,14.04
59528,1979,981.0,1067.0,0.00,0.00,0.00,0,16.09
59530,1979,981.0,1067.0,0.00,0.00,0.00,0,19.98
59770,1980,1056.0,699.0,0.00,0.00,0.00,0,12.01
59771,1980,1056.0,699.0,0.00,0.00,0.00,0,14.04
59772,1980,1056.0,699.0,0.00,0.00,0.00,0,16.09
59774,1980,1056.0,699.0,0.00,0.00,0.00,0,19.97
59832,1981,453.0,931.0,0.00,0.00,0.00,0,12.01
59833,1981,453.0,931.3,0.00,0.01,0.01,0,7.47
59833,1982,447.0,908.0,0.00,0.00,0.00,0,12.01
59833,1983,450.0,922.0,0.00,0.00,0.00,0,12.01
59834,1981,451.5,925.3,-0.10,-0.38,0.39,0,6.31
59834,1982,445.7,903.4,-0.03,-0.11,0.12,0,7.48
59834,1983,450.0,922.0,0.00,0.00,0.00,0,14.04
59836,1981,451.4,925.2,-0.10,-0.38,0.39,0,9.98
59836,1982,445.7,903.4,-0.03,-0.11,0.12,0,10.88
59836,1983,450.0,922.0,0.00,0.00,0.00,0,17.53
59837,1981,451.4,925.2,-0.10,-0.38,0.39,0,12.13
59837,1982,445.7,903.4,-0.03,-0.11,0.12,0,13.00
59837,1983,450.0,922.0,0.00,0.00,0.00,0,19.65
59838,1981,451.4,925.2,-0.10,-0.38,0.39,0,14.47
59838,1982,445.7,903.4,-0.03,-0.11,0.12,0,15.29
60559,1984,728.0,737.0,0.00,0.00,0.00,0,12.01
60560,1984,728.0,737.0,0.00,0.00,0.00,0,14.04
60561,1984,728.0,737.0,0.00,0.00,0.00,0,16.09
60563,1984,728.0,737.0,0.00,0.00,0.00,0,19.96
61130,1985,332.0,1040.0,0.00,0.00,0.00,0,12.01
61130,1986,337.0,1053.0,0.00,0.00,0.00,0,12.01
61132,1987,329.0,1026.0,0.00,0.00,0.00,0,12.01
61132,1988,331.0,1033.0,0.00,0.00,0.00,0,12.01
61133,1987,329.0,1026.0,0.00,0.00,0.00,0,7.47
61133,1988,331.0,1033.0,0.00,0.00,0.00,0,14.04
61134,1987,328.7,1025.2,-0.02,-0.05,0.05,0,6.31
61136,1987,328.7,1025.2,-0.02,-0.05,0.05,0,9.95
61137,1987,328.7,1025.2,-0.02,-0.05,0.05,0,12.12
61138,1987,328.7,1025.2,-0.02,-0.05,0.05,0,14.47
61407,1989,1179.0,1370.0,0.00,0.00,0.00,0,12.01
61408,1989,1179.0,1370.0,0.00,0.00,0.00,0,7.47
61408,1990,1192.0,1366.0,0.00,0.00,0.00,0,12.01
61409,1989,1182.1,1369.2,0.20,-0.05,0.21,0,6.31
61409,1990,1195.3,1365.0,0.08,-0.02,0.08,0,7.47
61411,1989,1182.1,1369.2,0.20,-0.05,0.21,0,9.98
61411,1990,1195.3,1365.0,0.08,-0.02,0.08,0,10.87
61412,1989,1182.1,1369.2,0.20,-0.05,0.21,0,12.12
61412,1990,1195.3,1365.0,0.08,-0.02,0.08,0,12.99
61413,1989,1182.2,1369.2,0.20,-0.05,0.21,0,14.52
61413,1990,1195.3,1365.0,0.08,-0.02,0.08,0,15.33
61459,1991,1397.0,345.0,0.00,0.00,0.00,0,12.01
61460,1991,1397.3,343.7,0.01,-0.03,0.03,0,7.48
61460,1992,1398.0,352.0,0.00,0.00,0.00,0,12.01
61461,1991,1397.3,343.7,0.01,-0.03,0.03,0,9.52
61463,1991,1397.3,343.7,0.01,-0.03,0.03,0,13.35
61464,1991,1397.3,343.7,0.01,-0.03,0.03,0,15.47
61574,1993,455.0,1187.0,0.00,0.00,0.00,0,12.01
61575,1993,455.0,1187.0,0.00,0.00,0.00,0,14.04
61576,1993,455.0,1187.0,0.00,0.00,0.00,0,16.09
61576,1994,428.0,1155.0,0.00,0.00,0.00,0,12.01
61578,1993,455.0,1187.0,0.00,0.00,0.00,0,20.02
61578,1994,428.0,1155.0,0.00,0.00,0.00,0,15.17
61579,1994,428.0,1155.0,0.00,0.00,0.00,0,17.25
61580,1994,428.0,1155.0,0.00,0.00,0.00,0,19.53
61765,1997,888.0,1062.0,0.00,0.00,0.00,0,12.01
61766,1997,888.0,1062.0,0.00,0.00,0.00,0,7.47
61766,1998,887.0,1082.0,0.00,0.00,0.00,0,12.01
61767,1997,888.0,1066.9,0.00,0.31,0.31,0,6.30
61769,1997,888.0,1067.0,0.00,0.31,0.31,0,9.94
61770,1997,888.0,1067.0,0.00,0.31,0.31,0,12.11
61771,1997,888.0,1067.0,0.00,0.31,0.31,0,14.45
61998,1999,946.0,1452.0,0.00,0.00,0.00,0,12.01
61999,1999,945.3,1452.3,-0.02,0.01,0.02,0,7.47
61999,2000,955.0,1444.0,0.00,0.00,0.00,0,12.01
62000,1999,947.3,1450.7,0.11,-0.10,0.15,0,6.31
62000,2000,957.6,1441.1,0.06,-0.07,0.10,0,7.48
62002,1999,947.3,1450.7,0.11,-0.10,0.15,0,9.99
62002,2000,957.6,1441.0,0.06,-0.07,0.10,0,10.88
62003,1999,947.3,1450.7,0.11,-0.10,0.15,0,12.12
62003,2000,957.6,1441.0,0.06,-0.07,0.10,0,12.99
62004,1999,947.3,1450.7,0.11,-0.10,0.15,0,14.47
62004,2000,957.6,1441.0,0.06,-0.07,0.10,0,15.29
62119,2001,1311.0,520.0,0.00,0.00,0.00,0,12.01
62120,2001,1311.3,520.3,0.01,0.01,0.01,0,7.48
62120,2002,1300.0,508.0,0.00,0.00,0.00,0,12.01
62121,2001,1308.4,517.4,-0.19,-0.19,0.26,0,6.31
62123,2001,1308.4,517.4,-0.19,-0.19,0.26,0,9.99
62124,2001,1308.4,517.4,-0.19,-0.19,0.26,0,12.12
62125,2001,1308.4,517.4,-0.19,-0.19,0.26,0,14.52
62435,2003,1528.0,767.0,0.00,0.00,0.00,0,12.01
62437,2005,1504.0,753.0,0.00,0.00,0.00,0,12.01
62437,2006,1515.0,761.0,0.00,0.00,0.00,0,12.01
62438,2005,1503.3,752.0,-0.02,-0.02,0.03,0,7.48
62438,2006,1515.0,761.0,0.00,0.00,0.00,0,14.04
62439,2005,1502.2,749.4,-0.09,-0.19,0.21,0,6.31
62441,2005,1502.2,749.4,-0.09,-0.19,0.21,0,9.96
62442,2005,1502.2,749.4,-0.09,-0.19,0.21,0,12.12
62443,2005,1502.2,749.4,-0.09,-0.19,0.21,0,14.47
62474,2007,364.0,724.0,0.00,0.00,0.00,0,12.01
62474,2008,353.0,733.0,0.00,0.00,0.00,0,12.01
62631,2009,768.0,1068.0,0.00,0.00,0.00,0,12.01
62632,2009,775.2,1067.7,0.19,-0.01,0.19,0,7.48
62633,2009,778.2,1067.5,0.39,-0.02,0.39,0,6.31
62633,2010,811.0,1072.0,0.00,0.00,0.00,0,12.01
62635,2009,778.4,1067.5,0.39,-0.02,0.39,0,9.98
62635,2010,811.0,1072.0,0.00,0.00,0.00,0,15.14
62636,2009,778.4,1067.5,0.39,-0.02,0.39,0,12.13
62636,2010,811.0,1072.0,0.00,0.00,0.00,0,17.24
62637,2009,778.4,1067.5,0.39,-0.02,0.39,0,14.54
62637,2010,811.0,1072.0,0.00,0.00,0.00,0,19.53
62798,2011,1300.0,1011.0,0.00,0.00,0.00,0,12.01
62799,2011,1300.0,1011.0,0.00,0.00,0.00,0,14.04
62800,2011,1300.0,1011.0,0.00,0.00,0.00,0,16.09
62802,2011,1300.0,1011.0,0.00,0.00,0.00,0,19.97
62888,2012,775.0,259.0,0.00,0.00,0.00,0,12.01
62890,2014,788.0,243.0,0.00,0.00,0.00,0,12.01
62891,2014,788.7,240.4,0.02,-0.07,0.07,0,7.48
62892,2014,788.5,237.5,0.01,-0.26,0.26,0,6.30
62894,2014,788.5,237.4,0.01,-0.26,0.26,0,9.96
62895,2014,788.5,237.4,0.01,-0.26,0.26,0,12.13
62896,2014,788.5,237.4,0.01,-0.26,0.26,0,14.48
63075,2015,1496.0,543.0,0.00,0.00,0.00,0,12.01
63076,2015,1495.3,542.3,-0.02,-0.02,0.02,0,7.48
63077,2015,1494.2,541.2,-0.09,-0.09,0.13,0,6.30
63079,2015,1494.2,541.2,-0.09,-0.09,0.13,0,9.94
63080,2015,1494.2,541.2,-0.09,-0.09,0.13,0,12.13
63081,2015,1494.2,541.2,-0.09,-0.09,0.13,0,14.47
63221,2016,450.0,823.0,0.00,0.00,0.00,0,12.01
63221,2017,457.0,822.0,0.00,0.00,0.00,0,12.01
63221,2018,449.0,834.0,0.00,0.00,0.00,0,12.01
63223,2019,571.0,654.0,0.00,0.00,0.00,0,12.01
63224,2019,570.0,653.7,-0.02,-0.01,0.03,0,7.48
63225,2019,570.0,653.7,-0.02,-0.01,0.03,0,9.52
63227,2019,570.0,653.7,-0.02,-0.01,0.03,0,13.31
63228,2019,570.0,653.7,-0.02,-0.01,0.03,0,15.46
63443,2020,386.0,1006.0,0.00,0.00,0.00,0,12.01
63445,2022,372.0,972.0,0.00,0.00,0.00,0,12.01
63445,2023,379.0,990.0,0.00,0.00,0.00,0,12.01
63446,2022,372.0,972.7,0.00,0.02,0.02,0,7.48
63446,2023,374.7,978.5,-0.10,-0.27,0.29,0,7.48
63447,2022,370.2,968.4,-0.12,-0.27,0.30,0,6.31
63449,2022,370.2,968.3,-0.12,-0.27,0.30,0,9.98
63450,2022,370.2,968.3,-0.12,-0.27,0.30,0,12.13
63451,2022,370.2,968.3,-0.12,-0.27,0.30,0,14.48
63482,2025,1003.0,816.0,0.00,0.00,0.00,0,12.01
63484,2027,985.0,815.0,0.00,0.00,0.00,0,12.01
63484,2028,969.0,816.0,0.00,0.00,0.00,0,12.01
63485,2027,980.4,815.0,-0.10,0.00,0.10,0,7.47
63485,2028,965.4,816.7,-0.08,0.01,0.08,0,7.47
63486,2027,974.9,815.8,-0.45,0.05,0.45,0,6.30
63488,2027,974.8,815.8,-0.45,0.05,0.45,0,9.95
63489,2027,974.8,815.8,-0.45,0.05,0.45,0,12.12
63490,2027,974.8,815.8,-0.45,0.05,0.45,0,14.47
63703,2029,679.0,479.0,0.00,0.00,0.00,0,12.01
63704,2029,679.0,479.3,0.00,0.01,0.01,0,7.48
63704,2030,666.0,486.0,0.00,0.00,0.00,0,12.01
63705,2029,675.7,481.0,-0.22,0.12,0.25,0,6.31
63707,2029,675.6,481.1,-0.22,0.12,0.25,0,9.97
63708,2029,675.6,481.1,-0.22,0.12,0.25,0,12.12
63709,2029,675.6,481.1,-0.22,0.12,0.25,0,14.47
63810,2031,335.0,897.0,0.00,0.00,0.00,0,12.01
63811,2031,334.7,897.3,-0.01,0.01,0.01,0,7.47
63811,2032,348.0,887.0,0.00,0.00,0.00,0,12.01
63812,2031,338.1,894.4,0.22,-0.18,0.28,0,6.31
63812,2032,353.9,882.7,0.14,-0.10,0.18,0,7.48
63814,2031,338.2,894.4,0.22,-0.18,0.28,0,9.97
63814,2032,353.9,882.7,0.14,-0.10,0.18,0,10.86
63815,2031,338.2,894.4,0.22,-0.18,0.28,0,12.12
63815,2032,353.9,882.7,0.14,-0.10,0.18,0,12.99
63816,2031,338.2,894.4,0.22,-0.18,0.28,0,14.52
63816,2032,353.9,882.7,0.14,-0.10,0.18,0,15.34
63847,2033,451.0,1192.0,0.00,0.00,0.00,0,12.01
63848,2033,451.0,1192.0,0.00,0.00,0.00,0,14.04
63849,2033,451.0,1192.0,0.00,0.00,0.00,0,16.09
63851,2033,451.0,1192.0,0.00,0.00,0.00,0,19.92
63931,2034,355.0,574.0,0.00,0.00,0.00,0,12.01
63932,2034,351.7,582.8,-0.08,0.21,0.23,0,7.47
63933,2034,351.7,582.9,-0.08,0.21,0.23,0,9.52
63935,2034,351.7,582.9,-0.08,0.21,0.23,0,13.33
63936,2034,351.7,582.9,-0.08,0.21,0.23,0,15.46
63968,2036,949.0,987.0,0.00,0.00,0.00,0,12.01
63969,2036,944.7,989.3,-0.11,0.06,0.12,0,7.48
63970,2036,937.6,991.5,-0.63,0.22,0.66,0,6.30
63970,2037,893.0,1008.0,0.00,0.00,0.00,0,12.01
63972,2036,937.4,991.6,-0.63,0.22,0.66,0,9.95
63972,2037,893.0,1008.0,0.00,0.00,0.00,0,15.10
63973,2036,937.4,991.6,-0.63,0.22,0.66,0,12.11
63973,2037,893.0,1008.0,0.00,0.00,0.00,0,17.21
63974,2036,937.4,991.6,-0.63,0.22,0.66,0,14.45
63974,2037,893.0,1008.0,0.00,0.00,0.00,0,19.46
64006,2040,617.0,597.0,0.00,0.00,0.00,0,12.04
64007,2040,616.7,596.0,-0.02,-0.05,0.05,0,7.49
64008,2040,616.7,596.0,-0.02,-0.05,0.05,0,9.54
64010,2040,616.7,596.0,-0.02,-0.05,0.05,0,13.39
64011,2040,616.7,596.0,-0.02,-0.05,0.05,0,15.55
64043,2041,1095.0,516.0,0.00,0.00,0.00,0,12.01
64045,2043,1070.0,512.0,0.00,0.00,0.00,0,12.01
64045,2044,1090.0,514.0,0.00,0.00,0.00,0,12.01
64046,2043,1070.0,512.0,0.00,0.00,0.00,0,14.02
64046,2044,1090.0,514.0,0.00,0.00,0.00,0,14.02
64047,2043,1070.0,512.0,0.00,0.00,0.00,0,16.05
64047,2044,1090.0,514.0,0.00,0.00,0.00,0,16.05
64049,2043,1070.0,512.0,0.00,0.00,0.00,0,19.75
64049,2044,1090.0,514.0,0.00,0.00,0.00,0,19.75
64096,2045,681.0,869.0,0.00,0.00,0.00,0,12.01
64097,2045,679.0,866.1,-0.05,-0.08,0.09,0,7.47
64097,2046,665.0,851.0,0.00,0.00,0.00,0,12.01
64098,2045,675.4,862.2,-0.28,-0.32,0.43,0,6.31
64100,2045,675.3,862.1,-0.28,-0.32,0.43,0,9.98
64101,2045,675.3,862.1,-0.28,-0.32,0.43,0,12.13
64102,2045,675.3,862.1,-0.28,-0.32,0.43,0,14.47
64229,2047,420.0,1036.0,0.00,0.00,0.00,0,12.01
64229,2048,416.0,1043.0,0.00,0.00,0.00,0,12.01
64229,2049,412.0,1049.0,0.00,0.00,0.00,0,12.01
64231,2051,441.0,1015.0,0.00,0.00,0.00,0,12.01
64231,2052,447.0,1035.0,0.00,0.00,0.00,0,12.01
64231,2053,507.0,1056.0,0.00,0.00,0.00,0,12.01
64232,2051,441.0,1015.0,0.00,0.00,0.00,0,14.04
64232,2052,447.0,1035.0,0.00,0.00,0.00,0,14.04
64232,2053,505.4,1054.4,-0.04,-0.04,0.06,0,7.47
64233,2053,505.4,1054.4,-0.04,-0.04,0.06,0,9.52
64233,2051,441.0,1015.0,0.00,0.00,0.00,0,16.09
64233,2052,447.0,1035.0,0.00,0.00,0.00,0,16.09
64235,2053,505.3,1054.3,-0.04,-0.04,0.06,0,13.31
64235,2051,441.0,1015.0,0.00,0.00,0.00,0,19.97
64235,2052,447.0,1035.0,0.00,0.00,0.00,0,19.97
64236,2053,505.3,1054.3,-0.04,-0.04,0.06,0,15.47
64607,2054,441.0,920.0,0.00,0.00,0.00,0,12.01
64607,2055,416.0,940.0,0.00,0.00,0.00,0,12.01
64609,2057,478.0,887.0,0.00,0.00,0.00,0,12.01
64609,2058,461.0,903.0,0.00,0.00,0.00,0,12.01
64610,2057,479.3,886.3,0.03,-0.02,0.04,0,7.48
64610,2058,461.0,903.0,0.00,0.00,0.00,0,14.04
64610,2059,502.0,868.0,0.00,0.00,0.00,0,12.01
64611,2057,484.9,881.6,0.40,-0.33,0.52,0,6.31
64611,2058,461.0,903.0,0.00,0.00,0.00,0,16.09
64613,2057,485.0,881.5,0.40,-0.33,0.52,0,9.95
64613,2058,461.0,903.0,0.00,0.00,0.00,0,19.94
64614,2057,485.0,881.5,0.40,-0.33,0.52,0,12.12
64615,2057,485.0,881.5,0.40,-0.33,0.52,0,14.47
64647,2060,444.0,422.0,0.00,0.00,0.00,0,12.01
64648,2060,446.0,421.7,0.06,-0.01,0.06,0,7.47
64649,2060,448.3,421.5,0.20,-0.02,0.20,0,6.30
64651,2060,448.3,421.5,0.20,-0.02,0.20,0,9.94
64652,2060,448.3,421.5,0.20,-0.02,0.20,0,12.10
64653,2060,448.4,421.5,0.20,-0.02,0.20,0,14.45
64899,2061,634.0,945.0,0.00,0.00,0.00,0,12.01
64900,2061,634.0,945.0,0.00,0.00,0.00,0,7.47
64900,2062,647.0,926.0,0.00,0.00,0.00,0,12.01
64901,2061,636.8,940.6,0.18,-0.27,0.33,0,6.31
64901,2062,650.3,920.8,0.08,-0.12,0.14,0,7.48
64903,2061,636.9,940.6,0.18,-0.27,0.33,0,9.99
64903,2062,650.3,920.7,0.08,-0.12,0.14,0,10.88
64904,2061,636.9,940.5,0.18,-0.27,0.33,0,12.13
64904,2062,650.3,920.7,0.08,-0.12,0.14,0,13.01
64905,2061,636.9,940.5,0.18,-0.27,0.33,0,14.48
64905,2062,650.3,920.7,0.08,-0.12,0.14,0,15.30
64941,2063,460.0,991.0,0.00,0.00,0.00,0,12.01
64942,2063,460.0,991.0,0.00,0.00,0.00,0,14.04
64943,2063,460.0,991.0,0.00,0.00,0.00,0,16.09
64945,2063,460.0,991.0,0.00,0.00,0.00,0,19.93
65011,2064,525.0,1207.0,0.00,0.00,0.00,0,12.01
65012,2064,525.0,1207.0,0.00,0.00,0.00,0,14.04
65013,2064,525.0,1207.0,0.00,0.00,0.00,0,16.09
65015,2064,525.0,1207.0,0.00,0.00,0.00,0,19.95
65049,2065,976.0,995.0,0.00,0.00,0.00,0,12.03
65050,2065,978.6,998.6,0.13,0.18,0.22,0,7.48
65051,2065,980.0,1000.5,0.24,0.32,0.40,0,6.30
65051,2066,993.0,1017.0,0.00,0.00,0.00,0,12.00
65053,2065,980.1,1000.6,0.24,0.32,0.40,0,9.80
65053,2066,993.0,1017.0,0.00,0.00,0.00,0,14.99
65054,2065,980.1,1000.6,0.24,0.32,0.40,0,11.90
65054,2066,993.0,1017.0,0.00,0.00,0.00,0,17.06
65055,2065,980.1,1000.6,0.24,0.32,0.40,0,14.23
65055,2066,993.0,1017.0,0.00,0.00,0.00,0,19.30
65116,2067,1003.0,1157.0,0.00,0.00,0.00,0,12.01
65117,2067,1009.6,1157.7,0.18,0.02,0.18,0,7.48
65118,2067,1009.6,1157.7,0.18,0.02,0.18,0,9.52
65120,2067,1009.6,1157.7,0.18,0.02,0.18,0,13.28
65121,2067,1009.6,1157.7,0.18,0.02,0.18,0,15.44
65156,2068,767.0,1207.0,0.00,0.00,0.00,0,12.01
65156,2069,763.0,1217.0,0.00,0.00,0.00,0,12.01
65158,2071,803.0,1141.0,0.00,0.00,0.00,0,12.01
65158,2072,785.0,1177.0,0.00,0.00,0.00,0,12.01
65159,2071,802.3,1142.6,-0.02,0.04,0.04,0,7.47
65159,2072,785.0,1177.0,0.00,0.00,0.00,0,14.04
65159,2073,823.0,1111.0,0.00,0.00,0.00,0,12.01
65160,2071,806.9,1135.0,0.28,-0.46,0.54,0,6.31
65160,2072,785.0,1177.0,0.00,0.00,0.00,0,16.09
65162,2071,807.0,1134.9,0.28,-0.46,0.54,0,9.97
65162,2072,785.0,1177.0,0.00,0.00,0.00,0,19.96
65163,2071,807.0,1134.9,0.28,-0.46,0.54,0,12.13
65164,2071,807.0,1134.9,0.28,-0.46,0.54,0,14.47
65195,2074,1229.0,417.0,0.00,0.00,0.00,0,12.01
65196,2074,1229.0,417.0,0.00,0.00,0.00,0,14.04
65197,2074,1229.0,417.0,0.00,0.00,0.00,0,16.09
65199,2074,1229.0,417.0,0.00,0.00,0.00,0,19.99
65267,2075,595.0,1090.0,0.00,0.00,0.00,0,12.01
65269,2077,611.0,1090.0,0.00,0.00,0.00,0,12.01
65269,2078,627.0,1093.0,0.00,0.00,0.00,0,12.01
65270,2077,616.2,1091.0,0.13,0.02,0.13,0,7.48
65270,2078,631.9,1093.7,0.12,0.02,0.12,0,7.48
65271,2077,622.6,1092.0,0.55,0.09,0.56,0,6.31
65273,2077,622.8,1092.0,0.55,0.09,0.56,0,9.97
65274,2077,622.8,1092.0,0.55,0.09,0.56,0,12.12
65275,2077,622.8,1092.0,0.55,0.09,0.56,0,14.52
65410,2079,1548.0,798.0,0.00,0.00,0.00,0,12.01
65411,2079,1548.3,798.0,0.01,0.00,0.01,0,7.48
65411,2080,1535.0,798.0,0.00,0.00,0.00,0,12.01
65412,2079,1545.2,798.0,-0.20,0.00,0.20,0,6.31
65414,2079,1545.1,798.0,-0.20,0.00,0.20,0,9.98
65415,2079,1545.1,798.0,-0.20,0.00,0.20,0,12.12
65416,2079,1545.1,798.0,-0.20,0.00,0.20,0,14.47
65468,2081,839.0,1394.0,0.00,0.00,0.00,0,12.01
65470,2083,833.0,1374.0,0.00,0.00,0.00,0,12.01
65470,2084,835.0,1385.0,0.00,0.00,0.00,0,12.01
65471,2083,833.0,1374.7,0.00,0.02,0.02,0,7.47
65471,2084,834.7,1378.8,-0.01,-0.15,0.15,0,7.47
65472,2083,834.0,1371.7,0.06,-0.17,0.18,0,6.31
65474,2083,834.0,1371.6,0.06,-0.17,0.18,0,10.01
65475,2083,834.0,1371.6,0.06,-0.17,0.18,0,12.13
65476,2083,834.0,1371.6,0.06,-0.17,0.18,0,14.48
65539,2085,928.0,834.0,0.00,0.00,0.00,0,12.01
65539,2086,926.0,845.0,0.00,0.00,0.00,0,12.01
65539,2087,890.0,895.0,0.00,0.00,0.00,0,12.01
65540,2085,927.3,834.3,-0.02,0.01,0.02,0,7.47
65540,2086,925.7,845.0,-0.01,0.00,0.01,0,7.47
65540,2087,890.0,895.0,0.00,0.00,0.00,0,14.03
65540,2088,940.0,776.0,0.00,0.00,0.00,0,12.01
65541,2085,927.3,834.3,-0.02,0.01,0.02,0,9.52
65541,2087,890.0,895.0,0.00,0.00,0.00,0,16.09
65543,2085,927.3,834.3,-0.02,0.01,0.02,0,13.29
65543,2087,890.0,895.0,0.00,0.00,0.00,0,19.94
65544,2085,927.3,834.3,-0.02,0.01,0.02,0,15.46
65579,2090,678.0,1231.0,0.00,0.00,0.00,0,12.00
65579,2091,699.0,1241.0,0.00,0.00,0.00,0,12.00
65581,2093,641.0,1206.0,0.00,0.00,0.00,0,12.01
65581,2094,660.0,1220.0,0.00,0.00,0.00,0,12.01
65582,2093,641.3,1206.3,0.01,0.01,0.01,0,7.48
65582,2094,660.0,1220.0,0.00,0.00,0.00,0,14.04
65583,2093,636.4,1203.2,-0.33,-0.20,0.38,0,6.31
65583,2094,660.0,1220.0,0.00,0.00,0.00,0,16.09
65585,2093,636.3,1203.1,-0.33,-0.20,0.38,0,9.95
65585,2094,660.0,1220.0,0.00,0.00,0.00,0,19.95
65586,2093,636.3,1203.1,-0.33,-0.20,0.38,0,12.13
65587,2093,636.3,1203.1,-0.33,-0.20,0.38,0,14.47
65675,2097,518.0,806.0,0.00,0.00,0.00,0,12.01
65676,2097,518.0,806.0,0.00,0.00,0.00,0,14.04
65677,2097,518.0,806.0,0.00,0.00,0.00,0,16.09
65679,2097,518.0,806.0,0.00,0.00,0.00,0,19.96
65782,2098,659.0,1242.0,0.00,0.00,0.00,0,12.01
65783,2098,659.0,1242.0,0.00,0.00,0.00,0,14.04
65784,2098,659.0,1242.0,0.00,0.00,0.00,0,16.09
65786,2098,659.0,1242.0,0.00,0.00,0.00,0,19.98
65865,2099,874.0,1302.0,0.00,0.00,0.00,0,12.01
65866,2099,874.0,1302.0,0.00,0.00,0.00,0,14.04
65867,2099,874.0,1302.0,0.00,0.00,0.00,0,16.09
65867,2100,989.0,1300.0,0.00,0.00,0.00,0,12.01
65869,2099,874.0,1302.0,0.00,0.00,0.00,0,19.95
65869,2100,989.0,1300.0,0.00,0.00,0.00,0,15.12
65870,2100,989.0,1300.0,0.00,0.00,0.00,0,17.25
65871,2100,989.0,1300.0,0.00,0.00,0.00,0,19.49
66013,2101,799.0,839.0,0.00,0.00,0.00,0,12.01
66014,2101,799.3,839.3,0.01,0.01,0.01,0,7.48
66014,2102,792.0,825.0,0.00,0.00,0.00,0,12.01
66015,2101,797.7,835.9,-0.10,-0.22,0.24,0,6.31
66017,2101,797.7,835.8,-0.10,-0.22,0.24,0,9.94
66018,2101,797.7,835.8,-0.10,-0.22,0.24,0,12.14
66019,2101,797.7,835.8,-0.10,-0.22,0.24,0,14.53
66050,2103,448.0,571.0,0.00,0.00,0.00,0,12.01
66050,2104,447.0,585.0,0.00,0.00,0.00,0,12.01
66052,2105,449.0,598.0,0.00,0.00,0.00,0,12.01
66052,2106,451.0,615.0,0.00,0.00,0.00,0,12.01
66052,2107,454.0,624.0,0.00,0.00,0.00,0,12.01
66053,2105,450.3,604.2,0.03,0.14,0.15,0,7.47
66053,2106,451.0,615.0,0.00,0.00,0.00,0,14.03
66053,2107,454.0,624.0,0.00,0.00,0.00,0,14.03
66054,2105,452.8,613.4,0.19,0.74,0.76,0,6.31
66054,2107,459.3,636.3,0.24,0.55,0.60,0,7.87
66056,2105,452.9,613.6,0.19,0.74,0.76,0,9.95
66056,2107,459.3,636.4,0.24,0.55,0.60,0,11.51
66057,2105,452.9,613.6,0.19,0.74,0.76,0,12.12
66057,2107,459.3,636.4,0.24,0.55,0.60,0,13.68
66058,2105,452.9,613.7,0.19,0.74,0.76,0,14.47
66058,2107,459.3,636.5,0.24,0.55,0.60,0,16.02
66106,2108,593.0,711.0,0.00,0.00,0.00,0,12.01
66107,2108,593.7,712.0,0.02,0.02,0.03,0,7.48
66107,2109,577.0,655.0,0.00,0.00,0.00,0,12.01
66108,2108,593.7,712.0,0.02,0.02,0.03,0,9.52
66110,2108,593.7,712.0,0.02,0.02,0.03,0,13.27
66111,2108,593.7,712.0,0.02,0.02,0.03,0,15.46
66207,2112,606.0,1263.0,0.00,0.00,0.00,0,12.01
66208,2112,605.7,1263.0,-0.01,0.00,0.01,0,7.47
66208,2113,621.0,1258.0,0.00,0.00,0.00,0,12.01
66209,2112,609.4,1261.7,0.23,-0.08,0.25,0,6.31
66209,2113,623.9,1254.7,0.07,-0.08,0.11,0,7.47
66211,2112,609.4,1261.7,0.23,-0.08,0.25,0,9.97
66211,2113,624.0,1254.7,0.07,-0.08,0.11,0,10.87
66212,2112,609.4,1261.7,0.23,-0.08,0.25,0,12.12
66212,2113,624.0,1254.7,0.07,-0.08,0.11,0,12.99
66213,2112,609.4,1261.7,0.23,-0.08,0.25,0,14.47
66213,2113,624.0,1254.7,0.07,-0.08,0.11,0,15.29
66244,2114,797.0,925.0,0.00,0.00,0.00,0,12.01
66244,2115,790.0,947.0,0.00,0.00,0.00,0,12.01
66245,2114,797.0,925.3,0.00,0.01,0.01,0,7.52
66245,2115,790.0,947.0,0.00,0.00,0.00,0,14.09
66245,2116,811.0,887.0,0.00,0.00,0.00,0,12.04
66246,2114,800.6,915.7,0.42,-1.12,1.20,0,6.33
66246,2115,790.0,947.0,0.00,0.00,0.00,0,16.16
66248,2114,800.7,915.4,0.42,-1.12,1.20,0,10.10
66248,2115,790.0,947.0,0.00,0.00,0.00,0,20.24
66249,2114,800.7,915.4,0.42,-1.12,1.20,0,12.26
66250,2114,800.8,915.3,0.42,-1.12,1.20,0,14.66
66297,2117,336.0,535.0,0.00,0.00,0.00,0,12.01
66298,2117,346.8,532.7,0.26,-0.06,0.27,0,7.47
66299,2117,352.3,531.5,0.62,-0.14,0.63,0,6.31
66299,2118,381.0,525.0,0.00,0.00,0.00,0,12.01
66301,2117,352.4,531.5,0.62,-0.14,0.63,0,9.98
66301,2118,381.0,525.0,0.00,0.00,0.00,0,15.14
66302,2117,352.5,531.5,0.62,-0.14,0.63,0,12.13
66302,2118,381.0,525.0,0.00,0.00,0.00,0,17.24
66303,2117,352.5,531.5,0.62,-0.14,0.63,0,14.47
66303,2118,381.0,525.0,0.00,0.00,0.00,0,19.49
66441,2119,1115.0,633.0,0.00,0.00,0.00,0,12.01
66442,2119,1123.5,628.7,0.21,-0.10,0.23,0,7.47
66442,2120,1240.0,568.0,0.00,0.00,0.00,0,12.01
66442,2121,1244.0,575.0,0.00,0.00,0.00,0,12.01
66443,2119,1123.5,628.7,0.21,-0.10,0.23,0,9.52
66443,2120,1239.7,569.3,-0.01,0.03,0.03,0,7.48
66443,2121,1245.0,573.7,0.02,-0.03,0.04,0,7.48
66443,2122,1241.0,557.0,0.00,0.00,0.00,0,12.01
66443,2123,1252.0,558.0,0.00,0.00,0.00,0,12.01
66443,2124,1251.0,577.0,0.00,0.00,0.00,0,12.01
66443,2125,1240.0,581.0,0.00,0.00,0.00,0,12.01
66443,2126,1232.0,595.0,0.00,0.00,0.00,0,12.01
66445,2119,1123.6,628.7,0.21,-0.10,0.23,0,13.31
66445,2120,1239.7,569.3,-0.01,0.03,0.03,0,10.88
66445,2121,1245.0,573.7,0.02,-0.03,0.04,0,10.88
66445,2122,1241.0,557.0,0.00,0.00,0.00,0,15.14
66445,2123,1252.0,558.0,0.00,0.00,0.00,0,15.14
66445,2124,1251.0,577.0,0.00,0.00,0.00,0,15.14
66445,2125,1240.0,581.0,0.00,0.00,0.00,0,15.14
66445,2126,1232.0,595.0,0.00,0.00,0.00,0,15.14
66446,2119,1123.6,628.7,0.21,-0.10,0.23,0,15.46
66446,2120,1239.7,569.3,-0.01,0.03,0.03,0,13.00
66446,2121,1245.0,573.7,0.02,-0.03,0.04,0,13.00
66446,2122,1241.0,557.0,0.00,0.00,0.00,0,17.24
66446,2123,1252.0,558.0,0.00,0.00,0.00,0,17.24
66446,2124,1251.0,577.0,0.00,0.00,0.00,0,17.24
66446,2125,1240.0,581.0,0.00,0.00,0.00,0,17.24
66446,2126,1232.0,595.0,0.00,0.00,0.00,0,17.24
66447,2120,1239.7,569.3,-0.01,0.03,0.03,0,15.30
66447,2121,1245.0,573.7,0.02,-0.03,0.04,0,15.30
66447,2122,1241.0,557.0,0.00,0.00,0.00,0,19.49
66447,2123,1252.0,558.0,0.00,0.00,0.00,0,19.49
66447,2124,1251.0,577.0,0.00,0.00,0.00,0,19.49
66447,2125,1240.0,581.0,0.00,0.00,0.00,0,19.49
66447,2126,1232.0,595.0,0.00,0.00,0.00,0,19.49
66601,2127,799.0,1386.0,0.00,0.00,0.00,0,12.01
66602,2127,798.7,1386.0,-0.01,0.00,0.01,0,7.48
66602,2128,812.0,1391.0,0.00,0.00,0.00,0,12.01
66603,2127,801.8,1387.0,0.20,0.07,0.21,0,6.31
66605,2127,801.9,1387.0,0.20,0.07,0.21,0,10.03
66606,2127,801.9,1387.0,0.20,0.07,0.21,0,12.11
66607,2127,801.9,1387.1,0.20,0.07,0.21,0,14.47
66638,2129,520.0,778.0,0.00,0.00,0.00,0,12.01
66639,2129,520.0,778.0,0.00,0.00,0.00,0,14.04
66640,2129,520.0,778.0,0.00,0.00,0.00,0,16.09
66640,2130,578.0,743.0,0.00,0.00,0.00,0,12.01
66642,2129,520.0,778.0,0.00,0.00,0.00,0,20.00
66642,2130,578.0,743.0,0.00,0.00,0.00,0,15.14
66643,2130,578.0,743.0,0.00,0.00,0.00,0,17.23
66644,2130,578.0,743.0,0.00,0.00,0.00,0,19.47
66676,2133,1408.0,679.0,0.00,0.00,0.00,0,12.01
66676,2134,1423.0,681.0,0.00,0.00,0.00,0,12.01
66676,2135,1428.0,681.0,0.00,0.00,0.00,0,12.01
66677,2133,1419.8,680.0,0.33,0.03,0.33,0,7.47
66677,2134,1423.0,681.0,0.00,0.00,0.00,0,14.04
66677,2135,1428.0,681.0,0.00,0.00,0.00,0,14.04
66678,2133,1426.0,680.2,0.71,0.04,0.71,0,6.30
66680,2133,1426.2,680.3,0.71,0.04,0.71,0,9.99
66681,2133,1426.2,680.3,0.71,0.04,0.71,0,12.12
66682,2133,1426.3,680.3,0.71,0.04,0.71,0,14.53
66713,2136,1536.0,1003.0,0.00,0.00,0.00,0,12.01
66713,2137,1533.0,1014.0,0.00,0.00,0.00,0,12.01
66713,2138,1362.0,1233.0,0.00,0.00,0.00,0,12.01
66713,2139,1351.0,1253.0,0.00,0.00,0.00,0,12.01
66715,2141,1536.0,984.0,0.00,0.00,0.00,0,12.01
66715,2142,1537.0,995.0,0.00,0.00,0.00,0,12.01
66715,2143,1380.0,1195.0,0.00,0.00,0.00,0,12.01
66715,2144,1370.0,1215.0,0.00,0.00,0.00,0,12.01
66716,2141,1536.0,984.3,0.00,0.01,0.01,0,7.46
66716,2142,1536.7,988.5,-0.01,-0.13,0.13,0,7.46
66716,2143,1379.7,1195.7,-0.01,0.01,0.01,0,7.46
66716,2144,1370.0,1215.0,0.00,0.00,0.00,0,14.02
66716,2145,1390.0,1175.0,0.00,0.00,0.00,0,12.00
66717,2141,1536.0,982.2,0.00,-0.08,0.08,0,6.29
66717,2143,1382.1,1190.9,0.10,-0.19,0.21,0,6.29
66717,2144,1370.0,1215.0,0.00,0.00,0.00,0,16.05
66719,2141,1536.0,982.2,0.00,-0.08,0.08,0,9.90
66719,2143,1382.1,1190.8,0.10,-0.19,0.21,0,9.90
66719,2144,1370.0,1215.0,0.00,0.00,0.00,0,19.80
66720,2141,1536.0,982.2,0.00,-0.08,0.08,0,12.03
66720,2143,1382.1,1190.8,0.10,-0.19,0.21,0,12.03
66721,2141,1536.0,982.2,0.00,-0.08,0.08,0,14.37
66721,2143,1382.1,1190.8,0.10,-0.19,0.21,0,14.37
66773,2146,782.0,166.0,0.00,0.00,0.00,0,12.01
66774,2146,782.0,166.0,0.00,0.00,0.00,0,14.04
66775,2146,782.0,166.0,0.00,0.00,0.00,0,16.09
66777,2146,782.0,166.0,0.00,0.00,0.00,0,20.03
66818,2147,672.0,1271.0,0.00,0.00,0.00,0,12.01
66819,2147,671.7,1271.3,-0.01,0.01,0.01,0,7.47
66820,2147,677.4,1263.0,0.37,-0.53,0.65,0,6.31
66822,2147,677.5,1262.9,0.37,-0.53,0.65,0,10.03
66823,2147,677.5,1262.9,0.37,-0.53,0.65,0,12.12
66824,2147,677.5,1262.8,0.37,-0.53,0.65,0,14.48
66909,2148,1510.0,802.0,0.00,0.00,0.00,0,12.01
66910,2148,1510.0,802.0,0.00,0.00,0.00,0,14.04
66910,2149,1389.0,885.0,0.00,0.00,0.00,0,12.01
66911,2148,1510.0,802.0,0.00,0.00,0.00,0,16.09
66911,2149,1389.0,885.0,0.00,0.00,0.00,0,14.04
66913,2148,1510.0,802.0,0.00,0.00,0.00,0,19.98
66913,2149,1389.0,885.0,0.00,0.00,0.00,0,17.53
66914,2149,1389.0,885.0,0.00,0.00,0.00,0,19.66
66947,2150,416.0,1027.0,0.00,0.00,0.00,0,12.03
66949,2152,429.0,1032.0,0.00,0.00,0.00,0,12.00
66949,2153,443.0,1037.0,0.00,0.00,0.00,0,12.00
66950,2152,433.6,1033.6,0.07,0.02,0.07,0,7.47
66950,2153,447.3,1038.0,0.06,0.01,0.06,0,7.47
66951,2152,439.1,1035.3,0.33,0.10,0.35,0,6.31
66953,2152,439.2,1035.3,0.33,0.10,0.35,0,10.03
66954,2152,439.2,1035.3,0.33,0.10,0.35,0,12.05
66955,2152,439.2,1035.3,0.33,0.10,0.35,0,14.45
67169,2154,459.0,1062.0,0.00,0.00,0.00,0,12.01
67170,2154,459.0,1062.0,0.00,0.00,0.00,0,7.48
67171,2154,459.0,1062.0,0.00,0.00,0.00,0,9.52
67171,2155,521.0,1056.0,0.00,0.00,0.00,0,12.01
67173,2154,459.0,1062.0,0.00,0.00,0.00,0,13.30
67173,2155,521.0,1056.0,0.00,0.00,0.00,0,15.12
67174,2154,459.0,1062.0,0.00,0.00,0.00,0,15.48
67174,2155,521.0,1056.0,0.00,0.00,0.00,0,17.24
67175,2155,521.0,1056.0,0.00,0.00,0.00,0,19.53
67429,2156,1887.0,722.0,0.00,0.00,0.00,0,12.01
67430,2156,1887.0,722.0,0.00,0.00,0.00,0,7.47
67431,2156,1887.0,722.0,0.00,0.00,0.00,0,9.52
67433,2156,1887.0,722.0,0.00,0.00,0.00,0,13.31
67434,2156,1887.0,722.0,0.00,0.00,0.00,0,15.46
67728,2157,523.0,1276.0,0.00,0.00,0.00,0,12.01
67729,2157,523.0,1276.0,0.00,0.00,0.00,0,7.47
67729,2158,530.0,1247.0,0.00,0.00,0.00,0,12.01
67730,2157,524.8,1269.6,0.12,-0.42,0.44,0,6.31
67730,2158,531.6,1239.8,0.04,-0.18,0.18,0,7.47
67732,2157,524.8,1269.5,0.12,-0.42,0.44,0,10.03
67732,2158,531.6,1239.7,0.04,-0.18,0.18,0,10.92
67733,2157,524.8,1269.4,0.12,-0.42,0.44,0,12.12
67733,2158,531.6,1239.7,0.04,-0.18,0.18,0,12.99
67734,2157,524.8,1269.4,0.12,-0.42,0.44,0,14.47
67734,2158,531.7,1239.7,0.04,-0.18,0.18,0,15.29
68147,2159,1154.0,844.0,0.00,0.00,0.00,0,12.01
68148,2159,1149.4,842.0,-0.12,-0.05,0.13,0,7.48
68149,2159,1147.0,841.0,-0.28,-0.12,0.31,0,6.31
68149,2160,1128.0,831.0,0.00,0.00,0.00,0,12.01
68151,2159,1146.9,841.0,-0.28,-0.12,0.31,0,9.98
68151,2160,1128.0,831.0,0.00,0.00,0.00,0,15.13
68152,2159,1146.9,841.0,-0.28,-0.12,0.31,0,12.13
68152,2160,1128.0,831.0,0.00,0.00,0.00,0,17.24
68153,2159,1146.9,841.0,-0.28,-0.12,0.31,0,14.48
68153,2160,1128.0,831.0,0.00,0.00,0.00,0,19.49
68241,2163,1314.0,727.0,0.00,0.00,0.00,0,12.01
68242,2163,1313.0,727.7,-0.02,0.02,0.03,0,7.47
68242,2164,1335.0,720.0,0.00,0.00,0.00,0,12.01
68243,2163,1318.7,725.9,0.34,-0.10,0.36,0,6.30
68243,2164,1344.2,717.1,0.22,-0.07,0.24,0,7.47
68245,2163,1318.8,725.9,0.34,-0.10,0.36,0,9.92
68245,2164,1344.2,717.0,0.22,-0.07,0.24,0,10.82
68246,2163,1318.8,725.9,0.34,-0.10,0.36,0,12.13
68246,2164,1344.2,717.0,0.22,-0.07,0.24,0,13.00
68247,2163,1318.8,725.9,0.34,-0.10,0.36,0,14.52
68247,2164,1344.2,717.0,0.22,-0.07,0.24,0,15.34
68279,2165,1393.0,460.0,0.00,0.00,0.00,0,12.01
68280,2165,1393.0,460.0,0.00,0.00,0.00,0,14.04
68281,2165,1393.0,460.0,0.00,0.00,0.00,0,16.09
68283,2165,1393.0,460.0,0.00,0.00,0.00,0,19.94
68684,2166,918.0,832.0,0.00,0.00,0.00,0,12.01
68686,2168,921.0,825.0,0.00,0.00,0.00,0,12.01
68686,2169,935.0,824.0,0.00,0.00,0.00,0,12.01
68687,2168,924.9,824.7,0.10,-0.01,0.10,0,7.47
68687,2169,935.0,824.0,0.00,0.00,0.00,0,14.04
68688,2168,924.9,824.7,0.10,-0.01,0.10,0,9.52
68690,2168,925.0,824.7,0.10,-0.01,0.10,0,13.29
68691,2168,925.0,824.7,0.10,-0.01,0.10,0,15.46
68925,2170,1472.0,1110.0,0.00,0.00,0.00,0,12.01
68926,2170,1472.0,1110.0,0.00,0.00,0.00,0,7.48
68926,2171,1470.0,1099.0,0.00,0.00,0.00,0,12.01
68927,2170,1471.5,1107.2,-0.04,-0.21,0.21,0,6.30
68927,2171,1469.3,1094.7,-0.02,-0.12,0.12,0,7.47
68929,2170,1471.5,1107.1,-0.04,-0.21,0.21,0,9.90
68929,2171,1469.3,1094.7,-0.02,-0.12,0.12,0,10.81
68930,2170,1471.5,1107.1,-0.04,-0.21,0.21,0,12.09
68930,2171,1469.3,1094.7,-0.02,-0.12,0.12,0,12.96
68931,2170,1471.5,1107.1,-0.04,-0.21,0.21,0,14.43
68931,2171,1469.3,1094.7,-0.02,-0.12,0.12,0,15.25
68975,2172,886.0,535.0,0.00,0.00,0.00,0,12.01
68977,2174,876.0,529.0,0.00,0.00,0.00,0,12.01
68977,2175,866.0,531.0,0.00,0.00,0.00,0,12.01
68978,2174,872.4,530.0,-0.09,0.02,0.09,0,7.48
68978,2175,866.0,531.0,0.00,0.00,0.00,0,14.04
68979,2174,869.7,531.0,-0.26,0.09,0.28,0,6.30
68981,2174,869.6,531.0,-0.26,0.09,0.28,0,9.95
68982,2174,869.6,531.0,-0.26,0.09,0.28,0,12.13
68983,2174,869.6,531.0,-0.26,0.09,0.28,0,14.53
69181,2178,661.0,384.0,0.00,0.00,0.00,0,12.01
69182,2178,661.7,385.3,0.02,0.03,0.04,0,7.47
69183,2178,662.3,387.3,0.06,0.16,0.17,0,6.31
69185,2178,662.3,387.3,0.06,0.16,0.17,0,9.95
69186,2178,662.3,387.3,0.06,0.16,0.17,0,12.13
69187,2178,662.3,387.3,0.06,0.16,0.17,0,14.48
69285,2179,1064.0,1019.0,0.00,0.00,0.00,0,12.01
69286,2179,1064.0,1019.3,0.00,0.01,0.01,0,7.47
69286,2180,1048.0,1023.0,0.00,0.00,0.00,0,12.01
69287,2179,1060.4,1020.0,-0.23,0.05,0.24,0,6.30
69287,2180,1044.4,1024.3,-0.09,0.03,0.09,0,7.47
69289,2179,1060.3,1020.0,-0.23,0.05,0.24,0,9.94
69289,2180,1044.4,1024.3,-0.09,0.03,0.09,0,10.84
69290,2179,1060.3,1020.0,-0.23,0.05,0.24,0,12.13
69290,2180,1044.4,1024.3,-0.09,0.03,0.09,0,13.00
69291,2179,1060.3,1020.0,-0.23,0.05,0.24,0,14.53
69291,2180,1044.4,1024.3,-0.09,0.03,0.09,0,15.35
69322,2181,1331.0,1178.0,0.00,0.00,0.00,0,12.01
69323,2181,1331.3,1178.3,0.01,0.01,0.01,0,7.51
69324,2181,1331.3,1178.3,0.01,0.01,0.01,0,9.56
69326,2181,1331.3,1178.3,0.01,0.01,0.01,0,13.47
69327,2181,1331.3,1178.3,0.01,0.01,0.01,0,15.76
69543,2182,543.0,1123.0,0.00,0.00,0.00,0,12.00
69544,2182,543.0,1123.7,0.00,0.01,0.01,0,7.47
69544,2183,555.0,1113.0,0.00,0.00,0.00,0,12.01
69545,2182,545.6,1120.9,0.13,-0.14,0.19,0,6.30
69545,2183,555.0,1113.0,0.00,0.00,0.00,0,14.04
69547,2182,545.6,1120.9,0.13,-0.14,0.19,0,9.95
69547,2183,555.0,1113.0,0.00,0.00,0.00,0,17.52
69548,2182,545.6,1120.9,0.13,-0.14,0.19,0,12.10
69548,2183,555.0,1113.0,0.00,0.00,0.00,0,19.65
69549,2182,545.6,1120.9,0.13,-0.14,0.19,0,14.44
69698,2184,941.0,493.0,0.00,0.00,0.00,0,12.01
69700,2186,927.0,499.0,0.00,0.00,0.00,0,12.01
69701,2186,925.7,499.0,-0.03,0.00,0.03,0,7.47
69702,2186,924.5,498.5,-0.11,-0.03,0.12,0,6.31
69704,2186,924.5,498.5,-0.11,-0.03,0.12,0,9.96
69705,2186,924.4,498.5,-0.11,-0.03,0.12,0,12.13
69706,2186,924.4,498.5,-0.11,-0.03,0.12,0,14.52
69764,2187,295.0,650.0,0.00,0.00,0.00,0,12.01
69766,2189,306.0,649.0,0.00,0.00,0.00,0,12.01
69766,2190,315.0,650.0,0.00,0.00,0.00,0,12.01
69767,2189,308.3,649.3,0.06,0.01,0.06,0,7.47
69767,2190,316.6,651.6,0.04,0.04,0.06,0,7.47
69768,2189,311.3,650.3,0.25,0.07,0.26,0,6.31
69770,2189,311.4,650.3,0.25,0.07,0.26,0,9.97
69771,2189,311.4,650.3,0.25,0.07,0.26,0,12.13
69772,2189,311.4,650.3,0.25,0.07,0.26,0,14.47
70045,2191,1413.0,825.0,0.00,0.00,0.00,0,12.01
70046,2191,1420.2,826.3,0.18,0.03,0.18,0,7.48
70047,2191,1428.6,829.1,0.74,0.21,0.77,0,6.31
70049,2191,1428.9,829.1,0.74,0.21,0.77,0,9.97
70050,2191,1428.9,829.1,0.74,0.21,0.77,0,12.12
70051,2191,1428.9,829.1,0.74,0.21,0.77,0,14.47
70250,2192,559.0,1301.0,0.00,0.00,0.00,0,12.01
70250,2193,560.0,1311.0,0.00,0.00,0.00,0,12.01
70252,2194,568.0,1282.0,0.00,0.00,0.00,0,12.01
70252,2195,562.0,1293.0,0.00,0.00,0.00,0,12.01
70253,2194,568.0,1282.7,0.00,0.02,0.02,0,7.47
70253,2195,566.6,1286.8,0.11,-0.16,0.19,0,7.47
70254,2194,569.5,1280.7,0.10,-0.11,0.14,0,6.31
70256,2194,569.6,1280.7,0.10,-0.11,0.14,0,10.00
70257,2194,569.6,1280.7,0.10,-0.11,0.14,0,12.13
70258,2194,569.6,1280.7,0.10,-0.11,0.14,0,14.48
70382,2196,778.0,1264.0,0.00,0.00,0.00,0,12.01
70382,2197,783.0,1265.0,0.00,0.00,0.00,0,12.01
70384,2198,812.0,1279.0,0.00,0.00,0.00,0,12.01
70385,2198,812.0,1279.0,0.00,0.00,0.00,0,14.04
70386,2198,812.0,1279.0,0.00,0.00,0.00,0,16.09
70388,2198,812.0,1279.0,0.00,0.00,0.00,0,19.94
70501,2201,1435.0,1147.0,0.00,0.00,0.00,0,12.01
70502,2201,1435.0,1147.3,0.00,0.01,0.01,0,7.47
70502,2202,1426.0,1142.0,0.00,0.00,0.00,0,12.01
70503,2201,1432.9,1146.2,-0.13,-0.06,0.15,0,6.31
70505,2201,1432.9,1146.2,-0.13,-0.06,0.15,0,9.95
70506,2201,1432.9,1146.2,-0.13,-0.06,0.15,0,12.12
70507,2201,1432.9,1146.2,-0.13,-0.06,0.15,0,14.46
70540,2205,590.0,1187.0,0.00,0.00,0.00,0,12.01
70541,2205,590.0,1187.0,0.00,0.00,0.00,0,7.47
70541,2206,606.0,1171.0,0.00,0.00,0.00,0,12.01
70542,2205,593.6,1183.4,0.23,-0.23,0.32,0,6.30
70544,2205,593.7,1183.3,0.23,-0.23,0.32,0,9.94
70545,2205,593.7,1183.3,0.23,-0.23,0.32,0,12.11
70546,2205,593.7,1183.3,0.23,-0.23,0.32,0,14.46
70577,2207,347.0,1047.0,0.00,0.00,0.00,0,12.01
70577,2208,338.0,1052.0,0.00,0.00,0.00,0,12.01
70577,2209,457.0,1184.0,0.00,0.00,0.00,0,12.01
70577,2210,467.0,1191.0,0.00,0.00,0.00,0,12.01
70579,2211,363.0,1037.0,0.00,0.00,0.00,0,12.01
70579,2212,355.0,1043.0,0.00,0.00,0.00,0,12.01
70579,2213,457.0,1167.0,0.00,0.00,0.00,0,12.01
70579,2214,455.0,1178.0,0.00,0.00,0.00,0,12.01
70580,2211,362.7,1037.3,-0.01,0.01,0.01,0,7.47
70580,2212,360.2,1039.1,0.12,-0.09,0.15,0,7.47
70580,2213,456.7,1168.0,-0.01,0.02,0.02,0,7.47
70580,2214,457.0,1171.8,0.05,-0.15,0.15,0,7.47
70581,2211,364.3,1036.0,0.10,-0.08,0.13,0,6.31
70581,2213,457.3,1166.2,0.03,-0.09,0.10,0,6.31
70583,2211,364.3,1035.9,0.10,-0.08,0.13,0,9.97
70583,2213,457.3,1166.2,0.03,-0.09,0.10,0,9.97
70584,2211,364.3,1035.9,0.10,-0.08,0.13,0,12.12
70584,2213,457.3,1166.2,0.03,-0.09,0.10,0,12.12
70585,2211,364.3,1035.9,0.10,-0.08,0.13,0,14.47
70585,2213,457.3,1166.2,0.03,-0.09,0.10,0,14.47
70616,2215,471.0,763.0,0.00,0.00,0.00,0,12.01
70616,2216,457.0,770.0,0.00,0.00,0.00,0,12.01
70618,2217,444.0,774.0,0.00,0.00,0.00,0,12.01
70618,2218,428.0,779.0,0.00,0.00,0.00,0,12.01
70619,2217,438.8,775.3,-0.11,0.03,0.11,0,7.46
70619,2218,423.4,780.3,-0.09,0.03,0.10,0,7.46
70620,2217,432.7,777.3,-0.36,0.11,0.38,0,6.29
70622,2217,432.6,777.3,-0.36,0.11,0.38,0,9.86
70623,2217,432.6,777.3,-0.36,0.11,0.38,0,11.97
70624,2217,432.5,777.3,-0.36,0.11,0.38,0,14.31
70810,2219,1138.0,199.0,0.00,0.00,0.00,0,12.01
70811,2219,1138.0,199.0,0.00,0.00,0.00,0,14.04
70812,2219,1138.0,199.0,0.00,0.00,0.00,0,16.09
70814,2219,1138.0,199.0,0.00,0.00,0.00,0,19.98
70852,2220,390.0,668.0,0.00,0.00,0.00,0,12.01
70852,2221,369.0,698.0,0.00,0.00,0.00,0,12.01
70853,2220,389.0,669.6,-0.02,0.04,0.05,0,7.48
70853,2221,369.0,698.0,0.00,0.00,0.00,0,14.04
70853,2222,395.0,664.0,0.00,0.00,0.00,0,12.01
70854,2220,389.0,669.6,-0.02,0.04,0.05,0,9.52
70854,2221,369.0,698.0,0.00,0.00,0.00,0,16.09
70856,2220,389.0,669.7,-0.02,0.04,0.05,0,13.30
70856,2221,369.0,698.0,0.00,0.00,0.00,0,19.96
70857,2220,389.0,669.7,-0.02,0.04,0.05,0,15.47
70889,2223,683.0,1224.0,0.00,0.00,0.00,0,12.01
70889,2224,681.0,1239.0,0.00,0.00,0.00,0,12.01
70891,2225,683.0,1248.0,0.00,0.00,0.00,0,12.01
70891,2226,688.0,1260.0,0.00,0.00,0.00,0,12.01
70892,2225,684.6,1251.9,0.04,0.09,0.10,0,7.47
70892,2226,690.3,1263.9,0.05,0.09,0.10,0,7.47
70893,2225,687.3,1256.6,0.20,0.38,0.43,0,6.30
70895,2225,687.4,1256.7,0.20,0.38,0.43,0,9.99
70896,2225,687.4,1256.7,0.20,0.38,0.43,0,12.11
70897,2225,687.4,1256.7,0.20,0.38,0.43,0,14.46
70975,2227,657.0,1357.0,0.00,0.00,0.00,0,12.01
70976,2227,656.3,1357.0,-0.02,0.00,0.02,0,7.48
70976,2228,665.0,1357.0,0.00,0.00,0.00,0,12.01
70977,2227,658.3,1357.0,0.11,0.00,0.11,0,6.31
70979,2227,658.3,1357.0,0.11,0.00,0.11,0,9.93
70980,2227,658.3,1357.0,0.11,0.00,0.11,0,12.12
70981,2227,658.3,1357.0,0.11,0.00,0.11,0,14.47
71012,2229,1097.0,496.0,0.00,0.00,0.00,0,12.01
71013,2229,1094.4,491.1,-0.06,-0.12,0.14,0,7.48
71014,2229,1093.0,488.7,-0.16,-0.28,0.33,0,6.30
71014,2230,866.0,1191.0,0.00,0.00,0.00,0,12.01
71016,2229,1092.9,488.7,-0.16,-0.28,0.33,0,9.99
71016,2230,866.0,1191.0,0.00,0.00,0.00,0,15.13
71017,2229,1092.9,488.7,-0.16,-0.28,0.33,0,12.11
71017,2230,866.0,1191.0,0.00,0.00,0.00,0,17.22
71018,2229,1092.9,488.7,-0.16,-0.28,0.33,0,14.52
71018,2230,866.0,1191.0,0.00,0.00,0.00,0,19.52
71050,2233,593.0,1226.0,0.00,0.00,0.00,0,12.04
71050,2234,571.0,1234.0,0.00,0.00,0.00,0,12.04
71051,2233,585.8,1228.6,-0.37,0.13,0.39,0,7.49
71051,2234,567.4,1235.3,-0.18,0.07,0.20,0,7.49
71052,2233,579.4,1231.0,-0.88,0.33,0.94,0,6.31
71054,2233,579.1,1231.1,-0.88,0.33,0.94,0,10.07
71055,2233,579.1,1231.1,-0.88,0.33,0.94,0,12.17
71056,2233,579.1,1231.1,-0.88,0.33,0.94,0,14.53
71091,2235,554.0,834.0,0.00,0.00,0.00,0,12.01
71092,2235,553.3,834.0,-0.02,0.00,0.02,0,7.48
71092,2236,570.0,835.0,0.00,0.00,0.00,0,12.01
71093,2235,557.1,834.3,0.24,0.02,0.24,0,6.31
71093,2236,575.2,831.4,0.13,-0.09,0.16,0,7.47
71095,2235,557.2,834.3,0.24,0.02,0.24,0,9.95
71095,2236,575.3,831.4,0.13,-0.09,0.16,0,10.85
71096,2235,557.2,834.3,0.24,0.02,0.24,0,12.14
71096,2236,575.3,831.4,0.13,-0.09,0.16,0,13.01
71097,2235,557.2,834.3,0.24,0.02,0.24,0,14.48
71097,2236,575.3,831.4,0.13,-0.09,0.16,0,15.30
71171,2237,1267.0,284.0,0.00,0.00,0.00,0,12.01
71173,2239,1267.0,309.0,0.00,0.00,0.00,0,12.01
71174,2239,1267.0,309.0,0.00,0.00,0.00,0,14.04
71175,2239,1267.0,309.0,0.00,0.00,0.00,0,16.09
71177,2239,1267.0,309.0,0.00,0.00,0.00,0,20.00
71210,2240,647.0,1017.0,0.00,0.00,0.00,0,12.01
71210,2241,670.0,1017.0,0.00,0.00,0.00,0,12.01
71215,2242,794.0,1075.0,0.00,0.00,0.00,0,12.01
71216,2242,794.3,1074.7,0.01,-0.01,0.01,0,7.47
71217,2242,794.3,1074.7,0.01,-0.01,0.01,0,9.52
71219,2242,794.3,1074.7,0.01,-0.01,0.01,0,13.36
71220,2242,794.3,1074.7,0.01,-0.01,0.01,0,15.46
71254,2243,1253.0,1047.0,0.00,0.00,0.00,0,12.01
71255,2243,1253.3,1047.3,0.01,0.01,0.01,0,7.47
71255,2244,1271.0,1053.0,0.00,0.00,0.00,0,12.01
71256,2243,1257.6,1048.8,0.28,0.10,0.30,0,6.30
71258,2243,1257.7,1048.8,0.28,0.10,0.30,0,9.98
71259,2243,1257.7,1048.8,0.28,0.10,0.30,0,12.13
71260,2243,1257.7,1048.8,0.28,0.10,0.30,0,14.47
71291,2245,1157.0,286.0,0.00,0.00,0.00,0,12.01
71292,2245,1156.7,285.0,-0.01,-0.02,0.03,0,7.50
71293,2245,1156.7,285.0,-0.01,-0.02,0.03,0,9.55
71295,2245,1156.7,285.0,-0.01,-0.02,0.03,0,13.41
71296,2245,1156.7,285.0,-0.01,-0.02,0.03,0,15.44
71330,2246,796.0,1325.0,0.00,0.00,0.00,0,12.01
71332,2248,854.0,1312.0,0.00,0.00,0.00,0,12.01
71332,2249,823.0,1321.0,0.00,0.00,0.00,0,12.01
71333,2248,854.0,1312.0,0.00,0.00,0.00,0,7.47
71333,2249,823.0,1321.0,0.00,0.00,0.00,0,14.04
71333,2250,882.0,1304.0,0.00,0.00,0.00,0,12.01
71334,2248,860.4,1310.2,0.42,-0.12,0.44,0,6.31
71334,2249,823.0,1321.0,0.00,0.00,0.00,0,16.09
71336,2248,860.5,1310.2,0.42,-0.12,0.44,0,9.97
71336,2249,823.0,1321.0,0.00,0.00,0.00,0,19.96
71337,2248,860.6,1310.2,0.42,-0.12,0.44,0,12.14
71338,2248,860.6,1310.2,0.42,-0.12,0.44,0,14.48
71529,2251,1755.0,1031.0,0.00,0.00,0.00,0,12.01
71530,2251,1755.0,1031.0,0.00,0.00,0.00,0,7.47
71531,2251,1755.0,1031.0,0.00,0.00,0.00,0,9.52
71533,2251,1755.0,1031.0,0.00,0.00,0.00,0,13.33
71534,2251,1755.0,1031.0,0.00,0.00,0.00,0,15.45
71566,2252,901.0,721.0,0.00,0.00,0.00,0,12.01
71566,2253,810.0,819.0,0.00,0.00,0.00,0,12.01
71566,2254,826.0,832.0,0.00,0.00,0.00,0,12.01
71567,2252,901.7,723.6,0.02,0.07,0.07,0,7.48
71567,2253,814.3,822.9,0.11,0.10,0.15,0,7.48
71567,2254,832.9,834.9,0.17,0.07,0.19,0,7.48
71568,2252,902.0,725.0,0.04,0.17,0.17,0,6.31
71568,2253,822.4,827.6,0.72,0.45,0.84,0,6.31
71568,2254,842.4,837.0,0.89,0.23,0.92,0,6.31
71570,2252,902.0,725.1,0.04,0.17,0.17,0,9.97
71570,2253,822.6,827.7,0.72,0.45,0.84,0,9.97
71570,2254,842.7,837.1,0.89,0.23,0.92,0,9.97
71571,2252,902.0,725.1,0.04,0.17,0.17,0,12.10
71571,2253,822.6,827.7,0.72,0.45,0.84,0,12.10
71571,2254,842.7,837.1,0.89,0.23,0.92,0,12.10
71572,2252,902.0,725.1,0.04,0.17,0.17,0,14.49
71572,2253,822.7,827.7,0.72,0.45,0.84,0,14.49
71572,2254,842.7,837.1,0.89,0.23,0.92,0,14.49
71603,2255,1347.0,693.0,0.00,0.00,0.00,0,12.01
71603,2256,1334.0,702.0,0.00,0.00,0.00,0,12.01
71605,2257,1374.0,679.0,0.00,0.00,0.00,0,12.01
71605,2258,1358.0,686.0,0.00,0.00,0.00,0,12.01
71606,2257,1373.3,679.0,-0.01,0.00,0.01,0,7.46
71606,2258,1368.5,681.4,0.21,-0.09,0.23,0,7.46
71607,2257,1377.4,677.5,0.15,-0.06,0.16,0,6.29
71609,2257,1377.4,677.4,0.15,-0.06,0.16,0,9.83
71610,2257,1377.4,677.4,0.15,-0.06,0.16,0,12.00
71611,2257,1377.4,677.4,0.15,-0.06,0.16,0,14.33
71748,2260,644.0,1310.0,0.00,0.00,0.00,0,12.01
71749,2260,643.0,1311.0,-0.02,0.02,0.03,0,7.47
71749,2261,654.0,1296.0,0.00,0.00,0.00,0,12.01
71750,2260,646.1,1306.9,0.18,-0.24,0.30,0,6.31
71750,2261,659.6,1288.5,0.14,-0.18,0.23,0,7.48
71752,2260,646.1,1306.8,0.18,-0.24,0.30,0,9.99
71752,2261,659.6,1288.4,0.14,-0.18,0.23,0,10.88
71753,2260,646.2,1306.8,0.18,-0.24,0.30,0,12.12
71753,2261,659.6,1288.4,0.14,-0.18,0.23,0,12.99
71754,2260,646.2,1306.8,0.18,-0.24,0.30,0,14.53
71754,2261,659.6,1288.4,0.14,-0.18,0.23,0,15.34
71799,2262,1518.0,668.0,0.00,0.00,0.00,0,12.01
71800,2262,1518.0,667.0,0.00,-0.02,0.02,0,7.47
71800,2263,1513.0,716.0,0.00,0.00,0.00,0,12.01
71801,2262,1518.0,667.0,0.00,-0.02,0.02,0,9.52
71801,2263,1513.3,714.7,0.01,-0.03,0.03,0,7.48
71801,2264,1508.0,758.0,0.00,0.00,0.00,0,12.01
71803,2262,1518.0,667.0,0.00,-0.02,0.02,0,13.36
71803,2263,1513.3,714.7,0.01,-0.03,0.03,0,10.91
71803,2264,1508.0,758.0,0.00,0.00,0.00,0,15.17
71804,2262,1518.0,667.0,0.00,-0.02,0.02,0,15.46
71804,2263,1513.3,714.7,0.01,-0.03,0.03,0,13.00
71804,2264,1508.0,758.0,0.00,0.00,0.00,0,17.24
71805,2263,1513.3,714.7,0.01,-0.03,0.03,0,15.31
71805,2264,1508.0,758.0,0.00,0.00,0.00,0,19.50
72076,2265,935.0,1389.0,0.00,0.00,0.00,0,12.01
72077,2265,935.3,1389.3,0.01,0.01,0.01,0,7.48
72078,2265,925.5,1388.5,-0.64,-0.05,0.64,0,6.31
72080,2265,925.3,1388.5,-0.64,-0.05,0.64,0,10.00
72081,2265,925.3,1388.5,-0.64,-0.05,0.64,0,12.12
72082,2265,925.3,1388.5,-0.64,-0.05,0.64,0,14.46
72113,2266,658.0,824.0,0.00,0.00,0.00,0,12.01
72113,2267,660.0,851.0,0.00,0.00,0.00,0,12.01
72115,2269,639.0,777.0,0.00,0.00,0.00,0,12.01
72115,2270,653.0,799.0,0.00,0.00,0.00,0,12.01
72116,2269,639.7,777.3,0.02,0.01,0.02,0,7.47
72116,2270,653.0,799.0,0.00,0.00,0.00,0,14.04
72116,2271,619.0,758.0,0.00,0.00,0.00,0,12.01
72117,2269,635.1,773.1,-0.27,-0.26,0.37,0,6.30
72117,2270,653.0,799.0,0.00,0.00,0.00,0,16.08
72119,2269,635.0,773.1,-0.27,-0.26,0.37,0,9.97
72119,2270,653.0,799.0,0.00,0.00,0.00,0,19.95
72120,2269,635.0,773.1,-0.27,-0.26,0.37,0,12.11
72121,2269,635.0,773.0,-0.27,-0.26,0.37,0,14.45
72152,2272,366.0,825.0,0.00,0.00,0.00,0,12.01
72152,2273,369.0,839.0,0.00,0.00,0.00,0,12.01
72154,2274,365.0,848.0,0.00,0.00,0.00,0,12.01
72154,2275,354.0,862.0,0.00,0.00,0.00,0,12.01
72155,2274,361.7,852.3,-0.08,0.10,0.13,0,7.47
72155,2275,349.1,865.9,-0.12,0.09,0.15,0,7.47
72156,2274,356.4,857.6,-0.42,0.44,0.61,0,6.30
72158,2274,356.3,857.7,-0.42,0.44,0.61,0,9.90
72159,2274,356.3,857.7,-0.42,0.44,0.61,0,12.11
72160,2274,356.3,857.7,-0.42,0.44,0.61,0,14.46
72191,2276,435.0,1108.0,0.00,0.00,0.00,0,12.01
72191,2277,435.0,1120.0,0.00,0.00,0.00,0,12.01
72193,2278,436.0,1131.0,0.00,0.00,0.00,0,12.01
72194,2278,437.0,1138.5,0.02,0.15,0.15,0,7.46
72195,2278,437.5,1142.2,0.04,0.31,0.31,0,6.29
72197,2278,437.5,1142.3,0.04,0.31,0.31,0,9.75
72198,2278,437.5,1142.3,0.04,0.31,0.31,0,11.99
72199,2278,437.5,1142.3,0.04,0.31,0.31,0,14.31
72230,2280,501.0,1262.0,0.00,0.00,0.00,0,12.01
72231,2280,501.3,1263.6,0.01,0.04,0.04,0,7.50
72232,2280,501.3,1263.6,0.01,0.04,0.04,0,9.54
72234,2280,501.3,1263.7,0.01,0.04,0.04,0,13.28
72235,2280,501.3,1263.7,0.01,0.04,0.04,0,15.43
72317,2281,869.0,1417.0,0.00,0.00,0.00,0,12.01
72317,2282,866.0,1430.0,0.00,0.00,0.00,0,12.01
72319,2283,879.0,1394.0,0.00,0.00,0.00,0,12.01
72319,2284,873.0,1406.0,0.00,0.00,0.00,0,12.01
72320,2283,878.7,1394.7,-0.01,0.02,0.02,0,7.48
72320,2284,877.3,1398.8,0.11,-0.18,0.21,0,7.48
72321,2283,880.3,1392.2,0.10,-0.15,0.18,0,6.31
72323,2283,880.3,1392.1,0.10,-0.15,0.18,0,9.94
72324,2283,880.3,1392.1,0.10,-0.15,0.18,0,12.13
72325,2283,880.3,1392.1,0.10,-0.15,0.18,0,14.47
72529,2285,517.0,885.0,0.00,0.00,0.00,0,12.01
72529,2286,536.0,890.0,0.00,0.00,0.00,0,12.01
72530,2285,517.0,885.0,0.00,0.00,0.00,0,7.47
72530,2286,524.9,887.7,-0.28,-0.06,0.29,0,7.47
72531,2285,513.4,884.5,-0.24,-0.03,0.24,0,6.31
72533,2285,513.3,884.5,-0.24,-0.03,0.24,0,9.99
72534,2285,513.3,884.5,-0.24,-0.03,0.24,0,12.13
72535,2285,513.3,884.5,-0.24,-0.03,0.24,0,14.47
72649,2287,415.0,635.0,0.00,0.00,0.00,0,12.01
72650,2287,415.0,635.0,0.00,0.00,0.00,0,14.04
72651,2287,415.0,635.0,0.00,0.00,0.00,0,16.09
72653,2287,415.0,635.0,0.00,0.00,0.00,0,19.92
72720,2288,897.0,1428.0,0.00,0.00,0.00,0,12.01
72721,2288,897.0,1428.0,0.00,0.00,0.00,0,7.47
72721,2289,898.0,1420.0,0.00,0.00,0.00,0,12.01
72722,2288,897.0,1425.7,0.00,-0.15,0.15,0,6.31
72722,2289,898.0,1420.0,0.00,0.00,0.00,0,14.04
72724,2288,897.0,1425.6,0.00,-0.15,0.15,0,10.02
72724,2289,898.0,1420.0,0.00,0.00,0.00,0,17.55
72725,2288,897.0,1425.6,0.00,-0.15,0.15,0,12.13
72725,2289,898.0,1420.0,0.00,0.00,0.00,0,19.66
72726,2288,897.0,1425.6,0.00,-0.15,0.15,0,14.48
72757,2290,851.0,740.0,0.00,0.00,0.00,0,12.01
72758,2290,851.0,740.0,0.00,0.00,0.00,0,14.06
72759,2290,851.0,740.0,0.00,0.00,0.00,0,16.12
72761,2290,851.0,740.0,0.00,0.00,0.00,0,20.06
73080,2291,1195.0,1055.0,0.00,0.00,0.00,0,12.01
73081,2291,1195.0,1055.0,0.00,0.00,0.00,0,14.04
73082,2291,1195.0,1055.0,0.00,0.00,0.00,0,16.09
73082,2292,1260.0,1025.0,0.00,0.00,0.00,0,12.01
73084,2291,1195.0,1055.0,0.00,0.00,0.00,0,19.97
73084,2292,1260.0,1025.0,0.00,0.00,0.00,0,15.14
73085,2292,1260.0,1025.0,0.00,0.00,0.00,0,17.25
73086,2292,1260.0,1025.0,0.00,0.00,0.00,0,19.49
73118,2293,393.0,571.0,0.00,0.00,0.00,0,12.04
73120,2295,383.0,581.0,0.00,0.00,0.00,0,12.01
73120,2296,373.0,590.0,0.00,0.00,0.00,0,12.01
73121,2295,380.1,583.9,-0.07,0.07,0.10,0,7.48
73121,2296,370.1,592.6,-0.07,0.06,0.10,0,7.48
73122,2295,376.2,587.6,-0.33,0.32,0.46,0,6.31
73124,2295,376.1,587.7,-0.33,0.32,0.46,0,10.00
73125,2295,376.1,587.7,-0.33,0.32,0.46,0,12.13
73126,2295,376.1,587.7,-0.33,0.32,0.46,0,14.54
73157,2297,677.0,1251.0,0.00,0.00,0.00,0,12.01
73157,2298,690.0,1250.0,0.00,0.00,0.00,0,12.01
73159,2299,663.0,1252.0,0.00,0.00,0.00,0,12.01
73159,2300,648.0,1253.0,0.00,0.00,0.00,0,12.01
73160,2299,658.1,1252.3,-0.10,0.01,0.10,0,7.46
73160,2300,648.0,1253.0,0.00,0.00,0.00,0,14.02
73161,2299,658.1,1252.3,-0.10,0.01,0.10,0,9.48
73163,2299,658.1,1252.3,-0.10,0.01,0.10,0,13.10
73164,2299,658.1,1252.3,-0.10,0.01,0.10,0,15.25
73365,2301,1254.0,425.0,0.00,0.00,0.00,0,12.01
73366,2301,1254.0,425.0,0.00,0.00,0.00,0,14.04
73367,2301,1254.0,425.0,0.00,0.00,0.00,0,16.09
73369,2301,1254.0,425.0,0.00,0.00,0.00,0,19.97
73408,2302,283.0,937.0,0.00,0.00,0.00,0,12.01
73409,2302,286.6,940.6,0.07,0.07,0.10,0,7.46
73410,2302,286.6,940.6,0.07,0.07,0.10,0,9.49
73412,2302,286.6,940.6,0.07,0.07,0.10,0,13.19
73413,2302,286.6,940.6,0.07,0.07,0.10,0,15.34
73461,2303,337.0,874.0,0.00,0.00,0.00,0,12.01
73462,2303,337.0,875.3,0.00,0.03,0.03,0,7.47
73462,2304,370.0,844.0,0.00,0.00,0.00,0,12.01
73462,2305,336.0,869.0,0.00,0.00,0.00,0,12.01
73463,2303,337.0,875.3,0.00,0.03,0.03,0,9.52
73463,2304,369.0,844.0,-0.02,0.00,0.02,0,7.47
73463,2305,336.0,869.0,0.00,0.00,0.00,0,14.04
73463,2306,400.0,812.0,0.00,0.00,0.00,0,12.01
73463,2307,393.0,822.0,0.00,0.00,0.00,0,12.01
73465,2303,337.0,875.3,0.00,0.03,0.03,0,13.25
73465,2304,369.0,844.0,-0.02,0.00,0.02,0,10.82
73465,2305,336.0,869.0,0.00,0.00,0.00,0,17.47
73465,2306,400.0,812.0,0.00,0.00,0.00,0,15.10
73465,2307,393.0,822.0,0.00,0.00,0.00,0,15.10
73466,2303,337.0,875.3,0.00,0.03,0.03,0,15.47
73466,2304,369.0,844.0,-0.02,0.00,0.02,0,13.01
73466,2305,336.0,869.0,0.00,0.00,0.00,0,19.66
73466,2306,400.0,812.0,0.00,0.00,0.00,0,17.25
73466,2307,393.0,822.0,0.00,0.00,0.00,0,17.25
73467,2304,369.0,844.0,-0.02,0.00,0.02,0,15.30
73467,2306,400.0,812.0,0.00,0.00,0.00,0,19.49
73467,2307,393.0,822.0,0.00,0.00,0.00,0,19.49
73498,2308,1090.0,854.0,0.00,0.00,0.00,0,12.01
73498,2309,675.0,1022.0,0.00,0.00,0.00,0,12.01
73499,2308,1093.9,857.9,0.10,0.10,0.14,0,7.48
73499,2309,674.3,1023.0,-0.02,0.02,0.03,0,7.48
73500,2308,1098.3,863.9,0.41,0.53,0.67,0,6.31
73500,2309,674.5,1024.8,-0.00,0.15,0.16,0,6.31
73502,2308,1098.4,864.0,0.41,0.53,0.67,0,9.95
73502,2309,674.5,1024.8,-0.00,0.15,0.16,0,9.95
73503,2308,1098.4,864.0,0.41,0.53,0.67,0,12.11
73503,2309,674.5,1024.8,-0.00,0.15,0.16,0,12.11
73504,2308,1098.5,864.0,0.41,0.53,0.67,0,14.50
73504,2309,674.5,1024.8,-0.00,0.15,0.16,0,14.50
73722,2310,543.0,1153.0,0.00,0.00,0.00,0,12.01
73723,2310,543.0,1153.0,0.00,0.00,0.00,0,7.47
73723,2311,524.0,1148.0,0.00,0.00,0.00,0,12.01
73724,2310,538.4,1151.7,-0.30,-0.08,0.31,0,6.31
73724,2311,519.7,1147.7,-0.10,-0.01,0.10,0,7.47
73726,2310,538.3,1151.7,-0.30,-0.08,0.31,0,10.00
73726,2311,519.7,1147.7,-0.10,-0.01,0.10,0,10.89
73727,2310,538.3,1151.7,-0.30,-0.08,0.31,0,12.12
73727,2311,519.7,1147.7,-0.10,-0.01,0.10,0,13.00
73728,2310,538.3,1151.7,-0.30,-0.08,0.31,0,14.47
73728,2311,519.7,1147.7,-0.10,-0.01,0.10,0,15.29
73761,2312,546.0,1078.0,0.00,0.00,0.00,0,12.01
73762,2312,545.3,1078.0,-0.02,0.00,0.02,0,7.47
73763,2312,544.7,1078.0,-0.05,0.00,0.05,0,6.30
73765,2312,544.7,1078.0,-0.05,0.00,0.05,0,9.98
73766,2312,544.7,1078.0,-0.05,0.00,0.05,0,12.12
73767,2312,544.7,1078.0,-0.05,0.00,0.05,0,14.46
73822,2313,1442.0,602.0,0.00,0.00,0.00,0,12.01
73823,2313,1439.1,611.8,-0.07,0.23,0.25,0,7.47
73823,2314,1433.0,641.0,0.00,0.00,0.00,0,12.01
73823,2315,1422.0,681.0,0.00,0.00,0.00,0,12.01
73824,2313,1439.0,611.8,-0.07,0.23,0.25,0,9.52
73826,2313,1439.0,611.9,-0.07,0.23,0.25,0,13.30
73827,2313,1439.0,611.9,-0.07,0.23,0.25,0,15.46
73859,2317,646.0,809.0,0.00,0.00,0.00,0,12.01
73859,2318,645.0,821.0,0.00,0.00,0.00,0,12.01
73861,2319,649.0,789.0,0.00,0.00,0.00,0,12.01
73861,2320,647.0,797.0,0.00,0.00,0.00,0,12.01
73862,2319,649.0,789.0,0.00,0.00,0.00,0,7.47
73862,2320,649.0,790.8,0.04,-0.14,0.14,0,7.47
73863,2319,650.3,786.2,0.08,-0.18,0.20,0,6.31
73865,2319,650.3,786.1,0.08,-0.18,0.20,0,9.95
73866,2319,650.3,786.1,0.08,-0.18,0.20,0,12.13
73867,2319,650.3,786.1,0.08,-0.18,0.20,0,14.47
74024,2321,778.0,223.0,0.00,0.00,0.00,0,12.01
74026,2323,796.0,223.0,0.00,0.00,0.00,0,12.01
74027,2323,806.5,223.0,0.26,0.00,0.26,0,7.48
74028,2323,811.3,223.0,0.59,0.00,0.59,0,6.31
74030,2323,811.4,223.0,0.59,0.00,0.59,0,9.96
74031,2323,811.4,223.0,0.59,0.00,0.59,0,12.11
74032,2323,811.4,223.0,0.59,0.00,0.59,0,14.45
74063,2325,685.0,290.0,0.00,0.00,0.00,0,12.01
74064,2325,684.3,286.7,-0.02,-0.08,0.08,0,7.50
74065,2325,683.7,282.9,-0.07,-0.45,0.45,0,6.31
74065,2326,1251.0,486.0,0.00,0.00,0.00,0,12.01
74067,2325,683.7,282.8,-0.07,-0.45,0.45,0,9.92
74067,2326,1251.0,486.0,0.00,0.00,0.00,0,15.03
74068,2325,683.7,282.8,-0.07,-0.45,0.45,0,12.01
74068,2326,1251.0,486.0,0.00,0.00,0.00,0,17.10
74069,2325,683.7,282.8,-0.07,-0.45,0.45,0,14.35
74069,2326,1251.0,486.0,0.00,0.00,0.00,0,19.34
74126,2327,574.0,316.0,0.00,0.00,0.00,0,12.01
74127,2327,574.0,316.0,0.00,0.00,0.00,0,14.04
74128,2327,574.0,316.0,0.00,0.00,0.00,0,16.08
74130,2327,574.0,316.0,0.00,0.00,0.00,0,19.92
74421,2328,320.0,491.0,0.00,0.00,0.00,0,12.01
74422,2328,320.0,491.0,0.00,0.00,0.00,0,14.04
74423,2328,320.0,491.0,0.00,0.00,0.00,0,16.09
74425,2328,320.0,491.0,0.00,0.00,0.00,0,19.96
74458,2329,993.0,382.0,0.00,0.00,0.00,0,12.01
74458,2330,978.0,385.0,0.00,0.00,0.00,0,12.01
74459,2329,993.0,382.0,0.00,0.00,0.00,0,7.50
74459,2330,988.2,384.0,0.25,-0.02,0.25,0,7.50
74460,2329,997.1,382.0,0.39,0.00,0.39,0,6.31
74462,2329,997.2,382.0,0.39,0.00,0.39,0,9.96
74463,2329,997.2,382.0,0.39,0.00,0.39,0,12.01
74464,2329,997.2,382.0,0.39,0.00,0.39,0,14.41
74557,2331,917.0,433.0,0.00,0.00,0.00,0,12.01
74558,2331,917.3,432.7,0.01,-0.01,0.01,0,7.47
74558,2332,910.0,442.0,0.00,0.00,0.00,0,12.01
74559,2331,915.4,434.6,-0.11,0.11,0.16,0,6.31
74561,2331,915.4,434.6,-0.11,0.11,0.16,0,9.95
74562,2331,915.4,434.6,-0.11,0.11,0.16,0,12.12
74563,2331,915.4,434.6,-0.11,0.11,0.16,0,14.46
74633,2333,799.0,837.0,0.00,0.00,0.00,0,12.01
74635,2335,777.0,842.0,0.00,0.00,0.00,0,12.01
74636,2335,773.1,844.0,-0.10,0.05,0.11,0,7.47
74637,2335,770.0,845.8,-0.30,0.17,0.35,0,6.31
74639,2335,769.9,845.8,-0.30,0.17,0.35,0,9.96
74640,2335,769.9,845.8,-0.30,0.17,0.35,0,12.13
74641,2335,769.9,845.8,-0.30,0.17,0.35,0,14.47
74672,2337,1342.0,1003.0,0.00,0.00,0.00,0,12.01
74672,2338,1328.0,1008.0,0.00,0.00,0.00,0,12.01
74674,2339,1369.0,992.0,0.00,0.00,0.00,0,12.01
74674,2340,1354.0,998.0,0.00,0.00,0.00,0,12.01
74675,2339,1368.7,992.0,-0.01,0.00,0.01,0,7.46
74675,2340,1362.8,993.4,0.18,-0.09,0.20,0,7.46
74676,2339,1371.6,990.2,0.11,-0.07,0.13,0,6.28
74678,2339,1371.6,990.2,0.11,-0.07,0.13,0,9.77
74679,2339,1371.6,990.2,0.11,-0.07,0.13,0,11.97
74680,2339,1371.6,990.2,0.11,-0.07,0.13,0,14.30
74727,2341,691.0,303.0,0.00,0.00,0.00,0,12.01
74728,2341,691.0,303.0,0.00,0.00,0.00,0,14.04
74729,2341,691.0,303.0,0.00,0.00,0.00,0,16.09
74729,2342,740.0,353.0,0.00,0.00,0.00,0,12.01
74731,2341,691.0,303.0,0.00,0.00,0.00,0,19.97
74731,2342,740.0,353.0,0.00,0.00,0.00,0,15.14
74732,2342,740.0,353.0,0.00,0.00,0.00,0,17.24
74733,2342,740.0,353.0,0.00,0.00,0.00,0,19.53
74764,2343,931.0,835.0,0.00,0.00,0.00,0,12.01
74765,2343,931.0,835.0,0.00,0.00,0.00,0,14.04
74766,2343,931.0,835.0,0.00,0.00,0.00,0,16.09
74768,2343,931.0,835.0,0.00,0.00,0.00,0,19.93
74849,2344,791.0,1306.0,0.00,0.00,0.00,0,12.01
74852,2346,883.0,1268.0,0.00,0.00,0.00,0,12.01
74853,2346,883.0,1268.0,0.00,0.00,0.00,0,7.48
74854,2346,883.0,1268.0,0.00,0.00,0.00,0,9.51
74854,2347,947.0,1239.0,0.00,0.00,0.00,0,12.01
74856,2346,883.0,1268.0,0.00,0.00,0.00,0,13.31
74856,2347,947.0,1239.0,0.00,0.00,0.00,0,15.14
74857,2346,883.0,1268.0,0.00,0.00,0.00,0,15.47
74857,2347,947.0,1239.0,0.00,0.00,0.00,0,17.24
74858,2347,947.0,1239.0,0.00,0.00,0.00,0,19.53
74896,2348,1520.0,1100.0,0.00,0.00,0.00,0,12.01
74896,2349,1522.0,1109.0,0.00,0.00,0.00,0,12.01
74897,2348,1520.0,1100.0,0.00,0.00,0.00,0,7.47
74897,2349,1521.0,1103.8,-0.02,-0.13,0.13,0,7.47
74898,2348,1519.5,1098.7,-0.03,-0.08,0.09,0,6.31
74900,2348,1519.5,1098.7,-0.03,-0.08,0.09,0,9.96
74901,2348,1519.5,1098.7,-0.03,-0.08,0.09,0,12.12
74902,2348,1519.5,1098.7,-0.03,-0.08,0.09,0,14.47
74947,2350,1525.0,727.0,0.00,0.00,0.00,0,12.01
74948,2350,1525.0,727.0,0.00,0.00,0.00,0,14.04
74948,2351,513.0,968.0,0.00,0.00,0.00,0,12.01
74949,2350,1525.0,727.0,0.00,0.00,0.00,0,16.09
74951,2350,1525.0,727.0,0.00,0.00,0.00,0,19.94
75037,2352,1118.0,1254.0,0.00,0.00,0.00,0,12.01
75037,2353,1108.0,1277.0,0.00,0.00,0.00,0,12.01
75038,2352,1117.7,1254.3,-0.01,0.01,0.01,0,7.47
75038,2353,1108.0,1277.0,0.00,0.00,0.00,0,14.04
75038,2354,1123.0,1236.0,0.00,0.00,0.00,0,12.01
75039,2352,1119.0,1249.9,0.08,-0.28,0.29,0,6.31
75039,2353,1108.0,1277.0,0.00,0.00,0.00,0,16.09
75041,2352,1119.1,1249.8,0.08,-0.28,0.29,0,9.99
75041,2353,1108.0,1277.0,0.00,0.00,0.00,0,19.97
75042,2352,1119.1,1249.8,0.08,-0.28,0.29,0,12.14
75043,2352,1119.1,1249.8,0.08,-0.28,0.29,0,14.49
75074,2355,990.0,823.0,0.00,0.00,0.00,0,12.01
75076,2357,1036.0,776.0,0.00,0.00,0.00,0,12.01
75076,2358,1019.0,794.0,0.00,0.00,0.00,0,12.01
75077,2357,1035.7,777.6,-0.01,0.04,0.04,0,7.47
75077,2358,1019.0,794.0,0.00,0.00,0.00,0,14.03
75077,2359,1053.0,759.0,0.00,0.00,0.00,0,12.01
75078,2357,1035.7,777.6,-0.01,0.04,0.04,0,9.51
75078,2358,1019.0,794.0,0.00,0.00,0.00,0,16.08
75080,2357,1035.7,777.6,-0.01,0.04,0.04,0,13.25
75080,2358,1019.0,794.0,0.00,0.00,0.00,0,19.90
75081,2357,1035.7,777.6,-0.01,0.04,0.04,0,15.43
75628,2360,622.0,332.0,0.00,0.00,0.00,0,12.01
75629,2360,622.3,332.3,0.01,0.01,0.01,0,7.48
75629,2361,627.0,347.0,0.00,0.00,0.00,0,12.01
75630,2360,623.3,336.1,0.07,0.26,0.27,0,6.30
75632,2360,623.3,336.2,0.07,0.26,0.27,0,9.94
75633,2360,623.3,336.2,0.07,0.26,0.27,0,12.13
75634,2360,623.3,336.2,0.07,0.26,0.27,0,14.47
75696,2362,691.0,381.0,0.00,0.00,0.00,0,12.01
75697,2362,691.0,382.6,0.00,0.04,0.04,0,7.48
75698,2362,691.0,385.8,0.00,0.25,0.25,0,6.31
75700,2362,691.0,385.9,0.00,0.25,0.25,0,10.00
75701,2362,691.0,385.9,0.00,0.25,0.25,0,12.12
75702,2362,691.0,385.9,0.00,0.25,0.25,0,14.47
75747,2363,415.0,716.0,0.00,0.00,0.00,0,12.01
75748,2363,415.0,716.0,0.00,0.00,0.00,0,14.04
75749,2363,415.0,716.0,0.00,0.00,0.00,0,16.09
75751,2363,415.0,716.0,0.00,0.00,0.00,0,19.97
75804,2364,1142.0,1266.0,0.00,0.00,0.00,0,12.01
75805,2364,1142.0,1266.0,0.00,0.00,0.00,0,14.04
75806,2364,1132.5,1274.1,-0.44,0.37,0.57,0,7.87
75808,2364,1132.4,1274.2,-0.44,0.37,0.57,0,11.53
75809,2364,1132.4,1274.2,-0.44,0.37,0.57,0,13.68
75810,2364,1132.4,1274.2,-0.44,0.37,0.57,0,16.02
75841,2365,882.0,1142.0,0.00,0.00,0.00,0,12.01
75842,2365,882.0,1142.0,0.00,0.00,0.00,0,14.04
75843,2365,882.0,1142.0,0.00,0.00,0.00,0,16.09
75845,2365,882.0,1142.0,0.00,0.00,0.00,0,19.98
75927,2366,1239.0,1329.0,0.00,0.00,0.00,0,12.01
75928,2366,1238.7,1329.3,-0.01,0.01,0.01,0,7.47
75928,2367,1247.0,1318.0,0.00,0.00,0.00,0,12.01
75929,2366,1240.3,1326.9,0.10,-0.15,0.18,0,6.31
75929,2367,1248.3,1315.1,0.03,-0.07,0.08,0,7.47
75931,2366,1240.3,1326.9,0.10,-0.15,0.18,0,9.94
75931,2367,1248.3,1315.0,0.03,-0.07,0.08,0,10.84
75932,2366,1240.3,1326.9,0.10,-0.15,0.18,0,12.12
75932,2367,1248.3,1315.0,0.03,-0.07,0.08,0,12.99
75933,2366,1240.3,1326.9,0.10,-0.15,0.18,0,14.46
75933,2367,1248.3,1315.0,0.03,-0.07,0.08,0,15.29
75964,2368,781.0,1174.0,0.00,0.00,0.00,0,12.01
75964,2369,781.0,1196.0,0.00,0.00,0.00,0,12.01
75965,2368,781.0,1174.0,0.00,0.00,0.00,0,7.48
75965,2369,781.0,1196.0,0.00,0.00,0.00,0,14.04
75965,2370,778.0,1154.0,0.00,0.00,0.00,0,12.01
75966,2368,780.2,1169.1,-0.05,-0.34,0.35,0,6.31
75966,2369,781.0,1196.0,0.00,0.00,0.00,0,16.09
75968,2368,780.2,1169.0,-0.05,-0.34,0.35,0,9.96
75968,2369,781.0,1196.0,0.00,0.00,0.00,0,19.97
75969,2368,780.2,1169.0,-0.05,-0.34,0.35,0,12.12
75970,2368,780.2,1169.0,-0.05,-0.34,0.35,0,14.51
76001,2371,900.0,1029.0,0.00,0.00,0.00,0,12.01
76002,2371,899.3,1021.8,-0.02,-0.18,0.18,0,7.50
76003,2371,899.3,1018.0,-0.02,-0.54,0.54,0,6.31
76003,2372,889.0,992.0,0.00,0.00,0.00,0,12.01
76005,2371,899.2,1017.8,-0.02,-0.54,0.54,0,10.02
76005,2372,889.0,992.0,0.00,0.00,0.00,0,15.11
76006,2371,899.2,1017.8,-0.02,-0.54,0.54,0,12.36
76006,2372,889.0,992.0,0.00,0.00,0.00,0,17.34
76007,2371,899.2,1017.8,-0.02,-0.54,0.54,0,14.77
76007,2372,889.0,992.0,0.00,0.00,0.00,0,19.63
76052,2373,511.0,1130.0,0.00,0.00,0.00,0,12.01
76054,2375,537.0,1108.0,0.00,0.00,0.00,0,12.01
76054,2376,524.0,1120.0,0.00,0.00,0.00,0,12.01
76055,2375,536.7,1108.3,-0.01,0.01,0.01,0,7.47
76055,2376,531.2,1113.1,0.17,-0.16,0.24,0,7.47
76056,2375,538.6,1106.2,0.11,-0.13,0.17,0,6.31
76058,2375,538.6,1106.2,0.11,-0.13,0.17,0,9.96
76059,2375,538.6,1106.1,0.11,-0.13,0.17,0,12.13
76060,2375,538.6,1106.1,0.11,-0.13,0.17,0,14.48
76101,2377,662.0,919.0,0.00,0.00,0.00,0,12.01
76102,2377,662.3,919.3,0.01,0.01,0.01,0,7.47
76102,2378,651.0,910.0,0.00,0.00,0.00,0,12.01
76103,2377,659.7,916.9,-0.17,-0.15,0.22,0,6.31
76103,2378,651.0,910.0,0.00,0.00,0.00,0,14.04
76105,2377,659.6,916.9,-0.17,-0.15,0.22,0,9.96
76105,2378,651.0,910.0,0.00,0.00,0.00,0,17.51
76106,2377,659.6,916.9,-0.17,-0.15,0.22,0,12.13
76106,2378,651.0,910.0,0.00,0.00,0.00,0,19.65
76107,2377,659.6,916.9,-0.17,-0.15,0.22,0,14.47
76141,2379,790.0,1039.0,0.00,0.00,0.00,0,12.01
76141,2380,457.0,1192.0,0.00,0.00,0.00,0,12.01
76142,2379,790.3,1039.0,0.01,0.00,0.01,0,7.47
76142,2380,456.3,1192.0,-0.02,0.00,0.02,0,7.47
76143,2379,795.6,1042.1,0.35,0.20,0.40,0,6.31
76143,2380,461.4,1191.5,0.31,-0.03,0.31,0,6.31
76145,2379,795.7,1042.1,0.35,0.20,0.40,0,9.95
76145,2380,461.5,1191.5,0.31,-0.03,0.31,0,9.95
76146,2379,795.7,1042.1,0.35,0.20,0.40,0,12.12
76146,2380,461.5,1191.5,0.31,-0.03,0.31,0,12.12
76147,2379,795.8,1042.2,0.35,0.20,0.40,0,14.52
76147,2380,461.5,1191.5,0.31,-0.03,0.31,0,14.52
76210,2381,1186.0,468.0,0.00,0.00,0.00,0,12.01
76211,2381,1186.0,468.0,0.00,0.00,0.00,0,14.04
76211,2382,1242.0,532.0,0.00,0.00,0.00,0,12.01
76212,2381,1186.0,468.0,0.00,0.00,0.00,0,16.09
76214,2381,1186.0,468.0,0.00,0.00,0.00,0,19.98
76267,2384,1234.0,607.0,0.00,0.00,0.00,0,12.01
76267,2385,1240.0,612.0,0.00,0.00,0.00,0,12.01
76268,2384,1236.0,609.0,0.05,0.05,0.07,0,7.48
76268,2385,1243.9,616.9,0.10,0.12,0.16,0,7.48
76269,2384,1239.6,613.1,0.29,0.32,0.43,0,6.30
76271,2384,1239.7,613.2,0.29,0.32,0.43,0,9.96
76272,2384,1239.7,613.2,0.29,0.32,0.43,0,12.13
76273,2384,1239.7,613.2,0.29,0.32,0.43,0,14.47
76359,2387,1291.0,1039.0,0.00,0.00,0.00,0,12.01
76360,2387,1291.0,1039.0,0.00,0.00,0.00,0,14.03
76360,2388,1328.0,1011.0,0.00,0.00,0.00,0,12.01
76360,2389,797.0,1414.0,0.00,0.00,0.00,0,12.01
76361,2387,1291.0,1039.0,0.00,0.00,0.00,0,16.08
76361,2388,1328.0,1011.0,0.00,0.00,0.00,0,14.04
76361,2389,796.3,1414.3,-0.02,0.01,0.02,0,7.47
76361,2390,811.0,1413.0,0.00,0.00,0.00,0,12.01
76363,2387,1291.0,1039.0,0.00,0.00,0.00,0,19.98
76363,2388,1328.0,1011.0,0.00,0.00,0.00,0,17.54
76363,2389,796.3,1414.3,-0.02,0.01,0.02,0,10.89
76363,2390,811.0,1413.0,0.00,0.00,0.00,0,15.15
76364,2388,1328.0,1011.0,0.00,0.00,0.00,0,19.66
76364,2389,796.3,1414.3,-0.02,0.01,0.02,0,13.00
76364,2390,811.0,1413.0,0.00,0.00,0.00,0,17.25
76365,2389,796.3,1414.3,-0.02,0.01,0.02,0,15.30
76365,2390,811.0,1413.0,0.00,0.00,0.00,0,19.50
76465,2391,672.0,1208.0,0.00,0.00,0.00,0,12.01
76466,2391,672.0,1208.0,0.00,0.00,0.00,0,14.04
76467,2391,672.0,1208.0,0.00,0.00,0.00,0,16.09
76469,2391,672.0,1208.0,0.00,0.00,0.00,0,19.97
76502,2392,870.0,1235.0,0.00,0.00,0.00,0,12.01
76502,2393,564.0,1272.0,0.00,0.00,0.00,0,12.01
76502,2394,559.0,1281.0,0.00,0.00,0.00,0,12.01
76504,2395,884.0,1243.0,0.00,0.00,0.00,0,12.01
76504,2396,574.0,1255.0,0.00,0.00,0.00,0,12.01
76504,2397,570.0,1264.0,0.00,0.00,0.00,0,12.01
76505,2395,885.0,1243.7,0.02,0.01,0.03,0,7.46
76505,2396,574.7,1254.3,0.01,-0.01,0.02,0,7.46
76505,2397,570.0,1264.0,0.00,0.00,0.00,0,14.02
76505,2398,896.0,1252.0,0.00,0.00,0.00,0,12.00
76506,2395,887.8,1245.5,0.15,0.10,0.18,0,6.28
76506,2396,575.3,1253.0,0.04,-0.08,0.09,0,6.28
76508,2395,887.9,1245.6,0.15,0.10,0.18,0,9.68
76508,2396,575.3,1253.0,0.04,-0.08,0.09,0,9.68
76509,2395,887.9,1245.6,0.15,0.10,0.18,0,11.91
76509,2396,575.3,1253.0,0.04,-0.08,0.09,0,11.91
76510,2395,887.9,1245.6,0.15,0.10,0.18,0,14.24
76510,2396,575.3,1252.9,0.04,-0.08,0.09,0,14.24
76612,2399,693.0,1232.0,0.00,0.00,0.00,0,12.01
76612,2400,669.0,1240.0,0.00,0.00,0.00,0,12.01
76613,2399,693.0,1232.0,0.00,0.00,0.00,0,7.47
76613,2400,669.0,1240.0,0.00,0.00,0.00,0,14.04
76613,2401,709.0,1226.0,0.00,0.00,0.00,0,12.01
76614,2399,693.0,1232.0,0.00,0.00,0.00,0,9.52
76614,2400,669.0,1240.0,0.00,0.00,0.00,0,16.09
76616,2399,693.0,1232.0,0.00,0.00,0.00,0,13.28
76616,2400,669.0,1240.0,0.00,0.00,0.00,0,19.95
76617,2399,693.0,1232.0,0.00,0.00,0.00,0,15.46
76649,2402,457.0,1057.0,0.00,0.00,0.00,0,12.01
76652,2404,485.0,1132.0,0.00,0.00,0.00,0,12.01
76653,2404,486.3,1135.9,0.03,0.09,0.10,0,7.47
76654,2404,486.7,1137.5,0.06,0.20,0.20,0,6.31
76654,2405,494.0,1154.0,0.00,0.00,0.00,0,12.01
76656,2404,486.8,1137.5,0.06,0.20,0.20,0,9.94
76656,2405,494.0,1154.0,0.00,0.00,0.00,0,15.11
76657,2404,486.8,1137.6,0.06,0.20,0.20,0,12.12
76657,2405,494.0,1154.0,0.00,0.00,0.00,0,17.23
76658,2404,486.8,1137.6,0.06,0.20,0.20,0,14.51
76658,2405,494.0,1154.0,0.00,0.00,0.00,0,19.52
76690,2409,1077.0,1220.0,0.00,0.00,0.00,0,12.03
76690,2410,926.0,1299.0,0.00,0.00,0.00,0,12.03
76690,2411,925.0,1322.0,0.00,0.00,0.00,0,12.03
76691,2409,1077.0,1220.0,0.00,0.00,0.00,0,14.07
76691,2410,926.0,1298.3,0.00,-0.03,0.03,0,7.48
76691,2411,925.0,1322.0,0.00,0.00,0.00,0,14.07
76691,2412,1129.0,1200.0,0.00,0.00,0.00,0,12.01
76692,2410,925.2,1292.3,-0.06,-0.49,0.50,0,6.30
76692,2409,1077.0,1220.0,0.00,0.00,0.00,0,16.11
76692,2411,925.0,1322.0,0.00,0.00,0.00,0,16.11
76694,2410,925.2,1292.2,-0.06,-0.49,0.50,0,9.78
76694,2409,1077.0,1220.0,0.00,0.00,0.00,0,19.90
76694,2411,925.0,1322.0,0.00,0.00,0.00,0,19.90
76695,2410,925.2,1292.2,-0.06,-0.49,0.50,0,11.91
76696,2410,925.2,1292.2,-0.06,-0.49,0.50,0,14.24
76727,2415,415.0,1008.0,0.00,0.00,0.00,0,12.01
76728,2415,417.0,1009.3,0.05,0.03,0.06,0,7.48
76729,2415,420.1,1010.8,0.27,0.14,0.31,0,6.31
76731,2415,420.1,1010.8,0.27,0.14,0.31,0,9.97
76732,2415,420.1,1010.8,0.27,0.14,0.31,0,12.10
76733,2415,420.2,1010.8,0.27,0.14,0.31,0,14.50
76765,2418,806.0,878.0,0.00,0.00,0.00,0,12.01
76765,2419,811.0,890.0,0.00,0.00,0.00,0,12.01
76766,2418,807.3,880.9,0.04,0.08,0.09,0,7.47
76766,2419,812.6,892.6,0.05,0.07,0.09,0,7.47
76767,2418,809.3,884.6,0.16,0.30,0.34,0,6.30
76769,2418,809.3,884.6,0.16,0.30,0.34,0,9.93
76770,2418,809.3,884.7,0.16,0.30,0.34,0,12.12
76771,2418,809.3,884.7,0.16,0.30,0.34,0,14.47
76802,2420,557.0,988.0,0.00,0.00,0.00,0,12.01
76802,2421,568.0,1003.0,0.00,0.00,0.00,0,12.01
76807,2422,644.0,1106.0,0.00,0.00,0.00,0,12.01
76808,2422,644.0,1106.3,0.00,0.01,0.01,0,7.47
76809,2422,647.6,1110.6,0.23,0.29,0.37,0,6.31
76811,2422,647.7,1110.7,0.23,0.29,0.37,0,9.98
76812,2422,647.7,1110.7,0.23,0.29,0.37,0,12.13
76813,2422,647.7,1110.7,0.23,0.29,0.37,0,14.47
76844,2425,876.0,1264.0,0.00,0.00,0.00,0,12.01
76844,2426,878.0,1280.0,0.00,0.00,0.00,0,12.01
76846,2427,881.0,1237.0,0.00,0.00,0.00,0,12.01
76846,2428,877.0,1251.0,0.00,0.00,0.00,0,12.01
76847,2427,880.7,1237.7,-0.01,0.01,0.02,0,7.46
76847,2428,880.9,1243.5,0.08,-0.16,0.18,0,7.46
76848,2427,882.3,1235.7,0.06,-0.07,0.09,0,6.29
76850,2427,882.3,1235.7,0.06,-0.07,0.09,0,9.73
76851,2427,882.3,1235.7,0.06,-0.07,0.09,0,11.95
76852,2427,882.3,1235.7,0.06,-0.07,0.09,0,14.28
76883,2429,458.0,1043.0,0.00,0.00,0.00,0,12.01
76883,2430,469.0,1053.0,0.00,0.00,0.00,0,12.01
76885,2431,447.0,1021.0,0.00,0.00,0.00,0,12.01
76885,2432,452.0,1034.0,0.00,0.00,0.00,0,12.01
76886,2431,447.0,1021.3,0.00,0.01,0.01,0,7.47
76886,2432,450.4,1025.5,-0.04,-0.20,0.20,0,7.47
76887,2431,446.7,1018.2,-0.02,-0.19,0.19,0,6.31
76889,2431,446.7,1018.1,-0.02,-0.19,0.19,0,9.98
76890,2431,446.7,1018.1,-0.02,-0.19,0.19,0,12.11
76891,2431,446.7,1018.1,-0.02,-0.19,0.19,0,14.46
76922,2433,1342.0,422.0,0.00,0.00,0.00,0,12.01
76922,2434,1333.0,428.0,0.00,0.00,0.00,0,12.01
76924,2435,1361.0,410.0,0.00,0.00,0.00,0,12.01
76924,2436,1351.0,417.0,0.00,0.00,0.00,0,12.01
76924,2437,594.0,577.0,0.00,0.00,0.00,0,12.01
76924,2438,590.0,584.0,0.00,0.00,0.00,0,12.01
76924,2439,577.0,611.0,0.00,0.00,0.00,0,12.01
76925,2435,1360.7,410.3,-0.01,0.01,0.01,0,7.46
76925,2436,1357.5,412.7,0.14,-0.09,0.16,0,7.46
76925,2437,592.7,579.0,-0.03,0.04,0.05,0,7.46
76925,2438,590.0,584.0,0.00,0.00,0.00,0,14.02
76925,2439,577.0,611.0,0.00,0.00,0.00,0,14.02
76926,2435,1363.1,409.0,0.10,-0.05,0.11,0,6.28
76926,2437,592.7,579.0,-0.03,0.04,0.05,0,9.48
76926,2439,577.0,611.0,0.00,0.00,0.00,0,16.04
76928,2435,1363.1,408.9,0.10,-0.05,0.11,0,9.72
76928,2437,592.7,579.0,-0.03,0.04,0.05,0,12.99
76928,2439,577.0,611.0,0.00,0.00,0.00,0,19.62
76929,2435,1363.1,408.9,0.10,-0.05,0.11,0,11.95
76929,2437,592.7,579.0,-0.03,0.04,0.05,0,15.22
76930,2435,1363.1,408.9,0.10,-0.05,0.11,0,14.27
77116,2440,868.0,992.0,0.00,0.00,0.00,0,12.01
77117,2440,868.0,991.7,0.00,-0.01,0.01,0,7.47
77117,2441,888.0,1005.0,0.00,0.00,0.00,0,12.01
77118,2440,872.9,995.1,0.32,0.21,0.38,0,6.31
77120,2440,873.0,995.2,0.32,0.21,0.38,0,9.97
77121,2440,873.0,995.2,0.32,0.21,0.38,0,12.12
77122,2440,873.0,995.2,0.32,0.21,0.38,0,14.47
77153,2442,1097.0,1207.0,0.00,0.00,0.00,0,12.01
77153,2443,1100.0,1218.0,0.00,0.00,0.00,0,12.01
77153,2444,835.0,1385.0,0.00,0.00,0.00,0,12.01
77153,2445,825.0,1398.0,0.00,0.00,0.00,0,12.01
77155,2447,1163.0,769.0,0.00,0.00,0.00,0,12.01
77155,2448,1174.0,772.0,0.00,0.00,0.00,0,12.01
77155,2449,1096.0,1186.0,0.00,0.00,0.00,0,12.01
77155,2450,852.0,1367.0,0.00,0.00,0.00,0,12.01
77156,2447,1164.3,769.0,0.03,0.00,0.03,0,7.47
77156,2448,1169.1,771.3,-0.10,-0.01,0.11,0,7.47
77156,2449,1096.0,1184.7,0.00,-0.03,0.03,0,7.47
77156,2450,854.3,1366.0,0.05,-0.02,0.05,0,7.47
77156,2451,1098.0,1171.0,0.00,0.00,0.00,0,12.01
77157,2447,1163.7,769.8,-0.01,0.05,0.05,0,6.30
77157,2449,1096.5,1181.7,0.03,-0.21,0.21,0,6.30
77157,2450,857.6,1364.7,0.25,-0.10,0.27,0,6.30
77159,2447,1163.7,769.8,-0.01,0.05,0.05,0,9.94
77159,2449,1096.5,1181.6,0.03,-0.21,0.21,0,9.94
77159,2450,857.6,1364.7,0.25,-0.10,0.27,0,9.94
77160,2447,1163.7,769.8,-0.01,0.05,0.05,0,12.11
77160,2449,1096.5,1181.6,0.03,-0.21,0.21,0,12.11
77160,2450,857.6,1364.7,0.25,-0.10,0.27,0,12.11
77161,2447,1163.7,769.8,-0.01,0.05,0.05,0,14.46
77161,2449,1096.5,1181.6,0.03,-0.21,0.21,0,14.46
77161,2450,857.6,1364.7,0.25,-0.10,0.27,0,14.46
77192,2452,1264.0,870.0,0.00,0.00,0.00,0,12.01
77193,2452,1269.2,868.4,0.13,-0.04,0.14,0,7.48
77194,2452,1269.2,868.4,0.13,-0.04,0.14,0,9.52
77196,2452,1269.3,868.3,0.13,-0.04,0.14,0,13.32
77197,2452,1269.3,868.3,0.13,-0.04,0.14,0,15.46
77253,2453,1540.0,757.0,0.00,0.00,0.00,0,12.01
77254,2453,1540.0,756.0,0.00,-0.02,0.02,0,7.48
77255,2453,1540.3,754.0,0.02,-0.16,0.16,0,6.31
77257,2453,1540.3,753.9,0.02,-0.16,0.16,0,9.96
77258,2453,1540.3,753.9,0.02,-0.16,0.16,0,12.12
77259,2453,1540.3,753.9,0.02,-0.16,0.16,0,14.52
77290,2454,1086.0,386.0,0.00,0.00,0.00,0,12.01
77290,2455,586.0,671.0,0.00,0.00,0.00,0,12.01
77290,2456,585.0,682.0,0.00,0.00,0.00,0,12.01
77291,2454,1086.0,386.0,0.00,0.00,0.00,0,14.04
77291,2455,586.0,671.3,0.00,0.01,0.01,0,7.48
77291,2456,584.7,673.8,-0.01,-0.20,0.20,0,7.48
77292,2454,1087.4,396.2,0.07,0.50,0.51,0,7.87
77292,2455,585.5,668.2,-0.04,-0.22,0.22,0,6.31
77294,2454,1087.4,396.3,0.07,0.50,0.51,0,11.55
77294,2455,585.5,668.1,-0.04,-0.22,0.22,0,10.00
77295,2454,1087.4,396.3,0.07,0.50,0.51,0,13.66
77295,2455,585.5,668.1,-0.04,-0.22,0.22,0,12.11
77296,2454,1087.4,396.3,0.07,0.50,0.51,0,16.06
77296,2455,585.5,668.1,-0.04,-0.22,0.22,0,14.51
77336,2457,770.0,1372.0,0.00,0.00,0.00,0,12.01
77338,2459,777.0,1336.0,0.00,0.00,0.00,0,12.01
77338,2460,774.0,1354.0,0.00,0.00,0.00,0,12.01
77339,2459,777.0,1336.7,0.00,0.02,0.02,0,7.48
77339,2460,776.3,1342.9,0.06,-0.28,0.28,0,7.48
77340,2459,777.8,1332.9,0.05,-0.23,0.24,0,6.31
77342,2459,777.8,1332.8,0.05,-0.23,0.24,0,9.97
77343,2459,777.8,1332.8,0.05,-0.23,0.24,0,12.12
77344,2459,777.8,1332.8,0.05,-0.23,0.24,0,14.46
77394,2461,1146.0,1215.0,0.00,0.00,0.00,0,12.01
77395,2461,1146.0,1215.0,0.00,0.00,0.00,0,14.03
77396,2461,1146.0,1215.0,0.00,0.00,0.00,0,16.09
77398,2461,1146.0,1215.0,0.00,0.00,0.00,0,19.97
77431,2462,405.0,865.0,0.00,0.00,0.00,0,12.01
77432,2462,404.7,859.4,-0.01,-0.14,0.14,0,7.48
77433,2462,404.8,856.7,-0.00,-0.33,0.33,0,6.31
77435,2462,404.8,856.7,-0.00,-0.33,0.33,0,10.00
77436,2462,404.8,856.6,-0.00,-0.33,0.33,0,12.11
77437,2462,404.8,856.6,-0.00,-0.33,0.33,0,14.51
77530,2464,612.0,1317.0,0.00,0.00,0.00,0,12.01
77531,2464,611.7,1317.7,-0.01,0.02,0.02,0,7.47
77531,2465,615.0,1309.0,0.00,0.00,0.00,0,12.01
77532,2464,612.3,1316.2,0.03,-0.08,0.08,0,6.31
77534,2464,612.3,1316.2,0.03,-0.08,0.08,0,9.97
77535,2464,612.3,1316.2,0.03,-0.08,0.08,0,12.12
77536,2464,612.3,1316.2,0.03,-0.08,0.08,0,14.47
77572,2466,614.0,1204.0,0.00,0.00,0.00,0,12.01
77573,2466,614.0,1204.0,0.00,0.00,0.00,0,14.04
77574,2466,614.0,1204.0,0.00,0.00,0.00,0,16.09
77576,2466,614.0,1204.0,0.00,0.00,0.00,0,19.96
77613,2467,1092.0,608.0,0.00,0.00,0.00,0,12.01
77614,2467,1092.0,608.0,0.00,0.00,0.00,0,14.04
77615,2467,1090.2,621.3,-0.08,0.62,0.63,0,7.87
77617,2467,1090.2,621.5,-0.08,0.62,0.63,0,11.53
77618,2467,1090.2,621.5,-0.08,0.62,0.63,0,13.68
77619,2467,1090.2,621.5,-0.08,0.62,0.63,0,16.02
77661,2468,658.0,1241.0,0.00,0.00,0.00,0,12.01
77662,2468,658.0,1241.0,0.00,0.00,0.00,0,14.04
77663,2468,658.0,1241.0,0.00,0.00,0.00,0,16.09
77663,2469,698.0,1230.0,0.00,0.00,0.00,0,12.01
77665,2468,658.0,1241.0,0.00,0.00,0.00,0,19.99
77665,2469,698.0,1230.0,0.00,0.00,0.00,0,15.15
77666,2469,698.0,1230.0,0.00,0.00,0.00,0,17.24
77667,2469,698.0,1230.0,0.00,0.00,0.00,0,19.49
77790,2470,1157.0,1008.0,0.00,0.00,0.00,0,12.01
77791,2470,1157.0,1008.0,0.00,0.00,0.00,0,14.03
77792,2470,1157.0,1008.0,0.00,0.00,0.00,0,16.09
77794,2470,1157.0,1008.0,0.00,0.00,0.00,0,19.97
77907,2471,1079.0,346.0,0.00,0.00,0.00,0,12.01
77908,2471,1079.0,346.0,0.00,0.00,0.00,0,14.04
77909,2471,1079.0,346.0,0.00,0.00,0.00,0,16.09
77911,2471,1079.0,346.0,0.00,0.00,0.00,0,19.96
77944,2472,781.0,892.0,0.00,0.00,0.00,0,12.01
77945,2472,781.0,892.0,0.00,0.00,0.00,0,7.51
77945,2473,799.0,901.0,0.00,0.00,0.00,0,12.03
77946,2472,785.6,894.3,0.52,0.26,0.58,0,6.32
77948,2472,785.8,894.4,0.52,0.26,0.58,0,10.01
77949,2472,785.8,894.4,0.52,0.26,0.58,0,12.29
77950,2472,785.8,894.4,0.52,0.26,0.58,0,14.64
78037,2474,1197.0,1286.0,0.00,0.00,0.00,0,12.01
78038,2474,1197.0,1286.3,0.00,0.01,0.01,0,7.48
78038,2475,1199.0,1276.0,0.00,0.00,0.00,0,12.01
78039,2474,1197.5,1284.2,0.03,-0.14,0.14,0,6.31
78041,2474,1197.5,1284.1,0.03,-0.14,0.14,0,9.95
78042,2474,1197.5,1284.1,0.03,-0.14,0.14,0,12.13
78043,2474,1197.5,1284.1,0.03,-0.14,0.14,0,14.48
78173,2476,1476.0,1073.0,0.00,0.00,0.00,0,12.01
78174,2476,1476.0,1073.0,0.00,0.00,0.00,0,7.48
78175,2476,1476.0,1073.0,0.00,0.00,0.00,0,9.52
78177,2476,1476.0,1073.0,0.00,0.00,0.00,0,13.35
78178,2476,1476.0,1073.0,0.00,0.00,0.00,0,15.47
78438,2477,948.0,1448.0,0.00,0.00,0.00,0,12.01
78439,2477,947.7,1448.3,-0.01,0.01,0.01,0,7.48
78439,2478,956.0,1445.0,0.00,0.00,0.00,0,12.01
78440,2477,949.3,1447.7,0.10,-0.03,0.11,0,6.31
78440,2478,957.0,1442.7,0.03,-0.06,0.07,0,7.48
78442,2477,949.3,1447.7,0.10,-0.03,0.11,0,10.03
78442,2478,957.0,1442.7,0.03,-0.06,0.07,0,10.92
78443,2477,949.3,1447.7,0.10,-0.03,0.11,0,12.12
78443,2478,957.0,1442.7,0.03,-0.06,0.07,0,12.99
78444,2477,949.3,1447.7,0.10,-0.03,0.11,0,14.54
78444,2478,957.0,1442.7,0.03,-0.06,0.07,0,15.36
78491,2479,777.0,1262.0,0.00,0.00,0.00,0,12.01
78491,2480,769.0,1264.0,0.00,0.00,0.00,0,12.01
78493,2481,818.0,1252.0,0.00,0.00,0.00,0,12.01
78493,2482,797.0,1257.0,0.00,0.00,0.00,0,12.01
78494,2481,817.0,1252.3,-0.02,0.01,0.03,0,7.48
78494,2482,808.1,1253.1,0.28,-0.10,0.29,0,7.48
78495,2481,819.8,1251.2,0.16,-0.07,0.17,0,6.31
78497,2481,819.9,1251.2,0.16,-0.07,0.17,0,9.99
78498,2481,819.9,1251.2,0.16,-0.07,0.17,0,12.13
78499,2481,819.9,1251.2,0.16,-0.07,0.17,0,14.54
78757,2483,989.0,1286.0,0.00,0.00,0.00,0,12.01
78758,2483,989.0,1286.0,0.00,0.00,0.00,0,14.04
78759,2483,989.0,1286.0,0.00,0.00,0.00,0,16.09
78761,2483,989.0,1286.0,0.00,0.00,0.00,0,19.93
78794,2484,861.0,647.0,0.00,0.00,0.00,0,12.01
78796,2486,881.0,644.0,0.00,0.00,0.00,0,12.01
78797,2486,881.0,644.0,0.00,0.00,0.00,0,14.02
78798,2486,881.0,644.0,0.00,0.00,0.00,0,16.04
78800,2486,881.0,644.0,0.00,0.00,0.00,0,19.65
78931,2487,787.0,1404.0,0.00,0.00,0.00,0,12.01
78932,2487,786.7,1404.3,-0.01,0.01,0.01,0,7.47
78932,2488,804.0,1395.0,0.00,0.00,0.00,0,12.01
78933,2487,790.9,1402.2,0.26,-0.13,0.29,0,6.31
78935,2487,790.9,1402.1,0.26,-0.13,0.29,0,9.98
78936,2487,790.9,1402.1,0.26,-0.13,0.29,0,12.12
78937,2487,791.0,1402.1,0.26,-0.13,0.29,0,14.47
78968,2489,951.0,1186.0,0.00,0.00,0.00,0,12.01
78970,2491,932.0,1192.0,0.00,0.00,0.00,0,12.01
78971,2491,930.4,1193.6,-0.04,0.04,0.05,0,7.47
78972,2491,928.7,1195.5,-0.14,0.16,0.22,0,6.31
78974,2491,928.7,1195.6,-0.14,0.16,0.22,0,9.95
78975,2491,928.7,1195.6,-0.14,0.16,0.22,0,12.12
78976,2491,928.7,1195.6,-0.14,0.16,0.22,0,14.47
79553,2492,414.0,725.0,0.00,0.00,0.00,0,12.01
79553,2493,419.0,730.0,0.00,0.00,0.00,0,12.01
79555,2494,427.0,732.0,0.00,0.00,0.00,0,12.01
79556,2494,428.0,732.0,0.02,0.00,0.02,0,7.48
79557,2494,428.0,732.0,0.02,0.00,0.02,0,9.52
79559,2494,428.0,732.0,0.02,0.00,0.02,0,13.30
79560,2494,428.0,732.0,0.02,0.00,0.02,0,15.46
79742,2495,1455.0,1017.0,0.00,0.00,0.00,0,12.01
79744,2497,1440.0,1018.0,0.00,0.00,0.00,0,12.01
79744,2498,1421.0,1023.0,0.00,0.00,0.00,0,12.01
79745,2497,1434.8,1019.3,-0.16,0.04,0.16,0,7.48
79745,2498,1416.4,1024.6,-0.14,0.05,0.15,0,7.48
79746,2497,1428.1,1021.5,-0.61,0.19,0.64,0,6.31
79748,2497,1428.0,1021.6,-0.61,0.19,0.64,0,9.96
79749,2497,1428.0,1021.6,-0.61,0.19,0.64,0,12.08
79750,2497,1427.9,1021.6,-0.61,0.19,0.64,0,14.42
80068,2501,853.0,1322.0,0.00,0.00,0.00,0,12.01
80068,2502,854.0,1334.0,0.00,0.00,0.00,0,12.01
80069,2501,853.0,1320.4,0.00,-0.04,0.04,0,7.47
80069,2502,854.0,1334.0,0.00,0.00,0.00,0,14.04
80070,2501,853.0,1317.4,0.00,-0.23,0.23,0,6.31
80072,2501,853.0,1317.4,0.00,-0.23,0.23,0,9.97
80073,2501,853.0,1317.4,0.00,-0.23,0.23,0,12.13
80074,2501,853.0,1317.4,0.00,-0.23,0.23,0,14.48
80157,2503,994.0,1325.0,0.00,0.00,0.00,0,12.01
80158,2503,994.0,1324.7,0.00,-0.01,0.01,0,7.48
80158,2504,1005.0,1297.0,0.00,0.00,0.00,0,12.01
80159,2503,996.6,1318.1,0.17,-0.45,0.48,0,6.31
80159,2504,1006.0,1295.0,0.03,-0.05,0.06,0,7.47
80159,2505,1023.0,1260.0,0.00,0.00,0.00,0,12.01
80161,2503,996.6,1317.9,0.17,-0.45,0.48,0,9.92
80161,2504,1006.0,1295.0,0.03,-0.05,0.06,0,10.82
80161,2505,1023.0,1260.0,0.00,0.00,0.00,0,15.09
80162,2503,996.6,1317.9,0.17,-0.45,0.48,0,12.14
80162,2504,1006.0,1295.0,0.03,-0.05,0.06,0,13.01
80162,2505,1023.0,1260.0,0.00,0.00,0.00,0,17.25
80163,2503,996.6,1317.9,0.17,-0.45,0.48,0,14.54
80163,2504,1006.0,1295.0,0.03,-0.05,0.06,0,15.35
80163,2505,1023.0,1260.0,0.00,0.00,0.00,0,19.54
80326,2506,791.0,1285.0,0.00,0.00,0.00,0,12.01
80327,2506,790.7,1285.3,-0.01,0.01,0.01,0,7.48
80327,2507,809.0,1256.0,0.00,0.00,0.00,0,12.01
80327,2508,803.0,1266.0,0.00,0.00,0.00,0,12.01
80328,2506,794.1,1280.1,0.22,-0.34,0.41,0,6.31
80330,2506,794.2,1280.0,0.22,-0.34,0.41,0,9.95
80331,2506,794.2,1280.0,0.22,-0.34,0.41,0,12.13
80332,2506,794.2,1280.0,0.22,-0.34,0.41,0,14.53
80380,2510,1327.0,871.0,0.00,0.00,0.00,0,12.01
80381,2510,1326.7,871.0,-0.01,0.00,0.01,0,7.48
80382,2510,1326.7,871.0,-0.01,0.00,0.01,0,9.52
80384,2510,1326.7,871.0,-0.01,0.00,0.01,0,13.32
80385,2510,1326.7,871.0,-0.01,0.00,0.01,0,15.46
80418,2512,1135.0,1108.0,0.00,0.00,0.00,0,12.01
80419,2512,1135.0,1108.0,0.00,0.00,0.00,0,14.04
80420,2512,1134.3,1106.9,-0.03,-0.05,0.06,0,7.87
80422,2512,1134.3,1106.9,-0.03,-0.05,0.06,0,11.49
80423,2512,1134.3,1106.9,-0.03,-0.05,0.06,0,13.67
80424,2512,1134.3,1106.9,-0.03,-0.05,0.06,0,16.06
80762,2513,384.0,842.0,0.00,0.00,0.00,0,12.01
80764,2515,433.0,821.0,0.00,0.00,0.00,0,12.01
80764,2516,407.0,830.0,0.00,0.00,0.00,0,12.01
80765,2515,432.0,821.3,-0.02,0.01,0.02,0,7.48
80765,2516,407.0,830.0,0.00,0.00,0.00,0,14.04
80765,2517,454.0,813.0,0.00,0.00,0.00,0,12.01
80766,2515,437.4,819.4,0.34,-0.12,0.36,0,6.31
80766,2516,407.0,830.0,0.00,0.00,0.00,0,16.09
80768,2515,437.5,819.4,0.34,-0.12,0.36,0,9.98
80768,2516,407.0,830.0,0.00,0.00,0.00,0,19.97
80769,2515,437.5,819.4,0.34,-0.12,0.36,0,12.13
80770,2515,437.5,819.4,0.34,-0.12,0.36,0,14.53
80802,2518,342.0,795.0,0.00,0.00,0.00,0,12.04
80803,2518,342.0,795.0,0.00,0.00,0.00,0,7.49
80803,2519,376.0,791.0,0.00,0.00,0.00,0,12.01
80803,2520,330.0,795.0,0.00,0.00,0.00,0,12.01
80804,2518,350.0,794.2,0.65,-0.06,0.65,0,6.31
80804,2519,387.8,789.7,0.25,-0.03,0.26,0,7.47
80804,2520,330.0,795.0,0.00,0.00,0.00,0,14.03
80806,2518,350.2,794.2,0.65,-0.06,0.65,0,9.99
80806,2519,387.9,789.7,0.25,-0.03,0.26,0,10.84
80806,2520,330.0,795.0,0.00,0.00,0.00,0,17.48
80807,2518,350.2,794.2,0.65,-0.06,0.65,0,12.16
80807,2519,387.9,789.7,0.25,-0.03,0.26,0,12.98
80807,2520,330.0,795.0,0.00,0.00,0.00,0,19.62
80808,2518,350.2,794.2,0.65,-0.06,0.65,0,14.51
80808,2519,387.9,789.7,0.25,-0.03,0.26,0,15.27
80839,2521,435.0,718.0,0.00,0.00,0.00,0,12.01
80840,2521,433.7,718.0,-0.03,0.00,0.03,0,7.48
80841,2521,432.0,718.3,-0.16,0.02,0.16,0,6.30
80843,2521,431.9,718.3,-0.16,0.02,0.16,0,9.93
80844,2521,431.9,718.3,-0.16,0.02,0.16,0,12.11
80845,2521,431.9,718.3,-0.16,0.02,0.16,0,14.51
80876,2522,541.0,921.0,0.00,0.00,0.00,0,12.01
80876,2523,528.0,934.0,0.00,0.00,0.00,0,12.01
81037,2524,615.0,1340.0,0.00,0.00,0.00,0,12.01
81038,2524,618.6,1336.7,0.09,-0.08,0.12,0,7.47
81039,2524,620.3,1335.2,0.20,-0.18,0.26,0,6.31
81041,2524,620.3,1335.2,0.20,-0.18,0.26,0,9.97
81042,2524,620.3,1335.2,0.20,-0.18,0.26,0,12.12
81043,2524,620.3,1335.2,0.20,-0.18,0.26,0,14.47
81148,2526,747.0,1168.0,0.00,0.00,0.00,0,12.01
81149,2526,747.0,1167.7,0.00,-0.01,0.01,0,7.48
81150,2526,747.0,1167.7,0.00,-0.01,0.01,0,9.52
81152,2526,747.0,1167.7,0.00,-0.01,0.01,0,13.29
81153,2526,747.0,1167.7,0.00,-0.01,0.01,0,15.47
81392,2527,467.0,1231.0,0.00,0.00,0.00,0,12.01
81394,2529,484.0,1212.0,0.00,0.00,0.00,0,12.01
81394,2530,477.0,1221.0,0.00,0.00,0.00,0,12.01
81395,2529,484.0,1212.3,0.00,0.01,0.01,0,7.47
81395,2530,480.9,1215.4,0.10,-0.14,0.17,0,7.47
81396,2529,485.0,1210.4,0.07,-0.12,0.13,0,6.31
81398,2529,485.0,1210.4,0.07,-0.12,0.13,0,9.95
81399,2529,485.0,1210.4,0.07,-0.12,0.13,0,12.12
81400,2529,485.1,1210.4,0.07,-0.12,0.13,0,14.47
81435,2531,700.0,841.0,0.00,0.00,0.00,0,12.00
81436,2531,698.4,837.7,-0.03,-0.05,0.06,0,7.47
81437,2531,697.2,835.0,-0.09,-0.22,0.24,0,6.31
81439,2531,697.2,834.9,-0.09,-0.22,0.24,0,9.96
81440,2531,697.2,834.9,-0.09,-0.22,0.24,0,12.12
81441,2531,697.2,834.9,-0.09,-0.22,0.24,0,14.51
81472,2532,982.0,824.0,0.00,0.00,0.00,0,12.01
81473,2532,985.6,824.3,0.09,0.01,0.09,0,7.50
81474,2532,988.5,824.5,0.37,0.02,0.37,0,6.31
81476,2532,988.6,824.5,0.37,0.02,0.37,0,9.91
81477,2532,988.6,824.5,0.37,0.02,0.37,0,12.01
81478,2532,988.7,824.5,0.37,0.02,0.37,0,14.41
81575,2534,751.0,1197.0,0.00,0.00,0.00,0,12.01
81576,2534,751.0,1197.0,0.00,0.00,0.00,0,14.04
81577,2534,751.0,1197.0,0.00,0.00,0.00,0,16.09
81579,2534,751.0,1197.0,0.00,0.00,0.00,0,19.97
82085,2535,788.0,1090.0,0.00,0.00,0.00,0,12.01
82086,2535,793.6,1086.7,0.13,-0.08,0.16,0,7.47
82087,2535,793.6,1086.7,0.13,-0.08,0.16,0,9.52
82089,2535,793.6,1086.7,0.13,-0.08,0.16,0,13.33
82090,2535,793.6,1086.7,0.13,-0.08,0.16,0,15.46
82123,2538,1159.0,1293.0,0.00,0.00,0.00,0,12.03
82124,2538,1159.0,1293.0,0.00,0.00,0.00,0,14.07
82125,2538,1159.0,1293.0,0.00,0.00,0.00,0,16.10
82127,2538,1159.0,1293.0,0.00,0.00,0.00,0,19.89
82196,2539,1238.0,592.0,0.00,0.00,0.00,0,12.01
82197,2539,1244.9,592.3,0.17,0.01,0.17,0,7.48
82198,2539,1244.9,592.3,0.17,0.01,0.17,0,9.52
82200,2539,1244.9,592.3,0.17,0.01,0.17,0,13.33
82201,2539,1244.9,592.3,0.17,0.01,0.17,0,15.47
82233,2540,584.0,795.0,0.00,0.00,0.00,0,12.01
82234,2540,583.7,794.7,-0.01,-0.01,0.01,0,7.48
82234,2541,590.0,806.0,0.00,0.00,0.00,0,12.01
82235,2540,585.3,797.3,0.11,0.18,0.21,0,6.31
82235,2541,591.6,809.3,0.05,0.09,0.10,0,7.47
82237,2540,585.3,797.4,0.11,0.18,0.21,0,9.98
82237,2541,591.7,809.3,0.05,0.09,0.10,0,10.87
82238,2540,585.3,797.4,0.11,0.18,0.21,0,12.12
82238,2541,591.7,809.3,0.05,0.09,0.10,0,12.99
82239,2540,585.3,797.4,0.11,0.18,0.21,0,14.51
82239,2541,591.7,809.3,0.05,0.09,0.10,0,15.33
82279,2542,1102.0,1205.0,0.00,0.00,0.00,0,12.01
82280,2542,1100.4,1208.3,-0.03,0.07,0.07,0,7.47
82280,2543,1085.0,1226.0,0.00,0.00,0.00,0,12.01
82281,2542,1100.4,1208.3,-0.03,0.07,0.07,0,9.51
82283,2542,1100.4,1208.3,-0.03,0.07,0.07,0,13.26
82284,2542,1100.4,1208.3,-0.03,0.07,0.07,0,15.44
82777,2544,446.0,676.0,0.00,0.00,0.00,0,12.01
82778,2544,446.0,675.7,0.00,-0.01,0.01,0,7.48
82778,2545,447.0,695.0,0.00,0.00,0.00,0,12.01
82779,2544,446.3,680.1,0.02,0.29,0.29,0,6.31
82781,2544,446.3,680.2,0.02,0.29,0.29,0,9.98
82782,2544,446.3,680.2,0.02,0.29,0.29,0,12.13
82783,2544,446.3,680.2,0.02,0.29,0.29,0,14.48
83140,2546,1205.0,1149.0,0.00,0.00,0.00,0,12.01
83141,2546,1205.3,1149.0,0.01,0.00,0.01,0,7.47
83141,2547,1193.0,1128.0,0.00,0.00,0.00,0,12.01
83142,2546,1202.4,1144.4,-0.18,-0.30,0.35,0,6.31
83144,2546,1202.4,1144.3,-0.18,-0.30,0.35,0,10.01
83145,2546,1202.4,1144.3,-0.18,-0.30,0.35,0,12.12
83146,2546,1202.4,1144.3,-0.18,-0.30,0.35,0,14.47
83419,2548,525.0,1026.0,0.00,0.00,0.00,0,12.01
83420,2548,525.0,1026.0,0.00,0.00,0.00,0,7.48
83420,2549,521.0,1016.0,0.00,0.00,0.00,0,12.01
83421,2548,524.0,1023.7,-0.07,-0.16,0.17,0,6.31
83423,2548,524.0,1023.6,-0.07,-0.16,0.17,0,9.99
83424,2548,524.0,1023.6,-0.07,-0.16,0.17,0,12.13
83425,2548,523.9,1023.6,-0.07,-0.16,0.17,0,14.47
83544,2550,386.0,1062.0,0.00,0.00,0.00,0,12.01
83545,2550,386.0,1061.7,0.00,-0.01,0.01,0,7.47
83545,2551,400.0,1068.0,0.00,0.00,0.00,0,12.01
83546,2550,389.6,1063.3,0.23,0.10,0.25,0,6.31
83546,2551,404.9,1070.9,0.12,0.07,0.14,0,7.47
83548,2550,389.7,1063.3,0.23,0.10,0.25,0,9.96
83548,2551,404.9,1071.0,0.12,0.07,0.14,0,10.86
83549,2550,389.7,1063.3,0.23,0.10,0.25,0,12.13
83549,2551,405.0,1071.0,0.12,0.07,0.14,0,13.00
83550,2550,389.7,1063.3,0.23,0.10,0.25,0,14.52
83550,2551,405.0,1071.0,0.12,0.07,0.14,0,15.34
83691,2552,862.0,1116.0,0.00,0.00,0.00,0,12.01
83692,2552,867.2,1117.3,0.14,0.03,0.14,0,7.48
83693,2552,871.0,1118.5,0.39,0.11,0.41,0,6.31
83695,2552,871.2,1118.5,0.39,0.11,0.41,0,9.96
83696,2552,871.2,1118.6,0.39,0.11,0.41,0,12.12
83697,2552,871.2,1118.6,0.39,0.11,0.41,0,14.47
84069,2553,515.0,1264.0,0.00,0.00,0.00,0,12.01
84070,2553,520.9,1260.7,0.14,-0.08,0.16,0,7.48
84071,2553,523.8,1259.3,0.33,-0.18,0.38,0,6.31
84071,2554,453.0,954.0,0.00,0.00,0.00,0,12.01
84073,2553,523.8,1259.2,0.33,-0.18,0.38,0,9.93
84073,2554,453.0,954.0,0.00,0.00,0.00,0,15.10
84074,2553,523.9,1259.2,0.33,-0.18,0.38,0,12.12
84074,2554,453.0,954.0,0.00,0.00,0.00,0,17.24
84075,2553,523.9,1259.2,0.33,-0.18,0.38,0,14.47
84075,2554,453.0,954.0,0.00,0.00,0.00,0,19.48
84110,2555,1466.0,1184.0,0.00,0.00,0.00,0,12.01
84112,2557,1460.0,1186.0,0.00,0.00,0.00,0,12.01
84112,2558,1452.0,1195.0,0.00,0.00,0.00,0,12.01
84113,2557,1458.0,1187.6,-0.05,0.04,0.06,0,7.47
84113,2558,1451.0,1196.6,-0.02,0.04,0.05,0,7.47
84114,2557,1456.2,1189.8,-0.17,0.18,0.25,0,6.30
84116,2557,1456.2,1189.8,-0.17,0.18,0.25,0,9.96
84117,2557,1456.2,1189.8,-0.17,0.18,0.25,0,12.13
84118,2557,1456.2,1189.8,-0.17,0.18,0.25,0,14.52
84349,2559,581.0,525.0,0.00,0.00,0.00,0,12.01
84350,2559,579.0,524.3,-0.05,-0.02,0.05,0,7.48
84351,2559,576.2,523.0,-0.24,-0.11,0.26,0,6.31
84353,2559,576.1,522.9,-0.24,-0.11,0.26,0,9.99
84354,2559,576.1,522.9,-0.24,-0.11,0.26,0,12.12
84355,2559,576.1,522.9,-0.24,-0.11,0.26,0,14.47
84441,2560,1405.0,985.0,0.00,0.00,0.00,0,12.01
84442,2560,1404.7,985.0,-0.01,0.00,0.01,0,7.47
84443,2560,1404.7,985.0,-0.01,0.00,0.01,0,9.51
84445,2560,1404.7,985.0,-0.01,0.00,0.01,0,13.27
84446,2560,1404.7,985.0,-0.01,0.00,0.01,0,15.44
84739,2561,379.0,436.0,0.00,0.00,0.00,0,12.01
84740,2561,379.0,436.0,0.00,0.00,0.00,0,14.04
84741,2561,386.4,436.7,0.35,0.03,0.35,0,7.87
84743,2561,386.5,436.7,0.35,0.03,0.35,0,11.55
84744,2561,386.5,436.7,0.35,0.03,0.35,0,13.68
84745,2561,386.5,436.7,0.35,0.03,0.35,0,16.08
84883,2562,505.0,1206.0,0.00,0.00,0.00,0,12.01
84884,2562,506.0,1205.3,0.02,-0.02,0.03,0,7.48
84884,2563,523.0,1191.0,0.00,0.00,0.00,0,12.01
84885,2562,510.4,1201.9,0.32,-0.25,0.40,0,6.31
84887,2562,510.4,1201.8,0.32,-0.25,0.40,0,9.97
84888,2562,510.5,1201.8,0.32,-0.25,0.40,0,12.12
84889,2562,510.5,1201.8,0.32,-0.25,0.40,0,14.47
84920,2564,949.0,828.0,0.00,0.00,0.00,0,12.01
84920,2565,977.0,833.0,0.00,0.00,0.00,0,12.01
84922,2567,997.0,838.0,0.00,0.00,0.00,0,12.01
84922,2568,1025.0,841.0,0.00,0.00,0.00,0,12.01
84922,2569,781.0,1253.0,0.00,0.00,0.00,0,12.01
84922,2570,779.0,1263.0,0.00,0.00,0.00,0,12.01
84923,2567,1005.8,838.7,0.21,0.02,0.21,0,7.47
84923,2568,1035.2,840.7,0.24,-0.01,0.24,0,7.47
84923,2569,780.7,1254.3,-0.01,0.03,0.03,0,7.47
84923,2570,779.0,1263.0,0.00,0.00,0.00,0,14.03
84923,2571,795.0,1216.0,0.00,0.00,0.00,0,12.01
84924,2568,1040.3,840.5,0.55,-0.02,0.55,0,6.31
84924,2569,784.4,1245.0,0.22,-0.53,0.58,0,6.31
84924,2567,1005.9,838.7,0.21,0.02,0.21,0,9.51
84926,2568,1040.4,840.5,0.55,-0.02,0.55,0,9.97
84926,2569,784.4,1244.8,0.22,-0.53,0.58,0,9.97
84926,2567,1005.9,838.7,0.21,0.02,0.21,0,13.28
84927,2568,1040.4,840.5,0.55,-0.02,0.55,0,12.13
84927,2569,784.4,1244.8,0.22,-0.53,0.58,0,12.13
84927,2567,1005.9,838.7,0.21,0.02,0.21,0,15.46
84928,2568,1040.4,840.5,0.55,-0.02,0.55,0,14.47
84928,2569,784.4,1244.8,0.22,-0.53,0.58,0,14.47
84959,2573,1080.0,1030.0,0.00,0.00,0.00,0,12.01
84960,2573,1079.0,1030.0,-0.02,0.00,0.02,0,7.50
84961,2573,1079.0,1030.0,-0.02,0.00,0.02,0,9.54
84963,2573,1079.0,1030.0,-0.02,0.00,0.02,0,13.33
84964,2573,1079.0,1030.0,-0.02,0.00,0.02,0,15.42
85315,2576,792.0,675.0,0.00,0.00,0.00,0,12.01
85315,2577,789.0,687.0,0.00,0.00,0.00,0,12.01
85316,2576,791.0,678.6,-0.02,0.09,0.09,0,7.47
85316,2577,789.0,687.0,0.00,0.00,0.00,0,14.04
85317,2576,792.6,683.6,0.08,0.42,0.42,0,6.31
85319,2576,792.6,683.7,0.08,0.42,0.42,0,9.97
85320,2576,792.6,683.7,0.08,0.42,0.42,0,12.12
85321,2576,792.6,683.7,0.08,0.42,0.42,0,14.46
85408,2578,436.0,1067.0,0.00,0.00,0.00,0,12.01
85409,2578,436.0,1066.7,0.00,-0.01,0.01,0,7.47
85409,2579,450.0,1039.0,0.00,0.00,0.00,0,12.01
85410,2578,439.3,1059.6,0.22,-0.47,0.52,0,6.31
85412,2578,439.4,1059.4,0.22,-0.47,0.52,0,9.95
85413,2578,439.4,1059.4,0.22,-0.47,0.52,0,12.13
85414,2578,439.4,1059.4,0.22,-0.47,0.52,0,14.47
85783,2582,426.0,1076.0,0.00,0.00,0.00,0,12.01
85783,2583,405.0,1081.0,0.00,0.00,0.00,0,12.01
85784,2582,426.0,1076.0,0.00,0.00,0.00,0,7.47
85784,2583,405.0,1081.0,0.00,0.00,0.00,0,14.04
85784,2584,445.0,1070.0,0.00,0.00,0.00,0,12.01
85785,2582,430.6,1074.5,0.30,-0.10,0.32,0,6.31
85785,2583,405.0,1081.0,0.00,0.00,0.00,0,16.09
85787,2582,430.7,1074.4,0.30,-0.10,0.32,0,9.99
85787,2583,405.0,1081.0,0.00,0.00,0.00,0,19.98
85788,2582,430.7,1074.4,0.30,-0.10,0.32,0,12.12
85789,2582,430.7,1074.4,0.30,-0.10,0.32,0,14.47
85917,2585,525.0,1156.0,0.00,0.00,0.00,0,12.01
85918,2585,525.3,1155.7,0.01,-0.01,0.01,0,7.47
85918,2586,525.0,1137.0,0.00,0.00,0.00,0,12.01
85919,2585,525.2,1151.4,0.00,-0.29,0.29,0,6.31
85919,2586,525.3,1132.4,0.01,-0.11,0.11,0,7.48
85921,2585,525.2,1151.3,0.00,-0.29,0.29,0,9.97
85921,2586,525.3,1132.4,0.01,-0.11,0.11,0,10.86
85922,2585,525.2,1151.3,0.00,-0.29,0.29,0,12.13
85922,2586,525.3,1132.4,0.01,-0.11,0.11,0,13.00
85923,2585,525.2,1151.3,0.00,-0.29,0.29,0,14.47
85923,2586,525.3,1132.4,0.01,-0.11,0.11,0,15.29
85954,2587,884.0,371.0,0.00,0.00,0.00,0,12.01
85954,2588,860.0,379.0,0.00,0.00,0.00,0,12.01
85955,2587,884.0,370.7,0.00,-0.01,0.01,0,7.52
85955,2588,860.0,379.0,0.00,0.00,0.00,0,14.09
85955,2589,926.0,358.0,0.00,0.00,0.00,0,12.04
85956,2587,884.0,370.7,0.00,-0.01,0.01,0,9.57
85956,2588,860.0,379.0,0.00,0.00,0.00,0,16.15
85958,2587,884.0,370.7,0.00,-0.01,0.01,0,13.51
85958,2588,860.0,379.0,0.00,0.00,0.00,0,20.18
85959,2587,884.0,370.7,0.00,-0.01,0.01,0,15.73
86043,2590,311.0,654.0,0.00,0.00,0.00,0,12.01
86044,2590,311.0,654.0,0.00,0.00,0.00,0,14.04
86045,2590,311.0,654.0,0.00,0.00,0.00,0,16.09
86047,2590,311.0,654.0,0.00,0.00,0.00,0,19.95
86174,2591,893.0,796.0,0.00,0.00,0.00,0,12.01
86175,2591,891.7,796.7,-0.03,0.02,0.04,0,7.47
86176,2591,889.5,798.0,-0.18,0.11,0.21,0,6.31
86178,2591,889.4,798.1,-0.18,0.11,0.21,0,9.95
86179,2591,889.4,798.1,-0.18,0.11,0.21,0,12.12
86180,2591,889.4,798.1,-0.18,0.11,0.21,0,14.46
86212,2594,874.0,954.0,0.00,0.00,0.00,0,12.02
86212,2595,889.0,962.0,0.00,0.00,0.00,0,12.02
86213,2594,878.6,956.6,0.18,0.10,0.21,0,7.48
86213,2595,889.0,962.0,0.00,0.00,0.00,0,14.06
86214,2595,900.2,967.3,0.63,0.29,0.69,0,7.86
86214,2594,878.6,956.6,0.18,0.10,0.21,0,9.50
86216,2595,900.4,967.3,0.63,0.29,0.69,0,11.37
86216,2594,878.6,956.7,0.18,0.10,0.21,0,13.12
86217,2595,900.4,967.4,0.63,0.29,0.69,0,13.60
86217,2594,878.6,956.7,0.18,0.10,0.21,0,15.35
86218,2595,900.4,967.4,0.63,0.29,0.69,0,15.93
86257,2596,399.0,1056.0,0.00,0.00,0.00,0,12.01
86257,2597,391.0,1071.0,0.00,0.00,0.00,0,12.01
86258,2596,399.0,1055.7,0.00,-0.01,0.01,0,7.47
86258,2597,396.6,1061.2,0.14,-0.25,0.29,0,7.47
86259,2596,401.1,1052.4,0.13,-0.22,0.26,0,6.30
86261,2596,401.1,1052.4,0.13,-0.22,0.26,0,9.98
86262,2596,401.1,1052.3,0.13,-0.22,0.26,0,12.13
86263,2596,401.1,1052.3,0.13,-0.22,0.26,0,14.48
86394,2599,411.0,1134.0,0.00,0.00,0.00,0,12.01
86395,2599,414.3,1128.1,0.08,-0.14,0.16,0,7.48
86396,2599,415.2,1126.3,0.14,-0.26,0.30,0,6.31
86396,2600,433.0,1100.0,0.00,0.00,0.00,0,12.01
86396,2601,422.0,1115.0,0.00,0.00,0.00,0,12.01
86398,2599,415.3,1126.2,0.14,-0.26,0.30,0,9.95
86398,2600,433.0,1100.0,0.00,0.00,0.00,0,15.11
86398,2601,422.0,1115.0,0.00,0.00,0.00,0,15.11
86399,2599,415.3,1126.2,0.14,-0.26,0.30,0,12.13
86399,2600,433.0,1100.0,0.00,0.00,0.00,0,17.24
86399,2601,422.0,1115.0,0.00,0.00,0.00,0,17.24
86400,2599,415.3,1126.2,0.14,-0.26,0.30,0,14.53
86400,2600,433.0,1100.0,0.00,0.00,0.00,0,19.53
86400,2601,422.0,1115.0,0.00,0.00,0.00,0,19.53
86495,2602,992.0,1109.0,0.00,0.00,0.00,0,12.01
86496,2602,992.3,1108.7,0.01,-0.01,0.01,0,7.47
86497,2602,992.0,1110.3,-0.01,0.10,0.10,0,6.31
86499,2602,992.0,1110.3,-0.01,0.10,0.10,0,9.95
86500,2602,992.0,1110.3,-0.01,0.10,0.10,0,12.14
86501,2602,992.0,1110.3,-0.01,0.10,0.10,0,14.48
86623,2603,528.0,417.0,0.00,0.00,0.00,0,12.01
86623,2604,538.0,425.0,0.00,0.00,0.00,0,12.01
86624,2603,528.3,417.3,0.01,0.01,0.01,0,7.47
86624,2604,531.8,422.4,-0.16,-0.07,0.18,0,7.47
86625,2603,525.4,417.2,-0.18,0.00,0.18,0,6.31
86627,2603,525.4,417.2,-0.18,0.00,0.18,0,10.01
86628,2603,525.4,417.2,-0.18,0.00,0.18,0,12.13
86629,2603,525.4,417.2,-0.18,0.00,0.18,0,14.48
86699,2605,352.0,1077.0,0.00,0.00,0.00,0,12.01
86700,2605,355.6,1078.0,0.09,0.02,0.09,0,7.48
86701,2605,357.3,1078.5,0.20,0.06,0.20,0,6.31
86701,2606,375.0,1084.0,0.00,0.00,0.00,0,12.01
86703,2605,357.3,1078.5,0.20,0.06,0.20,0,9.97
86703,2606,375.0,1084.0,0.00,0.00,0.00,0,15.13
86704,2605,357.3,1078.5,0.20,0.06,0.20,0,12.12
86704,2606,375.0,1084.0,0.00,0.00,0.00,0,17.24
86705,2605,357.3,1078.5,0.20,0.06,0.20,0,14.52
86705,2606,375.0,1084.0,0.00,0.00,0.00,0,19.52
86760,2607,1059.0,1273.0,0.00,0.00,0.00,0,12.01
86761,2607,1059.0,1273.0,0.00,0.00,0.00,0,14.04
86762,2607,1059.0,1273.0,0.00,0.00,0.00,0,16.09
86764,2607,1059.0,1273.0,0.00,0.00,0.00,0,19.97
86965,2608,1040.0,264.0,0.00,0.00,0.00,0,12.01
86965,2609,1040.0,277.0,0.00,0.00,0.00,0,12.01
86966,2608,1041.6,263.3,0.04,-0.02,0.04,0,7.48
86966,2609,1040.0,277.0,0.00,0.00,0.00,0,14.04
86967,2608,1041.6,263.3,0.04,-0.02,0.04,0,9.52
86969,2608,1041.7,263.3,0.04,-0.02,0.04,0,13.32
86970,2608,1041.7,263.3,0.04,-0.02,0.04,0,15.46
87202,2610,702.0,930.0,0.00,0.00,0.00,0,12.01
87202,2611,700.0,949.0,0.00,0.00,0.00,0,12.01
87203,2610,702.0,930.0,0.00,0.00,0.00,0,7.47
87203,2611,699.0,938.8,-0.02,-0.25,0.25,0,7.47
87204,2610,701.0,927.2,-0.06,-0.18,0.19,0,6.31
87206,2610,701.0,927.1,-0.06,-0.18,0.19,0,10.00
87207,2610,701.0,927.1,-0.06,-0.18,0.19,0,12.13
87208,2610,701.0,927.1,-0.06,-0.18,0.19,0,14.48
87245,2612,1171.0,1230.0,0.00,0.00,0.00,0,12.01
87246,2612,1171.0,1230.0,0.00,0.00,0.00,0,14.04
87247,2612,1171.0,1230.0,0.00,0.00,0.00,0,16.09
87249,2612,1171.0,1230.0,0.00,0.00,0.00,0,19.95
87309,2613,773.0,1192.0,0.00,0.00,0.00,0,12.01
87310,2613,772.3,1191.0,-0.02,-0.03,0.03,0,7.47
87310,2614,778.0,1200.0,0.00,0.00,0.00,0,12.01
87311,2613,774.1,1193.8,0.10,0.16,0.19,0,6.31
87311,2614,780.0,1204.3,0.05,0.10,0.11,0,7.47
87313,2613,774.1,1193.9,0.10,0.16,0.19,0,9.97
87313,2614,780.0,1204.3,0.05,0.10,0.11,0,10.86
87314,2613,774.1,1193.9,0.10,0.16,0.19,0,12.13
87314,2614,780.0,1204.3,0.05,0.10,0.11,0,13.00
87315,2613,774.1,1193.9,0.10,0.16,0.19,0,14.47
87315,2614,780.0,1204.3,0.05,0.10,0.11,0,15.29
87346,2615,858.0,1157.0,0.00,0.00,0.00,0,12.01
87347,2615,858.0,1156.7,0.00,-0.01,0.01,0,7.48
87348,2615,858.0,1156.7,0.00,-0.01,0.01,0,9.52
87350,2615,858.0,1156.7,0.00,-0.01,0.01,0,13.34
87351,2615,858.0,1156.7,0.00,-0.01,0.01,0,15.45
87383,2616,1094.0,689.0,0.00,0.00,0.00,0,12.01
87383,2617,1090.0,700.0,0.00,0.00,0.00,0,12.01
87385,2618,1102.0,669.0,0.00,0.00,0.00,0,12.01
87385,2619,1098.0,680.0,0.00,0.00,0.00,0,12.01
87386,2618,1102.0,669.3,0.00,0.01,0.01,0,7.47
87386,2619,1101.6,673.4,0.08,-0.15,0.17,0,7.47
87387,2618,1103.5,666.9,0.10,-0.15,0.18,0,6.30
87389,2618,1103.6,666.9,0.10,-0.15,0.18,0,9.98
87390,2618,1103.6,666.9,0.10,-0.15,0.18,0,12.13
87391,2618,1103.6,666.9,0.10,-0.15,0.18,0,14.46
87435,2620,582.0,1290.0,0.00,0.00,0.00,0,12.01
87436,2620,581.7,1290.7,-0.01,0.02,0.02,0,7.48
87436,2621,598.0,1279.0,0.00,0.00,0.00,0,12.01
87437,2620,585.1,1288.2,0.22,-0.15,0.27,0,6.31
87437,2621,603.2,1276.4,0.13,-0.07,0.15,0,7.47
87439,2620,585.2,1288.1,0.22,-0.15,0.27,0,9.97
87439,2621,603.3,1276.4,0.13,-0.07,0.15,0,10.86
87440,2620,585.2,1288.1,0.22,-0.15,0.27,0,12.13
87440,2621,603.3,1276.4,0.13,-0.07,0.15,0,13.00
87441,2620,585.2,1288.1,0.22,-0.15,0.27,0,14.48
87441,2621,603.3,1276.4,0.13,-0.07,0.15,0,15.30
87473,2622,820.0,486.0,0.00,0.00,0.00,0,12.04
87474,2622,822.3,487.3,0.11,0.07,0.13,0,7.48
87475,2622,825.0,489.0,0.32,0.19,0.37,0,6.29
87477,2622,825.1,489.1,0.32,0.19,0.37,0,9.84
87478,2622,825.1,489.1,0.32,0.19,0.37,0,11.90
87479,2622,825.1,489.1,0.32,0.19,0.37,0,14.24
87511,2625,682.0,1042.0,0.00,0.00,0.00,0,12.03
87511,2626,678.0,1054.0,0.00,0.00,0.00,0,12.03
87512,2625,680.7,1045.3,-0.06,0.16,0.17,0,7.48
87512,2626,677.0,1056.6,-0.05,0.12,0.13,0,7.48
87513,2625,680.7,1045.3,-0.06,0.16,0.17,0,9.50
87515,2625,680.7,1045.3,-0.06,0.16,0.17,0,13.12
87516,2625,680.7,1045.3,-0.06,0.16,0.17,0,15.29
87871,2627,383.0,533.0,0.00,0.00,0.00,0,12.01
87872,2627,383.0,533.0,0.00,0.00,0.00,0,14.04
87873,2627,383.0,533.0,0.00,0.00,0.00,0,16.09
87875,2627,383.0,533.0,0.00,0.00,0.00,0,19.99
88104,2628,778.0,1310.0,0.00,0.00,0.00,0,12.01
88105,2628,777.3,1310.3,-0.02,0.01,0.02,0,7.47
88105,2629,801.0,1299.0,0.00,0.00,0.00,0,12.01
88106,2628,783.7,1307.2,0.38,-0.19,0.43,0,6.31
88106,2629,801.0,1299.0,0.00,0.00,0.00,0,14.04
88108,2628,783.8,1307.1,0.38,-0.19,0.43,0,10.01
88108,2629,801.0,1299.0,0.00,0.00,0.00,0,17.55
88109,2628,783.8,1307.1,0.38,-0.19,0.43,0,12.13
88109,2629,801.0,1299.0,0.00,0.00,0.00,0,19.66
88110,2628,783.8,1307.1,0.38,-0.19,0.43,0,14.54
88141,2630,997.0,1232.0,0.00,0.00,0.00,0,12.01
88141,2631,967.0,1247.0,0.00,0.00,0.00,0,12.01
88142,2630,996.7,1232.3,-0.01,0.01,0.01,0,7.52
88142,2631,967.0,1247.0,0.00,0.00,0.00,0,14.09
88142,2632,1024.0,1215.0,0.00,0.00,0.00,0,12.04
88143,2630,1003.5,1228.1,0.79,-0.49,0.93,0,6.32
88143,2631,967.0,1247.0,0.00,0.00,0.00,0,16.15
88145,2630,1003.7,1228.0,0.79,-0.49,0.93,0,10.02
88145,2631,967.0,1247.0,0.00,0.00,0.00,0,20.15
88146,2630,1003.7,1228.0,0.79,-0.49,0.93,0,12.26
88147,2630,1003.7,1227.9,0.79,-0.49,0.93,0,14.68
88214,2633,1541.0,741.0,0.00,0.00,0.00,0,12.01
88216,2635,1541.0,710.0,0.00,0.00,0.00,0,12.01
88216,2636,1541.0,725.0,0.00,0.00,0.00,0,12.01
88217,2635,1541.0,710.0,0.00,0.00,0.00,0,7.48
88217,2636,1540.7,716.2,-0.01,-0.22,0.22,0,7.48
88218,2635,1540.7,706.9,-0.02,-0.21,0.21,0,6.31
88220,2635,1540.7,706.9,-0.02,-0.21,0.21,0,9.98
88221,2635,1540.7,706.9,-0.02,-0.21,0.21,0,12.12
88222,2635,1540.7,706.8,-0.02,-0.21,0.21,0,14.47
88253,2637,853.0,669.0,0.00,0.00,0.00,0,12.01
88253,2638,1530.0,691.0,0.00,0.00,0.00,0,12.01
88253,2639,843.0,690.0,0.00,0.00,0.00,0,12.01
88253,2640,1525.0,708.0,0.00,0.00,0.00,0,12.01
88255,2642,882.0,641.0,0.00,0.00,0.00,0,12.01
88255,2643,864.0,656.0,0.00,0.00,0.00,0,12.01
88255,2644,1534.0,671.0,0.00,0.00,0.00,0,12.01
88255,2645,1532.0,684.0,0.00,0.00,0.00,0,12.01
88256,2642,881.7,641.3,-0.01,0.01,0.01,0,7.47
88256,2643,864.0,656.0,0.00,0.00,0.00,0,14.03
88256,2644,1534.0,672.6,0.00,0.04,0.04,0,7.47
88256,2645,1532.3,677.8,0.01,-0.14,0.14,0,7.47
88257,2644,1534.3,672.0,0.02,-0.01,0.02,0,6.31
88257,2642,881.7,641.3,-0.01,0.01,0.01,0,9.52
88257,2643,864.0,656.0,0.00,0.00,0.00,0,16.08
88259,2644,1534.3,672.0,0.02,-0.01,0.02,0,9.98
88259,2642,881.7,641.3,-0.01,0.01,0.01,0,13.30
88259,2643,864.0,656.0,0.00,0.00,0.00,0,19.95
88260,2644,1534.3,672.0,0.02,-0.01,0.02,0,12.13
88260,2642,881.7,641.3,-0.01,0.01,0.01,0,15.46
88261,2644,1534.3,672.0,0.02,-0.01,0.02,0,14.48
88306,2646,1091.0,1099.0,0.00,0.00,0.00,0,12.01
88307,2646,1091.0,1102.3,0.00,0.08,0.08,0,7.48
88307,2647,1089.0,1124.0,0.00,0.00,0.00,0,12.01
88308,2646,1090.5,1107.9,-0.03,0.45,0.45,0,6.31
88310,2646,1090.5,1108.0,-0.03,0.45,0.45,0,10.01
88311,2646,1090.5,1108.0,-0.03,0.45,0.45,0,12.13
88312,2646,1090.5,1108.0,-0.03,0.45,0.45,0,14.49
88409,2648,1533.0,868.0,0.00,0.00,0.00,0,12.01
88409,2649,1539.0,872.0,0.00,0.00,0.00,0,12.01
88411,2650,1530.0,860.0,0.00,0.00,0.00,0,12.01
88412,2650,1529.7,858.0,-0.01,-0.05,0.05,0,7.47
88413,2650,1529.2,856.2,-0.04,-0.17,0.17,0,6.31
88415,2650,1529.2,856.2,-0.04,-0.17,0.17,0,9.94
88416,2650,1529.2,856.2,-0.04,-0.17,0.17,0,12.12
88417,2650,1529.2,856.2,-0.04,-0.17,0.17,0,14.46
88459,2652,1129.0,1283.0,0.00,0.00,0.00,0,12.01
88460,2652,1126.7,1281.0,-0.06,-0.05,0.08,0,7.47
88461,2652,1125.5,1280.0,-0.13,-0.12,0.18,0,6.31
88463,2652,1125.5,1280.0,-0.13,-0.12,0.18,0,10.02
88464,2652,1125.5,1280.0,-0.13,-0.12,0.18,0,12.12
88465,2652,1125.5,1280.0,-0.13,-0.12,0.18,0,14.47
88496,2653,1032.0,692.0,0.00,0.00,0.00,0,12.01
88497,2653,1032.0,692.0,0.00,0.00,0.00,0,14.04
88498,2653,1032.0,692.0,0.00,0.00,0.00,0,16.09
88498,2654,1059.0,627.0,0.00,0.00,0.00,0,12.01
88498,2655,1050.0,650.0,0.00,0.00,0.00,0,12.01
88500,2653,1032.0,692.0,0.00,0.00,0.00,0,19.97
88500,2654,1059.0,627.0,0.00,0.00,0.00,0,15.11
88500,2655,1050.0,650.0,0.00,0.00,0.00,0,15.11
88501,2654,1059.0,627.0,0.00,0.00,0.00,0,17.22
88501,2655,1050.0,650.0,0.00,0.00,0.00,0,17.22
88502,2654,1059.0,627.0,0.00,0.00,0.00,0,19.47
88502,2655,1050.0,650.0,0.00,0.00,0.00,0,19.47
88560,2656,939.0,680.0,0.00,0.00,0.00,0,12.01
88561,2656,939.0,680.0,0.00,0.00,0.00,0,14.04
88562,2656,939.0,680.0,0.00,0.00,0.00,0,16.09
88564,2656,939.0,680.0,0.00,0.00,0.00,0,19.93
88633,2657,317.0,997.0,0.00,0.00,0.00,0,12.01
88634,2657,317.0,997.0,0.00,0.00,0.00,0,7.47
88634,2658,324.0,987.0,0.00,0.00,0.00,0,12.01
88635,2657,318.5,994.9,0.10,-0.13,0.17,0,6.31
88637,2657,318.6,994.9,0.10,-0.13,0.17,0,9.96
88638,2657,318.6,994.9,0.10,-0.13,0.17,0,12.13
88639,2657,318.6,994.9,0.10,-0.13,0.17,0,14.48
88670,2659,932.0,1270.0,0.00,0.00,0.00,0,12.01
88671,2659,934.6,1270.0,0.07,0.00,0.07,0,7.48
88672,2659,938.1,1270.5,0.31,0.04,0.31,0,6.31
88674,2659,938.2,1270.5,0.31,0.04,0.31,0,10.01
88675,2659,938.2,1270.5,0.31,0.04,0.31,0,12.10
88676,2659,938.2,1270.5,0.31,0.04,0.31,0,14.46
88708,2662,827.0,1237.0,0.00,0.00,0.00,0,12.01
88708,2663,847.0,1244.0,0.00,0.00,0.00,0,12.01
88709,2662,827.0,1237.0,0.00,0.00,0.00,0,14.04
88709,2663,854.5,1247.3,0.20,0.09,0.22,0,7.47
88710,2663,858.8,1249.0,0.46,0.19,0.50,0,6.31
88710,2662,827.0,1237.0,0.00,0.00,0.00,0,16.09
88712,2663,858.9,1249.1,0.46,0.19,0.50,0,9.96
88712,2662,827.0,1237.0,0.00,0.00,0.00,0,19.96
88713,2663,858.9,1249.1,0.46,0.19,0.50,0,12.14
88714,2663,858.9,1249.1,0.46,0.19,0.50,0,14.54
88823,2665,763.0,852.0,0.00,0.00,0.00,0,12.01
88825,2667,797.0,815.0,0.00,0.00,0.00,0,12.01
88825,2668,778.0,838.0,0.00,0.00,0.00,0,12.01
88826,2667,796.3,815.7,-0.02,0.02,0.02,0,7.48
88826,2668,778.0,838.0,0.00,0.00,0.00,0,14.04
88826,2669,812.0,795.0,0.00,0.00,0.00,0,12.01
88827,2667,800.1,810.6,0.24,-0.32,0.40,0,6.31
88827,2668,778.0,838.0,0.00,0.00,0.00,0,16.09
88829,2667,800.2,810.5,0.24,-0.32,0.40,0,9.96
88829,2668,778.0,838.0,0.00,0.00,0.00,0,19.95
88830,2667,800.2,810.5,0.24,-0.32,0.40,0,12.12
88831,2667,800.2,810.5,0.24,-0.32,0.40,0,14.47
88985,2670,438.0,578.0,0.00,0.00,0.00,0,12.01
88987,2673,460.0,592.0,0.00,0.00,0.00,0,12.01
88988,2673,460.0,592.0,0.00,0.00,0.00,0,14.03
88988,2674,520.0,631.0,0.00,0.00,0.00,0,12.01
88989,2673,460.0,592.0,0.00,0.00,0.00,0,16.09
88991,2673,460.0,592.0,0.00,0.00,0.00,0,19.98
89366,2675,1132.0,277.0,0.00,0.00,0.00,0,12.01
89368,2677,1111.0,289.0,0.00,0.00,0.00,0,12.01
89368,2678,1096.0,303.0,0.00,0.00,0.00,0,12.01
89369,2677,1106.4,292.9,-0.11,0.10,0.15,0,7.48
89369,2678,1091.7,307.9,-0.11,0.12,0.16,0,7.48
89370,2677,1100.6,299.4,-0.49,0.52,0.72,0,6.30
89370,2678,1087.4,315.7,-0.39,0.63,0.74,0,6.30
89372,2677,1100.5,299.5,-0.49,0.52,0.72,0,9.92
89372,2678,1087.3,315.8,-0.39,0.63,0.74,0,9.92
89373,2677,1100.5,299.5,-0.49,0.52,0.72,0,12.13
89373,2678,1087.3,315.8,-0.39,0.63,0.74,0,12.13
89374,2677,1100.5,299.6,-0.49,0.52,0.72,0,14.48
89374,2678,1087.3,315.9,-0.39,0.63,0.74,0,14.48
89626,2679,928.0,923.0,0.00,0.00,0.00,0,12.01
89627,2679,927.3,923.3,-0.02,0.01,0.02,0,7.48
89627,2680,944.0,915.0,0.00,0.00,0.00,0,12.01
89628,2679,931.6,921.4,0.27,-0.12,0.29,0,6.31
89630,2679,931.7,921.4,0.27,-0.12,0.29,0,9.98
89631,2679,931.7,921.4,0.27,-0.12,0.29,0,12.12
89632,2679,931.7,921.4,0.27,-0.12,0.29,0,14.47
89663,2681,606.0,1007.0,0.00,0.00,0.00,0,12.01
89664,2681,606.7,1006.0,0.02,-0.02,0.03,0,7.52
89665,2681,608.0,1005.0,0.18,-0.15,0.23,0,6.33
89667,2681,608.1,1004.9,0.18,-0.15,0.23,0,10.13
89668,2681,608.1,1004.9,0.18,-0.15,0.23,0,12.25
89669,2681,608.1,1004.9,0.18,-0.15,0.23,0,14.66
89755,2682,848.0,900.0,0.00,0.00,0.00,0,12.01
89756,2682,843.4,908.8,-0.12,0.23,0.26,0,7.47
89757,2682,840.7,912.7,-0.29,0.48,0.57,0,6.31
89759,2682,840.6,912.9,-0.29,0.48,0.57,0,9.97
89760,2682,840.6,912.9,-0.29,0.48,0.57,0,12.13
89761,2682,840.6,912.9,-0.29,0.48,0.57,0,14.47
89794,2685,463.0,1155.0,0.00,0.00,0.00,0,12.01
89795,2685,463.0,1155.0,0.00,0.00,0.00,0,14.03
89796,2685,463.0,1155.0,0.00,0.00,0.00,0,16.08
89798,2685,463.0,1155.0,0.00,0.00,0.00,0,19.90
89867,2686,1030.0,376.0,0.00,0.00,0.00,0,12.01
89868,2686,1030.0,376.0,0.00,0.00,0.00,0,14.04
89869,2686,1030.0,376.0,0.00,0.00,0.00,0,16.09
89871,2686,1030.0,376.0,0.00,0.00,0.00,0,19.96
89905,2689,1241.0,606.0,0.00,0.00,0.00,0,12.01
89906,2689,1241.0,606.0,0.00,0.00,0.00,0,14.04
89907,2689,1241.0,606.0,0.00,0.00,0.00,0,16.09
89909,2689,1241.0,606.0,0.00,0.00,0.00,0,19.94
90184,2691,1232.0,346.0,0.00,0.00,0.00,0,12.01
90185,2691,1232.0,346.0,0.00,0.00,0.00,0,14.04
90186,2691,1232.0,346.0,0.00,0.00,0.00,0,16.09
90188,2691,1232.0,346.0,0.00,0.00,0.00,0,19.96
90290,2692,1255.0,683.0,0.00,0.00,0.00,0,12.01
90292,2694,1239.0,686.0,0.00,0.00,0.00,0,12.01
90293,2694,1239.0,686.0,0.00,0.00,0.00,0,14.04
90294,2694,1239.0,686.0,0.00,0.00,0.00,0,16.09
90296,2694,1239.0,686.0,0.00,0.00,0.00,0,19.98
90334,2695,1223.0,409.0,0.00,0.00,0.00,0,12.01
90335,2695,1223.0,409.0,0.00,0.00,0.00,0,14.04
90336,2695,1223.0,409.0,0.00,0.00,0.00,0,16.09
90338,2695,1223.0,409.0,0.00,0.00,0.00,0,19.97
90541,2696,1194.0,1209.0,0.00,0.00,0.00,0,12.01
90542,2696,1193.7,1209.3,-0.01,0.01,0.01,0,7.47
90542,2697,1100.0,861.0,0.00,0.00,0.00,0,12.01
90542,2698,1198.0,1179.0,0.00,0.00,0.00,0,12.01
90543,2696,1195.0,1201.0,0.08,-0.54,0.54,0,6.31
90545,2696,1195.1,1200.9,0.08,-0.54,0.54,0,10.00
90546,2696,1195.1,1200.9,0.08,-0.54,0.54,0,12.12
90547,2696,1195.1,1200.8,0.08,-0.54,0.54,0,14.47
90603,2699,371.0,662.0,0.00,0.00,0.00,0,12.01
90604,2699,371.0,662.0,0.00,0.00,0.00,0,14.04
90605,2699,371.0,662.0,0.00,0.00,0.00,0,16.09
90607,2699,371.0,662.0,0.00,0.00,0.00,0,19.98
90640,2700,637.0,298.0,0.00,0.00,0.00,0,12.01
90640,2701,633.0,318.0,0.00,0.00,0.00,0,12.01
90641,2700,637.0,298.0,0.00,0.00,0.00,0,7.50
90641,2701,635.3,306.5,0.06,-0.28,0.29,0,7.50
90642,2700,638.0,293.9,0.10,-0.41,0.43,0,6.32
90644,2700,638.1,293.8,0.10,-0.41,0.43,0,9.99
90645,2700,638.1,293.8,0.10,-0.41,0.43,0,12.01
90646,2700,638.1,293.7,0.10,-0.41,0.43,0,14.39
90744,2702,585.0,214.0,0.00,0.00,0.00,0,12.01
90745,2702,583.7,214.3,-0.03,0.01,0.03,0,7.48
90746,2702,583.7,214.3,-0.03,0.01,0.03,0,9.52
90748,2702,583.7,214.3,-0.03,0.01,0.03,0,13.28
90749,2702,583.7,214.3,-0.03,0.01,0.03,0,15.46
91129,2705,530.0,946.0,0.00,0.00,0.00,0,12.01
91129,2706,513.0,977.0,0.00,0.00,0.00,0,12.01
91130,2705,529.7,947.0,-0.01,0.02,0.03,0,7.47
91130,2706,513.0,977.0,0.00,0.00,0.00,0,14.04
91130,2707,547.0,920.0,0.00,0.00,0.00,0,12.01
91131,2705,533.9,940.3,0.27,-0.41,0.49,0,6.31
91131,2706,513.0,977.0,0.00,0.00,0.00,0,16.09
91133,2705,533.9,940.2,0.27,-0.41,0.49,0,9.98
91133,2706,513.0,977.0,0.00,0.00,0.00,0,19.97
91134,2705,534.0,940.2,0.27,-0.41,0.49,0,12.13
91135,2705,534.0,940.2,0.27,-0.41,0.49,0,14.52
91166,2708,1244.0,527.0,0.00,0.00,0.00,0,12.01
91167,2708,1244.0,527.0,0.00,0.00,0.00,0,14.09
91168,2708,1244.0,527.0,0.00,0.00,0.00,0,16.16
91168,2709,1297.0,594.0,0.00,0.00,0.00,0,12.01
91168,2710,1309.0,611.0,0.00,0.00,0.00,0,12.01
91170,2708,1244.0,527.0,0.00,0.00,0.00,0,20.24
91170,2709,1297.0,594.0,0.00,0.00,0.00,0,15.12
91170,2710,1309.0,611.0,0.00,0.00,0.00,0,15.12
91171,2709,1297.0,594.0,0.00,0.00,0.00,0,17.23
91171,2710,1309.0,611.0,0.00,0.00,0.00,0,17.23
91172,2709,1297.0,594.0,0.00,0.00,0.00,0,19.51
91172,2710,1309.0,611.0,0.00,0.00,0.00,0,19.51
91239,2711,729.0,1318.0,0.00,0.00,0.00,0,12.01
91240,2711,729.0,1318.0,0.00,0.00,0.00,0,7.48
91241,2711,729.0,1318.0,0.00,0.00,0.00,0,9.52
91243,2711,729.0,1318.0,0.00,0.00,0.00,0,13.31
91244,2711,729.0,1318.0,0.00,0.00,0.00,0,15.46
91334,2712,609.0,1288.0,0.00,0.00,0.00,0,12.01
91336,2714,616.0,1290.0,0.00,0.00,0.00,0,12.01
91336,2715,622.0,1290.0,0.00,0.00,0.00,0,12.01
91337,2714,617.3,1289.7,0.03,-0.01,0.03,0,7.47
91337,2715,622.0,1290.0,0.00,0.00,0.00,0,14.04
91338,2714,617.2,1289.2,0.03,-0.04,0.05,0,6.31
91340,2714,617.2,1289.2,0.03,-0.04,0.05,0,9.95
91341,2714,617.2,1289.2,0.03,-0.04,0.05,0,12.13
91342,2714,617.2,1289.2,0.03,-0.04,0.05,0,14.53
91427,2716,594.0,1265.0,0.00,0.00,0.00,0,12.01
91429,2718,639.0,1262.0,0.00,0.00,0.00,0,12.01
91429,2719,614.0,1264.0,0.00,0.00,0.00,0,12.01
91430,2718,639.0,1261.7,0.00,-0.01,0.01,0,7.48
91430,2719,614.0,1264.0,0.00,0.00,0.00,0,14.04
91430,2720,661.0,1261.0,0.00,0.00,0.00,0,12.01
91431,2718,644.4,1261.5,0.36,-0.02,0.36,0,6.31
91431,2719,614.0,1264.0,0.00,0.00,0.00,0,16.09
91433,2718,644.5,1261.5,0.36,-0.02,0.36,0,9.95
91433,2719,614.0,1264.0,0.00,0.00,0.00,0,19.94
91434,2718,644.5,1261.5,0.36,-0.02,0.36,0,12.13
91435,2718,644.5,1261.5,0.36,-0.02,0.36,0,14.47
91466,2721,446.0,748.0,0.00,0.00,0.00,0,12.01
91467,2721,446.0,748.0,0.00,0.00,0.00,0,14.06
91468,2721,446.0,748.0,0.00,0.00,0.00,0,16.11
91470,2721,446.0,748.0,0.00,0.00,0.00,0,19.97
91524,2722,882.0,1415.0,0.00,0.00,0.00,0,12.01
91525,2722,882.3,1415.0,0.01,0.00,0.01,0,7.47
91525,2723,872.0,1406.0,0.00,0.00,0.00,0,12.01
91526,2722,879.9,1413.2,-0.15,-0.12,0.19,0,6.31
91526,2723,870.4,1402.7,-0.04,-0.08,0.09,0,7.48
91528,2722,879.9,1413.2,-0.15,-0.12,0.19,0,10.03
91528,2723,870.4,1402.7,-0.04,-0.08,0.09,0,10.91
91529,2722,879.9,1413.2,-0.15,-0.12,0.19,0,12.12
91529,2723,870.3,1402.7,-0.04,-0.08,0.09,0,12.99
91530,2722,879.9,1413.2,-0.15,-0.12,0.19,0,14.47
91530,2723,870.3,1402.7,-0.04,-0.08,0.09,0,15.30
91561,2724,904.0,1233.0,0.00,0.00,0.00,0,12.01
91562,2724,903.3,1232.0,-0.02,-0.02,0.03,0,7.50
91563,2724,906.9,1238.2,0.34,0.60,0.68,0,6.31
91565,2724,907.0,1238.4,0.34,0.60,0.68,0,9.94
91566,2724,907.0,1238.4,0.34,0.60,0.68,0,11.99
91567,2724,907.0,1238.4,0.34,0.60,0.68,0,14.34
91674,2725,965.0,1381.0,0.00,0.00,0.00,0,12.01
91675,2725,965.0,1381.0,0.00,0.00,0.00,0,7.47
91676,2725,965.0,1381.0,0.00,0.00,0.00,0,9.52
91678,2725,965.0,1381.0,0.00,0.00,0.00,0,13.29
91679,2725,965.0,1381.0,0.00,0.00,0.00,0,15.47
91725,2726,322.0,456.0,0.00,0.00,0.00,0,12.01
91726,2726,322.7,458.0,0.02,0.05,0.05,0,7.48
91727,2726,323.5,460.5,0.07,0.22,0.23,0,6.31
91729,2726,323.5,460.6,0.07,0.22,0.23,0,10.00
91730,2726,323.5,460.6,0.07,0.22,0.23,0,12.12
91731,2726,323.5,460.6,0.07,0.22,0.23,0,14.46
91793,2727,603.0,1262.0,0.00,0.00,0.00,0,12.01
91795,2729,622.0,1247.0,0.00,0.00,0.00,0,12.01
91795,2730,614.0,1258.0,0.00,0.00,0.00,0,12.01
91796,2729,622.0,1247.3,0.00,0.01,0.01,0,7.47
91796,2730,618.6,1250.1,0.12,-0.20,0.23,0,7.47
91797,2729,623.5,1243.9,0.10,-0.21,0.23,0,6.31
91799,2729,623.6,1243.8,0.10,-0.21,0.23,0,9.98
91800,2729,623.6,1243.8,0.10,-0.21,0.23,0,12.12
91801,2729,623.6,1243.8,0.10,-0.21,0.23,0,14.47
91836,2731,753.0,1231.0,0.00,0.00,0.00,0,12.01
91837,2731,753.0,1230.7,0.00,-0.01,0.01,0,7.47
91837,2732,763.0,1238.0,0.00,0.00,0.00,0,12.01
91838,2731,755.3,1232.6,0.15,0.11,0.19,0,6.31
91838,2732,766.3,1240.0,0.08,0.05,0.10,0,7.47
91840,2731,755.4,1232.6,0.15,0.11,0.19,0,9.93
91840,2732,766.3,1240.0,0.08,0.05,0.10,0,10.84
91841,2731,755.4,1232.6,0.15,0.11,0.19,0,12.12
91841,2732,766.3,1240.0,0.08,0.05,0.10,0,13.00
91842,2731,755.4,1232.6,0.15,0.11,0.19,0,14.51
91842,2732,766.3,1240.0,0.08,0.05,0.10,0,15.33
92080,2733,579.0,1187.0,0.00,0.00,0.00,0,12.01
92081,2733,579.0,1187.0,0.00,0.00,0.00,0,7.48
92081,2734,586.0,1169.0,0.00,0.00,0.00,0,12.01
92082,2733,580.8,1182.6,0.12,-0.29,0.31,0,6.31
92084,2733,580.8,1182.5,0.12,-0.29,0.31,0,9.96
92085,2733,580.8,1182.5,0.12,-0.29,0.31,0,12.13
92086,2733,580.8,1182.5,0.12,-0.29,0.31,0,14.54
92231,2735,1129.0,1246.0,0.00,0.00,0.00,0,12.01
92232,2735,1128.7,1245.3,-0.01,-0.02,0.02,0,7.48
92233,2735,1128.7,1245.3,-0.01,-0.02,0.02,0,9.52
92235,2735,1128.7,1245.3,-0.01,-0.02,0.02,0,13.29
92236,2735,1128.7,1245.3,-0.01,-0.02,0.02,0,15.46
92373,2736,1145.0,855.0,0.00,0.00,0.00,0,12.01
92374,2736,1139.8,859.3,-0.13,0.11,0.17,0,7.48
92375,2736,1137.0,861.5,-0.32,0.26,0.41,0,6.31
92375,2737,1116.0,879.0,0.00,0.00,0.00,0,12.01
92377,2736,1136.9,861.6,-0.32,0.26,0.41,0,9.97
92377,2737,1116.0,879.0,0.00,0.00,0.00,0,15.13
92378,2736,1136.9,861.6,-0.32,0.26,0.41,0,12.13
92378,2737,1116.0,879.0,0.00,0.00,0.00,0,17.24
92379,2736,1136.9,861.6,-0.32,0.26,0.41,0,14.53
92379,2737,1116.0,879.0,0.00,0.00,0.00,0,19.53
92410,2738,382.0,1038.0,0.00,0.00,0.00,0,12.01
92410,2739,378.0,1051.0,0.00,0.00,0.00,0,12.01
92411,2738,381.7,1038.7,-0.01,0.02,0.02,0,7.48
92411,2739,381.6,1044.1,0.09,-0.17,0.19,0,7.48
92412,2738,383.3,1036.9,0.11,-0.11,0.15,0,6.30
92414,2738,383.3,1036.9,0.11,-0.11,0.15,0,9.96
92415,2738,383.3,1036.9,0.11,-0.11,0.15,0,12.12
92416,2738,383.3,1036.9,0.11,-0.11,0.15,0,14.51
92457,2740,845.0,1101.0,0.00,0.00,0.00,0,12.01
92458,2740,844.7,1100.7,-0.01,-0.01,0.01,0,7.48
92458,2741,854.0,1114.0,0.00,0.00,0.00,0,12.01
92459,2740,846.6,1103.3,0.12,0.17,0.20,0,6.31
92459,2741,854.7,1114.7,0.02,0.02,0.02,0,7.47
92459,2742,859.0,1127.0,0.00,0.00,0.00,0,12.01
92461,2740,846.6,1103.4,0.12,0.17,0.20,0,9.95
92461,2741,854.7,1114.7,0.02,0.02,0.02,0,10.85
92461,2742,859.0,1127.0,0.00,0.00,0.00,0,15.12
92462,2740,846.6,1103.4,0.12,0.17,0.20,0,12.12
92462,2741,854.7,1114.7,0.02,0.02,0.02,0,13.00
92462,2742,859.0,1127.0,0.00,0.00,0.00,0,17.24
92463,2740,846.6,1103.4,0.12,0.17,0.20,0,14.47
92463,2741,854.7,1114.7,0.02,0.02,0.02,0,15.29
92463,2742,859.0,1127.0,0.00,0.00,0.00,0,19.48
92494,2743,483.0,1048.0,0.00,0.00,0.00,0,12.01
92494,2744,499.0,1049.0,0.00,0.00,0.00,0,12.01
92495,2743,488.2,1048.3,0.13,0.01,0.13,0,7.52
92495,2744,499.0,1049.0,0.00,0.00,0.00,0,14.09
92496,2743,488.2,1048.3,0.13,0.01,0.13,0,9.58
92498,2743,488.3,1048.3,0.13,0.01,0.13,0,13.53
92499,2743,488.3,1048.3,0.13,0.01,0.13,0,15.74
92888,2745,312.0,528.0,0.00,0.00,0.00,0,12.01
92888,2746,312.0,536.0,0.00,0.00,0.00,0,12.01
92888,2747,310.0,543.0,0.00,0.00,0.00,0,12.01
92890,2748,574.0,525.0,0.00,0.00,0.00,0,12.01
92890,2749,577.0,536.0,0.00,0.00,0.00,0,12.01
92890,2750,587.0,561.0,0.00,0.00,0.00,0,12.01
92891,2748,574.7,528.6,0.02,0.09,0.09,0,7.47
92891,2749,575.7,540.9,-0.03,0.12,0.13,0,7.47
92891,2750,587.0,561.0,0.00,0.00,0.00,0,14.04
92892,2748,574.7,528.6,0.02,0.09,0.09,0,9.52
92892,2750,587.0,561.0,0.00,0.00,0.00,0,16.09
92894,2748,574.7,528.6,0.02,0.09,0.09,0,13.30
92894,2750,587.0,561.0,0.00,0.00,0.00,0,19.97
92895,2748,574.7,528.6,0.02,0.09,0.09,0,15.46
93220,2751,620.0,209.0,0.00,0.00,0.00,0,12.01
93221,2751,620.0,209.3,0.00,0.01,0.01,0,7.48
93221,2752,622.0,198.0,0.00,0.00,0.00,0,12.01
93222,2751,620.5,206.4,0.04,-0.19,0.19,0,6.31
93224,2751,620.5,206.4,0.04,-0.19,0.19,0,9.96
93225,2751,620.5,206.4,0.04,-0.19,0.19,0,12.13
93226,2751,620.5,206.4,0.04,-0.19,0.19,0,14.47
93284,2753,454.0,1177.0,0.00,0.00,0.00,0,12.01
93287,2755,464.0,1181.0,0.00,0.00,0.00,0,12.01
93289,2757,452.0,1160.0,0.00,0.00,0.00,0,12.01
93289,2758,457.0,1173.0,0.00,0.00,0.00,0,12.01
93290,2757,452.3,1161.0,0.01,0.02,0.03,0,7.47
93290,2758,454.1,1165.1,-0.07,-0.19,0.20,0,7.47
93291,2757,451.2,1158.4,-0.06,-0.14,0.15,0,6.31
93293,2757,451.2,1158.4,-0.06,-0.14,0.15,0,9.98
93294,2757,451.2,1158.4,-0.06,-0.14,0.15,0,12.13
93295,2757,451.2,1158.4,-0.06,-0.14,0.15,0,14.47
93337,2759,459.0,883.0,0.00,0.00,0.00,0,12.01
93338,2759,459.0,883.0,0.00,0.00,0.00,0,14.04
93339,2759,459.0,883.0,0.00,0.00,0.00,0,16.09
93341,2759,459.0,883.0,0.00,0.00,0.00,0,19.98
93374,2760,868.0,780.0,0.00,0.00,0.00,0,12.01
93374,2761,889.0,784.0,0.00,0.00,0.00,0,12.01
93381,2762,1198.0,779.0,0.00,0.00,0.00,0,12.02
93382,2762,1197.7,779.3,-0.01,0.01,0.02,0,7.48
93382,2763,1217.0,779.0,0.00,0.00,0.00,0,12.01
93383,2762,1206.5,779.2,0.60,0.01,0.60,0,6.29
93383,2763,1217.0,779.0,0.00,0.00,0.00,0,14.02
93385,2762,1206.7,779.2,0.60,0.01,0.60,0,9.79
93385,2763,1217.0,779.0,0.00,0.00,0.00,0,17.32
93386,2762,1206.7,779.2,0.60,0.01,0.60,0,12.01
93386,2763,1217.0,779.0,0.00,0.00,0.00,0,19.51
93387,2762,1206.7,779.2,0.60,0.01,0.60,0,14.34
93768,2764,333.0,712.0,0.00,0.00,0.00,0,12.01
93769,2764,336.6,714.9,0.09,0.07,0.11,0,7.47
93770,2764,338.3,716.2,0.19,0.15,0.25,0,6.31
93770,2765,349.0,728.0,0.00,0.00,0.00,0,12.01
93772,2764,338.3,716.3,0.19,0.15,0.25,0,9.98
93772,2765,349.0,728.0,0.00,0.00,0.00,0,15.15
93773,2764,338.3,716.3,0.19,0.15,0.25,0,12.14
93773,2765,349.0,728.0,0.00,0.00,0.00,0,17.25
93774,2764,338.3,716.3,0.19,0.15,0.25,0,14.48
93774,2765,349.0,728.0,0.00,0.00,0.00,0,19.50
93805,2766,910.0,418.0,0.00,0.00,0.00,0,12.01
93806,2766,908.7,417.3,-0.03,-0.02,0.04,0,7.53
93806,2767,902.0,393.0,0.00,0.00,0.00,0,12.05
93806,2768,917.0,410.0,0.00,0.00,0.00,0,12.05
93806,2769,990.0,439.0,0.00,0.00,0.00,0,12.05
93807,2766,908.7,417.3,-0.03,-0.02,0.04,0,9.59
93809,2766,908.7,417.3,-0.03,-0.02,0.04,0,13.57
93810,2766,908.7,417.3,-0.03,-0.02,0.04,0,15.73
93842,2770,692.0,1009.0,0.00,0.00,0.00,0,12.01
93842,2771,699.0,1023.0,0.00,0.00,0.00,0,12.01
93844,2772,704.0,1032.0,0.00,0.00,0.00,0,12.01
93844,2773,706.0,1047.0,0.00,0.00,0.00,0,12.01
93845,2772,704.7,1035.9,0.01,0.08,0.08,0,7.46
93845,2773,705.0,1052.2,-0.02,0.11,0.11,0,7.46
93846,2772,704.2,1042.4,-0.00,0.33,0.33,0,6.29
93848,2772,704.2,1042.5,-0.00,0.33,0.33,0,9.90
93849,2772,704.2,1042.5,-0.00,0.33,0.33,0,12.05
93850,2772,704.2,1042.5,-0.00,0.33,0.33,0,14.38
94011,2774,1264.0,935.0,0.00,0.00,0.00,0,12.01
94012,2774,1264.3,935.7,0.01,0.02,0.02,0,7.48
94012,2775,1258.0,929.0,0.00,0.00,0.00,0,12.01
94013,2774,1262.7,934.2,-0.10,-0.08,0.13,0,6.31
94013,2775,1256.7,926.7,-0.03,-0.06,0.07,0,7.47
94015,2774,1262.7,934.2,-0.10,-0.08,0.13,0,9.97
94015,2775,1256.7,926.7,-0.03,-0.06,0.07,0,10.86
94016,2774,1262.7,934.2,-0.10,-0.08,0.13,0,12.13
94016,2775,1256.7,926.7,-0.03,-0.06,0.07,0,13.00
94017,2774,1262.7,934.2,-0.10,-0.08,0.13,0,14.47
94017,2775,1256.7,926.7,-0.03,-0.06,0.07,0,15.29
94048,2776,1567.0,793.0,0.00,0.00,0.00,0,12.01
94049,2776,1567.0,793.0,0.00,0.00,0.00,0,7.50
94050,2776,1567.0,793.0,0.00,0.00,0.00,0,9.54
94052,2776,1567.0,793.0,0.00,0.00,0.00,0,13.29
94053,2776,1567.0,793.0,0.00,0.00,0.00,0,15.42
94234,2777,1419.0,979.0,0.00,0.00,0.00,0,12.01
94235,2777,1419.0,979.0,0.00,0.00,0.00,0,14.04
94236,2777,1419.0,979.0,0.00,0.00,0.00,0,16.09
94238,2777,1419.0,979.0,0.00,0.00,0.00,0,19.94
94271,2778,1419.0,976.0,0.00,0.00,0.00,0,12.01
94272,2778,1419.0,976.0,0.00,0.00,0.00,0,14.04
94273,2778,1419.0,976.0,0.00,0.00,0.00,0,16.09
94275,2778,1419.0,976.0,0.00,0.00,0.00,0,19.90
94530,2779,1425.0,925.0,0.00,0.00,0.00,0,12.01
94531,2779,1425.0,925.0,0.00,0.00,0.00,0,14.04
94532,2779,1425.0,925.0,0.00,0.00,0.00,0,16.09
94534,2779,1425.0,925.0,0.00,0.00,0.00,0,19.95
94772,2780,1131.0,389.0,0.00,0.00,0.00,0,12.01
94774,2782,1115.0,365.0,0.00,0.00,0.00,0,12.01
94774,2783,1121.0,378.0,0.00,0.00,0.00,0,12.01
94775,2782,1115.0,365.7,0.00,0.02,0.02,0,7.48
94775,2783,1118.1,370.1,-0.07,-0.19,0.21,0,7.48
94776,2782,1114.2,362.9,-0.05,-0.17,0.18,0,6.31
94778,2782,1114.2,362.9,-0.05,-0.17,0.18,0,9.98
94779,2782,1114.2,362.9,-0.05,-0.17,0.18,0,12.13
94780,2782,1114.2,362.9,-0.05,-0.17,0.18,0,14.48
95222,2784,1243.0,664.0,0.00,0.00,0.00,0,12.01
95223,2784,1243.3,664.3,0.01,0.01,0.01,0,7.48
95224,2784,1243.3,664.3,0.01,0.01,0.01,0,9.52
95224,2785,1312.0,623.0,0.00,0.00,0.00,0,12.01
95224,2786,1310.0,630.0,0.00,0.00,0.00,0,12.01
95226,2784,1243.3,664.3,0.01,0.01,0.01,0,13.29
95226,2785,1312.0,623.0,0.00,0.00,0.00,0,15.12
95226,2786,1310.0,630.0,0.00,0.00,0.00,0,15.12
95227,2784,1243.3,664.3,0.01,0.01,0.01,0,15.46
95227,2785,1312.0,623.0,0.00,0.00,0.00,0,17.24
95227,2786,1310.0,630.0,0.00,0.00,0.00,0,17.24
95228,2785,1312.0,623.0,0.00,0.00,0.00,0,19.48
95228,2786,1310.0,630.0,0.00,0.00,0.00,0,19.48
95273,2787,809.0,1401.0,0.00,0.00,0.00,0,12.01
95274,2787,809.0,1401.0,0.00,0.00,0.00,0,14.04
95275,2787,809.0,1401.0,0.00,0.00,0.00,0,16.09
95275,2788,879.0,1373.0,0.00,0.00,0.00,0,12.01
95277,2787,809.0,1401.0,0.00,0.00,0.00,0,20.00
95277,2788,879.0,1373.0,0.00,0.00,0.00,0,15.14
95278,2788,879.0,1373.0,0.00,0.00,0.00,0,17.24
95279,2788,879.0,1373.0,0.00,0.00,0.00,0,19.49
95311,2791,1328.0,1022.0,0.00,0.00,0.00,0,12.03
95311,2792,1343.0,1034.0,0.00,0.00,0.00,0,12.03
95311,2793,1349.0,1037.0,0.00,0.00,0.00,0,12.03
95312,2791,1332.9,1025.6,0.24,0.17,0.29,0,7.48
95312,2792,1350.5,1039.9,0.36,0.28,0.46,0,7.48
95312,2793,1349.0,1037.0,0.00,0.00,0.00,0,14.07
95313,2792,1354.3,1042.8,0.64,0.50,0.81,0,6.30
95313,2791,1332.9,1025.6,0.24,0.17,0.29,0,9.51
95315,2792,1354.4,1042.9,0.64,0.50,0.81,0,9.81
95315,2791,1333.0,1025.7,0.24,0.17,0.29,0,13.15
95316,2792,1354.5,1042.9,0.64,0.50,0.81,0,11.91
95316,2791,1333.0,1025.7,0.24,0.17,0.29,0,15.26
95317,2792,1354.5,1042.9,0.64,0.50,0.81,0,14.23
95484,2794,1027.0,868.0,0.00,0.00,0.00,0,12.01
95485,2794,1027.0,868.0,0.00,0.00,0.00,0,14.04
95486,2794,1027.0,868.0,0.00,0.00,0.00,0,16.09
95488,2794,1027.0,868.0,0.00,0.00,0.00,0,19.90
95649,2795,992.0,1005.0,0.00,0.00,0.00,0,12.01
95650,2795,992.0,1005.0,0.00,0.00,0.00,0,14.04
95651,2795,992.0,1005.0,0.00,0.00,0.00,0,16.09
95653,2795,992.0,1005.0,0.00,0.00,0.00,0,19.95
95686,2796,939.0,1265.0,0.00,0.00,0.00,0,12.01
95687,2796,939.0,1265.3,0.00,0.01,0.01,0,7.52
95687,2797,926.0,1269.0,0.00,0.00,0.00,0,12.04
95688,2796,935.4,1266.3,-0.42,0.12,0.43,0,6.33
95690,2796,935.3,1266.3,-0.42,0.12,0.43,0,10.08
95691,2796,935.3,1266.3,-0.42,0.12,0.43,0,12.26
95692,2796,935.2,1266.3,-0.42,0.12,0.43,0,14.63
95723,2798,701.0,953.0,0.00,0.00,0.00,0,12.01
95724,2798,701.0,953.0,0.00,0.00,0.00,0,14.09
95725,2798,701.0,953.0,0.00,0.00,0.00,0,16.16
95727,2798,701.0,953.0,0.00,0.00,0.00,0,20.20
96114,2799,626.0,1292.0,0.00,0.00,0.00,0,12.01
96115,2799,626.0,1292.3,0.00,0.01,0.01,0,7.47
96115,2800,617.0,1280.0,0.00,0.00,0.00,0,12.01
96116,2799,623.9,1289.2,-0.13,-0.19,0.23,0,6.31
96116,2800,617.0,1280.0,0.00,0.00,0.00,0,14.04
96118,2799,623.9,1289.1,-0.13,-0.19,0.23,0,10.07
96118,2800,617.0,1280.0,0.00,0.00,0.00,0,17.60
96119,2799,623.9,1289.1,-0.13,-0.19,0.23,0,12.12
96119,2800,617.0,1280.0,0.00,0.00,0.00,0,19.65
96120,2799,623.9,1289.1,-0.13,-0.19,0.23,0,14.47
96151,2801,364.0,889.0,0.00,0.00,0.00,0,12.01
96151,2802,353.0,891.0,0.00,0.00,0.00,0,12.01
96152,2801,363.7,889.0,-0.01,0.00,0.01,0,7.48
96152,2802,360.5,890.0,0.19,-0.02,0.19,0,7.48
96153,2801,366.6,888.7,0.20,-0.02,0.20,0,6.31
96155,2801,366.6,888.7,0.20,-0.02,0.20,0,9.98
96156,2801,366.6,888.7,0.20,-0.02,0.20,0,12.11
96157,2801,366.7,888.7,0.20,-0.02,0.20,0,14.45
96309,2803,1021.0,1363.0,0.00,0.00,0.00,0,12.01
96310,2803,1021.3,1363.3,0.01,0.01,0.01,0,7.47
96310,2804,1006.0,1349.0,0.00,0.00,0.00,0,12.01
96311,2803,1017.4,1360.2,-0.24,-0.19,0.30,0,6.31
96311,2804,1006.0,1349.0,0.00,0.00,0.00,0,14.04
96313,2803,1017.3,1360.1,-0.24,-0.19,0.30,0,9.99
96313,2804,1006.0,1349.0,0.00,0.00,0.00,0,17.53
96314,2803,1017.3,1360.1,-0.24,-0.19,0.30,0,12.14
96314,2804,1006.0,1349.0,0.00,0.00,0.00,0,19.66
96315,2803,1017.3,1360.1,-0.24,-0.19,0.30,0,14.53
96346,2805,1158.0,926.0,0.00,0.00,0.00,0,12.01
96346,2806,1173.0,932.0,0.00,0.00,0.00,0,12.01
96347,2805,1161.9,928.0,0.10,0.05,0.11,0,7.48
96347,2806,1177.9,932.7,0.12,0.02,0.12,0,7.48
96348,2805,1168.1,929.8,0.53,0.18,0.56,0,6.30
96350,2805,1168.3,929.8,0.53,0.18,0.56,0,9.95
96351,2805,1168.3,929.8,0.53,0.18,0.56,0,12.11
96352,2805,1168.3,929.8,0.53,0.18,0.56,0,14.51
96458,2807,1176.0,944.0,0.00,0.00,0.00,0,12.01
96459,2807,1176.0,944.0,0.00,0.00,0.00,0,14.04
96460,2807,1170.4,941.2,-0.26,-0.13,0.29,0,7.87
96462,2807,1170.3,941.2,-0.26,-0.13,0.29,0,11.51
96463,2807,1170.3,941.2,-0.26,-0.13,0.29,0,13.68
96464,2807,1170.3,941.2,-0.26,-0.13,0.29,0,16.09
96719,2808,1334.0,1302.0,0.00,0.00,0.00,0,12.01
96721,2810,1332.0,1294.0,0.00,0.00,0.00,0,12.01
96722,2810,1331.3,1293.3,-0.02,-0.02,0.02,0,7.48
96723,2810,1330.2,1292.2,-0.09,-0.09,0.13,0,6.31
96725,2810,1330.2,1292.2,-0.09,-0.09,0.13,0,9.98
96726,2810,1330.2,1292.2,-0.09,-0.09,0.13,0,12.12
96727,2810,1330.2,1292.2,-0.09,-0.09,0.13,0,14.47
96766,2811,768.0,1223.0,0.00,0.00,0.00,0,12.01
96767,2811,768.0,1223.0,0.00,0.00,0.00,0,14.04
96768,2811,768.0,1223.0,0.00,0.00,0.00,0,16.09
96770,2811,768.0,1223.0,0.00,0.00,0.00,0,19.97
97282,2812,324.0,818.0,0.00,0.00,0.00,0,12.01
97282,2813,322.0,831.0,0.00,0.00,0.00,0,12.01
97282,2814,333.0,825.0,0.00,0.00,0.00,0,12.01
97283,2812,323.0,821.6,-0.03,0.09,0.10,0,7.47
97283,2813,322.0,831.0,0.00,0.00,0.00,0,14.04
97283,2814,333.0,825.0,0.00,0.00,0.00,0,14.04
97283,2815,349.0,778.0,0.00,0.00,0.00,0,12.01
97284,2812,327.1,812.7,0.24,-0.49,0.54,0,6.31
97286,2812,327.2,812.6,0.24,-0.49,0.54,0,9.97
97287,2812,327.2,812.6,0.24,-0.49,0.54,0,12.12
97288,2812,327.2,812.5,0.24,-0.49,0.54,0,14.46
97517,2817,449.0,1109.0,0.00,0.00,0.00,0,12.01
97519,2819,460.0,1121.0,0.00,0.00,0.00,0,12.01
97520,2819,460.0,1121.0,0.00,0.00,0.00,0,14.04
97521,2819,460.0,1121.0,0.00,0.00,0.00,0,16.08
97523,2819,460.0,1121.0,0.00,0.00,0.00,0,19.92
97576,2820,762.0,680.0,0.00,0.00,0.00,0,12.01
97577,2820,761.7,681.6,-0.01,0.04,0.04,0,7.48
97578,2820,761.8,684.6,-0.00,0.23,0.23,0,6.31
97580,2820,761.8,684.6,-0.00,0.23,0.23,0,9.99
97581,2820,761.8,684.6,-0.00,0.23,0.23,0,12.13
97582,2820,761.8,684.6,-0.00,0.23,0.23,0,14.47
97939,2822,1013.0,564.0,0.00,0.00,0.00,0,12.01
97940,2822,1013.0,564.0,0.00,0.00,0.00,0,14.15
97941,2822,1013.0,564.0,0.00,0.00,0.00,0,16.23
97943,2822,1013.0,564.0,0.00,0.00,0.00,0,20.42
97996,2823,948.0,1199.0,0.00,0.00,0.00,0,12.01
97997,2823,948.0,1199.7,0.00,0.02,0.02,0,7.47
97997,2824,952.0,1183.0,0.00,0.00,0.00,0,12.01
97998,2823,949.0,1196.1,0.07,-0.21,0.22,0,6.31
98000,2823,949.0,1196.1,0.07,-0.21,0.22,0,10.01
98001,2823,949.0,1196.1,0.07,-0.21,0.22,0,12.13
98002,2823,949.1,1196.1,0.07,-0.21,0.22,0,14.48
98070,2825,323.0,790.0,0.00,0.00,0.00,0,12.01
98071,2825,323.0,790.0,0.00,0.00,0.00,0,7.48
98072,2825,326.9,791.0,0.26,0.07,0.26,0,6.31
98074,2825,326.9,791.0,0.26,0.07,0.26,0,9.98
98075,2825,326.9,791.0,0.26,0.07,0.26,0,12.13
98076,2825,326.9,791.1,0.26,0.07,0.26,0,14.48
98108,2826,882.0,1383.0,0.00,0.00,0.00,0,12.01
98108,2827,882.0,1391.0,0.00,0.00,0.00,0,12.01
98110,2828,884.0,1393.0,0.00,0.00,0.00,0,12.01
98111,2828,885.3,1394.0,0.03,0.02,0.04,0,7.47
98112,2828,886.8,1395.0,0.13,0.09,0.15,0,6.31
98114,2828,886.8,1395.0,0.13,0.09,0.15,0,9.98
98115,2828,886.8,1395.0,0.13,0.09,0.15,0,12.13
98116,2828,886.8,1395.0,0.13,0.09,0.15,0,14.53
98299,2830,1271.0,1279.0,0.00,0.00,0.00,0,12.01
98300,2830,1271.0,1279.0,0.00,0.00,0.00,0,7.47
98300,2831,1268.0,1270.0,0.00,0.00,0.00,0,12.01
98301,2830,1270.0,1275.7,-0.07,-0.22,0.23,0,6.31
98303,2830,1270.0,1275.6,-0.07,-0.22,0.23,0,10.00
98304,2830,1270.0,1275.6,-0.07,-0.22,0.23,0,12.14
98305,2830,1269.9,1275.6,-0.07,-0.22,0.23,0,14.48
98479,2832,936.0,574.0,0.00,0.00,0.00,0,12.01
98480,2832,936.0,574.0,0.00,0.00,0.00,0,14.04
98480,2833,967.0,545.0,0.00,0.00,0.00,0,12.01
98481,2832,936.0,574.0,0.00,0.00,0.00,0,16.09
98483,2832,936.0,574.0,0.00,0.00,0.00,0,19.97
98516,2834,922.0,830.0,0.00,0.00,0.00,0,12.01
98516,2835,941.0,830.0,0.00,0.00,0.00,0,12.01
98519,2836,991.0,837.0,0.00,0.00,0.00,0,12.01
98522,2838,1030.0,850.0,0.00,0.00,0.00,0,12.00
98523,2838,1030.0,850.0,0.00,0.00,0.00,0,14.01
98524,2838,1030.0,850.0,0.00,0.00,0.00,0,16.05
98526,2838,1030.0,850.0,0.00,0.00,0.00,0,19.76
98584,2839,1137.0,797.0,0.00,0.00,0.00,0,12.01
98585,2839,1137.0,797.3,0.00,0.01,0.01,0,7.47
98585,2840,1125.0,791.0,0.00,0.00,0.00,0,12.01
98586,2839,1133.4,794.7,-0.23,-0.16,0.28,0,6.31
98588,2839,1133.3,794.6,-0.23,-0.16,0.28,0,9.93
98589,2839,1133.3,794.6,-0.23,-0.16,0.28,0,12.12
98590,2839,1133.3,794.6,-0.23,-0.16,0.28,0,14.46
98710,2843,1275.0,1245.0,0.00,0.00,0.00,0,12.01
98710,2844,1285.0,1255.0,0.00,0.00,0.00,0,12.01
98711,2843,1275.0,1245.0,0.00,0.00,0.00,0,7.47
98711,2844,1275.8,1247.8,-0.23,-0.18,0.29,0,7.47
98712,2843,1275.0,1245.0,0.00,0.00,0.00,0,9.52
98714,2843,1275.0,1245.0,0.00,0.00,0.00,0,13.30
98715,2843,1275.0,1245.0,0.00,0.00,0.00,0,15.46
98922,2845,867.0,1261.0,0.00,0.00,0.00,0,12.01
98923,2845,867.7,1262.6,0.02,0.04,0.04,0,7.48
98924,2845,867.7,1262.6,0.02,0.04,0.04,0,9.52
98926,2845,867.7,1262.7,0.02,0.04,0.04,0,13.29
98927,2845,867.7,1262.7,0.02,0.04,0.04,0,15.46
99358,2848,679.0,1341.0,0.00,0.00,0.00,0,12.01
99358,2849,695.0,1350.0,0.00,0.00,0.00,0,12.01
99359,2848,679.7,1341.0,0.02,0.00,0.02,0,7.47
99359,2849,685.2,1344.1,-0.24,-0.15,0.29,0,7.47
99360,2848,676.1,1338.9,-0.20,-0.13,0.24,0,6.31
99362,2848,676.1,1338.9,-0.20,-0.13,0.24,0,9.98
99363,2848,676.1,1338.9,-0.20,-0.13,0.24,0,12.13
99364,2848,676.1,1338.9,-0.20,-0.13,0.24,0,14.54
99544,2850,1235.0,740.0,0.00,0.00,0.00,0,12.01
99545,2850,1237.0,730.8,0.05,-0.23,0.23,0,7.47
99546,2850,1237.7,727.3,0.10,-0.46,0.47,0,6.31
99548,2850,1237.8,727.1,0.10,-0.46,0.47,0,9.98
99549,2850,1237.8,727.1,0.10,-0.46,0.47,0,12.13
99550,2850,1237.8,727.1,0.10,-0.46,0.47,0,14.48
99930,2852,889.0,697.0,0.00,0.00,0.00,0,12.01
99931,2852,888.3,697.0,-0.01,0.00,0.01,0,7.47
99931,2853,871.0,699.0,0.00,0.00,0.00,0,12.01
99931,2854,894.0,696.0,0.00,0.00,0.00,0,12.01
99932,2852,884.4,697.5,-0.27,0.03,0.27,0,6.31
99932,2853,866.1,700.3,-0.12,0.03,0.13,0,7.47
99932,2854,894.0,696.0,0.00,0.00,0.00,0,14.04
99934,2852,884.3,697.5,-0.27,0.03,0.27,0,9.94
99934,2853,866.1,700.3,-0.12,0.03,0.13,0,10.84
99934,2854,894.0,696.0,0.00,0.00,0.00,0,17.50
99935,2852,884.3,697.5,-0.27,0.03,0.27,0,12.12
99935,2853,866.0,700.3,-0.12,0.03,0.13,0,13.00
99935,2854,894.0,696.0,0.00,0.00,0.00,0,19.66
99936,2852,884.3,697.5,-0.27,0.03,0.27,0,14.52
99936,2853,866.0,700.3,-0.12,0.03,0.13,0,15.34
100133,2855,742.0,725.0,0.00,0.00,0.00,0,12.01
100133,2856,744.0,736.0,0.00,0.00,0.00,0,12.01
100164,2857,672.0,1308.0,0.00,0.00,0.00,0,12.01
100165,2857,672.0,1308.3,0.00,0.01,0.01,0,7.48
100166,2857,672.3,1302.8,0.02,-0.37,0.37,0,6.31
100166,2858,675.0,1268.0,0.00,0.00,0.00,0,12.01
100168,2857,672.3,1302.7,0.02,-0.37,0.37,0,9.96
100168,2858,675.0,1268.0,0.00,0.00,0.00,0,15.12
100169,2857,672.3,1302.7,0.02,-0.37,0.37,0,12.11
100169,2858,675.0,1268.0,0.00,0.00,0.00,0,17.23
100170,2857,672.3,1302.7,0.02,-0.37,0.37,0,14.46
100170,2858,675.0,1268.0,0.00,0.00,0.00,0,19.47
100201,2859,862.0,1059.0,0.00,0.00,0.00,0,12.01
100201,2860,862.0,1074.0,0.00,0.00,0.00,0,12.01
100202,2859,862.3,1063.6,0.01,0.11,0.11,0,7.50
100202,2860,862.7,1078.9,0.02,0.12,0.12,0,7.50
100203,2859,862.5,1069.9,0.02,0.70,0.71,0,6.31
100205,2859,862.5,1070.1,0.02,0.70,0.71,0,9.96
100206,2859,862.5,1070.1,0.02,0.70,0.71,0,12.02
100207,2859,862.5,1070.1,0.02,0.70,0.71,0,14.36
100238,2861,287.0,896.0,0.00,0.00,0.00,0,12.01
100238,2862,277.0,903.0,0.00,0.00,0.00,0,12.01
100240,2864,528.0,367.0,0.00,0.00,0.00,0,12.01
100241,2864,526.4,367.0,-0.03,0.00,0.03,0,7.46
100241,2865,515.0,374.0,0.00,0.00,0.00,0,12.00
100241,2866,270.0,902.0,0.00,0.00,0.00,0,12.00
100242,2864,524.2,368.0,-0.13,0.04,0.13,0,6.29
100244,2864,524.2,368.0,-0.13,0.04,0.13,0,9.74
100245,2864,524.2,368.0,-0.13,0.04,0.13,0,11.94
100246,2864,524.2,368.0,-0.13,0.04,0.13,0,14.28
100277,2867,641.0,892.0,0.00,0.00,0.00,0,12.01
100278,2867,641.7,890.7,0.02,-0.03,0.04,0,7.50
100279,2867,642.5,889.0,0.10,-0.20,0.23,0,6.31
100281,2867,642.5,888.9,0.10,-0.20,0.23,0,9.99
100282,2867,642.5,888.9,0.10,-0.20,0.23,0,12.02
100283,2867,642.6,888.9,0.10,-0.20,0.23,0,14.41
100314,2868,874.0,673.0,0.00,0.00,0.00,0,12.01
100315,2868,872.4,673.3,-0.04,0.01,0.04,0,7.48
100316,2868,870.2,673.5,-0.19,0.02,0.19,0,6.30
100318,2868,870.2,673.5,-0.19,0.02,0.19,0,9.97
100319,2868,870.2,673.5,-0.19,0.02,0.19,0,12.11
100320,2868,870.1,673.5,-0.19,0.02,0.19,0,14.52
100483,2869,1386.0,641.0,0.00,0.00,0.00,0,12.01
100484,2869,1386.0,641.0,0.00,0.00,0.00,0,14.04
100485,2869,1386.0,641.0,0.00,0.00,0.00,0,16.09
100487,2869,1386.0,641.0,0.00,0.00,0.00,0,19.97
100809,2870,462.0,338.0,0.00,0.00,0.00,0,12.01
100810,2870,461.3,337.3,-0.02,-0.02,0.02,0,7.47
100811,2870,461.3,337.3,-0.02,-0.02,0.02,0,9.52
100811,2871,515.0,327.0,0.00,0.00,0.00,0,12.01
100811,2872,507.0,337.0,0.00,0.00,0.00,0,12.01
100813,2870,461.3,337.3,-0.02,-0.02,0.02,0,13.33
100813,2871,515.0,327.0,0.00,0.00,0.00,0,15.16
100813,2872,507.0,337.0,0.00,0.00,0.00,0,15.16
100814,2870,461.3,337.3,-0.02,-0.02,0.02,0,15.46
100814,2871,515.0,327.0,0.00,0.00,0.00,0,17.24
100814,2872,507.0,337.0,0.00,0.00,0.00,0,17.24
100815,2871,515.0,327.0,0.00,0.00,0.00,0,19.49
100815,2872,507.0,337.0,0.00,0.00,0.00,0,19.49
100890,2873,525.0,1118.0,0.00,0.00,0.00,0,12.01
100891,2873,524.0,1118.0,-0.02,0.00,0.02,0,7.48
100891,2874,556.0,1118.0,0.00,0.00,0.00,0,12.01
100892,2873,531.0,1118.3,0.43,0.02,0.43,0,6.31
100892,2874,563.9,1119.3,0.20,0.03,0.20,0,7.48
100894,2873,531.1,1118.3,0.43,0.02,0.43,0,9.98
100894,2874,563.9,1119.3,0.20,0.03,0.20,0,10.88
100895,2873,531.1,1118.3,0.43,0.02,0.43,0,12.13
100895,2874,563.9,1119.3,0.20,0.03,0.20,0,13.00
100896,2873,531.1,1118.3,0.43,0.02,0.43,0,14.47
100896,2874,563.9,1119.3,0.20,0.03,0.20,0,15.29
100962,2875,1526.0,693.0,0.00,0.00,0.00,0,12.01
100963,2875,1526.0,693.0,0.00,0.00,0.00,0,14.04
100964,2875,1526.0,693.0,0.00,0.00,0.00,0,16.09
100966,2875,1526.0,693.0,0.00,0.00,0.00,0,19.98
101515,2876,1000.0,1424.0,0.00,0.00,0.00,0,12.01
101516,2876,1000.0,1424.3,0.00,0.01,0.01,0,7.48
101516,2877,1000.0,1416.0,0.00,0.00,0.00,0,12.01
101517,2876,1000.0,1422.4,0.00,-0.12,0.12,0,6.31
101519,2876,1000.0,1422.4,0.00,-0.12,0.12,0,10.00
101520,2876,1000.0,1422.4,0.00,-0.12,0.12,0,12.13
101521,2876,1000.0,1422.4,0.00,-0.12,0.12,0,14.53
101566,2878,458.0,289.0,0.00,0.00,0.00,0,12.01
101567,2878,458.0,288.3,0.00,-0.02,0.02,0,7.47
101567,2879,453.0,301.0,0.00,0.00,0.00,0,12.01
101568,2878,456.7,291.3,-0.08,0.18,0.20,0,6.31
101570,2878,456.7,291.4,-0.08,0.18,0.20,0,9.98
101571,2878,456.7,291.4,-0.08,0.18,0.20,0,12.13
101572,2878,456.7,291.4,-0.08,0.18,0.20,0,14.48
101641,2880,453.0,844.0,0.00,0.00,0.00,0,12.01
101642,2880,453.0,844.0,0.00,0.00,0.00,0,14.04
101643,2880,453.0,844.0,0.00,0.00,0.00,0,16.09
101645,2880,453.0,844.0,0.00,0.00,0.00,0,19.97
101708,2882,277.0,760.0,0.00,0.00,0.00,0,12.01
101709,2882,280.3,759.0,0.08,-0.02,0.08,0,7.48
101710,2882,281.7,758.8,0.17,-0.04,0.18,0,6.31
101710,2883,298.0,758.0,0.00,0.00,0.00,0,12.01
101712,2882,281.8,758.7,0.17,-0.04,0.18,0,9.97
101712,2883,298.0,758.0,0.00,0.00,0.00,0,15.13
101713,2882,281.8,758.7,0.17,-0.04,0.18,0,12.14
101713,2883,298.0,758.0,0.00,0.00,0.00,0,17.25
101714,2882,281.8,758.7,0.17,-0.04,0.18,0,14.55
101714,2883,298.0,758.0,0.00,0.00,0.00,0,19.54
101765,2884,445.0,685.0,0.00,0.00,0.00,0,12.01
101765,2885,447.0,955.0,0.00,0.00,0.00,0,12.01
101767,2888,452.0,692.0,0.00,0.00,0.00,0,12.01
101767,2889,462.0,699.0,0.00,0.00,0.00,0,12.01
101767,2890,459.0,939.0,0.00,0.00,0.00,0,12.01
101768,2888,455.6,694.3,0.09,0.06,0.11,0,7.48
101768,2889,465.3,699.3,0.08,0.01,0.08,0,7.48
101768,2890,459.0,939.0,0.00,0.00,0.00,0,14.04
101769,2888,459.8,695.8,0.37,0.16,0.41,0,6.31
101769,2890,459.0,939.0,0.00,0.00,0.00,0,16.09
101771,2888,459.9,695.8,0.37,0.16,0.41,0,9.97
101771,2890,459.0,939.0,0.00,0.00,0.00,0,19.97
101772,2888,459.9,695.8,0.37,0.16,0.41,0,12.13
101773,2888,459.9,695.8,0.37,0.16,0.41,0,14.47
101852,2891,1172.0,834.0,0.00,0.00,0.00,0,12.01
101853,2891,1171.3,833.0,-0.02,-0.02,0.03,0,7.47
101854,2891,1171.3,831.2,-0.02,-0.14,0.14,0,6.31
101856,2891,1171.2,831.2,-0.02,-0.14,0.14,0,9.94
101857,2891,1171.2,831.2,-0.02,-0.14,0.14,0,12.13
101858,2891,1171.2,831.2,-0.02,-0.14,0.14,0,14.54
102096,2892,756.0,681.0,0.00,0.00,0.00,0,12.01
102097,2892,761.2,681.3,0.13,0.01,0.13,0,7.48
102098,2892,763.8,681.5,0.30,0.02,0.30,0,6.31
102098,2893,790.0,687.0,0.00,0.00,0.00,0,12.01
102100,2892,763.8,681.5,0.30,0.02,0.30,0,9.96
102100,2893,790.0,687.0,0.00,0.00,0.00,0,15.12
102101,2892,763.8,681.5,0.30,0.02,0.30,0,12.13
102101,2893,790.0,687.0,0.00,0.00,0.00,0,17.24
102102,2892,763.9,681.5,0.30,0.02,0.30,0,14.52
102102,2893,790.0,687.0,0.00,0.00,0.00,0,19.52
102133,2894,814.0,1414.0,0.00,0.00,0.00,0,12.01
102133,2895,794.0,1426.0,0.00,0.00,0.00,0,12.01
102134,2894,812.7,1415.0,-0.03,0.02,0.04,0,7.50
102134,2895,794.0,1426.0,0.00,0.00,0.00,0,14.07
102134,2896,829.0,1401.0,0.00,0.00,0.00,0,12.03
102135,2894,816.1,1411.9,0.31,-0.28,0.42,0,6.32
102135,2895,794.0,1426.0,0.00,0.00,0.00,0,16.12
102137,2894,816.2,1411.8,0.31,-0.28,0.42,0,9.98
102137,2895,794.0,1426.0,0.00,0.00,0.00,0,20.06
102138,2894,816.2,1411.8,0.31,-0.28,0.42,0,12.01
102139,2894,816.2,1411.8,0.31,-0.28,0.42,0,14.40
102275,2897,1388.0,962.0,0.00,0.00,0.00,0,12.01
102276,2897,1388.0,962.0,0.00,0.00,0.00,0,14.04
102277,2897,1388.0,962.0,0.00,0.00,0.00,0,16.09
102279,2897,1388.0,962.0,0.00,0.00,0.00,0,19.98
102580,2898,956.0,1261.0,0.00,0.00,0.00,0,12.01
102581,2898,955.7,1261.3,-0.01,0.01,0.01,0,7.47
102582,2898,959.4,1257.6,0.23,-0.23,0.33,0,6.31
102584,2898,959.4,1257.6,0.23,-0.23,0.33,0,9.97
102585,2898,959.4,1257.6,0.23,-0.23,0.33,0,12.13
102586,2898,959.4,1257.6,0.23,-0.23,0.33,0,14.47
102652,2900,1233.0,980.0,0.00,0.00,0.00,0,12.01
102653,2900,1232.3,980.3,-0.02,0.01,0.02,0,7.47
102653,2901,1243.0,970.0,0.00,0.00,0.00,0,12.01
102654,2900,1234.8,977.7,0.15,-0.17,0.22,0,6.31
102656,2900,1234.9,977.6,0.15,-0.17,0.22,0,9.97
102657,2900,1234.9,977.6,0.15,-0.17,0.22,0,12.13
102658,2900,1234.9,977.6,0.15,-0.17,0.22,0,14.47
102718,2902,607.0,789.0,0.00,0.00,0.00,0,12.01
102719,2902,609.6,791.0,0.06,0.05,0.08,0,7.48
102719,2903,597.0,785.0,0.00,0.00,0.00,0,12.01
102720,2902,611.0,792.3,0.16,0.13,0.21,0,6.31
102722,2902,611.0,792.3,0.16,0.13,0.21,0,9.97
102723,2902,611.1,792.3,0.16,0.13,0.21,0,12.12
102724,2902,611.1,792.3,0.16,0.13,0.21,0,14.47
102991,2906,507.0,458.0,0.00,0.00,0.00,0,12.01
102991,2907,507.0,472.0,0.00,0.00,0.00,0,12.01
102992,2906,507.0,458.0,0.00,0.00,0.00,0,14.04
102992,2907,507.0,472.0,0.00,0.00,0.00,0,14.04
102993,2906,507.0,458.0,0.00,0.00,0.00,0,16.09
102995,2906,507.0,458.0,0.00,0.00,0.00,0,19.98
103032,2908,644.0,1280.0,0.00,0.00,0.00,0,12.01
103033,2908,644.0,1280.0,0.00,0.00,0.00,0,14.04
103034,2908,644.0,1280.0,0.00,0.00,0.00,0,16.09
103036,2908,644.0,1280.0,0.00,0.00,0.00,0,19.98
103232,2909,450.0,568.0,0.00,0.00,0.00,0,12.00
103232,2910,457.0,571.0,0.00,0.00,0.00,0,12.00
103236,2911,566.0,594.0,0.00,0.00,0.00,0,12.01
103237,2911,566.0,594.0,0.00,0.00,0.00,0,14.04
103238,2911,566.0,594.0,0.00,0.00,0.00,0,16.09
103240,2911,566.0,594.0,0.00,0.00,0.00,0,19.98
103355,2912,928.0,1078.0,0.00,0.00,0.00,0,12.01
103357,2914,918.0,1115.0,0.00,0.00,0.00,0,12.01
103358,2914,917.7,1115.7,-0.01,0.02,0.02,0,7.48
103358,2915,913.0,1130.0,0.00,0.00,0.00,0,12.01
103359,2914,916.5,1119.3,-0.09,0.27,0.28,0,6.31
103361,2914,916.4,1119.4,-0.09,0.27,0.28,0,9.98
103362,2914,916.4,1119.4,-0.09,0.27,0.28,0,12.13
103363,2914,916.4,1119.4,-0.09,0.27,0.28,0,14.47
103394,2916,1168.0,1050.0,0.00,0.00,0.00,0,12.01
103394,2917,1156.0,1070.0,0.00,0.00,0.00,0,12.01
103396,2919,1179.0,1027.0,0.00,0.00,0.00,0,12.01
103397,2919,1179.0,1027.0,0.00,0.00,0.00,0,14.02
103398,2919,1179.0,1027.0,0.00,0.00,0.00,0,16.04
103400,2919,1179.0,1027.0,0.00,0.00,0.00,0,19.63
103897,2921,640.0,1044.0,0.00,0.00,0.00,0,12.01
103898,2921,640.0,1044.0,0.00,0.00,0.00,0,14.04
103899,2921,640.0,1044.0,0.00,0.00,0.00,0,16.09
103901,2921,640.0,1044.0,0.00,0.00,0.00,0,19.97
104054,2922,1089.0,1373.0,0.00,0.00,0.00,0,12.01
104054,2923,1088.0,1391.0,0.00,0.00,0.00,0,12.01
104060,2924,1099.0,1282.0,0.00,0.00,0.00,0,12.01
104061,2924,1099.0,1282.0,0.00,0.00,0.00,0,14.04
104062,2924,1099.0,1282.0,0.00,0.00,0.00,0,16.09
104064,2924,1099.0,1282.0,0.00,0.00,0.00,0,19.96
104097,2925,950.0,403.0,0.00,0.00,0.00,0,12.01
104098,2925,947.7,401.4,-0.06,-0.04,0.07,0,7.48
104098,2926,949.0,394.0,0.00,0.00,0.00,0,12.01
104098,2927,951.0,417.0,0.00,0.00,0.00,0,12.01
104099,2925,948.6,404.9,0.00,0.21,0.21,0,6.31
104099,2926,949.0,394.0,0.00,0.00,0.00,0,14.04
104099,2927,954.3,422.2,0.09,0.15,0.17,0,7.48
104101,2925,948.6,404.9,0.00,0.21,0.21,0,9.97
104101,2926,949.0,394.0,0.00,0.00,0.00,0,17.53
104101,2927,954.3,422.3,0.09,0.15,0.17,0,10.86
104102,2925,948.6,404.9,0.00,0.21,0.21,0,12.11
104102,2926,949.0,394.0,0.00,0.00,0.00,0,19.65
104102,2927,954.3,422.3,0.09,0.15,0.17,0,12.98
104103,2925,948.6,404.9,0.00,0.21,0.21,0,14.45
104103,2927,954.3,422.3,0.09,0.15,0.17,0,15.27
104334,2928,580.0,958.0,0.00,0.00,0.00,0,12.01
104335,2928,580.0,958.0,0.00,0.00,0.00,0,14.04
104336,2928,580.0,958.0,0.00,0.00,0.00,0,16.09
104338,2928,580.0,958.0,0.00,0.00,0.00,0,19.97
104607,2929,1371.0,1056.0,0.00,0.00,0.00,0,12.01
104608,2929,1370.7,1057.0,-0.01,0.03,0.03,0,7.48
104609,2929,1370.7,1057.0,-0.01,0.03,0.03,0,9.52
104611,2929,1370.7,1057.0,-0.01,0.03,0.03,0,13.35
104612,2929,1370.7,1057.0,-0.01,0.03,0.03,0,15.46
104909,2930,1109.0,1335.0,0.00,0.00,0.00,0,12.01
104910,2930,1110.0,1333.7,0.02,-0.03,0.04,0,7.47
104911,2930,1110.0,1333.7,0.02,-0.03,0.04,0,9.52
104913,2930,1110.0,1333.7,0.02,-0.03,0.04,0,13.28
104914,2930,1110.0,1333.7,0.02,-0.03,0.04,0,15.45
104948,2931,1083.0,1330.0,0.00,0.00,0.00,0,12.01
104950,2933,1072.0,1330.0,0.00,0.00,0.00,0,12.00
104950,2934,1059.0,1336.0,0.00,0.00,0.00,0,12.00
104951,2933,1068.4,1331.6,-0.06,0.03,0.06,0,7.47
104951,2934,1056.1,1338.0,-0.05,0.03,0.06,0,7.47
104952,2933,1064.2,1334.0,-0.31,0.17,0.35,0,6.30
104954,2933,1064.1,1334.1,-0.31,0.17,0.35,0,9.94
104955,2933,1064.1,1334.1,-0.31,0.17,0.35,0,12.12
104956,2933,1064.1,1334.1,-0.31,0.17,0.35,0,14.46
104987,2935,372.0,776.0,0.00,0.00,0.00,0,12.01
104987,2936,373.0,788.0,0.00,0.00,0.00,0,12.01
104990,2937,371.0,769.0,0.00,0.00,0.00,0,12.00
104990,2938,375.0,776.0,0.00,0.00,0.00,0,12.00
104992,2939,379.0,800.0,0.00,0.00,0.00,0,12.01
104992,2940,385.0,824.0,0.00,0.00,0.00,0,12.01
104993,2939,380.6,807.9,0.04,0.17,0.17,0,7.47
104993,2940,387.0,831.9,0.04,0.17,0.17,0,7.47
104994,2940,388.0,836.3,0.09,0.38,0.39,0,6.29
104994,2939,380.6,807.9,0.04,0.17,0.17,0,9.48
104996,2940,388.0,836.4,0.09,0.38,0.39,0,9.78
104996,2939,380.6,807.9,0.04,0.17,0.17,0,13.06
104997,2940,388.0,836.4,0.09,0.38,0.39,0,11.99
104997,2939,380.6,807.9,0.04,0.17,0.17,0,15.28
104998,2940,388.0,836.4,0.09,0.38,0.39,0,14.32
105243,2942,1015.0,1289.0,0.00,0.00,0.00,0,12.01
105244,2942,1015.0,1289.0,0.00,0.00,0.00,0,14.04
105245,2942,1015.0,1289.0,0.00,0.00,0.00,0,16.09
105247,2942,1015.0,1289.0,0.00,0.00,0.00,0,19.97
105280,2943,1368.0,512.0,0.00,0.00,0.00,0,12.01
105281,2943,1368.0,512.0,0.00,0.00,0.00,0,14.10
105282,2943,1368.0,512.0,0.00,0.00,0.00,0,16.17
105284,2943,1368.0,512.0,0.00,0.00,0.00,0,20.24
105341,2944,842.0,83.0,0.00,0.00,0.00,0,12.01
105342,2944,842.0,83.0,0.00,0.00,0.00,0,14.04
105343,2944,842.0,83.0,0.00,0.00,0.00,0,16.09
105345,2944,842.0,83.0,0.00,0.00,0.00,0,20.02
105460,2945,803.0,1358.0,0.00,0.00,0.00,0,12.01
105461,2945,802.7,1358.0,-0.01,0.00,0.01,0,7.48
105462,2945,808.9,1357.7,0.40,-0.02,0.40,0,6.31
105464,2945,809.0,1357.7,0.40,-0.02,0.40,0,10.03
105465,2945,809.0,1357.7,0.40,-0.02,0.40,0,12.13
105466,2945,809.1,1357.7,0.40,-0.02,0.40,0,14.48
105499,2946,448.0,1131.0,0.00,0.00,0.00,0,12.01
105500,2946,448.0,1131.0,0.00,0.00,0.00,0,7.46
105500,2947,461.0,1127.0,0.00,0.00,0.00,0,12.00
105501,2946,451.1,1130.0,0.12,-0.04,0.13,0,6.29
105503,2946,451.1,1130.0,0.12,-0.04,0.13,0,9.78
105504,2946,451.1,1130.0,0.12,-0.04,0.13,0,11.99
105505,2946,451.1,1130.0,0.12,-0.04,0.13,0,14.32
105536,2948,905.0,1217.0,0.00,0.00,0.00,0,12.01
105536,2949,892.0,1224.0,0.00,0.00,0.00,0,12.01
105538,2950,881.0,1231.0,0.00,0.00,0.00,0,12.01
105538,2951,863.0,1242.0,0.00,0.00,0.00,0,12.01
105539,2950,875.1,1234.3,-0.14,0.08,0.16,0,7.47
105539,2951,863.0,1242.0,0.00,0.00,0.00,0,14.03
105540,2950,875.1,1234.3,-0.14,0.08,0.16,0,9.51
105542,2950,875.1,1234.3,-0.14,0.08,0.16,0,13.27
105543,2950,875.1,1234.3,-0.14,0.08,0.16,0,15.44
105637,2955,849.0,706.0,0.00,0.00,0.00,0,12.01
105637,2956,850.0,721.0,0.00,0.00,0.00,0,12.01
105637,2957,804.0,751.0,0.00,0.00,0.00,0,12.01
105637,2958,795.0,752.0,0.00,0.00,0.00,0,12.01
105637,2959,800.0,759.0,0.00,0.00,0.00,0,12.01
105637,2960,806.0,774.0,0.00,0.00,0.00,0,12.01
105637,2961,801.0,779.0,0.00,0.00,0.00,0,12.01
105638,2955,848.3,714.2,-0.02,0.20,0.20,0,7.48
105638,2956,845.7,724.6,-0.10,0.09,0.14,0,7.48
105638,2957,804.0,751.0,0.00,0.00,0.00,0,14.04
105638,2958,795.0,752.0,0.00,0.00,0.00,0,14.04
105638,2959,800.0,759.0,0.00,0.00,0.00,0,14.04
105638,2960,806.0,774.0,0.00,0.00,0.00,0,14.04
105638,2961,801.0,779.0,0.00,0.00,0.00,0,14.04
105638,2962,871.0,677.0,0.00,0.00,0.00,0,12.01
105638,2963,844.0,742.0,0.00,0.00,0.00,0,12.01
105639,2955,852.1,708.2,0.23,-0.20,0.31,0,6.31
105639,2957,804.0,751.0,0.00,0.00,0.00,0,16.09
105639,2960,806.0,774.0,0.00,0.00,0.00,0,16.09
105641,2955,852.2,708.2,0.23,-0.20,0.31,0,9.96
105641,2957,804.0,751.0,0.00,0.00,0.00,0,19.95
105641,2960,806.0,774.0,0.00,0.00,0.00,0,19.95
105642,2955,852.2,708.2,0.23,-0.20,0.31,0,12.13
105643,2955,852.2,708.2,0.23,-0.20,0.31,0,14.48
105789,2966,764.0,1154.0,0.00,0.00,0.00,0,12.01
105790,2966,764.0,1154.0,0.00,0.00,0.00,0,7.48
105790,2967,773.0,1154.0,0.00,0.00,0.00,0,12.01
105791,2966,766.3,1154.3,0.15,0.02,0.15,0,6.31
105791,2967,776.3,1154.7,0.08,0.02,0.08,0,7.48
105793,2966,766.4,1154.3,0.15,0.02,0.15,0,9.98
105793,2967,776.3,1154.7,0.08,0.02,0.08,0,10.87
105794,2966,766.4,1154.3,0.15,0.02,0.15,0,12.12
105794,2967,776.3,1154.7,0.08,0.02,0.08,0,12.99
105795,2966,766.4,1154.3,0.15,0.02,0.15,0,14.52
105795,2967,776.3,1154.7,0.08,0.02,0.08,0,15.34
105826,2968,840.0,1144.0,0.00,0.00,0.00,0,12.01
105826,2969,835.0,1152.0,0.00,0.00,0.00,0,12.01
105827,2968,840.0,1144.3,0.00,0.01,0.01,0,7.50
105827,2969,835.0,1152.0,0.00,0.00,0.00,0,14.07
105828,2968,840.0,1144.3,0.00,0.01,0.01,0,9.55
105830,2968,840.0,1144.3,0.00,0.01,0.01,0,13.38
105831,2968,840.0,1144.3,0.00,0.01,0.01,0,15.41
105863,2970,460.0,801.0,0.00,0.00,0.00,0,12.01
105864,2970,460.0,801.0,0.00,0.00,0.00,0,14.09
105865,2970,460.0,801.0,0.00,0.00,0.00,0,16.16
105867,2970,460.0,801.0,0.00,0.00,0.00,0,20.19
106022,2971,419.0,925.0,0.00,0.00,0.00,0,12.00
106023,2971,419.0,925.0,0.00,0.00,0.00,0,14.01
106024,2971,419.0,925.0,0.00,0.00,0.00,0,16.05
106026,2971,419.0,925.0,0.00,0.00,0.00,0,19.78
106409,2972,1010.0,1039.0,0.00,0.00,0.00,0,12.01
106411,2974,989.0,1002.0,0.00,0.00,0.00,0,12.01
106411,2975,992.0,1012.0,0.00,0.00,0.00,0,12.01
106412,2974,989.0,1002.0,0.00,0.00,0.00,0,14.04
106412,2975,992.0,1012.0,0.00,0.00,0.00,0,14.04
106412,2976,938.0,918.0,0.00,0.00,0.00,0,12.01
106413,2974,989.0,1002.0,0.00,0.00,0.00,0,16.09
106415,2974,989.0,1002.0,0.00,0.00,0.00,0,19.95
106456,2978,505.0,1217.0,0.00,0.00,0.00,0,12.01
106457,2978,509.3,1213.1,0.11,-0.10,0.15,0,7.47
106458,2978,511.5,1211.0,0.26,-0.24,0.35,0,6.31
106460,2978,511.6,1210.9,0.26,-0.24,0.35,0,9.99
106461,2978,511.6,1210.9,0.26,-0.24,0.35,0,12.12
106462,2978,511.6,1210.9,0.26,-0.24,0.35,0,14.47
106554,2980,1523.0,1138.0,0.00,0.00,0.00,0,12.01
106555,2980,1523.0,1138.0,0.00,0.00,0.00,0,14.04
106556,2980,1523.0,1138.0,0.00,0.00,0.00,0,16.09
106558,2980,1523.0,1138.0,0.00,0.00,0.00,0,19.97
106598,2981,1429.0,951.0,0.00,0.00,0.00,0,12.01
106600,2983,1415.0,925.0,0.00,0.00,0.00,0,12.01
106600,2984,1422.0,939.0,0.00,0.00,0.00,0,12.01
106601,2983,1413.7,923.7,-0.03,-0.03,0.05,0,7.48
106601,2984,1422.0,939.0,0.00,0.00,0.00,0,14.04
106602,2983,1411.2,920.7,-0.20,-0.23,0.30,0,6.31
106602,2984,1422.0,939.0,0.00,0.00,0.00,0,16.09
106604,2983,1411.1,920.6,-0.20,-0.23,0.30,0,9.97
106604,2984,1422.0,939.0,0.00,0.00,0.00,0,19.97
106605,2983,1411.1,920.6,-0.20,-0.23,0.30,0,12.13
106606,2983,1411.1,920.6,-0.20,-0.23,0.30,0,14.52
106640,2985,592.0,1287.0,0.00,0.00,0.00,0,12.00
106642,2987,628.0,1273.0,0.00,0.00,0.00,0,12.01
106642,2988,610.0,1280.0,0.00,0.00,0.00,0,12.01
106643,2987,628.3,1273.0,0.01,0.00,0.01,0,7.48
106643,2988,621.8,1275.4,0.29,-0.11,0.31,0,7.48
106644,2987,632.6,1271.2,0.29,-0.12,0.32,0,6.31
106646,2987,632.7,1271.2,0.29,-0.12,0.32,0,9.97
106647,2987,632.7,1271.2,0.29,-0.12,0.32,0,12.14
106648,2987,632.7,1271.2,0.29,-0.12,0.32,0,14.49
106700,2990,1180.0,775.0,0.00,0.00,0.00,0,12.01
106701,2990,1180.0,775.0,0.00,0.00,0.00,0,14.04
106702,2990,1180.0,775.0,0.00,0.00,0.00,0,16.09
106704,2990,1180.0,775.0,0.00,0.00,0.00,0,19.96
107117,2991,1427.0,1134.0,0.00,0.00,0.00,0,12.01
107119,2993,1401.0,1116.0,0.00,0.00,0.00,0,12.01
107119,2994,1415.0,1124.0,0.00,0.00,0.00,0,12.01
107120,2993,1401.3,1116.3,0.01,0.01,0.01,0,7.48
107120,2994,1406.5,1120.1,-0.21,-0.10,0.23,0,7.48
107121,2993,1398.7,1115.5,-0.17,-0.05,0.18,0,6.31
107123,2993,1398.6,1115.5,-0.17,-0.05,0.18,0,9.95
107124,2993,1398.6,1115.5,-0.17,-0.05,0.18,0,12.13
107125,2993,1398.6,1115.5,-0.17,-0.05,0.18,0,14.53
107506,2997,461.0,990.0,0.00,0.00,0.00,0,12.01
107507,2997,461.0,990.0,0.00,0.00,0.00,0,14.04
107508,2997,461.0,990.0,0.00,0.00,0.00,0,16.09
107510,2997,461.0,990.0,0.00,0.00,0.00,0,19.97
107738,2998,413.0,1128.0,0.00,0.00,0.00,0,12.01
107740,3000,445.0,1112.0,0.00,0.00,0.00,0,12.01
107740,3001,427.0,1120.0,0.00,0.00,0.00,0,12.01
107741,3000,444.0,1112.0,-0.03,0.00,0.03,0,7.48
107741,3001,436.5,1116.1,0.24,-0.10,0.26,0,7.48
107742,3000,446.6,1111.0,0.14,-0.07,0.16,0,6.31
107744,3000,446.6,1111.0,0.14,-0.07,0.16,0,9.96
107745,3000,446.6,1111.0,0.14,-0.07,0.16,0,12.12
107746,3000,446.6,1110.9,0.14,-0.07,0.16,0,14.47
107890,3002,770.0,523.0,0.00,0.00,0.00,0,12.01
107891,3002,769.7,523.0,-0.01,0.00,0.01,0,7.48
107891,3003,789.0,518.0,0.00,0.00,0.00,0,12.01
107892,3002,774.4,521.7,0.30,-0.09,0.32,0,6.31
107894,3002,774.5,521.7,0.30,-0.09,0.32,0,9.96
107895,3002,774.5,521.7,0.30,-0.09,0.32,0,12.12
107896,3002,774.5,521.7,0.30,-0.09,0.32,0,14.47
107939,3004,375.0,1022.0,0.00,0.00,0.00,0,12.01
107941,3006,391.0,1005.0,0.00,0.00,0.00,0,12.01
107941,3007,384.0,1014.0,0.00,0.00,0.00,0,12.01
107942,3006,390.7,1005.7,-0.01,0.02,0.02,0,7.47
107942,3007,387.6,1008.4,0.09,-0.14,0.16,0,7.47
107943,3006,392.0,1002.9,0.08,-0.16,0.18,0,6.31
107945,3006,392.1,1002.9,0.08,-0.16,0.18,0,9.96
107946,3006,392.1,1002.9,0.08,-0.16,0.18,0,12.12
107947,3006,392.1,1002.9,0.08,-0.16,0.18,0,14.47
107989,3008,1072.0,1300.0,0.00,0.00,0.00,0,12.01
107990,3008,1072.7,1300.7,0.02,0.02,0.02,0,7.47
107990,3009,1069.0,1278.0,0.00,0.00,0.00,0,12.01
107991,3008,1072.0,1295.6,-0.03,-0.32,0.32,0,6.31
107993,3008,1072.0,1295.5,-0.03,-0.32,0.32,0,9.96
107994,3008,1072.0,1295.5,-0.03,-0.32,0.32,0,12.13
107995,3008,1072.0,1295.5,-0.03,-0.32,0.32,0,14.47
108026,3011,938.0,654.0,0.00,0.00,0.00,0,12.01
108026,3012,921.0,671.0,0.00,0.00,0.00,0,12.01
108026,3013,909.0,803.0,0.00,0.00,0.00,0,12.01
108028,3014,980.0,607.0,0.00,0.00,0.00,0,12.01
108028,3015,909.0,812.0,0.00,0.00,0.00,0,12.01
108029,3014,979.7,607.7,-0.01,0.01,0.01,0,7.46
108029,3015,909.0,813.0,0.00,0.02,0.02,0,7.46
108029,3016,998.0,590.0,0.00,0.00,0.00,0,12.00
108029,3017,913.0,824.0,0.00,0.00,0.00,0,12.00
108030,3014,984.1,603.1,0.17,-0.17,0.24,0,6.29
108030,3015,909.8,815.6,0.03,0.12,0.13,0,6.29
108032,3014,984.2,603.1,0.17,-0.17,0.24,0,9.91
108032,3015,909.8,815.6,0.03,0.12,0.13,0,9.91
108033,3014,984.2,603.1,0.17,-0.17,0.24,0,12.06
108033,3015,909.8,815.6,0.03,0.12,0.13,0,12.06
108034,3014,984.2,603.1,0.17,-0.17,0.24,0,14.40
108034,3015,909.8,815.6,0.03,0.12,0.13,0,14.40
108066,3018,1332.0,798.0,0.00,0.00,0.00,0,12.04
108067,3018,1332.0,798.0,0.00,0.00,0.00,0,14.08
108068,3018,1330.2,804.3,-0.12,0.42,0.43,0,7.87
108070,3018,1330.2,804.4,-0.12,0.42,0.43,0,11.39
108071,3018,1330.2,804.4,-0.12,0.42,0.43,0,13.47
108072,3018,1330.2,804.5,-0.12,0.42,0.43,0,15.79
108132,3019,1508.0,794.0,0.00,0.00,0.00,0,12.01
108133,3019,1508.0,794.0,0.00,0.00,0.00,0,14.04
108134,3019,1508.0,794.0,0.00,0.00,0.00,0,16.09
108134,3020,1445.0,803.0,0.00,0.00,0.00,0,12.01
108136,3019,1508.0,794.0,0.00,0.00,0.00,0,19.95
108136,3020,1445.0,803.0,0.00,0.00,0.00,0,15.12
108137,3020,1445.0,803.0,0.00,0.00,0.00,0,17.23
108138,3020,1445.0,803.0,0.00,0.00,0.00,0,19.48
108169,3021,808.0,642.0,0.00,0.00,0.00,0,12.01
108170,3021,806.7,643.0,-0.03,0.02,0.04,0,7.50
108171,3021,804.7,644.5,-0.23,0.18,0.29,0,6.32
108173,3021,804.6,644.6,-0.23,0.18,0.29,0,9.99
108174,3021,804.6,644.6,-0.23,0.18,0.29,0,12.02
108175,3021,804.6,644.6,-0.23,0.18,0.29,0,14.34
108206,3022,1300.0,814.0,0.00,0.00,0.00,0,12.01
108206,3023,1288.0,817.0,0.00,0.00,0.00,0,12.01
108208,3024,1328.0,798.0,0.00,0.00,0.00,0,12.01
108208,3025,1314.0,808.0,0.00,0.00,0.00,0,12.01
108209,3024,1327.3,798.7,-0.01,0.01,0.02,0,7.47
108209,3025,1322.8,801.4,0.18,-0.14,0.23,0,7.47
108210,3024,1330.9,795.9,0.21,-0.16,0.26,0,6.31
108212,3024,1330.9,795.9,0.21,-0.16,0.26,0,9.97
108213,3024,1330.9,795.9,0.21,-0.16,0.26,0,12.12
108214,3024,1330.9,795.9,0.21,-0.16,0.26,0,14.46
108245,3027,830.0,844.0,0.00,0.00,0.00,0,12.01
108245,3028,829.0,861.0,0.00,0.00,0.00,0,12.01
108245,3029,784.0,1237.0,0.00,0.00,0.00,0,12.01
108245,3030,765.0,1239.0,0.00,0.00,0.00,0,12.01
108247,3034,802.0,802.0,0.00,0.00,0.00,0,12.01
108247,3035,812.0,813.0,0.00,0.00,0.00,0,12.01
108247,3036,872.0,1225.0,0.00,0.00,0.00,0,12.01
108247,3037,879.0,1224.0,0.00,0.00,0.00,0,12.01
108247,3038,851.0,1230.0,0.00,0.00,0.00,0,12.01
108248,3034,802.3,802.7,0.01,0.02,0.02,0,7.47
108248,3035,806.1,806.1,-0.14,-0.16,0.21,0,7.47
108248,3036,873.0,1225.0,0.02,0.00,0.02,0,7.47
108248,3037,884.6,1222.7,0.13,-0.03,0.13,0,7.47
108248,3038,851.0,1230.0,0.00,0.00,0.00,0,14.03
108248,3039,309.0,794.0,0.00,0.00,0.00,0,12.01
108249,3034,800.7,800.7,-0.10,-0.11,0.14,0,6.31
108249,3036,879.2,1223.7,0.41,-0.08,0.42,0,6.31
108249,3038,851.0,1230.0,0.00,0.00,0.00,0,16.08
108251,3034,800.7,800.7,-0.10,-0.11,0.14,0,9.97
108251,3036,879.3,1223.7,0.41,-0.08,0.42,0,9.97
108251,3038,851.0,1230.0,0.00,0.00,0.00,0,19.95
108252,3034,800.7,800.7,-0.10,-0.11,0.14,0,12.12
108252,3036,879.3,1223.7,0.41,-0.08,0.42,0,12.12
108253,3034,800.7,800.7,-0.10,-0.11,0.14,0,14.46
108253,3036,879.3,1223.7,0.41,-0.08,0.42,0,14.46
108284,3042,981.0,614.0,0.00,0.00,0.00,0,12.01
108284,3043,975.0,624.0,0.00,0.00,0.00,0,12.01
108284,3044,1413.0,1055.0,0.00,0.00,0.00,0,12.01
108286,3046,988.0,593.0,0.00,0.00,0.00,0,12.01
108286,3047,985.0,605.0,0.00,0.00,0.00,0,12.01
108286,3048,1423.0,1066.0,0.00,0.00,0.00,0,12.01
108286,3049,1430.0,1078.0,0.00,0.00,0.00,0,12.01
108287,3046,988.0,593.0,0.00,0.00,0.00,0,7.47
108287,3047,986.3,597.5,0.03,-0.17,0.18,0,7.47
108287,3048,1425.3,1069.6,0.05,0.08,0.10,0,7.47
108287,3049,1430.0,1078.0,0.00,0.00,0.00,0,14.03
108288,3046,988.0,590.4,0.00,-0.16,0.16,0,6.30
108288,3048,1425.3,1069.6,0.05,0.08,0.10,0,9.51
108290,3046,988.0,590.4,0.00,-0.16,0.16,0,9.96
108290,3048,1425.3,1069.6,0.05,0.08,0.10,0,13.28
108291,3046,988.0,590.4,0.00,-0.16,0.16,0,12.11
108291,3048,1425.3,1069.6,0.05,0.08,0.10,0,15.44
108292,3046,988.0,590.4,0.00,-0.16,0.16,0,14.45
108323,3050,1094.0,276.0,0.00,0.00,0.00,0,12.01
108324,3050,1093.0,276.3,-0.02,0.01,0.03,0,7.51
108325,3050,1089.9,276.8,-0.36,0.05,0.36,0,6.32
108327,3050,1089.8,276.8,-0.36,0.05,0.36,0,9.98
108328,3050,1089.8,276.8,-0.36,0.05,0.36,0,12.30
108329,3050,1089.8,276.8,-0.36,0.05,0.36,0,14.72
108883,3053,582.0,1046.0,0.00,0.00,0.00,0,12.01
108883,3054,621.0,1042.0,0.00,0.00,0.00,0,12.01
108884,3053,589.5,1043.4,0.18,-0.06,0.19,0,7.48
108884,3054,627.6,1042.7,0.15,0.02,0.15,0,7.48
108884,3055,643.0,1034.0,0.00,0.00,0.00,0,12.01
108885,3054,628.7,1041.5,0.23,-0.07,0.24,0,6.31
108885,3053,589.5,1043.4,0.18,-0.06,0.19,0,9.52
108887,3054,628.8,1041.4,0.23,-0.07,0.24,0,10.03
108887,3053,589.6,1043.4,0.18,-0.06,0.19,0,13.36
108888,3054,628.8,1041.4,0.23,-0.07,0.24,0,12.12
108888,3053,589.6,1043.4,0.18,-0.06,0.19,0,15.46
108889,3054,628.8,1041.4,0.23,-0.07,0.24,0,14.48
109011,3057,1504.0,581.0,0.00,0.00,0.00,0,12.01
109012,3057,1504.0,581.0,0.00,0.00,0.00,0,14.04
109013,3057,1504.0,581.0,0.00,0.00,0.00,0,16.09
109015,3057,1504.0,581.0,0.00,0.00,0.00,0,19.99
109049,3058,316.0,640.0,0.00,0.00,0.00,0,12.02
109051,3060,329.0,618.0,0.00,0.00,0.00,0,12.00
109052,3060,329.0,618.0,0.00,0.00,0.00,0,14.03
109053,3060,329.0,618.0,0.00,0.00,0.00,0,16.07
109055,3060,329.0,618.0,0.00,0.00,0.00,0,19.91
109401,3062,1492.0,980.0,0.00,0.00,0.00,0,12.05
109402,3062,1492.0,980.0,0.00,0.00,0.00,0,14.09
109403,3062,1492.7,980.4,0.05,0.02,0.05,0,7.88
109405,3062,1492.7,980.4,0.05,0.02,0.05,0,11.53
109406,3062,1492.7,980.4,0.05,0.02,0.05,0,13.70
109407,3062,1492.7,980.4,0.05,0.02,0.05,0,16.05
109629,3063,758.0,214.0,0.00,0.00,0.00,0,12.01
109630,3063,758.0,214.0,0.00,0.00,0.00,0,14.04
109631,3063,758.0,214.0,0.00,0.00,0.00,0,16.09
109633,3063,758.0,214.0,0.00,0.00,0.00,0,19.96
109666,3064,751.0,682.0,0.00,0.00,0.00,0,12.01
109667,3064,750.7,682.0,-0.01,0.00,0.01,0,7.48
109667,3065,739.0,686.0,0.00,0.00,0.00,0,12.01
109668,3064,747.7,682.8,-0.23,0.06,0.24,0,6.30
109670,3064,747.6,682.8,-0.23,0.06,0.24,0,9.94
109671,3064,747.6,682.8,-0.23,0.06,0.24,0,12.10
109672,3064,747.6,682.8,-0.23,0.06,0.24,0,14.44
109703,3066,459.0,1034.0,0.00,0.00,0.00,0,12.01
109703,3067,466.0,1067.0,0.00,0.00,0.00,0,12.01
109705,3069,434.0,977.0,0.00,0.00,0.00,0,12.01
109705,3070,448.0,1007.0,0.00,0.00,0.00,0,12.01
109706,3069,434.3,977.7,0.01,0.01,0.02,0,7.47
109706,3070,448.0,1007.0,0.00,0.00,0.00,0,14.03
109706,3071,418.0,951.0,0.00,0.00,0.00,0,12.01
109707,3069,430.4,971.1,-0.23,-0.38,0.45,0,6.31
109707,3070,448.0,1007.0,0.00,0.00,0.00,0,16.08
109709,3069,430.3,971.0,-0.23,-0.38,0.45,0,9.97
109709,3070,448.0,1007.0,0.00,0.00,0.00,0,19.94
109710,3069,430.3,970.9,-0.23,-0.38,0.45,0,12.13
109711,3069,430.3,970.9,-0.23,-0.38,0.45,0,14.47
109742,3072,297.0,900.0,0.00,0.00,0.00,0,12.01
109742,3073,301.0,919.0,0.00,0.00,0.00,0,12.01
109744,3074,304.0,939.0,0.00,0.00,0.00,0,12.01
109744,3075,307.0,961.0,0.00,0.00,0.00,0,12.01
109745,3074,305.0,946.5,0.02,0.16,0.16,0,7.46
109745,3075,307.0,961.0,0.00,0.00,0.00,0,14.02
109746,3074,305.0,946.5,0.02,0.16,0.16,0,9.48
109748,3074,305.0,946.6,0.02,0.16,0.16,0,12.97
109749,3074,305.0,946.6,0.02,0.16,0.16,0,15.24
109883,3076,774.0,1338.0,0.00,0.00,0.00,0,12.01
109884,3076,774.0,1338.0,0.00,0.00,0.00,0,14.04
109885,3076,774.0,1338.0,0.00,0.00,0.00,0,16.09
109887,3076,774.0,1338.0,0.00,0.00,0.00,0,19.98
109921,3077,658.0,1343.0,0.00,0.00,0.00,0,12.03
109922,3077,657.7,1343.0,-0.01,0.00,0.01,0,7.48
109922,3078,675.0,1338.0,0.00,0.00,0.00,0,12.01
109923,3077,661.9,1342.0,0.29,-0.07,0.30,0,6.30
109925,3077,661.9,1342.0,0.29,-0.07,0.30,0,9.80
109926,3077,662.0,1341.9,0.29,-0.07,0.30,0,11.95
109927,3077,662.0,1341.9,0.29,-0.07,0.30,0,14.33
109958,3079,1163.0,1305.0,0.00,0.00,0.00,0,12.01
109958,3080,1157.0,1312.0,0.00,0.00,0.00,0,12.01
109960,3081,1167.0,1309.0,0.00,0.00,0.00,0,12.01
109961,3081,1168.6,1310.3,0.04,0.03,0.05,0,7.47
109962,3081,1170.3,1311.8,0.14,0.12,0.19,0,6.30
109964,3081,1170.3,1311.8,0.14,0.12,0.19,0,9.93
109965,3081,1170.3,1311.8,0.14,0.12,0.19,0,12.10
109966,3081,1170.3,1311.8,0.14,0.12,0.19,0,14.44
110200,3083,459.0,1141.0,0.00,0.00,0.00,0,12.01
110201,3083,459.3,1141.7,0.01,0.02,0.02,0,7.48
110201,3084,448.0,1123.0,0.00,0.00,0.00,0,12.01
110202,3083,456.7,1137.6,-0.17,-0.26,0.31,0,6.30
110204,3083,456.6,1137.6,-0.17,-0.26,0.31,0,9.94
110205,3083,456.6,1137.6,-0.17,-0.26,0.31,0,12.13
110206,3083,456.6,1137.5,-0.17,-0.26,0.31,0,14.48
110455,3085,327.0,975.0,0.00,0.00,0.00,0,12.01
110456,3085,327.0,974.7,0.00,-0.01,0.01,0,7.48
110456,3086,338.0,964.0,0.00,0.00,0.00,0,12.01
110457,3085,327.0,974.7,0.00,-0.01,0.01,0,9.52
110459,3085,327.0,974.7,0.00,-0.01,0.01,0,13.29
110460,3085,327.0,974.7,0.00,-0.01,0.01,0,15.46
110635,3087,756.0,1178.0,0.00,0.00,0.00,0,12.01
110635,3088,752.0,1186.0,0.00,0.00,0.00,0,12.01
110636,3087,755.7,1179.0,-0.01,0.03,0.03,0,7.48
110636,3088,751.7,1187.0,-0.01,0.03,0.03,0,7.48
110636,3089,770.0,1159.0,0.00,0.00,0.00,0,12.01
110637,3087,759.1,1174.1,0.22,-0.30,0.38,0,6.31
110639,3087,759.2,1174.0,0.22,-0.30,0.38,0,9.95
110640,3087,759.2,1174.0,0.22,-0.30,0.38,0,12.12
110641,3087,759.2,1174.0,0.22,-0.30,0.38,0,14.47
110672,3090,1431.0,865.0,0.00,0.00,0.00,0,12.01
110672,3091,1436.0,887.0,0.00,0.00,0.00,0,12.01
110672,3092,1134.0,1234.0,0.00,0.00,0.00,0,12.01
110672,3093,1119.0,1243.0,0.00,0.00,0.00,0,12.01
110674,3095,1419.0,820.0,0.00,0.00,0.00,0,12.01
110674,3096,1424.0,843.0,0.00,0.00,0.00,0,12.01
110674,3097,784.0,886.0,0.00,0.00,0.00,0,12.01
110674,3098,1164.0,1217.0,0.00,0.00,0.00,0,12.01
110674,3099,1147.0,1227.0,0.00,0.00,0.00,0,12.01
110675,3095,1419.0,820.0,0.00,0.00,0.00,0,7.47
110675,3096,1424.0,843.0,0.00,0.00,0.00,0,14.03
110675,3097,784.0,886.0,0.00,0.00,0.00,0,7.47
110675,3098,1163.7,1217.0,-0.01,0.00,0.01,0,7.47
110675,3099,1157.2,1220.4,0.22,-0.14,0.27,0,7.47
110675,3100,1419.0,797.0,0.00,0.00,0.00,0,12.01
110676,3095,1419.0,814.3,0.00,-0.35,0.35,0,6.30
110676,3098,1167.6,1214.4,0.24,-0.16,0.29,0,6.30
110676,3097,784.0,886.0,0.00,0.00,0.00,0,9.51
110676,3096,1424.0,843.0,0.00,0.00,0.00,0,16.08
110678,3095,1419.0,814.2,0.00,-0.35,0.35,0,9.91
110678,3098,1167.7,1214.4,0.24,-0.16,0.29,0,9.91
110678,3097,784.0,886.0,0.00,0.00,0.00,0,13.23
110678,3096,1424.0,843.0,0.00,0.00,0.00,0,19.88
110679,3095,1419.0,814.2,0.00,-0.35,0.35,0,12.11
110679,3098,1167.7,1214.4,0.24,-0.16,0.29,0,12.11
110679,3097,784.0,886.0,0.00,0.00,0.00,0,15.44
110680,3095,1419.0,814.2,0.00,-0.35,0.35,0,14.45
110680,3098,1167.7,1214.4,0.24,-0.16,0.29,0,14.45
110711,3102,1331.0,1195.0,0.00,0.00,0.00,0,12.01
110712,3102,1332.3,1197.0,0.03,0.05,0.06,0,7.48
110713,3102,1334.3,1199.5,0.18,0.24,0.30,0,6.31
110715,3102,1334.3,1199.6,0.18,0.24,0.30,0,9.94
110716,3102,1334.3,1199.6,0.18,0.24,0.30,0,12.10
110717,3102,1334.3,1199.6,0.18,0.24,0.30,0,14.45
110749,3105,951.0,829.0,0.00,0.00,0.00,0,12.01
110749,3106,954.0,847.0,0.00,0.00,0.00,0,12.01
110750,3105,951.0,830.6,0.00,0.05,0.05,0,7.47
110750,3106,953.7,837.2,-0.01,-0.29,0.29,0,7.47
110751,3105,951.3,828.7,0.02,-0.08,0.08,0,6.31
110753,3105,951.3,828.7,0.02,-0.08,0.08,0,9.96
110754,3105,951.3,828.7,0.02,-0.08,0.08,0,12.11
110755,3105,951.3,828.7,0.02,-0.08,0.08,0,14.50
111137,3107,409.0,1076.0,0.00,0.00,0.00,0,12.01
111139,3109,418.0,1081.0,0.00,0.00,0.00,0,12.01
111139,3110,432.0,1083.0,0.00,0.00,0.00,0,12.01
111140,3109,421.9,1081.7,0.10,0.02,0.10,0,7.48
111140,3110,436.6,1082.7,0.11,-0.01,0.11,0,7.48
111141,3109,427.9,1081.7,0.49,0.02,0.49,0,6.31
111143,3109,428.0,1081.8,0.49,0.02,0.49,0,9.95
111144,3109,428.0,1081.8,0.49,0.02,0.49,0,12.12
111145,3109,428.0,1081.8,0.49,0.02,0.49,0,14.47
111176,3111,1109.0,1023.0,0.00,0.00,0.00,0,12.01
111177,3111,1109.0,1023.0,0.00,0.00,0.00,0,14.04
111178,3111,1109.0,1023.0,0.00,0.00,0.00,0,16.09
111180,3111,1109.0,1023.0,0.00,0.00,0.00,0,19.94
