frame,time,vision_latency_ms,pipeline_latency_ms,ndet,ntrack,temp,cooldown,suppressed
0,1776086096.7316165,29.940936999992118, 0.18661000012798468,4,0,27.8,0.0,0
1,1776086096.7929838,28.54065300016373, 0.2493690003575466,5,5,27.8,0.0,0
2,1776086096.8099003,15.21063200016215, 0.22938300025998615,3,6,27.8,0.0,0
3,1776086097.101296,21.083104999888747, 258.15967800008366,2,5,27.8,0.0,0
5,1776086097.1045763,0.3853100001833809, 0.30064500015214435,0,5,27.8,0.0,1
6,1776086097.1155527,0.3937160004170437, 0.33061800013456377,0,2,27.8,0.0,1
7,1776086097.145678,0.3161790000376641, 0.35012699981962214,0,1,27.8,0.0,1
8,1776086097.1765375,1.9008120002581563, 0.32294599986926187,0,0,27.8,0.0,1
9,1776086097.2088602,0.03444799995122594, 0.26187799994659144,0,0,27.8,0.0,1
10,1776086097.2359252,0.040593999983684625, 0.3156050001962285,0,0,27.8,0.0,1
11,1776086097.2640257,0.04973999966750853, 0.38703799964423524,0,0,27.8,0.0,1
12,1776086097.2937386,0.04384600015328033, 0.3972730000896263,0,0,27.8,0.0,1
13,1776086097.3237286,0.04831500018553925, 0.3928950000045006,0,0,27.8,0.0,1
14,1776086097.3531983,0.046784999994997634, 0.41213799977413146,0,0,27.8,0.0,1
15,1776086097.3828683,0.04316499962442322, 0.373553999907017,0,0,27.8,0.0,1
16,1776086097.412544,0.04572199986796477, 0.3639130000010482,0,0,27.8,0.0,1
17,1776086097.4422085,0.04610399992088787, 0.37368799985415535,0,0,27.8,0.0,1
18,1776086097.472603,0.04816000000573695, 0.3858879999825149,0,0,27.8,0.0,1
19,1776086097.5023873,0.04486400030145887, 0.3590880000956531,0,0,27.8,0.0,1
20,1776086097.5315394,0.046691000079590594, 0.39907400014271843,0,0,27.8,0.0,1
21,1776086097.5614686,0.05284000008032308, 0.41826200003924896,0,0,27.8,0.0,1
22,1776086097.5908344,0.041865000184770906, 0.3437810000832542,0,0,27.8,0.0,1
23,1776086097.6205678,0.04585700025927508, 0.3782439998758491,0,0,27.8,0.0,1
24,1776086097.6503217,0.04896100017504068, 0.3919139999197796,0,0,27.8,0.0,1
25,1776086097.6807537,0.06295399998634821, 0.3619789999902423,0,0,27.8,0.0,1
26,1776086097.7102585,0.047620000259485096, 0.34295700015718467,0,0,27.8,0.0,1
27,1776086097.7403097,0.04611300028045662, 0.342333999924449,0,0,27.8,0.0,1
28,1776086097.7697492,0.060276000112935435, 0.34501100026318454,0,0,27.8,0.0,1
29,1776086097.7992556,0.04569300017465139, 0.33640199990259134,0,0,27.8,0.0,1
30,1776086097.8305511,0.03751099984583561, 0.31349499977295636,0,0,27.8,0.0,1
31,1776086097.8591466,0.04137499990974902, 0.5007579998164147,0,0,27.8,0.0,1
32,1776086097.8889503,0.04239100007907837, 0.42535000011412194,0,0,27.8,0.0,1
33,1776086097.9187772,0.04143900014241808, 0.49428600004830514,0,0,27.8,0.0,1
34,1776086097.9485664,0.04734399999506422, 0.4404169999361329,0,0,27.8,0.0,1
35,1776086097.9779818,0.039667000237386674, 0.4944060001434991,0,0,27.8,0.0,1
36,1776086098.0078824,0.040425999941362534, 0.4758360000778339,0,0,27.8,0.0,1
37,1776086098.03726,0.060028000007150695, 0.40839800021785777,0,0,27.8,0.0,1
38,1776086098.0675492,0.09562100012772135, 0.4020469996248721,0,0,27.8,0.0,1
38,1776086098.1269321,29.529723999985436, 0.2440939997541136,5,5,27.8,0.0,0
39,1776086098.1733425,21.782525000162423, 0.24335999978575273,4,0,27.8,0.0,0
40,1776086098.1889572,13.85090699977809, 0.2372839999225107,4,4,27.8,0.0,0
41,1776086098.2035646,12.732691000110208, 0.27177699985259096,5,6,27.8,0.0,0
42,1776086098.4891894,14.288793000105215, 261.7619090001426,4,3,27.8,0.0,0
44,1776086098.4939284,0.39600400032213656, 0.37185400015005143,0,3,27.8,0.0,1
45,1776086098.5131626,0.42288299982828903, 0.42790299994521774,0,2,27.8,0.0,1
46,1776086098.5444021,2.204965999681008, 0.3798980001192831,0,2,27.8,0.0,1
47,1776086098.577262,0.2241809997940436, 0.29407600004560663,0,0,27.8,0.0,1
48,1776086098.602053,0.10503500016056933, 0.42540300000837306,0,0,27.8,0.0,1
49,1776086098.6317487,0.12432800031092484, 0.380297999981849,0,0,27.8,0.0,1
50,1776086098.6611545,0.04052100030094152, 0.4275280002730142,0,0,27.8,0.0,1
51,1776086098.6910486,0.04308799998398172, 0.41942699999708566,0,0,27.8,0.0,1
52,1776086098.7226999,0.09410699976797332, 0.311922000037157,0,0,27.8,0.0,1
53,1776086098.7502124,0.09442200007470092, 0.42486699976507225,0,0,27.8,0.0,1
54,1776086098.7800956,0.09684899987405515, 0.4221610001877707,0,0,27.8,0.0,1
55,1776086098.8098652,0.1138450002144964, 0.42147400017711334,0,0,27.8,0.0,1
56,1776086098.8394217,0.03867700024784426, 0.44021600024279905,0,0,27.8,0.0,1
57,1776086098.8691726,0.03989300012108288, 0.4222919997118879,0,0,27.8,0.0,1
58,1776086098.8992093,0.10458599990670336, 0.4458970001905982,0,0,27.8,0.0,1
59,1776086098.9288192,0.0571489999856567, 0.4288590002943238,0,0,27.8,0.0,1
60,1776086098.9588346,0.036487000215856824, 0.38283800040517235,0,0,27.8,0.0,1
61,1776086098.9889543,0.03678600023704348, 0.38276299983408535,0,0,27.8,0.0,1
62,1776086099.0183132,0.09580500000083703, 0.4531009999482194,0,0,27.8,0.0,1
63,1776086099.0477507,0.04516499984674738, 0.4760580000038317,0,0,27.8,0.0,1
64,1776086099.0772746,0.04124299994145986, 0.4117230000701966,0,0,27.8,0.0,1
65,1776086099.107038,0.04138000031161937, 0.41241700000682613,0,0,27.8,0.0,1
66,1776086099.136881,0.03927300031136838, 0.46934899955886067,0,0,27.8,0.0,1
67,1776086099.1662085,0.09322000005340669, 0.4167880001659796,0,0,27.8,0.0,1
68,1776086099.1962159,0.03965099995184573, 0.4083929998159874,0,0,27.8,0.0,1
69,1776086099.2262776,0.09123999961957452, 0.3996400000687572,0,0,27.8,0.0,1
70,1776086099.2553995,0.04123999997318606, 0.4150499999013846,0,0,27.8,0.0,1
71,1776086099.2851617,0.03859799971905886, 0.40888899957280955,0,0,27.8,0.0,1
72,1776086099.3168855,0.0336519997290452, 0.34680299995670794,0,0,27.8,0.0,1
73,1776086099.344395,0.03753700002562255, 0.4432099999576167,0,0,27.8,0.0,1
74,1776086099.3747697,0.03826400006801123, 0.470351000330993,0,0,27.8,0.0,1
75,1776086099.4039993,0.04129600029045832, 0.41475500029264367,0,0,27.8,0.0,1
76,1776086099.434419,0.045402999603538774, 0.49494299992147717,0,0,27.8,0.0,1
77,1776086099.4632876,0.03855700015265029, 0.41860600003928994,0,0,27.8,0.0,1
77,1776086099.5245733,31.4491750000343, 0.3082000002905261,10,10,27.8,0.0,0
78,1776086099.5817971,22.53336900002978, 0.25894300006257254,10,0,27.8,0.0,0
79,1776086099.5981278,14.05058000000281, 0.2655029998095415,5,5,27.8,0.0,0
80,1776086099.6298428,18.17024699994363, 0.23486000009143027,5,5,27.8,0.0,0
81,1776086099.9199278,19.21667199985677, 260.03837300004307,4,3,27.8,0.0,0
83,1776086099.9243925,0.36737799973707297, 0.3797519998443022,0,3,27.8,0.0,1
84,1776086099.939488,0.4077720000168483, 0.4326270000092336,0,3,27.8,0.0,1
85,1776086099.9692647,0.40604400010124664, 0.46849899990775157,0,2,27.8,0.0,1
86,1776086100.0004747,2.173237000079098, 0.39545900017401436,0,0,27.8,0.0,1
87,1776086100.033033,0.03421600013098214, 0.27348100002200226,0,0,27.8,0.0,1
88,1776086100.0580904,0.040500000068277586, 0.48655000000508153,0,0,27.8,0.0,1
89,1776086100.087485,0.041678999878058676, 0.42613799996615853,0,0,27.8,0.0,1
90,1776086100.1172187,0.041801999941526446, 0.434932000189292,0,0,27.8,0.0,1
91,1776086100.1470692,0.041307000174128916, 0.41284300004917895,0,0,27.8,0.0,1
92,1776086100.1776447,0.03799399974013795, 0.398228999983985,0,0,27.8,0.0,1
93,1776086100.208139,0.03720600034284871, 0.35951500012743054,0,0,27.8,0.0,1
94,1776086100.2361546,0.0997340002868441, 0.4155289998379885,0,0,27.8,0.0,1
95,1776086100.2659628,0.04380200016385061, 0.4172920002929459,0,0,27.8,0.0,1
96,1776086100.2958584,0.11637299985522986, 0.41927999973268015,0,0,27.8,0.0,1
97,1776086100.3252716,0.09970899964173441, 0.4069719998369692,0,0,27.8,0.0,1
98,1776086100.3550873,0.040874000205803895, 0.4131069999857573,0,0,27.8,0.0,1
99,1776086100.3848193,0.05655799986925558, 0.4145890002291708,0,0,27.8,0.0,1
100,1776086100.4147806,0.05013800000597257, 0.3959300001952215,0,0,27.8,0.0,1
101,1776086100.444548,0.09759000022313558, 0.4019230000267271,0,0,27.8,0.0,1
102,1776086100.4741337,0.040996999814524315, 0.41041699978450197,0,0,27.8,0.0,1
103,1776086100.5034337,0.09992900004363037, 0.42790499992406694,0,0,27.8,0.0,1
104,1776086100.533225,0.04007600000477396, 0.4330520000621618,0,0,27.8,0.0,1
105,1776086100.5632544,0.045045999740978004, 0.48697200008973596,0,0,27.8,0.0,1
106,1776086100.592941,0.04407300002640113, 0.488177000079304,0,0,27.8,0.0,1
107,1776086100.622336,0.041650000184745295, 0.4171330001554452,0,0,27.8,0.0,1
108,1776086100.6525927,0.04450000005817856, 0.4932649999318528,0,0,27.8,0.0,1
109,1776086100.6824932,0.04516699982559658, 0.4957789997206419,0,0,27.8,0.0,1
110,1776086100.711807,0.039959000332601136, 0.49583700001676334,0,0,27.8,0.0,1
111,1776086100.7412097,0.04024999998364365, 0.4230019999340584,0,0,27.8,0.0,1
112,1776086100.7722948,0.04188799994153669, 0.40165600012187497,0,0,27.8,0.0,1
113,1776086100.802667,0.03499300009934814, 0.36327799989521736,0,0,27.8,0.0,1
114,1776086100.8302648,0.09857500026555499, 0.415700999838009,0,0,27.8,0.0,1
115,1776086100.8601687,0.1063230001818738, 0.40714300030231243,0,0,27.8,0.0,1
116,1776086100.890046,0.03843000013148412, 0.4156200002398691,0,0,27.8,0.0,1
116,1776086100.9497688,30.20730199978061, 0.26611700013745576,6,6,27.8,0.0,0
117,1776086100.9903224,22.594009999920672, 0.2748510000856186,9,0,27.8,0.0,0
118,1776086101.0056946,13.581779000105598, 0.2951840001514938,10,10,27.8,0.0,0
119,1776086101.0226436,13.038734000019758, 0.3195240001332422,7,10,27.8,0.0,0
120,1776086101.3148587,17.894722999699297, 260.5294549998689,6,8,27.8,0.0,0
122,1776086101.3199856,0.6178120002005016, 0.35215100024288404,0,8,27.8,0.0,1
123,1776086101.3369033,0.7606660001329146, 0.39256099989870563,0,7,27.8,0.0,1
124,1776086101.3676696,2.494519000265427, 0.40930000022854074,0,3,27.8,0.0,1
125,1776086101.40027,0.27730900001188274, 0.3287210001872154,0,0,27.8,0.0,1
126,1776086101.424957,0.04257599994161865, 0.4729709999082843,0,0,27.8,0.0,1
127,1776086101.4542623,0.04097600003660773, 0.43633400036924286,0,0,27.8,0.0,1
128,1776086101.4845414,0.047012999857543036, 0.4518800001278578,0,0,27.8,0.0,1
129,1776086101.514379,0.11369300000296789, 0.4648670001188293,0,0,27.8,0.0,1
130,1776086101.5438797,0.11411500008762232, 0.4170219999650726,0,0,27.8,0.0,1
131,1776086101.5737624,0.046380000185308745, 0.49274499997409293,0,0,27.8,0.0,1
132,1776086101.6030807,0.10311400001228321, 0.41263899993282394,0,0,27.8,0.0,1
133,1776086101.6334436,0.043341000036889454, 0.4102459997739061,0,0,27.8,0.0,1
134,1776086101.6632402,0.03810099997281213, 0.45035799985271296,0,0,27.8,0.0,1
135,1776086101.6939633,0.035289000152260996, 0.36483999974734616,0,0,27.8,0.0,1
136,1776086101.7220173,0.045247999878483824, 0.4227350000292063,0,0,27.8,0.0,1
137,1776086101.7518182,0.038686000152665656, 0.48388000004706555,0,0,27.8,0.0,1
138,1776086101.781245,0.0404750003326626, 0.42081799983861856,0,0,27.8,0.0,1
139,1776086101.8112843,0.0990200001069752, 0.41275199964729836,0,0,27.8,0.0,1
140,1776086101.8408623,0.043432999973447295, 0.40996899997480796,0,0,27.8,0.0,1
141,1776086101.8703625,0.04228999978295178, 0.4221460003464017,0,0,27.8,0.0,1
142,1776086101.900546,0.040082999930746155, 0.4141589997743722,0,0,27.8,0.0,1
143,1776086101.9304798,0.04010399970866274, 0.46069900008660625,0,0,27.8,0.0,1
144,1776086101.9593816,0.044687999888992636, 0.43892699977732264,0,0,27.8,0.0,1
145,1776086101.9899573,0.08981700011645444, 0.43065599993497017,0,0,27.8,0.0,1
146,1776086102.0190783,0.10167899972657324, 0.4190859999653185,0,0,27.8,0.0,1
147,1776086102.0488904,0.0428839998676267, 0.42884999993475503,0,0,27.8,0.0,1
148,1776086102.0782247,0.04231299999446492, 0.4252530002304411,0,0,27.8,0.0,1
149,1776086102.1081061,0.040483999782736646, 0.4200209996270132,0,0,27.8,0.0,1
150,1776086102.1385376,0.04818200022782548, 0.5048509997322981,0,0,27.8,0.0,1
151,1776086102.1678994,0.042860000121436315, 0.4094920000170532,0,0,27.8,0.0,1
152,1776086102.1972458,0.041619000057835365, 0.42673500001910725,0,0,27.8,0.0,1
153,1776086102.2270894,0.10087200007546926, 0.4266169999027625,0,0,27.8,0.0,1
154,1776086102.2577753,0.0382289999834029, 0.44859599984192755,0,0,27.8,0.0,1
155,1776086102.2882028,0.038251999740168685, 0.3561749999789754,0,0,27.8,0.0,1
155,1776086102.3473947,31.430667999757134, 0.30992600022727856,11,11,27.8,0.0,0
156,1776086102.400043,22.255840999605425, 0.26676599964048364,8,0,27.8,0.0,0
157,1776086102.4232965,17.709277999983897, 0.2572470002633054,7,7,27.8,0.0,0
158,1776086102.4533432,19.023744000151055, 0.30353400006788434,8,10,27.8,0.0,0
159,1776086102.7444503,19.48761099993135, 260.9499670002151,7,4,27.8,0.0,0
161,1776086102.7491555,0.4181399999652058, 0.3679330002341885,0,4,27.8,0.0,1
162,1776086102.7621672,0.5258329997559485, 0.404196000090451,0,3,27.8,0.0,1
163,1776086102.7921686,0.42690400005085394, 0.3999210002803011,0,3,27.8,0.0,1
164,1776086102.823487,2.279197000007116, 0.413379999827157,0,0,27.8,0.0,1
165,1776086102.856155,0.03466199996182695, 0.2765009999166068,0,0,27.8,0.0,1
166,1776086102.8827195,0.07866099986131303, 0.37661199985450367,0,0,27.8,0.0,1
167,1776086102.9102592,0.040471000374964206, 0.4378849998829537,0,0,27.8,0.0,1
168,1776086102.9406173,0.04553300004772609, 0.4909250001219334,0,0,27.8,0.0,1
169,1776086102.9699807,0.10085999974762672, 0.4226669998388388,0,0,27.8,0.0,1
170,1776086103.0000536,0.041755999973247526, 0.48155100012081675,0,0,27.8,0.0,1
171,1776086103.0294604,0.06376000010277494, 0.427630000103818,0,0,27.8,0.0,1
172,1776086103.0591757,0.03976300013164291, 0.4175600001872226,0,0,27.8,0.0,1
173,1776086103.0888922,0.03975300023739692, 0.4228930001772824,0,0,27.8,0.0,1
174,1776086103.1188138,0.03653600015240954, 0.3805729998020979,0,0,27.8,0.0,1
175,1776086103.1489708,0.03754399995159474, 0.38961600012044073,0,0,27.8,0.0,1
176,1776086103.1781335,0.039416999698005384, 0.47203600024658954,0,0,27.8,0.0,1
177,1776086103.2077935,0.05561500029216404, 0.41690599982757703,0,0,27.8,0.0,1
178,1776086103.2372403,0.09442999999009771, 0.4260260002411087,0,0,27.8,0.0,1
179,1776086103.267138,0.10293400009686593, 0.41424199980610865,0,0,27.8,0.0,1
180,1776086103.2968273,0.04599000021698885, 0.34567500006232876,0,0,27.8,0.0,1
181,1776086103.3260376,0.045838999994884944, 0.39259300001504016,0,0,27.8,0.0,1
182,1776086103.3556705,0.040333000015380094, 0.36886599991703406,0,0,27.8,0.0,1
183,1776086103.3856556,0.04316200011089677, 0.3605680003602174,0,0,27.8,0.0,1
184,1776086103.4154036,0.053794999985257164, 0.42181999970125617,0,0,27.8,0.0,1
185,1776086103.4448078,0.07539799980804673, 0.38374999985535396,0,0,27.8,0.0,1
186,1776086103.4762478,0.04173599973000819, 0.33811899993452244,0,0,27.8,0.0,1
187,1776086103.5041237,0.04447899982551462, 0.3785670000979735,0,0,27.8,0.0,1
188,1776086103.5340111,0.04198400029054028, 0.35169299962944933,0,0,27.8,0.0,1
189,1776086103.5635805,0.050737999572447734, 0.3666249999696447,0,0,27.8,0.0,1
190,1776086103.5934331,0.053033999847684754, 0.4403349998938211,0,0,27.8,0.0,1
191,1776086103.6235218,0.05137000016475213, 0.3664199998638651,0,0,27.8,0.0,1
192,1776086103.6527736,0.04478700020627002, 0.3482010001789604,0,0,27.8,0.0,1
193,1776086103.6825492,0.04770299983647419, 0.37865800004510675,0,0,27.8,0.0,1
194,1776086103.7129428,0.04542600026979926, 0.34557500021037413,0,0,27.8,0.0,1
194,1776086103.7722607,29.44935899995471, 0.24335699981747894,5,5,27.8,0.0,0
195,1776086103.829088,23.10847700027807, 0.2898359998653177,10,0,27.8,0.0,0
196,1776086103.8450072,14.234152999961225, 0.27586200030782493,9,9,27.8,0.0,0
197,1776086103.8798084,20.007064000310493, 0.30064800012041815,6,9,27.8,0.0,0
198,1776086104.1675732,19.52997599983064, 257.1938759997465,8,6,27.8,0.0,0
200,1776086104.1714497,0.44120600023234147, 0.31237600023814593,0,6,27.8,0.0,1
201,1776086104.188486,0.47708800002510543, 0.35873400020136614,0,4,27.8,0.0,1
202,1776086104.2196884,1.8516430000090622, 0.30141100023683975,0,4,27.8,0.0,1
203,1776086104.2521758,0.29434399993988336, 0.30763399990973994,0,0,27.8,0.0,1
204,1776086104.277546,0.045539999973698286, 0.3436140000303567,0,0,27.8,0.0,1
205,1776086104.307305,0.045405000037135324, 0.33614400035730796,0,0,27.8,0.0,1
206,1776086104.3365412,0.04955199983669445, 0.36264600021240767,0,0,27.8,0.0,1
207,1776086104.3663743,0.049791000037657795, 0.4044909996991919,0,0,27.8,0.0,1
208,1776086104.3958018,0.04514700003710459, 0.3531749998728628,0,0,27.8,0.0,1
209,1776086104.4254985,0.04758300019602757, 0.40130699971996364,0,0,27.8,0.0,1
210,1776086104.4550114,0.047883000206638826, 0.37344000020311796,0,0,27.8,0.0,1
211,1776086104.4848223,0.045789000068907626, 0.3599379997467622,0,0,27.8,0.0,1
212,1776086104.514819,0.04399399995236308, 0.35835200014844304,0,0,27.8,0.0,1
213,1776086104.5442839,0.04693200025940314, 0.3830749997177918,0,0,27.8,0.0,1
214,1776086104.5740638,0.04655800012187683, 0.3834239996649558,0,0,27.8,0.0,1
215,1776086104.6035821,0.046751999889238505, 0.3594419999899401,0,0,27.8,0.0,1
216,1776086104.6341627,0.04384400017443113, 0.3462109998508822,0,0,27.8,0.0,1
217,1776086104.664901,0.04159300033279578, 0.33478700015621143,0,0,27.8,0.0,1
218,1776086104.692687,0.04221300014251028, 0.3630870000961295,0,0,27.8,0.0,1
219,1776086104.7227318,0.06505199962703045, 0.34351800013610045,0,0,27.8,0.0,1
220,1776086104.7529488,0.04628200031220331, 0.36937000004400034,0,0,27.8,0.0,1
221,1776086104.7819324,0.041574000078981044, 0.3461430001152621,0,0,27.8,0.0,1
222,1776086104.8119118,0.04711400015366962, 0.37130600003365544,0,0,27.8,0.0,1
223,1776086104.841618,0.05160199998499593, 0.4168039999967732,0,0,27.8,0.0,1
224,1776086104.8718965,0.04603100023814477, 0.3630019996307965,0,0,27.8,0.0,1
225,1776086104.9012952,0.042474000110814814, 0.33698200013532187,0,0,27.8,0.0,1
226,1776086104.9308302,0.05022899995310581, 0.3625439999268565,0,0,27.8,0.0,1
227,1776086104.9607863,0.044564999825524865, 0.3362970001035137,0,0,27.8,0.0,1
228,1776086104.9907506,0.06603199972232687, 0.34276499991392484,0,0,27.8,0.0,1
229,1776086105.020134,0.04593500034388853, 0.3268519999437558,0,0,27.8,0.0,1
230,1776086105.0499544,0.042594999740686035, 0.34929200000988203,0,0,27.8,0.0,1
231,1776086105.0793953,0.05516300007002428, 0.3999330001533963,0,0,27.8,0.0,1
232,1776086105.1087718,0.04526000020632637, 0.3494130000945006,0,0,27.8,0.0,1
233,1776086105.1390448,0.04344499984654249, 0.35474000014801277,0,0,27.8,0.0,1
233,1776086105.1995938,31.5396050000345, 0.2482390000295709,5,5,27.8,0.0,0
234,1776086105.2559805,23.591380000198114, 0.2716459998737264,4,0,27.8,0.0,0
235,1776086105.2791972,18.22866900010922, 0.2260609999211738,4,4,27.8,0.0,0
236,1776086105.3082526,19.396658999994543, 0.22872599993206677,2,4,27.8,0.0,0
237,1776086105.5954175,19.845253999847046, 257.76607899979354,3,3,27.8,0.0,0
239,1776086105.5991683,0.3063490003114566, 0.30381499982468085,0,3,27.8,0.0,1
240,1776086105.614932,0.3425649997552682, 0.34064200008288026,0,2,27.8,0.0,1
241,1776086105.6444025,0.29677100019398495, 0.34683900003074086,0,2,27.8,0.0,1
242,1776086105.6756387,1.7441869999856863, 0.3276140000707528,0,0,27.8,0.0,1
243,1776086105.708458,0.03907200016328716, 0.285931999769673,0,0,27.8,0.0,1
244,1776086105.7333114,0.04255699968780391, 0.3434929999457381,0,0,27.8,0.0,1
245,1776086105.7633116,0.04291100003683823, 0.340924999818526,0,0,27.8,0.0,1
246,1776086105.7929153,0.04632800028048223, 0.34397699982946506,0,0,27.8,0.0,1
247,1776086105.8226306,0.04660700005842955, 0.36183800011713174,0,0,27.8,0.0,1
248,1776086105.8537116,0.039412999740306986, 0.29915100003563566,0,0,27.8,0.0,1
249,1776086105.8819017,0.04589500031215721, 0.3353439997226815,0,0,27.8,0.0,1
250,1776086105.9117663,0.04244299998390488, 0.3459380000094825,0,0,27.8,0.0,1
251,1776086105.9412155,0.04822899973078165, 0.348106999808806,0,0,27.8,0.0,1
252,1776086105.9711869,0.041060999592446024, 0.34817699997802265,0,0,27.8,0.0,1
253,1776086106.000848,0.04336700021667639, 0.3390130000298086,0,0,27.8,0.0,1
254,1776086106.0299065,0.0418750000790169, 0.33908400018844986,0,0,27.8,0.0,1
255,1776086106.0597506,0.06982800005062018, 0.3714790000231005,0,0,27.8,0.0,1
256,1776086106.09043,0.05339600011211587, 0.4071230000590731,0,0,27.8,0.0,1
257,1776086106.1201725,0.04494099994190037, 0.34492899976612534,0,0,27.8,0.0,1
258,1776086106.1489294,0.04358199976195465, 0.37063899981149007,0,0,27.8,0.0,1
259,1776086106.178575,0.050629999805096304, 0.39700300021650037,0,0,27.8,0.0,1
260,1776086106.2090476,0.045200999920780305, 0.3580750003493449,0,0,27.8,0.0,1
261,1776086106.2387044,0.04285099976186757, 0.34098200012522284,0,0,27.8,0.0,1
262,1776086106.268163,0.04660100012188195, 0.3329950000079407,0,0,27.8,0.0,1
263,1776086106.2983437,0.04509000018515508, 0.3368540001247311,0,0,27.8,0.0,1
264,1776086106.3272698,0.04771599969899398, 0.39158900017355336,0,0,27.8,0.0,1
265,1776086106.357116,0.04683199995270115, 0.3430050001043128,0,0,27.8,0.0,1
266,1776086106.3867233,0.04318799983593635, 0.433826000062254,0,0,27.8,0.0,1
267,1776086106.4169,0.04777200001626625, 0.3639329997895402,0,0,27.8,0.0,1
268,1776086106.4478266,0.03825000021606684, 0.29522700015149894,0,0,27.8,0.0,1
269,1776086106.4761214,0.044747999709215946, 0.3392159997019917,0,0,27.8,0.0,1
270,1776086106.5059123,0.0484659999528958, 0.33644599989202106,0,0,27.8,0.0,1
271,1776086106.5357773,0.044828999762103194, 0.34733600023173494,0,0,27.8,0.0,1
272,1776086106.5652719,0.0449789999947825, 0.3421060000619036,0,0,27.8,0.0,1
272,1776086106.6266193,31.664176000049338, 0.28185199971630936,11,11,27.8,0.0,0
273,1776086106.6426249,14.183149000018602, 0.27916200042454875,11,0,27.8,0.0,0
274,1776086106.6764388,20.44414300007702, 0.2672050000001036,8,8,27.8,0.0,0
275,1776086106.702307,18.104653999671427, 0.26318200025343685,7,8,27.8,0.0,0
276,1776086106.9944227,21.067750999918644, 258.93109400021785,6,6,27.8,0.0,0
278,1776086106.9986334,0.4378339999675518, 0.32001799991121516,0,6,27.8,0.0,1
279,1776086107.0115843,0.44951400013815146, 0.3092789997936052,0,5,27.8,0.0,1
280,1776086107.042298,1.9902470003216877, 0.34347300015724613,0,3,27.8,0.0,1
281,1776086107.0748193,0.2797769998323929, 0.2870260000236158,0,0,27.8,0.0,1
282,1776086107.0997777,0.04425199995239382, 0.3426329999456357,0,0,27.8,0.0,1
283,1776086107.129645,0.044148000142740784, 0.36831199986409047,0,0,27.8,0.0,1
284,1776086107.1591637,0.047110000195971224, 0.3875129996231408,0,0,27.8,0.0,1
285,1776086107.189582,0.057654000102047576, 0.4307320000407344,0,0,27.8,0.0,1
286,1776086107.2186599,0.040890000036597485, 0.36754499978997046,0,0,27.8,0.0,1
287,1776086107.2486985,0.04315900014262297, 0.3650759999800357,0,0,27.8,0.0,1
288,1776086107.2780616,0.04767100017488701, 0.37970399989717407,0,0,27.8,0.0,1
289,1776086107.307604,0.042951000068569556, 0.3589269999793032,0,0,27.8,0.0,1
290,1776086107.339139,0.039680000099906465, 0.31431000024895184,0,0,27.8,0.0,1
291,1776086107.3671112,0.04568699978335644, 0.37803300028826925,0,0,27.8,0.0,1
292,1776086107.3968968,0.0432709998676728, 0.3710659998432675,0,0,27.8,0.0,1
293,1776086107.4267576,0.06726799983880483, 0.37457500002346933,0,0,27.8,0.0,1
294,1776086107.4565427,0.052568000228347955, 0.39867800023785094,0,0,27.8,0.0,1
295,1776086107.4859858,0.045774000227538636, 0.37870799997108406,0,0,27.8,0.0,1
296,1776086107.5158374,0.04484900000534253, 0.3664149999167421,0,0,27.8,0.0,1
297,1776086107.545326,0.04883500014329911, 0.3742570002032153,0,0,27.8,0.0,1
298,1776086107.5759962,0.04497399959291215, 0.3627470000537869,0,0,27.8,0.0,1
299,1776086107.6058302,0.044255000375414966, 0.33808700027293526,0,0,27.8,0.0,1
300,1776086107.6345968,0.043077000100311125, 0.36095999985263916,0,0,27.8,0.0,1
301,1776086107.6648517,0.04976899981556926, 0.4108769999220385,0,0,27.8,0.0,1
302,1776086107.6945412,0.05534899992198916, 0.3772139998545754,0,0,27.8,0.0,1
303,1776086107.7238414,0.04362500021670712, 0.37656199992852635,0,0,27.8,0.0,1
304,1776086107.7533727,0.04677600009017624, 0.3845999999612104,0,0,27.8,0.0,1
305,1776086107.7835326,0.04654699978345889, 0.3709970001182228,0,0,27.8,0.0,1
306,1776086107.8132343,0.0487790002807742, 0.35939300005338737,0,0,27.8,0.0,1
307,1776086107.8437383,0.0585419998060388, 0.3429139997024322,0,0,27.8,0.0,1
308,1776086107.8723984,0.04794000005858834, 0.38490899987664307,0,0,27.8,0.0,1
309,1776086107.902123,0.048505999984627124, 0.40604400010124664,0,0,27.8,0.0,1
310,1776086107.9334319,0.04201299998385366, 0.3235770000173943,0,0,27.8,0.0,1
311,1776086107.961381,0.044298999910097336, 0.38490999986606766,0,0,27.8,0.0,1
311,1776086108.0247009,33.67385399997147, 0.2977129997816519,17,17,27.8,0.0,0
312,1776086108.0411355,14.606307000121888, 0.25750499980858876,16,0,27.8,0.0,0
313,1776086108.0760195,21.76063599972622, 0.32194300001719967,17,17,27.8,0.0,0
314,1776086108.100115,17.31810899991615, 0.32871799976419425,16,19,27.8,0.0,0
315,1776086108.3894434,20.7082659999287, 257.36431999985143,23,14,27.8,0.0,0
317,1776086108.394863,0.9661789999881876, 0.34877100006269757,0,14,27.8,0.0,1
318,1776086108.4084918,1.1262779999015038, 0.4154279999966093,0,12,27.8,0.0,1
319,1776086108.4386997,0.9435100000700913, 0.3951879998567165,0,10,27.8,0.0,1
320,1776086108.4698706,2.6467890002095373, 0.43962100016869954,0,0,27.8,0.0,1
321,1776086108.5020022,0.0339600001098006, 0.3146330000163289,0,0,27.8,0.0,1
322,1776086108.5282807,0.0376070001948392, 0.3661959999590181,0,0,27.8,0.0,1
323,1776086108.5562546,0.09480800008532242, 0.4352630003268132,0,0,27.8,0.0,1
324,1776086108.5861769,0.10592999979053275, 0.4187380000075791,0,0,27.8,0.0,1
325,1776086108.6159322,0.04284799979359377, 0.42907299985017744,0,0,27.8,0.0,1
326,1776086108.64538,0.08990799960884033, 0.43122399983985815,0,0,27.8,0.0,1
327,1776086108.6751895,0.0391620001209958, 0.42755399999805377,0,0,27.8,0.0,1
328,1776086108.7050395,0.10323399965272984, 0.42173700012426707,0,0,27.8,0.0,1
329,1776086108.7348995,0.03917399999409099, 0.47506399960184353,0,0,27.8,0.0,1
330,1776086108.7647316,0.03687700018417672, 0.39785599983588327,0,0,27.8,0.0,1
331,1776086108.7949035,0.09276400032831589, 0.37888899987592595,0,0,27.8,0.0,1
332,1776086108.823919,0.060089000271545956, 0.41826799997579656,0,0,27.8,0.0,1
333,1776086108.8535419,0.09431799981030053, 0.41150400011247257,0,0,27.8,0.0,1
334,1776086108.8832152,0.040656000237504486, 0.43275799998809816,0,0,27.8,0.0,1
335,1776086108.9134195,0.046349000058398815, 0.4478440000639239,0,0,27.8,0.0,1
336,1776086108.9430304,0.04182500015303958, 0.42212400012431317,0,0,27.8,0.0,1
337,1776086108.9723053,0.04129799981456017, 0.4187130002719641,0,0,27.8,0.0,1
338,1776086109.0026617,0.04570999999486958, 0.4336199999670498,0,0,27.8,0.0,1
339,1776086109.032367,0.039708999793219846, 0.40852900019672234,0,0,27.8,0.0,1
340,1776086109.0613217,0.03919500022675493, 0.4265310003574996,0,0,27.8,0.0,1
341,1776086109.091671,0.04310399981477531, 0.489143000322656,0,0,27.8,0.0,1
342,1776086109.1233246,0.08775300011620857, 0.375412000266806,0,0,27.8,0.0,1
343,1776086109.1512134,0.10100600002260762, 0.4622369997377973,0,0,27.8,0.0,1
344,1776086109.1807094,0.04302200022721081, 0.5098910000924661,0,0,27.8,0.0,1
345,1776086109.2101457,0.09954100005415967, 0.4212419999021222,0,0,27.8,0.0,1
346,1776086109.2403893,0.10898500022449298, 0.46109899994917214,0,0,27.8,0.0,1
347,1776086109.2694094,0.09468700000070385, 0.4348960001152591,0,0,27.8,0.0,1
348,1776086109.2992015,0.041013000100065256, 0.4324789997554035,0,0,27.8,0.0,1
349,1776086109.329053,0.04074300022693933, 0.4121950000808283,0,0,27.8,0.0,1
350,1776086109.3593144,0.09313600003224565, 0.40111299995260197,0,0,27.8,0.0,1
350,1776086109.4198296,30.900535000000673, 0.2842499998223502,12,12,27.8,0.0,0
351,1776086109.4347289,12.946254999860685, 0.2538799999456387,14,0,27.8,0.0,0
352,1776086109.4657109,18.60066100016411, 0.3035129998352204,11,11,27.8,0.0,0
353,1776086109.493997,18.4266530000059, 0.27505399975780165,12,13,27.8,0.0,0
354,1776086109.785713,19.7980859998097, 260.38568800004214,12,8,27.8,0.0,0
356,1776086109.7905545,0.638417000118352, 0.36455500003285124,0,8,27.8,0.0,1
357,1776086109.8043437,0.6426180002563342, 0.39344399965557386,0,7,27.8,0.0,1
358,1776086109.8364866,2.4527840000700962, 0.39111499972932506,0,6,27.8,0.0,1
359,1776086109.8693333,0.41904399995473796, 0.3405070001463173,0,0,27.8,0.0,1
360,1776086109.8934994,0.04347600042819977, 0.43926400030613877,0,0,27.8,0.0,1
361,1776086109.9235947,0.04314599982535583, 0.4090500001439068,0,0,27.8,0.0,1
362,1776086109.9531088,0.04401500018502702, 0.4226020000714925,0,0,27.8,0.0,1
363,1776086109.9838564,0.12655000000449945, 0.44795700023314566,0,0,27.8,0.0,1
364,1776086110.014206,0.03645800006779609, 0.36565800019161543,0,0,27.8,0.0,1
365,1776086110.042065,0.0413349998780177, 0.43442700007290114,0,0,27.8,0.0,1
366,1776086110.0723934,0.1063110003087786, 0.45649899993804866,0,0,27.8,0.0,1
367,1776086110.1017647,0.040918999729910865, 0.4360600000836712,0,0,27.8,0.0,1
368,1776086110.1313317,0.04488600006880006, 0.4100539999853936,0,0,27.8,0.0,1
369,1776086110.1610734,0.04105600010007038, 0.423346999923524,0,0,27.8,0.0,1
370,1776086110.1908522,0.041416999920329545, 0.42982500008292845,0,0,27.8,0.0,1
371,1776086110.220189,0.041617000078986166, 0.42818699967028806,0,0,27.8,0.0,1
372,1776086110.2506444,0.03582599993023905, 0.3924789998563938,0,0,27.8,0.0,1
373,1776086110.2807658,0.055264999900828116, 0.3869429997394036,0,0,27.8,0.0,1
374,1776086110.3093338,0.040659000205778284, 0.41482000005999,0,0,27.8,0.0,1
375,1776086110.3392282,0.0410990001000755, 0.42609600041032536,0,0,27.8,0.0,1
376,1776086110.3690956,0.04348799984654761, 0.4162039999755507,0,0,27.8,0.0,1
377,1776086110.3988423,0.039974000173970126, 0.42539300011412706,0,0,27.8,0.0,1
378,1776086110.428311,0.09566200014887727, 0.4200700000183133,0,0,27.8,0.0,1
379,1776086110.4581223,0.04073999980391818, 0.42673899997680564,0,0,27.8,0.0,1
380,1776086110.4881544,0.04263199980414356, 0.41368999973201426,0,0,27.8,0.0,1
381,1776086110.5178654,0.04218200001560035, 0.3867039999931876,0,0,27.8,0.0,1
382,1776086110.54752,0.043745000311901094, 0.4920890000903455,0,0,27.8,0.0,1
383,1776086110.577087,0.08880199993654969, 0.44719800007442245,0,0,27.8,0.0,1
384,1776086110.6087675,0.037679999877582304, 0.36360100011734175,0,0,27.8,0.0,1
385,1776086110.6362855,0.04222999996272847, 0.47813999981372035,0,0,27.8,0.0,1
386,1776086110.666124,0.04077599987795111, 0.43827400031659636,0,0,27.8,0.0,1
387,1776086110.6963727,0.04854200005866005, 0.5078880003566155,0,0,27.8,0.0,1
388,1776086110.7254546,0.09156000032817246, 0.4115790002288122,0,0,27.8,0.0,1
389,1776086110.755452,0.040799000089464244, 0.5162830002518604,0,0,27.8,0.0,1
389,1776086110.8152614,30.335716999616125, 0.30108300006759237,12,12,27.8,0.0,0
390,1776086110.8303304,13.070561999938946, 0.285572999928263,12,0,27.8,0.0,0
391,1776086110.8635747,19.988056999864057, 0.2954720002890099,11,11,27.8,0.0,0
392,1776086110.892704,18.58047199993962, 0.28387400016072206,10,12,27.8,0.0,0
393,1776086111.1828864,18.11773899999025, 261.4374620002309,10,7,27.8,0.0,0
395,1776086111.1875799,0.624301999778254, 0.319846000365942,0,7,27.8,0.0,1
396,1776086111.2028604,0.570806999803608, 0.3403929999876709,0,7,27.8,0.0,1
397,1776086111.2314906,0.6472209997809841, 0.4219099996589648,0,6,27.8,0.0,1
398,1776086111.2626374,2.314650999778678, 0.42851499983953545,0,0,27.8,0.0,1
399,1776086111.295635,0.03302100003566011, 0.32365500010200776,0,0,27.8,0.0,1
400,1776086111.320051,0.04398000010041869, 0.432392000220716,0,0,27.8,0.0,1
401,1776086111.3494132,0.04005800019513117, 0.4362190002211719,0,0,27.8,0.0,1
402,1776086111.3793297,0.04068199996254407, 0.47875300015221,0,0,27.8,0.0,1
403,1776086111.4090772,0.10164500008613686, 0.41330999965794035,0,0,27.8,0.0,1
404,1776086111.4394393,0.09461699983148719, 0.43247200028417865,0,0,27.8,0.0,1
405,1776086111.4691267,0.08612600004198612, 0.38923000010981923,0,0,27.8,0.0,1
406,1776086111.498243,0.10380899993833737, 0.4257149998920795,0,0,27.8,0.0,1
407,1776086111.5280046,0.04234200014252565, 0.4195289998278895,0,0,27.8,0.0,1
408,1776086111.5578983,0.10287199984304607, 0.4240500002197223,0,0,27.8,0.0,1
409,1776086111.587266,0.04004700031146058, 0.42441799996595364,0,0,27.8,0.0,1
410,1776086111.6171145,0.04268000020601903, 0.4175750000285916,0,0,27.8,0.0,1
411,1776086111.6472712,0.04565900007946766, 0.5170929998712381,0,0,27.8,0.0,1
412,1776086111.6764333,0.03944399986721692, 0.43347100017854245,0,0,27.8,0.0,1
413,1776086111.706551,0.04020300002594013, 0.40957900000648806,0,0,27.8,0.0,1
414,1776086111.736004,0.042205999761790736, 0.42253099991285126,0,0,27.8,0.0,1
415,1776086111.7661302,0.09556199984217528, 0.4627060002349026,0,0,27.8,0.0,1
416,1776086111.7971377,0.03650600001492421, 0.3569370001059724,0,0,27.8,0.0,1
417,1776086111.825024,0.04162599998380756, 0.42134700015594717,0,0,27.8,0.0,1
418,1776086111.8552897,0.10974800034091459, 0.453187000402977,0,0,27.8,0.0,1
419,1776086111.884774,0.1014239996948163, 0.4416480001054879,0,0,27.8,0.0,1
420,1776086111.914246,0.09647899969422724, 0.4125919999751204,0,0,27.8,0.0,1
421,1776086111.9444351,0.044810999952460406, 0.5135720002726885,0,0,27.8,0.0,1
422,1776086111.9739182,0.1111099995796394, 0.3998409997620911,0,0,27.8,0.0,1
423,1776086112.0037694,0.04003000003649504, 0.5023580001761729,0,0,27.8,0.0,1
424,1776086112.0335479,0.040781000279821455, 0.41052300002775155,0,0,27.8,0.0,1
425,1776086112.0637271,0.036421000004338566, 0.40295200005857623,0,0,27.8,0.0,1
426,1776086112.092374,0.09846600005403161, 0.42130500014536665,0,0,27.8,0.0,1
427,1776086112.1221652,0.03953099985665176, 0.4282289996808686,0,0,27.8,0.0,1
428,1776086112.1520011,0.041900000269379234, 0.41322900005980046,0,0,27.8,0.0,1
428,1776086112.2121012,30.850653000015882, 0.2999859998453758,14,14,27.8,0.0,0
429,1776086112.25133,21.156871999664872, 0.25555899992468767,15,0,27.8,0.0,0
430,1776086112.2671165,13.965108999855147, 0.3050519999305834,15,15,27.8,0.0,0
431,1776086112.2827718,13.437644000077853, 0.36156799978925847,16,20,27.8,0.0,0
432,1776086112.5789645,19.756382000196027, 260.88221100008013,13,11,27.8,0.0,0
434,1776086112.5839822,0.8093129999906523, 0.31181600024865475,0,11,27.8,0.0,1
435,1776086112.5988646,1.0166320003008877, 0.42262200031473185,0,8,27.8,0.0,1
436,1776086112.6296513,2.4616719997538894, 0.3674459999274404,0,7,27.8,0.0,1
437,1776086112.6625445,0.45628999987457064, 0.36250499988454976,0,0,27.8,0.0,1
438,1776086112.68878,0.04622699998435564, 0.3637999998318264,0,0,27.8,0.0,1
439,1776086112.7162905,0.04182500015303958, 0.43616100037979777,0,0,27.8,0.0,1
440,1776086112.7461991,0.04259699971953523, 0.4335909998189891,0,0,27.8,0.0,1
441,1776086112.7760477,0.045232000047690235, 0.41906299975380534,0,0,27.8,0.0,1
442,1776086112.8059192,0.04054200007885811, 0.4810860000361572,0,0,27.8,0.0,1
443,1776086112.8352818,0.04185399984635296, 0.4307969998080807,0,0,27.8,0.0,1
444,1776086112.8651586,0.10065400010716985, 0.41982199991252855,0,0,27.8,0.0,1
445,1776086112.8949518,0.044081999931222526, 0.41789799979596864,0,0,27.8,0.0,1
446,1776086112.9248557,0.039276000279642176, 0.3880809999827761,0,0,27.8,0.0,1
447,1776086112.9549668,0.037554999835265335, 0.38794800002506236,0,0,27.8,0.0,1
448,1776086112.9845996,0.047170000016194535, 0.4909819999738829,0,0,27.8,0.0,1
449,1776086113.0136056,0.042718999793578405, 0.4120189996683621,0,0,27.8,0.0,1
450,1776086113.043259,0.09528400005365256, 0.4214199998386903,0,0,27.8,0.0,1
451,1776086113.073187,0.04080200005773804, 0.4251970003679162,0,0,27.8,0.0,1
452,1776086113.1029282,0.04289499975129729, 0.41284999997515115,0,0,27.8,0.0,1
453,1776086113.1323893,0.09873299995888374, 0.4239489999235957,0,0,27.8,0.0,1
454,1776086113.1622853,0.10388000009697862, 0.40991700006998144,0,0,27.8,0.0,1
455,1776086113.192472,0.042396000026201364, 0.42419000010340824,0,0,27.8,0.0,1
456,1776086113.2218342,0.04103900027985219, 0.4138410004088655,0,0,27.8,0.0,1
457,1776086113.2513344,0.04072899992024759, 0.37428899986480246,0,0,27.8,0.0,1
458,1776086113.2829268,0.03570299986677128, 0.36076199967283173,0,0,27.8,0.0,1
459,1776086113.3109446,0.04277900006854907, 0.41670500013424316,0,0,27.8,0.0,1
460,1776086113.3403444,0.042283999846404186, 0.42457400013518054,0,0,27.8,0.0,1
461,1776086113.370274,0.0970810001490463, 0.41070299994316883,0,0,27.8,0.0,1
462,1776086113.4000907,0.042701999973360216, 0.4129449998799828,0,0,27.8,0.0,1
463,1776086113.4299064,0.03875499987771036, 0.4717409997283539,0,0,27.8,0.0,1
464,1776086113.4593656,0.03910100031134789, 0.425901999733469,0,0,27.8,0.0,1
465,1776086113.4891624,0.041420000343350694, 0.4131169998800033,0,0,27.8,0.0,1
466,1776086113.5194628,0.09389500019096886, 0.4148180000811408,0,0,27.8,0.0,1
467,1776086113.549578,0.1121310001508391, 0.3832399997918401,0,0,27.8,0.0,1
467,1776086113.609181,31.149715000083233, 0.29113000027791713,7,7,27.8,0.0,0
468,1776086113.6618977,22.03785900019284, 0.25016699964908184,7,0,27.8,0.0,0
469,1776086113.6894999,19.586298999911378, 0.25806799976635375,4,4,27.8,0.0,0
470,1776086113.7162132,17.657488000168087, 0.24172200028260704,3,5,27.8,0.0,0
471,1776086114.0209439,22.125967999727436, 256.71917699992264,6,3,27.8,0.0,0
473,1776086114.0247145,0.397103000068455, 0.38972799984549056,0,3,27.8,0.0,1
474,1776086114.0544944,0.41875500028254464, 0.4702599999291124,0,2,27.8,0.0,1
475,1776086114.0840795,0.38843800030008424, 0.46016599981157924,0,2,27.8,0.0,1
476,1776086114.1152027,2.140892999705102, 0.39942900002643,0,0,27.8,0.0,1
477,1776086114.14794,0.03266299972892739, 0.3164459999425162,0,0,27.8,0.0,1
478,1776086114.1741967,0.03667599958134815, 0.3620029997364327,0,0,27.8,0.0,1
479,1776086114.2022154,0.04091100026926142, 0.4268590000719996,0,0,27.8,0.0,1
480,1776086114.2320955,0.04256200008967426, 0.42402700000820914,0,0,27.8,0.0,1
481,1776086114.2618883,0.042719999783003004, 0.4199029999654158,0,0,27.8,0.0,1
482,1776086114.2914717,0.0439730001744465, 0.41699200028233463,0,0,27.8,0.0,1
483,1776086114.3211927,0.10414500002298155, 0.4240460002620239,0,0,27.8,0.0,1
484,1776086114.3509555,0.042796999878191855, 0.4154279999966093,0,0,27.8,0.0,1
485,1776086114.3803308,0.04254200030118227, 0.4253729998708877,0,0,27.8,0.0,1
486,1776086114.4107153,0.0911819997782004, 0.39771400042809546,0,0,27.8,0.0,1
487,1776086114.4408743,0.04014900014226441, 0.3813079997598834,0,0,27.8,0.0,1
488,1776086114.4698434,0.038793999920017086, 0.4223320001983666,0,0,27.8,0.0,1
489,1776086114.499242,0.03906599977199221, 0.43252800014670356,0,0,27.8,0.0,1
490,1776086114.5295677,0.04401500018502702, 0.4904359998363361,0,0,27.8,0.0,1
491,1776086114.5589707,0.04041700003654114, 0.4171560003669583,0,0,27.8,0.0,1
492,1776086114.5883243,0.040936999994301004, 0.4109850001441373,0,0,27.8,0.0,1
493,1776086114.6182384,0.04031799971926375, 0.4268949996912852,0,0,27.8,0.0,1
494,1776086114.648231,0.039169000046967994, 0.46785099993940094,0,0,27.8,0.0,1
495,1776086114.678328,0.04022800021630246, 0.4618160000973148,0,0,27.8,0.0,1
496,1776086114.7072978,0.09523200014882605, 0.41795399965849356,0,0,27.8,0.0,1
497,1776086114.73713,0.040192000142269535, 0.42910999991363497,0,0,27.8,0.0,1
498,1776086114.7692785,0.036906000332237454, 0.387698999929853,0,0,27.8,0.0,1
499,1776086114.7963183,0.04274599996278994, 0.41404499961572583,0,0,27.8,0.0,1
500,1776086114.8262384,0.03937700012102141, 0.4246330004207266,0,0,27.8,0.0,1
501,1776086114.856484,0.0483900003018789, 0.4921429999740212,0,0,27.8,0.0,1
502,1776086114.8859785,0.09623599999031285, 0.41628799999671173,0,0,27.8,0.0,1
503,1776086114.9152818,0.09349800029667676, 0.4150400000071386,0,0,27.8,0.0,1
504,1776086114.9451966,0.1131429999077227, 0.3652009995676053,0,0,27.8,0.0,1
505,1776086114.9749584,0.06321000000752974, 0.41418899991185754,0,0,27.8,0.0,1
506,1776086115.005776,0.03968699957113131, 0.47238099978130776,0,0,27.8,0.0,1
506,1776086115.0650492,30.22756800010029, 0.27669100018101744,8,8,27.8,0.0,0
507,1776086115.1125786,22.696309999901132, 0.27166500012754113,6,0,27.8,0.0,0
508,1776086115.1284792,14.102623999860953, 0.30033799976081355,8,8,27.8,0.0,0
509,1776086115.1435983,13.194095000017114, 0.30760400022700196,8,13,27.8,0.0,0
510,1776086115.4280252,13.297376000082295, 262.89286000019274,6,6,27.8,0.0,0
512,1776086115.4330637,0.5761879997407959, 0.3786499996749626,0,6,27.8,0.0,1
513,1776086115.4508455,0.6377709996741032, 0.42114600000786595,0,3,27.8,0.0,1
514,1776086115.4822145,2.277827000398247, 0.3994849998889549,0,1,27.8,0.0,1
515,1776086115.5150785,0.20434399993973784, 0.27691200011759065,0,0,27.8,0.0,1
516,1776086115.5394278,0.041415999930904945, 0.44294200006333995,0,0,27.8,0.0,1
517,1776086115.5700257,0.041678999878058676, 0.46408099979089457,0,0,27.8,0.0,1
518,1776086115.598961,0.04001900015282445, 0.41357200007041683,0,0,27.8,0.0,1
519,1776086115.6284606,0.09707899971544975, 0.42153200001848745,0,0,27.8,0.0,1
520,1776086115.6601045,0.03588499976103776, 0.3584680002859386,0,0,27.8,0.0,1
521,1776086115.688238,0.04175000003669993, 0.49862699961522594,0,0,27.8,0.0,1
522,1776086115.7178526,0.0438179999946442, 0.4253199999766366,0,0,27.8,0.0,1
523,1776086115.7473714,0.09826799987422419, 0.4396499998620129,0,0,27.8,0.0,1
524,1776086115.7776225,0.04416699994180817, 0.5032379999647674,0,0,27.8,0.0,1
525,1776086115.8070366,0.04343599994172109, 0.41880500020852196,0,0,27.8,0.0,1
526,1776086115.8368924,0.09259199987354805, 0.4221760000291397,0,0,27.8,0.0,1
527,1776086115.8662133,0.09687800002211588, 0.42381200000818353,0,0,27.8,0.0,1
528,1776086115.8965564,0.04191600010017282, 0.40323199982594815,0,0,27.8,0.0,1
529,1776086115.9267104,0.036749000173585955, 0.40827199973136885,0,0,27.8,0.0,1
530,1776086115.9553258,0.09175200011668494, 0.40332100024897954,0,0,27.8,0.0,1
531,1776086115.9856505,0.09558400006426382, 0.4280069997548708,0,0,27.8,0.0,1
532,1776086116.0150046,0.040549000004830305, 0.412354000218329,0,0,27.8,0.0,1
533,1776086116.0448027,0.053731000207335455, 0.42100299970115884,0,0,27.8,0.0,1
534,1776086116.0742648,0.03910099985660054, 0.4156509999120317,0,0,27.8,0.0,1
535,1776086116.1040144,0.08430800016867579, 0.36238800021237694,0,0,27.8,0.0,1
536,1776086116.1340365,0.09015100022224942, 0.42141100038861623,0,0,27.8,0.0,1
537,1776086116.1636875,0.03568300007827929, 0.4019419998257945,0,0,27.8,0.0,1
538,1776086116.1932595,0.037847999919904396, 0.41024100028153043,0,0,27.8,0.0,1
539,1776086116.2229724,0.042810000195459, 0.4127299998799572,0,0,27.8,0.0,1
540,1776086116.2546566,0.034332000268477714, 0.3646570003184024,0,0,27.8,0.0,1
541,1776086116.2822347,0.09512599990557646, 0.4336090000833792,0,0,27.8,0.0,1
542,1776086116.3121321,0.04100900014236686, 0.4117849998692691,0,0,27.8,0.0,1
543,1776086116.3419535,0.03834300014204928, 0.41964899992308347,0,0,27.8,0.0,1
544,1776086116.3713744,0.09123199970417772, 0.4372370003693504,0,0,27.8,0.0,1
545,1776086116.4011724,0.03910899977199733, 0.4162139998697967,0,0,27.8,0.0,1
545,1776086116.4621415,31.301476000408, 0.27428499970483244,8,8,27.8,0.0,0
546,1776086116.4776163,13.188406999688596, 0.244188000124268,7,0,27.8,0.0,0
547,1776086116.5116155,19.542645999990782, 0.2353390000280342,4,4,27.8,0.0,0
548,1776086116.5372834,17.042780999872775, 0.2569430002949957,3,5,27.8,0.0,0
549,1776086116.8286178,18.74922199976936, 260.59717800035287,4,3,27.8,0.0,0
551,1776086116.833086,0.3914530002475658, 0.3665620001811476,0,3,27.8,0.0,1
552,1776086116.849007,0.36610699999073404, 0.3909110000677174,0,1,27.8,0.0,1
553,1776086116.877102,0.28855699974883464, 0.487722999878315,0,1,27.8,0.0,1
554,1776086116.9082344,2.035304999935761, 0.38019200019334676,0,0,27.8,0.0,1
555,1776086116.9410918,0.034453000353096286, 0.3103670001110004,0,0,27.8,0.0,1
556,1776086116.9659483,0.043308999920554925, 0.41998400001830305,0,0,27.8,0.0,1
557,1776086116.9959307,0.04442199997356511, 0.48714100012148265,0,0,27.8,0.0,1
558,1776086117.0252833,0.08368299995709094, 0.4449160001058772,0,0,27.8,0.0,1
559,1776086117.0550966,0.040376000015385216, 0.4278219998923305,0,0,27.8,0.0,1
560,1776086117.0858173,0.0408670002798317, 0.48581700002614525,0,0,27.8,0.0,1
561,1776086117.1150324,0.08869800012689666, 0.3964509996876586,0,0,27.8,0.0,1
562,1776086117.1442804,0.04486299985728692, 0.4414240002006409,0,0,27.8,0.0,1
563,1776086117.1740582,0.11267099989709095, 0.43008100010411,0,0,27.8,0.0,1
564,1776086117.203817,0.04083799967702362, 0.49825800033431733,0,0,27.8,0.0,1
565,1776086117.2332351,0.07736699990346096, 0.4432010000527953,0,0,27.8,0.0,1
566,1776086117.2630475,0.04205699997328338, 0.41584399968996877,0,0,27.8,0.0,1
567,1776086117.2928724,0.060897999901499134, 0.4647729997486749,0,0,27.8,0.0,1
568,1776086117.3228567,0.05529500003831345, 0.46922499996071565,0,0,27.8,0.0,1
569,1776086117.3525167,0.09815399971557781, 0.39956699993126676,0,0,27.8,0.0,1
570,1776086117.3820493,0.03972900003645918, 0.4615839998223237,0,0,27.8,0.0,1
571,1776086117.411285,0.04095700023754034, 0.4206899998280278,0,0,27.8,0.0,1
572,1776086117.4430559,0.03442900015215855, 0.3587229998629482,0,0,27.8,0.0,1
573,1776086117.4709501,0.09636899994802661, 0.4135320000386855,0,0,27.8,0.0,1
574,1776086117.5008852,0.04041500005769194, 0.46262800015028915,0,0,27.8,0.0,1
575,1776086117.5302646,0.09626299970477703, 0.41999799987024744,0,0,27.8,0.0,1
576,1776086117.5601547,0.10080700030812295, 0.3606370000852621,0,0,27.8,0.0,1
577,1776086117.5899544,0.03965199994127033, 0.4204900001241185,0,0,27.8,0.0,1
578,1776086117.6195354,0.042049999592563836, 0.4363799998827744,0,0,27.8,0.0,1
579,1776086117.6492953,0.0619580000602582, 0.4329820003476925,0,0,27.8,0.0,1
580,1776086117.6795223,0.03982699990956462, 0.4060209998897335,0,0,27.8,0.0,1
581,1776086117.709659,0.09128600004260079, 0.40311200018550153,0,0,27.8,0.0,1
582,1776086117.738254,0.09520999992673751, 0.41977099999712664,0,0,27.8,0.0,1
583,1776086117.768143,0.10181800007558195, 0.41418299997530994,0,0,27.8,0.0,1
584,1776086117.7979448,0.041678999878058676, 0.41246299997510505,0,0,27.8,0.0,1
584,1776086117.8577857,30.654758000309812, 0.23816099974283134,6,6,27.8,0.0,0
585,1776086117.8728366,13.12756100014667, 0.2276769996569783,8,0,27.8,0.0,0
586,1776086117.9033527,18.13734300003489, 0.23962800014487584,4,4,27.8,0.0,0
587,1776086117.936041,20.094704999792157, 0.24509199965905282,4,5,27.8,0.0,0
588,1776086118.250974,23.761486999774206, 257.83225399982257,2,4,27.8,0.0,0
590,1776086118.255225,0.34778400004142895, 0.30921899997338187,0,4,27.8,0.0,1
591,1776086118.2737586,0.37970799985487247, 0.3137089997835574,0,3,27.8,0.0,1
592,1776086118.3046167,1.7555469999024353, 0.3067190000365372,0,2,27.8,0.0,1
593,1776086118.3371537,0.23398500024995883, 0.27360700005374383,0,0,27.8,0.0,1
594,1776086118.3622315,0.04642199974114192, 0.33964400017794105,0,0,27.8,0.0,1
595,1776086118.3920126,0.04209100006846711, 0.3383019998182135,0,0,27.8,0.0,1
596,1776086118.4218938,0.04816999989998294, 0.33580299987079343,0,0,27.8,0.0,1
597,1776086118.4519908,0.04897999997410807, 0.3770729999814648,0,0,27.8,0.0,1
598,1776086118.4815307,0.048780999804876046, 0.3638930002125562,0,0,27.8,0.0,1
599,1776086118.5113888,0.050924999868584564, 0.37872699977015145,0,0,27.8,0.0,1
600,1776086118.5407805,0.04528399995251675, 0.34510499972384423,0,0,27.8,0.0,1
601,1776086118.5702722,0.04488500007937546, 0.3335350002089399,0,0,27.8,0.0,1
602,1776086118.6006782,0.05469699999594013, 0.31133699985730345,0,0,27.8,0.0,1
603,1776086118.631369,0.039775000004738104, 0.32652300023983116,0,0,27.8,0.0,1
604,1776086118.6597214,0.059612000313791214, 0.337807000050816,0,0,27.8,0.0,1
605,1776086118.689172,0.04335900030127959, 0.34696400007305783,0,0,27.8,0.0,1
606,1776086118.7189648,0.046533999920939095, 0.33948500004044035,0,0,27.8,0.0,1
607,1776086118.7488236,0.04583400004776195, 0.33589799977562507,0,0,27.8,0.0,1
608,1776086118.7788768,0.04553100006887689, 0.3646260001914925,0,0,27.8,0.0,1
609,1776086118.8081126,0.04376899960334413, 0.34755100023176055,0,0,27.8,0.0,1
610,1776086118.838295,0.04449399966688361, 0.3386359999240085,0,0,27.8,0.0,1
611,1776086118.8679583,0.046692000069015194, 0.33847100030470756,0,0,27.8,0.0,1
612,1776086118.8971205,0.04426299983606441, 0.33697900016704807,0,0,27.8,0.0,1
613,1776086118.926999,0.04461900016394793, 0.3423949997340969,0,0,27.8,0.0,1
614,1776086118.9567888,0.047198999709507916, 0.33738399997673696,0,0,27.8,0.0,1
615,1776086118.986259,0.04393700010041357, 0.33700799986036145,0,0,27.8,0.0,1
616,1776086119.0161273,0.045074999889038736, 0.34003400014626095,0,0,27.8,0.0,1
617,1776086119.0458887,0.04347100002632942, 0.33826900016720174,0,0,27.8,0.0,1
618,1776086119.0757074,0.057870000091497786, 0.34122400029446,0,0,27.8,0.0,1
619,1776086119.1052346,0.04266200039637624, 0.343882999914058,0,0,27.8,0.0,1
620,1776086119.134954,0.04441700002644211, 0.3410179997445084,0,0,27.8,0.0,1
621,1776086119.165275,0.05212399992160499, 0.37995900038367836,0,0,27.8,0.0,1
622,1776086119.1952724,0.04495499979384476, 0.3472480002528755,0,0,27.8,0.0,1
623,1776086119.2255797,0.03833500022665248, 0.31183400005829753,0,0,27.8,0.0,1
623,1776086119.2856762,31.929875000059837, 0.22329500006890157,4,4,27.8,0.0,0
624,1776086119.302401,14.95723200014254, 0.2362790000915993,6,0,27.8,0.0,0
625,1776086119.3362432,21.30756399992606, 0.27011700012735673,8,8,27.8,0.0,0
626,1776086119.3635976,18.90389200025311, 0.27427099985288805,4,8,27.8,0.0,0
627,1776086119.64726,18.244496999614057, 257.2848750000958,4,5,27.8,0.0,0
629,1776086119.651271,0.39780999986760435, 0.301735999983066,0,5,27.8,0.0,1
630,1776086119.6703324,0.4336659999353287, 0.3625379999903089,0,3,27.8,0.0,1
631,1776086119.7000983,0.3525239999362384, 0.34587299978738884,0,2,27.8,0.0,1
632,1776086119.7308903,1.7562030002409301, 0.32484299981661025,0,0,27.8,0.0,1
633,1776086119.7631383,0.03465200006758096, 0.2620069999466068,0,0,27.8,0.0,1
634,1776086119.7894363,0.043510999603313394, 0.34824299973479356,0,0,27.8,0.0,1
635,1776086119.819773,0.037618000078509795, 0.2929399997810833,0,0,27.8,0.0,1
636,1776086119.848061,0.0418780000472907, 0.3405490001568978,0,0,27.8,0.0,1
637,1776086119.87791,0.046194000333343865, 0.34087499989254866,0,0,27.8,0.0,1
638,1776086119.9073458,0.04483900011109654, 0.32794799972180044,0,0,27.8,0.0,1
639,1776086119.9371696,0.0449760000265087, 0.3344760002619296,0,0,27.8,0.0,1
640,1776086119.9669957,0.04623199993147864, 0.3434440000091854,0,0,27.8,0.0,1
641,1776086119.9969242,0.04723499978354084, 0.3523469999890949,0,0,27.8,0.0,1
642,1776086120.0269659,0.04609699999491568, 0.34253200010425644,0,0,27.8,0.0,1
643,1776086120.0564706,0.044473000343714375, 0.34779899988279794,0,0,27.8,0.0,1
644,1776086120.0861773,0.04758400018545217, 0.37867899982302333,0,0,27.8,0.0,1
645,1776086120.1157348,0.06036500008121948, 0.34289100040041376,0,0,27.8,0.0,1
646,1776086120.1451743,0.0453689999631024, 0.3384679998816864,0,0,27.8,0.0,1
647,1776086120.1750224,0.04367199971966329, 0.34854500017900136,0,0,27.8,0.0,1
648,1776086120.2047646,0.04491100025916239, 0.3409330001886701,0,0,27.8,0.0,1
649,1776086120.234254,0.0450519996775256, 0.34374300003037206,0,0,27.8,0.0,1
650,1776086120.2641566,0.04390200001580524, 0.3453949998402095,0,0,27.8,0.0,1
651,1776086120.293953,0.05046500018579536, 0.3411459997550992,0,0,27.8,0.0,1
652,1776086120.32372,0.060770999880332965, 0.3482450001683901,0,0,27.8,0.0,1
653,1776086120.353222,0.04290300012144144, 0.3442709999035287,0,0,27.8,0.0,1
654,1776086120.3836865,0.055170999985421076, 0.3180629996677453,0,0,27.8,0.0,1
655,1776086120.4143035,0.04195400015305495, 0.31358600017483695,0,0,27.8,0.0,1
656,1776086120.4422567,0.0430420000157028, 0.34002600023086416,0,0,27.8,0.0,1
657,1776086120.4721322,0.04508899974098313, 0.34368400019957335,0,0,27.8,0.0,1
658,1776086120.5019226,0.04395599989948096, 0.3404460003366694,0,0,27.8,0.0,1
659,1776086120.5320241,0.05012300016460358, 0.3771990000132064,0,0,27.8,0.0,1
660,1776086120.5611725,0.04598300029101665, 0.3346019998389238,0,0,27.8,0.0,1
661,1776086120.5910106,0.047356999857584015, 0.34507300006225705,0,0,27.8,0.0,1
662,1776086120.621166,0.0426540000262321, 0.344969000252604,0,0,27.8,0.0,1
662,1776086120.6822283,31.645208000099956, 0.2774059998955636,9,9,27.8,0.0,0
663,1776086120.7254643,23.20501200028957, 0.24733199961701757,13,0,27.8,0.0,0
664,1776086120.742512,14.721744999860675, 0.32494300012331223,17,17,27.8,0.0,0
665,1776086120.756867,12.497917000018788, 0.3341019996696559,12,20,27.8,0.0,0
666,1776086121.0463,18.602729000122054, 258.19763000026796,12,12,27.8,0.0,0
668,1776086121.0505207,0.715199999831384, 0.1889680002022942,0,12,27.8,0.0,1
669,1776086121.0669284,0.7594759999847156, 0.36168999986330164,0,7,27.8,0.0,1
670,1776086121.0978985,1.9221709999328596, 0.3021090001311677,0,6,27.8,0.0,1
671,1776086121.1309452,0.41866799983836245, 0.3115310000794125,0,0,27.8,0.0,1
672,1776086121.1559887,0.04874800015386427, 0.3803270001299097,0,0,27.8,0.0,1
673,1776086121.185166,0.04279099994164426, 0.33973699964917614,0,0,27.8,0.0,1
674,1776086121.2149756,0.04757599981530802, 0.3363559999343124,0,0,27.8,0.0,1
675,1776086121.2447844,0.045136000153434, 0.3447770000093442,0,0,27.8,0.0,1
676,1776086121.2750423,0.04164499978287495, 0.38204199972824426,0,0,27.8,0.0,1
677,1776086121.3056962,0.05216199997448712, 0.2986770000461547,0,0,27.8,0.0,1
678,1776086121.333925,0.04656300006899983, 0.33715900008246535,0,0,27.8,0.0,1
679,1776086121.3637888,0.04499199985730229, 0.3440049999881012,0,0,27.8,0.0,1
680,1776086121.393221,0.04370299984657322, 0.338463999923988,0,0,27.8,0.0,1
681,1776086121.4229739,0.04566999996313825, 0.34215400000903173,0,0,27.8,0.0,1
682,1776086121.4528747,0.04351500001575914, 0.34198399998786044,0,0,27.8,0.0,1
683,1776086121.4823163,0.04279099994164426, 0.34026999992420315,0,0,27.8,0.0,1
684,1776086121.5124364,0.04708599999503349, 0.34642399987205863,0,0,27.8,0.0,1
685,1776086121.542277,0.0447400002485665, 0.34878199994636816,0,0,27.8,0.0,1
686,1776086121.5717897,0.048892999984673224, 0.3401419999136124,0,0,27.8,0.0,1
687,1776086121.6011813,0.0440409999100666, 0.340113000220299,0,0,27.8,0.0,1
688,1776086121.6309688,0.04278400001567206, 0.34833500012609875,0,0,27.8,0.0,1
689,1776086121.6607785,0.04252300004736753, 0.34432099982950604,0,0,27.8,0.0,1
690,1776086121.690292,0.04582800011121435, 0.34122399983971263,0,0,27.8,0.0,1
691,1776086121.7200928,0.04290200013201684, 0.34667599993554177,0,0,27.8,0.0,1
692,1776086121.7499564,0.04641899977286812, 0.3363589999025862,0,0,27.8,0.0,1
693,1776086121.77992,0.0449740000476595, 0.3365840002516052,0,0,27.8,0.0,1
694,1776086121.8091912,0.04383299983601319, 0.3387400001884089,0,0,27.8,0.0,1
695,1776086121.8389735,0.04610499991031247, 0.33977499970205827,0,0,27.8,0.0,1
696,1776086121.8695424,0.04542400029095006, 0.3423099997235113,0,0,27.8,0.0,1
697,1776086121.9001198,0.03967400016335887, 0.31657400040785433,0,0,27.8,0.0,1
698,1776086121.9280658,0.043944000026385766, 0.3392399999029294,0,0,27.8,0.0,1
699,1776086121.9579163,0.046130000100674806, 0.34222799968119944,0,0,27.8,0.0,1
700,1776086121.9878557,0.04647900004783878, 0.34987600020031095,0,0,27.8,0.0,1
701,1776086122.0175498,0.04739999985758914, 0.38191700014067465,0,0,27.8,0.0,1
701,1776086122.0796027,32.284138000250096, 0.30641400007880293,15,15,27.8,0.0,0
702,1776086122.2433732,12.622620000001916, 0.2760809998108016,13,0,27.8,0.0,0
703,1776086122.2827415,23.631072000171116, 0.2785940000649134,13,13,27.8,0.0,0
704,1776086122.310163,20.145447000231798, 0.3130810000584461,15,18,27.8,0.0,0
705,1776086122.5956657,18.776623000121617, 257.9803409998931,15,9,27.8,0.0,0
707,1776086122.5996325,0.5793959999209619, 0.23826599999665632,0,9,27.8,0.0,1
708,1776086122.6165912,0.6345540000438632, 0.32935600029304624,0,8,27.8,0.0,1
709,1776086122.64638,0.6074689999877592, 0.33793800002968055,0,7,27.8,0.0,1
710,1776086122.6772904,1.948637999703351, 0.36958100008632755,0,0,27.8,0.0,1
711,1776086122.7092712,0.0369119998140377, 0.26913299961961457,0,0,27.8,0.0,1
712,1776086122.7352912,0.04407799997352413, 0.34624699992491514,0,0,27.8,0.0,1
713,1776086122.76541,0.04442199997356511, 0.36183100019115955,0,0,27.8,0.0,1
714,1776086122.7941718,0.045482000132324174, 0.34276499991392484,0,0,27.8,0.0,1
715,1776086122.8239899,0.044596999941859394, 0.34525999990364653,0,0,27.8,0.0,1
716,1776086122.8537915,0.04550499988908996, 0.34008000011453987,0,0,27.8,0.0,1
717,1776086122.8837953,0.05858900021848967, 0.406168000154139,0,0,27.8,0.0,1
718,1776086122.9132175,0.04442099998414051, 0.34393799978715833,0,0,27.8,0.0,1
719,1776086122.9429076,0.04547599974102923, 0.3405729999030882,0,0,27.8,0.0,1
720,1776086122.9729595,0.04465300025913166, 0.34285900028407923,0,0,27.8,0.0,1
721,1776086123.0025914,0.04467599956115009, 0.34916899994641426,0,0,27.8,0.0,1
722,1776086123.0320897,0.04478399978324887, 0.339889000315452,0,0,27.8,0.0,1
723,1776086123.0618525,0.04621900006895885, 0.34916899994641426,0,0,27.8,0.0,1
724,1776086123.093563,0.046677000227646204, 0.3326179999021406,0,0,27.8,0.0,1
725,1776086123.1210215,0.041882000004989095, 0.33762299972295295,0,0,27.8,0.0,1
726,1776086123.1509836,0.04611099984686007, 0.3441550002207805,0,0,27.8,0.0,1
727,1776086123.1810126,0.050736000048345886, 0.37864600017201155,0,0,27.8,0.0,1
728,1776086123.2102592,0.04411200006870786, 0.34220099996673525,0,0,27.8,0.0,1
729,1776086123.2400038,0.04135200015298324, 0.34452099998816266,0,0,27.8,0.0,1
730,1776086123.2699003,0.0468410003122699, 0.33854499997687526,0,0,27.8,0.0,1
731,1776086123.2999563,0.05115200019645272, 0.3768849996959034,0,0,27.8,0.0,1
732,1776086123.3295765,0.04562499998428393, 0.33300700033578323,0,0,27.8,0.0,1
733,1776086123.3595896,0.048800000058690784, 0.33856399977594265,0,0,27.8,0.0,1
734,1776086123.3888676,0.04346800005805562, 0.3397320001568005,0,0,27.8,0.0,1
735,1776086123.418212,0.04418199978317716, 0.3416690001358802,0,0,27.8,0.0,1
736,1776086123.4479911,0.043338000068615656, 0.3393490001144528,0,0,27.8,0.0,1
737,1776086123.477957,0.047978000111470465, 0.3503100001580606,0,0,27.8,0.0,1
738,1776086123.5073156,0.04555099985736888, 0.33217500003956957,0,0,27.8,0.0,1
739,1776086123.5371444,0.04336700021667639, 0.3444999997554987,0,0,27.8,0.0,1
740,1776086123.567047,0.04818500019609928, 0.3420829998503905,0,0,27.8,0.0,1
740,1776086123.6296833,32.72503500011226, 0.255837999702635,10,10,27.8,0.0,0
741,1776086123.68421,23.911817999760387, 0.2696870001273055,15,0,27.8,0.0,0
742,1776086123.7048385,16.528613999980735, 0.28129000020271633,13,13,27.8,0.0,0
743,1776086123.736826,20.766621999882773, 0.29197499998190324,11,15,27.8,0.0,0
744,1776086124.0252109,20.210722000228998, 258.8929809999172,11,10,27.8,0.0,0
746,1776086124.0287218,0.5982810002933547, 0.285334000182047,0,10,27.8,0.0,1
747,1776086124.0421247,0.6533979999403527, 0.3486370001155592,0,6,27.8,0.0,1
748,1776086124.0736558,2.1580679999715358, 0.34258300001965836,0,5,27.8,0.0,1
749,1776086124.1068175,0.37268500000209315, 0.30363499990926357,0,0,27.8,0.0,1
750,1776086124.131988,0.0476870000056806, 0.37677399996027816,0,0,27.8,0.0,1
751,1776086124.1616423,0.04324000019551022, 0.3597109998736414,0,0,27.8,0.0,1
752,1776086124.1910317,0.049823000153992325, 0.3427090000513999,0,0,27.8,0.0,1
753,1776086124.2207737,0.04830000034417026, 0.34372900017842767,0,0,27.8,0.0,1
754,1776086124.2514307,0.04333099968789611, 0.34898099966085283,0,0,27.8,0.0,1
755,1776086124.281585,0.037942999824736034, 0.30762000005779555,0,0,27.8,0.0,1
756,1776086124.3098514,0.042905000100290636, 0.3392240000721358,0,0,27.8,0.0,1
757,1776086124.3397448,0.061111999912100146, 0.33964500016736565,0,0,27.8,0.0,1
758,1776086124.369165,0.044532999709190335, 0.3393820002202119,0,0,27.8,0.0,1
759,1776086124.3989744,0.043801999709103256, 0.33949799990296015,0,0,27.8,0.0,1
760,1776086124.4288397,0.04602899980454822, 0.33593000034670695,0,0,27.8,0.0,1
761,1776086124.4583662,0.0431930002378067, 0.3789639999922656,0,0,27.8,0.0,1
762,1776086124.4884064,0.044829999751527794, 0.34761400002025766,0,0,27.8,0.0,1
763,1776086124.518208,0.04463599998416612, 0.34182099989266135,0,0,27.8,0.0,1
764,1776086124.54775,0.043370000184950186, 0.3401750000193715,0,0,27.8,0.0,1
765,1776086124.5771315,0.05008900006941985, 0.3361709996170248,0,0,27.8,0.0,1
766,1776086124.6070333,0.044255999910092214, 0.342240000009042,0,0,27.8,0.0,1
767,1776086124.6367414,0.06201700034580426, 0.3458209998825623,0,0,27.8,0.0,1
768,1776086124.6663086,0.0457529999948747, 0.32692200011297246,0,0,27.8,0.0,1
769,1776086124.6961315,0.0436579998677189, 0.3376380000190693,0,0,27.8,0.0,1
770,1776086124.72622,0.04665300002670847, 0.38988599999356666,0,0,27.8,0.0,1
771,1776086124.7559714,0.043170000026293565, 0.3409070000088832,0,0,27.8,0.0,1
772,1776086124.7851577,0.04391699985717423, 0.334490000113874,0,0,27.8,0.0,1
773,1776086124.8149438,0.043620000269584125, 0.3352950002408761,0,0,27.8,0.0,1
774,1776086124.8454795,0.04294000018489896, 0.3473329998087138,0,0,27.8,0.0,1
775,1776086124.8761346,0.0398519996451796, 0.31575799994243425,0,0,27.8,0.0,1
776,1776086124.9040644,0.04410300016388646, 0.3404009999030677,0,0,27.8,0.0,1
777,1776086124.9339354,0.04480999996303581, 0.34221799978695344,0,0,27.8,0.0,1
778,1776086124.9636974,0.042561999634926906, 0.36515400006464915,0,0,27.8,0.0,1
779,1776086124.9931839,0.04269200007911422, 0.34543800029496197,0,0,27.8,0.0,1
779,1776086125.055692,32.8069859997413, 0.2820180002345296,14,14,27.8,0.0,0
780,1776086125.11109,24.063595999905374, 0.2583049999884679,21,0,27.8,0.0,0
781,1776086125.1289823,16.10918300002595, 0.305173000015202,17,17,27.8,0.0,0
782,1776086125.164473,21.627977000207466, 0.3342580002936302,17,20,27.8,0.0,0
783,1776086125.4486024,17.546379999657802, 258.2034800002475,17,13,27.8,0.0,0
785,1776086125.452696,0.6708989999424375, 0.17915200032803114,0,13,27.8,0.0,1
786,1776086125.4709818,0.7574289998046879, 0.29647499968632474,0,12,27.8,0.0,1
787,1776086125.4989808,0.7908419997875171, 0.3370909998920979,0,10,27.8,0.0,1
788,1776086125.5302289,2.1168870002838958, 0.39704099981463514,0,0,27.8,0.0,1
789,1776086125.5620418,0.03542400008882396, 0.25858600020001177,0,0,27.8,0.0,1
790,1776086125.5877197,0.05987499980619759, 0.3452099999776692,0,0,27.8,0.0,1
791,1776086125.6171331,0.04255499970895471, 0.3434659997765266,0,0,27.8,0.0,1
792,1776086125.6470287,0.04395800033307751, 0.3371249999872816,0,0,27.8,0.0,1
793,1776086125.6768951,0.04609400002664188, 0.3384560000085912,0,0,27.8,0.0,1
794,1776086125.7066834,0.053666999974666396, 0.30898500017428887,0,0,27.8,0.0,1
795,1776086125.7366722,0.040781000279821455, 0.32579199978499673,0,0,27.8,0.0,1
796,1776086125.7659304,0.0457510000160255, 0.3410179997445084,0,0,27.8,0.0,1
797,1776086125.7960317,0.050813999678211985, 0.37756199981231475,0,0,27.8,0.0,1
798,1776086125.8255262,0.046862000090186484, 0.3839649998553796,0,0,27.8,0.0,1
799,1776086125.8549905,0.04305200036469614, 0.33367700007147505,0,0,27.8,0.0,1
800,1776086125.8848834,0.04509700011112727, 0.3376489999027399,0,0,27.8,0.0,1
801,1776086125.914265,0.043976999677397544, 0.3397770001356548,0,0,27.8,0.0,1
802,1776086125.944185,0.04638199970941059, 0.3368510001564573,0,0,27.8,0.0,1
803,1776086125.97431,0.045139999656385044, 0.34026799994535395,0,0,27.8,0.0,1
804,1776086126.003787,0.0452049998784787, 0.35383499971430865,0,0,27.8,0.0,1
805,1776086126.0335116,0.04866900007982622, 0.37660599991795607,0,0,27.8,0.0,1
806,1776086126.0645301,0.04382799988889019, 0.3075110003010195,0,0,27.8,0.0,1
807,1776086126.092833,0.050693000048340764, 0.33850999989226693,0,0,27.8,0.0,1
808,1776086126.1222868,0.049063000005844515, 0.34415399977660854,0,0,27.8,0.0,1
809,1776086126.1521237,0.04445000013220124, 0.3413899999031855,0,0,27.8,0.0,1
810,1776086126.182276,0.04852600022786646, 0.3711670001393941,0,0,27.8,0.0,1
811,1776086126.2113247,0.042597000174282584, 0.3408830002626928,0,0,27.8,0.0,1
812,1776086126.241199,0.04499299984672689, 0.3342299996802467,0,0,27.8,0.0,1
813,1776086126.271141,0.046053999994910555, 0.34582300031615887,0,0,27.8,0.0,1
814,1776086126.3012228,0.04722899984699325, 0.3420099997129,0,0,27.8,0.0,1
815,1776086126.3312666,0.04330299998400733, 0.3400289997443906,0,0,27.8,0.0,1
816,1776086126.360048,0.047823999921092764, 0.33899899972311687,0,0,27.8,0.0,1
817,1776086126.3903103,0.04761399986819015, 0.3737570000339474,0,0,27.8,0.0,1
818,1776086126.4196699,0.044581000111065805, 0.35741700003200094,0,0,27.8,0.0,1
818,1776086126.4816399,32.562341000357264, 0.2630069998303952,9,9,27.8,0.0,0
819,1776086126.5190015,22.748970000066038, 0.24145599991243216,9,0,27.8,0.0,0
820,1776086126.5339735,13.309314000252925, 0.25046900009328965,8,8,27.8,0.0,0
821,1776086126.5539427,13.928830000168091, 0.2871259998755704,11,12,27.8,0.0,0
822,1776086126.847682,21.468503000050987, 258.10167500003445,11,7,27.8,0.0,0
824,1776086126.8513224,0.48179699979300494, 0.3048670000680431,0,7,27.8,0.0,1
825,1776086126.8654525,0.5383180000535503, 0.3383670000403072,0,6,27.8,0.0,1
826,1776086126.896343,1.9301590000395663, 0.3247979998377559,0,5,27.8,0.0,1
827,1776086126.929075,0.34715900028459146, 0.2986610002153611,0,0,27.8,0.0,1
828,1776086126.955558,0.03777700021601049, 0.3073299999414303,0,0,27.8,0.0,1
829,1776086126.9838107,0.041125000279862434, 0.3526969999256835,0,0,27.8,0.0,1
830,1776086127.0137756,0.049416999900131486, 0.3478809999251098,0,0,27.8,0.0,1
831,1776086127.0431528,0.04711499968834687, 0.3890799998771399,0,0,27.8,0.0,1
832,1776086127.072761,0.043494000237842556, 0.3488620000098308,0,0,27.8,0.0,1
833,1776086127.1025114,0.0456730003861594, 0.37778099977003876,0,0,27.8,0.0,1
834,1776086127.1323686,0.045649000185221666, 0.40882099983718945,0,0,27.8,0.0,1
835,1776086127.1620855,0.04439900021679932, 0.37844600001335493,0,0,27.8,0.0,1
836,1776086127.192204,0.044924000121682184, 0.3396050001356343,0,0,27.8,0.0,1
837,1776086127.2224073,0.04728699968836736, 0.36057699981029145,0,0,27.8,0.0,1
838,1776086127.2514536,0.04810700011148583, 0.3760230001716991,0,0,27.8,0.0,1
839,1776086127.280757,0.06719500015606172, 0.34664799977690564,0,0,27.8,0.0,1
840,1776086127.3110507,0.043852000089827925, 0.3584510000109731,0,0,27.8,0.0,1
841,1776086127.340802,0.045322999994823476, 0.33833299994512345,0,0,27.8,0.0,1
842,1776086127.370268,0.04694799963544938, 0.337239000145928,0,0,27.8,0.0,1
843,1776086127.4004018,0.04594799975166097, 0.39126899991970276,0,0,27.8,0.0,1
844,1776086127.4298832,0.0515699998686614, 0.3732480004146055,0,0,27.8,0.0,1
845,1776086127.4602275,0.04803199999514618, 0.4066249998686544,0,0,27.8,0.0,1
846,1776086127.4892118,0.050303000080020865, 0.3986219999205787,0,0,27.8,0.0,1
847,1776086127.5184832,0.045757999941997696, 0.38036100022509345,0,0,27.8,0.0,1
848,1776086127.549894,0.04125399982513045, 0.3133229997729359,0,0,27.8,0.0,1
849,1776086127.5779293,0.04643500005840906, 0.37792400007674587,0,0,27.8,0.0,1
850,1776086127.6075652,0.047727000037411926, 0.36515100009637536,0,0,27.8,0.0,1
851,1776086127.6373036,0.04396899976200075, 0.3839559999505582,0,0,27.8,0.0,1
852,1776086127.6673698,0.050380000175209716, 0.40314400030183606,0,0,27.8,0.0,1
853,1776086127.6968908,0.04215399985696422, 0.352515000031417,0,0,27.8,0.0,1
854,1776086127.7266643,0.04080100006831344, 0.37186200006544823,0,0,27.8,0.0,1
855,1776086127.756219,0.04688600029112422, 0.3818250002041168,0,0,27.8,0.0,1
856,1776086127.7865171,0.044937999973626575, 0.3596120000111114,0,0,27.8,0.0,1
857,1776086127.817343,0.04469500026971218, 0.3613179997046245,0,0,27.8,0.0,1
857,1776086127.8792531,33.460829999967245, 0.30375400001503294,15,15,27.8,0.0,0
858,1776086127.927565,23.304418999941845, 0.26746699995783274,17,0,27.8,0.0,0
859,1776086127.94437,15.131715999814332, 0.28600399991773884,13,13,27.8,0.0,0
860,1776086127.9590383,12.83247100036533, 0.32105900027090684,16,20,27.8,0.0,0
861,1776086128.2367857,12.712281999938568, 259.0067070000259,15,9,27.8,0.0,0
863,1776086128.24081,0.587746999826777, 0.2899599999182101,0,9,27.8,0.0,1
864,1776086128.2625892,0.6247350002013263, 0.3671399999802816,0,6,27.8,0.0,1
865,1776086128.2925792,0.5539889998544822, 0.3564359999472799,0,5,27.8,0.0,1
866,1776086128.3234384,1.9442029997662758, 0.38350500017259037,0,0,27.8,0.0,1
867,1776086128.3552117,0.03654299962363439, 0.26560599962976994,0,0,27.8,0.0,1
868,1776086128.3812008,0.04873299985774793, 0.35074399966106284,0,0,27.8,0.0,1
869,1776086128.411345,0.042811999719560845, 0.33667399975456647,0,0,27.8,0.0,1
870,1776086128.4401774,0.04329600005803513, 0.344007999956375,0,0,27.8,0.0,1
871,1776086128.4699695,0.04697599979408551, 0.3395050002836797,0,0,27.8,0.0,1
872,1776086128.499896,0.04721100003735046, 0.36133799994786386,0,0,27.8,0.0,1
873,1776086128.5296052,0.04256000011082506, 0.357919000180118,0,0,27.8,0.0,1
874,1776086128.5591378,0.04611200029103202, 0.33588999986022827,0,0,27.8,0.0,1
875,1776086128.5889113,0.04666399991037906, 0.3445570000621956,0,0,27.8,0.0,1
876,1776086128.6187823,0.048830999730853364, 0.3395869998712442,0,0,27.8,0.0,1
877,1776086128.6484761,0.04262099992047297, 0.3444300000410294,0,0,27.8,0.0,1
878,1776086128.6780388,0.04431300021678908, 0.34299199978704564,0,0,27.8,0.0,1
879,1776086128.707766,0.04968700022800476, 0.344445999871823,0,0,27.8,0.0,1
880,1776086128.7387655,0.038238999877648894, 0.2604510000310256,0,0,27.8,0.0,1
881,1776086128.7670367,0.044054000227333745, 0.33444600012444425,0,0,27.8,0.0,1
882,1776086128.796933,0.0455959998362232, 0.33941200035769725,0,0,27.8,0.0,1
883,1776086128.826788,0.04889899992122082, 0.3427299998293165,0,0,27.8,0.0,1
884,1776086128.856233,0.044453999635152286, 0.3375359997335181,0,0,27.8,0.0,1
885,1776086128.8859718,0.04503499985730741, 0.33967499985010363,0,0,27.8,0.0,1
886,1776086128.9158382,0.045586999931401806, 0.34371299989288673,0,0,27.8,0.0,1
887,1776086128.9452941,0.04601099999490543, 0.34025300010398496,0,0,27.8,0.0,1
888,1776086128.975519,0.04363599964563036, 0.33937000034711673,0,0,27.8,0.0,1
889,1776086129.0055895,0.047976000132621266, 0.33740799972292734,0,0,27.8,0.0,1
890,1776086129.0347207,0.05872100018677884, 0.3375660003257508,0,0,27.8,0.0,1
891,1776086129.0641382,0.04759900002682116, 0.34771600030580885,0,0,27.8,0.0,1
892,1776086129.0942762,0.04747599996335339, 0.37494300022444804,0,0,27.8,0.0,1
893,1776086129.1238008,0.044583000089915004, 0.34453799980838085,0,0,27.8,0.0,1
894,1776086129.1533308,0.04398700002639089, 0.33173000019814936,0,0,27.8,0.0,1
895,1776086129.1830554,0.046375999772863, 0.3397649998078123,0,0,27.8,0.0,1
896,1776086129.2130172,0.04623599988917704, 0.33695499996611034,0,0,27.8,0.0,1
896,1776086129.2754147,32.45894200017574, 0.3108659998360963,12,12,27.8,0.0,0
897,1776086129.3145487,22.658595999928366, 0.2679429999261629,19,0,27.8,0.0,0
898,1776086129.3301644,13.724094000281184, 0.2884109999286011,14,14,27.8,0.0,0
899,1776086129.3468263,12.585928000135027, 0.3167260001646355,14,19,27.8,0.0,0
900,1776086129.6388893,20.047111000167206, 258.09875300001295,13,12,27.8,0.0,0
902,1776086129.64415,0.33777499993448146, 0.1764190001267707,0,12,27.8,0.0,1
903,1776086129.6593864,0.7926899997983128, 0.3866950000883662,0,7,27.8,0.0,1
904,1776086129.690071,1.9591499999478401, 0.3057220001210226,0,6,27.8,0.0,1
905,1776086129.7230036,0.3967570000895648, 0.30741099999431754,0,0,27.8,0.0,1
906,1776086129.7480624,0.051789999815810006, 0.37265400032993057,0,0,27.8,0.0,1
907,1776086129.7776594,0.04256700003679725, 0.3563300001587777,0,0,27.8,0.0,1
908,1776086129.8070428,0.04324000019551022, 0.33716100006131455,0,0,27.8,0.0,1
909,1776086129.8368628,0.04454700001588208, 0.3455160003795754,0,0,27.8,0.0,1
910,1776086129.867109,0.0436599998465681, 0.3430990000197198,0,0,27.8,0.0,1
911,1776086129.8968463,0.04036900008941302, 0.3089199999521952,0,0,27.8,0.0,1
912,1776086129.9258983,0.04480300003706361, 0.3318330000183778,0,0,27.8,0.0,1
913,1776086129.9558113,0.047244999677786836, 0.3460320003796369,0,0,27.8,0.0,1
914,1776086129.9859185,0.04646099978344864, 0.3928639998775907,0,0,27.8,0.0,1
915,1776086130.015145,0.04563099992083153, 0.34640100011529285,0,0,27.8,0.0,1
916,1776086130.044923,0.043445999835967086, 0.3485389997877064,0,0,27.8,0.0,1
917,1776086130.074664,0.052722000418725656, 0.37050600030852365,0,0,27.8,0.0,1
918,1776086130.1048162,0.04286200010028551, 0.3439940001044306,0,0,27.8,0.0,1
919,1776086130.1343877,0.04359600006864639, 0.3478819999145344,0,0,27.8,0.0,1
920,1776086130.1638162,0.04218799995214795, 0.34643700018932577,0,0,27.8,0.0,1
921,1776086130.1932971,0.04462099968804978, 0.3454449997661868,0,0,27.8,0.0,1
922,1776086130.2246423,0.037958999655529624, 0.31043400031194324,0,0,27.8,0.0,1
923,1776086130.2529175,0.0435860001744004, 0.3515419998620928,0,0,27.8,0.0,1
924,1776086130.2828007,0.04396499980430235, 0.34397799981888966,0,0,27.8,0.0,1
925,1776086130.3124838,0.04932100000587525, 0.37049800039312686,0,0,27.8,0.0,1
926,1776086130.3420908,0.04409800021676347, 0.3405490001568978,0,0,27.8,0.0,1
927,1776086130.3718317,0.046180000026652124, 0.33368100002917345,0,0,27.8,0.0,1
928,1776086130.4012814,0.04407500000525033, 0.34040800028378726,0,0,27.8,0.0,1
929,1776086130.4311326,0.045294000301510096, 0.3405060001568927,0,0,27.8,0.0,1
930,1776086130.4612968,0.045742000111204106, 0.33370799974363763,0,0,27.8,0.0,1
931,1776086130.4914057,0.045774000227538636, 0.3557730001375603,0,0,27.8,0.0,1
932,1776086130.5201511,0.04349199980424601, 0.3400000000510772,0,0,27.8,0.0,1
933,1776086130.5500498,0.04348699985712301, 0.34235900011481135,0,0,27.8,0.0,1
934,1776086130.5800903,0.048565000270173186, 0.3739750000022468,0,0,27.8,0.0,1
935,1776086130.6099644,0.04781899997396977, 0.3791409999394091,0,0,27.8,0.0,1
935,1776086130.6724124,33.429496999815456, 0.30170899981385446,14,14,27.8,0.0,0
936,1776086130.721761,23.76978699976462, 0.2529349999349506,13,0,27.8,0.0,0
937,1776086130.738711,15.235120999932406, 0.3080760002376337,17,17,27.8,0.0,0
938,1776086130.7533324,12.654939999720227, 0.30861699997331016,14,19,27.8,0.0,0
939,1776086131.029867,12.650203000248439, 259.00840400026937,18,13,27.8,0.0,0
941,1776086131.0336313,0.7073249998938991, 0.29932999996162835,0,13,27.8,0.0,1
942,1776086131.055897,0.8958150001490139, 0.3766300001188938,0,10,27.8,0.0,1
943,1776086131.086231,0.6683659998998337, 0.31925799976306735,0,9,27.8,0.0,1
944,1776086131.116384,2.1145269997759897, 0.42564199975458905,0,0,27.8,0.0,1
945,1776086131.1483684,0.0378409999939322, 0.2653570004440553,0,0,27.8,0.0,1
946,1776086131.1740153,0.045046999730402604, 0.3403410000828444,0,0,27.8,0.0,1
947,1776086131.2038646,0.04739999985758914, 0.3358930002832494,0,0,27.8,0.0,1
948,1776086131.2337058,0.04606299989973195, 0.36244800003260025,0,0,27.8,0.0,1
949,1776086131.263116,0.04632300033335923, 0.3425019999667711,0,0,27.8,0.0,1
950,1776086131.2929933,0.04480999996303581, 0.34761400002025766,0,0,27.8,0.0,1
951,1776086131.323086,0.045699000111198984, 0.3436359997976979,0,0,27.8,0.0,1
952,1776086131.3521435,0.0444289998995373, 0.3382899999451183,0,0,27.8,0.0,1
953,1776086131.3820157,0.04344399985711789, 0.3398459998606995,0,0,27.8,0.0,1
954,1776086131.413285,0.04062000016347156, 0.27006799973605666,0,0,27.8,0.0,1
955,1776086131.441605,0.04744299985759426, 0.3622890003498469,0,0,27.8,0.0,1
956,1776086131.4710903,0.04517799970926717, 0.335385999733262,0,0,27.8,0.0,1
957,1776086131.5009294,0.04465399979380891, 0.34910100021079415,0,0,27.8,0.0,1
958,1776086131.530645,0.04317899993111496, 0.34917099992526346,0,0,27.8,0.0,1
959,1776086131.5597618,0.06600500000786269, 0.3483129999040102,0,0,27.8,0.0,1
960,1776086131.5896163,0.05047100012234296, 0.3829400002359762,0,0,27.8,0.0,1
961,1776086131.619887,0.04648100002668798, 0.3492569999252737,0,0,27.8,0.0,1
962,1776086131.6500657,0.04539600013231393, 0.34360499967078795,0,0,27.8,0.0,1
963,1776086131.6798487,0.04054400005770731, 0.30873100013195653,0,0,27.8,0.0,1
964,1776086131.708878,0.047110000195971224, 0.33560300016688416,0,0,27.8,0.0,1
965,1776086131.738814,0.044894000438944204, 0.3421129999878758,0,0,27.8,0.0,1
966,1776086131.768574,0.049095000122179044, 0.3677370000332303,0,0,27.8,0.0,1
967,1776086131.7981815,0.045031999889033614, 0.3402129996175063,0,0,27.8,0.0,1
968,1776086131.8278866,0.048302999857696705, 0.3383880002729711,0,0,27.8,0.0,1
969,1776086131.8576417,0.04646800016416819, 0.367213000117772,0,0,27.8,0.0,1
970,1776086131.887031,0.05225099994277116, 0.38293799980237964,0,0,27.8,0.0,1
971,1776086131.9174075,0.04491699974096264, 0.36343500005386886,0,0,27.8,0.0,1
972,1776086131.9467425,0.0616439997429552, 0.347524000062549,0,0,27.8,0.0,1
973,1776086131.9761968,0.04438799987838138, 0.3374450002411322,0,0,27.8,0.0,1
974,1776086132.0075843,0.037787000110256486, 0.3105210003013781,0,0,27.8,0.0,1
974,1776086132.0682523,32.540765999783616, 0.26131599997825106,9,9,27.8,0.0,0
975,1776086132.0836074,13.57929999994667, 0.24996799993459717,8,0,27.8,0.0,0
976,1776086132.1161969,20.54413099995145, 0.2554899997448956,9,9,27.8,0.0,0
977,1776086132.1412222,17.754250999587384, 0.2655149996826367,5,9,27.8,0.0,0
978,1776086132.4374244,21.485983999809832, 260.61261499989996,6,7,27.8,0.0,0
980,1776086132.441448,0.48853699991013855, 0.31179699999484,0,7,27.8,0.0,1
981,1776086132.4516895,0.5220889997872291, 0.34625499984031194,0,5,27.8,0.0,1
982,1776086132.4835634,1.94458800024222, 0.3389850003259198,0,3,27.8,0.0,1
983,1776086132.515549,0.27698999974745675, 0.27953799963142956,0,0,27.8,0.0,1
984,1776086132.5412881,0.04635699997379561, 0.34219300005133846,0,0,27.8,0.0,1
985,1776086132.5714474,0.04471099964575842, 0.34895899989351165,0,0,27.8,0.0,1
986,1776086132.6002703,0.04285099976186757, 0.33455400034654303,0,0,27.8,0.0,1
987,1776086132.6300771,0.04459899992070859, 0.33869800017782836,0,0,27.8,0.0,1
988,1776086132.6598876,0.048702999720262596, 0.34059900008287514,0,0,27.8,0.0,1
989,1776086132.6897104,0.04393500012156437, 0.36576299999069306,0,0,27.8,0.0,1
990,1776086132.719191,0.043898000058106845, 0.34005499992417754,0,0,27.8,0.0,1
991,1776086132.7488532,0.0438150000263704, 0.3339820000292093,0,0,27.8,0.0,1
992,1776086132.7791526,0.05116300008012331, 0.38087299981270917,0,0,27.8,0.0,1
993,1776086132.8085697,0.046469999688270036, 0.327507000292826,0,0,27.8,0.0,1
994,1776086132.83816,0.0438899996879627, 0.3434310001466656,0,0,27.8,0.0,1
995,1776086132.867932,0.045838999994884944, 0.3401899998607405,0,0,27.8,0.0,1
996,1776086132.8992136,0.041432000216445886, 0.31725300004836754,0,0,27.8,0.0,1
997,1776086132.9270756,0.04482000031202915, 0.333698000304139,0,0,27.8,0.0,1
998,1776086132.9570024,0.04428100010045455, 0.34171299967056257,0,0,27.8,0.0,1
999,1776086132.9868474,0.044935000005352776, 0.338768000347045,0,0,27.8,0.0,1
1000,1776086133.016342,0.04105500011064578, 0.332078999690566,0,0,27.8,0.0,1
1001,1776086133.0460744,0.04325500003687921, 0.34653399961825926,0,0,27.8,0.0,1
1002,1776086133.0759213,0.04314600028010318, 0.3425159998187155,0,0,27.8,0.0,1
1003,1776086133.1056564,0.044207999962964095, 0.36187700015943847,0,0,27.8,0.0,1
1004,1776086133.1355238,0.042545999804133317, 0.34429700008331565,0,0,27.8,0.0,1
1005,1776086133.1656842,0.04080200005773804, 0.3359249999448366,0,0,27.8,0.0,1
1006,1776086133.1948135,0.04683499992097495, 0.3399600000193459,0,0,27.8,0.0,1
1007,1776086133.2245848,0.04854400003750925, 0.36011000020153006,0,0,27.8,0.0,1
1008,1776086133.2540598,0.04452900020623929, 0.3422939998927177,0,0,27.8,0.0,1
1009,1776086133.2838902,0.04463499999474152, 0.33837899991340237,0,0,27.8,0.0,1
1010,1776086133.3136985,0.04576900028041564, 0.35611299972515553,0,0,27.8,0.0,1
1011,1776086133.343198,0.04482000031202915, 0.3509160001158307,0,0,27.8,0.0,1
1012,1776086133.373087,0.047062000248843106, 0.3370879999238241,0,0,27.8,0.0,1
1013,1776086133.4031308,0.04685699968831614, 0.3492239998195146,0,0,27.8,0.0,1
1013,1776086133.464973,32.828812999923684, 0.29395100000328966,15,15,27.8,0.0,0
1014,1776086133.5140464,23.38817600002585, 0.2563729999565112,15,0,27.8,0.0,0
1015,1776086133.5327666,16.383628999847133, 0.3215960000488849,22,20,27.8,0.0,0
1016,1776086133.5473583,12.714653999864822, 0.3254120001656702,22,20,27.8,0.0,0
1017,1776086133.8224752,12.342161000105989, 258.0162280000877,19,14,27.8,0.0,0
1019,1776086133.8267782,0.8057549998738978, 0.20388000029925024,0,14,27.8,0.0,1
1020,1776086133.8491442,0.8527429999958258, 0.3474919999462145,0,10,27.8,0.0,1
1021,1776086133.878718,0.7130270000743621, 0.31690300011177897,0,9,27.8,0.0,1
1022,1776086133.909943,2.019821999965643, 0.39138800002547214,0,0,27.8,0.0,1
1023,1776086133.9414387,0.036111000099481316, 0.2675730002010823,0,0,27.8,0.0,1
1024,1776086133.9672532,0.045244999910210026, 0.33740799972292734,0,0,27.8,0.0,1
1025,1776086133.9976666,0.04445400008989964, 0.3629630000432371,0,0,27.8,0.0,1
1026,1776086134.0268438,0.04603999968821881, 0.3411060001781152,0,0,27.8,0.0,1
1027,1776086134.05623,0.0436589998571435, 0.3442829997766239,0,0,27.8,0.0,1
1028,1776086134.0878263,0.030387999686354306, 0.18644300007508718,0,0,27.8,0.0,1
1029,1776086134.1157956,0.041664000036689686, 0.3424500000619446,0,0,27.8,0.0,1
1030,1776086134.1461682,0.049681999826134415, 0.38018500026737456,0,0,27.8,0.0,1
1031,1776086134.1751196,0.044022000110999215, 0.34160499990321114,0,0,27.8,0.0,1
1032,1776086134.2049837,0.04375000025902409, 0.3422130002945778,0,0,27.8,0.0,1
1033,1776086134.2347996,0.046147999910317594, 0.3463120001470088,0,0,27.8,0.0,1
1034,1776086134.264667,0.05204400031288969, 0.36024000019097,0,0,27.8,0.0,1
1035,1776086134.2940955,0.042857999687839765, 0.34164299995609326,0,0,27.8,0.0,1
1036,1776086134.3243222,0.04910000006930204, 0.3413350000300852,0,0,27.8,0.0,1
1037,1776086134.354315,0.042937999751302414, 0.33252699995500734,0,0,27.8,0.0,1
1038,1776086134.383129,0.04461000025912654, 0.3394219997971959,0,0,27.8,0.0,1
1039,1776086134.4129546,0.04447899982551462, 0.33978399960687966,0,0,27.8,0.0,1
1040,1776086134.4427943,0.04695600000559352, 0.3402960001039901,0,0,27.8,0.0,1
1041,1776086134.4722912,0.0440409999100666, 0.3392970002096263,0,0,27.8,0.0,1
1042,1776086134.5021753,0.04548800006887177, 0.3461169999354752,0,0,27.8,0.0,1
1043,1776086134.5319505,0.04682000007960596, 0.343897999755427,0,0,27.8,0.0,1
1044,1776086134.5617933,0.043385000026319176, 0.3417389998503495,0,0,27.8,0.0,1
1045,1776086134.5914893,0.043989999994664686, 0.33550299986018217,0,0,27.8,0.0,1
1046,1776086134.621023,0.0422660000367614, 0.33889699989231303,0,0,27.8,0.0,1
1047,1776086134.6507268,0.06128799986981903, 0.3488380002636404,0,0,27.8,0.0,1
1048,1776086134.681714,0.03943700039599207, 0.20996400007788907,0,0,27.8,0.0,1
1049,1776086134.7100418,0.04257599994161865, 0.3436649999457586,0,0,27.8,0.0,1
1050,1776086134.7399287,0.0434250000580505, 0.339894000262575,0,0,27.8,0.0,1
1051,1776086134.7697153,0.059548000081122154, 0.3447290000622161,0,0,27.8,0.0,1
1052,1776086134.799267,0.04330499996285653, 0.3466640000624466,0,0,27.8,0.0,1
1052,1776086134.8614254,32.50797800001237, 0.28328400003374554,8,8,27.8,0.0,0
1053,1776086134.8774853,14.278761000241502, 0.2573689998826012,9,0,27.8,0.0,0
1054,1776086134.9123294,21.619131000079506, 0.29045300016150577,15,15,27.8,0.0,0
1055,1776086134.9336047,15.735790000235284, 0.3132389997517748,12,17,27.8,0.0,0
1056,1776086135.2272224,21.977802000037627, 257.14573699997345,13,10,27.8,0.0,0
1058,1776086135.2311132,0.6064839999453397, 0.28605999978026375,0,10,27.8,0.0,1
1059,1776086135.2456384,0.675926999974763, 0.36384599980010535,0,7,27.8,0.0,1
1060,1776086135.2759943,1.9833680003102927, 0.3316310003356193,0,6,27.8,0.0,1
1061,1776086135.308598,0.3910520003955753, 0.3036309999515652,0,0,27.8,0.0,1
1062,1776086135.333616,0.042918999952235026, 0.36905199976899894,0,0,27.8,0.0,1
1063,1776086135.3634522,0.04814400017494336, 0.40976099990075454,0,0,27.8,0.0,1
1064,1776086135.3934376,0.053141000080358936, 0.38053000025684014,0,0,27.8,0.0,1
1065,1776086135.422781,0.04542399983620271, 0.36394400012795813,0,0,27.8,0.0,1
1066,1776086135.4527621,0.064282000039384, 0.369145999684406,0,0,27.8,0.0,1
1067,1776086135.483588,0.05153400024937582, 0.3814799997599039,0,0,27.8,0.0,1
1068,1776086135.5127122,0.061160999848652864, 0.3382109998710803,0,0,27.8,0.0,1
1069,1776086135.5418007,0.06659600012426381, 0.3858879999825149,0,0,27.8,0.0,1
1070,1776086135.5730524,0.04346900004748022, 0.31131600007938687,0,0,27.8,0.0,1
1071,1776086135.6010053,0.04622000005838345, 0.37388900000223657,0,0,27.8,0.0,1
1072,1776086135.6307049,0.04182300017419038, 0.3595970001697424,0,0,27.8,0.0,1
1073,1776086135.6604424,0.04660100012188195, 0.38190600025700405,0,0,27.8,0.0,1
1074,1776086135.6902566,0.04558400041787536, 0.38470600020446,0,0,27.8,0.0,1
1075,1776086135.7198577,0.04305400034354534, 0.3608040001381596,0,0,27.8,0.0,1
1076,1776086135.7496374,0.052382999911060324, 0.40621300013299333,0,0,27.8,0.0,1
1077,1776086135.7793653,0.04705099991042516, 0.40300799992110115,0,0,27.8,0.0,1
1078,1776086135.8099182,0.05103900002723094, 0.4076160003023688,0,0,27.8,0.0,1
1079,1776086135.8395646,0.03858399986711447, 0.33236299987038365,0,0,27.8,0.0,1
1080,1776086135.868547,0.04636099993149401, 0.4319009999562695,0,0,27.8,0.0,1
1081,1776086135.898589,0.0553700001546531, 0.3749070001504151,0,0,27.8,0.0,1
1082,1776086135.9292383,0.04976599984729546, 0.4091069999958563,0,0,27.8,0.0,1
1083,1776086135.9584184,0.0488519999635173, 0.3780499996537401,0,0,27.8,0.0,1
1084,1776086135.988434,0.049185000079887686, 0.38245800033109845,0,0,27.8,0.0,1
1085,1776086136.0180433,0.05032599983678665, 0.38155299989739433,0,0,27.8,0.0,1
1086,1776086136.0475848,0.04417200034367852, 0.367761000234168,0,0,27.8,0.0,1
1087,1776086136.077648,0.04122200016354327, 0.3692730001603195,0,0,27.8,0.0,1
1088,1776086136.107122,0.049761000354919815, 0.3745030003301508,0,0,27.8,0.0,1
1089,1776086136.1364107,0.04313199997341144, 0.34363100030532223,0,0,27.8,0.0,1
1090,1776086136.1679416,0.04099500029042247, 0.31438199994227034,0,0,27.8,0.0,1
1091,1776086136.1958663,0.04498699991017929, 0.34546100005172775,0,0,27.8,0.0,1
1091,1776086136.2584088,32.808725999984745, 0.26984899977833265,11,11,27.8,0.0,0
1092,1776086136.3085365,24.088371000289044, 0.2500020000297809,16,0,27.8,0.0,0
1093,1776086136.3257308,15.501438999763195, 0.3000130000145873,16,16,27.8,0.0,0
1094,1776086136.3403537,12.767426000209525, 0.3240389996790327,12,20,27.8,0.0,0
1095,1776086136.6141365,12.49106200020833, 257.89933399983056,12,12,27.8,0.0,0
1097,1776086136.6186564,0.7671230000596552, 0.1815419996091805,0,12,27.8,0.0,1
1098,1776086136.6421523,0.8349479999196774, 0.39305899963437696,0,7,27.8,0.0,1
1099,1776086136.6716363,0.5469270004141435, 0.35265199994682916,0,4,27.8,0.0,1
1100,1776086136.7025945,1.9251610001447261, 0.3586900002119364,0,0,27.8,0.0,1
1101,1776086136.734781,0.034825000057026045, 0.2613579999888316,0,0,27.8,0.0,1
1102,1776086136.7617261,0.04170000011072261, 0.3098619999946095,0,0,27.8,0.0,1
1103,1776086136.7895896,0.048272000185534125, 0.39873300011095125,0,0,27.8,0.0,1
1104,1776086136.8196323,0.053172000207268866, 0.36901300018143957,0,0,27.8,0.0,1
1105,1776086136.8493733,0.04870000020673615, 0.3880889998981729,0,0,27.8,0.0,1
1106,1776086136.8790233,0.048349000280722976, 0.3369620003468299,0,0,27.8,0.0,1
1107,1776086136.9084547,0.04455199996300507, 0.37434200021380093,0,0,27.8,0.0,1
1108,1776086136.9386618,0.04827899965675897, 0.3727979997165676,0,0,27.8,0.0,1
1109,1776086136.9681249,0.044286000047577545, 0.37602899965349934,0,0,27.8,0.0,1
1110,1776086136.9981666,0.04651300014302251, 0.3609590003179619,0,0,27.8,0.0,1
1111,1776086137.028216,0.04584399994200794, 0.36327199995866977,0,0,27.8,0.0,1
1112,1776086137.0571003,0.047759999688423704, 0.3786029997172591,0,0,27.8,0.0,1
1113,1776086137.0867836,0.044319000153336674, 0.34279600004083477,0,0,27.8,0.0,1
1114,1776086137.1166525,0.042005000068456866, 0.3958810002586688,0,0,27.8,0.0,1
1115,1776086137.1465843,0.053264000143826706, 0.3938469999411609,0,0,27.8,0.0,1
1116,1776086137.1765149,0.04609699999491568, 0.3660209999907238,0,0,27.8,0.0,1
1117,1776086137.2057195,0.06207799970070482, 0.3444930002842739,0,0,27.8,0.0,1
1118,1776086137.2354925,0.046986000143078854, 0.37515900021389825,0,0,27.8,0.0,1
1119,1776086137.2656677,0.046627999836346135, 0.3817920000983577,0,0,27.8,0.0,1
1120,1776086137.2949426,0.04392200025904458, 0.36499599991657306,0,0,27.8,0.0,1
1121,1776086137.3248105,0.07175500013545388, 0.41051100015465636,0,0,27.8,0.0,1
1122,1776086137.3565562,0.04612799966707826, 0.34022399995592423,0,0,27.8,0.0,1
1123,1776086137.3839998,0.0469159999738622, 0.3838879997601907,0,0,27.8,0.0,1
1124,1776086137.414023,0.052504999985103495, 0.3975489998992998,0,0,27.8,0.0,1
1125,1776086137.443585,0.05698499990103301, 0.43706500036932994,0,0,27.8,0.0,1
1126,1776086137.4733453,0.050192999879072886, 0.3968850001001556,0,0,27.8,0.0,1
1127,1776086137.5027914,0.04472399996302556, 0.342896999882214,0,0,27.8,0.0,1
1128,1776086137.5325112,0.04654700023820624, 0.39872100023785606,0,0,27.8,0.0,1
1129,1776086137.5622356,0.04738000006909715, 0.3793519999817363,0,0,27.8,0.0,1
1130,1776086137.5926595,0.04494299992074957, 0.37927099992884905,0,0,27.8,0.0,1
1130,1776086137.65379,31.285493999803293, 0.2605730001050688,10,10,27.8,0.0,0
1131,1776086137.6692457,13.653096000325604, 0.25307799978691037,6,0,27.8,0.0,0
1132,1776086137.705568,21.578186000169808, 0.2521540000088862,7,7,27.8,0.0,0
1133,1776086137.731825,18.908595999619138, 0.2660199997990276,7,9,27.8,0.0,0
1134,1776086138.014718,17.78634799984502, 257.3013619999074,6,5,27.8,0.0,0
1136,1776086138.0181763,0.39565399993080064, 0.3010259997608955,0,5,27.8,0.0,1
1137,1776086138.0378518,0.46590400006607524, 0.3460370003267599,0,4,27.8,0.0,1
1138,1776086138.069172,1.8354670000917395, 0.3255159999753232,0,3,27.8,0.0,1
1139,1776086138.1019657,0.27825500001199543, 0.2839130002030288,0,0,27.8,0.0,1
1140,1776086138.127294,0.04496100018513971, 0.3375870001036674,0,0,27.8,0.0,1
1141,1776086138.1574457,0.045279000005393755, 0.35228199976700125,0,0,27.8,0.0,1
1142,1776086138.186882,0.045693999709328637, 0.34166199975516065,0,0,27.8,0.0,1
1143,1776086138.2169294,0.0440469998466142, 0.3417240000089805,0,0,27.8,0.0,1
1144,1776086138.2477646,0.038328999835357536, 0.29108099988661706,0,0,27.8,0.0,1
1145,1776086138.275856,0.04382799988889019, 0.3396489996703167,0,0,27.8,0.0,1
1146,1776086138.3058794,0.0478430001749075, 0.33846900032585836,0,0,27.8,0.0,1
1147,1776086138.3353255,0.048458000037499005, 0.3327039999021508,0,0,27.8,0.0,1
1148,1776086138.3651047,0.044085999888920924, 0.33970599997701356,0,0,27.8,0.0,1
1149,1776086138.394887,0.044828000227425946, 0.3449920000093698,0,0,27.8,0.0,1
1150,1776086138.42473,0.06145999986983952, 0.33583999993425095,0,0,27.8,0.0,1
1151,1776086138.454213,0.04204900005788659, 0.3428780000831466,0,0,27.8,0.0,1
1152,1776086138.484339,0.04430799981491873, 0.3357579998919391,0,0,27.8,0.0,1
1153,1776086138.5144446,0.0416470002164715, 0.3440290001890389,0,0,27.8,0.0,1
1154,1776086138.5432518,0.044068000079278136, 0.33986500011451426,0,0,27.8,0.0,1
1155,1776086138.5730598,0.04277900006854907, 0.3400339996915136,0,0,27.8,0.0,1
1156,1776086138.6029282,0.04722799985756865, 0.3407809999771416,0,0,27.8,0.0,1
1157,1776086138.6330273,0.04811200005860883, 0.3768579999814392,0,0,27.8,0.0,1
1158,1776086138.6621544,0.04450999995242455, 0.33948000009331736,0,0,27.8,0.0,1
1159,1776086138.6919637,0.04610900032275822, 0.33644299992374727,0,0,27.8,0.0,1
1160,1776086138.7219062,0.04286500006855931, 0.35361399977773544,0,0,27.8,0.0,1
1161,1776086138.7515833,0.04364300002634991, 0.3370550002728123,0,0,27.8,0.0,1
1162,1776086138.781085,0.04323900020608562, 0.3448840002420184,0,0,27.8,0.0,1
1163,1776086138.8109407,0.04756199996336363, 0.3345810000610072,0,0,27.8,0.0,1
1164,1776086138.8422148,0.04245899981469847, 0.30904399955034023,0,0,27.8,0.0,1
1165,1776086138.870176,0.04491199979383964, 0.33805100019890233,0,0,27.8,0.0,1
1166,1776086138.9002864,0.04866600011155242, 0.3835810002783546,0,0,27.8,0.0,1
1167,1776086138.9298382,0.042809999740711646, 0.34466700026314356,0,0,27.8,0.0,1
1168,1776086138.959595,0.04386999989947071, 0.3637519998846983,0,0,27.8,0.0,1
1169,1776086138.9892204,0.041244999920309056, 0.3514710001581989,0,0,27.8,0.0,1
1169,1776086139.052462,33.34094000001642, 0.32013000009101233,16,16,27.8,0.0,0
1170,1776086139.0679398,13.6044360001506, 0.2612579996821296,20,0,27.8,0.0,0
1171,1776086139.1015806,20.663950000198383, 0.3248540001550282,19,19,27.8,0.0,0
1172,1776086139.1281183,18.343300000196905, 0.32179199979509576,19,20,27.8,0.0,0
1173,1776086139.4108403,16.834786999879725, 256.8625169997176,21,15,27.8,0.0,0
1175,1776086139.4149692,0.7870939998610993, 0.18350699974689633,0,15,27.8,0.0,1
1176,1776086139.4371388,0.8903089997147617, 0.35061500011579483,0,11,27.8,0.0,1
1177,1776086139.4647703,0.8036080002966628, 0.40801100021781167,0,7,27.8,0.0,1
1178,1776086139.4956977,2.020740999796544, 0.38037700005588704,0,0,27.8,0.0,1
1179,1776086139.5278797,0.03531499987730058, 0.2582079996500397,0,0,27.8,0.0,1
1180,1776086139.5532098,0.04739099995276774, 0.38738800003557117,0,0,27.8,0.0,1
1181,1776086139.5829046,0.04188599996268749, 0.34799700006260537,0,0,27.8,0.0,1
1182,1776086139.6127193,0.04178099970886251, 0.3781430000344699,0,0,27.8,0.0,1
1183,1776086139.642622,0.053080999805388274, 0.39465700001528603,0,0,27.8,0.0,1
1184,1776086139.672781,0.050580999868543586, 0.3413879999243363,0,0,27.8,0.0,1
1185,1776086139.7026994,0.05448600040836027, 0.316787999963708,0,0,27.8,0.0,1
1186,1776086139.7319741,0.04519399999480811, 0.3374859998075408,0,0,27.8,0.0,1
1187,1776086139.761871,0.04421600033310824, 0.3389580001567083,0,0,27.8,0.0,1
1188,1776086139.7912455,0.045153999963076785, 0.34679600003073574,0,0,27.8,0.0,1
1189,1776086139.8211625,0.04583999998430954, 0.3436000001784123,0,0,27.8,0.0,1
1190,1776086139.851027,0.045758999931422295, 0.33928599987120833,0,0,27.8,0.0,1
1191,1776086139.8807404,0.0605680002081499, 0.3426190000936913,0,0,27.8,0.0,1
1192,1776086139.910743,0.06254900017665932, 0.3424559999984922,0,0,27.8,0.0,1
1193,1776086139.9403443,0.04454600002645748, 0.34970300021086587,0,0,27.8,0.0,1
1194,1776086139.9698868,0.04196700001557474, 0.34993999997823266,0,0,27.8,0.0,1
1195,1776086139.999379,0.048178999804804334, 0.3519380002217076,0,0,27.8,0.0,1
1196,1776086140.0306733,0.05276000001686043, 0.29588000006697257,0,0,27.8,0.0,1
1197,1776086140.0589,0.04302600018490921, 0.3451130000939884,0,0,27.8,0.0,1
1198,1776086140.0887513,0.057594000281824265, 0.3445520001150726,0,0,27.8,0.0,1
1199,1776086140.1181345,0.05166199980521924, 0.38163799990798,0,0,27.8,0.0,1
1200,1776086140.1477933,0.08583899989389465, 0.3867519999403157,0,0,27.8,0.0,1
1201,1776086140.177526,0.051901000006182585, 0.41401499993298785,0,0,27.8,0.0,1
1202,1776086140.2069867,0.04258800026946119, 0.34796099998857244,0,0,27.8,0.0,1
1203,1776086140.2367413,0.06820899989179452, 0.3553460001057829,0,0,27.8,0.0,1
1204,1776086140.2669435,0.045450000015989644, 0.36437300013858476,0,0,27.8,0.0,1
1205,1776086140.296943,0.04488600006880006, 0.360493999778555,0,0,27.8,0.0,1
1206,1776086140.325773,0.06931300003998331, 0.36692300000140676,0,0,27.8,0.0,1
1207,1776086140.3557115,0.04899300029137521, 0.4396349995658966,0,0,27.8,0.0,1
1208,1776086140.3851593,0.046801000280538574, 0.3790239998124889,0,0,27.8,0.0,1
1208,1776086140.4339862,18.967141999837622, 0.24345900010303012,6,6,27.8,0.0,0
1209,1776086140.485632,23.00343199976851, 0.30608599990955554,4,0,27.8,0.0,0
1210,1776086140.5044444,17.05762199981109, 0.2515689998290327,5,5,27.8,0.0,0
1211,1776086140.5186455,12.364932000309636, 0.2507389999664156,7,8,27.8,0.0,0
1212,1776086140.812444,21.528702000068733, 256.7448670001795,9,4,27.8,0.0,0
1214,1776086140.8159957,0.36133799994786386, 0.3000299998348055,0,4,27.8,0.0,1
1215,1776086140.8316596,0.40571799991084845, 0.35458100001051207,0,3,27.8,0.0,1
1216,1776086140.8629136,1.784609999958775, 0.30302100003609667,0,3,27.8,0.0,1
1217,1776086140.8953369,0.25507100008326233, 0.28254200014998787,0,0,27.8,0.0,1
1218,1776086140.9222236,0.04152300016357913, 0.31172599983619875,0,0,27.8,0.0,1
1219,1776086140.9501736,0.04257499995219405, 0.33885400034705526,0,0,27.8,0.0,1
1220,1776086140.9811313,0.0432689998888236, 0.30239400030040997,0,0,27.8,0.0,1
1221,1776086141.009928,0.049468999804958, 0.3834399999504967,0,0,27.8,0.0,1
1222,1776086141.0390458,0.0459789998785709, 0.38678600003549946,0,0,27.8,0.0,1
1223,1776086141.0687985,0.042021999888675055, 0.34748099960779655,0,0,27.8,0.0,1
1224,1776086141.0983267,0.04438700034370413, 0.372538000192435,0,0,27.8,0.0,1
1225,1776086141.1284158,0.05215800001678872, 0.4044010001962306,0,0,27.8,0.0,1
1226,1776086141.1585822,0.03944399986721692, 0.33585499977561994,0,0,27.8,0.0,1
1227,1776086141.188662,0.039943000047060195, 0.33413199980714126,0,0,27.8,0.0,1
1228,1776086141.2178097,0.04557000011118362, 0.3408189995752764,0,0,27.8,0.0,1
1229,1776086141.247619,0.04498799989960389, 0.3618269997787138,0,0,27.8,0.0,1
1230,1776086141.2774665,0.048131999847100815, 0.38013300036254805,0,0,27.8,0.0,1
1231,1776086141.3070025,0.04528899989963975, 0.3447839999353164,0,0,27.8,0.0,1
1232,1776086141.3367395,0.06075999999666237, 0.3457839998191048,0,0,27.8,0.0,1
1233,1776086141.366199,0.04542099986792891, 0.3434160003052966,0,0,27.8,0.0,1
1234,1776086141.3964512,0.04926100018565194, 0.40033599998423597,0,0,27.8,0.0,1
1235,1776086141.4262166,0.044392999825504376, 0.3439510001044255,0,0,27.8,0.0,1
1236,1776086141.4556632,0.050970000302186236, 0.36185299995850073,0,0,27.8,0.0,1
1237,1776086141.4851809,0.04556299973046407, 0.341677000051277,0,0,27.8,0.0,1
1238,1776086141.5165095,0.04374800028017489, 0.31128099999477854,0,0,27.8,0.0,1
1239,1776086141.544699,0.046332999772857875, 0.3549500002009154,0,0,27.8,0.0,1
1240,1776086141.5742214,0.04373199999463395, 0.34430400000928785,0,0,27.8,0.0,1
1241,1776086141.6039805,0.044951999825570965, 0.33872399990286794,0,0,27.8,0.0,1
1242,1776086141.6339073,0.04751500000566011, 0.3392329999769572,0,0,27.8,0.0,1
1243,1776086141.663862,0.04259199977241224, 0.3420869998080889,0,0,27.8,0.0,1
1244,1776086141.6931777,0.04440600014277152, 0.3391760001250077,0,0,27.8,0.0,1
1245,1776086141.722956,0.04743999988932046, 0.3428410000196891,0,0,27.8,0.0,1
1246,1776086141.7534797,0.0492379999741388, 0.3816590001406439,0,0,27.8,0.0,1
1247,1776086141.782902,0.04053799966641236, 0.31625800011170213,0,0,27.8,0.0,1
1247,1776086141.8438315,31.838413000059518, 0.2926370002569456,16,16,27.8,0.0,0
1248,1776086141.8960633,23.7519259999317, 0.26319400012653205,18,0,27.8,0.0,0
1249,1776086141.9221919,20.535413999823504, 0.3102210002907668,18,18,27.8,0.0,0
1250,1776086141.950958,19.49835699997493, 0.31995500012271805,21,20,27.8,0.0,0
1251,1776086142.2373865,19.553233999886288, 257.63516099959816,19,12,27.8,0.0,0
1253,1776086142.241728,0.718508000318252, 0.2864570001293032,0,12,27.8,0.0,1
1254,1776086142.2586176,0.7829760002096009, 0.33307300009255414,0,12,27.8,0.0,1
1255,1776086142.2886891,0.855265000154759, 0.37633700003425474,0,9,27.8,0.0,1
1256,1776086142.319174,2.0618940002350428, 0.38811200010968605,0,0,27.8,0.0,1
1257,1776086142.3511071,0.03514399986670469, 0.2631229999678908,0,0,27.8,0.0,1
1258,1776086142.3774385,0.04649399988920777, 0.3424530000302184,0,0,27.8,0.0,1
1259,1776086142.4077148,0.03839800001514959, 0.29401799974948517,0,0,27.8,0.0,1
1260,1776086142.436068,0.04326900034357095, 0.3450419999353471,0,0,27.8,0.0,1
1261,1776086142.4658442,0.04291200002626283, 0.34008300008281367,0,0,27.8,0.0,1
1262,1776086142.4953356,0.04425199995239382, 0.33657899984973483,0,0,27.8,0.0,1
1263,1776086142.5251515,0.041523999698256375, 0.34213500020996435,0,0,27.8,0.0,1
1264,1776086142.5550373,0.04639899998437613, 0.33665700038909563,0,0,27.8,0.0,1
1265,1776086142.5847492,0.06095399976402405, 0.34626499973455793,0,0,27.8,0.0,1
1266,1776086142.614576,0.040331000036530895, 0.3269720000389498,0,0,27.8,0.0,1
1267,1776086142.6444027,0.04504099979385501, 0.34947500034832046,0,0,27.8,0.0,1
1268,1776086142.6739237,0.046037000174692366, 0.33657699987088563,0,0,27.8,0.0,1
1269,1776086142.703673,0.044567000259121414, 0.36228299995855195,0,0,27.8,0.0,1
1270,1776086142.733163,0.043168000047444366, 0.3434609998294036,0,0,27.8,0.0,1
1271,1776086142.7630181,0.04506400000536814, 0.339117000294209,0,0,27.8,0.0,1
1272,1776086142.7932281,0.04951000028086128, 0.3769740001189348,0,0,27.8,0.0,1
1273,1776086142.8228292,0.04325899999457761, 0.3393860001779103,0,0,27.8,0.0,1
1274,1776086142.852109,0.04498900034377584, 0.35546400022212765,0,0,27.8,0.0,1
1275,1776086142.8819444,0.04318199989938876, 0.3421189999244234,0,0,27.8,0.0,1
1276,1776086142.9118729,0.04435399978319765, 0.33523999991302844,0,0,27.8,0.0,1
1277,1776086142.9412062,0.04216799970890861, 0.33753300021999166,0,0,27.8,0.0,1
1278,1776086142.9716985,0.05857299993294873, 0.31757500028106733,0,0,27.8,0.0,1
1279,1776086143.0022726,0.041695000163599616, 0.31646900015402935,0,0,27.8,0.0,1
1280,1776086143.030225,0.043714000184991164, 0.3360150003572926,0,0,27.8,0.0,1
1281,1776086143.0600483,0.045448000037140446, 0.33718299982865574,0,0,27.8,0.0,1
1282,1776086143.090262,0.052318000143714016, 0.38004499992894125,0,0,27.8,0.0,1
1283,1776086143.1197424,0.061796999943908304, 0.3507840001475415,0,0,27.8,0.0,1
1284,1776086143.1492398,0.043402000301284716, 0.34452699992471025,0,0,27.8,0.0,1
1285,1776086143.1790526,0.042427000153111294, 0.33389600002919906,0,0,27.8,0.0,1
1286,1776086143.209171,0.0459879997833923, 0.34092200030499953,0,0,27.8,0.0,1
1286,1776086143.2719917,33.4234000001743, 0.3143159997307521,19,19,27.8,0.0,0
1287,1776086143.3226557,23.38952900026925, 0.2740710001489788,20,0,27.8,0.0,0
1288,1776086143.3480759,20.1518799999576, 0.3144040001643589,18,18,27.8,0.0,0
1289,1776086143.3772204,19.64910900005634, 0.3376429999661923,17,20,27.8,0.0,0
1290,1776086143.663119,19.608113000231242, 256.73166700016736,22,12,27.8,0.0,0
1292,1776086143.6667328,0.6781249999221473, 0.2839140001924534,0,12,27.8,0.0,1
1293,1776086143.6841283,0.8296569999401981, 0.37169300003370154,0,8,27.8,0.0,1
1294,1776086143.7154849,2.198501999828295, 0.34529100003055646,0,8,27.8,0.0,1
1295,1776086143.7480845,0.4525949998424039, 0.3243440000915143,0,0,27.8,0.0,1
1296,1776086143.7728095,0.043386000015743775, 0.3443969999352703,0,0,27.8,0.0,1
1297,1776086143.8028135,0.043339000058040256, 0.34750500026348163,0,0,27.8,0.0,1
1298,1776086143.832291,0.047372999688377604, 0.38673100016239914,0,0,27.8,0.0,1
1299,1776086143.8617964,0.0484659999528958, 0.4748490000565653,0,0,27.8,0.0,1
1300,1776086143.8938496,0.04263800019543851, 0.33075999999709893,0,0,27.8,0.0,1
1301,1776086143.9212854,0.04522099970927229, 0.37193499974819133,0,0,27.8,0.0,1
1302,1776086143.9512963,0.0497870000799594, 0.4321399997024855,0,0,27.8,0.0,1
1303,1776086143.9817922,0.07834399957573623, 0.41573699991204194,0,0,27.8,0.0,1
1304,1776086144.0114217,0.0557520002075762, 0.3878100001202256,0,0,27.8,0.0,1
1305,1776086144.0408566,0.04444399974090629, 0.34569999979794375,0,0,27.8,0.0,1
1306,1776086144.0702527,0.04314800025895238, 0.3393770002730889,0,0,27.8,0.0,1
1307,1776086144.100499,0.052317999688966665, 0.37556999996013474,0,0,27.8,0.0,1
1308,1776086144.130302,0.04350700010036235, 0.3314870000394876,0,0,27.8,0.0,1
1309,1776086144.1607022,0.04398400005811709, 0.35448000016913284,0,0,27.8,0.0,1
1310,1776086144.189146,0.04373599995233235, 0.3414960001464351,0,0,27.8,0.0,1
1311,1776086144.219039,0.04506999994191574, 0.33593500029382994,0,0,27.8,0.0,1
1312,1776086144.2487524,0.04353099984655273, 0.332159000208776,0,0,27.8,0.0,1
1313,1776086144.2783275,0.04462400011107093, 0.3297709999969811,0,0,27.8,0.0,1
1314,1776086144.308224,0.04418799971972476, 0.34535999975560117,0,0,27.8,0.0,1
1315,1776086144.3380094,0.04836900006921496, 0.36267299992687185,0,0,27.8,0.0,1
1316,1776086144.36781,0.04561400010061334, 0.3378040000825422,0,0,27.8,0.0,1
1317,1776086144.3975294,0.044253999931243015, 0.34065599993482465,0,0,27.8,0.0,1
1318,1776086144.4270637,0.04493100004765438, 0.34138599994548713,0,0,27.8,0.0,1
1319,1776086144.4568005,0.04715100021712715, 0.34335400005147676,0,0,27.8,0.0,1
1320,1776086144.4878194,0.03692700011015404, 0.2939940000032948,0,0,27.8,0.0,1
1321,1776086144.516104,0.04182300017419038, 0.33950499982893234,0,0,27.8,0.0,1
1322,1776086144.5459604,0.044441000227379845, 0.3427720002946444,0,0,27.8,0.0,1
1323,1776086144.575738,0.056536999636591645, 0.33795399986047414,0,0,27.8,0.0,1
1324,1776086144.6055424,0.04829499994229991, 0.3650180001386616,0,0,27.8,0.0,1
1325,1776086144.6350636,0.04126700014239759, 0.3454309999142424,0,0,27.8,0.0,1
1325,1776086144.684031,19.26015399976677, 0.2981979996548034,18,18,27.8,0.0,0
1326,1776086144.729293,23.013991999960126, 0.281051000001753,17,0,27.8,0.0,0
1327,1776086144.7473938,16.321021000294422, 0.31817300032344065,15,15,27.8,0.0,0
1328,1776086144.7718344,16.588106000199332, 0.32481800008099526,16,20,27.8,0.0,0
1329,1776086145.0603735,18.886565000229893, 257.3725000002014,17,13,27.8,0.0,0
1331,1776086145.0651202,0.786923999839928, 0.18654500036063837,0,13,27.8,0.0,1
1332,1776086145.0830653,0.7445650003319315, 0.3293589998065727,0,9,27.8,0.0,1
1333,1776086145.1108084,0.6475889999819628, 0.3073749999202846,0,8,27.8,0.0,1
1334,1776086145.14223,2.011562000006961, 0.3800990002673643,0,0,27.8,0.0,1
1335,1776086145.1742773,0.038300000142044155, 0.27420300011726795,0,0,27.8,0.0,1
1336,1776086145.1991897,0.04890399986834382, 0.38607399983447976,0,0,27.8,0.0,1
1337,1776086145.2291615,0.04564299979392672, 0.36549200012814254,0,0,27.8,0.0,1
1338,1776086145.258996,0.044366000111040194, 0.3444449998823984,0,0,27.8,0.0,1
1339,1776086145.288828,0.04626600002666237, 0.3384899996490276,0,0,27.8,0.0,1
1340,1776086145.319107,0.04345200022726203, 0.34103000007235096,0,0,27.8,0.0,1
1341,1776086145.3490798,0.04444800015335204, 0.34070199990310357,0,0,27.8,0.0,1
1342,1776086145.3779225,0.04687199998443248, 0.33543300014571287,0,0,27.8,0.0,1
1343,1776086145.408118,0.04965600010109483, 0.3856089997498202,0,0,27.8,0.0,1
1344,1776086145.4376009,0.04302099978303886, 0.35587899992606253,0,0,27.8,0.0,1
1345,1776086145.4670715,0.04557600004773121, 0.342643000294629,0,0,27.8,0.0,1
1346,1776086145.4971666,0.04700599993157084, 0.3805439996540372,0,0,27.8,0.0,1
1347,1776086145.526931,0.043121000089740846, 0.34530999982962385,0,0,27.8,0.0,1
1348,1776086145.5562313,0.04535400012173341, 0.3461609999249049,0,0,27.8,0.0,1
1349,1776086145.5861971,0.04380000018500141, 0.3449480000199401,0,0,27.8,0.0,1
1350,1776086145.6158125,0.04504000025917776, 0.34031499990305747,0,0,27.8,0.0,1
1351,1776086145.64525,0.043027999709011056, 0.34509399984017364,0,0,27.8,0.0,1
1352,1776086145.6766088,0.038548999782506144, 0.3020059998561919,0,0,27.8,0.0,1
1353,1776086145.7048268,0.045355000111158006, 0.34346700022069854,0,0,27.8,0.0,1
1354,1776086145.7347121,0.06070300014471286, 0.34342199978709687,0,0,27.8,0.0,1
1355,1776086145.764152,0.04289899970899569, 0.3418510000301467,0,0,27.8,0.0,1
1356,1776086145.7943337,0.0521849997312529, 0.3774530000555387,0,0,27.8,0.0,1
1357,1776086145.8237832,0.046705999920959584, 0.34374100005152286,0,0,27.8,0.0,1
1358,1776086145.8531952,0.049544999910722254, 0.33971099992413656,0,0,27.8,0.0,1
1359,1776086145.8830125,0.04567199994198745, 0.33353199978591874,0,0,27.8,0.0,1
1360,1776086145.9136438,0.05282199981593294, 0.36547400031849975,0,0,27.8,0.0,1
1361,1776086145.9433625,0.04686500005846028, 0.3389710000192281,0,0,27.8,0.0,1
1362,1776086145.9722378,0.04661499997382634, 0.34214400011478574,0,0,27.8,0.0,1
1363,1776086146.0018322,0.048056000196083914, 0.34263799989275867,0,0,27.8,0.0,1
1364,1776086146.0316627,0.048536000122112455, 0.37288600015017437,0,0,27.8,0.0,1
1364,1776086146.093775,32.5742180002635, 0.3198700001121324,36,20,27.8,0.0,0
1365,1776086146.109543,13.87073900014002, 0.2843809998012148,38,0,27.8,0.0,0
1366,1776086146.1459413,22.462119000010716, 0.32592100023975945,41,20,27.8,0.0,0
1367,1776086146.1681156,16.31553300012456, 0.3259089999119169,37,20,27.8,0.0,0
1368,1776086146.4610898,20.72760900000503, 260.2248839998538,34,16,27.8,0.0,0
1370,1776086146.4657404,0.8981510000012349, 0.2851790000022447,0,16,27.8,0.0,1
1371,1776086146.4776154,0.8320830002048751, 0.3250869999646966,0,11,27.8,0.0,1
1372,1776086146.5086992,2.1973140001136926, 0.33103299983849865,0,8,27.8,0.0,1
1373,1776086146.5415635,0.45958400005474687, 0.32963500007099356,0,0,27.8,0.0,1
1374,1776086146.5681188,0.04259699971953523, 0.3145050000057381,0,0,27.8,0.0,1
1375,1776086146.5961044,0.04409099983604392, 0.3390199999557808,0,0,27.8,0.0,1
1376,1776086146.6259804,0.04228100033287774, 0.3391670002201863,0,0,27.8,0.0,1
1377,1776086146.655768,0.045077999857312534, 0.34424900013618753,0,0,27.8,0.0,1
1378,1776086146.6852806,0.04588699994201306, 0.3339499999128748,0,0,27.8,0.0,1
1379,1776086146.7150953,0.04235799997331924, 0.3419399999984307,0,0,27.8,0.0,1
1380,1776086146.745301,0.05129200008013868, 0.39545000026919297,0,0,27.8,0.0,1
1381,1776086146.7746942,0.04287199999453151, 0.3627959999903396,0,0,27.8,0.0,1
1382,1776086146.804612,0.04811200005860883, 0.332491999870399,0,0,27.8,0.0,1
1383,1776086146.8349762,0.04395200039652991, 0.339779000114504,0,0,27.8,0.0,1
1384,1776086146.864052,0.050302000090596266, 0.3799050000452553,0,0,27.8,0.0,1
1385,1776086146.8932803,0.04472399996302556, 0.3309200001240242,0,0,27.8,0.0,1
1386,1776086146.922976,0.04700499994214624, 0.33323400020890404,0,0,27.8,0.0,1
1387,1776086146.95294,0.04477600032259943, 0.33556000016687904,0,0,27.8,0.0,1
1388,1776086146.9833162,0.04907299990009051, 0.3731070000867476,0,0,27.8,0.0,1
1389,1776086147.0122845,0.04417400032252772, 0.3395230000933225,0,0,27.8,0.0,1
1390,1776086147.0419729,0.04525299982560682, 0.3380519997335796,0,0,27.8,0.0,1
1391,1776086147.072125,0.045838999994884944, 0.33942100026251865,0,0,27.8,0.0,1
1392,1776086147.1012185,0.0476170002912113, 0.3418750002310844,0,0,27.8,0.0,1
1393,1776086147.131243,0.04345900015323423, 0.35027200010517845,0,0,27.8,0.0,1
1394,1776086147.1626263,0.02408599993941607, 0.18809600032909657,0,0,27.8,0.0,1
1395,1776086147.1909597,0.04969500014340156, 0.37692700016123126,0,0,27.8,0.0,1
1396,1776086147.2204177,0.050474999625294004, 0.3801699999712582,0,0,27.8,0.0,1
1397,1776086147.25004,0.04485400040721288, 0.33840199967016815,0,0,27.8,0.0,1
1398,1776086147.2801824,0.05097499979456188, 0.3718150001077447,0,0,27.8,0.0,1
1399,1776086147.309243,0.04488600006880006, 0.3358829999342561,0,0,27.8,0.0,1
1400,1776086147.339399,0.04953899997417466, 0.3859919997921679,0,0,27.8,0.0,1
1401,1776086147.368896,0.04539800011116313, 0.34070299989252817,0,0,27.8,0.0,1
1402,1776086147.3991408,0.04568999975163024, 0.3400089999558986,0,0,27.8,0.0,1
1403,1776086147.4288788,0.039107000247895485, 0.313699999878736,0,0,27.8,0.0,1
1403,1776086147.4900987,32.159030999991955, 0.32197299969993765,21,20,27.8,0.0,0
1404,1776086147.50566,13.616759999877104, 0.2814610002133122,19,0,27.8,0.0,0
1405,1776086147.5355399,19.222050000280433, 0.3083000001424807,15,15,27.8,0.0,0
1406,1776086147.5682302,20.98946799969781, 0.3085959997406462,16,18,27.8,0.0,0
1407,1776086147.8532336,19.72210600024482, 256.76309899972694,16,12,27.8,0.0,0
1409,1776086147.8568964,0.6779219997952168, 0.2837609999915003,0,12,27.8,0.0,1
1410,1776086147.8741038,0.8287760001621791, 0.33557000006112503,0,11,27.8,0.0,1
1411,1776086147.9038413,0.8098419998532336, 0.3600599998208054,0,9,27.8,0.0,1
1412,1776086147.9351366,2.189369000006991, 0.41057299995372887,0,0,27.8,0.0,1
1413,1776086147.967312,0.03788999993048492, 0.27592600008574664,0,0,27.8,0.0,1
1414,1776086147.9928794,0.0530450001861027, 0.37596099991787923,0,0,27.8,0.0,1
1415,1776086148.0230536,0.04516500030149473, 0.37027900043540285,0,0,27.8,0.0,1
1416,1776086148.0517344,0.06355899995469372, 0.34158600010414375,0,0,27.8,0.0,1
1417,1776086148.0814886,0.04662199989979854, 0.3713910000442411,0,0,27.8,0.0,1
1418,1776086148.1112397,0.04689799970947206, 0.38702799974998925,0,0,27.8,0.0,1
1419,1776086148.1408646,0.04281799965610844, 0.36847699993813876,0,0,27.8,0.0,1
1420,1776086148.1705785,0.04763000015373109, 0.3799549999712326,0,0,27.8,0.0,1
1421,1776086148.2007785,0.04974200010110508, 0.3584230003070843,0,0,27.8,0.0,1
1422,1776086148.2309096,0.05183300027056248, 0.40869300028134603,0,0,27.8,0.0,1
1423,1776086148.2601144,0.04569300017465139, 0.34158300013586995,0,0,27.8,0.0,1
1424,1776086148.2892017,0.03959200012104702, 0.3096310001637903,0,0,27.8,0.0,1
1425,1776086148.320129,0.051593000080174534, 0.39879799987829756,0,0,27.8,0.0,1
1426,1776086148.3511417,0.04037999997308361, 0.31328799968832755,0,0,27.8,0.0,1
1427,1776086148.3786638,0.04033599998365389, 0.36714699990625377,0,0,27.8,0.0,1
1428,1776086148.408237,0.04643199963538791, 0.3777810002247861,0,0,27.8,0.0,1
1429,1776086148.4385676,0.05968100003883592, 0.39940299984664307,0,0,27.8,0.0,1
1430,1776086148.4678972,0.04388600018501165, 0.3462640001998807,0,0,27.8,0.0,1
1431,1776086148.4975193,0.04450000005817856, 0.416359000155353,0,0,27.8,0.0,1
1432,1776086148.5274267,0.053575000038108556, 0.39700600018477417,0,0,27.8,0.0,1
1433,1776086148.556963,0.045633999889105326, 0.38736999977118103,0,0,27.8,0.0,1
1434,1776086148.5870695,0.04539600013231393, 0.34242499987158226,0,0,27.8,0.0,1
1435,1776086148.6171365,0.0413279999520455, 0.3519849997246638,0,0,27.8,0.0,1
1436,1776086148.6461604,0.04679199992096983, 0.38693800024702796,0,0,27.8,0.0,1
1437,1776086148.6758747,0.04356299996288726, 0.36996400012867525,0,0,27.8,0.0,1
1438,1776086148.7054763,0.04708300002675969, 0.37389299995993497,0,0,27.8,0.0,1
1439,1776086148.7352965,0.04275500032235868, 0.35014399963984033,0,0,27.8,0.0,1
1440,1776086148.7649465,0.0459110001429508, 0.3825680000772991,0,0,27.8,0.0,1
1441,1776086148.794657,0.043184000332985306, 0.395563999973092,0,0,27.8,0.0,1
1442,1776086148.8245258,0.04666199993152986, 0.3824969999186578,0,0,27.8,0.0,1
1442,1776086148.8883288,33.83678299996973, 0.2954239998871344,15,15,27.8,0.0,0
1443,1776086148.903899,13.721626000005926, 0.26186700006292085,13,0,27.8,0.0,0
1444,1776086148.932669,18.743725999684102, 0.3348670002196741,18,18,27.8,0.0,0
1445,1776086148.9651825,19.866708999870752, 0.3215360002286616,17,20,27.8,0.0,0
1446,1776086149.250122,19.08423099985157, 257.62524599986136,17,12,27.8,0.0,0
1448,1776086149.255085,0.3188379996572621, 0.17156499961856753,0,12,27.8,0.0,1
1449,1776086149.2707164,0.8394529995712219, 0.3833310001937207,0,9,27.8,0.0,1
1450,1776086149.3018456,2.0973240002604143, 0.3227840002182347,0,7,27.8,0.0,1
1451,1776086149.3346467,0.44145799984107725, 0.33140100003947737,0,0,27.8,0.0,1
1452,1776086149.3592286,0.04648399999496178, 0.3839529999822844,0,0,27.8,0.0,1
1453,1776086149.389666,0.04867200004810002, 0.36166200015941286,0,0,27.8,0.0,1
1454,1776086149.4194202,0.049636999847280094, 0.37288800012902357,0,0,27.8,0.0,1
1455,1776086149.4489503,0.04398700002639089, 0.34279999999853317,0,0,27.8,0.0,1
1456,1776086149.4794405,0.046298999677674146, 0.3850420002891042,0,0,27.8,0.0,1
1457,1776086149.5088964,0.040286000057676574, 0.31343299997388385,0,0,27.8,0.0,1
1458,1776086149.5383136,0.0473000000056345, 0.37058399993838975,0,0,27.8,0.0,1
1459,1776086149.5678766,0.04741199973068433, 0.3462319996287988,0,0,27.8,0.0,1
1460,1776086149.5972953,0.04495599978326936, 0.3369650003151037,0,0,27.8,0.0,1
1461,1776086149.627275,0.04293000029065297, 0.3357679997861851,0,0,27.8,0.0,1
1462,1776086149.6568744,0.044331000026431866, 0.346085000273888,0,0,27.8,0.0,1
1463,1776086149.6867187,0.041836000036710175, 0.3538380001373298,0,0,27.8,0.0,1
1464,1776086149.7162747,0.04414300019561779, 0.3344720003042312,0,0,27.8,0.0,1
1465,1776086149.7467127,0.05960399994364707, 0.34320599979764665,0,0,27.8,0.0,1
1466,1776086149.7758045,0.04202399986752425, 0.34296900003027986,0,0,27.8,0.0,1
1467,1776086149.8056877,0.04566300003716606, 0.35813300019071903,0,0,27.8,0.0,1
1468,1776086149.836669,0.05474899990076665, 0.29411500008791336,0,0,27.8,0.0,1
1469,1776086149.864955,0.04328600016378914, 0.34215000005133334,0,0,27.8,0.0,1
1470,1776086149.8948,0.04410399969856371, 0.3424669998821628,0,0,27.8,0.0,1
1471,1776086149.9245896,0.048737000270193676, 0.36947499984307797,0,0,27.8,0.0,1
1472,1776086149.9543858,0.04634500010070042, 0.38347100007740664,0,0,27.8,0.0,1
1473,1776086149.983942,0.04246300022714422, 0.3472420003163279,0,0,27.8,0.0,1
1474,1776086150.014101,0.0511769999320677, 0.3761369998755981,0,0,27.8,0.0,1
1475,1776086150.0431259,0.04116000036447076, 0.34391200006211875,0,0,27.8,0.0,1
1476,1776086150.0737123,0.04471300007935497, 0.36843499992755824,0,0,27.8,0.0,1
1477,1776086150.10378,0.04488000013225246, 0.34258799996678135,0,0,27.8,0.0,1
1478,1776086150.1323166,0.0438150000263704, 0.33817999974417035,0,0,27.8,0.0,1
1479,1776086150.1620107,0.042549000227154465, 0.3366380001352809,0,0,27.8,0.0,1
1480,1776086150.1921673,0.04745799969896325, 0.3814820001935004,0,0,27.8,0.0,1
1481,1776086150.2212882,0.045388000216917135, 0.3394950003894337,0,0,27.8,0.0,1
1481,1776086150.2846992,33.59191799972905, 0.33213300002898904,43,20,27.8,0.0,0
1482,1776086150.299781,13.234403999831557, 0.2647349997459969,38,0,27.8,0.0,0
1483,1776086150.3311255,19.92098900018391, 0.3353130000505189,30,20,27.8,0.0,0
1484,1776086150.3603606,19.35750199982067, 0.3297369999017974,30,20,27.8,0.0,0
1485,1776086150.647922,19.49626099985835, 258.23534299979656,22,14,27.8,0.0,0
1487,1776086150.652594,0.5602369997177448, 0.17882300016935915,0,14,27.8,0.0,1
1488,1776086150.6683447,0.8388360001845285, 0.34940899968205485,0,10,27.8,0.0,1
1489,1776086150.6982346,0.6563850001839455, 0.34397899980831426,0,7,27.8,0.0,1
1490,1776086150.7287164,1.8866049999815004, 0.3818210002464184,0,0,27.8,0.0,1
1491,1776086150.7603836,0.0356750001628825, 0.2702580000004673,0,0,27.8,0.0,1
1492,1776086150.786379,0.047153999730653595, 0.3979309999522229,0,0,27.8,0.0,1
1493,1776086150.81591,0.04473099988899776, 0.33465200021964847,0,0,27.8,0.0,1
1494,1776086150.8458784,0.04225099974064506, 0.34148099985031877,0,0,27.8,0.0,1
1495,1776086150.8751152,0.04651300014302251, 0.33950499982893234,0,0,27.8,0.0,1
1496,1776086150.9055026,0.05004700005883933, 0.37479200000234414,0,0,27.8,0.0,1
1497,1776086150.9352026,0.045852999846829334, 0.33809600017775665,0,0,27.8,0.0,1
1498,1776086150.9642694,0.043385000026319176, 0.33400300026187324,0,0,27.8,0.0,1
1499,1776086150.9941306,0.047679999624961056, 0.34834200005207094,0,0,27.8,0.0,1
1500,1776086151.025237,0.039339000068139285, 0.3273580000495713,0,0,27.8,0.0,1
1501,1776086151.052943,0.044935999994777376, 0.3759109999919019,0,0,27.8,0.0,1
1502,1776086151.0826488,0.04379500023787841, 0.3593149999687739,0,0,27.8,0.0,1
1503,1776086151.1127489,0.07111200011422625, 0.37131699991732603,0,0,27.8,0.0,1
1504,1776086151.14233,0.04840500014324789, 0.40931600005933433,0,0,27.8,0.0,1
1505,1776086151.1719167,0.04384299973025918, 0.36515200008579995,0,0,27.8,0.0,1
1506,1776086151.2016551,0.04529599982561194, 0.39561500034324126,0,0,27.8,0.0,1
1507,1776086151.2318773,0.05127800022819429, 0.4087549996256712,0,0,27.8,0.0,1
1508,1776086151.261345,0.047092999921005685, 0.333359000251221,0,0,27.8,0.0,1
1509,1776086151.2914476,0.04343999989941949, 0.3505399999994552,0,0,27.8,0.0,1
1510,1776086151.320462,0.04678599998442223, 0.3762060000553902,0,0,27.8,0.0,1
1511,1776086151.3501644,0.04849900005865493, 0.38297399987641256,0,0,27.8,0.0,1
1512,1776086151.3798223,0.04252799999449053, 0.34948100028486806,0,0,27.8,0.0,1
1513,1776086151.40962,0.04869800022788695, 0.3650280000329076,0,0,27.8,0.0,1
1514,1776086151.4393775,0.04666700033340021, 0.39793600035409327,0,0,27.8,0.0,1
1515,1776086151.4692867,0.05423799984782818, 0.4042049999952724,0,0,27.8,0.0,1
1516,1776086151.4988701,0.04246200023771962, 0.35454099997878075,0,0,27.8,0.0,1
1517,1776086151.5290694,0.044163999973534374, 0.35741000010602875,0,0,27.8,0.0,1
1518,1776086151.5583053,0.04741200018543168, 0.40362199979426805,0,0,27.8,0.0,1
1519,1776086151.5877328,0.0697940004101838, 0.33584999982849695,0,0,27.8,0.0,1
1520,1776086151.619318,0.043634999656205764, 0.3213239997421624,0,0,27.8,0.0,1
1520,1776086151.6800277,32.97066499999346, 0.29274200005602324,15,15,27.8,0.0,0
1521,1776086151.724871,22.32271800039598, 0.26275700020050863,14,0,27.8,0.0,0
1522,1776086151.7418275,15.116049999960524, 0.2824190000865201,14,14,27.8,0.0,0
1523,1776086151.7561095,12.48927000006006, 0.29296000002432265,15,16,27.8,0.0,0
1524,1776086152.0400329,16.419159999713884, 257.5564280000435,15,10,27.8,0.0,0
1526,1776086152.0441513,0.5122180000398657, 0.17868399982035044,0,10,27.8,0.0,1
1527,1776086152.064515,0.6966969999666617, 0.332039000113582,0,10,27.8,0.0,1
1528,1776086152.0957608,2.1817629999532073, 0.2990429998135369,0,9,27.8,0.0,1
1529,1776086152.1282895,0.4983990002074279, 0.3334379998705117,0,0,27.8,0.0,1
1530,1776086152.1532946,0.04393700010041357, 0.34345600033702794,0,0,27.8,0.0,1
1531,1776086152.1833317,0.0441260003753996, 0.3365409997968527,0,0,27.8,0.0,1
1532,1776086152.211995,0.04509900008997647, 0.3880549998029892,0,0,27.8,0.0,1
1533,1776086152.2419934,0.04779399978360743, 0.3592680000110704,0,0,27.8,0.0,1
1534,1776086152.2716584,0.04449500011105556, 0.3645289998530643,0,0,27.8,0.0,1
1535,1776086152.3012006,0.04828100009035552, 0.410940000165283,0,0,27.8,0.0,1
1536,1776086152.330963,0.0436529999205959, 0.3530120002324111,0,0,27.8,0.0,1
1537,1776086152.3613937,0.05555400002776878, 0.4151589996581606,0,0,27.8,0.0,1
1538,1776086152.3912013,0.05313000019668834, 0.3732639997906517,0,0,27.8,0.0,1
1539,1776086152.4205818,0.04408900031194207, 0.333812000008038,0,0,27.8,0.0,1
1540,1776086152.450028,0.042454999857000075, 0.34053400031552883,0,0,27.8,0.0,1
1541,1776086152.4798334,0.04701899979409063, 0.3404099998078891,0,0,27.8,0.0,1
1542,1776086152.5110362,0.02425600041533471, 0.1829480002015771,0,0,27.8,0.0,1
1543,1776086152.539086,0.0427269997089752, 0.34336599992457195,0,0,27.8,0.0,1
1544,1776086152.569001,0.04523899997366243, 0.3416859999560984,0,0,27.8,0.0,1
1545,1776086152.5990884,0.049743999625206925, 0.3873650002788054,0,0,27.8,0.0,1
1546,1776086152.6287217,0.061361999996734085, 0.34485100013625924,0,0,27.8,0.0,1
1547,1776086152.6580842,0.04177599976173951, 0.34369300010439474,0,0,27.8,0.0,1
1548,1776086152.687969,0.0467559998469369, 0.3411220000089088,0,0,27.8,0.0,1
1549,1776086152.7172692,0.050456999815651216, 0.3362500001458102,0,0,27.8,0.0,1
1550,1776086152.7478592,0.043497000206116354, 0.3390150000086578,0,0,27.8,0.0,1
1551,1776086152.7776575,0.04184900035397732, 0.33679199987091124,0,0,27.8,0.0,1
1552,1776086152.8068004,0.04765399989992147, 0.3463779999037797,0,0,27.8,0.0,1
1553,1776086152.8362806,0.044038999931217404, 0.3440649998083245,0,0,27.8,0.0,1
1554,1776086152.866387,0.04683699989982415, 0.3911789999619941,0,0,27.8,0.0,1
1555,1776086152.895888,0.043710999761970015, 0.34313600008317735,0,0,27.8,0.0,1
1556,1776086152.9258428,0.044317999709164724, 0.34569399986139615,0,0,27.8,0.0,1
1557,1776086152.955545,0.049338999815518036, 0.36846600005446817,0,0,27.8,0.0,1
1558,1776086152.9851665,0.0422650000473368, 0.3513110000312736,0,0,27.8,0.0,1
1559,1776086153.01501,0.0455170002169325, 0.34307300029468024,0,0,27.8,0.0,1
1559,1776086153.077431,33.635770000273624, 0.32869999995455146,17,17,27.8,0.0,0
1560,1776086153.1339467,23.926773000312096, 0.2777740000965423,19,0,27.8,0.0,0
1561,1776086153.1526697,16.818556000089302, 0.2896050000344985,14,14,27.8,0.0,0
1562,1776086153.1852229,20.573335999870324, 0.3170389995830192,15,17,27.8,0.0,0
1563,1776086153.469105,17.97413600024811, 258.26952399984293,12,11,27.8,0.0,0
1565,1776086153.473478,0.6742739997207536, 0.2712030000111554,0,11,27.8,0.0,1
1566,1776086153.4908185,0.7379740000033053, 0.3364320000400767,0,9,27.8,0.0,1
1567,1776086153.520569,0.654140999813535, 0.3520710001794214,0,7,27.8,0.0,1
1568,1776086153.5518527,2.053177000107098, 0.36982399979024194,0,0,27.8,0.0,1
1569,1776086153.5837712,0.037043000247649616, 0.26286199999958626,0,0,27.8,0.0,1
1570,1776086153.6092935,0.04400999978315667, 0.3351989998918725,0,0,27.8,0.0,1
1571,1776086153.639173,0.046460000248771394, 0.341148999723373,0,0,27.8,0.0,1
1572,1776086153.6682909,0.0476160003017867, 0.3356910001457436,0,0,27.8,0.0,1
1573,1776086153.698123,0.04394999996293336, 0.3441050002948032,0,0,27.8,0.0,1
1574,1776086153.7279224,0.04447700030141277, 0.3374399998392619,0,0,27.8,0.0,1
1575,1776086153.7576842,0.04137599989917362, 0.363915999969322,0,0,27.8,0.0,1
1576,1776086153.7872229,0.043509000079211546, 0.33679899979688344,0,0,27.8,0.0,1
1577,1776086153.8170033,0.04258900025888579, 0.34548799976619193,0,0,27.8,0.0,1
1578,1776086153.8471944,0.047868999899947084, 0.38372399967556703,0,0,27.8,0.0,1
1579,1776086153.8763185,0.043711999751394615, 0.33353099979649414,0,0,27.8,0.0,1
1580,1776086153.9060824,0.04313399995226064, 0.33871400000862195,0,0,27.8,0.0,1
1581,1776086153.935878,0.046969999857537914, 0.34009199998763506,0,0,27.8,0.0,1
1582,1776086153.9667966,0.04648399999496178, 0.3386409998711315,0,0,27.8,0.0,1
1583,1776086153.9967432,0.04062000016347156, 0.29705699989790446,0,0,27.8,0.0,1
1584,1776086154.0245302,0.04687199998443248, 0.43193200008317945,0,0,27.8,0.0,1
1585,1776086154.0541966,0.04920900028082542, 0.40703600006963825,0,0,27.8,0.0,1
1586,1776086154.0841193,0.0461350000477978, 0.3982210000685882,0,0,27.8,0.0,1
1587,1776086154.1136582,0.042877000396401854, 0.3698770001392404,0,0,27.8,0.0,1
1588,1776086154.1437173,0.05033900015405379, 0.4015700001218647,0,0,27.8,0.0,1
1589,1776086154.1732836,0.04854799999520765, 0.4207880001558806,0,0,27.8,0.0,1
1590,1776086154.2031677,0.044394000269676326, 0.3485760003059113,0,0,27.8,0.0,1
1591,1776086154.233257,0.045448000037140446, 0.37025599976914236,0,0,27.8,0.0,1
1592,1776086154.2628868,0.04994299979443895, 0.40438499991068966,0,0,27.8,0.0,1
1593,1776086154.29198,0.045789000068907626, 0.3742179997061612,0,0,27.8,0.0,1
1594,1776086154.3216784,0.04338199960329803, 0.3643000000010943,0,0,27.8,0.0,1
1595,1776086154.351551,0.04756800035465858, 0.43675699998857453,0,0,27.8,0.0,1
1596,1776086154.3815193,0.04985700024917605, 0.3700340002978919,0,0,27.8,0.0,1
1597,1776086154.4108064,0.045684000269829994, 0.3490409999358235,0,0,27.8,0.0,1
1598,1776086154.441101,0.04501900002651382, 0.34166599971285905,0,0,27.8,0.0,1
1598,1776086154.48958,18.798896000134846, 0.26962499987348565,8,8,27.8,0.0,0
1599,1776086154.5267038,22.41216099992016, 0.23268199993253802,8,0,27.8,0.0,0
1600,1776086154.5496895,17.715861999931803, 0.23624400000699097,6,6,27.8,0.0,0
1601,1776086154.5812993,20.22419200011427, 0.26903299976765993,7,8,27.8,0.0,0
1602,1776086154.866843,19.254561999787256, 257.78487600018707,8,6,27.8,0.0,0
1604,1776086154.8714411,0.43558300012591644, 0.20261300005586236,0,6,27.8,0.0,1
1605,1776086154.888705,0.44650399968304555, 0.29436299973895075,0,5,27.8,0.0,1
1606,1776086154.9180667,1.822374999846943, 0.30318500012072036,0,4,27.8,0.0,1
1607,1776086154.9505806,0.30741399996259133, 0.2907180000875087,0,0,27.8,0.0,1
1608,1776086154.9759743,0.04778399988936144, 0.33676100019874866,0,0,27.8,0.0,1
1609,1776086155.0058875,0.0430370000685798, 0.3386299999874609,0,0,27.8,0.0,1
1610,1776086155.0356026,0.04888700004812563, 0.35991699996884563,0,0,27.8,0.0,1
1611,1776086155.0650425,0.043450000248412834, 0.3447190001679701,0,0,27.8,0.0,1
1612,1776086155.095207,0.045294999836187344, 0.35022100018977653,0,0,27.8,0.0,1
1613,1776086155.1250594,0.04507099993134034, 0.34578900022097514,0,0,27.8,0.0,1
1614,1776086155.1541126,0.04449900006875396, 0.34031299992420827,0,0,27.8,0.0,1
1615,1776086155.1839247,0.04689800016421941, 0.336715999765147,0,0,27.8,0.0,1
1616,1776086155.213784,0.04646099978344864, 0.34276299993507564,0,0,27.8,0.0,1
1617,1776086155.243159,0.041262000195274595, 0.3412840001146833,0,0,27.8,0.0,1
1618,1776086155.273136,0.04106400001546717, 0.33965600005103624,0,0,27.8,0.0,1
1619,1776086155.3029022,0.04699500004790025, 0.3379750000931381,0,0,27.8,0.0,1
1620,1776086155.3327296,0.05648399974234053, 0.33970300000873976,0,0,27.8,0.0,1
1621,1776086155.3621933,0.04632299987861188, 0.3415129999666533,0,0,27.8,0.0,1
1622,1776086155.3920794,0.04894899984719814, 0.3416550002839358,0,0,27.8,0.0,1
1623,1776086155.421813,0.04431000024851528, 0.34509899978729663,0,0,27.8,0.0,1
1624,1776086155.4519775,0.04235200003677164, 0.3100730000369367,0,0,27.8,0.0,1
1625,1776086155.4826658,0.053888000365986954, 0.29196900004535564,0,0,27.8,0.0,1
1626,1776086155.5108905,0.046674999794049654, 0.3388049999557552,0,0,27.8,0.0,1
1627,1776086155.5407143,0.05782900007034186, 0.3446199998506927,0,0,27.8,0.0,1
1628,1776086155.5701876,0.042860000121436315, 0.35258900015833206,0,0,27.8,0.0,1
1629,1776086155.5999613,0.04683899987867335, 0.3507000001263805,0,0,27.8,0.0,1
1630,1776086155.6298099,0.04528899989963975, 0.33615900019867695,0,0,27.8,0.0,1
1631,1776086155.6592102,0.04291699997338583, 0.3405209999982617,0,0,27.8,0.0,1
1632,1776086155.689438,0.04247399965606746, 0.34219500003018766,0,0,27.8,0.0,1
1633,1776086155.7192514,0.04519399999480811, 0.35437099995760946,0,0,27.8,0.0,1
1634,1776086155.748974,0.045200999920780305, 0.3409229998396768,0,0,27.8,0.0,1
1635,1776086155.7781122,0.044661000174528453, 0.33445799999753945,0,0,27.8,0.0,1
1636,1776086155.8080163,0.046553000174753834, 0.34955199998876196,0,0,27.8,0.0,1
1637,1776086155.837753,0.08664100005262299, 0.3513510000630049,0,0,27.8,0.0,1
1637,1776086155.8990796,31.92877799983762, 0.27670899999066023,13,13,27.8,0.0,0
1638,1776086155.9152925,14.10072599992418, 0.2538280000408122,14,0,27.8,0.0,0
1639,1776086155.951486,22.219938000034745, 0.2928460003204236,14,14,27.8,0.0,0
1640,1776086155.9746242,17.167937000067468, 0.3265179998379608,16,18,27.8,0.0,0
1641,1776086156.2639122,19.27764800029763, 260.1992570002949,10,10,27.8,0.0,0
1643,1776086156.2683036,0.6217210002432694, 0.2584889998615836,0,10,27.8,0.0,1
1644,1776086156.2841935,0.6511999999929685, 0.3114000001005479,0,9,27.8,0.0,1
1645,1776086156.3140934,0.6417069998860825, 0.350975999936054,0,5,27.8,0.0,1
1646,1776086156.3447936,1.883010999790713, 0.3505780000523373,0,0,27.8,0.0,1
1647,1776086156.37695,0.03625499994086567, 0.26266199984092964,0,0,27.8,0.0,1
1648,1776086156.40219,0.048164999952859944, 0.3367579997757275,0,0,27.8,0.0,1
1649,1776086156.4318318,0.04556599969873787, 0.34105399981854134,0,0,27.8,0.0,1
1650,1776086156.4613008,0.04713099997388781, 0.3929009999410482,0,0,27.8,0.0,1
1651,1776086156.4910235,0.04376700007924228, 0.3550359997461783,0,0,27.8,0.0,1
1652,1776086156.5206249,0.047065000217116904, 0.3741479999916919,0,0,27.8,0.0,1
1653,1776086156.55043,0.04684900022766669, 0.39330400022663525,0,0,27.8,0.0,1
1654,1776086156.5802658,0.047839000217209104, 0.41822599996521603,0,0,27.8,0.0,1
1655,1776086156.609714,0.0424929999098822, 0.3768699998545344,0,0,27.8,0.0,1
1656,1776086156.640547,0.04872699992120033, 0.35637299970403546,0,0,27.8,0.0,1
1657,1776086156.670826,0.04064599988851114, 0.32140599978447426,0,0,27.8,0.0,1
1658,1776086156.6989462,0.042563000079098856, 0.35226099998908467,0,0,27.8,0.0,1
1659,1776086156.7287169,0.04299000011087628, 0.37190400007602875,0,0,27.8,0.0,1
1660,1776086156.758223,0.046210000164137455, 0.37236999969536555,0,0,27.8,0.0,1
1661,1776086156.7880528,0.04682300004787976, 0.38213800007724785,0,0,27.8,0.0,1
1662,1776086156.8177657,0.06795299987061298, 0.35158900027454365,0,0,27.8,0.0,1
1663,1776086156.8477097,0.04305599986764719, 0.3837879999082361,0,0,27.8,0.0,1
1664,1776086156.8777976,0.04603000024872017, 0.3448389998084167,0,0,27.8,0.0,1
1665,1776086156.9072626,0.045592000333272154, 0.3435029998399841,0,0,27.8,0.0,1
1666,1776086156.936794,0.06601399991268408, 0.3787919999922451,0,0,27.8,0.0,1
1667,1776086156.966433,0.047805000122025376, 0.3962890000366315,0,0,27.8,0.0,1
1668,1776086156.996895,0.05034600008002599, 0.38589000041611143,0,0,27.8,0.0,1
1669,1776086157.0257738,0.0704849999237922, 0.36046900004294,0,0,27.8,0.0,1
1670,1776086157.0563931,0.05106499975227052, 0.4059630000483594,0,0,27.8,0.0,1
1671,1776086157.0860424,0.05048699995313655, 0.3949430001739529,0,0,27.8,0.0,1
1672,1776086157.1156898,0.04340499981481116, 0.3824529999292281,0,0,27.8,0.0,1
1673,1776086157.14516,0.04483399970922619, 0.3391640002519125,0,0,27.8,0.0,1
1674,1776086157.1748176,0.043370000184950186, 0.34644500010472257,0,0,27.8,0.0,1
1675,1776086157.2049851,0.04711900010079262, 0.3789040001720423,0,0,27.8,0.0,1
1676,1776086157.2348666,0.040625000110594556, 0.3146590001961158,0,0,27.8,0.0,1
1676,1776086157.298203,32.475674000124855, 0.25469199999861303,8,8,27.8,0.0,0
1677,1776086157.3386855,22.756478999781393, 0.2330919996893499,9,0,27.8,0.0,0
1678,1776086157.3541348,13.830284000050597, 0.2524820001781336,7,7,27.8,0.0,0
1679,1776086157.3681867,12.303598000016791, 0.25974700020015007,9,10,27.8,0.0,0
1680,1776086157.6605108,20.055907999903866, 258.0695149999883,8,7,27.8,0.0,0
1682,1776086157.6644769,0.4926360002173169, 0.31010400016384665,0,7,27.8,0.0,1
1683,1776086157.6804078,0.536724000085087, 0.3347219999341178,0,6,27.8,0.0,1
1684,1776086157.711794,2.0107380000808917, 0.3216119998796785,0,4,27.8,0.0,1
1685,1776086157.7436955,0.3195960002813081, 0.2756200001385878,0,0,27.8,0.0,1
1686,1776086157.7694037,0.043743999867729144, 0.34605100017870427,0,0,27.8,0.0,1
1687,1776086157.7992954,0.04773399996338412, 0.3446189998612681,0,0,27.8,0.0,1
1688,1776086157.8288183,0.045074999889038736, 0.342901999829337,0,0,27.8,0.0,1
1689,1776086157.8582468,0.045526999656431144, 0.3463509997345682,0,0,27.8,0.0,1
1690,1776086157.8879926,0.043308999920554925, 0.3428850000091188,0,0,27.8,0.0,1
1691,1776086157.917759,0.06007100000715582, 0.3538939999998547,0,0,27.8,0.0,1
1692,1776086157.9472501,0.04466400014280225, 0.35322399980941555,0,0,27.8,0.0,1
1693,1776086157.9771264,0.046658999963256065, 0.3327630001876969,0,0,27.8,0.0,1
1694,1776086158.0066276,0.05237200002738973, 0.37133500018171617,0,0,27.8,0.0,1
1695,1776086158.0362375,0.04656200007957523, 0.40532299999540555,0,0,27.8,0.0,1
1696,1776086158.0657177,0.043342000026314054, 0.34612999979799497,0,0,27.8,0.0,1
1697,1776086158.0963917,0.04971099997419515, 0.3835990000879974,0,0,27.8,0.0,1
1698,1776086158.1268573,0.043989000005240086, 0.33966599994528224,0,0,27.8,0.0,1
1699,1776086158.1571558,0.041214000248146476, 0.3179210002599575,0,0,27.8,0.0,1
1700,1776086158.185061,0.04534799973043846, 0.3395909998289426,0,0,27.8,0.0,1
1701,1776086158.214872,0.04443700026968145, 0.33775500014598947,0,0,27.8,0.0,1
1702,1776086158.244808,0.04341399971963256, 0.3372649998709676,0,0,27.8,0.0,1
1703,1776086158.2741783,0.045310000132303685, 0.33254099980695173,0,0,27.8,0.0,1
1704,1776086158.3039956,0.0438909996773873, 0.3379089998816198,0,0,27.8,0.0,1
1705,1776086158.3337708,0.04430599983606953, 0.3504239998619596,0,0,27.8,0.0,1
1706,1776086158.3639858,0.04490899982556584, 0.3386110001883935,0,0,27.8,0.0,1
1707,1776086158.3934643,0.044377999984135386, 0.34027699985017534,0,0,27.8,0.0,1
1708,1776086158.4229207,0.0495570002385648, 0.34702899984040414,0,0,27.8,0.0,1
1709,1776086158.4527693,0.046986000143078854, 0.3484999997453997,0,0,27.8,0.0,1
1710,1776086158.4821734,0.042981999740732135, 0.3408039997339074,0,0,27.8,0.0,1
1711,1776086158.5119445,0.04448100025911117, 0.3414719999454974,0,0,27.8,0.0,1
1712,1776086158.542175,0.047001999973872444, 0.3866810002364218,0,0,27.8,0.0,1
1713,1776086158.571601,0.050414000270393444, 0.367990000086138,0,0,27.8,0.0,1
1714,1776086158.6011367,0.043584999730228446, 0.3367089998391748,0,0,27.8,0.0,1
1715,1776086158.6312845,0.0465289999738161, 0.37883799996052403,0,0,27.8,0.0,1
1715,1776086158.6939633,33.32256799967581, 0.2674449997357442,10,10,27.8,0.0,0
1716,1776086158.7890165,23.20041399980255, 0.2575729999989562,17,0,27.8,0.0,0
1717,1776086158.8108025,20.03688400009196, 0.3130879999844183,18,18,27.8,0.0,0
1718,1776086158.8255708,12.856925000050978, 0.3382079999028065,14,20,27.8,0.0,0
1719,1776086159.1156504,19.53404000005321, 257.8437329998451,14,12,27.8,0.0,0
1721,1776086159.1198974,0.7002689999353606, 0.28458300039346796,0,12,27.8,0.0,1
1722,1776086159.1368017,0.7871020002312434, 0.3507549999994808,0,8,27.8,0.0,1
1723,1776086159.1664302,0.6050970000615052, 0.33506699992358335,0,7,27.8,0.0,1
1724,1776086159.1976416,1.9701609999174252, 0.3803549998337985,0,0,27.8,0.0,1
1725,1776086159.2298853,0.03759200035347021, 0.2616140000100131,0,0,27.8,0.0,1
1726,1776086159.2553194,0.04771900012201513, 0.3310699999019562,0,0,27.8,0.0,1
1727,1776086159.2851763,0.043957999878330156, 0.3333919999022328,0,0,27.8,0.0,1
1728,1776086159.3141584,0.044471999899542425, 0.33800499977587606,0,0,27.8,0.0,1
1729,1776086159.3441665,0.05204299986871774, 0.33892700002979836,0,0,27.8,0.0,1
1730,1776086159.3737922,0.043649999952322105, 0.33947900010389276,0,0,27.8,0.0,1
1731,1776086159.4036212,0.04990399975213222, 0.36132800005361787,0,0,27.8,0.0,1
1732,1776086159.4335234,0.048595999942335766, 0.38274400003501796,0,0,27.8,0.0,1
1733,1776086159.46328,0.04851299991059932, 0.37494700018214644,0,0,27.8,0.0,1
1734,1776086159.4930885,0.0521100000696606, 0.3710159999172902,0,0,27.8,0.0,1
1735,1776086159.5225792,0.04868299993177061, 0.36181800032863976,0,0,27.8,0.0,1
1736,1776086159.5520153,0.043978000121569494, 0.3344790002302034,0,0,27.8,0.0,1
1737,1776086159.5819874,0.046502999794029165, 0.3403410000828444,0,0,27.8,0.0,1
1738,1776086159.6126146,0.051499000164767494, 0.36382300004333956,0,0,27.8,0.0,1
1739,1776086159.6426535,0.03957700027967803, 0.30757300010009203,0,0,27.8,0.0,1
1740,1776086159.6713142,0.047343000005639624, 0.38252600006671855,0,0,27.8,0.0,1
1741,1776086159.701007,0.0458289996458916, 0.335385999733262,0,0,27.8,0.0,1
1742,1776086159.730264,0.04447599985724082, 0.3470970000307716,0,0,27.8,0.0,1
1743,1776086159.7600415,0.04196700001557474, 0.34140200023102807,0,0,27.8,0.0,1
1744,1776086159.789851,0.044144999719719635, 0.33944400001928443,0,0,27.8,0.0,1
1745,1776086159.8196805,0.04811999997400562, 0.356589000148233,0,0,27.8,0.0,1
1746,1776086159.8497963,0.04329100011091214, 0.34580200008349493,0,0,27.8,0.0,1
1747,1776086159.8793736,0.04549999994196696, 0.3555550001692609,0,0,27.8,0.0,1
1748,1776086159.9088724,0.04519599997365731, 0.3351059999658901,0,0,27.8,0.0,1
1749,1776086159.938258,0.04430599983606953, 0.33699499999784166,0,0,27.8,0.0,1
1750,1776086159.968078,0.0438120000580966, 0.3426939997552836,0,0,27.8,0.0,1
1751,1776086159.998237,0.051526999868656276, 0.3842849996544828,0,0,27.8,0.0,1
1752,1776086160.0280263,0.05026100006944034, 0.3755339998861018,0,0,27.8,0.0,1
1753,1776086160.057211,0.04507100038608769, 0.34961999972438207,0,0,27.8,0.0,1
1754,1776086160.0869823,0.047467000058531994, 0.3392850003365311,0,0,27.8,0.0,1
1754,1776086160.1361032,19.0783799998826, 0.2980859999297536,16,16,27.8,0.0,0
1755,1776086160.1709576,21.686564999981783, 0.26693999961935333,12,0,27.8,0.0,0
1756,1776086160.1962197,18.84384899994984, 0.2588560000731377,9,9,27.8,0.0,0
1757,1776086160.2249095,18.604793999656977, 0.261356999999407,5,10,27.8,0.0,0
1758,1776086160.514208,20.477888000186795, 257.8198490000432,9,8,27.8,0.0,0
1760,1776086160.5184598,0.26169300008405116, 0.1908600002025196,0,8,27.8,0.0,1
1761,1776086160.5347373,0.5448050001177762, 0.3021289999196597,0,5,27.8,0.0,1
1762,1776086160.5639987,1.859999999851425, 0.3098410002166929,0,4,27.8,0.0,1
1763,1776086160.5965028,0.31064800032254425, 0.2911309998125944,0,0,27.8,0.0,1
1764,1776086160.6218429,0.04374999980427674, 0.34617000028447364,0,0,27.8,0.0,1
1765,1776086160.651772,0.04318899982536095, 0.3484200001366844,0,0,27.8,0.0,1
1766,1776086160.6811516,0.0449789999947825, 0.3423579996706394,0,0,27.8,0.0,1
1767,1776086160.711024,0.046953000037319725, 0.3328379998492892,0,0,27.8,0.0,1
1768,1776086160.7410843,0.04665100004785927, 0.3433170004427666,0,0,27.8,0.0,1
1769,1776086160.770619,0.04079300015291665, 0.3326390001348045,0,0,27.8,0.0,1
1770,1776086160.8000486,0.04477799984670128, 0.34020400016743224,0,0,27.8,0.0,1
1771,1776086160.8299804,0.046349000058398815, 0.3374220000296191,0,0,27.8,0.0,1
1772,1776086160.859858,0.04432099967743852, 0.3440719997342967,0,0,27.8,0.0,1
1773,1776086160.8891132,0.043259999984002206, 0.33533900023030583,0,0,27.8,0.0,1
1774,1776086160.919376,0.04937499988955096, 0.37113999997018254,0,0,27.8,0.0,1
1775,1776086160.948892,0.04316500007917057, 0.34762599989335285,0,0,27.8,0.0,1
1776,1776086160.9786603,0.044396000248525525, 0.4024220002065704,0,0,27.8,0.0,1
1777,1776086161.0082352,0.04475900004763389, 0.34899599995696917,0,0,27.8,0.0,1
1778,1776086161.0379212,0.046163000206433935, 0.3467379997346143,0,0,27.8,0.0,1
1779,1776086161.0677361,0.060505999954330036, 0.34633900031622034,0,0,27.8,0.0,1
1780,1776086161.0978205,0.04049500012115459, 0.3142860000480141,0,0,27.8,0.0,1
1781,1776086161.128486,0.04128700038563693, 0.3150659999846539,0,0,27.8,0.0,1
1782,1776086161.1571395,0.05282299980535754, 0.38025599997126847,0,0,27.8,0.0,1
1783,1776086161.186219,0.04308200004743412, 0.3424500000619446,0,0,27.8,0.0,1
1784,1776086161.216137,0.04609799998434028, 0.34764799966069404,0,0,27.8,0.0,1
1785,1776086161.245885,0.04638800010070554, 0.34501800018915674,0,0,27.8,0.0,1
1786,1776086161.2757752,0.04632199988918728, 0.34318500001973007,0,0,27.8,0.0,1
1787,1776086161.3051581,0.04467700000532204, 0.34160399991378654,0,0,27.8,0.0,1
1788,1776086161.3357348,0.05955400001766975, 0.3491990000838996,0,0,27.8,0.0,1
1789,1776086161.3651466,0.04649199991035857, 0.34799700006260537,0,0,27.8,0.0,1
1790,1776086161.394283,0.043385000026319176, 0.3420650000407477,0,0,27.8,0.0,1
1791,1776086161.42412,0.04383799978313618, 0.3465839999989839,0,0,27.8,0.0,1
1792,1776086161.4539099,0.0447420002274157, 0.34817499999917345,0,0,27.8,0.0,1
1793,1776086161.483694,0.04489999992074445, 0.35924199983128347,0,0,27.8,0.0,1
1793,1776086161.545296,32.12438299988207, 0.304037000205426,17,17,27.8,0.0,0
1794,1776086161.5607774,13.65780200012523, 0.2520550001463562,15,0,27.8,0.0,0
1795,1776086161.5959709,21.943903000192222, 0.30387299966605497,17,17,27.8,0.0,0
1796,1776086161.6206517,17.515645999992557, 0.3320020000501245,16,20,27.8,0.0,0
1797,1776086161.9122467,20.776015000137704, 258.85325100034606,16,13,27.8,0.0,0
1799,1776086161.9179707,0.7983969999258989, 0.2182820003326924,0,13,27.8,0.0,1
1800,1776086161.9297862,0.7729969997853914, 0.3062189998672693,0,11,27.8,0.0,1
1801,1776086161.9597156,0.7695049998801551, 0.3107630000158679,0,10,27.8,0.0,1
1802,1776086161.990526,2.299263000168139, 0.42138999970120494,0,0,27.8,0.0,1
1803,1776086162.0225573,0.037448000057338504, 0.27115400007460266,0,0,27.8,0.0,1
1804,1776086162.0475717,0.049776000196288805, 0.3611590000218712,0,0,27.8,0.0,1
1805,1776086162.0773733,0.04840699966734974, 0.41419699982725433,0,0,27.8,0.0,1
1806,1776086162.107387,0.05494600009114947, 0.42325100002926774,0,0,27.8,0.0,1
1807,1776086162.136902,0.04455199996300507, 0.3704679998008942,0,0,27.8,0.0,1
1808,1776086162.1664925,0.04643700003725826, 0.3782320000027539,0,0,27.8,0.0,1
1809,1776086162.1967273,0.05936700017628027, 0.34153400019931723,0,0,27.8,0.0,1
1810,1776086162.2258883,0.04315800015319837, 0.34395600005154847,0,0,27.8,0.0,1
1811,1776086162.2556467,0.043464000100357225, 0.3639229998952942,0,0,27.8,0.0,1
1812,1776086162.2861314,0.045696999677602435, 0.34762599989335285,0,0,27.8,0.0,1
1813,1776086162.3170443,0.04204400011076359, 0.3167240001857863,0,0,27.8,0.0,1
1814,1776086162.3448062,0.04373599995233235, 0.3481009998722584,0,0,27.8,0.0,1
1815,1776086162.3745835,0.04747100001623039, 0.3672160000860458,0,0,27.8,0.0,1
1816,1776086162.4042435,0.04500700015341863, 0.38499800029967446,0,0,27.8,0.0,1
1817,1776086162.4341311,0.04620299978341791, 0.36897700010740664,0,0,27.8,0.0,1
1818,1776086162.463687,0.043434999952296494, 0.3776389999075036,0,0,27.8,0.0,1
1819,1776086162.4939656,0.05009100004826905, 0.4086660001121345,0,0,27.8,0.0,1
1820,1776086162.5238655,0.0459819998468447, 0.3476679999039334,0,0,27.8,0.0,1
1821,1776086162.5536342,0.04486900024858187, 0.3845520000140823,0,0,27.8,0.0,1
1822,1776086162.5834205,0.051466000059008365, 0.41041199983737897,0,0,27.8,0.0,1
1823,1776086162.613127,0.051143000291631324, 0.38375999974959996,0,0,27.8,0.0,1
1824,1776086162.6426828,0.042906000089715235, 0.3680530003293825,0,0,27.8,0.0,1
1825,1776086162.6724281,0.048924000111583155, 0.3905210000993975,0,0,27.8,0.0,1
1826,1776086162.702155,0.05323200002749218, 0.3790079999816953,0,0,27.8,0.0,1
1827,1776086162.7321637,0.05223900006967597, 0.3755939997063251,0,0,27.8,0.0,1
1828,1776086162.7613862,0.04246399976182147, 0.3533379999680619,0,0,27.8,0.0,1
1829,1776086162.7911046,0.04289299977244809, 0.3450759995757835,0,0,27.8,0.0,1
1830,1776086162.8208792,0.044365000121615594, 0.3392910002730787,0,0,27.8,0.0,1
1831,1776086162.850662,0.05245600004855078, 0.35800900013782666,0,0,27.8,0.0,1
1832,1776086162.8811526,0.04558599994197721, 0.3498109999782173,0,0,27.8,0.0,1
1832,1776086162.9423823,31.01869500005705, 0.26988500030711293,7,7,27.8,0.0,0
1833,1776086162.9575217,13.335144999928161, 0.25505200028419495,13,0,27.8,0.0,0
1834,1776086162.9957268,23.099914999875182, 0.27978600019196165,13,13,27.8,0.0,0
1835,1776086163.0190933,17.228590000286204, 0.3044220002266229,12,15,27.8,0.0,0
1836,1776086163.37462,24.25644300001295, 258.27587100002347,18,10,27.8,0.0,0
1838,1776086163.3787289,0.6278680002651527, 0.2887420000661223,0,10,27.8,0.0,1
1839,1776086163.3848054,0.5730259999836562, 0.30436299994107685,0,7,27.8,0.0,1
1840,1776086163.416822,1.8857790000765817, 0.3194459995938814,0,5,27.8,0.0,1
1841,1776086163.4498394,0.37328700000216486, 0.2998410000145668,0,0,27.8,0.0,1
1842,1776086163.4752712,0.04452300026969169, 0.34599700029502856,0,0,27.8,0.0,1
1843,1776086163.505671,0.0531229998159688, 0.29382800039456924,0,0,27.8,0.0,1
1844,1776086163.5339463,0.045901000248704804, 0.33659500013527577,0,0,27.8,0.0,1
1845,1776086163.5638237,0.04522199969869689, 0.3411319999031548,0,0,27.8,0.0,1
1846,1776086163.5935402,0.045776000206387835, 0.3703980000864249,0,0,27.8,0.0,1
1847,1776086163.6230364,0.042240000311721815, 0.3424030001042411,0,0,27.8,0.0,1
1848,1776086163.6529562,0.0479239997730474, 0.3424800001994299,0,0,27.8,0.0,1
1849,1776086163.6823714,0.04543100021692226, 0.34377599968138384,0,0,27.8,0.0,1
1850,1776086163.7124577,0.04198199985694373, 0.34872600008384325,0,0,27.8,0.0,1
1851,1776086163.7423193,0.0431980001849297, 0.3438300000198069,0,0,27.8,0.0,1
1852,1776086163.7722003,0.04755600002681604, 0.3803739996328659,0,0,27.8,0.0,1
1853,1776086163.8015337,0.046876999931555474, 0.3679869996631169,0,0,27.8,0.0,1
1854,1776086163.8311453,0.043125000047439244, 0.3418539999984205,0,0,27.8,0.0,1
1855,1776086163.8611367,0.04814000021724496, 0.37576300019281916,0,0,27.8,0.0,1
1856,1776086163.8902948,0.049541999942448456, 0.34141800006182166,0,0,27.8,0.0,1
1857,1776086163.9202068,0.0449770000159333, 0.3351089999341639,0,0,27.8,0.0,1
1858,1776086163.9500613,0.04496000019571511, 0.3556249998837302,0,0,27.8,0.0,1
1859,1776086163.9804857,0.0502479997521732, 0.426624000283482,0,0,27.8,0.0,1
1860,1776086164.0092475,0.044720000005327165, 0.3326559999550227,0,0,27.8,0.0,1
1861,1776086164.0390668,0.044875000185129466, 0.3394529999241058,0,0,27.8,0.0,1
1862,1776086164.0695312,0.04700999988926924, 0.33196699996551615,0,0,27.8,0.0,1
1863,1776086164.100147,0.04141899989917874, 0.3174770004079619,0,0,27.8,0.0,1
1864,1776086164.1281404,0.045123000290914206, 0.3362500001458102,0,0,27.8,0.0,1
1865,1776086164.15799,0.0438179999946442, 0.34450200018909527,0,0,27.8,0.0,1
1866,1776086164.1877754,0.043834999814862385, 0.33947900010389276,0,0,27.8,0.0,1
1867,1776086164.2171934,0.04386199998407392, 0.34595900024214643,0,0,27.8,0.0,1
1868,1776086164.2470663,0.042840999867621576, 0.3407320000405889,0,0,27.8,0.0,1
1869,1776086164.2768998,0.04550499988908996, 0.339346000146179,0,0,27.8,0.0,1
1870,1776086164.3071134,0.044796000111091416, 0.3439550000621239,0,0,27.8,0.0,1
1871,1776086164.3364987,0.04545699994196184, 0.3337899997859495,0,0,27.8,0.0,1
1871,1776086164.3996603,33.414505000109784, 0.28422800005500903,12,12,27.8,0.0,0
1872,1776086164.4397929,22.27334500003053, 0.24663400017743697,14,0,27.8,0.0,0
1873,1776086164.455809,14.3181920002462, 0.3047820000574575,17,17,27.8,0.0,0
1874,1776086164.470565,12.849560000177007, 0.3406229998290655,16,20,27.8,0.0,0
1875,1776086164.7618382,19.82692000001407, 257.85239900005763,16,14,27.8,0.0,0
1877,1776086164.7661366,0.5024799997954688, 0.1793460000953928,0,14,27.8,0.0,1
1878,1776086164.7828083,0.8691799998814531, 0.33023500009221607,0,12,27.8,0.0,1
1879,1776086164.8126333,0.7914749999144988, 0.34964100041179336,0,10,27.8,0.0,1
1880,1776086164.8430002,1.8996530002368672, 0.24020599994400982,0,0,27.8,0.0,1
1881,1776086164.8753161,0.037151000015001046, 0.26236500025333953,0,0,27.8,0.0,1
1882,1776086164.9011755,0.04360999992059078, 0.34512299998823437,0,0,27.8,0.0,1
1883,1776086164.9311316,0.04415100011101458, 0.34256800017828937,0,0,27.8,0.0,1
1884,1776086164.9602115,0.0465299999632407, 0.3346409998812305,0,0,27.8,0.0,1
1885,1776086164.9904094,0.04884100007984671, 0.3865280000354687,0,0,27.8,0.0,1
1886,1776086165.0201015,0.046271999963209964, 0.38561500014111516,0,0,27.8,0.0,1
1887,1776086165.0495942,0.0478460001431813, 0.3676819997053826,0,0,27.8,0.0,1
1888,1776086165.079033,0.045140000111132395, 0.3406229998290655,0,0,27.8,0.0,1
1889,1776086165.1089566,0.04504400021687616, 0.34894400005214266,0,0,27.8,0.0,1
1890,1776086165.1387794,0.04374999980427674, 0.34740699993562885,0,0,27.8,0.0,1
1891,1776086165.1683085,0.0442799996562826, 0.3473640003903711,0,0,27.8,0.0,1
1892,1776086165.1980598,0.044472999888967024, 0.3391660002307617,0,0,27.8,0.0,1
1893,1776086165.2277524,0.06129100029284018, 0.3465119998509181,0,0,27.8,0.0,1
1894,1776086165.2583308,0.04686900001615868, 0.3372819996911858,0,0,27.8,0.0,1
1895,1776086165.2889779,0.04336200026955339, 0.3133599998363934,0,0,27.8,0.0,1
1896,1776086165.3171744,0.04880999995293678, 0.3792079996856046,0,0,27.8,0.0,1
1897,1776086165.346754,0.04626200006896397, 0.33996900037891464,0,0,27.8,0.0,1
1898,1776086165.3766215,0.047109999741223874, 0.38791299994045403,0,0,27.8,0.0,1
1899,1776086165.40601,0.04320599964557914, 0.34513399987190496,0,0,27.8,0.0,1
1900,1776086165.4358273,0.04341899966675555, 0.34264299983988167,0,0,27.8,0.0,1
1901,1776086165.465252,0.04997199994249968, 0.33951699970202753,0,0,27.8,0.0,1
1902,1776086165.4954562,0.04590399976223125, 0.34703799974522553,0,0,27.8,0.0,1
1903,1776086165.5252762,0.046890999783499865, 0.3370740000718797,0,0,27.8,0.0,1
1904,1776086165.5547626,0.04609600000549108, 0.3428840000196942,0,0,27.8,0.0,1
1905,1776086165.5844743,0.049945999762712745, 0.36785700012842426,0,0,27.8,0.0,1
1906,1776086165.6140833,0.043541000195546076, 0.34457099991414,0,0,27.8,0.0,1
1907,1776086165.6441245,0.046304000079544494, 0.38152900015120395,0,0,27.8,0.0,1
1908,1776086165.6735854,0.0469100000373146, 0.3764670000236947,0,0,27.8,0.0,1
1909,1776086165.7031038,0.045973999931447906, 0.34004500002993154,0,0,27.8,0.0,1
1910,1776086165.733213,0.04649399988920777, 0.3862480002680968,0,0,27.8,0.0,1
1910,1776086165.7958782,33.184858999902644, 0.30611500005761627,17,17,27.8,0.0,0
1911,1776086165.847567,24.470642999858683, 0.27527899965207325,18,0,27.8,0.0,0
1912,1776086165.8646188,15.265054000337841, 0.30085700018389616,15,15,27.8,0.0,0
1913,1776086165.8794103,12.749744000302599, 0.3303019998384116,15,18,27.8,0.0,0
1914,1776086166.1517715,12.571477000165032, 258.0831360000957,16,11,27.8,0.0,0
1916,1776086166.1560988,0.42377600038889796, 0.17389499998898827,0,11,27.8,0.0,1
1917,1776086166.180856,0.6689219999316265, 0.3135759998258436,0,9,27.8,0.0,1
1918,1776086166.2102392,2.1167089998925803, 0.3087000000050466,0,8,27.8,0.0,1
1919,1776086166.24268,0.4620209997483471, 0.30719000005774433,0,0,27.8,0.0,1
1920,1776086166.2678065,0.04368500003693043, 0.33556000016687904,0,0,27.8,0.0,1
1921,1776086166.2976787,0.044564000290847616, 0.35914099998990423,0,0,27.8,0.0,1
1922,1776086166.3270626,0.047710999751870986, 0.33401500013496843,0,0,27.8,0.0,1
1923,1776086166.357256,0.04737600011139875, 0.3763019999496464,0,0,27.8,0.0,1
1924,1776086166.3870175,0.04440499969859957, 0.34138699993491173,0,0,27.8,0.0,1
1925,1776086166.4171164,0.04567699988911045, 0.3483749997030827,0,0,27.8,0.0,1
1926,1776086166.4460807,0.044036999952368205, 0.3387550000297779,0,0,27.8,0.0,1
1927,1776086166.4758017,0.0438869997196889, 0.3430050001043128,0,0,27.8,0.0,1
1928,1776086166.5059192,0.04642400017473847, 0.38716800008842256,0,0,27.8,0.0,1
1929,1776086166.535442,0.0466830001641938, 0.394014999983483,0,0,27.8,0.0,1
1930,1776086166.5649621,0.04409599978316692, 0.3500799998619186,0,0,27.8,0.0,1
1931,1776086166.5947526,0.06217400004970841, 0.3436819997659768,0,0,27.8,0.0,1
1932,1776086166.6242576,0.043729000026360154, 0.3343180001138535,0,0,27.8,0.0,1
1933,1776086166.6540916,0.04563199991025613, 0.3339849999974831,0,0,27.8,0.0,1
1934,1776086166.6838937,0.048133999825950013, 0.33566699994480587,0,0,27.8,0.0,1
1935,1776086166.7136407,0.04350100016381475, 0.35816900026475196,0,0,27.8,0.0,1
1936,1776086166.7438123,0.041585999952076236, 0.31019199968795874,0,0,27.8,0.0,1
1937,1776086166.7744002,0.04259200022715959, 0.31846100000620936,0,0,27.8,0.0,1
1938,1776086166.8028278,0.04717299998446833, 0.3337640000609099,0,0,27.8,0.0,1
1939,1776086166.8322444,0.046427000143012265, 0.34458299978723517,0,0,27.8,0.0,1
1940,1776086166.8621461,0.04398400005811709, 0.34006499981842353,0,0,27.8,0.0,1
1941,1776086166.8921225,0.05075800027043442, 0.37673299993912224,0,0,27.8,0.0,1
1942,1776086166.9213758,0.04632999980458408, 0.3351280001879786,0,0,27.8,0.0,1
1943,1776086166.9514263,0.047714000174892135, 0.3814839997176023,0,0,27.8,0.0,1
1944,1776086166.982526,0.05663599995386903, 0.4239929999130254,0,0,27.8,0.0,1
1945,1776086167.0111656,0.04937499988955096, 0.37672400003430084,0,0,27.8,0.0,1
1946,1776086167.040603,0.046428000132436864, 0.356957999883889,0,0,27.8,0.0,1
1947,1776086167.070392,0.050612999984878115, 0.38712600007784204,0,0,27.8,0.0,1
1948,1776086167.100166,0.04643700003725826, 0.38038100001358544,0,0,27.8,0.0,1
1949,1776086167.1295946,0.05286899977363646, 0.37025099982201937,0,0,27.8,0.0,1
1949,1776086167.1931987,34.107961999779945, 0.2880249999179796,13,13,27.8,0.0,0
1950,1776086167.233792,22.72860299990498, 0.24205099998653168,18,0,27.8,0.0,0
1951,1776086167.2495701,14.0639609999198, 0.3154639998683706,18,18,27.8,0.0,0
1952,1776086167.2642863,12.784488999841415, 0.3222529999220569,18,20,27.8,0.0,0
1953,1776086167.552832,18.49022900023556, 257.6284679998935,16,12,27.8,0.0,0
1955,1776086167.5569654,0.7008960001257947, 0.23808200012354064,0,12,27.8,0.0,1
1956,1776086167.576222,0.751297000078921, 0.33525099979669903,0,10,27.8,0.0,1
1957,1776086167.6059365,0.6903130001774116, 0.3449480000199401,0,7,27.8,0.0,1
1958,1776086167.6366618,1.8930319997707556, 0.375417000213929,0,0,27.8,0.0,1
1959,1776086167.6683688,0.03488999982437235, 0.2700919999369944,0,0,27.8,0.0,1
1960,1776086167.6940439,0.04271299985703081, 0.34582500029500807,0,0,27.8,0.0,1
1961,1776086167.7239084,0.04599000021698885, 0.35081600026387605,0,0,27.8,0.0,1
1962,1776086167.7536855,0.042733999634947395, 0.35081600026387605,0,0,27.8,0.0,1
1963,1776086167.7830658,0.04413799979374744, 0.33705299983921577,0,0,27.8,0.0,1
1964,1776086167.813335,0.05005999992135912, 0.3737889996955346,0,0,27.8,0.0,1
1965,1776086167.8428323,0.045309999677556334, 0.3405190000194125,0,0,27.8,0.0,1
1966,1776086167.872265,0.046099999963189475, 0.33162699992317357,0,0,27.8,0.0,1
1967,1776086167.9023051,0.050646000090637244, 0.3832200000033481,0,0,27.8,0.0,1
1968,1776086167.9328737,0.04649399988920777, 0.33889799988173763,0,0,27.8,0.0,1
1969,1776086167.9628146,0.04291599998396123, 0.3141499996672792,0,0,27.8,0.0,1
1970,1776086167.99146,0.04383299983601319, 0.35172199977751006,0,0,27.8,0.0,1
1971,1776086168.0212593,0.04868399992119521, 0.3814639999291103,0,0,27.8,0.0,1
1972,1776086168.051146,0.051540999720600666, 0.3751360000023851,0,0,27.8,0.0,1
1973,1776086168.0809114,0.04922500011161901, 0.37882400010857964,0,0,27.8,0.0,1
1974,1776086168.1103191,0.05065100003776024, 0.3686980003294593,0,0,27.8,0.0,1
1975,1776086168.1402078,0.05009599999539205, 0.37761199973829207,0,0,27.8,0.0,1
1976,1776086168.1704776,0.049928999942494556, 0.3857809997498407,0,0,27.8,0.0,1
1977,1776086168.1998417,0.04354700013209367, 0.34440400031598983,0,0,27.8,0.0,1
1978,1776086168.2289917,0.04368700001577963, 0.3476370002317708,0,0,27.8,0.0,1
1979,1776086168.258777,0.042086000121344114, 0.34546899996712455,0,0,27.8,0.0,1
1980,1776086168.2886353,0.04932000001645065, 0.36006100026497734,0,0,27.8,0.0,1
1981,1776086168.3183177,0.04859199998463737, 0.36878300034004496,0,0,27.8,0.0,1
1982,1776086168.3478475,0.0430330001108814, 0.3420759999244183,0,0,27.8,0.0,1
1983,1776086168.3781788,0.048624999635649147, 0.37852000014027,0,0,27.8,0.0,1
1984,1776086168.4071953,0.04359899958217284, 0.3401720000510977,0,0,27.8,0.0,1
1985,1776086168.437368,0.050104000365536194, 0.3747370001292438,0,0,27.8,0.0,1
1986,1776086168.4668157,0.04502100000536302, 0.34569799981909455,0,0,27.8,0.0,1
1987,1776086168.4965978,0.049850999857881106, 0.3713100004461012,0,0,27.8,0.0,1
1988,1776086168.5267568,0.04126800013182219, 0.31415200010087574,0,0,27.8,0.0,1
1988,1776086168.5892878,31.893010000203503, 0.32324099993275013,24,20,27.8,0.0,0
1989,1776086168.6038709,12.675072999627446, 0.2631120000842202,25,0,27.8,0.0,0
1990,1776086168.636751,20.635070000025735, 0.33677999999781605,24,20,27.8,0.0,0
1991,1776086168.6639261,18.592309999803547, 0.33546299982845085,26,20,27.8,0.0,0
1992,1776086168.9536283,21.36930400001802, 257.7535010000247,29,16,27.8,0.0,0
1994,1776086168.9580905,0.8698390001882217, 0.2837940000972594,0,16,27.8,0.0,1
1995,1776086168.9726148,1.0018560001299193, 0.3230289999009983,0,15,27.8,0.0,1
1996,1776086169.004509,2.5186170000779384, 0.34370499997748993,0,13,27.8,0.0,1
1997,1776086169.0359552,0.6371639997269085, 0.33634200008236803,0,0,27.8,0.0,1
1998,1776086169.0612686,0.043897000068682246, 0.34312800016778056,0,0,27.8,0.0,1
1999,1776086169.091165,0.04520900029092445, 0.3355789999659464,0,0,27.8,0.0,1
2000,1776086169.1202455,0.04559900025924435, 0.33984900028372067,0,0,27.8,0.0,1
2001,1776086169.1500394,0.04506499999479274, 0.34341199989285087,0,0,27.8,0.0,1
2002,1776086169.1799347,0.04635499999494641, 0.34822699990399997,0,0,27.8,0.0,1
2003,1776086169.209875,0.050999999984924216, 0.37905799990767264,0,0,27.8,0.0,1
2004,1776086169.2395082,0.048584000069240574, 0.3715500001817418,0,0,27.8,0.0,1
2005,1776086169.2693958,0.050472000111767557, 0.38685599974996876,0,0,27.8,0.0,1
2006,1776086169.2988548,0.042375999782962026, 0.33998700018855743,0,0,27.8,0.0,1
2007,1776086169.3286216,0.04356300041763461, 0.3693589997055824,0,0,27.8,0.0,1
2008,1776086169.3580832,0.044612000237975735, 0.33334299996568006,0,0,27.8,0.0,1
2009,1776086169.3879328,0.04697900021710666, 0.3379760000825627,0,0,27.8,0.0,1
2010,1776086169.4183233,0.043755999740824336, 0.33730400036802166,0,0,27.8,0.0,1
2011,1776086169.4486308,0.03905200037479517, 0.30622200029029045,0,0,27.8,0.0,1
2012,1776086169.4769351,0.04414300019561779, 0.34098300011464744,0,0,27.8,0.0,1
2013,1776086169.5070364,0.0528130003658589, 0.3919249998034502,0,0,27.8,0.0,1
2014,1776086169.5366862,0.04336099982538144, 0.35399799980950775,0,0,27.8,0.0,1
2015,1776086169.5661862,0.04521300024862285, 0.34574600022097,0,0,27.8,0.0,1
2016,1776086169.5961585,0.048827999762579566, 0.37510400034079794,0,0,27.8,0.0,1
2017,1776086169.6256742,0.05285399993226747, 0.35476499988362775,0,0,27.8,0.0,1
2018,1776086169.6558633,0.04502599995248602, 0.33799999982875306,0,0,27.8,0.0,1
2019,1776086169.6853864,0.044038999931217404, 0.3440729997237213,0,0,27.8,0.0,1
2020,1776086169.714834,0.044828999762103194, 0.34780799978761934,0,0,27.8,0.0,1
2021,1776086169.744587,0.055795000207581325, 0.3579859999263135,0,0,27.8,0.0,1
2022,1776086169.7746985,0.042721000227174954, 0.3554320001057931,0,0,27.8,0.0,1
2023,1776086169.8039033,0.04196800000499934, 0.3517210002428328,0,0,27.8,0.0,1
2024,1776086169.8339381,0.05324700032360852, 0.38147100030982983,0,0,27.8,0.0,1
2025,1776086169.8632586,0.048242000048048794, 0.33892999999807216,0,0,27.8,0.0,1
2026,1776086169.8933804,0.04722599987871945, 0.38927400009924895,0,0,27.8,0.0,1
2027,1776086169.9232354,0.049344000217388384, 0.37635899980159593,0,0,27.8,0.0,1
2027,1776086169.985805,33.6546539997471, 0.3127739996671153,23,20,27.8,0.0,0
2028,1776086170.0017061,14.03198700018038, 0.2799220001179492,19,0,27.8,0.0,0
2029,1776086170.03571,20.917889999964245, 0.3015490001416765,15,15,27.8,0.0,0
2030,1776086170.0610716,17.36568599972088, 0.3260809999119374,14,18,27.8,0.0,0
2031,1776086170.349852,19.938955000270653, 258.0711059999885,14,11,27.8,0.0,0
2033,1776086170.3537781,0.6069700002626632, 0.17540399994686595,0,11,27.8,0.0,1
2034,1776086170.3688846,0.7389500001409033, 0.309052999909909,0,10,27.8,0.0,1
2035,1776086170.3987136,0.6997939999564551, 0.337477999892144,0,8,27.8,0.0,1
2036,1776086170.4299076,2.077494999866758, 0.3868769999826327,0,0,27.8,0.0,1
2037,1776086170.462396,0.03650600001492421, 0.2787170001283812,0,0,27.8,0.0,1
2038,1776086170.4871867,0.04406500011100434, 0.3353040001456975,0,0,27.8,0.0,1
2039,1776086170.5169883,0.046191999899747316, 0.34275300004082965,0,0,27.8,0.0,1
2040,1776086170.5468347,0.04684899977291934, 0.3373609997652238,0,0,27.8,0.0,1
2041,1776086170.5766363,0.0455210001746309, 0.3630910000538279,0,0,27.8,0.0,1
2042,1776086170.606787,0.04197899988866993, 0.31033799996293965,0,0,27.8,0.0,1
2043,1776086170.637413,0.041770999814616516, 0.32521100001758896,0,0,27.8,0.0,1
2044,1776086170.6657698,0.045525000132329296, 0.3441640001256019,0,0,27.8,0.0,1
2045,1776086170.6952617,0.04551299980448675, 0.3436749998400046,0,0,27.8,0.0,1
2046,1776086170.725055,0.046239999846875435, 0.35637099972518627,0,0,27.8,0.0,1
2047,1776086170.7548048,0.04606099992088275, 0.34432799975547823,0,0,27.8,0.0,1
2048,1776086170.7846208,0.0514159996782837, 0.36221300024408265,0,0,27.8,0.0,1
2049,1776086170.8144605,0.05020499975216808, 0.3858780000882689,0,0,27.8,0.0,1
2050,1776086170.844521,0.04430499984664493, 0.341328000104113,0,0,27.8,0.0,1
2051,1776086170.8737311,0.04115799993087421, 0.31365799986815546,0,0,27.8,0.0,1
2052,1776086170.903234,0.042255000153090805, 0.3394179998394975,0,0,27.8,0.0,1
2053,1776086170.9329886,0.04688700028054882, 0.346228999660525,0,0,27.8,0.0,1
2054,1776086170.963156,0.049914999635802815, 0.3719200003615697,0,0,27.8,0.0,1
2055,1776086170.9923007,0.043432999973447295, 0.3473229999144678,0,0,27.8,0.0,1
2056,1776086171.0221236,0.045187000068835914, 0.3451120001045638,0,0,27.8,0.0,1
2057,1776086171.0518806,0.043059999825345585, 0.34292600003027474,0,0,27.8,0.0,1
2058,1776086171.0822437,0.04877099991063005, 0.3743349998330814,0,0,27.8,0.0,1
2059,1776086171.1111856,0.044718000026477966, 0.33920600026249303,0,0,27.8,0.0,1
2060,1776086171.1410367,0.04276899971955572, 0.34362700034762383,0,0,27.8,0.0,1
2061,1776086171.1707973,0.04601299997375463, 0.3434949999245873,0,0,27.8,0.0,1
2062,1776086171.2009401,0.039787999867257895, 0.315563000185648,0,0,27.8,0.0,1
2063,1776086171.2316375,0.03793699988818844, 0.31171799992080196,0,0,27.8,0.0,1
2064,1776086171.259932,0.04615499983628979, 0.3486639998300234,0,0,27.8,0.0,1
2065,1776086171.29013,0.04824799998459639, 0.3780419997383433,0,0,27.8,0.0,1
2066,1776086171.3195596,0.04797899964614771, 0.3711059998749988,0,0,27.8,0.0,1
2066,1776086171.382103,32.88064200023655, 0.31192899996312917,19,19,27.8,0.0,0
2067,1776086171.4380355,23.738844999570574, 0.2637729999150906,30,0,27.8,0.0,0
2068,1776086171.4579327,17.491203999725258, 0.32556199994360213,26,20,27.8,0.0,0
2069,1776086171.4894845,20.532549000108702, 0.3472990001682774,27,20,27.8,0.0,0
2070,1776086171.774251,18.54585399996722, 257.7686609997727,27,16,27.8,0.0,0
2072,1776086171.7789755,0.7890860001680267, 0.17717199989419896,0,16,27.8,0.0,1
2073,1776086171.7963648,0.9384189997945214, 0.3512440002850781,0,13,27.8,0.0,1
2074,1776086171.8264658,2.183688000059192, 0.3893889997925726,0,10,27.8,0.0,1
2075,1776086171.859271,0.5308129998411459, 0.3372769997440628,0,0,27.8,0.0,1
2076,1776086171.8839824,0.04683799988924875, 0.33886000028360286,0,0,27.8,0.0,1
2077,1776086171.9140818,0.05054699977335986, 0.3748410003936442,0,0,27.8,0.0,1
2078,1776086171.943278,0.042934999783028616, 0.3394059999664023,0,0,27.8,0.0,1
2079,1776086171.973047,0.04646099978344864, 0.3378639999027655,0,0,27.8,0.0,1
2080,1776086172.0032516,0.04909800009045284, 0.38553499962290516,0,0,27.8,0.0,1
2081,1776086172.033187,0.0428799999099283, 0.35137500026394264,0,0,27.8,0.0,1
2082,1776086172.0621872,0.04120499988857773, 0.3401839999241929,0,0,27.8,0.0,1
2083,1776086172.0919476,0.04570300006889738, 0.3422660001888289,0,0,27.8,0.0,1
2084,1776086172.1230953,0.025539000034768833, 0.18669800010684412,0,0,27.8,0.0,1
2085,1776086172.1512313,0.045496999973693164, 0.33616600012464914,0,0,27.8,0.0,1
2086,1776086172.1811604,0.04389400010040845, 0.3463620000729861,0,0,27.8,0.0,1
2087,1776086172.2111506,0.05316099986885092, 0.3712919997269637,0,0,27.8,0.0,1
2088,1776086172.2409482,0.046796999868092826, 0.38487599977088394,0,0,27.8,0.0,1
2089,1776086172.2701147,0.044134000290796394, 0.3343230000609765,0,0,27.8,0.0,1
2090,1776086172.2999883,0.04366999974081409, 0.3418940000301518,0,0,27.8,0.0,1
2091,1776086172.3298364,0.04592699997374439, 0.3377390003151959,0,0,27.8,0.0,1
2092,1776086172.3595884,0.04360599996289238, 0.3366820001247106,0,0,27.8,0.0,1
2093,1776086172.389693,0.056182000207627425, 0.31379700021716417,0,0,27.8,0.0,1
2094,1776086172.4188435,0.046876999931555474, 0.34003300015683635,0,0,27.8,0.0,1
2095,1776086172.4486861,0.04156700015300885, 0.3664299997581111,0,0,27.8,0.0,1
2096,1776086172.4781425,0.045943999793962575, 0.33902800032592495,0,0,27.8,0.0,1
2097,1776086172.5082974,0.04779800019605318, 0.3757629997380718,0,0,27.8,0.0,1
2098,1776086172.5381105,0.04872399995292653, 0.38308600005620974,0,0,27.8,0.0,1
2099,1776086172.5672355,0.04514600004767999, 0.3345320001244545,0,0,27.8,0.0,1
2100,1776086172.5971947,0.04570800001602038, 0.3454970001257607,0,0,27.8,0.0,1
2101,1776086172.6271288,0.04292799985705642, 0.3454349998719408,0,0,27.8,0.0,1
2102,1776086172.6568787,0.04344199987826869, 0.34234100030516856,0,0,27.8,0.0,1
2103,1776086172.6862335,0.04471600004762877, 0.3397469999981695,0,0,27.8,0.0,1
2104,1776086172.7175395,0.04068199996254407, 0.3182700002071215,0,0,27.8,0.0,1
2105,1776086172.7458084,0.04476100002648309, 0.3447859999141656,0,0,27.8,0.0,1
2105,1776086172.80789,32.3163560001376, 0.3218199999537319,18,18,27.8,0.0,0
2106,1776086172.824585,14.782327999910194, 0.28699199992843205,14,0,27.8,0.0,0
2107,1776086172.8522124,18.401920000087557, 0.28370400013955077,14,14,27.8,0.0,0
2108,1776086172.8854303,20.900815999993938, 0.3279109996583429,16,19,27.8,0.0,0
2109,1776086173.171979,19.569105000300624, 258.18843600018226,18,9,27.8,0.0,0
2111,1776086173.1763206,0.5801490001431375, 0.2997720002895221,0,9,27.8,0.0,1
2112,1776086173.1918871,0.6144479998511088, 0.31378899984702,0,9,27.8,0.0,1
2113,1776086173.22195,0.6246519997148425, 0.32886899998629815,0,7,27.8,0.0,1
2114,1776086173.2528532,1.9699530002981192, 0.3766360000554414,0,0,27.8,0.0,1
2115,1776086173.2854054,0.03907000018443796, 0.2798880000227655,0,0,27.8,0.0,1
2116,1776086173.3116577,0.051121999604220036, 0.2946539998447406,0,0,27.8,0.0,1
2117,1776086173.3399854,0.04398800001581549, 0.340671000230941,0,0,27.8,0.0,1
2118,1776086173.369826,0.04518000014286372, 0.34005499992417754,0,0,27.8,0.0,1
2119,1776086173.399312,0.04538500024864334, 0.33094299988079,0,0,27.8,0.0,1
2120,1776086173.42915,0.04332800017436966, 0.3398169997126388,0,0,27.8,0.0,1
2121,1776086173.4589438,0.04496400015341351, 0.34258300001965836,0,0,27.8,0.0,1
2122,1776086173.4890938,0.05107000015414087, 0.3704430000652792,0,0,27.8,0.0,1
2123,1776086173.5181673,0.04567799987853505, 0.3337000002829882,0,0,27.8,0.0,1
2124,1776086173.5483875,0.042997000036848476, 0.3485389997877064,0,0,27.8,0.0,1
2125,1776086173.5787792,0.0438879997091135, 0.34563300005174824,0,0,27.8,0.0,1
2126,1776086173.607323,0.04201199999442906, 0.33723699971233145,0,0,27.8,0.0,1
2127,1776086173.6371276,0.04274599996278994, 0.34158900007241755,0,0,27.8,0.0,1
2128,1776086173.667267,0.05319299998518545, 0.3706200000124227,0,0,27.8,0.0,1
2129,1776086173.6970243,0.04984400038665626, 0.38383000037356396,0,0,27.8,0.0,1
2130,1776086173.7266254,0.04766299980474287, 0.3633569999692554,0,0,27.8,0.0,1
2131,1776086173.7559524,0.04364599999462371, 0.33876699990287307,0,0,27.8,0.0,1
2132,1776086173.78592,0.04526699967755121, 0.3330230001665768,0,0,27.8,0.0,1
2133,1776086173.8159764,0.04491000026973779, 0.3355180001562985,0,0,27.8,0.0,1
2134,1776086173.845169,0.04252799999449053, 0.33794299997680355,0,0,27.8,0.0,1
2135,1776086173.874877,0.0445860000581888, 0.33590599969102186,0,0,27.8,0.0,1
2136,1776086173.9062204,0.04185799980405136, 0.3162379998684628,0,0,27.8,0.0,1
2137,1776086173.9341726,0.04525800022747717, 0.33638500008237315,0,0,27.8,0.0,1
2138,1776086173.9642732,0.049235000005865004, 0.3959000000577362,0,0,27.8,0.0,1
2139,1776086173.9942472,0.050802000259864144, 0.38263399983407,0,0,27.8,0.0,1
2140,1776086174.0232608,0.04490099991016905, 0.3352870003254793,0,0,27.8,0.0,1
2141,1776086174.053145,0.04106999995201477, 0.3415409996705421,0,0,27.8,0.0,1
2142,1776086174.08349,0.04790499997398001, 0.38236000000324566,0,0,27.8,0.0,1
2143,1776086174.1127307,0.05690099987987196, 0.3482030001578096,0,0,27.8,0.0,1
2144,1776086174.1429045,0.04414299974087044, 0.3351089999341639,0,0,27.8,0.0,1
2144,1776086174.2024586,29.864881999856152, 0.2710160001697659,10,10,27.8,0.0,0
2145,1776086174.2538252,23.742843000036373, 0.244650999775331,14,0,27.8,0.0,0
2146,1776086174.2716968,16.16230399986307, 0.32484199982718565,23,20,27.8,0.0,0
2147,1776086174.2861457,12.571360000038112, 0.31606000038664206,21,20,27.8,0.0,0
2148,1776086174.5664594,14.950925999983156, 256.6853469998023,19,14,27.8,0.0,0
2150,1776086174.570399,0.8141670000441081, 0.30354199998328113,0,14,27.8,0.0,1
2151,1776086174.5882103,0.9283009999307978, 0.3666479997264105,0,12,27.8,0.0,1
2152,1776086174.6199007,2.1814400001858303, 0.3362759998708498,0,9,27.8,0.0,1
2153,1776086174.6517663,0.5010570002923487, 0.31513800013271975,0,0,27.8,0.0,1
2154,1776086174.6766875,0.04386399996292312, 0.37931799988655257,0,0,27.8,0.0,1
2155,1776086174.707295,0.04674299998441711, 0.3676090000226395,0,0,27.8,0.0,1
2156,1776086174.7367315,0.0633449999440927, 0.338817999818275,0,0,27.8,0.0,1
2157,1776086174.7661135,0.04737600011139875, 0.33843500023067463,0,0,27.8,0.0,1
2158,1776086174.797443,0.04236699987814063, 0.3216029999748571,0,0,27.8,0.0,1
2159,1776086174.825438,0.04641999976229272, 0.39646799996262416,0,0,27.8,0.0,1
2160,1776086174.855301,0.050660000397328986, 0.38772300013079075,0,0,27.8,0.0,1
2161,1776086174.8845508,0.05102300019643735, 0.3645309998319135,0,0,27.8,0.0,1
2162,1776086174.9144554,0.04783199983648956, 0.39285900038521504,0,0,27.8,0.0,1
2163,1776086174.9446645,0.04945599994243821, 0.39122999987739604,0,0,27.8,0.0,1
2164,1776086174.9737763,0.04528699992079055, 0.3595389998736209,0,0,27.8,0.0,1
2165,1776086175.0035267,0.05061999991085031, 0.39348100017377874,0,0,27.8,0.0,1
2166,1776086175.0336976,0.04750700009026332, 0.37131099998077843,0,0,27.8,0.0,1
2167,1776086175.0641913,0.04635400000552181, 0.3593780002120184,0,0,27.8,0.0,1
2168,1776086175.0931125,0.04404700030136155, 0.3410839999560267,0,0,27.8,0.0,1
2169,1776086175.122966,0.042815000142581994, 0.3436150000197813,0,0,27.8,0.0,1
2170,1776086175.1528192,0.04887200020675664, 0.35846099990521907,0,0,27.8,0.0,1
2171,1776086175.1822503,0.04273000013199635, 0.34425600006215973,0,0,27.8,0.0,1
2172,1776086175.2120168,0.045853999836253934, 0.3354229997967195,0,0,27.8,0.0,1
2173,1776086175.2418985,0.0486220001221227, 0.35836899996866123,0,0,27.8,0.0,1
2174,1776086175.271769,0.046087000100669684, 0.34502600010455353,0,0,27.8,0.0,1
2175,1776086175.301462,0.046458000269922195, 0.34740999990390264,0,0,27.8,0.0,1
2176,1776086175.3312862,0.05271100008030771, 0.37389599992820877,0,0,27.8,0.0,1
2177,1776086175.3607962,0.04556600015348522, 0.3456119998190843,0,0,27.8,0.0,1
2178,1776086175.391757,0.03933400012101629, 0.29103699989718734,0,0,27.8,0.0,1
2179,1776086175.4199815,0.04306499977246858, 0.33903900020959554,0,0,27.8,0.0,1
2180,1776086175.4498522,0.04798300005859346, 0.3332629999022174,0,0,27.8,0.0,1
2181,1776086175.4796786,0.044180000259075314, 0.364469000032841,0,0,27.8,0.0,1
2182,1776086175.5094485,0.048691999836592004, 0.38005499982318725,0,0,27.8,0.0,1
2183,1776086175.539308,0.047973999699024716, 0.3722379997270764,0,0,27.8,0.0,1
2183,1776086175.6002612,31.519450999894616, 0.2855249999811349,14,14,27.8,0.0,0
2184,1776086175.615595,13.482835000104387, 0.28113400003348943,12,0,27.8,0.0,0
2185,1776086175.6509418,20.875324999906297, 0.25845399977697525,10,10,27.8,0.0,0
2186,1776086175.6768389,18.3809539998947, 0.2841929999704007,11,14,27.8,0.0,0
2187,1776086175.9665568,19.741796999824146, 258.4795249999843,18,8,27.8,0.0,0
2189,1776086175.9706361,0.5341109999790206, 0.30104100005701184,0,8,27.8,0.0,1
2190,1776086175.9867277,0.5447990001812286, 0.31803899992155493,0,5,27.8,0.0,1
2191,1776086176.0145981,0.4532900002232054, 0.3424740002628823,0,4,27.8,0.0,1
2192,1776086176.0459034,1.888131999749021, 0.345989999914309,0,0,27.8,0.0,1
2193,1776086176.07796,0.03372099990883726, 0.26341600005252985,0,0,27.8,0.0,1
2194,1776086176.1033025,0.05059600016465993, 0.37750199999209144,0,0,27.8,0.0,1
2195,1776086176.1326618,0.042998000026273075, 0.3735579998647154,0,0,27.8,0.0,1
2196,1776086176.1625516,0.049603999741520965, 0.3993919999629725,0,0,27.8,0.0,1
2197,1776086176.1922605,0.04734399999506422, 0.4084510001121089,0,0,27.8,0.0,1
2198,1776086176.2224019,0.042805000248336, 0.3554639997673803,0,0,27.8,0.0,1
2199,1776086176.2522414,0.042330999804107705, 0.3422340000724944,0,0,27.8,0.0,1
2200,1776086176.2813356,0.048149000122066354, 0.4067750001013337,0,0,27.8,0.0,1
2201,1776086176.3119354,0.04765600033351802, 0.38186699975995,0,0,27.8,0.0,1
2202,1776086176.3412132,0.04364000005807611, 0.3402459997232654,0,0,27.8,0.0,1
2203,1776086176.3709583,0.0449000003754918, 0.3476960000625695,0,0,27.8,0.0,1
2204,1776086176.400765,0.04438999985723058, 0.3422280001359468,0,0,27.8,0.0,1
2205,1776086176.4302366,0.0488509999740927, 0.34373900007267366,0,0,27.8,0.0,1
2206,1776086176.4601567,0.04550799985736376, 0.3376380000190693,0,0,27.8,0.0,1
2207,1776086176.4902065,0.04524999985733302, 0.3436229999351781,0,0,27.8,0.0,1
2208,1776086176.519753,0.06293000024015782, 0.34508799990362604,0,0,27.8,0.0,1
2209,1776086176.5492692,0.045541999952547485, 0.33628999972279416,0,0,27.8,0.0,1
2210,1776086176.5804663,0.039339000068139285, 0.3133119998892653,0,0,27.8,0.0,1
2211,1776086176.6082532,0.04457399973034626, 0.3829510001196468,0,0,27.8,0.0,1
2212,1776086176.6377943,0.04243400007908349, 0.34890899996753433,0,0,27.8,0.0,1
2213,1776086176.6677222,0.04308300003685872, 0.40163599987863563,0,0,27.8,0.0,1
2214,1776086176.6973038,0.048396999773103744, 0.4253130000506644,0,0,27.8,0.0,1
2215,1776086176.7274911,0.04721100003735046, 0.3936489997613535,0,0,27.8,0.0,1
2216,1776086176.7566648,0.042240000311721815, 0.36110700011704466,0,0,27.8,0.0,1
2217,1776086176.7866013,0.047450000238313805, 0.3811699998550466,0,0,27.8,0.0,1
2218,1776086176.8167343,0.06710499974360573, 0.3632880002442107,0,0,27.8,0.0,1
2219,1776086176.8467278,0.05695300023944583, 0.3327580002405739,0,0,27.8,0.0,1
2220,1776086176.8755512,0.050675000238697976, 0.361041999894951,0,0,27.8,0.0,1
2221,1776086176.905438,0.048380999942310154, 0.4092330000275979,0,0,27.8,0.0,1
2222,1776086176.9350588,0.04689399975177366, 0.3828489998340956,0,0,27.8,0.0,1
2222,1776086176.985911,21.38710099961827, 0.30728899992027436,19,19,27.8,0.0,0
2223,1776086177.0191686,21.725207999679697, 0.2749299997049093,24,0,27.8,0.0,0
2224,1776086177.044831,18.99264099984066, 0.32630200030325796,22,20,27.8,0.0,0
2225,1776086177.074028,19.191107000096963, 0.34300999959668843,22,20,27.8,0.0,0
2226,1776086177.3620853,20.144044000062422, 257.7994299999773,24,17,27.8,0.0,0
2228,1776086177.3666506,0.8066049999797542, 0.18000599993683863,0,17,27.8,0.0,1
2229,1776086177.3822627,0.9904640000968357, 0.3431069999351166,0,14,27.8,0.0,1
2230,1776086177.413131,2.2386390000974643, 0.3210009999747854,0,12,27.8,0.0,1
2231,1776086177.4455926,0.6072969999877387, 0.34621300028447877,0,0,27.8,0.0,1
2232,1776086177.4717262,0.04067700001542107, 0.2945999999610649,0,0,27.8,0.0,1
2233,1776086177.5000093,0.04545599995253724, 0.33692700026222155,0,0,27.8,0.0,1
2234,1776086177.529823,0.044332000015856465, 0.3440039999986766,0,0,27.8,0.0,1
2235,1776086177.5596516,0.04632599984688568, 0.35141400030624936,0,0,27.8,0.0,1
2236,1776086177.5891387,0.04584500038617989, 0.33983000002990593,0,0,27.8,0.0,1
2237,1776086177.6189802,0.045308000153454486, 0.3326849996483361,0,0,27.8,0.0,1
2238,1776086177.6487286,0.06097899995438638, 0.3399030001673964,0,0,27.8,0.0,1
2239,1776086177.6782057,0.04588000001604087, 0.34058900018862914,0,0,27.8,0.0,1
2240,1776086177.7087789,0.04699300006905105, 0.3432769999562879,0,0,27.8,0.0,1
2241,1776086177.7385373,0.05034100013290299, 0.3277390001130698,0,0,27.8,0.0,1
2242,1776086177.767712,0.04487000023800647, 0.3665960002763313,0,0,27.8,0.0,1
2243,1776086177.7970743,0.043946000005234964, 0.34318200005145627,0,0,27.8,0.0,1
2244,1776086177.826464,0.046257000121840974, 0.3963369999837596,0,0,27.8,0.0,1
2245,1776086177.8564844,0.05495000004884787, 0.39932500021677697,0,0,27.8,0.0,1
2246,1776086177.8859446,0.04465600022740546, 0.3672939997159119,0,0,27.8,0.0,1
2247,1776086177.915643,0.04677300012190244, 0.41179200024998863,0,0,27.8,0.0,1
2248,1776086177.945475,0.04831400019611465, 0.394787000004726,0,0,27.8,0.0,1
2249,1776086177.975605,0.05344800001694239, 0.35471799992592423,0,0,27.8,0.0,1
2250,1776086178.0046551,0.04702900014308398, 0.3762940000342496,0,0,27.8,0.0,1
2251,1776086178.0344808,0.047528999857604504, 0.45206499999039806,0,0,27.8,0.0,1
2252,1776086178.0660877,0.04106999995201477, 0.19499699965308537,0,0,27.8,0.0,1
2253,1776086178.0939915,0.042751999899337534, 0.35525600014807424,0,0,27.8,0.0,1
2254,1776086178.1236098,0.04812699989997782, 0.3738069999599247,0,0,27.8,0.0,1
2255,1776086178.1539574,0.04401000023790402, 0.3749190000235103,0,0,27.8,0.0,1
2256,1776086178.1839097,0.051885000175388996, 0.3799109999818029,0,0,27.8,0.0,1
2257,1776086178.2131643,0.04453100018508849, 0.34066099988194765,0,0,27.8,0.0,1
2258,1776086178.242937,0.04376299966679653, 0.3389700000298035,0,0,27.8,0.0,1
2259,1776086178.2728417,0.04779899973073043, 0.33779199975469965,0,0,27.8,0.0,1
2260,1776086178.3026252,0.03898600016327691, 0.3337500002089655,0,0,27.8,0.0,1
2261,1776086178.3327422,0.0411769997299416, 0.31287799993151566,0,0,27.8,0.0,1
2261,1776086178.395354,33.537194000018644, 0.32326200016541407,19,19,27.8,0.0,0
2262,1776086178.4106338,13.40545099992596, 0.29325299965421436,18,0,27.8,0.0,0
2263,1776086178.440039,19.179114000053232, 0.2911289998337452,15,15,27.8,0.0,0
2264,1776086178.4720337,20.522492000054626, 0.296745000014198,13,16,27.8,0.0,0
2265,1776086178.7596967,20.493598000030033, 257.6122209998175,15,12,27.8,0.0,0
2267,1776086178.763372,0.6616879995817726, 0.2981260004162323,0,12,27.8,0.0,1
2268,1776086178.7780197,0.824529000055918, 0.3569420000530954,0,10,27.8,0.0,1
2269,1776086178.8082433,0.7327740004257066, 0.34413599996696576,0,10,27.8,0.0,1
2270,1776086178.8393643,2.1847950001756544, 0.41407799972148496,0,0,27.8,0.0,1
2271,1776086178.8716726,0.03692700011015404, 0.260265999713738,0,0,27.8,0.0,1
2272,1776086178.8971689,0.04349199980424601, 0.3327800000079151,0,0,27.8,0.0,1
2273,1776086178.9267554,0.04124999986743205, 0.31069100032254937,0,0,27.8,0.0,1
2274,1776086178.9556332,0.041291999878012575, 0.37229100007607485,0,0,27.8,0.0,1
2275,1776086178.986091,0.050705999910860555, 0.3957490002903796,0,0,27.8,0.0,1
2276,1776086179.014939,0.05988300017634174, 0.3697760002978612,0,0,27.8,0.0,1
2277,1776086179.04488,0.04323699977248907, 0.3723879999597557,0,0,27.8,0.0,1
2278,1776086179.0750692,0.04674399997384171, 0.37274599981174106,0,0,27.8,0.0,1
2279,1776086179.1047163,0.05202200009080116, 0.4285200002414058,0,0,27.8,0.0,1
2280,1776086179.1341958,0.052492000122583704, 0.4132580002078612,0,0,27.8,0.0,1
2281,1776086179.1639893,0.04277099969840492, 0.3457669999988866,0,0,27.8,0.0,1
2282,1776086179.1933846,0.04701200032286579, 0.3907489999619429,0,0,27.8,0.0,1
2283,1776086179.2232146,0.04593799985741498, 0.39100200001485064,0,0,27.8,0.0,1
2284,1776086179.2546613,0.04278900041754241, 0.32885900009205216,0,0,27.8,0.0,1
2285,1776086179.282709,0.044161000005260576, 0.3738189998330199,0,0,27.8,0.0,1
2286,1776086179.312386,0.05390600017562974, 0.4498379998949531,0,0,27.8,0.0,1
2287,1776086179.34214,0.045326999952521874, 0.3741919999811216,0,0,27.8,0.0,1
2288,1776086179.371672,0.04250800020599854, 0.37159299972699955,0,0,27.8,0.0,1
2289,1776086179.4018455,0.04201000001557986, 0.3734349998012476,0,0,27.8,0.0,1
2290,1776086179.431117,0.046645000111311674, 0.38780199975008145,0,0,27.8,0.0,1
2291,1776086179.4607217,0.06152699961603503, 0.347310000051948,0,0,27.8,0.0,1
2292,1776086179.4908285,0.042828000005101785, 0.3492139999252686,0,0,27.8,0.0,1
2293,1776086179.5211377,0.04484100008994574, 0.3706809998220706,0,0,27.8,0.0,1
2294,1776086179.5501266,0.04372400007923716, 0.3555550001692609,0,0,27.8,0.0,1
2295,1776086179.579817,0.04814399972019601, 0.35331800017956994,0,0,27.8,0.0,1
2296,1776086179.6093307,0.04750200014314032, 0.3706200000124227,0,0,27.8,0.0,1
2297,1776086179.639507,0.04635400000552181, 0.3704380001181562,0,0,27.8,0.0,1
2298,1776086179.6688027,0.04429599994182354, 0.34895899989351165,0,0,27.8,0.0,1
2299,1776086179.6986666,0.04895900019619148, 0.4735620000246854,0,0,27.8,0.0,1
2300,1776086179.7283983,0.046810999720037216, 0.3952890001528431,0,0,27.8,0.0,1
2300,1776086179.7780125,19.629383999927086, 0.31182100019577774,36,20,27.8,0.0,0
2301,1776086179.8238227,23.025428999972064, 0.2723440002228017,31,0,27.8,0.0,0
2302,1776086179.8426237,16.873735999979544, 0.3315440003461845,31,20,27.8,0.0,0
2303,1776086179.865248,15.029098000013619, 0.3224379997845972,24,20,27.8,0.0,0
2304,1776086180.1564608,20.08935100002418, 259.98144400000456,18,16,27.8,0.0,0
2306,1776086180.1616073,0.4390850003801461, 0.17827200008468935,0,16,27.8,0.0,1
2307,1776086180.1754482,1.0166850001951389, 0.40324399969904334,0,9,27.8,0.0,1
2308,1776086180.2062216,2.091105000090465, 0.33910599995579105,0,6,27.8,0.0,1
2309,1776086180.238431,0.3881970001202717, 0.31723700021757395,0,0,27.8,0.0,1
2310,1776086180.2637794,0.04808999983652029, 0.3418549999878451,0,0,27.8,0.0,1
2311,1776086180.2932675,0.041119999877992086, 0.3395879998606688,0,0,27.8,0.0,1
2312,1776086180.3229706,0.042484999994485406, 0.34219700000903686,0,0,27.8,0.0,1
2313,1776086180.353063,0.051916999836976174, 0.37516800011871965,0,0,27.8,0.0,1
2314,1776086180.3829823,0.04426299983606441, 0.34377099973426084,0,0,27.8,0.0,1
2315,1776086180.4130535,0.04417399986778037, 0.34059100016747834,0,0,27.8,0.0,1
2316,1776086180.4422371,0.046922999899834394, 0.3785540002354537,0,0,27.8,0.0,1
2317,1776086180.4719656,0.05055399969933205, 0.38038499997128383,0,0,27.8,0.0,1
2318,1776086180.5012367,0.043108000227221055, 0.34109099988199887,0,0,27.8,0.0,1
2319,1776086180.53102,0.04494799986787257, 0.34026100001938175,0,0,27.8,0.0,1
2320,1776086180.5608156,0.04738100005852175, 0.33919000043169945,0,0,27.8,0.0,1
2321,1776086180.590605,0.04841600002691848, 0.3789500001403212,0,0,27.8,0.0,1
2322,1776086180.6205673,0.04919699995298288, 0.3740800002560718,0,0,27.8,0.0,1
2323,1776086180.6506047,0.049482000122225145, 0.36377600008563604,0,0,27.8,0.0,1
2324,1776086180.679741,0.06441999994422076, 0.3402539996386622,0,0,27.8,0.0,1
2325,1776086180.7095275,0.05009200003769365, 0.36162400010653073,0,0,27.8,0.0,1
2326,1776086180.740918,0.04019700008939253, 0.31702400019639754,0,0,27.8,0.0,1
2327,1776086180.7688107,0.044286000047577545, 0.34645599998839316,0,0,27.8,0.0,1
2328,1776086180.7989347,0.050333000217506196, 0.379395999971166,0,0,27.8,0.0,1
2329,1776086180.828457,0.04863599997406709, 0.37544499991781777,0,0,27.8,0.0,1
2330,1776086180.858039,0.04390599997350364, 0.34292000009372714,0,0,27.8,0.0,1
2331,1776086180.887708,0.060911000218766276, 0.3424520000407938,0,0,27.8,0.0,1
2332,1776086180.9173005,0.043494000237842556, 0.3438310000092315,0,0,27.8,0.0,1
2333,1776086180.9469712,0.04584699991028174, 0.3370859999449749,0,0,27.8,0.0,1
2334,1776086180.977311,0.04452400025911629, 0.33755399999790825,0,0,27.8,0.0,1
2335,1776086181.0070992,0.04447800029083737, 0.345328000094014,0,0,27.8,0.0,1
2336,1776086181.0355916,0.04687899991040467, 0.36616099987440975,0,0,27.8,0.0,1
2337,1776086181.065453,0.05020299977331888, 0.40453600013279356,0,0,27.8,0.0,1
2338,1776086181.0952332,0.04629599970940035, 0.38906200006749714,0,0,27.8,0.0,1
2339,1776086181.124992,0.047185000312310876, 0.40808899984767777,0,0,27.8,0.0,1
2339,1776086181.1864471,32.1677459996863, 0.24373899987040204,6,6,27.8,0.0,0
2340,1776086181.2033381,14.867872999730025, 0.22646400020676083,7,0,27.8,0.0,0
2341,1776086181.239233,21.95860099982383, 0.2841360001184512,11,11,27.8,0.0,0
2342,1776086181.2624497,16.679296999882354, 0.29706499981330126,10,12,27.8,0.0,0
2343,1776086181.5552642,21.0308549999354, 259.994321999784,9,8,27.8,0.0,0
2345,1776086181.5596485,0.5113309998705518, 0.1909160000650445,0,8,27.8,0.0,1
2346,1776086181.5714753,0.5325970000740199, 0.31377899995277403,0,7,27.8,0.0,1
2347,1776086181.6021168,0.5341309997675125, 0.3193849997842335,0,7,27.8,0.0,1
2348,1776086181.6325693,1.9070369999099057, 0.38572900029976154,0,0,27.8,0.0,1
2349,1776086181.6643589,0.034143999982916284, 0.27138799987369566,0,0,27.8,0.0,1
2350,1776086181.6899807,0.04533599985734327, 0.3340099997330981,0,0,27.8,0.0,1
2351,1776086181.7198138,0.0462980001429969, 0.33750300008250633,0,0,27.8,0.0,1
2352,1776086181.7492418,0.04483400016397354, 0.3362340003150166,0,0,27.8,0.0,1
2353,1776086181.7790983,0.04494100039664772, 0.3392190001250128,0,0,27.8,0.0,1
2354,1776086181.808919,0.044920999698661035, 0.3374719999555964,0,0,27.8,0.0,1
2355,1776086181.8390334,0.04300499995224527, 0.346752000041306,0,0,27.8,0.0,1
2356,1776086181.8681655,0.04586200020639808, 0.33778899978642585,0,0,27.8,0.0,1
2357,1776086181.897999,0.04298100020605489, 0.3467239998826699,0,0,27.8,0.0,1
2358,1776086181.9292672,0.04007400002592476, 0.3167310001117585,0,0,27.8,0.0,1
2359,1776086181.9572363,0.04308100005800952, 0.33699100004014326,0,0,27.8,0.0,1
2360,1776086181.987473,0.05062499985797331, 0.3776210000978608,0,0,27.8,0.0,1
2361,1776086182.0169127,0.04564199980450212, 0.3359269999236858,0,0,27.8,0.0,1
2362,1776086182.0469744,0.047307999921031296, 0.38142499988680356,0,0,27.8,0.0,1
2363,1776086182.076153,0.04196700001557474, 0.3461229998720228,0,0,27.8,0.0,1
2364,1776086182.1060169,0.043695999920601025, 0.33811100001912564,0,0,27.8,0.0,1
2365,1776086182.1358669,0.04562799995255773, 0.35961899993708357,0,0,27.8,0.0,1
2366,1776086182.1656802,0.0400950002585887, 0.3139099999316386,0,0,27.8,0.0,1
2367,1776086182.195747,0.04171899990979, 0.3100779999840597,0,0,27.8,0.0,1
2368,1776086182.2248871,0.043899000047531445, 0.34089699965988984,0,0,27.8,0.0,1
2369,1776086182.2547133,0.05817700002808124, 0.3463120001470088,0,0,27.8,0.0,1
2370,1776086182.2845128,0.04828300006920472, 0.39674400022704503,0,0,27.8,0.0,1
2371,1776086182.3136778,0.04463499999474152, 0.3773720000026515,0,0,27.8,0.0,1
2372,1776086182.3436284,0.04874699970969232, 0.3762520000236691,0,0,27.8,0.0,1
2373,1776086182.3728938,0.04662199989979854, 0.3857289998450142,0,0,27.8,0.0,1
2374,1776086182.403003,0.05508300000656163, 0.39775599998392863,0,0,27.8,0.0,1
2375,1776086182.4326453,0.051607000386866275, 0.37649900014002924,0,0,27.8,0.0,1
2376,1776086182.462796,0.046038999698794214, 0.3640390000327898,0,0,27.8,0.0,1
2377,1776086182.4917006,0.04334599998401245, 0.3617560000748199,0,0,27.8,0.0,1
2378,1776086182.5230856,0.040129999888449674, 0.3178830002070754,0,0,27.8,0.0,1
2378,1776086182.584363,32.941491000201495, 0.32808400010253536,25,20,27.8,0.0,0
2379,1776086182.5994685,13.156045999949129, 0.296875000003638,23,0,27.8,0.0,0
2380,1776086182.635644,22.064685000259487, 0.3262850000282924,30,20,27.8,0.0,0
2381,1776086182.6596117,17.303540999819234, 0.33297599975412595,25,20,27.8,0.0,0
2382,1776086182.950315,20.79997100008768, 258.5986230001254,24,15,27.8,0.0,0
2384,1776086182.954221,0.8073049998529314, 0.2838439995684894,0,15,27.8,0.0,1
2385,1776086182.9678814,0.9988090000661032, 0.3358829999342561,0,14,27.8,0.0,1
2386,1776086182.9991274,2.2949560002416547, 0.3402830002414703,0,11,27.8,0.0,1
2387,1776086183.0318031,0.5776659995717637, 0.3309089997856063,0,0,27.8,0.0,1
2388,1776086183.0572217,0.0459070001852524, 0.34657800006243633,0,0,27.8,0.0,1
2389,1776086183.0873158,0.04354900011094287, 0.32992699971146067,0,0,27.8,0.0,1
2390,1776086183.1162207,0.042796999878191855, 0.34704699965004693,0,0,27.8,0.0,1
2391,1776086183.1459377,0.044408000121620717, 0.344312000379432,0,0,27.8,0.0,1
2392,1776086183.1758864,0.045121999846742256, 0.34518600023147883,0,0,27.8,0.0,1
2393,1776086183.2052894,0.043400999857112765, 0.33765600028345943,0,0,27.8,0.0,1
2394,1776086183.2351017,0.045094000142853474, 0.34445000028426875,0,0,27.8,0.0,1
2395,1776086183.2648396,0.044269000227359356, 0.3504040000734676,0,0,27.8,0.0,1
2396,1776086183.2945187,0.0438080001003982, 0.36427299983188277,0,0,27.8,0.0,1
2397,1776086183.324736,0.060179999763931846, 0.3378540000085195,0,0,27.8,0.0,1
2398,1776086183.3539274,0.04526800012172316, 0.34180900001956616,0,0,27.8,0.0,1
2399,1776086183.383977,0.04763900005855248, 0.3884929997184372,0,0,27.8,0.0,1
2400,1776086183.415124,0.040810999962559436, 0.32594799995422363,0,0,27.8,0.0,1
2401,1776086183.443314,0.04646199977287324, 0.3789689999393886,0,0,27.8,0.0,1
2402,1776086183.4731686,0.04685600015363889, 0.3765960000237101,0,0,27.8,0.0,1
2403,1776086183.5026314,0.04561500009003794, 0.36196699966239976,0,0,27.8,0.0,1
2404,1776086183.5317621,0.044470999910117825, 0.34241999992445926,0,0,27.8,0.0,1
2405,1776086183.5614865,0.04587600005834247, 0.4177509999863105,0,0,27.8,0.0,1
2406,1776086183.5912268,0.04664600010073627, 0.3896399998666311,0,0,27.8,0.0,1
2407,1776086183.620819,0.04276199979358353, 0.3405749998819374,0,0,27.8,0.0,1
2408,1776086183.6510973,0.04365600034361705, 0.34094299962816876,0,0,27.8,0.0,1
2409,1776086183.6815343,0.042824999582080636, 0.33732000019881525,0,0,27.8,0.0,1
2410,1776086183.7108924,0.045667999984289054, 0.3427800002100412,0,0,27.8,0.0,1
2411,1776086183.74026,0.044411000089894515, 0.3390299998500268,0,0,27.8,0.0,1
2412,1776086183.7699838,0.04553400003715069, 0.34501800018915674,0,0,27.8,0.0,1
2413,1776086183.800101,0.051593000080174534, 0.38694800014127395,0,0,27.8,0.0,1
2414,1776086183.8298674,0.04877599985775305, 0.3808999999819207,0,0,27.8,0.0,1
2415,1776086183.8594847,0.049686000238580164, 0.37732800001322175,0,0,27.8,0.0,1
2416,1776086183.8889873,0.04595000018525752, 0.34164299995609326,0,0,27.8,0.0,1
2417,1776086183.9191124,0.04533800029093982, 0.34432999973432743,0,0,27.8,0.0,1
2417,1776086183.982596,34.10669200002303, 0.33994299974438036,24,20,27.8,0.0,0
2418,1776086183.9982939,13.805237000269699, 0.2773240003079991,21,0,27.8,0.0,0
2419,1776086184.0289173,19.40127099987876, 0.31071800003701355,17,17,27.8,0.0,0
2420,1776086184.0541496,17.481999999745312, 0.3243310002289945,28,20,27.8,0.0,0
2421,1776086184.347437,21.74484700026369, 258.6875880001571,22,12,27.8,0.0,0
2423,1776086184.3520741,0.7445969999935187, 0.17901499995787162,0,12,27.8,0.0,1
2424,1776086184.3644953,0.7191210002019943, 0.3510159999677853,0,8,27.8,0.0,1
2425,1776086184.3949196,0.6449849997807178, 0.3550259998519323,0,8,27.8,0.0,1
2426,1776086184.4258764,2.017152000007627, 0.38181499985512346,0,0,27.8,0.0,1
2427,1776086184.4583156,0.03779500002565328, 0.27402400019127526,0,0,27.8,0.0,1
2428,1776086184.4831676,0.04488000013225246, 0.3505360000417568,0,0,27.8,0.0,1
2429,1776086184.5132594,0.046008000026631635, 0.3439440001784533,0,0,27.8,0.0,1
2430,1776086184.5430365,0.04894499988949974, 0.3810090001934441,0,0,27.8,0.0,1
2431,1776086184.572464,0.04908900018563145, 0.3734790002454247,0,0,27.8,0.0,1
2432,1776086184.6039603,0.04126600015297299, 0.3149499998471583,0,0,27.8,0.0,1
2433,1776086184.6320956,0.046550000206480036, 0.37691300030928687,0,0,27.8,0.0,1
2434,1776086184.6617382,0.06298000016613514, 0.34376599978713784,0,0,27.8,0.0,1
2435,1776086184.6910956,0.04393400013213977, 0.338817999818275,0,0,27.8,0.0,1
2436,1776086184.7209327,0.04617400009010453, 0.3386799999134382,0,0,27.8,0.0,1
2437,1776086184.7510674,0.048705000153859146, 0.37903900010860525,0,0,27.8,0.0,1
2438,1776086184.7806385,0.05360899967854493, 0.3616469998632965,0,0,27.8,0.0,1
2439,1776086184.8099606,0.04359900003692019, 0.3429509997658897,0,0,27.8,0.0,1
2440,1776086184.8402257,0.048584000069240574, 0.34336899989284575,0,0,27.8,0.0,1
2441,1776086184.8706663,0.04582800011121435, 0.3579899998840119,0,0,27.8,0.0,1
2442,1776086184.899102,0.045730000238108914, 0.33656499999779044,0,0,27.8,0.0,1
2443,1776086184.9289217,0.0463749997834384, 0.3390909996596747,0,0,27.8,0.0,1
2444,1776086184.9590585,0.050475000080041355, 0.3854339997815259,0,0,27.8,0.0,1
2445,1776086184.9883401,0.04550599987851456, 0.3433980000409065,0,0,27.8,0.0,1
2446,1776086185.0184035,0.05049700030212989, 0.38230900008784374,0,0,27.8,0.0,1
2447,1776086185.0480642,0.04987500005881884, 0.3840950002995669,0,0,27.8,0.0,1
2448,1776086185.0777266,0.044193000121595105, 0.352943000052619,0,0,27.8,0.0,1
2449,1776086185.1074183,0.04347100002632942, 0.34528700007285806,0,0,27.8,0.0,1
2450,1776086185.1368837,0.048242000048048794, 0.33563399983904674,0,0,27.8,0.0,1
2451,1776086185.1670084,0.04829599993172451, 0.3807090001828328,0,0,27.8,0.0,1
2452,1776086185.1980386,0.04150299992033979, 0.3171970001858426,0,0,27.8,0.0,1
2453,1776086185.2260082,0.04156800014243345, 0.3426959997341328,0,0,27.8,0.0,1
2454,1776086185.255254,0.04665599999498227, 0.38209100011954433,0,0,27.8,0.0,1
2455,1776086185.2850764,0.050256000122317346, 0.43233299993516994,0,0,27.8,0.0,1
2456,1776086185.3151817,0.04923100004816661, 0.37948399995002546,0,0,27.8,0.0,1
2456,1776086185.379025,34.62664300013785, 0.3241409999645839,20,20,27.8,0.0,0
2457,1776086185.4152288,21.83115700017879, 0.2922060002674698,17,0,27.8,0.0,0
2458,1776086185.4305923,13.574619999872084, 0.3035659997294715,15,15,27.8,0.0,0
2459,1776086185.4471953,12.836050000260002, 0.3304570000182139,21,20,27.8,0.0,0
2460,1776086185.742143,22.12624899993898, 257.40943900018465,24,10,27.8,0.0,0
2462,1776086185.7463396,0.360041000021738, 0.1802340002541314,0,10,27.8,0.0,1
2463,1776086185.762167,0.6507319999400352, 0.31670199996369774,0,9,27.8,0.0,1
2464,1776086185.7927556,2.139229000022169, 0.30567200019504526,0,9,27.8,0.0,1
2465,1776086185.8253932,0.47983900003600866, 0.3392139997231425,0,0,27.8,0.0,1
2466,1776086185.8499975,0.043368999740778236, 0.3438509997977235,0,0,27.8,0.0,1
2467,1776086185.8798423,0.04559700028039515, 0.34224899991386337,0,0,27.8,0.0,1
2468,1776086185.9100168,0.048720999984652735, 0.3760700001294026,0,0,27.8,0.0,1
2469,1776086185.9395068,0.046533999920939095, 0.3747209998437029,0,0,27.8,0.0,1
2470,1776086185.969308,0.04456199985725107, 0.3382669997336052,0,0,27.8,0.0,1
2471,1776086185.9995656,0.05120900004840223, 0.373414000023331,0,0,27.8,0.0,1
2472,1776086186.0282154,0.044221999814908486, 0.3428509999139351,0,0,27.8,0.0,1
2473,1776086186.0584223,0.0519599998369813, 0.3810210000665393,0,0,27.8,0.0,1
2474,1776086186.0897076,0.05617199985863408, 0.31271299985746737,0,0,27.8,0.0,1
2475,1776086186.1173065,0.04465400024855626, 0.33963800024139346,0,0,27.8,0.0,1
2476,1776086186.1471791,0.04680599977291422, 0.33850399995571934,0,0,27.8,0.0,1
2477,1776086186.1773045,0.05097699977341108, 0.37524599974858575,0,0,27.8,0.0,1
2478,1776086186.2067847,0.043479999931150815, 0.3441690000727249,0,0,27.8,0.0,1
2479,1776086186.2362611,0.045775999751640484, 0.3301639999335748,0,0,27.8,0.0,1
2480,1776086186.266474,0.047603999973944155, 0.3801349998866499,0,0,27.8,0.0,1
2481,1776086186.2962034,0.05085000020699226, 0.38003400004527066,0,0,27.8,0.0,1
2482,1776086186.325648,0.050967999868589686, 0.35934600009568385,0,0,27.8,0.0,1
2483,1776086186.3560367,0.046702999952685786, 0.3696610001497902,0,0,27.8,0.0,1
2484,1776086186.3844547,0.04709899985755328, 0.4186670003036852,0,0,27.8,0.0,1
2485,1776086186.414471,0.04892000015388476, 0.3867119999085844,0,0,27.8,0.0,1
2486,1776086186.444528,0.04746900003738119, 0.3715510001711664,0,0,27.8,0.0,1
2487,1776086186.4744167,0.048584000069240574, 0.38503399991896003,0,0,27.8,0.0,1
2488,1776086186.5038624,0.045992000195838045, 0.33868400032588397,0,0,27.8,0.0,1
2489,1776086186.5336719,0.04570300006889738, 0.3560089999155025,0,0,27.8,0.0,1
2490,1776086186.5635855,0.05096599988974049, 0.3841689999717346,0,0,27.8,0.0,1
2491,1776086186.59367,0.043740999899455346, 0.3575450000425917,0,0,27.8,0.0,1
2492,1776086186.6227522,0.06189200030348729, 0.3416510003262374,0,0,27.8,0.0,1
2493,1776086186.6522472,0.04509000018515508, 0.34279700003025937,0,0,27.8,0.0,1
2494,1776086186.6835632,0.03790100026890286, 0.31404099991050316,0,0,27.8,0.0,1
2495,1776086186.7120965,0.04844899967793026, 0.38099199991847854,0,0,27.8,0.0,1
2495,1776086186.7762928,34.422462999827985, 0.320218999604549,31,20,27.8,0.0,0
2496,1776086186.828367,24.229105999893363, 0.3025519999937387,49,0,27.8,0.0,0
2497,1776086186.8493962,17.894662999879074, 0.3352700000505138,27,20,27.8,0.0,0
2498,1776086186.8792484,19.172964000063075, 0.3187120000802679,23,20,27.8,0.0,0
2499,1776086187.167291,19.429300999945553, 258.79301900022256,26,19,27.8,0.0,0
2501,1776086187.173774,1.07401499963089, 0.18835099990610615,0,19,27.8,0.0,1
2502,1776086187.188497,1.077999999779422, 0.3872889997182938,0,10,27.8,0.0,1
2503,1776086187.2180588,0.6902649997755361, 0.32920900002864073,0,8,27.8,0.0,1
2504,1776086187.248898,2.0714449997285556, 0.37441999984366703,0,0,27.8,0.0,1
2505,1776086187.280862,0.03492699988782988, 0.2650699998412165,0,0,27.8,0.0,1
2506,1776086187.306393,0.04868399992119521, 0.3858909999507887,0,0,27.8,0.0,1
2507,1776086187.335384,0.052275000143708894, 0.4294820000723121,0,0,27.8,0.0,1
2508,1776086187.3651023,0.047606999942217954, 0.3841270004159014,0,0,27.8,0.0,1
2509,1776086187.3946908,0.04256700003679725, 0.36642700024458463,0,0,27.8,0.0,1
2510,1776086187.424485,0.04660600006900495, 0.3782479998335475,0,0,27.8,0.0,1
2511,1776086187.4552739,0.05228400004853029, 0.4045720002068265,0,0,27.8,0.0,1
2512,1776086187.4842463,0.04442199997356511, 0.34349500037933467,0,0,27.8,0.0,1
2513,1776086187.514111,0.045742000111204106, 0.33801599965954665,0,0,27.8,0.0,1
2514,1776086187.5450113,0.044969000100536505, 0.36401099987415364,0,0,27.8,0.0,1
2515,1776086187.5751863,0.04256900001564645, 0.31148900006883196,0,0,27.8,0.0,1
2516,1776086187.6032052,0.043926999751420226, 0.34021400006167823,0,0,27.8,0.0,1
2517,1776086187.6329951,0.04444499973033089, 0.34212500031571835,0,0,27.8,0.0,1
2518,1776086187.6628702,0.048396000238426495, 0.3408460001992353,0,0,27.8,0.0,1
2519,1776086187.6925921,0.043032000121456804, 0.36050400012754835,0,0,27.8,0.0,1
2520,1776086187.7222805,0.045262000185175566, 0.33407299997634254,0,0,27.8,0.0,1
2521,1776086187.7522488,0.04746900003738119, 0.38424200010922505,0,0,27.8,0.0,1
2522,1776086187.7824802,0.046843999825796345, 0.37418200008687563,0,0,27.8,0.0,1
2523,1776086187.811886,0.04499499982557609, 0.3380279999873892,0,0,27.8,0.0,1
2524,1776086187.8411093,0.04634199967767927, 0.3365049997228198,0,0,27.8,0.0,1
2525,1776086187.8707988,0.04407899996294873, 0.33257799987040926,0,0,27.8,0.0,1
2526,1776086187.9003167,0.04562499998428393, 0.3335910000714648,0,0,27.8,0.0,1
2527,1776086187.9303787,0.04904100023850333, 0.38346800010913284,0,0,27.8,0.0,1
2528,1776086187.9599557,0.04640099996322533, 0.33677600004011765,0,0,27.8,0.0,1
2529,1776086187.9898105,0.04530100022748229, 0.33783899971240317,0,0,27.8,0.0,1
2530,1776086188.0196564,0.05318199964676751, 0.36355400015963824,0,0,27.8,0.0,1
2531,1776086188.0490904,0.04321899996284628, 0.34824699969249195,0,0,27.8,0.0,1
2532,1776086188.0789173,0.04604699961419101, 0.348974000189628,0,0,27.8,0.0,1
2533,1776086188.1086423,0.0506319997839455, 0.3556669998943107,0,0,27.8,0.0,1
2534,1776086188.1387663,0.04129499984628637, 0.3061620000153198,0,0,27.8,0.0,1
2534,1776086188.2025652,32.768382000085694, 0.34066099988194765,24,20,27.8,0.0,0
2535,1776086188.2559242,23.82281200016223, 0.28930200005561346,25,0,27.8,0.0,0
2536,1776086188.2790325,18.841524999970716, 0.33021899980667513,27,20,27.8,0.0,0
2537,1776086188.3086889,19.769728000028408, 0.32395099970017327,23,20,27.8,0.0,0
2538,1776086188.5894887,17.233231000318483, 256.913792999967,26,14,27.8,0.0,0
2540,1776086188.5939095,0.8090790001915593, 0.288576999992074,0,14,27.8,0.0,1
2541,1776086188.6141028,0.862279000102717, 0.343798999892897,0,11,27.8,0.0,1
2542,1776086188.645235,2.086568000322586, 0.32040799987953505,0,9,27.8,0.0,1
2543,1776086188.6776295,0.4949460003444983, 0.32480900017617387,0,0,27.8,0.0,1
2544,1776086188.7032154,0.04660000013245735, 0.34444600032657036,0,0,27.8,0.0,1
2545,1776086188.7332828,0.04366999974081409, 0.3532599998834485,0,0,27.8,0.0,1
2546,1776086188.7620773,0.04418499975145096, 0.3444919998401019,0,0,27.8,0.0,1
2547,1776086188.7920187,0.04572400030156132, 0.34078900034728576,0,0,27.8,0.0,1
2548,1776086188.8221796,0.051093999900331255, 0.37579499985440634,0,0,27.8,0.0,1
2549,1776086188.8515646,0.047031000121933175, 0.36776399974769447,0,0,27.8,0.0,1
2550,1776086188.8810475,0.0423379997300799, 0.3394509999452566,0,0,27.8,0.0,1
2551,1776086188.9109416,0.0449760000265087, 0.3374340003574616,0,0,27.8,0.0,1
2552,1776086188.9404094,0.045791000047756825, 0.3450399999564979,0,0,27.8,0.0,1
2553,1776086188.9704437,0.04358299975137925, 0.3560099999049271,0,0,27.8,0.0,1
2554,1776086189.0000174,0.04466700011107605, 0.344007999956375,0,0,27.8,0.0,1
2555,1776086189.029736,0.06386599989127717, 0.3407389999665611,0,0,27.8,0.0,1
2556,1776086189.0610638,0.041243999930884456, 0.3128430003016547,0,0,27.8,0.0,1
2557,1776086189.0889127,0.04610599989973707, 0.3382579998287838,0,0,27.8,0.0,1
2558,1776086189.1188424,0.04242099976181635, 0.3411580000829417,0,0,27.8,0.0,1
2559,1776086189.1483102,0.04543000022749766, 0.334802999987005,0,0,27.8,0.0,1
2560,1776086189.178258,0.045593999857374, 0.342911999723583,0,0,27.8,0.0,1
2561,1776086189.2079203,0.04229500018482213, 0.3521240000736725,0,0,27.8,0.0,1
2562,1776086189.2377636,0.04311300017434405, 0.3492390001156309,0,0,27.8,0.0,1
2563,1776086189.2671533,0.04695600000559352, 0.33751000000847853,0,0,27.8,0.0,1
2564,1776086189.2974074,0.04533600031209062, 0.348101999861683,0,0,27.8,0.0,1
2565,1776086189.3274767,0.04225100019539241, 0.35032899995712796,0,0,27.8,0.0,1
2566,1776086189.3566544,0.0488539999423665, 0.3648599999905855,0,0,27.8,0.0,1
2567,1776086189.3860712,0.04455499993127887, 0.33789000008255243,0,0,27.8,0.0,1
2568,1776086189.416071,0.049139999646286014, 0.3717780000442872,0,0,27.8,0.0,1
2569,1776086189.4457016,0.04225100019539241, 0.3677839999909338,0,0,27.8,0.0,1
2570,1776086189.4756048,0.053047000164951896, 0.36295599966251757,0,0,27.8,0.0,1
2571,1776086189.504997,0.04499000033320044, 0.3405380002732272,0,0,27.8,0.0,1
2572,1776086189.5349393,0.04396299982545315, 0.3495999999358901,0,0,27.8,0.0,1
2573,1776086189.5653389,0.04899699979432626, 0.3729740001290338,0,0,27.8,0.0,1
2573,1776086189.6253662,31.32032200028334, 0.2927630002886872,15,15,27.8,0.0,0
2574,1776086189.6422803,14.656794000075024, 0.25899999991452205,17,0,27.8,0.0,0
2575,1776086189.6785333,21.49534099999073, 0.32643999975334737,18,18,27.8,0.0,0
2576,1776086189.7011023,16.170405000139, 0.3405150000617141,14,20,27.8,0.0,0
2577,1776086189.9921377,20.44773899979191, 258.7211710001611,19,13,27.8,0.0,0
2579,1776086189.9969842,0.7964270002958074, 0.18761999990601907,0,13,27.8,0.0,1
2580,1776086190.0108624,0.8231440001509327, 0.3679120000015246,0,8,27.8,0.0,1
2581,1776086190.0405128,0.6026490000294871, 0.33298599964837194,0,8,27.8,0.0,1
2582,1776086190.071841,2.1099789996696927, 0.3838860002360889,0,0,27.8,0.0,1
2583,1776086190.103844,0.03562699976100703, 0.25849200028460473,0,0,27.8,0.0,1
2584,1776086190.1290934,0.04708799997388269, 0.3393729998606432,0,0,27.8,0.0,1
2585,1776086190.1591945,0.04671599981520558, 0.3441670000938757,0,0,27.8,0.0,1
2586,1776086190.1887047,0.044488999719760614, 0.3637009999692964,0,0,27.8,0.0,1
2587,1776086190.218152,0.04763000015373109, 0.3356059996804106,0,0,27.8,0.0,1
2588,1776086190.2494762,0.040178000290325144, 0.3210589998161595,0,0,27.8,0.0,1
2589,1776086190.277749,0.060164999922562856, 0.34717200014711125,0,0,27.8,0.0,1
2590,1776086190.307174,0.04266099995220429, 0.33598500021980726,0,0,27.8,0.0,1
2591,1776086190.3372304,0.0502479997521732, 0.38386699998227414,0,0,27.8,0.0,1
2592,1776086190.366993,0.04525799977272982, 0.3443840000727505,0,0,27.8,0.0,1
2593,1776086190.3969865,0.0483850003547559, 0.3851460000987572,0,0,27.8,0.0,1
2594,1776086190.4259405,0.045558999772765674, 0.3714609997587104,0,0,27.8,0.0,1
2595,1776086190.4554632,0.04973400018570828, 0.4014369997094036,0,0,27.8,0.0,1
2596,1776086190.4858577,0.04751699998450931, 0.3397469999981695,0,0,27.8,0.0,1
2597,1776086190.5156152,0.040303000332642114, 0.3340209996167687,0,0,27.8,0.0,1
2598,1776086190.545068,0.04197199996269774, 0.34454399974492844,0,0,27.8,0.0,1
2599,1776086190.5748138,0.04717799993159133, 0.34493499970267294,0,0,27.8,0.0,1
2600,1776086190.6047266,0.059965000218653586, 0.3440460000092571,0,0,27.8,0.0,1
2601,1776086190.6341836,0.041992000205937074, 0.34008000011453987,0,0,27.8,0.0,1
2602,1776086190.663931,0.04698900011135265, 0.3362639999977546,0,0,27.8,0.0,1
2603,1776086190.6937997,0.04639200005840394, 0.33957199957512785,0,0,27.8,0.0,1
2604,1776086190.7236884,0.04358099977253005, 0.36371100031828973,0,0,27.8,0.0,1
2605,1776086190.753695,0.044597999931283994, 0.3646579998530797,0,0,27.8,0.0,1
2606,1776086190.7828119,0.04370099986772402, 0.33869800017782836,0,0,27.8,0.0,1
2607,1776086190.8126588,0.046255000142991776, 0.36281999973653,0,0,27.8,0.0,1
2608,1776086190.8436584,0.03915000024790061, 0.31071900002643815,0,0,27.8,0.0,1
2609,1776086190.871892,0.04778599986821064, 0.3360820001034881,0,0,27.8,0.0,1
2610,1776086190.901837,0.04453700012163608, 0.3455589999248332,0,0,27.8,0.0,1
2611,1776086190.9315426,0.04739099995276774, 0.38561800010938896,0,0,27.8,0.0,1
2612,1776086190.9610813,0.04682500002672896, 0.34105799977623974,0,0,27.8,0.0,1
2612,1776086191.0237389,32.73671600027228, 0.3383510002095136,28,20,27.8,0.0,0
2613,1776086191.069538,23.228848000144353, 0.29511399998227716,22,0,27.8,0.0,0
2614,1776086191.0868368,15.480218999982753, 0.3270439997322683,25,20,27.8,0.0,0
2615,1776086191.101624,12.807075999717199, 0.3373199997440679,29,20,27.8,0.0,0
2616,1776086191.38259,14.28212100017845, 258.37789100023656,27,15,27.8,0.0,0
2618,1776086191.3872914,0.8223300001191092, 0.284906000160845,0,15,27.8,0.0,1
2619,1776086191.4083703,0.8941219998632732, 0.323207999826991,0,14,27.8,0.0,1
2620,1776086191.4387586,2.2257600003285916, 0.320992000069964,0,12,27.8,0.0,1
2621,1776086191.470911,0.6044110000402725, 0.3339489999234502,0,0,27.8,0.0,1
2622,1776086191.495953,0.04297600025893189, 0.33544799998708186,0,0,27.8,0.0,1
2623,1776086191.5259287,0.046003999614185886, 0.33969500009334297,0,0,27.8,0.0,1
2624,1776086191.5552247,0.042751999899337534, 0.33290200008195825,0,0,27.8,0.0,1
2625,1776086191.5850847,0.04426599980433821, 0.3421060000619036,0,0,27.8,0.0,1
2626,1776086191.6150362,0.04554699989967048, 0.34162900010414887,0,0,27.8,0.0,1
2627,1776086191.6450186,0.04228199986755499, 0.3476980000414187,0,0,27.8,0.0,1
2628,1776086191.6740718,0.045943999793962575, 0.3382920003787149,0,0,27.8,0.0,1
2629,1776086191.7040238,0.04390399999465444, 0.34182099989266135,0,0,27.8,0.0,1
2630,1776086191.735262,0.041553999835741706, 0.3148880000480858,0,0,27.8,0.0,1
2631,1776086191.7632115,0.04347399999460322, 0.33694100011416594,0,0,27.8,0.0,1
2632,1776086191.7934418,0.0471499997729552, 0.38181799982339726,0,0,27.8,0.0,1
2633,1776086191.8230424,0.05003600017516874, 0.3770210000766383,0,0,27.8,0.0,1
2634,1776086191.8530521,0.047076000100787496, 0.40288000036525773,0,0,27.8,0.0,1
2635,1776086191.8822334,0.04399799991006148, 0.34057300035783555,0,0,27.8,0.0,1
2636,1776086191.9123325,0.048627000069245696, 0.3618629998527467,0,0,27.8,0.0,1
2637,1776086191.941631,0.048083999899972696, 0.35754399959841976,0,0,27.8,0.0,1
2638,1776086191.9713311,0.0445910000053118, 0.33311100014543626,0,0,27.8,0.0,1
2639,1776086192.0021138,0.04579500000545522, 0.3582720000849804,0,0,27.8,0.0,1
2640,1776086192.030911,0.04500599970924668, 0.34008100010396447,0,0,27.8,0.0,1
2641,1776086192.0604515,0.049498999942443334, 0.36658800036093453,0,0,27.8,0.0,1
2642,1776086192.0896459,0.042318000396335265, 0.3609120003602584,0,0,27.8,0.0,1
2643,1776086192.1193976,0.04415900002641138, 0.381060000108846,0,0,27.8,0.0,1
2644,1776086192.149232,0.046721999751753174, 0.3830119999292947,0,0,27.8,0.0,1
2645,1776086192.1795816,0.06503300028271042, 0.4331580003054114,0,0,27.8,0.0,1
2646,1776086192.209184,0.04527299961409881, 0.34137300008296734,0,0,27.8,0.0,1
2647,1776086192.2392201,0.04478599976209807, 0.34448699989297893,0,0,27.8,0.0,1
2648,1776086192.2687762,0.04285400018488872, 0.341153999670496,0,0,27.8,0.0,1
2649,1776086192.298178,0.04298700014260248, 0.3418979999878502,0,0,27.8,0.0,1
2650,1776086192.3298755,0.04131800005779951, 0.3159480002068449,0,0,27.8,0.0,1
2651,1776086192.3580241,0.045838000005460344, 0.34687499965002644,0,0,27.8,0.0,1
2651,1776086192.4204974,33.313203000034264, 0.34373100015727687,34,20,27.8,0.0,0
2652,1776086192.4598145,22.21591100033038, 0.2616199999465607,30,0,27.8,0.0,0
2653,1776086192.4762623,14.776698999867222, 0.32388699992225156,28,20,27.8,0.0,0
2654,1776086192.4918702,12.825274999613612, 0.32170900021810667,29,20,27.8,0.0,0
2655,1776086192.7858417,21.055105999948864, 258.32204800008185,34,15,27.8,0.0,0
2657,1776086192.7901545,0.532271000338369, 0.17899100021168124,0,15,27.8,0.0,1
2658,1776086192.8041384,0.8993699998427473, 0.347076000252855,0,11,27.8,0.0,1
2659,1776086192.8341591,0.7213909998426971, 0.31889700039755553,0,11,27.8,0.0,1
2660,1776086192.8650498,2.177458000005572, 0.4098790000170993,0,0,27.8,0.0,1
2661,1776086192.8969147,0.03541000023687957, 0.2620079999360314,0,0,27.8,0.0,1
2662,1776086192.92346,0.04097800001545693, 0.3160179999213142,0,0,27.8,0.0,1
2663,1776086192.951496,0.047605999952793354, 0.3876999999192776,0,0,27.8,0.0,1
2664,1776086192.9825134,0.059888000123464735, 0.45920200000182376,0,0,27.8,0.0,1
2665,1776086193.0112278,0.04727299983642297, 0.33943500011446304,0,0,27.8,0.0,1
2666,1776086193.041093,0.043170000026293565, 0.3430010001466144,0,0,27.8,0.0,1
2667,1776086193.0712204,0.046178000047802925, 0.37782700019306503,0,0,27.8,0.0,1
2668,1776086193.1006472,0.04511999986789306, 0.3583160000744101,0,0,27.8,0.0,1
2669,1776086193.1307738,0.045014000079390826, 0.3407270000934659,0,0,27.8,0.0,1
2670,1776086193.1603968,0.04487900014282786, 0.3583409998100251,0,0,27.8,0.0,1
2671,1776086193.190504,0.046239999846875435, 0.3364240001246799,0,0,27.8,0.0,1
2672,1776086193.2193086,0.044473999878391623, 0.3366380001352809,0,0,27.8,0.0,1
2673,1776086193.2490613,0.04347300000517862, 0.3392970002096263,0,0,27.8,0.0,1
2674,1776086193.2788877,0.047976000132621266, 0.34136400017814594,0,0,27.8,0.0,1
2675,1776086193.3087904,0.0507110003127309, 0.343779000104405,0,0,27.8,0.0,1
2676,1776086193.3382246,0.043402000301284716, 0.34307100031583104,0,0,27.8,0.0,1
2677,1776086193.3679433,0.04636099993149401, 0.3436140000303567,0,0,27.8,0.0,1
2678,1776086193.3979797,0.04377100003694068, 0.3558049997991475,0,0,27.8,0.0,1
2679,1776086193.4276187,0.047690999963379, 0.3325290003886039,0,0,27.8,0.0,1
2680,1776086193.4571323,0.04252799999449053, 0.3421779997552221,0,0,27.8,0.0,1
2681,1776086193.487219,0.05085100019641686, 0.37619999966409523,0,0,27.8,0.0,1
2682,1776086193.5180514,0.02679999988686177, 0.18950899993797066,0,0,27.8,0.0,1
2683,1776086193.5461466,0.04262200036464492, 0.34044999983962043,0,0,27.8,0.0,1
2684,1776086193.5759647,0.044145000174466986, 0.34203399991383776,0,0,27.8,0.0,1
2685,1776086193.6058264,0.04595399968820857, 0.34530799985077465,0,0,27.8,0.0,1
2686,1776086193.6357057,0.05914900020798086, 0.34051799957524054,0,0,27.8,0.0,1
2687,1776086193.6652339,0.04394200004753657, 0.34062300028381287,0,0,27.8,0.0,1
2688,1776086193.6948771,0.04450999995242455, 0.3476830002000497,0,0,27.8,0.0,1
2689,1776086193.7249274,0.04737800009024795, 0.3349399999024172,0,0,27.8,0.0,1
2690,1776086193.7546403,0.04231000002619112, 0.32918200031417655,0,0,27.8,0.0,1
2690,1776086193.8167877,32.1658610000668, 0.3063280000787927,17,17,27.8,0.0,0
2691,1776086193.8325455,13.860124000075302, 0.2824080002028495,20,0,27.8,0.0,0
2692,1776086193.8651366,20.673868999892875, 0.3313489996799035,19,19,27.8,0.0,0
2693,1776086193.892899,19.226611999783927, 0.3285160000814358,24,20,27.8,0.0,0
2694,1776086194.1792312,19.33730100017783, 257.6651300000776,19,15,27.8,0.0,0
2696,1776086194.1837924,0.856983999710792, 0.25026599996635923,0,15,27.8,0.0,1
2697,1776086194.200843,0.9170909997919807, 0.31590200023856596,0,14,27.8,0.0,1
2698,1776086194.2321486,2.3368160000245553, 0.3331900002194743,0,12,27.8,0.0,1
2699,1776086194.2649975,0.6383029999597056, 0.3469329999461479,0,0,27.8,0.0,1
2700,1776086194.2894983,0.048424999931739876, 0.37942500011922675,0,0,27.8,0.0,1
2701,1776086194.319288,0.04530199976215954, 0.34078900034728576,0,0,27.8,0.0,1
2702,1776086194.3487508,0.06269599998631747, 0.34784299987222767,0,0,27.8,0.0,1
2703,1776086194.3781536,0.04189099990981049, 0.3425119998610171,0,0,27.8,0.0,1
2704,1776086194.4095836,0.0445860000581888, 0.30569399996238644,0,0,27.8,0.0,1
2705,1776086194.4377851,0.04307300014261273, 0.3513110000312736,0,0,27.8,0.0,1
2706,1776086194.4680505,0.050286999794479925, 0.37787900009789155,0,0,27.8,0.0,1
2707,1776086194.4974914,0.04820300000574207, 0.37482300012925407,0,0,27.8,0.0,1
2708,1776086194.5273826,0.04626600002666237, 0.39425400018444634,0,0,27.8,0.0,1
2709,1776086194.5567331,0.062398999943980016, 0.34715000037977006,0,0,27.8,0.0,1
2710,1776086194.586197,0.04356099998403806, 0.3422419999878912,0,0,27.8,0.0,1
2711,1776086194.6159947,0.042874999962805305, 0.33365700028298306,0,0,27.8,0.0,1
2712,1776086194.6462877,0.04216600018480676, 0.3339580002830189,0,0,27.8,0.0,1
2713,1776086194.6762831,0.044721999984176364, 0.34314499998799874,0,0,27.8,0.0,1
2714,1776086194.7051992,0.04356499994173646, 0.3428330001042923,0,0,27.8,0.0,1
2715,1776086194.7353997,0.047108999751799274, 0.38544800008821767,0,0,27.8,0.0,1
2716,1776086194.7647996,0.04305400034354534, 0.34523700014688075,0,0,27.8,0.0,1
2717,1776086194.7942123,0.0461360000372224, 0.33337299964841804,0,0,27.8,0.0,1
2718,1776086194.824171,0.044146000163891586, 0.34312200023123296,0,0,27.8,0.0,1
2719,1776086194.8538494,0.04462500010049553, 0.3435199996602023,0,0,27.8,0.0,1
2720,1776086194.8841496,0.04872999988947413, 0.3865629996653297,0,0,27.8,0.0,1
2721,1776086194.9134517,0.043543000174395274, 0.34235600014653755,0,0,27.8,0.0,1
2722,1776086194.942984,0.042560999645502307, 0.34602300002006814,0,0,27.8,0.0,1
2723,1776086194.973076,0.05043800001658383, 0.3778729997065966,0,0,27.8,0.0,1
2724,1776086195.004122,0.04138199983572122, 0.32168000007004593,0,0,27.8,0.0,1
2725,1776086195.0324223,0.0485409996144881, 0.3845470000669593,0,0,27.8,0.0,1
2726,1776086195.0618932,0.0449789999947825, 0.3365190000295115,0,0,27.8,0.0,1
2727,1776086195.0916848,0.046178000047802925, 0.3616349999902013,0,0,27.8,0.0,1
2728,1776086195.1220715,0.05128400016474188, 0.3798410002673336,0,0,27.8,0.0,1
2729,1776086195.1509428,0.04104900017409818, 0.34677600024224375,0,0,27.8,0.0,1
2729,1776086195.214252,33.458019999670796, 0.2878469999814115,15,15,27.8,0.0,0
2730,1776086195.254187,22.48447000010856, 0.27852299990627216,16,0,27.8,0.0,0
2731,1776086195.270028,14.054452999971545, 0.3098649999628833,18,18,27.8,0.0,0
2732,1776086195.2849464,12.77820499990412, 0.3282599996055069,21,20,27.8,0.0,0
2733,1776086195.5745351,18.241364000004978, 257.45378500005245,26,14,27.8,0.0,0
2735,1776086195.5789633,0.8020370000849653, 0.28161799991721637,0,14,27.8,0.0,1
2736,1776086195.59901,0.7922660001895565, 0.3108189998783928,0,12,27.8,0.0,1
2737,1776086195.6273115,0.8278650002466748, 0.34874199991463684,0,12,27.8,0.0,1
2738,1776086195.6583185,2.1880680001231667, 0.41037999972104444,0,0,27.8,0.0,1
2739,1776086195.6905262,0.041895999856933486, 0.2735909997682029,0,0,27.8,0.0,1
2740,1776086195.7157228,0.05697000005966402, 0.3370720000930305,0,0,27.8,0.0,1
2741,1776086195.7455168,0.04657499994209502, 0.38199599975996534,0,0,27.8,0.0,1
2742,1776086195.7754135,0.05037599976276397, 0.3837180001937668,0,0,27.8,0.0,1
2743,1776086195.8050263,0.048749999677966116, 0.37926599998172605,0,0,27.8,0.0,1
2744,1776086195.8350565,0.044828000227425946, 0.3444019998823933,0,0,27.8,0.0,1
2745,1776086195.8643925,0.04235500000504544, 0.34163000009357347,0,0,27.8,0.0,1
2746,1776086195.8932126,0.04765999983646907, 0.3819059998022567,0,0,27.8,0.0,1
2747,1776086195.9234736,0.052365000101417536, 0.36693699985335115,0,0,27.8,0.0,1
2748,1776086195.952852,0.05062000036559766, 0.38948100018387777,0,0,27.8,0.0,1
2749,1776086195.9829888,0.04364500000519911, 0.347076000252855,0,0,27.8,0.0,1
2750,1776086196.0122893,0.04850200002692873, 0.3899480002473865,0,0,27.8,0.0,1
2751,1776086196.042534,0.047557000016240636, 0.3674429999591666,0,0,27.8,0.0,1
2752,1776086196.0725098,0.048396000238426495, 0.3816999997070525,0,0,27.8,0.0,1
2753,1776086196.1021855,0.04193199993096641, 0.34725399973467574,0,0,27.8,0.0,1
2754,1776086196.131676,0.045027999931335216, 0.36073199999009375,0,0,27.8,0.0,1
2755,1776086196.1611874,0.04528599993136595, 0.34419899975546286,0,0,27.8,0.0,1
2756,1776086196.192547,0.04074300022693933, 0.32136499976331834,0,0,27.8,0.0,1
2757,1776086196.2210898,0.047682000058557605, 0.3770719999920402,0,0,27.8,0.0,1
2758,1776086196.2506542,0.051729000006162096, 0.3601009998419613,0,0,27.8,0.0,1
2759,1776086196.2804406,0.048439999773108866, 0.38658099992971984,0,0,27.8,0.0,1
2760,1776086196.3102152,0.052273000164859695, 0.383609999971668,0,0,27.8,0.0,1
2761,1776086196.3392718,0.051791999794659205, 0.3888659998665389,0,0,27.8,0.0,1
2762,1776086196.369197,0.04294799964554841, 0.34435999987181276,0,0,27.8,0.0,1
2763,1776086196.3990018,0.04325800000515301, 0.33848200018837815,0,0,27.8,0.0,1
2764,1776086196.4296331,0.045358000079431804, 0.35647499998958665,0,0,27.8,0.0,1
2765,1776086196.4592166,0.04282400004740339, 0.34757000003082794,0,0,27.8,0.0,1
2766,1776086196.4880643,0.04240399994159816, 0.34751200018945383,0,0,27.8,0.0,1
2767,1776086196.5178843,0.045185000089986715, 0.3374550001353782,0,0,27.8,0.0,1
2768,1776086196.547741,0.05964799993307679, 0.34296200010430766,0,0,27.8,0.0,1
2768,1776086196.6108713,33.77319499986697, 0.32885900009205216,24,20,27.8,0.0,0
2769,1776086196.6262891,13.490890999946714, 0.2785960000437626,24,0,27.8,0.0,0
2770,1776086196.655897,19.33493200021985, 0.3388199997971242,20,20,27.8,0.0,0
2771,1776086196.6839635,18.864166000184923, 0.32483599989063805,23,20,27.8,0.0,0
2772,1776086196.9761772,21.738989000368747, 258.3267740001247,27,16,27.8,0.0,0
2774,1776086196.9812512,0.43918999972447637, 0.1713900001050206,0,16,27.8,0.0,1
2775,1776086196.9943247,0.9547350000502774, 0.3377790003469272,0,14,27.8,0.0,1
2776,1776086197.0256073,2.3893699999462115, 0.3131939997729205,0,14,27.8,0.0,1
2777,1776086197.0582144,0.6847080003353767, 0.3593750002437446,0,0,27.8,0.0,1
2778,1776086197.084112,0.04437000006873859, 0.31203800017465255,0,0,27.8,0.0,1
2779,1776086197.1120703,0.03989100014223368, 0.3358700000717363,0,0,27.8,0.0,1
2780,1776086197.1419325,0.04384900012155413, 0.34374999995634425,0,0,27.8,0.0,1
2781,1776086197.1719124,0.0482320001538028, 0.38840099978187936,0,0,27.8,0.0,1
2782,1776086197.2012033,0.044178999814903364, 0.3384379997442011,0,0,27.8,0.0,1
2783,1776086197.2310135,0.04192500000499422, 0.33946800022022217,0,0,27.8,0.0,1
2784,1776086197.2608361,0.04339600036473712, 0.33859100039990153,0,0,27.8,0.0,1
2785,1776086197.2902625,0.04461700018509873, 0.33670900029392214,0,0,27.8,0.0,1
2786,1776086197.3208928,0.04508299980443553, 0.34024200022031437,0,0,27.8,0.0,1
2787,1776086197.3505962,0.04604400010066456, 0.33097400000769994,0,0,27.8,0.0,1
2788,1776086197.3796573,0.044536000132211484, 0.35747199990510126,0,0,27.8,0.0,1
2789,1776086197.409199,0.04297300029065809, 0.33505200008221436,0,0,27.8,0.0,1
2790,1776086197.4389799,0.04517699971984257, 0.34377599968138384,0,0,27.8,0.0,1
2791,1776086197.4691272,0.046827999995002756, 0.37547399961113115,0,0,27.8,0.0,1
2792,1776086197.498262,0.04754900010084384, 0.3356380002514925,0,0,27.8,0.0,1
2793,1776086197.5280628,0.04588599995258846, 0.33513099970150506,0,0,27.8,0.0,1
2794,1776086197.558049,0.04643500005840906, 0.3432859998611093,0,0,27.8,0.0,1
2795,1776086197.5884194,0.04786199997397489, 0.3775150003093586,0,0,27.8,0.0,1
2796,1776086197.6171975,0.04291000004741363, 0.33484999994470854,0,0,27.8,0.0,1
2797,1776086197.6470392,0.04240199996274896, 0.3359299998919596,0,0,27.8,0.0,1
2798,1776086197.678321,0.04066599967700313, 0.3128049997940252,0,0,27.8,0.0,1
2799,1776086197.7062573,0.045402000068861526, 0.3375960000084888,0,0,27.8,0.0,1
2800,1776086197.7364984,0.04793500011146534, 0.3813539997281623,0,0,27.8,0.0,1
2801,1776086197.766072,0.044376999994710786, 0.34118700023100246,0,0,27.8,0.0,1
2802,1776086197.7957757,0.04384699968795758, 0.3459449999354547,0,0,27.8,0.0,1
2803,1776086197.8252323,0.047701000312372344, 0.3325550001136435,0,0,27.8,0.0,1
2804,1776086197.8552394,0.04500500017456943, 0.342872000146599,0,0,27.8,0.0,1
2805,1776086197.8848505,0.0431920002483821, 0.34274800009370665,0,0,27.8,0.0,1
2806,1776086197.915038,0.04670099997383659, 0.3422859999773209,0,0,27.8,0.0,1
2807,1776086197.944831,0.03867999976137071, 0.3140020003229438,0,0,27.8,0.0,1
2807,1776086198.007775,33.88998799982801, 0.2979189998768561,16,16,27.8,0.0,0
2808,1776086198.0232685,13.633628999741632, 0.26112199975614203,14,0,27.8,0.0,0
2809,1776086198.05594,20.827096000175516, 0.29489899998225155,15,15,27.8,0.0,0
2810,1776086198.0829868,19.19166099969516, 0.29915400000390946,15,16,27.8,0.0,0
2811,1776086198.3715715,20.354717999907734, 257.93412100028945,15,10,27.8,0.0,0
2813,1776086198.3753078,0.6245380000109435, 0.29910200009908294,0,10,27.8,0.0,1
2814,1776086198.390006,0.7253099997797108, 0.33818199972301954,0,10,27.8,0.0,1
2815,1776086198.4200857,0.7230850001178624, 0.33887400013554725,0,9,27.8,0.0,1
2816,1776086198.4510605,2.0450990000426827, 0.39549299981445074,0,0,27.8,0.0,1
2817,1776086198.48291,0.03644699972937815, 0.26208600002064486,0,0,27.8,0.0,1
2818,1776086198.5087128,0.06402300004992867, 0.3389869998500217,0,0,27.8,0.0,1
2819,1776086198.5389624,0.047215999984473456, 0.3581460000532388,0,0,27.8,0.0,1
2820,1776086198.5676425,0.04292399989935802, 0.36970499968447257,0,0,27.8,0.0,1
2821,1776086198.5977042,0.046536000354535645, 0.3859040002680558,0,0,27.8,0.0,1
2822,1776086198.6272178,0.04721400000562426, 0.3908570001840417,0,0,27.8,0.0,1
2823,1776086198.6567383,0.06000599978506216, 0.3409109999665816,0,0,27.8,0.0,1
2824,1776086198.6865942,0.04734399999506422, 0.3864190002786927,0,0,27.8,0.0,1
2825,1776086198.7166564,0.04781000006914837, 0.3743130000657402,0,0,27.8,0.0,1
2826,1776086198.7461615,0.0434989997302182, 0.3468780000730476,0,0,27.8,0.0,1
2827,1776086198.7763321,0.04623599988917704, 0.3621000000748609,0,0,27.8,0.0,1
2828,1776086198.8053932,0.046583000312239164, 0.37557999985438073,0,0,27.8,0.0,1
2829,1776086198.8356614,0.047372000153700355, 0.3808599999501894,0,0,27.8,0.0,1
2830,1776086198.8667097,0.054055999953561695, 0.33350000012433156,0,0,27.8,0.0,1
2831,1776086198.8945355,0.04991899959350121, 0.3816809999079851,0,0,27.8,0.0,1
2832,1776086198.9248583,0.0459070001852524, 0.3352719995746156,0,0,27.8,0.0,1
2833,1776086198.9548976,0.04905200012217392, 0.37247999989631353,0,0,27.8,0.0,1
2834,1776086198.9837885,0.06799499988119351, 0.38558400001420523,0,0,27.8,0.0,1
2835,1776086199.0134163,0.045788999614160275, 0.381721999929141,0,0,27.8,0.0,1
2836,1776086199.0441105,0.04940899998473469, 0.3564229996300128,0,0,27.8,0.0,1
2837,1776086199.0731914,0.044907999836141244, 0.3396820002308232,0,0,27.8,0.0,1
2838,1776086199.1033938,0.04731299986815429, 0.36227999999027816,0,0,27.8,0.0,1
2839,1776086199.133514,0.04452300026969169, 0.340570999924239,0,0,27.8,0.0,1
2840,1776086199.1627061,0.04511799988904386, 0.3608879997045733,0,0,27.8,0.0,1
2841,1776086199.1920824,0.04680800020651077, 0.33496699961688137,0,0,27.8,0.0,1
2842,1776086199.2219458,0.04680899974118802, 0.3442580000410089,0,0,27.8,0.0,1
2843,1776086199.2517753,0.046083999677648535, 0.3484200001366844,0,0,27.8,0.0,1
2844,1776086199.2812154,0.044951999825570965, 0.3346870003042568,0,0,27.8,0.0,1
2845,1776086199.311407,0.05048499997428735, 0.39896799989946885,0,0,27.8,0.0,1
2846,1776086199.3409626,0.04700799991042004, 0.33948899999813875,0,0,27.8,0.0,1
2846,1776086199.403185,32.28657799991197, 0.2768200001810328,13,13,27.8,0.0,0
2847,1776086199.41859,13.522005999675457, 0.2689949997147778,14,0,27.8,0.0,0
2848,1776086199.4527838,20.92715600019801, 0.2826459999596409,12,12,27.8,0.0,0
2849,1776086199.4791405,17.829055999754928, 0.31365299992103246,15,16,27.8,0.0,0
2850,1776086199.7659643,19.70088100006251, 257.31924000001527,15,10,27.8,0.0,0
2852,1776086199.7711258,0.3008239996233897, 0.1924829998642963,0,10,27.8,0.0,1
2853,1776086199.7872608,0.6948649997866596, 0.3470490000836435,0,9,27.8,0.0,1
2854,1776086199.8181143,1.9991540002592956, 0.3057680000893015,0,9,27.8,0.0,1
2855,1776086199.850403,0.48269500030073687, 0.33527999994475977,0,0,27.8,0.0,1
2856,1776086199.8751724,0.04633800017472822, 0.3840389999822946,0,0,27.8,0.0,1
2857,1776086199.9049182,0.04291200002626283, 0.3457590000834898,0,0,27.8,0.0,1
2858,1776086199.9347148,0.04302500019548461, 0.39192300027934834,0,0,27.8,0.0,1
2859,1776086199.964273,0.046039000153541565, 0.37964700004522456,0,0,27.8,0.0,1
2860,1776086199.9954937,0.051963000260002445, 0.396016999729909,0,0,27.8,0.0,1
2861,1776086200.0248349,0.04068499993081787, 0.313894000100845,0,0,27.8,0.0,1
2862,1776086200.0535169,0.04610799987858627, 0.37715200005550287,0,0,27.8,0.0,1
2863,1776086200.0833447,0.0501680001434579, 0.40511899987905053,0,0,27.8,0.0,1
2864,1776086200.1128721,0.04181400026936899, 0.3478220000943111,0,0,27.8,0.0,1
2865,1776086200.142539,0.04543800014289445, 0.37252599986459245,0,0,27.8,0.0,1
2866,1776086200.172315,0.046192999889171915, 0.38494200043714955,0,0,27.8,0.0,1
2867,1776086200.2020051,0.045496999973693164, 0.3836739997495897,0,0,27.8,0.0,1
2868,1776086200.2319193,0.04395399992063176, 0.37544799988609157,0,0,27.8,0.0,1
2869,1776086200.2619512,0.045250000312080374, 0.36952700020265183,0,0,27.8,0.0,1
2870,1776086200.2912645,0.04767500013258541, 0.4046670001116581,0,0,27.8,0.0,1
2871,1776086200.3209038,0.04398199962452054, 0.37107400021341164,0,0,27.8,0.0,1
2872,1776086200.3523676,0.04060699984620442, 0.3444999997554987,0,0,27.8,0.0,1
2873,1776086200.3802292,0.045479999698727624, 0.37531900034082355,0,0,27.8,0.0,1
2874,1776086200.4105453,0.04961100012224051, 0.36223000006430084,0,0,27.8,0.0,1
2875,1776086200.439915,0.04674199999499251, 0.36854699965260806,0,0,27.8,0.0,1
2876,1776086200.4693773,0.0463729998045892, 0.3775270001824538,0,0,27.8,0.0,1
2877,1776086200.4994917,0.049093999678007094, 0.386823000098957,0,0,27.8,0.0,1
2878,1776086200.5288951,0.04212800013192464, 0.3463540001575893,0,0,27.8,0.0,1
2879,1776086200.558649,0.05225999984759255, 0.3954399999201996,0,0,27.8,0.0,1
2880,1776086200.5888445,0.044753000111086294, 0.3437289997236803,0,0,27.8,0.0,1
2881,1776086200.6188698,0.04135000017413404, 0.33932599990293966,0,0,27.8,0.0,1
2882,1776086200.647821,0.04303299965613405, 0.3696480002872704,0,0,27.8,0.0,1
2883,1776086200.6778219,0.04987900001651724, 0.36303700017015217,0,0,27.8,0.0,1
2884,1776086200.7079127,0.0469120000161638, 0.37627900019288063,0,0,27.8,0.0,1
2885,1776086200.7368252,0.042937999751302414, 0.34551099997770507,0,0,27.8,0.0,1
2885,1776086200.7860634,19.59140799999659, 0.2998219997607521,16,16,27.8,0.0,0
2886,1776086200.822145,21.606604999760748, 0.27575200010687695,14,0,27.8,0.0,0
2887,1776086200.8486974,19.831720999718527, 0.2916050002568227,15,15,27.8,0.0,0
2888,1776086200.876051,18.285203999766964, 0.3270500001235632,14,20,27.8,0.0,0
2889,1776086201.1654572,19.600633999743877, 259.62533700021595,12,13,27.8,0.0,0
2891,1776086201.1698222,0.7457920000888407, 0.28609400033019483,0,13,27.8,0.0,1
2892,1776086201.1837761,0.7686819999435102, 0.33703399958540103,0,8,27.8,0.0,1
2893,1776086201.2140503,0.5888050000066869, 0.31692199991084635,0,7,27.8,0.0,1
2894,1776086201.2447982,2.035100999819406, 0.3741380000974459,0,0,27.8,0.0,1
2895,1776086201.2763402,0.03562300025805598, 0.26686000001063803,0,0,27.8,0.0,1
2896,1776086201.3020895,0.046413000291067874, 0.3462480003690871,0,0,27.8,0.0,1
2897,1776086201.3318295,0.04533199989964487, 0.34273100027348846,0,0,27.8,0.0,1
2898,1776086201.3612764,0.04518699961408856, 0.34389100028420216,0,0,27.8,0.0,1
2899,1776086201.3911119,0.044333999994705664, 0.33811000002970104,0,0,27.8,0.0,1
2900,1776086201.4209635,0.0448249998044048, 0.340351999966515,0,0,27.8,0.0,1
2901,1776086201.4511626,0.04298499970900593, 0.33773399991332553,0,0,27.8,0.0,1
2902,1776086201.4802222,0.04449100015335716, 0.33799499988163006,0,0,27.8,0.0,1
2903,1776086201.5102994,0.04810500013263663, 0.36848199988526176,0,0,27.8,0.0,1
2904,1776086201.5417013,0.053605000175593887, 0.31492200014326954,0,0,27.8,0.0,1
2905,1776086201.569592,0.04699200007962645, 0.3691540000545501,0,0,27.8,0.0,1
2906,1776086201.5994911,0.047855000048002694, 0.38040300023567397,0,0,27.8,0.0,1
2907,1776086201.6292217,0.04888800003755023, 0.3765860001294641,0,0,27.8,0.0,1
2908,1776086201.6588256,0.043894999635085696, 0.34567400007290416,0,0,27.8,0.0,1
2909,1776086201.6881878,0.04558299997370341, 0.33270199992330163,0,0,27.8,0.0,1
2910,1776086201.7180023,0.0449740000476595, 0.3450459998930455,0,0,27.8,0.0,1
2911,1776086201.7478483,0.043540999740798725, 0.341333000051236,0,0,27.8,0.0,1
2912,1776086201.7776644,0.04207799975119997, 0.3303769999547512,0,0,27.8,0.0,1
2913,1776086201.8078387,0.041834000057860976, 0.3078750000895525,0,0,27.8,0.0,1
2914,1776086201.836957,0.04555199984679348, 0.33928399989235913,0,0,27.8,0.0,1
2915,1776086201.8668826,0.045651000164070865, 0.3507290002744412,0,0,27.8,0.0,1
2916,1776086201.8961902,0.04562499998428393, 0.34308300018892623,0,0,27.8,0.0,1
2917,1776086201.9263792,0.04739799987873994, 0.3860470001200156,0,0,27.8,0.0,1
2918,1776086201.9560456,0.0448209998467064, 0.3443989999141195,0,0,27.8,0.0,1
2919,1776086201.9857423,0.06435900013457285, 0.345542000104615,0,0,27.8,0.0,1
2920,1776086202.0155034,0.04725999997390318, 0.37982799995006644,0,0,27.8,0.0,1
2921,1776086202.0456572,0.05283799964672653, 0.3642910000962729,0,0,27.8,0.0,1
2922,1776086202.0747488,0.0434260000474751, 0.3425099998821679,0,0,27.8,0.0,1
2923,1776086202.1042602,0.04307300014261273, 0.35057299965046695,0,0,27.8,0.0,1
2924,1776086202.1355915,0.04423700011102483, 0.3131650000796071,0,0,27.8,0.0,1
2924,1776086202.1949148,31.202558999666508, 0.24702100017748307,7,7,27.8,0.0,0
2925,1776086202.2106607,13.990431999900466, 0.21947699997326708,9,0,27.8,0.0,0
2926,1776086202.2472804,21.541696999975102, 0.2546430000620603,9,9,27.8,0.0,0
2927,1776086202.2727392,18.358143999648746, 0.26165700001001824,7,9,27.8,0.0,0
2928,1776086202.5634909,23.29366599997229, 257.5446670002748,6,7,27.8,0.0,0
2930,1776086202.5668418,0.48405300003651064, 0.29048199985481915,0,7,27.8,0.0,1
2931,1776086202.5794516,0.5222109998612723, 0.3456299996287271,0,6,27.8,0.0,1
2932,1776086202.6111658,2.0822679998673266, 0.3619770000113931,0,4,27.8,0.0,1
2933,1776086202.6436996,0.3336169997965044, 0.2928320000137319,0,0,27.8,0.0,1
2934,1776086202.6688075,0.04564599976220052, 0.34093999965989497,0,0,27.8,0.0,1
2935,1776086202.6991491,0.044889000037073856, 0.34234900022056536,0,0,27.8,0.0,1
2936,1776086202.7277763,0.04683899987867335, 0.3404169997338613,0,0,27.8,0.0,1
2937,1776086202.7576957,0.04316100012147217, 0.3872030001730309,0,0,27.8,0.0,1
2938,1776086202.7874672,0.0542809998478333, 0.47077399995032465,0,0,27.8,0.0,1
2939,1776086202.817459,0.049281999963568524, 0.3908149997187138,0,0,27.8,0.0,1
2940,1776086202.8466425,0.05022899995310581, 0.37327800009734347,0,0,27.8,0.0,1
2941,1776086202.8773825,0.050676999762799824, 0.4183159999229247,0,0,27.8,0.0,1
2942,1776086202.9068055,0.04567699988911045, 0.34196100023109466,0,0,27.8,0.0,1
2943,1776086202.936848,0.042893000227195444, 0.3365339998708805,0,0,27.8,0.0,1
2944,1776086202.965518,0.04571899989969097, 0.37438600020323065,0,0,27.8,0.0,1
2945,1776086202.995419,0.04798300005859346, 0.42247900000802474,0,0,27.8,0.0,1
2946,1776086203.0264597,0.04128399996261578, 0.31268699967768043,0,0,27.8,0.0,1
2947,1776086203.0546198,0.042285999825253384, 0.3623829998105066,0,0,27.8,0.0,1
2948,1776086203.0844045,0.046796999868092826, 0.38040500021452317,0,0,27.8,0.0,1
2949,1776086203.114896,0.054815000112284906, 0.3972839999732969,0,0,27.8,0.0,1
2950,1776086203.1441262,0.04451199993127375, 0.3496869999253249,0,0,27.8,0.0,1
2951,1776086203.1742177,0.05180000016480335, 0.4019180000796041,0,0,27.8,0.0,1
2952,1776086203.20418,0.04972499982613954, 0.4086199996891082,0,0,27.8,0.0,1
2953,1776086203.2338996,0.04801600016435259, 0.38042699998186436,0,0,27.8,0.0,1
2954,1776086203.2638466,0.04505700007939595, 0.3458770001998346,0,0,27.8,0.0,1
2955,1776086203.2939315,0.04632600030163303, 0.34046600012516137,0,0,27.8,0.0,1
2956,1776086203.3222947,0.04627600037565571, 0.3862079997816181,0,0,27.8,0.0,1
2957,1776086203.3518288,0.04854400003750925, 0.35134399968228536,0,0,27.8,0.0,1
2958,1776086203.3815393,0.04611999975168146, 0.37483799997062306,0,0,27.8,0.0,1
2959,1776086203.4112363,0.04902199998468859, 0.3803009999501228,0,0,27.8,0.0,1
2960,1776086203.4410224,0.04427400017448235, 0.3673840001283679,0,0,27.8,0.0,1
2961,1776086203.4706483,0.04211900022710324, 0.3655860000435496,0,0,27.8,0.0,1
2962,1776086203.5006363,0.0445910000053118, 0.3846089998660318,0,0,27.8,0.0,1
2963,1776086203.530925,0.04404400033308775, 0.3644670000539918,0,0,27.8,0.0,1
2963,1776086203.5931954,33.58745099967564, 0.32267400001728674,20,20,27.8,0.0,0
2964,1776086203.6401184,22.70399400003953, 0.2920900001299742,14,0,27.8,0.0,0
2965,1776086203.657304,14.884270000038669, 0.2712569998948311,11,11,27.8,0.0,0
2966,1776086203.6720698,12.939552000261756, 0.3291429998171225,17,18,27.8,0.0,0
2967,1776086203.9472122,12.466799000321771, 257.3522749999029,16,7,27.8,0.0,0
2969,1776086203.9509573,0.48603499999444466, 0.2823730001182412,0,7,27.8,0.0,1
2970,1776086203.976316,0.5298569999467873, 0.3276859997640713,0,7,27.8,0.0,1
2971,1776086204.0061815,0.6296279998423415, 0.3712190000442206,0,6,27.8,0.0,1
2972,1776086204.0373664,2.0835209998040227, 0.4003030003332242,0,0,27.8,0.0,1
2973,1776086204.0694885,0.040860000353859505, 0.2725610002016765,0,0,27.8,0.0,1
2974,1776086204.0947907,0.04410599967741291, 0.34398099978716346,0,0,27.8,0.0,1
2975,1776086204.1247551,0.06295299999692361, 0.34258799996678135,0,0,27.8,0.0,1
2976,1776086204.154603,0.05076199977338547, 0.3799350001827406,0,0,27.8,0.0,1
2977,1776086204.1837478,0.06748200030415319, 0.34191400027339114,0,0,27.8,0.0,1
2978,1776086204.2155616,0.04468299994186964, 0.3227030001653475,0,0,27.8,0.0,1
2979,1776086204.243822,0.043743000333051896, 0.33934199973373325,0,0,27.8,0.0,1
2980,1776086204.2736678,0.04393700010041357, 0.3546530001585779,0,0,27.8,0.0,1
2981,1776086204.3034103,0.04818400020667468, 0.3776020002987934,0,0,27.8,0.0,1
2982,1776086204.333288,0.0496999996357772, 0.3726039999492059,0,0,27.8,0.0,1
2983,1776086204.3627973,0.04046399999424466, 0.33279999979640706,0,0,27.8,0.0,1
2984,1776086204.3926172,0.04651100016417331, 0.364697999884811,0,0,27.8,0.0,1
2985,1776086204.4222133,0.04664600010073627, 0.3424709998398612,0,0,27.8,0.0,1
2986,1776086204.4522967,0.04690400010076701, 0.3312339999865799,0,0,27.8,0.0,1
2987,1776086204.4823396,0.04444399974090629, 0.3368300003785407,0,0,27.8,0.0,1
2988,1776086204.511225,0.04427600015333155, 0.3403979999347939,0,0,27.8,0.0,1
2989,1776086204.5410016,0.04316500007917057, 0.34072599964929395,0,0,27.8,0.0,1
2990,1776086204.571114,0.05144900023879018, 0.3781899999921734,0,0,27.8,0.0,1
2991,1776086204.600316,0.04429499995239894, 0.34214700008305954,0,0,27.8,0.0,1
2992,1776086204.6301033,0.044412000079319114, 0.3368769998814969,0,0,27.8,0.0,1
2993,1776086204.659904,0.04371000022729277, 0.33827400011432474,0,0,27.8,0.0,1
2994,1776086204.6893928,0.04826199983654078, 0.34196300020994386,0,0,27.8,0.0,1
2995,1776086204.7195745,0.039525999909528764, 0.3313180000077409,0,0,27.8,0.0,1
2996,1776086204.7490497,0.04345599973021308, 0.34477499957574764,0,0,27.8,0.0,1
2997,1776086204.7788825,0.044115000036981655, 0.33944200004043523,0,0,27.8,0.0,1
2998,1776086204.8098109,0.03827899990938022, 0.29665400006706477,0,0,27.8,0.0,1
2999,1776086204.8381019,0.04528399995251675, 0.3407369999877119,0,0,27.8,0.0,1
3000,1776086204.8681586,0.04331400032242527, 0.3427130000090983,0,0,27.8,0.0,1
3001,1776086204.8976793,0.04440099974090117, 0.36449200024435413,0,0,27.8,0.0,1
3002,1776086204.9271796,0.044267999783187406, 0.3394579998712288,0,0,27.8,0.0,1
3002,1776086204.9763665,19.373604000065825, 0.30622600024798885,19,19,27.8,0.0,0
3003,1776086205.0115318,21.98394700008066, 0.2961509999295231,14,0,27.8,0.0,0
3004,1776086205.036294,18.599651000386075, 0.31861300021773786,17,17,27.8,0.0,0
3005,1776086205.0672865,19.991083000149956, 0.3162469997732842,14,19,27.8,0.0,0
3006,1776086205.352936,19.218194000131916, 257.81727300000057,13,14,27.8,0.0,0
3008,1776086205.35736,0.39553599981445586, 0.19106399986412725,0,14,27.8,0.0,1
3009,1776086205.3744657,0.8311169999615231, 0.3561720000107016,0,10,27.8,0.0,1
3010,1776086205.4048884,2.032944999882602, 0.30377399980352493,0,9,27.8,0.0,1
3011,1776086205.4369195,0.49444400019638124, 0.3123180003967718,0,0,27.8,0.0,1
3012,1776086205.462082,0.04421899984663469, 0.33484599998701015,0,0,27.8,0.0,1
3013,1776086205.4919684,0.04421899984663469, 0.34445800019966555,0,0,27.8,0.0,1
3014,1776086205.5217688,0.047200000153679866, 0.35175500033801654,0,0,27.8,0.0,1
3015,1776086205.551226,0.043292000100336736, 0.34525999990364653,0,0,27.8,0.0,1
3016,1776086205.5814638,0.04763900005855248, 0.37961199996061623,0,0,27.8,0.0,1
3017,1776086205.611522,0.04843199985771207, 0.3638729999693169,0,0,27.8,0.0,1
3018,1776086205.6407106,0.06175899989102618, 0.3409370001463685,0,0,27.8,0.0,1
3019,1776086205.670107,0.044689999867841834, 0.336147999860259,0,0,27.8,0.0,1
3020,1776086205.7018018,0.0408700002481055, 0.31940300004862365,0,0,27.8,0.0,1
3021,1776086205.729386,0.04518199966696557, 0.33873599977596314,0,0,27.8,0.0,1
3022,1776086205.7595923,0.05088799980512704, 0.3554400000211899,0,0,27.8,0.0,1
3023,1776086205.7889812,0.047557000016240636, 0.33887700010382105,0,0,27.8,0.0,1
3024,1776086205.8191535,0.051624000207084464, 0.3817110000454704,0,0,27.8,0.0,1
3025,1776086205.8483107,0.04437500001586159, 0.3376330000719463,0,0,27.8,0.0,1
3026,1776086205.8783991,0.04674499996326631, 0.38251900014074636,0,0,27.8,0.0,1
3027,1776086205.9082086,0.047261999952752376, 0.3857179999613436,0,0,27.8,0.0,1
3028,1776086205.9384804,0.05135199990036199, 0.36847699993813876,0,0,27.8,0.0,1
3029,1776086205.9681542,0.042610999571479624, 0.34086499999830266,0,0,27.8,0.0,1
3030,1776086205.9970913,0.04446900038601598, 0.3496140002425818,0,0,27.8,0.0,1
3031,1776086206.0271335,0.05088799980512704, 0.3759189999072987,0,0,27.8,0.0,1
3032,1776086206.0566242,0.04800199985766085, 0.3638510002019757,0,0,27.8,0.0,1
3033,1776086206.0864887,0.04840400015382329, 0.3779949997806398,0,0,27.8,0.0,1
3034,1776086206.1158738,0.04281800011085579, 0.34163400005127187,0,0,27.8,0.0,1
3035,1776086206.1457868,0.04470900012165657, 0.33827400011432474,0,0,27.8,0.0,1
3036,1776086206.175204,0.04279199993106886, 0.342225000167673,0,0,27.8,0.0,1
3037,1776086206.205704,0.047700000322947744, 0.3604309999900579,0,0,27.8,0.0,1
3038,1776086206.235125,0.049094000132754445, 0.37905199997112504,0,0,27.8,0.0,1
3039,1776086206.2642918,0.04588799993143766, 0.3416660001676064,0,0,27.8,0.0,1
3040,1776086206.2959414,0.0416430002587731, 0.31328099976235535,0,0,27.8,0.0,1
3041,1776086206.3238773,0.045450000015989644, 0.33985900017796666,0,0,27.8,0.0,1
3041,1776086206.385876,32.305642000210355, 0.2908329997808323,13,13,27.8,0.0,0
3042,1776086206.4013221,13.605953000023874, 0.2450389997648017,15,0,27.8,0.0,0
3043,1776086206.437961,22.26815300036833, 0.27646500029732124,12,12,27.8,0.0,0
3044,1776086206.4582455,15.5151610001667, 0.30569099999411264,14,16,27.8,0.0,0
3045,1776086206.7510076,21.51808600001459, 257.23373999971955,12,9,27.8,0.0,0
3047,1776086206.7545385,0.539059999937308, 0.2966459996969206,0,9,27.8,0.0,1
3048,1776086206.7698257,0.70097599973451, 0.3600029999688559,0,7,27.8,0.0,1
3049,1776086206.7999554,0.5375379996621632, 0.3182750001542445,0,6,27.8,0.0,1
3050,1776086206.8309126,1.9232390000070154, 0.360161000116932,0,0,27.8,0.0,1
3051,1776086206.8634849,0.03655000000435393, 0.27797099983217777,0,0,27.8,0.0,1
3052,1776086206.8898568,0.04168400027992902, 0.29492399971786654,0,0,27.8,0.0,1
3053,1776086206.9180527,0.04457800014279201, 0.33772899996620254,0,0,27.8,0.0,1
3054,1776086206.9480155,0.04305400034354534, 0.3405309998925077,0,0,27.8,0.0,1
3055,1776086206.9780953,0.055841000175860245, 0.42035900014525396,0,0,27.8,0.0,1
3056,1776086207.0075681,0.04942699979437748, 0.36842300005446305,0,0,27.8,0.0,1
3057,1776086207.0374403,0.04840500014324789, 0.39050299983500736,0,0,27.8,0.0,1
3058,1776086207.0668812,0.044408000121620717, 0.3418800001782074,0,0,27.8,0.0,1
3059,1776086207.096236,0.043807000110973604, 0.34279400006198557,0,0,27.8,0.0,1
3060,1776086207.126533,0.051434999932098435, 0.3315539997856831,0,0,27.8,0.0,1
3061,1776086207.1566234,0.043290999656164786, 0.33192499995493563,0,0,27.8,0.0,1
3062,1776086207.1857705,0.0461439999526192, 0.34512499996708357,0,0,27.8,0.0,1
3063,1776086207.2152572,0.043307999931130325, 0.3430940000725968,0,0,27.8,0.0,1
3064,1776086207.2450073,0.04331400032242527, 0.34470099990357994,0,0,27.8,0.0,1
3065,1776086207.274809,0.04198599981464213, 0.3514510003697069,0,0,27.8,0.0,1
3066,1776086207.3046389,0.04979599998478079, 0.37130700002308004,0,0,27.8,0.0,1
3067,1776086207.334083,0.0474580001537106, 0.3377519997229683,0,0,27.8,0.0,1
3068,1776086207.3644152,0.04878999970969744, 0.3795829998125555,0,0,27.8,0.0,1
3069,1776086207.3945463,0.052847999995719874, 0.35897299994758214,0,0,27.8,0.0,1
3070,1776086207.4231546,0.04415200010043918, 0.33734699991327943,0,0,27.8,0.0,1
3071,1776086207.453094,0.044223999793757685, 0.3457230000094569,0,0,27.8,0.0,1
3072,1776086207.4843838,0.04021600034320727, 0.32127000031323405,0,0,27.8,0.0,1
3073,1776086207.5122485,0.04191900006844662, 0.3397870000299008,0,0,27.8,0.0,1
3074,1776086207.542142,0.045016000058240024, 0.3344409997225739,0,0,27.8,0.0,1
3075,1776086207.572315,0.04977799972039065, 0.38019800012989435,0,0,27.8,0.0,1
3076,1776086207.6019402,0.04525199983618222, 0.343793999945774,0,0,27.8,0.0,1
3077,1776086207.6315804,0.04834700030187378, 0.36587500017049024,0,0,27.8,0.0,1
3078,1776086207.6609762,0.04468299994186964, 0.33390799990229425,0,0,27.8,0.0,1
3079,1776086207.6908364,0.045514000248658704, 0.34668299986151396,0,0,27.8,0.0,1
3080,1776086207.7213995,0.04882599978373037, 0.38529999983438756,0,0,27.8,0.0,1
3080,1776086207.782566,31.795791999684297, 0.3042439998353075,15,15,27.8,0.0,0
3081,1776086207.8445368,24.581947999649856, 0.28628199970626156,13,0,27.8,0.0,0
3082,1776086207.8625681,16.367005000120116, 0.26595300005283207,7,7,27.8,0.0,0
3083,1776086207.8871903,17.100736999964283, 0.2673070002856548,9,11,27.8,0.0,0
3084,1776086208.1776793,20.868032000180392, 257.6216239999667,8,5,27.8,0.0,0
3086,1776086208.1818602,0.4280260000086855, 0.3028979999726289,0,5,27.8,0.0,1
3087,1776086208.1962476,0.43348999997760984, 0.3407140002309461,0,4,27.8,0.0,1
3088,1776086208.2275827,1.8556980003268109, 0.3129759998046211,0,3,27.8,0.0,1
3089,1776086208.2596207,0.2711880001697864, 0.2797130000544712,0,0,27.8,0.0,1
3090,1776086208.2853713,0.045219000185170444, 0.3390080000826856,0,0,27.8,0.0,1
3091,1776086208.3151917,0.04269199962436687, 0.3451100001257146,0,0,27.8,0.0,1
3092,1776086208.3443067,0.04508100028033368, 0.32887799989111954,0,0,27.8,0.0,1
3093,1776086208.3742085,0.04551299980448675, 0.3406870000617346,0,0,27.8,0.0,1
3094,1776086208.4039457,0.047635000100854086, 0.3399460001674015,0,0,27.8,0.0,1
3095,1776086208.4337165,0.05836199989062152, 0.34833000017897575,0,0,27.8,0.0,1
3096,1776086208.4632082,0.0483089997942443, 0.34647699976630975,0,0,27.8,0.0,1
3097,1776086208.493053,0.04393800008983817, 0.3447819999564672,0,0,27.8,0.0,1
3098,1776086208.5232534,0.050476000069465954, 0.38754000024709967,0,0,27.8,0.0,1
3099,1776086208.5528264,0.04339799988883897, 0.3444179997131869,0,0,27.8,0.0,1
3100,1776086208.5823298,0.04457300019566901, 0.3359949996593059,0,0,27.8,0.0,1
3101,1776086208.6122274,0.048624999635649147, 0.37557499990725773,0,0,27.8,0.0,1
3102,1776086208.6427813,0.044359000185068, 0.34125499996662256,0,0,27.8,0.0,1
3103,1776086208.6727545,0.03949200026909239, 0.29511499997170176,0,0,27.8,0.0,1
3104,1776086208.7016177,0.042893000227195444, 0.35570399995776825,0,0,27.8,0.0,1
3105,1776086208.7311504,0.048609999794280156, 0.3758380003091588,0,0,27.8,0.0,1
3106,1776086208.760829,0.045650999709323514, 0.3434260001995426,0,0,27.8,0.0,1
3107,1776086208.7892492,0.036871999782306375, 0.29451299997163005,0,0,27.8,0.0,1
3108,1776086208.8200412,0.048537000111537054, 0.34735000008367933,0,0,27.8,0.0,1
3109,1776086208.8500364,0.047527999868179904, 0.38611700028923224,0,0,27.8,0.0,1
3110,1776086208.8796828,0.05524400012291153, 0.3118049999102368,0,0,27.8,0.0,1
3111,1776086208.909486,0.04547099979390623, 0.34894300006271806,0,0,27.8,0.0,1
3112,1776086208.9388957,0.047496999741269974, 0.34763699977702345,0,0,27.8,0.0,1
3113,1776086208.9690187,0.05333099989002221, 0.3835079996861168,0,0,27.8,0.0,1
3114,1776086208.9982376,0.0434260000474751, 0.34197100012534065,0,0,27.8,0.0,1
3115,1776086209.0282438,0.04635499999494641, 0.379739999971207,0,0,27.8,0.0,1
3116,1776086209.057788,0.045849999878555536, 0.34279900000910857,0,0,27.8,0.0,1
3117,1776086209.0872886,0.043868999910046114, 0.3384319998076535,0,0,27.8,0.0,1
3118,1776086209.1174455,0.04763100014315569, 0.3846119998343056,0,0,27.8,0.0,1
3119,1776086209.1470573,0.042918999952235026, 0.345542000104615,0,0,27.8,0.0,1
3119,1776086209.209132,32.59376999994856, 0.29068399999232497,15,15,27.8,0.0,0
3120,1776086209.2247932,13.787665000108973, 0.25720300027387566,16,0,27.8,0.0,0
3121,1776086209.258126,20.809072999782074, 0.29449400017256266,15,15,27.8,0.0,0
3122,1776086209.2841735,17.64797100031501, 0.31304300000556395,15,19,27.8,0.0,0
3123,1776086209.574582,20.52115100013907, 258.89932900008716,15,11,27.8,0.0,0
3125,1776086209.5787838,0.6682660000478791, 0.28655000005528564,0,11,27.8,0.0,1
3126,1776086209.5932486,0.7548319999841624, 0.37516100019274745,0,8,27.8,0.0,1
3127,1776086209.6226335,0.5953340000814933, 0.34158400012529455,0,6,27.8,0.0,1
3128,1776086209.653879,1.9136140003865876, 0.3586660000109987,0,0,27.8,0.0,1
3129,1776086209.6860375,0.03645900005722069, 0.26127399996767053,0,0,27.8,0.0,1
3130,1776086209.7112622,0.04515799992077518, 0.3437959999246232,0,0,27.8,0.0,1
3131,1776086209.7411568,0.04484900000534253, 0.3379980003046512,0,0,27.8,0.0,1
3132,1776086209.771228,0.05052699998486787, 0.3891360001944122,0,0,27.8,0.0,1
3133,1776086209.8009236,0.05098200017528143, 0.3758979996746348,0,0,27.8,0.0,1
3134,1776086209.830914,0.040286000057676574, 0.3200959999958286,0,0,27.8,0.0,1
3135,1776086209.8615427,0.040905999867391074, 0.3215770002498175,0,0,27.8,0.0,1
3136,1776086209.8892033,0.04621900006895885, 0.3789909997067298,0,0,27.8,0.0,1
3137,1776086209.918896,0.04254499981470872, 0.3501490000417107,0,0,27.8,0.0,1
3138,1776086209.9486141,0.041401000089535955, 0.37450999980137567,0,0,27.8,0.0,1
3139,1776086209.978848,0.07293699991350877, 0.527319999946485,0,0,27.8,0.0,1
3140,1776086210.0083663,0.04315800015319837, 0.35729899991565617,0,0,27.8,0.0,1
3141,1776086210.038456,0.04643000011128606, 0.3809209997598373,0,0,27.8,0.0,1
3142,1776086210.0683885,0.042505000237724744, 0.35099500018986873,0,0,27.8,0.0,1
3143,1776086210.0981767,0.04657799991036882, 0.34432499978720443,0,0,27.8,0.0,1
3144,1776086210.1273882,0.046548999762308085, 0.3523129998939112,0,0,27.8,0.0,1
3145,1776086210.1573212,0.051202000122430036, 0.36462999969444354,0,0,27.8,0.0,1
3146,1776086210.1871307,0.042782000036822865, 0.3489139999146573,0,0,27.8,0.0,1
3147,1776086210.2168782,0.04387800026961486, 0.350393000189797,0,0,27.8,0.0,1
3148,1776086210.2462204,0.04341399971963256, 0.34296900003027986,0,0,27.8,0.0,1
3149,1776086210.2760415,0.04398400005811709, 0.34350600026300526,0,0,27.8,0.0,1
3150,1776086210.3058786,0.044906999846716644, 0.33847700024125515,0,0,27.8,0.0,1
3151,1776086210.3359368,0.043575000290729804, 0.3352690000610892,0,0,27.8,0.0,1
3152,1776086210.3650482,0.04383099985716399, 0.3484120002212876,0,0,27.8,0.0,1
3153,1776086210.3949432,0.04755000009026844, 0.34396099999867147,0,0,27.8,0.0,1
3154,1776086210.425412,0.04607500022757449, 0.3493460003483051,0,0,27.8,0.0,1
3155,1776086210.4555888,0.03661400023702299, 0.3049460001420812,0,0,27.8,0.0,1
3156,1776086210.4839535,0.046906000079616206, 0.3371019997757685,0,0,27.8,0.0,1
3157,1776086210.5137796,0.04800499982593465, 0.3441730000304233,0,0,27.8,0.0,1
3158,1776086210.5433288,0.045080000290909084, 0.34037600016745273,0,0,27.8,0.0,1
3158,1776086210.5926206,19.301444000120682, 0.3347659999235475,28,20,27.8,0.0,0
3159,1776086210.6383028,23.316821999742388, 0.3019559999302146,26,0,27.8,0.0,0
3160,1776086210.6568928,16.843373000028805, 0.32310300002791337,21,20,27.8,0.0,0
3161,1776086210.6851504,21.662276000370184, 0.3360929999871587,19,20,27.8,0.0,0
3162,1776086210.9704742,20.139003000167577, 258.40259700044044,22,17,27.8,0.0,0
3164,1776086210.9752412,0.9061860000656452, 0.2471969996804546,0,17,27.8,0.0,1
3165,1776086210.990357,0.9712880000734003, 0.35198800014768494,0,13,27.8,0.0,1
3166,1776086211.0210407,2.303732000200398, 0.30169799993018387,0,12,27.8,0.0,1
3167,1776086211.0540836,0.6336410001495096, 0.3426040002523223,0,0,27.8,0.0,1
3168,1776086211.0781817,0.044363000142766396, 0.3319920001558785,0,0,27.8,0.0,1
3169,1776086211.1079829,0.047090999942156486, 0.34141700007239706,0,0,27.8,0.0,1
3170,1776086211.1378098,0.04352299993115594, 0.3372080000190181,0,0,27.8,0.0,1
3171,1776086211.1675966,0.05148899981577415, 0.35438999975667684,0,0,27.8,0.0,1
3172,1776086211.197133,0.04230400008964352, 0.34357100003035157,0,0,27.8,0.0,1
3173,1776086211.2273016,0.051374000122450525, 0.3783360002671543,0,0,27.8,0.0,1
3174,1776086211.2566674,0.05051100015407428, 0.3689310001391277,0,0,27.8,0.0,1
3175,1776086211.2859347,0.04261399999450077, 0.3452089999882446,0,0,27.8,0.0,1
3176,1776086211.3166375,0.04736000028060516, 0.3861430000142718,0,0,27.8,0.0,1
3177,1776086211.3469057,0.04059899993080762, 0.3146220001326583,0,0,27.8,0.0,1
3178,1776086211.3753648,0.04937499988955096, 0.366251999821543,0,0,27.8,0.0,1
3179,1776086211.4046617,0.04285199975129217, 0.36571200007529114,0,0,27.8,0.0,1
3180,1776086211.4344218,0.04674899992096471, 0.39244499976121006,0,0,27.8,0.0,1
3181,1776086211.4647527,0.06145800034573767, 0.34564199995656963,0,0,27.8,0.0,1
3182,1776086211.4942298,0.044747999709215946, 0.33374099984939676,0,0,27.8,0.0,1
3183,1776086211.5240092,0.040778999846224906, 0.3444639996814658,0,0,27.8,0.0,1
3184,1776086211.5542235,0.045433000195771456, 0.34221099986098125,0,0,27.8,0.0,1
3185,1776086211.5839503,0.04260600007910398, 0.34254000001965323,0,0,27.8,0.0,1
3186,1776086211.6126847,0.04283799989934778, 0.3789070001403161,0,0,27.8,0.0,1
3187,1776086211.642687,0.04783299982591416, 0.38174900009835255,0,0,27.8,0.0,1
3188,1776086211.6730032,0.05159800002729753, 0.38021099999241414,0,0,27.8,0.0,1
3189,1776086211.7025442,0.04887299974143389, 0.3756629998861172,0,0,27.8,0.0,1
3190,1776086211.731657,0.04258699982528924, 0.3722080000443384,0,0,27.8,0.0,1
3191,1776086211.7612581,0.04820100002689287, 0.42000799976449343,0,0,27.8,0.0,1
3192,1776086211.7909667,0.043278999783069594, 0.3506250000100408,0,0,27.8,0.0,1
3193,1776086211.8208141,0.04356499994173646, 0.37771300003441866,0,0,27.8,0.0,1
3194,1776086211.8513858,0.04839900020670029, 0.41457899988017743,0,0,27.8,0.0,1
3195,1776086211.8807383,0.06121199976405478, 0.3406309997444623,0,0,27.8,0.0,1
3196,1776086211.9117684,0.04371899967736681, 0.33993399983955896,0,0,27.8,0.0,1
3197,1776086211.9415607,0.04029499996249797, 0.3091459998358914,0,0,27.8,0.0,1
3197,1776086212.0025225,32.701352999993105, 0.33009199978550896,21,20,27.8,0.0,0
3198,1776086212.0183415,13.949205999779224, 0.26685700004236423,21,0,27.8,0.0,0
3199,1776086212.0499113,20.13458100009302, 0.3232549997846945,26,20,27.8,0.0,0
3200,1776086212.082976,21.302894999735145, 0.32770799998615985,20,20,27.8,0.0,0
3201,1776086212.389299,22.520874999827356, 258.8295929999731,28,14,27.8,0.0,0
3203,1776086212.3942754,0.4935650003972114, 0.1885850001599465,0,14,27.8,0.0,1
3204,1776086212.4169772,0.948768999933236, 0.40687299997443915,0,8,27.8,0.0,1
3205,1776086212.4456134,0.6130489996394317, 0.36007100015922333,0,5,27.8,0.0,1
3206,1776086212.4766655,2.2640960000899213, 0.3890009998031019,0,0,27.8,0.0,1
3207,1776086212.5090325,0.036361999718792504, 0.2733830001488968,0,0,27.8,0.0,1
3208,1776086212.5353198,0.04011000009995769, 0.3174049998051487,0,0,27.8,0.0,1
3209,1776086212.5634713,0.0457549999737239, 0.3719220003404189,0,0,27.8,0.0,1
3210,1776086212.593221,0.046070999815128744, 0.3826629999821307,0,0,27.8,0.0,1
3211,1776086212.6231534,0.043000000005122274, 0.348898999618541,0,0,27.8,0.0,1
3212,1776086212.6528993,0.04805799972018576, 0.3654010001810093,0,0,27.8,0.0,1
3213,1776086212.682884,0.044205999984114897, 0.3389590001461329,0,0,27.8,0.0,1
3214,1776086212.7124805,0.05139899985806551, 0.3698410000652075,0,0,27.8,0.0,1
3215,1776086212.7426822,0.04539499968814198, 0.38933199994062306,0,0,27.8,0.0,1
3216,1776086212.7728171,0.04607900018527289, 0.3411150000829366,0,0,27.8,0.0,1
3217,1776086212.802841,0.04286200010028551, 0.34578900022097514,0,0,27.8,0.0,1
3218,1776086212.831681,0.04394899997350876, 0.36205500009600655,0,0,27.8,0.0,1
3219,1776086212.8612175,0.043678999645635486, 0.3471330001048045,0,0,27.8,0.0,1
3220,1776086212.8912807,0.047405000259459484, 0.375651000013022,0,0,27.8,0.0,1
3221,1776086212.9208515,0.04477099992072908, 0.34142699996664305,0,0,27.8,0.0,1
3222,1776086212.950225,0.045089999730407726, 0.33716400002958835,0,0,27.8,0.0,1
3223,1776086212.981484,0.06211399977473775, 0.446372999704181,0,0,27.8,0.0,1
3224,1776086213.0102103,0.04866199969910667, 0.37841800030946615,0,0,27.8,0.0,1
3225,1776086213.0399399,0.045866999698773725, 0.3380680000191205,0,0,27.8,0.0,1
3226,1776086213.069205,0.04404300034366315, 0.34444800030541955,0,0,27.8,0.0,1
3227,1776086213.0989501,0.04559900025924435, 0.34075000030497904,0,0,27.8,0.0,1
3228,1776086213.1300921,0.022683000224787975, 0.18923100014944794,0,0,27.8,0.0,1
3229,1776086213.158217,0.043744000322476495, 0.3377890002411732,0,0,27.8,0.0,1
3230,1776086213.1880252,0.044687999888992636, 0.3350830002091243,0,0,27.8,0.0,1
3231,1776086213.218195,0.04790200000570621, 0.3905300000042189,0,0,27.8,0.0,1
3232,1776086213.248166,0.05127600024934509, 0.37338300035116845,0,0,27.8,0.0,1
3233,1776086213.2772539,0.040333000015380094, 0.33799499988163006,0,0,27.8,0.0,1
3234,1776086213.3069968,0.04363099969850737, 0.34263799989275867,0,0,27.8,0.0,1
3235,1776086213.3367708,0.041214999782823725, 0.34335999998802436,0,0,27.8,0.0,1
3236,1776086213.3666883,0.05529400004888885, 0.3122390003227338,0,0,27.8,0.0,1
3236,1776086213.4297397,33.087600999806455, 0.3271850000601262,20,20,27.8,0.0,0
3237,1776086213.4768453,23.070852999808267, 0.2809090001392178,18,0,27.8,0.0,0
3238,1776086213.4938128,15.27325299957738, 0.29003600002397434,15,15,27.8,0.0,0
3239,1776086213.508501,12.821509999866976, 0.3453459999036568,20,20,27.8,0.0,0
3240,1776086213.7865622,12.813143000130367, 258.5380430000441,18,12,27.8,0.0,0
3242,1776086213.790822,0.721303000318585, 0.2872300001399708,0,12,27.8,0.0,1
3243,1776086213.8128827,0.7767100000819482, 0.34445500023139175,0,9,27.8,0.0,1
3244,1776086213.8438962,2.01948900030402, 0.32870699988052365,0,7,27.8,0.0,1
3245,1776086213.8768566,0.45007900007476564, 0.318445999710093,0,0,27.8,0.0,1
3246,1776086213.9012582,0.04352299993115594, 0.3346539997437503,0,0,27.8,0.0,1
3247,1776086213.931358,0.047169000026769936, 0.339356000040425,0,0,27.8,0.0,1
3248,1776086213.9608114,0.04648200001611258, 0.3340549997119524,0,0,27.8,0.0,1
3249,1776086213.9908595,0.0457549999737239, 0.3418220003368333,0,0,27.8,0.0,1
3250,1776086214.02169,0.05530099997486104, 0.29638300020451425,0,0,27.8,0.0,1
3251,1776086214.0499024,0.04216699971948401, 0.3433309998399636,0,0,27.8,0.0,1
3252,1776086214.0797918,0.04480999996303581, 0.33967499985010363,0,0,27.8,0.0,1
3253,1776086214.1092434,0.0465260000055423, 0.3395310000087193,0,0,27.8,0.0,1
3254,1776086214.1391337,0.0458259996776178, 0.3475160001471522,0,0,27.8,0.0,1
3255,1776086214.1688151,0.04539100018519093, 0.3392029998394719,0,0,27.8,0.0,1
3256,1776086214.1982827,0.04545699994196184, 0.3318959998068749,0,0,27.8,0.0,1
3257,1776086214.228087,0.045328000396693824, 0.3343260000292503,0,0,27.8,0.0,1
3258,1776086214.2583272,0.0442030000158411, 0.34514399976615096,0,0,27.8,0.0,1
3259,1776086214.2884462,0.04379299980428186, 0.35311099964019377,0,0,27.8,0.0,1
3260,1776086214.3172522,0.0440479998360388, 0.33949899989238475,0,0,27.8,0.0,1
3261,1776086214.3470433,0.043915000333072385, 0.34086899995600106,0,0,27.8,0.0,1
3262,1776086214.376842,0.047343000005639624, 0.34411500018904917,0,0,27.8,0.0,1
3263,1776086214.4066951,0.04218499998387415, 0.35429400031716796,0,0,27.8,0.0,1
3264,1776086214.436133,0.04352200039647869, 0.33591399960641866,0,0,27.8,0.0,1
3265,1776086214.466155,0.0482360001115012, 0.374640000245563,0,0,27.8,0.0,1
3266,1776086214.496172,0.0526540002283582, 0.37193199977991753,0,0,27.8,0.0,1
3267,1776086214.52555,0.047663999794167466, 0.3351659997861134,0,0,27.8,0.0,1
3268,1776086214.5550265,0.04400500029078103, 0.3455579999354086,0,0,27.8,0.0,1
3269,1776086214.5848289,0.04428100010045455, 0.3396820002308232,0,0,27.8,0.0,1
3270,1776086214.6158078,0.03860700007862761, 0.29822899978171336,0,0,27.8,0.0,1
3271,1776086214.6441226,0.043248000110907014, 0.3390600004422595,0,0,27.8,0.0,1
3272,1776086214.6739142,0.04628999977285275, 0.342328999977326,0,0,27.8,0.0,1
3273,1776086214.7036982,0.04405700019560754, 0.35763500000030035,0,0,27.8,0.0,1
3274,1776086214.7336218,0.05115299973112997, 0.3629600000749633,0,0,27.8,0.0,1
3275,1776086214.7630243,0.0422590001107892, 0.3432680000514665,0,0,27.8,0.0,1
3275,1776086214.8260665,33.38687400037088, 0.2807309997479024,12,12,27.8,0.0,0
3276,1776086214.8643835,22.00848899974517, 0.26597699979902245,13,0,27.8,0.0,0
3277,1776086214.8799531,13.78757999964364, 0.31615299985787715,19,19,27.8,0.0,0
3278,1776086214.8967192,12.829205999878468, 0.3261359997850377,13,20,27.8,0.0,0
3279,1776086215.1892416,19.664852999994764, 257.65194499990685,13,14,27.8,0.0,0
3281,1776086215.1937335,0.8086550001280557, 0.2413000001979526,0,14,27.8,0.0,1
3282,1776086215.2110953,0.7872420001149294, 0.3437150003264833,0,8,27.8,0.0,1
3283,1776086215.2387717,0.6030059998920478, 0.30988500020612264,0,7,27.8,0.0,1
3284,1776086215.2701287,2.034195999840449, 0.3753669998332043,0,0,27.8,0.0,1
3285,1776086215.3021545,0.036005999845656333, 0.2619639999466017,0,0,27.8,0.0,1
3286,1776086215.3277338,0.06189699979586294, 0.34632199958650745,0,0,27.8,0.0,1
3287,1776086215.3572772,0.04305099992052419, 0.34147999986089417,0,0,27.8,0.0,1
3288,1776086215.3869874,0.04364599999462371, 0.33637000024100416,0,0,27.8,0.0,1
3289,1776086215.4168434,0.04322199993112008, 0.34135500027332455,0,0,27.8,0.0,1
3290,1776086215.4466898,0.054846000239194836, 0.3122529997199308,0,0,27.8,0.0,1
3291,1776086215.4768293,0.040271000216307584, 0.3127390000372543,0,0,27.8,0.0,1
3292,1776086215.5059516,0.042998000026273075, 0.3392049998183211,0,0,27.8,0.0,1
3293,1776086215.535736,0.06915299991305801, 0.34661700010474306,0,0,27.8,0.0,1
3294,1776086215.5652423,0.04432299965628772, 0.3425139998398663,0,0,27.8,0.0,1
3295,1776086215.5954163,0.04899199984720326, 0.38226999959078967,0,0,27.8,0.0,1
3296,1776086215.6249042,0.04843300030188402, 0.33869800017782836,0,0,27.8,0.0,1
3297,1776086215.6542625,0.047835999794187956, 0.33584599987079855,0,0,27.8,0.0,1
3298,1776086215.6845136,0.04750800007968792, 0.37965899991831975,0,0,27.8,0.0,1
3299,1776086215.7143028,0.04260200012140558, 0.3357599998707883,0,0,27.8,0.0,1
3300,1776086215.7437153,0.059953000345558394, 0.34358299990344676,0,0,27.8,0.0,1
3301,1776086215.7731526,0.043015999835915864, 0.3451859997767315,0,0,27.8,0.0,1
3302,1776086215.804553,0.039198000195028726, 0.3079339999203512,0,0,27.8,0.0,1
3303,1776086215.8330743,0.04725999997390318, 0.37248199987516273,0,0,27.8,0.0,1
3304,1776086215.8624473,0.044702999730361626, 0.35895700011678855,0,0,27.8,0.0,1
3305,1776086215.892496,0.050880000344477594, 0.3708949998326716,0,0,27.8,0.0,1
3306,1776086215.9220176,0.04470200019568438, 0.3373179997652187,0,0,27.8,0.0,1
3307,1776086215.9518375,0.044408000121620717, 0.3411749999031599,0,0,27.8,0.0,1
3308,1776086215.9823632,0.057158999879902694, 0.5129669998495956,0,0,27.8,0.0,1
3309,1776086216.0110745,0.04444600017450284, 0.3507999999783351,0,0,27.8,0.0,1
3310,1776086216.0412345,0.04425999986779061, 0.34147699989262037,0,0,27.8,0.0,1
3311,1776086216.0713048,0.0445860000581888, 0.34347900009379373,0,0,27.8,0.0,1
3312,1776086216.1005268,0.046506000217050314, 0.3606509999372065,0,0,27.8,0.0,1
3313,1776086216.1299999,0.047710999751870986, 0.34369100012554554,0,0,27.8,0.0,1
3314,1776086216.1600502,0.047756999720149906, 0.37882600008742884,0,0,27.8,0.0,1
3314,1776086216.2226121,33.20259900010569, 0.29507499993997044,13,13,27.8,0.0,0
3315,1776086216.2715507,23.47951000001558, 0.2534569998715597,17,0,27.8,0.0,0
3316,1776086216.2895641,16.29428900014318, 0.34694100031629205,22,20,27.8,0.0,0
3317,1776086216.3038385,12.354514999969979, 0.323955000112619,15,20,27.8,0.0,0
3318,1776086216.5780046,12.338097999872844, 256.729630999871,15,12,27.8,0.0,0
3320,1776086216.5822904,0.741678999929718, 0.2622650004013849,0,12,27.8,0.0,1
3321,1776086216.6058025,0.7739669999864418, 0.35452600013741176,0,8,27.8,0.0,1
3322,1776086216.6364906,2.0513539998319175, 0.3430140000091342,0,6,27.8,0.0,1
3323,1776086216.6694953,0.40551199981564423, 0.3307879997009877,0,0,27.8,0.0,1
3324,1776086216.6957092,0.058938999700330896, 0.31853299969952786,0,0,27.8,0.0,1
3325,1776086216.724101,0.04247399965606746, 0.3355320000082429,0,0,27.8,0.0,1
3326,1776086216.7540388,0.046751000354561256, 0.3616930002863228,0,0,27.8,0.0,1
3327,1776086216.7841206,0.048120000428752974, 0.3769840000131808,0,0,27.8,0.0,1
3328,1776086216.813644,0.05072700014352449, 0.3627679998317035,0,0,27.8,0.0,1
3329,1776086216.8431427,0.040826000258675776, 0.3439400002207549,0,0,27.8,0.0,1
3330,1776086216.872901,0.047015999825816834, 0.34143299990319065,0,0,27.8,0.0,1
3331,1776086216.9029715,0.04841899999519228, 0.3801869997914764,0,0,27.8,0.0,1
3332,1776086216.932524,0.044891000015923055, 0.343245999829378,0,0,27.8,0.0,1
3333,1776086216.9626472,0.04072399997312459, 0.3319750003356603,0,0,27.8,0.0,1
3334,1776086216.992127,0.049605000185692916, 0.38735299995096284,0,0,27.8,0.0,1
3335,1776086217.0217757,0.042781000047398265, 0.34557300023152493,0,0,27.8,0.0,1
3336,1776086217.0510647,0.04319099980421015, 0.3449920000093698,0,0,27.8,0.0,1
3337,1776086217.080871,0.03997900012109312, 0.3505680001580913,0,0,27.8,0.0,1
3338,1776086217.1107244,0.06076499994378537, 0.3499630001897458,0,0,27.8,0.0,1
3339,1776086217.1400988,0.044099999740865314, 0.33792100020946236,0,0,27.8,0.0,1
3340,1776086217.1700833,0.04327400029069395, 0.3447939998295624,0,0,27.8,0.0,1
3341,1776086217.2001138,0.04309399992052931, 0.3641329999481968,0,0,27.8,0.0,1
3342,1776086217.229249,0.045216999751573894, 0.34406400027364725,0,0,27.8,0.0,1
3343,1776086217.2593858,0.04639899998437613, 0.38602099994022865,0,0,27.8,0.0,1
3344,1776086217.290475,0.04289599974072189, 0.3277290002188238,0,0,27.8,0.0,1
3345,1776086217.3187063,0.041854000301100314, 0.3596719998313347,0,0,27.8,0.0,1
3346,1776086217.3481717,0.042689000110840425, 0.34325899969189777,0,0,27.8,0.0,1
3347,1776086217.3782473,0.048505999984627124, 0.37795299977005925,0,0,27.8,0.0,1
3348,1776086217.4078734,0.04397899965624674, 0.3414960001464351,0,0,27.8,0.0,1
3349,1776086217.4372013,0.04219900029056589, 0.338370000008581,0,0,27.8,0.0,1
3350,1776086217.4671073,0.044891000015923055, 0.34816400011550286,0,0,27.8,0.0,1
3351,1776086217.4968941,0.04402900003697141, 0.3429400003369665,0,0,27.8,0.0,1
3352,1776086217.527077,0.04682300004787976, 0.3448769998612988,0,0,27.8,0.0,1
3353,1776086217.5566082,0.0421069998992607, 0.3259589998378942,0,0,27.8,0.0,1
3353,1776086217.6187558,33.36159300033614, 0.3207690001545416,26,20,27.8,0.0,0
3354,1776086217.6341462,13.508952999927715, 0.2937660001407494,23,0,27.8,0.0,0
3355,1776086217.6690953,21.257420999972965, 0.3007440000146744,16,16,27.8,0.0,0
3356,1776086217.694704,18.050875999961136, 0.3192139997736376,16,20,27.8,0.0,0
3357,1776086217.981684,20.00154899997142, 256.799620000038,25,12,27.8,0.0,0
3359,1776086217.9853175,0.6824530000812956, 0.28826400011894293,0,12,27.8,0.0,1
3360,1776086218.0020728,0.8372789998247754, 0.37205700027698185,0,8,27.8,0.0,1
3361,1776086218.0322263,0.6346550003399898, 0.38073500036261976,0,4,27.8,0.0,1
3362,1776086218.0629058,1.9950240002799546, 0.3544789997249609,0,0,27.8,0.0,1
3363,1776086218.0950127,0.035618000310932985, 0.2610550000099465,0,0,27.8,0.0,1
3364,1776086218.1206982,0.04771900012201513, 0.36376000025484245,0,0,27.8,0.0,1
3365,1776086218.1509686,0.04486499983613612, 0.3674970002975897,0,0,27.8,0.0,1
3366,1776086218.1797428,0.06068899983802112, 0.34664799977690564,0,0,27.8,0.0,1
3367,1776086218.2094827,0.045556999793916475, 0.37379300010798033,0,0,27.8,0.0,1
3368,1776086218.239343,0.04762299977301154, 0.38546199994016206,0,0,27.8,0.0,1
3369,1776086218.2688649,0.04453100018508849, 0.34373700009382446,0,0,27.8,0.0,1
3370,1776086218.298542,0.047741999878780916, 0.3604300000006333,0,0,27.8,0.0,1
3371,1776086218.3282213,0.04755300005854224, 0.382270000045537,0,0,27.8,0.0,1
3372,1776086218.3585935,0.04841400004806928, 0.3835699999399367,0,0,27.8,0.0,1
3373,1776086218.3880842,0.04426099985721521, 0.3417349998926511,0,0,27.8,0.0,1
3374,1776086218.4174535,0.04562499998428393, 0.3722050000760646,0,0,27.8,0.0,1
3375,1776086218.447302,0.04739299993161694, 0.40008499991017743,0,0,27.8,0.0,1
3376,1776086218.478514,0.04595400014295592, 0.3263019998485106,0,0,27.8,0.0,1
3377,1776086218.5065293,0.04503499985730741, 0.3817920000983577,0,0,27.8,0.0,1
3378,1776086218.536756,0.06455999982790672, 0.35287299988340237,0,0,27.8,0.0,1
3379,1776086218.5670512,0.05293300000630552, 0.40448400022796704,0,0,27.8,0.0,1
3380,1776086218.5966067,0.04761399986819015, 0.4392279997773585,0,0,27.8,0.0,1
3381,1776086218.626323,0.04876299999523326, 0.3757179997592175,0,0,27.8,0.0,1
3382,1776086218.655744,0.06061200019757962, 0.34687499965002644,0,0,27.8,0.0,1
3383,1776086218.6855664,0.05145900013303617, 0.3634150002653769,0,0,27.8,0.0,1
3384,1776086218.71581,0.04445299964572769, 0.34412400009387056,0,0,27.8,0.0,1
3385,1776086218.7459276,0.0438080001003982, 0.33988599989243085,0,0,27.8,0.0,1
3386,1776086218.7747333,0.06121800015534973, 0.347757999861642,0,0,27.8,0.0,1
3387,1776086218.8042223,0.04603200022756937, 0.3380289999768138,0,0,27.8,0.0,1
3388,1776086218.833991,0.04660200011130655, 0.33927899994523614,0,0,27.8,0.0,1
3389,1776086218.8638291,0.04417099989950657, 0.34725399973467574,0,0,27.8,0.0,1
3390,1776086218.8932679,0.045637000312126474, 0.34514399976615096,0,0,27.8,0.0,1
3391,1776086218.9234052,0.05164799995327485, 0.38192200008779764,0,0,27.8,0.0,1
3392,1776086218.9529734,0.04792300023837015, 0.3422830000090471,0,0,27.8,0.0,1
3392,1776086219.017477,34.05228000019633, 0.3278619997217902,20,20,27.8,0.0,0
3393,1776086219.0321429,12.77707899998859, 0.2704359999370354,19,0,27.8,0.0,0
3394,1776086219.0584598,16.836791000059748, 0.3179710001859348,17,17,27.8,0.0,0
3395,1776086219.0931246,20.65924000044106, 0.3277780001553765,21,20,27.8,0.0,0
3396,1776086219.3802524,18.95087999992029, 259.91303199998583,17,12,27.8,0.0,0
3398,1776086219.3855088,0.33889899987116223, 0.1820150000639842,0,12,27.8,0.0,1
3399,1776086219.3991919,0.8240469996962929, 0.342134999755217,0,11,27.8,0.0,1
3400,1776086219.4302018,2.0467629997256154, 0.3347799997754919,0,8,27.8,0.0,1
3401,1776086219.4627225,0.46634799991807085, 0.3044380000574165,0,0,27.8,0.0,1
3402,1776086219.488113,0.04821900029128301, 0.37728899997091503,0,0,27.8,0.0,1
3403,1776086219.5163226,0.036302000353316544, 0.2839819999280735,0,0,27.8,0.0,1
3404,1776086219.5471606,0.04561200012176414, 0.3456299996287271,0,0,27.8,0.0,1
3405,1776086219.5769725,0.0468390003334207, 0.35304399989399826,0,0,27.8,0.0,1
3406,1776086219.6071494,0.04328599970904179, 0.3402670004106767,0,0,27.8,0.0,1
3407,1776086219.6368802,0.04052099984619417, 0.3069449999202334,0,0,27.8,0.0,1
3408,1776086219.666053,0.04711799965662067, 0.34212500031571835,0,0,27.8,0.0,1
3409,1776086219.696059,0.050211000143463025, 0.3717990002769511,0,0,27.8,0.0,1
3410,1776086219.7260919,0.04936100003760657, 0.39758799994160654,0,0,27.8,0.0,1
3411,1776086219.755076,0.04471299962460762, 0.33796099978644634,0,0,27.8,0.0,1
3412,1776086219.7849603,0.0476919999528036, 0.3431720001572103,0,0,27.8,0.0,1
3413,1776086219.814739,0.06060699979570927, 0.3403910000088217,0,0,27.8,0.0,1
3414,1776086219.8446884,0.04274200000509154, 0.35873700016963994,0,0,27.8,0.0,1
3415,1776086219.8743749,0.044161000005260576, 0.3514700001687743,0,0,27.8,0.0,1
3416,1776086219.9039428,0.04423500013217563, 0.3423210000619292,0,0,27.8,0.0,1
3417,1776086219.933293,0.046067999846854946, 0.3380230000402662,0,0,27.8,0.0,1
3418,1776086219.9649818,0.040329000057681696, 0.3016099999513244,0,0,27.8,0.0,1
3419,1776086219.9933197,0.04972400029146229, 0.373091000255954,0,0,27.8,0.0,1
3420,1776086220.0230815,0.045774000227538636, 0.34198399998786044,0,0,27.8,0.0,1
3421,1776086220.0521886,0.0447470001745387, 0.3360890000294603,0,0,27.8,0.0,1
3422,1776086220.0824008,0.05297500001688604, 0.3927479997400951,0,0,27.8,0.0,1
3423,1776086220.111851,0.043851000100403326, 0.3410790000089037,0,0,27.8,0.0,1
3424,1776086220.141672,0.04524099995251163, 0.3610210001170344,0,0,27.8,0.0,1
3425,1776086220.1711118,0.045575000058306614, 0.3430239999033802,0,0,27.8,0.0,1
3426,1776086220.2013965,0.04576199989969609, 0.349537000147393,0,0,27.8,0.0,1
3427,1776086220.2314117,0.04344499984654249, 0.34966900011568214,0,0,27.8,0.0,1
3428,1776086220.2602496,0.04718799982583732, 0.3323200003251259,0,0,27.8,0.0,1
3429,1776086220.2900763,0.043234000258962624, 0.34274400013600825,0,0,27.8,0.0,1
3430,1776086220.3202095,0.05018199999540229, 0.38354199978130055,0,0,27.8,0.0,1
3431,1776086220.3497047,0.042565000057948055, 0.36080699965168606,0,0,27.8,0.0,1
3431,1776086220.411605,32.52670700021554, 0.3466390003268316,25,20,27.8,0.0,0
3432,1776086220.4513965,22.762277999845537, 0.29705699989790446,27,0,27.8,0.0,0
3433,1776086220.4670873,13.932324000052176, 0.326504999975441,27,20,27.8,0.0,0
3434,1776086220.4817455,12.702991999958613, 0.32228700001724064,31,20,27.8,0.0,0
3435,1776086220.775941,21.00887500000681, 258.2378259999132,28,14,27.8,0.0,0
3437,1776086220.780186,0.4801190002581279, 0.18851100003303145,0,14,27.8,0.0,1
3438,1776086220.7962384,0.8388129999730154, 0.3407290000723151,0,12,27.8,0.0,1
3439,1776086220.8263142,0.7555920001323102, 0.31336600022768835,0,11,27.8,0.0,1
3440,1776086220.8570323,2.1688419997190067, 0.4087190000063856,0,0,27.8,0.0,1
3441,1776086220.8886445,0.04526800012172316, 0.2592820001154905,0,0,27.8,0.0,1
3442,1776086220.9135306,0.04655700013245223, 0.3816040002675436,0,0,27.8,0.0,1
3443,1776086220.9432933,0.04739499991046614, 0.38480400007756543,0,0,27.8,0.0,1
3444,1776086220.9730937,0.045046999730402604, 0.36655399981100345,0,0,27.8,0.0,1
3445,1776086221.0035918,0.05180500011192635, 0.3955629999836674,0,0,27.8,0.0,1
3446,1776086221.0330493,0.04499500028032344, 0.346891999924992,0,0,27.8,0.0,1
3447,1776086221.0634358,0.04986500016457285, 0.38075200018283795,0,0,27.8,0.0,1
3448,1776086221.0922592,0.0453689999631024, 0.3584959999898274,0,0,27.8,0.0,1
3449,1776086221.1220293,0.04332200023782207, 0.3406929999982822,0,0,27.8,0.0,1
3450,1776086221.1537309,0.04345999968791148, 0.31475800005864585,0,0,27.8,0.0,1
3451,1776086221.1810493,0.0432689998888236, 0.35004700021090684,0,0,27.8,0.0,1
3452,1776086221.2115743,0.050198000280943234, 0.3976900002271577,0,0,27.8,0.0,1
3453,1776086221.2409894,0.04372099965621601, 0.3403099999559345,0,0,27.8,0.0,1
3454,1776086221.2711167,0.05231499972069287, 0.3849689996968664,0,0,27.8,0.0,1
3455,1776086221.3005545,0.050363999889668776, 0.35692499977812986,0,0,27.8,0.0,1
3456,1776086221.3301175,0.042673999814724084, 0.3451950001363002,0,0,27.8,0.0,1
3457,1776086221.359793,0.045047000185149955, 0.33622099999774946,0,0,27.8,0.0,1
3458,1776086221.3900874,0.044354000237945, 0.3465459999461018,0,0,27.8,0.0,1
3459,1776086221.419838,0.04049200015288079, 0.31357700027001556,0,0,27.8,0.0,1
3460,1776086221.449017,0.043555000047490466, 0.33953599995584227,0,0,27.8,0.0,1
3461,1776086221.4787612,0.04308100005800952, 0.3453389999776846,0,0,27.8,0.0,1
3462,1776086221.5082784,0.042209000184811885, 0.3541080000104557,0,0,27.8,0.0,1
3463,1776086221.538077,0.04294299969842541, 0.3399869997338101,0,0,27.8,0.0,1
3464,1776086221.5678728,0.04460500031200354, 0.34089899963873904,0,0,27.8,0.0,1
3465,1776086221.597677,0.04511999986789306, 0.35865699965142994,0,0,27.8,0.0,1
3466,1776086221.6272893,0.04315899968787562, 0.3494879997560929,0,0,27.8,0.0,1
3467,1776086221.6561854,0.036872999771730974, 0.29700799996135174,0,0,27.8,0.0,1
3468,1776086221.6867754,0.04557800002658041, 0.34706799988271086,0,0,27.8,0.0,1
3469,1776086221.7162895,0.04578599964588648, 0.3333080003358191,0,0,27.8,0.0,1
3470,1776086221.7475812,0.043694999931176426, 0.3269009998803085,0,0,27.8,0.0,1
3470,1776086221.808598,32.81518799985861, 0.34509199986132444,20,20,27.8,0.0,0
3471,1776086221.858095,22.388659000171174, 0.2842950002559519,19,0,27.8,0.0,0
3472,1776086221.8765411,16.712895999717148, 0.3295729998171737,20,20,27.8,0.0,0
3473,1776086221.8909407,12.511342999914632, 0.3252240003348561,18,20,27.8,0.0,0
3474,1776086222.1975842,22.66115100019306, 257.9657119999865,20,14,27.8,0.0,0
3476,1776086222.2018807,0.7959689996823727, 0.23397699987981468,0,14,27.8,0.0,1
3477,1776086222.2225316,0.8968749998530257, 0.3630880000855541,0,11,27.8,0.0,1
3478,1776086222.253278,2.152400999875681, 0.3271379996476753,0,9,27.8,0.0,1
3479,1776086222.2861485,0.5125960001350904, 0.3243699998165539,0,0,27.8,0.0,1
3480,1776086222.3114836,0.04336400024840259, 0.343435000104364,0,0,27.8,0.0,1
3481,1776086222.3417864,0.03872399975080043, 0.29117200028849766,0,0,27.8,0.0,1
3482,1776086222.3701155,0.04451499989954755, 0.33423500008211704,0,0,27.8,0.0,1
3483,1776086222.3998685,0.04677100014305324, 0.34078600037901197,0,0,27.8,0.0,1
3484,1776086222.4297495,0.05891999990126351, 0.3417269999772543,0,0,27.8,0.0,1
3485,1776086222.4591548,0.04256900001564645, 0.34062700024151127,0,0,27.8,0.0,1
3486,1776086222.4890275,0.04518900004768511, 0.3410680001252331,0,0,27.8,0.0,1
3487,1776086222.5188322,0.048864000291359844, 0.3351010000187671,0,0,27.8,0.0,1
3488,1776086222.548623,0.03997899966634577, 0.33227500034627155,0,0,27.8,0.0,1
3489,1776086222.578431,0.04305399988879799, 0.3463849998297519,0,0,27.8,0.0,1
3490,1776086222.6079035,0.04230900003676652, 0.34842899958675844,0,0,27.8,0.0,1
3491,1776086222.637728,0.06242400013434235, 0.3515650000736059,0,0,27.8,0.0,1
3492,1776086222.6671546,0.04361500032246113, 0.3335440001137613,0,0,27.8,0.0,1
3493,1776086222.6970851,0.04344600029071444, 0.34104099995602155,0,0,27.8,0.0,1
3494,1776086222.7270908,0.04726599991045077, 0.3795939996962261,0,0,27.8,0.0,1
3495,1776086222.7566845,0.048005000280682, 0.35452700012683636,0,0,27.8,0.0,1
3496,1776086222.786172,0.044659000195679255, 0.34374699998807046,0,0,27.8,0.0,1
3497,1776086222.816267,0.05052599999544327, 0.37612500000250293,0,0,27.8,0.0,1
3498,1776086222.845719,0.058814999647438526, 0.34358599987172056,0,0,27.8,0.0,1
3499,1776086222.8755558,0.05073199963590014, 0.36654899986388045,0,0,27.8,0.0,1
3500,1776086222.905977,0.04573400019580731, 0.33583300000827876,0,0,27.8,0.0,1
3501,1776086222.9363275,0.04400200032250723, 0.31583499958287575,0,0,27.8,0.0,1
3502,1776086222.964364,0.04750600010083872, 0.34552899978734786,0,0,27.8,0.0,1
3503,1776086222.9945545,0.0527339998370735, 0.36102299964113627,0,0,27.8,0.0,1
3504,1776086223.024154,0.046177000058378326, 0.38041700008761836,0,0,27.8,0.0,1
3505,1776086223.0537908,0.04621200014298665, 0.3452010000728478,0,0,27.8,0.0,1
3506,1776086223.083209,0.0464550003016484, 0.3329430001031142,0,0,27.8,0.0,1
3507,1776086223.113335,0.04967499990016222, 0.3696829999171314,0,0,27.8,0.0,1
3508,1776086223.1431773,0.045306999709282536, 0.33666899980744347,0,0,27.8,0.0,1
3509,1776086223.172597,0.04285200020603952, 0.3295669998806261,0,0,27.8,0.0,1
3509,1776086223.2342312,32.16783799962286, 0.3262390000600135,23,20,27.8,0.0,0
3510,1776086223.2498374,13.681556999927125, 0.2696619999369432,25,0,27.8,0.0,0
3511,1776086223.2829063,21.084390999931202, 0.315243999921222,18,18,27.8,0.0,0
3512,1776086223.3104413,18.93138800005545, 0.34352900001977105,21,20,27.8,0.0,0
3513,1776086223.5987241,19.814566999684757, 258.5111700000198,19,13,27.8,0.0,0
3515,1776086223.603116,0.5384639998737839, 0.17721299991535489,0,13,27.8,0.0,1
3516,1776086223.6188583,0.8110839999062591, 0.3187779998370388,0,13,27.8,0.0,1
3517,1776086223.6486948,0.8297180002045934, 0.37312099993869197,0,9,27.8,0.0,1
3518,1776086223.6797073,2.0475050000641204, 0.4033519999211421,0,0,27.8,0.0,1
3519,1776086223.7112892,0.03604900030040881, 0.2662789997884829,0,0,27.8,0.0,1
3520,1776086223.737256,0.04342199963502935, 0.34049199985020095,0,0,27.8,0.0,1
3521,1776086223.7671711,0.04625000019586878, 0.34063300017805886,0,0,27.8,0.0,1
3522,1776086223.7966883,0.04838299992115935, 0.36044700027559884,0,0,27.8,0.0,1
3523,1776086223.8261495,0.0448239998149802, 0.3448289999141707,0,0,27.8,0.0,1
3524,1776086223.8558986,0.04369999987829942, 0.3463070001998858,0,0,27.8,0.0,1
3525,1776086223.885782,0.04376700007924228, 0.34951799989357824,0,0,27.8,0.0,1
3526,1776086223.9151876,0.04410800011100946, 0.33894799980771495,0,0,27.8,0.0,1
3527,1776086223.945389,0.05130699992150767, 0.39100999993024743,0,0,27.8,0.0,1
3528,1776086223.974964,0.04484900000534253, 0.3429370003686927,0,0,27.8,0.0,1
3529,1776086224.0044394,0.0436549998994451, 0.35149199993611546,0,0,27.8,0.0,1
3530,1776086224.0343888,0.04695799998444272, 0.38432599967563874,0,0,27.8,0.0,1
3531,1776086224.063895,0.045187000068835914, 0.338345000272966,0,0,27.8,0.0,1
3532,1776086224.0948336,0.04424500002642162, 0.34938599992528907,0,0,27.8,0.0,1
3533,1776086224.12472,0.04131799960305216, 0.29314599987628753,0,0,27.8,0.0,1
3534,1776086224.1529899,0.04680400024881237, 0.34203599989268696,0,0,27.8,0.0,1
3535,1776086224.1828125,0.04642899966711411, 0.3442399997766188,0,0,27.8,0.0,1
3536,1776086224.2126293,0.04413399983604904, 0.36368199971548165,0,0,27.8,0.0,1
3537,1776086224.2423346,0.04686700003730948, 0.366013000075327,0,0,27.8,0.0,1
3538,1776086224.2719183,0.04467999997359584, 0.3430239999033802,0,0,27.8,0.0,1
3539,1776086224.302059,0.04407300002640113, 0.3443620003054093,0,0,27.8,0.0,1
3540,1776086224.3318684,0.04506400000536814, 0.3384000001460663,0,0,27.8,0.0,1
3541,1776086224.3613245,0.044473999878391623, 0.35626799990495783,0,0,27.8,0.0,1
3542,1776086224.3912332,0.05347599972083117, 0.40052099984677625,0,0,27.8,0.0,1
3543,1776086224.4202452,0.043184999867662555, 0.33712100002958323,0,0,27.8,0.0,1
3544,1776086224.4500604,0.04488399963520351, 0.3392850003365311,0,0,27.8,0.0,1
3545,1776086224.4799078,0.04547399976218003, 0.3401310000299418,0,0,27.8,0.0,1
3546,1776086224.5100105,0.04638600012185634, 0.3806200002145488,0,0,27.8,0.0,1
3547,1776086224.5391192,0.04363599964563036, 0.338579000072059,0,0,27.8,0.0,1
3548,1776086224.569054,0.04399399995236308, 0.33733700001903344,0,0,27.8,0.0,1
3548,1776086224.618407,19.52017399980832, 0.28947500004505855,11,11,27.8,0.0,0
3549,1776086224.6763294,24.013725999793678, 0.3200979999746778,9,0,27.8,0.0,0
3550,1776086224.6944852,16.388467000069795, 0.2642829999786045,7,7,27.8,0.0,0
3551,1776086224.7086089,12.19005399980233, 0.2748310002971266,7,10,27.8,0.0,0
3552,1776086224.9881904,14.29923100022279, 257.2909109999273,8,7,27.8,0.0,0
3554,1776086224.9925327,0.3177300000061223, 0.19962299984399579,0,7,27.8,0.0,1
3555,1776086225.0164592,0.49802699959400343, 0.3362550000929332,0,5,27.8,0.0,1
3556,1776086225.0459867,2.1048079997854074, 0.3329989999656391,0,5,27.8,0.0,1
3557,1776086225.0783668,0.33621300008235266, 0.31470400017497013,0,0,27.8,0.0,1
3558,1776086225.1034322,0.04676300022765645, 0.3840099998342339,0,0,27.8,0.0,1
3559,1776086225.1330504,0.04843300030188402, 0.4022300004180579,0,0,27.8,0.0,1
3560,1776086225.16349,0.05225099994277116, 0.37553900028797216,0,0,27.8,0.0,1
3561,1776086225.1929207,0.04851599987887312, 0.33837199998743017,0,0,27.8,0.0,1
3562,1776086225.2231264,0.04370099986772402, 0.34925600039059645,0,0,27.8,0.0,1
3563,1776086225.2536204,0.050302999625273515, 0.3869119996124937,0,0,27.8,0.0,1
3564,1776086225.2820818,0.04561399964586599, 0.33733400005075964,0,0,27.8,0.0,1
3565,1776086225.3119087,0.04733500009024283, 0.3372050000507443,0,0,27.8,0.0,1
3566,1776086225.3419878,0.0488539999423665, 0.3768569999920146,0,0,27.8,0.0,1
3567,1776086225.3712451,0.044906000312039396, 0.33710900015648804,0,0,27.8,0.0,1
3568,1776086225.4010563,0.044285000058152946, 0.3404940002837975,0,0,27.8,0.0,1
3569,1776086225.4311817,0.050022999857901596, 0.3789799998230592,0,0,27.8,0.0,1
3570,1776086225.4603188,0.04429399996297434, 0.3338239998811332,0,0,27.8,0.0,1
3571,1776086225.4902375,0.04432299965628772, 0.3476820002106251,0,0,27.8,0.0,1
3572,1776086225.5199907,0.0447470001745387, 0.34336699991399655,0,0,27.8,0.0,1
3573,1776086225.5499978,0.053047000164951896, 0.3841669999928854,0,0,27.8,0.0,1
3574,1776086225.579922,0.04229400019539753, 0.31265100005839486,0,0,27.8,0.0,1
3575,1776086225.6105418,0.0401719998990302, 0.3233380002711783,0,0,27.8,0.0,1
3576,1776086225.6388094,0.045711999973718775, 0.34453599982953165,0,0,27.8,0.0,1
3577,1776086225.6687138,0.05983100027151522, 0.33783499975470477,0,0,27.8,0.0,1
3578,1776086225.698087,0.04501900002651382, 0.33646599968051305,0,0,27.8,0.0,1
3579,1776086225.7280009,0.04474699971979135, 0.3434830000514921,0,0,27.8,0.0,1
3580,1776086225.7577374,0.05887299994355999, 0.3432519997659256,0,0,27.8,0.0,1
3581,1776086225.7871618,0.04831000023841625, 0.33919900033652084,0,0,27.8,0.0,1
3582,1776086225.8177218,0.06121700016592513, 0.34356800006207777,0,0,27.8,0.0,1
3583,1776086225.8472621,0.04566899997371365, 0.3446119999352959,0,0,27.8,0.0,1
3584,1776086225.8767235,0.05787800000689458, 0.3456669996921846,0,0,27.8,0.0,1
3585,1776086225.9064064,0.04752099994220771, 0.3843800000140618,0,0,27.8,0.0,1
3586,1776086225.9360003,0.04601299997375463, 0.35771799957728945,0,0,27.8,0.0,1
3587,1776086225.9657252,0.05940299979556585, 0.34202400001959177,0,0,27.8,0.0,1
3587,1776086226.029322,33.729317000052106, 0.27761899991674,13,13,27.8,0.0,0
3588,1776086226.082634,23.417292999965866, 0.25518899974485976,15,0,27.8,0.0,0
3589,1776086226.1072693,19.77810399966984, 0.2791590000015276,13,13,27.8,0.0,0
3590,1776086226.1355176,18.983656000273186, 0.3469739999673038,14,20,27.8,0.0,0
3591,1776086226.4215875,19.141936999858444, 257.7077700002519,20,11,27.8,0.0,0
3593,1776086226.425735,0.6747209999957704, 0.22960000023886096,0,11,27.8,0.0,1
3594,1776086226.4421232,0.703925000379968, 0.3669980001177464,0,6,27.8,0.0,1
3595,1776086226.4719865,0.49546499985808623, 0.3158829999847512,0,6,27.8,0.0,1
3596,1776086226.5025628,1.9609400001172617, 0.39913799992064014,0,0,27.8,0.0,1
3597,1776086226.5343065,0.03593200017348863, 0.26281300006303354,0,0,27.8,0.0,1
3598,1776086226.5602818,0.049850999857881106, 0.38353899981302675,0,0,27.8,0.0,1
3599,1776086226.589815,0.042597000174282584, 0.34316199980821693,0,0,27.8,0.0,1
3600,1776086226.6195753,0.05198500002734363, 0.3619460003392305,0,0,27.8,0.0,1
3601,1776086226.6490471,0.04347100002632942, 0.3443419996074226,0,0,27.8,0.0,1
3602,1776086226.6790135,0.04337800010034698, 0.34144799974455964,0,0,27.8,0.0,1
3603,1776086226.7089927,0.0442759996985842, 0.3441050002948032,0,0,27.8,0.0,1
3604,1776086226.7381768,0.0435850001849758, 0.3422610002417059,0,0,27.8,0.0,1
3605,1776086226.7679324,0.042514999677223386, 0.34330000016780104,0,0,27.8,0.0,1
3606,1776086226.799187,0.028603999908227706, 0.19376999989617616,0,0,27.8,0.0,1
3607,1776086226.8272629,0.043650999941746704, 0.3370280001036008,0,0,27.8,0.0,1
3608,1776086226.8571367,0.045451000005414244, 0.34160099994551274,0,0,27.8,0.0,1
3609,1776086226.8869011,0.04482700023800135, 0.3360210002938402,0,0,27.8,0.0,1
3610,1776086226.916713,0.05795700008093263, 0.3417080001781869,0,0,27.8,0.0,1
3611,1776086226.9465194,0.047885000185488025, 0.37408399975902284,0,0,27.8,0.0,1
3612,1776086226.9760947,0.043353999899409246, 0.3401740000299469,0,0,27.8,0.0,1
3613,1776086227.0061986,0.049234000016440405, 0.37735999967480893,0,0,27.8,0.0,1
3614,1776086227.0355833,0.04059200000483543, 0.3353409997544077,0,0,27.8,0.0,1
3615,1776086227.0657022,0.053112000387045555, 0.31093000006876537,0,0,27.8,0.0,1
3616,1776086227.0949621,0.04369500038592378, 0.34066899979734444,0,0,27.8,0.0,1
3617,1776086227.1247108,0.04455699991012807, 0.3446719997555192,0,0,27.8,0.0,1
3618,1776086227.1541448,0.0423379997300799, 0.34188499967058306,0,0,27.8,0.0,1
3619,1776086227.1840258,0.044687999888992636, 0.34193000010418473,0,0,27.8,0.0,1
3620,1776086227.2138288,0.04674199999499251, 0.3437949999351986,0,0,27.8,0.0,1
3621,1776086227.2436085,0.04717699994216673, 0.3718829998433648,0,0,27.8,0.0,1
3622,1776086227.2731307,0.043850999645655975, 0.3403870000511233,0,0,27.8,0.0,1
3623,1776086227.3032532,0.042238999867549865, 0.34541900004114723,0,0,27.8,0.0,1
3624,1776086227.3326921,0.045679999857384246, 0.3608929996516963,0,0,27.8,0.0,1
3625,1776086227.3622088,0.04275799983588513, 0.3416580002522096,0,0,27.8,0.0,1
3626,1776086227.393465,0.04066600013175048, 0.3178930001013214,0,0,27.8,0.0,1
3626,1776086227.4555683,33.79415700010213, 0.344116999713151,23,20,27.8,0.0,0
3627,1776086227.5103629,24.157244999969407, 0.28659300005529076,25,0,27.8,0.0,0
3628,1776086227.527726,15.703809000115143, 0.27931599970543175,13,13,27.8,0.0,0
3629,1776086227.5613313,21.571927000422875, 0.3136320001431159,18,19,27.8,0.0,0
3630,1776086227.849774,19.819322999865108, 259.0166859999954,16,12,27.8,0.0,0
3632,1776086227.854041,0.5250490003163577, 0.17714400019031018,0,12,27.8,0.0,1
3633,1776086227.8674867,0.7137519996831543, 0.2961280001727573,0,11,27.8,0.0,1
3634,1776086227.8995512,2.1889449999434873, 0.31596600001648767,0,10,27.8,0.0,1
3635,1776086227.9315946,0.5318230000739277, 0.3318770000078075,0,0,27.8,0.0,1
3636,1776086227.957329,0.04855500037592719, 0.3368969996699889,0,0,27.8,0.0,1
3637,1776086227.9877539,0.04070599970873445, 0.29328400023587164,0,0,27.8,0.0,1
3638,1776086228.016077,0.049540999953023857, 0.34551599992482807,0,0,27.8,0.0,1
3639,1776086228.0458162,0.04625699966709362, 0.34341799982939847,0,0,27.8,0.0,1
3640,1776086228.0752976,0.044163999973534374, 0.33622599994487246,0,0,27.8,0.0,1
3641,1776086228.105082,0.047976000132621266, 0.33839799971246975,0,0,27.8,0.0,1
3642,1776086228.1352236,0.05057199996372219, 0.37816899975950946,0,0,27.8,0.0,1
3643,1776086228.1649635,0.05208299990044907, 0.38480800003526383,0,0,27.8,0.0,1
3644,1776086228.194568,0.044396000248525525, 0.3297660000498581,0,0,27.8,0.0,1
3645,1776086228.224747,0.06104599970058189, 0.34407700013616704,0,0,27.8,0.0,1
3646,1776086228.2539487,0.04421300036483444, 0.35091399968223413,0,0,27.8,0.0,1
3647,1776086228.2832575,0.04640099996322533, 0.3441980002207856,0,0,27.8,0.0,1
3648,1776086228.313101,0.04279199993106886, 0.34005499992417754,0,0,27.8,0.0,1
3649,1776086228.3429222,0.04398199962452054, 0.3341980000186595,0,0,27.8,0.0,1
3650,1776086228.3727453,0.061017999996693106, 0.3457430002526962,0,0,27.8,0.0,1
3651,1776086228.4022088,0.04624799976227223, 0.3357129999130848,0,0,27.8,0.0,1
3652,1776086228.4323874,0.04827399970963597, 0.3826520000984601,0,0,27.8,0.0,1
3653,1776086228.46186,0.04243300008965889, 0.34407100019961945,0,0,27.8,0.0,1
3654,1776086228.4912944,0.044195000100444304, 0.33395599984942237,0,0,27.8,0.0,1
3655,1776086228.5211167,0.04631000001609209, 0.34418000041114283,0,0,27.8,0.0,1
3656,1776086228.5521138,0.047171000005619135, 0.3444369999670016,0,0,27.8,0.0,1
3657,1776086228.5821953,0.04162799996265676, 0.31852499978413107,0,0,27.8,0.0,1
3658,1776086228.6102793,0.042268000015610596, 0.33832100007202826,0,0,27.8,0.0,1
3659,1776086228.6399715,0.04616700016413233, 0.33617700000831974,0,0,27.8,0.0,1
3660,1776086228.6699622,0.04654400026993244, 0.33950499982893234,0,0,27.8,0.0,1
3661,1776086228.6997368,0.06304999988060445, 0.342582999564911,0,0,27.8,0.0,1
3662,1776086228.7292106,0.046705000386282336, 0.3433990000303311,0,0,27.8,0.0,1
3663,1776086228.759226,0.04943300018567243, 0.37795799971718225,0,0,27.8,0.0,1
3664,1776086228.7894404,0.051932000133092515, 0.3668599997581623,0,0,27.8,0.0,1
3665,1776086228.8193874,0.046845000269968295, 0.3704629998537712,0,0,27.8,0.0,1
3665,1776086228.882727,34.81292600008601, 0.32869699998627766,21,20,27.8,0.0,0
3666,1776086228.9375556,23.336288999871613, 0.28599300003406825,28,0,27.8,0.0,0
3667,1776086228.9560463,16.7656739999984, 0.3375399996912165,21,20,27.8,0.0,0
3668,1776086228.9891021,21.42746100025761, 0.3295829997114197,20,20,27.8,0.0,0
3669,1776086229.2740965,18.505331000142178, 258.64812000008897,22,13,27.8,0.0,0
3671,1776086229.2785516,0.7674759999645175, 0.18023700022240519,0,13,27.8,0.0,1
3672,1776086229.2946486,0.8256810001512349, 0.3284519998487667,0,12,27.8,0.0,1
3673,1776086229.3243973,0.8202389999496518, 0.3878150000673486,0,8,27.8,0.0,1
3674,1776086229.355077,1.9947650002904993, 0.37846600025659427,0,0,27.8,0.0,1
3675,1776086229.3875682,0.04224199983582366, 0.27128100009576883,0,0,27.8,0.0,1
3676,1776086229.4131434,0.0476949999210774, 0.3415269998185977,0,0,27.8,0.0,1
3677,1776086229.4428988,0.04198800024823868, 0.31483699967793655,0,0,27.8,0.0,1
3678,1776086229.4720113,0.0453620000371302, 0.34032399980787886,0,0,27.8,0.0,1
3679,1776086229.501884,0.045047000185149955, 0.34812800004146993,0,0,27.8,0.0,1
3680,1776086229.531285,0.042734999624371994, 0.3299139998489409,0,0,27.8,0.0,1
3681,1776086229.5611384,0.04224399981467286, 0.3475200001048506,0,0,27.8,0.0,1
3682,1776086229.590962,0.04502599995248602, 0.3375870001036674,0,0,27.8,0.0,1
3683,1776086229.6207554,0.04645399985747645, 0.33950499982893234,0,0,27.8,0.0,1
3684,1776086229.6503131,0.04303399964555865, 0.33545399992362945,0,0,27.8,0.0,1
3685,1776086229.6803343,0.041401000089535955, 0.3376469999238907,0,0,27.8,0.0,1
3686,1776086229.709838,0.04564800019579707, 0.3386349999345839,0,0,27.8,0.0,1
3687,1776086229.739291,0.04359300010037259, 0.33850599993456854,0,0,27.8,0.0,1
3688,1776086229.7705956,0.04465399979380891, 0.30199100001482293,0,0,27.8,0.0,1
3689,1776086229.798969,0.04295999997339095, 0.3385919999345788,0,0,27.8,0.0,1
3690,1776086229.8290794,0.051080000048386864, 0.38440100024672574,0,0,27.8,0.0,1
3691,1776086229.858234,0.04233700019540265, 0.34243399977640365,0,0,27.8,0.0,1
3692,1776086229.8884444,0.049327999931847444, 0.3755690004254575,0,0,27.8,0.0,1
3693,1776086229.9178247,0.043446999825391686, 0.341342999945482,0,0,27.8,0.0,1
3694,1776086229.9477155,0.04282000008970499, 0.36835900027654134,0,0,27.8,0.0,1
3695,1776086229.9771006,0.04813899977307301, 0.3373549998286762,0,0,27.8,0.0,1
3696,1776086230.0074506,0.04330100000515813, 0.3635439998106449,0,0,27.8,0.0,1
3697,1776086230.037406,0.041974000396294286, 0.34241699995618546,0,0,27.8,0.0,1
3698,1776086230.066198,0.04414400018504239, 0.3499480003483768,0,0,27.8,0.0,1
3699,1776086230.0960622,0.0438120000580966, 0.3395809999346966,0,0,27.8,0.0,1
3700,1776086230.125824,0.04704100001617917, 0.34037000023090513,0,0,27.8,0.0,1
3701,1776086230.1556916,0.04245299987815088, 0.3527860003487149,0,0,27.8,0.0,1
3702,1776086230.1851127,0.045943999793962575, 0.3376829999979236,0,0,27.8,0.0,1
3703,1776086230.2150283,0.04440099974090117, 0.34329300024182885,0,0,27.8,0.0,1
3704,1776086230.244826,0.04261899994162377, 0.35050499991484685,0,0,27.8,0.0,1
3704,1776086230.3080792,33.29623300032836, 0.30590400001528906,17,17,27.8,0.0,0
3705,1776086230.3458326,22.40757700019458, 0.25346899974465487,21,0,27.8,0.0,0
3706,1776086230.3617651,14.040763000139123, 0.3082890002588101,22,20,27.8,0.0,0
3707,1776086230.378367,12.752859000102035, 0.35343199988346896,20,20,27.8,0.0,0
3708,1776086230.6716425,20.262679000097705, 258.7796120001258,19,16,27.8,0.0,0
3710,1776086230.6768918,0.4705239998656907, 0.17140099998869118,0,16,27.8,0.0,1
3711,1776086230.6905499,0.9196539999720699, 0.33252599996558274,0,12,27.8,0.0,1
3712,1776086230.7223327,2.317567999853054, 0.34738300018943846,0,10,27.8,0.0,1
3713,1776086230.7545793,0.5375350001486368, 0.33478100021966384,0,0,27.8,0.0,1
3714,1776086230.779697,0.046643000132462475, 0.3595489997678669,0,0,27.8,0.0,1
3715,1776086230.8090715,0.04582800011121435, 0.33724499962772825,0,0,27.8,0.0,1
3716,1776086230.839282,0.05285699990054127, 0.3786170000239508,0,0,27.8,0.0,1
3717,1776086230.869081,0.05364899971027626, 0.37807800026712357,0,0,27.8,0.0,1
3718,1776086230.898954,0.04661699995267554, 0.3390030001355626,0,0,27.8,0.0,1
3719,1776086230.9287665,0.040593999983684625, 0.3156729999318486,0,0,27.8,0.0,1
3720,1776086230.957875,0.046193000343919266, 0.3387990000192076,0,0,27.8,0.0,1
3721,1776086230.9881022,0.04992200001652236, 0.3842139999505889,0,0,27.8,0.0,1
3722,1776086231.017644,0.045106000015948666, 0.36715099986395217,0,0,27.8,0.0,1
3723,1776086231.0473003,0.04873300031249528, 0.3783619999921939,0,0,27.8,0.0,1
3724,1776086231.0771062,0.052816999868809944, 0.38206800036277855,0,0,27.8,0.0,1
3725,1776086231.1070414,0.04961199965691776, 0.37559600013992167,0,0,27.8,0.0,1
3726,1776086231.1361077,0.04544300009001745, 0.3436010001678369,0,0,27.8,0.0,1
3727,1776086231.1665993,0.05072600015409989, 0.36699199972645147,0,0,27.8,0.0,1
3728,1776086231.1956503,0.04737500012197415, 0.3534350003064901,0,0,27.8,0.0,1
3729,1776086231.2257285,0.06160200018712203, 0.34447000007276074,0,0,27.8,0.0,1
3730,1776086231.256855,0.043402000301284716, 0.3159870002491516,0,0,27.8,0.0,1
3731,1776086231.2848904,0.051961999815830495, 0.3336059999128338,0,0,27.8,0.0,1
3732,1776086231.3142886,0.04647900004783878, 0.3335810001772188,0,0,27.8,0.0,1
3733,1776086231.3440175,0.04554499992082128, 0.34475599977668026,0,0,27.8,0.0,1
3734,1776086231.3742368,0.04943200019624783, 0.3889270001309342,0,0,27.8,0.0,1
3735,1776086231.4036984,0.04369199996290263, 0.3600830000323185,0,0,27.8,0.0,1
3736,1776086231.4331996,0.044936999984201975, 0.34971400009453646,0,0,27.8,0.0,1
3737,1776086231.4628937,0.04564800019579707, 0.3457869997873786,0,0,27.8,0.0,1
3738,1776086231.4931853,0.04622899996320484, 0.341696999839769,0,0,27.8,0.0,1
3739,1776086231.5228922,0.03986199999417295, 0.3106409999418247,0,0,27.8,0.0,1
3740,1776086231.5520704,0.044144999719719635, 0.34424000023136614,0,0,27.8,0.0,1
3741,1776086231.5822284,0.051205000090703834, 0.38353999980245135,0,0,27.8,0.0,1
3742,1776086231.6119766,0.0504079998790985, 0.39138700003604754,0,0,27.8,0.0,1
3743,1776086231.6420026,0.049309999667457305, 0.38081699995018425,0,0,27.8,0.0,1
3743,1776086231.702482,31.590073000188568, 0.3305499999441963,20,20,27.8,0.0,0
3744,1776086231.718046,13.697094999770343, 0.27730400006475975,18,0,27.8,0.0,0
3745,1776086231.7554479,22.858304000237695, 0.31458300009035156,17,17,27.8,0.0,0
3746,1776086231.7767737,16.017384999940987, 0.3305019999970682,18,20,27.8,0.0,0
3747,1776086232.0710397,21.261974000026385, 260.14308699996036,14,13,27.8,0.0,0
3749,1776086232.0755198,0.7612790000166569, 0.24644799987072474,0,13,27.8,0.0,1
3750,1776086232.087666,0.7630569998582359, 0.35394199994698283,0,8,27.8,0.0,1
3751,1776086232.1181,0.5816539996885695, 0.3299689997220412,0,6,27.8,0.0,1
3752,1776086232.1480947,1.8915989999186422, 0.3640770000856719,0,0,27.8,0.0,1
3753,1776086232.180217,0.035848000152327586, 0.2609000002848916,0,0,27.8,0.0,1
3754,1776086232.2062252,0.048193000111496076, 0.3780730003200006,0,0,27.8,0.0,1
3755,1776086232.235328,0.04179500001555425, 0.33505999999761116,0,0,27.8,0.0,1
3756,1776086232.265178,0.0445900000158872, 0.33621700004005106,0,0,27.8,0.0,1
3757,1776086232.295048,0.04331199988882872, 0.34415799973430694,0,0,27.8,0.0,1
3758,1776086232.325169,0.0480809999316989, 0.3624030000537459,0,0,27.8,0.0,1
3759,1776086232.3549504,0.0423339997723815, 0.34021100009340444,0,0,27.8,0.0,1
3760,1776086232.3840597,0.046966999889264116, 0.33073000031436095,0,0,27.8,0.0,1
3761,1776086232.4139411,0.04383100031191134, 0.3353199999764911,0,0,27.8,0.0,1
3762,1776086232.4451897,0.039804000152798835, 0.3147429997625295,0,0,27.8,0.0,1
3763,1776086232.473208,0.044144999719719635, 0.3388069999346044,0,0,27.8,0.0,1
3764,1776086232.5031078,0.04547400021692738, 0.3621639998527826,0,0,27.8,0.0,1
3765,1776086232.5333674,0.049188000048161484, 0.372781999885774,0,0,27.8,0.0,1
3766,1776086232.5626287,0.04320499965615454, 0.3620109996518295,0,0,27.8,0.0,1
3767,1776086232.5921087,0.04286200010028551, 0.35054699992542737,0,0,27.8,0.0,1
3768,1776086232.621959,0.04619799983629491, 0.344017999850621,0,0,27.8,0.0,1
3769,1776086232.6516898,0.044443000206229044, 0.355617999957758,0,0,27.8,0.0,1
3770,1776086232.6815696,0.04058300010001403, 0.3372579999449954,0,0,27.8,0.0,1
3771,1776086232.7117012,0.05583600022873725, 0.30863899974065134,0,0,27.8,0.0,1
3772,1776086232.7408473,0.045851999857404735, 0.34367800026302575,0,0,27.8,0.0,1
3773,1776086232.770297,0.04557800002658041, 0.3381870001248899,0,0,27.8,0.0,1
3774,1776086232.8000956,0.041977000364568084, 0.33720900000844267,0,0,27.8,0.0,1
3775,1776086232.8300014,0.044655999772658106, 0.3468170002633997,0,0,27.8,0.0,1
3776,1776086232.8597522,0.05894600008105044, 0.34796599993569544,0,0,27.8,0.0,1
3777,1776086232.8895514,0.049651000153971836, 0.3642589999799384,0,0,27.8,0.0,1
3778,1776086232.9191816,0.0438179999946442, 0.3417240000089805,0,0,27.8,0.0,1
3779,1776086232.9491677,0.04405499976201099, 0.34275500001967885,0,0,27.8,0.0,1
3780,1776086232.9792945,0.0638870001239411, 0.4180339997219562,0,0,27.8,0.0,1
3781,1776086233.0085127,0.04734599997391342, 0.36999799976911163,0,0,27.8,0.0,1
3782,1776086233.0394652,0.04202699983579805, 0.32295899973178166,0,0,27.8,0.0,1
3782,1776086233.1001441,32.90579300028185, 0.30552799989891355,15,15,27.8,0.0,0
3783,1776086233.1430683,23.109047999696486, 0.2617519999148499,12,0,27.8,0.0,0
3784,1776086233.159822,15.00494299989441, 0.33584099992367555,20,20,27.8,0.0,0
3785,1776086233.1740568,12.320367000029364, 0.3282409998064395,16,20,27.8,0.0,0
3786,1776086233.4612844,18.154857999888918, 257.42798000010225,18,16,27.8,0.0,0
3788,1776086233.4656482,0.4314170000725426, 0.18093600010615773,0,16,27.8,0.0,1
3789,1776086233.484658,0.9937890004039218, 0.35399399985180935,0,13,27.8,0.0,1
3790,1776086233.515664,2.238454000234924, 0.3324379999867233,0,11,27.8,0.0,1
3791,1776086233.547905,0.5790149998574634, 0.3272489998380479,0,0,27.8,0.0,1
3792,1776086233.5729613,0.04382999986773939, 0.3433980000409065,0,0,27.8,0.0,1
3793,1776086233.6028311,0.041727000279934146, 0.3364240001246799,0,0,27.8,0.0,1
3794,1776086233.6317134,0.04250499978297739, 0.36704500007544993,0,0,27.8,0.0,1
3795,1776086233.6618373,0.045928999952593585, 0.3366250002727611,0,0,27.8,0.0,1
3796,1776086233.691797,0.045433000195771456, 0.34818599988284404,0,0,27.8,0.0,1
3797,1776086233.721581,0.047742999868205516, 0.36051600000064354,0,0,27.8,0.0,1
3798,1776086233.7509954,0.04507999983616173, 0.3342779996273748,0,0,27.8,0.0,1
3799,1776086233.7809372,0.04711500014309422, 0.3384219999134075,0,0,27.8,0.0,1
3800,1776086233.810789,0.04859299997406197, 0.3439870001784584,0,0,27.8,0.0,1
3801,1776086233.8407824,0.04610799987858627, 0.3440489999775309,0,0,27.8,0.0,1
3802,1776086233.8703332,0.051604999953269726, 0.3815000000031432,0,0,27.8,0.0,1
3803,1776086233.89999,0.05147399997440516, 0.38483100024677697,0,0,27.8,0.0,1
3804,1776086233.9310951,0.03950299969801563, 0.3153029997520207,0,0,27.8,0.0,1
3805,1776086233.9590042,0.04516399985732278, 0.33641099980741274,0,0,27.8,0.0,1
3806,1776086233.9889293,0.04508400024860748, 0.33909900002981885,0,0,27.8,0.0,1
3807,1776086234.0182958,0.04461699973035138, 0.33408399986001314,0,0,27.8,0.0,1
3808,1776086234.0482097,0.04384400017443113, 0.34535899976617657,0,0,27.8,0.0,1
3809,1776086234.0782807,0.04646800016416819, 0.3816070002358174,0,0,27.8,0.0,1
3810,1776086234.1072495,0.04771599969899398, 0.38636199997199583,0,0,27.8,0.0,1
3811,1776086234.1376672,0.049169999783771345, 0.3818539998974302,0,0,27.8,0.0,1
3812,1776086234.1677008,0.045234000026539434, 0.3617630000007921,0,0,27.8,0.0,1
3813,1776086234.197521,0.043770999582193326, 0.34236500005135895,0,0,27.8,0.0,1
3814,1776086234.2264578,0.05398499979492044, 0.39972000013221987,0,0,27.8,0.0,1
3815,1776086234.256076,0.04395399992063176, 0.3365629995641939,0,0,27.8,0.0,1
3816,1776086234.2859473,0.04425199995239382, 0.33311900006083306,0,0,27.8,0.0,1
3817,1776086234.3158083,0.04380899963507545, 0.34013800041066133,0,0,27.8,0.0,1
3818,1776086234.3452175,0.04224499980409746, 0.3428280001571693,0,0,27.8,0.0,1
3819,1776086234.3749528,0.044427000375435455, 0.33810800005085184,0,0,27.8,0.0,1
3820,1776086234.4053082,0.05077400010122801, 0.36778100002266,0,0,27.8,0.0,1
3821,1776086234.4349606,0.04439200029082713, 0.34127199978684075,0,0,27.8,0.0,1
3821,1776086234.4960973,32.11144599981708, 0.2781090001917619,11,11,27.8,0.0,0
3822,1776086234.5117216,13.847977999830619, 0.24383599975408288,9,0,27.8,0.0,0
3823,1776086234.5474284,20.571476999975857, 0.28294699995967676,12,12,27.8,0.0,0
3824,1776086234.5727608,17.952558000160934, 0.2880609999920125,9,14,27.8,0.0,0
3825,1776086234.8608673,19.83949199984636, 257.88501399983943,7,10,27.8,0.0,0
3827,1776086234.8651364,0.5386930001805013, 0.18929699990621884,0,10,27.8,0.0,1
3828,1776086234.8807716,0.6759960001545551, 0.3482160000203294,0,6,27.8,0.0,1
3829,1776086234.9104474,0.5071199998383236, 0.34811200021067634,0,5,27.8,0.0,1
3830,1776086234.9416773,1.9777479997173941, 0.3612639998209488,0,0,27.8,0.0,1
3831,1776086234.973912,0.034623999908944825, 0.262910999936139,0,0,27.8,0.0,1
3832,1776086234.9991612,0.04257199998392025, 0.3501670003061008,0,0,27.8,0.0,1
3833,1776086235.0292306,0.04664900006901007, 0.34448199994585593,0,0,27.8,0.0,1
3834,1776086235.0582876,0.04263500022716471, 0.34469699994588154,0,0,27.8,0.0,1
3835,1776086235.088149,0.04651100016417331, 0.34004899998762994,0,0,27.8,0.0,1
3836,1776086235.1194973,0.04480400002648821, 0.2496809997865057,0,0,27.8,0.0,1
3837,1776086235.14778,0.04432500008988427, 0.3426420003052044,0,0,27.8,0.0,1
3838,1776086235.177639,0.049824000143416924, 0.36553700010699686,0,0,27.8,0.0,1
3839,1776086235.2071702,0.046783000016148435, 0.3368930001670378,0,0,27.8,0.0,1
3840,1776086235.2369049,0.04527600003711996, 0.34735200006252853,0,0,27.8,0.0,1
3841,1776086235.2666664,0.046796999868092826, 0.35629900003186776,0,0,27.8,0.0,1
3842,1776086235.2965755,0.052177999805280706, 0.3557840000212309,0,0,27.8,0.0,1
3843,1776086235.3261256,0.04467899998417124, 0.3374220000296191,0,0,27.8,0.0,1
3844,1776086235.3561368,0.04498799989960389, 0.33982600007220753,0,0,27.8,0.0,1
3845,1776086235.385869,0.04285099976186757, 0.31281300016416935,0,0,27.8,0.0,1
3846,1776086235.4150639,0.04169200019532582, 0.3324220001559297,0,0,27.8,0.0,1
3847,1776086235.4448948,0.04414299974087044, 0.33916399979716516,0,0,27.8,0.0,1
3848,1776086235.474697,0.04457800014279201, 0.36049900018042536,0,0,27.8,0.0,1
3849,1776086235.5041513,0.0457520000054501, 0.3412710002521635,0,0,27.8,0.0,1
3850,1776086235.5343833,0.050397999984852504, 0.38103399992905906,0,0,27.8,0.0,1
3851,1776086235.5637836,0.04399799991006148, 0.3473120000307972,0,0,27.8,0.0,1
3852,1776086235.593288,0.044564000290847616, 0.3303379999124445,0,0,27.8,0.0,1
3853,1776086235.6234539,0.04631600040738704, 0.3468560003057064,0,0,27.8,0.0,1
3854,1776086235.6531103,0.04503999980443041, 0.3437919999669248,0,0,27.8,0.0,1
3855,1776086235.682738,0.05597500012299861, 0.3422780000619241,0,0,27.8,0.0,1
3856,1776086235.7140217,0.04074299977219198, 0.3189160001966229,0,0,27.8,0.0,1
3857,1776086235.7422643,0.049978999868471874, 0.37817699967490626,0,0,27.8,0.0,1
3858,1776086235.7717824,0.04235899996274384, 0.34070799983965117,0,0,27.8,0.0,1
3859,1776086235.8015413,0.05234200034465175, 0.3613210001276457,0,0,27.8,0.0,1
3860,1776086235.8315456,0.04780300014317618, 0.38147400027810363,0,0,27.8,0.0,1
3860,1776086235.8940585,33.26509199996508, 0.3240760001972376,20,20,27.8,0.0,0
3861,1776086235.9096045,13.668947000041953, 0.2899969999816676,21,0,27.8,0.0,0
3862,1776086235.941374,20.09671099995103, 0.332472000081907,23,20,27.8,0.0,0
3863,1776086235.967565,18.146897999940848, 0.3457210000306077,14,20,27.8,0.0,0
3864,1776086236.2559478,20.999227999709547, 256.8335250002747,15,17,27.8,0.0,0
3866,1776086236.2603102,0.9033819997057435, 0.28976799967495026,0,17,27.8,0.0,1
3867,1776086236.2781732,1.0033360003944836, 0.3913179998562555,0,9,27.8,0.0,1
3868,1776086236.308654,2.0204849997753627, 0.33621400007177726,0,7,27.8,0.0,1
3869,1776086236.3407407,0.42495900015637744, 0.29784299977109185,0,0,27.8,0.0,1
3870,1776086236.3659341,0.04443200032255845, 0.34952699979839963,0,0,27.8,0.0,1
3871,1776086236.3958673,0.043460999677336076, 0.34651799978746567,0,0,27.8,0.0,1
3872,1776086236.425311,0.042920999931084225, 0.33176599981743493,0,0,27.8,0.0,1
3873,1776086236.4551408,0.0435840001955512, 0.34775700032696477,0,0,27.8,0.0,1
3874,1776086236.4849465,0.04596599956130376, 0.3419569998186489,0,0,27.8,0.0,1
3875,1776086236.5150285,0.04576499986796989, 0.33312799996565445,0,0,27.8,0.0,1
3876,1776086236.5442584,0.04235599999447004, 0.34677400026339456,0,0,27.8,0.0,1
3877,1776086236.573958,0.042735000079119345, 0.33778399983930285,0,0,27.8,0.0,1
3878,1776086236.6053922,0.04261599997334997, 0.3144030001749343,0,0,27.8,0.0,1
3879,1776086236.633573,0.04569200018522679, 0.370684999779769,0,0,27.8,0.0,1
3880,1776086236.663054,0.042858999677264364, 0.3396409997549199,0,0,27.8,0.0,1
3881,1776086236.6929471,0.0464530003227992, 0.3425109998715925,0,0,27.8,0.0,1
3882,1776086236.7228358,0.04439000031197793, 0.3417349998926511,0,0,27.8,0.0,1
3883,1776086236.7521782,0.04393199969854322, 0.3447829999458918,0,0,27.8,0.0,1
3884,1776086236.781999,0.04332799971962231, 0.33810700006142724,0,0,27.8,0.0,1
3885,1776086236.8119082,0.045061000037094345, 0.3361359999871638,0,0,27.8,0.0,1
3886,1776086236.8416514,0.040222999814432114, 0.33499300025141565,0,0,27.8,0.0,1
3887,1776086236.8717625,0.04045000014230027, 0.31205999994199374,0,0,27.8,0.0,1
3888,1776086236.90086,0.043511000058060745, 0.341229000241583,0,0,27.8,0.0,1
3889,1776086236.9304428,0.043992999962938484, 0.344241999755468,0,0,27.8,0.0,1
3890,1776086236.9602046,0.0470720001430891, 0.3359899997121829,0,0,27.8,0.0,1
3891,1776086236.9900715,0.04356499994173646, 0.3463739999460813,0,0,27.8,0.0,1
3892,1776086237.0201027,0.04953100005877786, 0.37582999993901467,0,0,27.8,0.0,1
3893,1776086237.049935,0.04787199986822088, 0.3792319998865423,0,0,27.8,0.0,1
3894,1776086237.079182,0.044408000121620717, 0.3427039996495296,0,0,27.8,0.0,1
3895,1776086237.1096122,0.04832500007978524, 0.3729230002136319,0,0,27.8,0.0,1
3896,1776086237.138698,0.04370800024844357, 0.35820299990518834,0,0,27.8,0.0,1
3897,1776086237.168507,0.04736399978355621, 0.3838329998870904,0,0,27.8,0.0,1
3898,1776086237.1995451,0.040778999846224906, 0.31360299999505514,0,0,27.8,0.0,1
3899,1776086237.227801,0.04352799987827893, 0.34214800007248414,0,0,27.8,0.0,1
3899,1776086237.2895958,32.129814000199985, 0.26773699983095867,10,10,27.8,0.0,0
3900,1776086237.3054852,14.097761000357423, 0.26985499971488025,12,0,27.8,0.0,0
3901,1776086237.3422902,22.266497000146046, 0.30786199977228534,17,17,27.8,0.0,0
3902,1776086237.3673081,18.62069499975405, 0.3249819997108716,20,20,27.8,0.0,0
3903,1776086237.6545234,19.316371999593684, 257.7777769997738,17,12,27.8,0.0,0
3905,1776086237.6587384,0.7163020000007236, 0.24584299990237923,0,12,27.8,0.0,1
3906,1776086237.6740355,0.7579000002806424, 0.325081000028149,0,10,27.8,0.0,1
3907,1776086237.7041082,0.6891250000080618, 0.3438749999986612,0,7,27.8,0.0,1
3908,1776086237.7349012,1.988977000110026, 0.37074900001243805,0,0,27.8,0.0,1
3909,1776086237.7674315,0.038701999983459245, 0.284781000118528,0,0,27.8,0.0,1
3910,1776086237.7936957,0.040411000099993544, 0.2931059998445562,0,0,27.8,0.0,1
3911,1776086237.822031,0.045864999719924526, 0.3320669998174708,0,0,27.8,0.0,1
3912,1776086237.8518095,0.04772600004798733, 0.3425960003369255,0,0,27.8,0.0,1
3913,1776086237.8815672,0.05473200008054846, 0.356510000074195,0,0,27.8,0.0,1
3914,1776086237.9114945,0.047200999688357115, 0.3780819997700746,0,0,27.8,0.0,1
3915,1776086237.940946,0.044300999888946535, 0.3395979997549148,0,0,27.8,0.0,1
3916,1776086237.9707325,0.06191500006025308, 0.34355499974481063,0,0,27.8,0.0,1
3917,1776086238.0004013,0.046036999719945015, 0.41937000014513615,0,0,27.8,0.0,1
3918,1776086238.0304348,0.04663299978346913, 0.35109400005239877,0,0,27.8,0.0,1
3919,1776086238.0605118,0.04515000000537839, 0.34021400006167823,0,0,27.8,0.0,1
3920,1776086238.0896592,0.04569199973047944, 0.3618609998738975,0,0,27.8,0.0,1
3921,1776086238.1194243,0.05298099995343364, 0.37645799966412596,0,0,27.8,0.0,1
3922,1776086238.14927,0.048006999804783845, 0.381632999960857,0,0,27.8,0.0,1
3923,1776086238.1787665,0.044566000269696815, 0.34978199983015656,0,0,27.8,0.0,1
3924,1776086238.2081323,0.04859300042880932, 0.34276499991392484,0,0,27.8,0.0,1
3925,1776086238.238331,0.05129900000611087, 0.37597099981212523,0,0,27.8,0.0,1
3926,1776086238.2682526,0.04781000006914837, 0.3799500000241096,0,0,27.8,0.0,1
3927,1776086238.297569,0.046426999688264914, 0.3399560000616475,0,0,27.8,0.0,1
3928,1776086238.327168,0.044240000079298625, 0.3407190001780691,0,0,27.8,0.0,1
3929,1776086238.35691,0.04502599995248602, 0.34203699988211156,0,0,27.8,0.0,1
3930,1776086238.3886695,0.039663999814365525, 0.3340270000080636,0,0,27.8,0.0,1
3931,1776086238.4161215,0.04585899978337693, 0.34060400002999813,0,0,27.8,0.0,1
3932,1776086238.4460897,0.04471400006877957, 0.35025600027438486,0,0,27.8,0.0,1
3933,1776086238.4760654,0.051343999984965194, 0.3783520000979479,0,0,27.8,0.0,1
3934,1776086238.5054097,0.043466000079206424, 0.34518000029493123,0,0,27.8,0.0,1
3935,1776086238.5356162,0.04432800005815807, 0.3617849997681333,0,0,27.8,0.0,1
3936,1776086238.5649068,0.04760999991049175, 0.3429340004004189,0,0,27.8,0.0,1
3937,1776086238.5946925,0.04477099992072908, 0.362342000244098,0,0,27.8,0.0,1
3938,1776086238.624655,0.03871500030072639, 0.33351299998685136,0,0,27.8,0.0,1
3938,1776086238.68631,31.668549999722018, 0.33041699998648255,19,19,27.8,0.0,0
3939,1776086238.734687,23.469467999802873, 0.2788869996948051,19,0,27.8,0.0,0
3940,1776086238.7532709,16.88565299991751, 0.33124499987025047,19,19,27.8,0.0,0
3941,1776086238.9056494,13.540614000248752, 0.3342319996590959,27,20,27.8,0.0,0
3942,1776086239.2001784,23.18669999976919, 255.43911799968555,13,14,27.8,0.0,0
3944,1776086239.2025752,0.41381199980605743, 0.2007050002248434,0,14,27.8,0.0,1
3945,1776086239.2171507,0.38640599996142555, 0.19945300027757185,0,13,27.8,0.0,1
3946,1776086239.2476609,1.1351069997544982, 0.2671850002116116,0,2,27.8,0.0,1
3947,1776086239.2786722,0.18581099993753014, 0.2102080002259754,0,0,27.8,0.0,1
3948,1776086239.3058705,0.02613300011944375, 0.1927109997268417,0,0,27.8,0.0,1
3949,1776086239.3356028,0.027741999929276062, 0.2007660000344913,0,0,27.8,0.0,1
3950,1776086239.3653648,0.024857999960659072, 0.21494500015251106,0,0,27.8,0.0,1
3951,1776086239.3950899,0.025277000077039702, 0.19719900001291535,0,0,27.8,0.0,1
3952,1776086239.4248888,0.030085000162216602, 0.2140930000678054,0,0,27.8,0.0,1
3953,1776086239.4546177,0.05665599974236102, 0.21453300041684997,0,0,27.8,0.0,1
3954,1776086239.4844055,0.0255129998549819, 0.21881700013182126,0,0,27.8,0.0,1
3955,1776086239.5145485,0.03260999983467627, 0.2549949999774981,0,0,27.8,0.0,1
3956,1776086239.5439732,0.02740299987635808, 0.193851999938488,0,0,27.8,0.0,1
3957,1776086239.5739772,0.024708999717404367, 0.17163000029540854,0,0,27.8,0.0,1
3958,1776086239.603041,0.020896000023640227, 0.17533100026412285,0,0,27.8,0.0,1
3959,1776086239.6329224,0.022463999812316615, 0.17606800020075752,0,0,27.8,0.0,1
3960,1776086239.6625593,0.03933000016331789, 0.18441700012772344,0,0,27.8,0.0,1
3961,1776086239.6921093,0.02433500003462541, 0.19491900002321927,0,0,27.8,0.0,1
3962,1776086239.7220984,0.026263999643560965, 0.19955700008722488,0,0,27.8,0.0,1
3963,1776086239.7517295,0.02592999999251333, 0.19561899989639642,0,0,27.8,0.0,1
3964,1776086239.781403,0.024151999696186977, 0.21190600000409177,0,0,27.8,0.0,1
3965,1776086239.8111248,0.024632000076962868, 0.19073399971603067,0,0,27.8,0.0,1
3966,1776086239.8407934,0.025548999929014826, 0.19044500004383735,0,0,27.8,0.0,1
3967,1776086239.870531,0.02627100002428051, 0.2102889998241153,0,0,27.8,0.0,1
3968,1776086239.9001043,0.025550999907864025, 0.194953000118403,0,0,27.8,0.0,1
3969,1776086239.929886,0.025252999876101967, 0.19414000007600407,0,0,27.8,0.0,1
3970,1776086239.959642,0.02393100021436112, 0.18505199977880693,0,0,27.8,0.0,1
3971,1776086239.9895327,0.027783999939856585, 0.22856199984744308,0,0,27.8,0.0,1
3972,1776086240.0190868,0.028545000077428995, 0.2117190001627023,0,0,27.8,0.0,1
3973,1776086240.048745,0.02110599962179549, 0.17716100001052837,0,0,27.8,0.0,1
3974,1776086240.078414,0.02329600010853028, 0.2007450002565747,0,0,27.8,0.0,1
3975,1776086240.1081243,0.023472000066249166, 0.186092000149074,0,0,27.8,0.0,1
3976,1776086240.1379497,0.02482899981259834, 0.18763700018098461,0,0,27.8,0.0,1
3977,1776086240.1681175,0.02289299982294324, 0.18475500019121682,0,0,27.8,0.0,1
3977,1776086240.2226524,25.30537499978891, 0.3319360002933536,30,20,27.8,0.0,0
3978,1776086240.2451565,15.355488000295736, 0.27853699975821655,34,0,27.8,0.0,0
3979,1776086240.2737238,16.23868800015771, 0.33366600018780446,31,20,27.8,0.0,0
3980,1776086240.302559,15.435208000326384, 0.3353150000293681,24,20,27.8,0.0,0
3981,1776086240.5896366,15.679926999837335, 257.8990420001901,21,15,27.8,0.0,0
3983,1776086240.5921905,0.4372819998934574, 0.2096680000249762,0,15,27.8,0.0,1
3984,1776086240.6138873,0.45245999990584096, 0.21368399984567077,0,15,27.8,0.0,1
3985,1776086240.6437778,0.45723699986410793, 0.23873400004958967,0,11,27.8,0.0,1
3986,1776086240.6748903,1.079892999769072, 0.2658879998307384,0,0,27.8,0.0,1
3987,1776086240.704399,0.023824999971111538, 0.18541400004323805,0,0,27.8,0.0,1
3988,1776086240.7325408,0.02912799982368597, 0.25264099986088695,0,0,27.8,0.0,1
3989,1776086240.7626965,0.027448000309959752, 0.2096819998769206,0,0,27.8,0.0,1
3990,1776086240.791798,0.02932600000349339, 0.20631400002457667,0,0,27.8,0.0,1
3991,1776086240.8216667,0.02841200011971523, 0.20824300008825958,0,0,27.8,0.0,1
3992,1776086240.8508546,0.023319000320043415, 0.18054000020129024,0,0,27.8,0.0,1
3993,1776086240.8808846,0.031069000215211418, 0.22065700022722012,0,0,27.8,0.0,1
3994,1776086240.9106321,0.03224500005671871, 0.2157990002160659,0,0,27.8,0.0,1
3995,1776086240.940313,0.029434000225592172, 0.21234900032141013,0,0,27.8,0.0,1
3996,1776086240.970279,0.026280999918526504, 0.2071989997602941,0,0,27.8,0.0,1
3997,1776086240.9995704,0.024635000045236666, 0.17806999994718353,0,0,27.8,0.0,1
3998,1776086241.0295038,0.027851000140799442, 0.239988999965135,0,0,27.8,0.0,1
3999,1776086241.0591974,0.030529000014212215, 0.21817000015289523,0,0,27.8,0.0,1
4000,1776086241.0888977,0.02786699997159303, 0.21832900029039592,0,0,27.8,0.0,1
4001,1776086241.1185718,0.027768000109062996, 0.23169700034486596,0,0,27.8,0.0,1
4002,1776086241.1483252,0.027239999781158986, 0.2131869996446767,0,0,27.8,0.0,1
4003,1776086241.177829,0.024622000182716874, 0.17920900017998065,0,0,27.8,0.0,1
4004,1776086241.2077615,0.028857000415882794, 0.2210699999523058,0,0,27.8,0.0,1
4005,1776086241.237597,0.0482320001538028, 0.21920900007899036,0,0,27.8,0.0,1
4006,1776086241.2672405,0.028224000288901152, 0.21988699973007897,0,0,27.8,0.0,1
4007,1776086241.2968948,0.029448000077536562, 0.22191800007931306,0,0,27.8,0.0,1
4008,1776086241.326786,0.02756100002443418, 0.20134300029894803,0,0,27.8,0.0,1
4009,1776086241.3572023,0.02887600021495018, 0.20427900017239153,0,0,27.8,0.0,1
4010,1776086241.3857794,0.02362199984418112, 0.17768199995771283,0,0,27.8,0.0,1
4011,1776086241.4154959,0.023505999706685543, 0.2123120002579526,0,0,27.8,0.0,1
4012,1776086241.4454846,0.02969899969684775, 0.2512690002731688,0,0,27.8,0.0,1
4013,1776086241.4751403,0.02943499976026942, 0.22198099986781017,0,0,27.8,0.0,1
4014,1776086241.50497,0.02864399993995903, 0.2110000000357104,0,0,27.8,0.0,1
4015,1776086241.5346718,0.03060200015170267, 0.21662800008925842,0,0,27.8,0.0,1
4016,1776086241.5644128,0.029035999887128128, 0.23509199991167407,0,0,27.8,0.0,1
4016,1776086241.6170468,22.849574999781908, 0.3476710003269545,21,20,27.8,0.0,0
4017,1776086241.644125,16.59338499985097, 0.2892009997594869,24,0,27.8,0.0,0
4018,1776086241.6735997,17.833477999829483, 0.5634510002892057,21,20,27.8,0.0,0
4019,1776086241.701187,16.94728100028442, 0.34618700010469183,23,20,27.8,0.0,0
4020,1776086241.9844747,15.272281000306975, 256.0340449999785,25,15,27.8,0.0,0
4022,1776086241.9884071,0.4374250002001645, 0.2424680001240631,0,15,27.8,0.0,1
4023,1776086242.0104742,0.42951899968102225, 0.26673799993659486,0,11,27.8,0.0,1
4024,1776086242.0408623,1.143633000083355, 0.20167899992884486,0,10,27.8,0.0,1
4025,1776086242.0724356,0.327510999795777, 0.2503979999346484,0,0,27.8,0.0,1
4026,1776086242.0992036,0.024322999706782866, 0.174710999999661,0,0,27.8,0.0,1
4027,1776086242.1289842,0.02850600003512227, 0.21476299980349722,0,0,27.8,0.0,1
4028,1776086242.158747,0.0352059996657772, 0.20615399989765137,0,0,27.8,0.0,1
4029,1776086242.1884606,0.02808599992931704, 0.22938400024941075,0,0,27.8,0.0,1
4030,1776086242.2182322,0.02711100023589097, 0.21009700003560283,0,0,27.8,0.0,1
4031,1776086242.2484565,0.028021000161970733, 0.22351000006892718,0,0,27.8,0.0,1
4032,1776086242.2776113,0.03634100039562327, 0.20443399989744648,0,0,27.8,0.0,1
4033,1776086242.3074903,0.027223000415688148, 0.23747400018692133,0,0,27.8,0.0,1
4034,1776086242.3380094,0.02534299983381061, 0.2063410001937882,0,0,27.8,0.0,1
4035,1776086242.3663607,0.02219199996034149, 0.18739899996944587,0,0,27.8,0.0,1
4036,1776086242.3964407,0.027444999886938604, 0.23122599986891146,0,0,27.8,0.0,1
4037,1776086242.42617,0.028964999728486873, 0.21460600009959307,0,0,27.8,0.0,1
4038,1776086242.4558372,0.028018000193696935, 0.2112120000674622,0,0,27.8,0.0,1
4039,1776086242.485612,0.053313000080379425, 0.2189140000155021,0,0,27.8,0.0,1
4040,1776086242.5149639,0.024356999801966595, 0.17536199993628543,0,0,27.8,0.0,1
4041,1776086242.5448115,0.022933999844099162, 0.18308400012756465,0,0,27.8,0.0,1
4042,1776086242.5746715,0.034716000300250016, 0.2133210000465624,0,0,27.8,0.0,1
4043,1776086242.6044133,0.028213999939907808, 0.23578199989060522,0,0,27.8,0.0,1
4044,1776086242.6341407,0.027952999971603276, 0.21213499985606177,0,0,27.8,0.0,1
4045,1776086242.6640487,0.025456000003032386, 0.2083479998873372,0,0,27.8,0.0,1
4046,1776086242.69319,0.024651000330777606, 0.1790680003068701,0,0,27.8,0.0,1
4047,1776086242.7232115,0.024354000288440147, 0.18567000006441958,0,0,27.8,0.0,1
4048,1776086242.7530026,0.028869999823655235, 0.21459500021592248,0,0,27.8,0.0,1
4049,1776086242.782745,0.02867399962269701, 0.21209399983490584,0,0,27.8,0.0,1
4050,1776086242.8125832,0.028899999961140566, 0.23585400003867107,0,0,27.8,0.0,1
4051,1776086242.8428078,0.027632999717752682, 0.2085060000354133,0,0,27.8,0.0,1
4052,1776086242.8718653,0.028773999929398997, 0.2119499999935215,0,0,27.8,0.0,1
4053,1776086242.9016726,0.03432099993005977, 0.21086400010972284,0,0,27.8,0.0,1
4054,1776086242.9312072,0.03066299996135058, 0.21660499987774529,0,0,27.8,0.0,1
4055,1776086242.9611413,0.028032000045641325, 0.20467100011956063,0,0,27.8,0.0,1
4055,1776086243.0134718,22.946632000184763, 0.30884599982528016,12,12,27.8,0.0,0
4056,1776086243.0399363,16.619858000012755, 0.2277710000271327,9,0,27.8,0.0,0
4057,1776086243.081811,15.170072999808326, 0.26662000027499744,6,6,27.8,0.0,0
4058,1776086243.0999913,16.0366659997635, 0.2671049996934016,7,9,27.8,0.0,0
4059,1776086243.4010344,15.559470999960467, 258.44769100012854,9,5,27.8,0.0,0
4061,1776086243.402927,0.20299500010878546, 0.1789630000530451,0,5,27.8,0.0,1
4062,1776086243.4068058,0.1955000002453744, 0.18105599974660436,0,4,27.8,0.0,1
4063,1776086243.4369597,0.18667699987418018, 0.18094200004270533,0,4,27.8,0.0,1
4064,1776086243.4668696,0.9589269998286909, 0.20437900002434617,0,0,27.8,0.0,1
4065,1776086243.4984088,0.047572999847034225, 0.35537699977794546,0,0,27.8,0.0,1
4066,1776086243.5259259,0.02997699994011782, 0.2098439999826951,0,0,27.8,0.0,1
4067,1776086243.5551777,0.026812000214704312, 0.1793639999050356,0,0,27.8,0.0,1
4068,1776086243.5850642,0.029957000151625834, 0.22946499984755064,0,0,27.8,0.0,1
4069,1776086243.6163049,0.04350400013208855, 0.34263999987160787,0,0,27.8,0.0,1
4070,1776086243.646441,0.04356699992058566, 0.34508599992477684,0,0,27.8,0.0,1
4071,1776086243.6763136,0.04568900021695299, 0.345446999745036,0,0,27.8,0.0,1
4072,1776086243.7057362,0.06144299959487398, 0.3417419998186233,0,0,27.8,0.0,1
4073,1776086243.735205,0.047400999847013736, 0.34128699962820974,0,0,27.8,0.0,1
4074,1776086243.765103,0.043464000100357225, 0.34358899983999436,0,0,27.8,0.0,1
4075,1776086243.7948365,0.04674000001614331, 0.3446509999776026,0,0,27.8,0.0,1
4076,1776086243.8246837,0.044024000089848414, 0.3632630000538484,0,0,27.8,0.0,1
4077,1776086243.8541467,0.0434240000686259, 0.3415500000301108,0,0,27.8,0.0,1
4078,1776086243.8840282,0.04373899992060615, 0.3417269999772543,0,0,27.8,0.0,1
4079,1776086243.913856,0.04483200018512434, 0.33831100017778226,0,0,27.8,0.0,1
4080,1776086243.9433126,0.04501800003708922, 0.3366880000612582,0,0,27.8,0.0,1
4081,1776086243.9729671,0.04469700024856138, 0.3379139998287428,0,0,27.8,0.0,1
4082,1776086244.0037525,0.05837800017616246, 0.3502529998513637,0,0,27.8,0.0,1
4083,1776086244.0338528,0.03965599989896873, 0.2968809999401856,0,0,27.8,0.0,1
4084,1776086244.0621443,0.04484100008994574, 0.34374400001979666,0,0,27.8,0.0,1
4085,1776086244.0918753,0.04511399993134546, 0.34047700000883196,0,0,27.8,0.0,1
4086,1776086244.122092,0.04724399968836224, 0.3818509999291564,0,0,27.8,0.0,1
4087,1776086244.151183,0.04353900021669688, 0.34493299972382374,0,0,27.8,0.0,1
4088,1776086244.1810105,0.04362599975138437, 0.3411070001675398,0,0,27.8,0.0,1
4089,1776086244.2111456,0.04162799996265676, 0.4969209999217128,0,0,27.8,0.0,1
4090,1776086244.2412813,0.04473200033316971, 0.4214169998704165,0,0,27.8,0.0,1
4091,1776086244.2707286,0.03787600007854053, 0.45339600001170766,0,0,27.8,0.0,1
4092,1776086244.3001459,0.04228000034345314, 0.414805000218621,0,0,27.8,0.0,1
4093,1776086244.32996,0.04066599967700313, 0.4673410003306344,0,0,27.8,0.0,1
4094,1776086244.3593202,0.09511999996902887, 0.4211660002511053,0,0,27.8,0.0,1
4094,1776086244.4206614,31.690612000147667, 0.3369740002199251,17,17,27.8,0.0,0
4095,1776086244.4362204,13.562961999923573, 0.2976790001412155,22,0,27.8,0.0,0
4096,1776086244.464226,17.455812000207516, 0.3598280000005616,24,20,27.8,0.0,0
4097,1776086244.49639,19.031185999665468, 0.40631899992149556,23,20,27.8,0.0,0
4098,1776086244.7870605,20.499431999724038, 257.27853100033826,26,16,27.8,0.0,0
4100,1776086244.7923102,1.064335000137362, 0.31284799979403033,0,16,27.8,0.0,1
4101,1776086244.8058157,1.1588900001697766, 0.44921199969394365,0,12,27.8,0.0,1
4102,1776086244.837682,2.7237959998274164, 0.35281999998915126,0,12,27.8,0.0,1
4103,1776086244.8705065,0.6084899996494642, 0.36730700003317907,0,0,27.8,0.0,1
4104,1776086244.8950608,0.04021899985673372, 0.39224700003615,0,0,27.8,0.0,1
4105,1776086244.9259186,0.034467000205040677, 0.36648700006480794,0,0,27.8,0.0,1
4106,1776086244.9539921,0.04139100019528996, 0.4741669999930309,0,0,27.8,0.0,1
4107,1776086244.9842966,0.04656200007957523, 0.5162639999980456,0,0,27.8,0.0,1
4108,1776086245.01329,0.043682000068656635, 0.42287599990231683,0,0,27.8,0.0,1
4109,1776086245.0430784,0.0432669999099744, 0.43265400017844513,0,0,27.8,0.0,1
4110,1776086245.072853,0.0577709997742204, 0.4862929999944754,0,0,27.8,0.0,1
4111,1776086245.1022213,0.0937610002438305, 0.4431429997566738,0,0,27.8,0.0,1
4112,1776086245.1325383,0.10851800016098423, 0.4053510001540417,0,0,27.8,0.0,1
4113,1776086245.1624467,0.04349199980424601, 0.48963100016408134,0,0,27.8,0.0,1
4114,1776086245.191387,0.04389000014271005, 0.44935599999007536,0,0,27.8,0.0,1
4115,1776086245.2211146,0.04261399999450077, 0.42789799999809475,0,0,27.8,0.0,1
4116,1776086245.2510364,0.04347599997345242, 0.4243710000082501,0,0,27.8,0.0,1
4117,1776086245.2803724,0.04562499998428393, 0.434384000072896,0,0,27.8,0.0,1
4118,1776086245.3107586,0.046364999889192404, 0.48995700035447953,0,0,27.8,0.0,1
4119,1776086245.3400927,0.10315300005458994, 0.4100599999219412,0,0,27.8,0.0,1
4120,1776086245.3698864,0.040941999941424, 0.4107909999220283,0,0,27.8,0.0,1
4121,1776086245.3993986,0.09642499981055153, 0.4289379999136145,0,0,27.8,0.0,1
4122,1776086245.42965,0.04522699964581989, 0.4795750000994303,0,0,27.8,0.0,1
4123,1776086245.4590027,0.04417299987835577, 0.4080799999428564,0,0,27.8,0.0,1
4124,1776086245.489616,0.040284000078827376, 0.44276200014792266,0,0,27.8,0.0,1
4125,1776086245.520031,0.035210999612900196, 0.3513330002533621,0,0,27.8,0.0,1
4126,1776086245.5480967,0.10055799975816626, 0.4110609997951542,0,0,27.8,0.0,1
4127,1776086245.577914,0.04118700007893494, 0.4089330000169866,0,0,27.8,0.0,1
4128,1776086245.6073725,0.09827899975789478, 0.4232030000821396,0,0,27.8,0.0,1
4129,1776086245.637193,0.03897500027960632, 0.4377720001684793,0,0,27.8,0.0,1
4130,1776086245.6670501,0.04290000015316764, 0.4147459999330749,0,0,27.8,0.0,1
4131,1776086245.6967514,0.04190300023765303, 0.4309249998186715,0,0,27.8,0.0,1
4132,1776086245.726685,0.03904899995177402, 0.39740300007906626,0,0,27.8,0.0,1
4133,1776086245.7564578,0.03911200019501848, 0.4050339998684649,0,0,27.8,0.0,1
4133,1776086245.8175356,31.69939399958821, 0.3487549997771566,25,20,27.8,0.0,0
4134,1776086245.8661838,22.741764000329567, 0.3289220003352966,26,0,27.8,0.0,0
4135,1776086245.882591,14.49205200015058, 0.37091100011821254,24,20,27.8,0.0,0
4136,1776086245.8984213,13.756602999819734, 0.3932340000574186,23,20,27.8,0.0,0
4137,1776086246.1764925,13.067405000128929, 260.97940099998596,25,15,27.8,0.0,0
4139,1776086246.1819894,0.9991039996748441, 0.34851100008381763,0,15,27.8,0.0,1
4140,1776086246.2031422,1.181975999770657, 0.4214059999867459,0,12,27.8,0.0,1
4141,1776086246.2322729,1.0180610001953028, 0.41633999990153825,0,10,27.8,0.0,1
4142,1776086246.2639658,2.603166999961104, 0.3860750002786517,0,0,27.8,0.0,1
4143,1776086246.295912,0.029843999982404057, 0.2568049999354116,0,0,27.8,0.0,1
4144,1776086246.3213058,0.08986400007415796, 0.41305500008093077,0,0,27.8,0.0,1
4145,1776086246.350673,0.044658999740931904, 0.3997720000370464,0,0,27.8,0.0,1
4146,1776086246.380243,0.04201100000500446, 0.4225920001772465,0,0,27.8,0.0,1
4147,1776086246.4099836,0.043185000322409905, 0.4194650000499678,0,0,27.8,0.0,1
4148,1776086246.4394104,0.09212300028593745, 0.4192450001028192,0,0,27.8,0.0,1
4149,1776086246.4696896,0.04573099977278616, 0.49335899984725984,0,0,27.8,0.0,1
4150,1776086246.4991112,0.04405999970913399, 0.4111700000066776,0,0,27.8,0.0,1
4151,1776086246.5289533,0.04082199984623003, 0.47751500005688285,0,0,27.8,0.0,1
4152,1776086246.5583081,0.04046699996251846, 0.41544000032445183,0,0,27.8,0.0,1
4153,1776086246.588149,0.10187099996983306, 0.409494999985327,0,0,27.8,0.0,1
4154,1776086246.6179702,0.042410000332893105, 0.410023000313231,0,0,27.8,0.0,1
4155,1776086246.6474993,0.04115900037504616, 0.432068000009167,0,0,27.8,0.0,1
4156,1776086246.6780362,0.0868580000314978, 0.3785210001296946,0,0,27.8,0.0,1
4157,1776086246.7088532,0.07869000000937376, 0.31286000012187287,0,0,27.8,0.0,1
4158,1776086246.736914,0.09225599978890386, 0.41102200020759483,0,0,27.8,0.0,1
4159,1776086246.7663155,0.043263999941700604, 0.41886600001816987,0,0,27.8,0.0,1
4160,1776086246.7966268,0.10976900011883117, 0.4519509998317517,0,0,27.8,0.0,1
4161,1776086246.826046,0.041276000047218986, 0.46846599980199244,0,0,27.8,0.0,1
4162,1776086246.8558354,0.1142340001933917, 0.40881099994294345,0,0,27.8,0.0,1
4163,1776086246.885324,0.10906500028795563, 0.4002000000582484,0,0,27.8,0.0,1
4164,1776086246.9154851,0.04285299974071677, 0.4079380000803212,0,0,27.8,0.0,1
4165,1776086246.9453344,0.10508300010769744, 0.3942759999517875,0,0,27.8,0.0,1
4166,1776086246.9743116,0.04094800033271895, 0.41865000002871966,0,0,27.8,0.0,1
4167,1776086247.004294,0.042687000131991226, 0.4198370002086449,0,0,27.8,0.0,1
4168,1776086247.0339782,0.04285400018488872, 0.4137480000281357,0,0,27.8,0.0,1
4169,1776086247.0634048,0.0401669999519072, 0.49139300017486676,0,0,27.8,0.0,1
4170,1776086247.0933769,0.040702999740460655, 0.4153709996899124,0,0,27.8,0.0,1
4171,1776086247.123078,0.04378399989946047, 0.40870699967854307,0,0,27.8,0.0,1
4172,1776086247.1529214,0.09628600037103752, 0.4038600000058068,0,0,27.8,0.0,1
4172,1776086247.2136333,31.487356000070577, 0.2673750000212749,9,9,27.8,0.0,0
4173,1776086247.2525468,22.14940099975138, 0.25274700010413653,11,0,27.8,0.0,0
4174,1776086247.2689855,14.490971000213904, 0.33385100005034474,16,16,27.8,0.0,0
4175,1776086247.285168,13.627322999582248, 0.32539599988012924,13,19,27.8,0.0,0
4176,1776086247.5782158,18.261239000366913, 260.8191260001149,17,12,27.8,0.0,0
4178,1776086247.5841944,0.8153549997587106, 0.34684000002016546,0,12,27.8,0.0,1
4179,1776086247.6003153,0.8232619998125301, 0.3413320000618114,0,8,27.8,0.0,1
4180,1776086247.630693,2.5927629999387136, 0.36474700027611107,0,8,27.8,0.0,1
4181,1776086247.6633787,0.491931999931694, 0.3252340002291021,0,0,27.8,0.0,1
4182,1776086247.6878395,0.041119999877992086, 0.5028360001233523,0,0,27.8,0.0,1
4183,1776086247.7172213,0.03853899988826015, 0.43315099992469186,0,0,27.8,0.0,1
4184,1776086247.7471097,0.0409479998779716, 0.4229569999552041,0,0,27.8,0.0,1
4185,1776086247.7770805,0.1153980001618038, 0.4689799998232047,0,0,27.8,0.0,1
4186,1776086247.807195,0.04007400002592476, 0.4171850000602717,0,0,27.8,0.0,1
4187,1776086247.8365576,0.03925800001525204, 0.4599109997798223,0,0,27.8,0.0,1
4188,1776086247.8663654,0.09004999992612284, 0.46832100042593083,0,0,27.8,0.0,1
4189,1776086247.895809,0.039848999676905805, 0.48837799977263785,0,0,27.8,0.0,1
4190,1776086247.925709,0.08029600030567963, 0.4395649998514273,0,0,27.8,0.0,1
4191,1776086247.9554567,0.04697899976235931, 0.5144369997651665,0,0,27.8,0.0,1
4192,1776086247.98542,0.09625000029700459, 0.46443399969575694,0,0,27.8,0.0,1
4193,1776086248.0143888,0.04086599983565975, 0.46036499998081126,0,0,27.8,0.0,1
4194,1776086248.0442266,0.040781999814498704, 0.42291699992347276,0,0,27.8,0.0,1
4195,1776086248.0740597,0.03999899990958511, 0.46949000034146593,0,0,27.8,0.0,1
4196,1776086248.1038558,0.11697699983415077, 0.4135350000069593,0,0,27.8,0.0,1
4197,1776086248.133599,0.04450799997357535, 0.5059840000285476,0,0,27.8,0.0,1
4198,1776086248.164377,0.03962500022680615, 0.4752979998556839,0,0,27.8,0.0,1
4199,1776086248.1946955,0.03734799975063652, 0.37384300003395765,0,0,27.8,0.0,1
4200,1776086248.2225492,0.042424999719514744, 0.43332499990356155,0,0,27.8,0.0,1
4201,1776086248.252239,0.10579599984339438, 0.4264819999661995,0,0,27.8,0.0,1
4202,1776086248.282496,0.04719499975180952, 0.5178690003049269,0,0,27.8,0.0,1
4203,1776086248.3114429,0.09960699981093057, 0.4262689999450231,0,0,27.8,0.0,1
4204,1776086248.341262,0.04012199997305288, 0.4376330002742179,0,0,27.8,0.0,1
4205,1776086248.3715208,0.04641299983632052, 0.5151190002834483,0,0,27.8,0.0,1
4206,1776086248.4018323,0.11087399980169721, 0.4330110000410059,0,0,27.8,0.0,1
4207,1776086248.4307568,0.051111000175296795, 0.3853339999295713,0,0,27.8,0.0,1
4208,1776086248.4602165,0.11250299985476886, 0.40963799983728677,0,0,27.8,0.0,1
4209,1776086248.489886,0.083199000073364, 0.38696299998264294,0,0,27.8,0.0,1
4210,1776086248.5194511,0.04057500018461724, 0.47033600003487663,0,0,27.8,0.0,1
4211,1776086248.5492282,0.04076200002600672, 0.4200210000817606,0,0,27.8,0.0,1
4211,1776086248.6098292,30.920229999992443, 0.2484699998603901,6,6,27.8,0.0,0
4212,1776086248.6628997,21.97895300014352, 0.26556200009508757,11,0,27.8,0.0,0
4213,1776086248.6790538,14.338986999973713, 0.2744720000009693,10,10,27.8,0.0,0
4214,1776086248.6938396,12.828486999751476, 0.31132100002650986,8,12,27.8,0.0,0
4215,1776086248.9671264,12.775805000273976, 256.27080499998556,7,9,27.8,0.0,0
4217,1776086248.9714084,0.5845809996571916, 0.3128360003756825,0,9,27.8,0.0,1
4218,1776086248.9959319,0.628705000053742, 0.3516269998726784,0,5,27.8,0.0,1
4219,1776086249.025609,0.45438600000125007, 0.3317209998385806,0,4,27.8,0.0,1
4220,1776086249.0562549,1.92682800025068, 0.35236700023233425,0,0,27.8,0.0,1
4221,1776086249.0881815,0.03831200001513935, 0.26120100028492743,0,0,27.8,0.0,1
4222,1776086249.1138737,0.040671000078873476, 0.34603199992488953,0,0,27.8,0.0,1
4223,1776086249.143233,0.048532999699091306, 0.3389480002624623,0,0,27.8,0.0,1
4224,1776086249.1731627,0.04346800005805562, 0.34510499972384423,0,0,27.8,0.0,1
4225,1776086249.2029188,0.043680000089807436, 0.3363050000189105,0,0,27.8,0.0,1
4226,1776086249.2328658,0.045291999867913546, 0.3420550001465017,0,0,27.8,0.0,1
4227,1776086249.2626207,0.04359900003692019, 0.36151499989500735,0,0,27.8,0.0,1
4228,1776086249.292087,0.044765999973606085, 0.3405130000828649,0,0,27.8,0.0,1
4229,1776086249.3219352,0.04602999979397282, 0.3381390001777618,0,0,27.8,0.0,1
4230,1776086249.352388,0.04491699974096264, 0.3511619997880189,0,0,27.8,0.0,1
4231,1776086249.3826473,0.0392349998037389, 0.3086579999944661,0,0,27.8,0.0,1
4232,1776086249.410966,0.045033000333205564, 0.33963000032599666,0,0,27.8,0.0,1
4233,1776086249.4409578,0.04711400015366962, 0.3397320001568005,0,0,27.8,0.0,1
4234,1776086249.470263,0.04387199987831991, 0.33735399983925163,0,0,27.8,0.0,1
4235,1776086249.5000548,0.04333600008976646, 0.34880199973486015,0,0,27.8,0.0,1
4236,1776086249.5298748,0.04537899985734839, 0.3453320000517124,0,0,27.8,0.0,1
4237,1776086249.5597293,0.0598599999648286, 0.3469110001788067,0,0,27.8,0.0,1
4238,1776086249.5895152,0.045963000047777314, 0.3418830001464812,0,0,27.8,0.0,1
4239,1776086249.6193218,0.043246000132057816, 0.33927499998753774,0,0,27.8,0.0,1
4240,1776086249.6488757,0.04584099997373414, 0.3409629998714081,0,0,27.8,0.0,1
4241,1776086249.678265,0.04722799985756865, 0.3387990000192076,0,0,27.8,0.0,1
4242,1776086249.708054,0.04242800014253589, 0.339117000294209,0,0,27.8,0.0,1
4243,1776086249.737817,0.044176999836054165, 0.34368100023129955,0,0,27.8,0.0,1
4244,1776086249.767714,0.06158399992273189, 0.34739600005195825,0,0,27.8,0.0,1
4245,1776086249.797165,0.04644599994207965, 0.33498800030429265,0,0,27.8,0.0,1
4246,1776086249.827103,0.04322699987824308, 0.36083600025449414,0,0,27.8,0.0,1
4247,1776086249.856938,0.043228999857092276, 0.35436799998933566,0,0,27.8,0.0,1
4248,1776086249.886284,0.046410000322794076, 0.33319499971184996,0,0,27.8,0.0,1
4249,1776086249.916109,0.047603999973944155, 0.33877899977596826,0,0,27.8,0.0,1
4250,1776086249.9465938,0.04224399981467286, 0.33113400013462524,0,0,27.8,0.0,1
4250,1776086250.0093856,32.25741799997195, 0.31037799999467097,17,17,27.8,0.0,0
4251,1776086250.0245333,13.269462999687676, 0.2814819999912288,20,0,27.8,0.0,0
4252,1776086250.053781,18.722508999871934, 0.2932319998762978,15,15,27.8,0.0,0
4253,1776086250.08429,20.1271689998066, 0.3252860001339286,16,20,27.8,0.0,0
4254,1776086250.371278,19.792715000221506, 257.6621919997706,20,13,27.8,0.0,0
4256,1776086250.3751922,0.777624999955151, 0.3090860000156681,0,13,27.8,0.0,1
4257,1776086250.3917592,0.8937090001381875, 0.37999699998181313,0,9,27.8,0.0,1
4258,1776086250.422829,2.184406000196759, 0.32611100004942273,0,7,27.8,0.0,1
4259,1776086250.4553318,0.4268279999450897, 0.3146120002384123,0,0,27.8,0.0,1
4260,1776086250.4806356,0.045543999931396684, 0.3628960002970416,0,0,27.8,0.0,1
4261,1776086250.5102248,0.04830700027014245, 0.35262999972474063,0,0,27.8,0.0,1
4262,1776086250.5397122,0.04378099993118667, 0.40279999984704773,0,0,27.8,0.0,1
4263,1776086250.5695245,0.048567999783699634, 0.40673399962543044,0,0,27.8,0.0,1
4264,1776086250.599054,0.04386399996292312, 0.3843959998448554,0,0,27.8,0.0,1
4265,1776086250.62871,0.043138000364706386, 0.38728100025764434,0,0,27.8,0.0,1
4266,1776086250.6588085,0.07945800007291837, 0.4181919998700323,0,0,27.8,0.0,1
4267,1776086250.6883059,0.04798899999514106, 0.39674500021646963,0,0,27.8,0.0,1
4268,1776086250.7179015,0.040751000142336125, 0.34641499996723724,0,0,27.8,0.0,1
4269,1776086250.74783,0.046361999920918606, 0.37926499999230145,0,0,27.8,0.0,1
4270,1776086250.7774823,0.047838999762461754, 0.40476999993188656,0,0,27.8,0.0,1
4271,1776086250.807035,0.04958399995302898, 0.39952399993126164,0,0,27.8,0.0,1
4272,1776086250.8376322,0.041291999878012575, 0.35202400022171787,0,0,27.8,0.0,1
4273,1776086250.8686864,0.036937000004400034, 0.34912699993583374,0,0,27.8,0.0,1
4274,1776086250.8961835,0.0453689999631024, 0.3841120001197851,0,0,27.8,0.0,1
4275,1776086250.9263887,0.05168100005903398, 0.3759030000765051,0,0,27.8,0.0,1
4276,1776086250.9558108,0.044333000005281065, 0.35475699996823096,0,0,27.8,0.0,1
4277,1776086250.9855032,0.046736000058444915, 0.3972160002376768,0,0,27.8,0.0,1
4278,1776086251.0153687,0.050316999931965256, 0.38391299995055306,0,0,27.8,0.0,1
4279,1776086251.0448947,0.04424999997354462, 0.37313899974833475,0,0,27.8,0.0,1
4280,1776086251.074958,0.04499200031204964, 0.3556359997674008,0,0,27.8,0.0,1
4281,1776086251.104623,0.04337900008977158, 0.3507940000417875,0,0,27.8,0.0,1
4282,1776086251.1338646,0.04283199996280018, 0.3469010002845607,0,0,27.8,0.0,1
4283,1776086251.163626,0.047853000069153495, 0.37075000000186265,0,0,27.8,0.0,1
4284,1776086251.1933002,0.046955000016168924, 0.37096300002303906,0,0,27.8,0.0,1
4285,1776086251.2234416,0.05071099985798355, 0.3710659998432675,0,0,27.8,0.0,1
4286,1776086251.2527614,0.0634350003565487, 0.3478610001366178,0,0,27.8,0.0,1
4287,1776086251.2824693,0.0477649996355467, 0.37111700021341676,0,0,27.8,0.0,1
4288,1776086251.3121943,0.047697999889351195, 0.3797220001615642,0,0,27.8,0.0,1
4289,1776086251.3421307,0.042284999835828785, 0.37554700020336895,0,0,27.8,0.0,1
4289,1776086251.3905783,18.7741710001319, 0.2802550002343196,8,8,27.8,0.0,0
4290,1776086251.4269083,22.014920999936294, 0.23466099992219824,8,0,27.8,0.0,0
4291,1776086251.4532712,19.352088999767147, 0.27059900003223447,11,11,27.8,0.0,0
4292,1776086251.4814935,18.46095700011574, 0.2909370000452327,8,13,27.8,0.0,0
4293,1776086251.7669184,19.054616000175884, 256.9639579996874,10,8,27.8,0.0,0
4295,1776086251.7703657,0.5019029999857594, 0.3016219998244196,0,8,27.8,0.0,1
4296,1776086251.7881007,0.6190889998833882, 0.37715700000262586,0,4,27.8,0.0,1
4297,1776086251.8177063,0.4299219999666093, 0.3397760001462302,0,4,27.8,0.0,1
4298,1776086251.8493333,2.0725280000988278, 0.38928899994061794,0,0,27.8,0.0,1
4299,1776086251.8811622,0.03639899978225003, 0.2629559999149933,0,0,27.8,0.0,1
4300,1776086251.9064822,0.04435699975147145, 0.37224700008664513,0,0,27.8,0.0,1
4301,1776086251.9365263,0.05345399995348998, 0.3915709999091632,0,0,27.8,0.0,1
4302,1776086251.9660764,0.04671599981520558, 0.38440400021499954,0,0,27.8,0.0,1
4303,1776086251.9958096,0.0731250001990702, 0.3878120000990748,0,0,27.8,0.0,1
4304,1776086252.026457,0.04446899993126863, 0.3607189996728266,0,0,27.8,0.0,1
4305,1776086252.0567367,0.040393000290350756, 0.3170079999108566,0,0,27.8,0.0,1
4306,1776086252.0846777,0.04286200010028551, 0.3572740001800412,0,0,27.8,0.0,1
4307,1776086252.1145735,0.05112300004839199, 0.3908590001628909,0,0,27.8,0.0,1
4308,1776086252.1446729,0.046907000069040805, 0.3861479999613948,0,0,27.8,0.0,1
4309,1776086252.1742234,0.04389500008983305, 0.3446509999776026,0,0,27.8,0.0,1
4310,1776086252.2036457,0.04025599992019124, 0.3632610000749992,0,0,27.8,0.0,1
4311,1776086252.2333694,0.045898999815108255, 0.3872679999403772,0,0,27.8,0.0,1
4312,1776086252.2636375,0.05192299977352377, 0.3753000000870088,0,0,27.8,0.0,1
4313,1776086252.293093,0.04635899995264481, 0.34187699975518626,0,0,27.8,0.0,1
4314,1776086252.3225296,0.04956800012223539, 0.35629200010589557,0,0,27.8,0.0,1
4315,1776086252.3526142,0.043353999899409246, 0.37827500000275904,0,0,27.8,0.0,1
4316,1776086252.3818963,0.046844000280543696, 0.37621899991790997,0,0,27.8,0.0,1
4317,1776086252.4119534,0.04498599992075469, 0.3601420003178646,0,0,27.8,0.0,1
4318,1776086252.4416668,0.04677800006902544, 0.3669660000014119,0,0,27.8,0.0,1
4319,1776086252.4710534,0.04695899997386732, 0.3795659999923373,0,0,27.8,0.0,1
4320,1776086252.5008013,0.04343999989941949, 0.3437680002207344,0,0,27.8,0.0,1
4321,1776086252.530844,0.04351799998403294, 0.3382909999345429,0,0,27.8,0.0,1
4322,1776086252.5602767,0.04796399980477872, 0.3731689998858201,0,0,27.8,0.0,1
4323,1776086252.590416,0.052257999868743354, 0.3874220001307549,0,0,27.8,0.0,1
4324,1776086252.620289,0.04490099991016905, 0.3341950000503857,0,0,27.8,0.0,1
4325,1776086252.6510694,0.04192400001556962, 0.31392900018545333,0,0,27.8,0.0,1
4326,1776086252.6792724,0.045728999793936964, 0.47252800004571327,0,0,27.8,0.0,1
4327,1776086252.7088637,0.04512599980444065, 0.36395300003277953,0,0,27.8,0.0,1
4328,1776086252.7385986,0.04231200000504032, 0.3676149999591871,0,0,27.8,0.0,1
4328,1776086252.8014243,33.379220999904646, 0.2684379996935604,9,9,27.8,0.0,0
4329,1776086252.8182623,15.063842000017758, 0.2365159998589661,9,0,27.8,0.0,0
4330,1776086252.847067,18.972172000303544, 0.26188499987256364,10,10,27.8,0.0,0
4331,1776086252.8791199,20.872577999853092, 0.30073099969740724,12,16,27.8,0.0,0
4332,1776086253.163696,18.870502000027045, 257.1748939999452,16,10,27.8,0.0,0
4334,1776086253.1677077,0.6392140003299573, 0.21407899976111366,0,10,27.8,0.0,1
4335,1776086253.1854756,0.6805960001656786, 0.37421800016090856,0,6,27.8,0.0,1
4336,1776086253.2159646,2.1102579999023874, 0.3046380002160731,0,6,27.8,0.0,1
4337,1776086253.2483454,0.3692600002977997, 0.30436099996222765,0,0,27.8,0.0,1
4338,1776086253.2732959,0.047992999952839455, 0.36320000026535126,0,0,27.8,0.0,1
4339,1776086253.3031106,0.04809099982594489, 0.40188299999499577,0,0,27.8,0.0,1
4340,1776086253.3327186,0.06773899986001197, 0.34004700000878074,0,0,27.8,0.0,1
4341,1776086253.3626416,0.05147599995325436, 0.3920510002899391,0,0,27.8,0.0,1
4342,1776086253.392211,0.04649900029107812, 0.38800199990873807,0,0,27.8,0.0,1
4343,1776086253.4220865,0.04552799964585574, 0.3869910001412791,0,0,27.8,0.0,1
4344,1776086253.4516442,0.04218000003675115, 0.36339400003271294,0,0,27.8,0.0,1
4345,1776086253.4815195,0.04782799987879116, 0.409381000281428,0,0,27.8,0.0,1
4346,1776086253.5121202,0.04689399975177366, 0.36150500000076136,0,0,27.8,0.0,1
4347,1776086253.542408,0.040946999888547, 0.3169430001435103,0,0,27.8,0.0,1
4348,1776086253.5705,0.04550700032268651, 0.36841100018136785,0,0,27.8,0.0,1
4349,1776086253.6002612,0.046393000047828536, 0.39089099982447806,0,0,27.8,0.0,1
4350,1776086253.6302438,0.05219000013312325, 0.4043580001962255,0,0,27.8,0.0,1
4351,1776086253.6597016,0.042239999856974464, 0.3645339998001873,0,0,27.8,0.0,1
4352,1776086253.6893709,0.04767700011143461, 0.3821800000878284,0,0,27.8,0.0,1
4353,1776086253.7191699,0.04804199988939217, 0.381846999971458,0,0,27.8,0.0,1
4354,1776086253.749737,0.06151799971121363, 0.36291699962021085,0,0,27.8,0.0,1
4355,1776086253.7789378,0.04444400019565364, 0.3438629996708187,0,0,27.8,0.0,1
4356,1776086253.8085184,0.04904399975202978, 0.3847420002784929,0,0,27.8,0.0,1
4357,1776086253.8388157,0.047683000047982205, 0.3446460000304796,0,0,27.8,0.0,1
4358,1776086253.8684933,0.052891999985149596, 0.3715099996952631,0,0,27.8,0.0,1
4359,1776086253.898386,0.052892999974574195, 0.4009300000689109,0,0,27.8,0.0,1
4360,1776086253.9281518,0.05073400006949669, 0.38491599980261526,0,0,27.8,0.0,1
4361,1776086253.9577072,0.04649099992093397, 0.3612179998526699,0,0,27.8,0.0,1
4362,1776086253.9876235,0.05375299997467664, 0.3770339999391581,0,0,27.8,0.0,1
4363,1776086254.0169182,0.041755999973247526, 0.3411979996599257,0,0,27.8,0.0,1
4364,1776086254.0462785,0.053249999837134965, 0.36804299998038914,0,0,27.8,0.0,1
4365,1776086254.075693,0.04168700024820282, 0.36094000006414717,0,0,27.8,0.0,1
4366,1776086254.106195,0.044686999899568036, 0.34840599982999265,0,0,27.8,0.0,1
4367,1776086254.1370358,0.04005800019513117, 0.334947999817814,0,0,27.8,0.0,1
4367,1776086254.197451,32.6361350003026, 0.2981549996547983,15,15,27.8,0.0,0
4368,1776086254.2130282,13.773760000276525, 0.2516119998290378,14,0,27.8,0.0,0
4369,1776086254.2466412,20.866597999884107, 0.3034599999409693,15,15,27.8,0.0,0
4370,1776086254.2744706,19.16951600014727, 0.3238129997953365,12,17,27.8,0.0,0
4371,1776086254.5655313,19.875773999956436, 261.67686500002674,12,12,27.8,0.0,0
4373,1776086254.5708122,0.9008679999169544, 0.3495690002637275,0,12,27.8,0.0,1
4374,1776086254.5810564,0.6667490001746046, 0.39205899975058855,0,8,27.8,0.0,1
4375,1776086254.6120284,0.7205409997368406, 0.4837840001528093,0,4,27.8,0.0,1
4376,1776086254.6436555,2.6089210000463936, 0.4449739999472513,0,0,27.8,0.0,1
4377,1776086254.6758244,0.03308399982415722, 0.3104519996668387,0,0,27.8,0.0,1
4378,1776086254.7010214,0.08271300021078787, 0.3911589997187548,0,0,27.8,0.0,1
4379,1776086254.731897,0.03496099998301361, 0.35897399993700674,0,0,27.8,0.0,1
4380,1776086254.7599378,0.04018700019514654, 0.42018400017695967,0,0,27.8,0.0,1
4381,1776086254.7893872,0.04393499966681702, 0.42734099997687736,0,0,27.8,0.0,1
4382,1776086254.819592,0.04677600009017624, 0.4336329998295696,0,0,27.8,0.0,1
4383,1776086254.849065,0.039338000078714686, 0.4154080002081173,0,0,27.8,0.0,1
4384,1776086254.8788035,0.05228099962550914, 0.4201269998702628,0,0,27.8,0.0,1
4385,1776086254.9083066,0.04024999998364365, 0.43094000011478784,0,0,27.8,0.0,1
4386,1776086254.9389575,0.0977039999270346, 0.41456700000708224,0,0,27.8,0.0,1
4387,1776086254.9688506,0.12561999983518035, 0.3943320002690598,0,0,27.8,0.0,1
4388,1776086254.9974592,0.03959700006817002, 0.4260440000507515,0,0,27.8,0.0,1
4389,1776086255.0272927,0.06003900034556864, 0.4204090000712313,0,0,27.8,0.0,1
4390,1776086255.057029,0.057947999721363885, 0.4152999999860185,0,0,27.8,0.0,1
4391,1776086255.0869431,0.08561100003134925, 0.405629999931989,0,0,27.8,0.0,1
4392,1776086255.1163158,0.08306500012622564, 0.38237999979173765,0,0,27.8,0.0,1
4393,1776086255.146121,0.10017700014941511, 0.41729499980647233,0,0,27.8,0.0,1
4394,1776086255.1763659,0.10069300014947657, 0.4641430000447144,0,0,27.8,0.0,1
4395,1776086255.205448,0.04134400023758644, 0.4184590002296318,0,0,27.8,0.0,1
4396,1776086255.235179,0.0399330001528142, 0.4243359999236418,0,0,27.8,0.0,1
4397,1776086255.2650585,0.043039000047429, 0.40954399992187973,0,0,27.8,0.0,1
4398,1776086255.2960818,0.09347300010631443, 0.40859000000637025,0,0,27.8,0.0,1
4399,1776086255.326051,0.0770010001360788, 0.3139349996672536,0,0,27.8,0.0,1
4400,1776086255.3540766,0.08071199999903911, 0.3814250003415509,0,0,27.8,0.0,1
4401,1776086255.3840184,0.0393919999623904, 0.45347799959927215,0,0,27.8,0.0,1
4402,1776086255.4133985,0.09332600029665628, 0.4321409996919101,0,0,27.8,0.0,1
4403,1776086255.4431653,0.03786900015256833, 0.4226609999022912,0,0,27.8,0.0,1
4404,1776086255.4729557,0.10419499994895887, 0.36050800008524675,0,0,27.8,0.0,1
4405,1776086255.5029085,0.09829400005401112, 0.40744499983702553,0,0,27.8,0.0,1
4406,1776086255.5326493,0.0967010000749724, 0.38964900022619986,0,0,27.8,0.0,1
4406,1776086255.593965,31.148407999808114, 0.30008900012035156,11,11,27.8,0.0,0
4407,1776086255.6364787,21.789287000046897, 0.27662900038194493,12,0,27.8,0.0,0
4408,1776086255.652675,13.675133000106143, 0.3170719996887783,15,15,27.8,0.0,0
4409,1776086255.66827,13.64455699967948, 0.35971000033896416,21,20,27.8,0.0,0
4410,1776086255.9567416,15.284564000012324, 262.22839999991265,20,13,27.8,0.0,0
4412,1776086255.9620426,0.9303669999098929, 0.34329800018895185,0,13,27.8,0.0,1
4413,1776086255.979459,1.168034999864176, 0.45050400012769387,0,11,27.8,0.0,1
4414,1776086256.0108016,2.8352009999252914, 0.38004099997124285,0,8,27.8,0.0,1
4415,1776086256.0427697,0.5231869999988703, 0.34728899981928407,0,0,27.8,0.0,1
4416,1776086256.0672255,0.04254700024830527, 0.43150299961780547,0,0,27.8,0.0,1
4417,1776086256.0971282,0.04263399978299276, 0.41683600011310773,0,0,27.8,0.0,1
4418,1776086256.1269722,0.044611999783228384, 0.4237610000927816,0,0,27.8,0.0,1
4419,1776086256.1562576,0.09688699992693728, 0.416792000123678,0,0,27.8,0.0,1
4420,1776086256.1873648,0.09613399970476166, 0.4132650001338334,0,0,27.8,0.0,1
4421,1776086256.2177286,0.09059600006366963, 0.3198800000063784,0,0,27.8,0.0,1
4422,1776086256.2458484,0.13350600011108327, 0.41037399978449685,0,0,27.8,0.0,1
4423,1776086256.2752,0.039927000216266606, 0.41941800009226426,0,0,27.8,0.0,1
4424,1776086256.3050928,0.04089999993084348, 0.40770399982648087,0,0,27.8,0.0,1
4425,1776086256.3348696,0.03982599992014002, 0.4244770002514997,0,0,27.8,0.0,1
4426,1776086256.3647156,0.12001899995084386, 0.4160469998168992,0,0,27.8,0.0,1
4427,1776086256.3941643,0.057095000101980986, 0.41688500004966045,0,0,27.8,0.0,1
4428,1776086256.42439,0.04003899994131643, 0.4131999999117397,0,0,27.8,0.0,1
4429,1776086256.453831,0.10779300009744475, 0.37684199969589827,0,0,27.8,0.0,1
4430,1776086256.4832718,0.09679999993750243, 0.36208299979989533,0,0,27.8,0.0,1
4431,1776086256.513021,0.09598499991625431, 0.41333900026074843,0,0,27.8,0.0,1
4432,1776086256.542851,0.03989200013165828, 0.4177870000603434,0,0,27.8,0.0,1
4433,1776086256.5722923,0.04030799982501776, 0.43563999997786595,0,0,27.8,0.0,1
4434,1776086256.6026459,0.04165500013186829, 0.42816999985006987,0,0,27.8,0.0,1
4435,1776086256.6319594,0.04356799991001026, 0.4163089997746283,0,0,27.8,0.0,1
4436,1776086256.6614482,0.09474700027567451, 0.42231199995512725,0,0,27.8,0.0,1
4437,1776086256.6917362,0.04001700017397525, 0.4767850000462204,0,0,27.8,0.0,1
4438,1776086256.7211068,0.04072999990967219, 0.412722999953985,0,0,27.8,0.0,1
4439,1776086256.7508109,0.055672000144113554, 0.4135280000809871,0,0,27.8,0.0,1
4440,1776086256.7810998,0.03681499993035686, 0.38722799990864587,0,0,27.8,0.0,1
4441,1776086256.8123443,0.04043499984618393, 0.3685699998641212,0,0,27.8,0.0,1
4442,1776086256.8400083,0.04052100030094152, 0.4082359996573359,0,0,27.8,0.0,1
4443,1776086256.8698242,0.04042899990963633, 0.4874739997831057,0,0,27.8,0.0,1
4444,1776086256.8996527,0.10263500007567927, 0.44007799988321494,0,0,27.8,0.0,1
4445,1776086256.9292705,0.043110000206070254, 0.5104860001665656,0,0,27.8,0.0,1
4445,1776086256.9915373,32.715521000227454, 0.36134399988441146,26,20,27.8,0.0,0
4446,1776086257.048178,22.14785399974062, 0.3428979998716386,32,0,27.8,0.0,0
4447,1776086257.0650866,14.935888000309205, 0.3618069999902218,24,20,27.8,0.0,0
4448,1776086257.096808,18.807103999733954, 0.36185399994792533,22,20,27.8,0.0,0
4449,1776086257.3853362,17.007680000006076, 261.99621700015996,30,14,27.8,0.0,0
4451,1776086257.3908794,0.9727060000841448, 0.3561720000107016,0,14,27.8,0.0,1
4452,1776086257.4064903,0.9094679999179789, 0.37832399993931176,0,10,27.8,0.0,1
4453,1776086257.4345548,0.892455999746744, 0.37120999968465185,0,9,27.8,0.0,1
4454,1776086257.4667087,2.6845789998333203, 0.4514870001912641,0,0,27.8,0.0,1
4455,1776086257.4988024,0.03379100007805391, 0.3052439997190959,0,0,27.8,0.0,1
4456,1776086257.5234191,0.10787700011860579, 0.4425259999152331,0,0,27.8,0.0,1
4457,1776086257.5535102,0.10789899988594698, 0.45616699981110287,0,0,27.8,0.0,1
4458,1776086257.5829675,0.040564999835623894, 0.47271099992940435,0,0,27.8,0.0,1
4459,1776086257.6122906,0.04254099985701032, 0.4766520000885066,0,0,27.8,0.0,1
4460,1776086257.6430612,0.0932160000957083, 0.42164500018770923,0,0,27.8,0.0,1
4461,1776086257.6728601,0.08700299986230675, 0.3793870000663446,0,0,27.8,0.0,1
4462,1776086257.7014549,0.040500000068277586, 0.48254700004690676,0,0,27.8,0.0,1
4463,1776086257.7312517,0.03959099967687507, 0.43488799974511494,0,0,27.8,0.0,1
4464,1776086257.7611127,0.0619580000602582, 0.4063360001964611,0,0,27.8,0.0,1
4465,1776086257.790951,0.039775000004738104, 0.416025000049558,0,0,27.8,0.0,1
4466,1776086257.8203402,0.04208800010019331, 0.4127889997107559,0,0,27.8,0.0,1
4467,1776086257.850092,0.04064599988851114, 0.42319600015616743,0,0,27.8,0.0,1
4468,1776086257.8805978,0.044257000354264164, 0.4310510003051604,0,0,27.8,0.0,1
4469,1776086257.91025,0.09652899962020456, 0.4071190001013747,0,0,27.8,0.0,1
4470,1776086257.9392455,0.04290200013201684, 0.4171380001025682,0,0,27.8,0.0,1
4471,1776086257.9689898,0.03944199988836772, 0.41843200006042025,0,0,27.8,0.0,1
4472,1776086258.0008361,0.03607300004659919, 0.3744269997696392,0,0,27.8,0.0,1
4473,1776086258.0283203,0.10104200009664055, 0.41394800018679234,0,0,27.8,0.0,1
4474,1776086258.058246,0.04247899960319046, 0.41717199974300456,0,0,27.8,0.0,1
4475,1776086258.088194,0.04312999999456224, 0.44541200031744665,0,0,27.8,0.0,1
4476,1776086258.1179395,0.09659999977884581, 0.4281890001038846,0,0,27.8,0.0,1
4477,1776086258.147448,0.041353999677085085, 0.4278549999980896,0,0,27.8,0.0,1
4478,1776086258.1775293,0.09358599982078886, 0.445123000190506,0,0,27.8,0.0,1
4479,1776086258.2069,0.0413279999520455, 0.41091200000664685,0,0,27.8,0.0,1
4480,1776086258.2369957,0.04400999978315667, 0.4063880001012876,0,0,27.8,0.0,1
4481,1776086258.2670474,0.03940599981433479, 0.39889900017442415,0,0,27.8,0.0,1
4482,1776086258.2960339,0.04340699979366036, 0.41207000003851135,0,0,27.8,0.0,1
4483,1776086258.325868,0.11554399998203735, 0.42480100000830134,0,0,27.8,0.0,1
4484,1776086258.355288,0.038610000046901405, 0.4181350000180828,0,0,27.8,0.0,1
4484,1776086258.4166117,31.66546600004949, 0.37223900017124834,27,20,27.8,0.0,0
4485,1776086258.4569693,22.069275999911042, 0.2977019998979813,26,0,27.8,0.0,0
4486,1776086258.4731772,14.362764999987121, 0.366465999832144,23,20,27.8,0.0,0
4487,1776086258.488799,13.581783999597974, 0.34080500017807935,24,20,27.8,0.0,0
4488,1776086258.781072,17.711218999920675, 261.2205060004271,26,14,27.8,0.0,0
4490,1776086258.786266,0.9468489997743745, 0.352534999819909,0,14,27.8,0.0,1
4491,1776086258.8025088,1.1004250000041793, 0.4254580003362207,0,12,27.8,0.0,1
4492,1776086258.8337746,2.9109990000506514, 0.357914000232995,0,11,27.8,0.0,1
4493,1776086258.8658807,0.6619539999519475, 0.3566169998521218,0,0,27.8,0.0,1
4494,1776086258.8920317,0.03751299982468481, 0.36653699999078526,0,0,27.8,0.0,1
4495,1776086258.9200017,0.10605900024529546, 0.41808900004980387,0,0,27.8,0.0,1
4496,1776086258.9499161,0.09579900006428943, 0.4231590000927099,0,0,27.8,0.0,1
4497,1776086258.9796114,0.05835699994349852, 0.5567059997702017,0,0,27.8,0.0,1
4498,1776086259.0092835,0.04013299985672347, 0.47410399974978645,0,0,27.8,0.0,1
4499,1776086259.0389433,0.044354000237945, 0.41539799985912396,0,0,27.8,0.0,1
4500,1776086259.0685465,0.0422640000579122, 0.43124299963892554,0,0,27.8,0.0,1
4501,1776086259.098233,0.04206300036457833, 0.4908279997835052,0,0,27.8,0.0,1
4502,1776086259.1285625,0.09252600011677714, 0.4031479998047871,0,0,27.8,0.0,1
4503,1776086259.1586545,0.040966000142361736, 0.4456369997569709,0,0,27.8,0.0,1
4504,1776086259.1872766,0.03996700024799793, 0.4200640000817657,0,0,27.8,0.0,1
4505,1776086259.2171388,0.04209500002616551, 0.40819499963618,0,0,27.8,0.0,1
4506,1776086259.2470312,0.04035400024804403, 0.47155999982351204,0,0,27.8,0.0,1
4507,1776086259.276434,0.041772999793465715, 0.4264519998287142,0,0,27.8,0.0,1
4508,1776086259.306259,0.04261699996277457, 0.40685800013307016,0,0,27.8,0.0,1
4509,1776086259.336021,0.04157500006840564, 0.4152910000811971,0,0,27.8,0.0,1
4510,1776086259.3659375,0.09894799995890935, 0.3990190002696181,0,0,27.8,0.0,1
4511,1776086259.3956993,0.03637000008893665, 0.40228899979410926,0,0,27.8,0.0,1
4512,1776086259.4255667,0.1219740001943137, 0.4331359996285755,0,0,27.8,0.0,1
4513,1776086259.4549105,0.04352099995230674, 0.4127809997953591,0,0,27.8,0.0,1
4514,1776086259.4861665,0.07643299977644347, 0.30949000029067975,0,0,27.8,0.0,1
4515,1776086259.5141442,0.09364300012748572, 0.4229500000292319,0,0,27.8,0.0,1
4516,1776086259.5441594,0.040349000300921034, 0.46226299991758424,0,0,27.8,0.0,1
4517,1776086259.5739207,0.10943299957943964, 0.4039059999740857,0,0,27.8,0.0,1
4518,1776086259.6037881,0.04106999995201477, 0.46984699974927935,0,0,27.8,0.0,1
4519,1776086259.6330519,0.04232299988871091, 0.4256619999978284,0,0,27.8,0.0,1
4520,1776086259.6630342,0.03865999997287872, 0.46219700016081333,0,0,27.8,0.0,1
4521,1776086259.692807,0.11179700004504411, 0.41805899991231854,0,0,27.8,0.0,1
4522,1776086259.7226617,0.09252200015907874, 0.3955350002797786,0,0,27.8,0.0,1
4523,1776086259.7528596,0.03942900002584793, 0.3779829999075446,0,0,27.8,0.0,1
4523,1776086259.8136957,31.82408300017414, 0.33490099986011046,18,18,27.8,0.0,0
4524,1776086259.8284197,12.78319300035946, 0.2930919999926118,13,0,27.8,0.0,0
4525,1776086259.8600519,19.279785999970045, 0.3071719997933542,15,15,27.8,0.0,0
4526,1776086259.889101,18.809906999649684, 0.3450079998401634,15,18,27.8,0.0,0
4527,1776086260.1809762,19.23716900000727, 262.0636460001151,15,9,27.8,0.0,0
4529,1776086260.1858013,0.6739720001860405, 0.34722899999906076,0,9,27.8,0.0,1
4530,1776086260.197902,0.8218920002036612, 0.39376599988827365,0,9,27.8,0.0,1
4531,1776086260.2280242,0.8009479997781455, 0.3923619997294736,0,8,27.8,0.0,1
4532,1776086260.2597468,2.5892829999065725, 0.44339399983073235,0,0,27.8,0.0,1
4533,1776086260.2919137,0.06643899996561231, 0.27239299970460706,0,0,27.8,0.0,1
4534,1776086260.31684,0.03999499995188671, 0.3828819999398547,0,0,27.8,0.0,1
4535,1776086260.34698,0.04119699997318094, 0.3892049999194569,0,0,27.8,0.0,1
4536,1776086260.3761375,0.03996499981440138, 0.4208170003039413,0,0,27.8,0.0,1
4537,1776086260.4061203,0.08486000024277018, 0.4171529999439372,0,0,27.8,0.0,1
4538,1776086260.4353173,0.04230399963489617, 0.42725800039988826,0,0,27.8,0.0,1
4539,1776086260.4651988,0.04118200013181195, 0.4169219996583706,0,0,27.8,0.0,1
4540,1776086260.4954967,0.04829199997402611, 0.5096849999972619,0,0,27.8,0.0,1
4541,1776086260.5244184,0.08500500007357914, 0.43177099996682955,0,0,27.8,0.0,1
4542,1776086260.5547187,0.09175900004265714, 0.4321900000832102,0,0,27.8,0.0,1
4543,1776086260.5844858,0.0424140002905915, 0.4160130001764628,0,0,27.8,0.0,1
4544,1776086260.6138847,0.03986100000474835, 0.4146669998590369,0,0,27.8,0.0,1
4545,1776086260.64336,0.08339299984072568, 0.35783600014838157,0,0,27.8,0.0,1
4546,1776086260.6749253,0.03522199995131814, 0.35185399974579923,0,0,27.8,0.0,1
4547,1776086260.7029343,0.04105100015294738, 0.42035400019813096,0,0,27.8,0.0,1
4548,1776086260.7318938,0.03638199996203184, 0.340128000061668,0,0,27.8,0.0,1
4549,1776086260.7622182,0.09710199992696289, 0.3636180003923073,0,0,27.8,0.0,1
4550,1776086260.7920783,0.039959999867278384, 0.40957600003821426,0,0,27.8,0.0,1
4551,1776086260.8218482,0.03814899991994025, 0.4129929998271109,0,0,27.8,0.0,1
4552,1776086260.8514712,0.10625000004438334, 0.4063400001541595,0,0,27.8,0.0,1
4553,1776086260.8812459,0.040330000047106296, 0.41781300024013035,0,0,27.8,0.0,1
4554,1776086260.911916,0.04150499989918899, 0.4078430001754896,0,0,27.8,0.0,1
4555,1776086260.9412203,0.03878300003634649, 0.37622399986503297,0,0,27.8,0.0,1
4556,1776086260.970252,0.04275299988876213, 0.4208360001030087,0,0,27.8,0.0,1
4557,1776086261.0002952,0.04378599987830967, 0.41647400030342396,0,0,27.8,0.0,1
4558,1776086261.0299313,0.041446000068390276, 0.4673889998230152,0,0,27.8,0.0,1
4559,1776086261.0593147,0.04028900002595037, 0.414286999784963,0,0,27.8,0.0,1
4560,1776086261.0891345,0.040828999772202224, 0.411257999985537,0,0,27.8,0.0,1
4561,1776086261.1190894,0.09451699997953256, 0.4107889999431791,0,0,27.8,0.0,1
4562,1776086261.1484916,0.04033599998365389, 0.4150690001551993,0,0,27.8,0.0,1
4562,1776086261.2101643,31.683713999882457, 0.3166709998367878,21,20,27.8,0.0,0
4563,1776086261.251699,22.046413000225584, 0.3106160002062097,18,0,27.8,0.0,0
4564,1776086261.2684884,14.731838999978208, 0.3375920000507904,19,19,27.8,0.0,0
4565,1776086261.2849467,13.546155999847542, 0.32653400012350176,17,20,27.8,0.0,0
4566,1776086261.5724628,16.963416000180587, 257.7486889999818,15,15,27.8,0.0,0
4568,1776086261.5777876,0.41488500028208364, 0.17994299969359417,0,15,27.8,0.0,1
4569,1776086261.5949054,0.9065949998330325, 0.3503670000100101,0,11,27.8,0.0,1
4570,1776086261.6262066,2.2691589997521078, 0.3328469997541106,0,9,27.8,0.0,1
4571,1776086261.6584785,0.49879699963639723, 0.3299330001027556,0,0,27.8,0.0,1
4572,1776086261.6832354,0.04519300000538351, 0.34001800031546736,0,0,27.8,0.0,1
4573,1776086261.7129912,0.043619999814836774, 0.34033899964924785,0,0,27.8,0.0,1
4574,1776086261.7428691,0.04549799996311776, 0.345756000115216,0,0,27.8,0.0,1
4575,1776086261.7726352,0.047915999857650604, 0.3706510001393326,0,0,27.8,0.0,1
4576,1776086261.802469,0.043697999899450224, 0.3523390000736981,0,0,27.8,0.0,1
4577,1776086261.8326879,0.054474999615194974, 0.31888000012259,0,0,27.8,0.0,1
4578,1776086261.8617713,0.04277600010027527, 0.3432929997870815,0,0,27.8,0.0,1
4579,1776086261.8912573,0.044966999666939955, 0.3399619999981951,0,0,27.8,0.0,1
4580,1776086261.9210212,0.04196999998384854, 0.33523199999763165,0,0,27.8,0.0,1
4581,1776086261.950917,0.04487900014282786, 0.34601900006236974,0,0,27.8,0.0,1
4582,1776086261.9820411,0.06107299986979342, 0.4114399998798035,0,0,27.8,0.0,1
4583,1776086262.0105789,0.04670900034398073, 0.49821799984783866,0,0,27.8,0.0,1
4584,1776086262.0407393,0.04282100007912959, 0.43492699978742166,0,0,27.8,0.0,1
4585,1776086262.0702927,0.044455000079324236, 0.4150710001340485,0,0,27.8,0.0,1
4586,1776086262.0993652,0.040811999951984035, 0.4245430000082706,0,0,27.8,0.0,1
4587,1776086262.1291182,0.04364599999462371, 0.42318700025134603,0,0,27.8,0.0,1
4588,1776086262.160914,0.03634899985627271, 0.35937699976784643,0,0,27.8,0.0,1
4589,1776086262.18837,0.04260800005795318, 0.4511110000748886,0,0,27.8,0.0,1
4590,1776086262.2183251,0.11035499983336194, 0.40410300016446854,0,0,27.8,0.0,1
4591,1776086262.248078,0.04353399981482653, 0.4095119998055452,0,0,27.8,0.0,1
4592,1776086262.2780073,0.08856800013745669, 0.4207409997434297,0,0,27.8,0.0,1
4593,1776086262.3073342,0.10076700027639163, 0.4205709997222584,0,0,27.8,0.0,1
4594,1776086262.3372123,0.04273900003681774, 0.40863599997464917,0,0,27.8,0.0,1
4595,1776086262.366929,0.10320999990653945, 0.41570300027160556,0,0,27.8,0.0,1
4596,1776086262.3972929,0.043619999814836774, 0.40803799993227585,0,0,27.8,0.0,1
4597,1776086262.4269965,0.03804700008913642, 0.37400500013973215,0,0,27.8,0.0,1
4598,1776086262.4561062,0.04204499964544084, 0.4114949997529038,0,0,27.8,0.0,1
4599,1776086262.4859772,0.04089300000487128, 0.46806299997115275,0,0,27.8,0.0,1
4600,1776086262.5155492,0.039988000025914516, 0.4119290001654008,0,0,27.8,0.0,1
4601,1776086262.5456088,0.04275499986761133, 0.4800310002792685,0,0,27.8,0.0,1
4601,1776086262.6062517,31.327667999903497, 0.28949799980182434,14,14,27.8,0.0,0
4602,1776086262.661038,22.888321000209544, 0.27385700013837777,16,0,27.8,0.0,0
4603,1776086262.685697,18.12621599992781, 0.3295010001238552,14,14,27.8,0.0,0
4604,1776086262.7134137,17.674790999990364, 0.35205299991503125,16,19,27.8,0.0,0
4605,1776086263.000106,18.866297000386112, 257.64117999960945,19,13,27.8,0.0,0
4607,1776086263.0051403,0.9063229999810574, 0.30898700015313807,0,13,27.8,0.0,1
4608,1776086263.0225918,1.0013050000452495, 0.45490799993785913,0,11,27.8,0.0,1
4609,1776086263.0528758,0.7972210000843916, 0.37152000004425645,0,8,27.8,0.0,1
4610,1776086263.0826714,2.5577010001143208, 0.4396749995976279,0,0,27.8,0.0,1
4611,1776086263.1149635,0.03444200001467834, 0.30431799996222253,0,0,27.8,0.0,1
4612,1776086263.1393762,0.09955300038200221, 0.44334499989417964,0,0,27.8,0.0,1
4613,1776086263.1693041,0.04391099992062664, 0.44085199988330714,0,0,27.8,0.0,1
4614,1776086263.19908,0.04509699965637992, 0.43801799984066747,0,0,27.8,0.0,1
4615,1776086263.2288785,0.11246399981246213, 0.4241899996486609,0,0,27.8,0.0,1
4616,1776086263.2586868,0.038594000216107816, 0.39862999983597547,0,0,27.8,0.0,1
4617,1776086263.2885864,0.040333000015380094, 0.40554399993197876,0,0,27.8,0.0,1
4618,1776086263.3180313,0.04142499983572634, 0.46602299971709726,0,0,27.8,0.0,1
4619,1776086263.3473768,0.09597799999028211, 0.43332499990356155,0,0,27.8,0.0,1
4620,1776086263.377216,0.0792469995758438, 0.3882239998347359,0,0,27.8,0.0,1
4621,1776086263.4069862,0.04101000013179146, 0.40719300022828975,0,0,27.8,0.0,1
4622,1776086263.4368901,0.04076300001543132, 0.42447899977560155,0,0,27.8,0.0,1
4623,1776086263.466276,0.0386189999517228, 0.419924999732757,0,0,27.8,0.0,1
4624,1776086263.4960656,0.04176199990979512, 0.4297400000723428,0,0,27.8,0.0,1
4625,1776086263.5260494,0.03668500039566425, 0.47900300023684395,0,0,27.8,0.0,1
4626,1776086263.5554013,0.03992200026914361, 0.4250820002198452,0,0,27.8,0.0,1
4627,1776086263.5851517,0.039464000110456254, 0.4299239999454585,0,0,27.8,0.0,1
4628,1776086263.6158571,0.03705500012074481, 0.37947400005577947,0,0,27.8,0.0,1
4629,1776086263.6466308,0.03456900003584451, 0.37118199998076307,0,0,27.8,0.0,1
4630,1776086263.6742446,0.04159399986747303, 0.41613299981690943,0,0,27.8,0.0,1
4631,1776086263.7040992,0.08913300007407088, 0.35692699975697906,0,0,27.8,0.0,1
4632,1776086263.73396,0.03903399965565768, 0.4116639997846505,0,0,27.8,0.0,1
4633,1776086263.7633688,0.09658900034992257, 0.4297030000088853,0,0,27.8,0.0,1
4634,1776086263.793151,0.038221000068006106, 0.4195209999124927,0,0,27.8,0.0,1
4635,1776086263.8230412,0.03934400001526228, 0.40842299995347275,0,0,27.8,0.0,1
4636,1776086263.853233,0.03988899970863713, 0.41361500007042196,0,0,27.8,0.0,1
4637,1776086263.8826702,0.041322000015497906, 0.39664799987804145,0,0,27.8,0.0,1
4638,1776086263.912127,0.09935499974744744, 0.41186299995388254,0,0,27.8,0.0,1
4639,1776086263.9420795,0.041244999920309056, 0.40931500006990973,0,0,27.8,0.0,1
4640,1776086263.971318,0.04086699982508435, 0.41440399991188315,0,0,27.8,0.0,1
4640,1776086264.0312226,29.64115499980835, 0.2991830001519702,10,10,27.8,0.0,0
4641,1776086264.087728,22.799639999902865, 0.2515979999770934,12,0,27.8,0.0,0
4642,1776086264.1054566,15.103630000339763, 0.31485600038649864,11,11,27.8,0.0,0
4643,1776086264.1379993,19.67221699987931, 0.32360500017603044,12,14,27.8,0.0,0
4644,1776086264.4248703,19.88550399983069, 256.52206099994146,13,9,27.8,0.0,0
4646,1776086264.4298134,0.7220580000648624, 0.347334999787563,0,9,27.8,0.0,1
4647,1776086264.4481034,0.7803309999871999, 0.4031200001008983,0,7,27.8,0.0,1
4648,1776086264.4793942,2.5833240001702507, 0.388810000004014,0,7,27.8,0.0,1
4649,1776086264.5116656,0.435837999702926, 0.3564400003597257,0,0,27.8,0.0,1
4650,1776086264.537921,0.03577900042728288, 0.36504899981082417,0,0,27.8,0.0,1
4651,1776086264.5660017,0.041340999814565293, 0.4164889996900456,0,0,27.8,0.0,1
4652,1776086264.5954263,0.09855500002231565, 0.42082799973286455,0,0,27.8,0.0,1
4653,1776086264.6256614,0.0479189998259244, 0.48774300012155436,0,0,27.8,0.0,1
4654,1776086264.655097,0.04461499975150218, 0.41876600016621524,0,0,27.8,0.0,1
4655,1776086264.6848786,0.04027900013170438, 0.4152310002609738,0,0,27.8,0.0,1
4656,1776086264.7143455,0.08270900025308947, 0.37903400016148225,0,0,27.8,0.0,1
4657,1776086264.744072,0.04205699997328338, 0.43089499968118616,0,0,27.8,0.0,1
4658,1776086264.7744868,0.09055600003193831, 0.41224899996450404,0,0,27.8,0.0,1
4659,1776086264.8041973,0.08806899995761341, 0.39066099998308346,0,0,27.8,0.0,1
4660,1776086264.83334,0.04118700007893494, 0.4132770000069286,0,0,27.8,0.0,1
4661,1776086264.863018,0.09782300003280398, 0.40923099959400133,0,0,27.8,0.0,1
4662,1776086264.8929265,0.040331000036530895, 0.47852999978204025,0,0,27.8,0.0,1
4663,1776086264.9222846,0.09231400008502533, 0.4265310003574996,0,0,27.8,0.0,1
4664,1776086264.9521832,0.041449000036664074, 0.41480799973214744,0,0,27.8,0.0,1
4665,1776086264.9831202,0.09655200028646505, 0.4456850001588464,0,0,27.8,0.0,1
4666,1776086265.011595,0.1133679998019943, 0.4080620001332136,0,0,27.8,0.0,1
4667,1776086265.041569,0.10070300004372257, 0.40062800007945043,0,0,27.8,0.0,1
4668,1776086265.0710976,0.040314999750989955, 0.4170279999016202,0,0,27.8,0.0,1
4669,1776086265.1008542,0.04102000002603745, 0.4165989998909936,0,0,27.8,0.0,1
4670,1776086265.1320927,0.07681299985051737, 0.3148420000798069,0,0,27.8,0.0,1
4671,1776086265.160063,0.042256000142515404, 0.4192029996374913,0,0,27.8,0.0,1
4672,1776086265.190509,0.10131099998034188, 0.4412209996189631,0,0,27.8,0.0,1
4673,1776086265.2193017,0.04095500025869114, 0.41190199999618926,0,0,27.8,0.0,1
4674,1776086265.249338,0.042225000015605474, 0.40809099982652697,0,0,27.8,0.0,1
4675,1776086265.2794046,0.10800099971675081, 0.45593999993798207,0,0,27.8,0.0,1
4676,1776086265.3090322,0.04017200035377755, 0.4029519996038289,0,0,27.8,0.0,1
4677,1776086265.3383036,0.040613000237499364, 0.4166089997852396,0,0,27.8,0.0,1
4678,1776086265.3686109,0.04021099994133692, 0.40272400019603083,0,0,27.8,0.0,1
4679,1776086265.3987622,0.05034100013290299, 0.38662699989799876,0,0,27.8,0.0,1
4679,1776086265.4588804,31.096575999981724, 0.3478700000414392,18,18,27.8,0.0,0
4680,1776086265.516262,22.713445000135835, 0.31398000010085525,24,0,27.8,0.0,0
4681,1776086265.533436,14.819361999798275, 0.35186700006306637,17,17,27.8,0.0,0
4682,1776086265.5654624,19.103717999769287, 0.34324800026297453,17,20,27.8,0.0,0
4683,1776086265.8551066,19.463651000023674, 260.3141700001288,18,13,27.8,0.0,0
4685,1776086265.8601522,0.9240700001100777, 0.34995299984075245,0,13,27.8,0.0,1
4686,1776086265.8737345,1.0161459999835643, 0.395787999877939,0,11,27.8,0.0,1
4687,1776086265.9040492,0.9708570000839245, 0.43147600035808864,0,7,27.8,0.0,1
4688,1776086265.935511,2.592992999780108, 0.44185799970364315,0,0,27.8,0.0,1
4689,1776086265.9671645,0.06869199978609686, 0.27807000014945515,0,0,27.8,0.0,1
4690,1776086265.99307,0.038919999951758655, 0.39558100024805753,0,0,27.8,0.0,1
4691,1776086266.0238135,0.038593999761360465, 0.36213300018062,0,0,27.8,0.0,1
4692,1776086266.0514808,0.095701000191184, 0.43441100024210755,0,0,27.8,0.0,1
4693,1776086266.0815887,0.10448900002302253, 0.4521609998846543,0,0,27.8,0.0,1
4694,1776086266.111137,0.043243999698461266, 0.419481999870186,0,0,27.8,0.0,1
4695,1776086266.1409395,0.042207999740639934, 0.474674000088271,0,0,27.8,0.0,1
4696,1776086266.1703153,0.04302400020606001, 0.41540099982739775,0,0,27.8,0.0,1
4697,1776086266.200472,0.10433299985379563, 0.4513419999057078,0,0,27.8,0.0,1
4698,1776086266.2304087,0.042130999645451084, 0.4104829999960202,0,0,27.8,0.0,1
4699,1776086266.2602174,0.09176799994747853, 0.42190600015601376,0,0,27.8,0.0,1
4700,1776086266.2892036,0.039446000300813466, 0.4182369998488866,0,0,27.8,0.0,1
4701,1776086266.3189645,0.09388299986312632, 0.43160999985047965,0,0,27.8,0.0,1
4702,1776086266.3489397,0.039044000004651025, 0.41704800014485954,0,0,27.8,0.0,1
4703,1776086266.378297,0.09564099991621333, 0.4121160000067903,0,0,27.8,0.0,1
4704,1776086266.408587,0.043402999835961964, 0.48858399986784207,0,0,27.8,0.0,1
4705,1776086266.4379456,0.060460999975475715, 0.4141099998378195,0,0,27.8,0.0,1
4706,1776086266.4678671,0.0545910002074379, 0.4700710001088737,0,0,27.8,0.0,1
4707,1776086266.497319,0.09687499959909474, 0.4041930001221772,0,0,27.8,0.0,1
4708,1776086266.5270185,0.09907000003295252, 0.3634670001702034,0,0,27.8,0.0,1
4709,1776086266.5573747,0.049063000005844515, 0.5201619997023954,0,0,27.8,0.0,1
4710,1776086266.5871315,0.039602000015293015, 0.3809659997386916,0,0,27.8,0.0,1
4711,1776086266.617942,0.03478500002529472, 0.35008800023206277,0,0,27.8,0.0,1
4712,1776086266.6460338,0.04037200005768682, 0.42291199997634976,0,0,27.8,0.0,1
4713,1776086266.6754477,0.09199499982059933, 0.42767900004037074,0,0,27.8,0.0,1
4714,1776086266.7052472,0.03963100016335375, 0.4211069999655592,0,0,27.8,0.0,1
4715,1776086266.7351618,0.04310199983592611, 0.41825500011327676,0,0,27.8,0.0,1
4716,1776086266.764871,0.038875000427651685, 0.41551399999661953,0,0,27.8,0.0,1
4717,1776086266.794324,0.09329200020147255, 0.4152759997850808,0,0,27.8,0.0,1
4718,1776086266.8245423,0.04068199996254407, 0.4064229997311486,0,0,27.8,0.0,1
4718,1776086266.8862095,31.930988999647525, 0.29064499995001825,12,12,27.8,0.0,0
4719,1776086266.901205,13.098506999995152, 0.26614799980961834,12,0,27.8,0.0,0
4720,1776086266.9312668,17.84323099991525, 0.3157399996780441,13,13,27.8,0.0,0
4721,1776086266.961805,19.440153000232385, 0.3345860000081302,15,16,27.8,0.0,0
4722,1776086267.2487438,19.490725000196107, 257.40551399985634,11,8,27.8,0.0,0
4724,1776086267.2526977,0.5473669998536934, 0.24992399994516745,0,8,27.8,0.0,1
4725,1776086267.270328,0.5846359999850392, 0.33153699996546493,0,8,27.8,0.0,1
4726,1776086267.3021796,2.236105000065436, 0.3311539999231172,0,7,27.8,0.0,1
4727,1776086267.3336952,0.4273500003364461, 0.3001280001626583,0,0,27.8,0.0,1
4728,1776086267.3591406,0.044238999635126675, 0.3437730001678574,0,0,27.8,0.0,1
4729,1776086267.3888335,0.04431100023793988, 0.34623500005181995,0,0,27.8,0.0,1
4730,1776086267.418272,0.040297999930771766, 0.3419599997869227,0,0,27.8,0.0,1
4731,1776086267.4480383,0.045295000290934695, 0.34281799980817595,0,0,27.8,0.0,1
4732,1776086267.4785576,0.04583999998430954, 0.32403100021838327,0,0,27.8,0.0,1
4733,1776086267.509211,0.04120299990972853, 0.3137140001854277,0,0,27.8,0.0,1
4734,1776086267.5371516,0.044565000280272216, 0.336248000166961,0,0,27.8,0.0,1
4735,1776086267.5670426,0.044456000068748835, 0.3524930002640758,0,0,27.8,0.0,1
4736,1776086267.5971844,0.045777000195812434, 0.4924400000163587,0,0,27.8,0.0,1
4737,1776086267.6263638,0.09639700010666274, 0.4501729999901727,0,0,27.8,0.0,1
4738,1776086267.6561556,0.0424899999416084, 0.4330309998294979,0,0,27.8,0.0,1
4739,1776086267.6860178,0.06877600026200525, 0.42442699987077503,0,0,27.8,0.0,1
4740,1776086267.7163022,0.0414820001424232, 0.41324799985886784,0,0,27.8,0.0,1
4741,1776086267.7456262,0.10596899983283947, 0.39801299999453477,0,0,27.8,0.0,1
4742,1776086267.7751048,0.1014970002870541, 0.4157029998168582,0,0,27.8,0.0,1
4743,1776086267.8048868,0.045354999656410655, 0.41922599984900444,0,0,27.8,0.0,1
4744,1776086267.8343668,0.0944399998843437, 0.4224260001137736,0,0,27.8,0.0,1
4745,1776086267.8641336,0.042968999878212344, 0.4166489998169709,0,0,27.8,0.0,1
4746,1776086267.894144,0.042192999899270944, 0.5074789996797335,0,0,27.8,0.0,1
4747,1776086267.9235778,0.04498999987845309, 0.43192200018893345,0,0,27.8,0.0,1
4748,1776086267.9537978,0.04197900034341728, 0.4887310001322476,0,0,27.8,0.0,1
4749,1776086267.9839447,0.09756899999047164, 0.4237660000399046,0,0,27.8,0.0,1
4750,1776086268.013425,0.047539999741275096, 0.5108279997330101,0,0,27.8,0.0,1
4751,1776086268.0428207,0.11515999995026505, 0.41867799973260844,0,0,27.8,0.0,1
4752,1776086268.0730045,0.08629500007373281, 0.38624999979219865,0,0,27.8,0.0,1
4753,1776086268.103802,0.08090100027402514, 0.3142350001326122,0,0,27.8,0.0,1
4754,1776086268.1318007,0.05672899987985147, 0.41572899999664514,0,0,27.8,0.0,1
4755,1776086268.1612823,0.04384700014270493, 0.4325810000409547,0,0,27.8,0.0,1
4756,1776086268.1912928,0.04052399981446797, 0.4634500000975095,0,0,27.8,0.0,1
4757,1776086268.2208796,0.040363000152865425, 0.4184679996797058,0,0,27.8,0.0,1
4757,1776086268.2728682,22.67831400013165, 0.26359399998909794,9,9,27.8,0.0,0
4758,1776086268.3036609,21.12402700004168, 0.2472989999660058,7,0,27.8,0.0,0
4759,1776086268.3299015,19.22241500005839, 0.23502600015490316,6,6,27.8,0.0,0
4760,1776086268.359568,19.49893599976349, 0.28537900016090134,7,10,27.8,0.0,0
4761,1776086268.6469007,19.357891000254313, 258.35980700003347,9,5,27.8,0.0,0
4763,1776086268.6510115,0.412479000260646, 0.2977479998662602,0,5,27.8,0.0,1
4764,1776086268.6673312,0.3960560002269631, 0.33291599993390264,0,3,27.8,0.0,1
4765,1776086268.697839,0.322774999858666, 0.3005839998877491,0,3,27.8,0.0,1
4766,1776086268.7275658,1.7953149999812013, 0.3434479999668838,0,0,27.8,0.0,1
4767,1776086268.759921,0.036249999993742676, 0.263119999999617,0,0,27.8,0.0,1
4768,1776086268.7852128,0.045136999688111246, 0.34304199971302296,0,0,27.8,0.0,1
4769,1776086268.81498,0.04622100004780805, 0.343100999998569,0,0,27.8,0.0,1
4770,1776086268.8448231,0.04354600014266907, 0.3427189999456459,0,0,27.8,0.0,1
4771,1776086268.874283,0.04509699965637992, 0.33838799981822376,0,0,27.8,0.0,1
4772,1776086268.9043996,0.04221100016366108, 0.35722300026463927,0,0,27.8,0.0,1
4773,1776086268.934229,0.044269999762036605, 0.3471019999778946,0,0,27.8,0.0,1
4774,1776086268.9637756,0.04697900021710666, 0.3455310002209444,0,0,27.8,0.0,1
4775,1776086268.9935684,0.04367199971966329, 0.36594499988495954,0,0,27.8,0.0,1
4776,1776086269.022525,0.04587800003719167, 0.3650399999060028,0,0,27.8,0.0,1
4777,1776086269.052441,0.049031999878934585, 0.3974380001636746,0,0,27.8,0.0,1
4778,1776086269.0819123,0.04317499997341656, 0.34487299990360043,0,0,27.8,0.0,1
4779,1776086269.1116388,0.04892700007985695, 0.3687030002765823,0,0,27.8,0.0,1
4780,1776086269.1413717,0.045898999815108255, 0.3893550001521362,0,0,27.8,0.0,1
4781,1776086269.1714814,0.04907099992124131, 0.39571499974044855,0,0,27.8,0.0,1
4782,1776086269.2007535,0.06068599986974732, 0.34391799999866635,0,0,27.8,0.0,1
4783,1776086269.2304978,0.045388000216917135, 0.3838220000034198,0,0,27.8,0.0,1
4784,1776086269.2612746,0.04642099975171732, 0.3620670004238491,0,0,27.8,0.0,1
4785,1776086269.2912095,0.038593999761360465, 0.295864000236179,0,0,27.8,0.0,1
4786,1776086269.320122,0.044659000195679255, 0.34104599990314455,0,0,27.8,0.0,1
4787,1776086269.3502653,0.051854000048479065, 0.3734700003406033,0,0,27.8,0.0,1
4788,1776086269.3797657,0.044426999920688104, 0.34916399999929126,0,0,27.8,0.0,1
4789,1776086269.4092274,0.04435399978319765, 0.3513090000524244,0,0,27.8,0.0,1
4790,1776086269.4391026,0.043323000227246666, 0.33893399995577056,0,0,27.8,0.0,1
4791,1776086269.469031,0.044583000089915004, 0.41334800016556983,0,0,27.8,0.0,1
4792,1776086269.4990246,0.04587600005834247, 0.3443400000833208,0,0,27.8,0.0,1
4793,1776086269.5284615,0.04465299980438431, 0.34408700003041304,0,0,27.8,0.0,1
4794,1776086269.5579903,0.04421200037540984, 0.3438280000409577,0,0,27.8,0.0,1
4795,1776086269.587545,0.048863000301935244, 0.3720990002875624,0,0,27.8,0.0,1
4796,1776086269.6167593,0.0742830002309347, 0.3457220000200323,0,0,27.8,0.0,1
4796,1776086269.6786392,32.370704999721056, 0.23932499971124344,7,7,27.8,0.0,0
4797,1776086269.6944628,14.08655999966868, 0.24220300019806018,8,0,27.8,0.0,0
4798,1776086269.729826,21.282242000324914, 0.24952500007202616,8,8,27.8,0.0,0
4799,1776086269.7566826,19.01191299975835, 0.26553699990472523,9,11,27.8,0.0,0
4800,1776086270.0450184,19.787426999755553, 258.56317800025863,7,6,27.8,0.0,0
4802,1776086270.0489855,0.4258680000930326, 0.18086899990521488,0,6,27.8,0.0,1
4803,1776086270.063453,0.4805180001312692, 0.34181799992438755,0,5,27.8,0.0,1
4804,1776086270.0947974,1.9812479999927746, 0.3058759998566529,0,4,27.8,0.0,1
4805,1776086270.1271563,0.31377100003737723, 0.29223799992905697,0,0,27.8,0.0,1
4806,1776086270.1528025,0.04238600013195537, 0.3091309999945224,0,0,27.8,0.0,1
4807,1776086270.1834962,0.04415700004756218, 0.31333100014308,0,0,27.8,0.0,1
4808,1776086270.2117457,0.06084599999667262, 0.3422680001676781,0,0,27.8,0.0,1
4809,1776086270.2412326,0.04581200028042076, 0.34102800009350176,0,0,27.8,0.0,1
4810,1776086270.271036,0.04193400036456296, 0.3417419998186233,0,0,27.8,0.0,1
4811,1776086270.301212,0.049048000164475525, 0.3862789999402594,0,0,27.8,0.0,1
4812,1776086270.3308508,0.044115000036981655, 0.33399800031475024,0,0,27.8,0.0,1
4813,1776086270.360057,0.04618799994204892, 0.33997900027316064,0,0,27.8,0.0,1
4814,1776086270.39041,0.04551499978333595, 0.35189499976695515,0,0,27.8,0.0,1
4815,1776086270.4201193,0.046690000090165995, 0.3432600001360697,0,0,27.8,0.0,1
4816,1776086270.4497464,0.05989300007058773, 0.3393440001673298,0,0,27.8,0.0,1
4817,1776086270.4790242,0.04845300009037601, 0.3447680001045228,0,0,27.8,0.0,1
4818,1776086270.5088868,0.040004999846132705, 0.342348999765818,0,0,27.8,0.0,1
4819,1776086270.5383291,0.04346599962445907, 0.3364160002092831,0,0,27.8,0.0,1
4820,1776086270.568163,0.04347100002632942, 0.342458999966766,0,0,27.8,0.0,1
4821,1776086270.5979707,0.04592200002662139, 0.3407859999242646,0,0,27.8,0.0,1
4822,1776086270.6278088,0.0465260000055423, 0.3374220000296191,0,0,27.8,0.0,1
4823,1776086270.6572511,0.04869800022788695, 0.34306800034755724,0,0,27.8,0.0,1
4824,1776086270.6870263,0.04516800026976853, 0.33776700001908466,0,0,27.8,0.0,1
4825,1776086270.717271,0.05194000004848931, 0.3765189999285212,0,0,27.8,0.0,1
4826,1776086270.747367,0.04287000001568231, 0.35533099980966654,0,0,27.8,0.0,1
4827,1776086270.7776923,0.04976499985787086, 0.2946439999504946,0,0,27.8,0.0,1
4828,1776086270.80596,0.045188000058260513, 0.3399639999770443,0,0,27.8,0.0,1
4829,1776086270.8357794,0.044083999910071725, 0.3482719998828543,0,0,27.8,0.0,1
4830,1776086270.8652623,0.045120999857317656, 0.33518100008222973,0,0,27.8,0.0,1
4831,1776086270.8950987,0.04378100038593402, 0.3430010001466144,0,0,27.8,0.0,1
4832,1776086270.924862,0.0440419998994912, 0.34273900018888526,0,0,27.8,0.0,1
4833,1776086270.9546669,0.04484999999476713, 0.35469500016915845,0,0,27.8,0.0,1
4834,1776086270.984493,0.04170599959252286, 0.3518990001794009,0,0,27.8,0.0,1
4835,1776086271.0143132,0.04696700034401147, 0.34349500037933467,0,0,27.8,0.0,1
4835,1776086271.0770724,33.381546000327944, 0.29166199965402484,14,14,27.8,0.0,0
4836,1776086271.1250129,22.686906000217277, 0.28144000043539563,7,0,27.8,0.0,0
4837,1776086271.1425877,15.895185000317724, 0.26440100009494927,8,8,27.8,0.0,0
4838,1776086271.156779,12.460438000289287, 0.2550300000621064,7,9,27.8,0.0,0
4839,1776086271.4316306,12.114567000026, 258.37781300015195,10,5,27.8,0.0,0
4841,1776086271.4355001,0.3998699999101518, 0.30935599988879403,0,5,27.8,0.0,1
4842,1776086271.460209,0.4339940001045761, 0.34163500004069647,0,5,27.8,0.0,1
4843,1776086271.4900048,0.4597990000547725, 0.34434200006217,0,4,27.8,0.0,1
4844,1776086271.5208445,1.8579689999569382, 0.3437150003264833,0,0,27.8,0.0,1
4845,1776086271.5535512,0.03614800016293884, 0.26923099994746735,0,0,27.8,0.0,1
4846,1776086271.579034,0.04705499986812356, 0.3409559999454359,0,0,27.8,0.0,1
4847,1776086271.608506,0.040317000184586504, 0.34157500022047316,0,0,27.8,0.0,1
4848,1776086271.6380193,0.044319000153336674, 0.3408449997550633,0,0,27.8,0.0,1
4849,1776086271.6677685,0.04634600009012502, 0.3477549998933682,0,0,27.8,0.0,1
4850,1776086271.6973596,0.04275400033293408, 0.3383099997336103,0,0,27.8,0.0,1
4851,1776086271.7270694,0.04532200000539888, 0.3370809999978519,0,0,27.8,0.0,1
4852,1776086271.7568722,0.04348600032244576, 0.33684399977573776,0,0,27.8,0.0,1
4853,1776086271.7867177,0.060600999859161675, 0.35011899990422535,0,0,27.8,0.0,1
4854,1776086271.8166206,0.05436399987956975, 0.3643479999482224,0,0,27.8,0.0,1
4855,1776086271.846006,0.04241699980411795, 0.34299999970244244,0,0,27.8,0.0,1
4856,1776086271.8758442,0.04572099987854017, 0.3364040003361879,0,0,27.8,0.0,1
4857,1776086271.9053788,0.04379899974082946, 0.34791900043273927,0,0,27.8,0.0,1
4858,1776086271.9360688,0.044877000163978664, 0.3371800003151293,0,0,27.8,0.0,1
4859,1776086271.9667735,0.04067999998369487, 0.31293799975173897,0,0,27.8,0.0,1
4860,1776086271.9950712,0.05082500001662993, 0.37655699998140335,0,0,27.8,0.0,1
4861,1776086272.0245657,0.04905300011159852, 0.36726999996972154,0,0,27.8,0.0,1
4862,1776086272.0540767,0.043930000174441375, 0.345342999935383,0,0,27.8,0.0,1
4863,1776086272.0838647,0.04308300003685872, 0.3473640003903711,0,0,27.8,0.0,1
4864,1776086272.1132689,0.044937999973626575, 0.33679099988148664,0,0,27.8,0.0,1
4865,1776086272.1431458,0.042595000195433386, 0.3483119999145856,0,0,27.8,0.0,1
4866,1776086272.1732295,0.04448199979378842, 0.3488329998617701,0,0,27.8,0.0,1
4867,1776086272.2030938,0.04437300003701239, 0.34236500005135895,0,0,27.8,0.0,1
4868,1776086272.2321796,0.045852999846829334, 0.3364030003467633,0,0,27.8,0.0,1
4869,1776086272.262034,0.0448199998572818, 0.34644900006242096,0,0,27.8,0.0,1
4870,1776086272.291806,0.046301999645947944, 0.3385859999980312,0,0,27.8,0.0,1
4871,1776086272.3216016,0.04246100024829502, 0.36471600014920114,0,0,27.8,0.0,1
4872,1776086272.3511288,0.04398000010041869, 0.34290000030523515,0,0,27.8,0.0,1
4873,1776086272.3812528,0.04787300031239283, 0.3790179998759413,0,0,27.8,0.0,1
4874,1776086272.410802,0.043182999888813356, 0.3445669999564416,0,0,27.8,0.0,1
4874,1776086272.4714293,31.30129199962539, 0.2673700000741519,10,10,27.8,0.0,0
4875,1776086272.512054,22.17140599987033, 0.2768340000329772,12,0,27.8,0.0,0
4876,1776086272.5285563,14.740508000159025, 0.27986699979010154,11,11,27.8,0.0,0
4877,1776086272.627689,24.640811999688594, 0.388605999887659,16,20,27.8,0.0,0
4878,1776086272.9051263,16.92116399999577, 258.8292740001634,11,8,27.8,0.0,0
4880,1776086272.909312,0.5380630000217934, 0.30286499986686977,0,8,27.8,0.0,1
4881,1776086272.9151437,0.5046000001129869, 0.3214220000700152,0,5,27.8,0.0,1
4882,1776086272.9472013,1.9460649996290158, 0.3459939998720074,0,1,27.8,0.0,1
4883,1776086272.9797268,0.21786600018458557, 0.33896299964908394,0,0,27.8,0.0,1
4884,1776086273.0048661,0.04235799997331924, 0.344103000315954,0,0,27.8,0.0,1
4885,1776086273.0347998,0.043028999698435655, 0.33809900014603045,0,0,27.8,0.0,1
4886,1776086273.0641584,0.04441500004759291, 0.3343819998917752,0,0,27.8,0.0,1
4887,1776086273.0939987,0.04229800015309593, 0.3407839999454154,0,0,27.8,0.0,1
4888,1776086273.1244771,0.044800000068789814, 0.3416700001253048,0,0,27.8,0.0,1
4889,1776086273.1548223,0.03742400031114812, 0.2996170001097198,0,0,27.8,0.0,1
4890,1776086273.1830833,0.044145999709144235, 0.338913000177854,0,0,27.8,0.0,1
4891,1776086273.2132897,0.05099800000607502, 0.3897569999935513,0,0,27.8,0.0,1
4892,1776086273.2427888,0.043125000047439244, 0.34395600005154847,0,0,27.8,0.0,1
4893,1776086273.2721908,0.04291400000511203, 0.3335860001243418,0,0,27.8,0.0,1
4894,1776086273.302002,0.04337800010034698, 0.3390779997971549,0,0,27.8,0.0,1
4895,1776086273.3318198,0.04756700036523398, 0.3343540001878864,0,0,27.8,0.0,1
4896,1776086273.3619752,0.04534999970928766, 0.33383300024070195,0,0,27.8,0.0,1
4897,1776086273.3914542,0.043523999920580536, 0.34093199974449817,0,0,27.8,0.0,1
4898,1776086273.42122,0.0455949998467986, 0.38021699992896174,0,0,27.8,0.0,1
4899,1776086273.450715,0.043811000068672, 0.3499790000205394,0,0,27.8,0.0,1
4900,1776086273.4802053,0.043992999962938484, 0.3403949999665201,0,0,27.8,0.0,1
4901,1776086273.5100327,0.04494799986787257, 0.3436299998611503,0,0,27.8,0.0,1
4902,1776086273.5397983,0.044209999941813294, 0.34413000003041816,0,0,27.8,0.0,1
4903,1776086273.5695841,0.05037700020693592, 0.355502999809687,0,0,27.8,0.0,1
4904,1776086273.5992048,0.04214000000501983, 0.3400099999453232,0,0,27.8,0.0,1
4905,1776086273.6289158,0.044330999571684515, 0.33552099966982496,0,0,27.8,0.0,1
4906,1776086273.6587527,0.060631999986071605, 0.3480830000626156,0,0,27.8,0.0,1
4907,1776086273.6881154,0.045527000111178495, 0.3450059998613142,0,0,27.8,0.0,1
4908,1776086273.718766,0.03949800020563998, 0.32267500000671134,0,0,27.8,0.0,1
4909,1776086273.7493122,0.039354999898932874, 0.30862399989928235,0,0,27.8,0.0,1
4910,1776086273.7776344,0.052753000090888236, 0.3610280000430066,0,0,27.8,0.0,1
4911,1776086273.8071125,0.04530399974100874, 0.342110000019602,0,0,27.8,0.0,1
4912,1776086273.8369677,0.04506599998421734, 0.3411459997550992,0,0,27.8,0.0,1
4913,1776086273.8667269,0.061268000081327045, 0.34518700022090343,0,0,27.8,0.0,1
4913,1776086273.9282036,32.19516500030295, 0.2542570000514388,5,5,27.8,0.0,0
4914,1776086273.9437594,13.843563000136783, 0.21384399997259607,4,0,27.8,0.0,0
4915,1776086273.9772534,20.64312999982576, 0.24475800000800518,4,4,27.8,0.0,0
4916,1776086274.0053842,19.1420310002286, 0.26424999987284536,7,7,27.8,0.0,0
4917,1776086274.2896996,17.845957000190538, 258.38399299982484,5,4,27.8,0.0,0
4919,1776086274.2934306,0.3550569999788422, 0.311224000142829,0,4,27.8,0.0,1
4920,1776086274.3131428,0.35314900014782324, 0.3083689998675254,0,4,27.8,0.0,1
4921,1776086274.3438897,0.35310499970364617, 0.334699000177352,0,0,27.8,0.0,1
4922,1776086274.3734381,1.6588620001130039, 0.33079100012400886,0,0,27.8,0.0,1
4923,1776086274.4063838,0.037617000089085195, 0.2786669997476565,0,0,27.8,0.0,1
4924,1776086274.4311452,0.043228999857092276, 0.34068600007231,0,0,27.8,0.0,1
4925,1776086274.4611928,0.04479100016396842, 0.3816710000137391,0,0,27.8,0.0,1
4926,1776086274.490834,0.042644000131986104, 0.3441149997343018,0,0,27.8,0.0,1
4927,1776086274.5201933,0.04409299981489312, 0.3339770000820863,0,0,27.8,0.0,1
4928,1776086274.550365,0.046612000005552545, 0.3555610001058085,0,0,27.8,0.0,1
4929,1776086274.580172,0.04375300022729789, 0.34851500004151603,0,0,27.8,0.0,1
4930,1776086274.609702,0.04234100015310105, 0.3553880001163634,0,0,27.8,0.0,1
4931,1776086274.6390367,0.045215000227472046, 0.33576000032553566,0,0,27.8,0.0,1
4932,1776086274.669288,0.0475369997730013, 0.38386300002457574,0,0,27.8,0.0,1
4933,1776086274.6987538,0.06135200010248809, 0.3512609996505489,0,0,27.8,0.0,1
4934,1776086274.7282565,0.04345500019553583, 0.3425539998715976,0,0,27.8,0.0,1
4935,1776086274.7584515,0.05002800025977194, 0.37445899988597375,0,0,27.8,0.0,1
4936,1776086274.7879126,0.047339000047941227, 0.3462640001998807,0,0,27.8,0.0,1
4937,1776086274.8177695,0.043682000068656635, 0.33983000002990593,0,0,27.8,0.0,1
4938,1776086274.8470962,0.04418799971972476, 0.3336609997859341,0,0,27.8,0.0,1
4939,1776086274.876916,0.04479400013224222, 0.3387290003047383,0,0,27.8,0.0,1
4940,1776086274.9074376,0.04267900021659443, 0.34514599974500015,0,0,27.8,0.0,1
4941,1776086274.9380357,0.04036999962409027, 0.3193050001755182,0,0,27.8,0.0,1
4942,1776086274.966044,0.04196899999442394, 0.3422720001253765,0,0,27.8,0.0,1
4943,1776086274.996304,0.05166499977349304, 0.3682860001390509,0,0,27.8,0.0,1
4944,1776086275.0257072,0.04502599995248602, 0.36316100022304454,0,0,27.8,0.0,1
4945,1776086275.0550635,0.041755999973247526, 0.33894199987116735,0,0,27.8,0.0,1
4946,1776086275.0849602,0.04585899978337693, 0.34064000010403106,0,0,27.8,0.0,1
4947,1776086275.1147575,0.04431299976204173, 0.34832100027415436,0,0,27.8,0.0,1
4948,1776086275.1445444,0.04140600003665895, 0.3356910001457436,0,0,27.8,0.0,1
4949,1776086275.174305,0.04165600012129289, 0.3492970004117524,0,0,27.8,0.0,1
4950,1776086275.203839,0.04353099984655273, 0.3461410001364129,0,0,27.8,0.0,1
4951,1776086275.2336822,0.04244599995217868, 0.3600800000640447,0,0,27.8,0.0,1
4952,1776086275.2631958,0.04230400008964352, 0.3441740000198479,0,0,27.8,0.0,1
4952,1776086275.3117306,18.692159000238462, 0.24547300017729867,8,8,27.8,0.0,0
4953,1776086275.3479335,22.01295700024275, 0.23746699980620178,6,0,27.8,0.0,0
4954,1776086275.37278,19.00018900005307, 0.24044700012382236,6,6,27.8,0.0,0
4955,1776086275.3993928,18.463440000232367, 0.26339100031691487,7,7,27.8,0.0,0
4956,1776086275.691332,21.04938000002221, 258.25761600026453,6,5,27.8,0.0,0
4958,1776086275.6952684,0.3946229999201023, 0.30569299997296184,0,5,27.8,0.0,1
4959,1776086275.7092392,0.43440300032671075, 0.3457650000200374,0,5,27.8,0.0,1
4960,1776086275.7405427,1.8564260003586242, 0.3141289998893626,0,4,27.8,0.0,1
4961,1776086275.772695,0.3162289999636414, 0.27614800001174444,0,0,27.8,0.0,1
4962,1776086275.7986765,0.039275999824894825, 0.33231199995498173,0,0,27.8,0.0,1
4963,1776086275.8293853,0.041759999930945924, 0.3200760002073366,0,0,27.8,0.0,1
4964,1776086275.85768,0.04319399977248395, 0.3558989997145545,0,0,27.8,0.0,1
4965,1776086275.8871784,0.043867999920621514, 0.34338799969191314,0,0,27.8,0.0,1
4966,1776086275.91696,0.04477900029087323, 0.34065599993482465,0,0,27.8,0.0,1
4967,1776086275.9467382,0.05748799958382733, 0.3384189999451337,0,0,27.8,0.0,1
4968,1776086275.9761977,0.042499999835854396, 0.3370429999449698,0,0,27.8,0.0,1
4969,1776086276.0061123,0.045464000322681386, 0.338702999670204,0,0,27.8,0.0,1
4970,1776086276.036608,0.0500159999319294, 0.3698270002132631,0,0,27.8,0.0,1
4971,1776086276.0662036,0.04395299993120716, 0.3420630000618985,0,0,27.8,0.0,1
4972,1776086276.0951588,0.04441500004759291, 0.33842300035757944,0,0,27.8,0.0,1
4973,1776086276.1249907,0.047744999847054714, 0.3354720001880196,0,0,27.8,0.0,1
4974,1776086276.1548362,0.044487000195658766, 0.3462600002421823,0,0,27.8,0.0,1
4975,1776086276.184195,0.04290899960324168, 0.3509000002850371,0,0,27.8,0.0,1
4976,1776086276.2140837,0.042314999973314116, 0.33907600027305307,0,0,27.8,0.0,1
4977,1776086276.243898,0.04579599999487982, 0.3402299998924718,0,0,27.8,0.0,1
4978,1776086276.2737343,0.0575340000068536, 0.3407270000934659,0,0,27.8,0.0,1
4979,1776086276.3032439,0.042474000110814814, 0.34780999976646854,0,0,27.8,0.0,1
4980,1776086276.3329232,0.04460099989955779, 0.34431299991410924,0,0,27.8,0.0,1
4981,1776086276.3627846,0.04364599999462371, 0.3460519997133815,0,0,27.8,0.0,1
4982,1776086276.3928845,0.043153999740752624, 0.3098979996138951,0,0,27.8,0.0,1
4983,1776086276.4235387,0.039786999877833296, 0.31664800008002203,0,0,27.8,0.0,1
4984,1776086276.4519174,0.043819999973493395, 0.33494800027256133,0,0,27.8,0.0,1
4985,1776086276.4817362,0.05835000001752633, 0.34119800011467305,0,0,27.8,0.0,1
4986,1776086276.5111432,0.04516800026976853, 0.3340599996590754,0,0,27.8,0.0,1
4987,1776086276.5409408,0.046393000047828536, 0.33761299982870696,0,0,27.8,0.0,1
4988,1776086276.570792,0.04384099975140998, 0.34873899994636304,0,0,27.8,0.0,1
4989,1776086276.6002512,0.044220999825483887, 0.33925900015674415,0,0,27.8,0.0,1
4990,1776086276.6304061,0.0465289999738161, 0.3493650001473725,0,0,27.8,0.0,1
4991,1776086276.6602368,0.04402399963510106, 0.33740899971235194,0,0,27.8,0.0,1
4991,1776086276.7222917,32.731382999827474, 0.2856870000869094,11,11,27.8,0.0,0
4992,1776086276.7657905,22.747460000118735, 0.24686300002940698,10,0,27.8,0.0,0
4993,1776086276.78202,14.518234000206576, 0.2753459998530161,12,12,27.8,0.0,0
4994,1776086276.7965436,12.697106000359781, 0.3090469999733614,13,14,27.8,0.0,0
4995,1776086277.0818968,17.757056999926135, 256.84869599990634,14,8,27.8,0.0,0
4997,1776086277.0855703,0.528212000062922, 0.31973700015441864,0,8,27.8,0.0,1
4998,1776086277.105556,0.6291720001172507, 0.3610939997997775,0,7,27.8,0.0,1
4999,1776086277.135493,0.565762999940489, 0.33405800013497355,0,7,27.8,0.0,1
5000,1776086277.1666255,2.1454749999065825, 0.4042370001116069,0,0,27.8,0.0,1
5001,1776086277.198674,0.03585699960240163, 0.2623979999043513,0,0,27.8,0.0,1
5002,1776086277.224164,0.04620099980456871, 0.34275600000910345,0,0,27.8,0.0,1
5003,1776086277.254067,0.04815900001631235, 0.38103399992905906,0,0,27.8,0.0,1
5004,1776086277.2832556,0.045818999751645606, 0.37263500007611583,0,0,27.8,0.0,1
5005,1776086277.313143,0.046040000142966164, 0.38237399985519005,0,0,27.8,0.0,1
5006,1776086277.3427517,0.06578100010301569, 0.3531130000737903,0,0,27.8,0.0,1
5007,1776086277.3726544,0.04332900016379426, 0.39106999975047074,0,0,27.8,0.0,1
5008,1776086277.402551,0.048196000079769874, 0.36518499973681173,0,0,27.8,0.0,1
5009,1776086277.4318604,0.042349000068497844, 0.3464800001893309,0,0,27.8,0.0,1
5010,1776086277.461606,0.046440000005532056, 0.349296999957005,0,0,27.8,0.0,1
5011,1776086277.4913933,0.044473999878391623, 0.38509999967573094,0,0,27.8,0.0,1
5012,1776086277.5211084,0.044424999941838905, 0.3828799999610055,0,0,27.8,0.0,1
5013,1776086277.550877,0.04542599981505191, 0.37262800015014363,0,0,27.8,0.0,1
5014,1776086277.5815,0.045125000269763405, 0.337458000103652,0,0,27.8,0.0,1
5015,1776086277.612093,0.040717000047152396, 0.31683400038673426,0,0,27.8,0.0,1
5016,1776086277.6399636,0.04452899975149194, 0.3785750000133703,0,0,27.8,0.0,1
5017,1776086277.6695104,0.04627399994205916, 0.36538499989546835,0,0,27.8,0.0,1
5018,1776086277.6993253,0.04617399963535718, 0.38074600024629035,0,0,27.8,0.0,1
5019,1776086277.7291124,0.04577099980451749, 0.38451699992947397,0,0,27.8,0.0,1
5020,1776086277.7587488,0.06517000019812258, 0.34357499998804997,0,0,27.8,0.0,1
5021,1776086277.7884305,0.048411000079795485, 0.41018499996425817,0,0,27.8,0.0,1
5022,1776086277.8193288,0.043526999888854334, 0.3578740002012637,0,0,27.8,0.0,1
5023,1776086277.848628,0.04382599991004099, 0.3337879998071003,0,0,27.8,0.0,1
5024,1776086277.878054,0.04499500028032344, 0.3338660003464611,0,0,27.8,0.0,1
5025,1776086277.9078648,0.043663999804266496, 0.3451640000093903,0,0,27.8,0.0,1
5026,1776086277.9377873,0.04801400018550339, 0.3411779998714337,0,0,27.8,0.0,1
5027,1776086277.967186,0.04600500005835784, 0.3476770002635021,0,0,27.8,0.0,1
5028,1776086277.9974566,0.05096100039736484, 0.4061849999743572,0,0,27.8,0.0,1
5029,1776086278.0267656,0.04611000031218282, 0.3466099997240235,0,0,27.8,0.0,1
5030,1776086278.0563133,0.04453900010048528, 0.3399689999241673,0,0,27.8,0.0,1
5030,1776086278.1187649,32.69201200009775, 0.27350399977876805,12,12,27.8,0.0,0
5031,1776086278.1345906,14.022358999682183, 0.2606979996926384,16,0,27.8,0.0,0
5032,1776086278.168436,20.563070000207517, 0.32991999978548847,15,15,27.8,0.0,0
5033,1776086278.1960318,19.07381599994551, 0.3214610001123219,18,20,27.8,0.0,0
5034,1776086278.480732,18.76300200001424, 257.26862900000924,18,12,27.8,0.0,0
5036,1776086278.4847987,0.5858770000486402, 0.17345600008411566,0,12,27.8,0.0,1
5037,1776086278.5038044,0.7135179998840613, 0.2966350002679974,0,11,27.8,0.0,1
5038,1776086278.5335186,2.2310939998533286, 0.3185579998898902,0,11,27.8,0.0,1
5039,1776086278.5661716,0.5702809999093006, 0.3418700002839614,0,0,27.8,0.0,1
5040,1776086278.5912015,0.04463799996301532, 0.3376050003680575,0,0,27.8,0.0,1
5041,1776086278.6210732,0.04437500001586159, 0.34203599989268696,0,0,27.8,0.0,1
5042,1776086278.6508336,0.04650700020647491, 0.3380120001565956,0,0,27.8,0.0,1
5043,1776086278.6805558,0.049497999953018734, 0.3623200000220095,0,0,27.8,0.0,1
5044,1776086278.7104638,0.04494299992074957, 0.3465880004114297,0,0,27.8,0.0,1
5045,1776086278.7402642,0.04594900019583292, 0.34257800007253536,0,0,27.8,0.0,1
5046,1776086278.769782,0.04662099991037394, 0.34623500005181995,0,0,27.8,0.0,1
5047,1776086278.799158,0.04438799987838138, 0.3395640001144784,0,0,27.8,0.0,1
5048,1776086278.8290474,0.04192400001556962, 0.34243899972352665,0,0,27.8,0.0,1
5049,1776086278.8587983,0.046937000206526136, 0.344536000284279,0,0,27.8,0.0,1
5050,1776086278.88864,0.04821399988941266, 0.35724899998967885,0,0,27.8,0.0,1
5051,1776086278.9184065,0.04731800027002464, 0.38700000004610047,0,0,27.8,0.0,1
5052,1776086278.9478924,0.045390000195766333, 0.34002300026259036,0,0,27.8,0.0,1
5053,1776086278.977778,0.04313499994168524, 0.3492380001262063,0,0,27.8,0.0,1
5054,1776086279.0075865,0.04831500018553925, 0.3739280000445433,0,0,27.8,0.0,1
5055,1776086279.0370421,0.04390200001580524, 0.34592399970279075,0,0,27.8,0.0,1
5056,1776086279.067523,0.04794300002686214, 0.3349869998601207,0,0,27.8,0.0,1
5057,1776086279.097751,0.03805400001510861, 0.29356799996094196,0,0,27.8,0.0,1
5058,1776086279.1261292,0.04100399974049651, 0.34045399979731883,0,0,27.8,0.0,1
5059,1776086279.1558917,0.044362000153341796, 0.3343250000398257,0,0,27.8,0.0,1
5060,1776086279.185792,0.043373000153223984, 0.3463869998086011,0,0,27.8,0.0,1
5061,1776086279.215179,0.044333000005281065, 0.34372900017842767,0,0,27.8,0.0,1
5062,1776086279.245005,0.04296399993108935, 0.3378239998710342,0,0,27.8,0.0,1
5063,1776086279.2748184,0.04565800009004306, 0.34016799963865196,0,0,27.8,0.0,1
5064,1776086279.3050456,0.047417000132554676, 0.34117700033675646,0,0,27.8,0.0,1
5065,1776086279.3340082,0.0424949998887314, 0.3534849997777201,0,0,27.8,0.0,1
5066,1776086279.3633099,0.04750300013256492, 0.3733620001185045,0,0,27.8,0.0,1
5067,1776086279.393131,0.04832599961446249, 0.3856950002045778,0,0,27.8,0.0,1
5068,1776086279.422821,0.04425899987836601, 0.34661900008359225,0,0,27.8,0.0,1
5069,1776086279.4527657,0.04626500003723777, 0.3360959999554325,0,0,27.8,0.0,1
5069,1776086279.5014708,19.36263300012797, 0.26851799975702306,12,12,27.8,0.0,0
5070,1776086279.5624094,23.31616199990094, 0.2935420002359024,9,0,27.8,0.0,0
5071,1776086279.5823388,18.20339200003218, 0.2840359998117492,14,14,27.8,0.0,0
5072,1776086279.5971458,12.933527999848593, 0.33167600031447364,14,19,27.8,0.0,0
5073,1776086279.870126,12.483494000207429, 256.9860520002294,10,8,27.8,0.0,0
5075,1776086279.8742907,0.5283949999466131, 0.2579120000518742,0,8,27.8,0.0,1
5076,1776086279.8993692,0.5444610001177352, 0.34319499991397606,0,6,27.8,0.0,1
5077,1776086279.9295094,0.4986899998584704, 0.37570600034086965,0,3,27.8,0.0,1
5078,1776086279.9596949,1.8535789999987173, 0.346294000337366,0,0,27.8,0.0,1
5079,1776086279.9921448,0.035647999993670965, 0.2619659999254509,0,0,27.8,0.0,1
5080,1776086280.0178244,0.04318699984651175, 0.3382899999451183,0,0,27.8,0.0,1
5081,1776086280.0471396,0.04359700005807099, 0.33986500011451426,0,0,27.8,0.0,1
5082,1776086280.0770986,0.04250499978297739, 0.3389199996490788,0,0,27.8,0.0,1
5083,1776086280.1065495,0.05522599985852139, 0.35954400027549127,0,0,27.8,0.0,1
5084,1776086280.136109,0.04825299993171939, 0.3862149997075903,0,0,27.8,0.0,1
5085,1776086280.1657748,0.06570100003955304, 0.39006299994071014,0,0,27.8,0.0,1
5086,1776086280.195419,0.046457999815174844, 0.3779610001402034,0,0,27.8,0.0,1
5087,1776086280.2251112,0.04677900005845004, 0.37728300003436743,0,0,27.8,0.0,1
5088,1776086280.2556612,0.04099299985682592, 0.3261850001763378,0,0,27.8,0.0,1
5089,1776086280.2862704,0.040750000152911525, 0.30844000002616667,0,0,27.8,0.0,1
5090,1776086280.3142452,0.045341000259213615, 0.38601500000368105,0,0,27.8,0.0,1
5091,1776086280.3440459,0.046160999772837386, 0.3814019996752904,0,0,27.8,0.0,1
5092,1776086280.373792,0.04589599984683446, 0.37209399988569203,0,0,27.8,0.0,1
5093,1776086280.4034235,0.046258000111265574, 0.38369799995052745,0,0,27.8,0.0,1
5094,1776086280.4332266,0.04570500004774658, 0.3801479997491697,0,0,27.8,0.0,1
5095,1776086280.4629369,0.04722099993159645, 0.3814839997176023,0,0,27.8,0.0,1
5096,1776086280.4930856,0.04587800003719167, 0.36671799989562714,0,0,27.8,0.0,1
5097,1776086280.5228333,0.04308600000513252, 0.34613199977684417,0,0,27.8,0.0,1
5098,1776086280.5522985,0.046117000238155015, 0.3434380000726378,0,0,27.8,0.0,1
5099,1776086280.5822005,0.043665999783115694, 0.33717499991325894,0,0,27.8,0.0,1
5100,1776086280.6116376,0.047757999709574506, 0.3772809996007709,0,0,27.8,0.0,1
5101,1776086280.6417868,0.04663399977289373, 0.3699300000334915,0,0,27.8,0.0,1
5102,1776086280.6712487,0.04463000004761852, 0.32953599975371617,0,0,27.8,0.0,1
5103,1776086280.7012603,0.04458399962459225, 0.3396399997654953,0,0,27.8,0.0,1
5104,1776086280.7309527,0.04275500032235868, 0.3357579998919391,0,0,27.8,0.0,1
5105,1776086280.760739,0.05813799998577451, 0.3480410000520351,0,0,27.8,0.0,1
5106,1776086280.7902832,0.04331899981480092, 0.3251150001233327,0,0,27.8,0.0,1
5107,1776086280.8200939,0.04551599977276055, 0.3608289998737746,0,0,27.8,0.0,1
5108,1776086280.8501885,0.046351000037248014, 0.3442150000410038,0,0,27.8,0.0,1
5108,1776086280.9131863,32.68756999977995, 0.2744739999798185,12,12,27.8,0.0,0
5109,1776086280.9493945,22.23070300033214, 0.24598700019851094,12,0,27.8,0.0,0
5110,1776086280.964732,13.711895000142249, 0.28710200012938003,12,12,27.8,0.0,0
5111,1776086280.9814656,13.128846999734378, 0.32039799998528906,17,18,27.8,0.0,0
5112,1776086281.2783973,21.819172000050457, 259.39210900014587,12,10,27.8,0.0,0
5114,1776086281.2825572,0.6268900001487054, 0.30334000030052266,0,10,27.8,0.0,1
5115,1776086281.295374,0.627334000000701, 0.31435900018550456,0,9,27.8,0.0,1
5116,1776086281.3267746,2.146677000382624, 0.33838299987110076,0,5,27.8,0.0,1
5117,1776086281.3593957,0.35189599975637975, 0.3105369996774243,0,0,27.8,0.0,1
5118,1776086281.3850138,0.048755000079836464, 0.34004899998762994,0,0,27.8,0.0,1
5119,1776086281.4145782,0.03951799999413197, 0.32742200028224033,0,0,27.8,0.0,1
5120,1776086281.4439385,0.044732999867846956, 0.34043999994537444,0,0,27.8,0.0,1
5121,1776086281.4738152,0.0427269997089752, 0.3474889999779407,0,0,27.8,0.0,1
5122,1776086281.503271,0.04291699997338583, 0.33855199990284746,0,0,27.8,0.0,1
5123,1776086281.5330439,0.04277300013200147, 0.34247200028403313,0,0,27.8,0.0,1
5124,1776086281.5628772,0.042966999899363145, 0.34341199989285087,0,0,27.8,0.0,1
5125,1776086281.5926769,0.043154000195499975, 0.35784100009550457,0,0,27.8,0.0,1
5126,1776086281.6221917,0.04339899987826357, 0.33489099996586447,0,0,27.8,0.0,1
5127,1776086281.651976,0.045664000026590656, 0.3370080003151088,0,0,27.8,0.0,1
5128,1776086281.6817853,0.04548800006887177, 0.34485000014683465,0,0,27.8,0.0,1
5129,1776086281.7112298,0.04617000013240613, 0.3405339998607815,0,0,27.8,0.0,1
5130,1776086281.741733,0.04188699995211209, 0.31375900016428204,0,0,27.8,0.0,1
5131,1776086281.7724235,0.0400900003114657, 0.32494300012331223,0,0,27.8,0.0,1
5132,1776086281.800746,0.04421899984663469, 0.33440800007156213,0,0,27.8,0.0,1
5133,1776086281.830166,0.04402600006869761, 0.3396899996914726,0,0,27.8,0.0,1
5134,1776086281.8600783,0.045449000026565045, 0.34285500032638083,0,0,27.8,0.0,1
5135,1776086281.8900936,0.04713299995273701, 0.3877960002682812,0,0,27.8,0.0,1
5136,1776086281.9195971,0.05296700010148925, 0.3573630001483252,0,0,27.8,0.0,1
5137,1776086281.9491584,0.04364000005807611, 0.3368630000295525,0,0,27.8,0.0,1
5138,1776086281.980004,0.04607700020642369, 0.3267109996158979,0,0,27.8,0.0,1
5139,1776086282.0086098,0.05116100010127411, 0.35588299988376093,0,0,27.8,0.0,1
5140,1776086282.037784,0.07011700017756084, 0.3652549999060284,0,0,27.8,0.0,1
5141,1776086282.067843,0.04690300011134241, 0.35581000020101783,0,0,27.8,0.0,1
5142,1776086282.0977192,0.04219699985696934, 0.3823340002782061,0,0,27.8,0.0,1
5143,1776086282.1270688,0.04635400000552181, 0.4139999996368715,0,0,27.8,0.0,1
5144,1776086282.1565876,0.04620400022758986, 0.37810200001331395,0,0,27.8,0.0,1
5145,1776086282.1864536,0.04932100000587525, 0.4002509999736503,0,0,27.8,0.0,1
5146,1776086282.216403,0.052752000101463636, 0.4076379996149626,0,0,27.8,0.0,1
5147,1776086282.245919,0.048474999857717194, 0.40996699999595876,0,0,27.8,0.0,1
5147,1776086282.307712,32.366776000344544, 0.27810899973701453,12,12,27.8,0.0,0
5148,1776086282.3584807,23.791651999999885, 0.2716809999583347,13,0,27.8,0.0,0
5149,1776086282.3763087,15.87130600000819, 0.29158300003473414,15,15,27.8,0.0,0
5150,1776086282.391549,12.776849000147195, 0.3235770000173943,15,17,27.8,0.0,0
5151,1776086282.6631746,12.324612000156776, 256.3000400000419,15,12,27.8,0.0,0
5153,1776086282.667379,0.7379920002676954, 0.3207809995728894,0,12,27.8,0.0,1
5154,1776086282.6921992,0.8392499998990388, 0.3405160000511387,0,11,27.8,0.0,1
5155,1776086282.7219028,0.8111570000437496, 0.3787270002248988,0,7,27.8,0.0,1
5156,1776086282.7532961,2.2276059999057907, 0.4147179997744388,0,0,27.8,0.0,1
5157,1776086282.7850416,0.03555200009941473, 0.2604289998089371,0,0,27.8,0.0,1
5158,1776086282.81088,0.04352799987827893, 0.33221099965885514,0,0,27.8,0.0,1
5159,1776086282.840896,0.04601799992087763, 0.34244999960719724,0,0,27.8,0.0,1
5160,1776086282.8706055,0.05501200030266773, 0.36508500033960445,0,0,27.8,0.0,1
5161,1776086282.9000337,0.043417000142653706, 0.3480210002635431,0,0,27.8,0.0,1
5162,1776086282.930522,0.04585800024869968, 0.3293280001344101,0,0,27.8,0.0,1
5163,1776086282.960843,0.03720399990925216, 0.29191100020398153,0,0,27.8,0.0,1
5164,1776086282.9891965,0.04488700005822466, 0.3464960000201245,0,0,27.8,0.0,1
5165,1776086283.0184696,0.04806300012205611, 0.38341200024660793,0,0,27.8,0.0,1
5166,1776086283.0481703,0.04579400001603062, 0.38938800025789533,0,0,27.8,0.0,1
5167,1776086283.0779653,0.04185800025879871, 0.3716189999067865,0,0,27.8,0.0,1
5168,1776086283.1076453,0.0415619997511385, 0.3713780001817213,0,0,27.8,0.0,1
5169,1776086283.137186,0.045897999825683655, 0.3812370000559895,0,0,27.8,0.0,1
5170,1776086283.1676521,0.045092000164004276, 0.3816550001829455,0,0,27.8,0.0,1
5171,1776086283.197024,0.04518799960351316, 0.3384120000191615,0,0,27.8,0.0,1
5172,1776086283.2265577,0.04915299996355316, 0.387270999908651,0,0,27.8,0.0,1
5173,1776086283.2561188,0.045200999920780305, 0.38734100007786765,0,0,27.8,0.0,1
5174,1776086283.2858605,0.04237600023770938, 0.34121299995604204,0,0,27.8,0.0,1
5175,1776086283.3158128,0.05150100014361669, 0.3702819999489293,0,0,27.8,0.0,1
5176,1776086283.3455637,0.051977000111946836, 0.38777600002504187,0,0,27.8,0.0,1
5177,1776086283.375224,0.05824900017614709, 0.4762919998029247,0,0,27.8,0.0,1
5178,1776086283.4048207,0.04311100019549485, 0.351718000274559,0,0,27.8,0.0,1
5179,1776086283.4346344,0.047620000259485096, 0.3696909998325282,0,0,27.8,0.0,1
5180,1776086283.4642885,0.04562499998428393, 0.3875309998875309,0,0,27.8,0.0,1
5181,1776086283.4937785,0.044003999846609076, 0.3431199997976364,0,0,27.8,0.0,1
5182,1776086283.5243034,0.04479200015339302, 0.33958900030484074,0,0,27.8,0.0,1
5183,1776086283.554924,0.04021299992018612, 0.3143039998576569,0,0,27.8,0.0,1
5184,1776086283.5830631,0.04550199992081616, 0.3882529999827966,0,0,27.8,0.0,1
5185,1776086283.6125872,0.04250999973010039, 0.3693230000862968,0,0,27.8,0.0,1
5186,1776086283.6423998,0.045047000185149955, 0.39933100015332457,0,0,27.8,0.0,1
5186,1776086283.6910062,19.051342999773624, 0.23294599986911635,5,5,27.8,0.0,0
5187,1776086283.7453334,23.40014199990037, 0.30258600008892245,9,0,27.8,0.0,0
5188,1776086283.764288,17.244981000203552, 0.27707100025509135,11,11,27.8,0.0,0
5189,1776086283.7786171,12.418935000368947, 0.3083229998992465,11,16,27.8,0.0,0
5190,1776086284.0689073,19.877297999755683, 257.52011599979596,12,8,27.8,0.0,0
5192,1776086284.0728824,0.548255000012432, 0.307039999825065,0,8,27.8,0.0,1
5193,1776086284.089129,0.6132939997769427, 0.3689579998535919,0,5,27.8,0.0,1
5194,1776086284.1197824,2.060241999970458, 0.31116599984670756,0,5,27.8,0.0,1
5195,1776086284.1525822,0.33273400003963616, 0.2998299996761489,0,0,27.8,0.0,1
5196,1776086284.1778579,0.044208999952388695, 0.3478640001048916,0,0,27.8,0.0,1
5197,1776086284.2076359,0.044024000089848414, 0.3598180001063156,0,0,27.8,0.0,1
5198,1776086284.2374616,0.05066299991085543, 0.37119299986443366,0,0,27.8,0.0,1
5199,1776086284.266941,0.046130000100674806, 0.3496250001262524,0,0,27.8,0.0,1
5200,1776086284.2967913,0.04677700007960084, 0.3456089998508105,0,0,27.8,0.0,1
5201,1776086284.3262737,0.04385699958220357, 0.33857099970191484,0,0,27.8,0.0,1
5202,1776086284.356412,0.048132999836525414, 0.383047000013903,0,0,27.8,0.0,1
5203,1776086284.3858154,0.04694900007962133, 0.3312310000183061,0,0,27.8,0.0,1
5204,1776086284.4166484,0.04449900006875396, 0.3600420000111626,0,0,27.8,0.0,1
5205,1776086284.4466522,0.03762300002563279, 0.3054099997825688,0,0,27.8,0.0,1
5206,1776086284.4749541,0.04253999986758572, 0.33854100001917686,0,0,27.8,0.0,1
5207,1776086284.5047996,0.04455699991012807, 0.3440109999246488,0,0,27.8,0.0,1
5208,1776086284.5345998,0.04429199998412514, 0.35759200000029523,0,0,27.8,0.0,1
5209,1776086284.5640328,0.0428799999099283, 0.3408029997444828,0,0,27.8,0.0,1
5210,1776086284.593836,0.042287000269425334, 0.3388459999769111,0,0,27.8,0.0,1
5211,1776086284.623677,0.04236699987814063, 0.36533000002236804,0,0,27.8,0.0,1
5212,1776086284.6538658,0.04211900022710324, 0.3089299998464412,0,0,27.8,0.0,1
5213,1776086284.6833367,0.04299500005799928, 0.33868500031530857,0,0,27.8,0.0,1
5214,1776086284.7127378,0.06036000013409648, 0.3422310001042206,0,0,27.8,0.0,1
5215,1776086284.7425895,0.049437000143370824, 0.3587379997043172,0,0,27.8,0.0,1
5216,1776086284.7720888,0.04201500041745021, 0.3407859999242646,0,0,27.8,0.0,1
5217,1776086284.8018517,0.041463000343355816, 0.34664899976633023,0,0,27.8,0.0,1
5218,1776086284.831628,0.04798200006916886, 0.36059900003238,0,0,27.8,0.0,1
5219,1776086284.8611035,0.04502100000536302, 0.33605799990255036,0,0,27.8,0.0,1
5220,1776086284.891312,0.04606299989973195, 0.37370599966379814,0,0,27.8,0.0,1
5221,1776086284.920813,0.045480000153474975, 0.3358690000823117,0,0,27.8,0.0,1
5222,1776086284.9502509,0.04772399961439078, 0.34088099982909625,0,0,27.8,0.0,1
5223,1776086284.9815135,0.0592450001022371, 0.4424789999575296,0,0,27.8,0.0,1
5224,1776086285.0108383,0.048768999931780854, 0.3428599998187565,0,0,27.8,0.0,1
5225,1776086285.0411773,0.04082099985680543, 0.3141309998682118,0,0,27.8,0.0,1
5225,1776086285.101407,32.36056400010057, 0.2774890003820474,10,10,27.8,0.0,0
5226,1776086285.1543717,23.679383999933634, 0.27424400013842387,12,0,27.8,0.0,0
5227,1776086285.177903,19.17595800023264, 0.2679419999367383,11,11,27.8,0.0,0
5228,1776086285.210279,21.315233999757766, 0.3208690000064962,14,17,27.8,0.0,0
5229,1776086285.4958932,18.547126000157732, 259.37322900017534,12,9,27.8,0.0,0
5231,1776086285.4999897,0.4382080001050781, 0.1761860003171023,0,9,27.8,0.0,1
5232,1776086285.5156748,0.6270669996411016, 0.3554290001375193,0,7,27.8,0.0,1
5233,1776086285.5456507,0.5529869999918446, 0.35435200015854207,0,4,27.8,0.0,1
5234,1776086285.5764673,1.9127729997308052, 0.3716669998539146,0,0,27.8,0.0,1
5235,1776086285.6082463,0.03560899995136424, 0.2578720000201429,0,0,27.8,0.0,1
5236,1776086285.6354198,0.04107199993086397, 0.32377600018662633,0,0,27.8,0.0,1
5237,1776086285.6636739,0.04561700006888714, 0.3666229999907955,0,0,27.8,0.0,1
5238,1776086285.6931512,0.044114000047557056, 0.332024000272213,0,0,27.8,0.0,1
5239,1776086285.722966,0.046795999878668226, 0.3412760001992865,0,0,27.8,0.0,1
5240,1776086285.7528262,0.04533800029093982, 0.3371880002305261,0,0,27.8,0.0,1
5241,1776086285.7826486,0.04886399983661249, 0.3721510001923889,0,0,27.8,0.0,1
5242,1776086285.8120754,0.04463300001589232, 0.3396349998183723,0,0,27.8,0.0,1
5243,1776086285.8422148,0.049170000238518696, 0.3856059997815464,0,0,27.8,0.0,1
5244,1776086285.8720944,0.04245199988872628, 0.33926100013559335,0,0,27.8,0.0,1
5245,1776086285.9017906,0.041789000079006655, 0.30708699978276854,0,0,27.8,0.0,1
5246,1776086285.931063,0.046211000153562054, 0.33385400001861854,0,0,27.8,0.0,1
5247,1776086285.9608257,0.04608200015354669, 0.3371900002093753,0,0,27.8,0.0,1
5248,1776086285.9907436,0.06779600016670884, 0.3524360004121263,0,0,27.8,0.0,1
5249,1776086286.0197468,0.06375200018737814, 0.3546200000528188,0,0,27.8,0.0,1
5250,1776086286.0499928,0.045944999783387175, 0.36262300000089454,0,0,27.8,0.0,1
5251,1776086286.0797317,0.05995999981678324, 0.342877000093722,0,0,27.8,0.0,1
5252,1776086286.1093345,0.043295000068610534, 0.35398399995756336,0,0,27.8,0.0,1
5253,1776086286.1393046,0.04277300013200147, 0.3415209998820501,0,0,27.8,0.0,1
5254,1776086286.1688657,0.042673000280046836, 0.3463799998826289,0,0,27.8,0.0,1
5255,1776086286.1982408,0.047203000121953664, 0.3345810000610072,0,0,27.8,0.0,1
5256,1776086286.229606,0.040111999624059536, 0.26336800010540173,0,0,27.8,0.0,1
5257,1776086286.2579408,0.044161000005260576, 0.3447630001573998,0,0,27.8,0.0,1
5258,1776086286.2878065,0.04298799967727973, 0.34574799974507187,0,0,27.8,0.0,1
5259,1776086286.317194,0.0452910003332363, 0.33986200014624046,0,0,27.8,0.0,1
5260,1776086286.347057,0.0430420000157028, 0.34025200011456036,0,0,27.8,0.0,1
5261,1776086286.3767803,0.043478999941726215, 0.3411640000194893,0,0,27.8,0.0,1
5262,1776086286.4062872,0.04351600000518374, 0.33948999998756335,0,0,27.8,0.0,1
5263,1776086286.4361558,0.044082999920647126, 0.3420909997657873,0,0,27.8,0.0,1
5264,1776086286.4663153,0.04433000003700727, 0.34127099979741615,0,0,27.8,0.0,1
5264,1776086286.5284543,32.184100999984366, 0.3081069999097963,17,17,27.8,0.0,0
5265,1776086286.5810566,23.662891000185482, 0.2783780000754632,19,0,27.8,0.0,0
5266,1776086286.6061604,19.730932000129542, 0.27503799992700806,9,9,27.8,0.0,0
5267,1776086286.6338372,19.17392099994686, 0.2911789997597225,10,15,27.8,0.0,0
5268,1776086286.9241438,20.65796099986983, 258.8169010000456,15,7,27.8,0.0,0
5270,1776086286.9282796,0.48778399968796293, 0.3094220001003123,0,7,27.8,0.0,1
5271,1776086286.9412138,0.4860909998569696, 0.3498149999359157,0,3,27.8,0.0,1
5272,1776086286.9728415,1.9588449999901059, 0.3153410002596502,0,3,27.8,0.0,1
5273,1776086287.005416,0.2681930000107968, 0.30493699978251243,0,0,27.8,0.0,1
5274,1776086287.0303009,0.04918400009046309, 0.3609690002122079,0,0,27.8,0.0,1
5275,1776086287.0599895,0.04289600019546924, 0.33853800005090307,0,0,27.8,0.0,1
5276,1776086287.0894876,0.04700599993157084, 0.3918460001841595,0,0,27.8,0.0,1
5277,1776086287.119128,0.0465240000266931, 0.3845719998025743,0,0,27.8,0.0,1
5278,1776086287.1486971,0.0417159999415162, 0.35897199995815754,0,0,27.8,0.0,1
5279,1776086287.1784694,0.04724400014310959, 0.37635199987562373,0,0,27.8,0.0,1
5280,1776086287.2082112,0.04747399998450419, 0.3810630000771198,0,0,27.8,0.0,1
5281,1776086287.2380972,0.046627999836346135, 0.3880409999510448,0,0,27.8,0.0,1
5282,1776086287.2679613,0.04553899998427369, 0.3634090003288293,0,0,27.8,0.0,1
5283,1776086287.2975218,0.0447420002274157, 0.3843889999188832,0,0,27.8,0.0,1
5284,1776086287.3272357,0.04603299976224662, 0.3740369998013193,0,0,27.8,0.0,1
5285,1776086287.3567119,0.06111999982749694, 0.34076600013577263,0,0,27.8,0.0,1
5286,1776086287.3872318,0.04642300018531387, 0.3376710001248284,0,0,27.8,0.0,1
5287,1776086287.4183602,0.04019900006824173, 0.3262740001446218,0,0,27.8,0.0,1
5288,1776086287.4462807,0.043447999814816285, 0.3319319998809078,0,0,27.8,0.0,1
5289,1776086287.4757602,0.043185000322409905, 0.34641100000953884,0,0,27.8,0.0,1
5290,1776086287.505397,0.04472899991014856, 0.3832319998764433,0,0,27.8,0.0,1
5291,1776086287.5351803,0.0478480001220305, 0.41152199992211536,0,0,27.8,0.0,1
5292,1776086287.5651913,0.04600300007950864, 0.34219000008306466,0,0,27.8,0.0,1
5293,1776086287.5949767,0.04338300004746998, 0.335142000039923,0,0,27.8,0.0,1
5294,1776086287.6252162,0.04545899992081104, 0.3455880000728939,0,0,27.8,0.0,1
5295,1776086287.654942,0.04330199999458273, 0.34785199977704906,0,0,27.8,0.0,1
5296,1776086287.6839814,0.04815100010091555, 0.3610479998314986,0,0,27.8,0.0,1
5297,1776086287.7136226,0.051699999858101364, 0.4190780000499217,0,0,27.8,0.0,1
5298,1776086287.74337,0.0523399999110552, 0.38181499985512346,0,0,27.8,0.0,1
5299,1776086287.7727282,0.06331199983833358, 0.34667299996726797,0,0,27.8,0.0,1
5300,1776086287.8025243,0.04863799995291629, 0.3949739998461155,0,0,27.8,0.0,1
5301,1776086287.8323925,0.0486170001749997, 0.41204100034519797,0,0,27.8,0.0,1
5302,1776086287.8618743,0.040716999592405045, 0.33904500014614314,0,0,27.8,0.0,1
5303,1776086287.8921525,0.04291900040698238, 0.33869800017782836,0,0,27.8,0.0,1
5303,1776086287.9550943,33.22012900025584, 0.2720439997574431,12,12,27.8,0.0,0
5304,1776086288.011692,24.34516099992834, 0.25704200015752576,16,0,27.8,0.0,0
5305,1776086288.0299625,15.952582999943843, 0.2943700001196703,15,15,27.8,0.0,0
5306,1776086288.063331,21.083108999846445, 0.32303800026056706,15,20,27.8,0.0,0
5307,1776086288.3477173,18.44415100003971, 258.11020899982395,14,13,27.8,0.0,0
5309,1776086288.3514383,0.7022290001259535, 0.2986509998663678,0,13,27.8,0.0,1
5310,1776086288.3678863,0.8965480001279502, 0.38361300039468915,0,8,27.8,0.0,1
5311,1776086288.39745,0.5997060002300714, 0.3661720002128277,0,5,27.8,0.0,1
5312,1776086288.4290836,2.0087459997739643, 0.37833699980183155,0,0,27.8,0.0,1
5313,1776086288.4607568,0.0348960002156673, 0.2587529997981619,0,0,27.8,0.0,1
5314,1776086288.4861753,0.04548300012174877, 0.3945980001844873,0,0,27.8,0.0,1
5315,1776086288.5161145,0.04557600004773121, 0.35858799992638524,0,0,27.8,0.0,1
5316,1776086288.5453813,0.04651099970942596, 0.39183599983516615,0,0,27.8,0.0,1
5317,1776086288.575256,0.04821199991056346, 0.3839039995909843,0,0,27.8,0.0,1
5318,1776086288.606466,0.05321000026015099, 0.3201409999746829,0,0,27.8,0.0,1
5319,1776086288.6344564,0.04693200025940314, 0.37240300025587203,0,0,27.8,0.0,1
5320,1776086288.6643138,0.047122000069066416, 0.3971659998569521,0,0,27.8,0.0,1
5321,1776086288.694268,0.051916000302298926, 0.3958259999308211,0,0,27.8,0.0,1
5322,1776086288.7237842,0.044566000269696815, 0.3674039999168599,0,0,27.8,0.0,1
5323,1776086288.7533214,0.04618200000550132, 0.36256699968362227,0,0,27.8,0.0,1
5324,1776086288.7835202,0.04876399998465786, 0.3667730002234748,0,0,27.8,0.0,1
5325,1776086288.8129268,0.04240499993102276, 0.3690600001391431,0,0,27.8,0.0,1
5326,1776086288.8430579,0.04253699989931192, 0.3409300002203963,0,0,27.8,0.0,1
5327,1776086288.8730814,0.04828999999517691, 0.37208100002317224,0,0,27.8,0.0,1
5328,1776086288.9028091,0.0445160003437195, 0.34613799971339176,0,0,27.8,0.0,1
5329,1776086288.93216,0.04318199989938876, 0.34222399972350104,0,0,27.8,0.0,1
5330,1776086288.9619458,0.042390999624331016, 0.33620800013522967,0,0,27.8,0.0,1
5331,1776086288.9914744,0.04913300017506117, 0.3759179999178741,0,0,27.8,0.0,1
5332,1776086289.0207796,0.043041999560955446, 0.3400099999453232,0,0,27.8,0.0,1
5333,1776086289.0505533,0.05150299966771854, 0.3788259996326815,0,0,27.8,0.0,1
5334,1776086289.0804367,0.04619799983629491, 0.3867049999826122,0,0,27.8,0.0,1
5335,1776086289.1105165,0.047712999730720185, 0.3701589998854615,0,0,27.8,0.0,1
5336,1776086289.139696,0.04299200008972548, 0.3703329998643312,0,0,27.8,0.0,1
5337,1776086289.169384,0.0478410001960583, 0.3777500000978762,0,0,27.8,0.0,1
5338,1776086289.2008572,0.04107999984626076, 0.3165580001223134,0,0,27.8,0.0,1
5339,1776086289.2288215,0.041325999973196303, 0.34181599994553835,0,0,27.8,0.0,1
5340,1776086289.2586155,0.05922999980612076, 0.40826499980539666,0,0,27.8,0.0,1
5341,1776086289.2887702,0.045462999878509436, 0.35477999972499674,0,0,27.8,0.0,1
5342,1776086289.31855,0.054428999646916054, 0.3762870001082774,0,0,27.8,0.0,1
5342,1776086289.3668299,19.29391099974964, 0.29236599993964774,13,13,27.8,0.0,0
5343,1776086289.4044516,22.784193999996205, 0.27852999983224436,24,0,27.8,0.0,0
5344,1776086289.425049,16.864201999851502, 0.31422999973074184,18,18,27.8,0.0,0
5345,1776086289.4582736,20.78695999989577, 0.33614600033615716,10,18,27.8,0.0,0
5346,1776086289.7449625,19.160415999976976, 258.87957899976755,9,12,27.8,0.0,0
5348,1776086289.7494287,0.7168870001805772, 0.3212290002920781,0,12,27.8,0.0,1
5349,1776086289.7650511,0.755516000026546, 0.35203100014769007,0,8,27.8,0.0,1
5350,1776086289.7960844,2.101792999837926, 0.3349739999976009,0,5,27.8,0.0,1
5351,1776086289.8283634,0.3515490002428123, 0.3101119996244961,0,0,27.8,0.0,1
5352,1776086289.8536382,0.04303699961383245, 0.36262100002204534,0,0,27.8,0.0,1
5353,1776086289.8827496,0.058770000123331556, 0.3524700000525627,0,0,27.8,0.0,1
5354,1776086289.9124541,0.047869000354694435, 0.4129919998376863,0,0,27.8,0.0,1
5355,1776086289.9426816,0.04538100029094494, 0.36754099983227206,0,0,27.8,0.0,1
5356,1776086289.9722137,0.04435099981492385, 0.34011799971267465,0,0,27.8,0.0,1
5357,1776086290.0021877,0.045061000037094345, 0.3476990000308433,0,0,27.8,0.0,1
5358,1776086290.0317965,0.04528899989963975, 0.34762399991450366,0,0,27.8,0.0,1
5359,1776086290.061173,0.041757999952096725, 0.33999000015683123,0,0,27.8,0.0,1
5360,1776086290.0925639,0.03945800017390866, 0.3192710000803345,0,0,27.8,0.0,1
5361,1776086290.1208274,0.041215999772248324, 0.34761999995680526,0,0,27.8,0.0,1
5362,1776086290.1507306,0.0606369999331946, 0.34457599986126297,0,0,27.8,0.0,1
5363,1776086290.1801376,0.04681599966716021, 0.33330099995509954,0,0,27.8,0.0,1
5364,1776086290.2099524,0.04356299996288726, 0.3405130000828649,0,0,27.8,0.0,1
5365,1776086290.2397637,0.04470699968806002, 0.3436010001678369,0,0,27.8,0.0,1
5366,1776086290.269266,0.04231299999446492, 0.33568099979675026,0,0,27.8,0.0,1
5367,1776086290.299084,0.04615299985744059, 0.3388459999769111,0,0,27.8,0.0,1
5368,1776086290.328986,0.042656000005081296, 0.3451889997450053,0,0,27.8,0.0,1
5369,1776086290.3588924,0.04273200011084555, 0.36615499993786216,0,0,27.8,0.0,1
5370,1776086290.3881145,0.04297099985706154, 0.3354229997967195,0,0,27.8,0.0,1
5371,1776086290.4179797,0.04267599979357328, 0.3401769999982207,0,0,27.8,0.0,1
5372,1776086290.4478395,0.04443900024853065, 0.34175900009358884,0,0,27.8,0.0,1
5373,1776086290.4772682,0.04292499988878262, 0.3368759998920723,0,0,27.8,0.0,1
5374,1776086290.5071,0.04192200003672042, 0.3390339998077252,0,0,27.8,0.0,1
5375,1776086290.5369651,0.0455210001746309, 0.36499699990599765,0,0,27.8,0.0,1
5376,1776086290.5669248,0.04361500032246113, 0.3457100001469371,0,0,27.8,0.0,1
5377,1776086290.5965343,0.041135999708785675, 0.3409529999771621,0,0,27.8,0.0,1
5378,1776086290.6260006,0.0431980001849297, 0.33810300010372885,0,0,27.8,0.0,1
5379,1776086290.6558106,0.04676400021708105, 0.34722500004136236,0,0,27.8,0.0,1
5380,1776086290.6867466,0.042086000121344114, 0.19259000009697047,0,0,27.8,0.0,1
5381,1776086290.7150688,0.04204900005788659, 0.3376849999767728,0,0,27.8,0.0,1
5381,1776086290.7759414,31.119478000164236, 0.28483599999162834,14,14,27.8,0.0,0
5382,1776086290.7924905,14.461412999935419, 0.28194000014991616,17,0,27.8,0.0,0
5383,1776086290.828217,22.004965000178345, 0.32034300011218875,19,19,27.8,0.0,0
5384,1776086290.8518174,17.028202999881614, 0.32165100037673255,16,20,27.8,0.0,0
5385,1776086291.1425076,21.008196000366297, 257.8504440002689,12,13,27.8,0.0,0
5387,1776086291.1468518,0.7532270001320285, 0.2650619999258197,0,13,27.8,0.0,1
5388,1776086291.161682,0.8238260002144671, 0.35697300018000533,0,10,27.8,0.0,1
5389,1776086291.191687,0.7026060002317536, 0.36393200025486294,0,6,27.8,0.0,1
5390,1776086291.2221632,1.9030309999834571, 0.36521099991659867,0,0,27.8,0.0,1
5391,1776086291.2541602,0.03504500000417465, 0.2624029998514743,0,0,27.8,0.0,1
5392,1776086291.2813675,0.04149000005782, 0.3283480000391137,0,0,27.8,0.0,1
5393,1776086291.309251,0.04545499996311264, 0.3353500001139764,0,0,27.8,0.0,1
5394,1776086291.3391144,0.04337700011092238, 0.3366430000824039,0,0,27.8,0.0,1
5395,1776086291.3689115,0.046040000142966164, 0.33702099972288124,0,0,27.8,0.0,1
5396,1776086291.3988082,0.044548000005306676, 0.3428680001889006,0,0,27.8,0.0,1
5397,1776086291.4281986,0.04269800001566182, 0.33753100024114246,0,0,27.8,0.0,1
5398,1776086291.458004,0.04495799976211856, 0.34027299989247695,0,0,27.8,0.0,1
5399,1776086291.4880207,0.044363000142766396, 0.3375119999873277,0,0,27.8,0.0,1
5400,1776086291.5180125,0.04579500000545522, 0.34373200014670147,0,0,27.8,0.0,1
5401,1776086291.5478868,0.03855600016322569, 0.3146989997730998,0,0,27.8,0.0,1
5402,1776086291.576926,0.04285499971956597, 0.33884600043165847,0,0,27.8,0.0,1
5403,1776086291.6067836,0.04281899964553304, 0.34878899987234036,0,0,27.8,0.0,1
5404,1776086291.6361992,0.04428200008987915, 0.3402980000828393,0,0,27.8,0.0,1
5405,1776086291.6660042,0.042887999825325096, 0.3440460000092571,0,0,27.8,0.0,1
5406,1776086291.6957748,0.043404000280133914, 0.34619100006239023,0,0,27.8,0.0,1
5407,1776086291.7258391,0.04496100018513971, 0.3445860002102563,0,0,27.8,0.0,1
5408,1776086291.7552216,0.0445919999947364, 0.34383600041110185,0,0,27.8,0.0,1
5409,1776086291.7852197,0.04244599995217868, 0.35167399983038194,0,0,27.8,0.0,1
5410,1776086291.8147578,0.04488099966692971, 0.344226999914099,0,0,27.8,0.0,1
5411,1776086291.8442247,0.04434399988895166, 0.35185099977752543,0,0,27.8,0.0,1
5412,1776086291.8755505,0.03731300012077554, 0.30566700024792226,0,0,27.8,0.0,1
5413,1776086291.9038155,0.044765999973606085, 0.3401690000828239,0,0,27.8,0.0,1
5414,1776086291.933695,0.0474600001325598, 0.35645600019051926,0,0,27.8,0.0,1
5415,1776086291.9631736,0.04267499980414868, 0.33632300028330064,0,0,27.8,0.0,1
5416,1776086291.9933457,0.05037600021751132, 0.3756340001928038,0,0,27.8,0.0,1
5417,1776086292.0223203,0.04476000003705849, 0.4064529998686339,0,0,27.8,0.0,1
5418,1776086292.0519333,0.04227999988870579, 0.36919900003340445,0,0,27.8,0.0,1
5419,1776086292.0818295,0.04779699975188123, 0.33899499976541847,0,0,27.8,0.0,1
5420,1776086292.111678,0.0455969998256478, 0.36018899982082075,0,0,27.8,0.0,1
5420,1776086292.160608,18.814232000295306, 0.34311700028410996,22,20,27.8,0.0,0
5421,1776086292.2130866,23.3987779997733, 0.29412200001388555,23,0,27.8,0.0,0
5422,1776086292.23339,18.560329000138154, 0.3169250003338675,18,18,27.8,0.0,0
5423,1776086292.2479086,12.66714800021873, 0.3160360001857043,17,20,27.8,0.0,0
5424,1776086292.5370378,19.214125999951648, 257.3075029999927,19,13,27.8,0.0,0
5426,1776086292.5423942,0.7728810001026432, 0.3186129997629905,0,13,27.8,0.0,1
5427,1776086292.558426,0.8384499997191597, 0.35459999980957946,0,12,27.8,0.0,1
5428,1776086292.5891716,2.139580999937607, 0.3473120000307972,0,8,27.8,0.0,1
5429,1776086292.62207,0.46724699996048, 0.3210489999219135,0,0,27.8,0.0,1
5430,1776086292.6468406,0.0435009997090674, 0.3388159998394258,0,0,27.8,0.0,1
5431,1776086292.676586,0.047558999995089835, 0.3306749999865133,0,0,27.8,0.0,1
5432,1776086292.7060363,0.04427800013218075, 0.338215000283526,0,0,27.8,0.0,1
5433,1776086292.7358804,0.04549000004772097, 0.3380719999768189,0,0,27.8,0.0,1
5434,1776086292.7671523,0.03927299985662103, 0.318002999847522,0,0,27.8,0.0,1
5435,1776086292.7950926,0.043729000026360154, 0.33789700000852463,0,0,27.8,0.0,1
5436,1776086292.824419,0.04454500003703288, 0.38196000014067977,0,0,27.8,0.0,1
5437,1776086292.854431,0.05344700002751779, 0.3996719997303444,0,0,27.8,0.0,1
5438,1776086292.883917,0.04537499989964999, 0.3847889997814491,0,0,27.8,0.0,1
5439,1776086292.9138753,0.046161999762261985, 0.3578210003070126,0,0,27.8,0.0,1
5440,1776086292.9432487,0.0453590000688564, 0.38199299979169155,0,0,27.8,0.0,1
5441,1776086292.973027,0.04820599997401587, 0.40930700015451293,0,0,27.8,0.0,1
5442,1776086293.0038874,0.04508100028033368, 0.3612369996517373,0,0,27.8,0.0,1
5443,1776086293.0336404,0.047235000238288194, 0.3364730000612326,0,0,27.8,0.0,1
5444,1776086293.0627863,0.04312000010031625, 0.3404590001991892,0,0,27.8,0.0,1
5445,1776086293.0923038,0.04708599999503349, 0.3417230000195559,0,0,27.8,0.0,1
5446,1776086293.1219423,0.04386299997349852, 0.33414099971196265,0,0,27.8,0.0,1
5447,1776086293.1515033,0.047203000121953664, 0.4092740000487538,0,0,27.8,0.0,1
5448,1776086293.1811433,0.04326900034357095, 0.37616500003423425,0,0,27.8,0.0,1
5449,1776086293.2107093,0.04261399999450077, 0.3725589999703516,0,0,27.8,0.0,1
5450,1776086293.2408283,0.0456009997833462, 0.35783900011665537,0,0,27.8,0.0,1
5451,1776086293.2712104,0.04589500031215721, 0.3678349999063357,0,0,27.8,0.0,1
5452,1776086293.3001988,0.04368700001577963, 0.3364979997968476,0,0,27.8,0.0,1
5453,1776086293.329605,0.043463000110932626, 0.37699499989685137,0,0,27.8,0.0,1
5454,1776086293.3610592,0.04135000017413404, 0.3285630000391393,0,0,27.8,0.0,1
5455,1776086293.3889606,0.04660400009015575, 0.37904500004515285,0,0,27.8,0.0,1
5456,1776086293.418655,0.04114800003662822, 0.3650260000540584,0,0,27.8,0.0,1
5457,1776086293.4484165,0.04556300018521142, 0.38298999970720615,0,0,27.8,0.0,1
5458,1776086293.4781399,0.044577999688044656, 0.3835159996015136,0,0,27.8,0.0,1
5459,1776086293.5078158,0.040809999973134836, 0.3428150002946495,0,0,27.8,0.0,1
5459,1776086293.5581017,20.662961999732943, 0.30128099979265244,17,17,27.8,0.0,0
5460,1776086293.5882242,20.523336000223935, 0.28790900023523136,21,0,27.8,0.0,0
5461,1776086293.622706,22.205380000286823, 0.3026490003321669,16,16,27.8,0.0,0
5462,1776086293.645796,16.758325999944645, 0.3277710002294043,17,20,27.8,0.0,0
5463,1776086293.9362664,19.595060000028752, 258.522345000074,18,14,27.8,0.0,0
5465,1776086293.9405315,0.8055329999479, 0.3197539999746368,0,14,27.8,0.0,1
5466,1776086293.9558465,0.7931389995974314, 0.3112250001322536,0,12,27.8,0.0,1
5467,1776086293.9843233,0.8271950000562356, 0.3402890001780179,0,12,27.8,0.0,1
5468,1776086294.0154855,2.423221000299236, 0.43759499976658844,0,0,27.8,0.0,1
5469,1776086294.04707,0.03445799984547193, 0.2619580000100541,0,0,27.8,0.0,1
5470,1776086294.0724761,0.045573000079457415, 0.39297900002566166,0,0,27.8,0.0,1
5471,1776086294.1025627,0.050067999836755916, 0.3917349999937869,0,0,27.8,0.0,1
5472,1776086294.1319766,0.04361299988886458, 0.3729270001713303,0,0,27.8,0.0,1
5473,1776086294.1620898,0.04337799964559963, 0.3544909995980561,0,0,27.8,0.0,1
5474,1776086294.1922681,0.044117000015830854, 0.3447869999035902,0,0,27.8,0.0,1
5475,1776086294.2222679,0.04158399997322704, 0.34337699980824254,0,0,27.8,0.0,1
5476,1776086294.2510974,0.046422999730566517, 0.33701399979690905,0,0,27.8,0.0,1
5477,1776086294.2809541,0.0461390000054962, 0.3374689999873226,0,0,27.8,0.0,1
5478,1776086294.3106146,0.0414870000895462, 0.3540909997354902,0,0,27.8,0.0,1
5479,1776086294.3398135,0.04221400013193488, 0.3433259998928406,0,0,27.8,0.0,1
5480,1776086294.3696,0.03964300003644894, 0.36992400009694393,0,0,27.8,0.0,1
5481,1776086294.3998075,0.0442040000052657, 0.36615999988498515,0,0,27.8,0.0,1
5482,1776086294.4291172,0.04234400012137485, 0.3536250001161534,0,0,27.8,0.0,1
5483,1776086294.4590409,0.04263000028004171, 0.3448140000728017,0,0,27.8,0.0,1
5484,1776086294.4885006,0.04664600010073627, 0.37517000009756885,0,0,27.8,0.0,1
5485,1776086294.5182776,0.04667799976232345, 0.4079010000168637,0,0,27.8,0.0,1
5486,1776086294.5494864,0.04454000008990988, 0.30954200019550626,0,0,27.8,0.0,1
5487,1776086294.5775583,0.04089699996256968, 0.36593499999071355,0,0,27.8,0.0,1
5488,1776086294.6073627,0.04618499997377512, 0.3703099996528181,0,0,27.8,0.0,1
5489,1776086294.6372418,0.04813800023839576, 0.41699400026118383,0,0,27.8,0.0,1
5490,1776086294.666756,0.06763500005035894, 0.34208100032628863,0,0,27.8,0.0,1
5491,1776086294.696697,0.042162000227108365, 0.4022059997623728,0,0,27.8,0.0,1
5492,1776086294.7264576,0.05597600011242321, 0.4108799998903123,0,0,27.8,0.0,1
5493,1776086294.7560236,0.042815000142581994, 0.3544119999787654,0,0,27.8,0.0,1
5494,1776086294.7860043,0.043494999772519805, 0.3389710000192281,0,0,27.8,0.0,1
5495,1776086294.816032,0.04499100032262504, 0.3430940000725968,0,0,27.8,0.0,1
5496,1776086294.8452332,0.04743999988932046, 0.41883099993356154,0,0,27.8,0.0,1
5497,1776086294.8747191,0.06141700032458175, 0.3454059997238801,0,0,27.8,0.0,1
5498,1776086294.9048939,0.04541399994195672, 0.3642639999270614,0,0,27.8,0.0,1
5498,1776086294.9545052,19.780910999998014, 0.3535329997248482,36,20,27.8,0.0,0
5499,1776086294.9907908,23.51044799979718, 0.26530400009505684,39,0,27.8,0.0,0
5500,1776086295.0123978,17.35439599997335, 0.3397800001039286,33,20,27.8,0.0,0
5501,1776086295.044892,20.8351890000813, 0.32299800022883574,27,20,27.8,0.0,0
5502,1776086295.3286974,18.231799000204774, 257.65235899962136,32,16,27.8,0.0,0
5504,1776086295.3328826,0.6901579999976093, 0.18229200031782966,0,16,27.8,0.0,1
5505,1776086295.352038,0.9582739999132173, 0.349077999999281,0,13,27.8,0.0,1
5506,1776086295.3824465,2.1904740001446044, 0.3320910000184085,0,11,27.8,0.0,1
5507,1776086295.4148636,0.5613099997390236, 0.3288970001449343,0,0,27.8,0.0,1
5508,1776086295.4413936,0.042316999952163314, 0.31323599978350103,0,0,27.8,0.0,1
5509,1776086295.469695,0.04193700033283676, 0.3596139999899606,0,0,27.8,0.0,1
5510,1776086295.4991045,0.04485399995246553, 0.33888000007209484,0,0,27.8,0.0,1
5511,1776086295.5289252,0.043636000100377714, 0.3342039999552071,0,0,27.8,0.0,1
5512,1776086295.5588758,0.04405499976201099, 0.34269700017830473,0,0,27.8,0.0,1
5513,1776086295.588239,0.04198700025881408, 0.33982100012508454,0,0,27.8,0.0,1
5514,1776086295.618052,0.047794000238354784, 0.3381660003469733,0,0,27.8,0.0,1
5515,1776086295.6479487,0.044720000005327165, 0.3425239997341123,0,0,27.8,0.0,1
5516,1776086295.6780255,0.04301099988879287, 0.3373159997863695,0,0,27.8,0.0,1
5517,1776086295.7078884,0.04015200011053821, 0.31814899966775556,0,0,27.8,0.0,1
5518,1776086295.7369523,0.04452099983609514, 0.3463210000518302,0,0,27.8,0.0,1
5519,1776086295.7668478,0.04429700038599549, 0.3361250001034932,0,0,27.8,0.0,1
5520,1776086295.7962642,0.046918999942136, 0.3377480002200173,0,0,27.8,0.0,1
5521,1776086295.8261309,0.044612000237975735, 0.3413019999243261,0,0,27.8,0.0,1
5522,1776086295.8558958,0.04495900020629051, 0.3624169999056903,0,0,27.8,0.0,1
5523,1776086295.885783,0.044131000322522596, 0.3417080001781869,0,0,27.8,0.0,1
5524,1776086295.915264,0.047791999804758234, 0.330495000071096,0,0,27.8,0.0,1
5525,1776086295.9454975,0.05135500032338314, 0.3740960000868654,0,0,27.8,0.0,1
5526,1776086295.974263,0.04727299983642297, 0.40831899968907237,0,0,27.8,0.0,1
5527,1776086296.0038505,0.04414299974087044, 0.35262999972474063,0,0,27.8,0.0,1
5528,1776086296.0353312,0.04139800012126216, 0.32167300014407374,0,0,27.8,0.0,1
5529,1776086296.0632172,0.04634400011127582, 0.37018000011812546,0,0,27.8,0.0,1
5530,1776086296.0933087,0.05506900015461724, 0.3705009999066533,0,0,27.8,0.0,1
5531,1776086296.1227403,0.06923199998709606, 0.34470099990357994,0,0,27.8,0.0,1
5532,1776086296.1526961,0.041229000089515466, 0.3792950001297868,0,0,27.8,0.0,1
5533,1776086296.1822278,0.047000999984447844, 0.4141589997743722,0,0,27.8,0.0,1
5534,1776086296.211991,0.04626000009011477, 0.38215399990804144,0,0,27.8,0.0,1
5535,1776086296.2415924,0.048565000270173186, 0.3668429999379441,0,0,27.8,0.0,1
5536,1776086296.271773,0.044208999952388695, 0.33970599997701356,0,0,27.8,0.0,1
5537,1776086296.301944,0.045450000015989644, 0.3588540002965601,0,0,27.8,0.0,1
5537,1776086296.363627,32.96628099997179, 0.3306769999653625,26,20,27.8,0.0,0
5538,1776086296.3786492,13.114577000123973, 0.28936499984411057,19,0,27.8,0.0,0
5539,1776086296.4159114,22.6669030002995, 0.3254759999435919,29,20,27.8,0.0,0
5540,1776086296.437401,16.1501219999991, 0.3413129998079967,34,20,27.8,0.0,0
5541,1776086296.729309,21.758550999948056, 257.5655979999283,27,14,27.8,0.0,0
5543,1776086296.733427,0.822287000119104, 0.31051299993123394,0,14,27.8,0.0,1
5544,1776086296.7475557,0.9025519998431264, 0.3571749998627638,0,11,27.8,0.0,1
5545,1776086296.7774518,0.8570360000703658, 0.41253099971072515,0,7,27.8,0.0,1
5546,1776086296.8084428,2.1149690001038834, 0.4011480000372103,0,0,27.8,0.0,1
5547,1776086296.8401887,0.03554500017344253, 0.2630039998621214,0,0,27.8,0.0,1
5548,1776086296.866039,0.043590000132098794, 0.3344890001244494,0,0,27.8,0.0,1
5549,1776086296.8963075,0.044238000100449426, 0.35703399998965324,0,0,27.8,0.0,1
5550,1776086296.925029,0.04644799992092885, 0.37794699983351165,0,0,27.8,0.0,1
5551,1776086296.9548821,0.0454429996352701, 0.3716500000336964,0,0,27.8,0.0,1
5552,1776086296.9846404,0.04790499997398001, 0.40643400006956654,0,0,27.8,0.0,1
5553,1776086297.014113,0.04519699996308191, 0.3762290002669033,0,0,27.8,0.0,1
5554,1776086297.044139,0.04129999979340937, 0.368144999811193,0,0,27.8,0.0,1
5555,1776086297.0737038,0.04413500028022099, 0.3674449999380158,0,0,27.8,0.0,1
5556,1776086297.103459,0.0450569996246486, 0.3845709998131497,0,0,27.8,0.0,1
5557,1776086297.1335597,0.0510199997734162, 0.35745000013776007,0,0,27.8,0.0,1
5558,1776086297.1627984,0.042950999613822205, 0.3473409997241106,0,0,27.8,0.0,1
5559,1776086297.192896,0.046147999910317594, 0.3595469997890177,0,0,27.8,0.0,1
5560,1776086297.2239714,0.04241199985699495, 0.31857000021773274,0,0,27.8,0.0,1
5561,1776086297.2518623,0.04732100023829844, 0.375660999907268,0,0,27.8,0.0,1
5562,1776086297.2816458,0.04081699989910703, 0.3633589999481046,0,0,27.8,0.0,1
5563,1776086297.3113747,0.04914300006930716, 0.39201099980346044,0,0,27.8,0.0,1
5564,1776086297.34123,0.0469899996460299, 0.4048099999636179,0,0,27.8,0.0,1
5565,1776086297.3707566,0.06116199983807746, 0.3472739999779151,0,0,27.8,0.0,1
5566,1776086297.4005384,0.046983999709482305, 0.37439600009747664,0,0,27.8,0.0,1
5567,1776086297.430273,0.04751500000566011, 0.3870840000672615,0,0,27.8,0.0,1
5568,1776086297.4605598,0.047047999942151364, 0.3751340000235359,0,0,27.8,0.0,1
5569,1776086297.4903054,0.04474399975151755, 0.34144899973398424,0,0,27.8,0.0,1
5570,1776086297.519419,0.04615499983628979, 0.3951779999624705,0,0,27.8,0.0,1
5571,1776086297.5495417,0.04906899994239211, 0.372218999928009,0,0,27.8,0.0,1
5572,1776086297.579217,0.044645000343734864, 0.33637000024100416,0,0,27.8,0.0,1
5573,1776086297.6093135,0.047527999868179904, 0.38488799964397913,0,0,27.8,0.0,1
5574,1776086297.6388886,0.04463799996301532, 0.3559639999366482,0,0,27.8,0.0,1
5575,1776086297.668796,0.045759999920846894, 0.34434600001986837,0,0,27.8,0.0,1
5576,1776086297.6985178,0.049044999741454376, 0.37622899981215596,0,0,27.8,0.0,1
5576,1776086297.762069,33.90424400004122, 0.3396829997655004,33,20,27.8,0.0,0
5577,1776086297.8072054,22.304620999875624, 0.297546999718179,31,0,27.8,0.0,0
5578,1776086297.8246832,15.530609000052209, 0.31947399975251756,23,20,27.8,0.0,0
5579,1776086297.8395646,12.357989000065572, 0.33733300006133504,24,20,27.8,0.0,0
5580,1776086298.1160452,12.728668999898218, 257.9447190000792,32,18,27.8,0.0,0
5582,1776086298.1210883,0.4589799996210786, 0.18279799996889778,0,18,27.8,0.0,1
5583,1776086298.1449268,1.0639839997566014, 0.3447710000727966,0,15,27.8,0.0,1
5584,1776086298.176186,2.410575999874709, 0.3340389998811588,0,12,27.8,0.0,1
5585,1776086298.2080274,0.5961199999546807, 0.33335999978589825,0,0,27.8,0.0,1
5586,1776086298.2330534,0.045806999878550414, 0.3342169998177269,0,0,27.8,0.0,1
5587,1776086298.262972,0.045510999825637555, 0.3424420001465478,0,0,27.8,0.0,1
5588,1776086298.292682,0.04328700015321374, 0.35520799974619877,0,0,27.8,0.0,1
5589,1776086298.322154,0.04383100031191134, 0.33748500027286354,0,0,27.8,0.0,1
5590,1776086298.352673,0.0421059999098361, 0.36328599981061416,0,0,27.8,0.0,1
5591,1776086298.3824449,0.043603999984043185, 0.3499879999253608,0,0,27.8,0.0,1
5592,1776086298.4112036,0.045513000259234104, 0.3424759997869842,0,0,27.8,0.0,1
5593,1776086298.4410975,0.044779999825550476, 0.34250900034749066,0,0,27.8,0.0,1
5594,1776086298.4707782,0.04239800000505056, 0.3370389999872714,0,0,27.8,0.0,1
5595,1776086298.5007112,0.05795400011265883, 0.33777299995563226,0,0,27.8,0.0,1
5596,1776086298.5302196,0.046134000058373204, 0.33837399996627937,0,0,27.8,0.0,1
5597,1776086298.5599265,0.04429000000527594, 0.3413150002415932,0,0,27.8,0.0,1
5598,1776086298.589883,0.04735299989988562, 0.3399110000827932,0,0,27.8,0.0,1
5599,1776086298.619581,0.04533100036496762, 0.33196899994436535,0,0,27.8,0.0,1
5600,1776086298.64943,0.04953699999532546, 0.375879999864992,0,0,27.8,0.0,1
5601,1776086298.6788917,0.045575000058306614, 0.3355300000293937,0,0,27.8,0.0,1
5602,1776086298.7100034,0.026794999939738773, 0.18204899970442057,0,0,27.8,0.0,1
5603,1776086298.7384956,0.04765399989992147, 0.4102110001440451,0,0,27.8,0.0,1
5604,1776086298.7680078,0.043741999888879946, 0.3433760002735653,0,0,27.8,0.0,1
5605,1776086298.7977383,0.0628970001343987, 0.3429450002840895,0,0,27.8,0.0,1
5606,1776086298.8272948,0.04504400021687616, 0.33639899993431754,0,0,27.8,0.0,1
5607,1776086298.8569822,0.044997999793849885, 0.35381499992581666,0,0,27.8,0.0,1
5608,1776086298.88752,0.05042000020694104, 0.3873219998240529,0,0,27.8,0.0,1
5609,1776086298.9167316,0.058122000154980924, 0.3430699998716591,0,0,27.8,0.0,1
5610,1776086298.9466066,0.039585999729752075, 0.3407260001040413,0,0,27.8,0.0,1
5611,1776086298.976619,0.03943699994124472, 0.33235899991268525,0,0,27.8,0.0,1
5612,1776086299.005309,0.04838599988943315, 0.39075800032151164,0,0,27.8,0.0,1
5613,1776086299.0351517,0.04880500000581378, 0.3735410000444972,0,0,27.8,0.0,1
5614,1776086299.0654943,0.052568000228347955, 0.4083659996467759,0,0,27.8,0.0,1
5615,1776086299.094927,0.043525999899429735, 0.339132000135578,0,0,27.8,0.0,1
5615,1776086299.159691,34.92110699971818, 0.3374389998498373,48,20,27.8,0.0,0
5616,1776086299.215484,23.778926999966643, 0.31333100014308,46,0,27.8,0.0,0
5617,1776086299.2342515,16.96192599956703, 0.32571500014455523,39,20,27.8,0.0,0
5618,1776086299.2625577,18.6459990000003, 0.3453499998613552,26,20,27.8,0.0,0
5619,1776086299.550962,19.933338000100775, 258.01983299970743,33,14,27.8,0.0,0
5621,1776086299.5556033,0.8027499998206622, 0.2962450002996775,0,14,27.8,0.0,1
5622,1776086299.5715623,0.8045449999372067, 0.3520879999996396,0,10,27.8,0.0,1
5623,1776086299.602078,0.63044800026546, 0.2960519996122457,0,9,27.8,0.0,1
5624,1776086299.631882,2.0345289999568195, 0.3892259996973735,0,0,27.8,0.0,1
5625,1776086299.6638792,0.03482200008875225, 0.2619460001369589,0,0,27.8,0.0,1
5626,1776086299.689128,0.043542000184970675, 0.34756600007312954,0,0,27.8,0.0,1
5627,1776086299.718873,0.04307300014261273, 0.3457299999354291,0,0,27.8,0.0,1
5628,1776086299.7487717,0.04332800017436966, 0.3398169997126388,0,0,27.8,0.0,1
5629,1776086299.778207,0.04423100017447723, 0.347658999999112,0,0,27.8,0.0,1
5630,1776086299.8078997,0.04336200026955339, 0.34071099980792496,0,0,27.8,0.0,1
5631,1776086299.8375564,0.051388999963819515, 0.37350799993873807,0,0,27.8,0.0,1
5632,1776086299.8669345,0.04238799965605722, 0.3668300000754243,0,0,27.8,0.0,1
5633,1776086299.8966677,0.04839799976252834, 0.4331220002313785,0,0,27.8,0.0,1
5634,1776086299.9264927,0.04618299999492592, 0.38439300033132895,0,0,27.8,0.0,1
5635,1776086299.9564857,0.050245999773324, 0.36582299981091637,0,0,27.8,0.0,1
5636,1776086299.9858885,0.0412580002375762, 0.34462700023141224,0,0,27.8,0.0,1
5637,1776086300.0155458,0.04713199996331241, 0.44760999981008354,0,0,27.8,0.0,1
5638,1776086300.045846,0.04628299984688056, 0.3839850000986189,0,0,27.8,0.0,1
5639,1776086300.074995,0.044877000163978664, 0.3847989996756951,0,0,27.8,0.0,1
5640,1776086300.104591,0.04945299997416441, 0.36477999992712284,0,0,27.8,0.0,1
5641,1776086300.1343415,0.04761499985761475, 0.38255399977060733,0,0,27.8,0.0,1
5642,1776086300.1650317,0.04336399979365524, 0.3432180001254892,0,0,27.8,0.0,1
5643,1776086300.1956916,0.059236000197415706, 0.295072000426444,0,0,27.8,0.0,1
5644,1776086300.2239487,0.0440439998783404, 0.33732600013536285,0,0,27.8,0.0,1
5645,1776086300.253925,0.045357000090007205, 0.3387560000192025,0,0,27.8,0.0,1
5646,1776086300.2832737,0.04316300010032137, 0.33031999964805436,0,0,27.8,0.0,1
5647,1776086300.3130755,0.042520000079093734, 0.335132000145677,0,0,27.8,0.0,1
5648,1776086300.3432171,0.04989099988961243, 0.37673299993912224,0,0,27.8,0.0,1
5649,1776086300.3728998,0.04607800019584829, 0.3361349999977392,0,0,27.8,0.0,1
5650,1776086300.4024687,0.042269999994459795, 0.34489300014683977,0,0,27.8,0.0,1
5651,1776086300.4323356,0.04184699992038077, 0.34181799992438755,0,0,27.8,0.0,1
5652,1776086300.4618373,0.042594000206008786, 0.34044499989249744,0,0,27.8,0.0,1
5653,1776086300.4916406,0.04798600002686726, 0.369221000255493,0,0,27.8,0.0,1
5654,1776086300.5210767,0.04248400000506081, 0.3388539998923079,0,0,27.8,0.0,1
5654,1776086300.5830975,32.32337299959909, 0.32421200012322515,36,20,27.8,0.0,0
5655,1776086300.5989406,13.972143000046344, 0.26902499985226314,33,0,27.8,0.0,0
5656,1776086300.6299727,20.167429000139236, 0.32701099962650915,34,20,27.8,0.0,0
5657,1776086300.6598804,20.02963999984786, 0.32107000015457743,32,20,27.8,0.0,0
5658,1776086300.9474998,19.917882999834546, 257.20186099988496,30,14,27.8,0.0,0
5660,1776086300.9514723,0.7834799998818198, 0.3100519998042728,0,14,27.8,0.0,1
5661,1776086300.9671762,0.9330060001957463, 0.3726039999492059,0,11,27.8,0.0,1
5662,1776086300.998486,2.4102689999381255, 0.3440049999881012,0,9,27.8,0.0,1
5663,1776086301.030569,0.48791000017445185, 0.3272070002822147,0,0,27.8,0.0,1
5664,1776086301.056665,0.0421069998992607, 0.33659100017757737,0,0,27.8,0.0,1
5665,1776086301.0870595,0.041124000290437834, 0.31378099993162323,0,0,27.8,0.0,1
5666,1776086301.115686,0.05061100000602892, 0.3562030001376115,0,0,27.8,0.0,1
5667,1776086301.1451094,0.04266599989932729, 0.3391999998711981,0,0,27.8,0.0,1
5668,1776086301.1749785,0.045464999857358634, 0.34469599995645694,0,0,27.8,0.0,1
5669,1776086301.20459,0.05197499967835029, 0.36233699984222767,0,0,27.8,0.0,1
5670,1776086301.2340727,0.04897799999525887, 0.36361799993755994,0,0,27.8,0.0,1
5671,1776086301.2634861,0.047852000079728896, 0.37350200000219047,0,0,27.8,0.0,1
5672,1776086301.2935877,0.05084999975224491, 0.35474200012686197,0,0,27.8,0.0,1
5673,1776086301.3236885,0.041074999899137765, 0.3565970000636298,0,0,27.8,0.0,1
5674,1776086301.352654,0.042021999888675055, 0.3623360003075504,0,0,27.8,0.0,1
5675,1776086301.3823905,0.045838000005460344, 0.3808569999819156,0,0,27.8,0.0,1
5676,1776086301.4125178,0.050429000111762434, 0.38387199992939713,0,0,27.8,0.0,1
5677,1776086301.4423995,0.041848999899229966, 0.37096100004418986,0,0,27.8,0.0,1
5678,1776086301.4722717,0.04789300010088482, 0.3809109998655913,0,0,27.8,0.0,1
5679,1776086301.5018234,0.04676400021708105, 0.347435000094265,0,0,27.8,0.0,1
5680,1776086301.5317185,0.05924199967921595, 0.350309000168636,0,0,27.8,0.0,1
5681,1776086301.5611868,0.04393900007926277, 0.33876199995575007,0,0,27.8,0.0,1
5682,1776086301.5909295,0.043306999941705726, 0.34454699971320224,0,0,27.8,0.0,1
5683,1776086301.6207294,0.044271000206208555, 0.3849270001410332,0,0,27.8,0.0,1
5684,1776086301.6506596,0.04006200015282957, 0.3301179999652959,0,0,27.8,0.0,1
5685,1776086301.6812322,0.03995299994130619, 0.31553899998471024,0,0,27.8,0.0,1
5686,1776086301.709229,0.045247999878483824, 0.3785889998653147,0,0,27.8,0.0,1
5687,1776086301.7393763,0.054381000154535286, 0.4117839998798445,0,0,27.8,0.0,1
5688,1776086301.7688742,0.04603300021699397, 0.36359900013849256,0,0,27.8,0.0,1
5689,1776086301.7983453,0.045140000111132395, 0.37211900007605436,0,0,27.8,0.0,1
5690,1776086301.8287668,0.04934499975206563, 0.33445999997638864,0,0,27.8,0.0,1
5691,1776086301.8578134,0.04438599989953218, 0.34367800026302575,0,0,27.8,0.0,1
5692,1776086301.8879821,0.04328900013206294, 0.3366870000718336,0,0,27.8,0.0,1
5693,1776086301.9179947,0.04415400007928838, 0.3478490002635226,0,0,27.8,0.0,1
5693,1776086301.9671376,19.586744999742223, 0.3026190001946816,16,16,27.8,0.0,0
5694,1776086302.0291963,24.075330999949074, 0.300963999961823,13,0,27.8,0.0,0
5695,1776086302.0486145,17.68323100031921, 0.3009550000570016,14,14,27.8,0.0,0
5696,1776086302.062969,12.52389499995843, 0.3010769996762974,11,15,27.8,0.0,0
5697,1776086302.3349457,12.453715999981796, 256.16578399967693,13,11,27.8,0.0,0
5699,1776086302.3389559,0.6223169998520461, 0.17152200007330975,0,11,27.8,0.0,1
5700,1776086302.363814,0.7955989999572921, 0.3776989997277269,0,8,27.8,0.0,1
5701,1776086302.3932066,0.6140709997453087, 0.3494190000310482,0,7,27.8,0.0,1
5702,1776086302.4245956,2.1922979999544623, 0.388485999792465,0,0,27.8,0.0,1
5703,1776086302.456998,0.03656999979284592, 0.2627630001370562,0,0,27.8,0.0,1
5704,1776086302.4826202,0.03959700006817002, 0.3384139999980107,0,0,27.8,0.0,1
5705,1776086302.512432,0.04703599961430882, 0.34756300010485575,0,0,27.8,0.0,1
5706,1776086302.541905,0.0466830001641938, 0.3463170000941318,0,0,27.8,0.0,1
5707,1776086302.57137,0.043511000058060745, 0.3526949999468343,0,0,27.8,0.0,1
5708,1776086302.6011975,0.04253599990988732, 0.34541400009402423,0,0,27.8,0.0,1
5709,1776086302.6309297,0.04549999994196696, 0.3394509999452566,0,0,27.8,0.0,1
5710,1776086302.6607733,0.04533099991022027, 0.3378139999767882,0,0,27.8,0.0,1
5711,1776086302.6902547,0.04535300013230881, 0.3320569999232248,0,0,27.8,0.0,1
5712,1776086302.7200897,0.0417159999415162, 0.34316399978706613,0,0,27.8,0.0,1
5713,1776086302.7499397,0.044439999783207895, 0.3423269999984768,0,0,27.8,0.0,1
5714,1776086302.7793725,0.04661999992094934, 0.3465190002316376,0,0,27.8,0.0,1
5715,1776086302.809188,0.045726999815087765, 0.34358299990344676,0,0,27.8,0.0,1
5716,1776086302.8396606,0.04123299959246651, 0.3360200003044156,0,0,27.8,0.0,1
5717,1776086302.86997,0.042484999994485406, 0.32556299993302673,0,0,27.8,0.0,1
5718,1776086302.8978486,0.04309900032239966, 0.34425200010446133,0,0,27.8,0.0,1
5719,1776086302.92827,0.04590399976223125, 0.36057999977856525,0,0,27.8,0.0,1
5720,1776086302.9578724,0.04217199966660701, 0.3471039999567438,0,0,27.8,0.0,1
5721,1776086302.9878206,0.04514400006883079, 0.3383520001989382,0,0,27.8,0.0,1
5722,1776086303.0168064,0.04207899974062457, 0.35199400008423254,0,0,27.8,0.0,1
5723,1776086303.046777,0.061297999764065025, 0.36561099977916456,0,0,27.8,0.0,1
5724,1776086303.0767288,0.04292799985705642, 0.39138500005719834,0,0,27.8,0.0,1
5725,1776086303.106325,0.046317999931488885, 0.35411900034887367,0,0,27.8,0.0,1
5726,1776086303.1355326,0.045851000322727486, 0.37564599961115164,0,0,27.8,0.0,1
5727,1776086303.1653428,0.045929999942018185, 0.3772189998016984,0,0,27.8,0.0,1
5728,1776086303.1950512,0.045729000248684315, 0.3841350003312982,0,0,27.8,0.0,1
5729,1776086303.2246253,0.04272400019544875, 0.35978400001113187,0,0,27.8,0.0,1
5730,1776086303.2543726,0.046970000312285265, 0.3779239996219985,0,0,27.8,0.0,1
5731,1776086303.2842286,0.046784000005573034, 0.3844479997496819,0,0,27.8,0.0,1
5732,1776086303.3140125,0.04067700001542107, 0.3565390002222557,0,0,27.8,0.0,1
5732,1776086303.3640013,20.35808199980238, 0.3111770001851255,17,17,27.8,0.0,0
5733,1776086303.4165413,23.183540999980323, 0.26983599991581286,20,0,27.8,0.0,0
5734,1776086303.4352632,16.939500000262342, 0.3216400000383146,21,20,27.8,0.0,0
5735,1776086303.44977,12.423801999830175, 0.3189709996149759,17,20,27.8,0.0,0
5736,1776086303.7388647,18.948187000205508, 257.5792149996232,23,15,27.8,0.0,0
5738,1776086303.7431495,0.7604139996146841, 0.17249999973500962,0,15,27.8,0.0,1
5739,1776086303.7623258,0.8267760003946023, 0.3291909997642506,0,11,27.8,0.0,1
5740,1776086303.792101,2.19720299992332, 0.30744200012122747,0,11,27.8,0.0,1
5741,1776086303.8244984,0.5567170001086197, 0.34737600026346627,0,0,27.8,0.0,1
5742,1776086303.8492057,0.04502100000536302, 0.34202100005131797,0,0,27.8,0.0,1
5743,1776086303.8789737,0.04515199998422759, 0.3306970002086018,0,0,27.8,0.0,1
5744,1776086303.9088335,0.04272700016372255, 0.3351310001562524,0,0,27.8,0.0,1
5745,1776086303.9382384,0.04744800025946461, 0.34561700022095465,0,0,27.8,0.0,1
5746,1776086303.9684372,0.0433510003858828, 0.3503960001580708,0,0,27.8,0.0,1
5747,1776086303.998323,0.04620099980456871, 0.33521100021971506,0,0,27.8,0.0,1
5748,1776086304.0277717,0.045430999762174906, 0.34313300011490355,0,0,27.8,0.0,1
5749,1776086304.0571897,0.04538999974101898, 0.3386349999345839,0,0,27.8,0.0,1
5750,1776086304.0870278,0.043573000311880605, 0.34101600022040657,0,0,27.8,0.0,1
5751,1776086304.1167488,0.05917699991186964, 0.3459919998931582,0,0,27.8,0.0,1
5752,1776086304.1468246,0.04460700029085274, 0.34203599989268696,0,0,27.8,0.0,1
5753,1776086304.1761236,0.042919999941659626, 0.3392230000827112,0,0,27.8,0.0,1
5754,1776086304.2063127,0.048786000206746394, 0.36957800011805375,0,0,27.8,0.0,1
5755,1776086304.2357495,0.05772899976363988, 0.34581900035846047,0,0,27.8,0.0,1
5756,1776086304.265214,0.04314400030125398, 0.3364150002198585,0,0,27.8,0.0,1
5757,1776086304.295056,0.04269700002623722, 0.3458169999248639,0,0,27.8,0.0,1
5758,1776086304.325488,0.04390799995235284, 0.3380080001988972,0,0,27.8,0.0,1
5759,1776086304.3558316,0.03749999996216502, 0.3027529996870726,0,0,27.8,0.0,1
5760,1776086304.384077,0.04331299987825332, 0.3326629998809949,0,0,27.8,0.0,1
5761,1776086304.413906,0.041648000205896096, 0.35386400031711673,0,0,27.8,0.0,1
5762,1776086304.443791,0.04626600002666237, 0.3565220004020375,0,0,27.8,0.0,1
5763,1776086304.4732974,0.04397900011099409, 0.3767540001717862,0,0,27.8,0.0,1
5764,1776086304.5029662,0.04754700012199464, 0.3428730001360236,0,0,27.8,0.0,1
5765,1776086304.5328379,0.04851599987887312, 0.3450679996603867,0,0,27.8,0.0,1
5766,1776086304.5629346,0.04374999980427674, 0.3356990000611404,0,0,27.8,0.0,1
5767,1776086304.5924644,0.04523899997366243, 0.3371069997228915,0,0,27.8,0.0,1
5768,1776086304.6218917,0.047510000058537116, 0.34324100033700233,0,0,27.8,0.0,1
5769,1776086304.6517575,0.04663400022764108, 0.34641399997781264,0,0,27.8,0.0,1
5770,1776086304.681172,0.04329599960328778, 0.3464910000730015,0,0,27.8,0.0,1
5771,1776086304.7109423,0.0431169996772951, 0.32865699995454634,0,0,27.8,0.0,1
5771,1776086304.7608533,20.04510000006121, 0.33645099983914406,20,20,27.8,0.0,0
5772,1776086304.8221807,24.08745699995052, 0.2931910003098892,20,0,27.8,0.0,0
5773,1776086304.8415818,17.616729000110354, 0.3406920000088576,24,20,27.8,0.0,0
5774,1776086304.8561325,12.647462000131782, 0.3212480000911455,20,20,27.8,0.0,0
5775,1776086305.1305788,12.574032999964402, 258.1570809998084,26,13,27.8,0.0,0
5777,1776086305.134827,0.7474330000150076, 0.22018800018486218,0,13,27.8,0.0,1
5778,1776086305.15789,0.8246980000876647, 0.31477799984713783,0,12,27.8,0.0,1
5779,1776086305.187371,0.7541370000581082, 0.31641300029150443,0,12,27.8,0.0,1
5780,1776086305.2183096,2.1428670002023864, 0.41572700001779594,0,0,27.8,0.0,1
5781,1776086305.2501044,0.03579099984563072, 0.26476299990463303,0,0,27.8,0.0,1
5782,1776086305.275801,0.044426999920688104, 0.3445570000621956,0,0,27.8,0.0,1
5783,1776086305.3051863,0.0424949998887314, 0.3378149999662128,0,0,27.8,0.0,1
5784,1776086305.3350067,0.04393800008983817, 0.3444979997766495,0,0,27.8,0.0,1
5785,1776086305.3648312,0.044519999846670544, 0.34180800003014156,0,0,27.8,0.0,1
5786,1776086305.3946745,0.04712000009021722, 0.3846590002467565,0,0,27.8,0.0,1
5787,1776086305.4241383,0.04370899978312082, 0.3419980002945522,0,0,27.8,0.0,1
5788,1776086305.453941,0.04367800011095824, 0.34529399999883026,0,0,27.8,0.0,1
5789,1776086305.4837265,0.06713999982821406, 0.34663499991438584,0,0,27.8,0.0,1
5790,1776086305.513941,0.04104699974050163, 0.31225500015352736,0,0,27.8,0.0,1
5791,1776086305.5445487,0.04002600007879664, 0.3140410003652505,0,0,27.8,0.0,1
5792,1776086305.5728486,0.04529900024863309, 0.3416999998080428,0,0,27.8,0.0,1
5793,1776086305.6026866,0.04994299979443895, 0.3633520000221324,0,0,27.8,0.0,1
5794,1776086305.6321537,0.041711999983817805, 0.33796099978644634,0,0,27.8,0.0,1
5795,1776086305.661951,0.041880000026139896, 0.3405209999982617,0,0,27.8,0.0,1
5796,1776086305.6917999,0.04574100012177951, 0.3460870002527372,0,0,27.8,0.0,1
5797,1776086305.7211905,0.04571799991026637, 0.3386909997971088,0,0,27.8,0.0,1
5798,1776086305.751393,0.04350600011093775, 0.34685399987210985,0,0,27.8,0.0,1
5799,1776086305.7811205,0.042751999899337534, 0.34735700000965153,0,0,27.8,0.0,1
5800,1776086305.8106403,0.04508799975155853, 0.3596589999688149,0,0,27.8,0.0,1
5801,1776086305.8400514,0.04329900002630893, 0.3378410001459997,0,0,27.8,0.0,1
5802,1776086305.8699868,0.044673000047623646, 0.34822399993572617,0,0,27.8,0.0,1
5803,1776086305.899632,0.042099999973288504, 0.367537000329321,0,0,27.8,0.0,1
5804,1776086305.9291666,0.04498599992075469, 0.34222399972350104,0,0,27.8,0.0,1
5805,1776086305.959061,0.04450599999472615, 0.3357290001986257,0,0,27.8,0.0,1
5806,1776086305.9889476,0.044688000343739986, 0.34734700011540554,0,0,27.8,0.0,1
5807,1776086306.0186603,0.0484689999211696, 0.3620019997470081,0,0,27.8,0.0,1
5808,1776086306.0481083,0.0463669998680416, 0.33083499965869123,0,0,27.8,0.0,1
5809,1776086306.0779738,0.049431999741500476, 0.34161799976573093,0,0,27.8,0.0,1
5810,1776086306.1084702,0.04525099984675762, 0.3438140001890133,0,0,27.8,0.0,1
5810,1776086306.171542,32.76855100011744, 0.34448099995643133,20,20,27.8,0.0,0
5811,1776086306.186802,13.368892000016785, 0.2630029998726968,22,0,27.8,0.0,0
5812,1776086306.2185707,20.825692000016716, 0.33439800017731613,21,20,27.8,0.0,0
5813,1776086306.2467666,19.24338999970132, 0.32560899990130565,21,20,27.8,0.0,0
5814,1776086306.5301995,17.83496100006232, 257.8015270000833,23,15,27.8,0.0,0
5816,1776086306.5342624,0.8499139999003091, 0.29627300000356627,0,15,27.8,0.0,1
5817,1776086306.5534914,0.9389050001118449, 0.36265600010665366,0,12,27.8,0.0,1
5818,1776086306.58469,2.2632079999311827, 0.3173539998897468,0,10,27.8,0.0,1
5819,1776086306.6172523,0.5343419998098398, 0.336924999828625,0,0,27.8,0.0,1
5820,1776086306.6427824,0.04507099993134034, 0.3518019998409727,0,0,27.8,0.0,1
5821,1776086306.6722622,0.04627800035450491, 0.35637099972518627,0,0,27.8,0.0,1
5822,1776086306.701408,0.045218000195745844, 0.3888219998771092,0,0,27.8,0.0,1
5823,1776086306.731812,0.04749300023831893, 0.3638660000433447,0,0,27.8,0.0,1
5824,1776086306.761296,0.0455180002063571, 0.36117999979978777,0,0,27.8,0.0,1
5825,1776086306.7909615,0.042716999814729206, 0.34147899987146957,0,0,27.8,0.0,1
5826,1776086306.8208778,0.04609300003721728, 0.33606999977564556,0,0,27.8,0.0,1
5827,1776086306.8506527,0.05098000019643223, 0.362042999768164,0,0,27.8,0.0,1
5828,1776086306.8801746,0.04235799997331924, 0.343784000051528,0,0,27.8,0.0,1
5829,1776086306.909931,0.04545399997368804, 0.33699899995554006,0,0,27.8,0.0,1
5830,1776086306.9397292,0.06096900006014039, 0.3413949998503085,0,0,27.8,0.0,1
5831,1776086306.9689348,0.042409999878145754, 0.34623600004124455,0,0,27.8,0.0,1
5832,1776086306.999808,0.04142199986745254, 0.3240319997530605,0,0,27.8,0.0,1
5833,1776086307.0303783,0.040008000269153854, 0.3171380003550439,0,0,27.8,0.0,1
5834,1776086307.0587296,0.05958099973213393, 0.3575619998628099,0,0,27.8,0.0,1
5835,1776086307.087886,0.04266399992047809, 0.3713830001288443,0,0,27.8,0.0,1
5836,1776086307.1176124,0.046568000016122824, 0.40228499983641086,0,0,27.8,0.0,1
5837,1776086307.147132,0.045592000333272154, 0.3803310000876081,0,0,27.8,0.0,1
5838,1776086307.1770391,0.04370300030132057, 0.3886220001731999,0,0,27.8,0.0,1
5839,1776086307.2065833,0.042376999772386625, 0.3738850000445382,0,0,27.8,0.0,1
5840,1776086307.23666,0.04409299981489312, 0.3611049996834481,0,0,27.8,0.0,1
5841,1776086307.2665389,0.045000000227446435, 0.3473649999250483,0,0,27.8,0.0,1
5842,1776086307.2961786,0.0420340002165176, 0.34198399998786044,0,0,27.8,0.0,1
5843,1776086307.3258858,0.043309999909979524, 0.3371299999344046,0,0,27.8,0.0,1
5844,1776086307.355797,0.041181999677064596, 0.34557300023152493,0,0,27.8,0.0,1
5845,1776086307.3851557,0.04354600014266907, 0.34369000013612094,0,0,27.8,0.0,1
5846,1776086307.4150605,0.04178600011073286, 0.3444940002736985,0,0,27.8,0.0,1
5847,1776086307.4449298,0.04720299966720631, 0.3461500000412343,0,0,27.8,0.0,1
5848,1776086307.4747589,0.04185899979347596, 0.3429059997870354,0,0,27.8,0.0,1
5849,1776086307.5042322,0.04308799998398172, 0.34198499997728504,0,0,27.8,0.0,1
5849,1776086307.5530982,19.2440309997437, 0.2732349998950667,10,10,27.8,0.0,0
5850,1776086307.588958,22.14370499996221, 0.24794099999780883,13,0,27.8,0.0,0
5851,1776086307.6155283,19.473679999919113, 0.31553600001643645,15,15,27.8,0.0,0
5852,1776086307.644299,18.475686999863683, 0.3252059996157186,14,20,27.8,0.0,0
5853,1776086307.933085,21.99655700042058, 257.524124000156,11,11,27.8,0.0,0
5855,1776086307.93746,0.6738940001014271, 0.2357319999646279,0,11,27.8,0.0,1
5856,1776086307.9506176,0.730008000118687, 0.38129900030980934,0,6,27.8,0.0,1
5857,1776086307.9808974,0.5888470000172674, 0.3575020000425866,0,3,27.8,0.0,1
5858,1776086308.0111172,1.863344999947003, 0.3391660002307617,0,0,27.8,0.0,1
5859,1776086308.0437074,0.03666699967652676, 0.26165799999944284,0,0,27.8,0.0,1
5860,1776086308.0689397,0.044814999910158804, 0.3399739998712903,0,0,27.8,0.0,1
5861,1776086308.0987527,0.06243699999686214, 0.3437139998823113,0,0,27.8,0.0,1
5862,1776086308.1281173,0.04418300022734911, 0.33688900020933943,0,0,27.8,0.0,1
5863,1776086308.1580458,0.046052000016061356, 0.3482290003375965,0,0,27.8,0.0,1
5864,1776086308.1885,0.04479200015339302, 0.3387550000297779,0,0,27.8,0.0,1
5865,1776086308.2188249,0.037693999729526695, 0.29716200015172944,0,0,27.8,0.0,1
5866,1776086308.247157,0.045324999973672675, 0.3365050001775671,0,0,27.8,0.0,1
5867,1776086308.2770104,0.04562499998428393, 0.42662199984988547,0,0,27.8,0.0,1
5868,1776086308.3067982,0.045929999942018185, 0.3366639998603205,0,0,27.8,0.0,1
5869,1776086308.3361523,0.04340699979366036, 0.34096600029442925,0,0,27.8,0.0,1
5870,1776086308.3660605,0.045296000280359294, 0.34345800031587714,0,0,27.8,0.0,1
5871,1776086308.3958564,0.043352999909984646, 0.34444700031599496,0,0,27.8,0.0,1
5872,1776086308.4257216,0.04176799984634272, 0.3135759998258436,0,0,27.8,0.0,1
5873,1776086308.455417,0.042735000079119345, 0.3468810000413214,0,0,27.8,0.0,1
5874,1776086308.4849582,0.044442000216804445, 0.34392199995636474,0,0,27.8,0.0,1
5875,1776086308.5148106,0.04337800010034698, 0.3540999996403116,0,0,27.8,0.0,1
5876,1776086308.5441773,0.04310399981477531, 0.33395399987057317,0,0,27.8,0.0,1
5877,1776086308.5739064,0.04186199976174976, 0.33163799980684416,0,0,27.8,0.0,1
5878,1776086308.6041021,0.04734399999506422, 0.3785799999604933,0,0,27.8,0.0,1
5879,1776086308.6336825,0.04460699983610539, 0.3648930000963446,0,0,27.8,0.0,1
5880,1776086308.6631832,0.044067999624530785, 0.34334400015723077,0,0,27.8,0.0,1
5881,1776086308.6929755,0.045638000301551074, 0.34087499989254866,0,0,27.8,0.0,1
5882,1776086308.722748,0.0579289999222965, 0.34415099980833475,0,0,27.8,0.0,1
5883,1776086308.7522902,0.04369399994175183, 0.341337999998359,0,0,27.8,0.0,1
5884,1776086308.7827325,0.04194200027995976, 0.3090190002694726,0,0,27.8,0.0,1
5885,1776086308.8133228,0.04159099989919923, 0.31360200000563054,0,0,27.8,0.0,1
5886,1776086308.8412411,0.04741000020658248, 0.3410720000829315,0,0,27.8,0.0,1
5887,1776086308.8712049,0.047229999836417846, 0.34427800028424826,0,0,27.8,0.0,1
5888,1776086308.9009745,0.04539100018519093, 0.3571709999050654,0,0,27.8,0.0,1
5888,1776086308.9644017,33.73652099980973, 0.30239600027925917,14,14,27.8,0.0,0
5889,1776086309.0026655,23.444500000096014, 0.2466800001457159,16,0,27.8,0.0,0
5890,1776086309.0179021,13.53490800011059, 0.2821430002768466,13,13,27.8,0.0,0
5891,1776086309.0324688,12.508828000136418, 0.3272130002187623,14,17,27.8,0.0,0
5892,1776086309.3297515,21.22664199987412, 260.36330099987026,15,10,27.8,0.0,0
5894,1776086309.333868,0.5331659999683325, 0.17789300000004005,0,10,27.8,0.0,1
5895,1776086309.347237,0.6384299999808718, 0.3449760001785762,0,7,27.8,0.0,1
5896,1776086309.3781943,2.0320100002209074, 0.30518699986714637,0,6,27.8,0.0,1
5897,1776086309.4106176,0.38115000006655464, 0.3047919999517035,0,0,27.8,0.0,1
5898,1776086309.4358184,0.046829999973851955, 0.34070999981850036,0,0,27.8,0.0,1
5899,1776086309.465202,0.045711999973718775, 0.3456199997344811,0,0,27.8,0.0,1
5900,1776086309.495175,0.042468999708944466, 0.34136200019929674,0,0,27.8,0.0,1
5901,1776086309.5248682,0.04588799993143766, 0.3365239999766345,0,0,27.8,0.0,1
5902,1776086309.5548065,0.04643200009013526, 0.33888999996634084,0,0,27.8,0.0,1
5903,1776086309.5842927,0.0434240000686259, 0.3354830000716902,0,0,27.8,0.0,1
5904,1776086309.6140366,0.04252899998391513, 0.34457799984011217,0,0,27.8,0.0,1
5905,1776086309.643836,0.04491400022743619, 0.35281000009490526,0,0,27.8,0.0,1
5906,1776086309.6736264,0.041714000417414354, 0.333174999923358,0,0,27.8,0.0,1
5907,1776086309.704289,0.04269400005796342, 0.3352149997226661,0,0,27.8,0.0,1
5908,1776086309.7323964,0.046408999878622126, 0.388143000236596,0,0,27.8,0.0,1
5909,1776086309.7621808,0.04895800020676688, 0.41347299975313945,0,0,27.8,0.0,1
5910,1776086309.7917297,0.0652240000817983, 0.3452269997978874,0,0,27.8,0.0,1
5911,1776086309.821562,0.04778099992108764, 0.4219530001137173,0,0,27.8,0.0,1
5912,1776086309.8514054,0.04873099987889873, 0.4011380001429643,0,0,27.8,0.0,1
5913,1776086309.8808682,0.04228899979352718, 0.3468939999038412,0,0,27.8,0.0,1
5914,1776086309.9112978,0.045773999772791285, 0.36908600031893,0,0,27.8,0.0,1
5915,1776086309.941047,0.04487199976210832, 0.36819500019191764,0,0,27.8,0.0,1
5916,1776086309.9704359,0.05515399971045554, 0.38335699991876027,0,0,27.8,0.0,1
5917,1776086310.0003998,0.045556999793916475, 0.36223100005372544,0,0,27.8,0.0,1
5918,1776086310.0300086,0.04178100016360986, 0.3403939999770955,0,0,27.8,0.0,1
5919,1776086310.0601282,0.05259099998511374, 0.38190300028873025,0,0,27.8,0.0,1
5920,1776086310.0893145,0.04524199994193623, 0.3380620000825729,0,0,27.8,0.0,1
5921,1776086310.1191118,0.04504400021687616, 0.3394319996914419,0,0,27.8,0.0,1
5922,1776086310.148918,0.0431089997618983, 0.3445109996391693,0,0,27.8,0.0,1
5923,1776086310.1787846,0.04296399993108935, 0.34367200032647816,0,0,27.8,0.0,1
5924,1776086310.208252,0.04314299985708203, 0.3415549999772338,0,0,27.8,0.0,1
5925,1776086310.2380214,0.04283599992049858, 0.34243399977640365,0,0,27.8,0.0,1
5926,1776086310.2685525,0.0400920002903149, 0.3305569998701685,0,0,27.8,0.0,1
5927,1776086310.2987952,0.03643499985628296, 0.2899220003200753,0,0,27.8,0.0,1
5927,1776086310.3604019,33.26743499974327, 0.33157300003949786,26,20,27.8,0.0,0
5928,1776086310.3756242,13.297888000124658, 0.3005470002790389,20,0,27.8,0.0,0
5929,1776086310.4071195,20.467048999762483, 0.32594999993307283,20,20,27.8,0.0,0
5930,1776086310.442245,21.44973599979494, 0.3243119999751798,23,20,27.8,0.0,0
5931,1776086310.7539291,23.743273000036424, 258.58803299979627,27,16,27.8,0.0,0
5933,1776086310.7585218,0.7932180001262168, 0.1834039999266679,0,16,27.8,0.0,1
5934,1776086310.7738905,0.9839059998739685, 0.334588999976404,0,14,27.8,0.0,1
5935,1776086310.803951,0.8844959997986734, 0.3191669998159341,0,13,27.8,0.0,1
5936,1776086310.8344882,2.1929550002823817, 0.4328290001467394,0,0,27.8,0.0,1
5937,1776086310.8662095,0.037166000311117386, 0.2646190000632487,0,0,27.8,0.0,1
5938,1776086310.8933911,0.03951700000470737, 0.32276900037686573,0,0,27.8,0.0,1
5939,1776086310.9216316,0.051143000291631324, 0.35455499983072514,0,0,27.8,0.0,1
5940,1776086310.9511435,0.04688199987867847, 0.3372810001565085,0,0,27.8,0.0,1
5941,1776086310.982072,0.060539000060089165, 0.4313430004003749,0,0,27.8,0.0,1
5942,1776086311.010792,0.04668000019592, 0.3362709999237268,0,0,27.8,0.0,1
5943,1776086311.0402336,0.041991000216512475, 0.34131000029447023,0,0,27.8,0.0,1
5944,1776086311.0701013,0.04260100013198098, 0.34774499999912223,0,0,27.8,0.0,1
5945,1776086311.0998576,0.04452900020623929, 0.34291600013602874,0,0,27.8,0.0,1
5946,1776086311.1300688,0.04817199987883214, 0.3471069999250176,0,0,27.8,0.0,1
5947,1776086311.1598082,0.04010400016341009, 0.3103770000052464,0,0,27.8,0.0,1
5948,1776086311.1889815,0.04540700001598452, 0.3463020002527628,0,0,27.8,0.0,1
5949,1776086311.2187371,0.06325699996523326, 0.3497650000099384,0,0,27.8,0.0,1
5950,1776086311.2482033,0.04491799973038724, 0.3393619999769726,0,0,27.8,0.0,1
5951,1776086311.278083,0.04459899992070859, 0.34370100001979154,0,0,27.8,0.0,1
5952,1776086311.3079169,0.04567499991026125, 0.33775200017771567,0,0,27.8,0.0,1
5953,1776086311.33761,0.04553300004772609, 0.3550209999048093,0,0,27.8,0.0,1
5954,1776086311.3671787,0.04549000004772097, 0.33890399981828523,0,0,27.8,0.0,1
5955,1776086311.3972914,0.04320500011090189, 0.34478600036891294,0,0,27.8,0.0,1
5956,1776086311.4267426,0.06392500017682323, 0.34276999986104784,0,0,27.8,0.0,1
5957,1776086311.456275,0.047776999963389244, 0.3367599997545767,0,0,27.8,0.0,1
5958,1776086311.487621,0.03799199976128875, 0.31115799993131077,0,0,27.8,0.0,1
5959,1776086311.5158591,0.041896999846358085, 0.33892900000864756,0,0,27.8,0.0,1
5960,1776086311.545733,0.05891799992241431, 0.34564499992484343,0,0,27.8,0.0,1
5961,1776086311.5751178,0.045048000174574554, 0.3331089997118397,0,0,27.8,0.0,1
5962,1776086311.605066,0.04376199967737193, 0.3418740002416598,0,0,27.8,0.0,1
5963,1776086311.6347516,0.06204700002854224, 0.34773200013660244,0,0,27.8,0.0,1
5964,1776086311.6642172,0.04528399995251675, 0.3412389996810816,0,0,27.8,0.0,1
5965,1776086311.694079,0.04224700023769401, 0.3438070002630411,0,0,27.8,0.0,1
5966,1776086311.724262,0.04633899970940547, 0.34390600012557115,0,0,27.8,0.0,1
5966,1776086311.7865307,32.249031999981526, 0.3303230000710755,23,20,27.8,0.0,0
5967,1776086311.8015227,13.085945999591786, 0.2886409997699957,19,0,27.8,0.0,0
5968,1776086311.8338397,20.291354000164574, 0.3303060002508573,19,19,27.8,0.0,0
5969,1776086311.8619049,18.879815000218514, 0.32443899999634596,20,20,27.8,0.0,0
5970,1776086312.153082,21.6960529996868, 257.25401700037764,15,14,27.8,0.0,0
5972,1776086312.1576383,0.8069199998317345, 0.2943750000667933,0,14,27.8,0.0,1
5973,1776086312.169907,0.8678290000716515, 0.3112260001216782,0,13,27.8,0.0,1
5974,1776086312.2014248,2.2810659997958282, 0.360923000243929,0,8,27.8,0.0,1
5975,1776086312.233659,0.45008799997958704, 0.31958899990058853,0,0,27.8,0.0,1
5976,1776086312.258836,0.04426099985721521, 0.34382099966023816,0,0,27.8,0.0,1
5977,1776086312.2887604,0.04098699992027832, 0.3110229999947478,0,0,27.8,0.0,1
5978,1776086312.318101,0.043466000079206424, 0.33427300013499917,0,0,27.8,0.0,1
5979,1776086312.3479931,0.04374999980427674, 0.34796699992512004,0,0,27.8,0.0,1
5980,1776086312.379272,0.041664000036689686, 0.3160649998790177,0,0,27.8,0.0,1
5981,1776086312.4072003,0.044503000026452355, 0.33779399973354884,0,0,27.8,0.0,1
5982,1776086312.4370265,0.04426399982548901, 0.33907900024132687,0,0,27.8,0.0,1
5983,1776086312.4668133,0.0455190001957817, 0.3459659997133713,0,0,27.8,0.0,1
5984,1776086312.4962814,0.04455199996300507, 0.331830000050104,0,0,27.8,0.0,1
5985,1776086312.5261014,0.04382499992061639, 0.33427800008212216,0,0,27.8,0.0,1
5986,1776086312.5559354,0.04874100022789207, 0.3404139997655875,0,0,27.8,0.0,1
5987,1776086312.5857153,0.059393000356067205, 0.34134800034735235,0,0,27.8,0.0,1
5988,1776086312.6156185,0.04038399993078201, 0.33087799965869635,0,0,27.8,0.0,1
5989,1776086312.6456754,0.03890599964506691, 0.33428699998694356,0,0,27.8,0.0,1
5990,1776086312.6748104,0.04515199998422759, 0.335500999881333,0,0,27.8,0.0,1
5991,1776086312.704298,0.043448999804240884, 0.3380779999133665,0,0,27.8,0.0,1
5992,1776086312.7340634,0.04427800013218075, 0.33774199982872233,0,0,27.8,0.0,1
5993,1776086312.7639291,0.043620000269584125, 0.3495810001368227,0,0,27.8,0.0,1
5994,1776086312.793803,0.04308000006858492, 0.34277099985047244,0,0,27.8,0.0,1
5995,1776086312.8232272,0.04352299993115594, 0.3416989998186182,0,0,27.8,0.0,1
5996,1776086312.8530402,0.04547100024865358, 0.33832799999800045,0,0,27.8,0.0,1
5997,1776086312.8831162,0.04438599989953218, 0.3412320002098568,0,0,27.8,0.0,1
5998,1776086312.9122124,0.043555000047490466, 0.34819499978766544,0,0,27.8,0.0,1
5999,1776086312.9421055,0.046361999920918606, 0.33948999998756335,0,0,27.8,0.0,1
6000,1776086312.9734757,0.04092600011063041, 0.32710499999666354,0,0,27.8,0.0,1
6001,1776086313.0020669,0.054630999784421874, 0.3949659999307187,0,0,27.8,0.0,1
6002,1776086313.0311809,0.0444319998678111, 0.33160699967993423,0,0,27.8,0.0,1
6003,1776086313.061225,0.04674699994211551, 0.3467500000624568,0,0,27.8,0.0,1
6004,1776086313.0908053,0.044924000121682184, 0.33980500029429095,0,0,27.8,0.0,1
6005,1776086313.1206703,0.050474000090616755, 0.35329600041222875,0,0,27.8,0.0,1
6005,1776086313.1829872,32.91966599999796, 0.32128100019690464,37,20,27.8,0.0,0
6006,1776086313.198178,13.28024699978414, 0.269544999810023,36,0,27.8,0.0,0
6007,1776086313.2311823,21.08092599974043, 0.32461899991176324,26,20,27.8,0.0,0
6008,1776086313.257972,18.01334499987206, 0.3243340001972683,24,20,27.8,0.0,0
6009,1776086313.547549,19.268128000021534, 258.7840320002215,22,15,27.8,0.0,0
6011,1776086313.5520263,0.8345599999302067, 0.2848590002031415,0,15,27.8,0.0,1
6012,1776086313.5683346,0.8201579998967645, 0.3457190000517585,0,9,27.8,0.0,1
6013,1776086313.5965962,0.6642700000156765, 0.3642990000116697,0,6,27.8,0.0,1
6014,1776086313.6278014,2.084048000142502, 0.36953500011804863,0,0,27.8,0.0,1
6015,1776086313.6593733,0.03641400007836637, 0.27138199993714807,0,0,27.8,0.0,1
6016,1776086313.685015,0.046224000016081845, 0.34318000007260707,0,0,27.8,0.0,1
6017,1776086313.7148306,0.044257000354264164, 0.33869300023070537,0,0,27.8,0.0,1
6018,1776086313.7442906,0.04283099997337558, 0.341234000188706,0,0,27.8,0.0,1
6019,1776086313.7740762,0.04369299995232723, 0.339117000294209,0,0,27.8,0.0,1
6020,1776086313.8042965,0.045729000248684315, 0.3379600002517691,0,0,27.8,0.0,1
6021,1776086313.8347216,0.059022000186814694, 0.3419079998820962,0,0,27.8,0.0,1
6022,1776086313.8631895,0.04409200028021587, 0.33581700017748517,0,0,27.8,0.0,1
6023,1776086313.8930478,0.04714500028057955, 0.3423379998821474,0,0,27.8,0.0,1
6024,1776086313.922841,0.04604900004778756, 0.34733900020000874,0,0,27.8,0.0,1
6025,1776086313.952766,0.043034000100306, 0.3370370000084222,0,0,27.8,0.0,1
6026,1776086313.983299,0.05702599992218893, 0.42119499994441867,0,0,27.8,0.0,1
6027,1776086314.0119374,0.04567699988911045, 0.35379099972487893,0,0,27.8,0.0,1
6028,1776086314.0421097,0.04828100009035552, 0.370989000202826,0,0,27.8,0.0,1
6029,1776086314.0715096,0.04134999971938669, 0.34276499991392484,0,0,27.8,0.0,1
6030,1776086314.101047,0.04301099988879287, 0.33892999999807216,0,0,27.8,0.0,1
6031,1776086314.1308374,0.047139999878709204, 0.3411719999348861,0,0,27.8,0.0,1
6032,1776086314.1622326,0.040656000237504486, 0.3202660000169999,0,0,27.8,0.0,1
6033,1776086314.1900525,0.04373599995233235, 0.3324379999867233,0,0,27.8,0.0,1
6034,1776086314.219939,0.04701000034401659, 0.33411899994462146,0,0,27.8,0.0,1
6035,1776086314.2497795,0.04837700043935911, 0.3436090000832337,0,0,27.8,0.0,1
6036,1776086314.2792432,0.04582500014294055, 0.3455280002526706,0,0,27.8,0.0,1
6037,1776086314.3090615,0.04452200028026709, 0.34779699990394874,0,0,27.8,0.0,1
6038,1776086314.3388352,0.04646399975172244, 0.3376330000719463,0,0,27.8,0.0,1
6039,1776086314.3683097,0.04186799969829735, 0.3390809997654287,0,0,27.8,0.0,1
6040,1776086314.3985388,0.04701099987869384, 0.33002600002873805,0,0,27.8,0.0,1
6041,1776086314.4286606,0.04141099998378195, 0.32853099992280477,0,0,27.8,0.0,1
6042,1776086314.4578004,0.04350800008978695, 0.34359699975539115,0,0,27.8,0.0,1
6043,1776086314.4873059,0.044612999772652984, 0.33643500000835047,0,0,27.8,0.0,1
6044,1776086314.516947,0.04314599982535583, 0.3354170003149193,0,0,27.8,0.0,1
6044,1776086314.5666294,19.76501700028166, 0.3403079999770853,29,20,27.8,0.0,0
6045,1776086314.6186168,23.490110999773606, 0.2856870000869094,21,0,27.8,0.0,0
6046,1776086314.6371973,16.866751999714324, 0.3285160000814358,20,20,27.8,0.0,0
6047,1776086314.6516075,12.49028400025054, 0.33561400005055475,21,20,27.8,0.0,0
6048,1776086314.943119,19.900038999821845, 258.8012119999803,21,16,27.8,0.0,0
6050,1776086314.947763,0.8637369996904454, 0.18655099984243861,0,16,27.8,0.0,1
6051,1776086314.964029,0.9697499999674619, 0.3429049997976108,0,13,27.8,0.0,1
6052,1776086314.9951048,2.377926999997726, 0.32172999999602325,0,11,27.8,0.0,1
6053,1776086315.0268621,0.5698400000255788, 0.3281430003880814,0,0,27.8,0.0,1
6054,1776086315.0534263,0.04079200016349205, 0.32050300023911404,0,0,27.8,0.0,1
6055,1776086315.0817163,0.059190000229136785, 0.343096000051446,0,0,27.8,0.0,1
6056,1776086315.1112442,0.04607800019584829, 0.330295999901864,0,0,27.8,0.0,1
6057,1776086315.141027,0.04284599981474457, 0.3426660000513948,0,0,27.8,0.0,1
6058,1776086315.17084,0.04544000012174365, 0.341775999913807,0,0,27.8,0.0,1
6059,1776086315.2006853,0.0448179998784326, 0.3588750000744767,0,0,27.8,0.0,1
6060,1776086315.230126,0.04488200011110166, 0.33578900001884904,0,0,27.8,0.0,1
6061,1776086315.2599313,0.04520800030149985, 0.3394109999135253,0,0,27.8,0.0,1
6062,1776086315.2905211,0.04803499996341998, 0.3690390003612265,0,0,27.8,0.0,1
6063,1776086315.3198855,0.040535000152885914, 0.3054320000046573,0,0,27.8,0.0,1
6064,1776086315.3490977,0.04701899979409063, 0.3350309998495504,0,0,27.8,0.0,1
6065,1776086315.3789678,0.04573500018523191, 0.3332149999550893,0,0,27.8,0.0,1
6066,1776086315.4089415,0.04911700034426758, 0.37855199980185716,0,0,27.8,0.0,1
6067,1776086315.438122,0.04375000025902409, 0.34048799989250256,0,0,27.8,0.0,1
6068,1776086315.4679513,0.047962999815354124, 0.3357390000928717,0,0,27.8,0.0,1
6069,1776086315.4977875,0.04355200007921667, 0.34470899981897674,0,0,27.8,0.0,1
6070,1776086315.5272288,0.04411999998410465, 0.34020900011455524,0,0,27.8,0.0,1
6071,1776086315.557316,0.04337900008977158, 0.33989799976552604,0,0,27.8,0.0,1
6072,1776086315.5868714,0.04545299998426344, 0.33873299980768934,0,0,27.8,0.0,1
6073,1776086315.6167204,0.05891499995414051, 0.3422780000619241,0,0,27.8,0.0,1
6074,1776086315.647654,0.05416899966803612, 0.2893250002671266,0,0,27.8,0.0,1
6075,1776086315.6759152,0.04760899992106715, 0.3378280002834799,0,0,27.8,0.0,1
6076,1776086315.7056966,0.0450519996775256, 0.3575260002435243,0,0,27.8,0.0,1
6077,1776086315.7352395,0.048163999963435344, 0.33798499998738407,0,0,27.8,0.0,1
6078,1776086315.765211,0.044580999656318454, 0.3434949999245873,0,0,27.8,0.0,1
6079,1776086315.7948697,0.044592999984161, 0.345551999998861,0,0,27.8,0.0,1
6080,1776086315.8246539,0.04335899984653224, 0.3564960002222506,0,0,27.8,0.0,1
6081,1776086315.8541431,0.04315100022722618, 0.3434829995967448,0,0,27.8,0.0,1
6082,1776086315.8843815,0.0470710001536645, 0.3459439999460301,0,0,27.8,0.0,1
6083,1776086315.9144266,0.04417199988893117, 0.3459919998931582,0,0,27.8,0.0,1
6083,1776086315.9754024,32.21553000003041, 0.3322669999761274,28,20,27.8,0.0,0
6084,1776086315.9918993,14.60800399991058, 0.2786319996630482,26,0,27.8,0.0,0
6085,1776086316.0270832,22.23390599965569, 0.3268859995841922,29,20,27.8,0.0,0
6086,1776086316.050013,16.236581000157457, 0.328523000007408,26,20,27.8,0.0,0
6087,1776086316.3415055,20.701681999980792, 259.0281259999756,29,15,27.8,0.0,0
6089,1776086316.345696,0.6761530003132066, 0.1760989998729201,0,15,27.8,0.0,1
6090,1776086316.359678,0.8377189997190726, 0.31980699986888794,0,11,27.8,0.0,1
6091,1776086316.3897223,0.743277000310627, 0.33583100002942956,0,9,27.8,0.0,1
6092,1776086316.4209483,2.1194430000832654, 0.3869850002047315,0,0,27.8,0.0,1
6093,1776086316.4529016,0.037060000067867804, 0.2646050002113043,0,0,27.8,0.0,1
6094,1776086316.478555,0.04213299962430028, 0.33877099986057146,0,0,27.8,0.0,1
6095,1776086316.5085866,0.04127400006836979, 0.33842600032585324,0,0,27.8,0.0,1
6096,1776086316.537792,0.04472499995245016, 0.34213800017823814,0,0,27.8,0.0,1
6097,1776086316.5672488,0.04398400005811709, 0.33909600006154506,0,0,27.8,0.0,1
6098,1776086316.5971332,0.04572500029098592, 0.3420970001570822,0,0,27.8,0.0,1
6099,1776086316.6268702,0.04350800008978695, 0.3420099997129,0,0,27.8,0.0,1
6100,1776086316.6563125,0.043619999814836774, 0.3323939999972936,0,0,27.8,0.0,1
6101,1776086316.68626,0.04329100011091214, 0.34120500004064525,0,0,27.8,0.0,1
6102,1776086316.7160804,0.04300899990994367, 0.3402349998395948,0,0,27.8,0.0,1
6103,1776086316.7461185,0.045121999846742256, 0.3436169999986305,0,0,27.8,0.0,1
6104,1776086316.7752173,0.04390999993120204, 0.34263999987160787,0,0,27.8,0.0,1
6105,1776086316.8051188,0.04600100010065944, 0.3436299998611503,0,0,27.8,0.0,1
6106,1776086316.8363948,0.0405569999202271, 0.3225380000912992,0,0,27.8,0.0,1
6107,1776086316.8650348,0.04607699975167634, 0.3839920000245911,0,0,27.8,0.0,1
6108,1776086316.8941731,0.044163999973534374, 0.33959700022023753,0,0,27.8,0.0,1
6109,1776086316.9239733,0.044549999984155875, 0.3334869998070644,0,0,27.8,0.0,1
6110,1776086316.953825,0.04759700004797196, 0.3422650001994043,0,0,27.8,0.0,1
6111,1776086316.9839673,0.04449500011105556, 0.33773599989217473,0,0,27.8,0.0,1
6112,1776086317.0131135,0.05235800017544534, 0.3760780000447994,0,0,27.8,0.0,1
6113,1776086317.042989,0.04936100003760657, 0.4094840001016564,0,0,27.8,0.0,1
6114,1776086317.0725393,0.05098300016470603, 0.3573389999473875,0,0,27.8,0.0,1
6115,1776086317.1024065,0.04173699971943279, 0.34629299989319406,0,0,27.8,0.0,1
6116,1776086317.1319454,0.0440489998254634, 0.341458000093553,0,0,27.8,0.0,1
6117,1776086317.1621354,0.050209000164613826, 0.37810399999216315,0,0,27.8,0.0,1
6118,1776086317.1912699,0.040796999655867694, 0.3426190000936913,0,0,27.8,0.0,1
6119,1776086317.2210374,0.043820999962917995, 0.33970300000873976,0,0,27.8,0.0,1
6120,1776086317.2509205,0.04578599964588648, 0.3461669998614525,0,0,27.8,0.0,1
6121,1776086317.280706,0.04258499984644004, 0.3618609998738975,0,0,27.8,0.0,1
6122,1776086317.3104885,0.04588899992086226, 0.3758170000764949,0,0,27.8,0.0,1
6122,1776086317.373031,32.80556000026991, 0.3353389997755585,21,20,27.8,0.0,0
6123,1776086317.4144337,22.67738799992003, 0.28007599985357956,21,0,27.8,0.0,0
6124,1776086317.430554,14.212286999736534, 0.3426610001042718,25,20,27.8,0.0,0
6125,1776086317.4454057,12.356814999748167, 0.3456540002844122,22,20,27.8,0.0,0
6126,1776086317.7339687,18.360760000177834, 257.9899950001163,19,14,27.8,0.0,0
6128,1776086317.7407317,0.4102789998796652, 0.1828389999900537,0,14,27.8,0.0,1
6129,1776086317.7566934,0.875950000136072, 0.354836000042269,0,11,27.8,0.0,1
6130,1776086317.7884495,2.4094939999486087, 0.3507629999148776,0,9,27.8,0.0,1
6131,1776086317.8199017,0.4944100001011975, 0.31514900001639035,0,0,27.8,0.0,1
6132,1776086317.8450775,0.042084000142494915, 0.3448070001468295,0,0,27.8,0.0,1
6133,1776086317.8748732,0.041820999740593834, 0.3461480000623851,0,0,27.8,0.0,1
6134,1776086317.9048471,0.043309000375302276, 0.33777299995563226,0,0,27.8,0.0,1
6135,1776086317.9341438,0.0424200002271391, 0.337691999902745,0,0,27.8,0.0,1
6136,1776086317.964396,0.04451299992069835, 0.3469749999567284,0,0,27.8,0.0,1
6137,1776086317.9949143,0.04249500034347875, 0.3424779997658334,0,0,27.8,0.0,1
6138,1776086318.0236487,0.04245199988872628, 0.3658179998637934,0,0,27.8,0.0,1
6139,1776086318.0531778,0.043076000110886525, 0.34370799994576373,0,0,27.8,0.0,1
6140,1776086318.0829096,0.0454449996141193, 0.33817699977589655,0,0,27.8,0.0,1
6141,1776086318.1127942,0.04224600024826941, 0.342240000009042,0,0,27.8,0.0,1
6142,1776086318.1421971,0.04562500043903128, 0.3372659998603922,0,0,27.8,0.0,1
6143,1776086318.1720586,0.04872600038652308, 0.34031999985018047,0,0,27.8,0.0,1
6144,1776086318.2019136,0.04264000017428771, 0.3537219999998342,0,0,27.8,0.0,1
6145,1776086318.2316935,0.05575299974225345, 0.31965499965735944,0,0,27.8,0.0,1
6146,1776086318.2612004,0.044220999825483887, 0.34528900005170726,0,0,27.8,0.0,1
6147,1776086318.2909184,0.04359899958217284, 0.34182699982920894,0,0,27.8,0.0,1
6148,1776086318.322219,0.03934200003641308, 0.3158330000587739,0,0,27.8,0.0,1
6149,1776086318.3502226,0.04076200002600672, 0.34335100008320296,0,0,27.8,0.0,1
6150,1776086318.3800602,0.04313399995226064, 0.34662699999898905,0,0,27.8,0.0,1
6151,1776086318.4098291,0.045927999963168986, 0.34273000028406386,0,0,27.8,0.0,1
6152,1776086318.4392793,0.04468199995244504, 0.340231999871321,0,0,27.8,0.0,1
6153,1776086318.46943,0.04496400015341351, 0.38674500001434353,0,0,27.8,0.0,1
6154,1776086318.4989684,0.046755000312259654, 0.3491049997137452,0,0,27.8,0.0,1
6155,1776086318.5288105,0.0441980000687181, 0.34296800004085526,0,0,27.8,0.0,1
6156,1776086318.5585396,0.045525000132329296, 0.33677100009299465,0,0,27.8,0.0,1
6157,1776086318.5886738,0.038206000226637116, 0.3393910001250333,0,0,27.8,0.0,1
6158,1776086318.6178844,0.045807000333297765, 0.3392939997866051,0,0,27.8,0.0,1
6159,1776086318.6472886,0.04225200018481701, 0.344017999850621,0,0,27.8,0.0,1
6160,1776086318.6771846,0.04353699978310033, 0.3463230000306794,0,0,27.8,0.0,1
6161,1776086318.7069502,0.04504900016399915, 0.34169500031566713,0,0,27.8,0.0,1
6161,1776086318.7698083,33.018872999946325, 0.3229720000490488,20,20,27.8,0.0,0
6162,1776086318.7851813,13.465582999742765, 0.280048999684368,22,0,27.8,0.0,0
6163,1776086318.8187416,21.220785999958025, 0.30573899994124076,17,17,27.8,0.0,0
6164,1776086318.8437288,17.493190000095638, 0.3219919999537524,25,20,27.8,0.0,0
6165,1776086319.1338038,20.960140000170213, 257.5831589997506,23,13,27.8,0.0,0
6167,1776086319.1380038,0.38683899992975057, 0.17885400029626908,0,13,27.8,0.0,1
6168,1776086319.1539047,0.8110009998745227, 0.3336449999551405,0,11,27.8,0.0,1
6169,1776086319.1835425,0.6917860000612563, 0.3108070000052976,0,11,27.8,0.0,1
6170,1776086319.21425,2.1925799997006834, 0.4123700000491226,0,0,27.8,0.0,1
6171,1776086319.24599,0.03624500004661968, 0.26069400018968736,0,0,27.8,0.0,1
6172,1776086319.2716386,0.05245000011200318, 0.3552160001163429,0,0,27.8,0.0,1
6173,1776086319.3011885,0.04266400037522544, 0.34049199985020095,0,0,27.8,0.0,1
6174,1776086319.3310192,0.04564099981507752, 0.34757100002025254,0,0,27.8,0.0,1
6175,1776086319.3607392,0.06281300011323765, 0.3457150000940601,0,0,27.8,0.0,1
6176,1776086319.3902738,0.04560599973046919, 0.33938099977603997,0,0,27.8,0.0,1
6177,1776086319.4207506,0.042594000206008786, 0.3393570000298496,0,0,27.8,0.0,1
6178,1776086319.449902,0.04519200001595891, 0.34778400004142895,0,0,27.8,0.0,1
6179,1776086319.4792945,0.04533399987849407, 0.33622399996602326,0,0,27.8,0.0,1
6180,1776086319.510703,0.03880400026901043, 0.2913519997491676,0,0,27.8,0.0,1
6181,1776086319.5390165,0.04616699970938498, 0.33548099963809364,0,0,27.8,0.0,1
6182,1776086319.568758,0.047945999995135935, 0.34186699986094027,0,0,27.8,0.0,1
6183,1776086319.5982754,0.04297900022720569, 0.33179599995492026,0,0,27.8,0.0,1
6184,1776086319.6281455,0.04517800016401452, 0.34197900004073745,0,0,27.8,0.0,1
6185,1776086319.657866,0.044273000185057754, 0.335919000008289,0,0,27.8,0.0,1
6186,1776086319.6877272,0.05775199997515301, 0.34401800030536833,0,0,27.8,0.0,1
6187,1776086319.7171419,0.04532200000539888, 0.3410819999771775,0,0,27.8,0.0,1
6188,1776086319.747344,0.04509900008997647, 0.336705999870901,0,0,27.8,0.0,1
6189,1776086319.7774239,0.04456899978322326, 0.33761799977582996,0,0,27.8,0.0,1
6190,1776086319.806223,0.04393199969854322, 0.33445700000811485,0,0,27.8,0.0,1
6191,1776086319.8359544,0.04479099970922107, 0.3336669997224817,0,0,27.8,0.0,1
6192,1776086319.8659015,0.04515899991019978, 0.33910999991348945,0,0,27.8,0.0,1
6193,1776086319.8957214,0.056817000313458266, 0.34009699993475806,0,0,27.8,0.0,1
6194,1776086319.9251451,0.042547999782982515, 0.33849400006147334,0,0,27.8,0.0,1
6195,1776086319.9549375,0.04428900001585134, 0.34195300031569786,0,0,27.8,0.0,1
6196,1776086319.9845145,0.04321199958212674, 0.3365130000929639,0,0,27.8,0.0,1
6197,1776086320.0145605,0.044114000047557056, 0.3349640001033549,0,0,27.8,0.0,1
6198,1776086320.044084,0.04268000020601903, 0.33869600019897916,0,0,27.8,0.0,1
6199,1776086320.0738704,0.0440429998889158, 0.3465290001258836,0,0,27.8,0.0,1
6200,1776086320.1048481,0.03753400005734875, 0.2961330001198803,0,0,27.8,0.0,1
6200,1776086320.166036,33.0136349998611, 0.32167500012292294,20,20,27.8,0.0,0
6201,1776086320.2100308,22.96285700003864, 0.2924620002886513,15,0,27.8,0.0,0
6202,1776086320.2268107,15.023582000139868, 0.312783000026684,18,18,27.8,0.0,0
6203,1776086320.2413285,12.651702999846748, 0.3330290001031244,19,20,27.8,0.0,0
6204,1776086320.5225816,15.424271000028966, 256.60643699984576,19,13,27.8,0.0,0
6206,1776086320.527898,0.9270650002690672, 0.3490650001367612,0,13,27.8,0.0,1
6207,1776086320.5502234,1.0360530000070867, 0.4185590000815864,0,11,27.8,0.0,1
6208,1776086320.5816686,2.660255000137113, 0.36516599993774435,0,10,27.8,0.0,1
6209,1776086320.614584,0.5722529999729886, 0.36293500033934833,0,0,27.8,0.0,1
6210,1776086320.6387997,0.05458099985844456, 0.3973249999944528,0,0,27.8,0.0,1
6211,1776086320.6690173,0.03804099969784147, 0.3781939999498718,0,0,27.8,0.0,1
6212,1776086320.6980424,0.04477899983612588, 0.4321229998822673,0,0,27.8,0.0,1
6213,1776086320.7282758,0.04511899987846846, 0.5035039998801949,0,0,27.8,0.0,1
6214,1776086320.7572718,0.09805000036067213, 0.4304930002945184,0,0,27.8,0.0,1
6215,1776086320.7876384,0.04533600031209062, 0.4951639998580504,0,0,27.8,0.0,1
6216,1776086320.8169034,0.040479000290361, 0.41882100003931555,0,0,27.8,0.0,1
6217,1776086320.8466392,0.04097200007890933, 0.41375800037712906,0,0,27.8,0.0,1
6218,1776086320.8762953,0.040566000279795844, 0.41966399976445246,0,0,27.8,0.0,1
6219,1776086320.9064577,0.041075999888562365, 0.42171699988102773,0,0,27.8,0.0,1
6220,1776086320.9362698,0.047416999677807325, 0.521000000389904,0,0,27.8,0.0,1
6221,1776086320.9653697,0.09683999996923376, 0.4299329998502799,0,0,27.8,0.0,1
6222,1776086320.9970658,0.03895800000464078, 0.388834999739629,0,0,27.8,0.0,1
6223,1776086321.0249274,0.03982199996244162, 0.43191600025238586,0,0,27.8,0.0,1
6224,1776086321.0543983,0.09644800002206466, 0.441133000094851,0,0,27.8,0.0,1
6225,1776086321.0842307,0.1079399999071029, 0.41870899985951837,0,0,27.8,0.0,1
6226,1776086321.1141255,0.04015600006823661, 0.4680019997067575,0,0,27.8,0.0,1
6227,1776086321.142999,0.041276000047218986, 0.34558499964987277,0,0,27.8,0.0,1
6228,1776086321.1727374,0.0666070000079344, 0.3471669997452409,0,0,27.8,0.0,1
6229,1776086321.2027888,0.04702200021711178, 0.36501999966276344,0,0,27.8,0.0,1
6230,1776086321.2327363,0.06145099996501813, 0.36340399992695893,0,0,27.8,0.0,1
6231,1776086321.262653,0.04043300032208208, 0.35956200008513406,0,0,27.8,0.0,1
6232,1776086321.2915945,0.04313099998398684, 0.375530999917828,0,0,27.8,0.0,1
6233,1776086321.3214498,0.0473019999844837, 0.4092989997843688,0,0,27.8,0.0,1
6234,1776086321.3515942,0.05989100009173853, 0.43601600009424146,0,0,27.8,0.0,1
6235,1776086321.3807752,0.06644299992331071, 0.37094500021339627,0,0,27.8,0.0,1
6236,1776086321.4105544,0.04878700019617099, 0.3743799998119357,0,0,27.8,0.0,1
6237,1776086321.4405067,0.04687299997385708, 0.3624760001912364,0,0,27.8,0.0,1
6238,1776086321.4699385,0.04243700004735729, 0.34677500025281915,0,0,27.8,0.0,1
6239,1776086321.4999642,0.04221600011078408, 0.33732800011421205,0,0,27.8,0.0,1
6239,1776086321.5618932,32.78445600017221, 0.27798599967354676,13,13,27.8,0.0,0
6240,1776086321.5777955,14.059450000331708, 0.2504409999346535,22,0,27.8,0.0,0
6241,1776086321.6108398,20.01336800003628, 0.33058400003938004,26,20,27.8,0.0,0
6242,1776086321.637852,18.3934980000231, 0.3290480003670382,25,20,27.8,0.0,0
6243,1776086321.9266305,20.65495600027134, 257.6970100003564,19,17,27.8,0.0,0
6245,1776086321.9309435,0.8418570000685577, 0.17939300005309633,0,17,27.8,0.0,1
6246,1776086321.946876,1.0292970000591595, 0.36262499997974373,0,12,27.8,0.0,1
6247,1776086321.9760842,0.7822369998393697, 0.3439250003793859,0,9,27.8,0.0,1
6248,1776086322.0072072,1.9628019999800017, 0.3903030001310981,0,0,27.8,0.0,1
6249,1776086322.039144,0.036329000067780726, 0.2606329999252921,0,0,27.8,0.0,1
6250,1776086322.0649393,0.04716399962489959, 0.33721099998729187,0,0,27.8,0.0,1
6251,1776086322.0946763,0.05583400024988805, 0.3065649998461595,0,0,27.8,0.0,1
6252,1776086322.1241775,0.043272999846522, 0.34217300026284647,0,0,27.8,0.0,1
6253,1776086322.1541138,0.04831500018553925, 0.35912600014853524,0,0,27.8,0.0,1
6254,1776086322.1851492,0.042842999846470775, 0.3134730000056152,0,0,27.8,0.0,1
6255,1776086322.2131405,0.04370599981484702, 0.33215299981748103,0,0,27.8,0.0,1
6256,1776086322.2433703,0.054337000165105565, 0.3797750000558153,0,0,27.8,0.0,1
6257,1776086322.2728338,0.04716600005849614, 0.34141200012527406,0,0,27.8,0.0,1
6258,1776086322.3022935,0.044720999994751764, 0.33086499979617656,0,0,27.8,0.0,1
6259,1776086322.3321419,0.04416699994180817, 0.33860399980767397,0,0,27.8,0.0,1
6260,1776086322.3619387,0.04640600036509568, 0.3392949997760297,0,0,27.8,0.0,1
6261,1776086322.3917599,0.04254500026945607, 0.34541400009402423,0,0,27.8,0.0,1
6262,1776086322.4215364,0.04704399998445297, 0.3386739999768906,0,0,27.8,0.0,1
6263,1776086322.451661,0.040889999581850134, 0.3327859999444627,0,0,27.8,0.0,1
6264,1776086322.480852,0.045542000407294836, 0.3427080000619753,0,0,27.8,0.0,1
6265,1776086322.510272,0.04431300021678908, 0.3334269999868411,0,0,27.8,0.0,1
6266,1776086322.5400388,0.042268000015610596, 0.34121099997719284,0,0,27.8,0.0,1
6267,1776086322.570159,0.04302599973016186, 0.44836699998995755,0,0,27.8,0.0,1
6268,1776086322.5999374,0.09622900006434065, 0.4287029996703495,0,0,27.8,0.0,1
6269,1776086322.6292918,0.045774000227538636, 0.4171290001977468,0,0,27.8,0.0,1
6270,1776086322.659242,0.04166200005784049, 0.41554700010237866,0,0,27.8,0.0,1
6271,1776086322.689537,0.11666599993986893, 0.4228249999869149,0,0,27.8,0.0,1
6272,1776086322.7184606,0.040842000089469366, 0.4479940002966032,0,0,27.8,0.0,1
6273,1776086322.7481604,0.04032299966638675, 0.4346139999142906,0,0,27.8,0.0,1
6274,1776086322.7799063,0.08290799996757414, 0.3593820001697168,0,0,27.8,0.0,1
6275,1776086322.8078222,0.05468799963637139, 0.42159199983871076,0,0,27.8,0.0,1
6276,1776086322.8373096,0.04312800001571304, 0.4084550000698073,0,0,27.8,0.0,1
6277,1776086322.8671842,0.04151299981458578, 0.4160130001764628,0,0,27.8,0.0,1
6278,1776086322.8969707,0.04181499980404624, 0.4205089999231859,0,0,27.8,0.0,1
6278,1776086322.955167,28.747535000093194, 0.339127000188455,25,20,27.8,0.0,0
6279,1776086323.0047514,22.13964600014151, 0.301278000279126,25,0,27.8,0.0,0
6280,1776086323.0214813,14.678298000035284, 0.3821020000032149,29,20,27.8,0.0,0
6281,1776086323.037077,13.426119000087056, 0.34968099998877733,28,20,27.8,0.0,0
6282,1776086323.320733,14.01243100008287, 261.7562039999939,28,14,27.8,0.0,0
6284,1776086323.3264172,0.9428509997633228, 0.3650500002549961,0,14,27.8,0.0,1
6285,1776086323.344564,1.1072749998675135, 0.40760699994280003,0,11,27.8,0.0,1
6286,1776086323.374795,2.6616929999363492, 0.36982899973736494,0,9,27.8,0.0,1
6287,1776086323.407616,0.539856999694166, 0.3606010000112292,0,0,27.8,0.0,1
6288,1776086323.4318316,0.04344300032244064, 0.4205650002404582,0,0,27.8,0.0,1
6289,1776086323.4613748,0.0403230001211341, 0.43216199992457405,0,0,27.8,0.0,1
6290,1776086323.4913085,0.10495100013940828, 0.43393199985075626,0,0,27.8,0.0,1
6291,1776086323.5210764,0.042270999983884394, 0.43100199991386035,0,0,27.8,0.0,1
6292,1776086323.5504863,0.04169200019532582, 0.42193999979645014,0,0,27.8,0.0,1
6293,1776086323.5806139,0.04018799972982379, 0.41289999990112847,0,0,27.8,0.0,1
6294,1776086323.6100197,0.09838500000114436, 0.4155439996793575,0,0,27.8,0.0,1
6295,1776086323.6398616,0.03950499967686483, 0.4187110002931149,0,0,27.8,0.0,1
6296,1776086323.6711054,0.03577400002541253, 0.3534839997882955,0,0,27.8,0.0,1
6297,1776086323.6990705,0.039479999941249844, 0.4189440001027833,0,0,27.8,0.0,1
6298,1776086323.7289371,0.04373199999463395, 0.4081010001755203,0,0,27.8,0.0,1
6299,1776086323.7584102,0.09527400015940657, 0.4232730002513563,0,0,27.8,0.0,1
6300,1776086323.7882292,0.040269999772135634, 0.41888399982781266,0,0,27.8,0.0,1
6301,1776086323.8182132,0.038327999845932936, 0.4604079999808164,0,0,27.8,0.0,1
6302,1776086323.847864,0.03966699978263932, 0.41864100012389827,0,0,27.8,0.0,1
6303,1776086323.877282,0.09038299958774587, 0.41344900000694906,0,0,27.8,0.0,1
6304,1776086323.9076195,0.09068500003195368, 0.40014299975155154,0,0,27.8,0.0,1
6305,1776086323.9378314,0.10318199974790332, 0.38828100014143274,0,0,27.8,0.0,1
6306,1776086323.966314,0.044407999666873366, 0.41876700015563983,0,0,27.8,0.0,1
6307,1776086323.9967763,0.09297099995819735, 0.42990999963876675,0,0,27.8,0.0,1
6308,1776086324.0265043,0.045075999878463335, 0.5023949997848831,0,0,27.8,0.0,1
6309,1776086324.0559337,0.04111699990971829, 0.4767830000673712,0,0,27.8,0.0,1
6310,1776086324.0852904,0.09339600001112558, 0.413509999816597,0,0,27.8,0.0,1
6311,1776086324.1150608,0.0382339999305259, 0.4210179999972752,0,0,27.8,0.0,1
6312,1776086324.145447,0.04754700012199464, 0.43928300010520616,0,0,27.8,0.0,1
6313,1776086324.1751943,0.03821599966613576, 0.4632590002984216,0,0,27.8,0.0,1
6314,1776086324.2041876,0.03896099997291458, 0.4103999999642838,0,0,27.8,0.0,1
6315,1776086324.2343934,0.0473779996355006, 0.4469300001801457,0,0,27.8,0.0,1
6316,1776086324.2657437,0.04835500021727057, 0.34719999985100003,0,0,27.8,0.0,1
6317,1776086324.2932794,0.09474199987380416, 0.4131689997848298,0,0,27.8,0.0,1
6317,1776086324.354541,31.59355100024186, 0.3299709997008904,16,16,27.8,0.0,0
6318,1776086324.3890994,20.942178000041167, 0.2781560001494654,14,0,27.8,0.0,0
6319,1776086324.4050076,14.043055999991338, 0.3312349999760045,19,19,27.8,0.0,0
6320,1776086324.4296482,15.376156999991508, 0.36732699982167105,17,20,27.8,0.0,0
6321,1776086324.7162817,18.602419000217196, 256.35661900014384,17,12,27.8,0.0,0
6323,1776086324.7217185,0.8831300001475029, 0.3090939999310649,0,12,27.8,0.0,1
6324,1776086324.7402737,0.984505999895191, 0.43264900023132213,0,9,27.8,0.0,1
6325,1776086324.7701533,0.7911549996606482, 0.40244599995276076,0,7,27.8,0.0,1
6326,1776086324.8007061,2.3902019997876778, 0.41883799985953374,0,0,27.8,0.0,1
6327,1776086324.833202,0.06859800032543717, 0.27499799989527673,0,0,27.8,0.0,1
6328,1776086324.8598738,0.03734600022653467, 0.3598779999265389,0,0,27.8,0.0,1
6329,1776086324.8882654,0.1017429999592423, 0.4721570003312081,0,0,27.8,0.0,1
6330,1776086324.9173908,0.043542000184970675, 0.4363259999990987,0,0,27.8,0.0,1
6331,1776086324.9476259,0.04779700020662858, 0.49277000016445527,0,0,27.8,0.0,1
6332,1776086324.977026,0.04050500001540058, 0.4227090003041667,0,0,27.8,0.0,1
6333,1776086325.0065022,0.04199399973003892, 0.4229950000080862,0,0,27.8,0.0,1
6334,1776086325.0362403,0.08972099976745085, 0.4361129999779223,0,0,27.8,0.0,1
6335,1776086325.066112,0.04198299984636833, 0.422783999965759,0,0,27.8,0.0,1
6336,1776086325.0963976,0.10713800020312192, 0.40082400028040865,0,0,27.8,0.0,1
6337,1776086325.1261277,0.037557000268861884, 0.3941560003113409,0,0,27.8,0.0,1
6338,1776086325.1551163,0.04309599989937851, 0.4305989996282733,0,0,27.8,0.0,1
6339,1776086325.185018,0.04312700002628844, 0.4133689999434864,0,0,27.8,0.0,1
6340,1776086325.2147806,0.039928000205691205, 0.435689000369166,0,0,27.8,0.0,1
6341,1776086325.244216,0.04122399968764512, 0.41746900024008937,0,0,27.8,0.0,1
6342,1776086325.2740314,0.042440000015631085, 0.4262859997652413,0,0,27.8,0.0,1
6343,1776086325.3042877,0.1056179999068263, 0.45776000024488894,0,0,27.8,0.0,1
6344,1776086325.3335183,0.042270999983884394, 0.40355200007979874,0,0,27.8,0.0,1
6345,1776086325.3637958,0.03934200003641308, 0.4651249996641127,0,0,27.8,0.0,1
6346,1776086325.3934827,0.04936000004818197, 0.4523610000433109,0,0,27.8,0.0,1
6347,1776086325.4228628,0.11146800034111948, 0.41891800037774374,0,0,27.8,0.0,1
6348,1776086325.4540887,0.07699099978708546, 0.3588330000638962,0,0,27.8,0.0,1
6349,1776086325.4819818,0.03965700034314068, 0.42297399977542227,0,0,27.8,0.0,1
6350,1776086325.5118878,0.04358199976195465, 0.4140470000493224,0,0,27.8,0.0,1
6351,1776086325.5413222,0.09234399976776331, 0.4091219998372253,0,0,27.8,0.0,1
6352,1776086325.5712726,0.041679999867483275, 0.40398999999524676,0,0,27.8,0.0,1
6353,1776086325.6009824,0.04068399994139327, 0.4107130002921622,0,0,27.8,0.0,1
6354,1776086325.630378,0.04102100001546205, 0.4332290000093053,0,0,27.8,0.0,1
6355,1776086325.6602106,0.09444800025448785, 0.41865999992296565,0,0,27.8,0.0,1
6356,1776086325.690554,0.04581599978337181, 0.3874399999403977,0,0,27.8,0.0,1
6356,1776086325.7513156,30.748017999940203, 0.2944859998024185,10,10,27.8,0.0,0
6357,1776086325.8006032,22.52404099999694, 0.2641030000631872,16,0,27.8,0.0,0
6358,1776086325.8171408,14.720981999744254, 0.3283430000919907,15,15,27.8,0.0,0
6359,1776086325.8328931,13.724489000196627, 0.3555590001269593,19,20,27.8,0.0,0
6360,1776086326.1110632,13.136434999978519, 261.0409849999087,21,14,27.8,0.0,0
6362,1776086326.1166754,1.0177359999943292, 0.3189819999533938,0,14,27.8,0.0,1
6363,1776086326.137112,1.1359810000612924, 0.4309659998398274,0,11,27.8,0.0,1
6364,1776086326.1684358,2.8024350003761356, 0.39392300004692515,0,9,27.8,0.0,1
6365,1776086326.200643,0.5498810000972298, 0.3622159997576091,0,0,27.8,0.0,1
6366,1776086326.225153,0.04138000031161937, 0.4739159999189724,0,0,27.8,0.0,1
6367,1776086326.2550488,0.0793969998085231, 0.38562300005651196,0,0,27.8,0.0,1
6368,1776086326.2842581,0.09613199972591246, 0.4327270003159356,0,0,27.8,0.0,1
6369,1776086326.314031,0.04437000006873859, 0.43618800009426195,0,0,27.8,0.0,1
6370,1776086326.3462422,0.037399999655463034, 0.39193700013129273,0,0,27.8,0.0,1
6371,1776086326.37334,0.09170900011667982, 0.41263599996455014,0,0,27.8,0.0,1
6372,1776086326.4036431,0.043308999920554925, 0.4907229999844276,0,0,27.8,0.0,1
6373,1776086326.4333863,0.04869500025961315, 0.49747600041882833,0,0,27.8,0.0,1
6374,1776086326.4632654,0.043059999825345585, 0.49984400038738386,0,0,27.8,0.0,1
6375,1776086326.4922724,0.038452999888249906, 0.4201959995953075,0,0,27.8,0.0,1
6376,1776086326.522028,0.04198400029054028, 0.4297649998079578,0,0,27.8,0.0,1
6377,1776086326.551881,0.056990000302903354, 0.40782399992167484,0,0,27.8,0.0,1
6378,1776086326.5819554,0.04002900004707044, 0.38031300027796533,0,0,27.8,0.0,1
6379,1776086326.6119435,0.037276000057318015, 0.37964900002407376,0,0,27.8,0.0,1
6380,1776086326.6410294,0.04191100015304983, 0.4187120002825395,0,0,27.8,0.0,1
6381,1776086326.6709666,0.043758999709098134, 0.48437800023748423,0,0,27.8,0.0,1
6382,1776086326.700404,0.10010400001192465, 0.42817499979719287,0,0,27.8,0.0,1
6383,1776086326.730144,0.10338599986425834, 0.41915400015568594,0,0,27.8,0.0,1
6384,1776086326.7602963,0.04514400006883079, 0.5104599999867787,0,0,27.8,0.0,1
6385,1776086326.7893252,0.04177799974058871, 0.42911399987133336,0,0,27.8,0.0,1
6386,1776086326.8197641,0.04227799990985659, 0.419562000388396,0,0,27.8,0.0,1
6387,1776086326.8494568,0.09722899994812906, 0.4153039999437169,0,0,27.8,0.0,1
6388,1776086326.87887,0.041618000068410765, 0.46270599978015525,0,0,27.8,0.0,1
6389,1776086326.9086745,0.04438299993125838, 0.4947560000800877,0,0,27.8,0.0,1
6390,1776086326.9399292,0.03379500003575231, 0.3589240000110294,0,0,27.8,0.0,1
6391,1776086326.967925,0.04179200004728045, 0.4123869998693408,0,0,27.8,0.0,1
6392,1776086326.9974763,0.04115999990972341, 0.4322989998399862,0,0,27.8,0.0,1
6393,1776086327.0272436,0.042349000068497844, 0.4307449999032542,0,0,27.8,0.0,1
6394,1776086327.0571027,0.03947400000470225, 0.41558099974281504,0,0,27.8,0.0,1
6395,1776086327.087205,0.10386200028733583, 0.45957700012877467,0,0,27.8,0.0,1
6395,1776086327.1479805,31.929213000239542, 0.317555000037828,24,20,27.8,0.0,0
6396,1776086327.189615,22.071426000366046, 0.30413000013140845,24,0,27.8,0.0,0
6397,1776086327.2058365,14.255300000058924, 0.33816999984992435,24,20,27.8,0.0,0
6398,1776086327.221337,13.291343000219058, 0.35823200005324907,20,20,27.8,0.0,0
6399,1776086327.5108385,15.443220999713958, 261.3523630002419,18,12,27.8,0.0,0
6401,1776086327.5159557,0.88370000003124, 0.3481529997770849,0,12,27.8,0.0,1
6402,1776086327.5348687,0.8209549996536225, 0.3801240000029793,0,8,27.8,0.0,1
6403,1776086327.5627882,0.7905839997874864, 0.40743199997450574,0,6,27.8,0.0,1
6404,1776086327.5942671,2.3495519999414682, 0.4379860001790803,0,0,27.8,0.0,1
6405,1776086327.626252,0.03480299983493751, 0.31082500026968773,0,0,27.8,0.0,1
6406,1776086327.6511974,0.04213300007904763, 0.4278409996913979,0,0,27.8,0.0,1
6407,1776086327.6810842,0.04503499985730741, 0.42308799993406865,0,0,27.8,0.0,1
6408,1776086327.710823,0.041122999846265884, 0.4182750003565161,0,0,27.8,0.0,1
6409,1776086327.7402751,0.09595999972589198, 0.4199449999759963,0,0,27.8,0.0,1
6410,1776086327.7706327,0.04532799994194647, 0.40043200033323956,0,0,27.8,0.0,1
6411,1776086327.8008153,0.09707500021249871, 0.38506500004586997,0,0,27.8,0.0,1
6412,1776086327.8294442,0.04075700007888372, 0.4211219998069282,0,0,27.8,0.0,1
6413,1776086327.8593936,0.040191999687522184, 0.421114999880956,0,0,27.8,0.0,1
6414,1776086327.8890927,0.06049700004950864, 0.41069200005949824,0,0,27.8,0.0,1
6415,1776086327.9189003,0.04104799972992623, 0.4615719999492285,0,0,27.8,0.0,1
6416,1776086327.9483209,0.04363599964563036, 0.41921599995475844,0,0,27.8,0.0,1
6417,1776086327.9787567,0.13464999983625603, 0.5438609996417654,0,0,27.8,0.0,1
6418,1776086328.0081644,0.09603699982108083, 0.4326670000409649,0,0,27.8,0.0,1
6419,1776086328.0377998,0.03674400022646296, 0.45532000012826757,0,0,27.8,0.0,1
6420,1776086328.0672448,0.03881899965563207, 0.42580699982863734,0,0,27.8,0.0,1
6421,1776086328.0970848,0.04322499989939388, 0.4076939999322349,0,0,27.8,0.0,1
6422,1776086328.1287029,0.03780699989874847, 0.37053000005471404,0,0,27.8,0.0,1
6423,1776086328.1562889,0.09084700013772817, 0.42161399960605195,0,0,27.8,0.0,1
6424,1776086328.1861656,0.09857899976850604, 0.40724300015426707,0,0,27.8,0.0,1
6425,1776086328.2163415,0.1048409999384603, 0.43562000018937397,0,0,27.8,0.0,1
6426,1776086328.24559,0.06795800027248333, 0.4213099996377423,0,0,27.8,0.0,1
6427,1776086328.2752047,0.043030999677284854, 0.43363600025259075,0,0,27.8,0.0,1
6428,1776086328.3050997,0.04407099959280458, 0.4057740002281207,0,0,27.8,0.0,1
6429,1776086328.3349185,0.04302299976188806, 0.4160389999015024,0,0,27.8,0.0,1
6430,1776086328.364775,0.049792000027082395, 0.3810680000242428,0,0,27.8,0.0,1
6431,1776086328.3949587,0.03945800017390866, 0.3756549999707204,0,0,27.8,0.0,1
6432,1776086328.4239855,0.0396199998249358, 0.419246999626921,0,0,27.8,0.0,1
6433,1776086328.453413,0.08919899983084179, 0.42299799997636,0,0,27.8,0.0,1
6434,1776086328.4835765,0.04434299989952706, 0.49441199962529936,0,0,27.8,0.0,1
6434,1776086328.5448377,31.793325999842637, 0.33308399997622473,25,20,27.8,0.0,0
6435,1776086328.5599432,13.154734000181634, 0.27914599968426046,25,0,27.8,0.0,0
6436,1776086328.5884404,17.628338000122312, 0.3724170001078164,20,20,27.8,0.0,0
6437,1776086328.6199155,18.69555700022829, 0.35884499993699137,23,20,27.8,0.0,0
6438,1776086328.9088073,19.720882999990863, 258.1981039998027,23,18,27.8,0.0,0
6440,1776086328.9144244,1.1378680001143948, 0.38563799989788095,0,18,27.8,0.0,1
6441,1776086328.9306087,1.344625999990967, 0.4538759999377362,0,14,27.8,0.0,1
6442,1776086328.9618208,2.9874260003452946, 0.3726059999280551,0,12,27.8,0.0,1
6443,1776086328.9938598,0.6005519999234821, 0.34304199971302296,0,0,27.8,0.0,1
6444,1776086329.0200002,0.03754699991986854, 0.36727099995914614,0,0,27.8,0.0,1
6445,1776086329.0480113,0.044268999772612005, 0.4266149999239133,0,0,27.8,0.0,1
6446,1776086329.0780182,0.042516999656072585, 0.4613490000338061,0,0,27.8,0.0,1
6447,1776086329.107627,0.11408000000301399, 0.43524800003069686,0,0,27.8,0.0,1
6448,1776086329.137533,0.10072499981106375, 0.44775300011679064,0,0,27.8,0.0,1
6449,1776086329.1669097,0.0399380000999372, 0.4223230002935452,0,0,27.8,0.0,1
6450,1776086329.1964016,0.03959000014219782, 0.431858999945689,0,0,27.8,0.0,1
6451,1776086329.2261045,0.04103899982510484, 0.4233879999446799,0,0,27.8,0.0,1
6452,1776086329.2565408,0.09797100028663408, 0.42113400013477076,0,0,27.8,0.0,1
6453,1776086329.2870715,0.09492399976807064, 0.41318800003864453,0,0,27.8,0.0,1
6454,1776086329.315333,0.1013470000543748, 0.4048259997944115,0,0,27.8,0.0,1
6455,1776086329.345068,0.10557299992797198, 0.4125689997636073,0,0,27.8,0.0,1
6456,1776086329.3748672,0.043480999920575414, 0.42916200027320883,0,0,27.8,0.0,1
6457,1776086329.404366,0.09779699985301704, 0.43121899989273516,0,0,27.8,0.0,1
6458,1776086329.4342506,0.03950700011046138, 0.4187859999547072,0,0,27.8,0.0,1
6459,1776086329.4639535,0.10272100007568952, 0.4116459999750077,0,0,27.8,0.0,1
6460,1776086329.4936256,0.09416900002179318, 0.3945440003008116,0,0,27.8,0.0,1
6461,1776086329.5240462,0.1052369998433278, 0.40672499972060905,0,0,27.8,0.0,1
6462,1776086329.5531301,0.0416460002270469, 0.4176200000074459,0,0,27.8,0.0,1
6463,1776086329.5828822,0.04022900020572706, 0.4106149999643094,0,0,27.8,0.0,1
6464,1776086329.6142771,0.035323000247444725, 0.3591019999475975,0,0,27.8,0.0,1
6465,1776086329.6421392,0.10269399990647798, 0.4385549996186455,0,0,27.8,0.0,1
6466,1776086329.6721199,0.04123899998376146, 0.468488000024081,0,0,27.8,0.0,1
6467,1776086329.7017455,0.040918999729910865, 0.4220179998810636,0,0,27.8,0.0,1
6468,1776086329.7317996,0.10511700020288117, 0.41069500002777204,0,0,27.8,0.0,1
6469,1776086329.7611141,0.10231799979010248, 0.4090050001650525,0,0,27.8,0.0,1
6470,1776086329.7898629,0.03905299990947242, 0.29291400005604373,0,0,27.8,0.0,1
6471,1776086329.8203075,0.0939059996198921, 0.4077339999639662,0,0,27.8,0.0,1
6472,1776086329.8510745,0.041820000205916585, 0.42235599994455697,0,0,27.8,0.0,1
6473,1776086329.8813646,0.0957580000431335, 0.41664600030344445,0,0,27.8,0.0,1
6473,1776086329.940941,31.259409000085725, 0.33367700007147505,27,20,27.8,0.0,0
6474,1776086329.9854171,23.25721999977759, 0.31022699977256707,28,0,27.8,0.0,0
6475,1776086330.002105,14.850671000203874, 0.35532099991542054,29,20,27.8,0.0,0
6476,1776086330.0177698,13.667989000168745, 0.3343640000821324,25,20,27.8,0.0,0
6477,1776086330.302552,13.957215000118595, 262.1274580001227,29,16,27.8,0.0,0
6479,1776086330.30809,1.082494999991468, 0.34585699995659525,0,16,27.8,0.0,1
6480,1776086330.3270996,1.2304970000514004, 0.42411700042066514,0,13,27.8,0.0,1
6481,1776086330.3561985,1.1072580000472954, 0.397990000237769,0,12,27.8,0.0,1
6482,1776086330.3878586,2.80877099976351, 0.4572559996631753,0,0,27.8,0.0,1
6483,1776086330.4199193,0.034218999644508585, 0.27762800027630874,0,0,27.8,0.0,1
6484,1776086330.444785,0.11951200031035114, 0.37755699986519176,0,0,27.8,0.0,1
6485,1776086330.4749975,0.09107599998969818, 0.38681799969708663,0,0,27.8,0.0,1
6486,1776086330.5040388,0.043792000269604614, 0.424318000113999,0,0,27.8,0.0,1
6487,1776086330.534129,0.08570799991503009, 0.45397599978969083,0,0,27.8,0.0,1
6488,1776086330.563429,0.043043000005127396, 0.43679200007318286,0,0,27.8,0.0,1
6489,1776086330.5934916,0.05101299984744401, 0.5026200001339021,0,0,27.8,0.0,1
6490,1776086330.6231537,0.04717399997389293, 0.42618199995558825,0,0,27.8,0.0,1
6491,1776086330.6527755,0.10608299999148585, 0.4421250000632426,0,0,27.8,0.0,1
6492,1776086330.6822968,0.1080089996321476, 0.42987999995602877,0,0,27.8,0.0,1
6493,1776086330.71245,0.04134500022701104, 0.4132640001444088,0,0,27.8,0.0,1
6494,1776086330.7418935,0.039401000321959145, 0.4687450000346871,0,0,27.8,0.0,1
6495,1776086330.7712293,0.09612800022296142, 0.42001599967989023,0,0,27.8,0.0,1
6496,1776086330.8029802,0.0797889997556922, 0.3153559996462718,0,0,27.8,0.0,1
6497,1776086330.8309352,0.03870799992000684, 0.4130109996367537,0,0,27.8,0.0,1
6498,1776086330.860365,0.09411499968337012, 0.41599399992264807,0,0,27.8,0.0,1
6499,1776086330.890158,0.04044500019517727, 0.41572200007067295,0,0,27.8,0.0,1
6500,1776086330.9204893,0.10863099987545866, 0.44610899976760265,0,0,27.8,0.0,1
6501,1776086330.9498901,0.03762699998333119, 0.46904700002414756,0,0,27.8,0.0,1
6502,1776086330.9795916,0.04671399983635638, 0.529881000147725,0,0,27.8,0.0,1
6503,1776086331.0091105,0.1042959997903381, 0.4024810000373691,0,0,27.8,0.0,1
6504,1776086331.039441,0.04190600020592683, 0.46386399981201976,0,0,27.8,0.0,1
6505,1776086331.0691803,0.03785500030062394, 0.3776949997700285,0,0,27.8,0.0,1
6506,1776086331.0981786,0.03757500007850467, 0.41942400002881186,0,0,27.8,0.0,1
6507,1776086331.1283224,0.04765399989992147, 0.42984599986084504,0,0,27.8,0.0,1
6508,1776086331.1577885,0.05387500004871981, 0.4094939999959024,0,0,27.8,0.0,1
6509,1776086331.187707,0.04066000019520288, 0.41923199978555203,0,0,27.8,0.0,1
6510,1776086331.2170737,0.03962800019507995, 0.42364299997643684,0,0,27.8,0.0,1
6511,1776086331.2474575,0.044534000153362285, 0.5024170000069716,0,0,27.8,0.0,1
6512,1776086331.2764616,0.03826400006801123, 0.4326279999986582,0,0,27.8,0.0,1
6512,1776086331.3383343,31.870741000147973, 0.3336559998388111,33,20,27.8,0.0,0
6513,1776086331.3934276,22.447651000220503, 0.2874320002774766,41,0,27.8,0.0,0
6514,1776086331.41648,17.524268999750348, 0.3765229998862196,33,20,27.8,0.0,0
6515,1776086331.441956,16.67683899995609, 0.3593369997361151,28,20,27.8,0.0,0
6516,1776086331.729569,19.6248669999477, 256.5473889999339,32,14,27.8,0.0,0
6518,1776086331.7339377,0.7987559997673088, 0.28690900035144296,0,14,27.8,0.0,1
6519,1776086331.7526736,0.8693039999343455, 0.35105400002066744,0,11,27.8,0.0,1
6520,1776086331.7838888,2.275766000366275, 0.30846699974063085,0,11,27.8,0.0,1
6521,1776086331.8159204,0.5532549998861214, 0.3369379996911448,0,0,27.8,0.0,1
6522,1776086331.841031,0.04832799959331169, 0.3429009998399124,0,0,27.8,0.0,1
6523,1776086331.8709383,0.04278599999452126, 0.3506880002532853,0,0,27.8,0.0,1
6524,1776086331.900255,0.04393199969854322, 0.3406179998819425,0,0,27.8,0.0,1
6525,1776086331.9303186,0.10978999989674776, 0.44338199995763716,0,0,27.8,0.0,1
6526,1776086331.9609165,0.04099200032214867, 0.4027299996778311,0,0,27.8,0.0,1
6527,1776086331.991815,0.09509399978924193, 0.3305269997326832,0,0,27.8,0.0,1
6528,1776086332.019438,0.04122400014239247, 0.4824949996873329,0,0,27.8,0.0,1
6529,1776086332.0492058,0.04243399962433614, 0.4343780001363484,0,0,27.8,0.0,1
6530,1776086332.079028,0.04116099989914801, 0.42012500034616096,0,0,27.8,0.0,1
6531,1776086332.108426,0.0868570000420732, 0.44034799975634087,0,0,27.8,0.0,1
6532,1776086332.1385844,0.10353399966334109, 0.4437169995981094,0,0,27.8,0.0,1
6533,1776086332.1680622,0.06565800003954791, 0.4205649997857108,0,0,27.8,0.0,1
6534,1776086332.198331,0.041184000110661145, 0.4627759999493719,0,0,27.8,0.0,1
6535,1776086332.2277293,0.03664499990918557, 0.39796900000510504,0,0,27.8,0.0,1
6536,1776086332.2571146,0.039199000184453325, 0.4204840001875709,0,0,27.8,0.0,1
6537,1776086332.287179,0.042720000237750355, 0.4194739999547892,0,0,27.8,0.0,1
6538,1776086332.3163753,0.09749500031830394, 0.37518199997066404,0,0,27.8,0.0,1
6539,1776086332.3461378,0.04107999984626076, 0.4277079997336841,0,0,27.8,0.0,1
6540,1776086332.376075,0.042484999994485406, 0.4113670001970604,0,0,27.8,0.0,1
6541,1776086332.4058645,0.041726000290509546, 0.41902900011336897,0,0,27.8,0.0,1
6542,1776086332.4353926,0.04114800003662822, 0.4224980002618395,0,0,27.8,0.0,1
6543,1776086332.4652393,0.03966699978263932, 0.4189729997960967,0,0,27.8,0.0,1
6544,1776086332.4953613,0.10262300020258408, 0.45273900013853563,0,0,27.8,0.0,1
6545,1776086332.5243323,0.046007000037207035, 0.41672599991215975,0,0,27.8,0.0,1
6546,1776086332.555505,0.09341400027551572, 0.4129690000809205,0,0,27.8,0.0,1
6547,1776086332.586327,0.04089099957127473, 0.3811429996858351,0,0,27.8,0.0,1
6548,1776086332.6139588,0.03917200001524179, 0.48946700007945765,0,0,27.8,0.0,1
6549,1776086332.6437044,0.10218399984296411, 0.4448769996088231,0,0,27.8,0.0,1
6550,1776086332.6732059,0.1085579997379682, 0.4144889999224688,0,0,27.8,0.0,1
6551,1776086332.7021077,0.03844299999400391, 0.3457819998402556,0,0,27.8,0.0,1
6551,1776086332.765076,32.90139099999578, 0.276507999842579,13,13,27.8,0.0,0
6552,1776086332.782308,15.432541999871319, 0.24919800034695072,14,0,27.8,0.0,0
6553,1776086332.8135948,20.175518000087322, 0.32018199999583885,14,14,27.8,0.0,0
6554,1776086332.8392212,18.05293300003541, 0.32155700000657816,17,20,27.8,0.0,0
6555,1776086333.1307607,20.489744000315113, 258.65649799970925,18,13,27.8,0.0,0
6557,1776086333.1349103,0.7451440001204901, 0.2023759998337482,0,13,27.8,0.0,1
6558,1776086333.1499283,0.8174700001291058, 0.34489600011511357,0,10,27.8,0.0,1
6559,1776086333.1802158,0.6134989998827223, 0.3113430002485984,0,8,27.8,0.0,1
6560,1776086333.2100186,2.0755370001097617, 0.3749439997591253,0,0,27.8,0.0,1
6561,1776086333.2420526,0.035400999877310824, 0.26075499999933527,0,0,27.8,0.0,1
6562,1776086333.2672164,0.04510400003709947, 0.3340250000292144,0,0,27.8,0.0,1
6563,1776086333.2971168,0.043152999751328025, 0.34502600010455353,0,0,27.8,0.0,1
6564,1776086333.3268666,0.04355200007921667, 0.3406200003155391,0,0,27.8,0.0,1
6565,1776086333.3566964,0.04509700011112727, 0.35864399978891015,0,0,27.8,0.0,1
6566,1776086333.3865244,0.044160000015835976, 0.3388000000086322,0,0,27.8,0.0,1
6567,1776086333.4162579,0.041960000089602545, 0.34225599983983557,0,0,27.8,0.0,1
6568,1776086333.4458227,0.04495700022744131, 0.3463469997768698,0,0,27.8,0.0,1
6569,1776086333.4751656,0.04213800002617063, 0.34004300005108234,0,0,27.8,0.0,1
6570,1776086333.5050874,0.04295000007914496, 0.33852900014608167,0,0,27.8,0.0,1
6571,1776086333.5348673,0.04505300012169755, 0.34240700006193947,0,0,27.8,0.0,1
6572,1776086333.5646987,0.04291200002626283, 0.362929999937478,0,0,27.8,0.0,1
6573,1776086333.59425,0.04523500001596403, 0.3443280002102256,0,0,27.8,0.0,1
6574,1776086333.624033,0.043712000206141965, 0.336128000071767,0,0,27.8,0.0,1
6575,1776086333.6538112,0.04105500011064578, 0.34540300021035364,0,0,27.8,0.0,1
6576,1776086333.683243,0.04491299978326424, 0.3405390002626518,0,0,27.8,0.0,1
6577,1776086333.7131512,0.041932000385713764, 0.41090200011240086,0,0,27.8,0.0,1
6578,1776086333.7435365,0.04681000018535997, 0.3305549998913193,0,0,27.8,0.0,1
6579,1776086333.7741961,0.040778999846224906, 0.3129120000266994,0,0,27.8,0.0,1
6580,1776086333.8021965,0.042657999983930495, 0.33739599984983215,0,0,27.8,0.0,1
6581,1776086333.8319433,0.042253000174241606, 0.3511820000312582,0,0,27.8,0.0,1
6582,1776086333.862301,0.05205000024943729, 0.3955440001846,0,0,27.8,0.0,1
6583,1776086333.8912184,0.044252999941818416, 0.3369439996276924,0,0,27.8,0.0,1
6584,1776086333.921129,0.04395499991005636, 0.334704000124475,0,0,27.8,0.0,1
6585,1776086333.9509373,0.0438179999946442, 0.34275600000910345,0,0,27.8,0.0,1
6586,1776086333.982033,0.05316899978424772, 0.35929400019085733,0,0,27.8,0.0,1
6587,1776086334.0108943,0.04317299999456736, 0.33632300028330064,0,0,27.8,0.0,1
6588,1776086334.0403194,0.04907199991066591, 0.36598699989554007,0,0,27.8,0.0,1
6589,1776086334.0697546,0.06256599999687751, 0.3442060001361824,0,0,27.8,0.0,1
6590,1776086334.0993223,0.04623399991032784, 0.3363299997545255,0,0,27.8,0.0,1
6590,1776086334.1475487,18.633085999681498, 0.27903599993805983,11,11,27.8,0.0,0
6591,1776086334.2106018,24.241074999736156, 0.3451890001997526,11,0,27.8,0.0,0
6592,1776086334.2300463,17.704552999930456, 0.2909200002250145,15,15,27.8,0.0,0
6593,1776086334.2688267,22.243525999783742, 0.30466700036413386,14,17,27.8,0.0,0
6594,1776086334.5416136,13.381096000102843, 257.7727509997203,16,11,27.8,0.0,0
6596,1776086334.545618,0.6780329999855894, 0.25226999969163444,0,11,27.8,0.0,1
6597,1776086334.5759206,0.727966999875207, 0.33655100014584605,0,9,27.8,0.0,1
6598,1776086334.60679,2.0971250000911823, 0.30710199962413753,0,9,27.8,0.0,1
6599,1776086334.6388147,0.4790029997820966, 0.3174579996993998,0,0,27.8,0.0,1
6600,1776086334.665474,0.04134699975111289, 0.317220999932033,0,0,27.8,0.0,1
6601,1776086334.6937735,0.04712700001618941, 0.3500180000628461,0,0,27.8,0.0,1
6602,1776086334.7236407,0.045297000269783894, 0.3560369996193913,0,0,27.8,0.0,1
6603,1776086334.7534099,0.04851599987887312, 0.37550200022451463,0,0,27.8,0.0,1
6604,1776086334.7830038,0.045418999889079714, 0.34257100014656316,0,0,27.8,0.0,1
6605,1776086334.8126645,0.04446599996299483, 0.35199100011595874,0,0,27.8,0.0,1
6606,1776086334.842791,0.04775700017489726, 0.34204199982923456,0,0,27.8,0.0,1
6607,1776086334.871901,0.04425699989951681, 0.3358799999659823,0,0,27.8,0.0,1
6608,1776086334.9025936,0.05175699971005088, 0.3594340000745433,0,0,27.8,0.0,1
6609,1776086334.9319193,0.0409459998991224, 0.3162080001857248,0,0,27.8,0.0,1
6610,1776086334.961441,0.04680800020651077, 0.3745340000023134,0,0,27.8,0.0,1
6611,1776086334.9911113,0.044053000237909146, 0.3411909997339535,0,0,27.8,0.0,1
6612,1776086335.020724,0.05679399964719778, 0.3487139997560007,0,0,27.8,0.0,1
6613,1776086335.0501177,0.04266800033292384, 0.3365079996910936,0,0,27.8,0.0,1
6614,1776086335.0803764,0.04814200019609416, 0.4003779999948165,0,0,27.8,0.0,1
6615,1776086335.109804,0.04465299980438431, 0.33877299983942066,0,0,27.8,0.0,1
6616,1776086335.1393282,0.044628000068769325, 0.33218499993381556,0,0,27.8,0.0,1
6617,1776086335.169445,0.04445300010047504, 0.35509899998942274,0,0,27.8,0.0,1
6618,1776086335.1989384,0.04557000011118362, 0.33925100024134736,0,0,27.8,0.0,1
6619,1776086335.2290256,0.04883900010099751, 0.3707060000124329,0,0,27.8,0.0,1
6620,1776086335.2597318,0.04211000032228185, 0.29257799997139955,0,0,27.8,0.0,1
6621,1776086335.2880194,0.04257199998392025, 0.34060200005114893,0,0,27.8,0.0,1
6622,1776086335.3178258,0.04424899998412002, 0.33717099995556055,0,0,27.8,0.0,1
6623,1776086335.347285,0.046178000047802925, 0.34181999990323675,0,0,27.8,0.0,1
6624,1776086335.3771176,0.046613999984401744, 0.33474199972260976,0,0,27.8,0.0,1
6625,1776086335.40692,0.04256700003679725, 0.34155200000896,0,0,27.8,0.0,1
6626,1776086335.4368083,0.04382299994176719, 0.3406750001886394,0,0,27.8,0.0,1
6627,1776086335.4661853,0.045077999857312534, 0.3354949999447854,0,0,27.8,0.0,1
6628,1776086335.4963717,0.04634999959307606, 0.35141400030624936,0,0,27.8,0.0,1
6629,1776086335.526519,0.042474000110814814, 0.3439900001467322,0,0,27.8,0.0,1
6629,1776086335.5864348,31.15870100009488, 0.32889399972191313,25,20,27.8,0.0,0
6630,1776086335.602842,14.226489000066067, 0.29822299984516576,24,0,27.8,0.0,0
6631,1776086335.638175,21.89455400002771, 0.3396170000087295,24,20,27.8,0.0,0
6632,1776086335.6624815,17.70513800011031, 0.3440039999986766,24,20,27.8,0.0,0
6633,1776086335.9534292,21.124472000337846, 258.2036109997716,21,16,27.8,0.0,0
6635,1776086335.9576418,0.6440289998863591, 0.178600999788614,0,16,27.8,0.0,1
6636,1776086335.971774,0.9009720001813548, 0.3158689996780595,0,13,27.8,0.0,1
6637,1776086336.00206,0.8476089997202507, 0.37133900013941457,0,7,27.8,0.0,1
6638,1776086336.0326521,1.9191369997315633, 0.22832100012237788,0,0,27.8,0.0,1
6639,1776086336.064995,0.03463299981376622, 0.2669220002644579,0,0,27.8,0.0,1
6640,1776086336.0905974,0.04445300010047504, 0.33815799997682916,0,0,27.8,0.0,1
6641,1776086336.1206884,0.054754999837314244, 0.3164210002069012,0,0,27.8,0.0,1
6642,1776086336.149833,0.0475309998364537, 0.3401640001357009,0,0,27.8,0.0,1
6643,1776086336.1796966,0.04492900006880518, 0.363682000170229,0,0,27.8,0.0,1
6644,1776086336.209067,0.04534499976216466, 0.33599700009290245,0,0,27.8,0.0,1
6645,1776086336.2389264,0.04373599995233235, 0.34072699963871855,0,0,27.8,0.0,1
6646,1776086336.2687404,0.05924299966864055, 0.3450069998507388,0,0,27.8,0.0,1
6647,1776086336.2982802,0.04314500029067858, 0.3411599996070436,0,0,27.8,0.0,1
6648,1776086336.3284895,0.05003399974157219, 0.3649619998213893,0,0,27.8,0.0,1
6649,1776086336.3581972,0.04588599995258846, 0.33792600015658536,0,0,27.8,0.0,1
6650,1776086336.3877597,0.07427099990309216, 0.3445830002419825,0,0,27.8,0.0,1
6651,1776086336.417119,0.04318199989938876, 0.3427580004427,0,0,27.8,0.0,1
6652,1776086336.44883,0.042495999878156, 0.3123280002910178,0,0,27.8,0.0,1
6653,1776086336.4767866,0.04308400002628332, 0.34280099998795777,0,0,27.8,0.0,1
6654,1776086336.5062425,0.046685000143043, 0.337448000209406,0,0,27.8,0.0,1
6655,1776086336.536044,0.044022000110999215, 0.3379169997970166,0,0,27.8,0.0,1
6656,1776086336.5659354,0.04741200018543168, 0.3435159997025039,0,0,27.8,0.0,1
6657,1776086336.5952752,0.04348700031187036, 0.34235500015711295,0,0,27.8,0.0,1
6658,1776086336.625147,0.045824000153515954, 0.3387240003576153,0,0,27.8,0.0,1
6659,1776086336.654957,0.04283199996280018, 0.3460009997979796,0,0,27.8,0.0,1
6660,1776086336.6851652,0.04275299988876213, 0.3409759997339279,0,0,27.8,0.0,1
6661,1776086336.7148569,0.04021799986730912, 0.312583999857452,0,0,27.8,0.0,1
6662,1776086336.7440753,0.044220999825483887, 0.3373089998603973,0,0,27.8,0.0,1
6663,1776086336.7738755,0.0469179999527114, 0.3450399999564979,0,0,27.8,0.0,1
6664,1776086336.8036485,0.04712100007964182, 0.35582099962994107,0,0,27.8,0.0,1
6665,1776086336.8331673,0.0428859998464759, 0.3405319998819323,0,0,27.8,0.0,1
6666,1776086336.8629327,0.04623699987860164, 0.3401359999770648,0,0,27.8,0.0,1
6667,1776086336.89312,0.04958399995302898, 0.3819579997070832,0,0,27.8,0.0,1
6668,1776086336.9223232,0.04330000001573353, 0.3368200000295474,0,0,27.8,0.0,1
6668,1776086336.9844956,32.28033999994295, 0.23430200008078828,6,6,27.8,0.0,0
6669,1776086337.0004594,14.228607999939413, 0.23981499998626532,7,0,27.8,0.0,0
6670,1776086337.0338128,20.590115999766567, 0.25723899989316124,9,9,27.8,0.0,0
6671,1776086337.0591297,17.09589199981565, 0.27012100008505513,5,9,27.8,0.0,0
6672,1776086337.3495822,20.348158000160765, 258.44888600022387,6,8,27.8,0.0,0
6674,1776086337.354402,0.2638390001266089, 0.18590600029710913,0,8,27.8,0.0,1
6675,1776086337.3684556,0.5730509997192712, 0.38100199981272453,0,4,27.8,0.0,1
6676,1776086337.3997345,1.8812960001923784, 0.3039509997506684,0,4,27.8,0.0,1
6677,1776086337.432183,0.29506800001399824, 0.29699000015170895,0,0,27.8,0.0,1
6678,1776086337.4570577,0.045060000047669746, 0.3395020003154059,0,0,27.8,0.0,1
6679,1776086337.486941,0.04516399985732278, 0.3323229998386523,0,0,27.8,0.0,1
6680,1776086337.5168166,0.04525300028035417, 0.3460410002844583,0,0,27.8,0.0,1
6681,1776086337.5462837,0.04666399991037906, 0.33473799976491136,0,0,27.8,0.0,1
6682,1776086337.5763988,0.04489599996304605, 0.34662799998841365,0,0,27.8,0.0,1
6683,1776086337.6065075,0.04751999995278311, 0.3290440004093398,0,0,27.8,0.0,1
6684,1776086337.6358533,0.04401799969855347, 0.34071299978677416,0,0,27.8,0.0,1
6685,1776086337.6651497,0.042858000142587116, 0.3394010000192793,0,0,27.8,0.0,1
6686,1776086337.6949039,0.044872999751532916, 0.3409759997339279,0,0,27.8,0.0,1
6687,1776086337.7250333,0.04948900004819734, 0.37573899999188143,0,0,27.8,0.0,1
6688,1776086337.7546408,0.04262299989932217, 0.3601119997256319,0,0,27.8,0.0,1
6689,1776086337.7841237,0.045047000185149955, 0.34253100011483184,0,0,27.8,0.0,1
6690,1776086337.8134158,0.04499599981500069, 0.3852830000141694,0,0,27.8,0.0,1
6691,1776086337.8439558,0.04723699976239004, 0.3577939996830537,0,0,27.8,0.0,1
6692,1776086337.8728883,0.04554599991024588, 0.3405229999771109,0,0,27.8,0.0,1
6693,1776086337.902609,0.04727500027001952, 0.38198199990802095,0,0,27.8,0.0,1
6694,1776086337.9343154,0.03957599983550608, 0.3109839999524411,0,0,27.8,0.0,1
6695,1776086337.962188,0.04470099975151243, 0.3462660001787299,0,0,27.8,0.0,1
6696,1776086337.992547,0.049747000048228074, 0.3844429998025589,0,0,27.8,0.0,1
6697,1776086338.0219135,0.04517399975156877, 0.3400709997549711,0,0,27.8,0.0,1
6698,1776086338.051344,0.0442799996562826, 0.33490099986011046,0,0,27.8,0.0,1
6699,1776086338.0815268,0.04961800004821271, 0.365674000022409,0,0,27.8,0.0,1
6700,1776086338.1109755,0.04471100010050577, 0.34396699993521906,0,0,27.8,0.0,1
6701,1776086338.1408253,0.04368500003693043, 0.34552299985080026,0,0,27.8,0.0,1
6702,1776086338.1706617,0.042022999878099654, 0.3252760002396826,0,0,27.8,0.0,1
6703,1776086338.201038,0.04201899992040126, 0.34734100017885794,0,0,27.8,0.0,1
6704,1776086338.2299047,0.044814999910158804, 0.34147799988204497,0,0,27.8,0.0,1
6705,1776086338.2597342,0.060678999943775125, 0.3423179996389081,0,0,27.8,0.0,1
6706,1776086338.2891445,0.04209100006846711, 0.3403999999136431,0,0,27.8,0.0,1
6707,1776086338.3189683,0.04620399977284251, 0.3451739999036363,0,0,27.8,0.0,1
6707,1776086338.3805983,32.189337000090745, 0.31320800007961225,17,17,27.8,0.0,0
6708,1776086338.3961713,13.731986000038887, 0.2600329999040696,15,0,27.8,0.0,0
6709,1776086338.4319162,21.09870200001751, 0.2832249997481995,13,13,27.8,0.0,0
6710,1776086338.4569416,17.71598699997412, 0.29418399981295806,13,14,27.8,0.0,0
6711,1776086338.7463953,20.886518999759573, 257.49869800029046,14,7,27.8,0.0,0
6713,1776086338.750051,0.5070980000709824, 0.30829799970888416,0,7,27.8,0.0,1
6714,1776086338.764967,0.5707740001525963, 0.33849700002974714,0,7,27.8,0.0,1
6715,1776086338.7950678,0.5078409999441647, 0.3148320001855609,0,6,27.8,0.0,1
6716,1776086338.8258133,1.9744430001082947, 0.3620409997893148,0,0,27.8,0.0,1
6717,1776086338.857834,0.034578999930090504, 0.2637569996295497,0,0,27.8,0.0,1
6718,1776086338.8831258,0.0466009996671346, 0.3825159997177252,0,0,27.8,0.0,1
6719,1776086338.9130776,0.049047999709728174, 0.4046779999953287,0,0,27.8,0.0,1
6720,1776086338.9425344,0.04547099979390623, 0.38235100009842427,0,0,27.8,0.0,1
6721,1776086338.972371,0.04745499973068945, 0.42579999990266515,0,0,27.8,0.0,1
6722,1776086339.0028474,0.04437000006873859, 0.3617630000007921,0,0,27.8,0.0,1
6723,1776086339.032416,0.05020099979446968, 0.3796830001192575,0,0,27.8,0.0,1
6724,1776086339.061381,0.045759999920846894, 0.39465400004701223,0,0,27.8,0.0,1
6725,1776086339.0909512,0.04125399982513045, 0.3486000000521017,0,0,27.8,0.0,1
6726,1776086339.1228416,0.04184199997325777, 0.31779700020706514,0,0,27.8,0.0,1
6727,1776086339.1505175,0.045109999973647064, 0.4132530002607382,0,0,27.8,0.0,1
6728,1776086339.1804972,0.050163000196334906, 0.37739400022474,0,0,27.8,0.0,1
6729,1776086339.2106683,0.04992200001652236, 0.3637240001808095,0,0,27.8,0.0,1
6730,1776086339.24007,0.041990000227087876, 0.33892200008267537,0,0,27.8,0.0,1
6731,1776086339.2699242,0.055900999996083556, 0.35383099975661025,0,0,27.8,0.0,1
6732,1776086339.299298,0.05600199983746279, 0.3823369997917325,0,0,27.8,0.0,1
6733,1776086339.329179,0.04607799974110094, 0.34415599975545774,0,0,27.8,0.0,1
6734,1776086339.3593662,0.042530999962764326, 0.34738300018943846,0,0,27.8,0.0,1
6735,1776086339.3894992,0.04364300002634991, 0.3526850000525883,0,0,27.8,0.0,1
6736,1776086339.418241,0.04454700001588208, 0.3383980001672171,0,0,27.8,0.0,1
6737,1776086339.4480884,0.0436619998254173, 0.3440289997342916,0,0,27.8,0.0,1
6738,1776086339.477904,0.047297000037360704, 0.3389660000721051,0,0,27.8,0.0,1
6739,1776086339.5079567,0.049140999635710614, 0.37905199997112504,0,0,27.8,0.0,1
6740,1776086339.5371213,0.043726000058086356, 0.3409480000300391,0,0,27.8,0.0,1
6741,1776086339.5669398,0.04630700004781829, 0.3494550001050811,0,0,27.8,0.0,1
6742,1776086339.5971565,0.04860600029132911, 0.37638000003425987,0,0,27.8,0.0,1
6743,1776086339.626608,0.03788999993048492, 0.3326980004203506,0,0,27.8,0.0,1
6744,1776086339.656192,0.04580199993142742, 0.33765800026230863,0,0,27.8,0.0,1
6745,1776086339.6858878,0.044657000216830056, 0.3501330002109171,0,0,27.8,0.0,1
6746,1776086339.7175875,0.04147100025875261, 0.3369040000507084,0,0,27.8,0.0,1
6746,1776086339.77799,32.93032699957621, 0.3227679999326938,22,20,27.8,0.0,0
6747,1776086339.8216424,22.577891999844724, 0.3124149998257053,17,0,27.8,0.0,0
6748,1776086339.8388367,15.535345999978745, 0.2729430002545996,12,12,27.8,0.0,0
6749,1776086339.853018,12.41604599999846, 0.2862579999600712,14,15,27.8,0.0,0
6750,1776086340.141755,18.692168000143283, 257.8487480000149,16,9,27.8,0.0,0
6752,1776086340.1454697,0.5769750000581553, 0.31918900003802264,0,9,27.8,0.0,1
6753,1776086340.1611013,0.6643440001425915, 0.33740099979695515,0,8,27.8,0.0,1
6754,1776086340.1926029,2.2375569997166167, 0.3201649997208733,0,8,27.8,0.0,1
6755,1776086340.225176,0.44279899975663284, 0.33087599967984715,0,0,27.8,0.0,1
6756,1776086340.2504325,0.04789300010088482, 0.3701769996951043,0,0,27.8,0.0,1
6757,1776086340.2802856,0.041369999962626025, 0.3376200002094265,0,0,27.8,0.0,1
6758,1776086340.3093884,0.0470710001536645, 0.41218500018658233,0,0,27.8,0.0,1
6759,1776086340.339458,0.051962999805255095, 0.39069199965524604,0,0,27.8,0.0,1
6760,1776086340.3688023,0.0440409999100666, 0.3470370002105483,0,0,27.8,0.0,1
6761,1776086340.398796,0.04886999977316009, 0.3715219995683583,0,0,27.8,0.0,1
6762,1776086340.4283886,0.046702999952685786, 0.3860540000459878,0,0,27.8,0.0,1
6763,1776086340.4579654,0.040782000269246055, 0.35166599991498515,0,0,27.8,0.0,1
6764,1776086340.4878318,0.0479209998047736, 0.41232299963667174,0,0,27.8,0.0,1
6765,1776086340.5180833,0.044254999920667615, 0.3602560000217636,0,0,27.8,0.0,1
6766,1776086340.5478036,0.043044999983976595, 0.3427229999033443,0,0,27.8,0.0,1
6767,1776086340.5770814,0.04592599998431979, 0.34180200009359396,0,0,27.8,0.0,1
6768,1776086340.6083765,0.04125099985685665, 0.34525799992479733,0,0,27.8,0.0,1
6769,1776086340.6362097,0.04658800025936216, 0.38271699986580643,0,0,27.8,0.0,1
6770,1776086340.6660585,0.04250700021657394, 0.37079599997014157,0,0,27.8,0.0,1
6771,1776086340.6956928,0.047061000259418506, 0.4071389998898667,0,0,27.8,0.0,1
6772,1776086340.7253983,0.04741499969895813, 0.41494300012345775,0,0,27.8,0.0,1
6773,1776086340.7551513,0.04543800014289445, 0.38418200028900173,0,0,27.8,0.0,1
6774,1776086340.7847397,0.06316899998637382, 0.34011499974440085,0,0,27.8,0.0,1
6775,1776086340.81451,0.046579999889218016, 0.3970310003751365,0,0,27.8,0.0,1
6776,1776086340.8450625,0.0461390000054962, 0.36223799997969763,0,0,27.8,0.0,1
6777,1776086340.8749235,0.04485099998419173, 0.3641049997895607,0,0,27.8,0.0,1
6778,1776086340.9038622,0.04442199997356511, 0.3598460002649517,0,0,27.8,0.0,1
6779,1776086340.9338446,0.04542199985735351, 0.3582899998946232,0,0,27.8,0.0,1
6780,1776086340.963105,0.046861000100761885, 0.37883799996052403,0,0,27.8,0.0,1
6781,1776086340.9928105,0.04779500022777938, 0.3855989998555742,0,0,27.8,0.0,1
6782,1776086341.0227063,0.046751999889238505, 0.41904199997588876,0,0,27.8,0.0,1
6783,1776086341.052989,0.046702999952685786, 0.36298700024417485,0,0,27.8,0.0,1
6784,1776086341.0827448,0.0635859996691579, 0.3468680001788016,0,0,27.8,0.0,1
6785,1776086341.1124032,0.04302099978303886, 0.35243699994680355,0,0,27.8,0.0,1
6785,1776086341.1764152,34.506512000007206, 0.34312500019950676,20,20,27.8,0.0,0
6786,1776086341.2276702,23.252687999956834, 0.2702629999475903,28,0,27.8,0.0,0
6787,1776086341.251495,19.579717999931745, 0.33494000035716454,25,20,27.8,0.0,0
6788,1776086341.2777233,18.140366999887192, 0.339784000061627,25,20,27.8,0.0,0
6789,1776086341.5694618,21.270735999678436, 258.30323199988925,22,17,27.8,0.0,0
6791,1776086341.5740194,0.9184710002045904, 0.28566299988597166,0,17,27.8,0.0,1
6792,1776086341.5886397,1.0303229996679875, 0.3556269998625794,0,14,27.8,0.0,1
6793,1776086341.6180286,0.8766339997237083, 0.3579509998417052,0,9,27.8,0.0,1
6794,1776086341.6490479,2.0372979997773655, 0.3908880003109516,0,0,27.8,0.0,1
6795,1776086341.681013,0.035105999813822564, 0.26459299988346174,0,0,27.8,0.0,1
6796,1776086341.7069216,0.04350800008978695, 0.3354890000082378,0,0,27.8,0.0,1
6797,1776086341.7364728,0.04399499994178768, 0.34465900034774677,0,0,27.8,0.0,1
6798,1776086341.765952,0.04537999984677299, 0.34108899990314967,0,0,27.8,0.0,1
6799,1776086341.7954786,0.055964000239328016, 0.41056800000660587,0,0,27.8,0.0,1
6800,1776086341.825316,0.042809999740711646, 0.3619379999690864,0,0,27.8,0.0,1
6801,1776086341.8549626,0.04272600017429795, 0.34118800022042706,0,0,27.8,0.0,1
6802,1776086341.8848336,0.048675000016373815, 0.339589999839518,0,0,27.8,0.0,1
6803,1776086341.914638,0.049437000143370824, 0.36511600001176703,0,0,27.8,0.0,1
6804,1776086341.9441671,0.045991999741090694, 0.3341749998071464,0,0,27.8,0.0,1
6805,1776086341.9740055,0.04401300020617782, 0.34389500024190056,0,0,27.8,0.0,1
6806,1776086342.0034404,0.05168000006960938, 0.38911199999347446,0,0,27.8,0.0,1
6807,1776086342.0327914,0.043448000269563636, 0.34545400012575556,0,0,27.8,0.0,1
6808,1776086342.0637412,0.0413319999097439, 0.3283569999439351,0,0,27.8,0.0,1
6809,1776086342.0943825,0.03960699996241601, 0.3262499999436841,0,0,27.8,0.0,1
6810,1776086342.1222637,0.046330999794008676, 0.3507240003273182,0,0,27.8,0.0,1
6811,1776086342.15247,0.047946999984560534, 0.3858640002363245,0,0,27.8,0.0,1
6812,1776086342.181939,0.04877399987890385, 0.3372870000930561,0,0,27.8,0.0,1
6813,1776086342.2117302,0.06493099999715923, 0.35293800010549603,0,0,27.8,0.0,1
6814,1776086342.2411988,0.04341200019553071, 0.33832799999800045,0,0,27.8,0.0,1
6815,1776086342.271063,0.046397000005526934, 0.3421010001147806,0,0,27.8,0.0,1
6816,1776086342.301246,0.04277299967725412, 0.3409539999665867,0,0,27.8,0.0,1
6817,1776086342.3311026,0.04480799998418661, 0.33964400017794105,0,0,27.8,0.0,1
6818,1776086342.3602576,0.0430420000157028, 0.34124500007237657,0,0,27.8,0.0,1
6819,1776086342.3901982,0.04647900004783878, 0.34224999990328797,0,0,27.8,0.0,1
6820,1776086342.4193656,0.04713299995273701, 0.38310099989757873,0,0,27.8,0.0,1
6821,1776086342.4489222,0.04275699984646053, 0.37229700001262245,0,0,27.8,0.0,1
6822,1776086342.4786,0.04736700020657736, 0.37559900010819547,0,0,27.8,0.0,1
6823,1776086342.5084727,0.048969000090437476, 0.4184750000604254,0,0,27.8,0.0,1
6824,1776086342.538738,0.0621859999228036, 0.3664450000542274,0,0,27.8,0.0,1
6824,1776086342.600952,32.80937699992137, 0.28426800008674036,14,14,27.8,0.0,0
6825,1776086342.6162732,13.483947000167973, 0.2511739999135898,13,0,27.8,0.0,0
6826,1776086342.647177,19.237471999986155, 0.28975799978070427,14,14,27.8,0.0,0
6827,1776086342.6775417,19.97907499981011, 0.32924100014497526,13,18,27.8,0.0,0
6828,1776086342.9636106,19.05672999964736, 257.64854899989587,14,10,27.8,0.0,0
6830,1776086342.9688568,0.5778639997515711, 0.27722199956770055,0,10,27.8,0.0,1
6831,1776086342.9861658,0.5948769999122305, 0.32677599983799155,0,6,27.8,0.0,1
6832,1776086343.0156193,2.0001040002171067, 0.3432100002100924,0,5,27.8,0.0,1
6833,1776086343.047971,0.3614759998527006, 0.30203100004655425,0,0,27.8,0.0,1
6834,1776086343.0731618,0.049747000048228074, 0.339221000103862,0,0,27.8,0.0,1
6835,1776086343.102982,0.047541999720124295, 0.3399619999981951,0,0,27.8,0.0,1
6836,1776086343.1329393,0.04407200003697653, 0.34237299996675574,0,0,27.8,0.0,1
6837,1776086343.1626592,0.04354499969849712, 0.3585049998946488,0,0,27.8,0.0,1
6838,1776086343.1925445,0.04936200002703117, 0.32906800015553017,0,0,27.8,0.0,1
6839,1776086343.2223144,0.04345699971963768, 0.3460940001787094,0,0,27.8,0.0,1
6840,1776086343.2518857,0.045914000111224595, 0.3310460001557658,0,0,27.8,0.0,1
6841,1776086343.2812386,0.04382500037536374, 0.3372719997969398,0,0,27.8,0.0,1
6842,1776086343.3111496,0.041714000417414354, 0.34312500019950676,0,0,27.8,0.0,1
6843,1776086343.3407567,0.04523999996308703, 0.3384239998922567,0,0,27.8,0.0,1
6844,1776086343.3710139,0.04553099961412954, 0.3449100004218053,0,0,27.8,0.0,1
6845,1776086343.40017,0.0470660002065415, 0.3362550000929332,0,0,27.8,0.0,1
6846,1776086343.4300265,0.04732899969894788, 0.337905999913346,0,0,27.8,0.0,1
6847,1776086343.459763,0.04317499997341656, 0.3498719997878652,0,0,27.8,0.0,1
6848,1776086343.4892943,0.045636000322701875, 0.32390099977419595,0,0,27.8,0.0,1
6849,1776086343.5190403,0.04107199993086397, 0.3387890001249616,0,0,27.8,0.0,1
6850,1776086343.5496573,0.04007799998362316, 0.3284119998170354,0,0,27.8,0.0,1
6851,1776086343.579821,0.03904999994119862, 0.2896139999393199,0,0,27.8,0.0,1
6852,1776086343.6082165,0.043805000132124405, 0.33944799997698283,0,0,27.8,0.0,1
6853,1776086343.637992,0.04344000035416684, 0.34182699982920894,0,0,27.8,0.0,1
6854,1776086343.668342,0.0504049999108247, 0.37036699995951494,0,0,27.8,0.0,1
6855,1776086343.6971984,0.044752000121661695, 0.3553410001586599,0,0,27.8,0.0,1
6856,1776086343.7271008,0.046070999815128744, 0.3362420002304134,0,0,27.8,0.0,1
6857,1776086343.7570152,0.04401299975143047, 0.34240900004078867,0,0,27.8,0.0,1
6858,1776086343.7871435,0.046751999889238505, 0.33799499988163006,0,0,27.8,0.0,1
6859,1776086343.8165493,0.04425799988894141, 0.34137000011469354,0,0,27.8,0.0,1
6860,1776086343.846016,0.04564099981507752, 0.3443340001467732,0,0,27.8,0.0,1
6861,1776086343.8758762,0.043272999846522, 0.35465599967210437,0,0,27.8,0.0,1
6862,1776086343.9055688,0.05330500016498263, 0.3574310003386927,0,0,27.8,0.0,1
6863,1776086343.9350817,0.04227299996273359, 0.3390289998606022,0,0,27.8,0.0,1
6863,1776086343.999344,34.50505400041948, 0.32516999999643303,20,20,27.8,0.0,0
6864,1776086344.014716,13.469557000007626, 0.2866410000024189,13,0,27.8,0.0,0
6865,1776086344.0439684,18.96430299984786, 0.26629400008459925,10,10,27.8,0.0,0
6866,1776086344.0753736,20.526806999896507, 0.31194799976219656,13,16,27.8,0.0,0
6867,1776086344.3608515,18.969495000419556, 257.6166359999661,8,8,27.8,0.0,0
6869,1776086344.3643713,0.5197850000513426, 0.31176000038612983,0,8,27.8,0.0,1
6870,1776086344.381167,0.6026830001246708, 0.36007600010634633,0,6,27.8,0.0,1
6871,1776086344.4112647,0.5082960001345782, 0.35105699998894124,0,4,27.8,0.0,1
6872,1776086344.441897,1.9343090002621466, 0.3428899999562418,0,0,27.8,0.0,1
6873,1776086344.4741898,0.035647000004246365, 0.26236700023218873,0,0,27.8,0.0,1
6874,1776086344.5001109,0.05177100001674262, 0.37761699968541507,0,0,27.8,0.0,1
6875,1776086344.5291936,0.04760899992106715, 0.3409779997127771,0,0,27.8,0.0,1
6876,1776086344.5591629,0.04356499994173646, 0.3389500002413115,0,0,27.8,0.0,1
6877,1776086344.5889323,0.0457549999737239, 0.3352680000716646,0,0,27.8,0.0,1
6878,1776086344.6188009,0.043663999804266496, 0.34272800030521466,0,0,27.8,0.0,1
6879,1776086344.6482272,0.04418099979375256, 0.335046999680344,0,0,27.8,0.0,1
6880,1776086344.678065,0.04329100011091214, 0.34042400011458085,0,0,27.8,0.0,1
6881,1776086344.7078094,0.045948000206408324, 0.3433910001149343,0,0,27.8,0.0,1
6882,1776086344.738018,0.04162699997323216, 0.3131250000478758,0,0,27.8,0.0,1
6883,1776086344.768641,0.03991799985669786, 0.31732399975226144,0,0,27.8,0.0,1
6884,1776086344.796959,0.045062000026518945, 0.340809999670455,0,0,27.8,0.0,1
6885,1776086344.8267581,0.06107599983806722, 0.35748100026467,0,0,27.8,0.0,1
6886,1776086344.856647,0.04268499969839468, 0.36254900032872683,0,0,27.8,0.0,1
6887,1776086344.8860416,0.04176099992037052, 0.3493990002425562,0,0,27.8,0.0,1
6888,1776086344.9161527,0.05029500016462407, 0.37477700016097515,0,0,27.8,0.0,1
6889,1776086344.945319,0.045124999815016054, 0.33259099973292905,0,0,27.8,0.0,1
6890,1776086344.975807,0.04097500004718313, 0.3155059998789511,0,0,27.8,0.0,1
6891,1776086345.0057595,0.04502199999478762, 0.3451580000728427,0,0,27.8,0.0,1
6892,1776086345.0347662,0.04433999993125326, 0.34469599995645694,0,0,27.8,0.0,1
6893,1776086345.0642428,0.04484100008994574, 0.3409040000406094,0,0,27.8,0.0,1
6894,1776086345.0939991,0.04248300001563621, 0.3438710000409628,0,0,27.8,0.0,1
6895,1776086345.123824,0.041851999867503764, 0.35188199990443536,0,0,27.8,0.0,1
6896,1776086345.15369,0.0430360000791552, 0.3567570001905551,0,0,27.8,0.0,1
6897,1776086345.1831172,0.043991999973513884, 0.3351350001139508,0,0,27.8,0.0,1
6898,1776086345.212988,0.047278999772970565, 0.34081800004059914,0,0,27.8,0.0,1
6899,1776086345.2427197,0.05788999987998977, 0.3461739997874247,0,0,27.8,0.0,1
6900,1776086345.2722056,0.04507099993134034, 0.3401630001462763,0,0,27.8,0.0,1
6901,1776086345.3020673,0.04447999981493922, 0.3432290000091598,0,0,27.8,0.0,1
6902,1776086345.332499,0.04467799999474664, 0.3381880001143145,0,0,27.8,0.0,1
6902,1776086345.3948772,32.136902999809536, 0.25667199997769785,8,8,27.8,0.0,0
6903,1776086345.4515164,23.113851000289287, 0.2801050000016403,6,0,27.8,0.0,0
6904,1776086345.469357,16.226003000156197, 0.22331399986796896,3,3,27.8,0.0,0
6905,1776086345.5025997,21.207463999871834, 0.25666100009402726,5,6,27.8,0.0,0
6906,1776086345.785812,18.204478999905405, 257.5329880000936,7,3,27.8,0.0,0
6908,1776086345.789425,0.30364399981408496, 0.31050400002641254,0,3,27.8,0.0,1
6909,1776086345.8074327,0.32359100032408605, 0.3478269995866867,0,2,27.8,0.0,1
6910,1776086345.838656,1.7147610001302382, 0.30999999989944627,0,2,27.8,0.0,1
6911,1776086345.870062,0.13588799993158318, 0.19079999992754892,0,0,27.8,0.0,1
6912,1776086345.8966157,0.0403949998144526, 0.33543500012456207,0,0,27.8,0.0,1
6913,1776086345.9266999,0.05516700002772268, 0.3077579999626323,0,0,27.8,0.0,1
6914,1776086345.955858,0.046597999698860804, 0.3397479999875941,0,0,27.8,0.0,1
6915,1776086345.9860976,0.05049500032328069, 0.38059100006648805,0,0,27.8,0.0,1
6916,1776086346.0154374,0.04700500039689359, 0.38790000007793424,0,0,27.8,0.0,1
6917,1776086346.0449266,0.04267699978299788, 0.3474840000308177,0,0,27.8,0.0,1
6918,1776086346.0750763,0.05085700013296446, 0.3720979998433904,0,0,27.8,0.0,1
6919,1776086346.1042693,0.044567000259121414, 0.3395789999558474,0,0,27.8,0.0,1
6920,1776086346.1341014,0.04460199988898239, 0.3411929997128027,0,0,27.8,0.0,1
6921,1776086346.1641972,0.04504400021687616, 0.34390900009384495,0,0,27.8,0.0,1
6922,1776086346.1937916,0.04300399996282067, 0.3427159999773721,0,0,27.8,0.0,1
6923,1776086346.2231493,0.043495999761944404, 0.33918299959623255,0,0,27.8,0.0,1
6924,1776086346.2544086,0.03959400009989622, 0.246066000272549,0,0,27.8,0.0,1
6925,1776086346.2827477,0.058399999943503644, 0.34320799977649585,0,0,27.8,0.0,1
6926,1776086346.312612,0.05071699979453115, 0.3717920003509789,0,0,27.8,0.0,1
6927,1776086346.3420684,0.043168000047444366, 0.33980900025198935,0,0,27.8,0.0,1
6928,1776086346.3720155,0.04469800023798598, 0.34242399988215766,0,0,27.8,0.0,1
6929,1776086346.4016256,0.05040900032327045, 0.35359899993636645,0,0,27.8,0.0,1
6930,1776086346.431214,0.045742000111204106, 0.34409299996696063,0,0,27.8,0.0,1
6931,1776086346.460944,0.04578300013236003, 0.34036700026263134,0,0,27.8,0.0,1
6932,1776086346.4911315,0.04237200028001098, 0.34081900003002374,0,0,27.8,0.0,1
6933,1776086346.5209045,0.040532999719289364, 0.31187500007945346,0,0,27.8,0.0,1
6934,1776086346.5500646,0.04686400006903568, 0.3389980001884396,0,0,27.8,0.0,1
6935,1776086346.5801868,0.04744299985759426, 0.3805639998972765,0,0,27.8,0.0,1
6936,1776086346.6092582,0.044271000206208555, 0.34529999993537785,0,0,27.8,0.0,1
6937,1776086346.639136,0.04529900024863309, 0.33343500035698526,0,0,27.8,0.0,1
6938,1776086346.6689794,0.0440439998783404, 0.33851599982881453,0,0,27.8,0.0,1
6939,1776086346.6988099,0.04741200018543168, 0.34180800003014156,0,0,27.8,0.0,1
6940,1776086346.7283387,0.044594999963010196, 0.3306109997538442,0,0,27.8,0.0,1
6941,1776086346.7583303,0.04604200012181536, 0.3394950003894337,0,0,27.8,0.0,1
6941,1776086346.8183613,30.412332999731007, 0.2588049997029884,9,9,27.8,0.0,0
6942,1776086346.8444157,19.88496000012674, 0.24438099990220508,12,0,27.8,0.0,0
6943,1776086346.8695908,17.33674700017218, 0.29926400020485744,14,14,27.8,0.0,0
6944,1776086346.9020452,21.55867199962813, 0.3265119999014132,10,18,27.8,0.0,0
6945,1776086347.1829956,16.675329999998212, 257.4700079999275,9,8,27.8,0.0,0
6947,1776086347.1866431,0.531565000073897, 0.315104000037536,0,8,27.8,0.0,1
6948,1776086347.2037094,0.6244510000215087, 0.3978959998676146,0,4,27.8,0.0,1
6949,1776086347.2336118,0.5075289996057109, 0.4421049998200033,0,2,27.8,0.0,1
6950,1776086347.2646573,1.756050000039977, 0.34974199979842524,0,0,27.8,0.0,1
6951,1776086347.2971878,0.038378000226657605, 0.279367000075581,0,0,27.8,0.0,1
6952,1776086347.3221757,0.04631399997379049, 0.38263900023594033,0,0,27.8,0.0,1
6953,1776086347.3521583,0.04187099966657115, 0.34024000024146517,0,0,27.8,0.0,1
6954,1776086347.3815124,0.045360000058281, 0.37063099989609327,0,0,27.8,0.0,1
6955,1776086347.411257,0.0465260000055423, 0.38539800016224035,0,0,27.8,0.0,1
6956,1776086347.442902,0.04096400016351254, 0.31419500010088086,0,0,27.8,0.0,1
6957,1776086347.470642,0.04083700014234637, 0.3632119996836991,0,0,27.8,0.0,1
6958,1776086347.500451,0.045435000174620654, 0.39037800024743774,0,0,27.8,0.0,1
6959,1776086347.5311155,0.05302399995343876, 0.3945849998672202,0,0,27.8,0.0,1
6960,1776086347.5606272,0.04236499989929143, 0.36260100023355335,0,0,27.8,0.0,1
6961,1776086347.59042,0.04872599993177573, 0.38744300036341883,0,0,27.8,0.0,1
6962,1776086347.61986,0.042609000047377776, 0.3438379999352037,0,0,27.8,0.0,1
6963,1776086347.6499996,0.046999999995023245, 0.3770779999285878,0,0,27.8,0.0,1
6964,1776086347.679858,0.04470900012165657, 0.34064800001942785,0,0,27.8,0.0,1
6965,1776086347.7096071,0.04448199979378842, 0.3218799997739552,0,0,27.8,0.0,1
6966,1776086347.7387776,0.04393900007926277, 0.3393800002413627,0,0,27.8,0.0,1
6967,1776086347.768262,0.045835000037186546, 0.3318530002616171,0,0,27.8,0.0,1
6968,1776086347.7980351,0.042083000153070316, 0.3385970003364491,0,0,27.8,0.0,1
6969,1776086347.827976,0.04602599983627442, 0.34125299998777336,0,0,27.8,0.0,1
6970,1776086347.8577776,0.04547100024865358, 0.3399370002625801,0,0,27.8,0.0,1
6971,1776086347.8871036,0.046578999899793416, 0.3303959997538186,0,0,27.8,0.0,1
6972,1776086347.9172683,0.044520000301417895, 0.3463660000306845,0,0,27.8,0.0,1
6973,1776086347.9471447,0.04476999993130448, 0.34140100024160347,0,0,27.8,0.0,1
6974,1776086347.9762535,0.043121000089740846, 0.33695299998726114,0,0,27.8,0.0,1
6975,1776086348.0064776,0.0502499997310224, 0.3897629999300989,0,0,27.8,0.0,1
6976,1776086348.0377774,0.0422630000684876, 0.31128099999477854,0,0,27.8,0.0,1
6977,1776086348.0656426,0.04421899984663469, 0.35427899956630426,0,0,27.8,0.0,1
6978,1776086348.0951898,0.04266900032234844, 0.3425639997658436,0,0,27.8,0.0,1
6979,1776086348.1249185,0.045341999793890864, 0.33566499996595667,0,0,27.8,0.0,1
6980,1776086348.1547916,0.04762600019603269, 0.34075800022037583,0,0,27.8,0.0,1
6980,1776086348.2027903,18.36609799966027, 0.23950300010255887,8,8,27.8,0.0,0
6981,1776086348.2384908,22.37929400007488, 0.2303259998370777,8,0,27.8,0.0,0
6982,1776086348.2625196,18.32431999991968, 0.2675410000847478,8,8,27.8,0.0,0
6983,1776086348.294289,20.417827000073885, 0.2559150002525712,7,9,27.8,0.0,0
6984,1776086348.5803087,19.803924999905576, 257.1794800001044,7,7,27.8,0.0,0
6986,1776086348.5840085,0.4724489999716752, 0.2865110000129789,0,7,27.8,0.0,1
6987,1776086348.601286,0.5369730001802964, 0.3484469998511486,0,5,27.8,0.0,1
6988,1776086348.6314068,1.862608999999793, 0.3306130001874408,0,4,27.8,0.0,1
6989,1776086348.664183,0.3077289998145716, 0.2949429999716813,0,0,27.8,0.0,1
6990,1776086348.6891,0.04623099994205404, 0.3822160001618613,0,0,27.8,0.0,1
6991,1776086348.7188082,0.04557700003715581, 0.3567710000424995,0,0,27.8,0.0,1
6992,1776086348.7487826,0.07173699987106374, 0.3657459997157275,0,0,27.8,0.0,1
6993,1776086348.7781913,0.04333399965616991, 0.3739020003195037,0,0,27.8,0.0,1
6994,1776086348.8085163,0.04690400010076701, 0.3602010001486633,0,0,27.8,0.0,1
6995,1776086348.8384392,0.04332599974077311, 0.348301000030915,0,0,27.8,0.0,1
6996,1776086348.8680449,0.04490999981499044, 0.3437919999669248,0,0,27.8,0.0,1
6997,1776086348.8974245,0.04798200006916886, 0.3784139998970204,0,0,27.8,0.0,1
6998,1776086348.928331,0.0414920000366692, 0.3043559995603573,0,0,27.8,0.0,1
6999,1776086348.9563997,0.04447699984666542, 0.3725860001395631,0,0,27.8,0.0,1
7000,1776086348.9868207,0.05542399958358146, 0.3920190001736046,0,0,27.8,0.0,1
7001,1776086349.016269,0.04115999990972341, 0.3411269999560318,0,0,27.8,0.0,1
7002,1776086349.0462544,0.04515699993135058, 0.3426110001782945,0,0,27.8,0.0,1
7003,1776086349.075916,0.043197999730182346, 0.35554199985199375,0,0,27.8,0.0,1
7004,1776086349.105827,0.04717999991044053, 0.3457110001363617,0,0,27.8,0.0,1
7005,1776086349.1350956,0.04367500014268444, 0.3362920001563907,0,0,27.8,0.0,1
7006,1776086349.1654027,0.04257000000507105, 0.3428650002206268,0,0,27.8,0.0,1
7007,1776086349.195461,0.04284799979359377, 0.3447220001362439,0,0,27.8,0.0,1
7008,1776086349.2242644,0.04434199991010246, 0.33397099969079136,0,0,27.8,0.0,1
7009,1776086349.254021,0.04435599976204685, 0.34226299976580776,0,0,27.8,0.0,1
7010,1776086349.2838564,0.04376600008981768, 0.3365229999872099,0,0,27.8,0.0,1
7011,1776086349.3136818,0.042782000036822865, 0.3588399999898684,0,0,27.8,0.0,1
7012,1776086349.3431184,0.04227399995215819, 0.33622099999774946,0,0,27.8,0.0,1
7013,1776086349.3732402,0.04599800013238564, 0.37760899977001827,0,0,27.8,0.0,1
7014,1776086349.4028618,0.043353999899409246, 0.3411220000089088,0,0,27.8,0.0,1
7015,1776086349.432641,0.041695000163599616, 0.33541199991304893,0,0,27.8,0.0,1
7016,1776086349.4620805,0.04099199986740132, 0.334937999923568,0,0,27.8,0.0,1
7017,1776086349.492159,0.04965599964634748, 0.37424299989652354,0,0,27.8,0.0,1
7018,1776086349.5232506,0.04134399978283909, 0.31397800012200605,0,0,27.8,0.0,1
7019,1776086349.5516794,0.03971900014221319, 0.3615140003603301,0,0,27.8,0.0,1
7019,1776086349.6127112,31.843326999933197, 0.2845389999492909,13,13,27.8,0.0,0
7020,1776086349.6545162,22.455398000147397, 0.2756300000328338,16,0,27.8,0.0,0
7021,1776086349.670825,14.62465099984911, 0.31652200004828046,18,18,27.8,0.0,0
7022,1776086349.6855576,12.840463999964413, 0.34096400031558005,17,20,27.8,0.0,0
7023,1776086349.9751482,18.38296799996897, 258.6278029998539,15,11,27.8,0.0,0
7025,1776086349.9796329,0.35648199991555884, 0.221605000206182,0,11,27.8,0.0,1
7026,1776086349.9977643,0.7366200002252299, 0.34037800014630193,0,9,27.8,0.0,1
7027,1776086350.028134,0.6882090001454344, 0.3707809996740252,0,6,27.8,0.0,1
7028,1776086350.0586543,1.9728669999494741, 0.3783600000133447,0,0,27.8,0.0,1
7029,1776086350.0902495,0.03693200005727704, 0.26230100002067047,0,0,27.8,0.0,1
7030,1776086350.1174574,0.04125499981455505, 0.3161640001962951,0,0,27.8,0.0,1
7031,1776086350.145736,0.05694999981642468, 0.340347000019392,0,0,27.8,0.0,1
7032,1776086350.1756246,0.05024600022807135, 0.3566720001799695,0,0,27.8,0.0,1
7033,1776086350.2049942,0.04427400017448235, 0.33555800018802984,0,0,27.8,0.0,1
7034,1776086350.2348704,0.04393500012156437, 0.3417609996176907,0,0,27.8,0.0,1
7035,1776086350.2642767,0.04718000036518788, 0.3354740001668688,0,0,27.8,0.0,1
7036,1776086350.294194,0.04361199989943998, 0.34547899986137054,0,0,27.8,0.0,1
7037,1776086350.3238478,0.04450999995242455, 0.3426540001782996,0,0,27.8,0.0,1
7038,1776086350.3545616,0.049387000217393506, 0.35939000008511357,0,0,27.8,0.0,1
7039,1776086350.3838682,0.04180699988864944, 0.31165400014288025,0,0,27.8,0.0,1
7040,1776086350.4130507,0.043369999730202835, 0.33522800003993325,0,0,27.8,0.0,1
7041,1776086350.4428012,0.04398199962452054, 0.3329379997012438,0,0,27.8,0.0,1
7042,1776086350.472691,0.044811999941885006, 0.35361699974600924,0,0,27.8,0.0,1
7043,1776086350.502151,0.04355100008979207, 0.3424520000407938,0,0,27.8,0.0,1
7044,1776086350.5319843,0.04872699992120033, 0.3425570002946188,0,0,27.8,0.0,1
7045,1776086350.5617309,0.05991499983792892, 0.34684199999901466,0,0,27.8,0.0,1
7046,1776086350.5912967,0.042410999867570354, 0.33738299998731236,0,0,27.8,0.0,1
7047,1776086350.621365,0.044098999751440715, 0.349621000168554,0,0,27.8,0.0,1
7048,1776086350.6509123,0.044968999645789154, 0.33595300010347273,0,0,27.8,0.0,1
7049,1776086350.6806788,0.04244299998390488, 0.360837999778596,0,0,27.8,0.0,1
7050,1776086350.7116883,0.05215400005909032, 0.2912710001510277,0,0,27.8,0.0,1
7051,1776086350.7399035,0.04035000029034563, 0.3442749998612271,0,0,27.8,0.0,1
7052,1776086350.7699404,0.04775800016432186, 0.3644030002760701,0,0,27.8,0.0,1
7053,1776086350.7995522,0.05130799991093227, 0.35764199992627255,0,0,27.8,0.0,1
7054,1776086350.8293874,0.0475349997941521, 0.3800899999077956,0,0,27.8,0.0,1
7055,1776086350.8588424,0.04514199963523424, 0.34321199973419425,0,0,27.8,0.0,1
7056,1776086350.8886733,0.04454200006875908, 0.3517599998303922,0,0,27.8,0.0,1
7057,1776086350.9180996,0.04506999994191574, 0.339779000114504,0,0,27.8,0.0,1
7058,1776086350.9483638,0.04593399989971658, 0.34164499993494246,0,0,27.8,0.0,1
7058,1776086351.012,33.62623800012443, 0.2438649999021436,7,7,27.8,0.0,0
7059,1776086351.0281339,14.360792000388756, 0.2296119996572088,10,0,27.8,0.0,0
7060,1776086351.059933,20.2691810000033, 0.2684179999050684,11,11,27.8,0.0,0
7061,1776086351.0869977,18.60861199975261, 0.2892309998969722,11,14,27.8,0.0,0
7062,1776086351.3700924,17.720767999890086, 257.4825950000559,9,8,27.8,0.0,0
7064,1776086351.374311,0.5345139998098603, 0.30204999984562164,0,8,27.8,0.0,1
7065,1776086351.3942842,0.5942350003351748, 0.35762500010605436,0,6,27.8,0.0,1
7066,1776086351.425262,2.0533590000013646, 0.3106409999418247,0,5,27.8,0.0,1
7067,1776086351.4580252,0.3533359999892127, 0.3009120000569965,0,0,27.8,0.0,1
7068,1776086351.4830093,0.04605699996318435, 0.3440360001150111,0,0,27.8,0.0,1
7069,1776086351.513035,0.043155000184924575, 0.3433329998188128,0,0,27.8,0.0,1
7070,1776086351.5421853,0.043000000005122274, 0.34048599991365336,0,0,27.8,0.0,1
7071,1776086351.5719671,0.04567499991026125, 0.3369379996911448,0,0,27.8,0.0,1
7072,1776086351.6033328,0.04085399996256456, 0.3125369998997485,0,0,27.8,0.0,1
7073,1776086351.6312156,0.0445860000581888, 0.33911499986061244,0,0,27.8,0.0,1
7074,1776086351.6610699,0.045094000142853474, 0.3319970001030015,0,0,27.8,0.0,1
7075,1776086351.6911635,0.04727600025944412, 0.37709100024585496,0,0,27.8,0.0,1
7076,1776086351.720739,0.06185000029290677, 0.33832799999800045,0,0,27.8,0.0,1
7077,1776086351.750215,0.04429700038599549, 0.33892500005094917,0,0,27.8,0.0,1
7078,1776086351.7799835,0.04538099983619759, 0.33888600000864244,0,0,27.8,0.0,1
7079,1776086351.809782,0.04646100023819599, 0.3465419999884034,0,0,27.8,0.0,1
7080,1776086351.8396792,0.03953599980377476, 0.3345629997966171,0,0,27.8,0.0,1
7081,1776086351.8697524,0.040207999973063124, 0.31885199996395386,0,0,27.8,0.0,1
7082,1776086351.8989632,0.045511999815062154, 0.34258699997735675,0,0,27.8,0.0,1
7083,1776086351.9286847,0.041713999962667, 0.3637989998424018,0,0,27.8,0.0,1
7084,1776086351.9581525,0.04626600002666237, 0.3347779997966427,0,0,27.8,0.0,1
7085,1776086351.988175,0.04635400000552181, 0.35021700023207814,0,0,27.8,0.0,1
7086,1776086352.01808,0.05227699966781074, 0.37910999981249915,0,0,27.8,0.0,1
7087,1776086352.0475843,0.05008100015402306, 0.3585539998312015,0,0,27.8,0.0,1
7088,1776086352.0775123,0.04919799994240748, 0.36518399974738713,0,0,27.8,0.0,1
7089,1776086352.1072342,0.04532999992079567, 0.3396179999981541,0,0,27.8,0.0,1
7090,1776086352.1367314,0.0617240002611652, 0.34041700018860865,0,0,27.8,0.0,1
7091,1776086352.1661413,0.044878000153403264, 0.3332269998281845,0,0,27.8,0.0,1
7092,1776086352.1974347,0.0404009997510002, 0.2727920000324957,0,0,27.8,0.0,1
7093,1776086352.2257485,0.06005000022923923, 0.3408780003155698,0,0,27.8,0.0,1
7094,1776086352.2551763,0.0465289999738161, 0.3392870003153803,0,0,27.8,0.0,1
7095,1776086352.2852135,0.04375199978312594, 0.33638800005064695,0,0,27.8,0.0,1
7096,1776086352.314977,0.0461409999843454, 0.34335999998802436,0,0,27.8,0.0,1
7097,1776086352.3446782,0.042300000131945126, 0.35952000007455354,0,0,27.8,0.0,1
7097,1776086352.4050002,31.008621999717434, 0.22981100028118817,4,4,27.8,0.0,0
7098,1776086352.421886,15.146383000228525, 0.21051900012025726,6,0,27.8,0.0,0
7099,1776086352.4542575,20.046217999606597, 0.25814800028456375,6,6,27.8,0.0,0
7100,1776086352.4822698,18.769977000374638, 0.25009299997691414,6,8,27.8,0.0,0
7101,1776086352.7721095,20.090033000087715, 257.9306509996968,4,5,27.8,0.0,0
7103,1776086352.7761483,0.3953180003009038, 0.30554899967683014,0,5,27.8,0.0,1
7104,1776086352.7920394,0.37192799982221914, 0.2945730002466007,0,4,27.8,0.0,1
7105,1776086352.820404,0.39741999989928445, 0.36001199987367727,0,2,27.8,0.0,1
7106,1776086352.851569,1.8535730000621697, 0.33584799984964775,0,0,27.8,0.0,1
7107,1776086352.8834038,0.037741000141977565, 0.27071400018030545,0,0,27.8,0.0,1
7108,1776086352.9090285,0.047122000069066416, 0.33026099981725565,0,0,27.8,0.0,1
7109,1776086352.9389088,0.041617000078986166, 0.34447100006218534,0,0,27.8,0.0,1
7110,1776086352.968794,0.046298999677674146, 0.33943200014618924,0,0,27.8,0.0,1
7111,1776086352.9981842,0.04702200021711178, 0.3428899999562418,0,0,27.8,0.0,1
7112,1776086353.0280886,0.05153999973117607, 0.3981819995715341,0,0,27.8,0.0,1
7113,1776086353.0584483,0.04190600020592683, 0.34723499993560836,0,0,27.8,0.0,1
7114,1776086353.0872917,0.044007999804307474, 0.34293299995624693,0,0,27.8,0.0,1
7115,1776086353.1171236,0.04330399997343193, 0.35021300027437974,0,0,27.8,0.0,1
7116,1776086353.1468914,0.04379800020615221, 0.3474919999462145,0,0,27.8,0.0,1
7117,1776086353.1767466,0.0600190001023293, 0.3417819998503546,0,0,27.8,0.0,1
7118,1776086353.2062225,0.04507500034378609, 0.3359170000294398,0,0,27.8,0.0,1
7119,1776086353.235727,0.04472699993129936, 0.40671599981578765,0,0,27.8,0.0,1
7120,1776086353.2654524,0.04880200003753998, 0.43209900013607694,0,0,27.8,0.0,1
7121,1776086353.2952232,0.045370999941951595, 0.35216500009482843,0,0,27.8,0.0,1
7122,1776086353.3246849,0.04579599999487982, 0.3603820000535052,0,0,27.8,0.0,1
7123,1776086353.3549225,0.04855799988945364, 0.36221300024408265,0,0,27.8,0.0,1
7124,1776086353.385895,0.04269600003681262, 0.2681420000953949,0,0,27.8,0.0,1
7125,1776086353.4141288,0.04353699978310033, 0.3374789998815686,0,0,27.8,0.0,1
7126,1776086353.4435759,0.05088299985800404, 0.3706299999066687,0,0,27.8,0.0,1
7127,1776086353.4734125,0.05045499983680202, 0.384482000299613,0,0,27.8,0.0,1
7128,1776086353.502836,0.04224699978294666, 0.34087699987139786,0,0,27.8,0.0,1
7129,1776086353.5325763,0.04951900018568267, 0.3763450004043989,0,0,27.8,0.0,1
7130,1776086353.562383,0.04664600010073627, 0.3853709999930288,0,0,27.8,0.0,1
7131,1776086353.5922737,0.05194100003791391, 0.38020200008759275,0,0,27.8,0.0,1
7132,1776086353.6222138,0.04638300015358254, 0.3386200000932149,0,0,27.8,0.0,1
7133,1776086353.6524584,0.04958099998475518, 0.3389090002201556,0,0,27.8,0.0,1
7134,1776086353.6812592,0.045790000058332225, 0.38103499991848366,0,0,27.8,0.0,1
7135,1776086353.7109833,0.04662400033339509, 0.3847829998449015,0,0,27.8,0.0,1
7136,1776086353.7407582,0.06324700007098727, 0.37068200026624254,0,0,27.8,0.0,1
7136,1776086353.805033,34.5764550002059, 0.3143489998365112,17,17,27.8,0.0,0
7137,1776086353.8558037,22.91750399990633, 0.27306299989504623,14,0,27.8,0.0,0
7138,1776086353.8811061,19.909439999992173, 0.2791410001918848,13,13,27.8,0.0,0
7139,1776086353.9088337,18.65890900035083, 0.2828419997058518,10,14,27.8,0.0,0
7140,1776086354.198554,20.995065000079194, 258.1730710003285,10,8,27.8,0.0,0
7142,1776086354.202261,0.5097369999020884, 0.28483400001277914,0,8,27.8,0.0,1
7143,1776086354.2168415,0.6327340001917037, 0.33762399971237755,0,7,27.8,0.0,1
7144,1776086354.2477908,2.0393709996824327, 0.3457140001046355,0,3,27.8,0.0,1
7145,1776086354.280241,0.27115300008517806, 0.28637800005526515,0,0,27.8,0.0,1
7146,1776086354.3052235,0.045607000174641144, 0.3810829998656118,0,0,27.8,0.0,1
7147,1776086354.335051,0.04322199993112008, 0.3722050000760646,0,0,27.8,0.0,1
7148,1776086354.3647718,0.06403899988072226, 0.37511400023504393,0,0,27.8,0.0,1
7149,1776086354.3946,0.048458000037499005, 0.39144499987742165,0,0,27.8,0.0,1
7150,1776086354.4241674,0.04771700014316593, 0.5073530001027393,0,0,27.8,0.0,1
7151,1776086354.4538498,0.042503000258875545, 0.3457330003584502,0,0,27.8,0.0,1
7152,1776086354.4837272,0.04269800001566182, 0.3892309996444965,0,0,27.8,0.0,1
7153,1776086354.5134232,0.04694700010077213, 0.40880699998524506,0,0,27.8,0.0,1
7154,1776086354.543694,0.05548799981625052, 0.3297779999229533,0,0,27.8,0.0,1
7155,1776086354.5743718,0.038903999666217715, 0.32766000003903173,0,0,27.8,0.0,1
7156,1776086354.602372,0.046613999984401744, 0.3835600000456907,0,0,27.8,0.0,1
7157,1776086354.6324575,0.055253000027732924, 0.4047870002068521,0,0,27.8,0.0,1
7158,1776086354.6618836,0.04188799994153669, 0.34988000015800935,0,0,27.8,0.0,1
7159,1776086354.6925154,0.047139999878709204, 0.39270300021598814,0,0,27.8,0.0,1
7160,1776086354.7218816,0.04418400021677371, 0.33869600019897916,0,0,27.8,0.0,1
7161,1776086354.751607,0.04758299974128022, 0.35374700019019656,0,0,27.8,0.0,1
7162,1776086354.7817998,0.04336199981480604, 0.3442669999458303,0,0,27.8,0.0,1
7163,1776086354.811366,0.04382500037536374, 0.3466009998192021,0,0,27.8,0.0,1
7164,1776086354.8408043,0.043217999973421684, 0.34173600033682305,0,0,27.8,0.0,1
7165,1776086354.870333,0.04269999999451102, 0.341775999913807,0,0,27.8,0.0,1
7166,1776086354.9000423,0.04206199992040638, 0.34204499979750835,0,0,27.8,0.0,1
7167,1776086354.9298673,0.04604300011123996, 0.3441530002419313,0,0,27.8,0.0,1
7168,1776086354.9597478,0.04516500030149473, 0.33539000014570775,0,0,27.8,0.0,1
7169,1776086354.9892685,0.04477099992072908, 0.3364780000083556,0,0,27.8,0.0,1
7170,1776086355.0192747,0.046599000143032754, 0.371203000213427,0,0,27.8,0.0,1
7171,1776086355.048801,0.04600300007950864, 0.33468799983893405,0,0,27.8,0.0,1
7172,1776086355.0782027,0.04353099984655273, 0.3353689999130438,0,0,27.8,0.0,1
7173,1776086355.1081026,0.04207299980407697, 0.34087099993485026,0,0,27.8,0.0,1
7174,1776086355.1385014,0.04477800030144863, 0.3371039997546177,0,0,27.8,0.0,1
7175,1776086355.169185,0.03958100023737643, 0.3175719998580462,0,0,27.8,0.0,1
7175,1776086355.2299974,32.97180199979266, 0.2655970001796959,11,11,27.8,0.0,0
7176,1776086355.2834387,24.10188100020605, 0.2507530002731073,11,0,27.8,0.0,0
7177,1776086355.3040547,17.574176999914926, 0.23278899971046485,5,5,27.8,0.0,0
7178,1776086355.3376658,21.47892699986187, 0.2517699999771139,7,8,27.8,0.0,0
7179,1776086355.6219046,18.79026500000691, 257.7225189997989,10,5,27.8,0.0,0
7181,1776086355.6258297,0.35264500002085697, 0.1758030002747546,0,5,27.8,0.0,1
7182,1776086355.6434028,0.43203300037930603, 0.34890799997810973,0,4,27.8,0.0,1
7183,1776086355.6734364,0.3997520002485544, 0.3376360000402201,0,4,27.8,0.0,1
7184,1776086355.703968,1.8092820000674692, 0.3410159997656592,0,0,27.8,0.0,1
7185,1776086355.7361808,0.035289000152260996, 0.26436500002091634,0,0,27.8,0.0,1
7186,1776086355.763373,0.03917300000466639, 0.3227839997634874,0,0,27.8,0.0,1
7187,1776086355.7916715,0.04396899976200075, 0.35564600011639413,0,0,27.8,0.0,1
7188,1776086355.8211267,0.042597000174282584, 0.3401799999664945,0,0,27.8,0.0,1
7189,1776086355.8509274,0.044038999931217404, 0.3336649997436325,0,0,27.8,0.0,1
7190,1776086355.8808875,0.04498899988902849, 0.3380660000402713,0,0,27.8,0.0,1
7191,1776086355.9101946,0.045187000068835914, 0.34617600022102124,0,0,27.8,0.0,1
7192,1776086355.9400613,0.04353399981482653, 0.34276099995622644,0,0,27.8,0.0,1
7193,1776086355.9697986,0.04333099968789611, 0.34509899978729663,0,0,27.8,0.0,1
7194,1776086356.0004857,0.04938000029142131, 0.3756539999812958,0,0,27.8,0.0,1
7195,1776086356.0295093,0.044997999793849885, 0.3491099996608682,0,0,27.8,0.0,1
7196,1776086356.0583954,0.04409099983604392, 0.38059400003476185,0,0,27.8,0.0,1
7197,1776086356.0883439,0.04984599991075811, 0.38255399977060733,0,0,27.8,0.0,1
7198,1776086356.1177719,0.04467000007934985, 0.34064100009345566,0,0,27.8,0.0,1
7199,1776086356.1477659,0.06521299974338035, 0.35278299992569373,0,0,27.8,0.0,1
7200,1776086356.1774898,0.04797100018549827, 0.40647400010129786,0,0,27.8,0.0,1
7201,1776086356.2071419,0.04640299994207453, 0.3899580001416325,0,0,27.8,0.0,1
7202,1776086356.2367532,0.06154400034574792, 0.3454259999671194,0,0,27.8,0.0,1
7203,1776086356.2668467,0.045606000185216544, 0.3411769998820091,0,0,27.8,0.0,1
7204,1776086356.2964191,0.05197999962547328, 0.37424499987537274,0,0,27.8,0.0,1
7205,1776086356.3258808,0.04712000009021722, 0.3795699999500357,0,0,27.8,0.0,1
7206,1776086356.3572516,0.03931299988835235, 0.3133049999632931,0,0,27.8,0.0,1
7207,1776086356.3852427,0.04622100004780805, 0.38506700002471916,0,0,27.8,0.0,1
7208,1776086356.4153166,0.04376300012154388, 0.338478999765357,0,0,27.8,0.0,1
7209,1776086356.4450772,0.04204499964544084, 0.3341769997859956,0,0,27.8,0.0,1
7210,1776086356.4749672,0.043078000089735724, 0.34044299991364824,0,0,27.8,0.0,1
7211,1776086356.504793,0.04124199995203526, 0.34312300022065756,0,0,27.8,0.0,1
7212,1776086356.534208,0.04380200016385061, 0.33871000005092355,0,0,27.8,0.0,1
7213,1776086356.5640762,0.04259699971953523, 0.33731600024111685,0,0,27.8,0.0,1
7214,1776086356.5943396,0.048161999984586146, 0.3407399999559857,0,0,27.8,0.0,1
7214,1776086356.6555874,31.387639999593375, 0.26318000027458766,9,9,27.8,0.0,0
7215,1776086356.6709838,13.63908099983746, 0.23388299996440765,10,0,27.8,0.0,0
7216,1776086356.706978,21.413831999780086, 0.2473890003784618,6,6,27.8,0.0,0
7217,1776086356.733528,18.99745199989411, 0.2804450000439829,8,11,27.8,0.0,0
7218,1776086357.0205984,18.8919590000296, 259.2263780002213,8,5,27.8,0.0,0
7220,1776086357.0245142,0.39874000003692345, 0.4378170001473336,0,5,27.8,0.0,1
7221,1776086357.0401974,0.42922800002997974, 0.3691599999910977,0,2,27.8,0.0,1
7222,1776086357.0709758,1.921128000049066, 0.2998109998770815,0,1,27.8,0.0,1
7223,1776086357.103431,0.18444300030751037, 0.27386200008550077,0,0,27.8,0.0,1
7224,1776086357.1288064,0.04276799973013112, 0.347319999946194,0,0,27.8,0.0,1
7225,1776086357.1586149,0.04052499980389257, 0.329499000145006,0,0,27.8,0.0,1
7226,1776086357.188176,0.042594000206008786, 0.34755800015773275,0,0,27.8,0.0,1
7227,1776086357.217916,0.04544300009001745, 0.3455800001574971,0,0,27.8,0.0,1
7228,1776086357.2492237,0.04079200016349205, 0.3163380001751648,0,0,27.8,0.0,1
7229,1776086357.2771523,0.0427239997407014, 0.33589599979677587,0,0,27.8,0.0,1
7230,1776086357.3074157,0.050118000217480585, 0.38521400028912467,0,0,27.8,0.0,1
7231,1776086357.3370936,0.05237400000623893, 0.38025499998184387,0,0,27.8,0.0,1
7232,1776086357.3666437,0.049775000206864206, 0.35822400013785227,0,0,27.8,0.0,1
7233,1776086357.396387,0.04775200022777426, 0.36007100015922333,0,0,27.8,0.0,1
7234,1776086357.425699,0.04387500030134106, 0.3544609999153181,0,0,27.8,0.0,1
7235,1776086357.4552019,0.046913999995013, 0.39485100023739506,0,0,27.8,0.0,1
7236,1776086357.4851997,0.04530399974100874, 0.36610699999073404,0,0,27.8,0.0,1
7237,1776086357.5156894,0.04246199978297227, 0.3489369996714231,0,0,27.8,0.0,1
7238,1776086357.545097,0.05085200018584146, 0.3830050000033225,0,0,27.8,0.0,1
7239,1776086357.574237,0.04562699996313313, 0.3392449998500524,0,0,27.8,0.0,1
7240,1776086357.6040587,0.04250499978297739, 0.33589999975447427,0,0,27.8,0.0,1
7241,1776086357.6341598,0.049006000153895, 0.37554700020336895,0,0,27.8,0.0,1
7242,1776086357.6639748,0.047093000375753036, 0.3456870003901713,0,0,27.8,0.0,1
7243,1776086357.693177,0.044782000259147026, 0.33374699978594435,0,0,27.8,0.0,1
7244,1776086357.7230678,0.046580999878642615, 0.34197900004073745,0,0,27.8,0.0,1
7245,1776086357.7531059,0.04728199974124436, 0.3411799998502829,0,0,27.8,0.0,1
7246,1776086357.7822967,0.043774000005214475, 0.3337100001772342,0,0,27.8,0.0,1
7247,1776086357.8122056,0.04600500005835784, 0.3386220000720641,0,0,27.8,0.0,1
7248,1776086357.8433797,0.03964600000472274, 0.2284349998262769,0,0,27.8,0.0,1
7249,1776086357.871756,0.04660200011130655, 0.3401779999876453,0,0,27.8,0.0,1
7250,1776086357.901718,0.059994999901391566, 0.34396599994579447,0,0,27.8,0.0,1
7251,1776086357.9309928,0.046920999920985196, 0.3477079999356647,0,0,27.8,0.0,1
7252,1776086357.9608386,0.04180699988864944, 0.3381999999874097,0,0,27.8,0.0,1
7253,1776086357.9904456,0.04450599999472615, 0.3511459999572253,0,0,27.8,0.0,1
7253,1776086358.0538964,33.66272299990669, 0.2577950003797014,8,8,27.8,0.0,0
7254,1776086358.0990386,23.2286949999434, 0.2396039999439381,8,0,27.8,0.0,0
7255,1776086358.1168675,15.978580000137299, 0.2668879997145268,11,11,27.8,0.0,0
7256,1776086358.131392,12.511294999967504, 0.31166999997367384,12,14,27.8,0.0,0
7257,1776086358.4092243,12.772485999903438, 258.12305599993124,10,9,27.8,0.0,0
7259,1776086358.413869,0.6144720000520465, 0.3145339996990515,0,9,27.8,0.0,1
7260,1776086358.4377854,0.5764749998888874, 0.3127749996565399,0,7,27.8,0.0,1
7261,1776086358.4658399,0.5962430000181485, 0.34376799976598704,0,6,27.8,0.0,1
7262,1776086358.4972017,2.0448780001061095, 0.3942210000786872,0,0,27.8,0.0,1
7263,1776086358.5290694,0.035136999940732494, 0.2661480002643657,0,0,27.8,0.0,1
7264,1776086358.5544705,0.04674899992096471, 0.37522399998124456,0,0,27.8,0.0,1
7265,1776086358.584164,0.04708799997388269, 0.38059400003476185,0,0,27.8,0.0,1
7266,1776086358.6138933,0.04424500002642162, 0.3461769997556985,0,0,27.8,0.0,1
7267,1776086358.6435995,0.04860599983658176, 0.3710569999384461,0,0,27.8,0.0,1
7268,1776086358.6739035,0.04333300012149266, 0.36162200012768153,0,0,27.8,0.0,1
7269,1776086358.7038624,0.04244999990987708, 0.3405520001251716,0,0,27.8,0.0,1
7270,1776086358.7327733,0.047559999984514434, 0.347290000263456,0,0,27.8,0.0,1
7271,1776086358.7627068,0.042286999814677984, 0.38236499995036866,0,0,27.8,0.0,1
7272,1776086358.7929287,0.04576500032271724, 0.36288199999034987,0,0,27.8,0.0,1
7273,1776086358.8227127,0.05894600008105044, 0.34353699993516784,0,0,27.8,0.0,1
7274,1776086358.8521576,0.044409000111045316, 0.3401720000510977,0,0,27.8,0.0,1
7275,1776086358.8822825,0.048846000026969705, 0.37947700002405327,0,0,27.8,0.0,1
7276,1776086358.9118133,0.04516400031207013, 0.3399110000827932,0,0,27.8,0.0,1
7277,1776086358.9415078,0.04311700013204245, 0.34744499998851097,0,0,27.8,0.0,1
7278,1776086358.9710667,0.04195600013190415, 0.3399500001250999,0,0,27.8,0.0,1
7279,1776086359.000913,0.04607899973052554, 0.34147999986089417,0,0,27.8,0.0,1
7280,1776086359.0326931,0.05342699978427845, 0.31531000013274024,0,0,27.8,0.0,1
7281,1776086359.0600834,0.044288000026426744, 0.3361270000823424,0,0,27.8,0.0,1
7282,1776086359.0899978,0.042887999825325096, 0.34264899977642926,0,0,27.8,0.0,1
7283,1776086359.1199207,0.047912999889376806, 0.33915299991349457,0,0,27.8,0.0,1
7284,1776086359.1493645,0.0414890000683954, 0.41421600008106907,0,0,27.8,0.0,1
7285,1776086359.1794157,0.0486959997942904, 0.3764220000448404,0,0,27.8,0.0,1
7286,1776086359.2088282,0.04352999985712813, 0.3384919996278768,0,0,27.8,0.0,1
7287,1776086359.2383227,0.04784599968843395, 0.3399759998501395,0,0,27.8,0.0,1
7288,1776086359.2684963,0.04312000010031625, 0.33995299963862635,0,0,27.8,0.0,1
7289,1776086359.2986429,0.04294800010029576, 0.33296599985987996,0,0,27.8,0.0,1
7290,1776086359.3280172,0.05062499985797331, 0.3747480000129144,0,0,27.8,0.0,1
7291,1776086359.3571956,0.043295000068610534, 0.3459300000940857,0,0,27.8,0.0,1
7292,1776086359.3873365,0.04732000024887384, 0.3693260000545706,0,0,27.8,0.0,1
7292,1776086359.4481075,31.41256600019915, 0.23950300010255887,4,4,27.8,0.0,0
7293,1776086359.5072014,23.420459000135452, 0.2591509996818786,6,0,27.8,0.0,0
7294,1776086359.5258863,16.989190000003873, 0.2376110001023335,5,5,27.8,0.0,0
7295,1776086359.5395775,11.934135000046808, 0.25361999996675877,5,6,27.8,0.0,0
7296,1776086359.9724114,13.394278000305349, 257.32910500028083,31,4,27.8,0.0,0
7298,1776086359.9762251,0.34873499998866464, 0.307946999782871,0,4,27.8,0.0,1
7299,1776086359.9812913,0.3606270001910161, 0.3182810000907921,0,4,27.8,0.0,1
7300,1776086360.012729,1.8274029998792685, 0.23646599993298878,0,4,27.8,0.0,1
7301,1776086360.044342,0.27247400021224166, 0.28443600012906245,0,0,27.8,0.0,1
7302,1776086360.0702944,0.048302000323019456, 0.3357619998496375,0,0,27.8,0.0,1
7303,1776086360.1001892,0.042873999973380705, 0.35088499998892075,0,0,27.8,0.0,1
7304,1776086360.1300476,0.04367500014268444, 0.3403989999242185,0,0,27.8,0.0,1
7305,1776086360.1598125,0.04364300002634991, 0.34645100004127016,0,0,27.8,0.0,1
7306,1776086360.189948,0.0431179996667197, 0.30650500002593617,0,0,27.8,0.0,1
7307,1776086360.2206197,0.03832599986708374, 0.31762800017531845,0,0,27.8,0.0,1
7308,1776086360.2489266,0.04692699985753279, 0.3402399997867178,0,0,27.8,0.0,1
7309,1776086360.2787027,0.04377100003694068, 0.3545309996297874,0,0,27.8,0.0,1
7310,1776086360.308273,0.045430999762174906, 0.34856199999921955,0,0,27.8,0.0,1
7311,1776086360.3379943,0.04468399993129424, 0.3484819999357569,0,0,27.8,0.0,1
7312,1776086360.3677745,0.04506999994191574, 0.3406329997233115,0,0,27.8,0.0,1
7313,1776086360.397267,0.0466860001324676, 0.3423960001782689,0,0,27.8,0.0,1
7314,1776086360.4274387,0.0459819998468447, 0.3518510002322728,0,0,27.8,0.0,1
7315,1776086360.4572759,0.04554900033326703, 0.3441640001256019,0,0,27.8,0.0,1
7316,1776086360.48679,0.044967000121687306, 0.3358720000505855,0,0,27.8,0.0,1
7317,1776086360.5162194,0.045365000005404, 0.34009899991360726,0,0,27.8,0.0,1
7318,1776086360.546029,0.04643700003725826, 0.3399550000722229,0,0,27.8,0.0,1
7319,1776086360.575695,0.04206600033285213, 0.3632610000749992,0,0,27.8,0.0,1
7320,1776086360.6057222,0.05673499981639907, 0.34103300004062476,0,0,27.8,0.0,1
7321,1776086360.6350627,0.044049999814888, 0.3377159996489354,0,0,27.8,0.0,1
7322,1776086360.6649387,0.04836900006921496, 0.34112400044250535,0,0,27.8,0.0,1
7323,1776086360.6947644,0.04789300010088482, 0.34777100017890916,0,0,27.8,0.0,1
7324,1776086360.7242703,0.04474699971979135, 0.33684699974401155,0,0,27.8,0.0,1
7325,1776086360.7540078,0.045434999719873304, 0.3409300002203963,0,0,27.8,0.0,1
7326,1776086360.7845016,0.044067000089853536, 0.3330419999656442,0,0,27.8,0.0,1
7327,1776086360.8147633,0.038255000163189834, 0.2948209998976381,0,0,27.8,0.0,1
7328,1776086360.8431728,0.046486999963235576, 0.34002200027316576,0,0,27.8,0.0,1
7329,1776086360.8729637,0.04607999971995014, 0.34142399999836925,0,0,27.8,0.0,1
7330,1776086360.9027374,0.06338799994409783, 0.34445300025254255,0,0,27.8,0.0,1
7331,1776086360.9321563,0.044193000121595105, 0.33196899994436535,0,0,27.8,0.0,1
7331,1776086360.9949014,32.895332999942184, 0.2858950001609628,14,14,27.8,0.0,0
7332,1776086361.0559833,24.739017999763746, 0.27215099999011727,17,0,27.8,0.0,0
7333,1776086361.1601193,24.66678700011471, 0.3795689999606111,21,20,27.8,0.0,0
7334,1776086361.1777866,15.790126999945642, 0.33307100011370494,8,20,27.8,0.0,0
7335,1776086361.4499097,12.221367000165628, 258.28088299977026,8,14,27.8,0.0,0
7337,1776086361.4545038,0.805960999969102, 0.2049349996013916,0,14,27.8,0.0,1
7338,1776086361.4678664,0.8700399998815556, 0.37658899964299053,0,7,27.8,0.0,1
7339,1776086361.497471,0.5592710003838874, 0.3563090003808611,0,5,27.8,0.0,1
7340,1776086361.5287547,2.0180189999337017, 0.3529219998199551,0,0,27.8,0.0,1
7341,1776086361.5607927,0.03675300013128435, 0.260454999988724,0,0,27.8,0.0,1
7342,1776086361.586067,0.044501000047603156, 0.3420540001570771,0,0,27.8,0.0,1
7343,1776086361.6161544,0.04546799982563243, 0.34101900018868037,0,0,27.8,0.0,1
7344,1776086361.6452742,0.04248099958203966, 0.3353130000505189,0,0,27.8,0.0,1
7345,1776086361.6751103,0.04120700032217428, 0.33930600011444767,0,0,27.8,0.0,1
7346,1776086361.7064743,0.042146999930992024, 0.329851999595121,0,0,27.8,0.0,1
7347,1776086361.7346714,0.04325200006860541, 0.3622560002440878,0,0,27.8,0.0,1
7348,1776086361.7643166,0.04235100004734704, 0.33050300044124015,0,0,27.8,0.0,1
7349,1776086361.794158,0.046737000047869515, 0.3393880001567595,0,0,27.8,0.0,1
7350,1776086361.823836,0.0424210002165637, 0.33902400036822655,0,0,27.8,0.0,1
7351,1776086361.8536928,0.04343699993114569, 0.35726299984162324,0,0,27.8,0.0,1
7352,1776086361.883052,0.04561399964586599, 0.3384579999874404,0,0,27.8,0.0,1
7353,1776086361.9128704,0.04333599963501911, 0.3454259999671194,0,0,27.8,0.0,1
7354,1776086361.9431472,0.04507299991018954, 0.3445280003688822,0,0,27.8,0.0,1
7355,1776086361.9729047,0.03869000011036405, 0.3170479999425879,0,0,27.8,0.0,1
7356,1776086362.0020413,0.041555000279913656, 0.34226599973408156,0,0,27.8,0.0,1
7357,1776086362.0318928,0.04383299983601319, 0.34049499981847475,0,0,27.8,0.0,1
7358,1776086362.0612023,0.0517190001119161, 0.35194299971408327,0,0,27.8,0.0,1
7359,1776086362.0910773,0.04160000025876798, 0.3400020000299264,0,0,27.8,0.0,1
7360,1776086362.120901,0.047202000132529065, 0.33040000016626436,0,0,27.8,0.0,1
7361,1776086362.1504028,0.04450999995242455, 0.35009100020033657,0,0,27.8,0.0,1
7362,1776086362.1802652,0.04173900015302934, 0.34761599999910686,0,0,27.8,0.0,1
7363,1776086362.2103689,0.04530100022748229, 0.3503100001580606,0,0,27.8,0.0,1
7364,1776086362.2397835,0.04480999996303581, 0.3457640000306128,0,0,27.8,0.0,1
7365,1776086362.2693048,0.047697999889351195, 0.33517300016683294,0,0,27.8,0.0,1
7366,1776086362.3006473,0.0392359997931635, 0.30917000003682915,0,0,27.8,0.0,1
7367,1776086362.328877,0.04172899980403599, 0.34524000011515454,0,0,27.8,0.0,1
7368,1776086362.3590434,0.05048699995313655, 0.3801429998020467,0,0,27.8,0.0,1
7369,1776086362.3881466,0.04554999986794428, 0.34014799985016,0,0,27.8,0.0,1
7370,1776086362.4180331,0.044890000026498456, 0.34307600026295404,0,0,27.8,0.0,1
7370,1776086362.4673,19.502445999933116, 0.3070810003009683,22,20,27.8,0.0,0
7371,1776086362.5211446,23.338848000094004, 0.29341099980229046,25,0,27.8,0.0,0
7372,1776086362.5404615,17.47789599994576, 0.33011700043061865,25,20,27.8,0.0,0
7373,1776086362.55516,12.732378999771754, 0.3365120001035393,29,20,27.8,0.0,0
7374,1776086362.8424397,18.163720999837096, 258.75649099998554,23,17,27.8,0.0,0
7376,1776086362.8469663,0.6399030003194639, 0.18194099993706914,0,17,27.8,0.0,1
7377,1776086362.8654594,0.9782080001059512, 0.3692330001285882,0,12,27.8,0.0,1
7378,1776086362.895413,2.242870999907609, 0.3368819998286199,0,9,27.8,0.0,1
7379,1776086362.9275308,0.49663099980534753, 0.3265790001023561,0,0,27.8,0.0,1
7380,1776086362.9523797,0.04626200006896397, 0.38230200016187155,0,0,27.8,0.0,1
7381,1776086362.983035,0.05012699966755463, 0.3951700000470737,0,0,27.8,0.0,1
7382,1776086363.0122604,0.04424300004757242, 0.3402389997972932,0,0,27.8,0.0,1
7383,1776086363.042156,0.05100899988974561, 0.3813419998550671,0,0,27.8,0.0,1
7384,1776086363.0719225,0.051880000228266, 0.4036340001221106,0,0,27.8,0.0,1
7385,1776086363.1013317,0.042999000015697675, 0.3389940002307412,0,0,27.8,0.0,1
7386,1776086363.1306396,0.04684199984694715, 0.3645429997050087,0,0,27.8,0.0,1
7387,1776086363.1603382,0.045896999836259056, 0.3764430002775043,0,0,27.8,0.0,1
7388,1776086363.1918187,0.04140700002608355, 0.28852000014012447,0,0,27.8,0.0,1
7389,1776086363.2196615,0.041617000078986166, 0.36130999978922773,0,0,27.8,0.0,1
7390,1776086363.249734,0.06524100035676383, 0.34501000027375994,0,0,27.8,0.0,1
7391,1776086363.2792997,0.04902199998468859, 0.40747799994278466,0,0,27.8,0.0,1
7392,1776086363.309483,0.05085400016469066, 0.3846490003525105,0,0,27.8,0.0,1
7393,1776086363.3387501,0.0619620000179566, 0.3593329997784167,0,0,27.8,0.0,1
7394,1776086363.368791,0.0469110000267392, 0.3627440000855131,0,0,27.8,0.0,1
7395,1776086363.3983164,0.05078100002720021, 0.40903099989009206,0,0,27.8,0.0,1
7396,1776086363.4282,0.04266999985702569, 0.3341250003359164,0,0,27.8,0.0,1
7397,1776086363.4582343,0.04150299992033979, 0.3472400003374787,0,0,27.8,0.0,1
7398,1776086363.4872587,0.045403000058286125, 0.37852699961149483,0,0,27.8,0.0,1
7399,1776086363.517076,0.04669500003728899, 0.3961309998885554,0,0,27.8,0.0,1
7400,1776086363.5466208,0.04616499973053578, 0.3601669995987322,0,0,27.8,0.0,1
7401,1776086363.5763152,0.0469110000267392, 0.3650310000011814,0,0,27.8,0.0,1
7402,1776086363.6063654,0.05526000040845247, 0.38107100044726394,0,0,27.8,0.0,1
7403,1776086363.6357727,0.04432100013218587, 0.34315799985051854,0,0,27.8,0.0,1
7404,1776086363.665578,0.041091999719355954, 0.3645110000434215,0,0,27.8,0.0,1
7405,1776086363.6957402,0.057452999953966355, 0.3457829998296802,0,0,27.8,0.0,1
7406,1776086363.7250352,0.04571499994199257, 0.3870909999932337,0,0,27.8,0.0,1
7407,1776086363.754662,0.042953000047418755, 0.3611639999689942,0,0,27.8,0.0,1
7408,1776086363.7860563,0.042704999941634014, 0.31636199992135516,0,0,27.8,0.0,1
7409,1776086363.8141155,0.04545499996311264, 0.37997400022504735,0,0,27.8,0.0,1
7409,1776086363.877153,32.97149499985608, 0.3069740000682941,17,17,27.8,0.0,0
7410,1776086363.8928368,13.826264999806881, 0.2633200001582736,20,0,27.8,0.0,0
7411,1776086363.9287856,22.473141999853397, 0.28603200007637497,14,14,27.8,0.0,0
7412,1776086363.9508975,16.543053000077634, 0.32406999980594264,21,20,27.8,0.0,0
7413,1776086364.2406104,21.01971299998695, 256.68221799969615,18,12,27.8,0.0,0
7415,1776086364.2445612,0.7197899999482615, 0.29484900005627424,0,12,27.8,0.0,1
7416,1776086364.2605054,0.7786080000187212, 0.33081299989135005,0,11,27.8,0.0,1
7417,1776086364.2905881,0.7411910000882926, 0.3396690003683034,0,9,27.8,0.0,1
7418,1776086364.3213735,2.1749360003013862, 0.4291879999982484,0,0,27.8,0.0,1
7419,1776086364.3538888,0.03877599965562695, 0.2735210000537336,0,0,27.8,0.0,1
7420,1776086364.3802562,0.0411030000577739, 0.3111740002168517,0,0,27.8,0.0,1
7421,1776086364.4088092,0.04700499994214624, 0.3467450001153338,0,0,27.8,0.0,1
7422,1776086364.43873,0.07136399972296203, 0.35029499986194423,0,0,27.8,0.0,1
7423,1776086364.4681928,0.04305499987822259, 0.352743999883387,0,0,27.8,0.0,1
7424,1776086364.4980862,0.04184400040685432, 0.3438700000515382,0,0,27.8,0.0,1
7425,1776086364.527517,0.052535000122588826, 0.40472299997418304,0,0,27.8,0.0,1
7426,1776086364.5576067,0.05551999993258505, 0.39973899993128725,0,0,27.8,0.0,1
7427,1776086364.586671,0.042068999846378574, 0.36561299975801376,0,0,27.8,0.0,1
7428,1776086364.6168365,0.04510399958235212, 0.3397320001568005,0,0,27.8,0.0,1
7429,1776086364.6469302,0.04301999979361426, 0.3403030000299623,0,0,27.8,0.0,1
7430,1776086364.675763,0.04359400008979719, 0.3385919999345788,0,0,27.8,0.0,1
7431,1776086364.7055237,0.047325999730674084, 0.37638999992850586,0,0,27.8,0.0,1
7432,1776086364.735537,0.052955000228394056, 0.3734870001608215,0,0,27.8,0.0,1
7433,1776086364.76507,0.045759999920846894, 0.3831990002254315,0,0,27.8,0.0,1
7434,1776086364.7950113,0.04595800010065432, 0.3670779997264617,0,0,27.8,0.0,1
7435,1776086364.8244207,0.047248000100807985, 0.4108719999749155,0,0,27.8,0.0,1
7436,1776086364.8541763,0.047215999984473456, 0.41108000004896894,0,0,27.8,0.0,1
7437,1776086364.8840828,0.04589499985740986, 0.3514710001581989,0,0,27.8,0.0,1
7438,1776086364.9135885,0.041632999909779755, 0.3772059999391786,0,0,27.8,0.0,1
7439,1776086364.9431481,0.046053999994910555, 0.37096000005476526,0,0,27.8,0.0,1
7440,1776086364.9749467,0.04060699984620442, 0.31558599994241376,0,0,27.8,0.0,1
7441,1776086365.002663,0.04258499984644004, 0.3625849999480124,0,0,27.8,0.0,1
7442,1776086365.0325575,0.05183499979466433, 0.38410699971791473,0,0,27.8,0.0,1
7443,1776086365.0624838,0.050937999731104355, 0.3874740000355814,0,0,27.8,0.0,1
7444,1776086365.0918252,0.04260200012140558, 0.3457230000094569,0,0,27.8,0.0,1
7445,1776086365.1215997,0.05060200010120752, 0.3838069997073035,0,0,27.8,0.0,1
7446,1776086365.1513114,0.05308699974193587, 0.4254840000612603,0,0,27.8,0.0,1
7447,1776086365.1811128,0.04559900025924435, 0.3864420000354585,0,0,27.8,0.0,1
7448,1776086365.211474,0.048039000375865726, 0.36195799975757836,0,0,27.8,0.0,1
7448,1776086365.2734988,32.29924699962794, 0.3197970004293893,19,19,27.8,0.0,0
7449,1776086365.28895,13.595429000361037, 0.2656839997143834,16,0,27.8,0.0,0
7450,1776086365.3244698,21.47628700004134, 0.2920719998655841,12,12,27.8,0.0,0
7451,1776086365.3532267,21.93101500006378, 0.31535600010101916,17,19,27.8,0.0,0
7452,1776086365.6361918,19.78934599992499, 256.3024669998413,20,11,27.8,0.0,0
7454,1776086365.6398299,0.6411650001609814, 0.28557200039358577,0,11,27.8,0.0,1
7455,1776086365.6568823,0.77907500008223, 0.3351210002620064,0,10,27.8,0.0,1
7456,1776086365.688481,2.300779000051989, 0.32661699970049085,0,9,27.8,0.0,1
7457,1776086365.7206573,0.49069199985751766, 0.32891499995457707,0,0,27.8,0.0,1
7458,1776086365.7456453,0.04310200029067346, 0.3656599997157173,0,0,27.8,0.0,1
7459,1776086365.7756662,0.04387699982544291, 0.3625459999057057,0,0,27.8,0.0,1
7460,1776086365.8054616,0.04974200010110508, 0.3796150003836374,0,0,27.8,0.0,1
7461,1776086365.8355458,0.04619799983629491, 0.37560400005531847,0,0,27.8,0.0,1
7462,1776086365.8665104,0.039182999898912385, 0.31780700010131113,0,0,27.8,0.0,1
7463,1776086365.8947399,0.05964899992250139, 0.3467450001153338,0,0,27.8,0.0,1
7464,1776086365.9242043,0.04641899977286812, 0.34335200007262756,0,0,27.8,0.0,1
7465,1776086365.9540462,0.045882999984314665, 0.3451430002314737,0,0,27.8,0.0,1
7466,1776086365.9840474,0.042782000036822865, 0.34307000032640644,0,0,27.8,0.0,1
7467,1776086366.013762,0.042592999761836836, 0.35067199996774434,0,0,27.8,0.0,1
7468,1776086366.0431855,0.044007999804307474, 0.3447710000727966,0,0,27.8,0.0,1
7469,1776086366.0730243,0.04626200006896397, 0.3478250000625849,0,0,27.8,0.0,1
7470,1776086366.1031473,0.044983999941905495, 0.34540900014690123,0,0,27.8,0.0,1
7471,1776086366.1333194,0.043418000132078305, 0.34856000002037035,0,0,27.8,0.0,1
7472,1776086366.1620557,0.044490000163932564, 0.3441590001784789,0,0,27.8,0.0,1
7473,1776086366.1921675,0.04922200014334521, 0.3857259998767404,0,0,27.8,0.0,1
7474,1776086366.2217429,0.06199400013429113, 0.34813199999916833,0,0,27.8,0.0,1
7475,1776086366.2510989,0.046705999920959584, 0.3367029999026272,0,0,27.8,0.0,1
7476,1776086366.280991,0.04413499982547364, 0.34551799990367726,0,0,27.8,0.0,1
7477,1776086366.310732,0.06065999968996039, 0.3442749998612271,0,0,27.8,0.0,1
7478,1776086366.3402138,0.05383100005929009, 0.4200859998491069,0,0,27.8,0.0,1
7479,1776086366.3702137,0.043989000005240086, 0.3479199999674165,0,0,27.8,0.0,1
7480,1776086366.399364,0.046441999984381255, 0.3944289996979933,0,0,27.8,0.0,1
7481,1776086366.429137,0.04645299986805185, 0.38976300038484624,0,0,27.8,0.0,1
7482,1776086366.4604912,0.040856999930838356, 0.33711400010361103,0,0,27.8,0.0,1
7483,1776086366.4885297,0.04508599977270933, 0.43934699988312786,0,0,27.8,0.0,1
7484,1776086366.5182273,0.047264999921026174, 0.40437799998471746,0,0,27.8,0.0,1
7485,1776086366.5480497,0.043758000174420886, 0.3533830004016636,0,0,27.8,0.0,1
7486,1776086366.5782797,0.0518820002071152, 0.40127800002665026,0,0,27.8,0.0,1
7487,1776086366.607464,0.04379299980428186, 0.3882060000250931,0,0,27.8,0.0,1
7487,1776086366.6706417,33.24331700014227, 0.3371329999026784,26,20,27.8,0.0,0
7488,1776086366.6859756,13.435993999792117, 0.2651039999364002,26,0,27.8,0.0,0
7489,1776086366.7204611,21.3219150000441, 0.34044299991364824,24,20,27.8,0.0,0
7490,1776086366.7455873,17.45452400018621, 0.34234800023114076,23,20,27.8,0.0,0
7491,1776086367.0346398,19.423206000283244, 258.0827980000322,23,14,27.8,0.0,0
7493,1776086367.0387218,0.8046429998103122, 0.28655699998125783,0,14,27.8,0.0,1
7494,1776086367.0554852,0.8275989998764999, 0.31316100012190873,0,13,27.8,0.0,1
7495,1776086367.083532,0.8640779997222126, 0.36937300001227413,0,10,27.8,0.0,1
7496,1776086367.1146865,2.2674279998682323, 0.34972999992533005,0,0,27.8,0.0,1
7497,1776086367.1466868,0.03637300005721045, 0.2615680000417342,0,0,27.8,0.0,1
7498,1776086367.1719913,0.045357000090007205, 0.3854240003420273,0,0,27.8,0.0,1
7499,1776086367.2016077,0.051774999974441016, 0.40720700008023414,0,0,27.8,0.0,1
7500,1776086367.2313418,0.045776000206387835, 0.3709970001182228,0,0,27.8,0.0,1
7501,1776086367.2610826,0.04843200031245942, 0.40214400041804765,0,0,27.8,0.0,1
7502,1776086367.2918465,0.043650999941746704, 0.34975399967152043,0,0,27.8,0.0,1
7503,1776086367.3211656,0.04121300025872188, 0.3415539999878092,0,0,27.8,0.0,1
7504,1776086367.350847,0.04565900007946766, 0.3324959998280974,0,0,27.8,0.0,1
7505,1776086367.3803847,0.04549200002657017, 0.3538850000950333,0,0,27.8,0.0,1
7506,1776086367.4100783,0.044005999825458275, 0.33939299964913516,0,0,27.8,0.0,1
7507,1776086367.4399931,0.04373699994175695, 0.3415599999243568,0,0,27.8,0.0,1
7508,1776086367.470061,0.05035899994254578, 0.3768179999497079,0,0,27.8,0.0,1
7509,1776086367.4991848,0.04501000012169243, 0.34025300010398496,0,0,27.8,0.0,1
7510,1776086367.5291219,0.04470100020625978, 0.34132299970224267,0,0,27.8,0.0,1
7511,1776086367.5591602,0.047495000217168126, 0.34281699981875136,0,0,27.8,0.0,1
7512,1776086367.5887218,0.05688500004907837, 0.3335410001454875,0,0,27.8,0.0,1
7513,1776086367.6181512,0.04360699995231698, 0.3450469998824701,0,0,27.8,0.0,1
7514,1776086367.6494534,0.04121900019526947, 0.29459299958034535,0,0,27.8,0.0,1
7515,1776086367.6777005,0.04221600011078408, 0.3610329999901296,0,0,27.8,0.0,1
7516,1776086367.7072344,0.04448199979378842, 0.3311039999971399,0,0,27.8,0.0,1
7517,1776086367.7371523,0.04619599985744571, 0.3337739999551559,0,0,27.8,0.0,1
7518,1776086367.766819,0.04549899995254236, 0.345556999945984,0,0,27.8,0.0,1
7519,1776086367.796921,0.04488200011110166, 0.3413909998926101,0,0,27.8,0.0,1
7520,1776086367.8262029,0.04270899989933241, 0.33867000001919223,0,0,27.8,0.0,1
7521,1776086367.8559678,0.04533599985734327, 0.3391250002096058,0,0,27.8,0.0,1
7522,1776086367.886223,0.04757099986818503, 0.3418720002628106,0,0,27.8,0.0,1
7523,1776086367.9156175,0.0480730000163021, 0.3459989998191304,0,0,27.8,0.0,1
7524,1776086367.9447894,0.046268999994936166, 0.3346479998072027,0,0,27.8,0.0,1
7525,1776086367.9742718,0.04491700019570999, 0.37725800029875245,0,0,27.8,0.0,1
7526,1776086368.0049644,0.04835700019611977, 0.39259100003619096,0,0,27.8,0.0,1
7526,1776086368.0671308,33.082516999911604, 0.32016200020734686,17,17,27.8,0.0,0
7527,1776086368.0830283,13.999869000144827, 0.2736359997470572,17,0,27.8,0.0,0
7528,1776086368.116279,20.943192999766325, 0.2980959998239996,16,16,27.8,0.0,0
7529,1776086368.1425977,18.364412000209995, 0.3466900002422335,20,20,27.8,0.0,0
7530,1776086368.4306102,19.192547000329796, 258.4074060000603,18,14,27.8,0.0,0
7532,1776086368.4355717,0.7531389996984217, 0.2955659997496696,0,14,27.8,0.0,1
7533,1776086368.4507027,0.7988289999047993, 0.2907690000029106,0,13,27.8,0.0,1
7534,1776086368.4818952,2.4859239997567784, 0.3365210000083607,0,10,27.8,0.0,1
7535,1776086368.514587,0.5395519997364318, 0.3379690001565905,0,0,27.8,0.0,1
7536,1776086368.5407243,0.041789000079006655, 0.2953130001515092,0,0,27.8,0.0,1
7537,1776086368.5692475,0.04609200004779268, 0.3789249999499589,0,0,27.8,0.0,1
7538,1776086368.598805,0.04514800002652919, 0.34917699986181105,0,0,27.8,0.0,1
7539,1776086368.6286561,0.050397999984852504, 0.3581119999580551,0,0,27.8,0.0,1
7540,1776086368.6581051,0.04297699979360914, 0.3390629999557859,0,0,27.8,0.0,1
7541,1776086368.6879165,0.044908000290888594, 0.33280999969065306,0,0,27.8,0.0,1
7542,1776086368.7177618,0.06221900002856273, 0.3497940001579991,0,0,27.8,0.0,1
7543,1776086368.7474618,0.050455999826226616, 0.38248100008786423,0,0,27.8,0.0,1
7544,1776086368.7774477,0.044532999709190335, 0.3514660002110759,0,0,27.8,0.0,1
7545,1776086368.807543,0.048302999857696705, 0.3322299999126699,0,0,27.8,0.0,1
7546,1776086368.8363986,0.04507399989961414, 0.344679999670916,0,0,27.8,0.0,1
7547,1776086368.8661358,0.043150999772478826, 0.34435399993526516,0,0,27.8,0.0,1
7548,1776086368.8960903,0.05192700018596952, 0.35881799976777984,0,0,27.8,0.0,1
7549,1776086368.9260855,0.04787699981534388, 0.37575300029857317,0,0,27.8,0.0,1
7550,1776086368.9552221,0.0487760003125004, 0.3432030002841202,0,0,27.8,0.0,1
7551,1776086368.98522,0.04508899974098313, 0.34451300007276586,0,0,27.8,0.0,1
7552,1776086369.0149672,0.04922400012219441, 0.34486699996705283,0,0,27.8,0.0,1
7553,1776086369.0450368,0.041756999962672126, 0.34796899990396923,0,0,27.8,0.0,1
7554,1776086369.074103,0.04581200028042076, 0.34453899979780545,0,0,27.8,0.0,1
7555,1776086369.103917,0.04676899970945669, 0.3430159999879834,0,0,27.8,0.0,1
7556,1776086369.1352558,0.04177900018476066, 0.31798300005903,0,0,27.8,0.0,1
7557,1776086369.163201,0.04596999997374951, 0.34096100034730625,0,0,27.8,0.0,1
7558,1776086369.1929948,0.044318000163912075, 0.33757599976524943,0,0,27.8,0.0,1
7559,1776086369.2228513,0.04448199979378842, 0.3477209997981845,0,0,27.8,0.0,1
7560,1776086369.2528753,0.043277000258967746, 0.34621200029505417,0,0,27.8,0.0,1
7561,1776086369.2821221,0.043386000015743775, 0.33688600024106563,0,0,27.8,0.0,1
7562,1776086369.3119276,0.04631199999494129, 0.33517500014568213,0,0,27.8,0.0,1
7563,1776086369.3417253,0.0611880000178644, 0.3486320001684362,0,0,27.8,0.0,1
7564,1776086369.3716567,0.04291000004741363, 0.3329870000925439,0,0,27.8,0.0,1
7565,1776086369.4020157,0.042593999751261435, 0.3423200000725046,0,0,27.8,0.0,1
7565,1776086369.4630241,32.26510900003632, 0.32326100017598947,25,20,27.8,0.0,0
7566,1776086369.4782243,13.333635999970284, 0.27248500009591226,24,0,27.8,0.0,0
7567,1776086369.5143836,22.113064999757626, 0.30298599995148834,15,15,27.8,0.0,0
7568,1776086369.5380268,17.466352000155894, 0.3293599997959973,14,19,27.8,0.0,0
7569,1776086369.8299408,21.185234000313358, 258.69629600038024,13,13,27.8,0.0,0
7571,1776086369.8342102,0.5503859997588734, 0.17584800025360892,0,13,27.8,0.0,1
7572,1776086369.847229,0.8011999998416286, 0.35912100020141224,0,8,27.8,0.0,1
7573,1776086369.8771892,0.6259920000957209, 0.34569499985082075,0,7,27.8,0.0,1
7574,1776086369.908042,2.1538800001508207, 0.3769159998228133,0,0,27.8,0.0,1
7575,1776086369.9406557,0.045882999984314665, 0.26347299990447937,0,0,27.8,0.0,1
7576,1776086369.9662328,0.04592100003719679, 0.3437810000832542,0,0,27.8,0.0,1
7577,1776086369.9959073,0.039957999888429185, 0.3152580002279137,0,0,27.8,0.0,1
7578,1776086370.0251179,0.043989999994664686, 0.33544799998708186,0,0,27.8,0.0,1
7579,1776086370.0550077,0.04687899991040467, 0.3355499998178857,0,0,27.8,0.0,1
7580,1776086370.0846999,0.04504400021687616, 0.35956800002168166,0,0,27.8,0.0,1
7581,1776086370.1142104,0.04398199962452054, 0.34164099997724406,0,0,27.8,0.0,1
7582,1776086370.1440644,0.042514999677223386, 0.3410799999983283,0,0,27.8,0.0,1
7583,1776086370.1738446,0.04269700002623722, 0.3456970002844173,0,0,27.8,0.0,1
7584,1776086370.2032902,0.04517199977271957, 0.33043799976439914,0,0,27.8,0.0,1
7585,1776086370.2333596,0.042474000110814814, 0.33628499977567117,0,0,27.8,0.0,1
7586,1776086370.2629588,0.04509000018515508, 0.3403509999770904,0,0,27.8,0.0,1
7587,1776086370.2926946,0.04511199995249626, 0.3592480002225784,0,0,27.8,0.0,1
7588,1776086370.3236942,0.05285700035528862, 0.29349800024647266,0,0,27.8,0.0,1
7589,1776086370.3519058,0.04235000005792244, 0.34413000003041816,0,0,27.8,0.0,1
7590,1776086370.3818417,0.042546999793557916, 0.34786499963956885,0,0,27.8,0.0,1
7591,1776086370.411309,0.04542399983620271, 0.32961200031422777,0,0,27.8,0.0,1
7592,1776086370.441094,0.04311500015319325, 0.3455850001046201,0,0,27.8,0.0,1
7593,1776086370.4708748,0.04200900002615526, 0.34978499979843036,0,0,27.8,0.0,1
7594,1776086370.500733,0.06072199994378025, 0.3478100002212159,0,0,27.8,0.0,1
7595,1776086370.530106,0.04465200026970706, 0.3396329998395231,0,0,27.8,0.0,1
7596,1776086370.560378,0.04162200002610916, 0.3467030001047533,0,0,27.8,0.0,1
7597,1776086370.5904438,0.04201599995212746, 0.3419739996388671,0,0,27.8,0.0,1
7598,1776086370.6193066,0.04572999978336156, 0.3346980001879274,0,0,27.8,0.0,1
7599,1776086370.649106,0.044935000005352776, 0.33749300018826034,0,0,27.8,0.0,1
7600,1776086370.6788995,0.04438399992068298, 0.3504449996398762,0,0,27.8,0.0,1
7601,1776086370.708364,0.04179899997325265, 0.3607189996728266,0,0,27.8,0.0,1
7602,1776086370.73826,0.04585899978337693, 0.3338499996061728,0,0,27.8,0.0,1
7603,1776086370.7680798,0.04628400029105251, 0.36127900011706515,0,0,27.8,0.0,1
7604,1776086370.7979977,0.04632200034393463, 0.34075900020980043,0,0,27.8,0.0,1
7604,1776086370.861639,33.82828800022253, 0.24544600000808714,6,6,27.8,0.0,0
7605,1776086370.8773224,13.922395999998116, 0.23196899974209373,10,0,27.8,0.0,0
7606,1776086370.9060187,18.46281200005251, 0.28134200010754284,12,12,27.8,0.0,0
7607,1776086370.933291,17.806359000132943, 0.28754000004482805,8,14,27.8,0.0,0
7608,1776086371.221799,20.375207999677514, 257.21986000007746,8,8,27.8,0.0,0
7610,1776086371.2267487,0.3096020000157296, 0.177580000126909,0,8,27.8,0.0,1
7611,1776086371.2437317,0.5777480000688229, 0.3472090002105688,0,4,27.8,0.0,1
7612,1776086371.274856,1.8429359997753636, 0.30789699985689367,0,4,27.8,0.0,1
7613,1776086371.3073587,0.29113400023561553, 0.30064900010984275,0,0,27.8,0.0,1
7614,1776086371.3327174,0.059190999763814034, 0.34153700016759103,0,0,27.8,0.0,1
7615,1776086371.3622124,0.044223999793757685, 0.34619100006239023,0,0,27.8,0.0,1
7616,1776086371.3919647,0.04680900019593537, 0.3459469999143039,0,0,27.8,0.0,1
7617,1776086371.421816,0.046815000132482965, 0.34269300022060634,0,0,27.8,0.0,1
7618,1776086371.451647,0.041137999687634874, 0.34031199993478367,0,0,27.8,0.0,1
7619,1776086371.4817562,0.039786999877833296, 0.3213800000594347,0,0,27.8,0.0,1
7620,1776086371.5109468,0.04551899974103435, 0.3471689997240901,0,0,27.8,0.0,1
7621,1776086371.540718,0.060338999901432544, 0.34549299971331493,0,0,27.8,0.0,1
7622,1776086371.5700862,0.046783000016148435, 0.3370879999238241,0,0,27.8,0.0,1
7623,1776086371.6000519,0.041557999793440104, 0.3440579998823523,0,0,27.8,0.0,1
7624,1776086371.6298172,0.04806700007975451, 0.347858000168344,0,0,27.8,0.0,1
7625,1776086371.6592503,0.04279099994164426, 0.3438939997977286,0,0,27.8,0.0,1
7626,1776086371.6891963,0.04399999988891068, 0.34252600016770884,0,0,27.8,0.0,1
7627,1776086371.719334,0.047386000005644746, 0.33500200015623705,0,0,27.8,0.0,1
7628,1776086371.748767,0.04531500007942668, 0.3438300000198069,0,0,27.8,0.0,1
7629,1776086371.778189,0.04474299976209295, 0.3397509999558679,0,0,27.8,0.0,1
7630,1776086371.8094628,0.04188999992038589, 0.2698979997148854,0,0,27.8,0.0,1
7631,1776086371.837847,0.044935999994777376, 0.3360919999977341,0,0,27.8,0.0,1
7632,1776086371.8669262,0.04330499996285653, 0.36126500026512076,0,0,27.8,0.0,1
7633,1776086371.8966076,0.04643700003725826, 0.37578699993900955,0,0,27.8,0.0,1
7634,1776086371.9267464,0.0600160001340555, 0.3636980000010226,0,0,27.8,0.0,1
7635,1776086371.956685,0.04492600010053138, 0.354730999788444,0,0,27.8,0.0,1
7636,1776086371.9868233,0.04540000009001233, 0.3429249995861028,0,0,27.8,0.0,1
7637,1776086372.016288,0.048782999783725245, 0.3747729997485294,0,0,27.8,0.0,1
7638,1776086372.0462303,0.047309999899880495, 0.3485940001155541,0,0,27.8,0.0,1
7639,1776086372.0763328,0.042672999825299485, 0.3409679998185311,0,0,27.8,0.0,1
7640,1776086372.105151,0.04194799976176, 0.34391400004096795,0,0,27.8,0.0,1
7641,1776086372.134844,0.04529599982561194, 0.34029299968096893,0,0,27.8,0.0,1
7642,1776086372.164774,0.04408099994179793, 0.3395100002308027,0,0,27.8,0.0,1
7643,1776086372.1941836,0.044612000237975735, 0.34322099963901564,0,0,27.8,0.0,1
7643,1776086372.2560642,32.21006000012494, 0.2695289999792294,11,11,27.8,0.0,0
7644,1776086372.2715616,13.658806999956141, 0.2656769997884112,12,0,27.8,0.0,0
7645,1776086372.3060856,22.089830000368238, 0.27945900001213886,11,11,27.8,0.0,0
7646,1776086372.3307042,17.42519600020387, 0.2792299997054215,7,13,27.8,0.0,0
7647,1776086372.620539,20.95651000036014, 256.8527590001395,5,9,27.8,0.0,0
7649,1776086372.6246476,0.586652000038157, 0.24365900026168674,0,9,27.8,0.0,1
7650,1776086372.6409304,0.6238219998522254, 0.35862100003214437,0,4,27.8,0.0,1
7651,1776086372.6708305,0.3978220001954469, 0.32098399969981983,0,4,27.8,0.0,1
7652,1776086372.7015927,1.817927000047348, 0.3627199998845754,0,0,27.8,0.0,1
7653,1776086372.7332783,0.034902000152214896, 0.26537499979895074,0,0,27.8,0.0,1
7654,1776086372.7591724,0.0476150003123621, 0.38276499981293455,0,0,27.8,0.0,1
7655,1776086372.7888002,0.0449760000265087, 0.3494590000627795,0,0,27.8,0.0,1
7656,1776086372.8182573,0.04514600004767999, 0.33020399996530614,0,0,27.8,0.0,1
7657,1776086372.8480802,0.04252899998391513, 0.3603060004024883,0,0,27.8,0.0,1
7658,1776086372.877941,0.04641499981516972, 0.3455430000940396,0,0,27.8,0.0,1
7659,1776086372.9079726,0.04337700011092238, 0.3420120001464966,0,0,27.8,0.0,1
7660,1776086372.9370992,0.04627600037565571, 0.3357559999130899,0,0,27.8,0.0,1
7661,1776086372.967066,0.0456750003650086, 0.363682000170229,0,0,27.8,0.0,1
7662,1776086372.9986808,0.04141299996263115, 0.33928199991350994,0,0,27.8,0.0,1
7663,1776086373.0262542,0.045185000089986715, 0.3401720000510977,0,0,27.8,0.0,1
7664,1776086373.0563848,0.049666999984765425, 0.37987799987604376,0,0,27.8,0.0,1
7665,1776086373.0859575,0.04204800006846199, 0.34462600024198764,0,0,27.8,0.0,1
7666,1776086373.1157165,0.05703900023945607, 0.34680699991440633,0,0,27.8,0.0,1
7667,1776086373.1451602,0.04234100015310105, 0.3418890000830288,0,0,27.8,0.0,1
7668,1776086373.1750157,0.04648399999496178, 0.3493799999887415,0,0,27.8,0.0,1
7669,1776086373.2048144,0.045415999920805916, 0.3455969999777153,0,0,27.8,0.0,1
7670,1776086373.2346773,0.041495999994367594, 0.3328150000925234,0,0,27.8,0.0,1
7671,1776086373.2647102,0.05323900040821172, 0.32321100025001215,0,0,27.8,0.0,1
7672,1776086373.2938552,0.04668199972002185, 0.3401140002097236,0,0,27.8,0.0,1
7673,1776086373.3235629,0.05257100019662175, 0.3577610000320419,0,0,27.8,0.0,1
7674,1776086373.3531363,0.042598000163707184, 0.3416949998609198,0,0,27.8,0.0,1
7675,1776086373.3829086,0.041541999962646514, 0.33540300000822754,0,0,27.8,0.0,1
7676,1776086373.4128735,0.04488200011110166, 0.34316899973418913,0,0,27.8,0.0,1
7677,1776086373.4422646,0.04709799986812868, 0.33331699978589313,0,0,27.8,0.0,1
7678,1776086373.4721508,0.0457529999948747, 0.3440159998717718,0,0,27.8,0.0,1
7679,1776086373.5021815,0.0442049999946903, 0.3481960002318374,0,0,27.8,0.0,1
7680,1776086373.5317137,0.05621700029223575, 0.3486380001049838,0,0,27.8,0.0,1
7681,1776086373.5611212,0.0457500000266009, 0.3336599997965095,0,0,27.8,0.0,1
7682,1776086373.592507,0.040921000163507415, 0.3207900003872055,0,0,27.8,0.0,1
7682,1776086373.6528127,32.167952000236255, 0.31305199991038535,17,17,27.8,0.0,0
7683,1776086373.7002723,23.00396600003296, 0.2724579999267007,16,0,27.8,0.0,0
7684,1776086373.716896,14.976129999922705, 0.2799379999487428,13,13,27.8,0.0,0
7685,1776086373.7311018,12.418452000019897, 0.28564200010805507,13,15,27.8,0.0,0
7686,1776086374.0410178,23.21563299983609, 258.10841199972856,13,9,27.8,0.0,0
7688,1776086374.0451443,0.5495340001289151, 0.17907099982039654,0,9,27.8,0.0,1
7689,1776086374.06681,0.624306999725377, 0.3285630000391393,0,7,27.8,0.0,1
7690,1776086374.0980816,2.0409319999998843, 0.3035179997823434,0,7,27.8,0.0,1
7691,1776086374.1305447,0.4044679999424261, 0.3206350002074032,0,0,27.8,0.0,1
7692,1776086374.1563678,0.046394000037253136, 0.35181800012651365,0,0,27.8,0.0,1
7693,1776086374.186696,0.05401799990067957, 0.29321099964363384,0,0,27.8,0.0,1
7694,1776086374.214965,0.04328100021666614, 0.33711100013533724,0,0,27.8,0.0,1
7695,1776086374.2447407,0.061035999806335894, 0.3420050002205244,0,0,27.8,0.0,1
7696,1776086374.27434,0.04090099992026808, 0.3382669997336052,0,0,27.8,0.0,1
7697,1776086374.3040674,0.043589000142674195, 0.34201900007246877,0,0,27.8,0.0,1
7698,1776086374.3339596,0.04606499987858115, 0.3473729998404451,0,0,27.8,0.0,1
7699,1776086374.3635833,0.048476000301889144, 0.36107000005358714,0,0,27.8,0.0,1
7700,1776086374.3938935,0.04432300011103507, 0.3347249999023916,0,0,27.8,0.0,1
7701,1776086374.4233031,0.04243800003678189, 0.342559000273468,0,0,27.8,0.0,1
7702,1776086374.4528782,0.04428100010045455, 0.3405259999453847,0,0,27.8,0.0,1
7703,1776086374.482244,0.044597999931283994, 0.34578100030557835,0,0,27.8,0.0,1
7704,1776086374.5120993,0.04263800019543851, 0.34739100010483526,0,0,27.8,0.0,1
7705,1776086374.541817,0.04198400029054028, 0.3407559997867793,0,0,27.8,0.0,1
7706,1776086374.5716536,0.04222699999445467, 0.35856000022249646,0,0,27.8,0.0,1
7707,1776086374.6011739,0.04400999978315667, 0.33850499994514394,0,0,27.8,0.0,1
7708,1776086374.6310134,0.04399600038595963, 0.3385730001355114,0,0,27.8,0.0,1
7709,1776086374.660874,0.046333000227605226, 0.337354000293999,0,0,27.8,0.0,1
7710,1776086374.6902072,0.043867999920621514, 0.3414669999983744,0,0,27.8,0.0,1
7711,1776086374.7200406,0.042534999920462724, 0.3468810000413214,0,0,27.8,0.0,1
7712,1776086374.7505577,0.04256900001564645, 0.3334819998599414,0,0,27.8,0.0,1
7713,1776086374.7812014,0.04199299974061432, 0.31420400000570226,0,0,27.8,0.0,1
7714,1776086374.8091362,0.04378499988888507, 0.336691000029532,0,0,27.8,0.0,1
7715,1776086374.8389378,0.0428789999205037, 0.3454850002526655,0,0,27.8,0.0,1
7716,1776086374.8688638,0.04241699980411795, 0.34020400016743224,0,0,27.8,0.0,1
7717,1776086374.898231,0.04672699969887617, 0.3418750002310844,0,0,27.8,0.0,1
7718,1776086374.9280176,0.04438499991010758, 0.3360989999237063,0,0,27.8,0.0,1
7719,1776086374.9578571,0.0452129997938755, 0.3406920000088576,0,0,27.8,0.0,1
7720,1776086374.9881113,0.04336099982538144, 0.3486070004328212,0,0,27.8,0.0,1
7721,1776086375.0175467,0.04758300019602757, 0.3291190000709321,0,0,27.8,0.0,1
7721,1776086375.0794685,32.5137619997804, 0.3380630000719975,33,20,27.8,0.0,0
7722,1776086375.107432,19.958366000082606, 0.3037780002159707,32,0,27.8,0.0,0
7723,1776086375.134965,19.719869999789807, 0.3853200000776269,35,20,27.8,0.0,0
7724,1776086375.3022864,13.019935000102123, 0.32566199979555677,41,20,27.8,0.0,0
7725,1776086375.5974543,22.385008999663114, 260.58178699986456,18,15,27.8,0.0,0
7727,1776086375.6017182,0.7563230001323973, 0.17861500009530573,0,15,27.8,0.0,1
7728,1776086375.611929,0.8464110001114022, 0.33232600026167347,0,10,27.8,0.0,1
7729,1776086375.6425107,0.6432320001295011, 0.38740099989809096,0,1,27.8,0.0,1
7730,1776086375.6726077,1.7147159996966366, 0.317439999889757,0,0,27.8,0.0,1
7731,1776086375.704995,0.03759900027944241, 0.265092000063305,0,0,27.8,0.0,1
7732,1776086375.730309,0.04460900026970194, 0.32809699996505515,0,0,27.8,0.0,1
7733,1776086375.760089,0.042066999867529375, 0.3387410001778335,0,0,27.8,0.0,1
7734,1776086375.7900052,0.048786000206746394, 0.34115100015696953,0,0,27.8,0.0,1
7735,1776086375.819676,0.04633000025933143, 0.3559450001375808,0,0,27.8,0.0,1
7736,1776086375.8493154,0.042920999931084225, 0.3376839999873482,0,0,27.8,0.0,1
7737,1776086375.8793745,0.0422610000896384, 0.3527940002641117,0,0,27.8,0.0,1
7738,1776086375.9088929,0.045153999963076785, 0.33893999989231816,0,0,27.8,0.0,1
7739,1776086375.9383657,0.044331000026431866, 0.340671000230941,0,0,27.8,0.0,1
7740,1776086375.9696631,0.05133299964654725, 0.29584699996121344,0,0,27.8,0.0,1
7741,1776086375.9979684,0.0435850001849758, 0.3386289999980363,0,0,27.8,0.0,1
7742,1776086376.027949,0.04256700003679725, 0.33902199993463,0,0,27.8,0.0,1
7743,1776086376.0572026,0.04398400005811709, 0.33389100008207606,0,0,27.8,0.0,1
7744,1776086376.0870528,0.042640999708964955, 0.3410020003684622,0,0,27.8,0.0,1
7745,1776086376.1168337,0.044486000206234166, 0.3372749997652136,0,0,27.8,0.0,1
7746,1776086376.1466882,0.04519399999480811, 0.34978699977727956,0,0,27.8,0.0,1
7747,1776086376.1761227,0.04601999989972683, 0.3340810003464867,0,0,27.8,0.0,1
7748,1776086376.2063243,0.04500499971982208, 0.3401929998290143,0,0,27.8,0.0,1
7749,1776086376.2364,0.04273699960322119, 0.3519739998409932,0,0,27.8,0.0,1
7750,1776086376.265226,0.044082999920647126, 0.33750500006135553,0,0,27.8,0.0,1
7751,1776086376.2950935,0.043434999952296494, 0.34459099970263196,0,0,27.8,0.0,1
7752,1776086376.3248901,0.04479899962461786, 0.339007000093261,0,0,27.8,0.0,1
7753,1776086376.3546681,0.04180899986749864, 0.3598690000217175,0,0,27.8,0.0,1
7754,1776086376.3842635,0.04240399994159816, 0.3416959998503444,0,0,27.8,0.0,1
7755,1776086376.4134572,0.046660000407428015, 0.38178299973878893,0,0,27.8,0.0,1
7756,1776086376.4439936,0.04702699970948743, 0.36502599959931104,0,0,27.8,0.0,1
7757,1776086376.4735332,0.04331899981480092, 0.33578300008230144,0,0,27.8,0.0,1
7758,1776086376.5030453,0.04173500019533094, 0.34241399998791167,0,0,27.8,0.0,1
7759,1776086376.5328639,0.0476850000268314, 0.3486069999780739,0,0,27.8,0.0,1
7760,1776086376.5638316,0.03676899996207794, 0.29572399989774567,0,0,27.8,0.0,1
7760,1776086376.623725,31.731410999782383, 0.2598890000626852,10,10,27.8,0.0,0
7761,1776086376.6395373,14.019934000316425, 0.26549700032774126,10,0,27.8,0.0,0
7762,1776086376.674498,21.43756899977234, 0.26360199990449473,9,9,27.8,0.0,0
7763,1776086376.6987245,17.79768000005788, 0.2685719996406988,10,11,27.8,0.0,0
7764,1776086376.9912832,21.77880399995047, 258.9550950001467,14,8,27.8,0.0,0
7766,1776086376.995422,0.5335629998626246, 0.3085389998886967,0,8,27.8,0.0,1
7767,1776086377.008557,0.5760650001320755, 0.32114099985847133,0,7,27.8,0.0,1
7768,1776086377.040096,2.1283880000737554, 0.32482500000696746,0,5,27.8,0.0,1
7769,1776086377.072407,0.3524019998621952, 0.3123880001112411,0,0,27.8,0.0,1
7770,1776086377.0975983,0.0418720001107431, 0.3280559999438992,0,0,27.8,0.0,1
7771,1776086377.1277268,0.04151299981458578, 0.31170700003713137,0,0,27.8,0.0,1
7772,1776086377.1568782,0.046519000079570105, 0.33388400015610387,0,0,27.8,0.0,1
7773,1776086377.186658,0.04291699997338583, 0.34839299996747286,0,0,27.8,0.0,1
7774,1776086377.2161138,0.043569999888859456, 0.340462000167463,0,0,27.8,0.0,1
7775,1776086377.2459621,0.04549300001599477, 0.34023500029434217,0,0,27.8,0.0,1
7776,1776086377.2756972,0.04236699987814063, 0.368668000191974,0,0,27.8,0.0,1
7777,1776086377.305245,0.04147299978285446, 0.3339410000080534,0,0,27.8,0.0,1
7778,1776086377.3351815,0.043416000153229106, 0.3457359998719767,0,0,27.8,0.0,1
7779,1776086377.3651373,0.04200099965601112, 0.34509699980844744,0,0,27.8,0.0,1
7780,1776086377.394293,0.04267699978299788, 0.3296540003248083,0,0,27.8,0.0,1
7781,1776086377.4241157,0.041538999994372716, 0.34225199988213717,0,0,27.8,0.0,1
7782,1776086377.4555051,0.03945100024793646, 0.31530000023849425,0,0,27.8,0.0,1
7783,1776086377.48375,0.05801499992230674, 0.348106999808806,0,0,27.8,0.0,1
7784,1776086377.513145,0.04148399966652505, 0.33827900006144773,0,0,27.8,0.0,1
7785,1776086377.5430894,0.0440419998994912, 0.3387530000509287,0,0,27.8,0.0,1
7786,1776086377.5731986,0.048243000037473394, 0.3817890001300839,0,0,27.8,0.0,1
7787,1776086377.6027308,0.058319999880040996, 0.34749300039038644,0,0,27.8,0.0,1
7788,1776086377.6321833,0.042065999878104776, 0.3343340003993944,0,0,27.8,0.0,1
7789,1776086377.66222,0.047648999952798476, 0.3788539997913176,0,0,27.8,0.0,1
7790,1776086377.6921656,0.04449200014278176, 0.33987699998760945,0,0,27.8,0.0,1
7791,1776086377.7219594,0.04259100023773499, 0.31219200036503025,0,0,27.8,0.0,1
7792,1776086377.751201,0.04270899989933241, 0.3476830002000497,0,0,27.8,0.0,1
7793,1776086377.780825,0.044564999825524865, 0.33927399999811314,0,0,27.8,0.0,1
7794,1776086377.8106947,0.046672999815200455, 0.36264900018068147,0,0,27.8,0.0,1
7795,1776086377.8401344,0.04527299961409881, 0.3363940004419419,0,0,27.8,0.0,1
7796,1776086377.8700364,0.04373399997348315, 0.3392240000721358,0,0,27.8,0.0,1
7797,1776086377.8997755,0.0462940001852985, 0.3494560000945057,0,0,27.8,0.0,1
7798,1776086377.9293432,0.04516300032264553, 0.32935400031419704,0,0,27.8,0.0,1
7799,1776086377.9593706,0.04205799996270798, 0.34599500031617936,0,0,27.8,0.0,1
7799,1776086378.0220854,33.20047299985163, 0.2745219999269466,11,11,27.8,0.0,0
7800,1776086378.038033,14.147619000141276, 0.2423070000077132,11,0,27.8,0.0,0
7801,1776086378.069222,19.259434000105102, 0.27239299970460706,12,12,27.8,0.0,0
7802,1776086378.0971487,18.97411900017687, 0.3083010001319053,13,16,27.8,0.0,0
7803,1776086378.3869479,20.668851000209543, 258.57764200009115,13,10,27.8,0.0,0
7805,1776086378.391143,0.5040270002609759, 0.17851499978860375,0,10,27.8,0.0,1
7806,1776086378.4055789,0.6802110001444817, 0.36544199974741787,0,7,27.8,0.0,1
7807,1776086378.4355583,0.6056709999029408, 0.36401299985300284,0,7,27.8,0.0,1
7808,1776086378.4660265,1.925515000039013, 0.37601799976982875,0,0,27.8,0.0,1
7809,1776086378.4981542,0.03578399991965853, 0.2656669998941652,0,0,27.8,0.0,1
7810,1776086378.5238326,0.04465500023798086, 0.349077999999281,0,0,27.8,0.0,1
7811,1776086378.5536304,0.040565000290371245, 0.32717199974285904,0,0,27.8,0.0,1
7812,1776086378.5831127,0.044396000248525525, 0.3376140002728789,0,0,27.8,0.0,1
7813,1776086378.612969,0.046751999889238505, 0.34145300014643,0,0,27.8,0.0,1
7814,1776086378.6445796,0.04313499994168524, 0.33871100004034815,0,0,27.8,0.0,1
7815,1776086378.672176,0.04191800007902202, 0.33815500000855536,0,0,27.8,0.0,1
7816,1776086378.7023358,0.04845400007980061, 0.37230099997032085,0,0,27.8,0.0,1
7817,1776086378.7318077,0.04360999992059078, 0.3449360001468449,0,0,27.8,0.0,1
7818,1776086378.7612615,0.04347100002632942, 0.3412780001781357,0,0,27.8,0.0,1
7819,1776086378.7910655,0.043013000322389416, 0.3441660001044511,0,0,27.8,0.0,1
7820,1776086378.821104,0.04542399983620271, 0.3351020000081917,0,0,27.8,0.0,1
7821,1776086378.8503764,0.04658900024878676, 0.3543379998518503,0,0,27.8,0.0,1
7822,1776086378.8806481,0.0445900000158872, 0.332806000187702,0,0,27.8,0.0,1
7823,1776086378.9106376,0.04162099958193721, 0.33387800021955627,0,0,27.8,0.0,1
7824,1776086378.9397826,0.04531700005827588, 0.336924999828625,0,0,27.8,0.0,1
7825,1776086378.9696443,0.051450000228214776, 0.35800200021185447,0,0,27.8,0.0,1
7826,1776086378.9995115,0.049897999815584626, 0.375754999822675,0,0,27.8,0.0,1
7827,1776086379.0288334,0.043434999952296494, 0.34176100007243804,0,0,27.8,0.0,1
7828,1776086379.0588114,0.04533299988906947, 0.3436120000515075,0,0,27.8,0.0,1
7829,1776086379.0881424,0.04692699985753279, 0.33953999991354067,0,0,27.8,0.0,1
7830,1776086379.118088,0.044456000068748835, 0.34566900012578117,0,0,27.8,0.0,1
7831,1776086379.148132,0.04720900005850126, 0.3414890002204629,0,0,27.8,0.0,1
7832,1776086379.1773708,0.04347300000517862, 0.34701000004133675,0,0,27.8,0.0,1
7833,1776086379.2070782,0.04483099974095239, 0.34064000010403106,0,0,27.8,0.0,1
7834,1776086379.2384112,0.042423999730090145, 0.2616519996081479,0,0,27.8,0.0,1
7835,1776086379.2666643,0.04374699983600294, 0.36238500024410314,0,0,27.8,0.0,1
7836,1776086379.2965522,0.05319599995345925, 0.35858599994753604,0,0,27.8,0.0,1
7837,1776086379.3259559,0.044161000005260576, 0.337039999976696,0,0,27.8,0.0,1
7838,1776086379.3559089,0.04527600003711996, 0.3401509998184338,0,0,27.8,0.0,1
7838,1776086379.417247,32.046865000211255, 0.27283200006422703,9,9,27.8,0.0,0
7839,1776086379.4333029,14.261530000112543, 0.23312799976338283,15,0,27.8,0.0,0
7840,1776086379.4660869,20.1894159999938, 0.277613999969617,12,12,27.8,0.0,0
7841,1776086379.4935002,19.0908789995774, 0.31788399974175263,14,16,27.8,0.0,0
7842,1776086379.779604,18.933334999928775, 258.17052599995804,17,8,27.8,0.0,0
7844,1776086379.7837737,0.5341450000742043, 0.19632099974842276,0,8,27.8,0.0,1
7845,1776086379.802388,0.5378890000429237, 0.3217900002709939,0,8,27.8,0.0,1
7846,1776086379.8330731,2.019912000378099, 0.3226280000490078,0,6,27.8,0.0,1
7847,1776086379.8654878,0.385377999919001, 0.3122339999208634,0,0,27.8,0.0,1
7848,1776086379.8906622,0.04445300010047504, 0.3536979997988965,0,0,27.8,0.0,1
7849,1776086379.9202151,0.04460199988898239, 0.34125999991374556,0,0,27.8,0.0,1
7850,1776086379.9503045,0.05020099979446968, 0.37040500001239707,0,0,27.8,0.0,1
7851,1776086379.9811013,0.056632999985595234, 0.5791640001007181,0,0,27.8,0.0,1
7852,1776086380.0101826,0.049187000058736885, 0.36920399998052744,0,0,27.8,0.0,1
7853,1776086380.039431,0.04190600020592683, 0.34795600004144944,0,0,27.8,0.0,1
7854,1776086380.0689628,0.04204300012133899, 0.33542800019858987,0,0,27.8,0.0,1
7855,1776086380.098701,0.04491900017455919, 0.3608409997468698,0,0,27.8,0.0,1
7856,1776086380.1297417,0.040749000163486926, 0.29435399983412935,0,0,27.8,0.0,1
7857,1776086380.157964,0.041620000047259964, 0.3392190001250128,0,0,27.8,0.0,1
7858,1776086380.187875,0.04809500023839064, 0.33230200006073574,0,0,27.8,0.0,1
7859,1776086380.2172875,0.04370500028016977, 0.33973899962802534,0,0,27.8,0.0,1
7860,1776086380.2475383,0.051498000175342895, 0.3668399999696703,0,0,27.8,0.0,1
7861,1776086380.2769244,0.042392000068502966, 0.34797399985109223,0,0,27.8,0.0,1
7862,1776086380.306805,0.04584099997373414, 0.33624099978624145,0,0,27.8,0.0,1
7863,1776086380.3362281,0.044149000132165384, 0.3314470000077563,0,0,27.8,0.0,1
7864,1776086380.3664212,0.044718000026477966, 0.3411769998820091,0,0,27.8,0.0,1
7865,1776086380.396485,0.04479400013224222, 0.3354050004418241,0,0,27.8,0.0,1
7866,1776086380.425713,0.05741700033468078, 0.34564099996714504,0,0,27.8,0.0,1
7867,1776086380.4550836,0.046502999794029165, 0.3323230002933997,0,0,27.8,0.0,1
7868,1776086380.48491,0.04267599979357328, 0.3408449997550633,0,0,27.8,0.0,1
7869,1776086380.514797,0.04282000008970499, 0.34561800021037925,0,0,27.8,0.0,1
7870,1776086380.5442264,0.04422899974088068, 0.33692800025164615,0,0,27.8,0.0,1
7871,1776086380.5743318,0.047652000375819625, 0.36516699992716894,0,0,27.8,0.0,1
7872,1776086380.6039715,0.04419799961397075, 0.3378259998498834,0,0,27.8,0.0,1
7873,1776086380.633609,0.04208100017422112, 0.32850899970071623,0,0,27.8,0.0,1
7874,1776086380.6630697,0.044004999836033676, 0.3324889999021252,0,0,27.8,0.0,1
7875,1776086380.6928713,0.044719000015902566, 0.3329840001242701,0,0,27.8,0.0,1
7876,1776086380.7242393,0.04164399979345035, 0.2764890000435116,0,0,27.8,0.0,1
7877,1776086380.7521465,0.04513199974098825, 0.33718799977577874,0,0,27.8,0.0,1
7877,1776086380.8167899,34.76120899995294, 0.3200410001227283,19,19,27.8,0.0,0
7878,1776086380.8322449,13.553702000081103, 0.26685600005293963,19,0,27.8,0.0,0
7879,1776086380.8597379,18.437837999954354, 0.3309240000817226,19,19,27.8,0.0,0
7880,1776086380.891091,19.69579899969176, 0.31958599993231473,15,20,27.8,0.0,0
7881,1776086381.178241,19.37058200019237, 258.8502739999967,14,14,27.8,0.0,0
7883,1776086381.182717,0.8123769998746866, 0.22469699979410507,0,14,27.8,0.0,1
7884,1776086381.1989703,0.872468999659759, 0.357515999894531,0,10,27.8,0.0,1
7885,1776086381.2288008,0.7124580001800496, 0.3522470001371403,0,6,27.8,0.0,1
7886,1776086381.2597353,2.0772419998138503, 0.3620990000854363,0,0,27.8,0.0,1
7887,1776086381.2917225,0.03547400001480128, 0.2570670003478881,0,0,27.8,0.0,1
7888,1776086381.3184621,0.037865000194869936, 0.319657000090956,0,0,27.8,0.0,1
7889,1776086381.3466775,0.04307100016376353, 0.3592070002014225,0,0,27.8,0.0,1
7890,1776086381.376166,0.044313999751466326, 0.3408310003578663,0,0,27.8,0.0,1
7891,1776086381.4060292,0.043370000184950186, 0.3392970002096263,0,0,27.8,0.0,1
7892,1776086381.4360197,0.043357000322430395, 0.3419429999667045,0,0,27.8,0.0,1
7893,1776086381.465742,0.06200200004968792, 0.34378799955447903,0,0,27.8,0.0,1
7894,1776086381.4951446,0.04266899986760109, 0.33579199998712284,0,0,27.8,0.0,1
7895,1776086381.524882,0.047028999688336626, 0.3396870001779462,0,0,27.8,0.0,1
7896,1776086381.5551398,0.04287100000510691, 0.3448180000305001,0,0,27.8,0.0,1
7897,1776086381.5847862,0.04021599988845992, 0.30861000004733796,0,0,27.8,0.0,1
7898,1776086381.6140635,0.04287199999453151, 0.33987000006163726,0,0,27.8,0.0,1
7899,1776086381.6438792,0.043989000005240086, 0.3365880002093036,0,0,27.8,0.0,1
7900,1776086381.6733913,0.042737000057968544, 0.34878699989349116,0,0,27.8,0.0,1
7901,1776086381.703076,0.04240199996274896, 0.3407270000934659,0,0,27.8,0.0,1
7902,1776086381.732974,0.04322499989939388, 0.3435619996707828,0,0,27.8,0.0,1
7903,1776086381.7627733,0.044298999910097336, 0.33912899971255683,0,0,27.8,0.0,1
7904,1776086381.7923238,0.04285600016373792, 0.3404649996809894,0,0,27.8,0.0,1
7905,1776086381.8225794,0.040547000025981106, 0.33152900005006813,0,0,27.8,0.0,1
7906,1776086381.8519638,0.04316100012147217, 0.33773999984987313,0,0,27.8,0.0,1
7907,1776086381.8813093,0.04400299985718448, 0.3416120002839307,0,0,27.8,0.0,1
7908,1776086381.9126668,0.051714000164793106, 0.28863400029877084,0,0,27.8,0.0,1
7909,1776086381.9409487,0.041513000269333133, 0.3380680000191205,0,0,27.8,0.0,1
7910,1776086381.970828,0.045213999783300096, 0.3436819997659768,0,0,27.8,0.0,1
7911,1776086382.00066,0.04437500001586159, 0.3584989999581012,0,0,27.8,0.0,1
7912,1776086382.0303664,0.049124000270239776, 0.3794640001615335,0,0,27.8,0.0,1
7913,1776086382.0600905,0.04508299980443553, 0.34219300005133846,0,0,27.8,0.0,1
7914,1776086382.0892816,0.04377899995233747, 0.346218999766279,0,0,27.8,0.0,1
7915,1776086382.1191146,0.047123000058491016, 0.3401849999136175,0,0,27.8,0.0,1
7916,1776086382.1493723,0.04531800004770048, 0.3475499997875886,0,0,27.8,0.0,1
7916,1776086382.2105503,31.251388999862684, 0.2947130001302867,15,15,27.8,0.0,0
7917,1776086382.2258506,13.453697999921133, 0.2527729998291761,15,0,27.8,0.0,0
7918,1776086382.2601006,20.75273200034644, 0.27750400022341637,13,13,27.8,0.0,0
7919,1776086382.2888489,19.871847999638703, 0.31846100000620936,18,20,27.8,0.0,0
7920,1776086382.5726268,18.329794000237598, 257.11001099989517,17,10,27.8,0.0,0
7922,1776086382.5771751,0.6609790002585214, 0.3109500003120047,0,10,27.8,0.0,1
7923,1776086382.5954103,0.6955660001040087, 0.3675210000437801,0,8,27.8,0.0,1
7924,1776086382.6262121,2.059514000393392, 0.3078750000895525,0,7,27.8,0.0,1
7925,1776086382.658467,0.4222219999974186, 0.3206840001439559,0,0,27.8,0.0,1
7926,1776086382.683824,0.043635000110953115, 0.3433930000937835,0,0,27.8,0.0,1
7927,1776086382.7141647,0.04450000005817856, 0.3415649998714798,0,0,27.8,0.0,1
7928,1776086382.7435055,0.046159999783412786, 0.3701149998960318,0,0,27.8,0.0,1
7929,1776086382.7730415,0.045636000322701875, 0.3467209999143961,0,0,27.8,0.0,1
7930,1776086382.804312,0.04294200016374816, 0.3148840000903874,0,0,27.8,0.0,1
7931,1776086382.8322787,0.0443570002062188, 0.33814500011430937,0,0,27.8,0.0,1
7932,1776086382.86208,0.04243700004735729, 0.3356530000928615,0,0,27.8,0.0,1
7933,1776086382.8918247,0.04501100011111703, 0.33927100002983934,0,0,27.8,0.0,1
7934,1776086382.9217813,0.04455499993127887, 0.3430769997976313,0,0,27.8,0.0,1
7935,1776086382.9512124,0.04446000002644723, 0.33621900001890026,0,0,27.8,0.0,1
7936,1776086382.982413,0.060910999764018925, 0.4431770003066049,0,0,27.8,0.0,1
7937,1776086383.010818,0.0461350000477978, 0.3326859996377607,0,0,27.8,0.0,1
7938,1776086383.0406785,0.038730999676772626, 0.33789700000852463,0,0,27.8,0.0,1
7939,1776086383.0707183,0.042037000184791395, 0.31104700019568554,0,0,27.8,0.0,1
7940,1776086383.0999277,0.04525199983618222, 0.3423979997023707,0,0,27.8,0.0,1
7941,1776086383.1299756,0.05136500021762913, 0.37811899983353214,0,0,27.8,0.0,1
7942,1776086383.1592038,0.043057999846496386, 0.34004799999820534,0,0,27.8,0.0,1
7943,1776086383.1889718,0.04421200037540984, 0.3395339999769931,0,0,27.8,0.0,1
7944,1776086383.2188463,0.04576299988912069, 0.333812000008038,0,0,27.8,0.0,1
7945,1776086383.2486553,0.042659000428102445, 0.3533369999786373,0,0,27.8,0.0,1
7946,1776086383.2781427,0.04361299988886458, 0.3368320003573899,0,0,27.8,0.0,1
7947,1776086383.3086066,0.04610599989973707, 0.37445599991769996,0,0,27.8,0.0,1
7948,1776086383.3380165,0.041771999804041116, 0.3400149998924462,0,0,27.8,0.0,1
7949,1776086383.3672335,0.04363800007922691, 0.35001299966097577,0,0,27.8,0.0,1
7950,1776086383.3984702,0.040086000353767304, 0.32031500040829997,0,0,27.8,0.0,1
7951,1776086383.4267683,0.04680200026996317, 0.3393250003682624,0,0,27.8,0.0,1
7952,1776086383.4566917,0.043418000132078305, 0.36205500009600655,0,0,27.8,0.0,1
7953,1776086383.4860222,0.04266399992047809, 0.3410540002732887,0,0,27.8,0.0,1
7954,1776086383.5159097,0.043510000068636145, 0.3455589999248332,0,0,27.8,0.0,1
7955,1776086383.5457642,0.041853000311675714, 0.34270400010427693,0,0,27.8,0.0,1
7955,1776086383.6074517,32.342141999833984, 0.29388200027824496,10,10,27.8,0.0,0
7956,1776086383.6238492,14.623692999975901, 0.24418399971182225,9,0,27.8,0.0,0
7957,1776086383.652638,18.60494299990023, 0.25105900022026617,7,7,27.8,0.0,0
7958,1776086383.6863983,20.946921999893675, 0.2732079997258552,9,9,27.8,0.0,0
7959,1776086383.971803,17.56352499978675, 259.6942280001713,11,7,27.8,0.0,0
7961,1776086383.9756873,0.48870999989958364, 0.28239499988558237,0,7,27.8,0.0,1
7962,1776086383.9931452,0.458506000086345, 0.2920420001828461,0,7,27.8,0.0,1
7963,1776086384.021437,0.5288180000206921, 0.34816100014722906,0,6,27.8,0.0,1
7964,1776086384.0529878,2.045891000307165, 0.362138000127743,0,0,27.8,0.0,1
7965,1776086384.0843973,0.035830999877362046, 0.2712969999265624,0,0,27.8,0.0,1
7966,1776086384.1100736,0.042533999931038124, 0.3416180002204783,0,0,27.8,0.0,1
7967,1776086384.1399236,0.04351799998403294, 0.3335250003146939,0,0,27.8,0.0,1
7968,1776086384.1697364,0.06091399973229272, 0.34839699992517126,0,0,27.8,0.0,1
7969,1776086384.1991162,0.04665599999498227, 0.34241899993503466,0,0,27.8,0.0,1
7970,1776086384.229388,0.04556800013233442, 0.35950500023318455,0,0,27.8,0.0,1
7971,1776086384.2590494,0.03944999980376451, 0.31041199963510735,0,0,27.8,0.0,1
7972,1776086384.2882812,0.045279000005393755, 0.3355060002832033,0,0,27.8,0.0,1
7973,1776086384.3180792,0.042097999994439306, 0.3485820002424589,0,0,27.8,0.0,1
7974,1776086384.3478673,0.04331699983595172, 0.342687999818736,0,0,27.8,0.0,1
7975,1776086384.3777173,0.05719699993278482, 0.3439410002101795,0,0,27.8,0.0,1
7976,1776086384.4072382,0.043110000206070254, 0.339137000082701,0,0,27.8,0.0,1
7977,1776086384.437059,0.04298699968785513, 0.34299499975531944,0,0,27.8,0.0,1
7978,1776086384.4668994,0.04461700018509873, 0.3361960002621345,0,0,27.8,0.0,1
7979,1776086384.4965851,0.03804199968726607, 0.33571600033610594,0,0,27.8,0.0,1
7980,1776086384.5261855,0.04332699973019771, 0.3392950002307771,0,0,27.8,0.0,1
7981,1776086384.5562406,0.056569999742350774, 0.3949920001105056,0,0,27.8,0.0,1
7982,1776086384.587201,0.0416460002270469, 0.31511900033365237,0,0,27.8,0.0,1
7983,1776086384.615123,0.04134900018470944, 0.33695699994495953,0,0,27.8,0.0,1
7984,1776086384.64513,0.0445170003331441, 0.350622000041767,0,0,27.8,0.0,1
7985,1776086384.6748552,0.05061999991085031, 0.33876599991344847,0,0,27.8,0.0,1
7986,1776086384.704314,0.0435830002061266, 0.3291570001238142,0,0,27.8,0.0,1
7987,1776086384.7344425,0.047928999720170395, 0.37286199994923663,0,0,27.8,0.0,1
7988,1776086384.7641008,0.052767999932257226, 0.38252600006671855,0,0,27.8,0.0,1
7989,1776086384.7932668,0.04646799970942084, 0.3963909998674353,0,0,27.8,0.0,1
7990,1776086384.8234136,0.0475379997624259, 0.377180000214139,0,0,27.8,0.0,1
7991,1776086384.8536973,0.056910999774117954, 0.3217729999960284,0,0,27.8,0.0,1
7992,1776086384.88274,0.07120000009308569, 0.3549550001480384,0,0,27.8,0.0,1
7993,1776086384.912024,0.047106999772950076, 0.39139299997259513,0,0,27.8,0.0,1
7994,1776086384.9416745,0.04224599979352206, 0.393432000237226,0,0,27.8,0.0,1
7994,1776086385.0042696,32.97687700023744, 0.2947789998870576,16,16,27.8,0.0,0
7995,1776086385.032752,20.033602000239625, 0.27226600013818825,11,0,27.8,0.0,0
7996,1776086385.0475402,13.053889000275376, 0.31187500007945346,15,15,27.8,0.0,0
7997,1776086385.0838706,21.63512000015544, 0.3220860003239068,18,20,27.8,0.0,0
7998,1776086385.3660023,17.63243400000647, 257.87133399990125,18,10,27.8,0.0,0
8000,1776086385.3701897,0.563958999919123, 0.1768739998624369,0,10,27.8,0.0,1
8001,1776086385.3888311,0.6766080000488728, 0.31738900042910245,0,9,27.8,0.0,1
8002,1776086385.4198265,2.2403899997698318, 0.30583999978262,0,8,27.8,0.0,1
8003,1776086385.451844,0.465926999822841, 0.3064499996980885,0,0,27.8,0.0,1
8004,1776086385.478522,0.04185399984635296, 0.3135519996249059,0,0,27.8,0.0,1
8005,1776086385.5068433,0.04660000013245735, 0.34297100000912906,0,0,27.8,0.0,1
8006,1776086385.5363152,0.0449789999947825, 0.3359070001351938,0,0,27.8,0.0,1
8007,1776086385.566077,0.0428070002271852, 0.3394149998712237,0,0,27.8,0.0,1
8008,1776086385.595925,0.045356000100582605, 0.339803999850119,0,0,27.8,0.0,1
8009,1776086385.6257794,0.04659300020648516, 0.34567300008347956,0,0,27.8,0.0,1
8010,1776086385.6552293,0.04305499987822259, 0.3433019996919029,0,0,27.8,0.0,1
8011,1776086385.6852407,0.048272000185534125, 0.380273000246234,0,0,27.8,0.0,1
8012,1776086385.7152312,0.04640599991034833, 0.33740999970177654,0,0,27.8,0.0,1
8013,1776086385.7449572,0.038733000110369176, 0.3142860000480141,0,0,27.8,0.0,1
8014,1776086385.7741532,0.04320800007917569, 0.3442889997131715,0,0,27.8,0.0,1
8015,1776086385.8039567,0.045263000174600165, 0.34063800012518186,0,0,27.8,0.0,1
8016,1776086385.833869,0.04573099977278616, 0.339579999945272,0,0,27.8,0.0,1
8017,1776086385.863251,0.04229199976180098, 0.334817999828374,0,0,27.8,0.0,1
8018,1776086385.8931186,0.04555099985736888, 0.34331300003032084,0,0,27.8,0.0,1
8019,1776086385.9227903,0.04395499991005636, 0.3393250003682624,0,0,27.8,0.0,1
8020,1776086385.9528503,0.044735000301443506, 0.34738800013656146,0,0,27.8,0.0,1
8021,1776086385.98338,0.05066799985797843, 0.3880140002365806,0,0,27.8,0.0,1
8022,1776086386.0119898,0.04622100004780805, 0.33444100017732126,0,0,27.8,0.0,1
8023,1776086386.0417135,0.061143000039010076, 0.34702899984040414,0,0,27.8,0.0,1
8024,1776086386.0727632,0.038050000057410216, 0.29551499983426766,0,0,27.8,0.0,1
8025,1776086386.1009777,0.04526599968812661, 0.33873099982884014,0,0,27.8,0.0,1
8026,1776086386.1309755,0.04480699999476201, 0.3322090001347533,0,0,27.8,0.0,1
8027,1776086386.1602979,0.04201899992040126, 0.3436409997448209,0,0,27.8,0.0,1
8028,1776086386.190179,0.04242699969836394, 0.3395680000721768,0,0,27.8,0.0,1
8029,1776086386.2199981,0.04348499987827381, 0.3492549999464245,0,0,27.8,0.0,1
8030,1776086386.2497647,0.04565599965644651, 0.3436140000303567,0,0,27.8,0.0,1
8031,1776086386.27973,0.05680999993273872, 0.34086699997715186,0,0,27.8,0.0,1
8032,1776086386.3094752,0.042409999878145754, 0.34708299972407985,0,0,27.8,0.0,1
8033,1776086386.339521,0.046579999889218016, 0.3408539996598847,0,0,27.8,0.0,1
8033,1776086386.4023643,33.7762709996241, 0.3479339998193609,21,20,27.8,0.0,0
8034,1776086386.443914,22.55583599981037, 0.27809399989564554,19,0,27.8,0.0,0
8035,1776086386.4607646,15.112699999917822, 0.3201589997843257,22,20,27.8,0.0,0
8036,1776086386.4754176,12.78404300001057, 0.3432690000408911,22,20,27.8,0.0,0
8037,1776086386.7618144,17.19772299975375, 258.4925619999012,17,14,27.8,0.0,0
8039,1776086386.7658675,0.6617569997615647, 0.17941099986273912,0,14,27.8,0.0,1
8040,1776086386.7855234,0.8976170001915307, 0.3521720000208006,0,12,27.8,0.0,1
8041,1776086386.814917,0.7856590000301367, 0.34716900017883745,0,9,27.8,0.0,1
8042,1776086386.8460536,2.0730720002575254, 0.39233200004673563,0,0,27.8,0.0,1
8043,1776086386.877949,0.03622399981395574, 0.258338000094227,0,0,27.8,0.0,1
8044,1776086386.9035773,0.04518900004768511, 0.3287290001026122,0,0,27.8,0.0,1
8045,1776086386.9337046,0.055825999879743904, 0.31508500023846864,0,0,27.8,0.0,1
8046,1776086386.9629579,0.045667999984289054, 0.33291399995505344,0,0,27.8,0.0,1
8047,1776086386.9927864,0.043746000301325694, 0.33812299989222083,0,0,27.8,0.0,1
8048,1776086387.022418,0.04728400017484091, 0.38384400022550835,0,0,27.8,0.0,1
8049,1776086387.052,0.04328800014263834, 0.3429419998610683,0,0,27.8,0.0,1
8050,1776086387.0818086,0.04293400024835137, 0.343998000062129,0,0,27.8,0.0,1
8051,1776086387.1112485,0.04277399966667872, 0.343435000104364,0,0,27.8,0.0,1
8052,1776086387.1411598,0.04337600012149778, 0.3467189999355469,0,0,27.8,0.0,1
8053,1776086387.1711335,0.043353999899409246, 0.3405259999453847,0,0,27.8,0.0,1
8054,1776086387.2003446,0.04384400017443113, 0.33083599964811583,0,0,27.8,0.0,1
8055,1776086387.2301407,0.04468499992071884, 0.3455860000940447,0,0,27.8,0.0,1
8056,1776086387.2614465,0.04132100002607331, 0.21291299981385237,0,0,27.8,0.0,1
8057,1776086387.2897892,0.04666399991037906, 0.34486399999877904,0,0,27.8,0.0,1
8058,1776086387.3196068,0.04557000011118362, 0.36312799966253806,0,0,27.8,0.0,1
8059,1776086387.3494158,0.05026100006944034, 0.38270799996098503,0,0,27.8,0.0,1
8060,1776086387.3792012,0.045448000037140446, 0.3765409996958624,0,0,27.8,0.0,1
8061,1776086387.408282,0.04961000013281591, 0.3359789998285123,0,0,27.8,0.0,1
8062,1776086387.4381955,0.041181999677064596, 0.34299499975531944,0,0,27.8,0.0,1
8063,1776086387.4679632,0.04658599982576561, 0.3361970002515591,0,0,27.8,0.0,1
8064,1776086387.4985976,0.052365000101417536, 0.36482199993770337,0,0,27.8,0.0,1
8065,1776086387.527915,0.03948099993067444, 0.31942199984769104,0,0,27.8,0.0,1
8066,1776086387.5570326,0.04088300011062529, 0.3459240001575381,0,0,27.8,0.0,1
8067,1776086387.5871534,0.050195000312669436, 0.37152100003368105,0,0,27.8,0.0,1
8068,1776086387.6163154,0.043125000047439244, 0.33700099993438926,0,0,27.8,0.0,1
8069,1776086387.6464553,0.045961000068928115, 0.3768520000448916,0,0,27.8,0.0,1
8070,1776086387.6760037,0.04692699985753279, 0.33811000002970104,0,0,27.8,0.0,1
8071,1776086387.7054617,0.04096300017408794, 0.34513399987190496,0,0,27.8,0.0,1
8072,1776086387.735342,0.04204600008961279, 0.33339300034640473,0,0,27.8,0.0,1
8072,1776086387.7974193,31.97564299989608, 0.2772299999378447,12,12,27.8,0.0,0
8073,1776086387.8129165,13.674965000063821, 0.23912300002848497,14,0,27.8,0.0,0
8074,1776086387.8492663,21.860432000266883, 0.28008599974782555,13,13,27.8,0.0,0
8075,1776086387.8739707,17.004062000069098, 0.28578399997059023,9,13,27.8,0.0,0
8076,1776086388.1625721,19.527284000105283, 258.6388919999081,10,9,27.8,0.0,0
8078,1776086388.167477,0.2802159997372655, 0.18630700014909962,0,9,27.8,0.0,1
8079,1776086388.1814854,0.6351179999910528, 0.3604559997256729,0,6,27.8,0.0,1
8080,1776086388.213259,2.1425130003080994, 0.32737499986978946,0,5,27.8,0.0,1
8081,1776086388.2452552,0.3505989998302539, 0.2969060001305479,0,0,27.8,0.0,1
8082,1776086388.2701309,0.04438799987838138, 0.3336629997647833,0,0,27.8,0.0,1
8083,1776086388.2999818,0.04143799969824613, 0.3395140001885011,0,0,27.8,0.0,1
8084,1776086388.3298638,0.046428000132436864, 0.3368990001035854,0,0,27.8,0.0,1
8085,1776086388.3592582,0.04790399998455541, 0.33544999996593106,0,0,27.8,0.0,1
8086,1776086388.389454,0.04338000007919618, 0.3434069999457279,0,0,27.8,0.0,1
8087,1776086388.4195442,0.04539500014288933, 0.33240899983866257,0,0,27.8,0.0,1
8088,1776086388.4487493,0.06323899970084312, 0.34971600007338566,0,0,27.8,0.0,1
8089,1776086388.4782057,0.04429199998412514, 0.3403850000722741,0,0,27.8,0.0,1
8090,1776086388.5080323,0.044176999836054165, 0.3405649999876914,0,0,27.8,0.0,1
8091,1776086388.537838,0.04747599996335339, 0.34082299998772214,0,0,27.8,0.0,1
8092,1776086388.5673144,0.044179000269650714, 0.3361509998285328,0,0,27.8,0.0,1
8093,1776086388.5971122,0.044068000079278136, 0.34245399956489564,0,0,27.8,0.0,1
8094,1776086388.6269963,0.04542299984677811, 0.339002000146138,0,0,27.8,0.0,1
8095,1776086388.6570077,0.04355199962446932, 0.34169200034739333,0,0,27.8,0.0,1
8096,1776086388.686212,0.04341100020610611, 0.33909900002981885,0,0,27.8,0.0,1
8097,1776086388.7159104,0.043141000332980184, 0.338458999976865,0,0,27.8,0.0,1
8098,1776086388.747345,0.02405599980193074, 0.18079499977829983,0,0,27.8,0.0,1
8099,1776086388.775612,0.04367800011095824, 0.35271699971417547,0,0,27.8,0.0,1
8100,1776086388.8051124,0.044270999751461204, 0.33990499969149823,0,0,27.8,0.0,1
8101,1776086388.8348927,0.04529599982561194, 0.3374200000507699,0,0,27.8,0.0,1
8102,1776086388.8650854,0.049280999974143924, 0.3813069997704588,0,0,27.8,0.0,1
8103,1776086388.8942301,0.04287199999453151, 0.3395329999875685,0,0,27.8,0.0,1
8104,1776086388.923963,0.04482000031202915, 0.35332300012669293,0,0,27.8,0.0,1
8105,1776086388.953799,0.04495999974096776, 0.3385750001143606,0,0,27.8,0.0,1
8106,1776086388.984285,0.04568899976220564, 0.3454379998402146,0,0,27.8,0.0,1
8107,1776086389.0137548,0.04043299986733473, 0.31829399995331187,0,0,27.8,0.0,1
8108,1776086389.0429072,0.042083000153070316, 0.339798999902996,0,0,27.8,0.0,1
8109,1776086389.0729725,0.05090000013296958, 0.37240400024529663,0,0,27.8,0.0,1
8110,1776086389.102148,0.0444349998360849, 0.33953499996641767,0,0,27.8,0.0,1
8111,1776086389.132389,0.04576900028041564, 0.381712000034895,0,0,27.8,0.0,1
8111,1776086389.1940432,32.32271300021239, 0.2735319999374042,12,12,27.8,0.0,0
8112,1776086389.209794,13.912079999954585, 0.2518780001992127,20,0,27.8,0.0,0
8113,1776086389.2441301,21.534658999826206, 0.30009200008862535,16,16,27.8,0.0,0
8114,1776086389.2686317,17.379110000092624, 0.3410750000512053,22,20,27.8,0.0,0
8115,1776086389.5598233,20.934909000061452, 258.3332489998611,20,10,27.8,0.0,0
8117,1776086389.5639048,0.6167309998090786, 0.2856250002878369,0,10,27.8,0.0,1
8118,1776086389.57866,0.684778000049846, 0.33079900003940566,0,10,27.8,0.0,1
8119,1776086389.608496,0.622234000275057, 0.3173640002387401,0,10,27.8,0.0,1
8120,1776086389.6391106,2.0433459999367187, 0.4003170001851686,0,0,27.8,0.0,1
8121,1776086389.6711173,0.036096000258112326, 0.2615640000840358,0,0,27.8,0.0,1
8122,1776086389.6967108,0.044053000237909146, 0.34529399999883026,0,0,27.8,0.0,1
8123,1776086389.7261858,0.04344200033301604, 0.3337909997753741,0,0,27.8,0.0,1
8124,1776086389.7561471,0.04438599989953218, 0.33888799998749164,0,0,27.8,0.0,1
8125,1776086389.786105,0.05164699996385025, 0.3810390003309294,0,0,27.8,0.0,1
8126,1776086389.8161075,0.05073400006949669, 0.3790839996327122,0,0,27.8,0.0,1
8127,1776086389.845431,0.04311600014261785, 0.34563400004117284,0,0,27.8,0.0,1
8128,1776086389.874972,0.04709800032287603, 0.3451480001785967,0,0,27.8,0.0,1
8129,1776086389.9046693,0.04501100011111703, 0.35727299973586923,0,0,27.8,0.0,1
8130,1776086389.935785,0.04065099983563414, 0.2939820001301996,0,0,27.8,0.0,1
8131,1776086389.9640064,0.04291000004741363, 0.3370160002305056,0,0,27.8,0.0,1
8132,1776086389.994287,0.05026300004828954, 0.37543999997069477,0,0,27.8,0.0,1
8133,1776086390.0239635,0.05044699992140522, 0.3839820001303451,0,0,27.8,0.0,1
8134,1776086390.0531566,0.04520600032265065, 0.34120999998776824,0,0,27.8,0.0,1
8135,1776086390.0829022,0.044316000185062876, 0.34148399981859257,0,0,27.8,0.0,1
8136,1776086390.1127894,0.04714500028057955, 0.3409759997339279,0,0,27.8,0.0,1
8137,1776086390.142196,0.04298000021663029, 0.34237799991387874,0,0,27.8,0.0,1
8138,1776086390.1724534,0.043541000195546076, 0.3492579999146983,0,0,27.8,0.0,1
8139,1776086390.2025013,0.04543900013231905, 0.3450330000305257,0,0,27.8,0.0,1
8140,1776086390.231379,0.044055000216758344, 0.33982300010393374,0,0,27.8,0.0,1
8141,1776086390.2611809,0.04396999975142535, 0.3402389997972932,0,0,27.8,0.0,1
8142,1776086390.2899086,0.03606799964472884, 0.2986750000673055,0,0,27.8,0.0,1
8143,1776086390.3207855,0.04306800019548973, 0.35681800000020303,0,0,27.8,0.0,1
8144,1776086390.3502247,0.04322200038586743, 0.33263499972235877,0,0,27.8,0.0,1
8145,1776086390.3800259,0.04387799981486751, 0.3448779998507234,0,0,27.8,0.0,1
8146,1776086390.4099293,0.04699700002674945, 0.34087899985024706,0,0,27.8,0.0,1
8147,1776086390.4399433,0.043710999761970015, 0.3393990000404301,0,0,27.8,0.0,1
8148,1776086390.4691718,0.04120499988857773, 0.3420670000195969,0,0,27.8,0.0,1
8149,1776086390.498939,0.04614999988916679, 0.3416279996599769,0,0,27.8,0.0,1
8150,1776086390.530264,0.04086799981450895, 0.30744000014237827,0,0,27.8,0.0,1
8150,1776086390.5907829,32.70367400000396, 0.3229720000490488,18,18,27.8,0.0,0
8151,1776086390.6061983,13.519491999886668, 0.2595289997771033,20,0,27.8,0.0,0
8152,1776086390.6409445,22.487328999886813, 0.33585299979677075,26,20,27.8,0.0,0
8153,1776086390.6653023,17.563770999913686, 0.3391850000298291,22,20,27.8,0.0,0
8154,1776086390.9563684,21.036551000179315, 258.6275339999702,21,14,27.8,0.0,0
8156,1776086390.960601,0.6969270002628036, 0.17614099988350063,0,14,27.8,0.0,1
8157,1776086390.9745781,0.8041650003178802, 0.31669899999542395,0,12,27.8,0.0,1
8158,1776086391.0050962,1.9933170001422695, 0.28574200041475706,0,10,27.8,0.0,1
8159,1776086391.0388532,0.5630700002257072, 0.3364780000083556,0,0,27.8,0.0,1
8160,1776086391.0634537,0.049341000249114586, 0.3659740000330203,0,0,27.8,0.0,1
8161,1776086391.0939236,0.04104100025870139, 0.30971600017437595,0,0,27.8,0.0,1
8162,1776086391.1230454,0.04517499974099337, 0.3379830000085349,0,0,27.8,0.0,1
8163,1776086391.1527736,0.04483400016397354, 0.3430130000197096,0,0,27.8,0.0,1
8164,1776086391.1822617,0.04551299980448675, 0.3298389997326012,0,0,27.8,0.0,1
8165,1776086391.2120998,0.04347100002632942, 0.344649999988178,0,0,27.8,0.0,1
8166,1776086391.241958,0.045523999688157346, 0.34589999995660037,0,0,27.8,0.0,1
8167,1776086391.2717047,0.04325500003687921, 0.3598250000322878,0,0,27.8,0.0,1
8168,1776086391.301254,0.04487200021685567, 0.3403200003049278,0,0,27.8,0.0,1
8169,1776086391.3312883,0.044800000068789814, 0.34032399980787886,0,0,27.8,0.0,1
8170,1776086391.3608944,0.04532000002654968, 0.3403069999876607,0,0,27.8,0.0,1
8171,1776086391.390191,0.04426800023793476, 0.34292600003027474,0,0,27.8,0.0,1
8172,1776086391.4217672,0.031567999940307345, 0.18753499989543343,0,0,27.8,0.0,1
8173,1776086391.4498513,0.04348899983597221, 0.3403030000299623,0,0,27.8,0.0,1
8174,1776086391.4797366,0.06602199982808088, 0.34440800027368823,0,0,27.8,0.0,1
8175,1776086391.5091295,0.04592400000547059, 0.33857099970191484,0,0,27.8,0.0,1
8176,1776086391.5389953,0.04514700003710459, 0.3427319998081657,0,0,27.8,0.0,1
8177,1776086391.5687852,0.046782000026723836, 0.3436339998188487,0,0,27.8,0.0,1
8178,1776086391.5986977,0.04945299997416441, 0.362576000043191,0,0,27.8,0.0,1
8179,1776086391.6284006,0.049280999974143924, 0.37961399993946543,0,0,27.8,0.0,1
8180,1776086391.6582737,0.04249400035405415, 0.33833899988167104,0,0,27.8,0.0,1
8181,1776086391.6883144,0.04232400033288286, 0.34561700022095465,0,0,27.8,0.0,1
8182,1776086391.7171817,0.04269600003681262, 0.34425100011503673,0,0,27.8,0.0,1
8183,1776086391.746989,0.04474399975151755, 0.3343779999340768,0,0,27.8,0.0,1
8184,1776086391.777075,0.05198500002734363, 0.3692830000545655,0,0,27.8,0.0,1
8185,1776086391.8062494,0.044800000068789814, 0.3401799999664945,0,0,27.8,0.0,1
8186,1776086391.836179,0.04306999971959158, 0.34312500019950676,0,0,27.8,0.0,1
8187,1776086391.8658917,0.04524500036495738, 0.34333900021010777,0,0,27.8,0.0,1
8188,1776086391.8958354,0.0432709998676728, 0.34938799990413827,0,0,27.8,0.0,1
8189,1776086391.92555,0.04679399989981903, 0.3322110001136025,0,0,27.8,0.0,1
8189,1776086391.989083,34.10725799994907, 0.3036979996977607,17,17,27.8,0.0,0
8190,1776086392.0045643,13.60116600017136, 0.2860829999917769,27,0,27.8,0.0,0
8191,1776086392.0331137,18.30556400000205, 0.32791900002848706,27,20,27.8,0.0,0
8192,1776086392.0658295,21.003411000037886, 0.32383000007030205,26,20,27.8,0.0,0
8193,1776086392.3531134,18.844876999992266, 260.6283660002191,20,14,27.8,0.0,0
8195,1776086392.3572342,0.46630199994979193, 0.17934899960891926,0,14,27.8,0.0,1
8196,1776086392.3717244,0.8830619999571354, 0.35071599995717406,0,10,27.8,0.0,1
8197,1776086392.4014618,0.7052079999994021, 0.3391380000721256,0,9,27.8,0.0,1
8198,1776086392.4322445,1.9677810000757745, 0.3844459997708327,0,0,27.8,0.0,1
8199,1776086392.4642582,0.0352820002262888, 0.2701109997360618,0,0,27.8,0.0,1
8200,1776086392.4899478,0.04729200009023771, 0.3358640001351887,0,0,27.8,0.0,1
8201,1776086392.5200212,0.044750999677489744, 0.3429430003052403,0,0,27.8,0.0,1
8202,1776086392.54917,0.04437100005816319, 0.3371810003045539,0,0,27.8,0.0,1
8203,1776086392.5789793,0.045821000185242156, 0.34027399988190155,0,0,27.8,0.0,1
8204,1776086392.610324,0.02703300015127752, 0.18050399967250996,0,0,27.8,0.0,1
8205,1776086392.6382332,0.042225000015605474, 0.3422419999878912,0,0,27.8,0.0,1
8206,1776086392.6678448,0.05050199979450554, 0.3701010000440874,0,0,27.8,0.0,1
8207,1776086392.697475,0.04700699992099544, 0.40343499995287857,0,0,27.8,0.0,1
8208,1776086392.727245,0.047992999952839455, 0.4157450002821861,0,0,27.8,0.0,1
8209,1776086392.7567692,0.044877000163978664, 0.42173400015599327,0,0,27.8,0.0,1
8210,1776086392.7864728,0.047760000143171055, 0.3815059999396908,0,0,27.8,0.0,1
8211,1776086392.8163724,0.04810700011148583, 0.41728199994395254,0,0,27.8,0.0,1
8212,1776086392.846266,0.04404700030136155, 0.3383340003892954,0,0,27.8,0.0,1
8213,1776086392.8765504,0.05098200017528143, 0.35446200035949005,0,0,27.8,0.0,1
8214,1776086392.9053721,0.044967999656364555, 0.40688199987926055,0,0,27.8,0.0,1
8215,1776086392.9351897,0.04643199963538791, 0.38889100005690125,0,0,27.8,0.0,1
8216,1776086392.9649608,0.045433000195771456, 0.34961699975610827,0,0,27.8,0.0,1
8217,1776086392.9945245,0.04549999994196696, 0.39121600002545165,0,0,27.8,0.0,1
8218,1776086393.0242546,0.04767199970956426, 0.4030310001326143,0,0,27.8,0.0,1
8219,1776086393.0542002,0.054474000080517726, 0.38090900034148945,0,0,27.8,0.0,1
8220,1776086393.0837092,0.04251400014254614, 0.3710119999595918,0,0,27.8,0.0,1
8221,1776086393.1141636,0.045123000290914206, 0.36804399996981374,0,0,27.8,0.0,1
8222,1776086393.1438754,0.04932000001645065, 0.40469200030202046,0,0,27.8,0.0,1
8223,1776086393.1731675,0.0460610003756301, 0.3379690001565905,0,0,27.8,0.0,1
8224,1776086393.2044456,0.039977000142243924, 0.26114799993592896,0,0,27.8,0.0,1
8225,1776086393.2328558,0.04333300012149266, 0.33473199982836377,0,0,27.8,0.0,1
8226,1776086393.262233,0.044858999899588525, 0.34276799988219864,0,0,27.8,0.0,1
8227,1776086393.2923222,0.04874700016443967, 0.3734319998329738,0,0,27.8,0.0,1
8228,1776086393.3218958,0.04443200032255845, 0.3410129997973854,0,0,27.8,0.0,1
8228,1776086393.3857307,33.9983819999361, 0.32483099994351505,20,20,27.8,0.0,0
8229,1776086393.4388738,23.480944999846542, 0.277599000128248,22,0,27.8,0.0,0
8230,1776086393.4621656,18.983761000072263, 0.3071430001000408,17,17,27.8,0.0,0
8231,1776086393.4885576,17.806978999942658, 0.32598999996480416,14,20,27.8,0.0,0
8232,1776086393.7806613,21.355702999699133, 259.4981359998201,16,13,27.8,0.0,0
8234,1776086393.7850864,0.3899719999935769, 0.1817029997255304,0,13,27.8,0.0,1
8235,1776086393.798924,0.7277760000761191, 0.294758000109141,0,10,27.8,0.0,1
8236,1776086393.829164,2.1765649998997105, 0.3193369998371054,0,8,27.8,0.0,1
8237,1776086393.8619897,0.4755159998239833, 0.32094200014398666,0,0,27.8,0.0,1
8238,1776086393.886276,0.04331800028012367, 0.33327100027236156,0,0,27.8,0.0,1
8239,1776086393.9160647,0.04330499996285653, 0.3435990001889877,0,0,27.8,0.0,1
8240,1776086393.945969,0.044969000100536505, 0.3402900001674425,0,0,27.8,0.0,1
8241,1776086393.975862,0.04500300019572023, 0.3380919997653109,0,0,27.8,0.0,1
8242,1776086394.0058944,0.04587500006891787, 0.34497399974497966,0,0,27.8,0.0,1
8243,1776086394.035393,0.0417159999415162, 0.3588490003494371,0,0,27.8,0.0,1
8244,1776086394.064929,0.046332000238180626, 0.3375810001671198,0,0,27.8,0.0,1
8245,1776086394.0943363,0.04610700034390902, 0.33567699983905186,0,0,27.8,0.0,1
8246,1776086394.1241271,0.04382799988889019, 0.33514099959575105,0,0,27.8,0.0,1
8247,1776086394.1542485,0.04989299986846163, 0.3892449999511882,0,0,27.8,0.0,1
8248,1776086394.1839645,0.05091499997433857, 0.37782200024594204,0,0,27.8,0.0,1
8249,1776086394.2132204,0.04336499978307984, 0.33639399998719455,0,0,27.8,0.0,1
8250,1776086394.2430513,0.04553399958240334, 0.3420859998186643,0,0,27.8,0.0,1
8251,1776086394.272968,0.04212500016365084, 0.3405600000405684,0,0,27.8,0.0,1
8252,1776086394.3023145,0.0453640000159794, 0.33661799989204155,0,0,27.8,0.0,1
8253,1776086394.3322158,0.04496300016398891, 0.3436619999774848,0,0,27.8,0.0,1
8254,1776086394.362625,0.04157600005783024, 0.32833699970069574,0,0,27.8,0.0,1
8255,1776086394.3932137,0.04238400015310617, 0.3185330001542752,0,0,27.8,0.0,1
8256,1776086394.4212182,0.043959000322502106, 0.3407809999771416,0,0,27.8,0.0,1
8257,1776086394.451038,0.04608800009009428, 0.33783599974412937,0,0,27.8,0.0,1
8258,1776086394.4813166,0.0493960001222149, 0.39597700015292503,0,0,27.8,0.0,1
8259,1776086394.5107105,0.04295899998396635, 0.3677600002447434,0,0,27.8,0.0,1
8260,1776086394.5401607,0.04432500008988427, 0.33674700034680427,0,0,27.8,0.0,1
8261,1776086394.5700061,0.04534599975158926, 0.3498490000310994,0,0,27.8,0.0,1
8262,1776086394.6000693,0.04502399997363682, 0.34252100022058585,0,0,27.8,0.0,1
8263,1776086394.629546,0.044007999804307474, 0.33633800012466963,0,0,27.8,0.0,1
8264,1776086394.6591063,0.045153999963076785, 0.3391260001990304,0,0,27.8,0.0,1
8265,1776086394.6889057,0.046970000312285265, 0.3410680001252331,0,0,27.8,0.0,1
8266,1776086394.7183454,0.042676000248320634, 0.3310010001769115,0,0,27.8,0.0,1
8267,1776086394.7480042,0.043322999772499315, 0.34254000001965323,0,0,27.8,0.0,1
8267,1776086394.7971177,19.13694899985785, 0.3142989999105339,18,18,27.8,0.0,0
8268,1776086394.846192,23.086861000138015, 0.2914220003731316,15,0,27.8,0.0,0
8269,1776086394.8638859,16.02767499980473, 0.28079000003344845,13,13,27.8,0.0,0
8270,1776086394.8806098,13.262787000257958, 0.3406219998396409,19,20,27.8,0.0,0
8271,1776086395.1745377,21.23639599994931, 257.9928230002224,16,12,27.8,0.0,0
8273,1776086395.1784055,0.7136579997677472, 0.3062269997826661,0,12,27.8,0.0,1
8274,1776086395.1944883,0.7934049999676063, 0.3527130002112244,0,10,27.8,0.0,1
8275,1776086395.224426,0.7920669995655771, 0.39049999986673356,0,8,27.8,0.0,1
8276,1776086395.2548468,2.1529480000026524, 0.3806770000664983,0,0,27.8,0.0,1
8277,1776086395.285972,0.024532000225008233, 0.17334600033791503,0,0,27.8,0.0,1
8278,1776086395.3122098,0.046485999973810976, 0.3797919998760335,0,0,27.8,0.0,1
8279,1776086395.3423965,0.0538170002073457, 0.3998130000582023,0,0,27.8,0.0,1
8280,1776086395.3718948,0.04495800021686591, 0.3775989998757723,0,0,27.8,0.0,1
8281,1776086395.401516,0.04714600027000415, 0.38234400017245207,0,0,27.8,0.0,1
8282,1776086395.4315362,0.050565000037749996, 0.35099700016871793,0,0,27.8,0.0,1
8283,1776086395.46082,0.04363799962447956, 0.35432300001048134,0,0,27.8,0.0,1
8284,1776086395.4906914,0.04316400008974597, 0.3889060003530176,0,0,27.8,0.0,1
8285,1776086395.5202518,0.04734399999506422, 0.3846669997074059,0,0,27.8,0.0,1
8286,1776086395.5509558,0.04352799987827893, 0.34347800010436913,0,0,27.8,0.0,1
8287,1776086395.5813072,0.04086699982508435, 0.3145069999845873,0,0,27.8,0.0,1
8288,1776086395.6093738,0.04555199984679348, 0.3905050002686039,0,0,27.8,0.0,1
8289,1776086395.6390235,0.03959600007874542, 0.3275839999332675,0,0,27.8,0.0,1
8290,1776086395.6693025,0.0474590001431352, 0.34926600028484245,0,0,27.8,0.0,1
8291,1776086395.6986637,0.04150199993091519, 0.3745140002138214,0,0,27.8,0.0,1
8292,1776086395.728262,0.044612000237975735, 0.38220599981286796,0,0,27.8,0.0,1
8293,1776086395.7584693,0.05037600021751132, 0.3740830002243456,0,0,27.8,0.0,1
8294,1776086395.7880964,0.046084000132395886, 0.3365289999237575,0,0,27.8,0.0,1
8295,1776086395.8184445,0.049327999931847444, 0.38125999981275527,0,0,27.8,0.0,1
8296,1776086395.847555,0.050626999836822506, 0.39709699967716006,0,0,27.8,0.0,1
8297,1776086395.8768613,0.04285199975129217, 0.34799200011548237,0,0,27.8,0.0,1
8298,1776086395.90664,0.05054199982623686, 0.3978350000579667,0,0,27.8,0.0,1
8299,1776086395.936935,0.0453620000371302, 0.3772449999814853,0,0,27.8,0.0,1
8300,1776086395.9669664,0.048687999878893606, 0.3804760003731644,0,0,27.8,0.0,1
8301,1776086395.9965765,0.05449799982670811, 0.3646250002020679,0,0,27.8,0.0,1
8302,1776086396.0262773,0.04870300017500995, 0.3800080003202311,0,0,27.8,0.0,1
8303,1776086396.05582,0.04431999968801392, 0.3458209998825623,0,0,27.8,0.0,1
8304,1776086396.0852697,0.042983000184904085, 0.3445840002314071,0,0,27.8,0.0,1
8305,1776086396.1149633,0.04371699969851761, 0.3406149999136687,0,0,27.8,0.0,1
8306,1776086396.1456373,0.041681999846332474, 0.3339790000609355,0,0,27.8,0.0,1
8306,1776086396.209136,32.98869199988985, 0.31781000006958493,17,17,27.8,0.0,0
8307,1776086396.252132,22.844274999897607, 0.2694869999686489,22,0,27.8,0.0,0
8308,1776086396.268607,14.705674999731855, 0.33721099998729187,24,20,27.8,0.0,0
8309,1776086396.28289,12.422052000147232, 0.33327700020890916,21,20,27.8,0.0,0
8310,1776086396.564492,14.903192000019772, 257.7783360002286,21,15,27.8,0.0,0
8312,1776086396.5689838,0.8369629999833705, 0.28417899966370896,0,15,27.8,0.0,1
8313,1776086396.5915356,0.9457099999963248, 0.3648619999694347,0,11,27.8,0.0,1
8314,1776086396.6217546,2.1545989998230652, 0.30726299974048743,0,10,27.8,0.0,1
8315,1776086396.6544495,0.5378359996939253, 0.33878099975481746,0,0,27.8,0.0,1
8316,1776086396.6794887,0.04759400007969816, 0.36404899992703577,0,0,27.8,0.0,1
8317,1776086396.709184,0.04166999997323728, 0.34646599988263915,0,0,27.8,0.0,1
8318,1776086396.738536,0.04491500021686079, 0.36601800002245,0,0,27.8,0.0,1
8319,1776086396.768218,0.04667200028052321, 0.38126299978102907,0,0,27.8,0.0,1
8320,1776086396.7984948,0.04721100003735046, 0.39586000002600485,0,0,27.8,0.0,1
8321,1776086396.8276582,0.04257199998392025, 0.3689479999593459,0,0,27.8,0.0,1
8322,1776086396.8579717,0.044596000407182146, 0.3577529996618978,0,0,27.8,0.0,1
8323,1776086396.8874173,0.04997199994249968, 0.3898149998349254,0,0,27.8,0.0,1
8324,1776086396.9174829,0.04818600018552388, 0.40105500011122786,0,0,27.8,0.0,1
8325,1776086396.9466429,0.04087599972990574, 0.3770479997911025,0,0,27.8,0.0,1
8326,1776086396.9769697,0.0456750003650086, 0.34419499979776447,0,0,27.8,0.0,1
8327,1776086397.0064063,0.05001500039725215, 0.3684950002025289,0,0,27.8,0.0,1
8328,1776086397.0364063,0.04406400012157974, 0.34640800004126504,0,0,27.8,0.0,1
8329,1776086397.06713,0.041523999698256375, 0.3144009997413377,0,0,27.8,0.0,1
8330,1776086397.0951345,0.04645299986805185, 0.3782469998441229,0,0,27.8,0.0,1
8331,1776086397.125293,0.05043999999543303, 0.38956699972914066,0,0,27.8,0.0,1
8332,1776086397.1550715,0.044146000163891586, 0.3364240001246799,0,0,27.8,0.0,1
8333,1776086397.1850297,0.04649799984690617, 0.3432889998293831,0,0,27.8,0.0,1
8334,1776086397.2146852,0.04162200002610916, 0.3547960000105377,0,0,27.8,0.0,1
8335,1776086397.2437541,0.04353299982540193, 0.3409709997868049,0,0,27.8,0.0,1
8336,1776086397.2738144,0.04412099997352925, 0.3411789998608583,0,0,27.8,0.0,1
8337,1776086397.303847,0.04398400005811709, 0.34336699991399655,0,0,27.8,0.0,1
8338,1776086397.3334298,0.049912999656953616, 0.39236800012076856,0,0,27.8,0.0,1
8339,1776086397.363175,0.04570000010062358, 0.36730900001202826,0,0,27.8,0.0,1
8340,1776086397.3928626,0.04291400000511203, 0.3407859999242646,0,0,27.8,0.0,1
8341,1776086397.422512,0.0474590001431352, 0.3695799996421556,0,0,27.8,0.0,1
8342,1776086397.451871,0.04162200002610916, 0.3506399998514098,0,0,27.8,0.0,1
8343,1776086397.4818377,0.05592200022874749, 0.39812700015318114,0,0,27.8,0.0,1
8344,1776086397.5115242,0.06134099976407015, 0.4187810000075842,0,0,27.8,0.0,1
8345,1776086397.5410683,0.046316999942064285, 0.3905959997609898,0,0,27.8,0.0,1
8345,1776086397.5900643,19.56810100000439, 0.27050600010625203,11,11,27.8,0.0,0
8346,1776086397.627549,22.432745000060095, 0.25147299993477645,14,0,27.8,0.0,0
8347,1776086397.6505613,18.01744400017924, 0.30714500007889,16,16,27.8,0.0,0
8348,1776086397.680938,19.027765999908297, 0.3157600003760308,17,19,27.8,0.0,0
8349,1776086397.9666007,19.030990000374004, 257.9064669998843,19,12,27.8,0.0,0
8351,1776086397.9702933,0.6860620001134521, 0.28885800020361785,0,12,27.8,0.0,1
8352,1776086397.9882526,0.8172279999598686, 0.3469879998192482,0,11,27.8,0.0,1
8353,1776086398.0176544,0.7423140000355488, 0.3341749998071464,0,11,27.8,0.0,1
8354,1776086398.0489256,2.217341000232409, 0.4098740000699763,0,0,27.8,0.0,1
8355,1776086398.0805082,0.04122399968764512, 0.27243200020166114,0,0,27.8,0.0,1
8356,1776086398.1055129,0.0456009997833462, 0.42385699998703785,0,0,27.8,0.0,1
8357,1776086398.1356792,0.04528899989963975, 0.3723510003510455,0,0,27.8,0.0,1
8358,1776086398.1653166,0.04514900001595379, 0.3343250000398257,0,0,27.8,0.0,1
8359,1776086398.1954112,0.04747299999507959, 0.37909599996055476,0,0,27.8,0.0,1
8360,1776086398.2256083,0.04574899958242895, 0.344974000199727,0,0,27.8,0.0,1
8361,1776086398.2561765,0.039370000195049215, 0.31730299997434486,0,0,27.8,0.0,1
8362,1776086398.2842848,0.043618999825412175, 0.34320299982937286,0,0,27.8,0.0,1
8363,1776086398.3139782,0.04337800010034698, 0.3383039997970627,0,0,27.8,0.0,1
8364,1776086398.344287,0.047807000100874575, 0.36912200039296295,0,0,27.8,0.0,1
8365,1776086398.3736546,0.04198199985694373, 0.3661850000753475,0,0,27.8,0.0,1
8366,1776086398.4030807,0.04426599980433821, 0.34024000024146517,0,0,27.8,0.0,1
8367,1776086398.4329064,0.0454379996881471, 0.34478600036891294,0,0,27.8,0.0,1
8368,1776086398.46306,0.04463200002646772, 0.33980500029429095,0,0,27.8,0.0,1
8369,1776086398.4925392,0.04579699998430442, 0.3365040001881425,0,0,27.8,0.0,1
8370,1776086398.5220318,0.04686900001615868, 0.3452159999142168,0,0,27.8,0.0,1
8371,1776086398.5518305,0.0455909998891002, 0.34368100023129955,0,0,27.8,0.0,1
8372,1776086398.581286,0.04508500023803208, 0.34122400029446,0,0,27.8,0.0,1
8373,1776086398.6110597,0.04470899966690922, 0.34102700010407716,0,0,27.8,0.0,1
8374,1776086398.640946,0.044764999984181486, 0.3419619997657719,0,0,27.8,0.0,1
8375,1776086398.6707401,0.05774400005975622, 0.34918999972433085,0,0,27.8,0.0,1
8376,1776086398.7001789,0.04376300012154388, 0.336477000018931,0,0,27.8,0.0,1
8377,1776086398.7300515,0.04351600000518374, 0.33913099969140603,0,0,27.8,0.0,1
8378,1776086398.7598395,0.047793000248930184, 0.33853300010378007,0,0,27.8,0.0,1
8379,1776086398.7893424,0.04371700015326496, 0.3365309999026067,0,0,27.8,0.0,1
8380,1776086398.8198254,0.04050799998367438, 0.3161090003231948,0,0,27.8,0.0,1
8381,1776086398.8504767,0.03865999997287872, 0.3197249998265761,0,0,27.8,0.0,1
8382,1776086398.8788745,0.04407899996294873, 0.33954699983951286,0,0,27.8,0.0,1
8383,1776086398.9081788,0.044904999867867446, 0.34434600001986837,0,0,27.8,0.0,1
8384,1776086398.9380507,0.044718000026477966, 0.34297799993510125,0,0,27.8,0.0,1
8384,1776086399.0007033,33.06595300000481, 0.24259199972220813,6,6,27.8,0.0,0
8385,1776086399.0178654,15.400852999846393, 0.23292500009119976,9,0,27.8,0.0,0
8386,1776086399.045534,18.330728999899293, 0.27579700008573127,11,11,27.8,0.0,0
8387,1776086399.0783432,20.93244500019864, 0.2907080001932627,11,13,27.8,0.0,0
8388,1776086399.3641307,19.051354000112042, 258.4153959996911,8,9,27.8,0.0,0
8390,1776086399.3679855,0.5486850000124832, 0.17200500042235944,0,9,27.8,0.0,1
8391,1776086399.3843927,0.638874999822292, 0.3331910002088989,0,8,27.8,0.0,1
8392,1776086399.4148767,2.100351000080991, 0.32175499973163824,0,6,27.8,0.0,1
8393,1776086399.4473436,0.38944100015214644, 0.30606800009991275,0,0,27.8,0.0,1
8394,1776086399.4722922,0.04760199999509496, 0.3646670002126484,0,0,27.8,0.0,1
8395,1776086399.502215,0.04742400005852687, 0.4154779999225866,0,0,27.8,0.0,1
8396,1776086399.531734,0.06184599988046102, 0.34851000009439304,0,0,27.8,0.0,1
8397,1776086399.5615501,0.049698999646352604, 0.3747869996004738,0,0,27.8,0.0,1
8398,1776086399.591162,0.044981999963056296, 0.3854240003420273,0,0,27.8,0.0,1
8399,1776086399.6217592,0.06691599992336705, 0.37158399982217816,0,0,27.8,0.0,1
8400,1776086399.6506567,0.04178500012130826, 0.370679999832646,0,0,27.8,0.0,1
8401,1776086399.6815348,0.05142999998497544, 0.40719300022828975,0,0,27.8,0.0,1
8402,1776086399.7114084,0.04266900032234844, 0.34703199980867794,0,0,27.8,0.0,1
8403,1776086399.7413926,0.04148099969825125, 0.3144059996884607,0,0,27.8,0.0,1
8404,1776086399.7694945,0.04640099996322533, 0.368358999821794,0,0,27.8,0.0,1
8405,1776086399.7992728,0.04933099990012124, 0.40145299999494455,0,0,27.8,0.0,1
8406,1776086399.8290656,0.04461699973035138, 0.3881350003211992,0,0,27.8,0.0,1
8407,1776086399.8593204,0.04739600035463809, 0.3632430002653564,0,0,27.8,0.0,1
8408,1776086399.8889353,0.04499399983615149, 0.3481400003693125,0,0,27.8,0.0,1
8409,1776086399.9187515,0.04711799965662067, 0.3379690001565905,0,0,27.8,0.0,1
8410,1776086399.9486368,0.040658000216353685, 0.3283700002612022,0,0,27.8,0.0,1
8411,1776086399.9784527,0.04387699982544291, 0.375744999928429,0,0,27.8,0.0,1
8412,1776086400.0078826,0.04436499966686824, 0.34468300009393715,0,0,27.8,0.0,1
8413,1776086400.0375957,0.0460680003016023, 0.3519580000101996,0,0,27.8,0.0,1
8414,1776086400.0675004,0.049497999953018734, 0.36442700002226047,0,0,27.8,0.0,1
8415,1776086400.0972342,0.046754000322835054, 0.3803199997491902,0,0,27.8,0.0,1
8416,1776086400.1268585,0.04804399986824137, 0.3435910002735909,0,0,27.8,0.0,1
8417,1776086400.1565254,0.05104399997435394, 0.3629679999903601,0,0,27.8,0.0,1
8418,1776086400.18616,0.04429399996297434, 0.34308000022065244,0,0,27.8,0.0,1
8419,1776086400.2158394,0.04333599963501911, 0.33881200033647474,0,0,27.8,0.0,1
8420,1776086400.2457228,0.060617000144702615, 0.350966000041808,0,0,27.8,0.0,1
8421,1776086400.2751083,0.04562799995255773, 0.3341430001455592,0,0,27.8,0.0,1
8422,1776086400.3056588,0.0414840001212724, 0.32845300029293867,0,0,27.8,0.0,1
8423,1776086400.3362691,0.04046399999424466, 0.31863499998507905,0,0,27.8,0.0,1
8423,1776086400.3953881,31.32160900031522, 0.23149300022851094,4,4,27.8,0.0,0
8424,1776086400.4127474,15.113166999981331, 0.20981499983463436,7,0,27.8,0.0,0
8425,1776086400.446512,21.420197000225016, 0.2689299999474315,8,8,27.8,0.0,0
8426,1776086400.474472,20.190559000184294, 0.31208600012178067,11,15,27.8,0.0,0
8427,1776086400.7606685,19.382517999929405, 258.08555100002195,16,5,27.8,0.0,0
8429,1776086400.7645047,0.39625899989914615, 0.32171000020753127,0,5,27.8,0.0,1
8430,1776086400.7806196,0.4221640001560445, 0.3565390002222557,0,3,27.8,0.0,1
8431,1776086400.8103921,0.3481429998828389, 0.3444320000198786,0,3,27.8,0.0,1
8432,1776086400.8417423,1.8731139998635626, 0.3380630000719975,0,0,27.8,0.0,1
8433,1776086400.87433,0.038671999845973914, 0.27527899965207325,0,0,27.8,0.0,1
8434,1776086400.8997946,0.041898000290530035, 0.3088720000050671,0,0,27.8,0.0,1
8435,1776086400.9304843,0.04157399962423369, 0.31172499984677415,0,0,27.8,0.0,1
8436,1776086400.958803,0.043864999952347716, 0.3384560000085912,0,0,27.8,0.0,1
8437,1776086400.9883835,0.044130999867775245, 0.3620150000642752,0,0,27.8,0.0,1
8438,1776086401.0181258,0.04188899993096129, 0.3395270000510209,0,0,27.8,0.0,1
8439,1776086401.0473282,0.045482000132324174, 0.3745899998648383,0,0,27.8,0.0,1
8440,1776086401.077309,0.05253099971014308, 0.4132680001021072,0,0,27.8,0.0,1
8441,1776086401.1071174,0.04258599983586464, 0.3367369999978109,0,0,27.8,0.0,1
8442,1776086401.1373413,0.04813900022782036, 0.3348199998072232,0,0,27.8,0.0,1
8443,1776086401.1673808,0.04616900014298153, 0.3696849998959806,0,0,27.8,0.0,1
8444,1776086401.19581,0.040782000269246055, 0.3417299999455281,0,0,27.8,0.0,1
8445,1776086401.22613,0.045030999899609014, 0.3590719998101122,0,0,27.8,0.0,1
8446,1776086401.2558365,0.04366300026958925, 0.33988199993473245,0,0,27.8,0.0,1
8447,1776086401.2857685,0.04558299997370341, 0.3354990003572311,0,0,27.8,0.0,1
8448,1776086401.3151288,0.04448400022738497, 0.3369040000507084,0,0,27.8,0.0,1
8449,1776086401.345018,0.04291100003683823, 0.34218800010421546,0,0,27.8,0.0,1
8450,1776086401.3748422,0.04313299996283604, 0.34515099969212315,0,0,27.8,0.0,1
8451,1776086401.404297,0.040936999994301004, 0.33424999992348603,0,0,27.8,0.0,1
8452,1776086401.4340446,0.04333300012149266, 0.3339770000820863,0,0,27.8,0.0,1
8453,1776086401.4638822,0.04455699991012807, 0.34124800004065037,0,0,27.8,0.0,1
8454,1776086401.4940698,0.04060599985677982, 0.3173290001541318,0,0,27.8,0.0,1
8455,1776086401.5246134,0.0376879997929791, 0.3109660001427983,0,0,27.8,0.0,1
8456,1776086401.5530128,0.045137000142858597, 0.3461410001364129,0,0,27.8,0.0,1
8457,1776086401.5827243,0.06094999980632565, 0.3535679998094565,0,0,27.8,0.0,1
8458,1776086401.6123376,0.04316600006859517, 0.33915399990291917,0,0,27.8,0.0,1
8459,1776086401.6423922,0.04688799981522607, 0.37770000017189886,0,0,27.8,0.0,1
8460,1776086401.671922,0.046298999677674146, 0.34200299978692783,0,0,27.8,0.0,1
8461,1776086401.7016587,0.045418999889079714, 0.35825299983116565,0,0,27.8,0.0,1
8462,1776086401.7314591,0.04299500005799928, 0.35060700020039803,0,0,27.8,0.0,1
8462,1776086401.7945166,33.210211000096024, 0.3369139999449544,19,19,27.8,0.0,0
8463,1776086401.8401694,23.220166000101017, 0.2894689996537636,13,0,27.8,0.0,0
8464,1776086401.857037,14.58452099996066, 0.2800900001602713,13,13,27.8,0.0,0
8465,1776086401.8713698,12.515612999777659, 0.308145999952103,15,16,27.8,0.0,0
8466,1776086402.1514022,14.197052000326948, 257.15184199998475,15,7,27.8,0.0,0
8468,1776086402.1569595,0.6330649998744775, 0.37466599997060257,0,7,27.8,0.0,1
8469,1776086402.1777482,0.6691169996884128, 0.40621200014356873,0,7,27.8,0.0,1
8470,1776086402.2094393,2.5434819999645697, 0.40060800029095844,0,5,27.8,0.0,1
8471,1776086402.2421973,0.3679829997054185, 0.2962139997180202,0,0,27.8,0.0,1
8472,1776086402.2662637,0.09074999979929999, 0.44036699955540826,0,0,27.8,0.0,1
8473,1776086402.2962515,0.09337800020148279, 0.4283210000721738,0,0,27.8,0.0,1
8474,1776086402.3258739,0.04302700017433381, 0.4635340001186705,0,0,27.8,0.0,1
8475,1776086402.355236,0.09340599990537157, 0.434927000242169,0,0,27.8,0.0,1
8476,1776086402.3859215,0.038081999718997395, 0.4377199998089054,0,0,27.8,0.0,1
8477,1776086402.4168203,0.03511099976094556, 0.3529319997142011,0,0,27.8,0.0,1
8478,1776086402.4444194,0.04192500000499422, 0.43182499985050526,0,0,27.8,0.0,1
8479,1776086402.4741678,0.04266699988875189, 0.43309400007274235,0,0,27.8,0.0,1
8480,1776086402.5040789,0.04044299976158072, 0.4206110002087371,0,0,27.8,0.0,1
8481,1776086402.5338202,0.05591099989032955, 0.41848199998639757,0,0,27.8,0.0,1
8482,1776086402.5633192,0.04018300023744814, 0.41235599974243087,0,0,27.8,0.0,1
8483,1776086402.5930758,0.04106400001546717, 0.4247040001246205,0,0,27.8,0.0,1
8484,1776086402.6234505,0.039444999856641516, 0.41594899994379375,0,0,27.8,0.0,1
8485,1776086402.6527917,0.039991999983612914, 0.38386699998227414,0,0,27.8,0.0,1
8486,1776086402.6821995,0.1009630000226025, 0.35857300008501625,0,0,27.8,0.0,1
8487,1776086402.7120447,0.04304899994167499, 0.4091669998160796,0,0,27.8,0.0,1
8488,1776086402.7419038,0.08891399966159952, 0.4149129999859724,0,0,27.8,0.0,1
8489,1776086402.7716308,0.04328799968789099, 0.4984140000487969,0,0,27.8,0.0,1
8490,1776086402.8011205,0.10022000014942023, 0.408703000175592,0,0,27.8,0.0,1
8491,1776086402.8308003,0.04485099998419173, 0.34773200013660244,0,0,27.8,0.0,1
8492,1776086402.8607938,0.07003399969107704, 0.4081869997207832,0,0,27.8,0.0,1
8493,1776086402.889854,0.04403000002639601, 0.35669199996846146,0,0,27.8,0.0,1
8494,1776086402.920032,0.04764799996337388, 0.3705490003085288,0,0,27.8,0.0,1
8495,1776086402.9493153,0.04533400033324142, 0.3372629998921184,0,0,27.8,0.0,1
8496,1776086402.9806092,0.04643000011128606, 0.35645600019051926,0,0,27.8,0.0,1
8497,1776086403.0105054,0.04511099996307166, 0.30590000005759066,0,0,27.8,0.0,1
8498,1776086403.0388644,0.043541999730223324, 0.34004999997705454,0,0,27.8,0.0,1
8499,1776086403.0682201,0.043478999941726215, 0.3461539999989327,0,0,27.8,0.0,1
8500,1776086403.0984912,0.04967399991073762, 0.37867999981244793,0,0,27.8,0.0,1
8501,1776086403.1274514,0.045447000047715846, 0.3860910001094453,0,0,27.8,0.0,1
8501,1776086403.1883535,31.326217999776418, 0.29690399969695136,15,15,27.8,0.0,0
8502,1776086403.2057664,15.05490199997439, 0.2789400000438036,12,0,27.8,0.0,0
8503,1776086403.2413647,22.468920999926922, 0.26767100007418776,10,10,27.8,0.0,0
8504,1776086403.264915,16.985338000267802, 0.27453100028651534,12,12,27.8,0.0,0
8505,1776086403.5593164,20.829406000302697, 261.91790200027754,13,7,27.8,0.0,0
8507,1776086403.5643322,0.5921200004195271, 0.3664149999167421,0,7,27.8,0.0,1
8508,1776086403.574172,0.6420589998015203, 0.3164429999742424,0,7,27.8,0.0,1
8509,1776086403.606043,0.5933670004196756, 0.3668459999062179,0,6,27.8,0.0,1
8510,1776086403.6355739,2.3931790001370246, 0.45237400036057807,0,0,27.8,0.0,1
8511,1776086403.6679244,0.03374400012035039, 0.3088570001636981,0,0,27.8,0.0,1
8512,1776086403.692463,0.09425600001122802, 0.4518800001278578,0,0,27.8,0.0,1
8513,1776086403.7222085,0.03891599999406026, 0.4222680004204449,0,0,27.8,0.0,1
8514,1776086403.7520938,0.04086799981450895, 0.4201779997856647,0,0,27.8,0.0,1
8515,1776086403.78186,0.04131999958190136, 0.4191719999653287,0,0,27.8,0.0,1
8516,1776086403.8117223,0.037989000247762306, 0.3996420000476064,0,0,27.8,0.0,1
8517,1776086403.841652,0.04699000010077725, 0.42280300021957373,0,0,27.8,0.0,1
8518,1776086403.8710651,0.04161200013186317, 0.4764840000461845,0,0,27.8,0.0,1
8519,1776086403.9009268,0.040996999814524315, 0.42144199960603146,0,0,27.8,0.0,1
8520,1776086403.9307,0.038858999687363394, 0.48311399996237014,0,0,27.8,0.0,1
8521,1776086403.960309,0.10900100005528657, 0.44133100027465844,0,0,27.8,0.0,1
8522,1776086403.990464,0.04905299965685117, 0.4622680003194546,0,0,27.8,0.0,1
8523,1776086404.019916,0.0872479999998177, 0.42151300021942006,0,0,27.8,0.0,1
8524,1776086404.0496655,0.04762800017488189, 0.42622999990271637,0,0,27.8,0.0,1
8525,1776086404.0792346,0.04400100033308263, 0.4109999999855063,0,0,27.8,0.0,1
8526,1776086404.1089852,0.04291800041755778, 0.46861500004524714,0,0,27.8,0.0,1
8527,1776086404.1382089,0.04298900012145168, 0.4274670000086189,0,0,27.8,0.0,1
8528,1776086404.1689525,0.0845939998725953, 0.38193199998204364,0,0,27.8,0.0,1
8529,1776086404.200128,0.037025999972684076, 0.3760390000024927,0,0,27.8,0.0,1
8530,1776086404.2273166,0.046488999942084774, 0.4118919996471959,0,0,27.8,0.0,1
8531,1776086404.2571912,0.08674400032759877, 0.38944300013099564,0,0,27.8,0.0,1
8532,1776086404.287168,0.042204999772366136, 0.4150549998485076,0,0,27.8,0.0,1
8533,1776086404.316823,0.03931299988835235, 0.4849450001529476,0,0,27.8,0.0,1
8534,1776086404.3466377,0.04641299983632052, 0.424770999870816,0,0,27.8,0.0,1
8535,1776086404.3765242,0.04421599987836089, 0.4861399997935223,0,0,27.8,0.0,1
8536,1776086404.4068797,0.04237300026943558, 0.4557610000119894,0,0,27.8,0.0,1
8537,1776086404.4361324,0.03897000033248332, 0.39973499997358886,0,0,27.8,0.0,1
8538,1776086404.4651277,0.10850999979084008, 0.35669799990500906,0,0,27.8,0.0,1
8539,1776086404.4950645,0.04096299971934059, 0.41136399977403926,0,0,27.8,0.0,1
8540,1776086404.524893,0.041227999645343516, 0.39407400026902906,0,0,27.8,0.0,1
8540,1776086404.5858274,31.858855999871594, 0.31616899968867074,13,13,27.8,0.0,0
8541,1776086404.63906,22.993207999661536, 0.2956619996439258,14,0,27.8,0.0,0
8542,1776086404.6589787,15.95831199983877, 0.25556299988238607,7,7,27.8,0.0,0
8543,1776086404.69226,20.280898999772035, 0.27621399976851535,10,11,27.8,0.0,0
8544,1776086404.98449,19.66375500023787, 262.2258599999441,13,7,27.8,0.0,0
8546,1776086404.9899495,0.6341429998428794, 0.36308199969425914,0,7,27.8,0.0,1
8547,1776086404.9999738,0.5734960000154388, 0.36766399989573983,0,6,27.8,0.0,1
8548,1776086405.0324457,2.5444789998800843, 0.43391100007283967,0,4,27.8,0.0,1
8549,1776086405.0645955,0.34807299971362227, 0.30507100018439814,0,0,27.8,0.0,1
8550,1776086405.0909863,0.03710000009959913, 0.36189399997965666,0,0,27.8,0.0,1
8551,1776086405.1192532,0.04746900003738119, 0.4568119998111797,0,0,27.8,0.0,1
8552,1776086405.148892,0.10575299984338926, 0.4161480001130258,0,0,27.8,0.0,1
8553,1776086405.1782012,0.09726799999043578, 0.43276099995637196,0,0,27.8,0.0,1
8554,1776086405.2081494,0.04082300029040198, 0.416917000165995,0,0,27.8,0.0,1
8555,1776086405.2380354,0.09274500007450115, 0.41981999993367936,0,0,27.8,0.0,1
8556,1776086405.2673402,0.04483700013224734, 0.4096640000170737,0,0,27.8,0.0,1
8557,1776086405.2973115,0.04271300031177816, 0.4177579999122827,0,0,27.8,0.0,1
8558,1776086405.3279424,0.0940559998525714, 0.42440600009285845,0,0,27.8,0.0,1
8559,1776086405.3572586,0.038300000142044155, 0.38037500007703784,0,0,27.8,0.0,1
8560,1776086405.3862343,0.03859800017380621, 0.4223230002935452,0,0,27.8,0.0,1
8561,1776086405.41605,0.10086900010719546, 0.3633169999375241,0,0,27.8,0.0,1
8562,1776086405.445974,0.041105000036623096, 0.4701890002252185,0,0,27.8,0.0,1
8563,1776086405.4753368,0.040562999856774695, 0.43737199985116604,0,0,27.8,0.0,1
8564,1776086405.5052323,0.041291999878012575, 0.4109900000912603,0,0,27.8,0.0,1
8565,1776086405.5352988,0.09775999978955952, 0.45234600020194193,0,0,27.8,0.0,1
8566,1776086405.565011,0.04004899983556243, 0.46130700002322556,0,0,27.8,0.0,1
8567,1776086405.594625,0.09893200012811576, 0.39525300007881015,0,0,27.8,0.0,1
8568,1776086405.624132,0.04211800023767864, 0.40995800009113736,0,0,27.8,0.0,1
8569,1776086405.653853,0.04283600037524593, 0.4132770000069286,0,0,27.8,0.0,1
8570,1776086405.6856,0.03804900006798562, 0.4228830002830364,0,0,27.8,0.0,1
8571,1776086405.7135124,0.04319099980421015, 0.5119249999552267,0,0,27.8,0.0,1
8572,1776086405.7430172,0.0434270000368997, 0.40878600020732847,0,0,27.8,0.0,1
8573,1776086405.7727778,0.05349499997464591, 0.4099119996681111,0,0,27.8,0.0,1
8574,1776086405.8027868,0.0418780000472907, 0.4932550000376068,0,0,27.8,0.0,1
8575,1776086405.8321223,0.05751199978476507, 0.41257200018662843,0,0,27.8,0.0,1
8576,1776086405.8623695,0.04827899965675897, 0.5038129997956275,0,0,27.8,0.0,1
8577,1776086405.8913796,0.04449700008990476, 0.42695699994510505,0,0,27.8,0.0,1
8578,1776086405.9216573,0.03812200020547607, 0.3914769999937562,0,0,27.8,0.0,1
8579,1776086405.951808,0.03808000019489555, 0.3803569998126477,0,0,27.8,0.0,1
8579,1776086406.0153532,33.16952899967873, 0.34927100023196544,18,18,27.8,0.0,0
8580,1776086406.078044,29.42487500013158, 0.48970799980452284,21,0,27.8,0.0,0
8581,1776086406.1043148,23.383349000141607, 0.39262499967662734,17,17,27.8,0.0,0
8582,1776086406.1731722,23.922098000184633, 0.35809599967251415,24,20,27.8,0.0,0
8583,1776086406.4488668,16.781338000328105, 257.3044820001087,18,14,27.8,0.0,0
8585,1776086406.4526231,0.7489060003535997, 0.2962009998555004,0,14,27.8,0.0,1
8586,1776086406.454887,0.33761799977582996, 0.17270299986194004,0,12,27.8,0.0,1
8587,1776086406.4866736,0.802211000063835, 0.3633070000432781,0,10,27.8,0.0,1
8588,1776086406.5169694,2.1532390001084423, 0.404294999952981,0,0,27.8,0.0,1
8589,1776086406.5490563,0.036146000184089644, 0.2623320001475804,0,0,27.8,0.0,1
8590,1776086406.5759974,0.044846000037068734, 0.3139440000268223,0,0,27.8,0.0,1
8591,1776086406.6040955,0.04607300024872529, 0.3846049999083334,0,0,27.8,0.0,1
8592,1776086406.6338248,0.04270999988875701, 0.34369800005151774,0,0,27.8,0.0,1
8593,1776086406.663459,0.046862000090186484, 0.38618999997197534,0,0,27.8,0.0,1
8594,1776086406.6932082,0.04778399988936144, 0.40071800003715907,0,0,27.8,0.0,1
8595,1776086406.7228773,0.041914000121323625, 0.3619130002334714,0,0,27.8,0.0,1
8596,1776086406.7526097,0.04330000001573353, 0.3685299998323899,0,0,27.8,0.0,1
8597,1776086406.7823071,0.04681699965658481, 0.3807099997175101,0,0,27.8,0.0,1
8598,1776086406.8130765,0.0421089998781099, 0.3476749998299056,0,0,27.8,0.0,1
8599,1776086406.8427591,0.04222799998387927, 0.3104709999206534,0,0,27.8,0.0,1
8600,1776086406.8720756,0.04360999992059078, 0.34023900025204057,0,0,27.8,0.0,1
8601,1776086406.901833,0.04758599970955402, 0.341701999786892,0,0,27.8,0.0,1
8602,1776086406.9313328,0.04596400003720191, 0.3328939997118141,0,0,27.8,0.0,1
8603,1776086406.9611418,0.04437200004758779, 0.34176799999841023,0,0,27.8,0.0,1
8604,1776086406.99146,0.05153399979462847, 0.38585399988733116,0,0,27.8,0.0,1
8605,1776086407.02079,0.04696299993156572, 0.34205499969175435,0,0,27.8,0.0,1
8606,1776086407.049932,0.040841000100044766, 0.3553320002538385,0,0,27.8,0.0,1
8607,1776086407.0800514,0.04640600036509568, 0.3581799996936752,0,0,27.8,0.0,1
8608,1776086407.109298,0.046846000259392895, 0.4028729999845382,0,0,27.8,0.0,1
8609,1776086407.139144,0.04663299978346913, 0.3706510001393326,0,0,27.8,0.0,1
8610,1776086407.1703882,0.04112399983569048, 0.32184500014409423,0,0,27.8,0.0,1
8611,1776086407.1983297,0.044952999814995565, 0.37883300001340103,0,0,27.8,0.0,1
8612,1776086407.2280877,0.047620000259485096, 0.41131799980576034,0,0,27.8,0.0,1
8613,1776086407.2577212,0.04214899990984122, 0.37328600001274026,0,0,27.8,0.0,1
8614,1776086407.2874413,0.04633799971998087, 0.3934549999939918,0,0,27.8,0.0,1
8615,1776086407.317092,0.04637700021703495, 0.3704669998114696,0,0,27.8,0.0,1
8616,1776086407.3468406,0.04384799967738218, 0.3603239997573837,0,0,27.8,0.0,1
8617,1776086407.3766432,0.042749999920488335, 0.3782780004257802,0,0,27.8,0.0,1
8618,1776086407.40709,0.0501740000800055, 0.4088400000910042,0,0,27.8,0.0,1
8618,1776086407.4692633,32.48355100004119, 0.2593109998088039,8,8,27.8,0.0,0
8619,1776086407.5186265,23.684362000039982, 0.22796899975219276,9,0,27.8,0.0,0
8620,1776086407.535756,15.469307000330446, 0.26572900014798506,9,9,27.8,0.0,0
8621,1776086407.5496016,12.068447000274318, 0.2757839997684641,6,9,27.8,0.0,0
8622,1776086407.8249598,12.529555000128312, 257.04752000001463,5,7,27.8,0.0,0
8624,1776086407.8286328,0.4865060000156518, 0.32421900004919735,0,7,27.8,0.0,1
8625,1776086407.852442,0.5799529999421793, 0.40931600005933433,0,4,27.8,0.0,1
8626,1776086407.8847961,2.4605160001556214, 0.3604710000217892,0,3,27.8,0.0,1
8627,1776086407.9175599,0.3208130001439713, 0.32827499990162323,0,0,27.8,0.0,1
8628,1776086407.9421058,0.10247699992760317, 0.4270679996807303,0,0,27.8,0.0,1
8629,1776086407.9717798,0.03829099978247541, 0.46579799982282566,0,0,27.8,0.0,1
8630,1776086408.0013156,0.05832399983773939, 0.42216399970129714,0,0,27.8,0.0,1
8631,1776086408.0311022,0.06293300020843162, 0.4251559998920129,0,0,27.8,0.0,1
8632,1776086408.0627534,0.0946139998632134, 0.32126900032380945,0,0,27.8,0.0,1
8633,1776086408.0902848,0.09640600001148414, 0.42635399995560874,0,0,27.8,0.0,1
8634,1776086408.1202042,0.04067700001542107, 0.4222020002089266,0,0,27.8,0.0,1
8635,1776086408.1499748,0.044469999920693226, 0.4191449997961172,0,0,27.8,0.0,1
8636,1776086408.1798348,0.12347200026852079, 0.41106200023932615,0,0,27.8,0.0,1
8637,1776086408.2093215,0.04310399981477531, 0.4108170001018152,0,0,27.8,0.0,1
8638,1776086408.2390833,0.04325800000515301, 0.4208450000078301,0,0,27.8,0.0,1
8639,1776086408.2688777,0.040068000089377165, 0.42456700020920835,0,0,27.8,0.0,1
8640,1776086408.2988281,0.1098899997487024, 0.38584000003538677,0,0,27.8,0.0,1
8641,1776086408.3288662,0.03589000016290811, 0.3869130000566656,0,0,27.8,0.0,1
8642,1776086408.3579895,0.04075300012118532, 0.41437700019741897,0,0,27.8,0.0,1
8643,1776086408.3878567,0.11482400032036821, 0.41545699968992267,0,0,27.8,0.0,1
8644,1776086408.4171216,0.04573999967760756, 0.34663399992496124,0,0,27.8,0.0,1
8645,1776086408.4470065,0.04815900001631235, 0.39061300003595534,0,0,27.8,0.0,1
8646,1776086408.4764225,0.04998099984732107, 0.3744319997167622,0,0,27.8,0.0,1
8647,1776086408.5056634,0.04101800004718825, 0.36051799997949274,0,0,27.8,0.0,1
8648,1776086408.5356612,0.04329800003688433, 0.3839450000668876,0,0,27.8,0.0,1
8649,1776086408.5658033,0.04271299985703081, 0.3616269996200572,0,0,27.8,0.0,1
8650,1776086408.5949957,0.046611000016127946, 0.38938600027904613,0,0,27.8,0.0,1
8651,1776086408.6248436,0.05232799958321266, 0.4128700002183905,0,0,27.8,0.0,1
8652,1776086408.6561277,0.043665999783115694, 0.3163310002491926,0,0,27.8,0.0,1
8653,1776086408.6839423,0.044734999846696155, 0.367257999641879,0,0,27.8,0.0,1
8654,1776086408.7137241,0.06119599993326119, 0.34582000034788507,0,0,27.8,0.0,1
8655,1776086408.7435467,0.0477649996355467, 0.4175809999651392,0,0,27.8,0.0,1
8656,1776086408.7732613,0.04701900024883798, 0.38638500018350896,0,0,27.8,0.0,1
8657,1776086408.8030193,0.04430899980434333, 0.38845100016260403,0,0,27.8,0.0,1
8657,1776086408.8649297,32.37763700008145, 0.251714000114589,8,8,27.8,0.0,0
8658,1776086408.8832395,15.474882000034995, 0.2243280000584491,11,0,27.8,0.0,0
8659,1776086408.9149003,20.1670279998325, 0.24312699997608433,6,6,27.8,0.0,0
8660,1776086408.9423642,18.62168500019834, 0.2694790000532521,9,10,27.8,0.0,0
8661,1776086409.2277894,18.61109800029226, 256.7023449996668,9,6,27.8,0.0,0
8663,1776086409.2311542,0.42580499984978815, 0.28538500009744894,0,6,27.8,0.0,1
8664,1776086409.2506154,0.44002399999953923, 0.3064519996769377,0,5,27.8,0.0,1
8665,1776086409.2787278,0.47913299977153656, 0.38043399990783655,0,3,27.8,0.0,1
8666,1776086409.3106437,1.8043019999822718, 0.3505290001157846,0,0,27.8,0.0,1
8667,1776086409.3423584,0.03758100001505227, 0.27208300025449716,0,0,27.8,0.0,1
8668,1776086409.3680546,0.04336699976192904, 0.3384679998816864,0,0,27.8,0.0,1
8669,1776086409.3981943,0.0459090001641016, 0.3847460002361913,0,0,27.8,0.0,1
8670,1776086409.4280016,0.04860499984715716, 0.3796770001827099,0,0,27.8,0.0,1
8671,1776086409.4568548,0.045945000238134526, 0.3714599997692858,0,0,27.8,0.0,1
8672,1776086409.4870842,0.04588899992086226, 0.3434639997976774,0,0,27.8,0.0,1
8673,1776086409.5168993,0.04436499966686824, 0.34672400033741724,0,0,27.8,0.0,1
8674,1776086409.545759,0.04477099992072908, 0.3417779998926562,0,0,27.8,0.0,1
8675,1776086409.5757859,0.05068700011179317, 0.3551249997144623,0,0,27.8,0.0,1
8676,1776086409.6057446,0.06189900022945949, 0.37529399969571386,0,0,27.8,0.0,1
8677,1776086409.6350532,0.044655999772658106, 0.38678200007780106,0,0,27.8,0.0,1
8678,1776086409.6646786,0.042936000227200566, 0.37141599977985607,0,0,27.8,0.0,1
8679,1776086409.6945825,0.049185000079887686, 0.40870799966796767,0,0,27.8,0.0,1
8680,1776086409.7243388,0.04715900013252394, 0.4093279999324295,0,0,27.8,0.0,1
8681,1776086409.7546685,0.04350000017439015, 0.35005600011572824,0,0,27.8,0.0,1
8682,1776086409.7840903,0.04527000010057236, 0.3375389997017919,0,0,27.8,0.0,1
8683,1776086409.8138142,0.04542200031210086, 0.3380230000402662,0,0,27.8,0.0,1
8684,1776086409.8449228,0.04012499994132668, 0.32750199989095563,0,0,27.8,0.0,1
8685,1776086409.8725412,0.04564099981507752, 0.35764599988397094,0,0,27.8,0.0,1
8686,1776086409.9027307,0.06108000025051297, 0.3470290002951515,0,0,27.8,0.0,1
8687,1776086409.9322283,0.04645899980459944, 0.38784699972893577,0,0,27.8,0.0,1
8688,1776086409.9622047,0.04540600002655992, 0.3626370003075863,0,0,27.8,0.0,1
8689,1776086409.9918404,0.09234300023308606, 0.4009310000583355,0,0,27.8,0.0,1
8690,1776086410.0212395,0.04673400007959572, 0.4023299998152652,0,0,27.8,0.0,1
8691,1776086410.0514853,0.05035199956182623, 0.37660399993910687,0,0,27.8,0.0,1
8692,1776086410.0812862,0.04592200002662139, 0.36246299987396924,0,0,27.8,0.0,1
8693,1776086410.1114962,0.044610999793803785, 0.34086699997715186,0,0,27.8,0.0,1
8694,1776086410.1395757,0.03189100016243174, 0.2918440000030387,0,0,27.8,0.0,1
8695,1776086410.1703784,0.043449000258988235, 0.42948899999828427,0,0,27.8,0.0,1
8696,1776086410.200644,0.04507399989961414, 0.497908999932406,0,0,27.8,0.0,1
8696,1776086410.2488089,18.882139999732317, 0.22562799995284877,4,4,27.8,0.0,0
8697,1776086410.2849991,22.245252000175242, 0.28686700034086243,4,0,27.8,0.0,0
8698,1776086410.3106754,19.5386589998634, 0.22620099980485975,3,3,27.8,0.0,0
8699,1776086410.3399162,19.5891120001761, 0.22632599984717672,3,4,27.8,0.0,0
8700,1776086410.6238198,19.249270999807777, 255.44189399988682,5,2,27.8,0.0,0
8702,1776086410.6282403,0.28200199994898867, 0.37021299976913724,0,2,27.8,0.0,1
8703,1776086410.646645,0.36014299985254183, 0.40322299992112676,0,2,27.8,0.0,1
8704,1776086410.6780713,2.357605999804946, 0.3348770001139201,0,1,27.8,0.0,1
8705,1776086410.7109957,0.20477299995036446, 0.29423700016195653,0,0,27.8,0.0,1
8706,1776086410.7368886,0.035746999856201, 0.36402499972609803,0,0,27.8,0.0,1
8707,1776086410.7649114,0.10746200041467091, 0.41711199992278125,0,0,27.8,0.0,1
8708,1776086410.795192,0.09776500019142986, 0.46518499993908335,0,0,27.8,0.0,1
8709,1776086410.8242512,0.10401600002296618, 0.41347599972141325,0,0,27.8,0.0,1
8710,1776086410.8540454,0.04318199989938876, 0.4152739998062316,0,0,27.8,0.0,1
8711,1776086410.8838382,0.03892699987773085, 0.41672999986985815,0,0,27.8,0.0,1
8712,1776086410.913383,0.09971899999072775, 0.4172890003246721,0,0,27.8,0.0,1
8713,1776086410.9430964,0.09702899978947244, 0.37179699984335457,0,0,27.8,0.0,1
8714,1776086410.9734287,0.04044300021632807, 0.47380600017277175,0,0,27.8,0.0,1
8715,1776086411.0032148,0.03754599993044394, 0.385820999781572,0,0,27.8,0.0,1
8716,1776086411.0321505,0.03983199985668762, 0.4279210002096079,0,0,27.8,0.0,1
8717,1776086411.0624285,0.04373299998405855, 0.5146069997863378,0,0,27.8,0.0,1
8718,1776086411.0920825,0.09131100023296312, 0.4071969997312408,0,0,27.8,0.0,1
8719,1776086411.1217103,0.10489799979040981, 0.43854399973497493,0,0,27.8,0.0,1
8720,1776086411.1512094,0.04088100013177609, 0.42073300028278027,0,0,27.8,0.0,1
8721,1776086411.1808975,0.04186299975117436, 0.4143080000176269,0,0,27.8,0.0,1
8722,1776086411.2105293,0.10110199991686386, 0.40024300005825353,0,0,27.8,0.0,1
8723,1776086411.240574,0.03930399998353096, 0.4087050001544412,0,0,27.8,0.0,1
8724,1776086411.2705433,0.04674899992096471, 0.4754740002681501,0,0,27.8,0.0,1
8725,1776086411.3002415,0.04905500009044772, 0.49334699997416465,0,0,27.8,0.0,1
8726,1776086411.3311353,0.038674000279570464, 0.35526300007404643,0,0,27.8,0.0,1
8727,1776086411.3590493,0.04085199998371536, 0.4229890000715386,0,0,27.8,0.0,1
8728,1776086411.3889556,0.04146900027990341, 0.415363000229263,0,0,27.8,0.0,1
8729,1776086411.418768,0.04660300010073115, 0.4845240000577178,0,0,27.8,0.0,1
8730,1776086411.4482448,0.09888000022328924, 0.4077399999005138,0,0,27.8,0.0,1
8731,1776086411.4782104,0.04136699999435223, 0.42340900017734384,0,0,27.8,0.0,1
8732,1776086411.5081265,0.04452699977264274, 0.41554400013410486,0,0,27.8,0.0,1
8733,1776086411.537668,0.04382299994176719, 0.480749999951513,0,0,27.8,0.0,1
8734,1776086411.5680485,0.042499999835854396, 0.4467799999474664,0,0,27.8,0.0,1
8735,1776086411.597707,0.03686100035338313, 0.3857479996440816,0,0,27.8,0.0,1
8735,1776086411.6578846,31.38648899994223, 0.27040099985242705,9,9,27.8,0.0,0
8736,1776086411.672942,13.125887000114744, 0.2766239999800746,8,0,27.8,0.0,0
8737,1776086411.7006075,16.320006000114518, 0.2857860004041868,5,5,27.8,0.0,0
8738,1776086411.7347753,20.588519999819255, 0.2549210003053304,5,6,27.8,0.0,0
8739,1776086412.024701,19.3093510001745, 260.57188000004317,7,4,27.8,0.0,0
8741,1776086412.029286,0.46408799971686676, 0.3706769998643722,0,4,27.8,0.0,1
8742,1776086412.0432928,0.4561410000860633, 0.46262400019259076,0,4,27.8,0.0,1
8743,1776086412.0726697,0.49042099999496713, 0.4004799998256203,0,4,27.8,0.0,1
8744,1776086412.104219,2.122458000030747, 0.41724000038811937,0,0,27.8,0.0,1
8745,1776086412.1373796,0.033229000109713525, 0.27816099964184104,0,0,27.8,0.0,1
8746,1776086412.1617234,0.040130000343197025, 0.3985910002484161,0,0,27.8,0.0,1
8747,1776086412.1923938,0.04061999970872421, 0.42286899997634464,0,0,27.8,0.0,1
8748,1776086412.2209527,0.041463999878033064, 0.4142000002502755,0,0,27.8,0.0,1
8749,1776086412.2508183,0.12456500007829163, 0.4045349996886216,0,0,27.8,0.0,1
8750,1776086412.2801704,0.039491999814345036, 0.42773699988174485,0,0,27.8,0.0,1
8751,1776086412.3100579,0.041028999930858845, 0.41363399986948934,0,0,27.8,0.0,1
8752,1776086412.3400638,0.042782000036822865, 0.41515800012348336,0,0,27.8,0.0,1
8753,1776086412.369284,0.08887000012691715, 0.4443480002009892,0,0,27.8,0.0,1
8754,1776086412.3996372,0.048755000079836464, 0.4368879999674391,0,0,27.8,0.0,1
8755,1776086412.4293742,0.04174499963482958, 0.41072900012295577,0,0,27.8,0.0,1
8756,1776086412.458448,0.09928200006470433, 0.4198460001134663,0,0,27.8,0.0,1
8757,1776086412.4885223,0.04215900025883457, 0.5018960000597872,0,0,27.8,0.0,1
8758,1776086412.5198605,0.08082800013653468, 0.3129070000795764,0,0,27.8,0.0,1
8759,1776086412.548006,0.04562499998428393, 0.43271300000924384,0,0,27.8,0.0,1
8760,1776086412.5773745,0.04275299988876213, 0.4515810001066711,0,0,27.8,0.0,1
8761,1776086412.6071312,0.09968499989554402, 0.4208779996588419,0,0,27.8,0.0,1
8762,1776086412.6370826,0.04215800026940997, 0.4662090000238095,0,0,27.8,0.0,1
8763,1776086412.6663172,0.04024899999421905, 0.41268299992225366,0,0,27.8,0.0,1
8764,1776086412.696207,0.03756300020540948, 0.4171900000073947,0,0,27.8,0.0,1
8765,1776086412.7260447,0.04205000004731119, 0.4071280000061961,0,0,27.8,0.0,1
8766,1776086412.7568204,0.040501000057702186, 0.4020830001536524,0,0,27.8,0.0,1
8767,1776086412.7861373,0.0793359999988752, 0.329742999838345,0,0,27.8,0.0,1
8768,1776086412.8150852,0.03941999966627918, 0.4179739999017329,0,0,27.8,0.0,1
8769,1776086412.8451428,0.1000419997581048, 0.44214900026418036,0,0,27.8,0.0,1
8770,1776086412.874394,0.038359999962267466, 0.48117200003616745,0,0,27.8,0.0,1
8771,1776086412.904175,0.03814100000454346, 0.4166459998486971,0,0,27.8,0.0,1
8772,1776086412.9340816,0.05850300021847943, 0.40781699999570264,0,0,27.8,0.0,1
8773,1776086412.9638402,0.040624999655847205, 0.41012700012288406,0,0,27.8,0.0,1
8774,1776086412.9934533,0.10004400019170134, 0.40648599997439305,0,0,27.8,0.0,1
8774,1776086413.055064,31.74935600009121, 0.2735359998951026,10,10,27.8,0.0,0
8775,1776086413.1075134,22.354106999955548, 0.26762200013763504,9,0,27.8,0.0,0
8776,1776086413.1298609,16.803954999886628, 0.2571669997450954,7,7,27.8,0.0,0
8777,1776086413.1581984,18.064846000015677, 0.29334800001379335,9,10,27.8,0.0,0
8778,1776086413.4504662,19.634419999874808, 260.5600920001052,10,6,27.8,0.0,0
8780,1776086413.455261,0.5555960001402127, 0.37519499983318383,0,6,27.8,0.0,1
8781,1776086413.46937,0.6247960000109742, 0.43159100005141227,0,5,27.8,0.0,1
8782,1776086413.501158,2.4361770001632976, 0.38197000003492576,0,5,27.8,0.0,1
8783,1776086413.5340602,0.36471800012805033, 0.33656899995548883,0,0,27.8,0.0,1
8784,1776086413.5581045,0.06169300013425527, 0.4283000002942572,0,0,27.8,0.0,1
8785,1776086413.5879397,0.04057100022691884, 0.47331999985544826,0,0,27.8,0.0,1
8786,1776086413.6173434,0.09877899992716266, 0.42230300005030585,0,0,27.8,0.0,1
8787,1776086413.6471298,0.0397849998989841, 0.43198399998800596,0,0,27.8,0.0,1
8788,1776086413.6778662,0.08406500001001405, 0.3841610000563378,0,0,27.8,0.0,1
8789,1776086413.7086124,0.04098499994142912, 0.37112900008651195,0,0,27.8,0.0,1
8790,1776086413.7362242,0.09627999997974257, 0.4269740002200706,0,0,27.8,0.0,1
8791,1776086413.7661483,0.03989100014223368, 0.423241999669699,0,0,27.8,0.0,1
8792,1776086413.7962604,0.10106200033987989, 0.4469559999051853,0,0,27.8,0.0,1
8793,1776086413.8253176,0.09402200021213503, 0.42224800017720554,0,0,27.8,0.0,1
8794,1776086413.8551617,0.038839999888296006, 0.3838800002995413,0,0,27.8,0.0,1
8795,1776086413.8851097,0.04013300031147082, 0.47111699996094103,0,0,27.8,0.0,1
8796,1776086413.9151666,0.042441999994480284, 0.4056140001011954,0,0,27.8,0.0,1
8797,1776086413.9447906,0.040205999994213926, 0.37809400009791716,0,0,27.8,0.0,1
8798,1776086413.974119,0.058060000355908414, 0.4109920000701095,0,0,27.8,0.0,1
8799,1776086414.0041409,0.04285399973014137, 0.4723619999822404,0,0,27.8,0.0,1
8800,1776086414.0333257,0.09724199981064885, 0.41378900004929164,0,0,27.8,0.0,1
8801,1776086414.0630257,0.09115000011661323, 0.42413799974383437,0,0,27.8,0.0,1
8802,1776086414.0930357,0.04286500006855931, 0.4169580001871509,0,0,27.8,0.0,1
8803,1776086414.1234734,0.09411500013811747, 0.460278999980801,0,0,27.8,0.0,1
8804,1776086414.1522703,0.08497199996782001, 0.36670200006483356,0,0,27.8,0.0,1
8805,1776086414.1821253,0.03906599977199221, 0.4146639998907631,0,0,27.8,0.0,1
8806,1776086414.2119336,0.03921799998352071, 0.4177320001872431,0,0,27.8,0.0,1
8807,1776086414.2413332,0.09829500004343572, 0.41501199984850246,0,0,27.8,0.0,1
8808,1776086414.2720118,0.0355939996552479, 0.37694899992857245,0,0,27.8,0.0,1
8809,1776086414.3028333,0.08122600002025138, 0.35492899996825145,0,0,27.8,0.0,1
8810,1776086414.330866,0.05718200009141583, 0.46893700027794694,0,0,27.8,0.0,1
8811,1776086414.360626,0.1051530002769141, 0.4332449998400989,0,0,27.8,0.0,1
8812,1776086414.3901327,0.040613000237499364, 0.4027549998681934,0,0,27.8,0.0,1
8813,1776086414.4198916,0.044438999793783296, 0.4383929999676184,0,0,27.8,0.0,1
8813,1776086414.479705,30.056535999847256, 0.24717499991311342,6,6,27.8,0.0,0
8814,1776086414.5348034,22.643882000011217, 0.26123199995709,8,0,27.8,0.0,0
8815,1776086414.556726,17.45897899991178, 0.3246780001973093,14,14,27.8,0.0,0
8816,1776086414.5859144,18.22333100017204, 0.32478200000696233,11,19,27.8,0.0,0
8817,1776086414.8767037,17.655532999924617, 261.2644910000199,12,8,27.8,0.0,0
8819,1776086414.8815722,0.6731230000696087, 0.32034300011218875,0,8,27.8,0.0,1
8820,1776086414.8970165,0.5969180001557106, 0.37480399987543933,0,5,27.8,0.0,1
8821,1776086414.9255285,0.5354059999262972, 0.4638919999706559,0,4,27.8,0.0,1
8822,1776086414.9565432,2.251700999750028, 0.4204950000712415,0,0,27.8,0.0,1
8823,1776086414.9897656,0.03112699960183818, 0.2886379998017219,0,0,27.8,0.0,1
8824,1776086415.0145957,0.11501300014060689, 0.46075699992798036,0,0,27.8,0.0,1
8825,1776086415.043933,0.04211900022710324, 0.4297159998714051,0,0,27.8,0.0,1
8826,1776086415.0738227,0.11129199992865324, 0.4212290000396024,0,0,27.8,0.0,1
8827,1776086415.1036563,0.04671400029110373, 0.4982760001439601,0,0,27.8,0.0,1
8828,1776086415.1334743,0.04035700021631783, 0.4050729999107716,0,0,27.8,0.0,1
8829,1776086415.1636174,0.04173699971943279, 0.45700200007559033,0,0,27.8,0.0,1
8830,1776086415.1923213,0.04096100019523874, 0.4206050002721895,0,0,27.8,0.0,1
8831,1776086415.2221456,0.04556599969873787, 0.4216429997541127,0,0,27.8,0.0,1
8832,1776086415.2523272,0.048083999899972696, 0.44649399978879956,0,0,27.8,0.0,1
8833,1776086415.2817974,0.11704799999279203, 0.42140900040976703,0,0,27.8,0.0,1
8834,1776086415.311211,0.08825899976727669, 0.38690100018357043,0,0,27.8,0.0,1
8835,1776086415.341037,0.04376200013211928, 0.4192400001556962,0,0,27.8,0.0,1
8836,1776086415.3709505,0.040127999909600476, 0.41246699993280345,0,0,27.8,0.0,1
8837,1776086415.400615,0.09318399997937377, 0.39955500005817157,0,0,27.8,0.0,1
8838,1776086415.430134,0.10130600003321888, 0.41380699985893443,0,0,27.8,0.0,1
8839,1776086415.460299,0.09919500007526949, 0.4437549996509915,0,0,27.8,0.0,1
8840,1776086415.4916286,0.08371700005227467, 0.37455400024555274,0,0,27.8,0.0,1
8841,1776086415.5191486,0.038655000025755726, 0.4227760000503622,0,0,27.8,0.0,1
8842,1776086415.5494564,0.10126600000148755, 0.4326499997659994,0,0,27.8,0.0,1
8843,1776086415.578871,0.05650399998557987, 0.4667779999181221,0,0,27.8,0.0,1
8844,1776086415.6086836,0.10307299999112729, 0.42939100012517883,0,0,27.8,0.0,1
8845,1776086415.6385458,0.04402900003697141, 0.4378339999675518,0,0,27.8,0.0,1
8846,1776086415.6679509,0.0428829998782021, 0.4150820000177191,0,0,27.8,0.0,1
8847,1776086415.6974204,0.041587999930925434, 0.42023900005006,0,0,27.8,0.0,1
8848,1776086415.728064,0.09444600027563865, 0.40921599975263234,0,0,27.8,0.0,1
8849,1776086415.757815,0.038594000216107816, 0.3737639999599196,0,0,27.8,0.0,1
8850,1776086415.7868297,0.040596999951958423, 0.40869300028134603,0,0,27.8,0.0,1
8851,1776086415.8167713,0.04106500000489177, 0.4665270002988109,0,0,27.8,0.0,1
8852,1776086415.8464084,0.10895600007643225, 0.44967800022277515,0,0,27.8,0.0,1
8852,1776086415.9065936,30.814427000223077, 0.2822989999913261,11,11,27.8,0.0,0
8853,1776086415.9212608,12.741261999963172, 0.28072400027667754,8,0,27.8,0.0,0
8854,1776086415.9520495,18.58598199987682, 0.28714500012938515,9,9,27.8,0.0,0
8855,1776086415.9843378,19.938992999868788, 0.2940029999081162,8,10,27.8,0.0,0
8856,1776086416.2743225,19.709129000148096, 260.013371000241,8,5,27.8,0.0,0
8858,1776086416.2792718,0.5065889999968931, 0.37515700023504905,0,5,27.8,0.0,1
8859,1776086416.2922406,0.5000520000066899, 0.4382219999570225,0,5,27.8,0.0,1
8860,1776086416.3236768,2.3052800002005824, 0.36591700018107076,0,4,27.8,0.0,1
8861,1776086416.3565266,0.3209289998267195, 0.33632600025157444,0,0,27.8,0.0,1
8862,1776086416.382843,0.08145100036927033, 0.3183779999744729,0,0,27.8,0.0,1
8863,1776086416.4108422,0.03905300036421977, 0.42122199965888285,0,0,27.8,0.0,1
8864,1776086416.4407127,0.04300199998397147, 0.44724800000039977,0,0,27.8,0.0,1
8865,1776086416.4700665,0.041371999941475224, 0.4268699999556702,0,0,27.8,0.0,1
8866,1776086416.5000908,0.09352100005344255, 0.41590199998609023,0,0,27.8,0.0,1
8867,1776086416.5298207,0.03826600004686043, 0.48829700017449795,0,0,27.8,0.0,1
8868,1776086416.559299,0.04301799981476506, 0.40625000019645086,0,0,27.8,0.0,1
8869,1776086416.589422,0.04734599997391342, 0.5073590000392869,0,0,27.8,0.0,1
8870,1776086416.619378,0.041291999878012575, 0.4211089999444084,0,0,27.8,0.0,1
8871,1776086416.6494722,0.09152700022241333, 0.4128720001972397,0,0,27.8,0.0,1
8872,1776086416.678159,0.04239700001562596, 0.41394000027139555,0,0,27.8,0.0,1
8873,1776086416.7083726,0.10381699985373416, 0.4667400003199873,0,0,27.8,0.0,1
8874,1776086416.7373831,0.09153100018011173, 0.42423400009283796,0,0,27.8,0.0,1
8875,1776086416.7676024,0.11519400004544877, 0.42431699966982706,0,0,27.8,0.0,1
8876,1776086416.7972531,0.097707999884733, 0.4443540001375368,0,0,27.8,0.0,1
8877,1776086416.8271992,0.04542800024864846, 0.5273010001474177,0,0,27.8,0.0,1
8878,1776086416.856609,0.04778900029123179, 0.48155800004678895,0,0,27.8,0.0,1
8879,1776086416.8865602,0.04083099975105142, 0.46711000004506786,0,0,27.8,0.0,1
8880,1776086416.915968,0.04394000006868737, 0.42507799980739946,0,0,27.8,0.0,1
8881,1776086416.945794,0.04190599975117948, 0.4833510001844843,0,0,27.8,0.0,1
8882,1776086416.9774983,0.03827299997283262, 0.39763499989931006,0,0,27.8,0.0,1
8883,1776086417.0051847,0.040036999962467235, 0.4225840002618497,0,0,27.8,0.0,1
8884,1776086417.0352802,0.046904999635444256, 0.4927609998048865,0,0,27.8,0.0,1
8885,1776086417.064244,0.09007400012706057, 0.41728899986992474,0,0,27.8,0.0,1
8886,1776086417.094192,0.041045999751077034, 0.4185779998806538,0,0,27.8,0.0,1
8887,1776086417.124382,0.09951700030796928, 0.45573399984277785,0,0,27.8,0.0,1
8888,1776086417.153814,0.1187279999612656, 0.404090999836626,0,0,27.8,0.0,1
8889,1776086417.1834884,0.04426699979376281, 0.4936579998684465,0,0,27.8,0.0,1
8890,1776086417.2139645,0.042609000047377776, 0.4443990001163911,0,0,27.8,0.0,1
8891,1776086417.2440274,0.03816399976130924, 0.40631299998494796,0,0,27.8,0.0,1
8891,1776086417.3037949,31.281202000172925, 0.31087000024854206,12,12,27.8,0.0,0
8892,1776086417.3189378,13.125356000273314, 0.2819179999278276,15,0,27.8,0.0,0
8893,1776086417.3517845,19.207023000035406, 0.28412299980118405,11,11,27.8,0.0,0
8894,1776086417.3826149,18.913315000190778, 0.3250310001021717,11,13,27.8,0.0,0
8895,1776086417.6692107,17.650035999849933, 260.4340580001008,14,8,27.8,0.0,0
8897,1776086417.674871,0.7147549999899638, 0.3295829997114197,0,8,27.8,0.0,1
8898,1776086417.6885307,0.6729660003657045, 0.3910610003003967,0,8,27.8,0.0,1
8899,1776086417.7188816,0.7673179998164414, 0.42768899993461673,0,5,27.8,0.0,1
8900,1776086417.7502956,2.2977759999776026, 0.4255109997757245,0,0,27.8,0.0,1
8901,1776086417.782805,0.03242699995098519, 0.3143950002595375,0,0,27.8,0.0,1
8902,1776086417.8074436,0.040330999581783544, 0.39060200015228475,0,0,27.8,0.0,1
8903,1776086417.838383,0.04199900013190927, 0.4777740000463382,0,0,27.8,0.0,1
8904,1776086417.8670175,0.09493900006418698, 0.42358200016678893,0,0,27.8,0.0,1
8905,1776086417.8963141,0.040317000184586504, 0.41732299996510847,0,0,27.8,0.0,1
8906,1776086417.9261048,0.03787200012084213, 0.429746999998315,0,0,27.8,0.0,1
8907,1776086417.9563897,0.1012049997370923, 0.45128400006433367,0,0,27.8,0.0,1
8908,1776086417.9855216,0.04213600004732143, 0.4303669998080295,0,0,27.8,0.0,1
8909,1776086418.0156374,0.11873899984493619, 0.46394000037253136,0,0,27.8,0.0,1
8910,1776086418.0452428,0.03904899995177402, 0.4162459999861312,0,0,27.8,0.0,1
8911,1776086418.0752275,0.040114000057656085, 0.40922899961515213,0,0,27.8,0.0,1
8912,1776086418.1043696,0.0401629999942088, 0.4216649999762012,0,0,27.8,0.0,1
8913,1776086418.1341827,0.10115099985341658, 0.4076710001754691,0,0,27.8,0.0,1
8914,1776086418.165898,0.034514000162744196, 0.35840400005326956,0,0,27.8,0.0,1
8915,1776086418.1937983,0.03740800002560718, 0.4762339999615506,0,0,27.8,0.0,1
8916,1776086418.2232199,0.03969799990954925, 0.4214250002405606,0,0,27.8,0.0,1
8917,1776086418.2531404,0.03753600003619795, 0.41400999998586485,0,0,27.8,0.0,1
8918,1776086418.2832685,0.10985900007653981, 0.4567500000121072,0,0,27.8,0.0,1
8919,1776086418.3123388,0.03737199995157425, 0.40742500004853355,0,0,27.8,0.0,1
8920,1776086418.3420866,0.03766100007851492, 0.4170879997218435,0,0,27.8,0.0,1
8921,1776086418.372011,0.03887000002578134, 0.4103379997104639,0,0,27.8,0.0,1
8922,1776086418.4022775,0.04102000002603745, 0.4068419998475292,0,0,27.8,0.0,1
8923,1776086418.4321156,0.08130700007313862, 0.3800819999923988,0,0,27.8,0.0,1
8924,1776086418.461026,0.09723699986352585, 0.3563479999684205,0,0,27.8,0.0,1
8925,1776086418.4912202,0.041261999740527244, 0.40556299973104615,0,0,27.8,0.0,1
8926,1776086418.520714,0.1110509997488407, 0.4218379999656463,0,0,27.8,0.0,1
8927,1776086418.550503,0.044675000026472844, 0.43813999991471064,0,0,27.8,0.0,1
8928,1776086418.580339,0.044007999804307474, 0.49122400014312007,0,0,27.8,0.0,1
8929,1776086418.6101024,0.10948099998131511, 0.44686599994747667,0,0,27.8,0.0,1
8930,1776086418.6397574,0.0852249995659804, 0.4279720001250098,0,0,27.8,0.0,1
8930,1776086418.699269,29.929167999853235, 0.2623989998937759,6,6,27.8,0.0,0
8931,1776086418.7139847,12.816391999876942, 0.24268900006063632,5,0,27.8,0.0,0
8932,1776086418.7484953,19.6977649998189, 0.2899470000556903,6,6,27.8,0.0,0
8933,1776086418.774489,16.57077100026072, 0.2886839997700008,6,7,27.8,0.0,0
8934,1776086419.0631394,20.053978999840183, 256.31963100022404,8,4,27.8,0.0,0
8936,1776086419.0700455,0.3870850000566861, 0.33522800003993325,0,4,27.8,0.0,1
8937,1776086419.085487,0.5167140002413362, 0.42441000005055685,0,4,27.8,0.0,1
8938,1776086419.1171982,2.378691000103572, 0.3790600003412692,0,4,27.8,0.0,1
8939,1776086419.15017,0.28909899992868304, 0.29334500004551955,0,0,27.8,0.0,1
8940,1776086419.174146,0.0416400002904993, 0.4404139999678591,0,0,27.8,0.0,1
8941,1776086419.2040553,0.042908000068564434, 0.4185259999758273,0,0,27.8,0.0,1
8942,1776086419.234,0.042673999814724084, 0.413588999890635,0,0,27.8,0.0,1
8943,1776086419.2633862,0.09929999987434712, 0.42546299982859637,0,0,27.8,0.0,1
8944,1776086419.2935562,0.04624299981514923, 0.40134299979399657,0,0,27.8,0.0,1
8945,1776086419.3237681,0.10760799978015712, 0.3761289999602013,0,0,27.8,0.0,1
8946,1776086419.352379,0.09117399986280361, 0.42868199989243294,0,0,27.8,0.0,1
8947,1776086419.3821747,0.08627599981991807, 0.38297099990813877,0,0,27.8,0.0,1
8948,1776086419.4120028,0.040655999782757135, 0.4086690000804083,0,0,27.8,0.0,1
8949,1776086419.4413702,0.04021699987788452, 0.41992400019807974,0,0,27.8,0.0,1
8950,1776086419.4716957,0.04007999996247236, 0.424566999754461,0,0,27.8,0.0,1
8951,1776086419.5012982,0.09198699990520254, 0.40831899968907237,0,0,27.8,0.0,1
8952,1776086419.5310304,0.03873899959216942, 0.42260199961674516,0,0,27.8,0.0,1
8953,1776086419.5611746,0.04159499985689763, 0.4088070004399924,0,0,27.8,0.0,1
8954,1776086419.59017,0.039568999909533886, 0.4265930001565721,0,0,27.8,0.0,1
8955,1776086419.620037,0.04072299998369999, 0.41263799994339934,0,0,27.8,0.0,1
8956,1776086419.6520996,0.08167099986167159, 0.3282339998804673,0,0,27.8,0.0,1
8957,1776086419.679224,0.09578100025464664, 0.4123670000808488,0,0,27.8,0.0,1
8958,1776086419.709431,0.044670999614027096, 0.44318899972495274,0,0,27.8,0.0,1
8959,1776086419.7390347,0.0951510000959388, 0.40958699992188485,0,0,27.8,0.0,1
8960,1776086419.7683284,0.037183000131335575, 0.46519599982275395,0,0,27.8,0.0,1
8961,1776086419.7981446,0.036346999877423514, 0.42768499997691833,0,0,27.8,0.0,1
8962,1776086419.8282924,0.04162200002610916, 0.4071660000590782,0,0,27.8,0.0,1
8963,1776086419.8577878,0.05268500035526813, 0.4101770000488614,0,0,27.8,0.0,1
8964,1776086419.8876846,0.03638299995145644, 0.3970149996348482,0,0,27.8,0.0,1
8965,1776086419.91786,0.08772299997872324, 0.37327400013964507,0,0,27.8,0.0,1
8966,1776086419.9472167,0.044456000068748835, 0.48344400011046673,0,0,27.8,0.0,1
8967,1776086419.9768414,0.04494299992074957, 0.42844800009333994,0,0,27.8,0.0,1
8968,1776086420.0067163,0.10116100020240992, 0.4400399998303328,0,0,27.8,0.0,1
8969,1776086420.0364456,0.04519000003710971, 0.5219290001150512,0,0,27.8,0.0,1
8969,1776086420.097048,31.32124500007194, 0.2742420001595747,10,10,27.8,0.0,0
8970,1776086420.1118937,12.920754999868223, 0.25607199995647534,12,0,27.8,0.0,0
8971,1776086420.1442196,19.29064100022515, 0.30127799982437864,15,15,27.8,0.0,0
8972,1776086420.1724734,18.012677000115218, 0.3592150001168193,17,20,27.8,0.0,0
8973,1776086420.4644256,19.54047100025491, 261.3175629999205,15,12,27.8,0.0,0
8975,1776086420.4698036,0.8440829997198307, 0.3504690002955613,0,12,27.8,0.0,1
8976,1776086420.4824975,0.96906199996738, 0.41593500009184936,0,10,27.8,0.0,1
8977,1776086420.5130432,0.7930239999041078, 0.38414799973907066,0,7,27.8,0.0,1
8978,1776086420.5430446,2.4880209998627834, 0.4668130000027304,0,0,27.8,0.0,1
8979,1776086420.5760424,0.033587000416446244, 0.3067130000999896,0,0,27.8,0.0,1
8980,1776086420.6004055,0.09497700011706911, 0.44315600007394096,0,0,27.8,0.0,1
8981,1776086420.6306784,0.04906000003757072, 0.48277299993060296,0,0,27.8,0.0,1
8982,1776086420.6606033,0.046501999804604566, 0.49223899986827746,0,0,27.8,0.0,1
8983,1776086420.6902483,0.0443550002273696, 0.5104749998281477,0,0,27.8,0.0,1
8984,1776086420.7194235,0.10365600019213161, 0.42832600001929677,0,0,27.8,0.0,1
8985,1776086420.749968,0.08628600016891141, 0.42613400000846013,0,0,27.8,0.0,1
8986,1776086420.7791069,0.09585399993738974, 0.42562699991322006,0,0,27.8,0.0,1
8987,1776086420.8088043,0.11244600000281935, 0.4142870002397103,0,0,27.8,0.0,1
8988,1776086420.8404534,0.03945300022678566, 0.3902009998455469,0,0,27.8,0.0,1
8989,1776086420.8680832,0.041325999973196303, 0.4196899999442394,0,0,27.8,0.0,1
8990,1776086420.8979208,0.09249200002159341, 0.42082299978574156,0,0,27.8,0.0,1
8991,1776086420.9273016,0.04049400013172999, 0.41925300001821597,0,0,27.8,0.0,1
8992,1776086420.957594,0.10083799998028553, 0.44108599968240014,0,0,27.8,0.0,1
8993,1776086420.987566,0.11322699992888374, 0.4399530002956453,0,0,27.8,0.0,1
8994,1776086421.0164804,0.04013299985672347, 0.4208150003250921,0,0,27.8,0.0,1
8995,1776086421.0466068,0.05045300031270017, 0.42564099976516445,0,0,27.8,0.0,1
8996,1776086421.0765214,0.03765400015254272, 0.4185020002296369,0,0,27.8,0.0,1
8997,1776086421.1069064,0.08579600034863688, 0.40594399979454465,0,0,27.8,0.0,1
8998,1776086421.135466,0.04238099973008502, 0.42504199973336654,0,0,27.8,0.0,1
8999,1776086421.1652129,0.04201799993097666, 0.4355040000518784,0,0,27.8,0.0,1
9000,1776086421.1953373,0.11059799999202369, 0.4484950000005483,0,0,27.8,0.0,1
9001,1776086421.2243779,0.04213500005789683, 0.4373229999146133,0,0,27.8,0.0,1
9002,1776086421.254301,0.055775999953766586, 0.4067569998369436,0,0,27.8,0.0,1
9003,1776086421.28412,0.04088300011062529, 0.4160389999015024,0,0,27.8,0.0,1
9004,1776086421.3139725,0.09610799997972208, 0.42248999989169533,0,0,27.8,0.0,1
9005,1776086421.3441052,0.08857499960868154, 0.4165860000284738,0,0,27.8,0.0,1
9006,1776086421.373199,0.03865999997287872, 0.4091249998054991,0,0,27.8,0.0,1
9007,1776086421.402891,0.10127899986400735, 0.4077399999005138,0,0,27.8,0.0,1
9008,1776086421.4342136,0.03403200025786646, 0.36032700018040487,0,0,27.8,0.0,1
9008,1776086421.4918938,29.610410999794112, 0.27580699997997726,5,5,27.8,0.0,0
9009,1776086421.5071647,13.362479000079475, 0.22016299999449984,6,0,27.8,0.0,0
9010,1776086421.5399935,19.39306199983548, 0.25993700000981335,4,4,27.8,0.0,0
9011,1776086421.5703268,19.665266000174597, 0.24160500015568687,5,5,27.8,0.0,0
9012,1776086421.8603454,19.470841999918775, 260.4888519999804,2,4,27.8,0.0,0
9014,1776086421.8650992,0.4718609998235479, 0.37029600025562104,0,4,27.8,0.0,1
9015,1776086421.878004,0.39194300006784033, 0.3916670002581668,0,4,27.8,0.0,1
9016,1776086421.910364,2.3192279995782883, 0.4073079999216134,0,2,27.8,0.0,1
9017,1776086421.94306,0.23996699974304647, 0.2762409999377269,0,0,27.8,0.0,1
9018,1776086421.967767,0.09273199975723401, 0.34408000010444084,0,0,27.8,0.0,1
9019,1776086421.9980373,0.040169999920181, 0.4004559996246826,0,0,27.8,0.0,1
9020,1776086422.027065,0.0407859997721971, 0.4717940000773524,0,0,27.8,0.0,1
9021,1776086422.0568893,0.09475799970459775, 0.43021999999837135,0,0,27.8,0.0,1
9022,1776086422.0862484,0.039882000237412285, 0.38889000006747665,0,0,27.8,0.0,1
9023,1776086422.11651,0.11631999996097875, 0.4528269996626477,0,0,27.8,0.0,1
9024,1776086422.1459818,0.09656000020186184, 0.415592000081233,0,0,27.8,0.0,1
9025,1776086422.1753845,0.03887999992002733, 0.43910700014748727,0,0,27.8,0.0,1
9026,1776086422.2052913,0.042549999761831714, 0.4151069997533341,0,0,27.8,0.0,1
9027,1776086422.2358732,0.09259099988412345, 0.4104899999219924,0,0,27.8,0.0,1
9028,1776086422.2648635,0.10994300009770086, 0.4205650002404582,0,0,27.8,0.0,1
9029,1776086422.294386,0.11591100019359146, 0.4293590000088443,0,0,27.8,0.0,1
9030,1776086422.3258874,0.08019300003070384, 0.3104500001427368,0,0,27.8,0.0,1
9031,1776086422.3538685,0.039510000078735175, 0.4154449998168275,0,0,27.8,0.0,1
9032,1776086422.3837337,0.09671899988461519, 0.43448899987197365,0,0,27.8,0.0,1
9033,1776086422.4130967,0.040563999846199295, 0.43662200005201157,0,0,27.8,0.0,1
9034,1776086422.443477,0.044812999931309605, 0.4933079999318579,0,0,27.8,0.0,1
9035,1776086422.4724345,0.09145800004262128, 0.4240499997649749,0,0,27.8,0.0,1
9036,1776086422.5022213,0.0389320002796012, 0.42055199992319103,0,0,27.8,0.0,1
9037,1776086422.532153,0.04260099967723363, 0.4129499998271058,0,0,27.8,0.0,1
9038,1776086422.562397,0.10066300001199124, 0.4137569999329571,0,0,27.8,0.0,1
9039,1776086422.5921063,0.03577400002541253, 0.3808520000347926,0,0,27.8,0.0,1
9040,1776086422.621629,0.0447470001745387, 0.4965759999322472,0,0,27.8,0.0,1
9041,1776086422.6510375,0.040640999941388145, 0.4150810000282945,0,0,27.8,0.0,1
9042,1776086422.680985,0.04428900001585134, 0.4492779999054619,0,0,27.8,0.0,1
9043,1776086422.710257,0.04150599988861359, 0.43446100016808487,0,0,27.8,0.0,1
9044,1776086422.7402709,0.09247900015907362, 0.42171499990217853,0,0,27.8,0.0,1
9045,1776086422.7700639,0.09475199976805015, 0.44908600011694944,0,0,27.8,0.0,1
9046,1776086422.7994885,0.09993599996960256, 0.4367750002529647,0,0,27.8,0.0,1
9047,1776086422.8295035,0.0421039999309869, 0.426533999871026,0,0,27.8,0.0,1
9047,1776086422.8892748,30.428190999828075, 0.2490150000085123,6,6,27.8,0.0,0
9048,1776086422.943989,22.27356699995653, 0.24112199980663718,8,0,27.8,0.0,0
9049,1776086422.9598489,13.512630000150239, 0.24075100009213202,5,5,27.8,0.0,0
9050,1776086422.974783,13.089724000110436, 0.2790980001918797,5,7,27.8,0.0,0
9051,1776086423.2516458,14.360319999923377, 261.1269520002679,3,4,27.8,0.0,0
9053,1776086423.2562425,0.41627900009189034, 0.3677190002235875,0,4,27.8,0.0,1
9054,1776086423.2754972,0.4621090001819539, 0.4580810000334168,0,3,27.8,0.0,1
9055,1776086423.3052738,0.4974819999006286, 0.4299020001781173,0,1,27.8,0.0,1
9056,1776086423.336926,2.3109610001483816, 0.37748400018244865,0,0,27.8,0.0,1
9057,1776086423.3696792,0.04137299993089982, 0.30867999976180727,0,0,27.8,0.0,1
9058,1776086423.3940587,0.04491500021686079, 0.4180289997748332,0,0,27.8,0.0,1
9059,1776086423.4241333,0.0904139997146558, 0.4198860001451976,0,0,27.8,0.0,1
9060,1776086423.4532204,0.10995000002367306, 0.42215799976474955,0,0,27.8,0.0,1
9061,1776086423.4829898,0.10780699994938914, 0.42136699994443916,0,0,27.8,0.0,1
9062,1776086423.5142949,0.07852799990359927, 0.31807599998501246,0,0,27.8,0.0,1
9063,1776086423.5422702,0.03925700002582744, 0.43061199994554045,0,0,27.8,0.0,1
9064,1776086423.5726538,0.04380000018500141, 0.4685120002250187,0,0,27.8,0.0,1
9065,1776086423.6019022,0.041617000078986166, 0.410281999847939,0,0,27.8,0.0,1
9066,1776086423.6318028,0.11034699991796515, 0.42208700006085564,0,0,27.8,0.0,1
9067,1776086423.661288,0.04290199967726949, 0.40648399999554385,0,0,27.8,0.0,1
9068,1776086423.6910453,0.041649000195320696, 0.4131020000386343,0,0,27.8,0.0,1
9069,1776086423.721246,0.044922000142832985, 0.5031320001762651,0,0,27.8,0.0,1
9070,1776086423.7507367,0.03580700013117166, 0.44139500005258014,0,0,27.8,0.0,1
9071,1776086423.7809296,0.04097500004718313, 0.3773500002353103,0,0,27.8,0.0,1
9072,1776086423.810012,0.039786999877833296, 0.46439300012934837,0,0,27.8,0.0,1
9073,1776086423.8393843,0.041435000184719684, 0.4301160001887183,0,0,27.8,0.0,1
9074,1776086423.8691087,0.040799000089464244, 0.4250930001035158,0,0,27.8,0.0,1
9075,1776086423.899447,0.10172400016017491, 0.4485039999053697,0,0,27.8,0.0,1
9076,1776086423.9289668,0.03990000004705507, 0.4121819997635612,0,0,27.8,0.0,1
9077,1776086423.9586306,0.04258700028003659, 0.5058289998487453,0,0,27.8,0.0,1
9078,1776086423.9887636,0.039755999750923365, 0.43067399974461296,0,0,27.8,0.0,1
9079,1776086424.0188208,0.04196500003672554, 0.4718069999398722,0,0,27.8,0.0,1
9080,1776086424.0474052,0.039586000184499426, 0.4320359998928325,0,0,27.8,0.0,1
9081,1776086424.0775328,0.11304200006634346, 0.4350640001575812,0,0,27.8,0.0,1
9082,1776086424.109286,0.039398999888362596, 0.37599000006593997,0,0,27.8,0.0,1
9083,1776086424.1363995,0.040457000068272464, 0.4325080003582116,0,0,27.8,0.0,1
9084,1776086424.166747,0.03836900032183621, 0.4683180000029097,0,0,27.8,0.0,1
9085,1776086424.196096,0.09679000004325644, 0.4056739999214187,0,0,27.8,0.0,1
9086,1776086424.2263055,0.10532599981161184, 0.4364430001260189,0,0,27.8,0.0,1
9086,1776086424.2860107,30.485498999951233, 0.24141099993357784,8,8,27.8,0.0,0
9087,1776086424.3008914,13.0443779999041, 0.23568999995404738,11,0,27.8,0.0,0
9088,1776086424.3336658,19.265906999862636, 0.3214939997633337,13,13,27.8,0.0,0
9089,1776086424.36278,18.306208000012703, 0.2898299999287701,9,13,27.8,0.0,0
9090,1776086424.6517777,18.3978240002034, 261.22269100005724,10,10,27.8,0.0,0
9092,1776086424.6576295,0.7562040000266279, 0.3489949999675446,0,10,27.8,0.0,1
9093,1776086424.6723142,0.776090999806911, 0.38704900043740054,0,7,27.8,0.0,1
9094,1776086424.7036483,2.559646999998222, 0.3626429997893865,0,7,27.8,0.0,1
9095,1776086424.7363849,0.42949099997713347, 0.35375800007386715,0,0,27.8,0.0,1
9096,1776086424.7607868,0.041431999761698535, 0.4404169999361329,0,0,27.8,0.0,1
9097,1776086424.7907116,0.05009000005884445, 0.43543799984036013,0,0,27.8,0.0,1
9098,1776086424.8202977,0.041743000110727735, 0.45937000004414585,0,0,27.8,0.0,1
9099,1776086424.8500068,0.04158100000495324, 0.4160439998486254,0,0,27.8,0.0,1
9100,1776086424.8799777,0.1087189998543181, 0.4036860000269371,0,0,27.8,0.0,1
9101,1776086424.910017,0.04100099977222271, 0.4670409998652758,0,0,27.8,0.0,1
9102,1776086424.939068,0.04255400017427746, 0.4160469998168992,0,0,27.8,0.0,1
9103,1776086424.9692206,0.10185699966314132, 0.45320599974729703,0,0,27.8,0.0,1
9104,1776086425.0006254,0.03618300024754717, 0.3790159998970921,0,0,27.8,0.0,1
9105,1776086425.027826,0.056348999805777567, 0.38921900022614864,0,0,27.8,0.0,1
9106,1776086425.0573394,0.0520390003657667, 0.4240550001668453,0,0,27.8,0.0,1
9107,1776086425.086924,0.04665000005843467, 0.3849929998978041,0,0,27.8,0.0,1
9108,1776086425.1166377,0.04255199974068091, 0.3666379998321645,0,0,27.8,0.0,1
9109,1776086425.1465871,0.05324699986886117, 0.37169999995967373,0,0,27.8,0.0,1
9110,1776086425.176888,0.05056199961472885, 0.4086319995622034,0,0,27.8,0.0,1
9111,1776086425.2059863,0.0486200001432735, 0.4173560000708676,0,0,27.8,0.0,1
9112,1776086425.2365367,0.05194000004848931, 0.39761800007909187,0,0,27.8,0.0,1
9113,1776086425.2661598,0.05026000008001574, 0.37732200007667416,0,0,27.8,0.0,1
9114,1776086425.2948036,0.04721100003735046, 0.37142399969525286,0,0,27.8,0.0,1
9115,1776086425.3247762,0.06944599999769707, 0.3795410002567223,0,0,27.8,0.0,1
9116,1776086425.355509,0.09978700018109521, 0.4978310003025399,0,0,27.8,0.0,1
9117,1776086425.384952,0.11001399980159476, 0.4225960001349449,0,0,27.8,0.0,1
9118,1776086425.414307,0.08962399988377001, 0.4365629997664655,0,0,27.8,0.0,1
9119,1776086425.4446087,0.09594299990567379, 0.44432100003177766,0,0,27.8,0.0,1
9120,1776086425.4744766,0.04257000000507105, 0.5046050000601099,0,0,27.8,0.0,1
9121,1776086425.503784,0.1019749997794861, 0.3838180000457214,0,0,27.8,0.0,1
9122,1776086425.5326574,0.041012999645317905, 0.36813300039284513,0,0,27.8,0.0,1
9123,1776086425.5622983,0.046829999973851955, 0.39690100038569653,0,0,27.8,0.0,1
9124,1776086425.5939906,0.03912500005753827, 0.31790000002729357,0,0,27.8,0.0,1
9125,1776086425.6216142,0.04111799989914289, 0.3600669997467776,0,0,27.8,0.0,1
9125,1776086425.6847546,33.33666400021684, 0.26735099982033717,9,9,27.8,0.0,0
9126,1776086425.7396882,23.357182999916404, 0.26385699993625167,9,0,27.8,0.0,0
9127,1776086425.7641566,19.805640999948082, 0.2473089998602518,8,8,27.8,0.0,0
9128,1776086425.7915225,18.628193000040483, 0.27980300001217984,6,10,27.8,0.0,0
9129,1776086426.0817187,19.39315900017391, 260.7779639997716,6,6,27.8,0.0,0
9131,1776086426.0864115,0.5057289999967907, 0.3721950001818186,0,6,27.8,0.0,1
9132,1776086426.0982425,0.5548549997911323, 0.40576199990027817,0,4,27.8,0.0,1
9133,1776086426.1294017,0.5543890001717955, 0.4464920002646977,0,4,27.8,0.0,1
9134,1776086426.159561,2.387869999893155, 0.41783400001804694,0,0,27.8,0.0,1
9135,1776086426.1925852,0.03244799972890178, 0.321429999985412,0,0,27.8,0.0,1
9136,1776086426.2168612,0.04095899976164219, 0.4280109997125692,0,0,27.8,0.0,1
9137,1776086426.2466998,0.04823399967790465, 0.49484200008009793,0,0,27.8,0.0,1
9138,1776086426.2762253,0.060587000007217284, 0.4154240000389109,0,0,27.8,0.0,1
9139,1776086426.306375,0.04778199991051224, 0.4601130003720755,0,0,27.8,0.0,1
9140,1776086426.3354661,0.039993000427784864, 0.42285200015612645,0,0,27.8,0.0,1
9141,1776086426.3657055,0.039680000099906465, 0.4887290001533984,0,0,27.8,0.0,1
9142,1776086426.3953073,0.10765000024548499, 0.4368489999251324,0,0,27.8,0.0,1
9143,1776086426.425013,0.0976210003500455, 0.4440909997356357,0,0,27.8,0.0,1
9144,1776086426.4555829,0.04232599985698471, 0.44626799990510335,0,0,27.8,0.0,1
9145,1776086426.4859915,0.034746999972412596, 0.36481799998000497,0,0,27.8,0.0,1
9146,1776086426.5139937,0.04204900005788659, 0.4133520001232682,0,0,27.8,0.0,1
9147,1776086426.544269,0.047591000111424364, 0.5477340000652475,0,0,27.8,0.0,1
9148,1776086426.5733314,0.08356499984074617, 0.3986980000263429,0,0,27.8,0.0,1
9149,1776086426.6031115,0.04030999980386696, 0.42533600026217755,0,0,27.8,0.0,1
9150,1776086426.6332333,0.09999399981097667, 0.4511560000537429,0,0,27.8,0.0,1
9151,1776086426.6623266,0.03976500011049211, 0.40995600011228817,0,0,27.8,0.0,1
9152,1776086426.692592,0.0378370000362338, 0.4520380002759339,0,0,27.8,0.0,1
9153,1776086426.7229059,0.10415399992780294, 0.40608800009067636,0,0,27.8,0.0,1
9154,1776086426.7514048,0.038516000131494366, 0.4120359999433276,0,0,27.8,0.0,1
9155,1776086426.781612,0.11285199980193283, 0.43888700020033866,0,0,27.8,0.0,1
9156,1776086426.8114803,0.04695899997386732, 0.49646099978417624,0,0,27.8,0.0,1
9157,1776086426.8412302,0.1094869999178627, 0.44930800004294724,0,0,27.8,0.0,1
9158,1776086426.8707693,0.042545999804133317, 0.42511900028330274,0,0,27.8,0.0,1
9159,1776086426.900515,0.045789999603584874, 0.44609099995795987,0,0,27.8,0.0,1
9160,1776086426.9304302,0.1118139998652623, 0.45629299984284444,0,0,27.8,0.0,1
9161,1776086426.9595072,0.04005899972980842, 0.41845699979603523,0,0,27.8,0.0,1
9162,1776086426.9898124,0.057499999911669875, 0.4207780002616346,0,0,27.8,0.0,1
9163,1776086427.0195158,0.11082399987571989, 0.43950999997832696,0,0,27.8,0.0,1
9164,1776086427.0502133,0.039621999803785, 0.40327799979422707,0,0,27.8,0.0,1
9164,1776086427.1094859,29.47091600026397, 0.2859349997379468,5,5,27.8,0.0,0
9165,1776086427.1670864,22.593723000227328, 0.2451270001984085,7,0,27.8,0.0,0
9166,1776086427.183114,14.235780999570125, 0.27084500015917,9,9,27.8,0.0,0
9167,1776086427.2158341,19.386503000077937, 0.2843940001184819,7,11,27.8,0.0,0
9168,1776086427.5072806,19.393145000321965, 261.4010719998987,7,7,27.8,0.0,0
9170,1776086427.512257,0.6035619999238406, 0.3663039997263695,0,7,27.8,0.0,1
9171,1776086427.524173,0.6362430003719055, 0.43584800005191937,0,5,27.8,0.0,1
9172,1776086427.5568542,2.634692999890831, 0.38025599997126847,0,5,27.8,0.0,1
9173,1776086427.589732,0.37997900017217034, 0.32339000017600483,0,0,27.8,0.0,1
9174,1776086427.613644,0.11296399998173001, 0.3902009998455469,0,0,27.8,0.0,1
9175,1776086427.6439104,0.04173399975115899, 0.3911349999725644,0,0,27.8,0.0,1
9176,1776086427.6728919,0.03994600001533399, 0.4136059997108532,0,0,27.8,0.0,1
9177,1776086427.7023268,0.09630899967305595, 0.4142779998801416,0,0,27.8,0.0,1
9178,1776086427.7321875,0.041028999930858845, 0.43679200007318286,0,0,27.8,0.0,1
9179,1776086427.7620373,0.04073100035384414, 0.4186170003777079,0,0,27.8,0.0,1
9180,1776086427.7918472,0.055143999816209543, 0.47774599988770206,0,0,27.8,0.0,1
9181,1776086427.8215714,0.04609400002664188, 0.4966330002389441,0,0,27.8,0.0,1
9182,1776086427.8517363,0.09937499999068677, 0.4275840001355391,0,0,27.8,0.0,1
9183,1776086427.881376,0.03975400022682152, 0.467934999960562,0,0,27.8,0.0,1
9184,1776086427.9103823,0.03976100015279371, 0.4279150002730603,0,0,27.8,0.0,1
9185,1776086427.9401274,0.041542999952071114, 0.4284139999981562,0,0,27.8,0.0,1
9186,1776086427.9722722,0.08446600031675189, 0.3824469999926805,0,0,27.8,0.0,1
9187,1776086428.0000207,0.04090099992026808, 0.4695150000770809,0,0,27.8,0.0,1
9188,1776086428.029261,0.04111399994144449, 0.42713999982879614,0,0,27.8,0.0,1
9189,1776086428.0590966,0.042673000280046836, 0.4202540003461763,0,0,27.8,0.0,1
9190,1776086428.089325,0.11010200023520156, 0.45009399991613463,0,0,27.8,0.0,1
9191,1776086428.118788,0.04120400035390048, 0.440584999978455,0,0,27.8,0.0,1
9192,1776086428.1482096,0.08482200018988806, 0.40942699979495956,0,0,27.8,0.0,1
9193,1776086428.178026,0.04415000012158998, 0.4100500000276952,0,0,27.8,0.0,1
9194,1776086428.208714,0.1059350001924031, 0.41982699985965155,0,0,27.8,0.0,1
9195,1776086428.238031,0.037694999718951294, 0.3817029996753263,0,0,27.8,0.0,1
9196,1776086428.267132,0.042936999761877814, 0.4094500000064727,0,0,27.8,0.0,1
9197,1776086428.2969787,0.04151600023760693, 0.4669780000767787,0,0,27.8,0.0,1
9198,1776086428.326781,0.12232000017320388, 0.4010399998151115,0,0,27.8,0.0,1
9199,1776086428.3567116,0.12156299999332987, 0.440719999915018,0,0,27.8,0.0,1
9200,1776086428.3862062,0.10317199985365733, 0.41700499969010707,0,0,27.8,0.0,1
9201,1776086428.4158525,0.05917199996474665, 0.4709249997176812,0,0,27.8,0.0,1
9202,1776086428.4454334,0.10433499983264483, 0.4251559998920129,0,0,27.8,0.0,1
9203,1776086428.4759388,0.046220999593060696, 0.41097899975284236,0,0,27.8,0.0,1
9203,1776086428.5355966,30.570334999993065, 0.28890100020362297,10,10,27.8,0.0,0
9204,1776086428.5648894,19.49247800030207, 0.280283999927633,8,0,27.8,0.0,0
9205,1776086428.5982504,19.465728999875864, 0.28601299982256023,7,7,27.8,0.0,0
9206,1776086428.6131876,13.029207999807113, 0.2940579997812165,9,10,27.8,0.0,0
9207,1776086428.906555,18.780165999942255, 260.9014690001459,8,7,27.8,0.0,0
9209,1776086428.911418,0.5883769999854849, 0.37328400003389106,0,7,27.8,0.0,1
9210,1776086428.9204044,0.45850499964217306, 0.4607949999808625,0,6,27.8,0.0,1
9211,1776086428.9509556,0.6805379998695571, 0.3915479996976501,0,6,27.8,0.0,1
9212,1776086428.9837832,2.5812170001699997, 0.48142699961317703,0,0,27.8,0.0,1
9213,1776086429.0156033,0.03131299990855041, 0.3213279996998608,0,0,27.8,0.0,1
9214,1776086429.039959,0.04506699997364194, 0.4203800003779179,0,0,27.8,0.0,1
9215,1776086429.070193,0.04066700012117508, 0.4710100001830142,0,0,27.8,0.0,1
9216,1776086429.0992208,0.04172300032223575, 0.43120400005136617,0,0,27.8,0.0,1
9217,1776086429.1294048,0.10387000020273263, 0.4648829999496229,0,0,27.8,0.0,1
9218,1776086429.1606643,0.08599700004197075, 0.379634999717382,0,0,27.8,0.0,1
9219,1776086429.188181,0.038840999877720606, 0.4427029998623766,0,0,27.8,0.0,1
9220,1776086429.2181535,0.038643000152660534, 0.46963599970695213,0,0,27.8,0.0,1
9221,1776086429.2481802,0.09411699966221931, 0.4713539997283078,0,0,27.8,0.0,1
9222,1776086429.2777982,0.04067999998369487, 0.49108599978353595,0,0,27.8,0.0,1
9223,1776086429.3071713,0.0650649999442976, 0.4155940000600822,0,0,27.8,0.0,1
9224,1776086429.3370426,0.04008999985671835, 0.46530100007657893,0,0,27.8,0.0,1
9225,1776086429.366392,0.09519200011709472, 0.4189639998912753,0,0,27.8,0.0,1
9226,1776086429.3966708,0.08561999993617064, 0.39812700015318114,0,0,27.8,0.0,1
9227,1776086429.4269905,0.12054599983457592, 0.3911399999196874,0,0,27.8,0.0,1
9228,1776086429.4559975,0.04130199977225857, 0.41937000014513615,0,0,27.8,0.0,1
9229,1776086429.4853246,0.041837000026134774, 0.3550829997038818,0,0,27.8,0.0,1
9230,1776086429.5151262,0.07969599982970976, 0.43922900022153044,0,0,27.8,0.0,1
9231,1776086429.5454657,0.04767500013258541, 0.49406000016460894,0,0,27.8,0.0,1
9232,1776086429.57444,0.041541999962646514, 0.4258500002833898,0,0,27.8,0.0,1
9233,1776086429.6046052,0.045340999804466264, 0.5128230000082112,0,0,27.8,0.0,1
9234,1776086429.6342354,0.042070000290550524, 0.41970700021920493,0,0,27.8,0.0,1
9235,1776086429.6647027,0.04315900014262297, 0.4906089998257812,0,0,27.8,0.0,1
9236,1776086429.6933112,0.03832500033240649, 0.42673200005083345,0,0,27.8,0.0,1
9237,1776086429.7234523,0.10760699979073252, 0.46487299960062956,0,0,27.8,0.0,1
9238,1776086429.7548282,0.03480600025795866, 0.35748399977819645,0,0,27.8,0.0,1
9239,1776086429.782297,0.040390999856754206, 0.41926399990188656,0,0,27.8,0.0,1
9240,1776086429.8129172,0.10377399985372904, 0.4054789997098851,0,0,27.8,0.0,1
9241,1776086429.8422003,0.04953699999532546, 0.3841689999717346,0,0,27.8,0.0,1
9242,1776086429.87174,0.06014500013407087, 0.34904500034826924,0,0,27.8,0.0,1
9242,1776086429.933219,32.08090899988747, 0.2860210001927044,11,11,27.8,0.0,0
9243,1776086429.9880853,24.375724000037735, 0.23958100018717232,12,0,27.8,0.0,0
9244,1776086430.011221,18.716863000008743, 0.2743370000644063,11,11,27.8,0.0,0
9245,1776086430.0408676,19.037336000110372, 0.28124499976911466,9,11,27.8,0.0,0
9246,1776086430.347718,23.70202900010554, 257.50702200002706,13,8,27.8,0.0,0
9248,1776086430.3524916,0.24279099989144015, 0.1795989996935532,0,8,27.8,0.0,1
9249,1776086430.376765,0.639078999938647, 0.3602229999160045,0,6,27.8,0.0,1
9250,1776086430.4079244,1.9095530001322913, 0.31979400000636815,0,6,27.8,0.0,1
9251,1776086430.4407547,0.3941279996979574, 0.3067060001740174,0,0,27.8,0.0,1
9252,1776086430.4653914,0.047249000090232585, 0.3803599997809215,0,0,27.8,0.0,1
9253,1776086430.4954572,0.04590799971992965, 0.38104099985503126,0,0,27.8,0.0,1
9254,1776086430.5247703,0.04278899996279506, 0.3464509995865228,0,0,27.8,0.0,1
9255,1776086430.554477,0.04717700039691408, 0.3822260000561073,0,0,27.8,0.0,1
9256,1776086430.5851266,0.046504999772878364, 0.35939000008511357,0,0,27.8,0.0,1
9257,1776086430.6151843,0.04607500022757449, 0.3646320001280401,0,0,27.8,0.0,1
9258,1776086430.643747,0.047249000090232585, 0.4032639999422827,0,0,27.8,0.0,1
9259,1776086430.673405,0.04798999998456566, 0.3820689998974558,0,0,27.8,0.0,1
9260,1776086430.7031672,0.0476870000056806, 0.3905359999407665,0,0,27.8,0.0,1
9261,1776086430.733657,0.045792000037181424, 0.35902899981010705,0,0,27.8,0.0,1
9262,1776086430.762634,0.050226999974256614, 0.378156000351737,0,0,27.8,0.0,1
9263,1776086430.793198,0.050599000132933725, 0.40670999987924006,0,0,27.8,0.0,1
9264,1776086430.8223257,0.04599000021698885, 0.33606499982852256,0,0,27.8,0.0,1
9265,1776086430.8524783,0.04722899984699325, 0.34932600010506576,0,0,27.8,0.0,1
9266,1776086430.8822265,0.04811300004803343, 0.38286700009848573,0,0,27.8,0.0,1
9267,1776086430.9120314,0.050443000418454176, 0.37507499973798986,0,0,27.8,0.0,1
9268,1776086430.9426963,0.06045100008122972, 0.2987410002788238,0,0,27.8,0.0,1
9269,1776086430.9710011,0.04080000007888884, 0.34314000004087575,0,0,27.8,0.0,1
9270,1776086431.0012333,0.05243600026005879, 0.3821780001089792,0,0,27.8,0.0,1
9271,1776086431.030948,0.05013700001654797, 0.3776020002987934,0,0,27.8,0.0,1
9272,1776086431.0601542,0.044191000142745906, 0.3439960000832798,0,0,27.8,0.0,1
9273,1776086431.089931,0.0442729997303104, 0.33678399995551445,0,0,27.8,0.0,1
9274,1776086431.1197777,0.04408099994179793, 0.3415500000301108,0,0,27.8,0.0,1
9275,1776086431.1497347,0.061933999859320465, 0.3667519999908109,0,0,27.8,0.0,1
9276,1776086431.1797507,0.06517500014524558, 0.34739600005195825,0,0,27.8,0.0,1
9277,1776086431.2095044,0.042396000026201364, 0.3403489999982412,0,0,27.8,0.0,1
9278,1776086431.2387464,0.06363400007103337, 0.3403360001357214,0,0,27.8,0.0,1
9279,1776086431.26812,0.0478470001326059, 0.34092300029442413,0,0,27.8,0.0,1
9280,1776086431.297955,0.044846000037068734, 0.33832700000857585,0,0,27.8,0.0,1
9281,1776086431.327231,0.04598700024871505, 0.3936589996555995,0,0,27.8,0.0,1
9281,1776086431.3894572,32.28498699991178, 0.328154000271752,18,18,27.8,0.0,0
9282,1776086431.4051182,13.784192000002804, 0.2617869999994582,15,0,27.8,0.0,0
9283,1776086431.4388235,21.022082999934355, 0.3038879999621713,17,17,27.8,0.0,0
9284,1776086431.4658234,18.65472300005422, 0.3243490000386373,16,18,27.8,0.0,0
9285,1776086431.7509222,18.590450000374403, 257.90050199975667,13,13,27.8,0.0,0
9287,1776086431.7548141,0.7728959999440121, 0.29239200011943467,0,13,27.8,0.0,1
9288,1776086431.7738395,0.8242500002779707, 0.3132139995614125,0,12,27.8,0.0,1
9289,1776086431.8039465,0.7876479999140429, 0.36030100000061793,0,8,27.8,0.0,1
9290,1776086431.8344648,2.23725799969543, 0.4169789999650675,0,0,27.8,0.0,1
9291,1776086431.8663013,0.03641900002548937, 0.26637299970388995,0,0,27.8,0.0,1
9292,1776086431.8921416,0.04454700001588208, 0.33915899985004216,0,0,27.8,0.0,1
9293,1776086431.9219754,0.04829599993172451, 0.3368749999026477,0,0,27.8,0.0,1
9294,1776086431.9518344,0.04485500039663748, 0.34200499976577703,0,0,27.8,0.0,1
9295,1776086431.9822464,0.050799000291590346, 0.3721020002558362,0,0,27.8,0.0,1
9296,1776086432.011498,0.055822999911470106, 0.3866540000672103,0,0,27.8,0.0,1
9297,1776086432.0413184,0.04393699964566622, 0.33620700014580507,0,0,27.8,0.0,1
9298,1776086432.070375,0.046657999973831465, 0.3384480000931944,0,0,27.8,0.0,1
9299,1776086432.100185,0.04121099982512533, 0.33567699983905186,0,0,27.8,0.0,1
9300,1776086432.1315885,0.04389300011098385, 0.3200330002073315,0,0,27.8,0.0,1
9301,1776086432.1597283,0.05643199983751401, 0.3438310000092315,0,0,27.8,0.0,1
9302,1776086432.1893606,0.0416470002164715, 0.33312799996565445,0,0,27.8,0.0,1
9303,1776086432.2191703,0.04179999996267725, 0.3421799997340713,0,0,27.8,0.0,1
9304,1776086432.249323,0.04829999988942291, 0.3710220003085851,0,0,27.8,0.0,1
9305,1776086432.2787144,0.05839400000695605, 0.3412380001464044,0,0,27.8,0.0,1
9306,1776086432.3082194,0.042949999624397606, 0.3479060001154721,0,0,27.8,0.0,1
9307,1776086432.3380554,0.04413900023791939, 0.3402660004212521,0,0,27.8,0.0,1
9308,1776086432.3681853,0.041790000068431254, 0.3380680000191205,0,0,27.8,0.0,1
9309,1776086432.3981888,0.04119499999433174, 0.3421659998821269,0,0,27.8,0.0,1
9310,1776086432.4271026,0.04530300020633149, 0.3437309997025295,0,0,27.8,0.0,1
9311,1776086432.4568715,0.04525699978330522, 0.34390299970255,0,0,27.8,0.0,1
9312,1776086432.4866755,0.04486699981498532, 0.3575079999791342,0,0,27.8,0.0,1
9313,1776086432.516184,0.04154399994149571, 0.3418480000618729,0,0,27.8,0.0,1
9314,1776086432.5459733,0.04695899997386732, 0.3423940001994197,0,0,27.8,0.0,1
9315,1776086432.5758407,0.04305399988879799, 0.3480850000414648,0,0,27.8,0.0,1
9316,1776086432.605677,0.04338999997344217, 0.3633199999057979,0,0,27.8,0.0,1
9317,1776086432.6357093,0.05508300000656163, 0.34372400023130467,0,0,27.8,0.0,1
9318,1776086432.6649306,0.0460650003333285, 0.33776000009311247,0,0,27.8,0.0,1
9319,1776086432.6947317,0.059855000017705606, 0.36388499984241207,0,0,27.8,0.0,1
9320,1776086432.7256346,0.05604399984804331, 0.23909799983812263,0,0,27.8,0.0,1
9320,1776086432.7866857,32.92778799959706, 0.25197500008289353,10,10,27.8,0.0,0
9321,1776086432.8769913,13.556156000049668, 0.24369399989154772,13,0,27.8,0.0,0
9322,1776086432.8911536,12.447638000139705, 0.2548299999034498,9,9,27.8,0.0,0
9323,1776086432.924219,21.586418999959278, 0.2905989999817393,9,12,27.8,0.0,0
9324,1776086433.208804,18.869577999794274, 258.24868000017887,9,8,27.8,0.0,0
9326,1776086433.2130885,0.5528409997168637, 0.21492199994099792,0,8,27.8,0.0,1
9327,1776086433.2300365,0.5575159998443269, 0.3342089999023301,0,6,27.8,0.0,1
9328,1776086433.2610714,1.9878670000252896, 0.3254970001762558,0,4,27.8,0.0,1
9329,1776086433.2933943,0.31245299987858743, 0.2995640002154687,0,0,27.8,0.0,1
9330,1776086433.3202033,0.04069599981448846, 0.32367899984819815,0,0,27.8,0.0,1
9331,1776086433.3482904,0.04174900004727533, 0.34322099963901564,0,0,27.8,0.0,1
9332,1776086433.3780093,0.04503599984673201, 0.341905999903247,0,0,27.8,0.0,1
9333,1776086433.4078438,0.04697500025940826, 0.3415500000301108,0,0,27.8,0.0,1
9334,1776086433.4373696,0.04461499975150218, 0.3483720001895563,0,0,27.8,0.0,1
9335,1776086433.4671094,0.04085499995198916, 0.3432739999880141,0,0,27.8,0.0,1
9336,1776086433.496914,0.04452800021681469, 0.34803199969246634,0,0,27.8,0.0,1
9337,1776086433.5269814,0.05324399990058737, 0.3772059999391786,0,0,27.8,0.0,1
9338,1776086433.5566115,0.04291599998396123, 0.34335400005147676,0,0,27.8,0.0,1
9339,1776086433.5867028,0.053278999985195696, 0.31475200012209825,0,0,27.8,0.0,1
9340,1776086433.6153936,0.049760999900172465, 0.34078600037901197,0,0,27.8,0.0,1
9341,1776086433.6452837,0.0466810001853446, 0.33306800014543114,0,0,27.8,0.0,1
9342,1776086433.6750963,0.042797000332939206, 0.34374699998807046,0,0,27.8,0.0,1
9343,1776086433.704978,0.04550299991024076, 0.34735000008367933,0,0,27.8,0.0,1
9344,1776086433.7347507,0.061315000039030565, 0.3452649998507695,0,0,27.8,0.0,1
9345,1776086433.764277,0.04272400019544875, 0.34071699974447256,0,0,27.8,0.0,1
9346,1776086433.7940547,0.04196800000499934, 0.3466500002105022,0,0,27.8,0.0,1
9347,1776086433.824216,0.046316999942064285, 0.34230000028401264,0,0,27.8,0.0,1
9348,1776086433.853261,0.044797000100516016, 0.33711400010361103,0,0,27.8,0.0,1
9349,1776086433.8831227,0.04554999986794428, 0.3436510000938142,0,0,27.8,0.0,1
9350,1776086433.914409,0.04097700002603233, 0.32415600026070024,0,0,27.8,0.0,1
9351,1776086433.942735,0.05809200001749559, 0.34009299997705966,0,0,27.8,0.0,1
9352,1776086433.9722228,0.04522299968812149, 0.33773499990275013,0,0,27.8,0.0,1
9353,1776086434.0023892,0.049559999752091244, 0.3817690003415919,0,0,27.8,0.0,1
9354,1776086434.0322142,0.05097800021758303, 0.3799659998549032,0,0,27.8,0.0,1
9355,1776086434.0616658,0.042127999677177286, 0.3588640001908061,0,0,27.8,0.0,1
9356,1776086434.0910687,0.04602900025929557, 0.3390100000615348,0,0,27.8,0.0,1
9357,1776086434.120884,0.04696300038631307, 0.34082299998772214,0,0,27.8,0.0,1
9358,1776086434.1512086,0.11015900008715107, 0.3428929999245156,0,0,27.8,0.0,1
9359,1776086434.180835,0.03866300039589987, 0.31199300019579823,0,0,27.8,0.0,1
9359,1776086434.2432113,33.346436000101676, 0.3005799999300507,16,16,27.8,0.0,0
9360,1776086434.2960582,23.647475999950984, 0.26060899972435436,14,0,27.8,0.0,0
9361,1776086434.3208706,19.615979999798583, 0.3092799997830298,17,17,27.8,0.0,0
9362,1776086434.3481243,18.563853000159725, 0.31573000023854547,14,19,27.8,0.0,0
9363,1776086434.6375215,20.641220000015892, 257.7954729999874,15,12,27.8,0.0,0
9365,1776086434.6412106,0.6789680001020315, 0.2884539999286062,0,12,27.8,0.0,1
9366,1776086434.6559405,0.8274319998236024, 0.34159899996666354,0,11,27.8,0.0,1
9367,1776086434.68592,0.8904920000532002, 0.38658599987684283,0,10,27.8,0.0,1
9368,1776086434.7167618,2.1811370002069452, 0.39412800015270477,0,0,27.8,0.0,1
9369,1776086434.7488034,0.034764999782055384, 0.2590560002317943,0,0,27.8,0.0,1
9370,1776086434.774842,0.045901000248704804, 0.3388539998923079,0,0,27.8,0.0,1
9371,1776086434.8056147,0.03839700002572499, 0.3102250002484652,0,0,27.8,0.0,1
9372,1776086434.833476,0.048972000058711274, 0.36905599972669734,0,0,27.8,0.0,1
9373,1776086434.8633935,0.04934700018566218, 0.41749000001800596,0,0,27.8,0.0,1
9374,1776086434.8937695,0.046768000174779445, 0.3550370001903502,0,0,27.8,0.0,1
9375,1776086434.9231334,0.0411010000789247, 0.34354899980826303,0,0,27.8,0.0,1
9376,1776086434.9531024,0.047850999635556946, 0.3692330001285882,0,0,27.8,0.0,1
9377,1776086434.9833164,0.05193900005906471, 0.3736169996955141,0,0,27.8,0.0,1
9378,1776086435.012953,0.04334799996286165, 0.3452690002632153,0,0,27.8,0.0,1
9379,1776086435.042404,0.047543000164296245, 0.35265099995740457,0,0,27.8,0.0,1
9380,1776086435.071899,0.04384900012155413, 0.33617400004004594,0,0,27.8,0.0,1
9381,1776086435.1012893,0.045061000037094345, 0.3344860001561756,0,0,27.8,0.0,1
9382,1776086435.1311357,0.042827000015677186, 0.34003400014626095,0,0,27.8,0.0,1
9383,1776086435.1609983,0.04337500013207318, 0.3400359996703628,0,0,27.8,0.0,1
9384,1776086435.1907873,0.044134000290796394, 0.3368600000612787,0,0,27.8,0.0,1
9385,1776086435.2206619,0.04379900019557681, 0.3534510001372837,0,0,27.8,0.0,1
9386,1776086435.2500758,0.04360699995231698, 0.3413190001992916,0,0,27.8,0.0,1
9387,1776086435.2799063,0.045977999889146304, 0.3431670002100873,0,0,27.8,0.0,1
9388,1776086435.3100524,0.04864099992119009, 0.3834639996966871,0,0,27.8,0.0,1
9389,1776086435.3394666,0.04795199993168353, 0.3742950002560974,0,0,27.8,0.0,1
9390,1776086435.3695905,0.0443580001956434, 0.3329770001982979,0,0,27.8,0.0,1
9391,1776086435.4006298,0.04289500020604464, 0.32981300000756164,0,0,27.8,0.0,1
9392,1776086435.4281929,0.04571699992084177, 0.33601799987081904,0,0,27.8,0.0,1
9393,1776086435.4581802,0.04414300019561779, 0.4140989999541489,0,0,27.8,0.0,1
9394,1776086435.4879467,0.04241399983584415, 0.34746099981930456,0,0,27.8,0.0,1
9395,1776086435.5172908,0.045155999941925984, 0.32971800010273,0,0,27.8,0.0,1
9396,1776086435.5471306,0.0449760000265087, 0.3360369996698864,0,0,27.8,0.0,1
9397,1776086435.577366,0.04973500017513288, 0.3749219999917841,0,0,27.8,0.0,1
9398,1776086435.6069937,0.043728000036935555, 0.3395570001885062,0,0,27.8,0.0,1
9398,1776086435.6685672,32.376997000028496, 0.3017720000570989,14,14,27.8,0.0,0
9399,1776086435.684504,14.071181999952387, 0.2881830000660557,18,0,27.8,0.0,0
9400,1776086435.720184,20.41788299993641, 0.31516299986833474,18,18,27.8,0.0,0
9401,1776086435.7447026,17.455743000027724, 0.32577899992247694,21,20,27.8,0.0,0
9402,1776086436.0347474,20.004839999728574, 258.8831130001381,19,13,27.8,0.0,0
9404,1776086436.0394096,0.7747370000288356, 0.29430999984469963,0,13,27.8,0.0,1
9405,1776086436.0524817,0.7568989999526821, 0.3229680000913504,0,11,27.8,0.0,1
9406,1776086436.0845742,2.3465679996661493, 0.3299919999335543,0,10,27.8,0.0,1
9407,1776086436.1170802,0.5556950000027427, 0.33590400016692,0,0,27.8,0.0,1
9408,1776086436.1419868,0.04824699999517179, 0.3865459998451115,0,0,27.8,0.0,1
9409,1776086436.1715267,0.047713000185467536, 0.3646539998953813,0,0,27.8,0.0,1
9410,1776086436.2009845,0.044069000068702735, 0.34152500029449584,0,0,27.8,0.0,1
9411,1776086436.2309866,0.04970600002707215, 0.3887689999828581,0,0,27.8,0.0,1
9412,1776086436.261224,0.04391599986774963, 0.34956399986185716,0,0,27.8,0.0,1
9413,1776086436.2918713,0.04139700013183756, 0.3154559999529738,0,0,27.8,0.0,1
9414,1776086436.320262,0.05068400014351937, 0.38151500029925955,0,0,27.8,0.0,1
9415,1776086436.3497102,0.05997400012347498, 0.33755899994503125,0,0,27.8,0.0,1
9416,1776086436.3794684,0.04663299978346913, 0.3866440001729643,0,0,27.8,0.0,1
9417,1776086436.408968,0.04611999975168146, 0.3356880001774698,0,0,27.8,0.0,1
9418,1776086436.4387362,0.06194199977471726, 0.3459439999460301,0,0,27.8,0.0,1
9419,1776086436.4682188,0.044424999941838905, 0.3426819998821884,0,0,27.8,0.0,1
9420,1776086436.498388,0.04538099983619759, 0.3610290000324312,0,0,27.8,0.0,1
9421,1776086436.52861,0.04579999995257822, 0.36991700017097173,0,0,27.8,0.0,1
9422,1776086436.557708,0.058567999985825736, 0.34187499977633706,0,0,27.8,0.0,1
9423,1776086436.5871463,0.044071000047551934, 0.34063700013575726,0,0,27.8,0.0,1
9424,1776086436.6172776,0.04956199973094044, 0.3753629998755059,0,0,27.8,0.0,1
9425,1776086436.6467185,0.059343999964767136, 0.349980000009964,0,0,27.8,0.0,1
9426,1776086436.6765707,0.047700000322947744, 0.36709300002257805,0,0,27.8,0.0,1
9427,1776086436.7062867,0.04625000019586878, 0.3805679998549749,0,0,27.8,0.0,1
9428,1776086436.735898,0.0444289998995373, 0.34486399999877904,0,0,27.8,0.0,1
9429,1776086436.7653904,0.04418400021677371, 0.33615700021982775,0,0,27.8,0.0,1
9430,1776086436.795274,0.043760000153270084, 0.3458329997556575,0,0,27.8,0.0,1
9431,1776086436.8249943,0.04855399993175524, 0.3391690001990355,0,0,27.8,0.0,1
9432,1776086436.8557706,0.043977000132144894, 0.34580700003061793,0,0,27.8,0.0,1
9433,1776086436.8854802,0.040223999803856714, 0.31816900036574225,0,0,27.8,0.0,1
9434,1776086436.9136257,0.04927600002702093, 0.3780679999181302,0,0,27.8,0.0,1
9435,1776086436.9441948,0.04756599992106203, 0.388067999665509,0,0,27.8,0.0,1
9436,1776086436.9738317,0.045589999899675604, 0.33740099979695515,0,0,27.8,0.0,1
9437,1776086437.0032837,0.04352099995230674, 0.34764599968184484,0,0,27.8,0.0,1
9437,1776086437.0660536,32.82377499999711, 0.3168319999531377,19,19,27.8,0.0,0
9438,1776086437.1119528,23.83914200026993, 0.3242059997319302,12,0,27.8,0.0,0
9439,1776086437.1294217,15.618862000337685, 0.2853000000868633,11,11,27.8,0.0,0
9440,1776086437.1437533,12.44453799972689, 0.27812799999082927,12,13,27.8,0.0,0
9441,1776086437.4227257,13.141861999883986, 258.49255899993295,14,7,27.8,0.0,0
9443,1776086437.4265985,0.4928360003759735, 0.22367900010067387,0,7,27.8,0.0,1
9444,1776086437.4500668,0.50761100010277, 0.31190799973046524,0,6,27.8,0.0,1
9445,1776086437.4806836,0.4730680002467125, 0.296302000151627,0,6,27.8,0.0,1
9446,1776086437.5101187,1.9207270001970755, 0.36709799996970105,0,0,27.8,0.0,1
9447,1776086437.5422025,0.036841000110143796, 0.26142500018977444,0,0,27.8,0.0,1
9448,1776086437.5678914,0.04437200004758779, 0.3426090001994453,0,0,27.8,0.0,1
9449,1776086437.597702,0.04462500010049553, 0.35974100001112674,0,0,27.8,0.0,1
9450,1776086437.6272109,0.043930000174441375, 0.34509899978729663,0,0,27.8,0.0,1
9451,1776086437.656923,0.04737500012197415, 0.33893199997692136,0,0,27.8,0.0,1
9452,1776086437.6871614,0.044086000343668275, 0.3393520000827266,0,0,27.8,0.0,1
9453,1776086437.716611,0.03880499980368768, 0.3449460000410909,0,0,27.8,0.0,1
9454,1776086437.7461023,0.043525999899429735, 0.338763000399922,0,0,27.8,0.0,1
9455,1776086437.7758896,0.04502599995248602, 0.3437239997765573,0,0,27.8,0.0,1
9456,1776086437.80531,0.04325300005803001, 0.3395879998606688,0,0,27.8,0.0,1
9457,1776086437.8351378,0.04558299997370341, 0.34020900011455524,0,0,27.8,0.0,1
9458,1776086437.865012,0.04286700004740851, 0.34140900015700026,0,0,27.8,0.0,1
9459,1776086437.8951762,0.05299400027070078, 0.37434400019265013,0,0,27.8,0.0,1
9460,1776086437.924277,0.04281900010028039, 0.33816699988165055,0,0,27.8,0.0,1
9461,1776086437.9541128,0.04154699990976951, 0.3349849998812715,0,0,27.8,0.0,1
9462,1776086437.9841897,0.0499450002280355, 0.39564200005770545,0,0,27.8,0.0,1
9463,1776086438.0138366,0.046983999709482305, 0.3430050001043128,0,0,27.8,0.0,1
9464,1776086438.0439029,0.04031199978271616, 0.3106399999524001,0,0,27.8,0.0,1
9465,1776086438.0747254,0.039651000406593084, 0.29562700001406483,0,0,27.8,0.0,1
9466,1776086438.1028478,0.04726900033347192, 0.33837299997685477,0,0,27.8,0.0,1
9467,1776086438.1324434,0.04235699998389464, 0.352844000190089,0,0,27.8,0.0,1
9468,1776086438.1621988,0.04431199977261713, 0.345770999956585,0,0,27.8,0.0,1
9469,1776086438.191936,0.04499000033320044, 0.3566659997886745,0,0,27.8,0.0,1
9470,1776086438.221781,0.04477400034375023, 0.34360999961791094,0,0,27.8,0.0,1
9471,1776086438.2511926,0.04549300001599477, 0.3362950001246645,0,0,27.8,0.0,1
9472,1776086438.2817297,0.059966999742755434, 0.35035999962929054,0,0,27.8,0.0,1
9473,1776086438.3111863,0.04616999967765878, 0.3481059998193814,0,0,27.8,0.0,1
9474,1776086438.340321,0.04261999993104837, 0.33820900034697843,0,0,27.8,0.0,1
9475,1776086438.3702548,0.0449780000053579, 0.3417649995753891,0,0,27.8,0.0,1
9476,1776086438.3999207,0.04610400037563522, 0.34170899971286417,0,0,27.8,0.0,1
9476,1776086438.4496858,20.0403149997328, 0.3004549998877337,16,16,27.8,0.0,0
9477,1776086438.4843779,21.999699999923905, 0.2786579998428351,12,0,27.8,0.0,0
9478,1776086438.5096853,18.922117999863985, 0.27946699992753565,13,13,27.8,0.0,0
9479,1776086438.5394793,19.73191199977009, 0.2995929999087821,13,15,27.8,0.0,0
9480,1776086438.8255253,19.150877999891236, 257.7432670000235,12,8,27.8,0.0,0
9482,1776086438.8295796,0.5363760001273477, 0.30512700004692306,0,8,27.8,0.0,1
9483,1776086438.846309,0.5803890003335255, 0.3333570002723718,0,7,27.8,0.0,1
9484,1776086438.8772202,1.9924640000681393, 0.31441600003745407,0,6,27.8,0.0,1
9485,1776086438.909578,0.3848379997180018, 0.3092010001637391,0,0,27.8,0.0,1
9486,1776086438.9355423,0.04527199962467421, 0.33505699957459,0,0,27.8,0.0,1
9487,1776086438.9657753,0.03812000022662687, 0.290524000320147,0,0,27.8,0.0,1
9488,1776086438.9943798,0.04415500006871298, 0.3458359997239313,0,0,27.8,0.0,1
9489,1776086439.0239434,0.050286999794479925, 0.37053200003356324,0,0,27.8,0.0,1
9490,1776086439.0533433,0.05152500034455443, 0.37903900010860525,0,0,27.8,0.0,1
9491,1776086439.082898,0.04716600005849614, 0.41014799990080064,0,0,27.8,0.0,1
9492,1776086439.1125221,0.04700599993157084, 0.3740099996321078,0,0,27.8,0.0,1
9493,1776086439.142811,0.06742699997630552, 0.4034969997519511,0,0,27.8,0.0,1
9494,1776086439.1727788,0.06691299995509326, 0.39976499965632684,0,0,27.8,0.0,1
9495,1776086439.2019982,0.042580999888741644, 0.34188299969173386,0,0,27.8,0.0,1
9496,1776086439.2313128,0.04566899997371365, 0.3734269998858508,0,0,27.8,0.0,1
9497,1776086439.2612684,0.04600299962476129, 0.3921680004168593,0,0,27.8,0.0,1
9498,1776086439.29116,0.04584599992085714, 0.3399639999770443,0,0,27.8,0.0,1
9499,1776086439.3210247,0.042407999899296556, 0.3367119998074486,0,0,27.8,0.0,1
9500,1776086439.3508432,0.04500900013226783, 0.3432660000726173,0,0,27.8,0.0,1
9501,1776086439.3807192,0.05766499998571817, 0.34429200013619266,0,0,27.8,0.0,1
9502,1776086439.4101484,0.042782000036822865, 0.3454399998190638,0,0,27.8,0.0,1
9503,1776086439.4399953,0.044951999825570965, 0.34142899994549225,0,0,27.8,0.0,1
9504,1776086439.4697554,0.06169299967950792, 0.34656300022106734,0,0,27.8,0.0,1
9505,1776086439.499185,0.0445860000581888, 0.3396869997231988,0,0,27.8,0.0,1
9506,1776086439.5296807,0.042195000332867494, 0.3385299996807589,0,0,27.8,0.0,1
9507,1776086439.5603127,0.03731499964487739, 0.3132840001853765,0,0,27.8,0.0,1
9508,1776086439.5885699,0.04880200003753998, 0.35893900030714576,0,0,27.8,0.0,1
9509,1776086439.618097,0.044564999825524865, 0.34186299990324187,0,0,27.8,0.0,1
9510,1776086439.6480002,0.04367200017441064, 0.3427199999350705,0,0,27.8,0.0,1
9511,1776086439.6778195,0.04257000000507105, 0.3388699997231015,0,0,27.8,0.0,1
9512,1776086439.706781,0.043060000280092936, 0.3434039999774541,0,0,27.8,0.0,1
9513,1776086439.7365162,0.04756999987876043, 0.3873359996759973,0,0,27.8,0.0,1
9514,1776086439.7669914,0.04625900010069017, 0.36376500020196545,0,0,27.8,0.0,1
9515,1776086439.7965784,0.05099800000607502, 0.35825499981001485,0,0,27.8,0.0,1
9515,1776086439.8584106,32.643287999690074, 0.29186799974922906,10,10,27.8,0.0,0
9516,1776086439.8741992,13.959524000256351, 0.23892699982752674,9,0,27.8,0.0,0
9517,1776086439.910474,22.21762299996044, 0.26757299974633497,8,8,27.8,0.0,0
9518,1776086439.9341757,17.594938000002003, 0.2876919998016092,12,14,27.8,0.0,0
9519,1776086440.2258315,21.407802999874548, 258.84828200014454,16,6,27.8,0.0,0
9521,1776086440.2299478,0.45681500023420085, 0.22336500023811823,0,6,27.8,0.0,1
9522,1776086440.2421176,0.4604519999702461, 0.32642200039845193,0,4,27.8,0.0,1
9523,1776086440.272643,0.4418020002958656, 0.3573929998310632,0,4,27.8,0.0,1
9524,1776086440.3036382,1.950976999978593, 0.35315100012667244,0,0,27.8,0.0,1
9525,1776086440.3353856,0.035417000162851764, 0.27000199997928576,0,0,27.8,0.0,1
9526,1776086440.361381,0.04539300016404013, 0.3500110001368739,0,0,27.8,0.0,1
9527,1776086440.3912253,0.04598000032274285, 0.3476649999356596,0,0,27.8,0.0,1
9528,1776086440.420726,0.0641269998595817, 0.34733900020000874,0,0,27.8,0.0,1
9529,1776086440.4500484,0.04387799981486751, 0.3360979999342817,0,0,27.8,0.0,1
9530,1776086440.4797702,0.06693500017718179, 0.36096299982091296,0,0,27.8,0.0,1
9531,1776086440.5100493,0.05020300022806623, 0.36753999984284746,0,0,27.8,0.0,1
9532,1776086440.5391815,0.048596999931760365, 0.3381150004315714,0,0,27.8,0.0,1
9533,1776086440.5693653,0.0501720001011563, 0.3883070003212197,0,0,27.8,0.0,1
9534,1776086440.5988216,0.04514500005825539, 0.34374000006209826,0,0,27.8,0.0,1
9535,1776086440.6287503,0.05695099980584928, 0.3487029998723301,0,0,27.8,0.0,1
9536,1776086440.6580265,0.04452899975149194, 0.33722299986038706,0,0,27.8,0.0,1
9537,1776086440.6882992,0.048765999963507056, 0.3735619998224138,0,0,27.8,0.0,1
9538,1776086440.7184494,0.04189600031168084, 0.3506920002109837,0,0,27.8,0.0,1
9539,1776086440.748751,0.03700600018419209, 0.29772800007776823,0,0,27.8,0.0,1
9540,1776086440.777073,0.044704000174533576, 0.34237399995618034,0,0,27.8,0.0,1
9541,1776086440.8068664,0.045121999846742256, 0.33988099994530785,0,0,27.8,0.0,1
9542,1776086440.8368204,0.04436700010046479, 0.3492089999781456,0,0,27.8,0.0,1
9543,1776086440.8662057,0.044858999899588525, 0.339356000040425,0,0,27.8,0.0,1
9544,1776086440.8960748,0.04737000017485116, 0.3432979997342045,0,0,27.8,0.0,1
9545,1776086440.9257565,0.04394100005811197, 0.3451430002314737,0,0,27.8,0.0,1
9546,1776086440.9556043,0.04204500010018819, 0.3293599997959973,0,0,27.8,0.0,1
9547,1776086440.9858317,0.04395299993120716, 0.3446460000304796,0,0,27.8,0.0,1
9548,1776086441.0148613,0.047539999741275096, 0.3692389996103884,0,0,27.8,0.0,1
9549,1776086441.0447092,0.044816999889008, 0.36167400003250805,0,0,27.8,0.0,1
9550,1776086441.074221,0.04282500003682799, 0.3435530002207088,0,0,27.8,0.0,1
9551,1776086441.104058,0.042735000079119345, 0.34591299981912016,0,0,27.8,0.0,1
9552,1776086441.134076,0.048780999804876046, 0.3749000002244429,0,0,27.8,0.0,1
9553,1776086441.1635494,0.05009400001654285, 0.38170000016179984,0,0,27.8,0.0,1
9554,1776086441.19343,0.04673000012189732, 0.38358799974957947,0,0,27.8,0.0,1
9554,1776086441.2560105,33.22852800010878, 0.27906900004381896,11,11,27.8,0.0,0
9555,1776086441.313162,24.382968999816512, 0.26026200021078694,13,0,27.8,0.0,0
9556,1776086441.3310525,16.010224999718048, 0.285563000034017,12,12,27.8,0.0,0
9557,1776086441.3626587,19.394570000258682, 0.302517999898555,12,16,27.8,0.0,0
9558,1776086441.6505215,20.713152999633166, 258.150391000072,14,11,27.8,0.0,0
9560,1776086441.655509,0.3230710003663262, 0.17465600012656068,0,11,27.8,0.0,1
9561,1776086441.668862,0.729804000002332, 0.32748500007073744,0,9,27.8,0.0,1
9562,1776086441.7006233,2.234585999758565, 0.3101920001427061,0,8,27.8,0.0,1
9563,1776086441.7326021,0.4550369999378745, 0.3156230000058713,0,0,27.8,0.0,1
9564,1776086441.7578242,0.04811099961443688, 0.34047100007228437,0,0,27.8,0.0,1
9565,1776086441.787658,0.04892000015388476, 0.3648960000646184,0,0,27.8,0.0,1
9566,1776086441.8174093,0.047882999751891475, 0.38573700021515833,0,0,27.8,0.0,1
9567,1776086441.8468883,0.04788599972016527, 0.33795599983932334,0,0,27.8,0.0,1
9568,1776086441.8771467,0.04501100011111703, 0.33583799995540176,0,0,27.8,0.0,1
9569,1776086441.9068,0.040205000004789326, 0.3034730002582364,0,0,27.8,0.0,1
9570,1776086441.9360015,0.04388900015328545, 0.34057300035783555,0,0,27.8,0.0,1
9571,1776086441.9658418,0.04418800017447211, 0.3392940002413525,0,0,27.8,0.0,1
9572,1776086441.995658,0.04263599976184196, 0.3614429997469415,0,0,27.8,0.0,1
9573,1776086442.0254152,0.04643500005840906, 0.388386999929935,0,0,27.8,0.0,1
9574,1776086442.0552428,0.04711399969892227, 0.37960700001349323,0,0,27.8,0.0,1
9575,1776086442.0847418,0.060414000017772196, 0.34391300005154335,0,0,27.8,0.0,1
9576,1776086442.1142545,0.04590899970935425, 0.33810300010372885,0,0,27.8,0.0,1
9577,1776086442.1446598,0.043125000047439244, 0.3566169998521218,0,0,27.8,0.0,1
9578,1776086442.173776,0.04390100002638064, 0.34333800022068317,0,0,27.8,0.0,1
9579,1776086442.2036414,0.04317899993111496, 0.3615360001276713,0,0,27.8,0.0,1
9580,1776086442.2345815,0.038206000226637116, 0.30651299994133296,0,0,27.8,0.0,1
9581,1776086442.262924,0.04344199987826869, 0.3403079999770853,0,0,27.8,0.0,1
9582,1776086442.292737,0.062201000218919944, 0.3459680001469678,0,0,27.8,0.0,1
9583,1776086442.3221765,0.04399600038595963, 0.3443909999987227,0,0,27.8,0.0,1
9584,1776086442.3519387,0.04534600020633661, 0.33447199984948384,0,0,27.8,0.0,1
9585,1776086442.3818982,0.04301899980418966, 0.34877899997809436,0,0,27.8,0.0,1
9586,1776086442.411052,0.04464999983611051, 0.37582799996016547,0,0,27.8,0.0,1
9587,1776086442.4406016,0.04682300004787976, 0.37863800025661476,0,0,27.8,0.0,1
9588,1776086442.4715142,0.04894799985777354, 0.4038609999952314,0,0,27.8,0.0,1
9589,1776086442.5008132,0.04176099992037052, 0.3428909999456664,0,0,27.8,0.0,1
9590,1776086442.5297523,0.06539100013469579, 0.35281800001030206,0,0,27.8,0.0,1
9591,1776086442.5601087,0.045000000227446435, 0.3645899996627122,0,0,27.8,0.0,1
9592,1776086442.5900903,0.04907499987893971, 0.398233999931108,0,0,27.8,0.0,1
9593,1776086442.6192422,0.040392999835603405, 0.34044599988192203,0,0,27.8,0.0,1
9593,1776086442.6822944,32.98553400009041, 0.3181540000696259,21,20,27.8,0.0,0
9594,1776086442.6972988,13.137713000105578, 0.26996599990525283,16,0,27.8,0.0,0
9595,1776086442.732543,21.343010000236973, 0.2683170000636892,10,10,27.8,0.0,0
9596,1776086442.758331,18.068445000153588, 0.2991399996972177,13,16,27.8,0.0,0
9597,1776086443.04756,20.82629699998506, 257.5132339998163,15,10,27.8,0.0,0
9599,1776086443.0511143,0.5982339998809039, 0.28544899987537065,0,10,27.8,0.0,1
9600,1776086443.0654783,0.6822159998591815, 0.36228399994797655,0,7,27.8,0.0,1
9601,1776086443.09571,0.5975960002615466, 0.3620990000854363,0,7,27.8,0.0,1
9602,1776086443.1262286,2.2103360001892725, 0.4088569999112224,0,0,27.8,0.0,1
9603,1776086443.1584563,0.036436999835132156, 0.28069799964214326,0,0,27.8,0.0,1
9604,1776086443.1834595,0.04747100001623039, 0.39049199995133677,0,0,27.8,0.0,1
9605,1776086443.213312,0.045835000037186546, 0.3755029997591919,0,0,27.8,0.0,1
9606,1776086443.2430785,0.04228999978295178, 0.37080499987496296,0,0,27.8,0.0,1
9607,1776086443.273181,0.05332299997462542, 0.40488800004823133,0,0,27.8,0.0,1
9608,1776086443.3033102,0.05181999995329534, 0.3798629995799274,0,0,27.8,0.0,1
9609,1776086443.3330762,0.043432999973447295, 0.3386050002518459,0,0,27.8,0.0,1
9610,1776086443.3622024,0.043682000068656635, 0.3330439999444934,0,0,27.8,0.0,1
9611,1776086443.392268,0.04603399975167122, 0.37540499988608644,0,0,27.8,0.0,1
9612,1776086443.4230611,0.04194200027995976, 0.3111979999630421,0,0,27.8,0.0,1
9613,1776086443.4509335,0.04514200008998159, 0.37928499978079344,0,0,27.8,0.0,1
9614,1776086443.4805741,0.042470999687793665, 0.36555399992721505,0,0,27.8,0.0,1
9615,1776086443.5103939,0.04694700010077213, 0.38045599967517774,0,0,27.8,0.0,1
9616,1776086443.5410364,0.05141800011188025, 0.37327000018194667,0,0,27.8,0.0,1
9617,1776086443.5702255,0.04280399980416405, 0.3400859995963401,0,0,27.8,0.0,1
9618,1776086443.6003125,0.04775200022777426, 0.3691249999064894,0,0,27.8,0.0,1
9619,1776086443.629275,0.04641400028049247, 0.3799109999818029,0,0,27.8,0.0,1
9620,1776086443.6598003,0.046797000322840177, 0.33407799992346554,0,0,27.8,0.0,1
9621,1776086443.6893146,0.04145800039623282, 0.33621500006120186,0,0,27.8,0.0,1
9622,1776086443.7183406,0.044333999994705664, 0.39155800004664343,0,0,27.8,0.0,1
9623,1776086443.7487395,0.050847000238718465, 0.4016529996988538,0,0,27.8,0.0,1
9624,1776086443.7777808,0.04359800004749559, 0.34912199998871074,0,0,27.8,0.0,1
9625,1776086443.8074818,0.046552000185329234, 0.3812969998762128,0,0,27.8,0.0,1
9626,1776086443.8371115,0.04440599968802417, 0.36978100024498417,0,0,27.8,0.0,1
9627,1776086443.8676279,0.0608000000283937, 0.4216140000607993,0,0,27.8,0.0,1
9628,1776086443.8974075,0.04754900010084384, 0.4119430000173452,0,0,27.8,0.0,1
9629,1776086443.9276223,0.04752100039695506, 0.3774639999392093,0,0,27.8,0.0,1
9630,1776086443.9568913,0.04426100031196256, 0.3350350002619962,0,0,27.8,0.0,1
9631,1776086443.9867628,0.04423399968800368, 0.3407340000194381,0,0,27.8,0.0,1
9632,1776086444.0179224,0.040111999624059536, 0.3177720000167028,0,0,27.8,0.0,1
9632,1776086444.0776927,31.961805999799253, 0.32153399979506503,23,20,27.8,0.0,0
9633,1776086444.093271,13.698139000098308, 0.26816800027518184,21,0,27.8,0.0,0
9634,1776086444.1251872,20.27918099975068, 0.31172399985734955,18,18,27.8,0.0,0
9635,1776086444.154561,19.796603999566287, 0.32404600005975226,13,19,27.8,0.0,0
9636,1776086444.44403,21.035445000052277, 257.95575699976325,20,13,27.8,0.0,0
9638,1776086444.4504037,0.8514629998899181, 0.3511559998514713,0,13,27.8,0.0,1
9639,1776086444.4616222,0.743963999866537, 0.3352410003572004,0,10,27.8,0.0,1
9640,1776086444.493299,2.331450999918161, 0.3274480000072799,0,10,27.8,0.0,1
9641,1776086444.5255854,0.5245990000730671, 0.33463799991295673,0,0,27.8,0.0,1
9642,1776086444.550808,0.05040900032327045, 0.3741989999070938,0,0,27.8,0.0,1
9643,1776086444.5812237,0.04554999986794428, 0.3427139999985229,0,0,27.8,0.0,1
9644,1776086444.609941,0.0431960002060805, 0.3509140001369815,0,0,27.8,0.0,1
9645,1776086444.6398084,0.07860400000936352, 0.4228409998177085,0,0,27.8,0.0,1
9646,1776086444.6696384,0.06183300001794123, 0.419919999785634,0,0,27.8,0.0,1
9647,1776086444.6991198,0.04690100013249321, 0.39358599997285637,0,0,27.8,0.0,1
9648,1776086444.728696,0.048007999794208445, 0.40543300019635353,0,0,27.8,0.0,1
9649,1776086444.7583976,0.045819999741070205, 0.3826570000455831,0,0,27.8,0.0,1
9650,1776086444.78847,0.054974000249785604, 0.44776300001103664,0,0,27.8,0.0,1
9651,1776086444.8187442,0.04157500006840564, 0.3117840001323202,0,0,27.8,0.0,1
9652,1776086444.848033,0.04207799975119997, 0.3409609998925589,0,0,27.8,0.0,1
9653,1776086444.8778243,0.04438300038600573, 0.3463510001893155,0,0,27.8,0.0,1
9654,1776086444.9092476,0.04144500007896568, 0.31398000010085525,0,0,27.8,0.0,1
9655,1776086444.9370754,0.04390599997350364, 0.3370519998497912,0,0,27.8,0.0,1
9656,1776086444.9670777,0.045573000079457415, 0.3455380001469166,0,0,27.8,0.0,1
9657,1776086444.9968297,0.05422999993243138, 0.3796930000135035,0,0,27.8,0.0,1
9658,1776086445.0267925,0.044302000333118485, 0.36110900009589386,0,0,27.8,0.0,1
9659,1776086445.0560658,0.04277299967725412, 0.34404099960738677,0,0,27.8,0.0,1
9660,1776086445.085898,0.04629299974112655, 0.3376909999133204,0,0,27.8,0.0,1
9661,1776086445.1156662,0.04388000024846406, 0.3682870001284755,0,0,27.8,0.0,1
9662,1776086445.1452723,0.047031000121933175, 0.3774399997382716,0,0,27.8,0.0,1
9663,1776086445.1755621,0.04434199991010246, 0.34512499996708357,0,0,27.8,0.0,1
9664,1776086445.2042942,0.05287399972075946, 0.4325540003264905,0,0,27.8,0.0,1
9665,1776086445.2338095,0.04298900012145168, 0.3451119996498164,0,0,27.8,0.0,1
9666,1776086445.263582,0.04673300009017112, 0.3822419998869009,0,0,27.8,0.0,1
9667,1776086445.2935054,0.045622000016010134, 0.42187000008198083,0,0,27.8,0.0,1
9668,1776086445.3239863,0.049264999688602984, 0.38236000000324566,0,0,27.8,0.0,1
9669,1776086445.3530793,0.043248000110907014, 0.3403979999347939,0,0,27.8,0.0,1
9670,1776086445.3830543,0.044703999719786225, 0.34436199985066196,0,0,27.8,0.0,1
9671,1776086445.4131804,0.04457500017451821, 0.33658900019872817,0,0,27.8,0.0,1
9671,1776086445.4744103,32.24395800043567, 0.3181819997735147,16,16,27.8,0.0,0
9672,1776086445.5155149,22.441057999913028, 0.27206200002183323,15,0,27.8,0.0,0
9673,1776086445.5318463,13.945752999916294, 0.3212599999642407,17,17,27.8,0.0,0
9674,1776086445.5465596,12.795009999990725, 0.33889599990288843,17,20,27.8,0.0,0
9675,1776086445.8385708,20.369150000078662, 257.56215199999133,13,13,27.8,0.0,0
9677,1776086445.8425841,0.7546929996351537, 0.2974980002363736,0,13,27.8,0.0,1
9678,1776086445.8585591,0.8531819999006984, 0.381623000066611,0,7,27.8,0.0,1
9679,1776086445.8881445,0.579529000333423, 0.3696610001497902,0,4,27.8,0.0,1
9680,1776086445.9193416,1.981571000214899, 0.3643119998741895,0,0,27.8,0.0,1
9681,1776086445.9516191,0.03626399984568707, 0.27338100017004763,0,0,27.8,0.0,1
9682,1776086445.9767933,0.04347499998402782, 0.3476609999779612,0,0,27.8,0.0,1
9683,1776086446.0073297,0.04595800010065432, 0.3378149999662128,0,0,27.8,0.0,1
9684,1776086446.0368016,0.04660500007958035, 0.34425200010446133,0,0,27.8,0.0,1
9685,1776086446.0666463,0.054367999837268144, 0.37579399986498174,0,0,27.8,0.0,1
9686,1776086446.0975947,0.0376849998247053, 0.30904700042810873,0,0,27.8,0.0,1
9687,1776086446.1258507,0.04307899962441297, 0.342473999808135,0,0,27.8,0.0,1
9688,1776086446.1552274,0.047667000217188615, 0.38003200006642146,0,0,27.8,0.0,1
9689,1776086446.1847208,0.06523199999719509, 0.345527000263246,0,0,27.8,0.0,1
9690,1776086446.2146723,0.046535999899788294, 0.4235110000081477,0,0,27.8,0.0,1
9691,1776086446.2445354,0.048598000375932315, 0.3784189998441434,0,0,27.8,0.0,1
9692,1776086446.2743893,0.05215600003793952, 0.40107199993144604,0,0,27.8,0.0,1
9693,1776086446.3040948,0.052585000048566144, 0.3856900002574548,0,0,27.8,0.0,1
9694,1776086446.3337927,0.04449400012163096, 0.33761199983928236,0,0,27.8,0.0,1
9695,1776086446.3638933,0.04586200020639808, 0.36110400014877087,0,0,27.8,0.0,1
9696,1776086446.3927138,0.06286899997576256, 0.3418930000407272,0,0,27.8,0.0,1
9697,1776086446.4224498,0.047235000238288194, 0.39452100008929847,0,0,27.8,0.0,1
9698,1776086446.452486,0.05716900022889604, 0.4587089997585281,0,0,27.8,0.0,1
9699,1776086446.482026,0.04167199995208648, 0.35000799971385277,0,0,27.8,0.0,1
9700,1776086446.5116353,0.04352199994173134, 0.37211400012893137,0,0,27.8,0.0,1
9701,1776086446.541301,0.04667699977289885, 0.37844100006623194,0,0,27.8,0.0,1
9702,1776086446.5719252,0.05124000017531216, 0.4050600000482518,0,0,27.8,0.0,1
9703,1776086446.601831,0.04682300004787976, 0.3420670000195969,0,0,27.8,0.0,1
9704,1776086446.6305282,0.047137999899860006, 0.39658600007896894,0,0,27.8,0.0,1
9705,1776086446.660655,0.044035999962943606, 0.37960899999234243,0,0,27.8,0.0,1
9706,1776086446.6919868,0.042332999782956904, 0.3220789999431872,0,0,27.8,0.0,1
9707,1776086446.7196012,0.04579500000545522, 0.37079200001244317,0,0,27.8,0.0,1
9708,1776086446.7496812,0.04578199968818808, 0.3805729998020979,0,0,27.8,0.0,1
9709,1776086446.7797136,0.049576000037632184, 0.4135569997743005,0,0,27.8,0.0,1
9710,1776086446.8087451,0.06462600003942498, 0.3472079997663968,0,0,27.8,0.0,1
9710,1776086446.8711178,32.4681629999759, 0.3142470000057074,16,16,27.8,0.0,0
9711,1776086446.886975,13.959104999685223, 0.27251599976807483,11,0,27.8,0.0,0
9712,1776086446.9220178,21.487929000159056, 0.2635889995872276,11,11,27.8,0.0,0
9713,1776086446.945936,17.391741999745136, 0.29830800031049876,9,14,27.8,0.0,0
9714,1776086447.2379982,23.101034000319487, 257.0632359997944,12,8,27.8,0.0,0
9716,1776086447.2418532,0.5197089999455784, 0.2880390002246713,0,8,27.8,0.0,1
9717,1776086447.2553582,0.5385770000430057, 0.322978999975021,0,6,27.8,0.0,1
9718,1776086447.2864707,2.1201019999352866, 0.32709900006011594,0,5,27.8,0.0,1
9719,1776086447.3186665,0.3546259999893664, 0.2891130002353748,0,0,27.8,0.0,1
9720,1776086447.3437881,0.04376099968794733, 0.3472749999673397,0,0,27.8,0.0,1
9721,1776086447.3733804,0.04808899984709569, 0.3879210003105982,0,0,27.8,0.0,1
9722,1776086447.4032485,0.047170000016194535, 0.40686000011191936,0,0,27.8,0.0,1
9723,1776086447.432724,0.06370800019794842, 0.343430000157241,0,0,27.8,0.0,1
9724,1776086447.4625623,0.04820800040761242, 0.3657360002762289,0,0,27.8,0.0,1
9725,1776086447.4926875,0.04581199982567341, 0.3611510001064744,0,0,27.8,0.0,1
9726,1776086447.5224116,0.05464000014399062, 0.3933189996132569,0,0,27.8,0.0,1
9727,1776086447.5525599,0.05072499970992794, 0.36588500006473623,0,0,27.8,0.0,1
9728,1776086447.5837703,0.043586999709077645, 0.3097729995715781,0,0,27.8,0.0,1
9729,1776086447.6116803,0.04052799977216637, 0.3561219996299769,0,0,27.8,0.0,1
9730,1776086447.6407669,0.04631399997379049, 0.3390050001144118,0,0,27.8,0.0,1
9731,1776086447.670745,0.06678699992335169, 0.35768599991570227,0,0,27.8,0.0,1
9732,1776086447.70021,0.04617000013240613, 0.3824880000138364,0,0,27.8,0.0,1
9733,1776086447.7303815,0.06252599996514618, 0.4368410000097356,0,0,27.8,0.0,1
9734,1776086447.7596524,0.04781799998454517, 0.37482800007637707,0,0,27.8,0.0,1
9735,1776086447.7896492,0.0550589998056239, 0.3799219998654735,0,0,27.8,0.0,1
9736,1776086447.8198822,0.044376999994710786, 0.3514640002322267,0,0,27.8,0.0,1
9737,1776086447.8494844,0.04532000002654968, 0.3416240001570259,0,0,27.8,0.0,1
9738,1776086447.8787618,0.07088799975463189, 0.35278399991511833,0,0,27.8,0.0,1
9739,1776086447.908593,0.04480200004763901, 0.3794169997490826,0,0,27.8,0.0,1
9740,1776086447.9382908,0.047637000079703284, 0.37001500004407717,0,0,27.8,0.0,1
9741,1776086447.9676542,0.04080000007888884, 0.37711000004492234,0,0,27.8,0.0,1
9742,1776086447.9973423,0.0461350000477978, 0.3877049998664006,0,0,27.8,0.0,1
9743,1776086448.0272746,0.04860399985773256, 0.40529700027036597,0,0,27.8,0.0,1
9744,1776086448.0568612,0.04864599986831308, 0.3823980000561278,0,0,27.8,0.0,1
9745,1776086448.0868573,0.043616999846562976, 0.34011399975497625,0,0,27.8,0.0,1
9746,1776086448.116221,0.04463699997359072, 0.38630199969702517,0,0,27.8,0.0,1
9747,1776086448.1459599,0.04895099982604734, 0.37987999985489296,0,0,27.8,0.0,1
9748,1776086448.17748,0.04260800005795318, 0.33206200032509514,0,0,27.8,0.0,1
9749,1776086448.2053936,0.042965999909938546, 0.3878719999192981,0,0,27.8,0.0,1
9749,1776086448.2688282,33.41391300000396, 0.3006489996550954,16,16,27.8,0.0,0
9750,1776086448.3120568,23.000091000085376, 0.26380500003142515,18,0,27.8,0.0,0
9751,1776086448.328163,14.41930400005731, 0.2632459995766112,10,10,27.8,0.0,0
9752,1776086448.3421826,12.270283999896492, 0.2741070002230117,7,13,27.8,0.0,0
9753,1776086448.6253734,16.470352999931492, 256.1497919996327,13,8,27.8,0.0,0
9755,1776086448.6295974,0.5376019998948323, 0.2987970001413487,0,8,27.8,0.0,1
9756,1776086448.6523738,0.5804480001643242, 0.3705119997903239,0,6,27.8,0.0,1
9757,1776086448.6819496,0.4874999999628926, 0.31875000013315,0,5,27.8,0.0,1
9758,1776086448.7129605,2.0010889998047787, 0.35887399963030475,0,0,27.8,0.0,1
9759,1776086448.7454941,0.04021199993076152, 0.270884999736154,0,0,27.8,0.0,1
9760,1776086448.7721457,0.04097200007890933, 0.3207470003872004,0,0,27.8,0.0,1
9761,1776086448.8001375,0.04557000011118362, 0.33554600031493464,0,0,27.8,0.0,1
9762,1776086448.8301709,0.045047000185149955, 0.3412969999772031,0,0,27.8,0.0,1
9763,1776086448.8597493,0.04798000009031966, 0.3359160000400152,0,0,27.8,0.0,1
9764,1776086448.8896534,0.04607799974110094, 0.36094300003242097,0,0,27.8,0.0,1
9765,1776086448.9190407,0.0426480000896845, 0.3407699996387237,0,0,27.8,0.0,1
9766,1776086448.948506,0.056829999721230706, 0.40765099993222975,0,0,27.8,0.0,1
9767,1776086448.9780726,0.04756499993163743, 0.3976900002271577,0,0,27.8,0.0,1
9768,1776086449.008076,0.04395299993120716, 0.3426610001042718,0,0,27.8,0.0,1
9769,1776086449.0382674,0.04241299984641955, 0.3359629999977187,0,0,27.8,0.0,1
9770,1776086449.067176,0.04571799991026637, 0.3911859998879663,0,0,27.8,0.0,1
9771,1776086449.0968714,0.04461700018509873, 0.3746740003407467,0,0,27.8,0.0,1
9772,1776086449.126799,0.05013600002712337, 0.3415440000935632,0,0,27.8,0.0,1
9773,1776086449.1565466,0.05053200038673822, 0.37077399974805303,0,0,27.8,0.0,1
9774,1776086449.1860473,0.04379500023787841, 0.3889670001626655,0,0,27.8,0.0,1
9775,1776086449.2158158,0.04343699993114569, 0.36055700002179947,0,0,27.8,0.0,1
9776,1776086449.2455616,0.04725400003735558, 0.3884419998030353,0,0,27.8,0.0,1
9777,1776086449.275946,0.04373799993118155, 0.3672160000860458,0,0,27.8,0.0,1
9778,1776086449.3053427,0.04516599983617198, 0.3512890002639324,0,0,27.8,0.0,1
9779,1776086449.3348897,0.046814000143058365, 0.3386050002518459,0,0,27.8,0.0,1
9780,1776086449.3664205,0.04545699994196184, 0.37299700034054695,0,0,27.8,0.0,1
9781,1776086449.3937964,0.04297899977245834, 0.3357079999659618,0,0,27.8,0.0,1
9782,1776086449.4238703,0.045728999793936964, 0.3475960002106149,0,0,27.8,0.0,1
9783,1776086449.453438,0.047898000048007816, 0.3895630002261896,0,0,27.8,0.0,1
9784,1776086449.4832175,0.04469699979381403, 0.38385100015148055,0,0,27.8,0.0,1
9785,1776086449.5128899,0.041105000036623096, 0.35453600003165775,0,0,27.8,0.0,1
9786,1776086449.5425105,0.04689600018537021, 0.37656299991795095,0,0,27.8,0.0,1
9787,1776086449.5723143,0.04508299980443553, 0.3798890002144617,0,0,27.8,0.0,1
9788,1776086449.602905,0.049526000111654866, 0.3809109998655913,0,0,27.8,0.0,1
9788,1776086449.665069,32.76078299995788, 0.3250680001656292,23,20,27.8,0.0,0
9789,1776086449.7213264,23.869410999850516, 0.2916980001828051,30,0,27.8,0.0,0
9790,1776086449.7394958,16.45215000007738, 0.32770400002846145,23,20,27.8,0.0,0
9791,1776086449.7714024,20.436798999980965, 0.3280779997112404,20,20,27.8,0.0,0
9792,1776086450.0588374,20.258949999970355, 257.3269839999739,18,16,27.8,0.0,0
9794,1776086450.0629094,0.9184400000776805, 0.30950500013204874,0,16,27.8,0.0,1
9795,1776086450.078235,1.0317760002180876, 0.35326399984114687,0,14,27.8,0.0,1
9796,1776086450.1095986,2.4455729999317555, 0.3407330000300135,0,11,27.8,0.0,1
9797,1776086450.142677,0.601957999606384, 0.35882999964087503,0,0,27.8,0.0,1
9798,1776086450.1668959,0.046673000269947806, 0.3486850000626873,0,0,27.8,0.0,1
9799,1776086450.1970687,0.04197999987809453, 0.34429400011504185,0,0,27.8,0.0,1
9800,1776086450.2264943,0.0504089998685231, 0.3990300001532887,0,0,27.8,0.0,1
9801,1776086450.255696,0.04480500001591281, 0.3602629999477358,0,0,27.8,0.0,1
9802,1776086450.2857115,0.04928899988954072, 0.3893490002155886,0,0,27.8,0.0,1
9803,1776086450.3150682,0.046597999698860804, 0.40295000007972703,0,0,27.8,0.0,1
9804,1776086450.3449953,0.04227899989928119, 0.37274499982231646,0,0,27.8,0.0,1
9805,1776086450.374547,0.04763300012200489, 0.37266100025590276,0,0,27.8,0.0,1
9806,1776086450.4042828,0.04573200021695811, 0.37760100030936883,0,0,27.8,0.0,1
9807,1776086450.4347425,0.050084999656974105, 0.42232799978592084,0,0,27.8,0.0,1
9808,1776086450.4637113,0.04052900021633832, 0.3745379999600118,0,0,27.8,0.0,1
9809,1776086450.4935472,0.04877899982602685, 0.4087140000592626,0,0,27.8,0.0,1
9810,1776086450.5239089,0.04588999991028686, 0.35845599995809607,0,0,27.8,0.0,1
9811,1776086450.5551255,0.04166899998381268, 0.3204720001122041,0,0,27.8,0.0,1
9812,1776086450.5830429,0.044784000237996224, 0.34189099960713065,0,0,27.8,0.0,1
9813,1776086450.612862,0.04262099992047297, 0.3462009999566362,0,0,27.8,0.0,1
9814,1776086450.643004,0.04883600013272371, 0.3719930000443128,0,0,27.8,0.0,1
9815,1776086450.672132,0.04170000011072261, 0.3399170000193408,0,0,27.8,0.0,1
9816,1776086450.7019312,0.043185000322409905, 0.33909800004039425,0,0,27.8,0.0,1
9817,1776086450.7317955,0.04557800002658041, 0.34473499999876367,0,0,27.8,0.0,1
9818,1776086450.7615924,0.040205000004789326, 0.3387340002518613,0,0,27.8,0.0,1
9819,1776086450.790639,0.035073000162810786, 0.31902399996397435,0,0,27.8,0.0,1
9820,1776086450.820946,0.046972000291134464, 0.34513599985075416,0,0,27.8,0.0,1
9821,1776086450.850629,0.04378499988888507, 0.35862100003214437,0,0,27.8,0.0,1
9822,1776086450.8802462,0.04291599998396123, 0.34063000020978507,0,0,27.8,0.0,1
9823,1776086450.909939,0.047232999804691644, 0.3449969999564928,0,0,27.8,0.0,1
9824,1776086450.9400318,0.04910099960397929, 0.37635099988619913,0,0,27.8,0.0,1
9825,1776086450.969628,0.04297099985706154, 0.3586679999898479,0,0,27.8,0.0,1
9826,1776086450.999611,0.047701000312372344, 0.36321700008556945,0,0,27.8,0.0,1
9827,1776086451.028955,0.04611300028045662, 0.3364450003573438,0,0,27.8,0.0,1
9827,1776086451.0917604,33.10574200031624, 0.337682000008499,21,20,27.8,0.0,0
9828,1776086451.1280255,21.77600799996071, 0.2734109998527856,21,0,27.8,0.0,0
9829,1776086451.144188,14.20163800003138, 0.33733600002960884,28,20,27.8,0.0,0
9830,1776086451.1672978,14.830053999958182, 0.3368430002410605,26,20,27.8,0.0,0
9831,1776086451.458661,21.24858499973925, 256.80312099984803,23,15,27.8,0.0,0
9833,1776086451.4625425,0.7923079997453897, 0.2963590000035765,0,15,27.8,0.0,1
9834,1776086451.4747434,0.914034000288666, 0.3441819999352447,0,11,27.8,0.0,1
9835,1776086451.5044162,0.7590459999846644, 0.349102999734896,0,9,27.8,0.0,1
9836,1776086451.5356398,2.187760999731836, 0.40163299991036183,0,0,27.8,0.0,1
9837,1776086451.5677068,0.03566499981388915, 0.2573589999883552,0,0,27.8,0.0,1
9838,1776086451.5928838,0.0453620000371302, 0.3706340003191144,0,0,27.8,0.0,1
9839,1776086451.6230805,0.04568599979393184, 0.3553900000952126,0,0,27.8,0.0,1
9840,1776086451.6523242,0.045989999762241496, 0.36821399999098503,0,0,27.8,0.0,1
9841,1776086451.682362,0.053638999816030264, 0.3652820000752399,0,0,27.8,0.0,1
9842,1776086451.7124329,0.04348800030129496, 0.339823999638611,0,0,27.8,0.0,1
9843,1776086451.7432265,0.043852000089827925, 0.3280629998698714,0,0,27.8,0.0,1
9844,1776086451.7710583,0.045199999931355705, 0.3727939997588692,0,0,27.8,0.0,1
9845,1776086451.8011265,0.04472399996302556, 0.35358400009499746,0,0,27.8,0.0,1
9846,1776086451.8310823,0.04573899968818296, 0.360464000095817,0,0,27.8,0.0,1
9847,1776086451.8608966,0.0449789999947825, 0.3440119999140734,0,0,27.8,0.0,1
9848,1776086451.8907406,0.0638960000287625, 0.3428830000302696,0,0,27.8,0.0,1
9849,1776086451.9205189,0.048380999942310154, 0.36995500022385386,0,0,27.8,0.0,1
9850,1776086451.9503093,0.04440100019564852, 0.3439400002207549,0,0,27.8,0.0,1
9851,1776086451.9813356,0.05592399975284934, 0.4003240001111408,0,0,27.8,0.0,1
9852,1776086452.0093098,0.04454500003703288, 0.33657199992376263,0,0,27.8,0.0,1
9853,1776086452.0391142,0.045217999740998494, 0.33975300038946443,0,0,27.8,0.0,1
9854,1776086452.0688236,0.04270799990990781, 0.34278199973414303,0,0,27.8,0.0,1
9855,1776086452.098184,0.04647700006898958, 0.3878620000250521,0,0,27.8,0.0,1
9856,1776086452.1277356,0.06062700003894861, 0.33986500011451426,0,0,27.8,0.0,1
9857,1776086452.1574857,0.0469879996671807, 0.3832319998764433,0,0,27.8,0.0,1
9858,1776086452.1872175,0.045760000375594245, 0.38238299976001144,0,0,27.8,0.0,1
9859,1776086452.2170048,0.040579999676992884, 0.3457239999988815,0,0,27.8,0.0,1
9860,1776086452.2466183,0.04254499981470872, 0.36929700036125723,0,0,27.8,0.0,1
9861,1776086452.276515,0.0496329998895817, 0.4097129999536264,0,0,27.8,0.0,1
9862,1776086452.3076842,0.044180000259075314, 0.3616310000325029,0,0,27.8,0.0,1
9863,1776086452.3376985,0.05504399996425491, 0.29568899981313734,0,0,27.8,0.0,1
9864,1776086452.3659723,0.04492700008995598, 0.3328749999127467,0,0,27.8,0.0,1
9865,1776086452.3961236,0.049205000323127024, 0.3722229998857074,0,0,27.8,0.0,1
9866,1776086452.4256203,0.04936699997415417, 0.3591079998841451,0,0,27.8,0.0,1
9866,1776086452.4870296,32.01882999974259, 0.33982500008278294,22,20,27.8,0.0,0
9867,1776086452.5434043,23.499826000261237, 0.310606999846641,19,0,27.8,0.0,0
9868,1776086452.5620015,16.827668999667367, 0.339026999881753,25,20,27.8,0.0,0
9869,1776086452.5766144,12.589387999923929, 0.330947999827913,24,20,27.8,0.0,0
9870,1776086452.9274073,13.533223000194994, 256.93204800018066,25,16,27.8,0.0,0
9872,1776086452.93236,0.3959679997933563, 0.17948699996850337,0,16,27.8,0.0,1
9873,1776086452.9606483,0.9803769999052747, 0.3613070002757013,0,13,27.8,0.0,1
9874,1776086452.9911494,2.0748800002365897, 0.3047179998247884,0,12,27.8,0.0,1
9875,1776086453.024396,0.6113520003054873, 0.35706800008483697,0,0,27.8,0.0,1
9876,1776086453.049015,0.04775400020662346, 0.38531699965460575,0,0,27.8,0.0,1
9877,1776086453.0786297,0.040888000057748286, 0.36007100015922333,0,0,27.8,0.0,1
9878,1776086453.1086998,0.04882099983660737, 0.3800710001087282,0,0,27.8,0.0,1
9879,1776086453.138189,0.04770899977302179, 0.3837760000351409,0,0,27.8,0.0,1
9880,1776086453.1682189,0.04390899994177744, 0.36051400002179435,0,0,27.8,0.0,1
9881,1776086453.1983216,0.045213999783300096, 0.3341689998705988,0,0,27.8,0.0,1
9882,1776086453.2271187,0.04642899966711411, 0.37610600020343554,0,0,27.8,0.0,1
9883,1776086453.2571268,0.0447470001745387, 0.3650050002761418,0,0,27.8,0.0,1
9884,1776086453.2868109,0.04475600007936009, 0.3772320001189655,0,0,27.8,0.0,1
9885,1776086453.3169878,0.04579799997372902, 0.36018999981024535,0,0,27.8,0.0,1
9886,1776086453.3467774,0.04213900001559523, 0.3426759999456408,0,0,27.8,0.0,1
9887,1776086453.375852,0.043466000079206424, 0.34722700002021156,0,0,27.8,0.0,1
9888,1776086453.4057133,0.04254300029060687, 0.3785710000556719,0,0,27.8,0.0,1
9889,1776086453.4359932,0.04304900039642234, 0.3647309999905701,0,0,27.8,0.0,1
9890,1776086453.4651318,0.0461390000054962, 0.3878699999404489,0,0,27.8,0.0,1
9891,1776086453.494616,0.04387700028019026, 0.36703800014947774,0,0,27.8,0.0,1
9892,1776086453.526157,0.04238400015310617, 0.3346429998600797,0,0,27.8,0.0,1
9893,1776086453.5539517,0.04393199969854322, 0.364692999937688,0,0,27.8,0.0,1
9894,1776086453.5839472,0.0431119997301721, 0.3570599997146928,0,0,27.8,0.0,1
9895,1776086453.6137834,0.06803599990234943, 0.37749700004496844,0,0,27.8,0.0,1
9896,1776086453.6433136,0.04539899964584038, 0.38345800021488685,0,0,27.8,0.0,1
9897,1776086453.673447,0.0475389997518505, 0.37679399974877015,0,0,27.8,0.0,1
9898,1776086453.7027223,0.06035799970049993, 0.34501900017858134,0,0,27.8,0.0,1
9899,1776086453.732397,0.047679999624961056, 0.39393299994117115,0,0,27.8,0.0,1
9900,1776086453.762525,0.04777000003741705, 0.36114599970460404,0,0,27.8,0.0,1
9901,1776086453.7924945,0.04546900026980438, 0.3420100001676474,0,0,27.8,0.0,1
9902,1776086453.8220608,0.050056999953085324, 0.3893889997925726,0,0,27.8,0.0,1
9903,1776086453.851382,0.048462999984622, 0.3899670000464539,0,0,27.8,0.0,1
9904,1776086453.8810506,0.04750699963551597, 0.4107969998585759,0,0,27.8,0.0,1
9905,1776086453.9106207,0.04177800019533606, 0.3628680001384055,0,0,27.8,0.0,1
9905,1776086453.9607334,19.837880000068253, 0.30257900016295025,19,19,27.8,0.0,0
9906,1776086454.004569,21.507567000298877, 0.32078300000648596,17,0,27.8,0.0,0
9907,1776086454.020488,14.070268000068609, 0.339604999680887,16,16,27.8,0.0,0
9908,1776086454.043774,14.98106100007135, 0.33579099999769824,15,20,27.8,0.0,0
9909,1776086454.3397882,20.257217999642307, 261.64896299997054,16,13,27.8,0.0,0
9911,1776086454.3449702,0.8796639999673062, 0.35006300004170043,0,13,27.8,0.0,1
9912,1776086454.3579037,0.978461000158859, 0.4135489998589037,0,8,27.8,0.0,1
9913,1776086454.3884265,0.6606729998566152, 0.3839780001726467,0,7,27.8,0.0,1
9914,1776086454.418821,2.5753400000212423, 0.414923999869643,0,0,27.8,0.0,1
9915,1776086454.451109,0.03328399998281384, 0.27767500023401226,0,0,27.8,0.0,1
9916,1776086454.476016,0.04521100026977365, 0.4167710003457614,0,0,27.8,0.0,1
9917,1776086454.5062456,0.044549999984155875, 0.5142889999660838,0,0,27.8,0.0,1
9918,1776086454.5354712,0.04353099984655273, 0.4324350002207211,0,0,27.8,0.0,1
9919,1776086454.5647304,0.09307000027547474, 0.42482299977564253,0,0,27.8,0.0,1
9920,1776086454.5954783,0.04646699971999624, 0.5238799999460753,0,0,27.8,0.0,1
9921,1776086454.6247687,0.050954000016645296, 0.38264100021478953,0,0,27.8,0.0,1
9922,1776086454.6542175,0.10084899986395612, 0.40551299980506883,0,0,27.8,0.0,1
9923,1776086454.6840234,0.04343799992057029, 0.4102600000805978,0,0,27.8,0.0,1
9924,1776086454.7156153,0.035353999919607304, 0.3650879998531309,0,0,27.8,0.0,1
9925,1776086454.743174,0.09103899992624065, 0.41738000027180533,0,0,27.8,0.0,1
9926,1776086454.773095,0.04362699974080897, 0.4043019998789532,0,0,27.8,0.0,1
9927,1776086454.8028457,0.04091700020580902, 0.404739000259724,0,0,27.8,0.0,1
9928,1776086454.832299,0.09453099983147695, 0.3689440000016475,0,0,27.8,0.0,1
9929,1776086454.862241,0.04391099992062664, 0.4100659998584888,0,0,27.8,0.0,1
9930,1776086454.8920054,0.041338999835716095, 0.4064479999215109,0,0,27.8,0.0,1
9931,1776086454.9213998,0.042036000195366796, 0.4277689999980794,0,0,27.8,0.0,1
9932,1776086454.9517188,0.03539299996191403, 0.3920809999726771,0,0,27.8,0.0,1
9933,1776086454.9832594,0.09685099985290435, 0.4399060003379418,0,0,27.8,0.0,1
9934,1776086455.0109022,0.04073900026924093, 0.406168000154139,0,0,27.8,0.0,1
9935,1776086455.0403388,0.09212600025421125, 0.41046900014407584,0,0,27.8,0.0,1
9936,1776086455.0708208,0.04473300032259431, 0.4552250002234359,0,0,27.8,0.0,1
9937,1776086455.1001341,0.042006000057881465, 0.42600400001902017,0,0,27.8,0.0,1
9938,1776086455.1299043,0.04379999973025406, 0.4128249997847888,0,0,27.8,0.0,1
9939,1776086455.1592147,0.09620800028642407, 0.4185520001556142,0,0,27.8,0.0,1
9940,1776086455.1892037,0.04218300000502495, 0.4122680002183188,0,0,27.8,0.0,1
9941,1776086455.2193456,0.041075000353885116, 0.4523419997894962,0,0,27.8,0.0,1
9942,1776086455.2483635,0.09599900022294605, 0.42231299994455185,0,0,27.8,0.0,1
9943,1776086455.278069,0.08787299975665519, 0.4195599999547994,0,0,27.8,0.0,1
9944,1776086455.3103383,0.039646999994147336, 0.3685699998641212,0,0,27.8,0.0,1
9944,1776086455.3695133,31.81012200002442, 0.35597599980974337,19,19,27.8,0.0,0
9945,1776086455.3845866,13.051983999957883, 0.2875940003832511,14,0,27.8,0.0,0
9946,1776086455.4152007,18.233431999760796, 0.28178000002299086,11,11,27.8,0.0,0
9947,1776086455.445397,19.369076000202767, 0.31997599990063463,12,14,27.8,0.0,0
9948,1776086455.73593,19.14242600014404, 260.8160820000194,17,9,27.8,0.0,0
9950,1776086455.7407835,0.7217829997898662, 0.3090889999839419,0,9,27.8,0.0,1
9951,1776086455.7538793,0.7872300002418342, 0.4579659998853458,0,7,27.8,0.0,1
9952,1776086455.7856758,2.4931469997682143, 0.3653079998002795,0,7,27.8,0.0,1
9953,1776086455.8184893,0.47619299994039466, 0.36381700010679197,0,0,27.8,0.0,1
9954,1776086455.8434148,0.04350100016381475, 0.4725230000985903,0,0,27.8,0.0,1
9955,1776086455.8731768,0.04020300002594013, 0.39227499974003877,0,0,27.8,0.0,1
9956,1776086455.9022808,0.10668599998098216, 0.42461700013518566,0,0,27.8,0.0,1
9957,1776086455.9320974,0.0407909997193201, 0.41567200014469563,0,0,27.8,0.0,1
9958,1776086455.9619253,0.09444500028621405, 0.4210460001559113,0,0,27.8,0.0,1
9959,1776086455.9914842,0.0438869997196889, 0.43084599974463345,0,0,27.8,0.0,1
9960,1776086456.0212002,0.042505000237724744, 0.42639399998734007,0,0,27.8,0.0,1
9961,1776086456.0513904,0.09584100007486995, 0.46386199983317056,0,0,27.8,0.0,1
9962,1776086456.080903,0.04061700019519776, 0.41328699990117457,0,0,27.8,0.0,1
9963,1776086456.1106377,0.09188000012727571, 0.394457999846054,0,0,27.8,0.0,1
9964,1776086456.1400564,0.04395800033307751, 0.422225999955117,0,0,27.8,0.0,1
9965,1776086456.1698608,0.04114300008950522, 0.4164520000813354,0,0,27.8,0.0,1
9966,1776086456.2011573,0.0362880000466248, 0.36036499977853964,0,0,27.8,0.0,1
9967,1776086456.2290356,0.04118800006835954, 0.4217309997329721,0,0,27.8,0.0,1
9968,1776086456.258944,0.04192500000499422, 0.4154510002081224,0,0,27.8,0.0,1
9969,1776086456.2888107,0.03935899985663127, 0.4940829999213747,0,0,27.8,0.0,1
9970,1776086456.318659,0.04487999967750511, 0.47950999987733667,0,0,27.8,0.0,1
9971,1776086456.3480353,0.042317999941587914, 0.41429499970035977,0,0,27.8,0.0,1
9972,1776086456.3778903,0.038161000247782795, 0.4714209999292507,0,0,27.8,0.0,1
9973,1776086456.4072945,0.042846000269491924, 0.42136999991271296,0,0,27.8,0.0,1
9974,1776086456.4377198,0.08750000006330083, 0.4025779999210499,0,0,27.8,0.0,1
9975,1776086456.4677331,0.0369890003639739, 0.3954049998355913,0,0,27.8,0.0,1
9976,1776086456.4963732,0.09104399987336365, 0.41826699998637196,0,0,27.8,0.0,1
9977,1776086456.5262012,0.039448000279662665, 0.42768999992404133,0,0,27.8,0.0,1
9978,1776086456.5565047,0.10563999967416748, 0.4560369998216629,0,0,27.8,0.0,1
9979,1776086456.586221,0.10752399975899607, 0.46286899987535435,0,0,27.8,0.0,1
9980,1776086456.6154163,0.09519800005364232, 0.42673799998738104,0,0,27.8,0.0,1
9981,1776086456.6450067,0.03995300039605354, 0.4152909996264498,0,0,27.8,0.0,1
9982,1776086456.6751094,0.09353899986308534, 0.40748999981587986,0,0,27.8,0.0,1
9983,1776086456.7051804,0.0400159997298033, 0.465036000150576,0,0,27.8,0.0,1
9983,1776086456.7654321,31.29754600013257, 0.29391599991868134,8,8,27.8,0.0,0
9984,1776086456.7811642,13.148652999916521, 0.2404049996584945,9,0,27.8,0.0,0
9985,1776086456.8152769,18.95606499965652, 0.28864600017186604,9,9,27.8,0.0,0
9986,1776086456.8414302,17.654747999586107, 0.31983899998522247,11,11,27.8,0.0,0
9987,1776086457.129051,18.73438799975702, 258.3103160000064,11,6,27.8,0.0,0
9989,1776086457.133224,0.44631399987338227, 0.30441199987762957,0,6,27.8,0.0,1
9990,1776086457.1505203,0.47713300000395975, 0.33981600017796154,0,6,27.8,0.0,1
9991,1776086457.1804202,0.48818699997355, 0.34141600008297246,0,6,27.8,0.0,1
9992,1776086457.211821,2.1164129998396675, 0.36383699989528395,0,0,27.8,0.0,1
9993,1776086457.2433233,0.034780000078171724, 0.2667400003701914,0,0,27.8,0.0,1
9994,1776086457.2690966,0.04355999999461346, 0.338807999924029,0,0,27.8,0.0,1
9995,1776086457.2991343,0.04353300028014928, 0.34214400011478574,0,0,27.8,0.0,1
9996,1776086457.328255,0.04443800025910605, 0.3328050001982774,0,0,27.8,0.0,1
9997,1776086457.3580966,0.043016000290663214, 0.3359219999765628,0,0,27.8,0.0,1
9998,1776086457.3894575,0.038797000343038235, 0.32033900015449035,0,0,27.8,0.0,1
9999,1776086457.4177225,0.05639399978463189, 0.3416710001147294,0,0,27.8,0.0,1
10000,1776086457.4472475,0.04473199987842236, 0.33816099994510296,0,0,27.8,0.0,1
10001,1776086457.4771013,0.04402600006869761, 0.34022399995592423,0,0,27.8,0.0,1
10002,1776086457.5068667,0.043682000068656635, 0.3456519998508156,0,0,27.8,0.0,1
10003,1776086457.5366518,0.042083000153070316, 0.36014499983139103,0,0,27.8,0.0,1
10004,1776086457.5661037,0.04292699986763182, 0.33761499980755616,0,0,27.8,0.0,1
10005,1776086457.5959492,0.04371000022729277, 0.33887800009324565,0,0,27.8,0.0,1
10006,1776086457.6264203,0.0463729998045892, 0.3806369995800196,0,0,27.8,0.0,1
10007,1776086457.6559138,0.03964100005759974, 0.3189090002706507,0,0,27.8,0.0,1
10008,1776086457.685016,0.04434099992067786, 0.338458999976865,0,0,27.8,0.0,1
10009,1776086457.7149298,0.045849999878555536, 0.34319099995627766,0,0,27.8,0.0,1
10010,1776086457.7448292,0.04350300014266395, 0.3399219999664638,0,0,27.8,0.0,1
10011,1776086457.7740877,0.04367200017441064, 0.343430000157241,0,0,27.8,0.0,1
10012,1776086457.8040137,0.04418400021677371, 0.34436199985066196,0,0,27.8,0.0,1
10013,1776086457.8337092,0.05904199997530668, 0.34137800003009033,0,0,27.8,0.0,1
10014,1776086457.863557,0.04337400014264858, 0.4352920000201266,0,0,27.8,0.0,1
10015,1776086457.8936083,0.1115929999286891, 0.39751000031174044,0,0,27.8,0.0,1
10016,1776086457.9234748,0.04468299994186964, 0.49488400009067846,0,0,27.8,0.0,1
10017,1776086457.9527586,0.039137999920058064, 0.43404400003055343,0,0,27.8,0.0,1
10018,1776086457.9851909,0.08749300013732864, 0.3774100000555336,0,0,27.8,0.0,1
10019,1776086458.0121102,0.03932499976144754, 0.41535999980624183,0,0,27.8,0.0,1
10020,1776086458.041963,0.03986899992014514, 0.48470599995198427,0,0,27.8,0.0,1
10021,1776086458.0713387,0.09548399975756183, 0.42766200022015255,0,0,27.8,0.0,1
10022,1776086458.1012964,0.03970399984609685, 0.417588999880536,0,0,27.8,0.0,1
10022,1776086458.1624646,31.392755000069883, 0.29694100021515624,11,11,27.8,0.0,0
10023,1776086458.210286,21.844428999884258, 0.2867260000130045,9,0,27.8,0.0,0
10024,1776086458.226753,14.532061999943835, 0.3312879998702556,16,16,27.8,0.0,0
10025,1776086458.2418752,13.033922999966308, 0.3271250002399029,10,19,27.8,0.0,0
10026,1776086458.5278547,12.89579300009791, 267.0053629999529,11,9,27.8,0.0,0
10028,1776086458.5330312,0.6996849997449317, 0.3440539999246539,0,9,27.8,0.0,1
10029,1776086458.5484107,0.7662970001547365, 0.47169500021482236,0,5,27.8,0.0,1
10030,1776086458.5790522,2.2999320003691537, 0.3752990000975842,0,4,27.8,0.0,1
10031,1776086458.6115353,0.34471799972379813, 0.33715600011419156,0,0,27.8,0.0,1
10032,1776086458.6360393,0.04357799980425625, 0.4338039998401655,0,0,27.8,0.0,1
10033,1776086458.6659338,0.03961399988838821, 0.4745100000036473,0,0,27.8,0.0,1
10034,1776086458.6953413,0.044081999931222526, 0.4161270003351092,0,0,27.8,0.0,1
10035,1776086458.7251525,0.08572399974582368, 0.3940849996979523,0,0,27.8,0.0,1
10036,1776086458.7551403,0.03927099987777183, 0.4607880000548903,0,0,27.8,0.0,1
10037,1776086458.7848592,0.03641400007836637, 0.37809900004504016,0,0,27.8,0.0,1
10038,1776086458.8142536,0.03973500042775413, 0.41588000021874905,0,0,27.8,0.0,1
10039,1776086458.8440998,0.04219699985696934, 0.41656199982753606,0,0,27.8,0.0,1
10040,1776086458.8757346,0.09278300012738327, 0.3602629999477358,0,0,27.8,0.0,1
10041,1776086458.9033074,0.09271999988413882, 0.4164939996371686,0,0,27.8,0.0,1
10042,1776086458.9332695,0.038098999993962934, 0.4036929999529093,0,0,27.8,0.0,1
10043,1776086458.9629972,0.041694999708852265, 0.4131489999963378,0,0,27.8,0.0,1
10044,1776086458.9924808,0.09649499997976818, 0.4183949999969627,0,0,27.8,0.0,1
10045,1776086459.022329,0.09503799992671702, 0.40462199967805645,0,0,27.8,0.0,1
10046,1776086459.0521843,0.04045000014230027, 0.42422100023031817,0,0,27.8,0.0,1
10047,1776086459.0818827,0.04077099993082811, 0.4154690000177652,0,0,27.8,0.0,1
10048,1776086459.1118062,0.036825000279350206, 0.3795389998231258,0,0,27.8,0.0,1
10049,1776086459.1419597,0.08102499987217016, 0.38390899999285466,0,0,27.8,0.0,1
10050,1776086459.1709971,0.041165999846271006, 0.41043299961529556,0,0,27.8,0.0,1
10051,1776086459.200776,0.05281999983708374, 0.41168500001731445,0,0,27.8,0.0,1
10052,1776086459.2302284,0.04106799997316557, 0.41788499993344885,0,0,27.8,0.0,1
10053,1776086459.2601306,0.04026599981443724, 0.4086849999112019,0,0,27.8,0.0,1
10054,1776086459.2899725,0.038689000120939454, 0.46596099991802475,0,0,27.8,0.0,1
10055,1776086459.3194027,0.040579000142315635, 0.42407599994476186,0,0,27.8,0.0,1
10056,1776086459.3496873,0.09330700004284154, 0.42541399989204365,0,0,27.8,0.0,1
10057,1776086459.379417,0.04063599999426515, 0.40493200003766106,0,0,27.8,0.0,1
10058,1776086459.4088748,0.040700999761611456, 0.46207600007619476,0,0,27.8,0.0,1
10059,1776086459.4382272,0.03934400001526228, 0.41262500008087954,0,0,27.8,0.0,1
10060,1776086459.4699,0.03502000026855967, 0.354845999936515,0,0,27.8,0.0,1
10061,1776086459.4978728,0.03951400003643357, 0.41130199997496675,0,0,27.8,0.0,1
10061,1776086459.5578518,30.6994030001988, 0.31267199983631144,13,13,27.8,0.0,0
10062,1776086459.6018758,22.042249999685737, 0.2747010003076866,8,0,27.8,0.0,0
10063,1776086459.6177528,14.032577999842033, 0.2737919999162841,10,10,27.8,0.0,0
10064,1776086459.6331146,13.459118999890052, 0.2940719996331609,12,14,27.8,0.0,0
10065,1776086459.9204204,15.377000000171392, 260.8641759998136,15,9,27.8,0.0,0
10067,1776086459.9255426,0.7143729999370407, 0.3597239997361612,0,9,27.8,0.0,1
10068,1776086459.9441767,0.7988039997144369, 0.3937920000680606,0,8,27.8,0.0,1
10069,1776086459.974238,0.7479470000362198, 0.38862299970787717,0,7,27.8,0.0,1
10070,1776086460.0057154,2.6236620001327537, 0.42649800025174045,0,0,27.8,0.0,1
10071,1776086460.0377877,0.03364300027897116, 0.26972600016961223,0,0,27.8,0.0,1
10072,1776086460.064069,0.07758899982945877, 0.3196540001226822,0,0,27.8,0.0,1
10073,1776086460.0921497,0.042549999761831714, 0.4199119998702372,0,0,27.8,0.0,1
10074,1776086460.1220734,0.10078300010718522, 0.41667699997560703,0,0,27.8,0.0,1
10075,1776086460.1517322,0.048365999646193814, 0.4879049997725815,0,0,27.8,0.0,1
10076,1776086460.181223,0.08100600007310277, 0.3964990000895341,0,0,27.8,0.0,1
10077,1776086460.2110574,0.04305399988879799, 0.4186289997960557,0,0,27.8,0.0,1
10078,1776086460.240884,0.041635000343376305, 0.47713599997223355,0,0,27.8,0.0,1
10079,1776086460.270231,0.09642399982112693, 0.4306480000195734,0,0,27.8,0.0,1
10080,1776086460.300601,0.044720000005327165, 0.4023510000479291,0,0,27.8,0.0,1
10081,1776086460.330771,0.03675799962366, 0.38680699981341604,0,0,27.8,0.0,1
10082,1776086460.3599684,0.09859900001174537, 0.44183899990457576,0,0,27.8,0.0,1
10083,1776086460.3892453,0.04175000003669993, 0.4915079998681904,0,0,27.8,0.0,1
10084,1776086460.4190423,0.059530999806156615, 0.42652399997678003,0,0,27.8,0.0,1
10085,1776086460.448786,0.03818900040641893, 0.42327399978603353,0,0,27.8,0.0,1
10086,1776086460.4782963,0.038655000025755726, 0.408936999974685,0,0,27.8,0.0,1
10087,1776086460.507993,0.04314399984650663, 0.41799700011324603,0,0,27.8,0.0,1
10088,1776086460.538058,0.03699999979289714, 0.4523849997895013,0,0,27.8,0.0,1
10089,1776086460.5677571,0.053745000059279846, 0.3762889996323793,0,0,27.8,0.0,1
10090,1776086460.5972817,0.10625900040395209, 0.40527900000597583,0,0,27.8,0.0,1
10091,1776086460.6269777,0.09036400024342583, 0.4070779996254714,0,0,27.8,0.0,1
10092,1776086460.658714,0.034064999908878235, 0.37347299985412974,0,0,27.8,0.0,1
10093,1776086460.6862886,0.038782000046921894, 0.40741700013313675,0,0,27.8,0.0,1
10094,1776086460.7160451,0.038982000205578515, 0.3824999998869316,0,0,27.8,0.0,1
10095,1776086460.7462027,0.0451330001851602, 0.48488099992027855,0,0,27.8,0.0,1
10096,1776086460.775421,0.09618200010663713, 0.451338999937434,0,0,27.8,0.0,1
10097,1776086460.805276,0.04386199998407392, 0.419142999817268,0,0,27.8,0.0,1
10098,1776086460.8352349,0.10758700000224053, 0.4003720000582689,0,0,27.8,0.0,1
10099,1776086460.864933,0.04380000018500141, 0.49583400004848954,0,0,27.8,0.0,1
10100,1776086460.8948462,0.11394800003472483, 0.39094199973988,0,0,27.8,0.0,1
10100,1776086460.9515347,26.59696199998507, 0.32583599977442645,20,20,27.8,0.0,0
10101,1776086460.9662292,12.875938000433962, 0.2820479999172676,16,0,27.8,0.0,0
10102,1776086461.0029805,21.035039000253164, 0.3269840003667923,18,18,27.8,0.0,0
10103,1776086461.032294,18.844182000066212, 0.35392500012676464,18,20,27.8,0.0,0
10104,1776086461.3268414,20.836147999943933, 260.4319070001111,20,13,27.8,0.0,0
10106,1776086461.3319552,0.8785700001681107, 0.347440000041388,0,13,27.8,0.0,1
10107,1776086461.3395982,0.6769289998374006, 0.3856850003103318,0,11,27.8,0.0,1
10108,1776086461.371759,2.2908880000613863, 0.33032199962690356,0,9,27.8,0.0,1
10109,1776086461.4047685,0.5371070001274347, 0.3447869999035902,0,0,27.8,0.0,1
10110,1776086461.429309,0.04313499994168524, 0.4187029999229708,0,0,27.8,0.0,1
10111,1776086461.459456,0.1031249998959538, 0.41058499982682406,0,0,27.8,0.0,1
10112,1776086461.4888384,0.04238899964548182, 0.4244910001034441,0,0,27.8,0.0,1
10113,1776086461.5181875,0.04104899971935083, 0.4363089997241332,0,0,27.8,0.0,1
10114,1776086461.550445,0.08851600023263018, 0.3831249996437691,0,0,27.8,0.0,1
10115,1776086461.5779114,0.04389400010040845, 0.4176299999016919,0,0,27.8,0.0,1
10116,1776086461.60739,0.09016400008476921, 0.4349689997980022,0,0,27.8,0.0,1
10117,1776086461.6375852,0.10482300012881751, 0.44838499979960034,0,0,27.8,0.0,1
10118,1776086461.667086,0.04302400020606001, 0.41677799981698627,0,0,27.8,0.0,1
10119,1776086461.6968164,0.05671200005963328, 0.4154929997639556,0,0,27.8,0.0,1
10120,1776086461.7262468,0.038153000332386, 0.4741590000776341,0,0,27.8,0.0,1
10121,1776086461.7560685,0.03948199992009904, 0.43143199991391157,0,0,27.8,0.0,1
10122,1776086461.7864752,0.03906299980371841, 0.46706500006621354,0,0,27.8,0.0,1
10123,1776086461.816206,0.09003500008475385, 0.3860390002046188,0,0,27.8,0.0,1
10124,1776086461.845145,0.03947499999412685, 0.4180149999228888,0,0,27.8,0.0,1
10125,1776086461.875068,0.06637199976466945, 0.4144740000810998,0,0,27.8,0.0,1
10126,1776086461.9049137,0.03844299999400391, 0.4648389999601932,0,0,27.8,0.0,1
10127,1776086461.9342742,0.09495300037087873, 0.41615700001784717,0,0,27.8,0.0,1
10128,1776086461.9640617,0.040437999814457726, 0.4180459995950514,0,0,27.8,0.0,1
10129,1776086461.994274,0.052429000334086595, 0.3750049995687732,0,0,27.8,0.0,1
10130,1776086462.0237892,0.042499999835854396, 0.3464979999989737,0,0,27.8,0.0,1
10131,1776086462.0534737,0.04454200006875908, 0.35399599983065855,0,0,27.8,0.0,1
10132,1776086462.0830843,0.047637000079703284, 0.34600800017869915,0,0,27.8,0.0,1
10133,1776086462.1127388,0.059130000408913475, 0.34331500000917003,0,0,27.8,0.0,1
10134,1776086462.143743,0.04091099981451407, 0.25658900040070876,0,0,27.8,0.0,1
10135,1776086462.17203,0.04422799975145608, 0.3396309998606739,0,0,27.8,0.0,1
10136,1776086462.2018173,0.043726000058086356, 0.3391640002519125,0,0,27.8,0.0,1
10137,1776086462.2316642,0.04703800004790537, 0.35647699996843585,0,0,27.8,0.0,1
10138,1776086462.261217,0.04469199984669103, 0.3443300001890748,0,0,27.8,0.0,1
10139,1776086462.2909408,0.044408000121620717, 0.3359060001457692,0,0,27.8,0.0,1
10139,1776086462.3521287,31.492998999965494, 0.2569480002421187,7,7,27.8,0.0,0
10140,1776086462.3690667,15.164876999733679, 0.2323039998373133,11,0,27.8,0.0,0
10141,1776086462.4012794,20.106501000100252, 0.2842499998223502,10,10,27.8,0.0,0
10142,1776086462.431113,19.57639299962466, 0.28717199984384933,10,13,27.8,0.0,0
10143,1776086462.7170436,18.155521000153385, 258.7707889997546,11,8,27.8,0.0,0
10145,1776086462.7216952,0.5870919999324542, 0.2716340000006312,0,8,27.8,0.0,1
10146,1776086462.7387154,0.5399280003075546, 0.31571599993185373,0,5,27.8,0.0,1
10147,1776086462.7666187,0.45413099996949313, 0.32687700013411813,0,5,27.8,0.0,1
10148,1776086462.7978723,1.8806410002980556, 0.3577339998628304,0,0,27.8,0.0,1
10149,1776086462.8300214,0.03500000002532033, 0.26379300015832996,0,0,27.8,0.0,1
10150,1776086462.8550432,0.04523899997366243, 0.3839959999822895,0,0,27.8,0.0,1
10151,1776086462.8847315,0.042345999645476695, 0.39304499978243257,0,0,27.8,0.0,1
10152,1776086462.9145823,0.04756499993163743, 0.39642199999434524,0,0,27.8,0.0,1
10153,1776086462.9441473,0.04625699966709362, 0.3843260001303861,0,0,27.8,0.0,1
10154,1776086462.9744189,0.04472999989957316, 0.3589899997678003,0,0,27.8,0.0,1
10155,1776086463.0043736,0.04438799987838138, 0.3568249999261752,0,0,27.8,0.0,1
10156,1776086463.0331814,0.046284999825729756, 0.37306000012904406,0,0,27.8,0.0,1
10157,1776086463.0633998,0.049696999667503405, 0.38777899999331567,0,0,27.8,0.0,1
10158,1776086463.0927842,0.06965700004002429, 0.36889999955747044,0,0,27.8,0.0,1
10159,1776086463.1227474,0.0685559998601093, 0.37041399991721846,0,0,27.8,0.0,1
10160,1776086463.152674,0.04390200001580524, 0.3827900000032969,0,0,27.8,0.0,1
10161,1776086463.1821125,0.04343699993114569, 0.3459640001892694,0,0,27.8,0.0,1
10162,1776086463.2121434,0.04170400006842101, 0.35636999973576167,0,0,27.8,0.0,1
10163,1776086463.2422338,0.04440099974090117, 0.3498229998513125,0,0,27.8,0.0,1
10164,1776086463.271313,0.044038999931217404, 0.34126099990317016,0,0,27.8,0.0,1
10165,1776086463.3011863,0.042008000036730664, 0.34203399991383776,0,0,27.8,0.0,1
10166,1776086463.3324904,0.039648999972996535, 0.30376599988812814,0,0,27.8,0.0,1
10167,1776086463.3607676,0.04560900015349034, 0.34084299977621413,0,0,27.8,0.0,1
10168,1776086463.390306,0.04635800041796756, 0.3667820001282962,0,0,27.8,0.0,1
10169,1776086463.4194937,0.04553700000542449, 0.3691120000439696,0,0,27.8,0.0,1
10170,1776086463.4492633,0.04457000022739521, 0.379307000002882,0,0,27.8,0.0,1
10171,1776086463.4794145,0.048567999783699634, 0.37251399999149726,0,0,27.8,0.0,1
10172,1776086463.508728,0.06111999982749694, 0.3422060003686056,0,0,27.8,0.0,1
10173,1776086463.5384817,0.04498999987845309, 0.3790119999393937,0,0,27.8,0.0,1
10174,1776086463.5686164,0.043651000396494055, 0.3541409996614675,0,0,27.8,0.0,1
10175,1776086463.5985348,0.04218000003675115, 0.34729499975583167,0,0,27.8,0.0,1
10176,1776086463.6275623,0.04207799975119997, 0.35785000000032596,0,0,27.8,0.0,1
10177,1776086463.6577218,0.04706899972006795, 0.38075700012996094,0,0,27.8,0.0,1
10178,1776086463.6870546,0.04496399969866616, 0.3827680002359557,0,0,27.8,0.0,1
10178,1776086463.7366047,20.01523399985672, 0.32554900008108234,19,19,27.8,0.0,0
10179,1776086463.77209,22.14701299999433, 0.2690979999897536,21,0,27.8,0.0,0
10180,1776086463.7996998,20.53151700010858, 0.33012800031428924,24,20,27.8,0.0,0
10181,1776086463.826012,17.926257999988593, 0.3262800000811694,28,20,27.8,0.0,0
10182,1776086464.11415,20.19711599996299, 257.56408200004444,26,16,27.8,0.0,0
10184,1776086464.118357,0.5620570000246516, 0.1853489998211444,0,16,27.8,0.0,1
10185,1776086464.134197,0.9448490000067977, 0.3358109997861902,0,14,27.8,0.0,1
10186,1776086464.1647854,2.4610020000181976, 0.3047109998988162,0,13,27.8,0.0,1
10187,1776086464.1973996,0.645712999812531, 0.3524640001160151,0,0,27.8,0.0,1
10188,1776086464.2234454,0.040876000184653094, 0.3139119999104878,0,0,27.8,0.0,1
10189,1776086464.25157,0.04215900025883457, 0.372442999832856,0,0,27.8,0.0,1
10190,1776086464.2817895,0.049805999879026785, 0.35277699998914613,0,0,27.8,0.0,1
10191,1776086464.3117034,0.042205999761790736, 0.3588730000956275,0,0,27.8,0.0,1
10192,1776086464.340989,0.0476170002912113, 0.33992499993473757,0,0,27.8,0.0,1
10193,1776086464.3705013,0.04601000000548083, 0.3749140000763873,0,0,27.8,0.0,1
10194,1776086464.4002695,0.045369999952526996, 0.3831849999187398,0,0,27.8,0.0,1
10195,1776086464.4301512,0.04753400025947485, 0.41594200001782156,0,0,27.8,0.0,1
10196,1776086464.4600499,0.04196500003672554, 0.3459929998825828,0,0,27.8,0.0,1
10197,1776086464.490398,0.0447470001745387, 0.36224399991624523,0,0,27.8,0.0,1
10198,1776086464.5194948,0.04905199966742657, 0.36438899996937835,0,0,27.8,0.0,1
10199,1776086464.5487726,0.043306999941705726, 0.35538299971449305,0,0,27.8,0.0,1
10200,1776086464.578899,0.04517299976214417, 0.36210500002198387,0,0,27.8,0.0,1
10201,1776086464.6081948,0.04460599984668079, 0.38545600000361446,0,0,27.8,0.0,1
10202,1776086464.6379113,0.04223399992042687, 0.35869699968316127,0,0,27.8,0.0,1
10203,1776086464.667759,0.04818899969905033, 0.4451720001270587,0,0,27.8,0.0,1
10204,1776086464.697765,0.047151999751804397, 0.3519359997881111,0,0,27.8,0.0,1
10205,1776086464.7274387,0.046983999709482305, 0.37351799983298406,0,0,27.8,0.0,1
10206,1776086464.7570064,0.04517199977271957, 0.3359070001351938,0,0,27.8,0.0,1
10207,1776086464.7866025,0.04287100000510691, 0.3894659998877614,0,0,27.8,0.0,1
10208,1776086464.8179717,0.041524000153003726, 0.31284599981518113,0,0,27.8,0.0,1
10209,1776086464.8466032,0.042039000163640594, 0.35897399993700674,0,0,27.8,0.0,1
10210,1776086464.8756857,0.042039000163640594, 0.3687090002131299,0,0,27.8,0.0,1
10211,1776086464.9054167,0.052072000016778475, 0.4263329997229448,0,0,27.8,0.0,1
10212,1776086464.9350822,0.04495899975154316, 0.38319699979183497,0,0,27.8,0.0,1
10213,1776086464.964894,0.0432709998676728, 0.3741549999176641,0,0,27.8,0.0,1
10214,1776086464.9951754,0.04665500000555767, 0.38442100003521773,0,0,27.8,0.0,1
10215,1776086465.0248058,0.045109999973647064, 0.3427169999667967,0,0,27.8,0.0,1
10216,1776086465.0543177,0.043588000153249595, 0.3353530000822502,0,0,27.8,0.0,1
10217,1776086465.084556,0.04403100001582061, 0.34318999996685307,0,0,27.8,0.0,1
10217,1776086465.146565,33.33314799965592, 0.29008999990765005,14,14,27.8,0.0,0
10218,1776086465.1621907,13.828788999944663, 0.25340399997730856,13,0,27.8,0.0,0
10219,1776086465.1953416,20.656491999943682, 0.29178400018281536,15,15,27.8,0.0,0
10220,1776086465.2228596,18.948583000110375, 0.304833999962284,11,17,27.8,0.0,0
10221,1776086465.5117917,19.853523999699974, 259.31331299989324,12,9,27.8,0.0,0
10223,1776086465.5157204,0.5755080001108581, 0.20527800006675534,0,9,27.8,0.0,1
10224,1776086465.5304608,0.6353220001074078, 0.3753699998014781,0,6,27.8,0.0,1
10225,1776086465.5602462,0.49910699999600183, 0.3531030001795443,0,6,27.8,0.0,1
10226,1776086465.591194,1.9978099999207188, 0.3706299999066687,0,0,27.8,0.0,1
10227,1776086465.6236641,0.050057000407832675, 0.26601399986248,0,0,27.8,0.0,1
10228,1776086465.649171,0.0417229998674884, 0.3414470002098824,0,0,27.8,0.0,1
10229,1776086465.6789985,0.04103199989913264, 0.31592499999533175,0,0,27.8,0.0,1
10230,1776086465.7081404,0.04336399979365524, 0.3417060001993377,0,0,27.8,0.0,1
10231,1776086465.7379768,0.045838999994884944, 0.35047300025325967,0,0,27.8,0.0,1
10232,1776086465.7677283,0.058646000070439186, 0.34719599989330163,0,0,27.8,0.0,1
10233,1776086465.7972722,0.04146699984630686, 0.34490200005166116,0,0,27.8,0.0,1
10234,1776086465.827035,0.04345799970906228, 0.3430130000197096,0,0,27.8,0.0,1
10235,1776086465.8569489,0.04694700010077213, 0.3437379996285017,0,0,27.8,0.0,1
10236,1776086465.8863778,0.04470900012165657, 0.34934899986183154,0,0,27.8,0.0,1
10237,1776086465.9164622,0.043867999920621514, 0.3477129998827877,0,0,27.8,0.0,1
10238,1776086465.945967,0.044071000047551934, 0.3405669999665406,0,0,27.8,0.0,1
10239,1776086465.9757586,0.04345900015323423, 0.3416199997445801,0,0,27.8,0.0,1
10240,1776086466.007091,0.04021499989903532, 0.3129060000901518,0,0,27.8,0.0,1
10241,1776086466.0350537,0.04368999998405343, 0.33683799983919016,0,0,27.8,0.0,1
10242,1776086466.0648909,0.044644000354310265, 0.33814100015661097,0,0,27.8,0.0,1
10243,1776086466.094374,0.046052000016061356, 0.34668799980863696,0,0,27.8,0.0,1
10244,1776086466.124255,0.04402700005812221, 0.3427319998081657,0,0,27.8,0.0,1
10245,1776086466.1539528,0.04223099995215307, 0.34370799994576373,0,0,27.8,0.0,1
10246,1776086466.183809,0.04776900004799245, 0.3452869996181107,0,0,27.8,0.0,1
10247,1776086466.213217,0.04518200012171292, 0.3411749999031599,0,0,27.8,0.0,1
10248,1776086466.243335,0.04206199992040638, 0.33291399995505344,0,0,27.8,0.0,1
10249,1776086466.27358,0.03824400027951924, 0.33545199994478025,0,0,27.8,0.0,1
10250,1776086466.302312,0.04276999970898032, 0.3374899997652392,0,0,27.8,0.0,1
10251,1776086466.3321056,0.04607800019584829, 0.33914799996637157,0,0,27.8,0.0,1
10252,1776086466.3618999,0.045016000058240024, 0.33838299987110076,0,0,27.8,0.0,1
10253,1776086466.391804,0.04439900021679932, 0.3371770003468555,0,0,27.8,0.0,1
10254,1776086466.4216278,0.045188000058260513, 0.3508699996928044,0,0,27.8,0.0,1
10255,1776086466.4513881,0.05052599999544327, 0.37816099984411267,0,0,27.8,0.0,1
10256,1776086466.4809337,0.04695699999501812, 0.3393890001461841,0,0,27.8,0.0,1
10256,1776086466.5434105,32.34641500012003, 0.2720809998209006,11,11,27.8,0.0,0
10257,1776086466.5593092,14.09173499996541, 0.24461300017719623,13,0,27.8,0.0,0
10258,1776086466.5904174,19.713410999884218, 0.31576899982610485,18,18,27.8,0.0,0
10259,1776086466.6195369,18.867722999857506, 0.33776999998735846,15,20,27.8,0.0,0
10260,1776086466.9080615,19.27363400000104, 260.2831670001251,14,12,27.8,0.0,0
10262,1776086466.9130304,0.3401899998607405, 0.17636299980949843,0,12,27.8,0.0,1
10263,1776086466.9271884,0.8231309998336656, 0.3803959998549544,0,9,27.8,0.0,1
10264,1776086466.9581616,2.0896189998893533, 0.3235539998058812,0,7,27.8,0.0,1
10265,1776086466.9910574,0.43431399990367936, 0.31480699999519857,0,0,27.8,0.0,1
10266,1776086467.015842,0.04534299978331546, 0.3529420000631944,0,0,27.8,0.0,1
10267,1776086467.0455906,0.0496279999424587, 0.3564159997040406,0,0,27.8,0.0,1
10268,1776086467.0750353,0.04154499993092031, 0.3451590000622673,0,0,27.8,0.0,1
10269,1776086467.1048157,0.04524099995251163, 0.3377470002305927,0,0,27.8,0.0,1
10270,1776086467.1352243,0.043694999931176426, 0.33488400003989227,0,0,27.8,0.0,1
10271,1776086467.1647954,0.03936400025850162, 0.3192500003024179,0,0,27.8,0.0,1
10272,1776086467.1942685,0.04840699966734974, 0.3884040002049005,0,0,27.8,0.0,1
10273,1776086467.2237992,0.04587500006891787, 0.34181000000899076,0,0,27.8,0.0,1
10274,1776086467.2532258,0.044597999931283994, 0.3443390000938962,0,0,27.8,0.0,1
10275,1776086467.283537,0.04996000006940449, 0.364808000085759,0,0,27.8,0.0,1
10276,1776086467.3132045,0.0474560001748614, 0.3787969999393681,0,0,27.8,0.0,1
10277,1776086467.3426366,0.04433899994182866, 0.35919799984185374,0,0,27.8,0.0,1
10278,1776086467.3721755,0.04212400017422624, 0.3370459999132436,0,0,27.8,0.0,1
10279,1776086467.4022777,0.042704999941634014, 0.3406770001674886,0,0,27.8,0.0,1
10280,1776086467.4314022,0.04364100004750071, 0.35105000006296905,0,0,27.8,0.0,1
10281,1776086467.4612007,0.04379700021672761, 0.34120200007237145,0,0,27.8,0.0,1
10282,1776086467.4928858,0.03945099979318911, 0.31376400011140504,0,0,27.8,0.0,1
10283,1776086467.5208225,0.04273899958207039, 0.34514099979787716,0,0,27.8,0.0,1
10284,1776086467.5506978,0.043105999793624505, 0.36067300015929504,0,0,27.8,0.0,1
10285,1776086467.580046,0.04258900025888579, 0.3384500000720436,0,0,27.8,0.0,1
10286,1776086467.6100073,0.04168500026935362, 0.3446040000198991,0,0,27.8,0.0,1
10287,1776086467.6397867,0.04320800007917569, 0.3330119998281589,0,0,27.8,0.0,1
10288,1776086467.6688633,0.04120299990972853, 0.3423910002311459,0,0,27.8,0.0,1
10289,1776086467.6985767,0.04873199986832333, 0.37285300004441524,0,0,27.8,0.0,1
10290,1776086467.728843,0.042905000100290636, 0.36604100023396313,0,0,27.8,0.0,1
10291,1776086467.7593794,0.04320599964557914, 0.3666100001282757,0,0,27.8,0.0,1
10292,1776086467.788205,0.04573700016408111, 0.3380250000191154,0,0,27.8,0.0,1
10293,1776086467.817621,0.042734000089694746, 0.37984099981258623,0,0,27.8,0.0,1
10294,1776086467.8479068,0.04486199986786232, 0.36107500000071013,0,0,27.8,0.0,1
10295,1776086467.8771968,0.04345900015323423, 0.3388019999874814,0,0,27.8,0.0,1
10295,1776086467.9399815,32.81151300006968, 0.26391700021122233,11,11,27.8,0.0,0
10296,1776086467.9555225,13.731830999859085, 0.272209999820916,9,0,27.8,0.0,0
10297,1776086467.9895918,21.809285000017553, 0.2803669999593694,10,10,27.8,0.0,0
10298,1776086468.0137184,17.2828979998485, 0.26575299989417545,6,11,27.8,0.0,0
10299,1776086468.3052435,20.982892000120046, 258.2246239999222,7,7,27.8,0.0,0
10301,1776086468.3085837,0.4571429999487009, 0.30630699984612875,0,7,27.8,0.0,1
10302,1776086468.3233392,0.5385099998420628, 0.34557500021037413,0,5,27.8,0.0,1
10303,1776086468.3534462,0.45167700000092736, 0.3427700003157952,0,4,27.8,0.0,1
10304,1776086468.3843923,2.0442559998627985, 0.37327100017137127,0,0,27.8,0.0,1
10305,1776086468.4160185,0.03662999961306923, 0.26329900038035703,0,0,27.8,0.0,1
10306,1776086468.4414532,0.04601299997375463, 0.38020100009816815,0,0,27.8,0.0,1
10307,1776086468.4712682,0.04674900037571206, 0.40878900017560227,0,0,27.8,0.0,1
10308,1776086468.5010655,0.04783099984706496, 0.34468900003048475,0,0,27.8,0.0,1
10309,1776086468.5307004,0.0438120000580966, 0.39075700033208705,0,0,27.8,0.0,1
10310,1776086468.561424,0.05142700001670164, 0.3997710000476218,0,0,27.8,0.0,1
10311,1776086468.591017,0.044689999867841834, 0.34265799968125066,0,0,27.8,0.0,1
10312,1776086468.6201754,0.0436599998465681, 0.3386270000191871,0,0,27.8,0.0,1
10313,1776086468.6499584,0.047805000122025376, 0.33351100000800216,0,0,27.8,0.0,1
10314,1776086468.6812959,0.04151900020588073, 0.3158889999212988,0,0,27.8,0.0,1
10315,1776086468.7092228,0.04273900003681774, 0.34369600007266854,0,0,27.8,0.0,1
10316,1776086468.7391357,0.04336900019552559, 0.3458920000412036,0,0,27.8,0.0,1
10317,1776086468.7689018,0.04676100024880725, 0.34684399997786386,0,0,27.8,0.0,1
10318,1776086468.7987573,0.06062800002837321, 0.3475579997029854,0,0,27.8,0.0,1
10319,1776086468.8282495,0.04252100006851833, 0.34247100029460853,0,0,27.8,0.0,1
10320,1776086468.858078,0.04740999975183513, 0.33632300028330064,0,0,27.8,0.0,1
10321,1776086468.8878357,0.04828099963560817, 0.33219199985978776,0,0,27.8,0.0,1
10322,1776086468.9176717,0.041153999973175814, 0.3249569999752566,0,0,27.8,0.0,1
10323,1776086468.9477205,0.043044999983976595, 0.30899200010026107,0,0,27.8,0.0,1
10324,1776086468.9770257,0.04414300019561779, 0.3420550001465017,0,0,27.8,0.0,1
10325,1776086469.0067809,0.04356500039648381, 0.34380399984001997,0,0,27.8,0.0,1
10326,1776086469.0361924,0.043647999973472906, 0.3432809999139863,0,0,27.8,0.0,1
10327,1776086469.065968,0.046347000079549616, 0.3450389999670733,0,0,27.8,0.0,1
10328,1776086469.0958772,0.04373799993118155, 0.34512599995650817,0,0,27.8,0.0,1
10329,1776086469.1252553,0.04491500021686079, 0.3411259999666072,0,0,27.8,0.0,1
10330,1776086469.1551838,0.04316300010032137, 0.34201900007246877,0,0,27.8,0.0,1
10331,1776086469.1851954,0.043695999920601025, 0.3473609999673499,0,0,27.8,0.0,1
10332,1776086469.2147856,0.04843200031245942, 0.34409899990350823,0,0,27.8,0.0,1
10333,1776086469.2441773,0.04449500011105556, 0.33319399972242536,0,0,27.8,0.0,1
10334,1776086469.275555,0.03750299993043882, 0.3108410001004813,0,0,27.8,0.0,1
10334,1776086469.33618,32.48468199990384, 0.30298599995148834,15,15,27.8,0.0,0
10335,1776086469.3822906,23.99367699990762, 0.28197399979035254,15,0,27.8,0.0,0
10336,1776086469.399448,15.431810000336554, 0.316001000101096,15,15,27.8,0.0,0
10337,1776086469.414077,12.751978999858693, 0.3324790000078792,17,20,27.8,0.0,0
10338,1776086469.6912553,13.163034000172047, 256.95377200008807,19,13,27.8,0.0,0
10340,1776086469.695883,0.791017999745236, 0.3093079999416659,0,13,27.8,0.0,1
10341,1776086469.719907,0.8948130002863763, 0.38568499985558446,0,9,27.8,0.0,1
10342,1776086469.7511208,2.1998770002937817, 0.30687699972986593,0,8,27.8,0.0,1
10343,1776086469.7835064,0.4677000001720444, 0.31869499980530236,0,0,27.8,0.0,1
10344,1776086469.8087845,0.04704100001617917, 0.33876599991344847,0,0,27.8,0.0,1
10345,1776086469.8398197,0.053854000270803226, 0.43616100037979777,0,0,27.8,0.0,1
10346,1776086469.8683975,0.10105199999088654, 0.4452999996829021,0,0,27.8,0.0,1
10347,1776086469.8981593,0.11524899991854909, 0.4154459998062521,0,0,27.8,0.0,1
10348,1776086469.927935,0.041323999994347105, 0.4224930003147165,0,0,27.8,0.0,1
10349,1776086469.9573243,0.047076000100787496, 0.4302480001570075,0,0,27.8,0.0,1
10350,1776086469.9878697,0.05657700012307032, 0.47949099962352193,0,0,27.8,0.0,1
10351,1776086470.0164902,0.04707299967776635, 0.38314099992931006,0,0,27.8,0.0,1
10352,1776086470.046386,0.05310100004862761, 0.4013590000795375,0,0,27.8,0.0,1
10353,1776086470.0762239,0.046583000312239164, 0.3814769997916301,0,0,27.8,0.0,1
10354,1776086470.10575,0.07362999986071372, 0.34716600021056365,0,0,27.8,0.0,1
10355,1776086470.1353822,0.04786199997397489, 0.4154020002715697,0,0,27.8,0.0,1
10356,1776086470.1669555,0.03952100041715312, 0.31971100042937906,0,0,27.8,0.0,1
10357,1776086470.194644,0.04751699998450931, 0.3629170000749582,0,0,27.8,0.0,1
10358,1776086470.224318,0.0469939996037283, 0.37074800002301345,0,0,27.8,0.0,1
10359,1776086470.2545054,0.04964199979440309, 0.3715960001500207,0,0,27.8,0.0,1
10360,1776086470.2837677,0.04385600004752632, 0.3445760003160103,0,0,27.8,0.0,1
10361,1776086470.3136559,0.0484659999528958, 0.40567199994256953,0,0,27.8,0.0,1
10362,1776086470.3432786,0.046595999720011605, 0.37500799999179435,0,0,27.8,0.0,1
10363,1776086470.3731453,0.04868399992119521, 0.41201300018656184,0,0,27.8,0.0,1
10364,1776086470.4034579,0.044877000163978664, 0.3371760003574309,0,0,27.8,0.0,1
10365,1776086470.4335709,0.04312000010031625, 0.34390100017844816,0,0,27.8,0.0,1
10366,1776086470.463121,0.05125699999553035, 0.37638699996023206,0,0,27.8,0.0,1
10367,1776086470.4921086,0.04998599979444407, 0.3605360002438829,0,0,27.8,0.0,1
10368,1776086470.5216281,0.04895800020676688, 0.4012089998468582,0,0,27.8,0.0,1
10369,1776086470.5512223,0.04421599987836089, 0.38562200006708736,0,0,27.8,0.0,1
10370,1776086470.5809183,0.04408099994179793, 0.3594479999264877,0,0,27.8,0.0,1
10371,1776086470.6109734,0.0459040002169786, 0.3613929998209642,0,0,27.8,0.0,1
10372,1776086470.640675,0.05201800013310276, 0.37257099984344677,0,0,27.8,0.0,1
10373,1776086470.6706002,0.05189200010136119, 0.35176400024283794,0,0,27.8,0.0,1
10373,1776086470.7337005,33.90757699980895, 0.3427039996495296,24,20,27.8,0.0,0
10374,1776086470.7701705,22.254196999710985, 0.29256800007715356,26,0,27.8,0.0,0
10375,1776086470.7864308,13.835560999723384, 0.3279689999544644,29,20,27.8,0.0,0
10376,1776086470.8042192,12.890836000224226, 0.32542799999646377,29,20,27.8,0.0,0
10377,1776086471.097703,21.229098999810958, 257.5461679998625,26,15,27.8,0.0,0
10379,1776086471.101588,0.7980350001162151, 0.29976099995110417,0,15,27.8,0.0,1
10380,1776086471.116463,0.9657619998506561, 0.3822559997388453,0,10,27.8,0.0,1
10381,1776086471.146321,0.8103019999907701, 0.37945099984426633,0,8,27.8,0.0,1
10382,1776086471.1774907,2.2071990001677477, 0.41289299997515627,0,0,27.8,0.0,1
10383,1776086471.2091746,0.035431000014796155, 0.2644430001055298,0,0,27.8,0.0,1
10384,1776086471.234801,0.06308400043053553, 0.42287499991289224,0,0,27.8,0.0,1
10385,1776086471.2647967,0.04354899965619552, 0.3427159999773721,0,0,27.8,0.0,1
10386,1776086471.2942905,0.046426999688264914, 0.38445800009867526,0,0,27.8,0.0,1
10387,1776086471.3237722,0.04654600024878164, 0.34617700021044584,0,0,27.8,0.0,1
10388,1776086471.355255,0.04120299990972853, 0.3349389999129926,0,0,27.8,0.0,1
10389,1776086471.3832548,0.04499099986787769, 0.3805579999607289,0,0,27.8,0.0,1
10390,1776086471.4132245,0.05338000028132228, 0.41059899967876845,0,0,27.8,0.0,1
10391,1776086471.4426954,0.052998999763076426, 0.4023359997518128,0,0,27.8,0.0,1
10392,1776086471.4724693,0.0542040002073918, 0.42883600008281064,0,0,27.8,0.0,1
10393,1776086471.5025768,0.05200300029173377, 0.37327100017137127,0,0,27.8,0.0,1
10394,1776086471.5320778,0.047093999910430284, 0.4086819999429281,0,0,27.8,0.0,1
10395,1776086471.5615928,0.04695000006904593, 0.38154699996084673,0,0,27.8,0.0,1
10396,1776086471.5919466,0.042362999920442235, 0.3427060000831261,0,0,27.8,0.0,1
10397,1776086471.6220431,0.04271600028005196, 0.3397509999558679,0,0,27.8,0.0,1
10398,1776086471.6506972,0.042378000216558576, 0.3644580001491704,0,0,27.8,0.0,1
10399,1776086471.6804383,0.04733100013254443, 0.38619099996139994,0,0,27.8,0.0,1
10400,1776086471.7104824,0.047607000396965304, 0.36980300001232536,0,0,27.8,0.0,1
10401,1776086471.7399864,0.03949700021621538, 0.34754800026348676,0,0,27.8,0.0,1
10402,1776086471.769533,0.04760899992106715, 0.36831499983236426,0,0,27.8,0.0,1
10403,1776086471.7991483,0.04510400003709947, 0.3773620001084055,0,0,27.8,0.0,1
10404,1776086471.8291533,0.04855899987887824, 0.3869999995913531,0,0,27.8,0.0,1
10405,1776086471.8590195,0.04510400003709947, 0.34138000000893953,0,0,27.8,0.0,1
10406,1776086471.8890262,0.045651000164070865, 0.3410109998185362,0,0,27.8,0.0,1
10407,1776086471.918825,0.04369299995232723, 0.33365100034643547,0,0,27.8,0.0,1
10408,1776086471.9498382,0.037942000290058786, 0.2971919998344674,0,0,27.8,0.0,1
10409,1776086471.9779696,0.040378999983659014, 0.34530299990365165,0,0,27.8,0.0,1
10410,1776086472.007313,0.046940000174799934, 0.39378100018439,0,0,27.8,0.0,1
10411,1776086472.0367932,0.04243700004735729, 0.33721099998729187,0,0,27.8,0.0,1
10412,1776086472.0666883,0.04209000007904251, 0.3614809997998236,0,0,27.8,0.0,1
10412,1776086472.1163552,20.069834999958402, 0.33324400010315003,22,20,27.8,0.0,0
10413,1776086472.1791997,23.095609999927547, 0.3086659999098629,23,0,27.8,0.0,0
10414,1776086472.19888,17.806080000354996, 0.3212199999325094,22,20,27.8,0.0,0
10415,1776086472.2134066,12.526650999916455, 0.3583389998311759,21,20,27.8,0.0,0
10416,1776086472.4861932,12.427622999894083, 258.15010599990273,21,12,27.8,0.0,0
10418,1776086472.4907668,0.7154080003601848, 0.2862340002138808,0,12,27.8,0.0,1
10419,1776086472.5138025,0.7879529998717771, 0.31537199993181275,0,11,27.8,0.0,1
10420,1776086472.544248,2.2337619998324953, 0.324399000419362,0,11,27.8,0.0,1
10421,1776086472.5759232,0.32493800017618923, 0.23785000030329684,0,0,27.8,0.0,1
10422,1776086472.6019943,0.04417199988893117, 0.33117100019808277,0,0,27.8,0.0,1
10423,1776086472.6319368,0.04395299993120716, 0.3409470000406145,0,0,27.8,0.0,1
10424,1776086472.661676,0.04486999978325912, 0.3519060001053731,0,0,27.8,0.0,1
10425,1776086472.691097,0.043786999867734266, 0.3393570000298496,0,0,27.8,0.0,1
10426,1776086472.72107,0.044333999994705664, 0.34564799989311723,0,0,27.8,0.0,1
10427,1776086472.7511342,0.04311800012146705, 0.3484419999040256,0,0,27.8,0.0,1
10428,1776086472.780729,0.06459899987021345, 0.3372969999873021,0,0,27.8,0.0,1
10429,1776086472.810117,0.045016000058240024, 0.3402059996915341,0,0,27.8,0.0,1
10430,1776086472.8414097,0.04146599985688226, 0.3179499999532709,0,0,27.8,0.0,1
10431,1776086472.8696513,0.04413399983604904, 0.36453400025493465,0,0,27.8,0.0,1
10432,1776086472.8991635,0.04646400020646979, 0.3359219999765628,0,0,27.8,0.0,1
10433,1776086472.928962,0.04738500001622015, 0.3353020001668483,0,0,27.8,0.0,1
10434,1776086472.9589195,0.044255999910092214, 0.4069940000590577,0,0,27.8,0.0,1
10435,1776086472.9887588,0.04601000000548083, 0.3474360000836896,0,0,27.8,0.0,1
10436,1776086473.0181413,0.04485099998419173, 0.34181999990323675,0,0,27.8,0.0,1
10437,1776086473.0482337,0.04920799983665347, 0.3917369999726361,0,0,27.8,0.0,1
10438,1776086473.0781116,0.04399699992063688, 0.34242499987158226,0,0,27.8,0.0,1
10439,1776086473.1078413,0.04116199988857261, 0.3103540002484806,0,0,27.8,0.0,1
10440,1776086473.1370373,0.042284000301151536, 0.3429479997976159,0,0,27.8,0.0,1
10441,1776086473.1667092,0.06223399986993172, 0.33985100026256987,0,0,27.8,0.0,1
10442,1776086473.196267,0.04632799982573488, 0.3414600000724022,0,0,27.8,0.0,1
10443,1776086473.2260737,0.0431099997513229, 0.33847400027298136,0,0,27.8,0.0,1
10444,1776086473.2560248,0.04610799987858627, 0.35223199984102394,0,0,27.8,0.0,1
10445,1776086473.2857895,0.04727399982584757, 0.3409639998608327,0,0,27.8,0.0,1
10446,1776086473.3152804,0.043385000026319176, 0.33787400025175884,0,0,27.8,0.0,1
10447,1776086473.3452682,0.04235900041749119, 0.3447520002737292,0,0,27.8,0.0,1
10448,1776086473.3748398,0.04605799995260895, 0.3376829999979236,0,0,27.8,0.0,1
10449,1776086473.4046009,0.05008100015402306, 0.36887199985358166,0,0,27.8,0.0,1
10450,1776086473.4356525,0.03656499984572292, 0.3054910002902034,0,0,27.8,0.0,1
10451,1776086473.4639566,0.0455959998362232, 0.34432299980835523,0,0,27.8,0.0,1
10451,1776086473.5264168,32.63004600012209, 0.3297369999017974,24,20,27.8,0.0,0
10452,1776086473.5649908,22.196225999778108, 0.2772919997369172,20,0,27.8,0.0,0
10453,1776086473.5811377,14.386510000349517, 0.32155899998542736,21,20,27.8,0.0,0
10454,1776086473.5975745,12.61647899991658, 0.34467300019969116,20,20,27.8,0.0,0
10455,1776086473.8922226,21.464153000124497, 258.1835500000125,18,16,27.8,0.0,0
10457,1776086473.896835,0.8895620003386284, 0.1992050001717871,0,16,27.8,0.0,1
10458,1776086473.9104106,0.9259180001208733, 0.3416200001993275,0,13,27.8,0.0,1
10459,1776086473.940641,0.8431050000581308, 0.3476470001260168,0,11,27.8,0.0,1
10460,1776086473.9712863,2.260192999983701, 0.4007410002486722,0,0,27.8,0.0,1
10461,1776086474.003064,0.03543699995134375, 0.26392000017949613,0,0,27.8,0.0,1
10462,1776086474.0297687,0.03796600003624917, 0.2914820001933549,0,0,27.8,0.0,1
10463,1776086474.0580695,0.04488100012167706, 0.3332709998176142,0,0,27.8,0.0,1
10464,1776086474.0879705,0.0444299998889619, 0.3545149997989938,0,0,27.8,0.0,1
10465,1776086474.117775,0.04511499992077006, 0.3438489998188743,0,0,27.8,0.0,1
10466,1776086474.1473372,0.04204700007903739, 0.3328600000713777,0,0,27.8,0.0,1
10467,1776086474.1769817,0.04158399997322704, 0.3460439997979847,0,0,27.8,0.0,1
10468,1776086474.206847,0.04428100010045455, 0.3396279998924001,0,0,27.8,0.0,1
10469,1776086474.2362297,0.04984399993190891, 0.34684000002016546,0,0,27.8,0.0,1
10470,1776086474.2669141,0.0438179999946442, 0.33986500011451426,0,0,27.8,0.0,1
10471,1776086474.2965708,0.03984200020568096, 0.3353239999341895,0,0,27.8,0.0,1
10472,1776086474.3257074,0.044161999994685175, 0.360031000127492,0,0,27.8,0.0,1
10473,1776086474.3554409,0.047839000217209104, 0.3818820000560663,0,0,27.8,0.0,1
10474,1776086474.3850155,0.04489499997362145, 0.34327800040045986,0,0,27.8,0.0,1
10475,1776086474.4148324,0.04562499998428393, 0.3374240000084683,0,0,27.8,0.0,1
10476,1776086474.444649,0.042731999656098196, 0.36018699984197156,0,0,27.8,0.0,1
10477,1776086474.4740288,0.04338000007919618, 0.342877000093722,0,0,27.8,0.0,1
10478,1776086474.504169,0.048196000079769874, 0.36288199999034987,0,0,27.8,0.0,1
10479,1776086474.53401,0.044796000111091416, 0.3449210003054759,0,0,27.8,0.0,1
10480,1776086474.5632212,0.043616999846562976, 0.3449559999353369,0,0,27.8,0.0,1
10481,1776086474.5929413,0.04562899994198233, 0.3477659997770388,0,0,27.8,0.0,1
10482,1776086474.6243627,0.04306799974074238, 0.3236519996789866,0,0,27.8,0.0,1
10483,1776086474.6527698,0.041853000311675714, 0.3453100002843712,0,0,27.8,0.0,1
10484,1776086474.682094,0.043243999698461266, 0.339016999987507,0,0,27.8,0.0,1
10485,1776086474.7118587,0.04710300026999903, 0.3402549996280868,0,0,27.8,0.0,1
10486,1776086474.741793,0.04235799997331924, 0.3447839999353164,0,0,27.8,0.0,1
10487,1776086474.771234,0.044892999994772254, 0.3409350001675193,0,0,27.8,0.0,1
10488,1776086474.8009844,0.042907000079139834, 0.3438180001467117,0,0,27.8,0.0,1
10489,1776086474.8308241,0.04608100016412209, 0.335579999955371,0,0,27.8,0.0,1
10490,1776086474.8610582,0.04338100006862078, 0.33771600010368275,0,0,27.8,0.0,1
10490,1776086474.923006,32.27836099995329, 0.2669720001904352,11,11,27.8,0.0,0
10491,1776086474.9720504,23.283006999918143, 0.2534280001782463,18,0,27.8,0.0,0
10492,1776086474.9901545,16.407549000177823, 0.3001660002155404,14,14,27.8,0.0,0
10493,1776086475.0047238,12.676488999659341, 0.3191699997842079,16,18,27.8,0.0,0
10494,1776086475.2791693,12.9453019999346, 257.2442780001438,17,10,27.8,0.0,0
10496,1776086475.2832282,0.6394500001078995, 0.3111410001110926,0,10,27.8,0.0,1
10497,1776086475.3062441,0.6930280001142819, 0.3548839999893971,0,8,27.8,0.0,1
10498,1776086475.3373709,2.0225110001774738, 0.33305000033578835,0,8,27.8,0.0,1
10499,1776086475.3701015,0.4547600001387764, 0.32333099989045877,0,0,27.8,0.0,1
10500,1776086475.3948035,0.041773999782890314, 0.3416849999666738,0,0,27.8,0.0,1
10501,1776086475.4248846,0.042826000026252586, 0.33694900002956274,0,0,27.8,0.0,1
10502,1776086475.4542897,0.04543800014289445, 0.3755200000341574,0,0,27.8,0.0,1
10503,1776086475.48401,0.04593999983626418, 0.3838369998447888,0,0,27.8,0.0,1
10504,1776086475.5157788,0.042020999899250455, 0.3357729997333081,0,0,27.8,0.0,1
10505,1776086475.5433042,0.04610499991031247, 0.3646949999165372,0,0,27.8,0.0,1
10506,1776086475.5731995,0.12984100021640188, 0.38271299990810803,0,0,27.8,0.0,1
10507,1776086475.6027815,0.04394100005811197, 0.3422750000936503,0,0,27.8,0.0,1
10508,1776086475.6327896,0.045867000153521076, 0.33524599984957604,0,0,27.8,0.0,1
10509,1776086475.6622548,0.04494599988902337, 0.3757029999178485,0,0,27.8,0.0,1
10510,1776086475.6920714,0.04595800010065432, 0.38191200019355165,0,0,27.8,0.0,1
10511,1776086475.7216246,0.041880000026139896, 0.3605660003813682,0,0,27.8,0.0,1
10512,1776086475.7517793,0.04227599993100739, 0.34408200008329004,0,0,27.8,0.0,1
10513,1776086475.7818365,0.04224700023769401, 0.33850399995571934,0,0,27.8,0.0,1
10514,1776086475.8108234,0.049695999678078806, 0.38003600002411986,0,0,27.8,0.0,1
10515,1776086475.8406389,0.04214099999444443, 0.37827799997103284,0,0,27.8,0.0,1
10516,1776086475.8709154,0.04206600033285213, 0.3648829997473513,0,0,27.8,0.0,1
10517,1776086475.9009945,0.05097799976283568, 0.3814240003521263,0,0,27.8,0.0,1
10518,1776086475.9301004,0.043804000142699806, 0.3367279996382422,0,0,27.8,0.0,1
10519,1776086475.9599464,0.046256000132416375, 0.340691000019433,0,0,27.8,0.0,1
10520,1776086475.9899387,0.044583000089915004, 0.346304000231612,0,0,27.8,0.0,1
10521,1776086476.019963,0.042670999846450286, 0.34574899973449646,0,0,27.8,0.0,1
10522,1776086476.0489798,0.04653999985748669, 0.3628610002124333,0,0,27.8,0.0,1
10523,1776086476.07845,0.05013000009057578, 0.42013300026155775,0,0,27.8,0.0,1
10524,1776086476.1096268,0.03883299996232381, 0.3228559999115532,0,0,27.8,0.0,1
10525,1776086476.1376245,0.04829999988942291, 0.36755199971594266,0,0,27.8,0.0,1
10526,1776086476.1674457,0.046054999984335154, 0.39484600029027206,0,0,27.8,0.0,1
10527,1776086476.1971254,0.04565700010061846, 0.38312500009851647,0,0,27.8,0.0,1
10528,1776086476.2268047,0.041742000121303136, 0.3457030002209649,0,0,27.8,0.0,1
10529,1776086476.2566326,0.04839099983655615, 0.39608799988855026,0,0,27.8,0.0,1
10529,1776086476.30584,19.470101000024442, 0.30894500014255755,27,20,27.8,0.0,0
10530,1776086476.3572245,23.748035999688, 0.2952529998765385,29,0,27.8,0.0,0
10531,1776086476.376306,17.264970999804063, 0.32383000007030205,25,20,27.8,0.0,0
10532,1776086476.391159,12.761389999923267, 0.3249189999223745,24,20,27.8,0.0,0
10533,1776086476.6821487,19.04564799997388, 258.49560200003907,21,19,27.8,0.0,0
10535,1776086476.686907,1.0165060002691462, 0.21746699985669693,0,19,27.8,0.0,1
10536,1776086476.7053292,0.9935260000020207, 0.33298299968009815,0,14,27.8,0.0,1
10537,1776086476.7336168,0.8949240000220016, 0.35382399983063806,0,11,27.8,0.0,1
10538,1776086476.7643855,2.202845999818237, 0.4128850000597595,0,0,27.8,0.0,1
10539,1776086476.7961423,0.03782799967666506, 0.2625239999360929,0,0,27.8,0.0,1
10540,1776086476.821752,0.04421199992066249, 0.3365810002833314,0,0,27.8,0.0,1
10541,1776086476.8513336,0.04450599999472615, 0.3542330000527727,0,0,27.8,0.0,1
10542,1776086476.8810751,0.04325500003687921, 0.339146999976947,0,0,27.8,0.0,1
10543,1776086476.910805,0.045682000290980795, 0.33738599995558616,0,0,27.8,0.0,1
10544,1776086476.9411085,0.04292599987820722, 0.3446040000198991,0,0,27.8,0.0,1
10545,1776086476.9709306,0.04175000003669993, 0.3099820000898035,0,0,27.8,0.0,1
10546,1776086477.0000286,0.04567699988911045, 0.3451540001151443,0,0,27.8,0.0,1
10547,1776086477.0297763,0.04570800001602038, 0.3487629996925534,0,0,27.8,0.0,1
10548,1776086477.0593176,0.042982999730156735, 0.3365309999026067,0,0,27.8,0.0,1
10549,1776086477.0890708,0.04118800006835954, 0.3440159998717718,0,0,27.8,0.0,1
10550,1776086477.118826,0.045108999984222464, 0.34955000000991276,0,0,27.8,0.0,1
10551,1776086477.1486416,0.045108999984222464, 0.35858100000041304,0,0,27.8,0.0,1
10552,1776086477.1785278,0.13023200017414638, 0.37651499997082283,0,0,27.8,0.0,1
10553,1776086477.208271,0.043960000311926706, 0.3459689996816451,0,0,27.8,0.0,1
10554,1776086477.2377179,0.04414000022734399, 0.3703150000546884,0,0,27.8,0.0,1
10555,1776086477.2671957,0.04429099999470054, 0.3375289998075459,0,0,27.8,0.0,1
10556,1776086477.2985783,0.043155000184924575, 0.3133079999315669,0,0,27.8,0.0,1
10557,1776086477.3267794,0.042317999941587914, 0.3459969998402812,0,0,27.8,0.0,1
10558,1776086477.3567297,0.06067199956305558, 0.34618300014699344,0,0,27.8,0.0,1
10559,1776086477.3860912,0.04479400013224222, 0.3402950001145655,0,0,27.8,0.0,1
10560,1776086477.4159927,0.04706399977294495, 0.3343309999763733,0,0,27.8,0.0,1
10561,1776086477.4457722,0.04359900003692019, 0.35044300011577434,0,0,27.8,0.0,1
10562,1776086477.4752345,0.04237200028001098, 0.3397230002519791,0,0,27.8,0.0,1
10563,1776086477.5050128,0.043432999973447295, 0.33688900020933943,0,0,27.8,0.0,1
10564,1776086477.5352585,0.045016000058240024, 0.35409900010563433,0,0,27.8,0.0,1
10565,1776086477.565362,0.04356099998403806, 0.3502370000205701,0,0,27.8,0.0,1
10566,1776086477.5941358,0.043774000005214475, 0.3446069999881729,0,0,27.8,0.0,1
10567,1776086477.6239014,0.04398200007926789, 0.3422869999667455,0,0,27.8,0.0,1
10568,1776086477.6538105,0.04525600024862797, 0.34118700023100246,0,0,27.8,0.0,1
10568,1776086477.7160025,32.525501000236545, 0.28227100028743735,12,12,27.8,0.0,0
10569,1776086477.732477,14.62317699997584, 0.2704660000745207,12,0,27.8,0.0,0
10570,1776086477.7645001,20.641862000047695, 0.2622349998091522,9,9,27.8,0.0,0
10571,1776086477.7917218,18.775876999825414, 0.29219699990790104,11,13,27.8,0.0,0
10572,1776086478.080202,20.404262999818457, 257.41708999976254,15,7,27.8,0.0,0
10574,1776086478.0843916,0.4927950003548176, 0.31112599981497624,0,7,27.8,0.0,1
10575,1776086478.0999997,0.5126559999553137, 0.3133280001748062,0,6,27.8,0.0,1
10576,1776086478.1310124,2.004394000323373, 0.33102299994425266,0,3,27.8,0.0,1
10577,1776086478.1638258,0.28787200017177383, 0.2802319995680591,0,0,27.8,0.0,1
10578,1776086478.190245,0.04173400020590634, 0.31802600005903514,0,0,27.8,0.0,1
10579,1776086478.2181683,0.04243200010023429, 0.3414069997234037,0,0,27.8,0.0,1
10580,1776086478.247962,0.04618499997377512, 0.34880899966083234,0,0,27.8,0.0,1
10581,1776086478.277824,0.048925000101007754, 0.33438000036767335,0,0,27.8,0.0,1
10582,1776086478.3073442,0.04353699978310033, 0.3305340001134027,0,0,27.8,0.0,1
10583,1776086478.3371708,0.040487000205757795, 0.3447939998295624,0,0,27.8,0.0,1
10584,1776086478.3669431,0.04503999980443041, 0.33103099985964946,0,0,27.8,0.0,1
10585,1776086478.396746,0.060693000250466866, 0.3467839997028932,0,0,27.8,0.0,1
10586,1776086478.4266257,0.04072399997312459, 0.32519000023967237,0,0,27.8,0.0,1
10587,1776086478.4566898,0.05929600001763902, 0.31571499994242913,0,0,27.8,0.0,1
10588,1776086478.4859054,0.04380200016385061, 0.33592400041015935,0,0,27.8,0.0,1
10589,1776086478.5153754,0.04719700018540607, 0.3470529995865945,0,0,27.8,0.0,1
10590,1776086478.545106,0.044315999730315525, 0.3343260000292503,0,0,27.8,0.0,1
10591,1776086478.5750043,0.04326700036472175, 0.3405679999559652,0,0,27.8,0.0,1
10592,1776086478.604838,0.043977000132144894, 0.3520339996612165,0,0,27.8,0.0,1
10593,1776086478.6342034,0.04487199976210832, 0.3395140001885011,0,0,27.8,0.0,1
10594,1776086478.6640718,0.04483400016397354, 0.34237499994560494,0,0,27.8,0.0,1
10595,1776086478.6940928,0.045481000142899575, 0.34912199998871074,0,0,27.8,0.0,1
10596,1776086478.7233205,0.04623700033334899, 0.33579999990251963,0,0,27.8,0.0,1
10597,1776086478.7530823,0.04392100026961998, 0.337811999997939,0,0,27.8,0.0,1
10598,1776086478.7844486,0.03883499994117301, 0.3233729999010393,0,0,27.8,0.0,1
10599,1776086478.8126767,0.03930200000468176, 0.36206200002197875,0,0,27.8,0.0,1
10600,1776086478.8422537,0.04317499997341656, 0.34489100016799057,0,0,27.8,0.0,1
10601,1776086478.8720095,0.04755300005854224, 0.34691199971348397,0,0,27.8,0.0,1
10602,1776086478.9018915,0.042795999888767255, 0.34336699991399655,0,0,27.8,0.0,1
10603,1776086478.931254,0.04269900000508642, 0.3382779996172758,0,0,27.8,0.0,1
10604,1776086478.9608312,0.04337600012149778, 0.3527969997776381,0,0,27.8,0.0,1
10605,1776086478.9914906,0.1274109999940265, 0.37905699991824804,0,0,27.8,0.0,1
10606,1776086479.0211198,0.04362500021670712, 0.3401270000722434,0,0,27.8,0.0,1
10607,1776086479.050798,0.03956299997298629, 0.3122419998362602,0,0,27.8,0.0,1
10607,1776086479.1128573,33.48907800000234, 0.31072100000528735,18,18,27.8,0.0,0
10608,1776086479.1561415,22.645638000085455, 0.27426099995864206,27,0,27.8,0.0,0
10609,1776086479.173237,15.359224000349059, 0.3275140002187982,21,20,27.8,0.0,0
10610,1776086479.1878002,12.684659000115062, 0.3213070003766916,22,20,27.8,0.0,0
10611,1776086479.474066,17.688589000044885, 257.2972170000867,20,17,27.8,0.0,0
10613,1776086479.4782739,0.4835830000047281, 0.18349899983149953,0,17,27.8,0.0,1
10614,1776086479.4970226,1.0103549998348171, 0.3593110000110755,0,13,27.8,0.0,1
10615,1776086479.5265417,0.8714450000297802, 0.3229399999327143,0,12,27.8,0.0,1
10616,1776086479.5574925,2.135580999947706, 0.4085509999640635,0,0,27.8,0.0,1
10617,1776086479.589228,0.036673000067821704, 0.26389200002086,0,0,27.8,0.0,1
10618,1776086479.6153286,0.048662000153854024, 0.3382110003258276,0,0,27.8,0.0,1
10619,1776086479.6453698,0.04319499976190855, 0.3553510000529059,0,0,27.8,0.0,1
10620,1776086479.674216,0.044703000185108976, 0.3458259998296853,0,0,27.8,0.0,1
10621,1776086479.7042959,0.047184999857563525, 0.37355500035118894,0,0,27.8,0.0,1
10622,1776086479.7338195,0.04659199976231321, 0.3424649999033136,0,0,27.8,0.0,1
10623,1776086479.76371,0.04161200013186317, 0.36195799975757836,0,0,27.8,0.0,1
10624,1776086479.793111,0.04455699991012807, 0.34181399996668915,0,0,27.8,0.0,1
10625,1776086479.8228402,0.0467579998257861, 0.3412840001146833,0,0,27.8,0.0,1
10626,1776086479.8528674,0.0434230000792013, 0.3532929999892076,0,0,27.8,0.0,1
10627,1776086479.8826332,0.04550399989966536, 0.33617200006119674,0,0,27.8,0.0,1
10628,1776086479.912094,0.04411200006870786, 0.34793500026353286,0,0,27.8,0.0,1
10629,1776086479.941844,0.044892000005347654, 0.33590599969102186,0,0,27.8,0.0,1
10630,1776086479.9733121,0.039694999941275455, 0.31532899993180763,0,0,27.8,0.0,1
10631,1776086480.0011337,0.04516500030149473, 0.33798999993450707,0,0,27.8,0.0,1
10632,1776086480.0309641,0.045089999730407726, 0.3471279997029342,0,0,27.8,0.0,1
10633,1776086480.0608184,0.04260500008967938, 0.3464359997451538,0,0,27.8,0.0,1
10634,1776086480.090205,0.04389200012155925, 0.345198000104574,0,0,27.8,0.0,1
10635,1776086480.1200168,0.04074100024809013, 0.34739300008368446,0,0,27.8,0.0,1
10636,1776086480.1499245,0.0487780002913496, 0.34854200021072756,0,0,27.8,0.0,1
10637,1776086480.1797204,0.05940999972153804, 0.33744299980753567,0,0,27.8,0.0,1
10638,1776086480.209452,0.04444500018507824, 0.34350800024185446,0,0,27.8,0.0,1
10639,1776086480.2396111,0.04025799989904044, 0.3333150002617913,0,0,27.8,0.0,1
10640,1776086480.2687602,0.04750500011141412, 0.3454399998190638,0,0,27.8,0.0,1
10641,1776086480.298292,0.04212500016365084, 0.4092100002708321,0,0,27.8,0.0,1
10642,1776086480.3279676,0.04302100023778621, 0.339370999881794,0,0,27.8,0.0,1
10643,1776086480.3579047,0.04465099982553511, 0.3382959998816659,0,0,27.8,0.0,1
10644,1776086480.3872418,0.04818200022782548, 0.3395520002413832,0,0,27.8,0.0,1
10645,1776086480.4171264,0.04225599968776805, 0.3430159999879834,0,0,27.8,0.0,1
10646,1776086480.4469721,0.045187000068835914, 0.33528899984958116,0,0,27.8,0.0,1
10646,1776086480.5094254,32.42396900031963, 0.3233190000173636,17,17,27.8,0.0,0
10647,1776086480.545306,22.08357800009253, 0.2768999997897481,22,0,27.8,0.0,0
10648,1776086480.561114,13.92047499984983, 0.3227109996259969,23,20,27.8,0.0,0
10649,1776086480.5815892,13.611191000109102, 0.3408990000934864,27,20,27.8,0.0,0
10650,1776086480.8724139,20.223050999902625, 257.89347299996734,29,15,27.8,0.0,0
10652,1776086480.8776028,0.6606199999623641, 0.17055900025297888,0,15,27.8,0.0,1
10653,1776086480.8928647,0.9896869996737223, 0.3909420001946273,0,10,27.8,0.0,1
10654,1776086480.9240072,2.1914270000706892, 0.3268749997005216,0,8,27.8,0.0,1
10655,1776086480.9564042,0.4569279999486753, 0.33810300010372885,0,0,27.8,0.0,1
10656,1776086480.9824107,0.05654400001731119, 0.3686560003188788,0,0,27.8,0.0,1
10657,1776086481.0113435,0.04446399998414563, 0.3306510002403229,0,0,27.8,0.0,1
10658,1776086481.0404353,0.03946800006815465, 0.321191000239196,0,0,27.8,0.0,1
10659,1776086481.0709102,0.044720999994751764, 0.3426560001571488,0,0,27.8,0.0,1
10660,1776086481.101165,0.045929999942018185, 0.3490650001367612,0,0,27.8,0.0,1
10661,1776086481.130969,0.03989300012108288, 0.3120859996670333,0,0,27.8,0.0,1
10662,1776086481.1600595,0.044044999867765, 0.3375229998709983,0,0,27.8,0.0,1
10663,1776086481.1898623,0.045756999952573096, 0.3409539999665867,0,0,27.8,0.0,1
10664,1776086481.2197604,0.0433500003964582, 0.34434600001986837,0,0,27.8,0.0,1
10665,1776086481.2491295,0.043667000227287645, 0.34324800026297453,0,0,27.8,0.0,1
10666,1776086481.279035,0.04189400033283164, 0.34306300040043425,0,0,27.8,0.0,1
10667,1776086481.308768,0.04514600004767999, 0.3453640001680469,0,0,27.8,0.0,1
10668,1776086481.3387604,0.043150999772478826, 0.34098400010407204,0,0,27.8,0.0,1
10669,1776086481.368392,0.04103599985683104, 0.3552499997567793,0,0,27.8,0.0,1
10670,1776086481.3979092,0.044891000015923055, 0.34037699970213,0,0,27.8,0.0,1
10671,1776086481.4277177,0.05777200021839235, 0.35343699983059196,0,0,27.8,0.0,1
10672,1776086481.4587479,0.04046799995194306, 0.2912990003096638,0,0,27.8,0.0,1
10673,1776086481.4868717,0.042597000174282584, 0.3384439996807487,0,0,27.8,0.0,1
10674,1776086481.516781,0.04367000019556144, 0.34248699967065477,0,0,27.8,0.0,1
10675,1776086481.5462992,0.04504400021687616, 0.34157000027335016,0,0,27.8,0.0,1
10676,1776086481.576445,0.04627599992090836, 0.38333099973897333,0,0,27.8,0.0,1
10677,1776086481.6060352,0.043884000206162455, 0.34159500000896514,0,0,27.8,0.0,1
10678,1776086481.6356862,0.04478399978324887, 0.3581159999157535,0,0,27.8,0.0,1
10679,1776086481.6652343,0.04329900002630893, 0.3426250000302389,0,0,27.8,0.0,1
10680,1776086481.6957371,0.05717100020774524, 0.3411329998925794,0,0,27.8,0.0,1
10681,1776086481.7254634,0.04340900022725691, 0.3506349999042868,0,0,27.8,0.0,1
10682,1776086481.754261,0.043544000163819874, 0.3302269997220719,0,0,27.8,0.0,1
10683,1776086481.784073,0.04209000007904251, 0.3426839998610376,0,0,27.8,0.0,1
10684,1776086481.814194,0.04565400013234466, 0.38354699972842354,0,0,27.8,0.0,1
10685,1776086481.8438354,0.0449780000053579, 0.34629099991434487,0,0,27.8,0.0,1
10685,1776086481.9060073,32.90103200015437, 0.27176200001122197,11,11,27.8,0.0,0
10686,1776086481.9540546,23.20679200011, 0.25534399992466206,10,0,27.8,0.0,0
10687,1776086481.970814,15.086922000136838, 0.23532399973191787,6,6,27.8,0.0,0
10688,1776086481.9865468,13.872024999727728, 0.2846149996003078,11,13,27.8,0.0,0
10689,1776086482.266957,13.618855999993684, 259.1677170003095,13,6,27.8,0.0,0
10691,1776086482.2711685,0.44472799982031574, 0.3057809999518213,0,6,27.8,0.0,1
10692,1776086482.289976,0.4579739998007426, 0.3324070003145607,0,4,27.8,0.0,1
10693,1776086482.3199751,0.3899299999829964, 0.31787299985808204,0,3,27.8,0.0,1
10694,1776086482.3505728,1.8296169996574463, 0.34275000007255585,0,0,27.8,0.0,1
10695,1776086482.3823843,0.03692800009957864, 0.2696960000321269,0,0,27.8,0.0,1
10696,1776086482.4080906,0.045000000227446435, 0.3381379997335898,0,0,27.8,0.0,1
10697,1776086482.4379036,0.04125499981455505, 0.3431700001783611,0,0,27.8,0.0,1
10698,1776086482.4677882,0.0453669999842532, 0.34345300036875415,0,0,27.8,0.0,1
10699,1776086482.4971852,0.043434999952296494, 0.3401399999347632,0,0,27.8,0.0,1
10700,1776086482.5270407,0.043247000121482415, 0.342473999808135,0,0,27.8,0.0,1
10701,1776086482.5571408,0.04325300005803001, 0.3440310001678881,0,0,27.8,0.0,1
10702,1776086482.5863297,0.04239800000505056, 0.3328180000607972,0,0,27.8,0.0,1
10703,1776086482.6161067,0.04438199994183378, 0.3388509999240341,0,0,27.8,0.0,1
10704,1776086482.6474426,0.0397779999730119, 0.3235110002606234,0,0,27.8,0.0,1
10705,1776086482.6757126,0.05624999994324753, 0.3436339998188487,0,0,27.8,0.0,1
10706,1776086482.7052262,0.042904999645543285, 0.34644000015759957,0,0,27.8,0.0,1
10707,1776086482.7350593,0.04297099985706154, 0.3370140002516564,0,0,27.8,0.0,1
10708,1776086482.7648275,0.041944999793486204, 0.34357200001977617,0,0,27.8,0.0,1
10709,1776086482.7946646,0.04592599998431979, 0.36150200003248756,0,0,27.8,0.0,1
10710,1776086482.8241155,0.042505000237724744, 0.3347169999869948,0,0,27.8,0.0,1
10711,1776086482.8538992,0.042904000110866036, 0.34484800016798545,0,0,27.8,0.0,1
10712,1776086482.8841748,0.04565400013234466, 0.3403079999770853,0,0,27.8,0.0,1
10713,1776086482.9139931,0.042641999698389554, 0.3170149998368288,0,0,27.8,0.0,1
10714,1776086482.9430137,0.04564200025924947, 0.3380289999768138,0,0,27.8,0.0,1
10715,1776086482.9730005,0.047437000375794014, 0.34101600022040657,0,0,27.8,0.0,1
10716,1776086483.002327,0.0467589998152107, 0.3299140003036882,0,0,27.8,0.0,1
10717,1776086483.0324566,0.04829499994229991, 0.3736179996849387,0,0,27.8,0.0,1
10718,1776086483.0623655,0.04717499996331753, 0.3804089997174742,0,0,27.8,0.0,1
10719,1776086483.0917683,0.04416499996295897, 0.33721299996614107,0,0,27.8,0.0,1
10720,1776086483.1212926,0.042317000406910665, 0.3392129997337179,0,0,27.8,0.0,1
10721,1776086483.1513226,0.040749000163486926, 0.34510699970269343,0,0,27.8,0.0,1
10722,1776086483.1809766,0.04586999966704752, 0.33760199994503637,0,0,27.8,0.0,1
10723,1776086483.2106884,0.04351799998403294, 0.35692999972525286,0,0,27.8,0.0,1
10724,1776086483.2416468,0.038843999845994404, 0.30844799994156347,0,0,27.8,0.0,1
10724,1776086483.3022256,32.40019699978802, 0.28201699979035766,13,13,27.8,0.0,0
10725,1776086483.3411467,22.792793000007805, 0.2768549998108938,14,0,27.8,0.0,0
10726,1776086483.3570242,14.19946100031666, 0.2990490002048318,17,17,27.8,0.0,0
10727,1776086483.3714895,12.666849000197544, 0.34258100004080916,19,20,27.8,0.0,0
10728,1776086483.6661909,20.950495000306546, 258.495479999965,20,12,27.8,0.0,0
10730,1776086483.6700091,0.7330090002142242, 0.29627599997184006,0,12,27.8,0.0,1
10731,1776086483.686032,0.826198000140721, 0.3788380004152714,0,8,27.8,0.0,1
10732,1776086483.7176356,2.2348930001498957, 0.35684900012711296,0,4,27.8,0.0,1
10733,1776086483.7497244,0.3340499997648294, 0.29762199983451865,0,0,27.8,0.0,1
10734,1776086483.7749135,0.04415600005813758, 0.3376999998181418,0,0,27.8,0.0,1
10735,1776086483.804954,0.044935999994777376, 0.34512999991420656,0,0,27.8,0.0,1
10736,1776086483.834331,0.048193000111496076, 0.3522830002111732,0,0,27.8,0.0,1
10737,1776086483.864131,0.048674000026949216, 0.3412860000935325,0,0,27.8,0.0,1
10738,1776086483.8938878,0.0444359998255095, 0.3393860001779103,0,0,27.8,0.0,1
10739,1776086483.9238517,0.04373100000520935, 0.3453040003478236,0,0,27.8,0.0,1
10740,1776086483.9532468,0.04398200007926789, 0.33451799981776276,0,0,27.8,0.0,1
10741,1776086483.9833026,0.043741999888879946, 0.34042700008285465,0,0,27.8,0.0,1
10742,1776086484.0130372,0.042334000227128854, 0.3441809999458201,0,0,27.8,0.0,1
10743,1776086484.0429556,0.047229999836417846, 0.3447819999564672,0,0,27.8,0.0,1
10744,1776086484.0721648,0.04283599992049858, 0.33932499991351506,0,0,27.8,0.0,1
10745,1776086484.1019187,0.04633800017472822, 0.3406880000511592,0,0,27.8,0.0,1
10746,1776086484.133071,0.024633000066387467, 0.18847999990612152,0,0,27.8,0.0,1
10747,1776086484.1611516,0.04423400014275103, 0.33698600009302027,0,0,27.8,0.0,1
10748,1776086484.191048,0.04485499994189013, 0.3402079996703833,0,0,27.8,0.0,1
10749,1776086484.2212076,0.0483129997519427, 0.38247900010901503,0,0,27.8,0.0,1
10750,1776086484.2502935,0.045710999984294176, 0.3434089999245771,0,0,27.8,0.0,1
10751,1776086484.2801392,0.044842999614047585, 0.34237999989272794,0,0,27.8,0.0,1
10752,1776086484.309926,0.0465269999949669, 0.33810600007200264,0,0,27.8,0.0,1
10753,1776086484.3397763,0.044505000005301554, 0.34563500003059744,0,0,27.8,0.0,1
10754,1776086484.3696103,0.042487999962759204, 0.33965700004046084,0,0,27.8,0.0,1
10755,1776086484.4000578,0.04553300004772609, 0.34069899993482977,0,0,27.8,0.0,1
10756,1776086484.4289355,0.04384399971968378, 0.33682299999782117,0,0,27.8,0.0,1
10757,1776086484.458678,0.050568999995448394, 0.3683499999169726,0,0,27.8,0.0,1
10758,1776086484.4881175,0.04645099988920265, 0.33571700032553053,0,0,27.8,0.0,1
10759,1776086484.5179565,0.0444289998995373, 0.34242399988215766,0,0,27.8,0.0,1
10760,1776086484.5477977,0.04302099978303886, 0.346528000136459,0,0,27.8,0.0,1
10761,1776086484.577151,0.04493200003707898, 0.3393109996068233,0,0,27.8,0.0,1
10762,1776086484.6071267,0.04502100000536302, 0.3433770002629899,0,0,27.8,0.0,1
10763,1776086484.6371934,0.043121999624418095, 0.35088899994661915,0,0,27.8,0.0,1
10763,1776086484.6994545,32.82868000042072, 0.30242000002544955,16,16,27.8,0.0,0
10764,1776086484.7146876,13.403631999608479, 0.264320000042062,13,0,27.8,0.0,0
10765,1776086484.750889,22.31118999998216, 0.33894299986059195,20,20,27.8,0.0,0
10766,1776086484.7712512,15.327140999943367, 0.3378080000402406,25,20,27.8,0.0,0
10767,1776086485.0657516,20.683063999968, 259.5684259999871,19,15,27.8,0.0,0
10769,1776086485.0706303,0.784489000125177, 0.18403700005364954,0,15,27.8,0.0,1
10770,1776086485.083396,0.9586050000507385, 0.3693459998430626,0,13,27.8,0.0,1
10771,1776086485.112992,0.8252259999608214, 0.3540150000844733,0,9,27.8,0.0,1
10772,1776086485.1444218,2.3383669999930135, 0.4032719998576795,0,0,27.8,0.0,1
10773,1776086485.1766605,0.04728099975181976, 0.2671540000847017,0,0,27.8,0.0,1
10774,1776086485.2013197,0.0424939998993068, 0.3382109998710803,0,0,27.8,0.0,1
10775,1776086485.2313175,0.04379499978313106, 0.3417140001147345,0,0,27.8,0.0,1
10776,1776086485.2608867,0.04413499982547364, 0.3373099998498219,0,0,27.8,0.0,1
10777,1776086485.2907178,0.055952000366232824, 0.3455549999671348,0,0,27.8,0.0,1
10778,1776086485.3217027,0.03797699991991976, 0.2972629999931087,0,0,27.8,0.0,1
10779,1776086485.3499277,0.04059799994138302, 0.3412100004425156,0,0,27.8,0.0,1
10780,1776086485.3798108,0.04580999984682421, 0.33869100025185617,0,0,27.8,0.0,1
10781,1776086485.4092076,0.04325500003687921, 0.34237999989272794,0,0,27.8,0.0,1
10782,1776086485.4391232,0.04532200000539888, 0.34243499976582825,0,0,27.8,0.0,1
10783,1776086485.4688122,0.04243499961376074, 0.3471900004115014,0,0,27.8,0.0,1
10784,1776086485.498756,0.06635899990214966, 0.3484899998511537,0,0,27.8,0.0,1
10785,1776086485.5282545,0.04415399962454103, 0.33958300036829314,0,0,27.8,0.0,1
10786,1776086485.5583804,0.042456999835849274, 0.34896899978775764,0,0,27.8,0.0,1
10787,1776086485.5884614,0.045405000037135324, 0.3424999999879219,0,0,27.8,0.0,1
10788,1776086485.6172767,0.04455399994185427, 0.33594100023037754,0,0,27.8,0.0,1
10789,1776086485.647306,0.048768999931780854, 0.37015399993833853,0,0,27.8,0.0,1
10790,1776086485.6769757,0.04655500015360303, 0.33081799983847304,0,0,27.8,0.0,1
10791,1776086485.706739,0.061670999912166735, 0.3439490001255763,0,0,27.8,0.0,1
10792,1776086485.73618,0.04330299998400733, 0.3343959997437196,0,0,27.8,0.0,1
10793,1776086485.7663214,0.04688299986810307, 0.38036200021451805,0,0,27.8,0.0,1
10794,1776086485.7961807,0.04750800007968792, 0.3735459999916202,0,0,27.8,0.0,1
10795,1776086485.825635,0.03971599971919204, 0.3274599998803751,0,0,27.8,0.0,1
10796,1776086485.8551078,0.0423369997406553, 0.3421799997340713,0,0,27.8,0.0,1
10797,1776086485.8849719,0.042536000364634674, 0.3442000001996348,0,0,27.8,0.0,1
10798,1776086485.916202,0.04209000007904251, 0.3164509998896392,0,0,27.8,0.0,1
10799,1776086485.9441328,0.042499999835854396, 0.3488570000627078,0,0,27.8,0.0,1
10800,1776086485.9739597,0.04024999998364365, 0.34528900005170726,0,0,27.8,0.0,1
10801,1776086486.004198,0.049199999921256676, 0.38850100008858135,0,0,27.8,0.0,1
10802,1776086486.0332875,0.045341000259213615, 0.3324200001770805,0,0,27.8,0.0,1
10802,1776086486.082748,19.685644000219327, 0.32531500028198934,20,20,27.8,0.0,0
10803,1776086486.1357543,23.036874999888823, 0.2820390000124462,22,0,27.8,0.0,0
10804,1776086486.1547587,17.179670999666996, 0.32085899965750286,20,20,27.8,0.0,0
10805,1776086486.1694555,12.719729000309599, 0.33654800017757225,24,20,27.8,0.0,0
10806,1776086486.4582496,18.6107979998269, 258.7996550000753,23,15,27.8,0.0,0
10808,1776086486.4629946,0.8302059995912714, 0.20206799990774016,0,15,27.8,0.0,1
10809,1776086486.480526,0.8683259998178983, 0.31082300029083854,0,14,27.8,0.0,1
10810,1776086486.5112932,2.4224999997386476, 0.3359759998602385,0,11,27.8,0.0,1
10811,1776086486.5434628,0.5701709997083526, 0.3555450002750149,0,0,27.8,0.0,1
10812,1776086486.5681539,0.04296299994166475, 0.33579399996597203,0,0,27.8,0.0,1
10813,1776086486.598267,0.047451000227738405, 0.3807269999924756,0,0,27.8,0.0,1
10814,1776086486.6279793,0.04800399983651005, 0.33554400033608545,0,0,27.8,0.0,1
10815,1776086486.6576097,0.04522599965639529, 0.3603119998842885,0,0,27.8,0.0,1
10816,1776086486.6871216,0.04604600007951376, 0.33484799996585934,0,0,27.8,0.0,1
10817,1776086486.7172718,0.0471419998575584, 0.3544050000527932,0,0,27.8,0.0,1
10818,1776086486.7467287,0.05949800015514484, 0.3423069997552375,0,0,27.8,0.0,1
10819,1776086486.776469,0.04817200033357949, 0.3712050001922762,0,0,27.8,0.0,1
10820,1776086486.8078794,0.041290999888587976, 0.3142959999422601,0,0,27.8,0.0,1
10821,1776086486.8358893,0.04271299985703081, 0.342554000326345,0,0,27.8,0.0,1
10822,1776086486.8652177,0.04455199996300507, 0.3350539996063162,0,0,27.8,0.0,1
10823,1776086486.8950884,0.04370499982542242, 0.3448339998612937,0,0,27.8,0.0,1
10824,1776086486.9249349,0.04663500021706568, 0.3323149999232555,0,0,27.8,0.0,1
10825,1776086486.9545786,0.042782000036822865, 0.3583749999052088,0,0,27.8,0.0,1
10826,1776086486.984379,0.05115200019645272, 0.404614000217407,0,0,27.8,0.0,1
10827,1776086487.0141292,0.0435840001955512, 0.34922299983009,0,0,27.8,0.0,1
10828,1776086487.0442376,0.04284899978301837, 0.33873499978653854,0,0,27.8,0.0,1
10829,1776086487.073979,0.04001900015282445, 0.3123910000795149,0,0,27.8,0.0,1
10830,1776086487.103123,0.04336600022725179, 0.33662199984973995,0,0,27.8,0.0,1
10831,1776086487.1329017,0.044160000015835976, 0.3474780000942701,0,0,27.8,0.0,1
10832,1776086487.162986,0.05101199985801941, 0.3882659998453164,0,0,27.8,0.0,1
10833,1776086487.1922283,0.04558199998427881, 0.3432899998188077,0,0,27.8,0.0,1
10834,1776086487.2223427,0.04631500041796244, 0.3734289998647,0,0,27.8,0.0,1
10835,1776086487.2517967,0.04291799996281043, 0.34267799992449,0,0,27.8,0.0,1
10836,1776086487.2813773,0.04569200018522679, 0.34995599980902625,0,0,27.8,0.0,1
10837,1776086487.3114142,0.043694999931176426, 0.3472849998615857,0,0,27.8,0.0,1
10838,1776086487.3408785,0.042671999835874885, 0.34196800015706685,0,0,27.8,0.0,1
10839,1776086487.3707743,0.04584700036502909, 0.3428800000619958,0,0,27.8,0.0,1
10840,1776086487.4017024,0.03794499980358523, 0.2888119997805916,0,0,27.8,0.0,1
10841,1776086487.4299989,0.04181500025879359, 0.3401040003154776,0,0,27.8,0.0,1
10841,1776086487.492994,33.24664499996288, 0.3274950004197308,28,20,27.8,0.0,0
10842,1776086487.5412838,22.50817399999505, 0.3031030000784085,25,0,27.8,0.0,0
10843,1776086487.560447,17.45148700001664, 0.3252930000599008,21,20,27.8,0.0,0
10844,1776086487.6118054,23.064456999691174, 0.3226359999644046,24,20,27.8,0.0,0
10845,1776086487.8922331,17.26544700022714, 258.98758499988617,15,17,27.8,0.0,0
10847,1776086487.896421,0.8998739999697136, 0.29390400004558614,0,17,27.8,0.0,1
10848,1776086487.9056547,0.8706949997758784, 0.3125240000372287,0,13,27.8,0.0,1
10849,1776086487.9359818,0.9279899995817686, 0.39985000012165983,0,7,27.8,0.0,1
10850,1776086487.9665387,2.275285999985499, 0.39527399985672673,0,0,27.8,0.0,1
10851,1776086487.9996474,0.045651000164070865, 0.26244099990435643,0,0,27.8,0.0,1
10852,1776086488.024132,0.04702399974121363, 0.3339610002512927,0,0,27.8,0.0,1
10853,1776086488.0543203,0.052332999985083006, 0.37601799976982875,0,0,27.8,0.0,1
10854,1776086488.083539,0.053033999847684754, 0.3998030001639563,0,0,27.8,0.0,1
10855,1776086488.1135173,0.05228400004853029, 0.38700200002494967,0,0,27.8,0.0,1
10856,1776086488.1427343,0.04773699993165792, 0.39911900012157275,0,0,27.8,0.0,1
10857,1776086488.1728241,0.0496329998895817, 0.3618419996200828,0,0,27.8,0.0,1
10858,1776086488.2031224,0.052086999858147465, 0.3791220001403417,0,0,27.8,0.0,1
10859,1776086488.2321799,0.044840999635198386, 0.3357400000822963,0,0,27.8,0.0,1
10860,1776086488.2630935,0.04821399988941266, 0.35066600003119675,0,0,27.8,0.0,1
10861,1776086488.293316,0.0403230001211341, 0.31558899991068756,0,0,27.8,0.0,1
10862,1776086488.321687,0.043773000015789876, 0.3546490002008795,0,0,27.8,0.0,1
10863,1776086488.3511405,0.04354800012151827, 0.34067199976561824,0,0,27.8,0.0,1
10864,1776086488.3809614,0.044361999698594445, 0.33600500000829925,0,0,27.8,0.0,1
10865,1776086488.4110138,0.05007499976272811, 0.3770359999180073,0,0,27.8,0.0,1
10866,1776086488.4402902,0.04445000013220124, 0.3430149999985588,0,0,27.8,0.0,1
10867,1776086488.4700189,0.045310000132303685, 0.3375239998604229,0,0,27.8,0.0,1
10868,1776086488.5002058,0.045463999867934035, 0.3416800000195508,0,0,27.8,0.0,1
10869,1776086488.5299363,0.04649599986805697, 0.33506799991300795,0,0,27.8,0.0,1
10870,1776086488.559075,0.046751999889238505, 0.33332099974359153,0,0,27.8,0.0,1
10871,1776086488.589272,0.04660400009015575, 0.37312499989639036,0,0,27.8,0.0,1
10872,1776086488.618814,0.04672999966714997, 0.33967099989240523,0,0,27.8,0.0,1
10873,1776086488.6475303,0.04229400019539753, 0.31824899997445755,0,0,27.8,0.0,1
10874,1776086488.6780884,0.04504099979385501, 0.3411259999666072,0,0,27.8,0.0,1
10875,1776086488.7082086,0.047450999772991054, 0.377947000288259,0,0,27.8,0.0,1
10876,1776086488.7376926,0.04645100034395, 0.3543390002960223,0,0,27.8,0.0,1
10877,1776086488.7672074,0.04357899979368085, 0.3452419996392564,0,0,27.8,0.0,1
10878,1776086488.7969863,0.04347399999460322, 0.34259899985045195,0,0,27.8,0.0,1
10879,1776086488.8267741,0.04587100011121947, 0.34252600016770884,0,0,27.8,0.0,1
10880,1776086488.8569076,0.04172899980403599, 0.31341600015366566,0,0,27.8,0.0,1
10880,1776086488.9164,28.56828099993436, 0.275093999789533,9,9,27.8,0.0,0
10881,1776086488.9301,11.898912000106066, 0.2396990003035171,9,0,27.8,0.0,0
10882,1776086488.96756,22.19008500014752, 0.2804370001285861,12,12,27.8,0.0,0
10883,1776086488.9949076,19.89012499961973, 0.2919129997280834,12,15,27.8,0.0,0
10884,1776086489.2904885,22.15780699998504, 259.4313469999179,10,9,27.8,0.0,0
10886,1776086489.294549,0.5779590001111501, 0.31299200009016204,0,9,27.8,0.0,1
10887,1776086489.3015537,0.5308830000103626, 0.32306299999618204,0,7,27.8,0.0,1
10888,1776086489.3337762,2.23694800024532, 0.3430500000831671,0,7,27.8,0.0,1
10889,1776086489.3659596,0.42543299969111104, 0.31592999994245474,0,0,27.8,0.0,1
10890,1776086489.3915877,0.05522600031326874, 0.35952700000052573,0,0,27.8,0.0,1
10891,1776086489.421235,0.04389300011098385, 0.3390239999134792,0,0,27.8,0.0,1
10892,1776086489.4510212,0.050582000312715536, 0.37716399992859806,0,0,27.8,0.0,1
10893,1776086489.4801576,0.05041899976276909, 0.3414490001887316,0,0,27.8,0.0,1
10894,1776086489.5104232,0.04551799975160975, 0.38485799996124115,0,0,27.8,0.0,1
10895,1776086489.539802,0.04125499981455505, 0.3422160002628516,0,0,27.8,0.0,1
10896,1776086489.5698986,0.0457529999948747, 0.34020900011455524,0,0,27.8,0.0,1
10897,1776086489.598705,0.04399999988891068, 0.38405700024668477,0,0,27.8,0.0,1
10898,1776086489.6284246,0.048814000365382526, 0.3847699999823817,0,0,27.8,0.0,1
10899,1776086489.6585898,0.049668999963614624, 0.3749219999917841,0,0,27.8,0.0,1
10900,1776086489.6878147,0.0428779999310791, 0.3417879997869022,0,0,27.8,0.0,1
10901,1776086489.7176304,0.05163100013305666, 0.394219000099838,0,0,27.8,0.0,1
10902,1776086489.7483294,0.045866000164096477, 0.3593020001062541,0,0,27.8,0.0,1
10903,1776086489.7786944,0.054986000122880796, 0.31675599984737346,0,0,27.8,0.0,1
10904,1776086489.8066754,0.04183900000498397, 0.3606509999372065,0,0,27.8,0.0,1
10905,1776086489.8364112,0.045390000195766333, 0.38636199997199583,0,0,27.8,0.0,1
10906,1776086489.8662841,0.053468000260181725, 0.4523899997366243,0,0,27.8,0.0,1
10907,1776086489.895777,0.04394899997350876, 0.3402489996915392,0,0,27.8,0.0,1
10908,1776086489.925806,0.049386999762646155, 0.3573200001483201,0,0,27.8,0.0,1
10909,1776086489.9552593,0.048844000048120506, 0.4011949999949138,0,0,27.8,0.0,1
10910,1776086489.9858851,0.0519559998792829, 0.40600299962534336,0,0,27.8,0.0,1
10911,1776086490.0159097,0.04626800000551157, 0.36250499988454976,0,0,27.8,0.0,1
10912,1776086490.0452492,0.05143799990037223, 0.37695099990742165,0,0,27.8,0.0,1
10913,1776086490.0747194,0.06192499995449907, 0.3447259996391949,0,0,27.8,0.0,1
10914,1776086490.1046166,0.04423600012160023, 0.35413600016909186,0,0,27.8,0.0,1
10915,1776086490.1343732,0.04808400035472005, 0.3844980001304066,0,0,27.8,0.0,1
10916,1776086490.1638966,0.04627599992090836, 0.3424920000725251,0,0,27.8,0.0,1
10917,1776086490.1937346,0.05749100000684848, 0.34674200014706,0,0,27.8,0.0,1
10918,1776086490.223166,0.040907000311563024, 0.34616600032677525,0,0,27.8,0.0,1
10919,1776086490.253345,0.05056999998487299, 0.37002099998062477,0,0,27.8,0.0,1
10919,1776086490.314641,31.966991999979655, 0.3282389998275903,23,20,27.8,0.0,0
10920,1776086490.3301842,13.626034000026266, 0.2892809998229495,16,0,27.8,0.0,0
10921,1776086490.3674088,22.450199000104476, 0.3287350000391598,32,20,27.8,0.0,0
10922,1776086490.3906736,16.20846099967821, 0.34390300015729736,16,20,27.8,0.0,0
10923,1776086490.6826808,20.606912999937776, 259.7062139998343,10,13,27.8,0.0,0
10925,1776086490.6868925,0.7151820000217413, 0.18016099966189358,0,13,27.8,0.0,1
10926,1776086490.69895,0.8036700000957353, 0.3606330001275637,0,8,27.8,0.0,1
10927,1776086490.7291684,0.6358540003930102, 0.3870509999615024,0,4,27.8,0.0,1
10928,1776086490.7598624,1.8597369999042712, 0.34794600014720345,0,0,27.8,0.0,1
10929,1776086490.792063,0.03623300017352449, 0.2635699997881602,0,0,27.8,0.0,1
10930,1776086490.8177264,0.05934099999649334, 0.34001800031546736,0,0,27.8,0.0,1
10931,1776086490.8471868,0.04218799995214795, 0.3399689999241673,0,0,27.8,0.0,1
10932,1776086490.8769825,0.048042000344139524, 0.34070099991367897,0,0,27.8,0.0,1
10933,1776086490.90683,0.04476999993130448, 0.3420640000513231,0,0,27.8,0.0,1
10934,1776086490.9369628,0.04029400042782072, 0.31481999985771836,0,0,27.8,0.0,1
10935,1776086490.9675586,0.039137999920058064, 0.3176609998263302,0,0,27.8,0.0,1
10936,1776086490.9960237,0.04396499980430235, 0.3555490002327133,0,0,27.8,0.0,1
10937,1776086491.0254323,0.06215899975359207, 0.43454799970277236,0,0,27.8,0.0,1
10938,1776086491.0550406,0.04289600019546924, 0.34334800011492916,0,0,27.8,0.0,1
10939,1776086491.0846477,0.043338000068615656, 0.37696399976994144,0,0,27.8,0.0,1
10940,1776086491.114513,0.051745000291703036, 0.38345100028891466,0,0,27.8,0.0,1
10941,1776086491.1441026,0.048720999984652735, 0.38756000003559166,0,0,27.8,0.0,1
10942,1776086491.174122,0.04553600001599989, 0.36289499985286966,0,0,27.8,0.0,1
10943,1776086491.203972,0.05175800015422283, 0.41173699992214097,0,0,27.8,0.0,1
10944,1776086491.2330716,0.046485999973810976, 0.3817159999925934,0,0,27.8,0.0,1
10945,1776086491.2626595,0.042474000110814814, 0.35983199995826,0,0,27.8,0.0,1
10946,1776086491.292966,0.04367599967736169, 0.3403290002097492,0,0,27.8,0.0,1
10947,1776086491.3222783,0.04757099986818503, 0.37889599980189814,0,0,27.8,0.0,1
10948,1776086491.35184,0.04317899993111496, 0.34256100025231717,0,0,27.8,0.0,1
10949,1776086491.3817523,0.063819000388321, 0.372990999949252,0,0,27.8,0.0,1
10950,1776086491.411293,0.04641599980459432, 0.37480699984371313,0,0,27.8,0.0,1
10951,1776086491.441437,0.047511000047961716, 0.3796019996116229,0,0,27.8,0.0,1
10952,1776086491.4709349,0.04207999973004917, 0.3493650001473725,0,0,27.8,0.0,1
10953,1776086491.5006168,0.048072000026877504, 0.405391000185773,0,0,27.8,0.0,1
10954,1776086491.5311215,0.04820600042876322, 0.36118999969403376,0,0,27.8,0.0,1
10955,1776086491.5619767,0.040844000068318564, 0.34067899969159043,0,0,27.8,0.0,1
10956,1776086491.5896225,0.04292799985705642, 0.36804699993808754,0,0,27.8,0.0,1
10957,1776086491.6197734,0.06361499981721863, 0.3664109999590437,0,0,27.8,0.0,1
10958,1776086491.6491895,0.04670899988923338, 0.42302100018787314,0,0,27.8,0.0,1
10958,1776086491.7112403,32.61461399961263, 0.2904970001509355,14,14,27.8,0.0,0
10959,1776086491.7270014,13.940456999989692, 0.2475829996910761,15,0,27.8,0.0,0
10960,1776086491.7641742,22.283467999841378, 0.3023619997293281,16,16,27.8,0.0,0
10961,1776086491.78836,17.59601300000213, 0.3261089996158262,15,18,27.8,0.0,0
10962,1776086492.0794692,20.879530999991402, 258.9797189998535,18,11,27.8,0.0,0
10964,1776086492.0833743,0.6203749999258434, 0.29624999979205313,0,11,27.8,0.0,1
10965,1776086492.0954359,0.6766359997527616, 0.32609600020805374,0,9,27.8,0.0,1
10966,1776086492.1268897,2.4486130000695994, 0.3483750001578301,0,7,27.8,0.0,1
10967,1776086492.1591659,0.4203309999866178, 0.31978000015442376,0,0,27.8,0.0,1
10968,1776086492.1837626,0.04231999992043711, 0.3391690001990355,0,0,27.8,0.0,1
10969,1776086492.2137253,0.048564999815425836, 0.4258210001353291,0,0,27.8,0.0,1
10970,1776086492.2434325,0.05082500001662993, 0.4306870000618801,0,0,27.8,0.0,1
10971,1776086492.2734275,0.04857800013269298, 0.3734209999493032,0,0,27.8,0.0,1
10972,1776086492.3027093,0.06068799984859652, 0.3374540001459536,0,0,27.8,0.0,1
10973,1776086492.3325257,0.045540999963122886, 0.3756669998438156,0,0,27.8,0.0,1
10974,1776086492.36253,0.045188000058260513, 0.35888500042347005,0,0,27.8,0.0,1
10975,1776086492.3919036,0.042716999814729206, 0.3399080001145194,0,0,27.8,0.0,1
10976,1776086492.422714,0.05670000018653809, 0.33483900006103795,0,0,27.8,0.0,1
10977,1776086492.4532676,0.045169999793870375, 0.3414019997762807,0,0,27.8,0.0,1
10978,1776086492.4811032,0.04796699977305252, 0.37466799994945177,0,0,27.8,0.0,1
10979,1776086492.5107677,0.044177000290801516, 0.34567200009405497,0,0,27.8,0.0,1
10980,1776086492.5410562,0.04106999995201477, 0.36934600029780995,0,0,27.8,0.0,1
10981,1776086492.5701945,0.04498599992075469, 0.377109999590175,0,0,27.8,0.0,1
10982,1776086492.5999568,0.04696399992099032, 0.40064400036499137,0,0,27.8,0.0,1
10983,1776086492.629586,0.04837599999518716, 0.3729850000127044,0,0,27.8,0.0,1
10984,1776086492.660151,0.04640199995264993, 0.35048100016865646,0,0,27.8,0.0,1
10985,1776086492.6897147,0.05765099967902643, 0.34710700037976494,0,0,27.8,0.0,1
10986,1776086492.7188103,0.043648999962897506, 0.34486300000935444,0,0,27.8,0.0,1
10987,1776086492.7487595,0.06801300014558365, 0.36599399982151226,0,0,27.8,0.0,1
10988,1776086492.7786646,0.04593999983626418, 0.3831560002254264,0,0,27.8,0.0,1
10989,1776086492.8081152,0.04716400007964694, 0.4150230001869204,0,0,27.8,0.0,1
10990,1776086492.8377066,0.043575000290729804, 0.3895700001521618,0,0,27.8,0.0,1
10991,1776086492.8677168,0.0461360000372224, 0.38500500022564665,0,0,27.8,0.0,1
10992,1776086492.897083,0.04367400015325984, 0.37966799982314114,0,0,27.8,0.0,1
10993,1776086492.9272356,0.04508899974098313, 0.33429299992349115,0,0,27.8,0.0,1
10994,1776086492.9570334,0.04402500007927301, 0.34008100010396447,0,0,27.8,0.0,1
10995,1776086492.986485,0.04919299999528448, 0.36603600028684014,0,0,27.8,0.0,1
10996,1776086493.0167656,0.04004099992016563, 0.31343699993158225,0,0,27.8,0.0,1
10997,1776086493.0472555,0.04181800022706739, 0.3141789998153399,0,0,27.8,0.0,1
10997,1776086493.1076424,32.48560499969244, 0.23598899997523404,3,3,27.8,0.0,0
10998,1776086493.1532102,23.113645000194083, 0.2949240001726139,6,0,27.8,0.0,0
10999,1776086493.169939,15.087504000348417, 0.24949099997684243,8,8,27.8,0.0,0
11000,1776086493.1838322,12.154627999734657, 0.2519800000300165,4,8,27.8,0.0,0
11001,1776086493.4665911,15.711544000168942, 257.56352600001264,4,7,27.8,0.0,0
11003,1776086493.4705708,0.49109099973065895, 0.2988929995808576,0,7,27.8,0.0,1
11004,1776086493.492496,0.5342819999896165, 0.36344299996926566,0,4,27.8,0.0,1
11005,1776086493.5221953,0.4045730001962511, 0.355413999841403,0,2,27.8,0.0,1
11006,1776086493.5533125,1.8215390000477782, 0.3467739998086472,0,0,27.8,0.0,1
11007,1776086493.585158,0.03456399963397416, 0.2629400000841997,0,0,27.8,0.0,1
11008,1776086493.6115096,0.04735199991046102, 0.33130400015579653,0,0,27.8,0.0,1
11009,1776086493.6421523,0.03966099984609173, 0.31746600006954395,0,0,27.8,0.0,1
11010,1776086493.670196,0.04204700007903739, 0.33893699992404436,0,0,27.8,0.0,1
11011,1776086493.699919,0.045903000227554, 0.33518300006107893,0,0,27.8,0.0,1
11012,1776086493.7298148,0.04201599995212746, 0.3411879997656797,0,0,27.8,0.0,1
11013,1776086493.7591944,0.043123000068590045, 0.339449999955832,0,0,27.8,0.0,1
11014,1776086493.7890687,0.04286500006855931, 0.3422650001994043,0,0,27.8,0.0,1
11015,1776086493.8188212,0.045776000206387835, 0.3384869996807538,0,0,27.8,0.0,1
11016,1776086493.8490367,0.04247700007908861, 0.33948600002986495,0,0,27.8,0.0,1
11017,1776086493.8784413,0.04152199971940718, 0.3478230000837357,0,0,27.8,0.0,1
11018,1776086493.9079776,0.043819999973493395, 0.3370120002728072,0,0,27.8,0.0,1
11019,1776086493.9378586,0.044519000311993295, 0.33148699958474026,0,0,27.8,0.0,1
11020,1776086493.9672678,0.04495800021686591, 0.33843500023067463,0,0,27.8,0.0,1
11021,1776086493.9974525,0.04621700009010965, 0.38586699974985095,0,0,27.8,0.0,1
11022,1776086494.026831,0.04469700024856138, 0.34318200005145627,0,0,27.8,0.0,1
11023,1776086494.056667,0.04415400007928838, 0.3611980000641779,0,0,27.8,0.0,1
11024,1776086494.0865185,0.05190899992157938, 0.37273399993864587,0,0,27.8,0.0,1
11025,1776086494.1160066,0.04402700005812221, 0.3429399998822191,0,0,27.8,0.0,1
11026,1776086494.145753,0.06475200007116655, 0.34224899991386337,0,0,27.8,0.0,1
11027,1776086494.1752326,0.045838000005460344, 0.33288900021943846,0,0,27.8,0.0,1
11028,1776086494.2056587,0.03809399959209259, 0.335142000039923,0,0,27.8,0.0,1
11029,1776086494.236362,0.03917999993063859, 0.3277870000601979,0,0,27.8,0.0,1
11030,1776086494.264717,0.060139000197523274, 0.3469250000307511,0,0,27.8,0.0,1
11031,1776086494.2945383,0.048317000164388446, 0.3922880000573059,0,0,27.8,0.0,1
11032,1776086494.3239632,0.04494599988902337, 0.33855499987112125,0,0,27.8,0.0,1
11033,1776086494.353796,0.043278999783069594, 0.345217999893066,0,0,27.8,0.0,1
11034,1776086494.3832104,0.04332200023782207, 0.3422839999984717,0,0,27.8,0.0,1
11035,1776086494.4130833,0.0452129997938755, 0.34160699988206034,0,0,27.8,0.0,1
11036,1776086494.4431698,0.04279999984646565, 0.3466460002528038,0,0,27.8,0.0,1
11036,1776086494.504568,31.697251999958098, 0.25451999999859254,4,4,27.8,0.0,0
11037,1776086494.5641205,24.171419000140304, 0.24204900000768248,8,0,27.8,0.0,0
11038,1776086494.5822809,16.467870000269613, 0.25246399991374346,9,9,27.8,0.0,0
11039,1776086494.6098905,18.494719000045734, 0.2734169997893332,10,12,27.8,0.0,0
11040,1776086494.9004211,21.0903489996781, 258.6014299999988,17,6,27.8,0.0,0
11042,1776086494.904387,0.44467399993664003, 0.31811900043976493,0,6,27.8,0.0,1
11043,1776086494.91853,0.471121999908064, 0.36157999966235366,0,4,27.8,0.0,1
11044,1776086494.949833,1.8846019997909025, 0.30198900003597373,0,4,27.8,0.0,1
11045,1776086494.9833212,0.3303519997643889, 0.32626300026095123,0,0,27.8,0.0,1
11046,1776086495.007308,0.04387099988889531, 0.3323170003568521,0,0,27.8,0.0,1
11047,1776086495.0374036,0.04472299997360096, 0.34849200028475025,0,0,27.8,0.0,1
11048,1776086495.0668395,0.042981999740732135, 0.34358899983999436,0,0,27.8,0.0,1
11049,1776086495.0967057,0.04375000025902409, 0.37051600020276965,0,0,27.8,0.0,1
11050,1776086495.128042,0.04223399992042687, 0.3171420003127423,0,0,27.8,0.0,1
11051,1776086495.1559439,0.04259099978298764, 0.3446139999141451,0,0,27.8,0.0,1
11052,1776086495.1857946,0.044501000047603156, 0.3472820003480592,0,0,27.8,0.0,1
11053,1776086495.2152035,0.04151299981458578, 0.3395759999875736,0,0,27.8,0.0,1
11054,1776086495.2450798,0.04238800011080457, 0.3459629997450975,0,0,27.8,0.0,1
11055,1776086495.2748826,0.044720999994751764, 0.34311300032641157,0,0,27.8,0.0,1
11056,1776086495.304668,0.042843000301218126, 0.36546600040310295,0,0,27.8,0.0,1
11057,1776086495.3340771,0.04302399975131266, 0.3359000002092216,0,0,27.8,0.0,1
11058,1776086495.3643742,0.04261999993104837, 0.35115000036967103,0,0,27.8,0.0,1
11059,1776086495.394474,0.041601999782869825, 0.3450910003266472,0,0,27.8,0.0,1
11060,1776086495.4235485,0.047047999942151364, 0.3739459998541861,0,0,27.8,0.0,1
11061,1776086495.453087,0.042828000005101785, 0.3400309997232398,0,0,27.8,0.0,1
11062,1776086495.4828343,0.04178500012130826, 0.3410440003790427,0,0,27.8,0.0,1
11063,1776086495.5127745,0.04486199986786232, 0.34059700010402594,0,0,27.8,0.0,1
11064,1776086495.5422614,0.0427269997089752, 0.3376760000719514,0,0,27.8,0.0,1
11065,1776086495.572117,0.0438170000052196, 0.3420689999984461,0,0,27.8,0.0,1
11066,1776086495.601971,0.048517999857722316, 0.38119000009828596,0,0,27.8,0.0,1
11067,1776086495.6312287,0.04299999955037492, 0.3359120000823168,0,0,27.8,0.0,1
11068,1776086495.6605518,0.046596999709436204, 0.38061599980210303,0,0,27.8,0.0,1
11069,1776086495.6905646,0.060153000049467664, 0.38093300008767983,0,0,27.8,0.0,1
11070,1776086495.721837,0.04046399999424466, 0.31558599994241376,0,0,27.8,0.0,1
11071,1776086495.7496116,0.04145599996263627, 0.35510099996827194,0,0,27.8,0.0,1
11072,1776086495.779532,0.048301999868272105, 0.3934579999622656,0,0,27.8,0.0,1
11073,1776086495.8091774,0.045545000375568634, 0.38126999970700126,0,0,27.8,0.0,1
11074,1776086495.8390315,0.04153200006840052, 0.3492350001579325,0,0,27.8,0.0,1
11075,1776086495.869326,0.044583000089915004, 0.37351299988586106,0,0,27.8,0.0,1
11075,1776086495.931279,32.55872599993381, 0.2432739997857425,4,4,27.8,0.0,0
11076,1776086495.9705808,22.68223900000521, 0.2152699998987373,5,0,27.8,0.0,0
11077,1776086495.9869263,14.573848999589245, 0.246528999923612,7,7,27.8,0.0,0
11078,1776086496.0007818,11.922069000320334, 0.24161300007108366,6,7,27.8,0.0,0
11079,1776086496.2942007,19.926652999856742, 257.30940900029964,5,5,27.8,0.0,0
11081,1776086496.2986147,0.422117000198341, 0.3148300002067117,0,5,27.8,0.0,1
11082,1776086496.3167212,0.40255700014313334, 0.2896020000662247,0,5,27.8,0.0,1
11083,1776086496.3451092,0.4434560000845522, 0.33638500008237315,0,4,27.8,0.0,1
11084,1776086496.3759913,1.8632700002854108, 0.3465879999566823,0,0,27.8,0.0,1
11085,1776086496.408139,0.03485000024738838, 0.26161900041188346,0,0,27.8,0.0,1
11086,1776086496.4338133,0.04368899999462883, 0.3455729997767776,0,0,27.8,0.0,1
11087,1776086496.4632668,0.04483800012167194, 0.33944000006158603,0,0,27.8,0.0,1
11088,1776086496.4931033,0.04266299993105349, 0.33334099998683087,0,0,27.8,0.0,1
11089,1776086496.5228987,0.0461360000372224, 0.34004500002993154,0,0,27.8,0.0,1
11090,1776086496.5530922,0.041801999941526446, 0.33927100002983934,0,0,27.8,0.0,1
11091,1776086496.5827897,0.04003300000476884, 0.30915200022718636,0,0,27.8,0.0,1
11092,1776086496.6119943,0.04647600007956498, 0.34312500019950676,0,0,27.8,0.0,1
11093,1776086496.6418738,0.04251400014254614, 0.34459499966033036,0,0,27.8,0.0,1
11094,1776086496.671235,0.04417099989950657, 0.3394349996597157,0,0,27.8,0.0,1
11095,1776086496.7011578,0.04267499980414868, 0.3418690002945368,0,0,27.8,0.0,1
11096,1776086496.7309208,0.047604000428691506, 0.3360700002303929,0,0,27.8,0.0,1
11097,1776086496.7607186,0.06091800014473847, 0.3486929999780841,0,0,27.8,0.0,1
11098,1776086496.7902849,0.04169200019532582, 0.34054499974445207,0,0,27.8,0.0,1
11099,1776086496.8204165,0.045539999973698286, 0.33781700039980933,0,0,27.8,0.0,1
11100,1776086496.8498144,0.045416999910230516, 0.3389060002518818,0,0,27.8,0.0,1
11101,1776086496.879845,0.04548700007944717, 0.3398379999453027,0,0,27.8,0.0,1
11102,1776086496.9106615,0.051669000185938785, 0.2934270000878314,0,0,27.8,0.0,1
11103,1776086496.938931,0.04197900034341728, 0.3407469998819579,0,0,27.8,0.0,1
11104,1776086496.9687424,0.062444999912258936, 0.3398599997126439,0,0,27.8,0.0,1
11105,1776086496.9986577,0.0457510000160255, 0.37018500006524846,0,0,27.8,0.0,1
11106,1776086497.0284472,0.04588799993143766, 0.4024760000902461,0,0,27.8,0.0,1
11107,1776086497.0577626,0.04206500034342753, 0.3492779997031903,0,0,27.8,0.0,1
11108,1776086497.0876596,0.0428859998464759, 0.35902399986298406,0,0,27.8,0.0,1
11109,1776086497.117409,0.0469909996354545, 0.3834330000245245,0,0,27.8,0.0,1
11110,1776086497.147273,0.04492500011110678, 0.3380919997653109,0,0,27.8,0.0,1
11111,1776086497.177457,0.04680299980464042, 0.34022299996649963,0,0,27.8,0.0,1
11112,1776086497.206188,0.04279999984646565, 0.3421030000936298,0,0,27.8,0.0,1
11113,1776086497.2359965,0.043528000333026284, 0.3428300001360185,0,0,27.8,0.0,1
11114,1776086497.2658134,0.04555399982564268, 0.338458999976865,0,0,27.8,0.0,1
11114,1776086497.3147619,19.021706000330596, 0.25064000010388554,8,8,27.8,0.0,0
11115,1776086497.3482578,21.622088000185613, 0.22900800013303524,10,0,27.8,0.0,0
11116,1776086497.375235,19.81710700010808, 0.2680499997040897,11,11,27.8,0.0,0
11117,1776086497.4037406,19.06666700006099, 0.2777839999907883,8,13,27.8,0.0,0
11118,1776086497.6915822,20.354994000172155, 257.5947420000375,11,9,27.8,0.0,0
11120,1776086497.6956966,0.5917710000176157, 0.29433400004563737,0,9,27.8,0.0,1
11121,1776086497.7121346,0.605025999902864, 0.35477299979902455,0,5,27.8,0.0,1
11122,1776086497.7429564,1.8998229998032912, 0.3021329998773581,0,5,27.8,0.0,1
11123,1776086497.7759244,0.34236500005135895, 0.3068419996452576,0,0,27.8,0.0,1
11124,1776086497.8022583,0.0409399999625748, 0.3168180001011933,0,0,27.8,0.0,1
11125,1776086497.8301673,0.041990000227087876, 0.3340230000503652,0,0,27.8,0.0,1
11126,1776086497.8600373,0.04242099976181635, 0.3451759998824855,0,0,27.8,0.0,1
11127,1776086497.8897784,0.044718000026477966, 0.34355699972365983,0,0,27.8,0.0,1
11128,1776086497.9197152,0.05580200013355352, 0.34523200019975775,0,0,27.8,0.0,1
11129,1776086497.9491253,0.04599700014296104, 0.33527599998706137,0,0,27.8,0.0,1
11130,1776086497.9799576,0.04759700004797196, 0.3604349999477563,0,0,27.8,0.0,1
11131,1776086498.0089982,0.04777100002684165, 0.3817299998445378,0,0,27.8,0.0,1
11132,1776086498.0386457,0.04075800006830832, 0.32532500017623533,0,0,27.8,0.0,1
11133,1776086498.0686738,0.041307000174128916, 0.328737000018009,0,0,27.8,0.0,1
11134,1776086498.0978458,0.04302300021663541, 0.3446659998189716,0,0,27.8,0.0,1
11135,1776086498.1279023,0.04533400033324142, 0.3324529998280923,0,0,27.8,0.0,1
11136,1776086498.1571681,0.04246700018484262, 0.343654000062088,0,0,27.8,0.0,1
11137,1776086498.186926,0.044826999783253996, 0.33932599990293966,0,0,27.8,0.0,1
11138,1776086498.2170744,0.05074299997431808, 0.37243299993861,0,0,27.8,0.0,1
11139,1776086498.2461982,0.045790000058332225, 0.3386439998394053,0,0,27.8,0.0,1
11140,1776086498.2761729,0.042422999740665546, 0.3420430002734065,0,0,27.8,0.0,1
11141,1776086498.3061543,0.043555000047490466, 0.34281199987162836,0,0,27.8,0.0,1
11142,1776086498.3357198,0.05992700016577146, 0.33660700000837096,0,0,27.8,0.0,1
11143,1776086498.3651621,0.044069000068702735, 0.33634700002949103,0,0,27.8,0.0,1
11144,1776086498.3965144,0.04057600017404184, 0.31614399995305575,0,0,27.8,0.0,1
11145,1776086498.4246798,0.0424220002059883, 0.3593830001591414,0,0,27.8,0.0,1
11146,1776086498.4542723,0.04316700005801977, 0.33544500001880806,0,0,27.8,0.0,1
11147,1776086498.484024,0.043541999730223324, 0.34008700004051207,0,0,27.8,0.0,1
11148,1776086498.5142226,0.04867999996349681, 0.37709400021412876,0,0,27.8,0.0,1
11149,1776086498.5436823,0.04316100012147217, 0.36300700003266684,0,0,27.8,0.0,1
11150,1776086498.5731137,0.045543999931396684, 0.33902900031534955,0,0,27.8,0.0,1
11151,1776086498.60295,0.04177799974058871, 0.3428599998187565,0,0,27.8,0.0,1
11152,1776086498.63352,0.050908999583043624, 0.36912500036123674,0,0,27.8,0.0,1
11153,1776086498.6633716,0.04673100011132192, 0.34801299989339896,0,0,27.8,0.0,1
11153,1776086498.7241983,32.21106099999815, 0.27499699990585214,10,10,27.8,0.0,0
11154,1776086498.7679095,22.939557000427158, 0.24283099992317148,10,0,27.8,0.0,0
11155,1776086498.7843864,14.781885000047623, 0.27403900003264425,11,11,27.8,0.0,0
11156,1776086498.7987177,12.568885999826307, 0.29042200003459584,13,16,27.8,0.0,0
11157,1776086499.0854175,17.650779000177863, 258.15268500036836,11,7,27.8,0.0,0
11159,1776086499.0894737,0.48793799987834063, 0.3146070002912893,0,7,27.8,0.0,1
11160,1776086499.1085553,0.5281819999254367, 0.3374289999555913,0,7,27.8,0.0,1
11161,1776086499.1384318,0.5347860001165827, 0.3709980001076474,0,4,27.8,0.0,1
11162,1776086499.1696346,2.0041749999109015, 0.3500050002003263,0,0,27.8,0.0,1
11163,1776086499.201267,0.036826999803452054, 0.2642720000949339,0,0,27.8,0.0,1
11164,1776086499.2269115,0.04323599978306447, 0.30957099988881964,0,0,27.8,0.0,1
11165,1776086499.2574568,0.040902999899117276, 0.3451170000516868,0,0,27.8,0.0,1
11166,1776086499.2863321,0.04317699995226576, 0.3333630002089194,0,0,27.8,0.0,1
11167,1776086499.3160484,0.042144999952142825, 0.33679399984976044,0,0,27.8,0.0,1
11168,1776086499.3458533,0.04295999997339095, 0.34583800015752786,0,0,27.8,0.0,1
11169,1776086499.3757246,0.05814299993289751, 0.34735100007310393,0,0,27.8,0.0,1
11170,1776086499.405189,0.043249000100331614, 0.3407989997867844,0,0,27.8,0.0,1
11171,1776086499.4352434,0.046972000291134464, 0.3774169999815058,0,0,27.8,0.0,1
11172,1776086499.464858,0.04223700034344802, 0.3458169999248639,0,0,27.8,0.0,1
11173,1776086499.4945989,0.04091199980393867, 0.3466620000835974,0,0,27.8,0.0,1
11174,1776086499.524109,0.04410700012158486, 0.33719499970175093,0,0,27.8,0.0,1
11175,1776086499.5538917,0.04591099968820345, 0.35062699998889,0,0,27.8,0.0,1
11176,1776086499.5848124,0.036034000004292466, 0.29533899987654877,0,0,27.8,0.0,1
11177,1776086499.6131206,0.0424190002377145, 0.33810100012487965,0,0,27.8,0.0,1
11178,1776086499.6429663,0.04873099987889873, 0.33040600010281196,0,0,27.8,0.0,1
11179,1776086499.6728182,0.04474399975151755, 0.34911200009446475,0,0,27.8,0.0,1
11180,1776086499.7026596,0.04229200021654833, 0.36039499991602497,0,0,27.8,0.0,1
11181,1776086499.732058,0.04228099987813039, 0.34227299966005376,0,0,27.8,0.0,1
11182,1776086499.7619653,0.04397900011099409, 0.34154200011471403,0,0,27.8,0.0,1
11183,1776086499.7917023,0.04292900030122837, 0.37159799967412255,0,0,27.8,0.0,1
11184,1776086499.8215277,0.04252799999449053, 0.3458119999777409,0,0,27.8,0.0,1
11185,1776086499.851652,0.03903699962393148, 0.3308360001028632,0,0,27.8,0.0,1
11186,1776086499.8808184,0.04349199980424601, 0.3416220001781767,0,0,27.8,0.0,1
11187,1776086499.9102774,0.047932000143191544, 0.3350310003042978,0,0,27.8,0.0,1
11188,1776086499.9404466,0.05217400030232966, 0.3838089996861527,0,0,27.8,0.0,1
11189,1776086499.969943,0.04182300017419038, 0.34021400006167823,0,0,27.8,0.0,1
11190,1776086499.9998207,0.04765600033351802, 0.33585999972274294,0,0,27.8,0.0,1
11191,1776086500.0288062,0.03824200030067004, 0.32171900011235266,0,0,27.8,0.0,1
11192,1776086500.0594165,0.04902900036540814, 0.3741499999705411,0,0,27.8,0.0,1
11192,1776086500.1213257,32.328171000244765, 0.25085700008276035,7,7,27.8,0.0,0
11193,1776086500.1371408,14.088637999975617, 0.2217710002696549,8,0,27.8,0.0,0
11194,1776086500.1682684,19.234487999710836, 0.24470400012432947,7,7,27.8,0.0,0
11195,1776086500.1977434,18.832527999620652, 0.25271500044254935,7,8,27.8,0.0,0
11196,1776086500.4851403,20.04205200000797, 257.1071679999477,5,5,27.8,0.0,0
11198,1776086500.4898415,0.18872100008593407, 0.16793699978734367,0,5,27.8,0.0,1
11199,1776086500.5044358,0.46550400020350935, 0.3761320003832225,0,5,27.8,0.0,1
11200,1776086500.5357516,2.019168999595422, 0.3142519999528304,0,4,27.8,0.0,1
11201,1776086500.5682778,0.31551100028082146, 0.29445500013025594,0,0,27.8,0.0,1
11202,1776086500.5933328,0.04784599968843395, 0.37379200011855573,0,0,27.8,0.0,1
11203,1776086500.623119,0.04508299980443553, 0.38695100010954775,0,0,27.8,0.0,1
11204,1776086500.6527634,0.04350500012151315, 0.3480629998193763,0,0,27.8,0.0,1
11205,1776086500.682463,0.04780300014317618, 0.3878929996972147,0,0,27.8,0.0,1
11206,1776086500.7131884,0.05035399999542278, 0.39696100020591985,0,0,27.8,0.0,1
11207,1776086500.7430558,0.04562800040730508, 0.3394869995645422,0,0,27.8,0.0,1
11208,1776086500.7717826,0.06858899996586842, 0.38537700038432376,0,0,27.8,0.0,1
11209,1776086500.8014321,0.04671900023822673, 0.3813309999713965,0,0,27.8,0.0,1
11210,1776086500.8311422,0.04576499986796989, 0.3793879996010219,0,0,27.8,0.0,1
11211,1776086500.860874,0.0431149996984459, 0.34772400022120564,0,0,27.8,0.0,1
11212,1776086500.8905041,0.048086999868246494, 0.3623150000748865,0,0,27.8,0.0,1
11213,1776086500.9203215,0.04744600028061541, 0.40686400006961776,0,0,27.8,0.0,1
11214,1776086500.950544,0.048800000058690784, 0.3963680001106695,0,0,27.8,0.0,1
11215,1776086500.9809594,0.046475000090140384, 0.32281900030284305,0,0,27.8,0.0,1
11216,1776086501.0094502,0.1338249999207619, 0.39911200019560056,0,0,27.8,0.0,1
11217,1776086501.0400145,0.049745000069378875, 0.37866200000280514,0,0,27.8,0.0,1
11218,1776086501.0708158,0.0376819998564315, 0.29584100002466585,0,0,27.8,0.0,1
11219,1776086501.0990236,0.045666000005439855, 0.3358730000400101,0,0,27.8,0.0,1
11220,1776086501.1288223,0.04376900005809148, 0.3431089999139658,0,0,27.8,0.0,1
11221,1776086501.158252,0.042146999930992024, 0.3385929999240034,0,0,27.8,0.0,1
11222,1776086501.1881702,0.04338999997344217, 0.3401720000510977,0,0,27.8,0.0,1
11223,1776086501.2179391,0.04599500016411184, 0.34341399987170007,0,0,27.8,0.0,1
11224,1776086501.247591,0.046162000217009336, 0.3563360000953253,0,0,27.8,0.0,1
11225,1776086501.276795,0.04348999982539681, 0.349741000263748,0,0,27.8,0.0,1
11226,1776086501.3069458,0.0476850000268314, 0.3596020001168654,0,0,27.8,0.0,1
11227,1776086501.336955,0.04344499984654249, 0.34397299987176666,0,0,27.8,0.0,1
11228,1776086501.3659327,0.04293199981475482, 0.3476350002529216,0,0,27.8,0.0,1
11229,1776086501.3957698,0.06473300027209916, 0.3767139996853075,0,0,27.8,0.0,1
11230,1776086501.4258819,0.04738000006909715, 0.3611940001064795,0,0,27.8,0.0,1
11231,1776086501.4557555,0.05561399984799209, 0.3500959996927122,0,0,27.8,0.0,1
11231,1776086501.5182388,32.91352500036737, 0.27745900024456205,4,4,27.8,0.0,0
11232,1776086501.5347593,14.802293000229838, 0.21287799972924404,4,0,27.8,0.0,0
11233,1776086501.5659614,19.989114000054542, 0.23858200029280852,6,6,27.8,0.0,0
11234,1776086501.593829,18.59255400040638, 0.27527699967322405,4,6,27.8,0.0,0
11235,1776086501.883077,20.025230999635824, 258.64486799991937,5,5,27.8,0.0,0
11237,1776086501.887143,0.3947740001422062, 0.3050259997507965,0,5,27.8,0.0,1
11238,1776086501.902016,0.41534799993314664, 0.31149100004768115,0,4,27.8,0.0,1
11239,1776086501.9320025,0.38161199972819304, 0.31653599990022485,0,3,27.8,0.0,1
11240,1776086501.962744,1.9470729998829484, 0.333379000039713,0,0,27.8,0.0,1
11241,1776086501.9949102,0.03479999986666371, 0.2606319999358675,0,0,27.8,0.0,1
11242,1776086502.0202289,0.04681100017478457, 0.3787959999499435,0,0,27.8,0.0,1
11243,1776086502.0494194,0.04602499984684982, 0.38407000010920456,0,0,27.8,0.0,1
11244,1776086502.0790994,0.04696199994214112, 0.44788099967263406,0,0,27.8,0.0,1
11245,1776086502.109,0.04346800005805562, 0.3751239996745426,0,0,27.8,0.0,1
11246,1776086502.139046,0.04879000016444479, 0.3749379998225777,0,0,27.8,0.0,1
11247,1776086502.1689568,0.045029999910184415, 0.3364580002198636,0,0,27.8,0.0,1
11248,1776086502.1981316,0.049356000090483576, 0.41262800004915334,0,0,27.8,0.0,1
11249,1776086502.2277935,0.0416470002164715, 0.5001769995942595,0,0,27.8,0.0,1
11250,1776086502.2593913,0.04340700024840771, 0.3816690000348899,0,0,27.8,0.0,1
11251,1776086502.2871106,0.04452899975149194, 0.38877899987710407,0,0,27.8,0.0,1
11252,1776086502.3173316,0.050166000164608704, 0.38526999969690223,0,0,27.8,0.0,1
11253,1776086502.346743,0.05938499998592306, 0.34041700018860865,0,0,27.8,0.0,1
11254,1776086502.3762677,0.04606599986800575, 0.38362000032066135,0,0,27.8,0.0,1
11255,1776086502.4065793,0.05282599977363134, 0.40304699996340787,0,0,27.8,0.0,1
11256,1776086502.4356577,0.04179500001555425, 0.36284299994804314,0,0,27.8,0.0,1
11257,1776086502.4655814,0.04995499966753414, 0.39260099993043696,0,0,27.8,0.0,1
11258,1776086502.495647,0.04260100013198098, 0.35594299970398424,0,0,27.8,0.0,1
11259,1776086502.525405,0.04182600014246418, 0.34344499999861,0,0,27.8,0.0,1
11260,1776086502.5545862,0.04671199985750718, 0.38720299971828354,0,0,27.8,0.0,1
11261,1776086502.5846267,0.057345999721292173, 0.3911859998879663,0,0,27.8,0.0,1
11262,1776086502.6140857,0.04432800005815807, 0.37578999990728335,0,0,27.8,0.0,1
11263,1776086502.643946,0.04663899972001673, 0.3724369998963084,0,0,27.8,0.0,1
11264,1776086502.6737657,0.059145000250282465, 0.36301999989518663,0,0,27.8,0.0,1
11265,1776086502.70313,0.04603200022756937, 0.38960500023677014,0,0,27.8,0.0,1
11266,1776086502.7328324,0.040284000078827376, 0.3473179999673448,0,0,27.8,0.0,1
11267,1776086502.7629604,0.044998000248597236, 0.34696800003075623,0,0,27.8,0.0,1
11268,1776086502.7929287,0.04578100015351083, 0.3680749996419763,0,0,27.8,0.0,1
11269,1776086502.8220713,0.048229000185529, 0.41391299964743666,0,0,27.8,0.0,1
11270,1776086502.853782,0.03872600018439698, 0.2962460002891021,0,0,27.8,0.0,1
11270,1776086502.9007447,18.952931000058015, 0.22718499985785456,4,4,27.8,0.0,0
11271,1776086502.9470155,23.411767999732547, 0.3086460001213709,2,0,27.8,0.0,0
11272,1776086502.9649954,16.278779999993276, 0.23043800001687487,5,5,27.8,0.0,0
11273,1776086502.9898455,17.413200000191864, 0.23891499995443155,3,5,27.8,0.0,0
11274,1776086503.2804263,20.72539999971923, 258.2980629999838,5,4,27.8,0.0,0
11276,1776086503.2835734,0.3226039998480701, 0.2986399999826972,0,4,27.8,0.0,1
11277,1776086503.297541,0.40803899992170045, 0.3840439999294176,0,4,27.8,0.0,1
11278,1776086503.328936,1.9212709999010258, 0.33356799985995167,0,3,27.8,0.0,1
11279,1776086503.3617914,0.2847579999070149, 0.28228900009708013,0,0,27.8,0.0,1
11280,1776086503.3873777,0.04332800017436966, 0.3544579999470443,0,0,27.8,0.0,1
11281,1776086503.4175491,0.04799999987881165, 0.32680500044079963,0,0,27.8,0.0,1
11282,1776086503.446788,0.04780799963555182, 0.3330939998704707,0,0,27.8,0.0,1
11283,1776086503.4762332,0.043928999730269425, 0.3418920000513026,0,0,27.8,0.0,1
11284,1776086503.5058818,0.04463999994186452, 0.3356890001668944,0,0,27.8,0.0,1
11285,1776086503.535749,0.06265100000746315, 0.34080800014635315,0,0,27.8,0.0,1
11286,1776086503.5657408,0.060398000186978607, 0.34098900005119503,0,0,27.8,0.0,1
11287,1776086503.595003,0.04338200005804538, 0.334384999860049,0,0,27.8,0.0,1
11288,1776086503.6250277,0.0428809998993529, 0.3403929999876709,0,0,27.8,0.0,1
11289,1776086503.6547902,0.045636999857379124, 0.36284299994804314,0,0,27.8,0.0,1
11290,1776086503.6836746,0.044130999867775245, 0.3704450000441284,0,0,27.8,0.0,1
11291,1776086503.7133877,0.045526000121753896, 0.3711670001393941,0,0,27.8,0.0,1
11292,1776086503.7448633,0.039853000089351553, 0.31596999997418607,0,0,27.8,0.0,1
11293,1776086503.7727976,0.04617200011125533, 0.37307899992811144,0,0,27.8,0.0,1
11294,1776086503.8031328,0.04547400021692738, 0.3580970001166861,0,0,27.8,0.0,1
11295,1776086503.8328373,0.042474000110814814, 0.3452349997132842,0,0,27.8,0.0,1
11296,1776086503.8626432,0.04259899969838443, 0.36261400009607314,0,0,27.8,0.0,1
11297,1776086503.892148,0.04413799979374744, 0.34006199985014973,0,0,27.8,0.0,1
11298,1776086503.9220116,0.043989000005240086, 0.3250879999541212,0,0,27.8,0.0,1
11299,1776086503.9521239,0.04817399985768134, 0.3820169999926293,0,0,27.8,0.0,1
11300,1776086503.9821734,0.04315700016377377, 0.3114129999630677,0,0,27.8,0.0,1
11301,1776086504.0118768,0.040502000047126785, 0.3299779996268626,0,0,27.8,0.0,1
11302,1776086504.040957,0.045929999942018185, 0.3420829998503905,0,0,27.8,0.0,1
11303,1776086504.0709817,0.052210999911039835, 0.37533100021391874,0,0,27.8,0.0,1
11304,1776086504.1001868,0.04472799992072396, 0.33754500009308686,0,0,27.8,0.0,1
11305,1776086504.1299653,0.044395000259100925, 0.3401040003154776,0,0,27.8,0.0,1
11306,1776086504.159852,0.044163999973534374, 0.34075800022037583,0,0,27.8,0.0,1
11307,1776086504.1892815,0.04347200001575402, 0.3388119998817274,0,0,27.8,0.0,1
11308,1776086504.2187357,0.06524199989144108, 0.35836400002153823,0,0,27.8,0.0,1
11309,1776086504.24927,0.04308000006858492, 0.3473749998192943,0,0,27.8,0.0,1
11309,1776086504.3111773,32.54784499995367, 0.2866830000129994,12,12,27.8,0.0,0
11310,1776086504.355962,23.22975300012331, 0.2545409997765091,9,0,27.8,0.0,0
11311,1776086504.3727496,14.470676999735588, 0.2803279999170627,13,13,27.8,0.0,0
11312,1776086504.3872688,12.717402999896876, 0.3034970000044268,12,17,27.8,0.0,0
11313,1776086504.6690946,15.218140999877505, 257.3955949997071,10,9,27.8,0.0,0
11315,1776086504.6734211,0.5833879999954661, 0.3059660002691089,0,9,27.8,0.0,1
11316,1776086504.6952953,0.662430000375025, 0.3598200000851648,0,7,27.8,0.0,1
11317,1776086504.7246134,0.5441319999590633, 0.32949999967968324,0,6,27.8,0.0,1
11318,1776086504.7560287,2.018648000102985, 0.3686359996208921,0,0,27.8,0.0,1
11319,1776086504.7884252,0.03751500025828136, 0.28250000013940735,0,0,27.8,0.0,1
11320,1776086504.8136835,0.04558000000542961, 0.36013499993714504,0,0,27.8,0.0,1
11321,1776086504.8434029,0.045171000238042325, 0.35496700002113357,0,0,27.8,0.0,1
11322,1776086504.8729594,0.04826499980481458, 0.3299340000921802,0,0,27.8,0.0,1
11323,1776086504.9026823,0.04310399981477531, 0.35857500006386545,0,0,27.8,0.0,1
11324,1776086504.9337351,0.04234400012137485, 0.2927429995907005,0,0,27.8,0.0,1
11325,1776086504.9619658,0.04362700019555632, 0.33490800024083,0,0,27.8,0.0,1
11326,1776086504.9919875,0.0438120000580966, 0.3463510001893155,0,0,27.8,0.0,1
11327,1776086505.0212634,0.04476300000533229, 0.33804400027293013,0,0,27.8,0.0,1
11328,1776086505.0514205,0.04768000007970841, 0.38386400001400034,0,0,27.8,0.0,1
11329,1776086505.080881,0.04319599975133315, 0.3484720000415109,0,0,27.8,0.0,1
11330,1776086505.110738,0.0633549998383387, 0.34512100000938517,0,0,27.8,0.0,1
11331,1776086505.1401434,0.04274399998394074, 0.3376170002411527,0,0,27.8,0.0,1
11332,1776086505.1707704,0.0422630000684876, 0.3452000000834232,0,0,27.8,0.0,1
11333,1776086505.2007945,0.04364100004750071, 0.3414560001147038,0,0,27.8,0.0,1
11334,1776086505.2292793,0.04576600031214184, 0.3374180000719207,0,0,27.8,0.0,1
11335,1776086505.259119,0.04487300020628027, 0.339675000304851,0,0,27.8,0.0,1
11336,1776086505.2892113,0.05069999997431296, 0.38620099985564593,0,0,27.8,0.0,1
11337,1776086505.318655,0.05359899978429894, 0.434622999819112,0,0,27.8,0.0,1
11338,1776086505.3480678,0.04649099992093397, 0.36925199992765556,0,0,27.8,0.0,1
11339,1776086505.3780913,0.050924999868584564, 0.400968000121793,0,0,27.8,0.0,1
11340,1776086505.4076679,0.04422900019562803, 0.38168100036273245,0,0,27.8,0.0,1
11341,1776086505.4372032,0.04116700029044296, 0.3366629998708959,0,0,27.8,0.0,1
11342,1776086505.4665945,0.042547999782982515, 0.36693399988507736,0,0,27.8,0.0,1
11343,1776086505.496307,0.04607499977282714, 0.3729869999915536,0,0,27.8,0.0,1
11344,1776086505.5278747,0.03880700023728423, 0.33621300008235266,0,0,27.8,0.0,1
11345,1776086505.5557375,0.06429199993363, 0.35061500011579483,0,0,27.8,0.0,1
11346,1776086505.5855422,0.046022999868000625, 0.3843090003101679,0,0,27.8,0.0,1
11347,1776086505.6152701,0.045775000216963235, 0.38099899984445074,0,0,27.8,0.0,1
11348,1776086505.644841,0.045138999666960444, 0.3628779995779041,0,0,27.8,0.0,1
11348,1776086505.706725,32.242459999906714, 0.25611999990360346,8,8,27.8,0.0,0
11349,1776086505.722904,14.407241999833786, 0.2318609999747423,7,0,27.8,0.0,0
11350,1776086505.75697,20.87088300004325, 0.2556509998612455,8,8,27.8,0.0,0
11351,1776086505.7827408,18.141696999919077, 0.26856600015889853,7,11,27.8,0.0,0
11352,1776086506.0722258,20.69430600022315, 257.3844459998327,6,5,27.8,0.0,0
11354,1776086506.0764883,0.3970390002905333, 0.2810750002026907,0,5,27.8,0.0,1
11355,1776086506.0920215,0.4195889996481128, 0.30889400022715563,0,4,27.8,0.0,1
11356,1776086506.122841,1.9171610001649242, 0.303275000078429,0,3,27.8,0.0,1
11357,1776086506.1552267,0.27650500032905256, 0.28856599965365604,0,0,27.8,0.0,1
11358,1776086506.1801634,0.04516700028034393, 0.34265299973412766,0,0,27.8,0.0,1
11359,1776086506.21027,0.04838799986828235, 0.3780389997700695,0,0,27.8,0.0,1
11360,1776086506.2403936,0.05049300034443149, 0.3689599998324411,0,0,27.8,0.0,1
11361,1776086506.270136,0.04911299993182183, 0.3781999998864194,0,0,27.8,0.0,1
11362,1776086506.299465,0.04886700025963364, 0.3874630001519108,0,0,27.8,0.0,1
11363,1776086506.3292465,0.043013000322389416, 0.34276299993507564,0,0,27.8,0.0,1
11364,1776086506.358787,0.04508300025918288, 0.34548999974504113,0,0,27.8,0.0,1
11365,1776086506.3887434,0.059082999996462604, 0.3440489999775309,0,0,27.8,0.0,1
11366,1776086506.419639,0.03763100039577694, 0.3122350003650354,0,0,27.8,0.0,1
11367,1776086506.447834,0.04379699976198026, 0.33944500000870903,0,0,27.8,0.0,1
11368,1776086506.4776273,0.04987500005881884, 0.3608449997045682,0,0,27.8,0.0,1
11369,1776086506.5071137,0.04524199994193623, 0.3378460000931227,0,0,27.8,0.0,1
11370,1776086506.5366013,0.057852000281855, 0.3540779998729704,0,0,27.8,0.0,1
11371,1776086506.5666883,0.04418499975145096, 0.36514100020212936,0,0,27.8,0.0,1
11372,1776086506.5961843,0.04485099998419173, 0.3314529999443039,0,0,27.8,0.0,1
11373,1776086506.6259613,0.04368400004750583, 0.3375169999344507,0,0,27.8,0.0,1
11374,1776086506.6561797,0.045603999751619995, 0.3488749998723506,0,0,27.8,0.0,1
11375,1776086506.6862972,0.0452109998150263, 0.3461510000306589,0,0,27.8,0.0,1
11376,1776086506.7150974,0.04377100003694068, 0.34166699970228365,0,0,27.8,0.0,1
11377,1776086506.7449763,0.04357699981483165, 0.34011799971267465,0,0,27.8,0.0,1
11378,1776086506.7748091,0.04382800034363754, 0.34082799993484514,0,0,27.8,0.0,1
11379,1776086506.8043702,0.0440459998571896, 0.35323799966135994,0,0,27.8,0.0,1
11380,1776086506.8343177,0.05082400002720533, 0.36599199984266306,0,0,27.8,0.0,1
11381,1776086506.863845,0.046394000037253136, 0.34351100021012826,0,0,27.8,0.0,1
11382,1776086506.8937407,0.06139900006019161, 0.34032599978672806,0,0,27.8,0.0,1
11383,1776086506.9235125,0.04252799999449053, 0.34220899988213205,0,0,27.8,0.0,1
11384,1776086506.9529672,0.043259999984002206, 0.3378520000296703,0,0,27.8,0.0,1
11385,1776086506.9826062,0.04362399977253517, 0.36322200003269245,0,0,27.8,0.0,1
11386,1776086507.0138953,0.02397900016148924, 0.1907549999486946,0,0,27.8,0.0,1
11387,1776086507.042073,0.043399999867688166, 0.3439770002842124,0,0,27.8,0.0,1
11387,1776086507.1054318,33.76548799997181, 0.24957400000857888,4,4,27.8,0.0,0
11388,1776086507.1521406,22.217133000140166, 0.24857300013536587,5,0,27.8,0.0,0
11389,1776086507.1691406,15.34110199963834, 0.22935600009077461,5,5,27.8,0.0,0
11390,1776086507.1830344,12.18960899996091, 0.23663299998588627,5,7,27.8,0.0,0
11391,1776086507.4612494,13.367918999847461, 257.6634689999082,7,4,27.8,0.0,0
11393,1776086507.4652119,0.34776500024236157, 0.309918999846559,0,4,27.8,0.0,1
11394,1776086507.4883387,0.382400000034977, 0.35858899991580984,0,2,27.8,0.0,1
11395,1776086507.5182297,0.2978749998874264, 0.3378030000931176,0,2,27.8,0.0,1
11396,1776086507.5489078,1.802028999918548, 0.3208690000064962,0,0,27.8,0.0,1
11397,1776086507.5811772,0.03570299986677128, 0.26364299992565066,0,0,27.8,0.0,1
11398,1776086507.6082468,0.04172400031166035, 0.3128360003756825,0,0,27.8,0.0,1
11399,1776086507.6367903,0.043416999687906355, 0.3349630001139303,0,0,27.8,0.0,1
11400,1776086507.6660845,0.04293100028007757, 0.3352149997226661,0,0,27.8,0.0,1
11401,1776086507.6959314,0.043805000132124405, 0.33385699998689233,0,0,27.8,0.0,1
11402,1776086507.7254279,0.04562499998428393, 0.3432290000091598,0,0,27.8,0.0,1
11403,1776086507.7551606,0.04217300011077896, 0.33950599981835694,0,0,27.8,0.0,1
11404,1776086507.7850077,0.04430599983606953, 0.3419219997340406,0,0,27.8,0.0,1
11405,1776086507.8148985,0.04344000035416684, 0.3511459999572253,0,0,27.8,0.0,1
11406,1776086507.8446465,0.04069799979333766, 0.3314979999231582,0,0,27.8,0.0,1
11407,1776086507.8747315,0.03919700020560413, 0.30949500023780274,0,0,27.8,0.0,1
11408,1776086507.9039457,0.044149000132165384, 0.34291200017833035,0,0,27.8,0.0,1
11409,1776086507.9337761,0.051388999963819515, 0.35357500019017607,0,0,27.8,0.0,1
11410,1776086507.9631124,0.04720900005850126, 0.3345210002407839,0,0,27.8,0.0,1
11411,1776086507.9929967,0.04212300018480164, 0.3434559998822806,0,0,27.8,0.0,1
11412,1776086508.0231106,0.05031599994254066, 0.36719300032928004,0,0,27.8,0.0,1
11413,1776086508.0525422,0.04764699997394928, 0.3633329997683177,0,0,27.8,0.0,1
11414,1776086508.0825427,0.046550000206480036, 0.37222600030872854,0,0,27.8,0.0,1
11415,1776086508.112162,0.04284900023776572, 0.3378460000931227,0,0,27.8,0.0,1
11416,1776086508.141794,0.04432300011103507, 0.3352970002197253,0,0,27.8,0.0,1
11417,1776086508.1712003,0.043635000110953115, 0.34506200017858646,0,0,27.8,0.0,1
11418,1776086508.2028785,0.04100900014236686, 0.312131000100635,0,0,27.8,0.0,1
11419,1776086508.230767,0.04315999967730022, 0.34016999961750116,0,0,27.8,0.0,1
11420,1776086508.2606847,0.04514500005825539, 0.35276100015835254,0,0,27.8,0.0,1
11421,1776086508.2903965,0.04972499982613954, 0.37908800004515797,0,0,27.8,0.0,1
11422,1776086508.3199716,0.04770299983647419, 0.3363000000717875,0,0,27.8,0.0,1
11423,1776086508.3497386,0.057266000112576876, 0.34694000032686745,0,0,27.8,0.0,1
11424,1776086508.3792238,0.04248000004736241, 0.3370829999767011,0,0,27.8,0.0,1
11425,1776086508.4089913,0.04335899984653224, 0.33872399990286794,0,0,27.8,0.0,1
11426,1776086508.439538,0.049015000058716396, 0.3735840000445023,0,0,27.8,0.0,1
11426,1776086508.5006642,31.510352999703173, 0.27232200000071316,0,0,27.8,0.0,0
11427,1776086508.5593028,23.393027000111033, 0.28231400028744247,6,0,27.8,0.0,0
11428,1776086508.5768034,15.873861000272882, 0.21484199987753527,3,3,27.8,0.0,0
11429,1776086508.609238,20.52721300015037, 0.2526370003579359,4,5,27.8,0.0,0
11430,1776086508.8928952,18.46552100005283, 257.478896000066,3,3,27.8,0.0,0
11432,1776086508.8968327,0.32065099958344945, 0.3026660001523851,0,3,27.8,0.0,1
11433,1776086508.9143353,0.32255699989036657, 0.3374440002517076,0,3,27.8,0.0,1
11434,1776086508.9456484,1.801549999981944, 0.3138420001960185,0,2,27.8,0.0,1
11435,1776086508.978229,0.2784880002764112, 0.31869699978415156,0,0,27.8,0.0,1
11436,1776086509.0034435,0.043650999941746704, 0.3474710001682979,0,0,27.8,0.0,1
11437,1776086509.0329864,0.046706999910384184, 0.34490699999878416,0,0,27.8,0.0,1
11438,1776086509.062521,0.04857299973082263, 0.3784069999710482,0,0,27.8,0.0,1
11439,1776086509.0923388,0.04790899993167841, 0.37289300007614656,0,0,27.8,0.0,1
11440,1776086509.121605,0.0413329998991685, 0.3600909999477153,0,0,27.8,0.0,1
11441,1776086509.1512902,0.045974999920872506, 0.37467599986484856,0,0,27.8,0.0,1
11442,1776086509.1818066,0.04553000007945229, 0.35706300013771397,0,0,27.8,0.0,1
11443,1776086509.210677,0.04220000027999049, 0.35982199960926664,0,0,27.8,0.0,1
11444,1776086509.2404313,0.04611200029103202, 0.3766800000448711,0,0,27.8,0.0,1
11445,1776086509.2705812,0.04479400013224222, 0.36212499981047586,0,0,27.8,0.0,1
11446,1776086509.300288,0.047992999952839455, 0.39807200028008083,0,0,27.8,0.0,1
11447,1776086509.3297505,0.06127599999672384, 0.3744820000974869,0,0,27.8,0.0,1
11448,1776086509.3603637,0.04478899973037187, 0.36545399962051306,0,0,27.8,0.0,1
11449,1776086509.3908432,0.042394000047352165, 0.29702099982387153,0,0,27.8,0.0,1
11450,1776086509.4187293,0.06636100033574621, 0.3458199998931377,0,0,27.8,0.0,1
11451,1776086509.4485538,0.050864000058936654, 0.39352900012090686,0,0,27.8,0.0,1
11452,1776086509.4783127,0.04615600028046174, 0.39221099996211706,0,0,27.8,0.0,1
11453,1776086509.508118,0.04775500019604806, 0.4235139999764215,0,0,27.8,0.0,1
11454,1776086509.5376973,0.04312999999456224, 0.3756699998120894,0,0,27.8,0.0,1
11455,1776086509.5674753,0.04871100009040674, 0.4061150002598879,0,0,27.8,0.0,1
11456,1776086509.5978787,0.04494799986787257, 0.34114400023099734,0,0,27.8,0.0,1
11457,1776086509.6275902,0.043633000132103916, 0.36012500004289905,0,0,27.8,0.0,1
11458,1776086509.65695,0.0449770000159333, 0.34098400010407204,0,0,27.8,0.0,1
11459,1776086509.6868107,0.046913999995013, 0.33605699991312576,0,0,27.8,0.0,1
11460,1776086509.7162387,0.043012999867642066, 0.3364040003361879,0,0,27.8,0.0,1
11461,1776086509.746042,0.042577999920467846, 0.3333720001137408,0,0,27.8,0.0,1
11462,1776086509.77592,0.04339100041761412, 0.34195700027339626,0,0,27.8,0.0,1
11463,1776086509.8057895,0.0423359997512307, 0.3449949999776436,0,0,27.8,0.0,1
11464,1776086509.8351817,0.04323899975133827, 0.34109799980797106,0,0,27.8,0.0,1
11465,1776086509.8653827,0.04725200005850638, 0.3957640001317486,0,0,27.8,0.0,1
11465,1776086509.9265099,31.78229100012686, 0.23687000020800042,4,4,27.8,0.0,0
11466,1776086509.9430625,14.850575999844295, 0.21152099998289486,8,0,27.8,0.0,0
11467,1776086509.978601,21.33984000010969, 0.36051100005352055,8,8,27.8,0.0,0
11468,1776086510.0005133,15.746436999961588, 0.28039500011800556,9,10,27.8,0.0,0
11469,1776086510.2922513,21.274472000186506, 258.1381509999119,10,6,27.8,0.0,0
11471,1776086510.2963216,0.44675700019070064, 0.2465789998495893,0,6,27.8,0.0,1
11472,1776086510.3112862,0.4809050001313153, 0.34341599985054927,0,6,27.8,0.0,1
11473,1776086510.3406823,0.4780970002684626, 0.31808899984753225,0,5,27.8,0.0,1
11474,1776086510.3721092,1.9441049998931703, 0.35591599998952006,0,0,27.8,0.0,1
11475,1776086510.4041328,0.036606999856303446, 0.258576999840443,0,0,27.8,0.0,1
11476,1776086510.4300647,0.0517240000590391, 0.3773850003199186,0,0,27.8,0.0,1
11477,1776086510.45924,0.044223000259080436, 0.3321159997540235,0,0,27.8,0.0,1
11478,1776086510.489008,0.04427800013218075, 0.3326420001030783,0,0,27.8,0.0,1
11479,1776086510.5190108,0.04284599981474457, 0.3399060001356702,0,0,27.8,0.0,1
11480,1776086510.548945,0.039866999941295944, 0.3087269997195108,0,0,27.8,0.0,1
11481,1776086510.579987,0.04111099997317069, 0.31687899991084123,0,0,27.8,0.0,1
11482,1776086510.6080146,0.04499600026974804, 0.3392469998289016,0,0,27.8,0.0,1
11483,1776086510.6376987,0.04341200019553071, 0.36195699976815376,0,0,27.8,0.0,1
11484,1776086510.6672542,0.044536000132211484, 0.3333180002300651,0,0,27.8,0.0,1
11485,1776086510.6970665,0.041495999994367594, 0.33844999961729627,0,0,27.8,0.0,1
11486,1776086510.727127,0.04637600022761035, 0.38097100014056196,0,0,27.8,0.0,1
11487,1776086510.7569199,0.04781000006914837, 0.3794189997279318,0,0,27.8,0.0,1
11488,1776086510.7864916,0.045250000312080374, 0.33986000016739126,0,0,27.8,0.0,1
11489,1776086510.8162746,0.04110899999432149, 0.3440569998929277,0,0,27.8,0.0,1
11490,1776086510.84579,0.04522700010056724, 0.3422889999455947,0,0,27.8,0.0,1
11491,1776086510.8751743,0.04291699997338583, 0.3387740002835926,0,0,27.8,0.0,1
11492,1776086510.9050848,0.042144999952142825, 0.34292200007257634,0,0,27.8,0.0,1
11493,1776086510.9348009,0.04409399980431772, 0.3383590001249104,0,0,27.8,0.0,1
11494,1776086510.9647872,0.045526000121753896, 0.34099599997716723,0,0,27.8,0.0,1
11495,1776086510.9942405,0.04595800010065432, 0.34279600004083477,0,0,27.8,0.0,1
11496,1776086511.0243177,0.05314500003805733, 0.3712220000124944,0,0,27.8,0.0,1
11497,1776086511.0537848,0.046521000058419304, 0.3445880001891055,0,0,27.8,0.0,1
11498,1776086511.0832343,0.04422599977260688, 0.3364929998497246,0,0,27.8,0.0,1
11499,1776086511.1130078,0.04487200021685567, 0.33866900002976763,0,0,27.8,0.0,1
11500,1776086511.1435246,0.04292900030122837, 0.33797099968069233,0,0,27.8,0.0,1
11501,1776086511.1741185,0.04151800021645613, 0.31299000011131284,0,0,27.8,0.0,1
11502,1776086511.2021646,0.045806999878550414, 0.328279000314069,0,0,27.8,0.0,1
11503,1776086511.2319329,0.04490099991016905, 0.3371419998074998,0,0,27.8,0.0,1
11504,1776086511.2619195,0.041976999909820734, 0.33881600029417314,0,0,27.8,0.0,1
11504,1776086511.3213046,30.799695000041538, 0.3162210000482446,19,19,27.8,0.0,0
11505,1776086511.3383093,13.727189000292128, 0.2712529999371327,15,0,27.8,0.0,0
11506,1776086511.3749635,21.854871999948955, 0.30542799959221156,15,15,27.8,0.0,0
11507,1776086511.3987136,17.01501500019731, 0.32147500041901367,12,19,27.8,0.0,0
11508,1776086511.6922126,21.54816900019796, 258.6282330003087,5,13,27.8,0.0,0
11510,1776086511.6966748,0.6274559996199969, 0.17983999987336574,0,13,27.8,0.0,1
11511,1776086511.7072675,0.6768359999114182, 0.32075799981612363,0,8,27.8,0.0,1
11512,1776086511.7391925,2.206404000389739, 0.34541100012575043,0,4,27.8,0.0,1
11513,1776086511.7714295,0.3117170003861247, 0.2996030002577754,0,0,27.8,0.0,1
11514,1776086511.7966619,0.043032000121456804, 0.35764299991569715,0,0,27.8,0.0,1
11515,1776086511.8261254,0.04470800013223197, 0.34009099999821046,0,0,27.8,0.0,1
11516,1776086511.8559718,0.044408000121620717, 0.3397420000510465,0,0,27.8,0.0,1
11517,1776086511.8857965,0.044331000026431866, 0.3432319999774336,0,0,27.8,0.0,1
11518,1776086511.9156544,0.04073099989909679, 0.36262799994801753,0,0,27.8,0.0,1
11519,1776086511.945094,0.04375300022729789, 0.3418440001041745,0,0,27.8,0.0,1
11520,1776086511.9748156,0.04587700004776707, 0.33373499991284916,0,0,27.8,0.0,1
11521,1776086512.0045705,0.04595500013238052, 0.3549009998096153,0,0,27.8,0.0,1
11522,1776086512.0345142,0.042505000237724744, 0.3323309997540491,0,0,27.8,0.0,1
11523,1776086512.0651393,0.040638999962538946, 0.31507600033364724,0,0,27.8,0.0,1
11524,1776086512.0931969,0.047684000037406804, 0.38145199960126774,0,0,27.8,0.0,1
11525,1776086512.122814,0.04373100000520935, 0.343998000062129,0,0,27.8,0.0,1
11526,1776086512.153123,0.042815000142581994, 0.3598040002543712,0,0,27.8,0.0,1
11527,1776086512.182428,0.046270999973785365, 0.3860320002786466,0,0,27.8,0.0,1
11528,1776086512.2120805,0.044892999994772254, 0.38851499994052574,0,0,27.8,0.0,1
11529,1776086512.2416992,0.04392199980429723, 0.3839949999928649,0,0,27.8,0.0,1
11530,1776086512.2718344,0.04688299986810307, 0.3374369998709881,0,0,27.8,0.0,1
11531,1776086512.3015828,0.05375700038712239, 0.38698199978171033,0,0,27.8,0.0,1
11532,1776086512.331381,0.051960999826405896, 0.3800149997914559,0,0,27.8,0.0,1
11533,1776086512.3605015,0.04684199984694715, 0.3726990003087849,0,0,27.8,0.0,1
11534,1776086512.3906515,0.044765999973606085, 0.375292000171612,0,0,27.8,0.0,1
11535,1776086512.4201152,0.044736000290868105, 0.3863130000354431,0,0,27.8,0.0,1
11536,1776086512.4503713,0.06192699993334827, 0.448873000095773,0,0,27.8,0.0,1
11537,1776086512.47969,0.044628000068769325, 0.4008000000794709,0,0,27.8,0.0,1
11538,1776086512.5092807,0.04685199974119314, 0.4139749999012565,0,0,27.8,0.0,1
11539,1776086512.5388622,0.0403959998038772, 0.34353899991401704,0,0,27.8,0.0,1
11540,1776086512.5685694,0.04164499978287495, 0.36339200005386374,0,0,27.8,0.0,1
11541,1776086512.5981586,0.04609200004779268, 0.37500799999179435,0,0,27.8,0.0,1
11542,1776086512.6289656,0.0466059996142576, 0.3648890001386462,0,0,27.8,0.0,1
11543,1776086512.659375,0.04061900017404696, 0.3184810002494487,0,0,27.8,0.0,1
11543,1776086512.7188282,31.26121100012824, 0.2589319997241546,10,10,27.8,0.0,0
11544,1776086512.734085,13.467651999690133, 0.23680499998590676,7,0,27.8,0.0,0
11545,1776086512.7705753,21.663581000211707, 0.2656370002114272,8,8,27.8,0.0,0
11546,1776086512.7966084,18.60050699997373, 0.2778059997581295,8,11,27.8,0.0,0
11547,1776086513.0855632,20.03205200026059, 258.6307999999917,5,8,27.8,0.0,0
11549,1776086513.089579,0.5315410003277066, 0.29706499981330126,0,8,27.8,0.0,1
11550,1776086513.1045616,0.5768119999629562, 0.35857500006386545,0,5,27.8,0.0,1
11551,1776086513.134307,0.45719500030827476, 0.332597000124224,0,4,27.8,0.0,1
11552,1776086513.1651077,1.9534829998519854, 0.3532420000738057,0,0,27.8,0.0,1
11553,1776086513.1971872,0.03646300001491909, 0.2642889999151521,0,0,27.8,0.0,1
11554,1776086513.223559,0.04165299969827174, 0.32659299995430047,0,0,27.8,0.0,1
11555,1776086513.2542152,0.04099500029042247, 0.32105500031320844,0,0,27.8,0.0,1
11556,1776086513.282091,0.04505900005824515, 0.336496999807423,0,0,27.8,0.0,1
11557,1776086513.3118916,0.04629699969882495, 0.33141599988084636,0,0,27.8,0.0,1
11558,1776086513.3418214,0.0452109998150263, 0.333718000092631,0,0,27.8,0.0,1
11559,1776086513.3716347,0.044068000079278136, 0.356380000084755,0,0,27.8,0.0,1
11560,1776086513.4010556,0.0437370003965043, 0.33617700000831974,0,0,27.8,0.0,1
11561,1776086513.4308941,0.043974000163871096, 0.3465340000730066,0,0,27.8,0.0,1
11562,1776086513.461057,0.04236999984641443, 0.34195900025224546,0,0,27.8,0.0,1
11563,1776086513.4908142,0.04353499980425113, 0.34225699982926017,0,0,27.8,0.0,1
11564,1776086513.5203164,0.04802800003744778, 0.3743749998648127,0,0,27.8,0.0,1
11565,1776086513.5497906,0.04487900014282786, 0.3465459999461018,0,0,27.8,0.0,1
11566,1776086513.5792537,0.045791000047756825, 0.32879700029297965,0,0,27.8,0.0,1
11567,1776086513.6093729,0.0424979998570052, 0.35226599993620766,0,0,27.8,0.0,1
11568,1776086513.6390939,0.04500899967752048, 0.33794099999795435,0,0,27.8,0.0,1
11569,1776086513.668644,0.04496300016398891, 0.3612189998420945,0,0,27.8,0.0,1
11570,1776086513.6982205,0.04549999994196696, 0.3373289996488893,0,0,27.8,0.0,1
11571,1776086513.7280335,0.04213800002617063, 0.34218000018881867,0,0,27.8,0.0,1
11572,1776086513.7578275,0.04269500004738802, 0.34370999992461293,0,0,27.8,0.0,1
11573,1776086513.7871687,0.04274200000509154, 0.3379780000614119,0,0,27.8,0.0,1
11574,1776086513.8177645,0.04196899999442394, 0.3082700000049954,0,0,27.8,0.0,1
11575,1776086513.8484817,0.040330000047106296, 0.31997099995351164,0,0,27.8,0.0,1
11576,1776086513.8767278,0.060523000229295576, 0.3437179998400097,0,0,27.8,0.0,1
11577,1776086513.9061384,0.044473999878391623, 0.33101300005000667,0,0,27.8,0.0,1
11578,1776086513.935992,0.044254999920667615, 0.33407099999749335,0,0,27.8,0.0,1
11579,1776086513.966031,0.04548700007944717, 0.3863329998239351,0,0,27.8,0.0,1
11580,1776086513.9957237,0.05758899987995392, 0.34584200011522626,0,0,27.8,0.0,1
11581,1776086514.0256474,0.044999999772699084, 0.35553899988371995,0,0,27.8,0.0,1
11582,1776086514.0552568,0.04223599989927607, 0.34237999989272794,0,0,27.8,0.0,1
11582,1776086514.1168156,31.87500900003215, 0.278181999874505,11,11,27.8,0.0,0
11583,1776086514.1717072,23.022391000267817, 0.2562219997344073,11,0,27.8,0.0,0
11584,1776086514.1956828,19.668617000206723, 0.28306500007602153,13,13,27.8,0.0,0
11585,1776086514.224312,19.5265410002321, 0.3320450000501296,15,19,27.8,0.0,0
11586,1776086514.5057294,16.694754000127432, 257.8481330001523,15,11,27.8,0.0,0
11588,1776086514.5098326,0.6600950000574812, 0.285250000160886,0,11,27.8,0.0,1
11589,1776086514.5308394,0.7305580002139322, 0.32621399986965116,0,9,27.8,0.0,1
11590,1776086514.5619373,1.9948809999732475, 0.3104839997831732,0,8,27.8,0.0,1
11591,1776086514.59423,0.4588729998431518, 0.3219800000806572,0,0,27.8,0.0,1
11592,1776086514.6193452,0.04432300011103507, 0.3269510002610332,0,0,27.8,0.0,1
11593,1776086514.649444,0.042068999846378574, 0.3455959999882907,0,0,27.8,0.0,1
11594,1776086514.6788287,0.045265000153449364, 0.334156000008079,0,0,27.8,0.0,1
11595,1776086514.7088046,0.04424999997354462, 0.3483279997453792,0,0,27.8,0.0,1
11596,1776086514.739578,0.03918999982488458, 0.3233759998693131,0,0,27.8,0.0,1
11597,1776086514.7675686,0.04199800014248467, 0.3395329999875685,0,0,27.8,0.0,1
11598,1776086514.7981656,0.04764499999510008, 0.38004299995009205,0,0,27.8,0.0,1
11599,1776086514.827325,0.046565000047849026, 0.33699300001899246,0,0,27.8,0.0,1
11600,1776086514.8570943,0.041772999793465715, 0.34183999969172874,0,0,27.8,0.0,1
11601,1776086514.8872843,0.045913999656477245, 0.3839969999717141,0,0,27.8,0.0,1
11602,1776086514.9167225,0.0618069998381543, 0.3477189998193353,0,0,27.8,0.0,1
11603,1776086514.946188,0.046116999783407664, 0.33861899964904296,0,0,27.8,0.0,1
11604,1776086514.9763842,0.04297100031180889, 0.3469439998298185,0,0,27.8,0.0,1
11605,1776086515.0068843,0.041464999867457664, 0.3492609998829721,0,0,27.8,0.0,1
11606,1776086515.035733,0.06072099995435565, 0.3428300001360185,0,0,27.8,0.0,1
11607,1776086515.065433,0.047511999582638964, 0.3781850000450504,0,0,27.8,0.0,1
11608,1776086515.0949717,0.04604600007951376, 0.3464989999883983,0,0,27.8,0.0,1
11609,1776086515.1248624,0.044209999941813294, 0.33709900026224204,0,0,27.8,0.0,1
11610,1776086515.154554,0.04770599980474799, 0.3694720003295515,0,0,27.8,0.0,1
11611,1776086515.1840377,0.04398700002639089, 0.34706199994616327,0,0,27.8,0.0,1
11612,1776086515.2139118,0.045664000026590656, 0.3413389999877836,0,0,27.8,0.0,1
11613,1776086515.24404,0.04568399981508264, 0.3395150001779257,0,0,27.8,0.0,1
11614,1776086515.273167,0.04607299979397794, 0.3355230001034215,0,0,27.8,0.0,1
11615,1776086515.302939,0.04643300007955986, 0.3364630001669866,0,0,27.8,0.0,1
11616,1776086515.334249,0.042644000131986104, 0.310243000058108,0,0,27.8,0.0,1
11617,1776086515.3621683,0.042084000142494915, 0.33758499967007083,0,0,27.8,0.0,1
11618,1776086515.3920157,0.04278400001567206, 0.3449330001785711,0,0,27.8,0.0,1
11619,1776086515.4218302,0.048548999984632246, 0.34512999991420656,0,0,27.8,0.0,1
11620,1776086515.4513302,0.04373599995233235, 0.33733200007191044,0,0,27.8,0.0,1
11621,1776086515.4810874,0.04058900003656163, 0.3422380000301928,0,0,27.8,0.0,1
11621,1776086515.530151,19.275702999948408, 0.2949839999928372,15,15,27.8,0.0,0
11622,1776086515.580537,22.988072999851283, 0.2611279996926896,10,0,27.8,0.0,0
11623,1776086515.5984821,16.182272999685665, 0.3182590003234509,16,16,27.8,0.0,0
11624,1776086515.6180503,14.017152000178612, 0.31694499966761214,12,19,27.8,0.0,0
11625,1776086515.939692,24.03642699982811, 257.5905519997832,13,11,27.8,0.0,0
11627,1776086515.9438474,0.66544299988891, 0.23321999969994067,0,11,27.8,0.0,1
11628,1776086515.9573402,0.7590029999846593, 0.3891019996444811,0,6,27.8,0.0,1
11629,1776086515.987052,0.5319409997355251, 0.3423959997235215,0,6,27.8,0.0,1
11630,1776086516.0184278,2.069429000130185, 0.3997710000476218,0,0,27.8,0.0,1
11631,1776086516.049999,0.03477000018392573, 0.2638680002746696,0,0,27.8,0.0,1
11632,1776086516.0756848,0.04359300010037259, 0.3616529997998441,0,0,27.8,0.0,1
11633,1776086516.105203,0.04160900016358937, 0.3411269999560318,0,0,27.8,0.0,1
11634,1776086516.1349955,0.0436529999205959, 0.3423840003051737,0,0,27.8,0.0,1
11635,1776086516.1647422,0.058632000218494795, 0.34473200003048987,0,0,27.8,0.0,1
11636,1776086516.1948514,0.03940800024793134, 0.31615699981557555,0,0,27.8,0.0,1
11637,1776086516.2255216,0.040796999655867694, 0.3129450001324585,0,0,27.8,0.0,1
11638,1776086516.253832,0.046225999994931044, 0.3451649999988149,0,0,27.8,0.0,1
11639,1776086516.2837896,0.044038999931217404, 0.3563300001587777,0,0,27.8,0.0,1
11640,1776086516.3131454,0.04144400008954108, 0.34476999962862465,0,0,27.8,0.0,1
11641,1776086516.3429854,0.04556800013233442, 0.335665000420704,0,0,27.8,0.0,1
11642,1776086516.3727798,0.042827000015677186, 0.3437309997025295,0,0,27.8,0.0,1
11643,1776086516.4021475,0.042349000068497844, 0.33397199968021596,0,0,27.8,0.0,1
11644,1776086516.4323833,0.04409299981489312, 0.3519040001265239,0,0,27.8,0.0,1
11645,1776086516.462201,0.04631399997379049, 0.3472940002211544,0,0,27.8,0.0,1
11646,1776086516.4912403,0.04415700004756218, 0.3353120000610943,0,0,27.8,0.0,1
11647,1776086516.5210857,0.04617199965650798, 0.3383900002518203,0,0,27.8,0.0,1
11648,1776086516.5512538,0.04607199980455334, 0.38424700005634804,0,0,27.8,0.0,1
11649,1776086516.5807743,0.04487000023800647, 0.3411580000829417,0,0,27.8,0.0,1
11650,1776086516.6111312,0.051170000006095506, 0.36997100005464745,0,0,27.8,0.0,1
11651,1776086516.6400626,0.042781000047398265, 0.3431720001572103,0,0,27.8,0.0,1
11652,1776086516.6699054,0.04718799982583732, 0.3398109997760912,0,0,27.8,0.0,1
11653,1776086516.6997387,0.05941400013398379, 0.34807099973477307,0,0,27.8,0.0,1
11654,1776086516.72909,0.044129999878350645, 0.3361109997968015,0,0,27.8,0.0,1
11655,1776086516.758927,0.04515899991019978, 0.33779700015657,0,0,27.8,0.0,1
11656,1776086516.7896287,0.04656999999497202, 0.33560100018803496,0,0,27.8,0.0,1
11657,1776086516.8197448,0.0380000001314329, 0.2938309999080957,0,0,27.8,0.0,1
11658,1776086516.8480058,0.041588999920350034, 0.3413649997128232,0,0,27.8,0.0,1
11659,1776086516.8778918,0.04567199994198745, 0.34214400011478574,0,0,27.8,0.0,1
11660,1776086516.907874,0.042334000227128854, 0.3500809998513432,0,0,27.8,0.0,1
11660,1776086516.9701889,32.91426199984926, 0.25728199989316636,10,10,27.8,0.0,0
11661,1776086516.987237,15.291465000245807, 0.2450519996273215,9,0,27.8,0.0,0
11662,1776086517.015942,18.513875999815355, 0.24126099970089854,7,7,27.8,0.0,0
11663,1776086517.0458138,19.703835000200343, 0.26293799965060316,10,10,27.8,0.0,0
11664,1776086517.3330162,20.122466999964672, 256.6404849999344,12,5,27.8,0.0,0
11666,1776086517.3366625,0.40864099992177216, 0.29947500024718465,0,5,27.8,0.0,1
11667,1776086517.3533409,0.44182800002090517, 0.3331580001031398,0,5,27.8,0.0,1
11668,1776086517.3844779,1.8656199999895762, 0.32493100025021704,0,5,27.8,0.0,1
11669,1776086517.417024,0.32923000026130467, 0.305067999761377,0,0,27.8,0.0,1
11670,1776086517.441808,0.04138799977226881, 0.34304199971302296,0,0,27.8,0.0,1
11671,1776086517.4715295,0.044333999994705664, 0.3817039996647509,0,0,27.8,0.0,1
11672,1776086517.5013297,0.04575400043904665, 0.3844249999929161,0,0,27.8,0.0,1
11673,1776086517.5311446,0.04373899992060615, 0.38733100018362165,0,0,27.8,0.0,1
11674,1776086517.5608647,0.044501000047603156, 0.36772199973711395,0,0,27.8,0.0,1
11675,1776086517.5904858,0.04323699977248907, 0.3795949996856507,0,0,27.8,0.0,1
11676,1776086517.6201794,0.04626500003723777, 0.38910700004635146,0,0,27.8,0.0,1
11677,1776086517.6497412,0.05989900000713533, 0.34001500034719356,0,0,27.8,0.0,1
11678,1776086517.6802957,0.041075000353885116, 0.3426909997870098,0,0,27.8,0.0,1
11679,1776086517.7111158,0.040411000099993544, 0.30916900004740455,0,0,27.8,0.0,1
11680,1776086517.739119,0.04542699980447651, 0.3851199999189703,0,0,27.8,0.0,1
11681,1776086517.7688296,0.04789300010088482, 0.40705499986870564,0,0,27.8,0.0,1
11682,1776086517.799038,0.04623099994205404, 0.40588999991086894,0,0,27.8,0.0,1
11683,1776086517.8288143,0.04175499998382293, 0.3499200001897407,0,0,27.8,0.0,1
11684,1776086517.8585167,0.04696499991041492, 0.36477200001172605,0,0,27.8,0.0,1
11685,1776086517.8880203,0.0424929999098822, 0.3418490000512975,0,0,27.8,0.0,1
11686,1776086517.9178379,0.04294300015317276, 0.3443820000939013,0,0,27.8,0.0,1
11687,1776086517.947786,0.04367200017441064, 0.35087000014755176,0,0,27.8,0.0,1
11688,1776086517.9772089,0.04495599978326936, 0.3620049997152819,0,0,27.8,0.0,1
11689,1776086518.0070446,0.04549300001599477, 0.3467709998403734,0,0,27.8,0.0,1
11690,1776086518.0367975,0.04595100017468212, 0.3330280001136998,0,0,27.8,0.0,1
11691,1776086518.0667074,0.04227699992043199, 0.3598439998313552,0,0,27.8,0.0,1
11692,1776086518.0960603,0.04499000033320044, 0.3351689997543872,0,0,27.8,0.0,1
11693,1776086518.1259186,0.04392600021674298, 0.3406349997021607,0,0,27.8,0.0,1
11694,1776086518.1557748,0.042470000153116416, 0.3478130001894897,0,0,27.8,0.0,1
11695,1776086518.1852908,0.042613000005076174, 0.3534480001690099,0,0,27.8,0.0,1
11696,1776086518.2149887,0.04309899986765231, 0.33837899991340237,0,0,27.8,0.0,1
11697,1776086518.2447958,0.04393500012156437, 0.3461619999143295,0,0,27.8,0.0,1
11698,1776086518.2750087,0.04095699978279299, 0.31227199997374555,0,0,27.8,0.0,1
11699,1776086518.3056207,0.03731700007847394, 0.30663600000480074,0,0,27.8,0.0,1
11699,1776086518.3658242,31.992508999792335, 0.25251600027331733,7,7,27.8,0.0,0
11700,1776086518.4138505,22.504687999571615, 0.25837800012595835,6,0,27.8,0.0,0
11701,1776086518.431317,15.807331000360136, 0.2524820001781336,8,8,27.8,0.0,0
11702,1776086518.4451642,12.115831000301114, 0.2500420000615122,7,8,27.8,0.0,0
11703,1776086518.722473,13.34911200001443, 256.59878900023614,10,5,27.8,0.0,0
11705,1776086518.7262404,0.39702399999441695, 0.31166200005827704,0,5,27.8,0.0,1
11706,1776086518.7497149,0.4751060000671714, 0.3444529997977952,0,4,27.8,0.0,1
11707,1776086518.7795863,0.443788000211498, 0.35287699984110077,0,4,27.8,0.0,1
11708,1776086518.8106263,1.9497940002111136, 0.3666429997792875,0,0,27.8,0.0,1
11709,1776086518.842978,0.035599000057118246, 0.2600809998511977,0,0,27.8,0.0,1
11710,1776086518.8694987,0.04323900020608562, 0.33870000015667756,0,0,27.8,0.0,1
11711,1776086518.8997993,0.03899100011039991, 0.29330400002436363,0,0,27.8,0.0,1
11712,1776086518.928092,0.04468199995244504, 0.33724499962772825,0,0,27.8,0.0,1
11713,1776086518.9578965,0.043989999994664686, 0.33933199983948725,0,0,27.8,0.0,1
11714,1776086518.9870543,0.044672000058199046, 0.4258929998286476,0,0,27.8,0.0,1
11715,1776086519.0170488,0.04610899986801087, 0.35745400009545847,0,0,27.8,0.0,1
11716,1776086519.0466402,0.044394999804353574, 0.398098999994545,0,0,27.8,0.0,1
11717,1776086519.076138,0.04672700015362352, 0.37804200019309064,0,0,27.8,0.0,1
11718,1776086519.1064365,0.04666599988922826, 0.345308000305522,0,0,27.8,0.0,1
11719,1776086519.1360285,0.045185000089986715, 0.33744599977580947,0,0,27.8,0.0,1
11720,1776086519.1655138,0.04601000000548083, 0.40746800004853867,0,0,27.8,0.0,1
11721,1776086519.1949244,0.045634000343852676, 0.368772000001627,0,0,27.8,0.0,1
11722,1776086519.2248788,0.044083999910071725, 0.37072900022394606,0,0,27.8,0.0,1
11723,1776086519.254383,0.04573200021695811, 0.3855529998872953,0,0,27.8,0.0,1
11724,1776086519.284288,0.047836000248935306, 0.3994949997832009,0,0,27.8,0.0,1
11725,1776086519.31395,0.046145999931468396, 0.38226599963309127,0,0,27.8,0.0,1
11726,1776086519.3436294,0.04065299981448334, 0.37038599975858233,0,0,27.8,0.0,1
11727,1776086519.3734496,0.04864899983658688, 0.41285199995400035,0,0,27.8,0.0,1
11728,1776086519.4032483,0.048488999709661584, 0.40930400018623914,0,0,27.8,0.0,1
11729,1776086519.4332967,0.05181699998502154, 0.38973999971858575,0,0,27.8,0.0,1
11730,1776086519.4635265,0.04718199988928973, 0.3345979998812254,0,0,27.8,0.0,1
11731,1776086519.493931,0.04091100026926142, 0.315448000037577,0,0,27.8,0.0,1
11732,1776086519.5218089,0.04185599982520216, 0.33488300005046767,0,0,27.8,0.0,1
11733,1776086519.5518467,0.0478440001643321, 0.3475669996078068,0,0,27.8,0.0,1
11734,1776086519.5816414,0.05237300001681433, 0.3981509998993715,0,0,27.8,0.0,1
11735,1776086519.611318,0.05301199962559622, 0.4574760000650713,0,0,27.8,0.0,1
11736,1776086519.640794,0.042781000047398265, 0.34358899983999436,0,0,27.8,0.0,1
11737,1776086519.670506,0.04717699994216673, 0.3739499998118845,0,0,27.8,0.0,1
11738,1776086519.700695,0.044160000015835976, 0.36617899968405254,0,0,27.8,0.0,1
11738,1776086519.7495184,19.10388000032981, 0.3156440002385352,16,16,27.8,0.0,0
11739,1776086519.8441026,24.50027000031696, 0.3122419998362602,20,0,27.8,0.0,0
11740,1776086519.8644338,18.54059099969163, 0.2840060001290112,13,13,27.8,0.0,0
11741,1776086519.8785312,12.293550999856961, 0.29844099981346517,12,16,27.8,0.0,0
11742,1776086520.1499274,12.248454999735259, 257.519843999944,11,11,27.8,0.0,0
11744,1776086520.1534257,0.6231889997252438, 0.28854099991804105,0,11,27.8,0.0,1
11745,1776086520.1768615,0.7176680001066416, 0.34335200007262756,0,8,27.8,0.0,1
11746,1776086520.2080297,2.202792999923986, 0.3104239999629499,0,8,27.8,0.0,1
11747,1776086520.2404544,0.4444139999577601, 0.33857899961731164,0,0,27.8,0.0,1
11748,1776086520.2652378,0.044953999804420164, 0.34662400003071525,0,0,27.8,0.0,1
11749,1776086520.2956555,0.05135199990036199, 0.3592120001485455,0,0,27.8,0.0,1
11750,1776086520.3248985,0.044255999910092214, 0.3409529999771621,0,0,27.8,0.0,1
11751,1776086520.3542502,0.04583999998430954, 0.33926200012501795,0,0,27.8,0.0,1
11752,1776086520.3855622,0.039307999941229355, 0.31780400013303733,0,0,27.8,0.0,1
11753,1776086520.413508,0.052026000048499554, 0.3717219997270149,0,0,27.8,0.0,1
11754,1776086520.443505,0.053264000143826706, 0.3978180002377485,0,0,27.8,0.0,1
11755,1776086520.4735785,0.049122999826067826, 0.39835200004745275,0,0,27.8,0.0,1
11756,1776086520.5030577,0.041509999846311985, 0.3457110001363617,0,0,27.8,0.0,1
11757,1776086520.5328562,0.0423369997406553, 0.3471129998615652,0,0,27.8,0.0,1
11758,1776086520.562984,0.05237000004854053, 0.3743319998648076,0,0,27.8,0.0,1
11759,1776086520.5920155,0.04407300002640113, 0.3352009998707217,0,0,27.8,0.0,1
11760,1776086520.622667,0.041633999899204355, 0.36174999968352495,0,0,27.8,0.0,1
11761,1776086520.6524875,0.044052000248484546, 0.334335000388819,0,0,27.8,0.0,1
11762,1776086520.6812384,0.0452129997938755, 0.34104399992429535,0,0,27.8,0.0,1
11763,1776086520.711068,0.043075000121461926, 0.34037900013572653,0,0,27.8,0.0,1
11764,1776086520.7408488,0.044814999910158804, 0.3441839999140939,0,0,27.8,0.0,1
11765,1776086520.7709444,0.0452920003226609, 0.38351600005626096,0,0,27.8,0.0,1
11766,1776086520.8001866,0.04250699976182659, 0.3452710002420645,0,0,27.8,0.0,1
11767,1776086520.8300273,0.04464699986783671, 0.341662000209908,0,0,27.8,0.0,1
11768,1776086520.8598814,0.04313500039643259, 0.3427080000619753,0,0,27.8,0.0,1
11769,1776086520.8894923,0.04082400027982658, 0.3444140002102358,0,0,27.8,0.0,1
11770,1776086520.919449,0.04838499990000855, 0.3817209999397164,0,0,27.8,0.0,1
11771,1776086520.9489079,0.04315100022722618, 0.345547000051738,0,0,27.8,0.0,1
11772,1776086520.9802616,0.033618000088608824, 0.24677800001882133,0,0,27.8,0.0,1
11773,1776086521.0077927,0.041961000079027144, 0.35164000018994557,0,0,27.8,0.0,1
11774,1776086521.0374575,0.04713299995273701, 0.3841990001092199,0,0,27.8,0.0,1
11775,1776086521.068155,0.04952400013280567, 0.40843499982656795,0,0,27.8,0.0,1
11776,1776086521.0972762,0.04148199968767585, 0.34181000000899076,0,0,27.8,0.0,1
11777,1776086521.1269817,0.043772000026365276, 0.33722299986038706,0,0,27.8,0.0,1
11777,1776086521.190308,33.44896099997641, 0.33537700028318795,20,20,27.8,0.0,0
11778,1776086521.2282848,22.392751000097633, 0.2829250001923356,17,0,27.8,0.0,0
11779,1776086521.243728,13.66840900027455, 0.3034450000996003,17,17,27.8,0.0,0
11780,1776086521.2618043,13.192846000038116, 0.3156010002385301,16,19,27.8,0.0,0
11781,1776086521.5549757,20.700505999684538, 257.4169740000798,17,11,27.8,0.0,0
11783,1776086521.5585842,0.6281070000113687, 0.2980260001095303,0,11,27.8,0.0,1
11784,1776086521.574593,0.6706969998049317, 0.3096160003224213,0,10,27.8,0.0,1
11785,1776086521.6033163,0.7143990001168277, 0.34702899984040414,0,10,27.8,0.0,1
11786,1776086521.6342366,2.09406800013312, 0.4011930000160646,0,0,27.8,0.0,1
11787,1776086521.6660938,0.03713099977176171, 0.26166899988311343,0,0,27.8,0.0,1
11788,1776086521.6914136,0.05276299998513423, 0.37484899985429365,0,0,27.8,0.0,1
11789,1776086521.7208245,0.042474000110814814, 0.3459740000835154,0,0,27.8,0.0,1
11790,1776086521.75064,0.04212800013192464, 0.38176199996087234,0,0,27.8,0.0,1
11791,1776086521.7802064,0.04915099998470396, 0.40528399995309883,0,0,27.8,0.0,1
11792,1776086521.8106434,0.04390399999465444, 0.3631100003076426,0,0,27.8,0.0,1
11793,1776086521.8404803,0.044131999857199844, 0.34223799957544543,0,0,27.8,0.0,1
11794,1776086521.869785,0.04489399998419685, 0.3463120001470088,0,0,27.8,0.0,1
11795,1776086521.8992054,0.045323999984248076, 0.38265599960141117,0,0,27.8,0.0,1
11796,1776086521.9294581,0.0486929998260166, 0.396345999888581,0,0,27.8,0.0,1
11797,1776086521.9585323,0.050331000238657, 0.3697130000546167,0,0,27.8,0.0,1
11798,1776086521.9893696,0.053017000027466565, 0.3971589999309799,0,0,27.8,0.0,1
11799,1776086522.0186856,0.04503899981500581, 0.36161500020170934,0,0,27.8,0.0,1
11800,1776086522.0482867,0.04373999991003075, 0.33943300013561384,0,0,27.8,0.0,1
11801,1776086522.078308,0.04415700004756218, 0.3469869998298236,0,0,27.8,0.0,1
11802,1776086522.1081076,0.048630000037519494, 0.38197300000319956,0,0,27.8,0.0,1
11803,1776086522.1368022,0.04418099979375256, 0.3458750002209854,0,0,27.8,0.0,1
11804,1776086522.1683187,0.04123500002606306, 0.3262999998696614,0,0,27.8,0.0,1
11805,1776086522.1961913,0.04340599980423576, 0.372228999822255,0,0,27.8,0.0,1
11806,1776086522.226397,0.05623900005957694, 0.42451000035725883,0,0,27.8,0.0,1
11807,1776086522.2562253,0.04800499982593465, 0.36515000010695076,0,0,27.8,0.0,1
11808,1776086522.2860951,0.043279000237816945, 0.3490060003059625,0,0,27.8,0.0,1
11809,1776086522.3158624,0.04578099969876348, 0.3429880002840946,0,0,27.8,0.0,1
11810,1776086522.3453102,0.044840999635198386, 0.33695000001898734,0,0,27.8,0.0,1
11811,1776086522.37507,0.04715899967777659, 0.3383590001249104,0,0,27.8,0.0,1
11812,1776086522.4053252,0.046191999899747316, 0.34522400028436095,0,0,27.8,0.0,1
11813,1776086522.4354017,0.04426699979376281, 0.3448929996920924,0,0,27.8,0.0,1
11814,1776086522.4641743,0.04518000014286372, 0.33196399999724235,0,0,27.8,0.0,1
11815,1776086522.4939368,0.04310399981477531, 0.34644100014702417,0,0,27.8,0.0,1
11816,1776086522.523829,0.04498999987845309, 0.34276099995622644,0,0,27.8,0.0,1
11816,1776086522.586964,33.78665800028102, 0.3204730001016287,21,20,27.8,0.0,0
11817,1776086522.6354234,23.063645000092947, 0.30824499981463305,20,0,27.8,0.0,0
11818,1776086522.6531718,16.008169000087946, 0.3402890001780179,20,20,27.8,0.0,0
11819,1776086522.6675375,12.38679600010073, 0.3461530000095081,19,20,27.8,0.0,0
11820,1776086522.9430954,12.46587899959195, 258.50266399993416,18,15,27.8,0.0,0
11822,1776086522.9473217,0.534119999883842, 0.1803029999791761,0,15,27.8,0.0,1
11823,1776086522.9704185,0.8932699997785676, 0.35495399970386643,0,11,27.8,0.0,1
11824,1776086523.001634,2.1846279996680096, 0.31128299997362774,0,10,27.8,0.0,1
11825,1776086523.0336971,0.5417020001914352, 0.3229760000067472,0,0,27.8,0.0,1
11826,1776086523.060171,0.041787000100157456, 0.3158929998789972,0,0,27.8,0.0,1
11827,1776086523.0881574,0.04408099994179793, 0.33602199982851744,0,0,27.8,0.0,1
11828,1776086523.1183772,0.05141700012245565, 0.3842259998236841,0,0,27.8,0.0,1
11829,1776086523.147842,0.0442759996985842, 0.34014500033663353,0,0,27.8,0.0,1
11830,1776086523.1776915,0.04135800008953083, 0.36090399999011424,0,0,27.8,0.0,1
11831,1776086523.2071333,0.04434600032254821, 0.33621000011407887,0,0,27.8,0.0,1
11832,1776086523.2369335,0.04332800017436966, 0.3367380004419829,0,0,27.8,0.0,1
11833,1776086523.267071,0.04860799981543096, 0.3766150002775248,0,0,27.8,0.0,1
11834,1776086523.2971125,0.04435599976204685, 0.34192200018878793,0,0,27.8,0.0,1
11835,1776086523.326614,0.04257000000507105, 0.34835699989343993,0,0,27.8,0.0,1
11836,1776086523.3552005,0.04529799980446114, 0.38065899980210816,0,0,27.8,0.0,1
11837,1776086523.3857727,0.04622900041795219, 0.34235100019941456,0,0,27.8,0.0,1
11838,1776086523.4150991,0.04643900001610746, 0.33659600012470037,0,0,27.8,0.0,1
11839,1776086523.4449394,0.04182700013188878, 0.3385230002095341,0,0,27.8,0.0,1
11840,1776086523.4747467,0.06628100027228356, 0.345446999745036,0,0,27.8,0.0,1
11841,1776086523.5037313,0.06032999999661115, 0.34145599965995643,0,0,27.8,0.0,1
11842,1776086523.533893,0.04507299991018954, 0.36029400007464574,0,0,27.8,0.0,1
11843,1776086523.5635707,0.04687999989982927, 0.3652890000012121,0,0,27.8,0.0,1
11844,1776086523.5930934,0.04564499977277592, 0.34890400002041133,0,0,27.8,0.0,1
11845,1776086523.6226342,0.041989000237663276, 0.37190600005487795,0,0,27.8,0.0,1
11846,1776086523.6544988,0.04164299980402575, 0.3387810002095648,0,0,27.8,0.0,1
11847,1776086523.682981,0.0447400002485665, 0.38906200006749714,0,0,27.8,0.0,1
11848,1776086523.7122238,0.042208000195387285, 0.3390909996596747,0,0,27.8,0.0,1
11849,1776086523.7420137,0.042361999931017635, 0.3401540002414549,0,0,27.8,0.0,1
11850,1776086523.7718198,0.042965999909938546, 0.35104400012642145,0,0,27.8,0.0,1
11851,1776086523.8019183,0.04466600012165145, 0.3357679997861851,0,0,27.8,0.0,1
11852,1776086523.8311667,0.04346900004748022, 0.3407439999136841,0,0,27.8,0.0,1
11853,1776086523.8609593,0.04600400006893324, 0.3376929998921696,0,0,27.8,0.0,1
11854,1776086523.8911476,0.043992999962938484, 0.3405430002203502,0,0,27.8,0.0,1
11855,1776086523.9209015,0.04019900006824173, 0.3099890000157757,0,0,27.8,0.0,1
11855,1776086523.9839065,33.93180500006565, 0.3069270001105906,16,16,27.8,0.0,0
11856,1776086523.9996922,13.915239000198198, 0.2563279999776569,12,0,27.8,0.0,0
11857,1776086524.030339,19.787691999681556, 0.2862069995899219,14,14,27.8,0.0,0
11858,1776086524.0577948,18.823299999894516, 0.3304840001874254,13,19,27.8,0.0,0
11859,1776086524.3477623,20.70834100004504, 258.13495100010186,10,12,27.8,0.0,0
11861,1776086524.3518858,0.7017469997663284, 0.20988200003557722,0,12,27.8,0.0,1
11862,1776086524.366781,0.771736999922723, 0.3567070002645778,0,8,27.8,0.0,1
11863,1776086524.396468,0.6296039996414038, 0.3476629999568104,0,6,27.8,0.0,1
11864,1776086524.4277859,2.0881579998786037, 0.36733299975821865,0,0,27.8,0.0,1
11865,1776086524.4592688,0.03630900027928874, 0.26717300033851643,0,0,27.8,0.0,1
11866,1776086524.4852495,0.044101000185037265, 0.3319960001135769,0,0,27.8,0.0,1
11867,1776086524.5157642,0.044673000047623646, 0.34529899994595326,0,0,27.8,0.0,1
11868,1776086524.5442123,0.04644699993150425, 0.33213500000783824,0,0,27.8,0.0,1
11869,1776086524.574007,0.04248200002621161, 0.34618600011526723,0,0,27.8,0.0,1
11870,1776086524.6038175,0.04501100011111703, 0.3452779997132893,0,0,27.8,0.0,1
11871,1776086524.6340067,0.04734899994218722, 0.376732000404445,0,0,27.8,0.0,1
11872,1776086524.6632035,0.043538999761949526, 0.33438400032537174,0,0,27.8,0.0,1
11873,1776086524.6932569,0.04726599991045077, 0.3822180001407105,0,0,27.8,0.0,1
11874,1776086524.7229097,0.043214000015723286, 0.34258100004080916,0,0,27.8,0.0,1
11875,1776086524.7529504,0.0467599998046353, 0.33893799991346896,0,0,27.8,0.0,1
11876,1776086524.7820582,0.041773000248213066, 0.3412339997339586,0,0,27.8,0.0,1
11877,1776086524.8118925,0.04622899996320484, 0.3412999999454769,0,0,27.8,0.0,1
11878,1776086524.842932,0.023439999949914636, 0.18786700002237922,0,0,27.8,0.0,1
11879,1776086524.8711524,0.042653999571484746, 0.3401469998607354,0,0,27.8,0.0,1
11880,1776086524.9009879,0.04548199967757682, 0.3392970002096263,0,0,27.8,0.0,1
11881,1776086524.930771,0.0483850003547559, 0.3492490000098769,0,0,27.8,0.0,1
11882,1776086524.9606059,0.04542399983620271, 0.3799329997491441,0,0,27.8,0.0,1
11883,1776086524.990194,0.04208800010019331, 0.3549950001797697,0,0,27.8,0.0,1
11884,1776086525.0199468,0.0461350000477978, 0.33694800004013814,0,0,27.8,0.0,1
11885,1776086525.0496702,0.043588999687926844, 0.3469369999038463,0,0,27.8,0.0,1
11886,1776086525.0795774,0.044626999624597374, 0.3308620002826501,0,0,27.8,0.0,1
11887,1776086525.1095862,0.04135200015298324, 0.33128100039903075,0,0,27.8,0.0,1
11888,1776086525.1387799,0.046999999995023245, 0.33829900030468707,0,0,27.8,0.0,1
11889,1776086525.1686168,0.04836799962504301, 0.361494999651768,0,0,27.8,0.0,1
11890,1776086525.1983457,0.04799499993168865, 0.3737239999281883,0,0,27.8,0.0,1
11891,1776086525.2278922,0.04457499971977086, 0.3470740002740058,0,0,27.8,0.0,1
11892,1776086525.2577367,0.0565310001547914, 0.342129999808094,0,0,27.8,0.0,1
11893,1776086525.2871985,0.04174800005785073, 0.34471599974494893,0,0,27.8,0.0,1
11894,1776086525.3173702,0.0521070001013868, 0.3777760002776631,0,0,27.8,0.0,1
11894,1776086525.3790543,32.03920000032667, 0.2756300000328338,12,12,27.8,0.0,0
11895,1776086525.3951468,14.235464000194042, 0.24793600005068583,14,0,27.8,0.0,0
11896,1776086525.4238927,18.469071999788866, 0.28675200019279146,14,14,27.8,0.0,0
11897,1776086525.456652,20.190013000046747, 0.33310100025119027,18,20,27.8,0.0,0
11898,1776086525.7440279,19.503502000134176, 259.03872399976535,22,12,27.8,0.0,0
11900,1776086525.7492456,0.3407639997021761, 0.17630199999985052,0,12,27.8,0.0,1
11901,1776086525.763236,0.8154930001182947, 0.35995799999000155,0,10,27.8,0.0,1
11902,1776086525.7943764,2.187940000112576, 0.30645300012110965,0,10,27.8,0.0,1
11903,1776086525.8272479,0.5216800000198418, 0.3388209997865488,0,0,27.8,0.0,1
11904,1776086525.8518903,0.04556900012175902, 0.3390179999769316,0,0,27.8,0.0,1
11905,1776086525.8812757,0.04082299983565463, 0.33682499997667037,0,0,27.8,0.0,1
11906,1776086525.9111311,0.047059999815246556, 0.33041699998648255,0,0,27.8,0.0,1
11907,1776086525.9410627,0.04309799987822771, 0.34174000029452145,0,0,27.8,0.0,1
11908,1776086525.9711962,0.0448159998995834, 0.340226999924198,0,0,27.8,0.0,1
11909,1776086526.0009844,0.03863800020553754, 0.3166459996464255,0,0,27.8,0.0,1
11910,1776086526.0300887,0.045742000111204106, 0.33445899998696405,0,0,27.8,0.0,1
11911,1776086526.0599215,0.044189999698573956, 0.3349409998918418,0,0,27.8,0.0,1
11912,1776086526.089362,0.04345400020611123, 0.35005400013687904,0,0,27.8,0.0,1
11913,1776086526.119126,0.04565600011119386, 0.3391330001250026,0,0,27.8,0.0,1
11914,1776086526.1490006,0.044455000079324236, 0.3319750003356603,0,0,27.8,0.0,1
11915,1776086526.1787758,0.04329700004745973, 0.34138000000893953,0,0,27.8,0.0,1
11916,1776086526.2086253,0.046752000343985856, 0.36703600017062854,0,0,27.8,0.0,1
11917,1776086526.2387328,0.05829400015500141, 0.3382419999979902,0,0,27.8,0.0,1
11918,1776086526.2681851,0.0486160001855751, 0.38191100020412705,0,0,27.8,0.0,1
11919,1776086526.297694,0.04331399986767792, 0.36199400028635864,0,0,27.8,0.0,1
11920,1776086526.3287132,0.03964500001529814, 0.29100400024617556,0,0,27.8,0.0,1
11921,1776086526.356863,0.04391099992062664, 0.33477300030426704,0,0,27.8,0.0,1
11922,1776086526.3868854,0.04261399999450077, 0.3477199998087599,0,0,27.8,0.0,1
11923,1776086526.4165256,0.04719200023828307, 0.36654399991675746,0,0,27.8,0.0,1
11924,1776086526.4464972,0.04975299998477567, 0.3834419999293459,0,0,27.8,0.0,1
11925,1776086526.4759066,0.044145999709144235, 0.3463709999778075,0,0,27.8,0.0,1
11926,1776086526.505731,0.060428999859141186, 0.34274200015715905,0,0,27.8,0.0,1
11927,1776086526.5351608,0.045327000407269225, 0.3297729999758303,0,0,27.8,0.0,1
11928,1776086526.5654,0.04199900013190927, 0.3505989998302539,0,0,27.8,0.0,1
11929,1776086526.5954535,0.04185599982520216, 0.34665099974517943,0,0,27.8,0.0,1
11930,1776086526.6242778,0.044085999888920924, 0.3303050002614327,0,0,27.8,0.0,1
11931,1776086526.654098,0.044536000132211484, 0.3381350002200634,0,0,27.8,0.0,1
11932,1776086526.6839473,0.045605000195791945, 0.34668399985093856,0,0,27.8,0.0,1
11933,1776086526.7136571,0.04922100015392061, 0.3609959999266721,0,0,27.8,0.0,1
11933,1776086526.7751744,31.76092300009259, 0.29552599971793825,14,14,27.8,0.0,0
11934,1776086526.7916873,14.695682999899873, 0.2561920000516693,16,0,27.8,0.0,0
11935,1776086526.8243613,21.2027190000299, 0.31131500008996227,17,17,27.8,0.0,0
11936,1776086526.8502889,17.92057200009367, 0.3243350001866929,17,20,27.8,0.0,0
11937,1776086527.1401896,21.484040999894205, 256.5179020002688,14,14,27.8,0.0,0
11939,1776086527.1441023,0.7970679998834385, 0.2863629997591488,0,14,27.8,0.0,1
11940,1776086527.1598608,0.8704950000719691, 0.3560679997463012,0,9,27.8,0.0,1
11941,1776086527.1898062,0.6423609997909807, 0.33893899990289356,0,7,27.8,0.0,1
11942,1776086527.2203689,2.21685599990451, 0.41457099996478064,0,0,27.8,0.0,1
11943,1776086527.2521515,0.0366060003216262, 0.2661119997355854,0,0,27.8,0.0,1
11944,1776086527.2775648,0.04867100005867542, 0.36401799980012584,0,0,27.8,0.0,1
11945,1776086527.3073668,0.04412799989950145, 0.39530799995191046,0,0,27.8,0.0,1
11946,1776086527.3371856,0.04661699995267554, 0.4123929998058884,0,0,27.8,0.0,1
11947,1776086527.3673048,0.04470999965633382, 0.37749800003439304,0,0,27.8,0.0,1
11948,1776086527.3969877,0.046194999868021114, 0.3431630002523889,0,0,27.8,0.0,1
11949,1776086527.42751,0.05081200015411014, 0.368767000054504,0,0,27.8,0.0,1
11950,1776086527.4566858,0.045265000153449364, 0.35028599995712284,0,0,27.8,0.0,1
11951,1776086527.4860723,0.042484999994485406, 0.34022399995592423,0,0,27.8,0.0,1
11952,1776086527.517431,0.04066199971930473, 0.3220200001123885,0,0,27.8,0.0,1
11953,1776086527.545733,0.05733400030294433, 0.3468630002316786,0,0,27.8,0.0,1
11954,1776086527.5752227,0.04314799980420503, 0.345660999755637,0,0,27.8,0.0,1
11955,1776086527.604953,0.04647700006898958, 0.347425000200019,0,0,27.8,0.0,1
11956,1776086527.634818,0.04592200002662139, 0.33600500000829925,0,0,27.8,0.0,1
11957,1776086527.664303,0.043835000269609736, 0.3332080000291171,0,0,27.8,0.0,1
11958,1776086527.6942046,0.042020999899250455, 0.3453160002209188,0,0,27.8,0.0,1
11959,1776086527.7239711,0.046192999889171915, 0.3364550002515898,0,0,27.8,0.0,1
11960,1776086527.754333,0.045991999741090694, 0.33854200000860146,0,0,27.8,0.0,1
11961,1776086527.7838042,0.04146700030105421, 0.3077569999732077,0,0,27.8,0.0,1
11962,1776086527.8130548,0.04507999983616173, 0.34497999968152726,0,0,27.8,0.0,1
11963,1776086527.842831,0.048037999931693776, 0.3400740001779923,0,0,27.8,0.0,1
11964,1776086527.872666,0.042795999888767255, 0.36614400005419157,0,0,27.8,0.0,1
11965,1776086527.9020977,0.04353299982540193, 0.34114300024157274,0,0,27.8,0.0,1
11966,1776086527.9319847,0.04587200010064407, 0.3425520003474958,0,0,27.8,0.0,1
11967,1776086527.9617572,0.04927700001644553, 0.3419269996811636,0,0,27.8,0.0,1
11968,1776086527.9912963,0.04567399992083665, 0.33000800021909527,0,0,27.8,0.0,1
11969,1776086528.02139,0.042628000301192515, 0.34589799997775117,0,0,27.8,0.0,1
11970,1776086528.0508792,0.04546100035440759, 0.3353429997332569,0,0,27.8,0.0,1
11971,1776086528.0806687,0.042208999730064534, 0.36094999995839316,0,0,27.8,0.0,1
11972,1776086528.111629,0.03966100030083908, 0.3075409999837575,0,0,27.8,0.0,1
11972,1776086528.172197,32.35026999982438, 0.31875299964667647,26,20,27.8,0.0,0
11973,1776086528.2241268,22.703152999838494, 0.2865499996005383,37,0,27.8,0.0,0
11974,1776086528.2569804,22.5716739996642, 0.32429399971078965,24,20,27.8,0.0,0
11975,1776086528.2758834,14.84604400002354, 0.32524599964744993,29,20,27.8,0.0,0
11976,1776086528.568263,21.10686399964834, 257.64067299996896,31,14,27.8,0.0,0
11978,1776086528.572457,0.820199999907345, 0.3053050004382385,0,14,27.8,0.0,1
11979,1776086528.5857294,0.8709509997970599, 0.31266499991033925,0,13,27.8,0.0,1
11980,1776086528.6170435,2.412526000171056, 0.3034860001207562,0,12,27.8,0.0,1
11981,1776086528.6495297,0.606485999924189, 0.34657200012588874,0,0,27.8,0.0,1
11982,1776086528.674973,0.043680000089807436, 0.34254599995620083,0,0,27.8,0.0,1
11983,1776086528.705971,0.040655999782757135, 0.3166559999954188,0,0,27.8,0.0,1
11984,1776086528.733611,0.04898899987892946, 0.36918600017088465,0,0,27.8,0.0,1
11985,1776086528.7636454,0.05035799995312118, 0.37558299982265453,0,0,27.8,0.0,1
11986,1776086528.7930462,0.04557800002658041, 0.37709900016125175,0,0,27.8,0.0,1
11987,1776086528.822826,0.04595400014295592, 0.34913499985123053,0,0,27.8,0.0,1
11988,1776086528.8525608,0.05060400008005672, 0.374854000256164,0,0,27.8,0.0,1
11989,1776086528.8824124,0.047700000322947744, 0.4144790000282228,0,0,27.8,0.0,1
11990,1776086528.912453,0.04981499978384818, 0.3688940000756702,0,0,27.8,0.0,1
11991,1776086528.9422865,0.04482500025915215, 0.3376170002411527,0,0,27.8,0.0,1
11992,1776086528.9713051,0.04888400007985183, 0.36832799969488406,0,0,27.8,0.0,1
11993,1776086529.002222,0.050880000344477594, 0.4058509998685622,0,0,27.8,0.0,1
11994,1776086529.0312414,0.04297099985706154, 0.3397240002414037,0,0,27.8,0.0,1
11995,1776086529.060897,0.04561200012176414, 0.3370310000718746,0,0,27.8,0.0,1
11996,1776086529.0903406,0.047761000132595655, 0.40255300018543494,0,0,27.8,0.0,1
11997,1776086529.1201098,0.04222600000503007, 0.35361999971428304,0,0,27.8,0.0,1
11998,1776086529.1498802,0.048611999773129355, 0.34639700015759445,0,0,27.8,0.0,1
11999,1776086529.1794176,0.04593299991029198, 0.3868680000778113,0,0,27.8,0.0,1
12000,1776086529.209173,0.047710999751870986, 0.4071190001013747,0,0,27.8,0.0,1
12001,1776086529.2391136,0.0447450001956895, 0.3450549997978669,0,0,27.8,0.0,1
12002,1776086529.2696779,0.04011999999420368, 0.33194700017702417,0,0,27.8,0.0,1
12003,1776086529.3000474,0.04331199988882872, 0.3140789999633853,0,0,27.8,0.0,1
12004,1776086529.3278875,0.04255700014255126, 0.3442659999564057,0,0,27.8,0.0,1
12005,1776086529.3579776,0.04907600032311166, 0.36244000011720345,0,0,27.8,0.0,1
12006,1776086529.3875275,0.04750500011141412, 0.3814080000665854,0,0,27.8,0.0,1
12007,1776086529.417235,0.045850999867980136, 0.39235900021594716,0,0,27.8,0.0,1
12008,1776086529.447001,0.04555399982564268, 0.34370299999864073,0,0,27.8,0.0,1
12009,1776086529.4767618,0.0687110000399116, 0.36207099992680014,0,0,27.8,0.0,1
12010,1776086529.5067039,0.046582999857491814, 0.36173499984215596,0,0,27.8,0.0,1
12011,1776086529.536302,0.04762700018545729, 0.3592279999793391,0,0,27.8,0.0,1
12011,1776086529.5984385,32.82028099965828, 0.32408299966846243,19,19,27.8,0.0,0
12012,1776086529.6138675,13.570135999998456, 0.26036799999928917,20,0,27.8,0.0,0
12013,1776086529.650355,21.873685000173282, 0.32565599985900917,20,20,27.8,0.0,0
12014,1776086529.674761,17.598328000076435, 0.32290099989040755,19,20,27.8,0.0,0
12015,1776086529.9643266,20.24593000032837, 258.14132600044104,20,14,27.8,0.0,0
12017,1776086529.9685817,0.6262430001697794, 0.19304299985378748,0,14,27.8,0.0,1
12018,1776086529.983261,0.8912859998417844, 0.38758499977120664,0,10,27.8,0.0,1
12019,1776086530.012626,0.7046870000522176, 0.33040000016626436,0,9,27.8,0.0,1
12020,1776086530.0439122,2.110296000410017, 0.39265699979296187,0,0,27.8,0.0,1
12021,1776086530.0754073,0.0364460001947009, 0.2734610002335103,0,0,27.8,0.0,1
12022,1776086530.1012487,0.04457500017451821, 0.34680699991440633,0,0,27.8,0.0,1
12023,1776086530.1308763,0.04463100003704312, 0.3376999998181418,0,0,27.8,0.0,1
12024,1776086530.160072,0.05087299996375805, 0.4330229999141011,0,0,27.8,0.0,1
12025,1776086530.189677,0.043461999666760676, 0.3622109998104861,0,0,27.8,0.0,1
12026,1776086530.2193825,0.04518000014286372, 0.37844200005565654,0,0,27.8,0.0,1
12027,1776086530.24915,0.046238999857450835, 0.3838120001091738,0,0,27.8,0.0,1
12028,1776086530.2789629,0.04128999989916338, 0.35320799997862196,0,0,27.8,0.0,1
12029,1776086530.308613,0.04234400012137485, 0.3615880000324978,0,0,27.8,0.0,1
12030,1776086530.338247,0.04527600003711996, 0.37417700013975264,0,0,27.8,0.0,1
12031,1776086530.3683822,0.05383500001698849, 0.41357000009156764,0,0,27.8,0.0,1
12032,1776086530.3976793,0.04309699988880311, 0.361051999789197,0,0,27.8,0.0,1
12033,1776086530.4276717,0.04607700020642369, 0.3987289996985055,0,0,27.8,0.0,1
12034,1776086530.458288,0.04422100028023124, 0.3661880000436213,0,0,27.8,0.0,1
12035,1776086530.4884913,0.05177999992156401, 0.3144649999740068,0,0,27.8,0.0,1
12036,1776086530.5165982,0.04103599985683104, 0.3716199998962111,0,0,27.8,0.0,1
12037,1776086530.5464761,0.05041399981564609, 0.40504700018573203,0,0,27.8,0.0,1
12038,1776086530.5766244,0.04586199975165073, 0.38203199983399827,0,0,27.8,0.0,1
12039,1776086530.605772,0.06609399997614673, 0.3682230003505538,0,0,27.8,0.0,1
12040,1776086530.6355274,0.045385999783320585, 0.3782469998441229,0,0,27.8,0.0,1
12041,1776086530.665254,0.046982999720057705, 0.38317200005622,0,0,27.8,0.0,1
12042,1776086530.6952055,0.04511999986789306, 0.3367069998603256,0,0,27.8,0.0,1
12043,1776086530.7249913,0.043431999984022696, 0.3380799998922157,0,0,27.8,0.0,1
12044,1776086530.7542834,0.04649099992093397, 0.37462000000232365,0,0,27.8,0.0,1
12045,1776086530.7842038,0.04662299988922314, 0.39236100019479636,0,0,27.8,0.0,1
12046,1776086530.8141625,0.044206999973539496, 0.3397579998818401,0,0,27.8,0.0,1
12047,1776086530.8439307,0.04542799979390111, 0.3345499999340973,0,0,27.8,0.0,1
12048,1776086530.873952,0.04643500005840906, 0.34136100020987215,0,0,27.8,0.0,1
12049,1776086530.9034133,0.046457999815174844, 0.3779690000556002,0,0,27.8,0.0,1
12050,1776086530.9326227,0.048656999751983676, 0.366232000033051,0,0,27.8,0.0,1
12050,1776086530.998036,35.43211600026552, 0.2945549999822106,15,15,27.8,0.0,0
12051,1776086531.044815,22.655197999938537, 0.25197600007231813,24,0,27.8,0.0,0
12052,1776086531.0629315,16.316568000092957, 0.3223540002181835,20,20,27.8,0.0,0
12053,1776086531.0775535,12.49846000018806, 0.35703799994735164,19,20,27.8,0.0,0
12054,1776086531.352909,12.637451000045985, 258.2064680000258,19,15,27.8,0.0,0
12056,1776086531.3578627,0.7004060003055201, 0.18248600008519134,0,15,27.8,0.0,1
12057,1776086531.3812094,0.8346439999513677, 0.3403310001885984,0,10,27.8,0.0,1
12058,1776086531.4109051,2.271981999911077, 0.3030119996765279,0,10,27.8,0.0,1
12059,1776086531.4433584,0.5204639996918559, 0.35030299977734103,0,0,27.8,0.0,1
12060,1776086531.4679568,0.04522000017459504, 0.34231300014653243,0,0,27.8,0.0,1
12061,1776086531.4978547,0.04289500020604464, 0.35033899985137396,0,0,27.8,0.0,1
12062,1776086531.5272546,0.041323000004922505, 0.3465879999566823,0,0,27.8,0.0,1
12063,1776086531.5574126,0.049732000206859084, 0.37887999997110455,0,0,27.8,0.0,1
12064,1776086531.5872238,0.04471100010050577, 0.34392699990348774,0,0,27.8,0.0,1
12065,1776086531.6173968,0.048270999741362175, 0.38410199977079174,0,0,27.8,0.0,1
12066,1776086531.6461034,0.0430380000580044, 0.33837899991340237,0,0,27.8,0.0,1
12067,1776086531.6763763,0.04647700006898958, 0.3778410000450094,0,0,27.8,0.0,1
12068,1776086531.7057874,0.042425000174262095, 0.346542999977828,0,0,27.8,0.0,1
12069,1776086531.7355525,0.04546799982563243, 0.3586430002542329,0,0,27.8,0.0,1
12070,1776086531.7653632,0.047204000111378264, 0.3770640000766434,0,0,27.8,0.0,1
12071,1776086531.7948782,0.044287000037002144, 0.3505680001580913,0,0,27.8,0.0,1
12072,1776086531.8250492,0.04748800029119593, 0.3734740002983017,0,0,27.8,0.0,1
12073,1776086531.8545609,0.048505999984627124, 0.3726509999069094,0,0,27.8,0.0,1
12074,1776086531.8839953,0.0424140002905915, 0.3457130001152109,0,0,27.8,0.0,1
12075,1776086531.9138324,0.044734999846696155, 0.33812699984991923,0,0,27.8,0.0,1
12076,1776086531.9440048,0.03863300025841454, 0.31725000008009374,0,0,27.8,0.0,1
12077,1776086531.9746213,0.037398000131361187, 0.3079359998992004,0,0,27.8,0.0,1
12078,1776086532.0030856,0.04269800001566182, 0.3436829997554014,0,0,27.8,0.0,1
12079,1776086532.0329854,0.04882600023847772, 0.38352299998223316,0,0,27.8,0.0,1
12080,1776086532.0625706,0.04975399997420027, 0.36714399993797997,0,0,27.8,0.0,1
12081,1776086532.0920248,0.04447700030141277, 0.34774200003084843,0,0,27.8,0.0,1
12082,1776086532.1220765,0.05030000011174707, 0.384824999855482,0,0,27.8,0.0,1
12083,1776086532.1512394,0.04357599982540705, 0.34620700034793117,0,0,27.8,0.0,1
12084,1776086532.1811135,0.04461499975150218, 0.3455079995546839,0,0,27.8,0.0,1
12085,1776086532.2108264,0.04879300013271859, 0.3427299998293165,0,0,27.8,0.0,1
12086,1776086532.2407494,0.06360299994412344, 0.34682500017879647,0,0,27.8,0.0,1
12087,1776086532.2698479,0.041382999825145816, 0.34895399994638865,0,0,27.8,0.0,1
12088,1776086532.2994485,0.044614000216824934, 0.3807569996752136,0,0,27.8,0.0,1
12089,1776086532.329528,0.05178699984753621, 0.3890789998877153,0,0,27.8,0.0,1
12089,1776086532.37855,19.644286999664473, 0.343110999892815,19,19,27.8,0.0,0
12090,1776086532.433512,23.083428999598254, 0.2845310000338941,20,0,27.8,0.0,0
12091,1776086532.4528728,17.6229029998467, 0.3275819999544183,21,20,27.8,0.0,0
12092,1776086532.4676895,12.868582000010065, 0.3235130002394726,21,20,27.8,0.0,0
12093,1776086532.747482,14.248858999962977, 257.13185499989777,15,14,27.8,0.0,0
12095,1776086532.7518756,0.7985840002220357, 0.24469800018778187,0,14,27.8,0.0,1
12096,1776086532.7763832,0.8275049999610928, 0.3351589998601412,0,12,27.8,0.0,1
12097,1776086532.806188,0.7801480001035088, 0.3634109998529311,0,8,27.8,0.0,1
12098,1776086532.8374028,2.209923999998864, 0.41632800002844306,0,0,27.8,0.0,1
12099,1776086532.8689544,0.03653599969766219, 0.26259400010530953,0,0,27.8,0.0,1
12100,1776086532.8942065,0.04460199988898239, 0.3371469997546228,0,0,27.8,0.0,1
12101,1776086532.924361,0.048082999910548097, 0.3717720001077396,0,0,27.8,0.0,1
12102,1776086532.9538727,0.0442000000475673, 0.34043799996652524,0,0,27.8,0.0,1
12103,1776086532.9839573,0.04549300001599477, 0.33904500014614314,0,0,27.8,0.0,1
12104,1776086533.012706,0.04193799986751401, 0.3724039997905493,0,0,27.8,0.0,1
12105,1776086533.042412,0.04831500018553925, 0.3806879999501689,0,0,27.8,0.0,1
12106,1776086533.0731456,0.04958600038662553, 0.39601300022695796,0,0,27.8,0.0,1
12107,1776086533.102237,0.0438140000369458, 0.33815300002970616,0,0,27.8,0.0,1
12108,1776086533.1327493,0.04181599979347084, 0.3146230001220829,0,0,27.8,0.0,1
12109,1776086533.1633248,0.04056800025864504, 0.3151850000904233,0,0,27.8,0.0,1
12110,1776086533.1914432,0.04612700013240101, 0.36957500014977995,0,0,27.8,0.0,1
12111,1776086533.2205703,0.0426490000791091, 0.3663920001599763,0,0,27.8,0.0,1
12112,1776086533.2505815,0.048258000333589735, 0.3934779997507576,0,0,27.8,0.0,1
12113,1776086533.280197,0.04607999971995014, 0.42984299989257124,0,0,27.8,0.0,1
12114,1776086533.3103006,0.04377799996291287, 0.3383970001777925,0,0,27.8,0.0,1
12115,1776086533.340378,0.049745000069378875, 0.38325100013025803,0,0,27.8,0.0,1
12116,1776086533.3702223,0.04368700001577963, 0.3415549999772338,0,0,27.8,0.0,1
12117,1776086533.3996608,0.03826200008916203, 0.33599700009290245,0,0,27.8,0.0,1
12118,1776086533.4291666,0.0445900000158872, 0.348411000231863,0,0,27.8,0.0,1
12119,1776086533.4590125,0.049929999931919156, 0.34873399999924004,0,0,27.8,0.0,1
12120,1776086533.488777,0.04561500009003794, 0.3417750003791298,0,0,27.8,0.0,1
12121,1776086533.5185158,0.04916699981549755, 0.37384000006568385,0,0,27.8,0.0,1
12122,1776086533.5484352,0.05080199980511679, 0.379297000108636,0,0,27.8,0.0,1
12123,1776086533.5782444,0.051799999710056, 0.3840709996438818,0,0,27.8,0.0,1
12124,1776086533.608021,0.047231999815267045, 0.37439900006575044,0,0,27.8,0.0,1
12125,1776086533.6372228,0.043385000026319176, 0.34509399984017364,0,0,27.8,0.0,1
12126,1776086533.6669638,0.04485699992073933, 0.34266799957549665,0,0,27.8,0.0,1
12127,1776086533.696867,0.045277000026544556, 0.33941100036827265,0,0,27.8,0.0,1
12128,1776086533.7269778,0.04183900000498397, 0.31161000015345053,0,0,27.8,0.0,1
12128,1776086533.790793,32.89046400004736, 0.33837199998743017,23,20,27.8,0.0,0
12129,1776086533.8379247,22.41528600006859, 0.28464900015023886,20,0,27.8,0.0,0
12130,1776086533.8549304,15.246106999711628, 0.2984510001624585,14,14,27.8,0.0,0
12131,1776086533.8694441,12.653989000227739, 0.32906800015553017,16,17,27.8,0.0,0
12132,1776086534.1447275,12.564718000248831, 258.19250699987606,18,10,27.8,0.0,0
12134,1776086534.1492698,0.6445449998864206, 0.313903999995091,0,10,27.8,0.0,1
12135,1776086534.172592,0.6777940002393734, 0.32969399990179227,0,9,27.8,0.0,1
12136,1776086534.2040539,2.2561229998245835, 0.31441999999515247,0,9,27.8,0.0,1
12137,1776086534.23684,0.5063620001237723, 0.3387519996067567,0,0,27.8,0.0,1
12138,1776086534.2614899,0.04291200002626283, 0.34068199965986423,0,0,27.8,0.0,1
12139,1776086534.2913225,0.04734999993161182, 0.3407859999242646,0,0,27.8,0.0,1
12140,1776086534.3207617,0.04597199995259871, 0.3388360000826651,0,0,27.8,0.0,1
12141,1776086534.350437,0.042223000036756275, 0.35107599978800863,0,0,27.8,0.0,1
12142,1776086534.3800564,0.04372100011096336, 0.33059199995477684,0,0,27.8,0.0,1
12143,1776086534.4098232,0.044363000142766396, 0.3377460002411681,0,0,27.8,0.0,1
12144,1776086534.4396896,0.041973999941546936, 0.36075499974685954,0,0,27.8,0.0,1
12145,1776086534.4692066,0.043694999931176426, 0.3415080000195303,0,0,27.8,0.0,1
12146,1776086534.4989705,0.04457800014279201, 0.34214000015708734,0,0,27.8,0.0,1
12147,1776086534.5291433,0.04804899981536437, 0.383614999918791,0,0,27.8,0.0,1
12148,1776086534.5587587,0.04512100031206501, 0.3425759996389388,0,0,27.8,0.0,1
12149,1776086534.5880873,0.042314999973314116, 0.3348770001139201,0,0,27.8,0.0,1
12150,1776086534.6185486,0.042024000322271604, 0.3394609998395026,0,0,27.8,0.0,1
12151,1776086534.6491773,0.04102000002603745, 0.31374200034406385,0,0,27.8,0.0,1
12152,1776086534.6771557,0.04488199965635431, 0.334893000399461,0,0,27.8,0.0,1
12153,1776086534.7069383,0.04389200012155925, 0.3457369998614013,0,0,27.8,0.0,1
12154,1776086534.7371254,0.04920699984722887, 0.37906599982306943,0,0,27.8,0.0,1
12155,1776086534.7662492,0.042484999994485406, 0.33599000016693026,0,0,27.8,0.0,1
12156,1776086534.7960455,0.04470900012165657, 0.3384430001460714,0,0,27.8,0.0,1
12157,1776086534.8258455,0.04623300037565059, 0.3461659998720279,0,0,27.8,0.0,1
12158,1776086534.8560226,0.04648000003726338, 0.34204199982923456,0,0,27.8,0.0,1
12159,1776086534.8855534,0.04554499992082128, 0.3291620000709372,0,0,27.8,0.0,1
12160,1776086534.9149327,0.045060000047669746, 0.3382859999874199,0,0,27.8,0.0,1
12161,1776086534.9447486,0.060586000017792685, 0.34142999993491685,0,0,27.8,0.0,1
12162,1776086534.9742854,0.044189999698573956, 0.3348089999235526,0,0,27.8,0.0,1
12163,1776086535.0041797,0.043786999867734266, 0.34707499980868306,0,0,27.8,0.0,1
12164,1776086535.0338383,0.04323399980421527, 0.3335999999762862,0,0,27.8,0.0,1
12165,1776086535.0639641,0.04877799983660225, 0.37981500008754665,0,0,27.8,0.0,1
12166,1776086535.0932443,0.042255000153090805, 0.3410680001252331,0,0,27.8,0.0,1
12167,1776086535.1230145,0.04236999984641443, 0.3469349999249971,0,0,27.8,0.0,1
12167,1776086535.1720972,19.44280499992601, 0.2847529999598919,14,14,27.8,0.0,0
12168,1776086535.2066708,21.327879000182293, 0.25899199999912526,16,0,27.8,0.0,0
12169,1776086535.2828636,24.546453999846563, 0.31985799978428986,26,20,27.8,0.0,0
12170,1776086535.3006985,15.915405999749055, 0.32422599997516954,15,20,27.8,0.0,0
12171,1776086535.5769556,13.876906000405143, 256.9526219999716,15,17,27.8,0.0,0
12173,1776086535.5809157,0.8884740000212332, 0.2857909998965624,0,17,27.8,0.0,1
12174,1776086535.598655,1.034419000006892, 0.3801559996645665,0,11,27.8,0.0,1
12175,1776086535.6283956,0.7698370000071009, 0.392903999909322,0,6,27.8,0.0,1
12176,1776086535.6591742,1.980260999971506, 0.388800000109768,0,0,27.8,0.0,1
12177,1776086535.6915958,0.03646300001491909, 0.27094999995824764,0,0,27.8,0.0,1
12178,1776086535.7168214,0.04158100000495324, 0.34793400027410826,0,0,27.8,0.0,1
12179,1776086535.7472968,0.048243000037473394, 0.3573100002540741,0,0,27.8,0.0,1
12180,1776086535.7768688,0.045680999846808845, 0.33673100006126333,0,0,27.8,0.0,1
12181,1776086535.8066065,0.05604399984804331, 0.4004259999419446,0,0,27.8,0.0,1
12182,1776086535.8373415,0.041166999835695606, 0.31049900007928954,0,0,27.8,0.0,1
12183,1776086535.865191,0.04455499993127887, 0.37278700028764433,0,0,27.8,0.0,1
12184,1776086535.8951766,0.04580299992085202, 0.39348200016320334,0,0,27.8,0.0,1
12185,1776086535.9249334,0.046350000047823414, 0.345114000083413,0,0,27.8,0.0,1
12186,1776086535.9544754,0.044706000153382774, 0.3998439997303649,0,0,27.8,0.0,1
12187,1776086535.984118,0.047682000058557605, 0.3965589999097574,0,0,27.8,0.0,1
12188,1776086536.0143278,0.041569999666535296, 0.33942700019906624,0,0,27.8,0.0,1
12189,1776086536.0440564,0.04059899993080762, 0.344536000284279,0,0,27.8,0.0,1
12190,1776086536.0742388,0.041105000036623096, 0.34424300019963994,0,0,27.8,0.0,1
12191,1776086536.1045074,0.04542199985735351, 0.3306929997961561,0,0,27.8,0.0,1
12192,1776086536.1331544,0.04361099991001538, 0.3353409997544077,0,0,27.8,0.0,1
12193,1776086536.1630437,0.045291999867913546, 0.3417779998926562,0,0,27.8,0.0,1
12194,1776086536.1927924,0.04644499995265505, 0.33631900032560225,0,0,27.8,0.0,1
12195,1776086536.2226517,0.04572199986796477, 0.36805099989578594,0,0,27.8,0.0,1
12196,1776086536.2521563,0.04296099996281555, 0.3396050001356343,0,0,27.8,0.0,1
12197,1776086536.2821972,0.04809700021723984, 0.3812859999925422,0,0,27.8,0.0,1
12198,1776086536.3117652,0.06143499967947719, 0.35492599999997765,0,0,27.8,0.0,1
12199,1776086536.3414717,0.043170000026293565, 0.33816399991337676,0,0,27.8,0.0,1
12200,1776086536.3710551,0.0438170000052196, 0.34572500044305343,0,0,27.8,0.0,1
12201,1776086536.4008958,0.04273900003681774, 0.34176400004071184,0,0,27.8,0.0,1
12202,1776086536.4317396,0.03899200009982451, 0.22833100001662388,0,0,27.8,0.0,1
12203,1776086536.4600449,0.045433000195771456, 0.33594500018807594,0,0,27.8,0.0,1
12204,1776086536.4899983,0.04637200026991195, 0.33982400009335834,0,0,27.8,0.0,1
12205,1776086536.5197024,0.04582500014294055, 0.3610110002227884,0,0,27.8,0.0,1
12206,1776086536.5492303,0.04299300007915008, 0.34949000018968945,0,0,27.8,0.0,1
12206,1776086536.6125007,33.59785099974033, 0.3048180001314904,14,14,27.8,0.0,0
12207,1776086536.6596382,23.779918999935035, 0.2521169999454287,11,0,27.8,0.0,0
12208,1776086536.675916,14.546577000146499, 0.25781500016819336,9,9,27.8,0.0,0
12209,1776086536.6899004,12.161441999978706, 0.264644000253611,7,9,27.8,0.0,0
12210,1776086536.9671762,12.969493999662518, 257.3691810002856,4,7,27.8,0.0,0
12212,1776086536.97294,0.5250879999039171, 0.3148430000692315,0,7,27.8,0.0,1
12213,1776086536.9966547,0.6283729999267962, 0.389916000131052,0,6,27.8,0.0,1
12214,1776086537.0274572,2.4956629999906, 0.41316700026072795,0,3,27.8,0.0,1
12215,1776086537.0596395,0.3115800000159652, 0.2984679999826767,0,0,27.8,0.0,1
12216,1776086537.084193,0.04215100034343777, 0.42889399992418475,0,0,27.8,0.0,1
12217,1776086537.1140635,0.041868000153044704, 0.41787500003920286,0,0,27.8,0.0,1
12218,1776086537.1439567,0.04145800039623282, 0.4806530000678322,0,0,27.8,0.0,1
12219,1776086537.1732638,0.09310199993706192, 0.4233899999235291,0,0,27.8,0.0,1
12220,1776086537.2037158,0.04480999996303581, 0.4782030000569648,0,0,27.8,0.0,1
12221,1776086537.233441,0.0408700002481055, 0.4668909996325965,0,0,27.8,0.0,1
12222,1776086537.2623332,0.04126899966649944, 0.4307310000513098,0,0,27.8,0.0,1
12223,1776086537.2922537,0.09597200005373452, 0.4156509999120317,0,0,27.8,0.0,1
12224,1776086537.3238475,0.08373500031666481, 0.31985099985831766,0,0,27.8,0.0,1
12225,1776086537.3518066,0.05544300029214355, 0.4180860000815301,0,0,27.8,0.0,1
12226,1776086537.3813128,0.041323000004922505, 0.41976800002885284,0,0,27.8,0.0,1
12227,1776086537.4110832,0.04045200012114947, 0.4295570001886517,0,0,27.8,0.0,1
12228,1776086537.4410617,0.03917499998351559, 0.47365099999296945,0,0,27.8,0.0,1
12229,1776086537.4704132,0.09176599996862933, 0.4307549997975002,0,0,27.8,0.0,1
12230,1776086537.500167,0.042549000227154465, 0.42186300015600864,0,0,27.8,0.0,1
12231,1776086537.530021,0.04405700019560754, 0.41651299989098334,0,0,27.8,0.0,1
12232,1776086537.5608983,0.08715700005268445, 0.41455100017628865,0,0,27.8,0.0,1
12233,1776086537.5905852,0.03973499997300678, 0.45417399996949825,0,0,27.8,0.0,1
12234,1776086537.61909,0.03808999963439419, 0.4187429999547021,0,0,27.8,0.0,1
12235,1776086537.648955,0.04252899998391513, 0.42038999981741654,0,0,27.8,0.0,1
12236,1776086537.6787426,0.03817200013145339, 0.42816100039999583,0,0,27.8,0.0,1
12237,1776086537.7082794,0.09772100020200014, 0.41437500021856977,0,0,27.8,0.0,1
12238,1776086537.738083,0.04134199980398989, 0.4314869997870119,0,0,27.8,0.0,1
12239,1776086537.7681723,0.09420099968338036, 0.41285299994342495,0,0,27.8,0.0,1
12240,1776086537.7978628,0.05321700018612319, 0.4608579997693596,0,0,27.8,0.0,1
12241,1776086537.8275478,0.09586799978933414, 0.4011340001852659,0,0,27.8,0.0,1
12242,1776086537.8571124,0.08984899977804162, 0.42192399996565655,0,0,27.8,0.0,1
12243,1776086537.8864012,0.09255200029656407, 0.42977199973393,0,0,27.8,0.0,1
12244,1776086537.9180288,0.07931300024210941, 0.3540659999998752,0,0,27.8,0.0,1
12245,1776086537.9460185,0.05367199992178939, 0.4129959997953847,0,0,27.8,0.0,1
12245,1776086538.00619,30.56448300003467, 0.242309999975987,1,1,27.8,0.0,0
12246,1776086538.0208354,12.807397999949899, 0.21325999978216714,3,0,27.8,0.0,0
12247,1776086538.0547547,20.154312000158825, 0.26777600032801274,5,5,27.8,0.0,0
12248,1776086538.082788,18.25208299987935, 0.2447109995955543,4,5,27.8,0.0,0
12249,1776086538.373056,18.22929700028908, 261.38604799962195,4,3,27.8,0.0,0
12251,1776086538.3778899,0.4028849998576334, 0.3701990003719402,0,3,27.8,0.0,1
12252,1776086538.3921988,0.44621100005315384, 0.4777859999194334,0,3,27.8,0.0,1
12253,1776086538.4221144,0.38906000008864794, 0.4009869999208604,0,3,27.8,0.0,1
12254,1776086538.4533267,2.311465999810025, 0.40489200000592973,0,0,27.8,0.0,1
12255,1776086538.486032,0.03379000008862931, 0.2718749997256964,0,0,27.8,0.0,1
12256,1776086538.512203,0.038839999888296006, 0.3590360001908266,0,0,27.8,0.0,1
12257,1776086538.5402265,0.03956000000471249, 0.4283799999029725,0,0,27.8,0.0,1
12258,1776086538.5700738,0.09947399985321681, 0.43448099995657685,0,0,27.8,0.0,1
12259,1776086538.5998664,0.04160100024819258, 0.42155099981755484,0,0,27.8,0.0,1
12260,1776086538.6293373,0.04072999990967219, 0.4202889999760373,0,0,27.8,0.0,1
12261,1776086538.6592002,0.11331599989716779, 0.4135419999329315,0,0,27.8,0.0,1
12262,1776086538.6893778,0.10436699994897936, 0.4521539999586821,0,0,27.8,0.0,1
12263,1776086538.7188005,0.03834400013147388, 0.4795380000359728,0,0,27.8,0.0,1
12264,1776086538.748864,0.03865000007863273, 0.4095520002920239,0,0,27.8,0.0,1
12265,1776086538.7793057,0.04155200031163986, 0.4195120000076713,0,0,27.8,0.0,1
12266,1776086538.8079524,0.0420250003116962, 0.4814700000679295,0,0,27.8,0.0,1
12267,1776086538.8372908,0.038951000078668585, 0.4840739998144272,0,0,27.8,0.0,1
12268,1776086538.8676252,0.04744299985759426, 0.48786700017444673,0,0,27.8,0.0,1
12269,1776086538.8971624,0.03894800011039479, 0.4111759999432252,0,0,27.8,0.0,1
12270,1776086538.9264822,0.09800499992707046, 0.43184099968129885,0,0,27.8,0.0,1
12271,1776086538.9561937,0.09428200019101496, 0.4386020000310964,0,0,27.8,0.0,1
12272,1776086538.986845,0.04649300035453052, 0.5012500000702858,0,0,27.8,0.0,1
12273,1776086539.0164459,0.10068899973703083, 0.441263000084291,0,0,27.8,0.0,1
12274,1776086539.0454702,0.10194600008617272, 0.42077700027221,0,0,27.8,0.0,1
12275,1776086539.0750916,0.04031799971926375, 0.44201699984114384,0,0,27.8,0.0,1
12276,1776086539.1068642,0.03425700015213806, 0.35868000031769043,0,0,27.8,0.0,1
12277,1776086539.1343768,0.045899000269855605, 0.4461329999685404,0,0,27.8,0.0,1
12278,1776086539.1642423,0.040625000110594556, 0.42786000039995997,0,0,27.8,0.0,1
12279,1776086539.1944728,0.04632299987861188, 0.5095910000818549,0,0,27.8,0.0,1
12280,1776086539.2242959,0.048936999974102946, 0.44163599977764534,0,0,27.8,0.0,1
12281,1776086539.2533996,0.038130000120872864, 0.4400529996928526,0,0,27.8,0.0,1
12282,1776086539.2831316,0.037867000173719134, 0.38121199986562715,0,0,27.8,0.0,1
12283,1776086539.3129852,0.04089699996256968, 0.4099059997315635,0,0,27.8,0.0,1
12284,1776086539.342869,0.0916690000849485, 0.3775969998969231,0,0,27.8,0.0,1
12284,1776086539.4026904,29.77679800005717, 0.309694999941712,12,12,27.8,0.0,0
12285,1776086539.4554474,22.534472000188543, 0.2848019998964446,11,0,27.8,0.0,0
12286,1776086539.4714334,14.15877499994167, 0.30358200001501245,10,10,27.8,0.0,0
12287,1776086539.486338,13.020148999657977, 0.2828010001394432,12,14,27.8,0.0,0
12288,1776086539.7631898,13.091390999761643, 260.3530569999748,13,6,27.8,0.0,0
12290,1776086539.7681005,0.564381999993202, 0.3677919999063306,0,6,27.8,0.0,1
12291,1776086539.7888145,0.6311769998319505, 0.38833899998280685,0,5,27.8,0.0,1
12292,1776086539.8203933,2.303063999988808, 0.38368200011973386,0,5,27.8,0.0,1
12293,1776086539.8532128,0.35918999992645695, 0.3358730000400101,0,0,27.8,0.0,1
12294,1776086539.877386,0.04400300031193183, 0.42986399967048783,0,0,27.8,0.0,1
12295,1776086539.9075513,0.04275500032235868, 0.4054609999002423,0,0,27.8,0.0,1
12296,1776086539.9371321,0.04199399973003892, 0.47659099982411135,0,0,27.8,0.0,1
12297,1776086539.9669795,0.11725300009857165, 0.403643000026932,0,0,27.8,0.0,1
12298,1776086539.9981706,0.03599699994083494, 0.36874800025543664,0,0,27.8,0.0,1
12299,1776086540.0260098,0.040393999825028004, 0.4315189999033464,0,0,27.8,0.0,1
12300,1776086540.0564435,0.093284999820753, 0.46046900024521165,0,0,27.8,0.0,1
12301,1776086540.0857975,0.058351999996375525, 0.40891600019676844,0,0,27.8,0.0,1
12302,1776086540.1152415,0.10326999972676276, 0.4067599998052174,0,0,27.8,0.0,1
12303,1776086540.1450238,0.04223499990985147, 0.41051500011235476,0,0,27.8,0.0,1
12304,1776086540.174905,0.04421099993123789, 0.4092869999112736,0,0,27.8,0.0,1
12305,1776086540.2042434,0.0413279999520455, 0.4254830000718357,0,0,27.8,0.0,1
12306,1776086540.235051,0.04144099966651993, 0.45860000000175205,0,0,27.8,0.0,1
12307,1776086540.264689,0.037183000131335575, 0.40029599995250464,0,0,27.8,0.0,1
12308,1776086540.293414,0.03831899994111154, 0.4127299998799572,0,0,27.8,0.0,1
12309,1776086540.3231583,0.03899400007867371, 0.41846099975373363,0,0,27.8,0.0,1
12310,1776086540.3530319,0.04134299979341449, 0.40821799984769314,0,0,27.8,0.0,1
12311,1776086540.3827899,0.05322200013324618, 0.4089449998900818,0,0,27.8,0.0,1
12312,1776086540.4123719,0.09939599976860336, 0.41733299985935446,0,0,27.8,0.0,1
12313,1776086540.4420838,0.09643900011724327, 0.40682600001673563,0,0,27.8,0.0,1
12314,1776086540.4720166,0.0383900000997528, 0.46535199999198085,0,0,27.8,0.0,1
12315,1776086540.501752,0.03644599973995355, 0.3840269996544521,0,0,27.8,0.0,1
12316,1776086540.531273,0.041245000375056406, 0.4038130000481033,0,0,27.8,0.0,1
12317,1776086540.561012,0.09908199990604771, 0.4059660000166332,0,0,27.8,0.0,1
12318,1776086540.5926652,0.035226999898441136, 0.366814999779308,0,0,27.8,0.0,1
12319,1776086540.620238,0.09293399989473983, 0.4247649999342684,0,0,27.8,0.0,1
12320,1776086540.650141,0.04170400006842101, 0.4168589998698735,0,0,27.8,0.0,1
12321,1776086540.6798978,0.04235699998389464, 0.4037910002807621,0,0,27.8,0.0,1
12322,1776086540.7097826,0.11150299997098045, 0.4154759999437374,0,0,27.8,0.0,1
12323,1776086540.7391748,0.09662399997978355, 0.36088500019104686,0,0,27.8,0.0,1
12323,1776086540.798979,30.107053999927302, 0.24586600011389237,4,4,27.8,0.0,0
12324,1776086540.842185,23.425373999998556, 0.25417400001970236,4,0,27.8,0.0,0
12325,1776086540.8612447,17.26784599986786, 0.2242780001324718,3,3,27.8,0.0,0
12326,1776086540.8754444,12.290184999983467, 0.2580969999144145,6,6,27.8,0.0,0
12327,1776086541.1615958,17.15340600003401, 257.64678899986393,3,3,27.8,0.0,0
12329,1776086541.16571,0.343459999839979, 0.3081129998463439,0,3,27.8,0.0,1
12330,1776086541.1866872,0.32309900007021497, 0.29215700033091707,0,3,27.8,0.0,1
12331,1776086541.2149565,0.3458239998508361, 0.3422810000301979,0,2,27.8,0.0,1
12332,1776086541.2459257,1.7783260000214796, 0.328373000229476,0,0,27.8,0.0,1
12333,1776086541.2781634,0.036377000014908845, 0.25979399970310624,0,0,27.8,0.0,1
12334,1776086541.3037963,0.044996999804425286, 0.34865800034822314,0,0,27.8,0.0,1
12335,1776086541.333297,0.044036999952368205, 0.336691000029532,0,0,27.8,0.0,1
12336,1776086541.3631546,0.04135900007895543, 0.3454830002738163,0,0,27.8,0.0,1
12337,1776086541.392879,0.04306599976189318, 0.3453250001257402,0,0,27.8,0.0,1
12338,1776086541.4231217,0.042175000089628156, 0.34663799988265964,0,0,27.8,0.0,1
12339,1776086541.4528306,0.038624000353593146, 0.3130610002699541,0,0,27.8,0.0,1
12340,1776086541.4820726,0.04528599993136595, 0.3454079997027293,0,0,27.8,0.0,1
12341,1776086541.5118275,0.04733800005851663, 0.3404269996281073,0,0,27.8,0.0,1
12342,1776086541.5404136,0.03713300020535826, 0.3116069997304294,0,0,27.8,0.0,1
12343,1776086541.571092,0.04340700024840771, 0.3393980000510055,0,0,27.8,0.0,1
12344,1776086541.601035,0.0459090001641016, 0.3411200000300596,0,0,27.8,0.0,1
12345,1776086541.6307087,0.040843999613571214, 0.37522699994951836,0,0,27.8,0.0,1
12346,1776086541.6602657,0.04544100011116825, 0.3450579997661407,0,0,27.8,0.0,1
12347,1776086541.6903048,0.042566000047372654, 0.3453360000094108,0,0,27.8,0.0,1
12348,1776086541.7198176,0.043214000015723286, 0.34121599992431584,0,0,27.8,0.0,1
12349,1776086541.7492344,0.042130000110773835, 0.3458720002527116,0,0,27.8,0.0,1
12350,1776086541.780667,0.03749699999389122, 0.32090400009110454,0,0,27.8,0.0,1
12351,1776086541.8088439,0.044224000248505035, 0.3435129997342301,0,0,27.8,0.0,1
12352,1776086541.8387215,0.061643000208277954, 0.34776600023178617,0,0,27.8,0.0,1
12353,1776086541.8681338,0.04181499980404624, 0.34314899994569714,0,0,27.8,0.0,1
12354,1776086541.8983274,0.04983400003766292, 0.3765359997487394,0,0,27.8,0.0,1
12355,1776086541.9277916,0.04144400008954108, 0.3480909999780124,0,0,27.8,0.0,1
12356,1776086541.9578106,0.042499999835854396, 0.343788999998651,0,0,27.8,0.0,1
12357,1776086541.9878888,0.0642939999124792, 0.5007230001865537,0,0,27.8,0.0,1
12358,1776086542.017208,0.08551300015824381, 0.3764530001717503,0,0,27.8,0.0,1
12359,1776086542.046825,0.044487999730336014, 0.34530899984019925,0,0,27.8,0.0,1
12360,1776086542.0765276,0.11199299979125499, 0.46530400004485273,0,0,27.8,0.0,1
12361,1776086542.1061943,0.04251299969837419, 0.4320809998716868,0,0,27.8,0.0,1
12362,1776086542.1359289,0.0434250000580505, 0.41456999997535604,0,0,27.8,0.0,1
12362,1776086542.1957967,30.59803299993291, 0.29586799973913,10,10,27.8,0.0,0
12363,1776086542.211324,13.439329999982874, 0.2449580001666618,12,0,27.8,0.0,0
12364,1776086542.2447355,19.468511000013677, 0.30802499986748444,12,12,27.8,0.0,0
12365,1776086542.272088,18.143880000025092, 0.30510900023728027,11,15,27.8,0.0,0
12366,1776086542.5650136,20.12172600007034, 261.4358970004105,16,11,27.8,0.0,0
12368,1776086542.5700212,0.7941049998407834, 0.34683900003074086,0,11,27.8,0.0,1
12369,1776086542.582298,0.9317960002590553, 0.43566099975578254,0,7,27.8,0.0,1
12370,1776086542.613538,2.3776120001457457, 0.3730880002876802,0,7,27.8,0.0,1
12371,1776086542.6466284,0.4266969999662251, 0.34888500022134394,0,0,27.8,0.0,1
12372,1776086542.6731212,0.040161000015359605, 0.3916120003850665,0,0,27.8,0.0,1
12373,1776086542.7002897,0.09518499973637518, 0.43038500007241964,0,0,27.8,0.0,1
12374,1776086542.7302015,0.10451700018165866, 0.4257709997546044,0,0,27.8,0.0,1
12375,1776086542.759979,0.04374699983600294, 0.4259949996594514,0,0,27.8,0.0,1
12376,1776086542.7898543,0.11625200022535864, 0.41980400010288577,0,0,27.8,0.0,1
12377,1776086542.819208,0.03970699981437065, 0.42912799972327775,0,0,27.8,0.0,1
12378,1776086542.8491106,0.06606200031455955, 0.4217890000290936,0,0,27.8,0.0,1
12379,1776086542.878928,0.04269999999451102, 0.47681299975010916,0,0,27.8,0.0,1
12380,1776086542.9087703,0.050208999709866475, 0.3916670002581668,0,0,27.8,0.0,1
12381,1776086542.9389555,0.08231099991462543, 0.3858349996335164,0,0,27.8,0.0,1
12382,1776086542.9680533,0.040655999782757135, 0.4181250001238368,0,0,27.8,0.0,1
12383,1776086542.998419,0.046689999635418644, 0.5238550002104603,0,0,27.8,0.0,1
12384,1776086543.0277722,0.0998679997792351, 0.4492289999689092,0,0,27.8,0.0,1
12385,1776086543.057059,0.1012029997582431, 0.4211750001559267,0,0,27.8,0.0,1
12386,1776086543.0869093,0.04218300000502495, 0.4152010001234885,0,0,27.8,0.0,1
12387,1776086543.1163661,0.041524000153003726, 0.42889699989245855,0,0,27.8,0.0,1
12388,1776086543.146245,0.039849000131653156, 0.42247900000802474,0,0,27.8,0.0,1
12389,1776086543.176459,0.03933600009986549, 0.46729899986530654,0,0,27.8,0.0,1
12390,1776086543.205907,0.10001000009651762, 0.4229400001349859,0,0,27.8,0.0,1
12391,1776086543.2352333,0.04007100005765096, 0.42229200016663526,0,0,27.8,0.0,1
12392,1776086543.2668734,0.07945800007291837, 0.3119490002063685,0,0,27.8,0.0,1
12393,1776086543.2952216,0.10183799986407394, 0.45350300024438184,0,0,27.8,0.0,1
12394,1776086543.3243296,0.09358100032841321, 0.429786999575299,0,0,27.8,0.0,1
12395,1776086543.354586,0.04486699981498532, 0.4829690001315612,0,0,27.8,0.0,1
12396,1776086543.3840115,0.03992500023741741, 0.41860700002871454,0,0,27.8,0.0,1
12397,1776086543.4134536,0.09765300001163268, 0.41670900009194156,0,0,27.8,0.0,1
12398,1776086543.4432247,0.04348600032244576, 0.4227809999974852,0,0,27.8,0.0,1
12399,1776086543.4730968,0.041743000110727735, 0.4111820003345201,0,0,27.8,0.0,1
12400,1776086543.503399,0.1118159998441115, 0.4080600001543644,0,0,27.8,0.0,1
12401,1776086543.5330806,0.03655800037449808, 0.3843529998448503,0,0,27.8,0.0,1
12401,1776086543.5940237,32.08018399982393, 0.3120660003332887,22,20,27.8,0.0,0
12402,1776086543.6087832,12.806235999960336, 0.27824500011774944,22,0,27.8,0.0,0
12403,1776086543.6396196,18.844457999875885, 0.34242699985043146,16,16,27.8,0.0,0
12404,1776086543.6685538,18.537710000146035, 0.35497999988365336,15,19,27.8,0.0,0
12405,1776086543.9610095,19.7482220000893, 261.5897349996885,23,12,27.8,0.0,0
12407,1776086543.9660716,0.8789929997874424, 0.30884399984643096,0,12,27.8,0.0,1
12408,1776086543.9786143,0.9647459996813268, 0.5495780001183448,0,9,27.8,0.0,1
12409,1776086544.0088997,0.8838069998091669, 0.3986219999205787,0,9,27.8,0.0,1
12410,1776086544.0401247,2.7615819999482483, 0.4352369996922789,0,0,27.8,0.0,1
12411,1776086544.0723605,0.03141900015179999, 0.32252399978460744,0,0,27.8,0.0,1
12412,1776086544.0975342,0.040593999983684625, 0.42138899971178034,0,0,27.8,0.0,1
12413,1776086544.1277661,0.10798500034070457, 0.386363999950845,0,0,27.8,0.0,1
12414,1776086544.1564434,0.04102000002603745, 0.43327799994585803,0,0,27.8,0.0,1
12415,1776086544.1862385,0.11577899977055495, 0.418680000166205,0,0,27.8,0.0,1
12416,1776086544.215991,0.041817999772320036, 0.41770400002860697,0,0,27.8,0.0,1
12417,1776086544.2457757,0.039371000184473814, 0.4351329998826259,0,0,27.8,0.0,1
12418,1776086544.2754092,0.105223999980808, 0.427202000082616,0,0,27.8,0.0,1
12419,1776086544.305572,0.04847800028073834, 0.4382199999781733,0,0,27.8,0.0,1
12420,1776086544.3354843,0.1121310001508391, 0.4446030002327461,0,0,27.8,0.0,1
12421,1776086544.364761,0.05237300001681433, 0.37988599979144055,0,0,27.8,0.0,1
12422,1776086544.3942535,0.10609900027702679, 0.40478299979440635,0,0,27.8,0.0,1
12423,1776086544.424006,0.04159599984632223, 0.4091149999112531,0,0,27.8,0.0,1
12424,1776086544.4556556,0.035333999676367966, 0.3746520001186582,0,0,27.8,0.0,1
12425,1776086544.4832025,0.09228500039171195, 0.4190680001556757,0,0,27.8,0.0,1
12426,1776086544.5131576,0.04179300003670505, 0.4065080001964816,0,0,27.8,0.0,1
12427,1776086544.5429838,0.038904000120965065, 0.46734599982301006,0,0,27.8,0.0,1
12428,1776086544.5727637,0.03919099981430918, 0.4918899999211135,0,0,27.8,0.0,1
12429,1776086544.602422,0.04154999987804331, 0.511869999627379,0,0,27.8,0.0,1
12430,1776086544.632023,0.062028999764152104, 0.4304640001464577,0,0,27.8,0.0,1
12431,1776086544.6620302,0.041605000205890974, 0.46735299974898226,0,0,27.8,0.0,1
12432,1776086544.6917806,0.11440800017226138, 0.3783510001085233,0,0,27.8,0.0,1
12433,1776086544.721884,0.08148699998855591, 0.3840910003418685,0,0,27.8,0.0,1
12434,1776086544.7509363,0.043292000100336736, 0.4038490001221362,0,0,27.8,0.0,1
12435,1776086544.7808263,0.04190400022707763, 0.41295700020782533,0,0,27.8,0.0,1
12436,1776086544.8101306,0.039431999994121725, 0.4068430002917012,0,0,27.8,0.0,1
12437,1776086544.8400013,0.04303299965613405, 0.40736500022831024,0,0,27.8,0.0,1
12438,1776086544.8699183,0.04144400008954108, 0.46785699987594853,0,0,27.8,0.0,1
12439,1776086544.8992887,0.039835000279708765, 0.37555700009761495,0,0,27.8,0.0,1
12440,1776086544.9291527,0.04041700003654114, 0.40709399991101236,0,0,27.8,0.0,1
12440,1776086544.9912617,32.117530000050465, 0.3140210001220112,16,16,27.8,0.0,0
12441,1776086545.0459254,22.758220000014262, 0.26207800010524807,16,0,27.8,0.0,0
12442,1776086545.0657613,15.39330700006758, 0.2775490002022707,7,7,27.8,0.0,0
12443,1776086545.095007,17.698934000236477, 0.2680389998204191,9,9,27.8,0.0,0
12444,1776086545.3864942,19.61354199966081, 260.48070799970446,9,6,27.8,0.0,0
12446,1776086545.391285,0.5654360002154135, 0.3733829998964211,0,6,27.8,0.0,1
12447,1776086545.4050107,0.7325050000872579, 0.4283680000298773,0,6,27.8,0.0,1
12448,1776086545.436452,2.352255999994668, 0.37787800010846695,0,6,27.8,0.0,1
12449,1776086545.469426,0.40165500013245037, 0.3625750000537664,0,0,27.8,0.0,1
12450,1776086545.4938781,0.057296999784739455, 0.4762849998769525,0,0,27.8,0.0,1
12451,1776086545.5233135,0.038828000015200814, 0.4225540001243644,0,0,27.8,0.0,1
12452,1776086545.5531588,0.1018930001919216, 0.4195599999547994,0,0,27.8,0.0,1
12453,1776086545.5830564,0.04004300035376218, 0.477009999940492,0,0,27.8,0.0,1
12454,1776086545.6132174,0.03810799989878433, 0.39243099990926567,0,0,27.8,0.0,1
12455,1776086545.6440308,0.03449099995123106, 0.3586430002542329,0,0,27.8,0.0,1
12456,1776086545.6720457,0.043372000163799385, 0.4144929998801672,0,0,27.8,0.0,1
12457,1776086545.701897,0.03911500016329228, 0.48025199976109434,0,0,27.8,0.0,1
12458,1776086545.7313232,0.040905999867391074, 0.4264720000719535,0,0,27.8,0.0,1
12459,1776086545.761119,0.09975800003303448, 0.4132789999857778,0,0,27.8,0.0,1
12460,1776086545.7908518,0.04196400004730094, 0.42594000024109846,0,0,27.8,0.0,1
12461,1776086545.8208392,0.040609999814478215, 0.41604400030337274,0,0,27.8,0.0,1
12462,1776086545.8510807,0.09090200001082849, 0.4143749997638224,0,0,27.8,0.0,1
12463,1776086545.880462,0.038734000099793775, 0.40304899994225707,0,0,27.8,0.0,1
12464,1776086545.91,0.039478999951825244, 0.405506000333844,0,0,27.8,0.0,1
12465,1776086545.9397004,0.0421019999521377, 0.4147259996898356,0,0,27.8,0.0,1
12466,1776086545.9695501,0.04448400022738497, 0.4959610000696557,0,0,27.8,0.0,1
12467,1776086545.999459,0.046009000016056234, 0.5038540002715308,0,0,27.8,0.0,1
12468,1776086546.0283291,0.039120000110415276, 0.42543799963823403,0,0,27.8,0.0,1
12469,1776086546.0581832,0.03978600034315605, 0.41926099993361277,0,0,27.8,0.0,1
12470,1776086546.088495,0.10806199998114607, 0.4507999997258594,0,0,27.8,0.0,1
12471,1776086546.118317,0.045246999889059225, 0.4936110003654903,0,0,27.8,0.0,1
12472,1776086546.147561,0.051529000302252825, 0.36133999992671306,0,0,27.8,0.0,1
12473,1776086546.1769965,0.04510400003709947, 0.33965100010391325,0,0,27.8,0.0,1
12474,1776086546.2075484,0.04651299968827516, 0.33607399973334395,0,0,27.8,0.0,1
12475,1776086546.237768,0.03874100002576597, 0.29588999996121856,0,0,27.8,0.0,1
12476,1776086546.2661285,0.043507999635039596, 0.3440250002313405,0,0,27.8,0.0,1
12477,1776086546.295941,0.04438500036485493, 0.3411509997022222,0,0,27.8,0.0,1
12478,1776086546.326048,0.046829999973851955, 0.3758410002774326,0,0,27.8,0.0,1
12479,1776086546.3552275,0.04114100011065602, 0.3407819999665662,0,0,27.8,0.0,1
12479,1776086546.4165137,31.631370000013703, 0.26480999986233655,10,10,27.8,0.0,0
12480,1776086546.432138,13.850374999947235, 0.2270370000587718,10,0,27.8,0.0,0
12481,1776086546.468448,22.106950000306824, 0.2778789998956199,12,12,27.8,0.0,0
12482,1776086546.491448,17.120591000093555, 0.30430900005740114,13,14,27.8,0.0,0
12483,1776086546.7821407,20.32720800025345, 257.8759309999441,15,8,27.8,0.0,0
12485,1776086546.7858884,0.5516409996744187, 0.30461500000456,0,8,27.8,0.0,1
12486,1776086546.8017435,0.5820970000058878, 0.3131680000478809,0,8,27.8,0.0,1
12487,1776086546.832461,0.5317009999998845, 0.316891999773361,0,8,27.8,0.0,1
12488,1776086546.86204,2.0626640002774366, 0.4113690001759096,0,0,27.8,0.0,1
12489,1776086546.8939486,0.03503799962345511, 0.26616399964041193,0,0,27.8,0.0,1
12490,1776086546.9193974,0.04626600002666237, 0.3889869999511575,0,0,27.8,0.0,1
12491,1776086546.949658,0.04300499995224527, 0.37710400010837475,0,0,27.8,0.0,1
12492,1776086546.9791913,0.06512500021926826, 0.4181200001767138,0,0,27.8,0.0,1
12493,1776086547.0091157,0.04566300003716606, 0.3403390001039952,0,0,27.8,0.0,1
12494,1776086547.039625,0.05254500001683482, 0.3600290001486428,0,0,27.8,0.0,1
12495,1776086547.0690377,0.04483899965634919, 0.3471380000519275,0,0,27.8,0.0,1
12496,1776086547.0980954,0.04415000012158998, 0.33095400021920796,0,0,27.8,0.0,1
12497,1776086547.1279178,0.04621900006895885, 0.3422820000196225,0,0,27.8,0.0,1
12498,1776086547.1579163,0.045435000174620654, 0.3342539998811844,0,0,27.8,0.0,1
12499,1776086547.1873004,0.04870900011155754, 0.3340039997965505,0,0,27.8,0.0,1
12500,1776086547.2167263,0.06339099991237163, 0.34620399992491,0,0,27.8,0.0,1
12501,1776086547.24622,0.048486999730812386, 0.38522700015164446,0,0,27.8,0.0,1
12502,1776086547.2763171,0.05186299995330046, 0.3695259997584799,0,0,27.8,0.0,1
12503,1776086547.305965,0.051325999720575055, 0.4069080000590475,0,0,27.8,0.0,1
12504,1776086547.335424,0.04800199985766085, 0.4063460000907071,0,0,27.8,0.0,1
12505,1776086547.3653202,0.05178500032343436, 0.4250390002198401,0,0,27.8,0.0,1
12506,1776086547.3954804,0.043122000079165446, 0.3437259997554065,0,0,27.8,0.0,1
12507,1776086547.426096,0.040564000300946645, 0.3152730000692827,0,0,27.8,0.0,1
12508,1776086547.4542148,0.04732900015369523, 0.3856089997498202,0,0,27.8,0.0,1
12509,1776086547.4841344,0.046581999868067214, 0.3973389998463972,0,0,27.8,0.0,1
12510,1776086547.5145648,0.048210999921138864, 0.3875019997394702,0,0,27.8,0.0,1
12511,1776086547.543333,0.045868999677622924, 0.37056300016047317,0,0,27.8,0.0,1
12512,1776086547.5737867,0.06607899968003039, 0.37438400022438145,0,0,27.8,0.0,1
12513,1776086547.6027641,0.04279399990991806, 0.3443090004111582,0,0,27.8,0.0,1
12514,1776086547.6329703,0.043432999973447295, 0.33748900023056194,0,0,27.8,0.0,1
12515,1776086547.6626582,0.04487900014282786, 0.3635250000115775,0,0,27.8,0.0,1
12516,1776086547.6924152,0.05342899976312765, 0.3947530003642896,0,0,27.8,0.0,1
12517,1776086547.7216005,0.04669999998441199, 0.3599930000746099,0,0,27.8,0.0,1
12518,1776086547.7513824,0.04511500037551741, 0.3822680000666878,0,0,27.8,0.0,1
12518,1776086547.8149726,33.958127000005334, 0.2991260003000207,15,15,27.8,0.0,0
12519,1776086547.831541,14.706366000154958, 0.2693399997042434,12,0,27.8,0.0,0
12520,1776086547.8622546,19.885165999767196, 0.29452599983414984,15,15,27.8,0.0,0
12521,1776086547.8900604,19.1596119998394, 0.34064900000885245,19,20,27.8,0.0,0
12522,1776086548.1777709,19.766411000091466, 257.8371069998866,21,12,27.8,0.0,0
12524,1776086548.1814625,0.6668199998784985, 0.29640399998243083,0,12,27.8,0.0,1
12525,1776086548.1978943,0.8420660001320357, 0.3683310001179052,0,9,27.8,0.0,1
12526,1776086548.229139,2.229377999810822, 0.3221490001124039,0,9,27.8,0.0,1
12527,1776086548.261683,0.48161399990931386, 0.31883100018603727,0,0,27.8,0.0,1
12528,1776086548.2878828,0.04423300015332643, 0.34502100015743054,0,0,27.8,0.0,1
12529,1776086548.3182013,0.038578999919991475, 0.3194420000909304,0,0,27.8,0.0,1
12530,1776086548.346126,0.04507099993134034, 0.33674700034680427,0,0,27.8,0.0,1
12531,1776086548.3762293,0.046968999868113315, 0.38595000023633474,0,0,27.8,0.0,1
12532,1776086548.4058137,0.04393499966681702, 0.3394569998818042,0,0,27.8,0.0,1
12533,1776086548.43524,0.0428070002271852, 0.3422839999984717,0,0,27.8,0.0,1
12534,1776086548.4651594,0.049247999868384795, 0.40341399972021463,0,0,27.8,0.0,1
12535,1776086548.4942503,0.0462900002276001, 0.37855799973840476,0,0,27.8,0.0,1
12536,1776086548.524553,0.0514940002176445, 0.36437700009628315,0,0,27.8,0.0,1
12537,1776086548.55428,0.04318199989938876, 0.34063000020978507,0,0,27.8,0.0,1
12538,1776086548.583741,0.05655000040860614, 0.3469120001682313,0,0,27.8,0.0,1
12539,1776086548.6133168,0.04673400007959572, 0.4050560000905534,0,0,27.8,0.0,1
12540,1776086548.6427588,0.0440429998889158, 0.3361169997333491,0,0,27.8,0.0,1
12541,1776086548.67305,0.05047700005889055, 0.3983810001955135,0,0,27.8,0.0,1
12542,1776086548.703557,0.0519559998792829, 0.3767149996747321,0,0,27.8,0.0,1
12543,1776086548.732309,0.041789000079006655, 0.33682999992379337,0,0,27.8,0.0,1
12544,1776086548.762218,0.04120500034332508, 0.34780199985107174,0,0,27.8,0.0,1
12545,1776086548.792035,0.04484800001591793, 0.3428669997447287,0,0,27.8,0.0,1
12546,1776086548.8222125,0.05064900005891104, 0.3745829999388661,0,0,27.8,0.0,1
12547,1776086548.8515043,0.04966100004821783, 0.3665889998956118,0,0,27.8,0.0,1
12548,1776086548.8815706,0.05150300012246589, 0.3581470000426634,0,0,27.8,0.0,1
12549,1776086548.9120066,0.04114899957130547, 0.3050129998882767,0,0,27.8,0.0,1
12550,1776086548.9400966,0.045279000005393755, 0.4287050001039461,0,0,27.8,0.0,1
12551,1776086548.9701302,0.051805999646603595, 0.3997740000158956,0,0,27.8,0.0,1
12552,1776086549.0003908,0.04874500018559047, 0.38120099998195656,0,0,27.8,0.0,1
12553,1776086549.029872,0.04190900017420063, 0.34757499997795094,0,0,27.8,0.0,1
12554,1776086549.0592842,0.043309000375302276, 0.34424200021021534,0,0,27.8,0.0,1
12555,1776086549.0890381,0.04382799988889019, 0.3415450000829878,0,0,27.8,0.0,1
12556,1776086549.1196382,0.046441999984381255, 0.3606330001275637,0,0,27.8,0.0,1
12557,1776086549.1490734,0.043804999677377054, 0.34297999991395045,0,0,27.8,0.0,1
12557,1776086549.211364,32.93339099991499, 0.31973400018614484,19,19,27.8,0.0,0
12558,1776086549.2263372,13.095557999804441, 0.2671759998520429,18,0,27.8,0.0,0
12559,1776086549.2591507,20.668305000071996, 0.3177660000801552,19,19,27.8,0.0,0
12560,1776086549.2862942,18.646744999841758, 0.3154030000587227,19,20,27.8,0.0,0
12561,1776086549.5745661,19.69034300009298, 258.0220449999615,20,13,27.8,0.0,0
12563,1776086549.5785687,0.7555369998044625, 0.29430399990815204,0,13,27.8,0.0,1
12564,1776086549.5943892,0.8506150002176582, 0.372014999811654,0,10,27.8,0.0,1
12565,1776086549.6242566,0.8158829996318673, 0.38674000006722054,0,9,27.8,0.0,1
12566,1776086549.6554003,2.126833000147599, 0.4272709998076607,0,0,27.8,0.0,1
12567,1776086549.6876144,0.03752000020540436, 0.27498999997987994,0,0,27.8,0.0,1
12568,1776086549.7130492,0.04876499997408246, 0.3724599996530742,0,0,27.8,0.0,1
12569,1776086549.742735,0.06032600003891275, 0.341128999934881,0,0,27.8,0.0,1
12570,1776086549.7726038,0.05882300001758267, 0.4214470000079018,0,0,27.8,0.0,1
12571,1776086549.8016644,0.04723700021713739, 0.3973379998569726,0,0,27.8,0.0,1
12572,1776086549.8315377,0.04544000012174365, 0.462395999875298,0,0,27.8,0.0,1
12573,1776086549.8611412,0.04633899970940547, 0.3782409999075753,0,0,27.8,0.0,1
12574,1776086549.8910553,0.0468410003122699, 0.41406799982723896,0,0,27.8,0.0,1
12575,1776086549.9206505,0.05000000010113581, 0.3923639997083228,0,0,27.8,0.0,1
12576,1776086549.951301,0.04756899988933583, 0.3795050001826894,0,0,27.8,0.0,1
12577,1776086549.9819508,0.05456200005937717, 0.46463799981211196,0,0,27.8,0.0,1
12578,1776086550.0106187,0.05151799996383488, 0.36980699997002375,0,0,27.8,0.0,1
12579,1776086550.039836,0.0779310003053979, 0.4201829997327877,0,0,27.8,0.0,1
12580,1776086550.0703108,0.050319999900239054, 0.40100400019582594,0,0,27.8,0.0,1
12581,1776086550.1007311,0.04049499966640724, 0.31706500021755346,0,0,27.8,0.0,1
12582,1776086550.1285455,0.049386999762646155, 0.3679500000544067,0,0,27.8,0.0,1
12583,1776086550.158325,0.04926800011162413, 0.3922629998669436,0,0,27.8,0.0,1
12584,1776086550.1883016,0.05385900021792622, 0.4589990003296407,0,0,27.8,0.0,1
12585,1776086550.217926,0.04149699998379219, 0.37133100022401777,0,0,27.8,0.0,1
12586,1776086550.2475379,0.049076999857788906, 0.3634790000432986,0,0,27.8,0.0,1
12587,1776086550.278061,0.05246399996394757, 0.40169599969885894,0,0,27.8,0.0,1
12588,1776086550.3077545,0.0588620000598894, 0.3668569997898885,0,0,27.8,0.0,1
12589,1776086550.3371396,0.047125000037340214, 0.3644170001280145,0,0,27.8,0.0,1
12590,1776086550.3664124,0.04484100008994574, 0.38569099979213206,0,0,27.8,0.0,1
12591,1776086550.3962183,0.04766099982589367, 0.3888189999088354,0,0,27.8,0.0,1
12592,1776086550.425718,0.06338899993352243, 0.34529399999883026,0,0,27.8,0.0,1
12593,1776086550.4554727,0.044530999730341136, 0.3670259998216352,0,0,27.8,0.0,1
12594,1776086550.4852316,0.04752399991048151, 0.40473699982612743,0,0,27.8,0.0,1
12595,1776086550.514952,0.048844000048120506, 0.478642999951262,0,0,27.8,0.0,1
12596,1776086550.5445862,0.0455240001429047, 0.4312699998081371,0,0,27.8,0.0,1
12596,1776086550.5946205,20.312896000177716, 0.31846599995333236,35,20,27.8,0.0,0
12597,1776086550.629642,22.309270000278048, 0.3003340002578625,33,0,27.8,0.0,0
12598,1776086550.6558795,19.688159999986965, 0.32328399993275525,30,20,27.8,0.0,0
12599,1776086550.684406,18.96675200032405, 0.3333260001454619,31,20,27.8,0.0,0
12600,1776086551.221486,19.603636999818264, 508.21408899992093,31,14,27.8,0.0,0
