frame,time,vision_latency_ms,pipeline_latency_ms,ndet,ntrack,temp,cooldown,suppressed
0,1776087111.8327851,25.999385000432085, 0.18111999997927342,12,0,27.8,0.0,0
1,1776087111.877366,25.894559000334993, 0.28729400037263986,8,2,27.8,0.0,0
2,1776087111.913092,20.97572599996056, 0.26109999998880085,5,2,27.8,0.0,0
3,1776087112.1847289,12.979411999367585, 256.99757899928954,3,2,27.8,0.0,0
5,1776087112.1889472,0.2518439996492816, 0.28318699969531735,0,2,27.8,0.0,1
6,1776087112.1914856,0.19300599979032995, 0.40884900045057293,0,0,27.8,0.0,1
7,1776087112.2219136,0.10039599965239177, 0.4327280003053602,0,0,27.8,0.0,1
8,1776087112.253024,1.8109029997503967, 0.38541499998245854,0,0,27.8,0.0,1
9,1776087112.2861335,0.06893399950058665, 0.2713679996304563,0,0,27.8,0.0,1
10,1776087112.3110538,0.09311499979958171, 0.43357000049581984,0,0,27.8,0.0,1
11,1776087112.3404148,0.04351600000518374, 0.43841700062330347,0,0,27.8,0.0,1
12,1776087112.3702729,0.10473699967405992, 0.4216620000079274,0,0,27.8,0.0,1
13,1776087112.4000764,0.040641999476065394, 0.42724900049506687,0,0,27.8,0.0,1
14,1776087112.4299724,0.044657000216830056, 0.4380410000521806,0,0,27.8,0.0,1
15,1776087112.4592574,0.044643999899562914, 0.44939599956705933,0,0,27.8,0.0,1
16,1776087112.4891765,0.06298000062088249, 0.43017400003009243,0,0,27.8,0.0,1
17,1776087112.519017,0.04153699956077617, 0.42651300009310944,0,0,27.8,0.0,1
18,1776087112.5487857,0.09636400045565097, 0.4473119997783215,0,0,27.8,0.0,1
19,1776087112.578225,0.0807249998615589, 0.3914110002369853,0,0,27.8,0.0,1
20,1776087112.6084898,0.04795399945578538, 0.4438959995241021,0,0,27.8,0.0,1
21,1776087112.6379814,0.04705199989984976, 0.4344220005805255,0,0,27.8,0.0,1
22,1776087112.6674418,0.04506999994191574, 0.4472519995033508,0,0,27.8,0.0,1
23,1776087112.6974764,0.04764500044984743, 0.49848499929794343,0,0,27.8,0.0,1
24,1776087112.7269351,0.04601599994202843, 0.4292449993954506,0,0,27.8,0.0,1
25,1776087112.7566705,0.04185699981462676, 0.3801220000241301,0,0,27.8,0.0,1
26,1776087112.7860932,0.04612200064002536, 0.34765800046443474,0,0,27.8,0.0,1
27,1776087112.8159187,0.04384299973025918, 0.3528080005708034,0,0,27.8,0.0,1
28,1776087112.8457894,0.04561500009003794, 0.34313000014662975,0,0,27.8,0.0,1
29,1776087112.8752596,0.04440599968802417, 0.3360420005265041,0,0,27.8,0.0,1
30,1776087112.9053097,0.0476929999422282, 0.3717400004461524,0,0,27.8,0.0,1
31,1776087112.9348922,0.04106500000489177, 0.3422999998292653,0,0,27.8,0.0,1
32,1776087112.964672,0.0467569998363615, 0.35791699974652147,0,0,27.8,0.0,1
33,1776087112.9946616,0.04682300004787976, 0.3693729995575268,0,0,27.8,0.0,1
34,1776087113.02389,0.04476799949770793, 0.3416250001464505,0,0,27.8,0.0,1
35,1776087113.0537295,0.0568369996472029, 0.34702399989328114,0,0,27.8,0.0,1
36,1776087113.0831988,0.04606499987858115, 0.33898400033649523,0,0,27.8,0.0,1
37,1776087113.1130655,0.042192000364593696, 0.34295400018891087,0,0,27.8,0.0,1
38,1776087113.1428196,0.04457600061869016, 0.3453409999565338,0,0,27.8,0.0,1
38,1776087113.2032626,31.040198000482633, 0.3036640000573243,9,2,27.8,0.0,0
39,1776087113.2197537,14.830043000074511, 0.195873999473406,9,0,27.8,0.0,0
40,1776087113.251644,20.108214000174485, 0.22016799994162284,9,2,27.8,0.0,0
41,1776087113.2813237,19.720887999937986, 0.2335780000066734,9,2,27.8,0.0,0
42,1776087113.568428,20.059793999280373, 257.2198359994218,9,2,27.8,0.0,0
44,1776087113.5721226,0.25366200043208664, 0.307469000290439,0,2,27.8,0.0,1
45,1776087113.5885246,0.2718210007515154, 0.332073999743443,0,2,27.8,0.0,1
46,1776087113.619554,1.546156000586052, 0.31964299978426425,0,2,27.8,0.0,1
47,1776087113.652287,0.2136530001735082, 0.2854209997167345,0,0,27.8,0.0,1
48,1776087113.6776924,0.04546099989966024, 0.3689819995997823,0,0,27.8,0.0,1
49,1776087113.7071187,0.0425729995185975, 0.34040499940601876,0,0,27.8,0.0,1
50,1776087113.7370443,0.043850999645655975, 0.33824100046331296,0,0,27.8,0.0,1
51,1776087113.7667713,0.043899000047531445, 0.34873999993578764,0,0,27.8,0.0,1
52,1776087113.796281,0.04337999962444883, 0.329365000652615,0,0,27.8,0.0,1
53,1776087113.8261194,0.042571000449243, 0.3413439999349066,0,0,27.8,0.0,1
54,1776087113.8559048,0.04547099979390623, 0.34210499961773166,0,0,27.8,0.0,1
55,1776087113.8857076,0.044426999920688104, 0.36396500036062207,0,0,27.8,0.0,1
56,1776087113.9152098,0.04203899970889324, 0.3403820001040003,0,0,27.8,0.0,1
57,1776087113.94491,0.04640000042854808, 0.3430360002312227,0,0,27.8,0.0,1
58,1776087113.9749556,0.043807000110973604, 0.3574980000848882,0,0,27.8,0.0,1
59,1776087114.0041313,0.04163599987805355, 0.36784300027647987,0,0,27.8,0.0,1
60,1776087114.0337565,0.0637379998806864, 0.3706480001710588,0,0,27.8,0.0,1
61,1776087114.0633929,0.04517500019574072, 0.383843999770761,0,0,27.8,0.0,1
62,1776087114.093534,0.04372600051283371, 0.3524530002323445,0,0,27.8,0.0,1
63,1776087114.1229193,0.042641999243642204, 0.3709539996634703,0,0,27.8,0.0,1
64,1776087114.1527677,0.07416900007228833, 0.371089000509528,0,0,27.8,0.0,1
65,1776087114.182185,0.04696800078818342, 0.39828900025895564,0,0,27.8,0.0,1
66,1776087114.2121928,0.048536000576859806, 0.40369300040765665,0,0,27.8,0.0,1
67,1776087114.2418706,0.046567000026698224, 0.33765900025173323,0,0,27.8,0.0,1
68,1776087114.2713299,0.045959000090078916, 0.3760760000659502,0,0,27.8,0.0,1
69,1776087114.3012555,0.04614799945557024, 0.46196799939934863,0,0,27.8,0.0,1
70,1776087114.3308084,0.043989999539917335, 0.34579999919515103,0,0,27.8,0.0,1
71,1776087114.3604577,0.046612999540229794, 0.3744239993466181,0,0,27.8,0.0,1
72,1776087114.39025,0.04630399962479714, 0.38961700010986533,0,0,27.8,0.0,1
73,1776087114.4199545,0.04122100017411867, 0.3467499991529621,0,0,27.8,0.0,1
74,1776087114.4496727,0.0437400003647781, 0.3688380002131453,0,0,27.8,0.0,1
75,1776087114.4795997,0.05158499971003039, 0.38198899983399315,0,0,27.8,0.0,1
76,1776087114.5094497,0.04648199956136523, 0.3751089998331736,0,0,27.8,0.0,1
77,1776087114.5387537,0.06323699926724657, 0.343102000442741,0,0,27.8,0.0,1
77,1776087114.587106,18.70086500002799, 0.219208999624243,15,2,27.8,0.0,0
78,1776087114.633956,22.64107500013779, 0.22551299935003044,15,0,27.8,0.0,0
79,1776087114.651939,16.237247999924875, 0.2151710004909546,15,2,27.8,0.0,0
80,1776087114.6775196,17.48977500028559, 0.24731000030442374,15,2,27.8,0.0,0
81,1776087114.9633703,19.011274999684247, 257.1562039993296,14,2,27.8,0.0,0
83,1776087114.9670663,0.24973500057967613, 0.29837699912604876,0,2,27.8,0.0,1
84,1776087114.9853647,0.2763209995464422, 0.34539300031610765,0,1,27.8,0.0,1
85,1776087115.0151079,0.23507900004915427, 0.3665489994091331,0,1,27.8,0.0,1
86,1776087115.045653,1.7463330004829913, 0.3112759995929082,0,0,27.8,0.0,1
87,1776087115.078339,0.03703099991980707, 0.2735799998845323,0,0,27.8,0.0,1
88,1776087115.103345,0.04679199992096983, 0.3698459995575831,0,0,27.8,0.0,1
89,1776087115.133077,0.045310000132303685, 0.37986000006640097,0,0,27.8,0.0,1
90,1776087115.1628056,0.04269400051271077, 0.34299000071769115,0,0,27.8,0.0,1
91,1776087115.1932487,0.04336900019552559, 0.3654510001069866,0,0,27.8,0.0,1
92,1776087115.2228298,0.045681999836233445, 0.33659099972283,0,0,27.8,0.0,1
93,1776087115.2527804,0.043476999962877017, 0.3452259998084628,0,0,27.8,0.0,1
94,1776087115.2825081,0.04438500036485493, 0.3680930003611138,0,0,27.8,0.0,1
95,1776087115.3120697,0.04665099913836457, 0.3622109998104861,0,0,27.8,0.0,1
96,1776087115.3411674,0.04556800013233442, 0.3867289997288026,0,0,27.8,0.0,1
97,1776087115.37082,0.04173100023763254, 0.3450340000199503,0,0,27.8,0.0,1
98,1776087115.400522,0.0459829998362693, 0.3710649998538429,0,0,27.8,0.0,1
99,1776087115.4304318,0.046766000195930246, 0.4010559996459051,0,0,27.8,0.0,1
100,1776087115.460373,0.04910099960397929, 0.3757389995371341,0,0,27.8,0.0,1
101,1776087115.4896436,0.04118900051253149, 0.36534799983201083,0,0,27.8,0.0,1
102,1776087115.5199537,0.046146000386215746, 0.33558500035724137,0,0,27.8,0.0,1
103,1776087115.549773,0.04444800015335204, 0.338832999659644,0,0,27.8,0.0,1
104,1776087115.5791998,0.043789999836008064, 0.33891599923663307,0,0,27.8,0.0,1
105,1776087115.6091175,0.04287200044927886, 0.33622299997659866,0,0,27.8,0.0,1
106,1776087115.6388412,0.044968000111111905, 0.3349290000187466,0,0,27.8,0.0,1
107,1776087115.6687224,0.06340799973258981, 0.34508299995650304,0,0,27.8,0.0,1
108,1776087115.6980875,0.043293999624438584, 0.34303099982935237,0,0,27.8,0.0,1
109,1776087115.7279406,0.04649400034395512, 0.33552599961694796,0,0,27.8,0.0,1
110,1776087115.757788,0.04393500057631172, 0.3426310004215338,0,0,27.8,0.0,1
111,1776087115.7872374,0.04258099943399429, 0.3348850004840642,0,0,27.8,0.0,1
112,1776087115.817004,0.04364100004750071, 0.3562950005289167,0,0,27.8,0.0,1
113,1776087115.846488,0.04455199996300507, 0.4142799998589908,0,0,27.8,0.0,1
114,1776087115.8761687,0.05232500006968621, 0.45265599965205183,0,0,27.8,0.0,1
115,1776087115.9059246,0.04406500011100434, 0.37775300006615,0,0,27.8,0.0,1
116,1776087115.9362586,0.04702599926531548, 0.36557499970513163,0,0,27.8,0.0,1
116,1776087115.9836192,17.985405999752402, 0.21707999985665083,3,2,27.8,0.0,0
117,1776087116.020814,22.392856999431388, 0.20562499958032276,4,0,27.8,0.0,0
118,1776087116.0438774,17.88667799974064, 0.2165829992009094,4,2,27.8,0.0,0
119,1776087116.0755007,20.542346999718575, 0.23519599926657975,5,2,27.8,0.0,0
120,1776087116.3621624,19.236075999288005, 258.3917720003228,2,2,27.8,0.0,0
122,1776087116.3653657,0.24725099956413032, 0.32013700001698453,0,2,27.8,0.0,1
123,1776087116.3812256,0.2886439997382695, 0.37782900017191423,0,1,27.8,0.0,1
124,1776087116.4123669,1.5596590001223376, 0.3302200002508471,0,1,27.8,0.0,1
125,1776087116.4450214,0.16776499978732318, 0.26451200028532185,0,0,27.8,0.0,1
126,1776087116.470379,0.04655399970943108, 0.3906660003849538,0,0,27.8,0.0,1
127,1776087116.500127,0.0458309996247408, 0.38351300008798717,0,0,27.8,0.0,1
128,1776087116.5296865,0.04158000047027599, 0.36351300059322966,0,0,27.8,0.0,1
129,1776087116.5594683,0.046004999603610486, 0.3755329998966772,0,0,27.8,0.0,1
130,1776087116.5892591,0.04506799996306654, 0.38358199981303187,0,0,27.8,0.0,1
131,1776087116.6189737,0.044319000153336674, 0.34498399963922566,0,0,27.8,0.0,1
132,1776087116.6488395,0.050331000238657, 0.3625629997259239,0,0,27.8,0.0,1
133,1776087116.6787198,0.05905499983782647, 0.3476709998722072,0,0,27.8,0.0,1
134,1776087116.7084932,0.050552999709907454, 0.3929739996237913,0,0,27.8,0.0,1
135,1776087116.7377405,0.060137000218674075, 0.3451940001468756,0,0,27.8,0.0,1
136,1776087116.767427,0.04577900017466163, 0.3808640003626351,0,0,27.8,0.0,1
137,1776087116.7975247,0.04824499956157524, 0.3782240000873571,0,0,27.8,0.0,1
138,1776087116.8269796,0.043088999518658966, 0.34851899999921443,0,0,27.8,0.0,1
139,1776087116.8566484,0.04230500053381547, 0.3890059997502249,0,0,27.8,0.0,1
140,1776087116.8864164,0.0461350000477978, 0.3837080002995208,0,0,27.8,0.0,1
141,1776087116.9161818,0.047463999180763494, 0.4075400001966045,0,0,27.8,0.0,1
142,1776087116.9457674,0.06880999990244163, 0.3652100003819214,0,0,27.8,0.0,1
143,1776087116.976117,0.05181699998502154, 0.4009489994132309,0,0,27.8,0.0,1
144,1776087117.0061674,0.05066399990028003, 0.38038599996070843,0,0,27.8,0.0,1
145,1776087117.0351608,0.04539499968814198, 0.34765599957609084,0,0,27.8,0.0,1
146,1776087117.0652976,0.05189300009078579, 0.36180100050842157,0,0,27.8,0.0,1
147,1776087117.0949178,0.044223999793757685, 0.35104200014757225,0,0,27.8,0.0,1
148,1776087117.1246483,0.04415500006871298, 0.3629709999586339,0,0,27.8,0.0,1
149,1776087117.1541357,0.04464799985726131, 0.3378589999556425,0,0,27.8,0.0,1
150,1776087117.184041,0.044592999984161, 0.34540899923740653,0,0,27.8,0.0,1
151,1776087117.2136881,0.04237600023770938, 0.3668489998744917,0,0,27.8,0.0,1
152,1776087117.2432935,0.04514400006883079, 0.33574500048416667,0,0,27.8,0.0,1
153,1776087117.2731917,0.04714500028057955, 0.40014899968809914,0,0,27.8,0.0,1
154,1776087117.302297,0.04616899968823418, 0.3791979997913586,0,0,27.8,0.0,1
155,1776087117.3321974,0.04564199934975477, 0.39269300032174215,0,0,27.8,0.0,1
155,1776087117.3801754,18.38805199986382, 0.2069689999188995,6,2,27.8,0.0,0
156,1776087117.4149928,21.026663999691664, 0.23888200030341977,6,0,27.8,0.0,0
157,1776087117.443065,20.286322999709228, 0.22142500074551208,6,2,27.8,0.0,0
158,1776087117.4715955,19.39370299987786, 0.2376529992034193,7,2,27.8,0.0,0
159,1776087117.7617292,19.9167419996229, 260.27757599968027,9,2,27.8,0.0,0
161,1776087117.7648072,0.268986999799381, 0.30787099967710674,0,2,27.8,0.0,1
162,1776087117.777837,0.30372199944395106, 0.3475419998721918,0,1,27.8,0.0,1
163,1776087117.8076751,0.24903600024117623, 0.3953909999836469,0,1,27.8,0.0,1
164,1776087117.8394644,1.6512680003870628, 0.33001500014506746,0,0,27.8,0.0,1
165,1776087117.8712533,0.035324000236869324, 0.2635609998833388,0,0,27.8,0.0,1
166,1776087117.896644,0.04058900049130898, 0.3735700001925579,0,0,27.8,0.0,1
167,1776087117.9265473,0.05065700042905519, 0.3882770006384817,0,0,27.8,0.0,1
168,1776087117.956838,0.0442020000264165, 0.36060699949302943,0,0,27.8,0.0,1
169,1776087117.9862156,0.045667000449611805, 0.3371760003574309,0,0,27.8,0.0,1
170,1776087118.0164652,0.04998999975214247, 0.37612500000250293,0,0,27.8,0.0,1
171,1776087118.0457792,0.048226000217255205, 0.33888500001921784,0,0,27.8,0.0,1
172,1776087118.0752108,0.05116200009069871, 0.4198579999865615,0,0,27.8,0.0,1
173,1776087118.1047237,0.04311100019549485, 0.37533900012931554,0,0,27.8,0.0,1
174,1776087118.1345003,0.04625699966709362, 0.38992699955997523,0,0,27.8,0.0,1
175,1776087118.1641142,0.044829999751527794, 0.3929009999410482,0,0,27.8,0.0,1
176,1776087118.193971,0.040149000597011764, 0.3547180003806716,0,0,27.8,0.0,1
177,1776087118.2241824,0.0435780002590036, 0.34967999999935273,0,0,27.8,0.0,1
178,1776087118.2537994,0.04400200032250723, 0.3426039993428276,0,0,27.8,0.0,1
179,1776087118.2833645,0.047079000069061294, 0.34436600071785506,0,0,27.8,0.0,1
180,1776087118.313032,0.04391899983602343, 0.33766100023058243,0,0,27.8,0.0,1
181,1776087118.3428805,0.04596099915943341, 0.34233000042149797,0,0,27.8,0.0,1
182,1776087118.372769,0.042871999539784156, 0.34447100006218534,0,0,27.8,0.0,1
183,1776087118.4021614,0.044968999645789154, 0.3441499993641628,0,0,27.8,0.0,1
184,1776087118.4320307,0.043107000237796456, 0.34412500008329516,0,0,27.8,0.0,1
185,1776087118.461782,0.04425899987836601, 0.3424790002100053,0,0,27.8,0.0,1
186,1776087118.4916298,0.04424700000527082, 0.3636760002336814,0,0,27.8,0.0,1
187,1776087118.5211017,0.042006000512628816, 0.3441740000198479,0,0,27.8,0.0,1
188,1776087118.5511892,0.047172000449791085, 0.38245300038397545,0,0,27.8,0.0,1
189,1776087118.5810492,0.052084999879298266, 0.3777760002776631,0,0,27.8,0.0,1
190,1776087118.610222,0.04630500006896909, 0.3433720003158669,0,0,27.8,0.0,1
191,1776087118.6399941,0.04325800000515301, 0.3406509995329543,0,0,27.8,0.0,1
192,1776087118.6698663,0.046021999878576025, 0.34344499999861,0,0,27.8,0.0,1
193,1776087118.69926,0.0432659999205498, 0.33703100052662194,0,0,27.8,0.0,1
194,1776087118.729061,0.043140000343555585, 0.3440549999140785,0,0,27.8,0.0,1
194,1776087118.7895553,30.763963000026706, 0.28998899961152347,8,2,27.8,0.0,0
195,1776087118.8061109,14.880263000122795, 0.2107580003212206,6,0,27.8,0.0,0
196,1776087118.839616,21.41068400032964, 0.22593500034417957,4,2,27.8,0.0,0
197,1776087118.8661394,18.602610000016284, 0.21701500008930452,9,2,27.8,0.0,0
198,1776087119.1576872,20.235467999555112, 260.35221700021793,6,2,27.8,0.0,0
200,1776087119.1613228,0.25362999986100476, 0.295963000098709,0,2,27.8,0.0,1
201,1776087119.1752126,0.27425000007497147, 0.33462800001871074,0,2,27.8,0.0,1
202,1776087119.2065387,1.7630419997658464, 0.3130389995931182,0,1,27.8,0.0,1
203,1776087119.2384725,0.18577699938759906, 0.2639919994180673,0,0,27.8,0.0,1
204,1776087119.2640347,0.04229700061841868, 0.3419320000830339,0,0,27.8,0.0,1
205,1776087119.2938204,0.04744600028061541, 0.3375940004843869,0,0,27.8,0.0,1
206,1776087119.3236923,0.04327100032242015, 0.3630290002547554,0,0,27.8,0.0,1
207,1776087119.3530898,0.04206199992040638, 0.34075700023095123,0,0,27.8,0.0,1
208,1776087119.3829997,0.04423500013217563, 0.34052600040013203,0,0,27.8,0.0,1
209,1776087119.412727,0.060244999986025505, 0.35207299970352324,0,0,27.8,0.0,1
210,1776087119.4422085,0.04375000025902409, 0.33703299959597643,0,0,27.8,0.0,1
211,1776087119.4719906,0.04361500032246113, 0.3317239998068544,0,0,27.8,0.0,1
212,1776087119.5019455,0.04480799998418661, 0.33963300029427046,0,0,27.8,0.0,1
213,1776087119.5317163,0.044022000110999215, 0.3689759996632347,0,0,27.8,0.0,1
214,1776087119.5614526,0.04683700080931885, 0.3715840002769255,0,0,27.8,0.0,1
215,1776087119.591199,0.04711400015366962, 0.37940600032015936,0,0,27.8,0.0,1
216,1776087119.621046,0.04815600004803855, 0.37696799972763984,0,0,27.8,0.0,1
217,1776087119.650753,0.059439999859023374, 0.3463749999355059,0,0,27.8,0.0,1
218,1776087119.6800578,0.04429199998412514, 0.3406830001040362,0,0,27.8,0.0,1
219,1776087119.7098093,0.04302599973016186, 0.35267499970359495,0,0,27.8,0.0,1
220,1776087119.739673,0.044192000132170506, 0.3570240005501546,0,0,27.8,0.0,1
221,1776087119.7692435,0.04248899949743645, 0.3490700000838842,0,0,27.8,0.0,1
222,1776087119.798937,0.04475900004763389, 0.33671900018816814,0,0,27.8,0.0,1
223,1776087119.828764,0.045310000132303685, 0.3421689998504007,0,0,27.8,0.0,1
224,1776087119.8582222,0.045200999920780305, 0.33499499932077015,0,0,27.8,0.0,1
225,1776087119.8882315,0.04391099992062664, 0.341747000675241,0,0,27.8,0.0,1
226,1776087119.9178674,0.04430999979376793, 0.3369070000189822,0,0,27.8,0.0,1
227,1776087119.947658,0.04286999956093496, 0.3613899998526904,0,0,27.8,0.0,1
228,1776087119.9771633,0.04517700017458992, 0.34033599968097406,0,0,27.8,0.0,1
229,1776087120.0073364,0.0475309998364537, 0.38937800036364933,0,0,27.8,0.0,1
230,1776087120.036786,0.043031000132032204, 0.34541900004114723,0,0,27.8,0.0,1
231,1776087120.0661762,0.04710700068244478, 0.3460549996816553,0,0,27.8,0.0,1
232,1776087120.0960932,0.04575700040732045, 0.34072900052706245,0,0,27.8,0.0,1
233,1776087120.1258614,0.04724500013253419, 0.35150600069755455,0,0,27.8,0.0,1
233,1776087120.1879716,32.13584500008437, 0.2204710008300026,10,2,27.8,0.0,0
234,1776087120.2030272,13.370114999815996, 0.19589300063671544,10,0,27.8,0.0,0
235,1776087120.2375317,21.05905200005509, 0.2438849996906356,13,2,27.8,0.0,0
236,1776087120.2621374,17.819592000705597, 0.21700300021620933,18,2,27.8,0.0,0
237,1776087120.5551605,20.970897000552213, 260.0167449991204,18,2,27.8,0.0,0
239,1776087120.5589924,0.2506099999664002, 0.30872899969836,0,2,27.8,0.0,1
240,1776087120.571147,0.24696699983906, 0.3306700000393903,0,2,27.8,0.0,1
241,1776087120.6013863,0.2760739998848294, 0.3376240001671249,0,2,27.8,0.0,1
242,1776087120.6325824,1.6623179999442073, 0.32732599993323674,0,0,27.8,0.0,1
243,1776087120.6648407,0.03639399983512703, 0.26372199954494135,0,0,27.8,0.0,1
244,1776087120.6898525,0.042456000301172026, 0.3447420003794832,0,0,27.8,0.0,1
245,1776087120.7197816,0.044624999645748176, 0.3534719999152003,0,0,27.8,0.0,1
246,1776087120.7497637,0.05879699983779574, 0.3577699999368633,0,0,27.8,0.0,1
247,1776087120.779403,0.05265800064080395, 0.3752490001716069,0,0,27.8,0.0,1
248,1776087120.80896,0.04632099989976268, 0.35281300006317906,0,0,27.8,0.0,1
249,1776087120.8389223,0.044379999962984584, 0.3623299999162555,0,0,27.8,0.0,1
250,1776087120.868593,0.05120700006955303, 0.3805229998761206,0,0,27.8,0.0,1
251,1776087120.8979125,0.04416899992065737, 0.37501099996006815,0,0,27.8,0.0,1
252,1776087120.9275866,0.05189100011193659, 0.3744529994946788,0,0,27.8,0.0,1
253,1776087120.9578886,0.05263499951979611, 0.40171499949792633,0,0,27.8,0.0,1
254,1776087120.9878905,0.049371999921277165, 0.40943899966805475,0,0,27.8,0.0,1
255,1776087121.0172608,0.04538200028036954, 0.349258000824193,0,0,27.8,0.0,1
256,1776087121.0469246,0.044377999984135386, 0.34118899930035695,0,0,27.8,0.0,1
257,1776087121.0763323,0.04512000032264041, 0.3779299995585461,0,0,27.8,0.0,1
258,1776087121.1058383,0.040840999645297416, 0.34466400029486977,0,0,27.8,0.0,1
259,1776087121.135567,0.0497799992444925, 0.3784479995374568,0,0,27.8,0.0,1
260,1776087121.1656387,0.04452400025911629, 0.3567379999367404,0,0,27.8,0.0,1
261,1776087121.195418,0.051277999773446936, 0.3845830005957396,0,0,27.8,0.0,1
262,1776087121.2247722,0.0675470000714995, 0.3563390000635991,0,0,27.8,0.0,1
263,1776087121.254767,0.07206300051620929, 0.3680729996631271,0,0,27.8,0.0,1
264,1776087121.2845304,0.050568000006023794, 0.3944199997931719,0,0,27.8,0.0,1
265,1776087121.3138483,0.04406300013215514, 0.3439940001044306,0,0,27.8,0.0,1
266,1776087121.3435602,0.047615999392292, 0.3727410003193654,0,0,27.8,0.0,1
267,1776087121.3734844,0.049250000301981345, 0.39578099949721945,0,0,27.8,0.0,1
268,1776087121.403423,0.048642999900039285, 0.3888340006596991,0,0,27.8,0.0,1
269,1776087121.432672,0.041371999941475224, 0.3614739998738514,0,0,27.8,0.0,1
270,1776087121.4624732,0.046862000090186484, 0.37446599981194595,0,0,27.8,0.0,1
271,1776087121.4924898,0.05176400009077042, 0.37289600004442036,0,0,27.8,0.0,1
272,1776087121.5221202,0.04380000063974876, 0.3780589995585615,0,0,27.8,0.0,1
272,1776087121.584372,32.07602000020415, 0.27492000026541064,10,2,27.8,0.0,0
273,1776087121.627421,22.33740000065154, 0.2184570003009867,10,0,27.8,0.0,0
274,1776087121.6432676,14.120548999926541, 0.21467500027938513,8,2,27.8,0.0,0
275,1776087121.6572561,11.821572000371816, 0.22257500040723244,8,2,27.8,0.0,0
276,1776087121.9508886,20.780118999937258, 257.54890099960903,4,2,27.8,0.0,0
278,1776087121.9556491,0.279701000181376, 0.22127099964563968,0,2,27.8,0.0,1
279,1776087121.9683115,0.2747109992924379, 0.35462599953461904,0,0,27.8,0.0,1
280,1776087121.9994485,1.4949610003895941, 0.32536900016566506,0,0,27.8,0.0,1
281,1776087122.032433,0.036374999581312295, 0.28385599944158457,0,0,27.8,0.0,1
282,1776087122.0571275,0.04430399985722033, 0.3415629998926306,0,0,27.8,0.0,1
283,1776087122.0870109,0.045172000682214275, 0.34733799930108944,0,0,27.8,0.0,1
284,1776087122.1168265,0.04531699960352853, 0.33594700016692514,0,0,27.8,0.0,1
285,1776087122.1462238,0.042317999941587914, 0.34760400012601167,0,0,27.8,0.0,1
286,1776087122.176466,0.04977099979441846, 0.3776100002141902,0,0,27.8,0.0,1
287,1776087122.2058933,0.044097999307268765, 0.3396090005480801,0,0,27.8,0.0,1
288,1776087122.2356439,0.052397999752429314, 0.3853739999613026,0,0,27.8,0.0,1
289,1776087122.264997,0.04733100013254443, 0.37345100008678855,0,0,27.8,0.0,1
290,1776087122.2944944,0.04655500015360303, 0.3828049993899185,0,0,27.8,0.0,1
291,1776087122.3243675,0.04748599985759938, 0.4240359994582832,0,0,27.8,0.0,1
292,1776087122.354303,0.04576299943437334, 0.3495210003165994,0,0,27.8,0.0,1
293,1776087122.384031,0.04615400030161254, 0.3482249994704034,0,0,27.8,0.0,1
294,1776087122.4138715,0.04549200002657017, 0.34610500006238,0,0,27.8,0.0,1
295,1776087122.4437647,0.04502600040723337, 0.34214300012536114,0,0,27.8,0.0,1
296,1776087122.47313,0.044424999941838905, 0.33714300025167176,0,0,27.8,0.0,1
297,1776087122.5030377,0.045386000238067936, 0.3475699995760806,0,0,27.8,0.0,1
298,1776087122.5332093,0.049823000153992325, 0.37825500021426706,0,0,27.8,0.0,1
299,1776087122.562223,0.043010999434045516, 0.3444109997872147,0,0,27.8,0.0,1
300,1776087122.59207,0.045964000491949264, 0.3395079993424588,0,0,27.8,0.0,1
301,1776087122.621878,0.04682100006903056, 0.3356769993843045,0,0,27.8,0.0,1
302,1776087122.6520853,0.050116000238631386, 0.38960700021561934,0,0,27.8,0.0,1
303,1776087122.6812482,0.039818000004743226, 0.3487599997242796,0,0,27.8,0.0,1
304,1776087122.710968,0.04280699977243785, 0.33827300012490014,0,0,27.8,0.0,1
305,1776087122.7407973,0.04592200002662139, 0.3454990001046099,0,0,27.8,0.0,1
306,1776087122.770669,0.044950999836146366, 0.3656170001704595,0,0,27.8,0.0,1
307,1776087122.8001256,0.04338999951869482, 0.3411900006540236,0,0,27.8,0.0,1
308,1776087122.8298967,0.04669699956139084, 0.33974199959629914,0,0,27.8,0.0,1
309,1776087122.8597395,0.06034299985913094, 0.34158400012529455,0,0,27.8,0.0,1
310,1776087122.8892496,0.04443199941306375, 0.3501350001897663,0,0,27.8,0.0,1
311,1776087122.9189463,0.04181700023764279, 0.33794899991335114,0,0,27.8,0.0,1
311,1776087122.9664896,17.427761999897484, 0.23528900055680424,2,2,27.8,0.0,0
312,1776087123.00447,22.43493799960561, 0.22411700047086924,3,0,27.8,0.0,0
313,1776087123.0275753,18.173336000472773, 0.22902799992152723,8,2,27.8,0.0,0
314,1776087123.0563943,19.241359000261582, 0.22547000025952002,9,2,27.8,0.0,0
315,1776087123.3489842,21.34224100063875, 259.93422200008354,12,1,27.8,0.0,0
317,1776087123.352825,0.2133210000465624, 0.3115339995929389,0,1,27.8,0.0,1
318,1776087123.3645089,0.21537200063903583, 0.33340899972245097,0,1,27.8,0.0,1
319,1776087123.3950844,0.23790299928805325, 0.37623499974870356,0,1,27.8,0.0,1
320,1776087123.4259849,1.678483999967284, 0.3222959994673147,0,0,27.8,0.0,1
321,1776087123.4581287,0.03777599977183854, 0.26351499946031254,0,0,27.8,0.0,1
322,1776087123.483816,0.044753000111086294, 0.33741200059012044,0,0,27.8,0.0,1
323,1776087123.5131571,0.043278000703139696, 0.3386860007594805,0,0,27.8,0.0,1
324,1776087123.5429666,0.04440700013219612, 0.3434170002947212,0,0,27.8,0.0,1
325,1776087123.5728955,0.04481499945541145, 0.33978699957515346,0,0,27.8,0.0,1
326,1776087123.6026983,0.045228999624669086, 0.337344000399753,0,0,27.8,0.0,1
327,1776087123.6322596,0.04226600049150875, 0.3416989993638708,0,0,27.8,0.0,1
328,1776087123.661884,0.0446699996246025, 0.3359219999765628,0,0,27.8,0.0,1
329,1776087123.6918106,0.04564400023809867, 0.34904800031654304,0,0,27.8,0.0,1
330,1776087123.7211766,0.04482300028030295, 0.33946100029424997,0,0,27.8,0.0,1
331,1776087123.7509744,0.044055000216758344, 0.3365760003362084,0,0,27.8,0.0,1
332,1776087123.780841,0.04573800015350571, 0.3463949997239979,0,0,27.8,0.0,1
333,1776087123.8106565,0.045232000047690235, 0.3611550000641728,0,0,27.8,0.0,1
334,1776087123.8401113,0.04199999966658652, 0.3370040003574104,0,0,27.8,0.0,1
335,1776087123.8701837,0.04665199958253652, 0.3881129996443633,0,0,27.8,0.0,1
336,1776087123.899381,0.04961400009051431, 0.38585299989790656,0,0,27.8,0.0,1
337,1776087123.9291995,0.04538200028036954, 0.35079700046480866,0,0,27.8,0.0,1
338,1776087123.9590378,0.043506999645615, 0.34465599946997827,0,0,27.8,0.0,1
339,1776087123.9892442,0.050472000111767557, 0.37556799998128554,0,0,27.8,0.0,1
340,1776087124.0187328,0.04295899998396635, 0.3865079997922294,0,0,27.8,0.0,1
341,1776087124.0480793,0.045120999857317656, 0.34245300048496574,0,0,27.8,0.0,1
342,1776087124.077902,0.045855000280425884, 0.3397210002731299,0,0,27.8,0.0,1
343,1776087124.107718,0.06194199977471726, 0.3428700001677498,0,0,27.8,0.0,1
344,1776087124.1371725,0.04178400013188366, 0.343798999892897,0,0,27.8,0.0,1
345,1776087124.1670287,0.043296000512782484, 0.3448449997449643,0,0,27.8,0.0,1
346,1776087124.1965702,0.052069999583181925, 0.3908930002580746,0,0,27.8,0.0,1
347,1776087124.2265,0.05103500006953254, 0.36751000061485684,0,0,27.8,0.0,1
348,1776087124.2558084,0.04331800028012367, 0.3490369999781251,0,0,27.8,0.0,1
349,1776087124.2858353,0.0470649993076222, 0.3428999998504878,0,0,27.8,0.0,1
350,1776087124.31522,0.045853999836253934, 0.39251500038517406,0,0,27.8,0.0,1
350,1776087124.362802,18.22334700045758, 0.20497399964369833,4,2,27.8,0.0,0
351,1776087124.3995306,22.01206900008401, 0.24140599998645484,3,0,27.8,0.0,0
352,1776087124.4264488,20.65089000006992, 0.22144200011098292,3,2,27.8,0.0,0
353,1776087124.4541154,18.801406000420684, 0.2168870005334611,4,2,27.8,0.0,0
354,1776087124.743416,19.758032000027015, 259.5004710001376,4,2,27.8,0.0,0
356,1776087124.7471364,0.2553390004322864, 0.3019460000359686,0,2,27.8,0.0,1
357,1776087124.7615044,0.27429999954620143, 0.33545899987075245,0,1,27.8,0.0,1
358,1776087124.7925658,1.536643000690674, 0.31599800058756955,0,1,27.8,0.0,1
359,1776087124.8251703,0.1663960001678788, 0.26340000022173626,0,0,27.8,0.0,1
360,1776087124.850316,0.04325800000515301, 0.33214599989150884,0,0,27.8,0.0,1
361,1776087124.880168,0.04402000013215002, 0.34448900078132283,0,0,27.8,0.0,1
362,1776087124.9099374,0.04622100004780805, 0.33576499936316395,0,0,27.8,0.0,1
363,1776087124.9397297,0.06307000057859113, 0.34183699972345494,0,0,27.8,0.0,1
364,1776087124.9692154,0.04849800006923033, 0.349879999703262,0,0,27.8,0.0,1
365,1776087124.9995034,0.05165800030226819, 0.3822210001089843,0,0,27.8,0.0,1
366,1776087125.028885,0.045072999455442186, 0.3451430002314737,0,0,27.8,0.0,1
367,1776087125.0586483,0.04351500047050649, 0.3630289993452607,0,0,27.8,0.0,1
368,1776087125.0881472,0.04773399996338412, 0.3442939996602945,0,0,27.8,0.0,1
369,1776087125.1180754,0.04742199962493032, 0.34000800042122137,0,0,27.8,0.0,1
370,1776087125.1480076,0.050981999265786726, 0.38713499998266343,0,0,27.8,0.0,1
371,1776087125.1773047,0.04432300011103507, 0.3385010004421929,0,0,27.8,0.0,1
372,1776087125.207049,0.045200000386103056, 0.3475089997664327,0,0,27.8,0.0,1
373,1776087125.2369673,0.04531499962467933, 0.3428469999562367,0,0,27.8,0.0,1
374,1776087125.2666874,0.04383299983601319, 0.370954000572965,0,0,27.8,0.0,1
375,1776087125.296034,0.049500000386615284, 0.34243099980812985,0,0,27.8,0.0,1
376,1776087125.3259637,0.044940000407223124, 0.3390669999134843,0,0,27.8,0.0,1
377,1776087125.3558578,0.044020999666827265, 0.3415319997657207,0,0,27.8,0.0,1
378,1776087125.385321,0.04472799992072396, 0.3355070002726279,0,0,27.8,0.0,1
379,1776087125.4150786,0.048548000449955, 0.3353100000822451,0,0,27.8,0.0,1
380,1776087125.4448652,0.04620299932867056, 0.3415770006540697,0,0,27.8,0.0,1
381,1776087125.4747455,0.05961399983789306, 0.35014200057048583,0,0,27.8,0.0,1
382,1776087125.5041406,0.04499199985730229, 0.3382779996172758,0,0,27.8,0.0,1
383,1776087125.5334485,0.04787499983649468, 0.37404899921966717,0,0,27.8,0.0,1
384,1776087125.5634022,0.05157899977348279, 0.39368599937006366,0,0,27.8,0.0,1
385,1776087125.5932815,0.04887000068265479, 0.3744270006791339,0,0,27.8,0.0,1
386,1776087125.6226625,0.044438999793783296, 0.3783050005949917,0,0,27.8,0.0,1
387,1776087125.6524837,0.04829600038647186, 0.4044010001962306,0,0,27.8,0.0,1
388,1776087125.6825314,0.05825200059916824, 0.37649200021405704,0,0,27.8,0.0,1
389,1776087125.7121048,0.04714300030173035, 0.35864599976775935,0,0,27.8,0.0,1
389,1776087125.7600305,18.74323500032915, 0.22314600028039422,18,2,27.8,0.0,0
390,1776087125.8112328,23.260155000571103, 0.2390549998381175,18,0,27.8,0.0,0
391,1776087125.829316,16.412039999522676, 0.20447200040507596,20,2,27.8,0.0,0
392,1776087125.8431153,12.179823000224133, 0.20770799983438337,15,2,27.8,0.0,0
393,1776087126.1379697,20.2177049995953, 258.2786259999921,13,2,27.8,0.0,0
395,1776087126.1419766,0.17669600038061617, 0.17553899942868156,0,2,27.8,0.0,1
396,1776087126.1581836,0.2794370002447977, 0.3428800000619958,0,2,27.8,0.0,1
397,1776087126.1880605,0.28154600022389786, 0.3386110001883935,0,1,27.8,0.0,1
398,1776087126.2195046,1.7683969999779947, 0.325020999298431,0,0,27.8,0.0,1
399,1776087126.2512007,0.03616899994085543, 0.26178099960816326,0,0,27.8,0.0,1
400,1776087126.2768826,0.04511600036494201, 0.3381650003575487,0,0,27.8,0.0,1
401,1776087126.3068254,0.04534799973043846, 0.34282399974472355,0,0,27.8,0.0,1
402,1776087126.3361728,0.04494799941312522, 0.3308750001451699,0,0,27.8,0.0,1
403,1776087126.366141,0.0466050005343277, 0.34316400069656083,0,0,27.8,0.0,1
404,1776087126.395805,0.046395999561354984, 0.34301399955438683,0,0,27.8,0.0,1
405,1776087126.4256346,0.049746000513550825, 0.3606099999160506,0,0,27.8,0.0,1
406,1776087126.4551206,0.04247699962434126, 0.3458640003373148,0,0,27.8,0.0,1
407,1776087126.4848683,0.042638999730115756, 0.3463650000412599,0,0,27.8,0.0,1
408,1776087126.5147588,0.04832400009036064, 0.3433860001678113,0,0,27.8,0.0,1
409,1776087126.5441518,0.044161999539937824, 0.33870500010380056,0,0,27.8,0.0,1
410,1776087126.574039,0.044577999688044656, 0.339813999744365,0,0,27.8,0.0,1
411,1776087126.603835,0.04591699962475104, 0.3356380002514925,0,0,27.8,0.0,1
412,1776087126.6332748,0.04338100006862078, 0.3437949999351986,0,0,27.8,0.0,1
413,1776087126.6631207,0.04156900013185805, 0.3477399995972519,0,0,27.8,0.0,1
414,1776087126.6929195,0.04454400004760828, 0.3502529998513637,0,0,27.8,0.0,1
415,1776087126.7226784,0.04552999962470494, 0.3561550001904834,0,0,27.8,0.0,1
416,1776087126.752238,0.042440000470378436, 0.342911999723583,0,0,27.8,0.0,1
417,1776087126.7819903,0.043228999857092276, 0.3450309995969292,0,0,27.8,0.0,1
418,1776087126.811864,0.04655500015360303, 0.34179900012532016,0,0,27.8,0.0,1
419,1776087126.841775,0.04627899943443481, 0.33784199968067696,0,0,27.8,0.0,1
420,1776087126.871142,0.04325200006860541, 0.34183900061179884,0,0,27.8,0.0,1
421,1776087126.9009483,0.04286700004740851, 0.33869300023070537,0,0,27.8,0.0,1
422,1776087126.9307632,0.04674500087276101, 0.34578600025270134,0,0,27.8,0.0,1
423,1776087126.9602041,0.04354999964562012, 0.33504400016681757,0,0,27.8,0.0,1
424,1776087126.9904993,0.04860700028075371, 0.38103899987618206,0,0,27.8,0.0,1
425,1776087127.01978,0.045354999201663304, 0.34067199976561824,0,0,27.8,0.0,1
426,1776087127.049328,0.043944999561063014, 0.33354999959556153,0,0,27.8,0.0,1
427,1776087127.0790985,0.04151299981458578, 0.3446750006332877,0,0,27.8,0.0,1
428,1776087127.10892,0.04628999977285275, 0.34024300020973897,0,0,27.8,0.0,1
428,1776087127.1567528,18.15705699937098, 0.21017100061726524,15,2,27.8,0.0,0
429,1776087127.2161615,21.938310000223282, 0.32292700052494183,9,0,27.8,0.0,0
430,1776087127.236373,18.30551800048852, 0.22523999996337807,7,2,27.8,0.0,0
431,1776087127.2498832,11.806589999650896, 0.21278900021570735,6,2,27.8,0.0,0
432,1776087127.5264835,12.561488000756071, 257.9129829991871,13,2,27.8,0.0,0
434,1776087127.5297425,0.27219699950364884, 0.30464799965557177,0,2,27.8,0.0,1
435,1776087127.5551085,0.2739889996519196, 0.3416260005906224,0,2,27.8,0.0,1
436,1776087127.5857782,1.703685999927984, 0.304809000226669,0,2,27.8,0.0,1
437,1776087127.6183667,0.21563999962381786, 0.2900099998441874,0,0,27.8,0.0,1
438,1776087127.6437757,0.04271999932825565, 0.3461780006546178,0,0,27.8,0.0,1
439,1776087127.6737092,0.05978399985906435, 0.3402479997021146,0,0,27.8,0.0,1
440,1776087127.7030697,0.04548700053419452, 0.33262400029343553,0,0,27.8,0.0,1
441,1776087127.7329867,0.049278999540547375, 0.3419599997869227,0,0,27.8,0.0,1
442,1776087127.76267,0.043787999857158866, 0.36138299947197083,0,0,27.8,0.0,1
443,1776087127.7922668,0.04398400051286444, 0.3359869997439091,0,0,27.8,0.0,1
444,1776087127.8219643,0.043930000174441375, 0.3473650003797957,0,0,27.8,0.0,1
445,1776087127.8513842,0.048238999625027645, 0.41047800004889723,0,0,27.8,0.0,1
446,1776087127.8813136,0.04478000028029783, 0.32799900054669706,0,0,27.8,0.0,1
447,1776087127.910771,0.04319800063967705, 0.3489320006337948,0,0,27.8,0.0,1
448,1776087127.9410698,0.05011799930798588, 0.3651510005511227,0,0,27.8,0.0,1
449,1776087127.9706988,0.043416000153229106, 0.360888000614068,0,0,27.8,0.0,1
450,1776087128.0001607,0.04569600059767254, 0.3438459998506005,0,0,27.8,0.0,1
451,1776087128.0296154,0.04083600015292177, 0.3829829993264866,0,0,27.8,0.0,1
452,1776087128.0599911,0.04883299970970256, 0.3517029999784427,0,0,27.8,0.0,1
453,1776087128.0892656,0.04467799953999929, 0.33494200033601373,0,0,27.8,0.0,1
454,1776087128.1192157,0.04466700011107605, 0.34404999951220816,0,0,27.8,0.0,1
455,1776087128.1489892,0.04491900017455919, 0.3434899999774643,0,0,27.8,0.0,1
456,1776087128.1788576,0.0449010003649164, 0.3426120001677191,0,0,27.8,0.0,1
457,1776087128.2081969,0.0454460005130386, 0.3344119995745132,0,0,27.8,0.0,1
458,1776087128.2381291,0.04546800028037978, 0.34313800006202655,0,0,27.8,0.0,1
459,1776087128.2677836,0.041774999772314914, 0.3466379994279123,0,0,27.8,0.0,1
460,1776087128.297707,0.04411000008985866, 0.3603169998314115,0,0,27.8,0.0,1
461,1776087128.3271148,0.04377100049168803, 0.3383189996384317,0,0,27.8,0.0,1
462,1776087128.3570132,0.04625999918062007, 0.34436999976605875,0,0,27.8,0.0,1
463,1776087128.3867855,0.043854000068677124, 0.35080299949186156,0,0,27.8,0.0,1
464,1776087128.416195,0.04713499947683886, 0.3405420002309256,0,0,27.8,0.0,1
465,1776087128.446187,0.042312999539717566, 0.349097999787773,0,0,27.8,0.0,1
466,1776087128.475906,0.04501000057643978, 0.3434140007811948,0,0,27.8,0.0,1
467,1776087128.5052376,0.0452109998150263, 0.33904099927895004,0,0,27.8,0.0,1
467,1776087128.5526888,17.650978000347095, 0.2113230002578348,17,2,27.8,0.0,0
468,1776087128.607506,23.67368700015504, 0.2550830004111049,15,0,27.8,0.0,0
469,1776087128.6257231,16.459137999845552, 0.2111530002366635,12,2,27.8,0.0,0
470,1776087128.6392686,11.846133999824815, 0.20849200063821627,8,2,27.8,0.0,0
471,1776087128.9314282,20.09577600074408, 258.19611299993994,9,2,27.8,0.0,0
473,1776087128.9350967,0.2522180002415553, 0.30570099988835864,0,2,27.8,0.0,1
474,1776087128.9513202,0.27358499937690794, 0.3324029994473676,0,1,27.8,0.0,1
475,1776087128.9823885,0.23857700034568552, 0.34668999978748616,0,1,27.8,0.0,1
476,1776087129.0121233,1.855532000263338, 0.3623550001066178,0,0,27.8,0.0,1
477,1776087129.0448265,0.03703899983520387, 0.2595370006019948,0,0,27.8,0.0,1
478,1776087129.0699892,0.04438999985723058, 0.33436499961680965,0,0,27.8,0.0,1
479,1776087129.0998592,0.0428769999416545, 0.3508589998091338,0,0,27.8,0.0,1
480,1776087129.1297946,0.046020999434404075, 0.3472739999779151,0,0,27.8,0.0,1
481,1776087129.1591175,0.04486400030145887, 0.3346760004205862,0,0,27.8,0.0,1
482,1776087129.1890893,0.042565000512695406, 0.35980299981019925,0,0,27.8,0.0,1
483,1776087129.218709,0.0429560004704399, 0.3614250008467934,0,0,27.8,0.0,1
484,1776087129.2488022,0.04275999981473433, 0.3417939997234498,0,0,27.8,0.0,1
485,1776087129.2780437,0.04412399994180305, 0.34608399982971605,0,0,27.8,0.0,1
486,1776087129.307897,0.04424500002642162, 0.34532199970271904,0,0,27.8,0.0,1
487,1776087129.3377419,0.0562190007258323, 0.3471509999144473,0,0,27.8,0.0,1
488,1776087129.367135,0.04401400019560242, 0.3328620005049743,0,0,27.8,0.0,1
489,1776087129.3970046,0.048007999794208445, 0.3420390003157081,0,0,27.8,0.0,1
490,1776087129.4267318,0.060803000451414846, 0.3428150002946495,0,0,27.8,0.0,1
491,1776087129.4565928,0.04736499977298081, 0.37079899993841536,0,0,27.8,0.0,1
492,1776087129.486386,0.04588799947669031, 0.39290200038522016,0,0,27.8,0.0,1
493,1776087129.515923,0.04615899979398819, 0.3428609998081811,0,0,27.8,0.0,1
494,1776087129.5457668,0.04460699983610539, 0.3497319994494319,0,0,27.8,0.0,1
495,1776087129.5754778,0.04608000017469749, 0.3866850001941202,0,0,27.8,0.0,1
496,1776087129.6049895,0.04312799956096569, 0.3415439996388159,0,0,27.8,0.0,1
497,1776087129.6348512,0.044530999730341136, 0.34280999989277916,0,0,27.8,0.0,1
498,1776087129.6643033,0.04620000072463881, 0.3317009995953413,0,0,27.8,0.0,1
499,1776087129.694015,0.04278399956092471, 0.3480340001260629,0,0,27.8,0.0,1
500,1776087129.7239013,0.0463679998574662, 0.3509230000418029,0,0,27.8,0.0,1
501,1776087129.7537034,0.04526599968812661, 0.36640999951487174,0,0,27.8,0.0,1
502,1776087129.7831903,0.04589099989971146, 0.3459569998085499,0,0,27.8,0.0,1
503,1776087129.8129592,0.04160699972999282, 0.3407579997656285,0,0,27.8,0.0,1
504,1776087129.8432798,0.04871300006925594, 0.3754720000870293,0,0,27.8,0.0,1
505,1776087129.872582,0.045742999645881355, 0.37127099949429976,0,0,27.8,0.0,1
506,1776087129.9024038,0.0479970003652852, 0.38653599949611817,0,0,27.8,0.0,1
506,1776087129.962847,31.025971000417485, 0.3133209993393393,20,2,27.8,0.0,0
507,1776087129.980046,15.204747000097996, 0.4631179999705637,16,0,27.8,0.0,0
508,1776087130.0110555,20.263235999664175, 0.21280900000419933,16,2,27.8,0.0,0
509,1776087130.0406022,19.756394000069122, 0.22259100023802603,12,2,27.8,0.0,0
510,1776087130.3295066,20.066950999535038, 258.22310599960474,13,2,27.8,0.0,0
512,1776087130.333162,0.25003300015669083, 0.3002799994646921,0,2,27.8,0.0,1
513,1776087130.348111,0.27928500003326917, 0.3379890003998298,0,1,27.8,0.0,1
514,1776087130.379693,1.7900189995998517, 0.32738899972173385,0,1,27.8,0.0,1
515,1776087130.4112353,0.16488099936395884, 0.25905199981934857,0,0,27.8,0.0,1
516,1776087130.436477,0.047047999942151364, 0.37769800019304967,0,0,27.8,0.0,1
517,1776087130.4668746,0.04758100021717837, 0.35344499974598875,0,0,27.8,0.0,1
518,1776087130.4966109,0.04626600002666237, 0.35489799938659417,0,0,27.8,0.0,1
519,1776087130.52608,0.0448950004283688, 0.3407809999771416,0,0,27.8,0.0,1
520,1776087130.556231,0.04807899949810235, 0.3845749997708481,0,0,27.8,0.0,1
521,1776087130.5857272,0.05934100045124069, 0.3456940003161435,0,0,27.8,0.0,1
522,1776087130.6151824,0.045881000005465467, 0.33282699951087125,0,0,27.8,0.0,1
523,1776087130.645004,0.04450000051292591, 0.3398629996809177,0,0,27.8,0.0,1
524,1776087130.675096,0.047634999646106735, 0.3824499999609543,0,0,27.8,0.0,1
525,1776087130.7048156,0.043760000153270084, 0.3397919999770238,0,0,27.8,0.0,1
526,1776087130.7340574,0.042735000533866696, 0.33479600006103283,0,0,27.8,0.0,1
527,1776087130.7636483,0.045758999476674944, 0.3612789996623178,0,0,27.8,0.0,1
528,1776087130.7931497,0.04702000023826258, 0.3986100000474835,0,0,27.8,0.0,1
529,1776087130.822912,0.043170000026293565, 0.37215000065771164,0,0,27.8,0.0,1
530,1776087130.8526418,0.04661699949792819, 0.41551899994374253,0,0,27.8,0.0,1
531,1776087130.8828633,0.04953900042892201, 0.36638599976868136,0,0,27.8,0.0,1
532,1776087130.912622,0.048663000598025974, 0.36979800006520236,0,0,27.8,0.0,1
533,1776087130.9420278,0.045250000766827725, 0.34391999997751554,0,0,27.8,0.0,1
534,1776087130.971984,0.04470799922273727, 0.34807600059139077,0,0,27.8,0.0,1
535,1776087131.001767,0.04539299970929278, 0.3478090002317913,0,0,27.8,0.0,1
536,1776087131.0312092,0.045150999540055636, 0.33672300014586654,0,0,27.8,0.0,1
537,1776087131.0610125,0.0459020002381294, 0.34710899944911944,0,0,27.8,0.0,1
538,1776087131.091156,0.05107499964651652, 0.45805399986420525,0,0,27.8,0.0,1
539,1776087131.120646,0.04373100000520935, 0.3616479998527211,0,0,27.8,0.0,1
540,1776087131.1500978,0.043000000005122274, 0.3463399998508976,0,0,27.8,0.0,1
541,1776087131.1801054,0.05188899922359269, 0.3803000008701929,0,0,27.8,0.0,1
542,1776087131.2097828,0.04279000040696701, 0.34816100014722906,0,0,27.8,0.0,1
543,1776087131.2391818,0.04333099968789611, 0.3450109998084372,0,0,27.8,0.0,1
544,1776087131.2693093,0.05003600017516874, 0.3738490004252526,0,0,27.8,0.0,1
545,1776087131.2987776,0.044102000174461864, 0.3468909999355674,0,0,27.8,0.0,1
545,1776087131.3602135,31.765120000272873, 0.2388989996688906,18,2,27.8,0.0,0
546,1776087131.3761003,14.215907999641786, 0.20282599962229142,16,0,27.8,0.0,0
547,1776087131.4081123,20.2218089998496, 0.22156900013214909,15,2,27.8,0.0,0
548,1776087131.438132,20.17597299982299, 0.21792900042783003,18,2,27.8,0.0,0
549,1776087131.7225986,18.97426599953178, 256.4825520003069,18,2,27.8,0.0,0
551,1776087131.7258258,0.27365000005374895, 0.3034210003534099,0,2,27.8,0.0,1
552,1776087131.7440073,0.2657149998412933, 0.34112000048480695,0,2,27.8,0.0,1
553,1776087131.7738426,0.28810399999201763, 0.3372350001882296,0,2,27.8,0.0,1
554,1776087131.8053398,1.7757969999365741, 0.35858899991580984,0,0,27.8,0.0,1
555,1776087131.8378475,0.03851100063911872, 0.2630420003697509,0,0,27.8,0.0,1
556,1776087131.8632247,0.04408000040712068, 0.3349270000398974,0,0,27.8,0.0,1
557,1776087131.8929925,0.04334999994171085, 0.3390559995750664,0,0,27.8,0.0,1
558,1776087131.9229355,0.04338200051279273, 0.33272000018769177,0,0,27.8,0.0,1
559,1776087131.9526894,0.043823000851261895, 0.3671300000860356,0,0,27.8,0.0,1
560,1776087131.983074,0.04936999994242797, 0.36998599989601644,0,0,27.8,0.0,1
561,1776087132.0122473,0.047215999984473456, 0.3749759998754598,0,0,27.8,0.0,1
562,1776087132.0421374,0.0481530005345121, 0.3771250003410387,0,0,27.8,0.0,1
563,1776087132.0712745,0.04502600040723337, 0.3312210001240601,0,0,27.8,0.0,1
564,1776087132.101387,0.046735999603697564, 0.3878620000250521,0,0,27.8,0.0,1
565,1776087132.130856,0.045603999751619995, 0.33674800033622887,0,0,27.8,0.0,1
566,1776087132.1608078,0.04483699922275264, 0.33745899963832926,0,0,27.8,0.0,1
567,1776087132.1901245,0.04678999994212063, 0.33807499949034536,0,0,27.8,0.0,1
568,1776087132.2199607,0.04398700002639089, 0.3373500003363006,0,0,27.8,0.0,1
569,1776087132.2498598,0.0448179998784326, 0.33750500006135553,0,0,27.8,0.0,1
570,1776087132.2791538,0.04441999953996856, 0.34347400014667073,0,0,27.8,0.0,1
571,1776087132.3091033,0.04323899975133827, 0.34082599995599594,0,0,27.8,0.0,1
572,1776087132.338891,0.044800000068789814, 0.3408229995329748,0,0,27.8,0.0,1
573,1776087132.3685977,0.04345599973021308, 0.3594250001697219,0,0,27.8,0.0,1
574,1776087132.3982549,0.0428040002589114, 0.3490629997031647,0,0,27.8,0.0,1
575,1776087132.4283233,0.048523000259592663, 0.37457300004462013,0,0,27.8,0.0,1
576,1776087132.4578092,0.04439100030140253, 0.33655700008239364,0,0,27.8,0.0,1
577,1776087132.4872255,0.04742700002680067, 0.3398179997020634,0,0,27.8,0.0,1
578,1776087132.5171595,0.042624999878171366, 0.3411960005905712,0,0,27.8,0.0,1
579,1776087132.5468407,0.047030999667185824, 0.3442619999987073,0,0,27.8,0.0,1
580,1776087132.5766997,0.043203000132052694, 0.36335699951450806,0,0,27.8,0.0,1
581,1776087132.6060846,0.04493300002650358, 0.34307300029468024,0,0,27.8,0.0,1
582,1776087132.6363175,0.046718999328732025, 0.36865499987470685,0,0,27.8,0.0,1
583,1776087132.6658041,0.044645000343734864, 0.33961699955398217,0,0,27.8,0.0,1
584,1776087132.6952686,0.040239000554720405, 0.3412360001675552,0,0,27.8,0.0,1
584,1776087132.7564223,31.555184999888297, 0.2636600002006162,8,2,27.8,0.0,0
585,1776087132.7726169,14.500501999464177, 0.2081200000247918,7,0,27.8,0.0,0
586,1776087132.8031685,19.881189999978233, 0.2135780005119159,7,2,27.8,0.0,0
587,1776087132.8351967,20.766314999491442, 0.2413909996903385,7,2,27.8,0.0,0
588,1776087133.1224349,19.67240900012257, 259.1821689993594,8,1,27.8,0.0,0
590,1776087133.1255698,0.1976000003196532, 0.32362199999624863,0,1,27.8,0.0,1
591,1776087133.1406124,0.22011900000507012, 0.3715719994943356,0,1,27.8,0.0,1
592,1776087133.1720912,1.7409720003342954, 0.3351400000610738,0,1,27.8,0.0,1
593,1776087133.2051718,0.1747290007187985, 0.27616999977908563,0,0,27.8,0.0,1
594,1776087133.2296884,0.047870000344119035, 0.4037589997096802,0,0,27.8,0.0,1
595,1776087133.259341,0.04447899937076727, 0.36844000078417594,0,0,27.8,0.0,1
596,1776087133.289138,0.0470670001959661, 0.38352899991878076,0,0,27.8,0.0,1
597,1776087133.319292,0.05349200000637211, 0.3634490003605606,0,0,27.8,0.0,1
598,1776087133.3487842,0.04862600053456845, 0.3519120000419207,0,0,27.8,0.0,1
599,1776087133.3784144,0.04546800028037978, 0.4151399998590932,0,0,27.8,0.0,1
600,1776087133.4080381,0.04660800004785415, 0.3831409994745627,0,0,27.8,0.0,1
601,1776087133.437668,0.04359200011094799, 0.36390799959917786,0,0,27.8,0.0,1
602,1776087133.4674022,0.04817199987883214, 0.3816349999397062,0,0,27.8,0.0,1
603,1776087133.4973729,0.05158099975233199, 0.467566000224906,0,0,27.8,0.0,1
604,1776087133.5268652,0.043869000364793465, 0.3684349994728109,0,0,27.8,0.0,1
605,1776087133.5572062,0.048377999519289006, 0.3773829994315747,0,0,27.8,0.0,1
606,1776087133.5863364,0.047960999836504925, 0.38852500074426644,0,0,27.8,0.0,1
607,1776087133.616155,0.04391999937070068, 0.37363499995990423,0,0,27.8,0.0,1
608,1776087133.645801,0.048408999646198936, 0.37443400015035877,0,0,27.8,0.0,1
609,1776087133.675549,0.052675000006274786, 0.3891400001521106,0,0,27.8,0.0,1
610,1776087133.7058506,0.04867200004810002, 0.3496769995763316,0,0,27.8,0.0,1
611,1776087133.73557,0.04609300049196463, 0.3682790002130787,0,0,27.8,0.0,1
612,1776087133.7653751,0.0465240000266931, 0.37640100072167115,0,0,27.8,0.0,1
613,1776087133.7949054,0.04548400011117337, 0.3413559998080018,0,0,27.8,0.0,1
614,1776087133.824822,0.04810399968846468, 0.3447939998295624,0,0,27.8,0.0,1
615,1776087133.8540683,0.04250900019542314, 0.3394550003577024,0,0,27.8,0.0,1
616,1776087133.8839643,0.04745299975184025, 0.34187800065410556,0,0,27.8,0.0,1
617,1776087133.913766,0.04471400006877957, 0.3499189997455687,0,0,27.8,0.0,1
618,1776087133.9432151,0.04583299960359, 0.3384060000826139,0,0,27.8,0.0,1
619,1776087133.973155,0.04236000040691579, 0.3447560002314276,0,0,27.8,0.0,1
620,1776087134.0032742,0.050397999984852504, 0.37736699960078113,0,0,27.8,0.0,1
621,1776087134.0327325,0.05814799988002051, 0.3474160002951976,0,0,27.8,0.0,1
622,1776087134.0621912,0.044507999518828, 0.3457789998719818,0,0,27.8,0.0,1
623,1776087134.0919485,0.04628999977285275, 0.34300199968129164,0,0,27.8,0.0,1
623,1776087134.1399524,18.311914000150864, 0.19999199957965175,12,2,27.8,0.0,0
624,1776087134.1757255,22.246760000598442, 0.21361199924285756,12,0,27.8,0.0,0
625,1776087134.201413,19.297087999802898, 0.2322629998161574,13,2,27.8,0.0,0
626,1776087134.2304559,19.410019999668293, 0.24845499956427375,15,2,27.8,0.0,0
627,1776087134.5195992,20.185877000585606, 258.43971999984205,17,2,27.8,0.0,0
629,1776087134.5227902,0.27042400051868754, 0.30212299952836474,0,2,27.8,0.0,1
630,1776087134.537336,0.2943110002888716, 0.37860900010855403,0,1,27.8,0.0,1
631,1776087134.567191,0.23674700059928, 0.33831200016720686,0,1,27.8,0.0,1
632,1776087134.5981314,1.6140340003403253, 0.3278639997006394,0,0,27.8,0.0,1
633,1776087134.6310701,0.03658100013126386, 0.26283600072929403,0,0,27.8,0.0,1
634,1776087134.6567423,0.0605630002610269, 0.3452580003795447,0,0,27.8,0.0,1
635,1776087134.686172,0.044117000470578205, 0.34137100010411814,0,0,27.8,0.0,1
636,1776087134.715959,0.047835999794187956, 0.3369030000612838,0,0,27.8,0.0,1
637,1776087134.745784,0.046549999751732685, 0.3448289999141707,0,0,27.8,0.0,1
638,1776087134.7752428,0.04483700013224734, 0.3430859997024527,0,0,27.8,0.0,1
639,1776087134.8050587,0.043075999201391824, 0.3479249999145395,0,0,27.8,0.0,1
640,1776087134.83497,0.048548999984632246, 0.3452729997661663,0,0,27.8,0.0,1
641,1776087134.864955,0.04843400074605597, 0.3817470005742507,0,0,27.8,0.0,1
642,1776087134.8942177,0.043666999772540294, 0.3417730004002806,0,0,27.8,0.0,1
643,1776087134.9240236,0.046176999603630975, 0.33822699970187386,0,0,27.8,0.0,1
644,1776087134.9538553,0.04528099998424295, 0.337935999596084,0,0,27.8,0.0,1
645,1776087134.9840114,0.04545299998426344, 0.3422899999350193,0,0,27.8,0.0,1
646,1776087135.0132616,0.04464599987841211, 0.34624999989318894,0,0,27.8,0.0,1
647,1776087135.0431871,0.049063000005844515, 0.3665670001282706,0,0,27.8,0.0,1
648,1776087135.0723224,0.0448180007879273, 0.3295050000815536,0,0,27.8,0.0,1
649,1776087135.1021879,0.048146000153792556, 0.3382150007382734,0,0,27.8,0.0,1
650,1776087135.1320252,0.04169500061834697, 0.3467350006758352,0,0,27.8,0.0,1
651,1776087135.1618354,0.043914000343647785, 0.33595500008232193,0,0,27.8,0.0,1
652,1776087135.191712,0.04147200070292456, 0.36428900057217106,0,0,27.8,0.0,1
653,1776087135.221091,0.04432800051290542, 0.3418280002733809,0,0,27.8,0.0,1
654,1776087135.2512355,0.04684099985752255, 0.38848699932714226,0,0,27.8,0.0,1
655,1776087135.2809913,0.04997199994249968, 0.3768300002775504,0,0,27.8,0.0,1
656,1776087135.3104753,0.04671900023822673, 0.37778900059493026,0,0,27.8,0.0,1
657,1776087135.3400369,0.044484999307314865, 0.343226000040886,0,0,27.8,0.0,1
658,1776087135.3700728,0.0497050004923949, 0.3772269992623478,0,0,27.8,0.0,1
659,1776087135.3992162,0.048846000026969705, 0.33986800008278806,0,0,27.8,0.0,1
660,1776087135.4291112,0.042036999730044045, 0.3423749994908576,0,0,27.8,0.0,1
661,1776087135.458929,0.04638500013243174, 0.34397699982946506,0,0,27.8,0.0,1
662,1776087135.4887269,0.0613389993304736, 0.34358799985056976,0,0,27.8,0.0,1
662,1776087135.5493915,31.185163000372995, 0.31065099938132335,5,2,27.8,0.0,0
663,1776087135.5657222,14.611327000238816, 0.208609999390319,7,0,27.8,0.0,0
664,1776087135.595998,19.77529399937339, 0.21551800000452204,11,2,27.8,0.0,0
665,1776087135.6270416,19.864331999997376, 0.22551300025952514,7,2,27.8,0.0,0
666,1776087135.9152055,20.467684999857738, 257.83895200038387,7,2,27.8,0.0,0
668,1776087135.9190235,0.2524130004530889, 0.30420600069192005,0,2,27.8,0.0,1
669,1776087135.9344058,0.27193599999009166, 0.34559599953354336,0,1,27.8,0.0,1
670,1776087135.9656835,1.7005710005832952, 0.30504700043820776,0,0,27.8,0.0,1
671,1776087135.9980278,0.03637999998318264, 0.26304499988327734,0,0,27.8,0.0,1
672,1776087136.0229795,0.04156300019531045, 0.3436400002101436,0,0,27.8,0.0,1
673,1776087136.0525959,0.04228899979352718, 0.3681740008687484,0,0,27.8,0.0,1
674,1776087136.0824666,0.04533099945547292, 0.39225100044859573,0,0,27.8,0.0,1
675,1776087136.1124606,0.04942899977322668, 0.38476299960166216,0,0,27.8,0.0,1
676,1776087136.1421323,0.044329999582259916, 0.3658879995782627,0,0,27.8,0.0,1
677,1776087136.1714926,0.04736299979413161, 0.41116899956250563,0,0,27.8,0.0,1
678,1776087136.2015886,0.05096299992146669, 0.38080000012996607,0,0,27.8,0.0,1
679,1776087136.231103,0.04572200032271212, 0.3895509998983471,0,0,27.8,0.0,1
680,1776087136.260685,0.04300700038584182, 0.3807860002780217,0,0,27.8,0.0,1
681,1776087136.2906656,0.045697999667027034, 0.37703299949498614,0,0,27.8,0.0,1
682,1776087136.3202186,0.04581399934977526, 0.38376800057449145,0,0,27.8,0.0,1
683,1776087136.3497593,0.06744999973307131, 0.3443690002313815,0,0,27.8,0.0,1
684,1776087136.3797207,0.05912300002819393, 0.3520219997881213,0,0,27.8,0.0,1
685,1776087136.4097009,0.04364100004750071, 0.377866999770049,0,0,27.8,0.0,1
686,1776087136.4389482,0.04776300011144485, 0.3823100005320157,0,0,27.8,0.0,1
687,1776087136.4686625,0.042656000005081296, 0.3598949997467571,0,0,27.8,0.0,1
688,1776087136.4987473,0.0625809998382465, 0.35321399991516955,0,0,27.8,0.0,1
689,1776087136.5281594,0.046674000259372406, 0.3851370001939358,0,0,27.8,0.0,1
690,1776087136.5579727,0.04240600082994206, 0.3665940002974821,0,0,27.8,0.0,1
691,1776087136.5874705,0.04631299998436589, 0.3788520007219631,0,0,27.8,0.0,1
692,1776087136.6172667,0.045091999709256925, 0.37561699991783826,0,0,27.8,0.0,1
693,1776087136.6473677,0.051402999815763906, 0.37197399979049806,0,0,27.8,0.0,1
694,1776087136.6769197,0.048257999878842384, 0.360564000402519,0,0,27.8,0.0,1
695,1776087136.7064915,0.0489249996462604, 0.4074299995409092,0,0,27.8,0.0,1
696,1776087136.7362053,0.04732999968837248, 0.38944300013099564,0,0,27.8,0.0,1
697,1776087136.7662494,0.04496200017456431, 0.3567000003386056,0,0,27.8,0.0,1
698,1776087136.7959938,0.042671999835874885, 0.3401120002308744,0,0,27.8,0.0,1
699,1776087136.8258193,0.04549300047074212, 0.34356800006207777,0,0,27.8,0.0,1
700,1776087136.855648,0.04963300034432905, 0.3670470005090465,0,0,27.8,0.0,1
701,1776087136.8853667,0.04724000064015854, 0.38407400006690295,0,0,27.8,0.0,1
701,1776087136.9456782,30.8991829997467, 0.25943299988284707,3,2,27.8,0.0,0
702,1776087136.9621775,14.772473999983049, 0.21386900061770575,5,0,27.8,0.0,0
703,1776087136.9973826,22.49961599954986, 0.22320700009004213,6,2,27.8,0.0,0
704,1776087137.0231555,18.40795799944317, 0.2187569998568506,5,2,27.8,0.0,0
705,1776087137.3128705,20.12704099979601, 258.82172799992986,5,2,27.8,0.0,0
707,1776087137.3169985,0.25883499984047376, 0.3008209996551159,0,2,27.8,0.0,1
708,1776087137.3306105,0.29194400030974066, 0.3799349997279933,0,2,27.8,0.0,1
709,1776087137.360965,0.28622199988603825, 0.33992899989243597,0,1,27.8,0.0,1
710,1776087137.3919826,1.7842280003605993, 0.32922700029303087,0,0,27.8,0.0,1
711,1776087137.423885,0.03630399987741839, 0.2629950004120474,0,0,27.8,0.0,1
712,1776087137.4492724,0.04604599962476641, 0.38258299991866807,0,0,27.8,0.0,1
713,1776087137.4790468,0.044659000195679255, 0.3821950003839447,0,0,27.8,0.0,1
714,1776087137.508932,0.04736700066132471, 0.35401600052864524,0,0,27.8,0.0,1
715,1776087137.5389593,0.04582800011121435, 0.33241199980693636,0,0,27.8,0.0,1
716,1776087137.5688264,0.04442400040716166, 0.335808999807341,0,0,27.8,0.0,1
717,1776087137.5982168,0.04390899994177744, 0.34092999976564897,0,0,27.8,0.0,1
718,1776087137.628091,0.043917000766668934, 0.33743800031516,0,0,27.8,0.0,1
719,1776087137.657993,0.04835199979424942, 0.3368990001035854,0,0,27.8,0.0,1
720,1776087137.6876907,0.04367000019556144, 0.35762300012720516,0,0,27.8,0.0,1
721,1776087137.7170603,0.04208899918012321, 0.3393790002519381,0,0,27.8,0.0,1
722,1776087137.7473605,0.049356000090483576, 0.36300000010669464,0,0,27.8,0.0,1
723,1776087137.7769115,0.044499999603431206, 0.33732300016708905,0,0,27.8,0.0,1
724,1776087137.8059936,0.042298999687773176, 0.35249499978817767,0,0,27.8,0.0,1
725,1776087137.8358042,0.04790099956153426, 0.3711640001711203,0,0,27.8,0.0,1
726,1776087137.8666713,0.043692999497579876, 0.37958400025672745,0,0,27.8,0.0,1
727,1776087137.8956976,0.04343699947639834, 0.35942199974670075,0,0,27.8,0.0,1
728,1776087137.925278,0.04416699994180817, 0.3466830003162613,0,0,27.8,0.0,1
729,1776087137.9549627,0.04499099941313034, 0.3391269992789603,0,0,27.8,0.0,1
730,1776087137.985189,0.04631199954019394, 0.379116999283724,0,0,27.8,0.0,1
731,1776087138.013883,0.04145599996263627, 0.3476189995126333,0,0,27.8,0.0,1
732,1776087138.0435584,0.046735999603697564, 0.37440899995999644,0,0,27.8,0.0,1
733,1776087138.0731049,0.04617200011125533, 0.37600799987558275,0,0,27.8,0.0,1
734,1776087138.1032856,0.051571999392763246, 0.4353340000307071,0,0,27.8,0.0,1
735,1776087138.1327903,0.07597399962833151, 0.410401999943133,0,0,27.8,0.0,1
736,1776087138.1627724,0.0438130000475212, 0.3378279998287326,0,0,27.8,0.0,1
737,1776087138.1923742,0.04717899992101593, 0.4228230000080657,0,0,27.8,0.0,1
738,1776087138.2226923,0.04441999953996856, 0.39326200021605473,0,0,27.8,0.0,1
739,1776087138.2520788,0.04419699962454615, 0.33460800023021875,0,0,27.8,0.0,1
740,1776087138.2818778,0.0427229997512768, 0.3410440003790427,0,0,27.8,0.0,1
740,1776087138.3297224,18.241744000079052, 0.21026499962317757,6,2,27.8,0.0,0
741,1776087138.376539,22.33950499976345, 0.2634030006447574,8,0,27.8,0.0,0
742,1776087138.395047,16.756220999923244, 0.21172199922148138,12,2,27.8,0.0,0
743,1776087138.416395,15.330090000134078, 0.2394679995632032,11,2,27.8,0.0,0
744,1776087138.7081456,20.543514999189938, 258.8934909999807,10,2,27.8,0.0,0
746,1776087138.711979,0.25263699990318855, 0.3059939999729977,0,2,27.8,0.0,1
747,1776087138.727831,0.2916310004366096, 0.33997100035776384,0,2,27.8,0.0,1
748,1776087138.7586672,1.5674630003559287, 0.29979899954923894,0,1,27.8,0.0,1
749,1776087138.7913098,0.18895599987445166, 0.2623209993544151,0,0,27.8,0.0,1
750,1776087138.8168316,0.044780999814975075, 0.3450459998930455,0,0,27.8,0.0,1
751,1776087138.8462062,0.04253699989931192, 0.34463499923731433,0,0,27.8,0.0,1
752,1776087138.8764317,0.04818599973077653, 0.38608000068052206,0,0,27.8,0.0,1
753,1776087138.9062462,0.04966100004821783, 0.3837329995803884,0,0,27.8,0.0,1
754,1776087138.935982,0.044193000576342456, 0.3411620000406401,0,0,27.8,0.0,1
755,1776087138.965189,0.045931999920867383, 0.34296600006200606,0,0,27.8,0.0,1
756,1776087138.9949105,0.045167999815021176, 0.3503879997879267,0,0,27.8,0.0,1
757,1776087139.0246475,0.053870000556344166, 0.3759139999601757,0,0,27.8,0.0,1
758,1776087139.054532,0.05546300053538289, 0.38619299994024914,0,0,27.8,0.0,1
759,1776087139.0837495,0.06575499992322875, 0.3577939996830537,0,0,27.8,0.0,1
760,1776087139.113607,0.05820900059916312, 0.3906070005541551,0,0,27.8,0.0,1
761,1776087139.143517,0.049698999646352604, 0.3900459996657446,0,0,27.8,0.0,1
762,1776087139.17272,0.06137300078989938, 0.343435000104364,0,0,27.8,0.0,1
763,1776087139.2024214,0.04634100059774937, 0.37874500048928894,0,0,27.8,0.0,1
764,1776087139.2325451,0.05402300030254992, 0.35766300061368383,0,0,27.8,0.0,1
765,1776087139.2622604,0.04500400063989218, 0.35975799983134493,0,0,27.8,0.0,1
766,1776087139.292345,0.0469169999632868, 0.3717559993674513,0,0,27.8,0.0,1
767,1776087139.321837,0.041385000258742366, 0.35174499953427585,0,0,27.8,0.0,1
768,1776087139.3520346,0.05043300006946083, 0.38449299972853623,0,0,27.8,0.0,1
769,1776087139.3810842,0.05285800034471322, 0.37907699970674,0,0,27.8,0.0,1
770,1776087139.4104674,0.04587799958244432, 0.36982299934607,0,0,27.8,0.0,1
771,1776087139.440189,0.053685999773733784, 0.4348299999037408,0,0,27.8,0.0,1
772,1776087139.4705591,0.054921999435464386, 0.3775259992835345,0,0,27.8,0.0,1
773,1776087139.5000775,0.05167900053493213, 0.39267900046979776,0,0,27.8,0.0,1
774,1776087139.529401,0.04940800045005744, 0.3811690003203694,0,0,27.8,0.0,1
775,1776087139.5593927,0.049965000471274834, 0.3935229997296119,0,0,27.8,0.0,1
776,1776087139.589144,0.04335900030127959, 0.3448130000833771,0,0,27.8,0.0,1
777,1776087139.6189604,0.045545000830315985, 0.3456939994066488,0,0,27.8,0.0,1
778,1776087139.6488252,0.04566999996313825, 0.3368460002093343,0,0,27.8,0.0,1
779,1776087139.678716,0.046813000153633766, 0.3716589999385178,0,0,27.8,0.0,1
779,1776087139.7383587,30.32106000046042, 0.29991700012033107,10,2,27.8,0.0,0
780,1776087139.7853727,22.850307000226167, 0.23725100072624628,10,0,27.8,0.0,0
781,1776087139.8023431,15.271342999767512, 0.21259500044834567,14,2,27.8,0.0,0
782,1776087139.8161623,12.068806000570476, 0.21427399951789994,13,2,27.8,0.0,0
783,1776087140.103716,17.461196999647655, 258.83653900018544,14,1,27.8,0.0,0
785,1776087140.1072428,0.1962669994099997, 0.3052689999094582,0,1,27.8,0.0,1
786,1776087140.124278,0.2160560006814194, 0.34087100084434496,0,1,27.8,0.0,1
787,1776087140.1540225,0.21301800006767735, 0.33452900061092805,0,0,27.8,0.0,1
788,1776087140.185138,1.4865030007058522, 0.3271019995736424,0,0,27.8,0.0,1
789,1776087140.2173676,0.03614799970819149, 0.27526100075192517,0,0,27.8,0.0,1
790,1776087140.2430274,0.049406000471208245, 0.3457350003372994,0,0,27.8,0.0,1
791,1776087140.2729619,0.043667000682034995, 0.348859000041557,0,0,27.8,0.0,1
792,1776087140.3021867,0.044346999857225455, 0.3378689998498885,0,0,27.8,0.0,1
793,1776087140.3320904,0.04489599996304605, 0.33933900067495415,0,0,27.8,0.0,1
794,1776087140.3618917,0.043039000047429, 0.3437100003793603,0,0,27.8,0.0,1
795,1776087140.3920789,0.04668300061894115, 0.4690059995482443,0,0,27.8,0.0,1
796,1776087140.4211667,0.04423599966685288, 0.35350800044398056,0,0,27.8,0.0,1
797,1776087140.4505084,0.050560000090627, 0.4100050000488409,0,0,27.8,0.0,1
798,1776087140.480389,0.05153399979462847, 0.4507080002440489,0,0,27.8,0.0,1
799,1776087140.510412,0.04993499987904215, 0.37235699983284576,0,0,27.8,0.0,1
800,1776087140.5397167,0.04610599989973707, 0.4057440000906354,0,0,27.8,0.0,1
801,1776087140.5693808,0.04665200049203122, 0.3889169993271935,0,0,27.8,0.0,1
802,1776087140.5992105,0.045155999941925984, 0.40882099983718945,0,0,27.8,0.0,1
803,1776087140.6287146,0.05935299941484118, 0.34020200018858304,0,0,27.8,0.0,1
804,1776087140.6585336,0.04672599970945157, 0.3887699995175353,0,0,27.8,0.0,1
805,1776087140.6884258,0.04704399998445297, 0.42404500072734663,0,0,27.8,0.0,1
806,1776087140.7181401,0.04605100002663676, 0.41957000030379277,0,0,27.8,0.0,1
807,1776087140.7483723,0.0474560001748614, 0.3762030000871164,0,0,27.8,0.0,1
808,1776087140.778312,0.0485439995827619, 0.36787900080526015,0,0,27.8,0.0,1
809,1776087140.8079462,0.04220099981466774, 0.34092999976564897,0,0,27.8,0.0,1
810,1776087140.8372083,0.04456799979379866, 0.3425800005061319,0,0,27.8,0.0,1
811,1776087140.8670735,0.0434220000897767, 0.34436999976605875,0,0,27.8,0.0,1
812,1776087140.8968008,0.045310000132303685, 0.34896099987236084,0,0,27.8,0.0,1
813,1776087140.9266303,0.04505400011112215, 0.35911200029659085,0,0,27.8,0.0,1
814,1776087140.9563801,0.04759300009027356, 0.3910180003003916,0,0,27.8,0.0,1
815,1776087140.9864736,0.05137800053489627, 0.3921819998140563,0,0,27.8,0.0,1
816,1776087141.0158439,0.04341400017437991, 0.33547099974384764,0,0,27.8,0.0,1
817,1776087141.0454364,0.04387799981486751, 0.34982400029548444,0,0,27.8,0.0,1
818,1776087141.075084,0.0445139994553756, 0.34417900042171823,0,0,27.8,0.0,1
818,1776087141.1364384,31.67087600013474, 0.32310599999618717,2,2,27.8,0.0,0
819,1776087141.1920319,23.422461999871302, 0.2968040007544914,4,0,27.8,0.0,0
820,1776087141.2142754,18.96221799961495, 0.20779400074388832,1,1,27.8,0.0,0
821,1776087141.243099,19.449530999736453, 0.21159300013096072,1,1,27.8,0.0,0
822,1776087141.5354176,20.43183899968426, 261.2590939997972,1,1,27.8,0.0,0
824,1776087141.5390303,0.19446700025582686, 0.30575999971915735,0,1,27.8,0.0,1
825,1776087141.5502274,0.2092949998768745, 0.35111700071865926,0,1,27.8,0.0,1
826,1776087141.5820389,1.6198719995372812, 0.3233070001442684,0,1,27.8,0.0,1
827,1776087141.614292,0.16776000029494753, 0.2680320003491943,0,0,27.8,0.0,1
828,1776087141.6397362,0.057981000281870365, 0.3469559997029137,0,0,27.8,0.0,1
829,1776087141.6692793,0.04371900013211416, 0.33801400059019215,0,0,27.8,0.0,1
830,1776087141.6993918,0.04840299970965134, 0.3822230000878335,0,0,27.8,0.0,1
831,1776087141.7292705,0.05090299964649603, 0.38072900042607216,0,0,27.8,0.0,1
832,1776087141.7587283,0.05880899971089093, 0.3466460002528038,0,0,27.8,0.0,1
833,1776087141.7886522,0.0407089992222609, 0.3276429997640662,0,0,27.8,0.0,1
834,1776087141.8180513,0.04635599998437101, 0.34590799987199716,0,0,27.8,0.0,1
835,1776087141.8478172,0.0459890006823116, 0.3487429994493141,0,0,27.8,0.0,1
836,1776087141.8772798,0.04524199994193623, 0.34259099993505515,0,0,27.8,0.0,1
837,1776087141.9070566,0.04483699922275264, 0.33620500016695587,0,0,27.8,0.0,1
838,1776087141.936992,0.04417500076669967, 0.34399899959680624,0,0,27.8,0.0,1
839,1776087141.9667757,0.04385699958220357, 0.3436980005062651,0,0,27.8,0.0,1
840,1776087141.9964943,0.04905500009044772, 0.3892499998983112,0,0,27.8,0.0,1
841,1776087142.0255957,0.05066999983682763, 0.41272900034527993,0,0,27.8,0.0,1
842,1776087142.0554945,0.04780099970957963, 0.3685300007418846,0,0,27.8,0.0,1
843,1776087142.0847993,0.04343999989941949, 0.3475840003375197,0,0,27.8,0.0,1
844,1776087142.1145868,0.04774100034410367, 0.38196100013010437,0,0,27.8,0.0,1
845,1776087142.1448228,0.0651400005153846, 0.4099379993931507,0,0,27.8,0.0,1
846,1776087142.1742303,0.0497860000905348, 0.4499219994613668,0,0,27.8,0.0,1
847,1776087142.2036493,0.04261999947630102, 0.36716400063596666,0,0,27.8,0.0,1
848,1776087142.2333941,0.046751999434491154, 0.38429699998232536,0,0,27.8,0.0,1
849,1776087142.2635202,0.052920999223715626, 0.38770100036344957,0,0,27.8,0.0,1
850,1776087142.293417,0.05671599956258433, 0.41417200009163935,0,0,27.8,0.0,1
851,1776087142.322537,0.046565000047849026, 0.40630500006955117,0,0,27.8,0.0,1
852,1776087142.3524961,0.04834399987885263, 0.3902910002580029,0,0,27.8,0.0,1
853,1776087142.3823376,0.050118000217480585, 0.37143700046726735,0,0,27.8,0.0,1
854,1776087142.4118426,0.04449599964573281, 0.35497899989422876,0,0,27.8,0.0,1
855,1776087142.4417162,0.04937800076731946, 0.38704800044797594,0,0,27.8,0.0,1
856,1776087142.4715862,0.04591099968820345, 0.37840900040464476,0,0,27.8,0.0,1
857,1776087142.5008729,0.042317999941587914, 0.35843700061377604,0,0,27.8,0.0,1
857,1776087142.5621586,31.66954399966926, 0.27274799958831863,6,2,27.8,0.0,0
858,1776087142.5782797,14.17572099944664, 0.21619500057568075,4,0,27.8,0.0,0
859,1776087142.6138077,21.337549000236322, 0.2270679997309344,4,2,27.8,0.0,0
860,1776087142.6402814,18.694888999561954, 0.2218669997091638,5,2,27.8,0.0,0
861,1776087142.932546,20.195838000290678, 262.0515179996801,7,2,27.8,0.0,0
863,1776087142.9361668,0.2481299998180475, 0.30356000024767127,0,2,27.8,0.0,1
864,1776087142.9468813,0.279874999250751, 0.31354200018540723,0,1,27.8,0.0,1
865,1776087142.9771247,0.23241999952006154, 0.35211599970352836,0,1,27.8,0.0,1
866,1776087143.008322,1.8559109994384926, 0.3264320002926979,0,0,27.8,0.0,1
867,1776087143.0401244,0.037972999962221365, 0.2634209995449055,0,0,27.8,0.0,1
868,1776087143.0662405,0.048767000407679006, 0.3830309997283621,0,0,27.8,0.0,1
869,1776087143.0958273,0.04622799951903289, 0.3434229993217741,0,0,27.8,0.0,1
870,1776087143.1252644,0.048161999984586146, 0.34167899957537884,0,0,27.8,0.0,1
871,1776087143.1551526,0.04331899981480092, 0.34244299968122505,0,0,27.8,0.0,1
872,1776087143.1851492,0.047125000492087565, 0.37149200034036767,0,0,27.8,0.0,1
873,1776087143.2148015,0.04133999937039334, 0.3454690004218719,0,0,27.8,0.0,1
874,1776087143.244182,0.042722000216599554, 0.34231100016768323,0,0,27.8,0.0,1
875,1776087143.2739847,0.044211000385985244, 0.34086899995600106,0,0,27.8,0.0,1
876,1776087143.3041542,0.04964700019627344, 0.38620299983449513,0,0,27.8,0.0,1
877,1776087143.333919,0.04627500038623111, 0.37610699928336544,0,0,27.8,0.0,1
878,1776087143.3634112,0.046488999942084774, 0.3811980004684301,0,0,27.8,0.0,1
879,1776087143.3932521,0.047387999984493945, 0.3815259997281828,0,0,27.8,0.0,1
880,1776087143.4231148,0.0473829995826236, 0.3771660003621946,0,0,27.8,0.0,1
881,1776087143.4521513,0.04196999998384854, 0.33745299970178166,0,0,27.8,0.0,1
882,1776087143.4820428,0.042381000639579725, 0.3458519995547249,0,0,27.8,0.0,1
883,1776087143.5118551,0.045246999434311874, 0.3326739997646655,0,0,27.8,0.0,1
884,1776087143.541721,0.04255499970895471, 0.35246200059191324,0,0,27.8,0.0,1
885,1776087143.5713792,0.04548600009002257, 0.38448699979198864,0,0,27.8,0.0,1
886,1776087143.6012783,0.049556999329070095, 0.3733220000867732,0,0,27.8,0.0,1
887,1776087143.6307106,0.04312700002628844, 0.36743700002261903,0,0,27.8,0.0,1
888,1776087143.6606913,0.04560900015349034, 0.3564489998097997,0,0,27.8,0.0,1
889,1776087143.690211,0.04654399981518509, 0.3738229997907183,0,0,27.8,0.0,1
890,1776087143.7201877,0.04962299954058835, 0.378963000002841,0,0,27.8,0.0,1
891,1776087143.7496698,0.04302099932829151, 0.3539870003805845,0,0,27.8,0.0,1
892,1776087143.7794363,0.056695000239415094, 0.3795849997914047,0,0,27.8,0.0,1
893,1776087143.8089774,0.04189299943391234, 0.3373579993422027,0,0,27.8,0.0,1
894,1776087143.8390198,0.05040500036557205, 0.3739199992196518,0,0,27.8,0.0,1
895,1776087143.8686295,0.04335900030127959, 0.35668500004248926,0,0,27.8,0.0,1
896,1776087143.8979917,0.04293199981475482, 0.34256700018886477,0,0,27.8,0.0,1
896,1776087143.9589286,31.211382000037702, 0.2872630002457299,7,2,27.8,0.0,0
897,1776087143.9752748,14.606155999899784, 0.21115599975018995,10,0,27.8,0.0,0
898,1776087144.0103986,21.480386999428447, 0.2683020002223202,9,2,27.8,0.0,0
899,1776087144.0353327,17.7378200005478, 0.2158939996661502,8,2,27.8,0.0,0
900,1776087144.3270278,20.2602580002349, 260.12568599981023,8,1,27.8,0.0,0
902,1776087144.330817,0.21526699947571615, 0.305181999465276,0,1,27.8,0.0,1
903,1776087144.3439112,0.23896899983810727, 0.3371479997440474,0,1,27.8,0.0,1
904,1776087144.3752987,1.6997700004139915, 0.3137029998470098,0,1,27.8,0.0,1
905,1776087144.407425,0.16721599968150258, 0.26713799979916075,0,0,27.8,0.0,1
906,1776087144.4332669,0.04880899996351218, 0.38037200010876404,0,0,27.8,0.0,1
907,1776087144.4630055,0.04967699987901142, 0.38113199934741715,0,0,27.8,0.0,1
908,1776087144.4923027,0.04526999964582501, 0.33638100012467476,0,0,27.8,0.0,1
909,1776087144.5220537,0.04421599987836089, 0.34933200004161336,0,0,27.8,0.0,1
910,1776087144.551831,0.044577999688044656, 0.34186100037914,0,0,27.8,0.0,1
911,1776087144.5816674,0.04372400053398451, 0.3638930002125562,0,0,27.8,0.0,1
912,1776087144.611168,0.04353600070317043, 0.34702399989328114,0,0,27.8,0.0,1
913,1776087144.640936,0.0459060001958278, 0.34599499940668466,0,0,27.8,0.0,1
914,1776087144.6707745,0.04398500004754169, 0.34776600023178617,0,0,27.8,0.0,1
915,1776087144.7002473,0.04331800028012367, 0.34113200035790214,0,0,27.8,0.0,1
916,1776087144.7300959,0.04532799994194647, 0.3430679998928099,0,0,27.8,0.0,1
917,1776087144.7598777,0.04595399968820857, 0.3462670001681545,0,0,27.8,0.0,1
918,1776087144.789681,0.043620000724331476, 0.35647400000016205,0,0,27.8,0.0,1
919,1776087144.819157,0.0425689995608991, 0.3448819998084218,0,0,27.8,0.0,1
920,1776087144.8489938,0.04677099968830589, 0.34567100010463037,0,0,27.8,0.0,1
921,1776087144.878744,0.06025200036674505, 0.3420530001676525,0,0,27.8,0.0,1
922,1776087144.9081907,0.04313400040700799, 0.34110399974451866,0,0,27.8,0.0,1
923,1776087144.9383862,0.04669600002671359, 0.3840199997284799,0,0,27.8,0.0,1
924,1776087144.9678736,0.0442000000475673, 0.34344000050623436,0,0,27.8,0.0,1
925,1776087144.9980557,0.04812499992112862, 0.38289099938992877,0,0,27.8,0.0,1
926,1776087145.0274947,0.047835999794187956, 0.37753600008727517,0,0,27.8,0.0,1
927,1776087145.0568953,0.040963999708765186, 0.34710900035861414,0,0,27.8,0.0,1
928,1776087145.0871015,0.05174400030227844, 0.3757389995371341,0,0,27.8,0.0,1
929,1776087145.1162,0.04616100068233209, 0.33716899997671135,0,0,27.8,0.0,1
930,1776087145.146048,0.04436399922269629, 0.3417409998291987,0,0,27.8,0.0,1
931,1776087145.1758294,0.04318300034356071, 0.3449480000199401,0,0,27.8,0.0,1
932,1776087145.2057276,0.0631180000709719, 0.34717200014711125,0,0,27.8,0.0,1
933,1776087145.235053,0.04230400008964352, 0.3401519998078584,0,0,27.8,0.0,1
934,1776087145.2650445,0.0458310005342355, 0.3651329998319852,0,0,27.8,0.0,1
935,1776087145.2948062,0.044409000111045316, 0.34502600010455353,0,0,27.8,0.0,1
935,1776087145.342478,18.01932000034867, 0.23334399975283304,7,2,27.8,0.0,0
936,1776087145.3937132,23.50030300021899, 0.25789699975575786,4,0,27.8,0.0,0
937,1776087145.4115384,16.070394999587734, 0.23205300021800213,5,2,27.8,0.0,0
938,1776087145.4280648,12.714154999230232, 0.23173099998530233,4,2,27.8,0.0,0
939,1776087145.7224169,20.89094499933708, 258.611989000201,1,2,27.8,0.0,0
941,1776087145.7261596,0.2543159998822375, 0.3075519998674281,0,2,27.8,0.0,1
942,1776087145.7404451,0.2727369992499007, 0.35093499991489807,0,0,27.8,0.0,1
943,1776087145.7700665,0.049915999625227414, 0.3447259996391949,0,0,27.8,0.0,1
944,1776087145.801193,1.432758000191825, 0.32829099927766947,0,0,27.8,0.0,1
945,1776087145.8338969,0.03446000027906848, 0.2595919995656004,0,0,27.8,0.0,1
946,1776087145.859264,0.04335199992056005, 0.33897199955390533,0,0,27.8,0.0,1
947,1776087145.888949,0.043078000089735724, 0.3453500003161025,0,0,27.8,0.0,1
948,1776087145.9188352,0.04290899960324168, 0.33991899999819,0,0,27.8,0.0,1
949,1776087145.9482238,0.04415500006871298, 0.3364039994266932,0,0,27.8,0.0,1
950,1776087145.9782495,0.05842599966854323, 0.43257900051685283,0,0,27.8,0.0,1
951,1776087146.0078816,0.04748599985759938, 0.3416879999349476,0,0,27.8,0.0,1
952,1776087146.0377553,0.06298000062088249, 0.34440400031598983,0,0,27.8,0.0,1
953,1776087146.0672514,0.04249700032232795, 0.34042099923681235,0,0,27.8,0.0,1
954,1776087146.0972962,0.048476000301889144, 0.3749649995370419,0,0,27.8,0.0,1
955,1776087146.126802,0.047172000449791085, 0.3429549997235881,0,0,27.8,0.0,1
956,1776087146.156302,0.045851999857404735, 0.3321659996800008,0,0,27.8,0.0,1
957,1776087146.1865296,0.05100799990032101, 0.3748940007426427,0,0,27.8,0.0,1
958,1776087146.2158957,0.04388299930724315, 0.339849000738468,0,0,27.8,0.0,1
959,1776087146.2459176,0.0500939995617955, 0.3792339994106442,0,0,27.8,0.0,1
960,1776087146.2753348,0.04958000045007793, 0.3965859996242216,0,0,27.8,0.0,1
961,1776087146.3044922,0.04764299956150353, 0.39859299977251794,0,0,27.8,0.0,1
962,1776087146.3342865,0.05457800034491811, 0.47055899995029904,0,0,27.8,0.0,1
963,1776087146.3638165,0.04243700004735729, 0.35079700046480866,0,0,27.8,0.0,1
964,1776087146.394117,0.0432719998570974, 0.362691000191262,0,0,27.8,0.0,1
965,1776087146.4233234,0.05277599939290667, 0.4240569996909471,0,0,27.8,0.0,1
966,1776087146.4535882,0.05146999956195941, 0.39458300034311833,0,0,27.8,0.0,1
967,1776087146.4826603,0.04199799968773732, 0.36423400069907075,0,0,27.8,0.0,1
968,1776087146.5126019,0.049531000513525214, 0.4105400003027171,0,0,27.8,0.0,1
969,1776087146.5421567,0.04533099945547292, 0.3678230004879879,0,0,27.8,0.0,1
970,1776087146.57186,0.042253999708918855, 0.3471749996606377,0,0,27.8,0.0,1
971,1776087146.6015444,0.04746799913846189, 0.3936460007025744,0,0,27.8,0.0,1
972,1776087146.631812,0.04440099928615382, 0.3647920002549654,0,0,27.8,0.0,1
973,1776087146.6614828,0.049203000344277825, 0.3635500006566872,0,0,27.8,0.0,1
974,1776087146.6908925,0.04082299983565463, 0.3544940000210772,0,0,27.8,0.0,1
974,1776087146.7520258,31.62951200010866, 0.30633299957116833,7,2,27.8,0.0,0
975,1776087146.7711847,16.52082800046628, 0.2034720000665402,13,0,27.8,0.0,0
976,1776087146.8048308,20.896734000416473, 0.22253299994190456,14,2,27.8,0.0,0
977,1776087146.8311815,18.48518699989654, 0.21948699941276573,22,2,27.8,0.0,0
978,1776087147.1205053,19.8531930000172, 259.1727369999717,14,2,27.8,0.0,0
980,1776087147.1242564,0.2550799999880837, 0.30731199967704015,0,2,27.8,0.0,1
981,1776087147.137031,0.2764170003501931, 0.33501100006105844,0,2,27.8,0.0,1
982,1776087147.1685488,1.706503000605153, 0.34087499989254866,0,0,27.8,0.0,1
983,1776087147.2008944,0.03699999979289714, 0.2580679993116064,0,0,27.8,0.0,1
984,1776087147.226072,0.04570900000544498, 0.34598499951243866,0,0,27.8,0.0,1
985,1776087147.2562146,0.048163000428758096, 0.3852199997709249,0,0,27.8,0.0,1
986,1776087147.2857628,0.04764200002682628, 0.3349010003148578,0,0,27.8,0.0,1
987,1776087147.315132,0.04547499975160463, 0.3387060005479725,0,0,27.8,0.0,1
988,1776087147.3450077,0.044102000174461864, 0.343788999998651,0,0,27.8,0.0,1
989,1776087147.3748744,0.04488700051297201, 0.3427600004215492,0,0,27.8,0.0,1
990,1776087147.4042706,0.04454400004760828, 0.3362790002938709,0,0,27.8,0.0,1
991,1776087147.4343975,0.04943699968862347, 0.3955470001528738,0,0,27.8,0.0,1
992,1776087147.4639938,0.04520999937085435, 0.3447290000622161,0,0,27.8,0.0,1
993,1776087147.493707,0.04213800002617063, 0.3660869997474947,0,0,27.8,0.0,1
994,1776087147.5231898,0.04277900006854907, 0.34211499951197766,0,0,27.8,0.0,1
995,1776087147.553036,0.043402000301284716, 0.3417190000618575,0,0,27.8,0.0,1
996,1776087147.5828285,0.04562499998428393, 0.3403270002309,0,0,27.8,0.0,1
997,1776087147.6122673,0.04362400068202987, 0.34018799942714395,0,0,27.8,0.0,1
998,1776087147.642067,0.04500199975154828, 0.34613699972396716,0,0,27.8,0.0,1
999,1776087147.6718242,0.042644000131986104, 0.34682799923757557,0,0,27.8,0.0,1
1000,1776087147.70178,0.04340899977250956, 0.3437019995544688,0,0,27.8,0.0,1
1001,1776087147.7313085,0.04788000023836503, 0.33125499976449646,0,0,27.8,0.0,1
1002,1776087147.761441,0.05419400076789316, 0.3909819997716113,0,0,27.8,0.0,1
1003,1776087147.7904859,0.05887000043003354, 0.4245709997121594,0,0,27.8,0.0,1
1004,1776087147.8199618,0.045119999413145706, 0.3769029999602935,0,0,27.8,0.0,1
1005,1776087147.8503883,0.04861100023845211, 0.41291399975307286,0,0,27.8,0.0,1
1006,1776087147.8799477,0.045136000153434, 0.3412610003579175,0,0,27.8,0.0,1
1007,1776087147.9097815,0.04525800068222452, 0.3425570002946188,0,0,27.8,0.0,1
1008,1776087147.9392211,0.045060000047669746, 0.3461979995336151,0,0,27.8,0.0,1
1009,1776087147.9693089,0.04601099954015808, 0.38038599996070843,0,0,27.8,0.0,1
1010,1776087147.9992125,0.05045600028097397, 0.3896589996656985,0,0,27.8,0.0,1
1011,1776087148.0288281,0.047591000111424364, 0.3744429996004328,0,0,27.8,0.0,1
1012,1776087148.0580676,0.043417000597401056, 0.34553699970274465,0,0,27.8,0.0,1
1013,1776087148.0882049,0.05091200000606477, 0.38364800002455013,0,0,27.8,0.0,1
1013,1776087148.1478403,30.259287000262702, 0.2638630003275466,5,2,27.8,0.0,0
1014,1776087148.1897745,22.696289999657893, 0.22613300006923964,8,0,27.8,0.0,0
1015,1776087148.2057025,14.202364999619022, 0.21933299922238803,6,2,27.8,0.0,0
1016,1776087148.2198036,12.158010999883118, 0.21691599977202713,7,2,27.8,0.0,0
1017,1776087148.5152605,19.998380000288307, 259.7820290002346,6,2,27.8,0.0,0
1019,1776087148.519426,0.27312499969411874, 0.3311909995318274,0,2,27.8,0.0,1
1020,1776087148.5340412,0.2773159994831076, 0.3361190001669456,0,2,27.8,0.0,1
1021,1776087148.5634785,0.2712879995669937, 0.3438140001890133,0,2,27.8,0.0,1
1022,1776087148.5945969,1.6503229999216273, 0.34365100054856157,0,0,27.8,0.0,1
1023,1776087148.6269975,0.03633300002547912, 0.2619500000946573,0,0,27.8,0.0,1
1024,1776087148.652252,0.04561199966701679, 0.34616099947015755,0,0,27.8,0.0,1
1025,1776087148.6821113,0.04468499992071884, 0.33233100020879647,0,0,27.8,0.0,1
1026,1776087148.7119324,0.04324200017435942, 0.3324009994685184,0,0,27.8,0.0,1
1027,1776087148.7417305,0.058198000260745175, 0.34538300042186165,0,0,27.8,0.0,1
1028,1776087148.7711873,0.042534000385785475, 0.32938299955276307,0,0,27.8,0.0,1
1029,1776087148.8009734,0.043385000026319176, 0.3397620002942858,0,0,27.8,0.0,1
1030,1776087148.8308933,0.04229699970892398, 0.3387810002095648,0,0,27.8,0.0,1
1031,1776087148.8606071,0.05014500038669212, 0.364778000403021,0,0,27.8,0.0,1
1032,1776087148.8902419,0.04275799983588513, 0.3600330001063412,0,0,27.8,0.0,1
1033,1776087148.919961,0.0435840001955512, 0.34111999957531225,0,0,27.8,0.0,1
1034,1776087148.9497838,0.04537700078799389, 0.33977299972320907,0,0,27.8,0.0,1
1035,1776087148.979975,0.046815000132482965, 0.33943600010388764,0,0,27.8,0.0,1
1036,1776087149.0089924,0.04618799994204892, 0.3446020000410499,0,0,27.8,0.0,1
1037,1776087149.0387957,0.043435000407043844, 0.33840900050563505,0,0,27.8,0.0,1
1038,1776087149.0686736,0.041482000597170554, 0.362701000085508,0,0,27.8,0.0,1
1039,1776087149.0980523,0.04404699939186685, 0.3403329992579529,0,0,27.8,0.0,1
1040,1776087149.1280375,0.04532000002654968, 0.34338299974479014,0,0,27.8,0.0,1
1041,1776087149.1580257,0.05136399977345718, 0.375122999685118,0,0,27.8,0.0,1
1042,1776087149.1872413,0.045838000005460344, 0.3366330001881579,0,0,27.8,0.0,1
1043,1776087149.2172682,0.043899000047531445, 0.34277099985047244,0,0,27.8,0.0,1
1044,1776087149.2468657,0.04743799945572391, 0.3462009999566362,0,0,27.8,0.0,1
1045,1776087149.2762592,0.04587799958244432, 0.3361530007168767,0,0,27.8,0.0,1
1046,1776087149.306135,0.04208799964544596, 0.3427339997870149,0,0,27.8,0.0,1
1047,1776087149.335898,0.046176999603630975, 0.33655499919404974,0,0,27.8,0.0,1
1048,1776087149.3657858,0.04274200000509154, 0.34711900025286013,0,0,27.8,0.0,1
1049,1776087149.3951957,0.04286999956093496, 0.3393599999981234,0,0,27.8,0.0,1
1050,1776087149.4250615,0.041911999687727075, 0.34321600014664,0,0,27.8,0.0,1
1051,1776087149.4548743,0.04589200034388341, 0.3333670001666178,0,0,27.8,0.0,1
1052,1776087149.484749,0.057887999901140574, 0.34599900027387775,0,0,27.8,0.0,1
1052,1776087149.5446222,30.646979000266583, 0.22290900051302742,17,2,27.8,0.0,0
1053,1776087149.5611234,14.757101999748556, 0.20119600048928987,19,0,27.8,0.0,0
1054,1776087149.593175,20.23857699987275, 0.21228900004643947,10,2,27.8,0.0,0
1055,1776087149.6255794,20.95152699985192, 0.2529779994802084,13,2,27.8,0.0,0
1056,1776087149.9109757,18.755236000288278, 258.9006560001508,12,2,27.8,0.0,0
1058,1776087149.9141977,0.25688000005175127, 0.30380700081877876,0,2,27.8,0.0,1
1059,1776087149.9297426,0.3064299999095965, 0.34990099993592594,0,2,27.8,0.0,1
1060,1776087149.9615796,1.752616999510792, 0.32770100006018765,0,2,27.8,0.0,1
1061,1776087149.9942608,0.22482700023829238, 0.2961050004159915,0,0,27.8,0.0,1
1062,1776087150.0195212,0.046934999772929586, 0.3703880001921789,0,0,27.8,0.0,1
1063,1776087150.0490518,0.041432000216445886, 0.33793500006140675,0,0,27.8,0.0,1
1064,1776087150.0788767,0.04209600047033746, 0.3456269996604533,0,0,27.8,0.0,1
1065,1776087150.1082547,0.043560000449360814, 0.3432929997870815,0,0,27.8,0.0,1
1066,1776087150.1386921,0.04418800017447211, 0.3737309998541605,0,0,27.8,0.0,1
1067,1776087150.16795,0.04393699964566622, 0.3446929995334358,0,0,27.8,0.0,1
1068,1776087150.1977315,0.06050499996490544, 0.34548599978734273,0,0,27.8,0.0,1
1069,1776087150.2275496,0.04904099932900863, 0.3738979994523106,0,0,27.8,0.0,1
1070,1776087150.2570589,0.042192000364593696, 0.34939100078190677,0,0,27.8,0.0,1
1071,1776087150.287016,0.04324400015320862, 0.34089299970219145,0,0,27.8,0.0,1
1072,1776087150.3166218,0.042902999666694086, 0.3581399996619439,0,0,27.8,0.0,1
1073,1776087150.346496,0.04895000074611744, 0.3712050001922762,0,0,27.8,0.0,1
1074,1776087150.3764164,0.05240700011199806, 0.3797370000029332,0,0,27.8,0.0,1
1075,1776087150.4058049,0.04584100042848149, 0.3383819994269288,0,0,27.8,0.0,1
1076,1776087150.4355676,0.04384000021673273, 0.35999500050820643,0,0,27.8,0.0,1
1077,1776087150.4653316,0.047200000153679866, 0.37324799995985813,0,0,27.8,0.0,1
1078,1776087150.4949057,0.0439709992861026, 0.3452809996815631,0,0,27.8,0.0,1
1079,1776087150.5246103,0.04881200038653333, 0.3676729993458139,0,0,27.8,0.0,1
1080,1776087150.554195,0.04170299962424906, 0.3487860003588139,0,0,27.8,0.0,1
1081,1776087150.5839157,0.042343999666627496, 0.3446569999141502,0,0,27.8,0.0,1
1082,1776087150.6138585,0.04474199977266835, 0.34934399991470855,0,0,27.8,0.0,1
1083,1776087150.6438656,0.04548299966700142, 0.38139899970701663,0,0,27.8,0.0,1
1084,1776087150.6730864,0.04411000008985866, 0.341003999892564,0,0,27.8,0.0,1
1085,1776087150.7028306,0.04421500034368364, 0.3445530001044972,0,0,27.8,0.0,1
1086,1776087150.7327344,0.06168999971123412, 0.35524599934433354,0,0,27.8,0.0,1
1087,1776087150.7624433,0.04801400064025074, 0.379993999558792,0,0,27.8,0.0,1
1088,1776087150.7922888,0.045589000364998356, 0.37531499947363045,0,0,27.8,0.0,1
1089,1776087150.8217506,0.05981800040899543, 0.3530889998728526,0,0,27.8,0.0,1
1090,1776087150.8516598,0.04409200028021587, 0.3604080002332921,0,0,27.8,0.0,1
1091,1776087150.8810785,0.04075800006830832, 0.34173799940617755,0,0,27.8,0.0,1
1091,1776087150.9412303,30.492345000311616, 0.24734599992370931,6,2,27.8,0.0,0
1092,1776087150.9575393,14.638476000072842, 0.2223410001533921,10,0,27.8,0.0,0
1093,1776087150.9932487,22.823595999398094, 0.2317870003025746,10,2,27.8,0.0,0
1094,1776087151.016444,17.01147400035552, 0.2320240000699414,7,2,27.8,0.0,0
1095,1776087151.309,21.471912000379234, 257.57744099973934,4,2,27.8,0.0,0
1097,1776087151.3127806,0.26823600001080194, 0.25295900013588835,0,2,27.8,0.0,1
1098,1776087151.3271086,0.28199799999129027, 0.34287900052731857,0,1,27.8,0.0,1
1099,1776087151.3564317,0.2296070006195805, 0.3441400003794115,0,1,27.8,0.0,1
1100,1776087151.388085,1.731748000565858, 0.3241200001866673,0,0,27.8,0.0,1
1101,1776087151.4206338,0.046101999942038674, 0.26141200032725465,0,0,27.8,0.0,1
1102,1776087151.445738,0.05953599975327961, 0.3491220004434581,0,0,27.8,0.0,1
1103,1776087151.475566,0.04509900008997647, 0.3674059998957091,0,0,27.8,0.0,1
1104,1776087151.5054293,0.04987699958292069, 0.3780029992412892,0,0,27.8,0.0,1
1105,1776087151.5348938,0.0445850000687642, 0.34431099993526004,0,0,27.8,0.0,1
1106,1776087151.5647798,0.04183900000498397, 0.3472180005701375,0,0,27.8,0.0,1
1107,1776087151.5940924,0.04406000061862869, 0.33437000001868,0,0,27.8,0.0,1
1108,1776087151.6243892,0.049588999900151975, 0.3746820002561435,0,0,27.8,0.0,1
1109,1776087151.6537867,0.046737000047869515, 0.34183499974460574,0,0,27.8,0.0,1
1110,1776087151.6836295,0.04452700068213744, 0.35970199951407267,0,0,27.8,0.0,1
1111,1776087151.7133634,0.04671100032282993, 0.3828150001936592,0,0,27.8,0.0,1
1112,1776087151.7432377,0.04790500042872736, 0.37886100017203717,0,0,27.8,0.0,1
1113,1776087151.7727304,0.059592999605229124, 0.3460910002104356,0,0,27.8,0.0,1
1114,1776087151.8022954,0.0480819999211235, 0.3914299995813053,0,0,27.8,0.0,1
1115,1776087151.8314514,0.04426199939189246, 0.38232299993978813,0,0,27.8,0.0,1
1116,1776087151.861532,0.04763000015373109, 0.38327400034177117,0,0,27.8,0.0,1
1117,1776087151.8913143,0.051404000259935856, 0.37111100027686916,0,0,27.8,0.0,1
1118,1776087151.9207995,0.06890599979669787, 0.42358100017736433,0,0,27.8,0.0,1
1119,1776087151.9511895,0.04971799990016734, 0.37112799964234,0,0,27.8,0.0,1
1120,1776087151.9820564,0.05817700002808124, 0.4354619995865505,0,0,27.8,0.0,1
1121,1776087152.0104864,0.04727000032289652, 0.37485899974853965,0,0,27.8,0.0,1
1122,1776087152.0400343,0.044254999920667615, 0.33799199991335627,0,0,27.8,0.0,1
1123,1776087152.0698195,0.044598000386031345, 0.34590599989314796,0,0,27.8,0.0,1
1124,1776087152.099377,0.04301799981476506, 0.35189899972465355,0,0,27.8,0.0,1
1125,1776087152.1292608,0.042267999560863245, 0.3529999994498212,0,0,27.8,0.0,1
1126,1776087152.1589065,0.04424199960340047, 0.3454750003584195,0,0,27.8,0.0,1
1127,1776087152.1887438,0.06410100013454212, 0.34386500010441523,0,0,27.8,0.0,1
1128,1776087152.218588,0.049962000048253685, 0.3654219999589259,0,0,27.8,0.0,1
1129,1776087152.2479591,0.04641699979401892, 0.34274900008313125,0,0,27.8,0.0,1
1130,1776087152.277479,0.04960599926562281, 0.36124799953540787,0,0,27.8,0.0,1
1130,1776087152.338357,31.574343999636767, 0.2584170006230124,8,2,27.8,0.0,0
1131,1776087152.3549633,14.6514890002436, 0.21575099981419044,9,0,27.8,0.0,0
1132,1776087152.3908179,21.514250000109314, 0.21738200030085864,5,2,27.8,0.0,0
1133,1776087152.4160924,18.1408870002997, 0.2192210004068329,9,2,27.8,0.0,0
1134,1776087152.7039828,19.865137000124378, 257.61514399982843,13,2,27.8,0.0,0
1136,1776087152.7082765,0.275393000265467, 0.33222699948964873,0,2,27.8,0.0,1
1137,1776087152.723491,0.2753549997578375, 0.3254140001445194,0,1,27.8,0.0,1
1138,1776087152.7545862,1.5703320004831767, 0.3071690007345751,0,1,27.8,0.0,1
1139,1776087152.787676,0.18242700025439262, 0.26240299939672695,0,0,27.8,0.0,1
1140,1776087152.8127446,0.06022399975336157, 0.3461109999989276,0,0,27.8,0.0,1
1141,1776087152.8422275,0.043879999793716706, 0.34678700012591435,0,0,27.8,0.0,1
1142,1776087152.871997,0.04569000066112494, 0.33882000025187153,0,0,27.8,0.0,1
1143,1776087152.9021304,0.04952200015395647, 0.38382300044759177,0,0,27.8,0.0,1
1144,1776087152.9312732,0.04558500040729996, 0.3353459997015307,0,0,27.8,0.0,1
1145,1776087152.9610457,0.044532999709190335, 0.33824900037870975,0,0,27.8,0.0,1
1146,1776087152.9914253,0.04894299945590319, 0.38847500036354177,0,0,27.8,0.0,1
1147,1776087153.0207155,0.06309899981715716, 0.34527399930084357,0,0,27.8,0.0,1
1148,1776087153.0502698,0.04223700034344802, 0.34700000014709076,0,0,27.8,0.0,1
1149,1776087153.0798967,0.04328700015321374, 0.34509299985074904,0,0,27.8,0.0,1
1150,1776087153.1102335,0.048687999878893606, 0.3837710000880179,0,0,27.8,0.0,1
1151,1776087153.1400144,0.05034599962527864, 0.40284399983647745,0,0,27.8,0.0,1
1152,1776087153.169514,0.052350999794725794, 0.38361199949576985,0,0,27.8,0.0,1
1153,1776087153.199305,0.048318000153813045, 0.387275999855774,0,0,27.8,0.0,1
1154,1776087153.2287407,0.057949000620283186, 0.34185099957539933,0,0,27.8,0.0,1
1155,1776087153.2578378,0.048441999751958065, 0.3831100002571475,0,0,27.8,0.0,1
1156,1776087153.288285,0.04409099983604392, 0.3558610005711671,0,0,27.8,0.0,1
1157,1776087153.3178694,0.0435070005551097, 0.3559040005711722,0,0,27.8,0.0,1
1158,1776087153.347223,0.04224699932819931, 0.34531200071796775,0,0,27.8,0.0,1
1159,1776087153.3770247,0.04362299932836322, 0.3452480004852987,0,0,27.8,0.0,1
1160,1776087153.406933,0.04539899964584038, 0.3456900003584451,0,0,27.8,0.0,1
1161,1776087153.4367244,0.06103899977460969, 0.34958100059157005,0,0,27.8,0.0,1
1162,1776087153.466505,0.0515649999215384, 0.36260700017010095,0,0,27.8,0.0,1
1163,1776087153.4958317,0.04352300038590329, 0.34415900063322624,0,0,27.8,0.0,1
1164,1776087153.5256503,0.044963999243918806, 0.3791250001086155,0,0,27.8,0.0,1
1165,1776087153.5548685,0.042020999899250455, 0.3457450002315454,0,0,27.8,0.0,1
1166,1776087153.5846426,0.04184400040685432, 0.364798000191513,0,0,27.8,0.0,1
1167,1776087153.6143277,0.045991999286343344, 0.36863500008621486,0,0,27.8,0.0,1
1168,1776087153.6445403,0.051805999646603595, 0.3909679999196669,0,0,27.8,0.0,1
1169,1776087153.6737392,0.063286000113294, 0.3447660001256736,0,0,27.8,0.0,1
1169,1776087153.7224298,18.507924000005005, 0.23523900017607957,11,2,27.8,0.0,0
1170,1776087153.758186,22.10784799990506, 0.23106499975256156,15,0,27.8,0.0,0
1171,1776087153.7828205,18.776253999931214, 0.219065000237606,16,2,27.8,0.0,0
1172,1776087153.8145325,20.77583600021171, 0.24517200017726282,18,2,27.8,0.0,0
1173,1776087154.0962374,17.501806999462133, 257.5138970005355,17,2,27.8,0.0,0
1175,1776087154.0995815,0.24710200068511767, 0.32415499936178094,0,2,27.8,0.0,1
1176,1776087154.11967,0.28469199969549663, 0.3786809993471252,0,2,27.8,0.0,1
1177,1776087154.1496425,0.30604599942307686, 0.39848599953984376,0,0,27.8,0.0,1
1178,1776087154.1807363,1.8265110002175788, 0.2637210000102641,0,0,27.8,0.0,1
1179,1776087154.2129486,0.03601200023695128, 0.2603429993541795,0,0,27.8,0.0,1
1180,1776087154.2384655,0.047263999476854224, 0.3787910000028205,0,0,27.8,0.0,1
1181,1776087154.2687266,0.045620000491908286, 0.39219500013132347,0,0,27.8,0.0,1
1182,1776087154.2977982,0.0427269997089752, 0.3461980004431098,0,0,27.8,0.0,1
1183,1776087154.327466,0.04621700009010965, 0.37430199972732225,0,0,27.8,0.0,1
1184,1776087154.3573217,0.04556200019578682, 0.37899200015090173,0,0,27.8,0.0,1
1185,1776087154.3876345,0.04380999962450005, 0.3595449998101685,0,0,27.8,0.0,1
1186,1776087154.4172108,0.04257200089341495, 0.34545200014690636,0,0,27.8,0.0,1
1187,1776087154.447306,0.048844000048120506, 0.3708019994519418,0,0,27.8,0.0,1
1188,1776087154.4767256,0.060038999436073937, 0.3441740000198479,0,0,27.8,0.0,1
1189,1776087154.5062184,0.04360900038591353, 0.34729399976640707,0,0,27.8,0.0,1
1190,1776087154.5364003,0.04772700049215928, 0.38406000021495856,0,0,27.8,0.0,1
1191,1776087154.5652936,0.04690600053436356, 0.37750699993921444,0,0,27.8,0.0,1
1192,1776087154.5956564,0.05518299985851627, 0.39624300006835256,0,0,27.8,0.0,1
1193,1776087154.6246402,0.041555000279913656, 0.36174799970467575,0,0,27.8,0.0,1
1194,1776087154.654424,0.045775000216963235, 0.3783070005738409,0,0,27.8,0.0,1
1195,1776087154.6846185,0.04952300059812842, 0.42442199992365204,0,0,27.8,0.0,1
1196,1776087154.7146478,0.05057299949839944, 0.3830300001936848,0,0,27.8,0.0,1
1197,1776087154.74403,0.042723000660771504, 0.3469040002528345,0,0,27.8,0.0,1
1198,1776087154.773956,0.04707600055553485, 0.3347000001667766,0,0,27.8,0.0,1
1199,1776087154.8034253,0.043275999814795796, 0.33919300039997324,0,0,27.8,0.0,1
1200,1776087154.8332086,0.043338000068615656, 0.3438119993006694,0,0,27.8,0.0,1
1201,1776087154.8628871,0.044207999962964095, 0.341347999892605,0,0,27.8,0.0,1
1202,1776087154.892933,0.043230999835941475, 0.3415990004214109,0,0,27.8,0.0,1
1203,1776087154.922553,0.04580200038617477, 0.3704470000229776,0,0,27.8,0.0,1
1204,1776087154.952482,0.04873400030191988, 0.3868140001941356,0,0,27.8,0.0,1
1205,1776087154.982737,0.045836000026611146, 0.41027000042959116,0,0,27.8,0.0,1
1206,1776087155.0119922,0.04740900021715788, 0.3777109996008221,0,0,27.8,0.0,1
1207,1776087155.0409544,0.05142800000612624, 0.3776540006583673,0,0,27.8,0.0,1
1208,1776087155.0704293,0.047528999857604504, 0.3792790002989932,0,0,27.8,0.0,1
1208,1776087155.1184728,17.903567000757903, 0.23277299987967126,30,2,27.8,0.0,0
1209,1776087155.154677,22.322892999909527, 0.21011199987697182,33,0,27.8,0.0,0
1210,1776087155.1798103,19.018394999875454, 0.21702100002585212,39,2,27.8,0.0,0
1211,1776087155.209941,19.62561199979973, 0.22429199998441618,26,2,27.8,0.0,0
1212,1776087155.4976134,20.326793999629444, 257.66997400023683,17,2,27.8,0.0,0
1214,1776087155.5012577,0.2540579998822068, 0.30530000003636815,0,2,27.8,0.0,1
1215,1776087155.5169697,0.29263499982334906, 0.34189600046374835,0,1,27.8,0.0,1
1216,1776087155.5482597,1.6702289995009778, 0.3367350000189617,0,1,27.8,0.0,1
1217,1776087155.5807824,0.17599900002096547, 0.25726100011524977,0,0,27.8,0.0,1
1218,1776087155.6058416,0.04383500072435709, 0.3422680001676781,0,0,27.8,0.0,1
1219,1776087155.635669,0.044826999328506645, 0.36680500033980934,0,0,27.8,0.0,1
1220,1776087155.6651905,0.04454499958228553, 0.33315100063191494,0,0,27.8,0.0,1
1221,1776087155.6953213,0.04788300066138618, 0.37305999921954935,0,0,27.8,0.0,1
1222,1776087155.7248964,0.04209800044918666, 0.35001899959752336,0,0,27.8,0.0,1
1223,1776087155.7542107,0.046226000449678395, 0.33877000078064157,0,0,27.8,0.0,1
1224,1776087155.7841954,0.04145099956076592, 0.3398489998289733,0,0,27.8,0.0,1
1225,1776087155.8134074,0.04672900013247272, 0.393661000089196,0,0,27.8,0.0,1
1226,1776087155.843901,0.04217000059725251, 0.3629479997471208,0,0,27.8,0.0,1
1227,1776087155.8734343,0.04550200083031086, 0.38372100061678793,0,0,27.8,0.0,1
1228,1776087155.9030957,0.04343499949754914, 0.33556600010342663,0,0,27.8,0.0,1
1229,1776087155.9331505,0.0512609994984814, 0.37234299998090137,0,0,27.8,0.0,1
1230,1776087155.962627,0.04390600042825099, 0.36761400042450987,0,0,27.8,0.0,1
1231,1776087155.9925108,0.04953600000590086, 0.36800700036110356,0,0,27.8,0.0,1
1232,1776087156.0222442,0.04845399962505326, 0.3830190007647616,0,0,27.8,0.0,1
1233,1776087156.0517805,0.04851299945585197, 0.3400169998712954,0,0,27.8,0.0,1
1234,1776087156.0811398,0.044751999666914344, 0.33801199970184825,0,0,27.8,0.0,1
1235,1776087156.110997,0.04457200066099176, 0.34316599976591533,0,0,27.8,0.0,1
1236,1776087156.140945,0.04578099924401613, 0.3444980002313969,0,0,27.8,0.0,1
1237,1776087156.170324,0.043338999603292905, 0.33566599995538127,0,0,27.8,0.0,1
1238,1776087156.200042,0.04301100034354022, 0.34365699957561446,0,0,27.8,0.0,1
1239,1776087156.2299085,0.04496200017456431, 0.34241699995618546,0,0,27.8,0.0,1
1240,1776087156.2592983,0.04139599968766561, 0.3347179999764194,0,0,27.8,0.0,1
1241,1776087156.2892346,0.04212500061839819, 0.34181900082330685,0,0,27.8,0.0,1
1242,1776087156.319028,0.04492999960348243, 0.34229700031573884,0,0,27.8,0.0,1
1243,1776087156.3487163,0.061437000113073736, 0.345637000464194,0,0,27.8,0.0,1
1244,1776087156.378691,0.04345399975136388, 0.357162000000244,0,0,27.8,0.0,1
1245,1776087156.408517,0.049526000111654866, 0.37302100008673733,0,0,27.8,0.0,1
1246,1776087156.4378488,0.04346900004748022, 0.3356990000611404,0,0,27.8,0.0,1
1247,1776087156.4677825,0.042848000703088474, 0.34673800018936163,0,0,27.8,0.0,1
1247,1776087156.5292675,31.912368999655882, 0.2309929996044957,17,2,27.8,0.0,0
1248,1776087156.545315,14.285544000813388, 0.21069800004624994,15,0,27.8,0.0,0
1249,1776087156.5801547,20.490527999754704, 0.2361979995839647,18,2,27.8,0.0,0
1250,1776087156.6078916,19.298172000162594, 0.2560880002420163,27,2,27.8,0.0,0
1251,1776087156.8944762,19.66837400050281, 257.57503300064855,21,2,27.8,0.0,0
1253,1776087156.8981998,0.2509320001991, 0.30314600007841364,0,2,27.8,0.0,1
1254,1776087156.9134889,0.2706440000110888, 0.34324300031585153,0,2,27.8,0.0,1
1255,1776087156.943146,0.27461999980005203, 0.3381770002306439,0,2,27.8,0.0,1
1256,1776087156.974672,1.6979760002868716, 0.32430700048280414,0,0,27.8,0.0,1
1257,1776087157.00646,0.0411769997299416, 0.26060599975608056,0,0,27.8,0.0,1
1258,1776087157.0324025,0.04620600066118641, 0.3813459998127655,0,0,27.8,0.0,1
1259,1776087157.0621903,0.04925400025967974, 0.37616200006596046,0,0,27.8,0.0,1
1260,1776087157.0917928,0.043404000280133914, 0.34644500010472257,0,0,27.8,0.0,1
1261,1776087157.1212687,0.04367199926491594, 0.34324300031585153,0,0,27.8,0.0,1
1262,1776087157.151379,0.049096000111603644, 0.3759520004678052,0,0,27.8,0.0,1
1263,1776087157.1808407,0.04223700034344802, 0.3504450005493709,0,0,27.8,0.0,1
1264,1776087157.2103698,0.041460999455011915, 0.34553900059108855,0,0,27.8,0.0,1
1265,1776087157.240103,0.04214899945509387, 0.3439800002524862,0,0,27.8,0.0,1
1266,1776087157.2695837,0.05041599979449529, 0.36610799998015864,0,0,27.8,0.0,1
1267,1776087157.2992368,0.04615099987859139, 0.4096410002603079,0,0,27.8,0.0,1
1268,1776087157.328768,0.043493999328347854, 0.34581499949126737,0,0,27.8,0.0,1
1269,1776087157.3588786,0.04853100017498946, 0.3604710000217892,0,0,27.8,0.0,1
1270,1776087157.388305,0.046320000365085434, 0.38879900057509076,0,0,27.8,0.0,1
1271,1776087157.4178462,0.04286400053388206, 0.34477700046409154,0,0,27.8,0.0,1
1272,1776087157.4476461,0.040980999983730726, 0.373375000890519,0,0,27.8,0.0,1
1273,1776087157.4774306,0.046137000026647, 0.4427779995239689,0,0,27.8,0.0,1
1274,1776087157.5075824,0.053175000175542664, 0.383177000003343,0,0,27.8,0.0,1
1275,1776087157.5367415,0.06113200015533948, 0.3653550002127304,0,0,27.8,0.0,1
1276,1776087157.5665286,0.04682100006903056, 0.36670000008598436,0,0,27.8,0.0,1
1277,1776087157.596191,0.045447999582393095, 0.3822839998974814,0,0,27.8,0.0,1
1278,1776087157.6260295,0.045264000618772116, 0.38266600040515186,0,0,27.8,0.0,1
1279,1776087157.6556284,0.04539900055533508, 0.3684089997477713,0,0,27.8,0.0,1
1280,1776087157.6858678,0.04711899964604527, 0.3599290002966882,0,0,27.8,0.0,1
1281,1776087157.7160738,0.047977000576793216, 0.40665899996383814,0,0,27.8,0.0,1
1282,1776087157.745534,0.04442400040716166, 0.3723700001501129,0,0,27.8,0.0,1
1283,1776087157.7752697,0.04801599970960524, 0.37575700025627157,0,0,27.8,0.0,1
1284,1776087157.8048136,0.04717999945569318, 0.34707099985098466,0,0,27.8,0.0,1
1285,1776087157.8343668,0.042784000470419414, 0.3583699999580858,0,0,27.8,0.0,1
1286,1776087157.864089,0.04390400044940179, 0.34342799972364446,0,0,27.8,0.0,1
1286,1776087157.9259734,32.09309900012158, 0.30152900035318453,6,2,27.8,0.0,0
1287,1776087157.9810224,23.582957000144233, 0.3343419994052965,9,0,27.8,0.0,0
1288,1776087158.0055797,19.763762000366114, 0.24174200007109903,16,2,27.8,0.0,0
1289,1776087158.0325084,18.20738199967309, 0.22964999971009092,15,2,27.8,0.0,0
1290,1776087158.3205688,20.03105499989033, 257.86389899985807,21,2,27.8,0.0,0
1292,1776087158.3242745,0.2566440007285564, 0.3099630002907361,0,2,27.8,0.0,1
1293,1776087158.3400064,0.2784890002658358, 0.34455200056981994,0,2,27.8,0.0,1
1294,1776087158.370902,1.7126660004578298, 0.30783900001551956,0,2,27.8,0.0,1
1295,1776087158.4033878,0.21410200042737415, 0.28006699994875817,0,0,27.8,0.0,1
1296,1776087158.428865,0.04511900078796316, 0.33424699995521223,0,0,27.8,0.0,1
1297,1776087158.458267,0.04915299996355316, 0.3483020000203396,0,0,27.8,0.0,1
1298,1776087158.4881608,0.04448199979378842, 0.34119500014639925,0,0,27.8,0.0,1
1299,1776087158.517923,0.044174999857204966, 0.3395260000615963,0,0,27.8,0.0,1
1300,1776087158.5477917,0.045047000639897306, 0.336600999617076,0,0,27.8,0.0,1
1301,1776087158.5772455,0.044391999836079776, 0.33868299942696467,0,0,27.8,0.0,1
1302,1776087158.607096,0.04396800068207085, 0.34262100052728783,0,0,27.8,0.0,1
1303,1776087158.6368577,0.04567399992083665, 0.33405700014554895,0,0,27.8,0.0,1
1304,1776087158.6670203,0.048363999667344615, 0.37281500044628046,0,0,27.8,0.0,1
1305,1776087158.6965148,0.0476180002806359, 0.37533900012931554,0,0,27.8,0.0,1
1306,1776087158.7259588,0.045293999392015394, 0.3419959994062083,0,0,27.8,0.0,1
1307,1776087158.7558196,0.04243300008965889, 0.3384990004633437,0,0,27.8,0.0,1
1308,1776087158.7852764,0.04484999954001978, 0.3359769998496631,0,0,27.8,0.0,1
1309,1776087158.8151062,0.04075299966643797, 0.3417190000618575,0,0,27.8,0.0,1
1310,1776087158.8448915,0.04632600030163303, 0.3406669993637479,0,0,27.8,0.0,1
1311,1776087158.8747172,0.05825199968967354, 0.34782199963956373,0,0,27.8,0.0,1
1312,1776087158.9041097,0.04546099989966024, 0.3340979992572102,0,0,27.8,0.0,1
1313,1776087158.933998,0.043418000132078305, 0.3395290004846174,0,0,27.8,0.0,1
1314,1776087158.963805,0.044673000047623646, 0.3436560000409372,0,0,27.8,0.0,1
1315,1776087158.993389,0.04589399941323791, 0.34600700018927455,0,0,27.8,0.0,1
1316,1776087159.0228152,0.045976999899721704, 0.33500300014566164,0,0,27.8,0.0,1
1317,1776087159.053084,0.04938100028084591, 0.3706620000230032,0,0,27.8,0.0,1
1318,1776087159.0823128,0.045712999963143375, 0.3330469999127672,0,0,27.8,0.0,1
1319,1776087159.1121185,0.04265099960321095, 0.33667699972284026,0,0,27.8,0.0,1
1320,1776087159.1423726,0.0476850000268314, 0.3820829997494002,0,0,27.8,0.0,1
1321,1776087159.171757,0.045603999751619995, 0.336351999976614,0,0,27.8,0.0,1
1322,1776087159.201257,0.041276000047218986, 0.33834399982879404,0,0,27.8,0.0,1
1323,1776087159.231108,0.043682000068656635, 0.34510499972384423,0,0,27.8,0.0,1
1324,1776087159.2611756,0.04945500040776096, 0.3757720005523879,0,0,27.8,0.0,1
1325,1776087159.2903326,0.0447450001956895, 0.3274930004408816,0,0,27.8,0.0,1
1325,1776087159.351014,30.679391999910877, 0.2301699996678508,14,2,27.8,0.0,0
1326,1776087159.3674326,14.631524000833451, 0.22955500026000664,10,0,27.8,0.0,0
1327,1776087159.4018247,20.90011099971889, 0.2207710003858665,15,2,27.8,0.0,0
1328,1776087159.428454,19.052942000598705, 0.23921199954202166,23,2,27.8,0.0,0
1329,1776087159.7160645,19.902220999938436, 257.40374799988786,27,2,27.8,0.0,0
1331,1776087159.7198682,0.2674850002222229, 0.3031469996130909,0,2,27.8,0.0,1
1332,1776087159.736276,0.27374500041332794, 0.32749700039858,0,1,27.8,0.0,1
1333,1776087159.7659194,0.3023250001206179, 0.37806599993928103,0,1,27.8,0.0,1
1334,1776087159.796931,1.6774949999671662, 0.4144930007896619,0,0,27.8,0.0,1
1335,1776087159.829085,0.0369099998351885, 0.2629450000313227,0,0,27.8,0.0,1
1336,1776087159.8546588,0.04635899949789746, 0.4145739994783071,0,0,27.8,0.0,1
1337,1776087159.8844433,0.04684899977291934, 0.42898899937426904,0,0,27.8,0.0,1
1338,1776087159.9144328,0.05170900021767011, 0.3978220001954469,0,0,27.8,0.0,1
1339,1776087159.9441912,0.04386999989947071, 0.3371620005054865,0,0,27.8,0.0,1
1340,1776087159.9742875,0.04950099992129253, 0.3826160000244272,0,0,27.8,0.0,1
1341,1776087160.0038993,0.043666000237863045, 0.35319400012667757,0,0,27.8,0.0,1
1342,1776087160.0328853,0.041618999603088014, 0.36727299993799534,0,0,27.8,0.0,1
1343,1776087160.0627134,0.04331299987825332, 0.38808399949630257,0,0,27.8,0.0,1
1344,1776087160.0922756,0.045619999582413584, 0.38181299987627426,0,0,27.8,0.0,1
1345,1776087160.1225138,0.05453100038721459, 0.4161690003456897,0,0,27.8,0.0,1
1346,1776087160.151648,0.040859999899112154, 0.3556299998308532,0,0,27.8,0.0,1
1347,1776087160.1813815,0.04579999949783087, 0.3795550001086667,0,0,27.8,0.0,1
1348,1776087160.2117739,0.04664799962483812, 0.34191099985037,0,0,27.8,0.0,1
1349,1776087160.240963,0.04005599930678727, 0.37135399998078356,0,0,27.8,0.0,1
1350,1776087160.270555,0.04710000030172523, 0.37110900029801996,0,0,27.8,0.0,1
1351,1776087160.300305,0.04687000000558328, 0.3840360004687682,0,0,27.8,0.0,1
1352,1776087160.3305364,0.05506999968929449, 0.3965440000683884,0,0,27.8,0.0,1
1353,1776087160.359735,0.058879999414784834, 0.3537029997460195,0,0,27.8,0.0,1
1354,1776087160.3894105,0.04501000057643978, 0.3804580001087743,0,0,27.8,0.0,1
1355,1776087160.4192464,0.05033400066167815, 0.43273700066492893,0,0,27.8,0.0,1
1356,1776087160.449151,0.04612599968822906, 0.34977999985130737,0,0,27.8,0.0,1
1357,1776087160.4786975,0.042843000301218126, 0.38238399974943604,0,0,27.8,0.0,1
1358,1776087160.50875,0.06166599996504374, 0.36289099989517126,0,0,27.8,0.0,1
1359,1776087160.5381367,0.04550199992081616, 0.3882450000673998,0,0,27.8,0.0,1
1360,1776087160.567962,0.04458800049178535, 0.350538000020606,0,0,27.8,0.0,1
1361,1776087160.59806,0.04263499977241736, 0.37616200006596046,0,0,27.8,0.0,1
1362,1776087160.6274648,0.06225800007086946, 0.40630700004840037,0,0,27.8,0.0,1
1363,1776087160.6568701,0.04361599985713838, 0.34718799997790484,0,0,27.8,0.0,1
1364,1776087160.6867297,0.04344500030128984, 0.3994470007455675,0,0,27.8,0.0,1
1364,1776087160.7351086,18.333252999582328, 0.21951800044917036,13,2,27.8,0.0,0
1365,1776087160.7716942,21.716231999562297, 0.22651000017503975,11,0,27.8,0.0,0
1366,1776087160.7950726,17.87304900062736, 0.2143929996236693,10,2,27.8,0.0,0
1367,1776087160.8263047,20.041853999828163, 0.234280999393377,6,2,27.8,0.0,0
1368,1776087161.1146455,19.56780699947558, 259.3098130000726,6,1,27.8,0.0,0
1370,1776087161.1181788,0.19475899989629397, 0.3087049999521696,0,1,27.8,0.0,1
1371,1776087161.1330569,0.21136400027899072, 0.3340760003993637,0,1,27.8,0.0,1
1372,1776087161.1640513,1.7703619996609632, 0.3447660001256736,0,1,27.8,0.0,1
1373,1776087161.1965222,0.1789779998944141, 0.2703000000110478,0,0,27.8,0.0,1
1374,1776087161.221398,0.045312000111152884, 0.3861979994326248,0,0,27.8,0.0,1
1375,1776087161.2515883,0.05066900030215038, 0.3849220001939102,0,0,27.8,0.0,1
1376,1776087161.282324,0.052721999963978305, 0.3883540002789232,0,0,27.8,0.0,1
1377,1776087161.3112133,0.04173700017418014, 0.34232599955430487,0,0,27.8,0.0,1
1378,1776087161.341283,0.050444999942556024, 0.36587499926099554,0,0,27.8,0.0,1
1379,1776087161.370805,0.045419000343827065, 0.33877600071718916,0,0,27.8,0.0,1
1380,1776087161.4005375,0.04692900074587669, 0.3627920004873886,0,0,27.8,0.0,1
1381,1776087161.4304059,0.05077700006950181, 0.3712430006999057,0,0,27.8,0.0,1
1382,1776087161.4591868,0.04670199996326119, 0.38068200046836864,0,0,27.8,0.0,1
1383,1776087161.4890482,0.04116400032216916, 0.3535779997037025,0,0,27.8,0.0,1
1384,1776087161.5192785,0.05204799981584074, 0.3901899999618763,0,0,27.8,0.0,1
1385,1776087161.5484145,0.051963000260002445, 0.4285650002202601,0,0,27.8,0.0,1
1386,1776087161.5781567,0.04552600057650125, 0.39576700055476977,0,0,27.8,0.0,1
1387,1776087161.6078093,0.04316099966672482, 0.35456499972497113,0,0,27.8,0.0,1
1388,1776087161.6377132,0.04562999947665958, 0.4481329997361172,0,0,27.8,0.0,1
1389,1776087161.6674151,0.05215900000621332, 0.46893999933672603,0,0,27.8,0.0,1
1390,1776087161.697174,0.047147999794106, 0.37312299991754116,0,0,27.8,0.0,1
1391,1776087161.7270164,0.052214000788808335, 0.4040769999846816,0,0,27.8,0.0,1
1392,1776087161.756503,0.04252899998391513, 0.4061310000906815,0,0,27.8,0.0,1
1393,1776087161.7859821,0.04597200040734606, 0.37897200036240974,0,0,27.8,0.0,1
1394,1776087161.8157105,0.04181500025879359, 0.37189100021350896,0,0,27.8,0.0,1
1395,1776087161.8458211,0.0475410006401944, 0.362072999450902,0,0,27.8,0.0,1
1396,1776087161.8754702,0.04646600064006634, 0.4559999997582054,0,0,27.8,0.0,1
1397,1776087161.905293,0.044211000385985244, 0.33599200014577946,0,0,27.8,0.0,1
1398,1776087161.9351444,0.04277199968782952, 0.3427990004638559,0,0,27.8,0.0,1
1399,1776087161.9650097,0.043647999518725555, 0.34103500001947396,0,0,27.8,0.0,1
1400,1776087161.994897,0.05202300053497311, 0.37696799972763984,0,0,27.8,0.0,1
1401,1776087162.0243068,0.05009300002711825, 0.38236800082813716,0,0,27.8,0.0,1
1402,1776087162.054073,0.049344000217388384, 0.3959559999202611,0,0,27.8,0.0,1
1403,1776087162.0835755,0.05142800000612624, 0.35912600014853524,0,0,27.8,0.0,1
1403,1776087162.145458,32.47987499980809, 0.2299189991390449,30,2,27.8,0.0,0
1404,1776087162.1615114,14.332327999909467, 0.2189289998568711,19,0,27.8,0.0,0
1405,1776087162.1948352,20.90678999957163, 0.23592799971083878,13,2,27.8,0.0,0
1406,1776087162.2222893,19.031109000025026, 0.2171360001739231,14,2,27.8,0.0,0
1407,1776087162.5096133,19.426400999691396, 258.0966509995051,14,2,27.8,0.0,0
1409,1776087162.5133421,0.25807300062297145, 0.3000309998242301,0,2,27.8,0.0,1
1410,1776087162.5299165,0.28831899999204325, 0.3397839991521323,0,2,27.8,0.0,1
1411,1776087162.5597298,0.2942119999715942, 0.39291200027946616,0,0,27.8,0.0,1
1412,1776087162.590254,1.4064110000617802, 0.321176000397827,0,0,27.8,0.0,1
1413,1776087162.623507,0.035226999898441136, 0.27362400032870937,0,0,27.8,0.0,1
1414,1776087162.6481652,0.04415700004756218, 0.34151699946960434,0,0,27.8,0.0,1
1415,1776087162.678024,0.04517999968811637, 0.33949499993468635,0,0,27.8,0.0,1
1416,1776087162.707794,0.045451000005414244, 0.3434059999563033,0,0,27.8,0.0,1
1417,1776087162.737913,0.05279600009089336, 0.37972599966451526,0,0,27.8,0.0,1
1418,1776087162.767562,0.050508000640547834, 0.37252099991746945,0,0,27.8,0.0,1
1419,1776087162.796911,0.044411000089894515, 0.34190599944849964,0,0,27.8,0.0,1
1420,1776087162.826985,0.04964900017512264, 0.3717050003615441,0,0,27.8,0.0,1
1421,1776087162.8561528,0.0440439998783404, 0.336039000103483,0,0,27.8,0.0,1
1422,1776087162.8863375,0.05124299968883861, 0.3727710000021034,0,0,27.8,0.0,1
1423,1776087162.916102,0.04785700002685189, 0.3747259997908259,0,0,27.8,0.0,1
1424,1776087162.945708,0.06082899926695973, 0.3390459996808204,0,0,27.8,0.0,1
1425,1776087162.975419,0.04749799973069457, 0.37818399960087845,0,0,27.8,0.0,1
1426,1776087163.0048292,0.04710199937107973, 0.3370239992364077,0,0,27.8,0.0,1
1427,1776087163.0344112,0.05903900000703288, 0.4662159999497817,0,0,27.8,0.0,1
1428,1776087163.0638132,0.0442809996457072, 0.350747000084084,0,0,27.8,0.0,1
1429,1776087163.0935357,0.04987200009054504, 0.3721819994098041,0,0,27.8,0.0,1
1430,1776087163.1236534,0.05254000006971182, 0.49518500054546166,0,0,27.8,0.0,1
1431,1776087163.15324,0.05096099994261749, 0.40088500009005656,0,0,27.8,0.0,1
1432,1776087163.1833193,0.04888100011157803, 0.3898389995811158,0,0,27.8,0.0,1
1433,1776087163.2124946,0.04948900004819734, 0.41628500002843793,0,0,27.8,0.0,1
1434,1776087163.242233,0.04793799962499179, 0.4109090004931204,0,0,27.8,0.0,1
1435,1776087163.2719626,0.041308000618300866, 0.3503990001263446,0,0,27.8,0.0,1
1436,1776087163.30163,0.04333400011091726, 0.3965559999414836,0,0,27.8,0.0,1
1437,1776087163.3321462,0.04908800019620685, 0.4015829999843845,0,0,27.8,0.0,1
1438,1776087163.3612764,0.04330100000515813, 0.33988999985012924,0,0,27.8,0.0,1
1439,1776087163.39142,0.04643500051315641, 0.37763100044685416,0,0,27.8,0.0,1
1440,1776087163.4209323,0.04612500015355181, 0.33903700023074634,0,0,27.8,0.0,1
1441,1776087163.4510098,0.0498589997732779, 0.3845100000035018,0,0,27.8,0.0,1
1442,1776087163.480319,0.045822999709344, 0.3352610001456924,0,0,27.8,0.0,1
1442,1776087163.5396235,29.696779000005336, 0.2320809999218909,6,2,27.8,0.0,0
1443,1776087163.595483,23.469542000384536, 0.2664740004547639,3,0,27.8,0.0,0
1444,1776087163.6135712,16.28780999999435, 0.23231100021803286,4,2,27.8,0.0,0
1445,1776087163.6269782,11.681549999593699, 0.20954699994035764,6,2,27.8,0.0,0
1446,1776087163.9017823,12.070011000105296, 257.20559399997,5,1,27.8,0.0,0
1448,1776087163.9051208,0.19537500065780478, 0.30321099984575994,0,1,27.8,0.0,1
1449,1776087163.9307516,0.2351929997530533, 0.3392039998288965,0,1,27.8,0.0,1
1450,1776087163.9621367,1.7112969999288907, 0.32366699997510295,0,1,27.8,0.0,1
1451,1776087163.9947884,0.16416600010416005, 0.26118899950233754,0,0,27.8,0.0,1
1452,1776087164.0196214,0.05107700053486042, 0.38040499930502847,0,0,27.8,0.0,1
1453,1776087164.049163,0.054940999689279124, 0.44403900028555654,0,0,27.8,0.0,1
1454,1776087164.0786793,0.04274700040696189, 0.3791879998971126,0,0,27.8,0.0,1
1455,1776087164.1083918,0.05097899975226028, 0.47705100041639525,0,0,27.8,0.0,1
1456,1776087164.1381972,0.04047899983561365, 0.37941800019325456,0,0,27.8,0.0,1
1457,1776087164.1679225,0.044507999518828, 0.33986000016739126,0,0,27.8,0.0,1
1458,1776087164.1974523,0.045804999899701215, 0.3907790005541756,0,0,27.8,0.0,1
1459,1776087164.227295,0.053546000344795175, 0.45540999963122886,0,0,27.8,0.0,1
1460,1776087164.2568176,0.04319800063967705, 0.34815100025298307,0,0,27.8,0.0,1
1461,1776087164.2866156,0.04190599975117948, 0.36150500000076136,0,0,27.8,0.0,1
1462,1776087164.3163867,0.051156000154151116, 0.43440100034786155,0,0,27.8,0.0,1
1463,1776087164.3461108,0.05323200002749218, 0.4382480001368094,0,0,27.8,0.0,1
1464,1776087164.3756812,0.04150800032221014, 0.3698699993037735,0,0,27.8,0.0,1
1465,1776087164.405421,0.04665300002670847, 0.37863400029891636,0,0,27.8,0.0,1
1466,1776087164.4352612,0.045451000005414244, 0.3791639992414275,0,0,27.8,0.0,1
1467,1776087164.4653933,0.05067900019639637, 0.3850920002150815,0,0,27.8,0.0,1
1468,1776087164.4952822,0.05004699960409198, 0.37809900004504016,0,0,27.8,0.0,1
1469,1776087164.5242648,0.04732799970952328, 0.39391100017382996,0,0,27.8,0.0,1
1470,1776087164.5542712,0.053018000471638516, 0.44166699990455527,0,0,27.8,0.0,1
1471,1776087164.5838675,0.04425699989951681, 0.3658989999166806,0,0,27.8,0.0,1
1472,1776087164.6141982,0.04617200011125533, 0.4468260003704927,0,0,27.8,0.0,1
1473,1776087164.6440942,0.04957200053468114, 0.39208300040627364,0,0,27.8,0.0,1
1474,1776087164.6737583,0.06245100030355388, 0.34692699955485296,0,0,27.8,0.0,1
1475,1776087164.7034495,0.050101999477192294, 0.37523400078498526,0,0,27.8,0.0,1
1476,1776087164.7329454,0.04446700040716678, 0.34971300010511186,0,0,27.8,0.0,1
1477,1776087164.7629604,0.046626999392174184, 0.38107299951661844,0,0,27.8,0.0,1
1478,1776087164.792214,0.04232499941281276, 0.3432500006965711,0,0,27.8,0.0,1
1479,1776087164.8219745,0.04364300002634991, 0.3451849997873069,0,0,27.8,0.0,1
1480,1776087164.8518462,0.044270999751461204, 0.35313700027472805,0,0,27.8,0.0,1
1481,1776087164.8812423,0.045375000809144694, 0.34282600063306745,0,0,27.8,0.0,1
1481,1776087164.9421105,31.069870999999694, 0.27759300064644776,11,2,27.8,0.0,0
1482,1776087164.9829957,23.451365000255464, 0.22282800000539282,11,0,27.8,0.0,0
1483,1776087164.9987512,14.073889999963285, 0.2033889995800564,51,2,27.8,0.0,0
1484,1776087165.0125046,12.030537000100594, 0.2490679999027634,12,2,27.8,0.0,0
1485,1776087165.3087394,21.706188999814913, 258.0773029994816,15,2,27.8,0.0,0
1487,1776087165.3120034,0.24802100051601883, 0.3034250003111083,0,2,27.8,0.0,1
1488,1776087165.3267941,0.29697100035264157, 0.3591169997889665,0,1,27.8,0.0,1
1489,1776087165.3568933,0.25482499950157944, 0.3425780005272827,0,0,27.8,0.0,1
1490,1776087165.3884432,1.6557520002606907, 0.37881800017203204,0,0,27.8,0.0,1
1491,1776087165.420397,0.03656000080809463, 0.28382500022416934,0,0,27.8,0.0,1
1492,1776087165.4455013,0.046933999328757636, 0.37587200040434254,0,0,27.8,0.0,1
1493,1776087165.4755402,0.0538200001756195, 0.5400969994298066,0,0,27.8,0.0,1
1494,1776087165.5054357,0.04772400006913813, 0.3999719992862083,0,0,27.8,0.0,1
1495,1776087165.534536,0.04716099920187844, 0.3629989996625227,0,0,27.8,0.0,1
1496,1776087165.564333,0.04510400049184682, 0.37686700034100795,0,0,27.8,0.0,1
1497,1776087165.5941308,0.04743899989989586, 0.3447760000199196,0,0,27.8,0.0,1
1498,1776087165.6237113,0.0411040000471985, 0.36444699981075246,0,0,27.8,0.0,1
1499,1776087165.653543,0.04817299941350939, 0.3938210002161213,0,0,27.8,0.0,1
1500,1776087165.6835852,0.055946999964362476, 0.3675499992823461,0,0,27.8,0.0,1
1501,1776087165.71333,0.051059999350400176, 0.39129099968704395,0,0,27.8,0.0,1
1502,1776087165.742656,0.0414870000895462, 0.3759119999813265,0,0,27.8,0.0,1
1503,1776087165.772663,0.046660999942105263, 0.3676650003399118,0,0,27.8,0.0,1
1504,1776087165.8025854,0.04618200000550132, 0.3807100001722574,0,0,27.8,0.0,1
1505,1776087165.832762,0.04762699973070994, 0.34284400044271024,0,0,27.8,0.0,1
1506,1776087165.86202,0.043944000026385766, 0.3472090002105688,0,0,27.8,0.0,1
1507,1776087165.891816,0.044360999709169846, 0.3438439998717513,0,0,27.8,0.0,1
1508,1776087165.9216464,0.04289299977244809, 0.36035199991601985,0,0,27.8,0.0,1
1509,1776087165.951041,0.044599000830203295, 0.33328900008200435,0,0,27.8,0.0,1
1510,1776087165.9824471,0.06205499994393904, 0.4419130000314908,0,0,27.8,0.0,1
1511,1776087166.0109897,0.04865999926551012, 0.3859819998979219,0,0,27.8,0.0,1
1512,1776087166.0402448,0.041432000216445886, 0.3425539998715976,0,0,27.8,0.0,1
1513,1776087166.0703013,0.047106999772950076, 0.36952599930373253,0,0,27.8,0.0,1
1514,1776087166.0996244,0.05637600042973645, 0.40134499977284577,0,0,27.8,0.0,1
1515,1776087166.129016,0.045155999941925984, 0.38192000010894844,0,0,27.8,0.0,1
1516,1776087166.1591592,0.04444800015335204, 0.3579969998099841,0,0,27.8,0.0,1
1517,1776087166.1889148,0.04377799996291287, 0.3421359997446416,0,0,27.8,0.0,1
1518,1776087166.2188036,0.04825999985769158, 0.3476980000414187,0,0,27.8,0.0,1
1519,1776087166.2482033,0.0437360004070797, 0.33312499999738066,0,0,27.8,0.0,1
1520,1776087166.2780132,0.044583000089915004, 0.342014999660023,0,0,27.8,0.0,1
1520,1776087166.3381534,30.461973999990732, 0.2363359999435488,14,2,27.8,0.0,0
1521,1776087166.389051,22.366850999787857, 0.23524300013377797,18,0,27.8,0.0,0
1522,1776087166.408532,17.68960400022479, 0.23755799975333503,14,2,27.8,0.0,0
1523,1776087166.4220982,11.849272999825189, 0.2108310000039637,19,2,27.8,0.0,0
1524,1776087166.698256,12.217852000503626, 258.59829199998785,15,1,27.8,0.0,0
1526,1776087166.7017322,0.21755199941253522, 0.30785899980401155,0,1,27.8,0.0,1
1527,1776087166.724317,0.23708700064162258, 0.37493600029847585,0,1,27.8,0.0,1
1528,1776087166.7551467,1.5569459992548218, 0.32205199931922834,0,1,27.8,0.0,1
1529,1776087166.7877958,0.16615099957562052, 0.25708599969220813,0,0,27.8,0.0,1
1530,1776087166.8124106,0.045820999730494805, 0.3890150001097936,0,0,27.8,0.0,1
1531,1776087166.8421547,0.05323799996403977, 0.4613150003933697,0,0,27.8,0.0,1
1532,1776087166.8718688,0.04738999996334314, 0.37937500019324943,0,0,27.8,0.0,1
1533,1776087166.9015336,0.04547400021692738, 0.3701659998114337,0,0,27.8,0.0,1
1534,1776087166.9313266,0.04630700004781829, 0.3696769999805838,0,0,27.8,0.0,1
1535,1776087166.9611676,0.0526490002812352, 0.4734429994641687,0,0,27.8,0.0,1
1536,1776087166.9915786,0.04774799981532851, 0.3716929995789542,0,0,27.8,0.0,1
1537,1776087167.0212634,0.04867200004810002, 0.37271500059432583,0,0,27.8,0.0,1
1538,1776087167.0505035,0.05026399958296679, 0.3681130001496058,0,0,27.8,0.0,1
1539,1776087167.0799887,0.0435840001955512, 0.3718839998327894,0,0,27.8,0.0,1
1540,1776087167.1103446,0.04611100030160742, 0.36660099976870697,0,0,27.8,0.0,1
1541,1776087167.140091,0.051199999688833486, 0.38182300068001496,0,0,27.8,0.0,1
1542,1776087167.1700163,0.05268800032354193, 0.4123959997741622,0,0,27.8,0.0,1
1543,1776087167.1995134,0.04776900004799245, 0.37634000000252854,0,0,27.8,0.0,1
1544,1776087167.2292705,0.0469149999844376, 0.3837320000457112,0,0,27.8,0.0,1
1545,1776087167.2590618,0.04979799996362999, 0.3720270005942439,0,0,27.8,0.0,1
1546,1776087167.288264,0.04196999998384854, 0.3384399997230503,0,0,27.8,0.0,1
1547,1776087167.3184133,0.049776000196288805, 0.3720499998962623,0,0,27.8,0.0,1
1548,1776087167.3481686,0.051713999710045755, 0.378304999685497,0,0,27.8,0.0,1
1549,1776087167.3776884,0.04483300017454894, 0.3520150003168965,0,0,27.8,0.0,1
1550,1776087167.4071667,0.041713000427989755, 0.3443570003582863,0,0,27.8,0.0,1
1551,1776087167.436861,0.044688000343739986, 0.33936500039999373,0,0,27.8,0.0,1
1552,1776087167.4668362,0.04653699943446554, 0.34293099997739773,0,0,27.8,0.0,1
1553,1776087167.496181,0.04540999998425832, 0.3457200000411831,0,0,27.8,0.0,1
1554,1776087167.5260444,0.043243999243713915, 0.33905700001923833,0,0,27.8,0.0,1
1555,1776087167.555833,0.041801999941526446, 0.34458299978723517,0,0,27.8,0.0,1
1556,1776087167.5856917,0.042800000301213004, 0.3644170001280145,0,0,27.8,0.0,1
1557,1776087167.6154754,0.04861200068262406, 0.3792569996221573,0,0,27.8,0.0,1
1558,1776087167.6450214,0.043157000618521124, 0.34631699963938445,0,0,27.8,0.0,1
1559,1776087167.6747968,0.04465399979380891, 0.3424039996389183,0,0,27.8,0.0,1
1559,1776087167.7359376,31.51019799952337, 0.28886400014016544,8,2,27.8,0.0,0
1560,1776087167.777822,22.680328000205918, 0.21139700038474984,7,0,27.8,0.0,0
1561,1776087167.7945387,14.642424000157916, 0.2405539999017492,5,2,27.8,0.0,0
1562,1776087167.8081086,11.848635000205832, 0.20372600010887254,4,2,27.8,0.0,0
1563,1776087168.1026757,19.923468000342837, 260.51553300021624,6,2,27.8,0.0,0
1565,1776087168.1062913,0.2530780002416577, 0.29998999980307417,0,2,27.8,0.0,1
1566,1776087168.1204987,0.27520799994817935, 0.33195800006069476,0,1,27.8,0.0,1
1567,1776087168.1504169,0.2561130004323786, 0.38348199996107724,0,1,27.8,0.0,1
1568,1776087168.1817977,1.8568010000308277, 0.33532499946886674,0,0,27.8,0.0,1
1569,1776087168.2135637,0.035121000109938905, 0.2711550005187746,0,0,27.8,0.0,1
1570,1776087168.2386396,0.041928999962692615, 0.3656170001704595,0,0,27.8,0.0,1
1571,1776087168.2684577,0.047322999307652935, 0.4177529999651597,0,0,27.8,0.0,1
1572,1776087168.2981603,0.04615799934981624, 0.378867999643262,0,0,27.8,0.0,1
1573,1776087168.3277788,0.04164599977229955, 0.3443850000621751,0,0,27.8,0.0,1
1574,1776087168.357568,0.04572400030156132, 0.37033100034022937,0,0,27.8,0.0,1
1575,1776087168.3873901,0.051882999287045095, 0.4463929999474203,0,0,27.8,0.0,1
1576,1776087168.4173398,0.04840400015382329, 0.3558930002327543,0,0,27.8,0.0,1
1577,1776087168.4466536,0.04104900017409818, 0.3646690001914976,0,0,27.8,0.0,1
1578,1776087168.476478,0.045046999730402604, 0.3807579996646382,0,0,27.8,0.0,1
1579,1776087168.5065324,0.05184400015423307, 0.35150199983036146,0,0,27.8,0.0,1
1580,1776087168.536379,0.04409099983604392, 0.3442919996814453,0,0,27.8,0.0,1
1581,1776087168.5664058,0.048227000661427155, 0.37879000046814326,0,0,27.8,0.0,1
1582,1776087168.596148,0.048287000026903115, 0.3691749998324667,0,0,27.8,0.0,1
1583,1776087168.6256442,0.04560799970931839, 0.3567399999155896,0,0,27.8,0.0,1
1584,1776087168.6558046,0.04322699987824308, 0.34686199978750665,0,0,27.8,0.0,1
1585,1776087168.6849093,0.04361099945526803, 0.3334069997436018,0,0,27.8,0.0,1
1586,1776087168.7151194,0.04911199994239723, 0.3841699999611592,0,0,27.8,0.0,1
1587,1776087168.744873,0.048040000365290325, 0.35632399976748275,0,0,27.8,0.0,1
1588,1776087168.7740505,0.043805000132124405, 0.3387239994481206,0,0,27.8,0.0,1
1589,1776087168.8041375,0.04993699985789135, 0.3702969997902983,0,0,27.8,0.0,1
1590,1776087168.8337834,0.043119999645568896, 0.35042400031670695,0,0,27.8,0.0,1
1591,1776087168.8634422,0.04728199928649701, 0.373473999388807,0,0,27.8,0.0,1
1592,1776087168.8929727,0.044346999857225455, 0.3368159996171016,0,0,27.8,0.0,1
1593,1776087168.9230652,0.04843500028073322, 0.3771639994738507,0,0,27.8,0.0,1
1594,1776087168.9526153,0.05042200064053759, 0.3532860000632354,0,0,27.8,0.0,1
1595,1776087168.9832742,0.0563710000278661, 0.41137999960483285,0,0,27.8,0.0,1
1596,1776087169.0118928,0.044176000301376916, 0.34011099978670245,0,0,27.8,0.0,1
1597,1776087169.0416985,0.041186000089510344, 0.3575609998733853,0,0,27.8,0.0,1
1598,1776087169.071145,0.044195000555191655, 0.33727600020938553,0,0,27.8,0.0,1
1598,1776087169.1303067,29.393861999778892, 0.24519500038877595,10,2,27.8,0.0,0
1599,1776087169.1839616,22.85336400018423, 0.23729700023977784,11,0,27.8,0.0,0
1600,1776087169.2024999,16.78429200001119, 0.23548199987999396,15,2,27.8,0.0,0
1601,1776087169.2159061,11.689814999954251, 0.21112499962328002,11,2,27.8,0.0,0
1602,1776087169.4919224,11.711404000379844, 259.4776109999657,13,1,27.8,0.0,0
1604,1776087169.4961052,0.21456000013131415, 0.33159099984914064,0,1,27.8,0.0,1
1605,1776087169.5170665,0.21323100008885376, 0.33255399921472417,0,1,27.8,0.0,1
1606,1776087169.5483778,1.584104000357911, 0.32675900001777336,0,0,27.8,0.0,1
1607,1776087169.5803926,0.03520300015225075, 0.2640920001795166,0,0,27.8,0.0,1
1608,1776087169.6060193,0.04244799947628053, 0.33793100010370836,0,0,27.8,0.0,1
1609,1776087169.6359355,0.04546800028037978, 0.34303699976589996,0,0,27.8,0.0,1
1610,1776087169.6657288,0.061454000388039276, 0.34463900010450743,0,0,27.8,0.0,1
1611,1776087169.695187,0.04578400057653198, 0.3440810005486128,0,0,27.8,0.0,1
1612,1776087169.7249923,0.045091999709256925, 0.33872099993459415,0,0,27.8,0.0,1
1613,1776087169.7550533,0.0514920002387953, 0.39079700036381837,0,0,27.8,0.0,1
1614,1776087169.7842755,0.04487200021685567, 0.34841399974538945,0,0,27.8,0.0,1
1615,1776087169.8141088,0.044581000111065805, 0.34107299961760873,0,0,27.8,0.0,1
1616,1776087169.8442633,0.049235000005865004, 0.3853329999401467,0,0,27.8,0.0,1
1617,1776087169.8736758,0.04368400004750583, 0.3604260000429349,0,0,27.8,0.0,1
1618,1776087169.9032032,0.04518799960351316, 0.3444699996180134,0,0,27.8,0.0,1
1619,1776087169.9330056,0.042626999857020564, 0.34051799957524054,0,0,27.8,0.0,1
1620,1776087169.9628248,0.04684899977291934, 0.3387040005691233,0,0,27.8,0.0,1
1621,1776087169.992801,0.04487899968808051, 0.34856999991461635,0,0,27.8,0.0,1
1622,1776087170.0221708,0.045572999624710064, 0.34572500044305343,0,0,27.8,0.0,1
1623,1776087170.0519319,0.04602599983627442, 0.34374400001979666,0,0,27.8,0.0,1
1624,1776087170.081734,0.05794500066258479, 0.34824399972421816,0,0,27.8,0.0,1
1625,1776087170.1111348,0.0457480000477517, 0.34088299980794545,0,0,27.8,0.0,1
1626,1776087170.1410747,0.044548000005306676, 0.34008300008281367,0,0,27.8,0.0,1
1627,1776087170.1708162,0.04317200000514276, 0.342559000273468,0,0,27.8,0.0,1
1628,1776087170.2002535,0.044501000047603156, 0.3393619999769726,0,0,27.8,0.0,1
1629,1776087170.2300372,0.04386000000522472, 0.34178699934273027,0,0,27.8,0.0,1
1630,1776087170.2599647,0.04655800057662418, 0.3399399993213592,0,0,27.8,0.0,1
1631,1776087170.2897491,0.0586300002396456, 0.3420879993427661,0,0,27.8,0.0,1
1632,1776087170.319601,0.042548000237729866, 0.36202599949319847,0,0,27.8,0.0,1
1633,1776087170.3491964,0.04990899924450787, 0.38054199922044063,0,0,27.8,0.0,1
1634,1776087170.379186,0.052117000450380147, 0.3793539999605855,0,0,27.8,0.0,1
1635,1776087170.4086108,0.04622899996320484, 0.36731799991684966,0,0,27.8,0.0,1
1636,1776087170.4380767,0.04253000042808708, 0.37247999989631353,0,0,27.8,0.0,1
1637,1776087170.4681602,0.050285999350307975, 0.379525999960606,0,0,27.8,0.0,1
1637,1776087170.5297308,31.841666999753215, 0.21638000089296838,11,2,27.8,0.0,0
1638,1776087170.571578,21.652790999723948, 0.23126799987949198,10,0,27.8,0.0,0
1639,1776087170.5875702,14.224991000446607, 0.24553299954277463,9,2,27.8,0.0,0
1640,1776087170.6065433,13.487141000041447, 0.24564300019846996,6,2,27.8,0.0,0
1641,1776087170.9012365,21.339494999665476, 258.8217490001625,7,2,27.8,0.0,0
1643,1776087170.9053595,0.27450299967313185, 0.24998099979711697,0,2,27.8,0.0,1
1644,1776087170.9128485,0.2530960000513005, 0.2857550007320242,0,1,27.8,0.0,1
1645,1776087170.9434223,0.24163899979612324, 0.3547340002114652,0,1,27.8,0.0,1
1646,1776087170.9746509,1.6588179996688268, 0.3108099999735714,0,0,27.8,0.0,1
1647,1776087171.0075116,0.04127400006836979, 0.28081200071028434,0,0,27.8,0.0,1
1648,1776087171.032887,0.04813499981537461, 0.3776120001930394,0,0,27.8,0.0,1
1649,1776087171.0621517,0.04410800011100946, 0.34381499972369056,0,0,27.8,0.0,1
1650,1776087171.092005,0.04299500051274663, 0.34303700067539467,0,0,27.8,0.0,1
1651,1776087171.1216998,0.043477999497554265, 0.3576740000426071,0,0,27.8,0.0,1
1652,1776087171.1511989,0.0458249996881932, 0.3313429997433559,0,0,27.8,0.0,1
1653,1776087171.1810877,0.04531499962467933, 0.346867000189377,0,0,27.8,0.0,1
1654,1776087171.2111402,0.05096299992146669, 0.3747179998754291,0,0,27.8,0.0,1
1655,1776087171.2403612,0.04620700019586366, 0.33287199948972557,0,0,27.8,0.0,1
1656,1776087171.2704883,0.0500919995829463, 0.3784629998335731,0,0,27.8,0.0,1
1657,1776087171.2999492,0.043542000639718026, 0.33797500054788543,0,0,27.8,0.0,1
1658,1776087171.3301241,0.04742199962493032, 0.3869559996019234,0,0,27.8,0.0,1
1659,1776087171.3595645,0.049141000090457965, 0.369221000255493,0,0,27.8,0.0,1
1660,1776087171.3890784,0.04196900044917129, 0.34353499995631864,0,0,27.8,0.0,1
1661,1776087171.4188626,0.04381599956104765, 0.34133099961763946,0,0,27.8,0.0,1
1662,1776087171.4489794,0.048441999751958065, 0.37517700002354104,0,0,27.8,0.0,1
1663,1776087171.4784355,0.04917800015391549, 0.37184600023465464,0,0,27.8,0.0,1
1664,1776087171.5083733,0.05015599981561536, 0.38271599987638183,0,0,27.8,0.0,1
1665,1776087171.5379796,0.048023000090324786, 0.3915130000677891,0,0,27.8,0.0,1
1666,1776087171.5672646,0.04191100015304983, 0.33974199959629914,0,0,27.8,0.0,1
1667,1776087171.596933,0.04368499958218308, 0.3319060006106156,0,0,27.8,0.0,1
1668,1776087171.6268547,0.04100299975107191, 0.3507310002532904,0,0,27.8,0.0,1
1669,1776087171.6562805,0.04250800066074589, 0.33950299985008314,0,0,27.8,0.0,1
1670,1776087171.6861594,0.04406999960337998, 0.3391779991943622,0,0,27.8,0.0,1
1671,1776087171.7162194,0.04741100019600708, 0.3812519998973585,0,0,27.8,0.0,1
1672,1776087171.745764,0.045572999624710064, 0.3489780001473264,0,0,27.8,0.0,1
1673,1776087171.7753263,0.045218000195745844, 0.33498100037832046,0,0,27.8,0.0,1
1674,1776087171.8050365,0.042979999307135586, 0.33035900014510844,0,0,27.8,0.0,1
1675,1776087171.8348575,0.042784000470419414, 0.33393499961675843,0,0,27.8,0.0,1
1676,1776087171.8647516,0.06146800023998367, 0.3516950000630459,0,0,27.8,0.0,1
1676,1776087171.926843,32.81804399921384, 0.32813699999678647,9,2,27.8,0.0,0
1677,1776087171.9433703,14.80233100028272, 0.22160699973028386,10,0,27.8,0.0,0
1678,1776087171.9756439,20.735722000608803, 0.24136899992299732,10,2,27.8,0.0,0
1679,1776087171.997338,15.050437999889255, 0.2307169997948222,13,2,27.8,0.0,0
1680,1776087172.2932243,21.53414900021744, 258.6629690003974,12,1,27.8,0.0,0
1682,1776087172.296198,0.1824409991968423, 0.2814110002873349,0,1,27.8,0.0,1
1683,1776087172.30967,0.21160200049052946, 0.37158900067879586,0,1,27.8,0.0,1
1684,1776087172.3412778,1.6666589999658754, 0.3366010005265707,0,1,27.8,0.0,1
1685,1776087172.3741302,0.1669429993853555, 0.2636620001794654,0,0,27.8,0.0,1
1686,1776087172.399197,0.044751000132237095, 0.3382199993211543,0,0,27.8,0.0,1
1687,1776087172.4290295,0.0437380003859289, 0.3394269997443189,0,0,27.8,0.0,1
1688,1776087172.458882,0.04468199949769769, 0.34282999968127115,0,0,27.8,0.0,1
1689,1776087172.4886549,0.04529599937086459, 0.3614349998315447,0,0,27.8,0.0,1
1690,1776087172.5181348,0.044765999518858735, 0.3362340003150166,0,0,27.8,0.0,1
1691,1776087172.5483127,0.04626800000551157, 0.40977099979500053,0,0,27.8,0.0,1
1692,1776087172.5778546,0.04743799945572391, 0.3449810001256992,0,0,27.8,0.0,1
1693,1776087172.6072068,0.04597099996317411, 0.33365599938406376,0,0,27.8,0.0,1
1694,1776087172.6374438,0.048612999307806604, 0.3811070000665495,0,0,27.8,0.0,1
1695,1776087172.667212,0.049654000576992985, 0.3760370000236435,0,0,27.8,0.0,1
1696,1776087172.6970038,0.04672299928643042, 0.3856799994537141,0,0,27.8,0.0,1
1697,1776087172.7262526,0.04357900070317555, 0.34500799938541604,0,0,27.8,0.0,1
1698,1776087172.7562351,0.048259000323014334, 0.37331500061554834,0,0,27.8,0.0,1
1699,1776087172.7857802,0.04286700004740851, 0.3465390000201296,0,0,27.8,0.0,1
1700,1776087172.8153443,0.04453599922271678, 0.33111500033555785,0,0,27.8,0.0,1
1701,1776087172.8454876,0.04890400032309117, 0.3652929999589105,0,0,27.8,0.0,1
1702,1776087172.875269,0.05013700047129532, 0.37448999955813633,0,0,27.8,0.0,1
1703,1776087172.9043112,0.04581399934977526, 0.3406020005058963,0,0,27.8,0.0,1
1704,1776087172.9341724,0.04273900049156509, 0.33876800080179237,0,0,27.8,0.0,1
1705,1776087172.9642644,0.04943699968862347, 0.375512000573508,0,0,27.8,0.0,1
1706,1776087172.9940994,0.05065599998488324, 0.37799799974891357,0,0,27.8,0.0,1
1707,1776087173.0229678,0.042281999412807636, 0.3578119994926965,0,0,27.8,0.0,1
1708,1776087173.0535336,0.04981799975212198, 0.39501900027971715,0,0,27.8,0.0,1
1709,1776087173.0831501,0.04871399960393319, 0.3754700001081801,0,0,27.8,0.0,1
1710,1776087173.112737,0.06783599928894546, 0.34004400004050694,0,0,27.8,0.0,1
1711,1776087173.142181,0.04454200006875908, 0.34153900014644023,0,0,27.8,0.0,1
1712,1776087173.1722956,0.04785700002685189, 0.37401699955808,0,0,27.8,0.0,1
1713,1776087173.2021117,0.05204699937166879, 0.38162799955898663,0,0,27.8,0.0,1
1714,1776087173.231234,0.04484900000534253, 0.33979900035774335,0,0,27.8,0.0,1
1715,1776087173.2615108,0.05091200000606477, 0.37743399934697663,0,0,27.8,0.0,1
1715,1776087173.30878,18.04944500054262, 0.20145100006629946,11,2,27.8,0.0,0
1716,1776087173.3676014,23.312252000323497, 0.29721600003540516,9,0,27.8,0.0,0
1717,1776087173.3871956,17.7822859996013, 0.2117080002790317,4,2,27.8,0.0,0
1718,1776087173.4009457,12.0285809998677, 0.21021599968662485,6,2,27.8,0.0,0
1719,1776087173.6817112,14.447786000346241, 258.0671679997977,8,2,27.8,0.0,0
1721,1776087173.685315,0.2526819998820429, 0.2993770003740792,0,2,27.8,0.0,1
1722,1776087173.7074568,0.3044969998882152, 0.37648200031981105,0,2,27.8,0.0,1
1723,1776087173.7368088,0.30073499965510564, 0.3392429998712032,0,2,27.8,0.0,1
1724,1776087173.768843,1.8783370005621691, 0.3391069994904683,0,0,27.8,0.0,1
1725,1776087173.800558,0.03927899979316862, 0.27126100030727684,0,0,27.8,0.0,1
1726,1776087173.826136,0.05106000025989488, 0.3837320000457112,0,0,27.8,0.0,1
1727,1776087173.8556848,0.04368199915916193, 0.36020799961988814,0,0,27.8,0.0,1
1728,1776087173.885157,0.04520800030149985, 0.3365479997228249,0,0,27.8,0.0,1
1729,1776087173.9152436,0.04820800040761242, 0.3757579997909488,0,0,27.8,0.0,1
1730,1776087173.9449654,0.05037800019636052, 0.3823079996436718,0,0,27.8,0.0,1
1731,1776087173.9744952,0.04673200055549387, 0.3734419997272198,0,0,27.8,0.0,1
1732,1776087174.0045056,0.05257100019662175, 0.37986199913575547,0,0,27.8,0.0,1
1733,1776087174.0338078,0.04674499996326631, 0.3462900003796676,0,0,27.8,0.0,1
1734,1776087174.0636547,0.04452799930731999, 0.36212299983162666,0,0,27.8,0.0,1
1735,1776087174.0933626,0.04626900044968352, 0.3759660003197496,0,0,27.8,0.0,1
1736,1776087174.1230378,0.0460579994978616, 0.3419559998292243,0,0,27.8,0.0,1
1737,1776087174.152946,0.04974999956175452, 0.384701000257337,0,0,27.8,0.0,1
1738,1776087174.1821873,0.045107000005373266, 0.33951299974432914,0,0,27.8,0.0,1
1739,1776087174.2119775,0.041135999708785675, 0.3465489999143756,0,0,27.8,0.0,1
1740,1776087174.241803,0.046486999963235576, 0.3424719998292858,0,0,27.8,0.0,1
1741,1776087174.2712812,0.04587599960359512, 0.3325549996588961,0,0,27.8,0.0,1
1742,1776087174.3011112,0.04685099975176854, 0.3408070006116759,0,0,27.8,0.0,1
1743,1776087174.3308427,0.05274599971016869, 0.3983509996032808,0,0,27.8,0.0,1
1744,1776087174.3611288,0.04976400032319361, 0.4099409998161718,0,0,27.8,0.0,1
1745,1776087174.3901293,0.044041000364813954, 0.342557999829296,0,0,27.8,0.0,1
1746,1776087174.4199834,0.0453669999842532, 0.3442619999987073,0,0,27.8,0.0,1
1747,1776087174.4502304,0.04832800004805904, 0.3829549996225978,0,0,27.8,0.0,1
1748,1776087174.479599,0.04589499985740986, 0.36800999987463,0,0,27.8,0.0,1
1749,1776087174.5091062,0.04380300015327521, 0.3415450000829878,0,0,27.8,0.0,1
1750,1776087174.5389607,0.04453200017451309, 0.35639100042317295,0,0,27.8,0.0,1
1751,1776087174.5689275,0.048983999477059115, 0.3836739997495897,0,0,27.8,0.0,1
1752,1776087174.5981593,0.04457499926502351, 0.3424320002523018,0,0,27.8,0.0,1
1753,1776087174.627945,0.04347499998402782, 0.33590500061109196,0,0,27.8,0.0,1
1754,1776087174.6577773,0.04922100015392061, 0.35568000021157786,0,0,27.8,0.0,1
1754,1776087174.717534,30.578725999475864, 0.2932859997599735,5,2,27.8,0.0,0
1755,1776087174.7751987,22.698482999658154, 0.2834820006683003,7,0,27.8,0.0,0
1756,1776087174.797653,18.734926999968593, 0.2025379999395227,1,1,27.8,0.0,0
1757,1776087174.8280656,19.9634580003476, 0.225205999413447,3,2,27.8,0.0,0
1758,1776087175.1370468,21.53562800049258, 261.4849129995491,5,1,27.8,0.0,0
1760,1776087175.140806,0.2148020003005513, 0.3051820003747707,0,1,27.8,0.0,1
1761,1776087175.1630836,0.21648299934895476, 0.3371089997017407,0,1,27.8,0.0,1
1762,1776087175.1942286,1.8530689994804561, 0.3689209997901344,0,1,27.8,0.0,1
1763,1776087175.2265213,0.17310699968220433, 0.274525999884645,0,0,27.8,0.0,1
1764,1776087175.251454,0.045075999878463335, 0.38258499989751726,0,0,27.8,0.0,1
1765,1776087175.2817602,0.06324500009213807, 0.3787299992836779,0,0,27.8,0.0,1
1766,1776087175.3110304,0.05160000000614673, 0.4311500006224378,0,0,27.8,0.0,1
1767,1776087175.3406744,0.043388000449340325, 0.3764749999390915,0,0,27.8,0.0,1
1768,1776087175.3704896,0.04426599934959086, 0.3792710003835964,0,0,27.8,0.0,1
1769,1776087175.4001937,0.04526599968812661, 0.3917139993063756,0,0,27.8,0.0,1
1770,1776087175.430048,0.05308900017553242, 0.40142400030163117,0,0,27.8,0.0,1
1771,1776087175.459562,0.04840600013267249, 0.43884199931198964,0,0,27.8,0.0,1
1772,1776087175.4892302,0.044408999201550614, 0.3855990007650689,0,0,27.8,0.0,1
1773,1776087175.5193899,0.05610800053545972, 0.431580000622489,0,0,27.8,0.0,1
1774,1776087175.5487685,0.0469900005555246, 0.4308379993744893,0,0,27.8,0.0,1
1775,1776087175.5784335,0.05313299971021479, 0.4433700005392893,0,0,27.8,0.0,1
1776,1776087175.608487,0.0490809998154873, 0.3812569993897341,0,0,27.8,0.0,1
1777,1776087175.6378086,0.041290999433840625, 0.34648499968170654,0,0,27.8,0.0,1
1778,1776087175.6676354,0.0475390006613452, 0.39992399979382753,0,0,27.8,0.0,1
1779,1776087175.6975768,0.056927000514406245, 0.3903879996869364,0,0,27.8,0.0,1
1780,1776087175.7271163,0.04389300011098385, 0.3722729998116847,0,0,27.8,0.0,1
1781,1776087175.7566552,0.04729200009023771, 0.4100539999853936,0,0,27.8,0.0,1
1782,1776087175.7865543,0.04701999932876788, 0.3950399996028864,0,0,27.8,0.0,1
1783,1776087175.8166401,0.05663800038746558, 0.39219899917952716,0,0,27.8,0.0,1
1784,1776087175.845795,0.04469699979381403, 0.34942099955515005,0,0,27.8,0.0,1
1785,1776087175.8764968,0.048255999899993185, 0.39445800030080136,0,0,27.8,0.0,1
1786,1776087175.9058187,0.0435840001955512, 0.3399280003577587,0,0,27.8,0.0,1
1787,1776087175.9353302,0.047339000047941227, 0.3571800007193815,0,0,27.8,0.0,1
1788,1776087175.965118,0.042536000364634674, 0.3383660005056299,0,0,27.8,0.0,1
1789,1776087175.9954445,0.051605999942694325, 0.4113280001547537,0,0,27.8,0.0,1
1790,1776087176.0247235,0.05860800047230441, 0.34820300061255693,0,0,27.8,0.0,1
1791,1776087176.054924,0.04756699945573928, 0.38283599951682845,0,0,27.8,0.0,1
1792,1776087176.0840013,0.04550399989966536, 0.34692700046434766,0,0,27.8,0.0,1
1793,1776087176.1136658,0.04934899970976403, 0.4158360006840667,0,0,27.8,0.0,1
1793,1776087176.1619248,18.470607999915956, 0.22490900028060423,14,2,27.8,0.0,0
1794,1776087176.1962569,21.445141000185686, 0.2862349992938107,19,0,27.8,0.0,0
1795,1776087176.2240036,20.19895000012184, 0.22724500013282523,15,2,27.8,0.0,0
1796,1776087176.2523804,19.338048999998136, 0.23755300026095938,14,2,27.8,0.0,0
1797,1776087176.5447218,20.36643500014179, 261.81995699971594,16,1,27.8,0.0,0
1799,1776087176.5476835,0.19852300010825275, 0.2823349996106117,0,1,27.8,0.0,1
1800,1776087176.5588965,0.24076200043054996, 0.33084400001826,0,1,27.8,0.0,1
1801,1776087176.5894074,0.24689699966984335, 0.39765299970895285,0,1,27.8,0.0,1
1802,1776087176.6201677,1.8288769997525378, 0.3528690003804513,0,0,27.8,0.0,1
1803,1776087176.6531172,0.03799500063905725, 0.2753080007096287,0,0,27.8,0.0,1
1804,1776087176.6777802,0.04190099934930913, 0.34383299953333335,0,0,27.8,0.0,1
1805,1776087176.707519,0.0467589998152107, 0.3711599993039272,0,0,27.8,0.0,1
1806,1776087176.737307,0.046011000449652784, 0.38044500070100185,0,0,27.8,0.0,1
1807,1776087176.7672465,0.04912999975204002, 0.402192999899853,0,0,27.8,0.0,1
1808,1776087176.7971783,0.04005899972980842, 0.35030399976676563,0,0,27.8,0.0,1
1809,1776087176.826987,0.045094000597600825, 0.3438849998929072,0,0,27.8,0.0,1
1810,1776087176.8571682,0.048196000534517225, 0.377399000171863,0,0,27.8,0.0,1
1811,1776087176.8866072,0.04453900055523263, 0.3574269994714996,0,0,27.8,0.0,1
1812,1776087176.916033,0.04552000063995365, 0.34110399974451866,0,0,27.8,0.0,1
1813,1776087176.946153,0.046101000407361425, 0.3750380001292797,0,0,27.8,0.0,1
1814,1776087176.9753227,0.046518000090145506, 0.33648000044195214,0,0,27.8,0.0,1
1815,1776087177.0052533,0.04317599996284116, 0.34303900065424386,0,0,27.8,0.0,1
1816,1776087177.0349836,0.04457599970919546, 0.3453150002314942,0,0,27.8,0.0,1
1817,1776087177.0650268,0.051609000365715474, 0.3799739997703,0,0,27.8,0.0,1
1818,1776087177.094243,0.04430399985722033, 0.3431979994275025,0,0,27.8,0.0,1
1819,1776087177.1244075,0.04849199922318803, 0.40605899994261563,0,0,27.8,0.0,1
1820,1776087177.1539218,0.04276300023775548, 0.3416170002310537,0,0,27.8,0.0,1
1821,1776087177.183669,0.04557800002658041, 0.3591699996832176,0,0,27.8,0.0,1
1822,1776087177.2136245,0.048335999963455833, 0.3615690002334304,0,0,27.8,0.0,1
1823,1776087177.2434502,0.04791900028067175, 0.3792340003201389,0,0,27.8,0.0,1
1824,1776087177.2726943,0.04307300059736008, 0.37006300044595264,0,0,27.8,0.0,1
1825,1776087177.3022358,0.04356599947641371, 0.34017600046354346,0,0,27.8,0.0,1
1826,1776087177.3318942,0.04634299966710387, 0.32997400012391154,0,0,27.8,0.0,1
1827,1776087177.361966,0.05080199935036944, 0.37634000000252854,0,0,27.8,0.0,1
1828,1776087177.3909016,0.03966999975091312, 0.3411780007809284,0,0,27.8,0.0,1
1829,1776087177.420781,0.0443579992861487, 0.347802999385749,0,0,27.8,0.0,1
1830,1776087177.4508514,0.045214999772724696, 0.35901299997931346,0,0,27.8,0.0,1
1831,1776087177.480615,0.04377900040708482, 0.3690530002131709,0,0,27.8,0.0,1
1832,1776087177.509808,0.04205799996270798, 0.343713999427564,0,0,27.8,0.0,1
1832,1776087177.5574896,17.989236999710556, 0.23691400019743014,6,2,27.8,0.0,0
1833,1776087177.5933113,22.2084030001497, 0.232344000323792,10,0,27.8,0.0,0
1834,1776087177.6205835,20.307236000007833, 0.22306699975160882,13,2,27.8,0.0,0
1835,1776087177.6477165,18.880857000112883, 0.2363359999435488,15,2,27.8,0.0,0
1836,1776087177.9364748,20.21429900014482, 257.80541699987225,12,1,27.8,0.0,0
1838,1776087177.9400978,0.20197899993945612, 0.3019859996129526,0,1,27.8,0.0,1
1839,1776087177.9562554,0.21048300004622433, 0.33843500023067463,0,1,27.8,0.0,1
1840,1776087177.986876,1.6227369997068308, 0.3037269998458214,0,1,27.8,0.0,1
1841,1776087178.020553,0.17701300021144561, 0.26761000026453985,0,0,27.8,0.0,1
1842,1776087178.0450695,0.04302599973016186, 0.338697999723081,0,0,27.8,0.0,1
1843,1776087178.0744343,0.045312000111152884, 0.3847979996862705,0,0,27.8,0.0,1
1844,1776087178.1042097,0.04351799998403294, 0.38133299949549837,0,0,27.8,0.0,1
1845,1776087178.1338465,0.04501799958234187, 0.3640220002125716,0,0,27.8,0.0,1
1846,1776087178.1637046,0.0417970004491508, 0.37694999991799705,0,0,27.8,0.0,1
1847,1776087178.1933978,0.04684699979407014, 0.4141350000281818,0,0,27.8,0.0,1
1848,1776087178.2237601,0.06142900019767694, 0.3545399995346088,0,0,27.8,0.0,1
1849,1776087178.2531374,0.0454380005976418, 0.3375369997229427,0,0,27.8,0.0,1
1850,1776087178.2832985,0.04932999945594929, 0.37555000017164275,0,0,27.8,0.0,1
1851,1776087178.3128402,0.04212300063954899, 0.3423959997235215,0,0,27.8,0.0,1
1852,1776087178.3422637,0.04431500019563828, 0.33577700014575385,0,0,27.8,0.0,1
1853,1776087178.3721642,0.0461429999631946, 0.3369269998074742,0,0,27.8,0.0,1
1854,1776087178.401981,0.044520000301417895, 0.33781500042096013,0,0,27.8,0.0,1
1855,1776087178.4317596,0.04323900066083297, 0.34838999999919906,0,0,27.8,0.0,1
1856,1776087178.4611616,0.042938000660797115, 0.3349409998918418,0,0,27.8,0.0,1
1857,1776087178.4913247,0.05027800034440588, 0.37580099979095394,0,0,27.8,0.0,1
1858,1776087178.5211427,0.04751699998450931, 0.38380200021492783,0,0,27.8,0.0,1
1859,1776087178.5507243,0.05978899935144, 0.34429500010446645,0,0,27.8,0.0,1
1860,1776087178.5800302,0.04302399975131266, 0.33186900054715807,0,0,27.8,0.0,1
1861,1776087178.6099372,0.04313000044930959, 0.34291900010430254,0,0,27.8,0.0,1
1862,1776087178.6401134,0.047341000026790425, 0.38031500025681453,0,0,27.8,0.0,1
1863,1776087178.669182,0.045419999878504314, 0.34227900050609605,0,0,27.8,0.0,1
1864,1776087178.699095,0.046905999624868855, 0.35879400002158945,0,0,27.8,0.0,1
1865,1776087178.7290764,0.044411000089894515, 0.3441009994276101,0,0,27.8,0.0,1
1866,1776087178.758283,0.04588800038618501, 0.33120799980679294,0,0,27.8,0.0,1
1867,1776087178.7881362,0.044022000110999215, 0.3377759994691587,0,0,27.8,0.0,1
1868,1776087178.8178873,0.043324000216671266, 0.34813000002031913,0,0,27.8,0.0,1
1869,1776087178.8477566,0.045480000153474975, 0.34572900040075183,0,0,27.8,0.0,1
1870,1776087178.877471,0.0452129997938755, 0.38306500027829316,0,0,27.8,0.0,1
1871,1776087178.907064,0.043635000110953115, 0.34204799976578215,0,0,27.8,0.0,1
1871,1776087178.9659002,29.307104000508843, 0.22154199996293755,6,2,27.8,0.0,0
1872,1776087178.983503,15.810525999768288, 0.2143199999409262,5,0,27.8,0.0,0
1873,1776087179.0168676,20.800801999939722, 0.21817300057591638,4,2,27.8,0.0,0
1874,1776087179.0465038,20.12718700007099, 0.2450599995427183,4,2,27.8,0.0,0
1875,1776087179.3349044,19.782593999480014, 259.66379799956485,4,1,27.8,0.0,0
1877,1776087179.3386652,0.21110299985593883, 0.2200130002165679,0,1,27.8,0.0,1
1878,1776087179.353018,0.20978600059606833, 0.3490330000204267,0,1,27.8,0.0,1
1879,1776087179.3824263,0.22065999928599922, 0.34063400016748346,0,1,27.8,0.0,1
1880,1776087179.413405,1.5906349999568192, 0.33599000016693026,0,0,27.8,0.0,1
1881,1776087179.4461827,0.0372260001313407, 0.2772940006252611,0,0,27.8,0.0,1
1882,1776087179.4711337,0.04787699981534388, 0.3916570003639208,0,0,27.8,0.0,1
1883,1776087179.5009913,0.04942899977322668, 0.41714000053616473,0,0,27.8,0.0,1
1884,1776087179.5309515,0.048674999561626464, 0.38041700008761836,0,0,27.8,0.0,1
1885,1776087179.561187,0.053031999414088205, 0.38316599966492504,0,0,27.8,0.0,1
1886,1776087179.5902739,0.04312700002628844, 0.33939400054805446,0,0,27.8,0.0,1
1887,1776087179.6203136,0.04561200057651149, 0.37614000029861927,0,0,27.8,0.0,1
1888,1776087179.6499374,0.04622100004780805, 0.3403050004635588,0,0,27.8,0.0,1
1889,1776087179.6800342,0.05023199992137961, 0.37925600008748006,0,0,27.8,0.0,1
1890,1776087179.7091868,0.045187000068835914, 0.3406450005059014,0,0,27.8,0.0,1
1891,1776087179.7392669,0.0473019999844837, 0.3825650001090253,0,0,27.8,0.0,1
1892,1776087179.7688386,0.0442020000264165, 0.33882200023072073,0,0,27.8,0.0,1
1893,1776087179.7986171,0.052026000048499554, 0.35671899968292564,0,0,27.8,0.0,1
1894,1776087179.8285418,0.04981199981557438, 0.36792999981116736,0,0,27.8,0.0,1
1895,1776087179.8574564,0.045958999180584215, 0.38788300025771605,0,0,27.8,0.0,1
1896,1776087179.8874946,0.04682600047090091, 0.37457300004462013,0,0,27.8,0.0,1
1897,1776087179.9174418,0.05223300013312837, 0.40496699966752203,0,0,27.8,0.0,1
1898,1776087179.9469762,0.041152999983751215, 0.3469580005912576,0,0,27.8,0.0,1
1899,1776087179.9768262,0.04553700000542449, 0.3403150003578048,0,0,27.8,0.0,1
1900,1776087180.0067942,0.04670799989980878, 0.3498209998724633,0,0,27.8,0.0,1
1901,1776087180.036475,0.04947700017510215, 0.37258999964251416,0,0,27.8,0.0,1
1902,1776087180.0662527,0.051436000831017736, 0.38344599943229696,0,0,27.8,0.0,1
1903,1776087180.0959816,0.05158399926585844, 0.4075150000062422,0,0,27.8,0.0,1
1904,1776087180.1248214,0.044144999264972284, 0.3466890002528089,0,0,27.8,0.0,1
1905,1776087180.1545832,0.04235400047036819, 0.3617309994297102,0,0,27.8,0.0,1
1906,1776087180.1842566,0.04683899987867335, 0.38519600002473453,0,0,27.8,0.0,1
1907,1776087180.2141564,0.04930600061925361, 0.41779500043048756,0,0,27.8,0.0,1
1908,1776087180.2444024,0.048736999815446325, 0.37884799985477,0,0,27.8,0.0,1
1909,1776087180.2739165,0.04431099932844518, 0.3384809997442062,0,0,27.8,0.0,1
1910,1776087180.3032706,0.05202099964662921, 0.4299219999666093,0,0,27.8,0.0,1
1910,1776087180.3632572,30.54649600017001, 0.2517630000511417,6,2,27.8,0.0,0
1911,1776087180.379547,14.56264500029647, 0.22720500055584125,4,0,27.8,0.0,0
1912,1776087180.4148986,21.61827099916991, 0.22437000006902963,4,2,27.8,0.0,0
1913,1776087180.4415624,18.915336000645766, 0.24437299998680828,6,2,27.8,0.0,0
1914,1776087180.7299564,19.202449999284, 259.8364309997123,6,2,27.8,0.0,0
1916,1776087180.7339876,0.2445860000079847, 0.1775050004653167,0,2,27.8,0.0,1
1917,1776087180.7494037,0.2740810004979721, 0.33531300050526625,0,1,27.8,0.0,1
1918,1776087180.7810075,1.7805990000852034, 0.32903000010264805,0,1,27.8,0.0,1
1919,1776087180.8135946,0.17441599993617274, 0.2729839998210082,0,0,27.8,0.0,1
1920,1776087180.8386562,0.04815600004803855, 0.36611799987440463,0,0,27.8,0.0,1
1921,1776087180.8681045,0.0455210001746309, 0.3392189992155181,0,0,27.8,0.0,1
1922,1776087180.8979275,0.048318000153813045, 0.3445389993430581,0,0,27.8,0.0,1
1923,1776087180.927684,0.045794000470777974, 0.36559199998009717,0,0,27.8,0.0,1
1924,1776087180.9572349,0.04578100015351083, 0.329574000716093,0,0,27.8,0.0,1
1925,1776087180.9875863,0.049199999921256676, 0.38869999934831867,0,0,27.8,0.0,1
1926,1776087181.0168495,0.04673900002671871, 0.3465409999989788,0,0,27.8,0.0,1
1927,1776087181.04677,0.04593299945554463, 0.3440099999352242,0,0,27.8,0.0,1
1928,1776087181.0764706,0.0486149992866558, 0.3831089998129755,0,0,27.8,0.0,1
1929,1776087181.106218,0.050088000534742605, 0.3782900002988754,0,0,27.8,0.0,1
1930,1776087181.1358073,0.048068000069179107, 0.3403959999559447,0,0,27.8,0.0,1
1931,1776087181.16555,0.04666400036512641, 0.3757439999390044,0,0,27.8,0.0,1
1932,1776087181.1949887,0.04162799996265676, 0.3446139999141451,0,0,27.8,0.0,1
1933,1776087181.224864,0.04685400017478969, 0.3464700002950849,0,0,27.8,0.0,1
1934,1776087181.2549875,0.04950499987899093, 0.3780469996854663,0,0,27.8,0.0,1
1935,1776087181.2841213,0.04289799926482374, 0.34497800061217276,0,0,27.8,0.0,1
1936,1776087181.314307,0.04971999987901654, 0.3748420003830688,0,0,27.8,0.0,1
1937,1776087181.3440523,0.05217000034463126, 0.38234400017245207,0,0,27.8,0.0,1
1938,1776087181.3735735,0.048595999942335766, 0.36105499930272344,0,0,27.8,0.0,1
1939,1776087181.4030223,0.041557999793440104, 0.35216400010540383,0,0,27.8,0.0,1
1940,1776087181.4328232,0.04418199932842981, 0.3420789998926921,0,0,27.8,0.0,1
1941,1776087181.4628873,0.04633899970940547, 0.33868099944811547,0,0,27.8,0.0,1
1942,1776087181.4921813,0.046318000386236235, 0.3359709999131155,0,0,27.8,0.0,1
1943,1776087181.5222952,0.04668000019592, 0.37479599996004254,0,0,27.8,0.0,1
1944,1776087181.5517237,0.06004499937262153, 0.3477199998087599,0,0,27.8,0.0,1
1945,1776087181.5816119,0.04227299996273359, 0.3645530005087494,0,0,27.8,0.0,1
1946,1776087181.6114888,0.048053999307740014, 0.38416099960159045,0,0,27.8,0.0,1
1947,1776087181.6409085,0.04597099996317411, 0.3375950000190642,0,0,27.8,0.0,1
1948,1776087181.6706727,0.046473000111291185, 0.36175600052956725,0,0,27.8,0.0,1
1949,1776087181.7001584,0.045404000047710724, 0.3428979998716386,0,0,27.8,0.0,1
1949,1776087181.7613792,31.32303399979719, 0.2264240001750295,2,2,27.8,0.0,0
1950,1776087181.8164496,23.622751000402786, 0.24696200034668436,4,0,27.8,0.0,0
1951,1776087181.8346565,16.37194900013128, 0.22496399924420984,2,2,27.8,0.0,0
1952,1776087181.8484445,12.015352000162238, 0.2518860001146095,0,2,27.8,0.0,0
1953,1776087182.1209955,11.699226000018825, 257.15781600047194,0,2,27.8,0.0,0
1955,1776087182.1241038,0.23436999981640838, 0.29046700001345016,0,2,27.8,0.0,1
1956,1776087182.146267,0.27789100022346247, 0.35657300031743944,0,0,27.8,0.0,1
1957,1776087182.1757898,0.04282700047042454, 0.3485229999569128,0,0,27.8,0.0,1
1958,1776087182.206675,1.5116639997359016, 0.3035589998034993,0,0,27.8,0.0,1
1959,1776087182.23919,0.03515900061756838, 0.2647480005180114,0,0,27.8,0.0,1
1960,1776087182.2653246,0.04638599966710899, 0.45838000005460344,0,0,27.8,0.0,1
1961,1776087182.2948635,0.05099500049254857, 0.38710700027877465,0,0,27.8,0.0,1
1962,1776087182.3242068,0.04240199996274896, 0.34391999997751554,0,0,27.8,0.0,1
1963,1776087182.3542557,0.04389300011098385, 0.49940299959416734,0,0,27.8,0.0,1
1964,1776087182.384305,0.09830300041357987, 0.4707379994215444,0,0,27.8,0.0,1
1965,1776087182.4138715,0.05977100045129191, 0.4252680000718101,0,0,27.8,0.0,1
1966,1776087182.4437184,0.10490099975868361, 0.46354499954759376,0,0,27.8,0.0,1
1967,1776087182.4735441,0.04733600053441478, 0.5095480000818498,0,0,27.8,0.0,1
1968,1776087182.5032792,0.04463999994186452, 0.5103929997858359,0,0,27.8,0.0,1
1969,1776087182.532535,0.04369500038592378, 0.440953999714111,0,0,27.8,0.0,1
1970,1776087182.5621767,0.04044799970870372, 0.41527400026097894,0,0,27.8,0.0,1
1971,1776087182.5918968,0.038174000110302586, 0.41360100021847757,0,0,27.8,0.0,1
1972,1776087182.6212888,0.04363000061857747, 0.42384300013509346,0,0,27.8,0.0,1
1973,1776087182.6506395,0.04258500030118739, 0.3753179998966516,0,0,27.8,0.0,1
1974,1776087182.680427,0.04668099973059725, 0.4056590005347971,0,0,27.8,0.0,1
1975,1776087182.712302,0.047032000111357775, 0.2727669998421334,0,0,27.8,0.0,1
1976,1776087182.739644,0.02284299989696592, 0.22112500028015347,0,0,27.8,0.0,1
1977,1776087182.7684414,0.028150999241915997, 0.22371399973053485,0,0,27.8,0.0,1
1978,1776087182.797722,0.023513999622082338, 0.18783599989546929,0,0,27.8,0.0,1
1979,1776087182.8284025,0.03830500008916715, 0.31166600001597544,0,0,27.8,0.0,1
1980,1776087182.8580935,0.03303699941170635, 0.2721820001170272,0,0,27.8,0.0,1
1981,1776087182.887677,0.03250200006732484, 0.25874800030578626,0,0,27.8,0.0,1
1982,1776087182.9197311,0.10703099997044774, 0.4787110001416295,0,0,27.8,0.0,1
1983,1776087182.9484088,0.10863600073207635, 0.42984799983969424,0,0,27.8,0.0,1
1984,1776087182.9783337,0.04411200006870786, 0.514200999532477,0,0,27.8,0.0,1
1985,1776087183.007284,0.0455210001746309, 0.39012599972920725,0,0,27.8,0.0,1
1986,1776087183.0371802,0.05069599956186721, 0.4163020003034035,0,0,27.8,0.0,1
1987,1776087183.0666792,0.04221900053380523, 0.40486999932909384,0,0,27.8,0.0,1
1988,1776087183.0964825,0.047202000132529065, 0.45159700039221207,0,0,27.8,0.0,1
1988,1776087183.1584,31.48552299990115, 0.23034599962556968,13,2,27.8,0.0,0
1989,1776087183.1749132,14.46117400064395, 0.20684200080722803,14,0,27.8,0.0,0
1990,1776087183.2102027,21.393385000010312, 0.21260700032144086,13,2,27.8,0.0,0
1991,1776087183.2414584,21.16490100070223, 0.22308400002657436,16,2,27.8,0.0,0
1992,1776087183.5258343,18.31854400006705, 258.66896099978476,16,2,27.8,0.0,0
1994,1776087183.5307121,0.3443159994276357, 0.38006199974915944,0,2,27.8,0.0,1
1995,1776087183.5423725,0.3087479999521747, 0.4353909998826566,0,2,27.8,0.0,1
1996,1776087183.5742247,2.0981670004402986, 0.3632730004028417,0,2,27.8,0.0,1
1997,1776087183.607488,0.23043700002745027, 0.3247280001232866,0,0,27.8,0.0,1
1998,1776087183.631923,0.04342699958215235, 0.4247960005159257,0,0,27.8,0.0,1
1999,1776087183.6616092,0.04104900017409818, 0.4262100001142244,0,0,27.8,0.0,1
2000,1776087183.6915815,0.046240000301622786, 0.5242650004220195,0,0,27.8,0.0,1
2001,1776087183.7211459,0.04214300042804098, 0.4713830003311159,0,0,27.8,0.0,1
2002,1776087183.7509105,0.041168000279867556, 0.47589400037395535,0,0,27.8,0.0,1
2003,1776087183.7803028,0.040923000597103965, 0.41605200021876954,0,0,27.8,0.0,1
2004,1776087183.8099794,0.042625999412848614, 0.35364599989407,0,0,27.8,0.0,1
2005,1776087183.839776,0.07284399998752633, 0.3690029998324462,0,0,27.8,0.0,1
2006,1776087183.8699915,0.04325499958213186, 0.48006999986682786,0,0,27.8,0.0,1
2007,1776087183.8992922,0.1035129998854245, 0.4271710004104534,0,0,27.8,0.0,1
2008,1776087183.9296026,0.04830800025956705, 0.5073980000815936,0,0,27.8,0.0,1
2009,1776087183.9589343,0.09872400005406234, 0.43109800026286393,0,0,27.8,0.0,1
2010,1776087183.9883022,0.0431180005762144, 0.33081499987019924,0,0,27.8,0.0,1
2011,1776087184.017689,0.04228899979352718, 0.37847200019314187,0,0,27.8,0.0,1
2012,1776087184.0475187,0.05040100040787365, 0.36744999943039147,0,0,27.8,0.0,1
2013,1776087184.077145,0.04591800006892299, 0.396559999899182,0,0,27.8,0.0,1
2014,1776087184.1068766,0.04570799956127303, 0.3688749993671081,0,0,27.8,0.0,1
2015,1776087184.1372132,0.0429599995186436, 0.5002269999749842,0,0,27.8,0.0,1
2016,1776087184.1668608,0.04233700019540265, 0.43027799983974546,0,0,27.8,0.0,1
2017,1776087184.1966498,0.04573200021695811, 0.48846600020624464,0,0,27.8,0.0,1
2018,1776087184.226141,0.0969299999269424, 0.41266100015491247,0,0,27.8,0.0,1
2019,1776087184.256063,0.04112900023756083, 0.47793999965506373,0,0,27.8,0.0,1
2020,1776087184.2854428,0.0970149994827807, 0.430239999332116,0,0,27.8,0.0,1
2021,1776087184.315712,0.08179900032700971, 0.43440100034786155,0,0,27.8,0.0,1
2022,1776087184.3450673,0.042257000131940003, 0.4112570004508598,0,0,27.8,0.0,1
2023,1776087184.3748288,0.03872899924317608, 0.4142419993513613,0,0,27.8,0.0,1
2024,1776087184.404332,0.03880700023728423, 0.407513000027393,0,0,27.8,0.0,1
2025,1776087184.4343433,0.042519000089669134, 0.4921139998259605,0,0,27.8,0.0,1
2026,1776087184.4639819,0.040703000195208006, 0.41202600004908163,0,0,27.8,0.0,1
2027,1776087184.493322,0.09166900053969584, 0.35318400023243157,0,0,27.8,0.0,1
2027,1776087184.552376,29.387453000708774, 0.2523339999243035,5,2,27.8,0.0,0
2028,1776087184.5686224,13.54598200032342, 0.21239600027911365,9,0,27.8,0.0,0
2029,1776087184.6032243,20.452206000300066, 0.24364699947909685,8,2,27.8,0.0,0
2030,1776087184.6308682,18.303470999853744, 0.2459919996908866,14,2,27.8,0.0,0
2031,1776087184.922681,18.548383000052127, 262.9439070005901,13,2,27.8,0.0,0
2033,1776087184.927073,0.27985999986412935, 0.3675360003398964,0,2,27.8,0.0,1
2034,1776087184.939063,0.36782000006496673, 0.39386200023727724,0,2,27.8,0.0,1
2035,1776087184.9693341,0.3154120004182914, 0.4160819999015075,0,2,27.8,0.0,1
2036,1776087185.0016317,2.3515820003012777, 0.41527200028212974,0,0,27.8,0.0,1
2037,1776087185.0322227,0.035633000152301975, 0.26778400024340954,0,0,27.8,0.0,1
2038,1776087185.057487,0.04794000051333569, 0.3751720005311654,0,0,27.8,0.0,1
2039,1776087185.087366,0.050439999540685676, 0.4318249993957579,0,0,27.8,0.0,1
2040,1776087185.1175103,0.04809399979421869, 0.3690310004458297,0,0,27.8,0.0,1
2041,1776087185.1472359,0.045927999963168986, 0.35404099980951287,0,0,27.8,0.0,1
2042,1776087185.1769226,0.04645100034395, 0.34414299989293795,0,0,27.8,0.0,1
2043,1776087185.2067118,0.06398599998647114, 0.34150499959650915,0,0,27.8,0.0,1
2044,1776087185.2362244,0.047139999878709204, 0.3371069997228915,0,0,27.8,0.0,1
2045,1776087185.2661028,0.044843000068794936, 0.3443470004640403,0,0,27.8,0.0,1
2046,1776087185.2960799,0.05014500038669212, 0.3750000005311449,0,0,27.8,0.0,1
2047,1776087185.325689,0.042885999391728546, 0.35990600008517504,0,0,27.8,0.0,1
2048,1776087185.3554683,0.04821499987883726, 0.3955369993491331,0,0,27.8,0.0,1
2049,1776087185.3850813,0.044239000089874025, 0.3414720004002447,0,0,27.8,0.0,1
2050,1776087185.4147449,0.06079699960537255, 0.3494459997455124,0,0,27.8,0.0,1
2051,1776087185.4442565,0.043451000237837434, 0.33389899999747286,0,0,27.8,0.0,1
2052,1776087185.4740002,0.04458600051293615, 0.34091100042132894,0,0,27.8,0.0,1
2053,1776087185.5042596,0.051451000217639375, 0.3842759997496614,0,0,27.8,0.0,1
2054,1776087185.5337026,0.04368400004750583, 0.36160600029688794,0,0,27.8,0.0,1
2055,1776087185.562801,0.042982999730156735, 0.3529720006554271,0,0,27.8,0.0,1
2056,1776087185.5924377,0.04615299985744059, 0.3735780001079547,0,0,27.8,0.0,1
2057,1776087185.6222286,0.047420000555575825, 0.38301599943224574,0,0,27.8,0.0,1
2058,1776087185.6517472,0.061235999964992516, 0.34003800010395935,0,0,27.8,0.0,1
2059,1776087185.6817968,0.06555199979629833, 0.3916400000889553,0,0,27.8,0.0,1
2060,1776087185.7114577,0.04654300028050784, 0.39153200032160385,0,0,27.8,0.0,1
2061,1776087185.7415035,0.0489370004288503, 0.4017239998574951,0,0,27.8,0.0,1
2062,1776087185.7712052,0.04739999985758914, 0.3833780001514242,0,0,27.8,0.0,1
2063,1776087185.800493,0.044826999328506645, 0.3743129991562455,0,0,27.8,0.0,1
2064,1776087185.8307085,0.04674899992096471, 0.3716279998116079,0,0,27.8,0.0,1
2065,1776087185.860115,0.05028400028095348, 0.41189700004906626,0,0,27.8,0.0,1
2066,1776087185.889628,0.06177300019771792, 0.41082499956246465,0,0,27.8,0.0,1
2066,1776087185.9505212,31.315051000092353, 0.30903200058673974,5,2,27.8,0.0,0
2067,1776087185.9672248,14.97911399928853, 0.2141659997505485,6,0,27.8,0.0,0
2068,1776087186.0025601,21.266640000249026, 0.24108399975375505,6,2,27.8,0.0,0
2069,1776087186.0281339,18.174947000261454, 0.21850700068171136,3,2,27.8,0.0,0
2070,1776087186.3158066,18.739801000265288, 259.9551570001495,7,2,27.8,0.0,0
2072,1776087186.3193986,0.25198699950124137, 0.3117480000582873,0,2,27.8,0.0,1
2073,1776087186.3361602,0.2770390001387568, 0.3336569998282357,0,1,27.8,0.0,1
2074,1776087186.3676977,1.836136999372684, 0.3260180001234403,0,1,27.8,0.0,1
2075,1776087186.3993876,0.16797699936432764, 0.26466600047569955,0,0,27.8,0.0,1
2076,1776087186.4245296,0.04438199994183378, 0.37103399972693296,0,0,27.8,0.0,1
2077,1776087186.454523,0.04899600025964901, 0.35670299985213205,0,0,27.8,0.0,1
2078,1776087186.484309,0.049248000323132146, 0.36534199989546323,0,0,27.8,0.0,1
2079,1776087186.5140955,0.052008000238856766, 0.4024720001325477,0,0,27.8,0.0,1
2080,1776087186.5438898,0.05305899958329974, 0.3980029996455414,0,0,27.8,0.0,1
2081,1776087186.5732,0.04767199970956426, 0.4158729998380295,0,0,27.8,0.0,1
2082,1776087186.6028924,0.04266799987817649, 0.3493250005703885,0,0,27.8,0.0,1
2083,1776087186.6327715,0.0688520003677695, 0.3656250000858563,0,0,27.8,0.0,1
2084,1776087186.662591,0.04972599981556414, 0.38451799991889857,0,0,27.8,0.0,1
2085,1776087186.6917696,0.0450550005552941, 0.34135500027332455,0,0,27.8,0.0,1
2086,1776087186.7215915,0.04953099960403051, 0.43174500024178997,0,0,27.8,0.0,1
2087,1776087186.7514884,0.05478200000652578, 0.45669800056202803,0,0,27.8,0.0,1
2088,1776087186.7812126,0.04537699987849919, 0.3880730000673793,0,0,27.8,0.0,1
2089,1776087186.8108315,0.043370999264880084, 0.3473569995549042,0,0,27.8,0.0,1
2090,1776087186.8405006,0.04687000000558328, 0.3784440004892531,0,0,27.8,0.0,1
2091,1776087186.870544,0.04913800057693152, 0.389791000088735,0,0,27.8,0.0,1
2092,1776087186.8998036,0.04308100051275687, 0.34159599999838974,0,0,27.8,0.0,1
2093,1776087186.929707,0.04522500057646539, 0.42268200013495516,0,0,27.8,0.0,1
2094,1776087186.9593337,0.0450549996457994, 0.3741830005310476,0,0,27.8,0.0,1
2095,1776087186.98902,0.047761000132595655, 0.3890510006385739,0,0,27.8,0.0,1
2096,1776087187.0191298,0.04445500053407159, 0.33676600014587166,0,0,27.8,0.0,1
2097,1776087187.0488281,0.04741300017485628, 0.3791230001297663,0,0,27.8,0.0,1
2098,1776087187.0784638,0.049062000471167266, 0.3697060001286445,0,0,27.8,0.0,1
2099,1776087187.1078663,0.04368999998405343, 0.3453489998719306,0,0,27.8,0.0,1
2100,1776087187.137613,0.0419509997300338, 0.3688449996843701,0,0,27.8,0.0,1
2101,1776087187.1672478,0.04526799966697581, 0.39725200076645706,0,0,27.8,0.0,1
2102,1776087187.197483,0.04841900044993963, 0.3861859995595296,0,0,27.8,0.0,1
2103,1776087187.2272422,0.05054600023868261, 0.38562999998248415,0,0,27.8,0.0,1
2104,1776087187.2571833,0.050906999604194425, 0.40431300021737115,0,0,27.8,0.0,1
2105,1776087187.2865827,0.05958299971098313, 0.4098529998373124,0,0,27.8,0.0,1
2105,1776087187.3462346,30.013694999979634, 0.28552100047818385,7,2,27.8,0.0,0
2106,1776087187.3862448,21.474218000548717, 0.22267000076681143,7,0,27.8,0.0,0
2107,1776087187.40272,14.793876999647182, 0.2083770004901453,7,2,27.8,0.0,0
2108,1776087187.4201682,13.120276999870839, 0.22091400023782626,8,2,27.8,0.0,0
2109,1776087187.7128131,20.076443000107247, 258.74123300036445,11,1,27.8,0.0,0
2111,1776087187.7180734,0.28148700039309915, 0.38174199926288566,0,1,27.8,0.0,1
2112,1776087187.7327898,0.24016599945753114, 0.343331000294711,0,1,27.8,0.0,1
2113,1776087187.7618477,0.23173600038717268, 0.35557800038077403,0,1,27.8,0.0,1
2114,1776087187.79319,1.8900810000559432, 0.36007600010634633,0,0,27.8,0.0,1
2115,1776087187.8255944,0.0363730005119578, 0.27336200037098024,0,0,27.8,0.0,1
2116,1776087187.851194,0.045015000068815425, 0.3449000005275593,0,0,27.8,0.0,1
2117,1776087187.8812788,0.04626600002666237, 0.3840549998130882,0,0,27.8,0.0,1
2118,1776087187.910851,0.04393499966681702, 0.34090699955413584,0,0,27.8,0.0,1
2119,1776087187.9403112,0.04341899966675555, 0.33996299953287235,0,0,27.8,0.0,1
2120,1776087187.9703698,0.0483049998365459, 0.3871689996230998,0,0,27.8,0.0,1
2121,1776087187.9999487,0.04584700036502909, 0.3498309997667093,0,0,27.8,0.0,1
2122,1776087188.029776,0.04538200028036954, 0.3393750002942397,0,0,27.8,0.0,1
2123,1776087188.0594726,0.05263799994281726, 0.3701900004671188,0,0,27.8,0.0,1
2124,1776087188.089422,0.04804399941349402, 0.3829509996648994,0,0,27.8,0.0,1
2125,1776087188.1192396,0.05001599947718205, 0.38655999924230855,0,0,27.8,0.0,1
2126,1776087188.1482632,0.04322600034356583, 0.33566199999768287,0,0,27.8,0.0,1
2127,1776087188.1785285,0.049897999815584626, 0.37552800040430157,0,0,27.8,0.0,1
2128,1776087188.2079322,0.044579000132216606, 0.3455060004853294,0,0,27.8,0.0,1
2129,1776087188.2377393,0.05730599968956085, 0.3481439998722635,0,0,27.8,0.0,1
2130,1776087188.2672698,0.04362900017440552, 0.33995299963862635,0,0,27.8,0.0,1
2131,1776087188.297341,0.049108999519376084, 0.36411899964150507,0,0,27.8,0.0,1
2132,1776087188.327261,0.05053799941379111, 0.381213999389729,0,0,27.8,0.0,1
2133,1776087188.356238,0.043397999434091616, 0.34950600002048304,0,0,27.8,0.0,1
2134,1776087188.3861818,0.0424899999416084, 0.34274500012543285,0,0,27.8,0.0,1
2135,1776087188.4160223,0.04554499992082128, 0.34838999999919906,0,0,27.8,0.0,1
2136,1776087188.4461293,0.04550900030153571, 0.38011899960110895,0,0,27.8,0.0,1
2137,1776087188.4750705,0.046829999519104604, 0.34625400076038204,0,0,27.8,0.0,1
2138,1776087188.5050018,0.04425999941304326, 0.34094199963874416,0,0,27.8,0.0,1
2139,1776087188.5347335,0.04416800038598012, 0.3904289997080923,0,0,27.8,0.0,1
2140,1776087188.5643227,0.050270999963686336, 0.36456199995882344,0,0,27.8,0.0,1
2141,1776087188.5937326,0.06407199998648139, 0.35526800002116943,0,0,27.8,0.0,1
2142,1776087188.6234522,0.04673900002671871, 0.39496400040661683,0,0,27.8,0.0,1
2143,1776087188.65347,0.053154999477555975, 0.4100840005776263,0,0,27.8,0.0,1
2144,1776087188.6828785,0.04291400000511203, 0.3485020006337436,0,0,27.8,0.0,1
2144,1776087188.7441218,31.43323699987377, 0.25307899977633497,11,2,27.8,0.0,0
2145,1776087188.7611296,15.29077800023515, 0.2030849991569994,13,0,27.8,0.0,0
2146,1776087188.7938643,20.64410700040753, 0.21888300034333952,14,2,27.8,0.0,0
2147,1776087188.8214915,18.934407999950054, 0.22474700017482974,18,2,27.8,0.0,0
2148,1776087189.109331,19.922571000279277, 257.6342880001903,15,2,27.8,0.0,0
2150,1776087189.113376,0.2754010001808638, 0.22765900030208286,0,2,27.8,0.0,1
2151,1776087189.1291847,0.27351799963071244, 0.33892800001922296,0,1,27.8,0.0,1
2152,1776087189.1609607,1.9317050000609015, 0.3226850003557047,0,1,27.8,0.0,1
2153,1776087189.1930525,0.1655729993217392, 0.26396700013719965,0,0,27.8,0.0,1
2154,1776087189.218377,0.046408999878622126, 0.3809419995377539,0,0,27.8,0.0,1
2155,1776087189.2479823,0.04472999989957316, 0.34517000040068524,0,0,27.8,0.0,1
2156,1776087189.2778013,0.044747999709215946, 0.3409709997868049,0,0,27.8,0.0,1
2157,1776087189.3071163,0.04244499996275408, 0.33655500010354444,0,0,27.8,0.0,1
2158,1776087189.3365471,0.04963500032317825, 0.37705500017182203,0,0,27.8,0.0,1
2159,1776087189.3669298,0.051557999540818855, 0.40175200047087856,0,0,27.8,0.0,1
2160,1776087189.3960452,0.04585900023812428, 0.3857889996652375,0,0,27.8,0.0,1
2161,1776087189.4255972,0.04842399994231528, 0.35980899974674685,0,0,27.8,0.0,1
2162,1776087189.4553342,0.044997999793849885, 0.37160699957894394,0,0,27.8,0.0,1
2163,1776087189.485308,0.04623800032277359, 0.40483199973095907,0,0,27.8,0.0,1
2164,1776087189.5149515,0.04106199958187062, 0.34591399980854476,0,0,27.8,0.0,1
2165,1776087189.54479,0.07354699937422993, 0.39753999953973107,0,0,27.8,0.0,1
2166,1776087189.5747144,0.059268000768497586, 0.3469180001047789,0,0,27.8,0.0,1
2167,1776087189.6045077,0.04817700028070249, 0.3764339999179356,0,0,27.8,0.0,1
2168,1776087189.6337209,0.04064699987793574, 0.37790400074300123,0,0,27.8,0.0,1
2169,1776087189.663456,0.050734999604173936, 0.439179999375483,0,0,27.8,0.0,1
2170,1776087189.6933904,0.055885999245219864, 0.43995699979859637,0,0,27.8,0.0,1
2171,1776087189.7227366,0.06394899992301362, 0.3429589996812865,0,0,27.8,0.0,1
2172,1776087189.7526417,0.04314099987823283, 0.3758689999813214,0,0,27.8,0.0,1
2173,1776087189.7826457,0.04430299941304838, 0.37515100029850146,0,0,27.8,0.0,1
2174,1776087189.812543,0.05307300034473883, 0.3545539993865532,0,0,27.8,0.0,1
2175,1776087189.8416805,0.04228099987813039, 0.3757619997486472,0,0,27.8,0.0,1
2176,1776087189.8715446,0.053510999350692146, 0.3973459997723694,0,0,27.8,0.0,1
2177,1776087189.9016027,0.04969999918102985, 0.3932390000045416,0,0,27.8,0.0,1
2178,1776087189.9308217,0.04386100044939667, 0.34637800035852706,0,0,27.8,0.0,1
2179,1776087189.9608364,0.044706000153382774, 0.3420650000407477,0,0,27.8,0.0,1
2180,1776087189.9910548,0.05229499947745353, 0.4044229999635718,0,0,27.8,0.0,1
2181,1776087190.020064,0.04231000002619112, 0.35226599993620766,0,0,27.8,0.0,1
2182,1776087190.0496716,0.04089799949724693, 0.3706459992827149,0,0,27.8,0.0,1
2183,1776087190.0796008,0.051144000281055924, 0.39408900011039805,0,0,27.8,0.0,1
2183,1776087190.1366575,27.046576000429923, 0.22903599983692402,8,2,27.8,0.0,0
2184,1776087190.1545098,13.204556999880879, 0.2606150001156493,8,0,27.8,0.0,0
2185,1776087190.18837,19.86321999993379, 0.23418499949912075,10,2,27.8,0.0,0
2186,1776087190.2181818,19.503223999890906, 0.22938500023883535,13,2,27.8,0.0,0
2187,1776087190.5084124,17.63340599973162, 262.4970790002408,17,1,27.8,0.0,0
2189,1776087190.5128686,0.23540500023955246, 0.37212799998087576,0,1,27.8,0.0,1
2190,1776087190.525604,0.3071470000577392, 0.4136360003030859,0,1,27.8,0.0,1
2191,1776087190.5559587,0.3174379999109078, 0.41979999969044,0,0,27.8,0.0,1
2192,1776087190.587537,2.110617000653292, 0.4417370000737719,0,0,27.8,0.0,1
2193,1776087190.619991,0.033629999961704016, 0.2755370005615987,0,0,27.8,0.0,1
2194,1776087190.6444476,0.041139000131806824, 0.48706799952924484,0,0,27.8,0.0,1
2195,1776087190.6746423,0.10678999933588784, 0.446005000412697,0,0,27.8,0.0,1
2196,1776087190.704113,0.10162299986404832, 0.41321600019728066,0,0,27.8,0.0,1
2197,1776087190.734381,0.049313000090478454, 0.4915180006719311,0,0,27.8,0.0,1
2198,1776087190.7637577,0.10683699929359136, 0.4211770001347759,0,0,27.8,0.0,1
2199,1776087190.7936733,0.10060699969471898, 0.4337190002843272,0,0,27.8,0.0,1
2200,1776087190.823425,0.09961199975805357, 0.4524790001596557,0,0,27.8,0.0,1
2201,1776087190.8532672,0.04432700006873347, 0.5135240007803077,0,0,27.8,0.0,1
2202,1776087190.88247,0.04542799979390111, 0.4668989995479933,0,0,27.8,0.0,1
2203,1776087190.9121237,0.09860600039246492, 0.42853500053752214,0,0,27.8,0.0,1
2204,1776087190.9420214,0.04230400008964352, 0.4736040000352659,0,0,27.8,0.0,1
2205,1776087190.9713159,0.09710900030768244, 0.41006900028150994,0,0,27.8,0.0,1
2206,1776087191.0016563,0.10408100024505984, 0.42001000019809,0,0,27.8,0.0,1
2207,1776087191.0310068,0.04198500027996488, 0.42424999992363155,0,0,27.8,0.0,1
2208,1776087191.0609045,0.041588999920350034, 0.4679160001614946,0,0,27.8,0.0,1
2209,1776087191.0902362,0.041078000322158914, 0.417559000197798,0,0,27.8,0.0,1
2210,1776087191.120492,0.04834599985770183, 0.49385799957235577,0,0,27.8,0.0,1
2211,1776087191.1498468,0.04167499992036028, 0.417320000451582,0,0,27.8,0.0,1
2212,1776087191.1794064,0.09778200001164805, 0.4391430002215202,0,0,27.8,0.0,1
2213,1776087191.2096004,0.04379299934953451, 0.4645410008379258,0,0,27.8,0.0,1
2214,1776087191.239014,0.0447470001745387, 0.4258480003045406,0,0,27.8,0.0,1
2215,1776087191.2688534,0.054521000492968597, 0.4740449994642404,0,0,27.8,0.0,1
2216,1776087191.298697,0.11233099940000102, 0.4293989995858283,0,0,27.8,0.0,1
2217,1776087191.3285172,0.11456999982328853, 0.4332070002419641,0,0,27.8,0.0,1
2218,1776087191.3582265,0.04721300047094701, 0.511283000378171,0,0,27.8,0.0,1
2219,1776087191.3877754,0.09390600007463945, 0.41050499930861406,0,0,27.8,0.0,1
2220,1776087191.4172115,0.0866880000103265, 0.3795590000663651,0,0,27.8,0.0,1
2221,1776087191.4471118,0.0401659999624826, 0.4576999999699183,0,0,27.8,0.0,1
2222,1776087191.476492,0.09841800056165084, 0.4102300008526072,0,0,27.8,0.0,1
2222,1776087191.5362291,30.29186700041464, 0.24125199979607714,10,2,27.8,0.0,0
2223,1776087191.5886214,22.510007999699155, 0.22629300019616494,16,0,27.8,0.0,0
2224,1776087191.6129746,17.867329000182508, 0.2225420003014733,12,2,27.8,0.0,0
2225,1776087191.643406,19.023613999706868, 0.24493000000802567,19,2,27.8,0.0,0
2226,1776087191.9349718,19.623448999482207, 260.6659540006149,16,1,27.8,0.0,0
2228,1776087191.9391673,0.22749300023860997, 0.3687840007842169,0,1,27.8,0.0,1
2229,1776087191.9521651,0.32907700006035157, 0.41918500028259587,0,1,27.8,0.0,1
2230,1776087191.983953,1.7814969996834407, 0.2263329997731489,0,1,27.8,0.0,1
2231,1776087192.0155306,0.16293399949063314, 0.2622500005600159,0,0,27.8,0.0,1
2232,1776087192.0410736,0.04346900004748022, 0.3404019998924923,0,0,27.8,0.0,1
2233,1776087192.070844,0.041850999878079165, 0.34389399934298126,0,0,27.8,0.0,1
2234,1776087192.1007206,0.060895000387972686, 0.3469560006124084,0,0,27.8,0.0,1
2235,1776087192.1301608,0.04414799968799343, 0.3426510002100258,0,0,27.8,0.0,1
2236,1776087192.1603146,0.04984299994248431, 0.3716669998539146,0,0,27.8,0.0,1
2237,1776087192.1897852,0.04375200023787329, 0.3417799998715054,0,0,27.8,0.0,1
2238,1776087192.219326,0.04338999951869482, 0.3289090000180295,0,0,27.8,0.0,1
2239,1776087192.2490337,0.04430499939189758, 0.3406919995541102,0,0,27.8,0.0,1
2240,1776087192.279245,0.04736700066132471, 0.38671400034218095,0,0,27.8,0.0,1
2241,1776087192.308785,0.04529800025920849, 0.35382599980948726,0,0,27.8,0.0,1
2242,1776087192.33821,0.04489599996304605, 0.3435870003158925,0,0,27.8,0.0,1
2243,1776087192.36799,0.043278000703139696, 0.34075299936375814,0,0,27.8,0.0,1
2244,1776087192.3978631,0.04587800049193902, 0.34272700031579006,0,0,27.8,0.0,1
2245,1776087192.427302,0.0425689995608991, 0.3382679997230298,0,0,27.8,0.0,1
2246,1776087192.457096,0.04157499915891094, 0.3442050001467578,0,0,27.8,0.0,1
2247,1776087192.486858,0.0426460001108353, 0.3487349995339173,0,0,27.8,0.0,1
2248,1776087192.5167322,0.06371400013449602, 0.34336699991399655,0,0,27.8,0.0,1
2249,1776087192.5462098,0.04376600008981768, 0.3414169996176497,0,0,27.8,0.0,1
2250,1776087192.5760183,0.04615199941326864, 0.3448489997026627,0,0,27.8,0.0,1
2251,1776087192.6060631,0.04852699930779636, 0.40327799979422707,0,0,27.8,0.0,1
2252,1776087192.635884,0.04885700036538765, 0.38203599979169667,0,0,27.8,0.0,1
2253,1776087192.6650453,0.04489399998419685, 0.34263999987160787,0,0,27.8,0.0,1
2254,1776087192.6952546,0.04753400025947485, 0.3779139997277525,0,0,27.8,0.0,1
2255,1776087192.7248657,0.043370999264880084, 0.34285399942746153,0,0,27.8,0.0,1
2256,1776087192.754173,0.046428000132436864, 0.339793999955873,0,0,27.8,0.0,1
2257,1776087192.7839913,0.04360799994174158, 0.33709400031511905,0,0,27.8,0.0,1
2258,1776087192.8138587,0.04415700004756218, 0.3441839999140939,0,0,27.8,0.0,1
2259,1776087192.8433967,0.04477800030144863, 0.3432080002312432,0,0,27.8,0.0,1
2260,1776087192.8731866,0.04274399998394074, 0.34263999987160787,0,0,27.8,0.0,1
2261,1776087192.903135,0.05128799966769293, 0.381573000595381,0,0,27.8,0.0,1
2261,1776087192.9630065,30.447111999819754, 0.2487739993739524,16,2,27.8,0.0,0
2262,1776087192.9797199,14.864683999803674, 0.3410159997656592,21,0,27.8,0.0,0
2263,1776087193.013676,20.96462600002269, 0.2168279997931677,21,2,27.8,0.0,0
2264,1776087193.0426023,19.74854600030085, 0.22624500070378417,23,2,27.8,0.0,0
2265,1776087193.331422,21.458942999743158, 257.87595599922497,22,2,27.8,0.0,0
2267,1776087193.3351135,0.248930000452674, 0.30438799967669183,0,2,27.8,0.0,1
2268,1776087193.3489656,0.3001429995492799, 0.34010899980785325,0,2,27.8,0.0,1
2269,1776087193.3789265,0.2863489999072044, 0.34028699974442134,0,2,27.8,0.0,1
2270,1776087193.4099853,1.778341000317596, 0.3493770000204677,0,0,27.8,0.0,1
2271,1776087193.4420378,0.03649100017355522, 0.2608049999253126,0,0,27.8,0.0,1
2272,1776087193.468,0.05155100006959401, 0.37819200042576995,0,0,27.8,0.0,1
2273,1776087193.4971006,0.04209200051263906, 0.3408450002098107,0,0,27.8,0.0,1
2274,1776087193.5271773,0.043582000216702, 0.34543200035841437,0,0,27.8,0.0,1
2275,1776087193.5567684,0.04422700021677883, 0.3498309997667093,0,0,27.8,0.0,1
2276,1776087193.5862458,0.04354399970907252, 0.33853499917313457,0,0,27.8,0.0,1
2277,1776087193.6160097,0.045730000238108914, 0.34186599987151567,0,0,27.8,0.0,1
2278,1776087193.6458266,0.045262999265105464, 0.3518410003380268,0,0,27.8,0.0,1
2279,1776087193.6757154,0.045728999793936964, 0.3531439997459529,0,0,27.8,0.0,1
2280,1776087193.70512,0.045155999941925984, 0.3359969996381551,0,0,27.8,0.0,1
2281,1776087193.7349808,0.04364100004750071, 0.3458659994066693,0,0,27.8,0.0,1
2282,1776087193.7648244,0.04838299992115935, 0.33574499957467197,0,0,27.8,0.0,1
2283,1776087193.7941632,0.04525199983618222, 0.3329999999550637,0,0,27.8,0.0,1
2284,1776087193.8241005,0.04725700000562938, 0.3436460001466912,0,0,27.8,0.0,1
2285,1776087193.8539407,0.04558099954010686, 0.3431650002312381,0,0,27.8,0.0,1
2286,1776087193.8839302,0.05155200051376596, 0.37685099960071966,0,0,27.8,0.0,1
2287,1776087193.913383,0.05000999954063445, 0.3785519993471098,0,0,27.8,0.0,1
2288,1776087193.9429991,0.04451499989954755, 0.34229899938509334,0,0,27.8,0.0,1
2289,1776087193.9727862,0.0438090000898228, 0.34491700080252485,0,0,27.8,0.0,1
2290,1776087194.0026476,0.0446659996669041, 0.35879999995813705,0,0,27.8,0.0,1
2291,1776087194.0320256,0.0467630006824038, 0.34292700001969934,0,0,27.8,0.0,1
2292,1776087194.0619428,0.04474399975151755, 0.33509199965919834,0,0,27.8,0.0,1
2293,1776087194.0916421,0.05161199987924192, 0.35380799999984447,0,0,27.8,0.0,1
2294,1776087194.1212661,0.04553700000542449, 0.34428099934302736,0,0,27.8,0.0,1
2295,1776087194.1509438,0.04309700034355046, 0.34363400027359603,0,0,27.8,0.0,1
2296,1776087194.1811364,0.051840000196534675, 0.3785369999604882,0,0,27.8,0.0,1
2297,1776087194.2101357,0.0454399996669963, 0.3388420000192127,0,0,27.8,0.0,1
2298,1776087194.239775,0.047634999646106735, 0.3412789992580656,0,0,27.8,0.0,1
2299,1776087194.2696013,0.0628909992883564, 0.45613099973706994,0,0,27.8,0.0,1
2300,1776087194.299039,0.046119000217004213, 0.379619999876013,0,0,27.8,0.0,1
2300,1776087194.3472052,18.42103200033307, 0.21572900004684925,3,2,27.8,0.0,0
2301,1776087194.4054782,23.71528900039266, 0.26317699939681916,4,0,27.8,0.0,0
2302,1776087194.42423,16.945442000178446, 0.21027100046921987,4,2,27.8,0.0,0
2303,1776087194.437675,11.741593999431643, 0.22016200000507524,6,2,27.8,0.0,0
2304,1776087194.7237442,15.867286999309727, 260.7567819995893,5,2,27.8,0.0,0
2306,1776087194.7273166,0.249750999500975, 0.30041899935895344,0,2,27.8,0.0,1
2307,1776087194.7453067,0.28064400066796225, 0.3254869998272625,0,2,27.8,0.0,1
2308,1776087194.7766147,1.69287699918641, 0.3081820004808833,0,2,27.8,0.0,1
2309,1776087194.8097053,0.2241809997940436, 0.2715339996939292,0,0,27.8,0.0,1
2310,1776087194.8343203,0.04356099998403806, 0.3300870002931333,0,0,27.8,0.0,1
2311,1776087194.8647575,0.04497899954003515, 0.33613200048421277,0,0,27.8,0.0,1
2312,1776087194.8946476,0.04950200036546448, 0.5083730002297671,0,0,27.8,0.0,1
2313,1776087194.9242303,0.051393000831012614, 0.4996609995941981,0,0,27.8,0.0,1
2314,1776087194.9533944,0.04192200049146777, 0.4326899997977307,0,0,27.8,0.0,1
2315,1776087194.9826481,0.038299999687296804, 0.44864499977848027,0,0,27.8,0.0,1
2316,1776087195.013008,0.05099699956190307, 0.38220800070121186,0,0,27.8,0.0,1
2317,1776087195.042234,0.04346899913798552, 0.3353020001668483,0,0,27.8,0.0,1
2318,1776087195.072601,0.04711200017482042, 0.3636170004028827,0,0,27.8,0.0,1
2319,1776087195.1018922,0.04419900051289005, 0.3521940006976365,0,0,27.8,0.0,1
2320,1776087195.1316984,0.04554399947664933, 0.36071900012757396,0,0,27.8,0.0,1
2321,1776087195.1611497,0.04421799985721009, 0.34096599938493455,0,0,27.8,0.0,1
2322,1776087195.191369,0.05321099979482824, 0.40207800066127675,0,0,27.8,0.0,1
2323,1776087195.220993,0.049710999519447796, 0.38260900055320235,0,0,27.8,0.0,1
2324,1776087195.2500215,0.04114500006835442, 0.3534870002113166,0,0,27.8,0.0,1
2325,1776087195.2796116,0.05288899956212845, 0.39003100027912296,0,0,27.8,0.0,1
2326,1776087195.3095326,0.05290099943522364, 0.45744999988528434,0,0,27.8,0.0,1
2327,1776087195.3393695,0.06392399973265128, 0.44965400047658477,0,0,27.8,0.0,1
2328,1776087195.3687332,0.06170899996504886, 0.34791199959727237,0,0,27.8,0.0,1
2329,1776087195.3985047,0.051901000006182585, 0.4261249996488914,0,0,27.8,0.0,1
2330,1776087195.4281907,0.04691400044976035, 0.38944100015214644,0,0,27.8,0.0,1
2331,1776087195.4578764,0.04039800023747375, 0.34850899919547373,0,0,27.8,0.0,1
2332,1776087195.4875998,0.04859399996348657, 0.37397999949462246,0,0,27.8,0.0,1
2333,1776087195.5179102,0.046393000047828536, 0.36539300072035985,0,0,27.8,0.0,1
2334,1776087195.5476441,0.044259000787860714, 0.37033899934613146,0,0,27.8,0.0,1
2335,1776087195.5768285,0.04340899977250956, 0.3766310001083184,0,0,27.8,0.0,1
2336,1776087195.6065204,0.04976299987902166, 0.4238880001139478,0,0,27.8,0.0,1
2337,1776087195.636665,0.045822999709344, 0.3939749994970043,0,0,27.8,0.0,1
2338,1776087195.666346,0.05002000034437515, 0.36181899940856965,0,0,27.8,0.0,1
2339,1776087195.6959946,0.04833799994230503, 0.3722560004462139,0,0,27.8,0.0,1
2339,1776087195.7574809,31.98487100053171, 0.23678799971094122,7,2,27.8,0.0,0
2340,1776087195.7736607,14.503050999337574, 0.2068229996439186,6,0,27.8,0.0,0
2341,1776087195.8085253,21.025011999881826, 0.23873600002843887,5,2,27.8,0.0,0
2342,1776087195.8398087,20.935612999892328, 0.23748100011289353,3,2,27.8,0.0,0
2343,1776087196.1219728,18.090540999764926, 256.8137829994157,2,2,27.8,0.0,0
2345,1776087196.1262646,0.27563999992707977, 0.36562800050887745,0,2,27.8,0.0,1
2346,1776087196.1425476,0.3131159992335597, 0.4591410006469232,0,2,27.8,0.0,1
2347,1776087196.1721451,0.3780090000873315, 0.4228130001138197,0,1,27.8,0.0,1
2348,1776087196.203383,2.12203600040084, 0.37488299949473003,0,0,27.8,0.0,1
2349,1776087196.2360034,0.06840100013505435, 0.27428600060375175,0,0,27.8,0.0,1
2350,1776087196.260947,0.04183300006843638, 0.41295400023955153,0,0,27.8,0.0,1
2351,1776087196.290728,0.04066200017405208, 0.48611000056553166,0,0,27.8,0.0,1
2352,1776087196.3201907,0.03982700036431197, 0.43565099986153655,0,0,27.8,0.0,1
2353,1776087196.350414,0.05034599962527864, 0.5101709994050907,0,0,27.8,0.0,1
2354,1776087196.379903,0.09899099950416712, 0.4152790006628493,0,0,27.8,0.0,1
2355,1776087196.4096656,0.1070910002454184, 0.43139200079167495,0,0,27.8,0.0,1
2356,1776087196.4391212,0.10055199982161867, 0.41348299964738544,0,0,27.8,0.0,1
2357,1776087196.4692805,0.04721999994217185, 0.4887850000159233,0,0,27.8,0.0,1
2358,1776087196.498906,0.0414809992435039, 0.4616070000338368,0,0,27.8,0.0,1
2359,1776087196.5285802,0.04872899990004953, 0.42116399981750874,0,0,27.8,0.0,1
2360,1776087196.5584605,0.10495700007595588, 0.44384899956639856,0,0,27.8,0.0,1
2361,1776087196.5877893,0.05760099975304911, 0.4172369999650982,0,0,27.8,0.0,1
2362,1776087196.6172776,0.03958600063924678, 0.41954299922508653,0,0,27.8,0.0,1
2363,1776087196.6472437,0.10092999946209602, 0.4368919999251375,0,0,27.8,0.0,1
2364,1776087196.6770809,0.045150999540055636, 0.42439400021976326,0,0,27.8,0.0,1
2365,1776087196.7062814,0.04531500053417403, 0.42515599943726556,0,0,27.8,0.0,1
2366,1776087196.7363303,0.039663999814365525, 0.416816999859293,0,0,27.8,0.0,1
2367,1776087196.766008,0.059979000070597976, 0.4176230004304671,0,0,27.8,0.0,1
2368,1776087196.7960627,0.04132800040679285, 0.4511070001171902,0,0,27.8,0.0,1
2369,1776087196.8251944,0.03964000006817514, 0.4265730003680801,0,0,27.8,0.0,1
2370,1776087196.8551724,0.04038799943373306, 0.4168440000285045,0,0,27.8,0.0,1
2371,1776087196.8852646,0.04629099930753, 0.4946529998051119,0,0,27.8,0.0,1
2372,1776087196.9148085,0.13137299993104534, 0.41634799981693504,0,0,27.8,0.0,1
2373,1776087196.9441397,0.04229400019539753, 0.4243459998178878,0,0,27.8,0.0,1
2374,1776087196.9744732,0.04579699998430442, 0.43907899998885114,0,0,27.8,0.0,1
2375,1776087197.0043108,0.043709999772545416, 0.5082520001451485,0,0,27.8,0.0,1
2376,1776087197.0337784,0.04251399968779879, 0.4737489998660749,0,0,27.8,0.0,1
2377,1776087197.0621662,0.03690100038511446, 0.29128099959052633,0,0,27.8,0.0,1
2378,1776087197.0934615,0.045245999899634626, 0.48401300045952667,0,0,27.8,0.0,1
2378,1776087197.15333,30.883096000252408, 0.23063299977366114,3,2,27.8,0.0,0
2379,1776087197.1679432,12.920180000037362, 0.19902100029867142,3,0,27.8,0.0,0
2380,1776087197.2055159,22.226959000363422, 0.2256479992865934,4,2,27.8,0.0,0
2381,1776087197.2294827,17.845357000624062, 0.2328810005565174,5,2,27.8,0.0,0
2382,1776087197.5199409,21.16417100023682, 257.04057100028876,4,1,27.8,0.0,0
2384,1776087197.52302,0.19251400044595357, 0.30132099982438376,0,1,27.8,0.0,1
2385,1776087197.5379694,0.2555150003900053, 0.3776220000872854,0,1,27.8,0.0,1
2386,1776087197.569985,1.8411220007692464, 0.3414760003579431,0,1,27.8,0.0,1
2387,1776087197.601977,0.16783099999884143, 0.26103299933311064,0,0,27.8,0.0,1
2388,1776087197.6273093,0.04667099983635126, 0.3765700002986705,0,0,27.8,0.0,1
2389,1776087197.6569185,0.041401000089535955, 0.3472259995760396,0,0,27.8,0.0,1
2390,1776087197.686856,0.04457100021681981, 0.35392500012676464,0,0,27.8,0.0,1
2391,1776087197.7162395,0.048209999476966914, 0.37986200004525017,0,0,27.8,0.0,1
2392,1776087197.7461128,0.04775399975187611, 0.41209100072592264,0,0,27.8,0.0,1
2393,1776087197.7758393,0.07601300058013294, 0.4190320005363901,0,0,27.8,0.0,1
2394,1776087197.8059683,0.04367699966678629, 0.3377519997229683,0,0,27.8,0.0,1
2395,1776087197.8357446,0.06160100019769743, 0.3491849993224605,0,0,27.8,0.0,1
2396,1776087197.865209,0.04410899964568671, 0.3424380001888494,0,0,27.8,0.0,1
2397,1776087197.8950162,0.04764299956150353, 0.3449830001045484,0,0,27.8,0.0,1
2398,1776087197.9248278,0.045463999413186684, 0.34604999927978497,0,0,27.8,0.0,1
2399,1776087197.9551382,0.04844999966735486, 0.389601999813749,0,0,27.8,0.0,1
2400,1776087197.984469,0.04671399983635638, 0.3864250002152403,0,0,27.8,0.0,1
2401,1776087198.013584,0.04906999947706936, 0.3791610006373958,0,0,27.8,0.0,1
2402,1776087198.0435452,0.054009999985282775, 0.35038100031670183,0,0,27.8,0.0,1
2403,1776087198.0736597,0.05454300026030978, 0.3858379996017902,0,0,27.8,0.0,1
2404,1776087198.1033745,0.04858499960391782, 0.3962600003433181,0,0,27.8,0.0,1
2405,1776087198.133262,0.048939999942376744, 0.3756770001928089,0,0,27.8,0.0,1
2406,1776087198.162285,0.04233500021655345, 0.33086999974329956,0,0,27.8,0.0,1
2407,1776087198.1920106,0.04315900059737032, 0.33475800046289805,0,0,27.8,0.0,1
2408,1776087198.2219787,0.044922000597580336, 0.34421400050632656,0,0,27.8,0.0,1
2409,1776087198.2517817,0.04572399939206662, 0.3451610000411165,0,0,27.8,0.0,1
2410,1776087198.281302,0.042626999857020564, 0.33614399944781326,0,0,27.8,0.0,1
2411,1776087198.3110206,0.04362300023785792, 0.34501600021030754,0,0,27.8,0.0,1
2412,1776087198.3408124,0.04332800017436966, 0.34678300016821595,0,0,27.8,0.0,1
2413,1776087198.3706353,0.04269999953976367, 0.3657199995359406,0,0,27.8,0.0,1
2414,1776087198.400125,0.04313400040700799, 0.3366390001247055,0,0,27.8,0.0,1
2415,1776087198.4299054,0.04453100063983584, 0.3443870000410243,0,0,27.8,0.0,1
2416,1776087198.4597762,0.04576700030156644, 0.3431719997024629,0,0,27.8,0.0,1
2417,1776087198.48923,0.04409400025906507, 0.3440810005486128,0,0,27.8,0.0,1
2417,1776087198.548934,30.026202000044577, 0.2781929997581756,9,2,27.8,0.0,0
2418,1776087198.5657036,15.049275999444944, 0.197502999981225,8,0,27.8,0.0,0
2419,1776087198.6005824,21.353260000068985, 0.2151259996026056,6,2,27.8,0.0,0
2420,1776087198.6273906,18.964511999911338, 0.23469899952033302,6,2,27.8,0.0,0
2421,1776087198.9112945,18.477945000086038, 256.61952199970983,8,1,27.8,0.0,0
2423,1776087198.9145103,0.19374000021343818, 0.3171520002069883,0,1,27.8,0.0,1
2424,1776087198.9346778,0.22478400023828726, 0.3783490001296741,0,1,27.8,0.0,1
2425,1776087198.9647224,0.24069699975370895, 0.3581609998946078,0,1,27.8,0.0,1
2426,1776087198.995943,1.8917229999715346, 0.18566899962024763,0,0,27.8,0.0,1
2427,1776087199.0284662,0.03826099964499008, 0.27468500047689304,0,0,27.8,0.0,1
2428,1776087199.053424,0.0473829995826236, 0.3868929998134263,0,0,27.8,0.0,1
2429,1776087199.0834754,0.05580499964707997, 0.46295900028781034,0,0,27.8,0.0,1
2430,1776087199.1130006,0.047452000217163004, 0.38822100032120943,0,0,27.8,0.0,1
2431,1776087199.1428056,0.04991900004824856, 0.34434200006217,0,0,27.8,0.0,1
2432,1776087199.1724858,0.04963500032317825, 0.3752060001716018,0,0,27.8,0.0,1
2433,1776087199.2022514,0.051760999667749275, 0.4287370002202806,0,0,27.8,0.0,1
2434,1776087199.2322755,0.04840400015382329, 0.396464999539603,0,0,27.8,0.0,1
2435,1776087199.261398,0.046643999667139724, 0.3833170003417763,0,0,27.8,0.0,1
2436,1776087199.291536,0.05689000045094872, 0.4258939998180722,0,0,27.8,0.0,1
2437,1776087199.32076,0.04149000051256735, 0.34584700006234925,0,0,27.8,0.0,1
2438,1776087199.3508093,0.04809100028069224, 0.3776399998969282,0,0,27.8,0.0,1
2439,1776087199.380718,0.04639799954020418, 0.37762699957966106,0,0,27.8,0.0,1
2440,1776087199.4101975,0.04600400006893324, 0.41854400024021743,0,0,27.8,0.0,1
2441,1776087199.440062,0.04219999937049579, 0.3374069992787554,0,0,27.8,0.0,1
2442,1776087199.470341,0.04768999951920705, 0.3636250003182795,0,0,27.8,0.0,1
2443,1776087199.50007,0.05181399956200039, 0.37997100025677355,0,0,27.8,0.0,1
2444,1776087199.5291915,0.04357699981483165, 0.3444009998929687,0,0,27.8,0.0,1
2445,1776087199.559115,0.04395199994178256, 0.34293099997739773,0,0,27.8,0.0,1
2446,1776087199.5888693,0.04499400074564619, 0.34637599947018316,0,0,27.8,0.0,1
2447,1776087199.6186783,0.04351999996288214, 0.36534599985316163,0,0,27.8,0.0,1
2448,1776087199.648427,0.04797099973075092, 0.385797000490129,0,0,27.8,0.0,1
2449,1776087199.6779587,0.04542999977275031, 0.3393910001250333,0,0,27.8,0.0,1
2450,1776087199.7080688,0.05255900032352656, 0.37780299953737995,0,0,27.8,0.0,1
2451,1776087199.7372043,0.04302300021663541, 0.33579699993424583,0,0,27.8,0.0,1
2452,1776087199.7671065,0.04403399998409441, 0.34241499997733627,0,0,27.8,0.0,1
2453,1776087199.7970395,0.04271700072422391, 0.343389999216015,0,0,27.8,0.0,1
2454,1776087199.8270605,0.05139699987921631, 0.3821800000878284,0,0,27.8,0.0,1
2455,1776087199.856182,0.04505200013227295, 0.34113199944840744,0,0,27.8,0.0,1
2456,1776087199.885934,0.046397000005526934, 0.3433620004216209,0,0,27.8,0.0,1
2456,1776087199.9333408,18.225308999717527, 0.21572500008915085,10,2,27.8,0.0,0
2457,1776087199.9942784,23.297335000279418, 0.2313209997737431,11,0,27.8,0.0,0
2458,1776087200.0141003,18.098856000506203, 0.20941100046911743,11,2,27.8,0.0,0
2459,1776087200.0277565,11.78838500072743, 0.21396699958131649,10,2,27.8,0.0,0
2460,1776087200.304295,12.019171000247297, 259.53851399935957,9,1,27.8,0.0,0
2462,1776087200.3080373,0.19545300074241823, 0.3025940004590666,0,1,27.8,0.0,1
2463,1776087200.331906,0.230619999456394, 0.345989999914309,0,1,27.8,0.0,1
2464,1776087200.3633082,1.7314119995717192, 0.3206410001439508,0,1,27.8,0.0,1
2465,1776087200.39534,0.17018500057019992, 0.2568680001786561,0,0,27.8,0.0,1
2466,1776087200.4208734,0.04423600057634758, 0.34678500014706515,0,0,27.8,0.0,1
2467,1776087200.4508,0.045107000005373266, 0.34599699938553385,0,0,27.8,0.0,1
2468,1776087200.480244,0.04395599989948096, 0.3418930000407272,0,0,27.8,0.0,1
2469,1776087200.5099099,0.042781000047398265, 0.34360799963906175,0,0,27.8,0.0,1
2470,1776087200.5398283,0.04736899973067921, 0.34459700054867426,0,0,27.8,0.0,1
2471,1776087200.5692635,0.04377799996291287, 0.33759899997676257,0,0,27.8,0.0,1
2472,1776087200.5990522,0.042283999391656835, 0.3421989995331387,0,0,27.8,0.0,1
2473,1776087200.6288698,0.04314199941291008, 0.34924500050692586,0,0,27.8,0.0,1
2474,1776087200.658721,0.06099700021877652, 0.34899399997812,0,0,27.8,0.0,1
2475,1776087200.6881049,0.044488000639830716, 0.33834200075943954,0,0,27.8,0.0,1
2476,1776087200.7179909,0.045945000238134526, 0.34172399955423316,0,0,27.8,0.0,1
2477,1776087200.7480865,0.049453000428911764, 0.37796899960085284,0,0,27.8,0.0,1
2478,1776087200.7772965,0.04206500034342753, 0.3366640003150678,0,0,27.8,0.0,1
2479,1776087200.807111,0.044536000132211484, 0.3352940002514515,0,0,27.8,0.0,1
2480,1776087200.8369617,0.04744600028061541, 0.34071299978677416,0,0,27.8,0.0,1
2481,1776087200.866407,0.045183999645814765, 0.34764399970299564,0,0,27.8,0.0,1
2482,1776087200.8962555,0.0424980007664999, 0.3487029998723301,0,0,27.8,0.0,1
2483,1776087200.925962,0.046502999794029165, 0.3445669999564416,0,0,27.8,0.0,1
2484,1776087200.9559145,0.04268000066076638, 0.34292100008315174,0,0,27.8,0.0,1
2485,1776087200.985661,0.043959000322502106, 0.3708220001499285,0,0,27.8,0.0,1
2486,1776087201.0148966,0.04670100042858394, 0.36106299921812024,0,0,27.8,0.0,1
2487,1776087201.0444782,0.04623199947673129, 0.39071599985618377,0,0,27.8,0.0,1
2488,1776087201.074587,0.04859100044996012, 0.36764000014954945,0,0,27.8,0.0,1
2489,1776087201.1037345,0.06005199975334108, 0.353550999534491,0,0,27.8,0.0,1
2490,1776087201.133541,0.05198099916015053, 0.37365800017141737,0,0,27.8,0.0,1
2491,1776087201.163325,0.04818800061912043, 0.3775569994104444,0,0,27.8,0.0,1
2492,1776087201.1935148,0.0479970003652852, 0.39135200040618656,0,0,27.8,0.0,1
2493,1776087201.2226682,0.0432739998359466, 0.367353000001458,0,0,27.8,0.0,1
2494,1776087201.2526736,0.043603999984043185, 0.3604319999794825,0,0,27.8,0.0,1
2495,1776087201.2825582,0.052689999392896425, 0.380916000722209,0,0,27.8,0.0,1
2495,1776087201.330728,18.638186999851314, 0.23337400034506572,8,2,27.8,0.0,0
2496,1776087201.3657608,22.41000000049098, 0.2753259996097768,9,0,27.8,0.0,0
2497,1776087201.3918478,19.685395999658795, 0.2172110007450101,11,2,27.8,0.0,0
2498,1776087201.4213412,20.26222600034089, 0.21665100030077156,6,2,27.8,0.0,0
2499,1776087201.7070482,19.786414000009245, 256.54940599997644,7,2,27.8,0.0,0
2501,1776087201.7109296,0.2513489998818841, 0.30373400022654096,0,2,27.8,0.0,1
2502,1776087201.7284234,0.2695890007089474, 0.33785199957492296,0,2,27.8,0.0,1
2503,1776087201.758192,0.2740479994827183, 0.3550139999788371,0,1,27.8,0.0,1
2504,1776087201.78957,1.7714840005282895, 0.31375500020658365,0,0,27.8,0.0,1
2505,1776087201.8213716,0.03514000036375364, 0.2684299997781636,0,0,27.8,0.0,1
2506,1776087201.8471549,0.04416399951878702, 0.34648500059120124,0,0,27.8,0.0,1
2507,1776087201.876893,0.04362199979368597, 0.33731099938449915,0,0,27.8,0.0,1
2508,1776087201.9067743,0.05111800055601634, 0.35614799980976386,0,0,27.8,0.0,1
2509,1776087201.9359694,0.04266300038580084, 0.3540759998941212,0,0,27.8,0.0,1
2510,1776087201.965776,0.06919300085428404, 0.3766090003409772,0,0,27.8,0.0,1
2511,1776087201.9956653,0.04890600030194037, 0.3962500004490721,0,0,27.8,0.0,1
2512,1776087202.0253363,0.04555199939204613, 0.35961000048700953,0,0,27.8,0.0,1
2513,1776087202.0550616,0.04503899981500581, 0.33788200016715564,0,0,27.8,0.0,1
2514,1776087202.0853257,0.049838999984785914, 0.3778829996008426,0,0,27.8,0.0,1
2515,1776087202.1146195,0.04456200076674577, 0.35191900042264024,0,0,27.8,0.0,1
2516,1776087202.1442604,0.04268300017429283, 0.3380699999979697,0,0,27.8,0.0,1
2517,1776087202.174053,0.0447450001956895, 0.34745599987218156,0,0,27.8,0.0,1
2518,1776087202.2038379,0.04734899994218722, 0.337915999807592,0,0,27.8,0.0,1
2519,1776087202.2332678,0.04431999968801392, 0.33583399999770336,0,0,27.8,0.0,1
2520,1776087202.2631474,0.043279000237816945, 0.3473859997029649,0,0,27.8,0.0,1
2521,1776087202.292906,0.04689900015364401, 0.3406020005058963,0,0,27.8,0.0,1
2522,1776087202.3228354,0.043276999349473044, 0.3443750001679291,0,0,27.8,0.0,1
2523,1776087202.3521438,0.04344199987826869, 0.33550599982845597,0,0,27.8,0.0,1
2524,1776087202.382116,0.04595099926518742, 0.34119300016755005,0,0,27.8,0.0,1
2525,1776087202.4117692,0.043124000512761995, 0.34380500073893927,0,0,27.8,0.0,1
2526,1776087202.4417446,0.06082300023990683, 0.3502120007397025,0,0,27.8,0.0,1
2527,1776087202.4710758,0.04367100063973339, 0.3412369997022324,0,0,27.8,0.0,1
2528,1776087202.500909,0.0427310005761683, 0.33869300023070537,0,0,27.8,0.0,1
2529,1776087202.5307481,0.06013799975335132, 0.34409799991408363,0,0,27.8,0.0,1
2530,1776087202.5602407,0.046426999688264914, 0.34105699978681514,0,0,27.8,0.0,1
2531,1776087202.5900388,0.04282500049157534, 0.3427779993216973,0,0,27.8,0.0,1
2532,1776087202.6198502,0.04623600034392439, 0.3467189999355469,0,0,27.8,0.0,1
2533,1776087202.6496418,0.04674499996326631, 0.35854900033882586,0,0,27.8,0.0,1
2534,1776087202.679215,0.0445080004283227, 0.3423650005061063,0,0,27.8,0.0,1
2534,1776087202.7404907,31.733372999951825, 0.25526700028422056,5,2,27.8,0.0,0
2535,1776087202.7950187,23.149582999394624, 0.24102299994410714,10,0,27.8,0.0,0
2536,1776087202.8188212,19.622161000370397, 0.21343200023693498,7,2,27.8,0.0,0
2537,1776087202.8437088,17.38569600001938, 0.22648599951935466,11,2,27.8,0.0,0
2538,1776087203.1388845,21.863095000298927, 259.7813850006787,6,2,27.8,0.0,0
2540,1776087203.142788,0.2717729994401452, 0.29995499971846584,0,2,27.8,0.0,1
2541,1776087203.1544209,0.2738720004344941, 0.3316040001664078,0,1,27.8,0.0,1
2542,1776087203.1857426,1.6311150002366048, 0.3050420000363374,0,1,27.8,0.0,1
2543,1776087203.2187023,0.18095300038112327, 0.25808900045376504,0,0,27.8,0.0,1
2544,1776087203.2433293,0.04558299951895606, 0.37796299966430524,0,0,27.8,0.0,1
2545,1776087203.2733808,0.049693999244482256, 0.38485400000354275,0,0,27.8,0.0,1
2546,1776087203.302787,0.04409099983604392, 0.3481370004010387,0,0,27.8,0.0,1
2547,1776087203.3329635,0.04852900019614026, 0.35509400004229974,0,0,27.8,0.0,1
2548,1776087203.3627915,0.042052000026160385, 0.3508099998725811,0,0,27.8,0.0,1
2549,1776087203.3922493,0.04380999962450005, 0.3472819998933119,0,0,27.8,0.0,1
2550,1776087203.422092,0.042519000089669134, 0.3464680003162357,0,0,27.8,0.0,1
2551,1776087203.4518764,0.04527399960352341, 0.3431750001254841,0,0,27.8,0.0,1
2552,1776087203.4817646,0.04649399943446042, 0.3413120002733194,0,0,27.8,0.0,1
2553,1776087203.5111992,0.042487999962759204, 0.34161200073867803,0,0,27.8,0.0,1
2554,1776087203.5409791,0.044469999920693226, 0.33453899959567934,0,0,27.8,0.0,1
2555,1776087203.570836,0.04517999968811637, 0.34169500031566713,0,0,27.8,0.0,1
2556,1776087203.6005137,0.04463299956114497, 0.33296299989160616,0,0,27.8,0.0,1
2557,1776087203.6303318,0.04701200032286579, 0.37536999934673076,0,0,27.8,0.0,1
2558,1776087203.660153,0.04866600011155242, 0.3753179998966516,0,0,27.8,0.0,1
2559,1776087203.689277,0.04236000040691579, 0.33957599953282624,0,0,27.8,0.0,1
2560,1776087203.7191188,0.04542900023807306, 0.34026499997708015,0,0,27.8,0.0,1
2561,1776087203.748961,0.04392400023789378, 0.34032800067507196,0,0,27.8,0.0,1
2562,1776087203.7792578,0.05053400036558742, 0.3928040005121147,0,0,27.8,0.0,1
2563,1776087203.808313,0.04462400011107093, 0.33574100052646827,0,0,27.8,0.0,1
2564,1776087203.8380969,0.04322399945522193, 0.3441839999140939,0,0,27.8,0.0,1
2565,1776087203.8678734,0.045853999836253934, 0.33957399955397705,0,0,27.8,0.0,1
2566,1776087203.8977385,0.05874299949937267, 0.348640000083833,0,0,27.8,0.0,1
2567,1776087203.9274879,0.04745499973068945, 0.3764630000659963,0,0,27.8,0.0,1
2568,1776087203.957058,0.044270000216783956, 0.341547000061837,0,0,27.8,0.0,1
2569,1776087203.9868593,0.040458000512444414, 0.3554539998731343,0,0,27.8,0.0,1
2570,1776087204.0162656,0.04545499996311264, 0.3321800004414399,0,0,27.8,0.0,1
2571,1776087204.046094,0.041710000004968606, 0.3464740002527833,0,0,27.8,0.0,1
2572,1776087204.0758536,0.04395099949761061, 0.35201899936510017,0,0,27.8,0.0,1
2573,1776087204.1056736,0.040717999581829645, 0.3687649996209075,0,0,27.8,0.0,1
2573,1776087204.165167,29.913274999671557, 0.3604359999371809,4,2,27.8,0.0,0
2574,1776087204.1853275,16.74594199994317, 0.1987269997698604,3,0,27.8,0.0,0
2575,1776087204.219648,21.657393000168668, 0.2223980000053416,3,2,27.8,0.0,0
2576,1776087204.2446764,17.94326999970508, 0.2149740003005718,4,2,27.8,0.0,0
2577,1776087204.5326164,19.678112999827135, 257.9057350003495,5,2,27.8,0.0,0
2579,1776087204.535751,0.2668679999260348, 0.3073170000789105,0,2,27.8,0.0,1
2580,1776087204.5508416,0.2984929997182917, 0.34508899989305064,0,1,27.8,0.0,1
2581,1776087204.5807102,0.25520200051687425, 0.37591900036204606,0,1,27.8,0.0,1
2582,1776087204.6122725,1.707483000245702, 0.34807799966074526,0,0,27.8,0.0,1
2583,1776087204.644444,0.03779500002565328, 0.279062999652524,0,0,27.8,0.0,1
2584,1776087204.6695735,0.04958099998475518, 0.36260700017010095,0,0,27.8,0.0,1
2585,1776087204.6993313,0.04735299989988562, 0.37235299987514736,0,0,27.8,0.0,1
2586,1776087204.729246,0.05234400032350095, 0.37157099995965837,0,0,27.8,0.0,1
2587,1776087204.759179,0.04547900061879773, 0.33126099970104406,0,0,27.8,0.0,1
2588,1776087204.7890546,0.04398199962452054, 0.33451300078013446,0,0,27.8,0.0,1
2589,1776087204.8186464,0.04538099983619759, 0.35851600023306673,0,0,27.8,0.0,1
2590,1776087204.848123,0.04850699951930437, 0.3640830000222195,0,0,27.8,0.0,1
2591,1776087204.8784504,0.04705499941337621, 0.38779399983468466,0,0,27.8,0.0,1
2592,1776087204.9078913,0.043756999730248936, 0.3392469998289016,0,0,27.8,0.0,1
2593,1776087204.937143,0.04597199949785136, 0.39255899991985643,0,0,27.8,0.0,1
2594,1776087204.9670749,0.046830999963276554, 0.36242699934518896,0,0,27.8,0.0,1
2595,1776087204.9975193,0.05198800045036478, 0.40697700023883954,0,0,27.8,0.0,1
2596,1776087205.0270734,0.05022899949835846, 0.3835030001937412,0,0,27.8,0.0,1
2597,1776087205.0567117,0.042859000132011715, 0.3635260000010021,0,0,27.8,0.0,1
2598,1776087205.0860834,0.04228000034345314, 0.3452600003583939,0,0,27.8,0.0,1
2599,1776087205.1160383,0.04534099934971891, 0.34380899978714297,0,0,27.8,0.0,1
2600,1776087205.1457763,0.04376699962449493, 0.34499600042181555,0,0,27.8,0.0,1
2601,1776087205.1751585,0.0438090000898228, 0.3385539994269493,0,0,27.8,0.0,1
2602,1776087205.2050502,0.046252999709395226, 0.34251600027346285,0,0,27.8,0.0,1
2603,1776087205.2343106,0.047215999984473456, 0.40002799960348057,0,0,27.8,0.0,1
2604,1776087205.2639685,0.04711399924417492, 0.38401300025725504,0,0,27.8,0.0,1
2605,1776087205.2937646,0.06867100000818027, 0.37771000006614486,0,0,27.8,0.0,1
2606,1776087205.3235445,0.046164000195858534, 0.38230099926295225,0,0,27.8,0.0,1
2607,1776087205.3533022,0.056613999731780495, 0.40072699994198047,0,0,27.8,0.0,1
2608,1776087205.3827558,0.0677070001984248, 0.34882299951277673,0,0,27.8,0.0,1
2609,1776087205.412626,0.04376299966679653, 0.39773200023773825,0,0,27.8,0.0,1
2610,1776087205.4426093,0.05030800002714386, 0.34749599944916554,0,0,27.8,0.0,1
2611,1776087205.4721415,0.045041999328532256, 0.39604199992027134,0,0,27.8,0.0,1
2612,1776087205.5018651,0.04862199966737535, 0.35945600029663183,0,0,27.8,0.0,1
2612,1776087205.5496097,18.50588700017397, 0.22029399951861706,4,2,27.8,0.0,0
2613,1776087205.610166,22.748776000298676, 0.3314750001663924,4,0,27.8,0.0,0
2614,1776087205.6291392,17.130191999967792, 0.21313799970812397,4,2,27.8,0.0,0
2615,1776087205.6425967,11.739292000129353, 0.21541899968724465,3,2,27.8,0.0,0
2616,1776087205.923154,12.986673999876075, 260.88161999996373,4,1,27.8,0.0,0
2618,1776087205.9268837,0.1966720001291833, 0.3006980005011428,0,1,27.8,0.0,1
2619,1776087205.9480894,0.2169920007872861, 0.3398750004635076,0,1,27.8,0.0,1
2620,1776087205.9796178,1.8172629997934564, 0.3952269998990232,0,1,27.8,0.0,1
2621,1776087206.011313,0.17065100018953672, 0.26049200005218154,0,0,27.8,0.0,1
2622,1776087206.0365143,0.04560900015349034, 0.3807240000242018,0,0,27.8,0.0,1
2623,1776087206.066584,0.04504400021687616, 0.38600100015173666,0,0,27.8,0.0,1
2624,1776087206.095967,0.04219499987812014, 0.35096099963993765,0,0,27.8,0.0,1
2625,1776087206.1258702,0.044935000005352776, 0.371622000784555,0,0,27.8,0.0,1
2626,1776087206.1559672,0.049528000090504065, 0.3856510002151481,0,0,27.8,0.0,1
2627,1776087206.1850626,0.05186499947740231, 0.38107499949546764,0,0,27.8,0.0,1
2628,1776087206.2149925,0.04171900036453735, 0.3754939998543705,0,0,27.8,0.0,1
2629,1776087206.2446682,0.04612200064002536, 0.4195810006422107,0,0,27.8,0.0,1
2630,1776087206.2743826,0.04798500049219001, 0.4148980005993508,0,0,27.8,0.0,1
2631,1776087206.3040636,0.04761099989991635, 0.3857080000670976,0,0,27.8,0.0,1
2632,1776087206.3337324,0.06960599966987502, 0.3528749994075042,0,0,27.8,0.0,1
2633,1776087206.3636665,0.045232000047690235, 0.3670550004244433,0,0,27.8,0.0,1
2634,1776087206.393393,0.04951600021740887, 0.375646000065899,0,0,27.8,0.0,1
2635,1776087206.4227364,0.06003099952067714, 0.34574999972392106,0,0,27.8,0.0,1
2636,1776087206.4525054,0.04657900080928812, 0.3925319997506449,0,0,27.8,0.0,1
2637,1776087206.48226,0.04573899968818296, 0.37891300053161103,0,0,27.8,0.0,1
2638,1776087206.5120316,0.0456770003438578, 0.38929899983486393,0,0,27.8,0.0,1
2639,1776087206.5417488,0.06166399998619454, 0.3512290004437091,0,0,27.8,0.0,1
2640,1776087206.571327,0.04764499954035273, 0.37090600017108954,0,0,27.8,0.0,1
2641,1776087206.6012359,0.04781799998454517, 0.3844150005534175,0,0,27.8,0.0,1
2642,1776087206.6308815,0.04003099911642494, 0.35250500059191836,0,0,27.8,0.0,1
2643,1776087206.66079,0.04686799911723938, 0.34646299991436535,0,0,27.8,0.0,1
2644,1776087206.690271,0.044505000005301554, 0.3820219999397523,0,0,27.8,0.0,1
2645,1776087206.7200284,0.04662199989979854, 0.38230700010899454,0,0,27.8,0.0,1
2646,1776087206.7497172,0.04240500038577011, 0.3711620001922711,0,0,27.8,0.0,1
2647,1776087206.779386,0.046475000090140384, 0.394910999602871,0,0,27.8,0.0,1
2648,1776087206.8095508,0.05082799998490373, 0.35492200004227925,0,0,27.8,0.0,1
2649,1776087206.8387783,0.09949600007530535, 0.3445980000833515,0,0,27.8,0.0,1
2650,1776087206.8691442,0.0445890000264626, 0.3575570008251816,0,0,27.8,0.0,1
2651,1776087206.8982623,0.04644399996323045, 0.3789590000451426,0,0,27.8,0.0,1
2651,1776087206.9601264,31.888696999885724, 0.23610199968970846,3,2,27.8,0.0,0
2652,1776087206.976854,14.952088000427466, 0.20019899966428056,1,0,27.8,0.0,0
2653,1776087207.0113125,20.532221000394202, 0.20406899966474157,0,0,27.8,0.0,0
2654,1776087207.0444384,24.195627000153763, 0.30884999978297856,1,1,27.8,0.0,0
2655,1776087207.13159,12.242747000527743, 0.19637999957922148,7,0,27.8,0.0,0
2656,1776087207.1595178,21.52602600017417, 0.23382200015475973,3,2,27.8,0.0,0
2657,1776087207.1880825,20.319520000157354, 0.23119500019674888,3,2,27.8,0.0,0
2658,1776087207.4753451,18.25684100003855, 260.89990999935253,2,2,27.8,0.0,0
2660,1776087207.4784331,0.24954899981821654, 0.3172510005242657,0,2,27.8,0.0,1
2661,1776087207.4926164,0.28891100009786896, 0.3731719998540939,0,2,27.8,0.0,1
2662,1776087207.5226908,0.3050209998036735, 0.37204300042503746,0,2,27.8,0.0,1
2663,1776087207.554258,1.9550449997041142, 0.4012160006823251,0,0,27.8,0.0,1
2664,1776087207.5859792,0.034887999390775803, 0.2635390001159976,0,0,27.8,0.0,1
2665,1776087207.6114311,0.046224000470829196, 0.3824240002359147,0,0,27.8,0.0,1
2666,1776087207.6411374,0.045825000597687904, 0.3811980004684301,0,0,27.8,0.0,1
2667,1776087207.6708446,0.044536000132211484, 0.33992699991358677,0,0,27.8,0.0,1
2668,1776087207.7005408,0.047278999772970565, 0.38456200036307564,0,0,27.8,0.0,1
2669,1776087207.7303784,0.04648000049201073, 0.3964219995395979,0,0,27.8,0.0,1
2670,1776087207.7601814,0.04490199989959365, 0.4154739999648882,0,0,27.8,0.0,1
2671,1776087207.7899103,0.04632799937098753, 0.33965700004046084,0,0,27.8,0.0,1
2672,1776087207.8194013,0.0495530002808664, 0.37599400002363836,0,0,27.8,0.0,1
2673,1776087207.8493881,0.047880999773042277, 0.4179900006420212,0,0,27.8,0.0,1
2674,1776087207.8794081,0.046375999772863, 0.3704840000864351,0,0,27.8,0.0,1
2675,1776087207.9093196,0.044055000216758344, 0.32955099959508516,0,0,27.8,0.0,1
2676,1776087207.9388978,0.045072999455442186, 0.3432550001889467,0,0,27.8,0.0,1
2677,1776087207.9686744,0.04437499956111424, 0.3534479992595152,0,0,27.8,0.0,1
2678,1776087207.9985695,0.05009699998481665, 0.3598200000851648,0,0,27.8,0.0,1
2679,1776087208.0281756,0.04244499996275408, 0.3432789999351371,0,0,27.8,0.0,1
2680,1776087208.0577624,0.04690100013249321, 0.3414009997868561,0,0,27.8,0.0,1
2681,1776087208.0873294,0.045187000068835914, 0.34529200001998106,0,0,27.8,0.0,1
2682,1776087208.117069,0.04497699956118595, 0.3407929998502368,0,0,27.8,0.0,1
2683,1776087208.147085,0.04561500009003794, 0.3371089997017407,0,0,27.8,0.0,1
2684,1776087208.1767094,0.05914999928791076, 0.34166699970228365,0,0,27.8,0.0,1
2685,1776087208.2062628,0.04339099996286677, 0.3450230005910271,0,0,27.8,0.0,1
2686,1776087208.235987,0.04361199989943998, 0.34179900012532016,0,0,27.8,0.0,1
2687,1776087208.2658226,0.04519699996308191, 0.34779399993567495,0,0,27.8,0.0,1
2688,1776087208.2952335,0.044734999391948804, 0.3403689997867332,0,0,27.8,0.0,1
2689,1776087208.325515,0.0492409999424126, 0.3649400005087955,0,0,27.8,0.0,1
2690,1776087208.3548353,0.044718999561155215, 0.3376419999767677,0,0,27.8,0.0,1
2691,1776087208.3850937,0.05175699971005088, 0.37738199989689747,0,0,27.8,0.0,1
2692,1776087208.4141605,0.04368299960333388, 0.34243299978697905,0,0,27.8,0.0,1
2693,1776087208.4439883,0.04207799975119997, 0.3409670007386012,0,0,27.8,0.0,1
2693,1776087208.5052679,31.621504000213463, 0.2655440002854448,7,2,27.8,0.0,0
2694,1776087208.521222,14.18911000018852, 0.2103770002577221,6,0,27.8,0.0,0
2695,1776087208.5541902,20.805770000151824, 0.23794299977453193,5,2,27.8,0.0,0
2696,1776087208.580564,18.12680900002306, 0.23165499987953808,5,2,27.8,0.0,0
2697,1776087208.8724837,20.99881499998446, 259.1771900006279,5,1,27.8,0.0,0
2699,1776087208.875457,0.19395599974814104, 0.3186429994457285,0,1,27.8,0.0,1
2700,1776087208.8891637,0.22499999977299012, 0.37650399917765753,0,1,27.8,0.0,1
2701,1776087208.9205015,1.6661199997543008, 0.3259370005253004,0,1,27.8,0.0,1
2702,1776087208.9534612,0.17600199953449192, 0.2758880000328645,0,0,27.8,0.0,1
2703,1776087208.9786248,0.053423000281327404, 0.47109400020417525,0,0,27.8,0.0,1
2704,1776087209.0089262,0.05502099975274177, 0.3843730000880896,0,0,27.8,0.0,1
2705,1776087209.038147,0.048441999751958065, 0.37394900027720723,0,0,27.8,0.0,1
2706,1776087209.0679367,0.04990799970983062, 0.3988979997302522,0,0,27.8,0.0,1
2707,1776087209.0973732,0.044596999941859394, 0.4034120001961128,0,0,27.8,0.0,1
2708,1776087209.1272998,0.04908599930786295, 0.38878099985595327,0,0,27.8,0.0,1
2709,1776087209.156745,0.04343499949754914, 0.37218500074231997,0,0,27.8,0.0,1
2710,1776087209.1864915,0.04709699987870408, 0.40759900002740324,0,0,27.8,0.0,1
2711,1776087209.2171657,0.04816000000573695, 0.40500600061932346,0,0,27.8,0.0,1
2712,1776087209.2463887,0.049262999709753785, 0.3819580006165779,0,0,27.8,0.0,1
2713,1776087209.2759953,0.04541100042843027, 0.3369269998074742,0,0,27.8,0.0,1
2714,1776087209.3061109,0.05340900042938301, 0.38377599958039355,0,0,27.8,0.0,1
2715,1776087209.3351965,0.04323199937061872, 0.339803999850119,0,0,27.8,0.0,1
2716,1776087209.3650587,0.04072499996254919, 0.3449670002737548,0,0,27.8,0.0,1
2717,1776087209.3948681,0.04039800023747375, 0.34329400023125345,0,0,27.8,0.0,1
2718,1776087209.4250033,0.048290000449924264, 0.37980700017214986,0,0,27.8,0.0,1
2719,1776087209.4544632,0.047000999984447844, 0.377522999770008,0,0,27.8,0.0,1
2720,1776087209.4843323,0.047559999984514434, 0.3772159998334246,0,0,27.8,0.0,1
2721,1776087209.5137925,0.04635599998437101, 0.3397649998078123,0,0,27.8,0.0,1
2722,1776087209.5438602,0.04834700030187378, 0.3836270007013809,0,0,27.8,0.0,1
2723,1776087209.5730839,0.04119000004720874, 0.34427300033712527,0,0,27.8,0.0,1
2724,1776087209.6028287,0.04294299924367806, 0.34350899932178436,0,0,27.8,0.0,1
2725,1776087209.6327627,0.04353400072432123, 0.3478190001260373,0,0,27.8,0.0,1
2726,1776087209.6621015,0.0421779996031546, 0.33993099987128517,0,0,27.8,0.0,1
2727,1776087209.6922834,0.04731800072477199, 0.3749739998966106,0,0,27.8,0.0,1
2728,1776087209.7217999,0.04563000038615428, 0.34437000067555346,0,0,27.8,0.0,1
2729,1776087209.751269,0.041401000089535955, 0.3417799998715054,0,0,27.8,0.0,1
2730,1776087209.7809677,0.042796000343514606, 0.342748000548454,0,0,27.8,0.0,1
2731,1776087209.8109653,0.047479999921051785, 0.3839669998342288,0,0,27.8,0.0,1
2732,1776087209.8403192,0.057453000408713706, 0.4435110004123999,0,0,27.8,0.0,1
2732,1776087209.9011455,31.605825999577064, 0.21941399973002262,6,2,27.8,0.0,0
2733,1776087209.9197383,15.826245000425843, 0.21566400027950294,5,0,27.8,0.0,0
2734,1776087209.954642,21.537669000281312, 0.23708100070507498,6,2,27.8,0.0,0
2735,1776087209.9809425,18.961540999953286, 0.20464400040509645,5,2,27.8,0.0,0
2736,1776087210.2684796,19.84234099927562, 258.11088099999324,7,1,27.8,0.0,0
2738,1776087210.2720678,0.1954950002982514, 0.3022210003109649,0,1,27.8,0.0,1
2739,1776087210.2864985,0.2113800001097843, 0.3446000000622007,0,1,27.8,0.0,1
2740,1776087210.3162048,0.2175330000682152, 0.34196500018879306,0,1,27.8,0.0,1
2741,1776087210.34783,1.7713170000206446, 0.32050799927674234,0,0,27.8,0.0,1
2742,1776087210.3798807,0.03820699930656701, 0.264917999629688,0,0,27.8,0.0,1
2743,1776087210.4051764,0.043787999857158866, 0.34481200054869987,0,0,27.8,0.0,1
2744,1776087210.435005,0.044830000661022495, 0.3424030001042411,0,0,27.8,0.0,1
2745,1776087210.4647741,0.04620700019586366, 0.34378599957562983,0,0,27.8,0.0,1
2746,1776087210.494185,0.044445000639825594, 0.34052599949063733,0,0,27.8,0.0,1
2747,1776087210.5240126,0.04668299970944645, 0.34089700056938455,0,0,27.8,0.0,1
2748,1776087210.5541239,0.04731599983642809, 0.38472599953820463,0,0,27.8,0.0,1
2749,1776087210.583311,0.044268999772612005, 0.3350309998495504,0,0,27.8,0.0,1
2750,1776087210.6130145,0.04356200042821001, 0.34071699974447256,0,0,27.8,0.0,1
2751,1776087210.6429539,0.04514699958235724, 0.3363780006111483,0,0,27.8,0.0,1
2752,1776087210.672748,0.05790700015495531, 0.3446609998718486,0,0,27.8,0.0,1
2753,1776087210.7021372,0.04458800049178535, 0.3382419999979902,0,0,27.8,0.0,1
2754,1776087210.7319586,0.04657199951907387, 0.3412569994907244,0,0,27.8,0.0,1
2755,1776087210.761929,0.04430499939189758, 0.3530140002112603,0,0,27.8,0.0,1
2756,1776087210.7916262,0.04300399996282067, 0.35928400029661134,0,0,27.8,0.0,1
2757,1776087210.8215392,0.0508720004290808, 0.36786500004382106,0,0,27.8,0.0,1
2758,1776087210.8511775,0.05272900034469785, 0.3803409999818541,0,0,27.8,0.0,1
2759,1776087210.8807201,0.05966800017631613, 0.3412810001464095,0,0,27.8,0.0,1
2760,1776087210.9101386,0.04189600076642819, 0.33932299993466586,0,0,27.8,0.0,1
2761,1776087210.9400146,0.04411200006870786, 0.33963099940592656,0,0,27.8,0.0,1
2762,1776087210.9697845,0.041994000639533624, 0.351757999851543,0,0,27.8,0.0,1
2763,1776087211.0000212,0.048441000217280816, 0.3703010006574914,0,0,27.8,0.0,1
2764,1776087211.0287042,0.04497899954003515, 0.41095399956248,0,0,27.8,0.0,1
2765,1776087211.0584629,0.04827599968848517, 0.4238179999447311,0,0,27.8,0.0,1
2766,1776087211.0882192,0.05542800045077456, 0.4576979999910691,0,0,27.8,0.0,1
2767,1776087211.1180313,0.04613599958247505, 0.370182000551722,0,0,27.8,0.0,1
2768,1776087211.147564,0.042873999518633354, 0.38017399947420927,0,0,27.8,0.0,1
2769,1776087211.177744,0.050889999329228885, 0.4270790004738956,0,0,27.8,0.0,1
2770,1776087211.2076097,0.056770999435684644, 0.42525300068518845,0,0,27.8,0.0,1
2771,1776087211.236673,0.04331199943408137, 0.36140399970463477,0,0,27.8,0.0,1
2771,1776087211.284838,18.689716999688244, 0.20281999968574382,5,2,27.8,0.0,0
2772,1776087211.3209438,22.026124999683816, 0.29228199946373934,7,0,27.8,0.0,0
2773,1776087211.3451934,18.364558999564906, 0.21522699989873217,4,2,27.8,0.0,0
2774,1776087211.3769286,20.47879899964755, 0.2254329992865678,2,2,27.8,0.0,0
2775,1776087211.6626537,19.03964499979338, 258.11712599988823,5,2,27.8,0.0,0
2777,1776087211.6662521,0.25168299998767907, 0.30747599976166384,0,2,27.8,0.0,1
2778,1776087211.6830585,0.27977300032944186, 0.3427030005695997,0,1,27.8,0.0,1
2779,1776087211.7138648,1.5968959996826015, 0.30149700069159735,0,1,27.8,0.0,1
2780,1776087211.7469893,0.16556200080231065, 0.2630730004966608,0,0,27.8,0.0,1
2781,1776087211.772022,0.04317399998399196, 0.3461259993855492,0,0,27.8,0.0,1
2782,1776087211.8018436,0.04501900002651382, 0.3420429993639118,0,0,27.8,0.0,1
2783,1776087211.8316522,0.04305699985707179, 0.3534890001901658,0,0,27.8,0.0,1
2784,1776087211.8611593,0.041788999624259304, 0.34227699961775215,0,0,27.8,0.0,1
2785,1776087211.8910449,0.04635400000552181, 0.34001600033661816,0,0,27.8,0.0,1
2786,1776087211.9207673,0.046580999878642615, 0.34977399991475977,0,0,27.8,0.0,1
2787,1776087211.9506254,0.04417299987835577, 0.3614490005929838,0,0,27.8,0.0,1
2788,1776087211.9809093,0.04812499992112862, 0.3248739994887728,0,0,27.8,0.0,1
2789,1776087212.0096092,0.045929999942018185, 0.3592869998101378,0,0,27.8,0.0,1
2790,1776087212.040035,0.048877999688556883, 0.4007319994343561,0,0,27.8,0.0,1
2791,1776087212.0691042,0.04392600021674298, 0.33667899970168946,0,0,27.8,0.0,1
2792,1776087212.0990143,0.04631000047083944, 0.3432080002312432,0,0,27.8,0.0,1
2793,1776087212.128887,0.04457100021681981, 0.33600000006117625,0,0,27.8,0.0,1
2794,1776087212.1582465,0.04349200025899336, 0.341900999956124,0,0,27.8,0.0,1
2795,1776087212.188064,0.04495399934967281, 0.33790699944802327,0,0,27.8,0.0,1
2796,1776087212.217883,0.04493200049182633, 0.3496170002108556,0,0,27.8,0.0,1
2797,1776087212.2476673,0.04616000023816014, 0.3585799995562411,0,0,27.8,0.0,1
2798,1776087212.2772229,0.04320900006860029, 0.34095799946953775,0,0,27.8,0.0,1
2799,1776087212.306963,0.041186000089510344, 0.3350890001456719,0,0,27.8,0.0,1
2800,1776087212.3368099,0.043680000089807436, 0.34825000057026045,0,0,27.8,0.0,1
2801,1776087212.3661957,0.04319599975133315, 0.3432610001254943,0,0,27.8,0.0,1
2802,1776087212.3960376,0.043559000005188864, 0.33779099976527505,0,0,27.8,0.0,1
2803,1776087212.4258254,0.045365000005404, 0.338544000442198,0,0,27.8,0.0,1
2804,1776087212.4557538,0.04702699970948743, 0.3414590000829776,0,0,27.8,0.0,1
2805,1776087212.485521,0.05039300049247686, 0.37378300021373434,0,0,27.8,0.0,1
2806,1776087212.5148928,0.04249299945513485, 0.3401239991944749,0,0,27.8,0.0,1
2807,1776087212.5451195,0.049609000598138664, 0.3776319999815314,0,0,27.8,0.0,1
2808,1776087212.574558,0.04767700011143461, 0.3678740004033898,0,0,27.8,0.0,1
2809,1776087212.6040654,0.04266599989932729, 0.3364510002938914,0,0,27.8,0.0,1
2810,1776087212.6338356,0.04735899983643321, 0.3415889996176702,0,0,27.8,0.0,1
2810,1776087212.6950305,31.496944999162224, 0.2304520003235666,10,2,27.8,0.0,0
2811,1776087212.749399,23.57258299980458, 0.2605970003060065,8,0,27.8,0.0,0
2812,1776087212.773253,19.101007000244863, 0.2185380008086213,6,2,27.8,0.0,0
2813,1776087212.8030477,20.188585999676434, 0.2230849995612516,6,2,27.8,0.0,0
2814,1776087213.0905979,18.932642999970994, 259.5093249992715,6,1,27.8,0.0,0
2816,1776087213.0945573,0.1853479998317198, 0.3066179997404106,0,1,27.8,0.0,1
2817,1776087213.1088452,0.23431099998560967, 0.34798000069713453,0,1,27.8,0.0,1
2818,1776087213.1385992,0.22892299966770224, 0.40595199970994145,0,1,27.8,0.0,1
2819,1776087213.1700127,1.8151869999201153, 0.26619799973559566,0,0,27.8,0.0,1
2820,1776087213.2025204,0.03530999947543023, 0.27464899994811276,0,0,27.8,0.0,1
2821,1776087213.2276013,0.04829099998460151, 0.37702299960074015,0,0,27.8,0.0,1
2822,1776087213.2573218,0.046952999582572374, 0.37634599993907614,0,0,27.8,0.0,1
2823,1776087213.2874653,0.053700000535172876, 0.394168999264366,0,0,27.8,0.0,1
2824,1776087213.3167262,0.06091399973229272, 0.3470130004643579,0,0,27.8,0.0,1
2825,1776087213.34652,0.04520800030149985, 0.389552000342519,0,0,27.8,0.0,1
2826,1776087213.3768516,0.04601299951900728, 0.36757299949385924,0,0,27.8,0.0,1
2827,1776087213.406035,0.050191999434900936, 0.41083700034505455,0,0,27.8,0.0,1
2828,1776087213.435584,0.04220200025883969, 0.37263000012899283,0,0,27.8,0.0,1
2829,1776087213.4653993,0.04848000025958754, 0.4204300003038952,0,0,27.8,0.0,1
2830,1776087213.4957688,0.06890599979669787, 0.3756790001716581,0,0,27.8,0.0,1
2831,1776087213.5252588,0.0441290003436734, 0.3381609994903556,0,0,27.8,0.0,1
2832,1776087213.5549815,0.04235100004734704, 0.33900300059030997,0,0,27.8,0.0,1
2833,1776087213.5843155,0.04564099981507752, 0.38236399996094406,0,0,27.8,0.0,1
2834,1776087213.6140068,0.04201499996270286, 0.35692399978870526,0,0,27.8,0.0,1
2835,1776087213.6436825,0.043263999941700604, 0.37310400057322113,0,0,27.8,0.0,1
2836,1776087213.6736248,0.04835999970964622, 0.38315599977067905,0,0,27.8,0.0,1
2837,1776087213.7041452,0.050254999223398045, 0.4046929998366977,0,0,27.8,0.0,1
2838,1776087213.7336183,0.04849200013268273, 0.3629730008469778,0,0,27.8,0.0,1
2839,1776087213.7630038,0.0425690004703938, 0.33974000052694464,0,0,27.8,0.0,1
2840,1776087213.792828,0.05068700011179317, 0.3392570006326423,0,0,27.8,0.0,1
2841,1776087213.8226109,0.04682000053435331, 0.3690749999805121,0,0,27.8,0.0,1
2842,1776087213.8520384,0.04374800028017489, 0.33455500033596763,0,0,27.8,0.0,1
2843,1776087213.8819149,0.045215999307401944, 0.34651300029509,0,0,27.8,0.0,1
2844,1776087213.9119925,0.05268000040814513, 0.37762100055260817,0,0,27.8,0.0,1
2845,1776087213.941498,0.04767299924424151, 0.3660439997474896,0,0,27.8,0.0,1
2846,1776087213.9713068,0.04570600049191853, 0.3399839997655363,0,0,27.8,0.0,1
2847,1776087214.001038,0.051623000217659865, 0.38889600000402424,0,0,27.8,0.0,1
2848,1776087214.0299194,0.043774000005214475, 0.36972499947296456,0,0,27.8,0.0,1
2849,1776087214.0601044,0.042828000005101785, 0.3457650000200374,0,0,27.8,0.0,1
2849,1776087214.1085267,18.462080000062997, 0.23237000004883157,17,2,27.8,0.0,0
2850,1776087214.1430163,21.76474599946232, 0.2296310003657709,13,0,27.8,0.0,0
2851,1776087214.1654115,17.572791000020516, 0.2352740002606879,11,2,27.8,0.0,0
2852,1776087214.2003345,20.649755000704317, 0.22957300006964942,11,2,27.8,0.0,0
2853,1776087214.4882565,19.229634999646805, 260.56621899988386,11,2,27.8,0.0,0
2855,1776087214.492072,0.24985300024127355, 0.3040939991478808,0,2,27.8,0.0,1
2856,1776087214.5061374,0.27541500003280817, 0.3347000001667766,0,1,27.8,0.0,1
2857,1776087214.537803,1.7738630003805156, 0.3267800002504373,0,1,27.8,0.0,1
2858,1776087214.5699482,0.1657150005485164, 0.25906999962899135,0,0,27.8,0.0,1
2859,1776087214.595364,0.04710400025942363, 0.3695289997267537,0,0,27.8,0.0,1
2860,1776087214.6248906,0.04626699956133962, 0.33435099976486526,0,0,27.8,0.0,1
2861,1776087214.6542487,0.04247599918016931, 0.33824300044216216,0,0,27.8,0.0,1
2862,1776087214.6843946,0.04739599989989074, 0.3840689996650326,0,0,27.8,0.0,1
2863,1776087214.7139752,0.04483300017454894, 0.35210000078222947,0,0,27.8,0.0,1
2864,1776087214.743319,0.04746899958263384, 0.3335839992359979,0,0,27.8,0.0,1
2865,1776087214.7732813,0.042303000554966275, 0.3396880001673708,0,0,27.8,0.0,1
2866,1776087214.803001,0.04604599962476641, 0.339604999680887,0,0,27.8,0.0,1
2867,1776087214.8328974,0.044921999688085634, 0.33874699965963373,0,0,27.8,0.0,1
2868,1776087214.8626988,0.04319199979363475, 0.3624869996201596,0,0,27.8,0.0,1
2869,1776087214.8922317,0.04434400034369901, 0.3529010000420385,0,0,27.8,0.0,1
2870,1776087214.922051,0.04418600019562291, 0.34559400046418887,0,0,27.8,0.0,1
2871,1776087214.9517384,0.06264100011321716, 0.34513199989305576,0,0,27.8,0.0,1
2872,1776087214.9821782,0.05642099949909607, 0.42803300038940506,0,0,27.8,0.0,1
2873,1776087215.0110295,0.05553199935093289, 0.373652999769547,0,0,27.8,0.0,1
2874,1776087215.0411837,0.051852999604307115, 0.3838520005956525,0,0,27.8,0.0,1
2875,1776087215.0706298,0.0493180004923488, 0.35962199945061,0,0,27.8,0.0,1
2876,1776087215.100447,0.04655399970943108, 0.3861979994326248,0,0,27.8,0.0,1
2877,1776087215.129983,0.043822000407089945, 0.341891000061878,0,0,27.8,0.0,1
2878,1776087215.1600056,0.046269999984360766, 0.3825639996648533,0,0,27.8,0.0,1
2879,1776087215.189148,0.04397400061861845, 0.3378930005055736,0,0,27.8,0.0,1
2880,1776087215.2190168,0.04407999949762598, 0.34265599970240146,0,0,27.8,0.0,1
2881,1776087215.2488022,0.04438199994183378, 0.34654999944905285,0,0,27.8,0.0,1
2882,1776087215.2787433,0.061237000409164466, 0.3494200000204728,0,0,27.8,0.0,1
2883,1776087215.308105,0.0448199998572818, 0.33569799961696845,0,0,27.8,0.0,1
2884,1776087215.338417,0.05338499977369793, 0.4107790000489331,0,0,27.8,0.0,1
2885,1776087215.3677866,0.04207799975119997, 0.3467289998297929,0,0,27.8,0.0,1
2886,1776087215.397239,0.045620000491908286, 0.3421060000619036,0,0,27.8,0.0,1
2887,1776087215.4271274,0.04635699951904826, 0.34710699947027024,0,0,27.8,0.0,1
2888,1776087215.4568818,0.04566999996313825, 0.34056500044243876,0,0,27.8,0.0,1
2888,1776087215.5046604,18.027814999186376, 0.2108569997290033,7,2,27.8,0.0,0
2889,1776087215.5671008,22.99644399954559, 0.3028800001629861,7,0,27.8,0.0,0
2890,1776087215.5864637,17.50804200037237, 0.23107899960450595,6,2,27.8,0.0,0
2891,1776087215.6002817,12.119203000111156, 0.21065400051156757,6,2,27.8,0.0,0
2892,1776087215.8736684,12.017062000268197, 257.3199839998779,5,2,27.8,0.0,0
2894,1776087215.8772633,0.2529030007281108, 0.3068060004807194,0,2,27.8,0.0,1
2895,1776087215.9025629,0.27174200022273, 0.33343300037813606,0,2,27.8,0.0,1
2896,1776087215.9327376,0.30950200016377494, 0.33600000006117625,0,2,27.8,0.0,1
2897,1776087215.9640112,1.795528999537055, 0.3413360000195098,0,0,27.8,0.0,1
2898,1776087215.9964864,0.0404780003009364, 0.2778669995677774,0,0,27.8,0.0,1
2899,1776087216.0212321,0.04710000030172523, 0.3501999999571126,0,0,27.8,0.0,1
2900,1776087216.0514338,0.049314000534650404, 0.3754380004465929,0,0,27.8,0.0,1
2901,1776087216.0804293,0.04836200059799012, 0.3972570002588327,0,0,27.8,0.0,1
2902,1776087216.1101406,0.04378100038593402, 0.3527910002958379,0,0,27.8,0.0,1
2903,1776087216.1398716,0.04418699973030016, 0.37226799940981437,0,0,27.8,0.0,1
2904,1776087216.170261,0.047774999984540045, 0.3820829997494002,0,0,27.8,0.0,1
2905,1776087216.200095,0.049061999561672565, 0.37769399932585657,0,0,27.8,0.0,1
2906,1776087216.22962,0.04904199977318058, 0.3672129996630247,0,0,27.8,0.0,1
2907,1776087216.25907,0.04281899964553304, 0.3425310005695792,0,0,27.8,0.0,1
2908,1776087216.288866,0.04576900028041564, 0.34058100027323235,0,0,27.8,0.0,1
2909,1776087216.3189979,0.049252000280830543, 0.38152099932631245,0,0,27.8,0.0,1
2910,1776087216.3485215,0.05010999939258909, 0.3730280004674569,0,0,27.8,0.0,1
2911,1776087216.3779519,0.04483099928620504, 0.34111199965991545,0,0,27.8,0.0,1
2912,1776087216.407985,0.05169300038687652, 0.38371299979189644,0,0,27.8,0.0,1
2913,1776087216.4372506,0.044905000322614796, 0.34396899991406826,0,0,27.8,0.0,1
2914,1776087216.4673042,0.04716399962489959, 0.3887610000674613,0,0,27.8,0.0,1
2915,1776087216.4971468,0.048986999900080264, 0.37924800017208327,0,0,27.8,0.0,1
2916,1776087216.5267582,0.05864500053576194, 0.35113699959765654,0,0,27.8,0.0,1
2917,1776087216.5561519,0.04238200017425697, 0.34738900012598606,0,0,27.8,0.0,1
2918,1776087216.5859113,0.04643699958251091, 0.3431369996178546,0,0,27.8,0.0,1
2919,1776087216.6158037,0.04369100042822538, 0.34346400025242474,0,0,27.8,0.0,1
2920,1776087216.6456983,0.042396000026201364, 0.36063799961993936,0,0,27.8,0.0,1
2921,1776087216.6749876,0.04340800023783231, 0.3383349994692253,0,0,27.8,0.0,1
2922,1776087216.7049673,0.04874499973084312, 0.34444500033714576,0,0,27.8,0.0,1
2923,1776087216.7347732,0.044533999243867584, 0.3473820006547612,0,0,27.8,0.0,1
2924,1776087216.7641392,0.04317699949751841, 0.34338500063313404,0,0,27.8,0.0,1
2925,1776087216.794036,0.04266999985702569, 0.34559599953354336,0,0,27.8,0.0,1
2926,1776087216.8241088,0.05013999998482177, 0.38496100023621693,0,0,27.8,0.0,1
2927,1776087216.8533876,0.04415799958223943, 0.35918699995818315,0,0,27.8,0.0,1
2927,1776087216.9143195,31.40853100012464, 0.28852200011897366,8,2,27.8,0.0,0
2928,1776087216.9306452,14.602656000533898, 0.21102000027894974,8,0,27.8,0.0,0
2929,1776087216.964706,20.853667000665155, 0.22562999947695062,9,2,27.8,0.0,0
2930,1776087216.992098,19.349731000147585, 0.2248880000479403,7,2,27.8,0.0,0
2931,1776087217.280566,19.390344999919762, 259.1522479997366,6,1,27.8,0.0,0
2933,1776087217.2841263,0.19572699966374785, 0.3067659999942407,0,1,27.8,0.0,1
2934,1776087217.2992,0.21675199968740344, 0.3441059998294804,0,1,27.8,0.0,1
2935,1776087217.3305492,1.6698200006430852, 0.31522599965683185,0,0,27.8,0.0,1
2936,1776087217.3633611,0.03778199970838614, 0.2856050004993449,0,0,27.8,0.0,1
2937,1776087217.3881764,0.046150000343914144, 0.3353770007379353,0,0,27.8,0.0,1
2938,1776087217.4182534,0.04542700025922386, 0.38227300046855817,0,0,27.8,0.0,1
2939,1776087217.4477897,0.04480400002648821, 0.3531560005285428,0,0,27.8,0.0,1
2940,1776087217.4772146,0.04266099949745694, 0.33647000054770615,0,0,27.8,0.0,1
2941,1776087217.5070899,0.04274300044926349, 0.34341799982939847,0,0,27.8,0.0,1
2942,1776087217.5373237,0.05193699962546816, 0.37274199985404266,0,0,27.8,0.0,1
2943,1776087217.5667715,0.044673000047623646, 0.3511360000629793,0,0,27.8,0.0,1
2944,1776087217.5961626,0.04302299930714071, 0.3430180004215799,0,0,27.8,0.0,1
2945,1776087217.6259859,0.04333100059739081, 0.3409869996175985,0,0,27.8,0.0,1
2946,1776087217.6559248,0.0442000000475673, 0.354034000338288,0,0,27.8,0.0,1
2947,1776087217.685245,0.04271600028005196, 0.3373059998921235,0,0,27.8,0.0,1
2948,1776087217.715029,0.04403899947647005, 0.3347370002302341,0,0,27.8,0.0,1
2949,1776087217.7449548,0.04183999953966122, 0.3387180004210677,0,0,27.8,0.0,1
2950,1776087217.7746575,0.045746000068902504, 0.3642510000645416,0,0,27.8,0.0,1
2951,1776087217.8045712,0.048489000619156286, 0.370546000340255,0,0,27.8,0.0,1
2952,1776087217.8340406,0.04225799966661725, 0.34128600054827984,0,0,27.8,0.0,1
2953,1776087217.8641927,0.05130800036567962, 0.37711200002377154,0,0,27.8,0.0,1
2954,1776087217.8936684,0.0427270006184699, 0.366770000255201,0,0,27.8,0.0,1
2955,1776087217.923115,0.04542900023807306, 0.3344890001244494,0,0,27.8,0.0,1
2956,1776087217.9525933,0.057315000049129594, 0.39506399934907677,0,0,27.8,0.0,1
2957,1776087217.983323,0.06039600066287676, 0.39825299973017536,0,0,27.8,0.0,1
2958,1776087218.0123143,0.04790299954038346, 0.36392799938766984,0,0,27.8,0.0,1
2959,1776087218.0418284,0.04620800064003561, 0.343435000104364,0,0,27.8,0.0,1
2960,1776087218.0717943,0.06399199992301874, 0.3861010000036913,0,0,27.8,0.0,1
2961,1776087218.1010227,0.04308000006858492, 0.35631599985208595,0,0,27.8,0.0,1
2962,1776087218.130767,0.06906500038894592, 0.3684660005092155,0,0,27.8,0.0,1
2963,1776087218.1614017,0.05305099966790294, 0.40711699966777815,0,0,27.8,0.0,1
2964,1776087218.190672,0.04295000053389231, 0.35769800069829216,0,0,27.8,0.0,1
2965,1776087218.2202113,0.045634999878529925, 0.3406570003789966,0,0,27.8,0.0,1
2966,1776087218.2502248,0.04787399939232273, 0.37817199972778326,0,0,27.8,0.0,1
2966,1776087218.312056,32.363317999624996, 0.2176750003854977,4,2,27.8,0.0,0
2967,1776087218.3275955,13.8152910003555, 0.20560299981298158,4,0,27.8,0.0,0
2968,1776087218.3628778,21.403517999715405, 0.22080399958213093,4,2,27.8,0.0,0
2969,1776087218.3873947,17.6108400000885, 0.23560099998576334,4,2,27.8,0.0,0
2970,1776087218.678304,20.406069999808096, 258.8870079998742,3,2,27.8,0.0,0
2972,1776087218.6813877,0.2484399992681574, 0.3256979998695897,0,2,27.8,0.0,1
2973,1776087218.695366,0.29384200024651363, 0.38504600070154993,0,1,27.8,0.0,1
2974,1776087218.72554,0.25800799994613044, 0.3583570005503134,0,1,27.8,0.0,1
2975,1776087218.7563744,1.7190419994221884, 0.3519430001688306,0,0,27.8,0.0,1
2976,1776087218.789136,0.03624500004661968, 0.277051000011852,0,0,27.8,0.0,1
2977,1776087218.814162,0.046273000407381915, 0.3808719993685372,0,0,27.8,0.0,1
2978,1776087218.8436856,0.0422650000473368, 0.36024000019097,0,0,27.8,0.0,1
2979,1776087218.8740036,0.05002200032322435, 0.40187099966715323,0,0,27.8,0.0,1
2980,1776087218.903259,0.05178099945624126, 0.42743299945868785,0,0,27.8,0.0,1
2981,1776087218.9331458,0.04358299975137925, 0.3772039999603294,0,0,27.8,0.0,1
2982,1776087218.9626875,0.04231000002619112, 0.373529000171402,0,0,27.8,0.0,1
2983,1776087218.9930406,0.04590900061884895, 0.3423179996389081,0,0,27.8,0.0,1
2984,1776087219.0229795,0.05150600009073969, 0.38147400027810363,0,0,27.8,0.0,1
2985,1776087219.0525713,0.04773900036525447, 0.36616299985325895,0,0,27.8,0.0,1
2986,1776087219.0822763,0.047915000322973356, 0.37893199987593107,0,0,27.8,0.0,1
2987,1776087219.1118746,0.0446699996246025, 0.34323500040045474,0,0,27.8,0.0,1
2988,1776087219.141689,0.04643000011128606, 0.35909600046579726,0,0,27.8,0.0,1
2989,1776087219.171457,0.04710299981525168, 0.39319999996223487,0,0,27.8,0.0,1
2990,1776087219.2012584,0.04912799977319082, 0.3793200003201491,0,0,27.8,0.0,1
2991,1776087219.2310767,0.04809199981536949, 0.3781140003411565,0,0,27.8,0.0,1
2992,1776087219.2605765,0.04984599945601076, 0.36057099987374386,0,0,27.8,0.0,1
2993,1776087219.2901351,0.04293199981475482, 0.35167199985153275,0,0,27.8,0.0,1
2994,1776087219.3199663,0.04471300053410232, 0.3429139997024322,0,0,27.8,0.0,1
2995,1776087219.349607,0.04980500034434954, 0.35843499972543214,0,0,27.8,0.0,1
2996,1776087219.3794816,0.05107600009068847, 0.3753609998966567,0,0,27.8,0.0,1
2997,1776087219.408972,0.04512900068220915, 0.3349449998495402,0,0,27.8,0.0,1
2998,1776087219.4387887,0.04220000027999049, 0.3426120001677191,0,0,27.8,0.0,1
2999,1776087219.468177,0.04302199977246346, 0.34346400025242474,0,0,27.8,0.0,1
3000,1776087219.4979577,0.044117000470578205, 0.35199800004193094,0,0,27.8,0.0,1
3001,1776087219.5281832,0.0500919995829463, 0.3858879999825149,0,0,27.8,0.0,1
3002,1776087219.5578685,0.04576300034386804, 0.3405359993848833,0,0,27.8,0.0,1
3003,1776087219.5874379,0.04685200019594049, 0.3897850001521874,0,0,27.8,0.0,1
3004,1776087219.6169336,0.04772300053446088, 0.3379720001248643,0,0,27.8,0.0,1
3005,1776087219.6471858,0.04676899970945669, 0.38289099938992877,0,0,27.8,0.0,1
3005,1776087219.7064195,30.270979999841074, 0.32736699995439267,0,0,27.8,0.0,0
3006,1776087219.7481058,22.549137999703817, 0.28147499961050926,0,0,27.8,0.0,0
3007,1776087219.7645144,14.66140800039284, 0.22584500038647093,0,0,27.8,0.0,0
3008,1776087219.778649,11.611062999691057, 0.20590200074366294,0,0,27.8,0.0,0
3009,1776087219.815263,20.74349699978484, 0.2179120001528645,0,0,27.8,0.0,0
3010,1776087219.8448355,20.376814999508497, 0.21819100038555916,0,0,27.8,0.0,0
3011,1776087219.8723392,18.76056699984474, 0.20723899979202542,0,0,27.8,0.0,0
3012,1776087219.9040513,20.06417499978852, 0.21611400006804615,1,1,27.8,0.0,0
3013,1776087219.9349442,20.265526000002865, 0.23245499960466987,0,1,27.8,0.0,0
3014,1776087220.2233005,20.105683999645407, 259.0199930000381,1,2,27.8,0.0,0
3016,1776087220.2271004,0.2500569999028812, 0.3055689994653221,0,2,27.8,0.0,1
3017,1776087220.2412837,0.27849200068885693, 0.351528999999573,0,1,27.8,0.0,1
3018,1776087220.271033,0.21761399966635508, 0.3377429993633996,0,1,27.8,0.0,1
3019,1776087220.301809,1.7077369993785396, 0.30151500050124014,0,0,27.8,0.0,1
3020,1776087220.3346524,0.04491399977268884, 0.26499999967199983,0,0,27.8,0.0,1
3021,1776087220.3597956,0.04362600066087907, 0.3392290000192588,0,0,27.8,0.0,1
3022,1776087220.3891015,0.040439999793306924, 0.3590079995774431,0,0,27.8,0.0,1
3023,1776087220.41889,0.04610999985743547, 0.3526720001900685,0,0,27.8,0.0,1
3024,1776087220.448577,0.04669900044973474, 0.44303599952399964,0,0,27.8,0.0,1
3025,1776087220.4787757,0.04316200011089677, 0.3485309998723096,0,0,27.8,0.0,1
3026,1776087220.508326,0.04328300019551534, 0.33927399999811314,0,0,27.8,0.0,1
3027,1776087220.5380092,0.04367699966678629, 0.33622099999774946,0,0,27.8,0.0,1
3028,1776087220.5679452,0.04478700066101737, 0.3419499998926767,0,0,27.8,0.0,1
3029,1776087220.5979784,0.048767999942356255, 0.38141400000313297,0,0,27.8,0.0,1
3030,1776087220.6271296,0.04189100036455784, 0.3377510001882911,0,0,27.8,0.0,1
3031,1776087220.6572316,0.04375499975139974, 0.3451370002949261,0,0,27.8,0.0,1
3032,1776087220.6867924,0.04307099970901618, 0.35117599963996327,0,0,27.8,0.0,1
3033,1776087220.7162497,0.0455230001534801, 0.33776100008253707,0,0,27.8,0.0,1
3034,1776087220.7461333,0.04207199981465237, 0.3430990000197198,0,0,27.8,0.0,1
3035,1776087220.775853,0.04564099981507752, 0.345866000316164,0,0,27.8,0.0,1
3036,1776087220.8057504,0.05547599994315533, 0.34748800044326345,0,0,27.8,0.0,1
3037,1776087220.8352668,0.04462400011107093, 0.3437710001890082,0,0,27.8,0.0,1
3038,1776087220.8651128,0.043466000533953775, 0.3620289999162196,0,0,27.8,0.0,1
3039,1776087220.8947816,0.047184999857563525, 0.34478900033718674,0,0,27.8,0.0,1
3040,1776087220.9246094,0.05073099964647554, 0.3641880002760445,0,0,27.8,0.0,1
3041,1776087220.9540677,0.04234100015310105, 0.3447210001468193,0,0,27.8,0.0,1
3042,1776087220.9846306,0.052473999858193565, 0.40351299958274467,0,0,27.8,0.0,1
3043,1776087221.014039,0.04946099943481386, 0.37645599968527677,0,0,27.8,0.0,1
3044,1776087221.0435174,0.048830999730853364, 0.37635399985447293,0,0,27.8,0.0,1
3045,1776087221.0730171,0.04679500034399098, 0.34105099985026754,0,0,27.8,0.0,1
3046,1776087221.10284,0.042640999708964955, 0.3483709997453843,0,0,27.8,0.0,1
3047,1776087221.1326468,0.04554899987851968, 0.3595360003600945,0,0,27.8,0.0,1
3048,1776087221.1622932,0.04258399985701544, 0.3495049995763111,0,0,27.8,0.0,1
3049,1776087221.1919253,0.048504000005777925, 0.342398999237048,0,0,27.8,0.0,1
3049,1776087221.2525764,30.759133999708865, 0.2123909998772433,9,2,27.8,0.0,0
3050,1776087221.2688994,14.646200999777648, 0.21370500053308206,8,2,27.8,0.0,0
3051,1776087221.563272,20.234557000549103, 262.3032390001754,7,1,27.8,0.0,0
3053,1776087221.56738,0.21512100011022994, 0.3340960001878557,0,1,27.8,0.0,1
3054,1776087221.5792124,1.5039159998195828, 0.3013300001839525,0,1,27.8,0.0,1
3055,1776087221.6122441,0.17037199995684205, 0.2595030000520637,0,1,27.8,0.0,1
3056,1776087221.6378677,0.22983899998507695, 0.3453459994489094,0,0,27.8,0.0,1
3057,1776087221.6672196,0.04193199947621906, 0.3503910002109478,0,0,27.8,0.0,1
3058,1776087221.6973,0.050599000132933725, 0.3749190000235103,0,0,27.8,0.0,1
3059,1776087221.7271185,0.050302999625273515, 0.38413499987655086,0,0,27.8,0.0,1
3060,1776087221.757025,0.04925400025967974, 0.3812100003415253,0,0,27.8,0.0,1
3061,1776087221.7863412,0.045030999899609014, 0.3780819997700746,0,0,27.8,0.0,1
3062,1776087221.816279,0.05062499985797331, 0.38277100065897685,0,0,27.8,0.0,1
3063,1776087221.8457353,0.05910300023970194, 0.36796000040340004,0,0,27.8,0.0,1
3064,1776087221.8752143,0.04273200011084555, 0.3493800004434888,0,0,27.8,0.0,1
3065,1776087221.9053097,0.050288999773329124, 0.3740699994523311,0,0,27.8,0.0,1
3066,1776087221.9348052,0.046023999857425224, 0.3430899996601511,0,0,27.8,0.0,1
3067,1776087221.964601,0.05292100013321033, 0.3643669997472898,0,0,27.8,0.0,1
3068,1776087221.9945362,0.04977099979441846, 0.3702570002133143,0,0,27.8,0.0,1
3069,1776087222.0239508,0.04257599994161865, 0.3433559995755786,0,0,27.8,0.0,1
3070,1776087222.0537384,0.058880000324279536, 0.3490649996820139,0,0,27.8,0.0,1
3071,1776087222.0834615,0.049297000259684864, 0.37792900002386887,0,0,27.8,0.0,1
3072,1776087222.1130283,0.04958600038662553, 0.3762400001505739,0,0,27.8,0.0,1
3073,1776087222.1423824,0.046211000153562054, 0.4081619999851682,0,0,27.8,0.0,1
3074,1776087222.1726427,0.04325000008975621, 0.3747629998542834,0,0,27.8,0.0,1
3075,1776087222.2023351,0.04822899973078165, 0.3724649996001972,0,0,27.8,0.0,1
3076,1776087222.2321842,0.0495470003443188, 0.3738750001502922,0,0,27.8,0.0,1
3077,1776087222.2613165,0.04979999994247919, 0.33212800008186605,0,0,27.8,0.0,1
3078,1776087222.2915359,0.0502479997521732, 0.3563939999366994,0,0,27.8,0.0,1
3079,1776087222.3212938,0.04919599996355828, 0.37428999985422706,0,0,27.8,0.0,1
3080,1776087222.351382,0.04993699985789135, 0.38427900017268257,0,0,27.8,0.0,1
3081,1776087222.3803144,0.044530999730341136, 0.40525500025978545,0,0,27.8,0.0,1
3082,1776087222.4104135,0.04757799979415722, 0.3772250001929933,0,0,27.8,0.0,1
3083,1776087222.4399185,0.04333300057624001, 0.3374520001671044,0,0,27.8,0.0,1
3084,1776087222.4697216,0.058693000028142706, 0.3484939998088521,0,0,27.8,0.0,1
3085,1776087222.4992142,0.04277900006854907, 0.34726100057014264,0,0,27.8,0.0,1
3086,1776087222.5293083,0.04417500076669967, 0.39890500011097174,0,0,27.8,0.0,1
3086,1776087222.5910666,32.17048500027886, 0.22119999994174577,1,1,27.8,0.0,0
3087,1776087222.60686,14.035406000402872, 0.2237879998574499,0,1,27.8,0.0,0
3088,1776087222.9030886,20.669712999733747, 262.46443100080796,0,1,27.8,0.0,0
3090,1776087222.9070032,0.19885699930455303, 0.30601300022681244,0,1,27.8,0.0,1
3091,1776087222.9157114,1.4978449999034638, 0.27134999982081354,0,0,27.8,0.0,1
3092,1776087222.9492,0.03624200053309323, 0.2607649994388339,0,0,27.8,0.0,1
3093,1776087222.9748418,0.0481509996461682, 0.33640299989201594,0,0,27.8,0.0,1
3094,1776087223.0043702,0.04678900040744338, 0.3361849994689692,0,0,27.8,0.0,1
3095,1776087223.0341084,0.04325299960328266, 0.3425570002946188,0,0,27.8,0.0,1
3096,1776087223.0642009,0.04865600021730643, 0.39054900025803363,0,0,27.8,0.0,1
3097,1776087223.0937972,0.043478999941726215, 0.34164299995609326,0,0,27.8,0.0,1
3098,1776087223.1235595,0.05158000021765474, 0.3668989993457217,0,0,27.8,0.0,1
3099,1776087223.153408,0.04905500009044772, 0.3751250005734619,0,0,27.8,0.0,1
3100,1776087223.1831481,0.050364999879093375, 0.3793719997702283,0,0,27.8,0.0,1
3101,1776087223.2129602,0.04930199975206051, 0.3805579999607289,0,0,27.8,0.0,1
3102,1776087223.242016,0.04468099996302044, 0.34223400052724173,0,0,27.8,0.0,1
3103,1776087223.2722704,0.047153999730653595, 0.38604699966526823,0,0,27.8,0.0,1
3104,1776087223.3021991,0.05037499977333937, 0.3812949998973636,0,0,27.8,0.0,1
3105,1776087223.3311741,0.044718000026477966, 0.33532500037836144,0,0,27.8,0.0,1
3106,1776087223.3613675,0.04775500019604806, 0.3937379997296375,0,0,27.8,0.0,1
3107,1776087223.3908849,0.04576900028041564, 0.34095999944838695,0,0,27.8,0.0,1
3108,1776087223.4209092,0.04819100013264688, 0.38144200061651645,0,0,27.8,0.0,1
3109,1776087223.450099,0.04575300044962205, 0.34311000035813777,0,0,27.8,0.0,1
3110,1776087223.4800413,0.042378000216558576, 0.34324500029470073,0,0,27.8,0.0,1
3111,1776087223.5097225,0.05921100000705337, 0.350307999724464,0,0,27.8,0.0,1
3112,1776087223.5398142,0.04529699981503654, 0.3436959996179212,0,0,27.8,0.0,1
3113,1776087223.569342,0.04802499915967928, 0.37146300019230694,0,0,27.8,0.0,1
3114,1776087223.5990863,0.05073400006949669, 0.3777270003411104,0,0,27.8,0.0,1
3115,1776087223.628269,0.04507300036493689, 0.3376619997652597,0,0,27.8,0.0,1
3116,1776087223.6584842,0.04965900006936863, 0.38617699919996085,0,0,27.8,0.0,1
3117,1776087223.688342,0.04766200072481297, 0.3692840000439901,0,0,27.8,0.0,1
3118,1776087223.7179997,0.04784600059792865, 0.3824929999609594,0,0,27.8,0.0,1
3119,1776087223.7471664,0.04488800004764926, 0.340585999765608,0,0,27.8,0.0,1
3120,1776087223.776994,0.04437200004758779, 0.3406329997233115,0,0,27.8,0.0,1
3121,1776087223.8071728,0.05004400009056553, 0.37714700010837987,0,0,27.8,0.0,1
3122,1776087223.8365836,0.05139299992151791, 0.3572830000848626,0,0,27.8,0.0,1
3123,1776087223.8662014,0.04409300072438782, 0.344959000358358,0,0,27.8,0.0,1
3123,1776087223.926989,31.21432499938237, 0.2653190003911732,4,0,27.8,0.0,0
3124,1776087223.9435258,14.781472999857215, 0.23238799985847436,5,2,27.8,0.0,0
3125,1776087223.9776485,21.110282000336156, 0.322236999636516,3,2,27.8,0.0,0
3126,1776087224.262221,18.831059000149253, 257.9937170003177,4,2,27.8,0.0,0
3128,1776087224.2660167,0.249378000262368, 0.30154199976095697,0,2,27.8,0.0,1
3129,1776087224.2823737,0.27118400066683535, 0.343729000633175,0,2,27.8,0.0,1
3130,1776087224.3121686,0.2786639997793827, 0.3411699999560369,0,2,27.8,0.0,1
3131,1776087224.343511,1.7552930003148504, 0.3381570004421519,0,0,27.8,0.0,1
3132,1776087224.3753114,0.035771000511886086, 0.2615430003061192,0,0,27.8,0.0,1
3133,1776087224.4013338,0.049993000175163615, 0.3714399999807938,0,0,27.8,0.0,1
3134,1776087224.431296,0.04853300015383866, 0.38070000027801143,0,0,27.8,0.0,1
3135,1776087224.4606955,0.0459120001323754, 0.3584140004022629,0,0,27.8,0.0,1
3136,1776087224.4901178,0.04658800025936216, 0.3356079996592598,0,0,27.8,0.0,1
3137,1776087224.5202892,0.04781699954037322, 0.36676899981102906,0,0,27.8,0.0,1
3138,1776087224.5499856,0.04819599962502252, 0.37740199968538946,0,0,27.8,0.0,1
3139,1776087224.5791874,0.046083999222901184, 0.33663599970168434,0,0,27.8,0.0,1
3140,1776087224.6087248,0.06333100009214832, 0.34707499980868306,0,0,27.8,0.0,1
3141,1776087224.63843,0.050689999625319615, 0.4460340005607577,0,0,27.8,0.0,1
3142,1776087224.6681364,0.045402999603538774, 0.39478200051235035,0,0,27.8,0.0,1
3143,1776087224.6982114,0.04950800030201208, 0.37839300057385117,0,0,27.8,0.0,1
3144,1776087224.7279131,0.05122600032336777, 0.37424700076371664,0,0,27.8,0.0,1
3145,1776087224.7573624,0.05289799992169719, 0.39186199956020573,0,0,27.8,0.0,1
3146,1776087224.7868335,0.05081800009065773, 0.38325299919961253,0,0,27.8,0.0,1
3147,1776087224.8169158,0.05272900034469785, 0.38206600038392935,0,0,27.8,0.0,1
3148,1776087224.8462698,0.04545699994196184, 0.3778059999604011,0,0,27.8,0.0,1
3149,1776087224.8760061,0.04759099920192966, 0.4106070000489126,0,0,27.8,0.0,1
3150,1776087224.906209,0.05007599975215271, 0.3924430002371082,0,0,27.8,0.0,1
3151,1776087224.935591,0.05272899943520315, 0.42846799988183193,0,0,27.8,0.0,1
3152,1776087224.9655495,0.06124300034571206, 0.4304450003473903,0,0,27.8,0.0,1
3153,1776087224.9950173,0.045757999941997696, 0.41096299992204877,0,0,27.8,0.0,1
3154,1776087225.024648,0.054044000535213854, 0.42955000026267953,0,0,27.8,0.0,1
3155,1776087225.0546253,0.047900000026857015, 0.3710909995788825,0,0,27.8,0.0,1
3156,1776087225.0842266,0.05417600004875567, 0.4708859996753745,0,0,27.8,0.0,1
3157,1776087225.1136463,0.04109900055482285, 0.37044000055175275,0,0,27.8,0.0,1
3158,1776087225.1434941,0.05080800019641174, 0.4217269997752737,0,0,27.8,0.0,1
3159,1776087225.1732206,0.046082999688223936, 0.38445900008809986,0,0,27.8,0.0,1
3160,1776087225.2034092,0.051468000492604915, 0.3798830002779141,0,0,27.8,0.0,1
3161,1776087225.2330291,0.04638299924408784, 0.379525999960606,0,0,27.8,0.0,1
3161,1776087225.2810237,18.823173999408027, 0.21383600051194662,5,2,27.8,0.0,0
3162,1776087225.3176985,21.652759999597038, 0.2667500002644374,3,0,27.8,0.0,0
3163,1776087225.34217,18.851779000215174, 0.21609400027955417,3,2,27.8,0.0,0
3164,1776087225.3720865,20.012953000332345, 0.2228820003438159,3,2,27.8,0.0,0
3165,1776087225.662715,19.766794000133814, 261.39103199966485,4,1,27.8,0.0,0
3167,1776087225.666622,0.2143950005120132, 0.3189689996361267,0,1,27.8,0.0,1
3168,1776087225.6788185,0.22554199949809117, 0.3335149995109532,0,1,27.8,0.0,1
3169,1776087225.7107234,1.8106369998349692, 0.3231010005038115,0,1,27.8,0.0,1
3170,1776087225.742923,0.16804200004116865, 0.2595859996290528,0,0,27.8,0.0,1
3171,1776087225.7679532,0.04462000015337253, 0.34431299991410924,0,0,27.8,0.0,1
3172,1776087225.798107,0.04872399949817918, 0.3777270003411104,0,0,27.8,0.0,1
3173,1776087225.8276086,0.04496400015341351, 0.35345499964023475,0,0,27.8,0.0,1
3174,1776087225.8571587,0.04368600002635503, 0.342338999871572,0,0,27.8,0.0,1
3175,1776087225.8868978,0.04376600008981768, 0.3413799995541922,0,0,27.8,0.0,1
3176,1776087225.9167526,0.04723999973066384, 0.33889100086526014,0,0,27.8,0.0,1
3177,1776087225.9461887,0.045091000174579676, 0.33242399968003156,0,0,27.8,0.0,1
3178,1776087225.9763417,0.05114600025990512, 0.370450999980676,0,0,27.8,0.0,1
3179,1776087226.0061424,0.05027899987908313, 0.39097699936974095,0,0,27.8,0.0,1
3180,1776087226.0358603,0.04630700004781829, 0.3442450006332365,0,0,27.8,0.0,1
3181,1776087226.0654204,0.04749199979414698, 0.37838499974895967,0,0,27.8,0.0,1
3182,1776087226.095274,0.05024700021749595, 0.38168299943208694,0,0,27.8,0.0,1
3183,1776087226.1243322,0.045200000386103056, 0.3442090001044562,0,0,27.8,0.0,1
3184,1776087226.1546159,0.04587599960359512, 0.3643420004664222,0,0,27.8,0.0,1
3185,1776087226.1839652,0.04401600017445162, 0.3413279991946183,0,0,27.8,0.0,1
3186,1776087226.2138414,0.045308000153454486, 0.34051599959639134,0,0,27.8,0.0,1
3187,1776087226.2432625,0.04542199985735351, 0.3357030000188388,0,0,27.8,0.0,1
3188,1776087226.2734048,0.04807500044989865, 0.3755230000024312,0,0,27.8,0.0,1
3189,1776087226.303013,0.04252899998391513, 0.33992899989243597,0,0,27.8,0.0,1
3190,1776087226.3323677,0.044145999709144235, 0.34850299925892614,0,0,27.8,0.0,1
3191,1776087226.362225,0.044006000280205626, 0.3416480003579636,0,0,27.8,0.0,1
3192,1776087226.3920336,0.04384100066090468, 0.3437369996390771,0,0,27.8,0.0,1
3193,1776087226.4219174,0.043729000026360154, 0.34602899995661573,0,0,27.8,0.0,1
3194,1776087226.4516559,0.04601499949785648, 0.3614940005718381,0,0,27.8,0.0,1
3195,1776087226.4815373,0.051218000407970976, 0.37680200057366164,0,0,27.8,0.0,1
3196,1776087226.5109239,0.04289800017431844, 0.33899499976541847,0,0,27.8,0.0,1
3197,1776087226.5407338,0.061748999542032834, 0.3430229999139556,0,0,27.8,0.0,1
3198,1776087226.5701523,0.044515999434224796, 0.3386089993000496,0,0,27.8,0.0,1
3199,1776087226.6000268,0.045353999666986056, 0.3426309995120391,0,0,27.8,0.0,1
3200,1776087226.6300673,0.048302000323019456, 0.3756040005100658,0,0,27.8,0.0,1
3200,1776087226.6771224,17.561689999638475, 0.21967600059724646,2,2,27.8,0.0,0
3201,1776087226.7127602,21.75127100053942, 0.24648900034662802,1,0,27.8,0.0,0
3202,1776087226.73717,18.155468000259134, 0.21205299981374992,0,0,27.8,0.0,0
3203,1776087226.7697303,21.12884699999995, 0.2655180005604052,1,1,27.8,0.0,0
3204,1776087226.7991652,19.902252000065346, 0.23716599935141858,1,1,27.8,0.0,0
3205,1776087227.0858586,19.038397999793233, 258.9678249996723,1,1,27.8,0.0,0
3207,1776087227.089705,0.22786699992138892, 0.30094799967628205,0,1,27.8,0.0,1
3208,1776087227.1052136,0.21026800004619872, 0.3353489992150571,0,1,27.8,0.0,1
3209,1776087227.1364837,1.6865859997778898, 0.32637799995427486,0,1,27.8,0.0,1
3210,1776087227.1694057,0.17554099940753076, 0.279711000075622,0,0,27.8,0.0,1
3211,1776087227.1937788,0.04229100068187108, 0.3470430001470959,0,0,27.8,0.0,1
3212,1776087227.2234595,0.045197999497759156, 0.37819000044692075,0,0,27.8,0.0,1
3213,1776087227.253515,0.06079500053601805, 0.45137200049794046,0,0,27.8,0.0,1
3214,1776087227.2829857,0.04717799947684398, 0.40437999996356666,0,0,27.8,0.0,1
3215,1776087227.3126454,0.041371999941475224, 0.37714299924118677,0,0,27.8,0.0,1
3216,1776087227.3424256,0.04537000040727435, 0.4207979991406319,0,0,27.8,0.0,1
3217,1776087227.3721704,0.04518300011113752, 0.3859270000248216,0,0,27.8,0.0,1
3218,1776087227.4017746,0.04499500028032344, 0.34389200027362676,0,0,27.8,0.0,1
3219,1776087227.432483,0.04902399996353779, 0.40070800059766043,0,0,27.8,0.0,1
3220,1776087227.461379,0.05876199975318741, 0.43385200024204096,0,0,27.8,0.0,1
3221,1776087227.491092,0.040318000174011104, 0.3545239997038152,0,0,27.8,0.0,1
3222,1776087227.520839,0.049632999434834346, 0.3614919996834942,0,0,27.8,0.0,1
3223,1776087227.5505202,0.05093700019642711, 0.4419689994392684,0,0,27.8,0.0,1
3224,1776087227.5803058,0.04972100032318849, 0.41341999985888833,0,0,27.8,0.0,1
3225,1776087227.6103086,0.05123800019646296, 0.3865710004902212,0,0,27.8,0.0,1
3226,1776087227.6395571,0.04628400074579986, 0.3854240003420273,0,0,27.8,0.0,1
3227,1776087227.6694326,0.04655999964597868, 0.3914929993698024,0,0,27.8,0.0,1
3228,1776087227.6989741,0.04718000036518788, 0.399086000470561,0,0,27.8,0.0,1
3229,1776087227.7286077,0.04130199977225857, 0.3706540001076064,0,0,27.8,0.0,1
3230,1776087227.7586248,0.05736399998568231, 0.4392419996293029,0,0,27.8,0.0,1
3231,1776087227.7883377,0.05422600042948034, 0.46006600041437196,0,0,27.8,0.0,1
3232,1776087227.8180318,0.04584699945553439, 0.35160700008418644,0,0,27.8,0.0,1
3233,1776087227.8479702,0.0421859995185514, 0.34096400031558005,0,0,27.8,0.0,1
3234,1776087227.8782551,0.04959800025972072, 0.3762989999813726,0,0,27.8,0.0,1
3235,1776087227.9077,0.045197999497759156, 0.35831800050800666,0,0,27.8,0.0,1
3236,1776087227.9368892,0.046842999836371746, 0.34878499991464196,0,0,27.8,0.0,1
3237,1776087227.9667149,0.05700599922420224, 0.35055599983024877,0,0,27.8,0.0,1
3238,1776087227.9963152,0.04960000023856992, 0.3900520005117869,0,0,27.8,0.0,1
3239,1776087228.0259047,0.048363999667344615, 0.4079039999851375,0,0,27.8,0.0,1
3240,1776087228.0557299,0.043834999814862385, 0.4076120003446704,0,0,27.8,0.0,1
3240,1776087228.1036243,18.52677799979574, 0.19577900002332171,7,0,27.8,0.0,0
3241,1776087228.139319,22.00167099999817, 0.24058500002865912,6,2,27.8,0.0,0
3242,1776087228.1654792,19.735167000362708, 0.24069499977485975,9,2,27.8,0.0,0
3243,1776087228.4532979,20.011208000141778, 257.91376599954674,10,2,27.8,0.0,0
3245,1776087228.456764,0.2659499996298109, 0.2996729999722447,0,2,27.8,0.0,1
3246,1776087228.4732213,1.905568999973184, 0.3263850003349944,0,2,27.8,0.0,1
3247,1776087228.5058868,0.21283600017341087, 0.2580230002422468,0,2,27.8,0.0,1
3248,1776087228.5314379,0.3129090000584256, 0.40123100006894674,0,0,27.8,0.0,1
3249,1776087228.5608873,0.04914300006930716, 0.40695100051379995,0,0,27.8,0.0,1
3250,1776087228.5905118,0.04841199915972538, 0.39884600028017303,0,0,27.8,0.0,1
3251,1776087228.6206894,0.05216699992161011, 0.39209300030051963,0,0,27.8,0.0,1
3252,1776087228.6499825,0.042676000703067984, 0.36214700048731174,0,0,27.8,0.0,1
3253,1776087228.679583,0.04293999973015161, 0.40386700038652634,0,0,27.8,0.0,1
3254,1776087228.7096355,0.04577000072458759, 0.36651099981099833,0,0,27.8,0.0,1
3255,1776087228.739523,0.05139599943504436, 0.3823389997705817,0,0,27.8,0.0,1
3256,1776087228.7692034,0.05170300028112251, 0.38394400053221034,0,0,27.8,0.0,1
3257,1776087228.7985067,0.05169199994270457, 0.44226599948160583,0,0,27.8,0.0,1
3258,1776087228.8288696,0.05197199971007649, 0.40755300051387167,0,0,27.8,0.0,1
3259,1776087228.8582973,0.04636400080926251, 0.3540620000421768,0,0,27.8,0.0,1
3260,1776087228.8879693,0.047886000174912624, 0.37488500038307393,0,0,27.8,0.0,1
3261,1776087228.9179761,0.052351000704220496, 0.3999250002379995,0,0,27.8,0.0,1
3262,1776087228.9475467,0.05340900042938301, 0.37402399993879953,0,0,27.8,0.0,1
3263,1776087228.97691,0.048783999773149844, 0.4009280000900617,0,0,27.8,0.0,1
3264,1776087229.0064306,0.0474580001537106, 0.4039010000269627,0,0,27.8,0.0,1
3265,1776087229.0362363,0.04746099966723705, 0.3967060001741629,0,0,27.8,0.0,1
3266,1776087229.0659559,0.04658600028051296, 0.38680299985571764,0,0,27.8,0.0,1
3267,1776087229.0958052,0.05500000042957254, 0.37852999957976863,0,0,27.8,0.0,1
3268,1776087229.1252608,0.045511000280384906, 0.3813420007645618,0,0,27.8,0.0,1
3269,1776087229.1556861,0.05181599954084959, 0.41526799941493664,0,0,27.8,0.0,1
3270,1776087229.1847916,0.07141799960663775, 0.39185399964480894,0,0,27.8,0.0,1
3271,1776087229.2143834,0.04804699983651517, 0.393396999243123,0,0,27.8,0.0,1
3272,1776087229.2448282,0.046037999709369615, 0.3575099999579834,0,0,27.8,0.0,1
3273,1776087229.2745593,0.04643699958251091, 0.37231799979053903,0,0,27.8,0.0,1
3274,1776087229.3042934,0.04588800038618501, 0.37297099970601266,0,0,27.8,0.0,1
3275,1776087229.33331,0.05303000034473371, 0.41689099998620804,0,0,27.8,0.0,1
3276,1776087229.3630521,0.04326899943407625, 0.3721749999385793,0,0,27.8,0.0,1
3277,1776087229.3932602,0.05106499975227052, 0.39221099996211706,0,0,27.8,0.0,1
3278,1776087229.4232676,0.05166299979464384, 0.3738570003406494,0,0,27.8,0.0,1
3278,1776087229.4700642,18.158454000513302, 0.20890900032100035,5,2,27.8,0.0,0
3279,1776087229.5168774,22.86312199976237, 0.29489999997167615,4,0,27.8,0.0,0
3280,1776087229.535327,16.708957999981067, 0.21664699943357846,6,2,27.8,0.0,0
3281,1776087229.5588362,16.107203000501613, 0.22997099949861877,7,2,27.8,0.0,0
3282,1776087229.8511055,20.7798699993873, 259.247862999473,5,2,27.8,0.0,0
3284,1776087229.8552437,0.27434300045570126, 0.30617699940194143,0,2,27.8,0.0,1
3285,1776087229.8688762,0.2932440002041403, 0.34065799991367385,0,2,27.8,0.0,1
3286,1776087229.8995016,1.739858999826538, 0.32019199989008484,0,1,27.8,0.0,1
3287,1776087229.9321284,0.18497399923944613, 0.2632690002428717,0,0,27.8,0.0,1
3288,1776087229.9573631,0.052506999963952694, 0.4237690000081784,0,0,27.8,0.0,1
3289,1776087229.9870696,0.04553700000542449, 0.40135699964594096,0,0,27.8,0.0,1
3290,1776087230.017466,0.04723700021713739, 0.3760570007216302,0,0,27.8,0.0,1
3291,1776087230.0464537,0.046221999582485296, 0.37573200006590923,0,0,27.8,0.0,1
3292,1776087230.0763698,0.04584100042848149, 0.39827900036470965,0,0,27.8,0.0,1
3293,1776087230.1058817,0.0438090000898228, 0.34482799946999876,0,0,27.8,0.0,1
3294,1776087230.1358266,0.046377999751712196, 0.349278000612685,0,0,27.8,0.0,1
3295,1776087230.165397,0.046008000026631635, 0.3913020000254619,0,0,27.8,0.0,1
3296,1776087230.1950593,0.0452049998784787, 0.3918749998774729,0,0,27.8,0.0,1
3297,1776087230.224875,0.042800000301213004, 0.3523459999996703,0,0,27.8,0.0,1
3298,1776087230.25497,0.04621900006895885, 0.33743200037861243,0,0,27.8,0.0,1
3299,1776087230.2848036,0.04688700028054882, 0.363966000804794,0,0,27.8,0.0,1
3300,1776087230.3143961,0.04302099932829151, 0.35564100016927114,0,0,27.8,0.0,1
3301,1776087230.3439877,0.04314800025895238, 0.3412970008866978,0,0,27.8,0.0,1
3302,1776087230.3738718,0.04574899958242895, 0.34345800031587714,0,0,27.8,0.0,1
3303,1776087230.4038885,0.051979000090796035, 0.40823100061970763,0,0,27.8,0.0,1
3304,1776087230.4328194,0.043619000280159526, 0.37081299979035975,0,0,27.8,0.0,1
3305,1776087230.4627154,0.04528099998424295, 0.36965999970561825,0,0,27.8,0.0,1
3306,1776087230.4926314,0.045994000174687244, 0.38375799977075076,0,0,27.8,0.0,1
3307,1776087230.521972,0.042747999941639137, 0.35414800004218705,0,0,27.8,0.0,1
3308,1776087230.5516768,0.047528999857604504, 0.4172259996266803,0,0,27.8,0.0,1
3309,1776087230.5814314,0.04593700032273773, 0.39758999992045574,0,0,27.8,0.0,1
3310,1776087230.6110697,0.0449720000688103, 0.385443000595842,0,0,27.8,0.0,1
3311,1776087230.6406827,0.04710000030172523, 0.4003979993285611,0,0,27.8,0.0,1
3312,1776087230.6705332,0.048568000238446984, 0.3686009995362838,0,0,27.8,0.0,1
3313,1776087230.7001417,0.045235000470711384, 0.38794000010966556,0,0,27.8,0.0,1
3314,1776087230.729846,0.04283799989934778, 0.345607000781456,0,0,27.8,0.0,1
3315,1776087230.7595975,0.05519600017578341, 0.4078330002812436,0,0,27.8,0.0,1
3316,1776087230.7894878,0.05157000032340875, 0.4301150001992937,0,0,27.8,0.0,1
3317,1776087230.819426,0.052028999562026, 0.4061859999637818,0,0,27.8,0.0,1
3317,1776087230.8805,31.874573000095552, 0.22568999975192128,1,1,27.8,0.0,0
3318,1776087230.923844,22.42239299994253, 0.21606799964501988,2,0,27.8,0.0,0
3319,1776087230.940121,14.531047000673425, 0.2071090002573328,2,2,27.8,0.0,0
3320,1776087230.953895,12.034412000502925, 0.20924799991917098,4,2,27.8,0.0,0
3321,1776087231.2455416,19.455470999673707, 258.93281400021806,2,1,27.8,0.0,0
3323,1776087231.2486708,0.19584999972721562, 0.3250939998906688,0,1,27.8,0.0,1
3324,1776087231.26481,0.24359800045203883, 0.34518399934313493,0,1,27.8,0.0,1
3325,1776087231.2947328,0.239207000049646, 0.3605350002544583,0,0,27.8,0.0,1
3326,1776087231.3258972,1.6549140000279294, 0.3258780006945017,0,0,27.8,0.0,1
3327,1776087231.3584979,0.03708700023707934, 0.27460399996925844,0,0,27.8,0.0,1
3328,1776087231.383569,0.04800999977305764, 0.37894599972787546,0,0,27.8,0.0,1
3329,1776087231.4138896,0.048082999455800746, 0.40216899924416794,0,0,27.8,0.0,1
3330,1776087231.4437246,0.04936999994242797, 0.3918799993698485,0,0,27.8,0.0,1
3331,1776087231.472772,0.04483400061872089, 0.34985500042239437,0,0,27.8,0.0,1
3332,1776087231.5031056,0.04970600002707215, 0.4089379999641096,0,0,27.8,0.0,1
3333,1776087231.532497,0.06362700059980853, 0.44078099926991854,0,0,27.8,0.0,1
3334,1776087231.5619266,0.04184599947620882, 0.34676099949138006,0,0,27.8,0.0,1
3335,1776087231.5916433,0.06017500072630355, 0.41863200021907687,0,0,27.8,0.0,1
3336,1776087231.6216862,0.044579000132216606, 0.38615100038441597,0,0,27.8,0.0,1
3337,1776087231.6512644,0.05035699996369658, 0.4105179996258812,0,0,27.8,0.0,1
3338,1776087231.6807246,0.05490500006999355, 0.3415989995119162,0,0,27.8,0.0,1
3339,1776087231.7104452,0.0482320001538028, 0.383280999812996,0,0,27.8,0.0,1
3340,1776087231.7405717,0.04840099973080214, 0.3625370000008843,0,0,27.8,0.0,1
3341,1776087231.7703063,0.050037999244523235, 0.36890400042466354,0,0,27.8,0.0,1
3342,1776087231.7996976,0.046537000343960244, 0.41367999983776826,0,0,27.8,0.0,1
3343,1776087231.829362,0.04570799956127303, 0.3710189994308166,0,0,27.8,0.0,1
3344,1776087231.859595,0.052195000534993596, 0.3546540001480025,0,0,27.8,0.0,1
3345,1776087231.8890796,0.05072699968877714, 0.37701299970649416,0,0,27.8,0.0,1
3346,1776087231.918742,0.06370600021909922, 0.3503070001897868,0,0,27.8,0.0,1
3347,1776087231.948237,0.04704000002675457, 0.3810440002780524,0,0,27.8,0.0,1
3348,1776087231.979055,0.06905800000822637, 0.4834869996557245,0,0,27.8,0.0,1
3349,1776087232.0078778,0.04444199930730974, 0.3461300002527423,0,0,27.8,0.0,1
3350,1776087232.0379682,0.05111799964652164, 0.41071300074690953,0,0,27.8,0.0,1
3351,1776087232.0671237,0.04713599992101081, 0.3889089994117967,0,0,27.8,0.0,1
3352,1776087232.0968435,0.051095999879180454, 0.3880710000885301,0,0,27.8,0.0,1
3353,1776087232.1269717,0.049698000111675356, 0.38414500068029156,0,0,27.8,0.0,1
3354,1776087232.1563075,0.04664800053433282, 0.3834609997284133,0,0,27.8,0.0,1
3355,1776087232.1860604,0.042796000343514606, 0.35514100000000326,0,0,27.8,0.0,1
3356,1776087232.215707,0.04731500030175084, 0.4106250007680501,0,0,27.8,0.0,1
3356,1776087232.263608,18.440014999214327, 0.2210630000263336,4,2,27.8,0.0,0
3357,1776087232.2995093,21.96709599957103, 0.2239680006823619,4,0,27.8,0.0,0
3358,1776087232.325381,19.51628000006167, 0.21895800000493182,3,2,27.8,0.0,0
3359,1776087232.355091,19.753923999815015, 0.2188359994761413,5,2,27.8,0.0,0
3360,1776087232.6445577,20.23357699999906, 259.26577300015197,6,2,27.8,0.0,0
3362,1776087232.6482427,0.25464299960731296, 0.3011250000781729,0,2,27.8,0.0,1
3363,1776087232.6621604,0.27629199939838145, 0.33490399982838426,0,1,27.8,0.0,1
3364,1776087232.6933203,1.6283880004266393, 0.3209180003977963,0,1,27.8,0.0,1
3365,1776087232.7255166,0.1707500005068141, 0.2604219998829649,0,0,27.8,0.0,1
3366,1776087232.7513883,0.05107099968881812, 0.3865650005536736,0,0,27.8,0.0,1
3367,1776087232.780843,0.044445000639825594, 0.33593300031498075,0,0,27.8,0.0,1
3368,1776087232.8107502,0.06571399990207283, 0.3493799995339941,0,0,27.8,0.0,1
3369,1776087232.8401525,0.043431999984022696, 0.34788499942806084,0,0,27.8,0.0,1
3370,1776087232.869894,0.044676000470644794, 0.34065599993482465,0,0,27.8,0.0,1
3371,1776087232.9000556,0.048445000174979214, 0.3787160003412282,0,0,27.8,0.0,1
3372,1776087232.9292152,0.04387799981486751, 0.3417110001464607,0,0,27.8,0.0,1
3373,1776087232.9589326,0.04551799975160975, 0.3462049999143346,0,0,27.8,0.0,1
3374,1776087232.9893882,0.052225999752408825, 0.3846569998131599,0,0,27.8,0.0,1
3375,1776087233.0189126,0.04734800040750997, 0.37788800000271294,0,0,27.8,0.0,1
3376,1776087233.0484605,0.048300999878847506, 0.3857420006170287,0,0,27.8,0.0,1
3377,1776087233.0778873,0.04700499994214624, 0.3373649997229222,0,0,27.8,0.0,1
3378,1776087233.107829,0.045744000090053305, 0.33749700014595874,0,0,27.8,0.0,1
3379,1776087233.1371925,0.045761000365018845, 0.34439199953339994,0,0,27.8,0.0,1
3380,1776087233.167053,0.04432500008988427, 0.3460649995759013,0,0,27.8,0.0,1
3381,1776087233.1969097,0.04494500080909347, 0.34447300004103454,0,0,27.8,0.0,1
3382,1776087233.226388,0.04799799989996245, 0.34437999966030475,0,0,27.8,0.0,1
3383,1776087233.2565062,0.050416000703989994, 0.3691219999382156,0,0,27.8,0.0,1
3384,1776087233.2859519,0.0455959998362232, 0.3368179995959508,0,0,27.8,0.0,1
3385,1776087233.315699,0.04498999987845309, 0.3613580001911032,0,0,27.8,0.0,1
3386,1776087233.3452256,0.04371500017441576, 0.3395470002942602,0,0,27.8,0.0,1
3387,1776087233.3746188,0.0486979997731396, 0.38199099981284235,0,0,27.8,0.0,1
3388,1776087233.4046981,0.04649800030165352, 0.371089000509528,0,0,27.8,0.0,1
3389,1776087233.4340138,0.04655499924410833, 0.38925700027903076,0,0,27.8,0.0,1
3390,1776087233.4638202,0.0470730001325137, 0.3730020007424173,0,0,27.8,0.0,1
3391,1776087233.4934695,0.04638500013243174, 0.38522700015164446,0,0,27.8,0.0,1
3392,1776087233.523599,0.05417600004875567, 0.38068200046836864,0,0,27.8,0.0,1
3393,1776087233.5527446,0.06149000000732485, 0.3433780002524145,0,0,27.8,0.0,1
3394,1776087233.5827389,0.04416899992065737, 0.4030010004498763,0,0,27.8,0.0,1
3395,1776087233.612608,0.0478410001960583, 0.38638800015178276,0,0,27.8,0.0,1
3395,1776087233.660759,18.586295999739377, 0.21155700051167514,2,2,27.8,0.0,0
3396,1776087233.7195444,23.504259000219463, 0.256565000199771,2,0,27.8,0.0,0
3397,1776087233.7386465,17.286082999817154, 0.22416399951907806,4,2,27.8,0.0,0
3398,1776087233.7525797,12.223956000525504, 0.21508600002562162,3,2,27.8,0.0,0
3399,1776087234.0314538,14.244088999475935, 256.8185930003892,4,1,27.8,0.0,0
3401,1776087234.0347257,0.2124050006386824, 0.3045780003958498,0,1,27.8,0.0,1
3402,1776087234.0579722,0.25063699922611704, 0.37673299993912224,0,1,27.8,0.0,1
3403,1776087234.087764,0.23632299962628167, 0.34761599999910686,0,0,27.8,0.0,1
3404,1776087234.1189616,1.6657839996696566, 0.3331869993417058,0,0,27.8,0.0,1
3405,1776087234.1519804,0.03599699994083494, 0.27730300007533515,0,0,27.8,0.0,1
3406,1776087234.1768425,0.04192500000499422, 0.34086699997715186,0,0,27.8,0.0,1
3407,1776087234.2065437,0.045956999201735016, 0.36425800044526113,0,0,27.8,0.0,1
3408,1776087234.236317,0.04734600042866077, 0.37629799953720067,0,0,27.8,0.0,1
3409,1776087234.26642,0.05331699958333047, 0.3732210007001413,0,0,27.8,0.0,1
3410,1776087234.295761,0.0627310000709258, 0.36245100000087405,0,0,27.8,0.0,1
3411,1776087234.3253798,0.046238999857450835, 0.38160399981279625,0,0,27.8,0.0,1
3412,1776087234.355227,0.0473810005132691, 0.4536930000540451,0,0,27.8,0.0,1
3413,1776087234.3847706,0.04434400034369901, 0.3439089996390976,0,0,27.8,0.0,1
3414,1776087234.4150796,0.048584000069240574, 0.3871670005537453,0,0,27.8,0.0,1
3415,1776087234.4447162,0.04485199951886898, 0.382719000299403,0,0,27.8,0.0,1
3416,1776087234.4742386,0.06086999928811565, 0.4277159996490809,0,0,27.8,0.0,1
3417,1776087234.5036805,0.04576099945552414, 0.40483000066160457,0,0,27.8,0.0,1
3418,1776087234.5335414,0.04732899924420053, 0.4177749997325009,0,0,27.8,0.0,1
3419,1776087234.5634828,0.04831400019611465, 0.38423800015152665,0,0,27.8,0.0,1
3420,1776087234.592857,0.04211800023767864, 0.3480579998722533,0,0,27.8,0.0,1
3421,1776087234.622793,0.07194699992396636, 0.37963300019328017,0,0,27.8,0.0,1
3422,1776087234.6523964,0.04594899928633822, 0.4006609997304622,0,0,27.8,0.0,1
3423,1776087234.6819534,0.04437200004758779, 0.37957199947413756,0,0,27.8,0.0,1
3424,1776087234.7116547,0.04174900004727533, 0.3620890001911903,0,0,27.8,0.0,1
3425,1776087234.741342,0.047806000111449976, 0.3746920001503895,0,0,27.8,0.0,1
3426,1776087234.7715328,0.05137799962540157, 0.3549760003807023,0,0,27.8,0.0,1
3427,1776087234.8008425,0.04322499989939388, 0.3427559995543561,0,0,27.8,0.0,1
3428,1776087234.8311357,0.0450549996457994, 0.34553299974504625,0,0,27.8,0.0,1
3429,1776087234.861114,0.05162800061953021, 0.37539599998126505,0,0,27.8,0.0,1
3430,1776087234.890713,0.061437000113073736, 0.34319099995627766,0,0,27.8,0.0,1
3431,1776087234.920446,0.048655999307811726, 0.3766390000237152,0,0,27.8,0.0,1
3432,1776087234.9501033,0.04416899992065737, 0.3418039996176958,0,0,27.8,0.0,1
3433,1776087234.9805357,0.04841400004806928, 0.3770969997276552,0,0,27.8,0.0,1
3434,1776087235.0092888,0.043745000766648445, 0.3309260000605718,0,0,27.8,0.0,1
3434,1776087235.0567448,18.040431000372337, 0.22078999973018654,5,2,27.8,0.0,0
3435,1776087235.0935898,21.992031000081624, 0.23362000047200127,3,0,27.8,0.0,0
3436,1776087235.1181076,18.985377000717563, 0.21382100021583028,5,2,27.8,0.0,0
3437,1776087235.1476698,19.493497999974352, 0.24021300032472936,3,2,27.8,0.0,0
3438,1776087235.4357162,19.685254999785684, 258.1534429991734,4,2,27.8,0.0,0
3440,1776087235.4392917,0.2591319998828112, 0.2962099997603218,0,2,27.8,0.0,1
3441,1776087235.4552455,0.2719960002650623, 0.34125799993489636,0,2,27.8,0.0,1
3442,1776087235.4866548,1.8029460006800946, 0.2961050004159915,0,1,27.8,0.0,1
3443,1776087235.5190902,0.18280499989486998, 0.2704050002648728,0,0,27.8,0.0,1
3444,1776087235.5441084,0.044039999920642, 0.3385479994904017,0,0,27.8,0.0,1
3445,1776087235.5740352,0.0413289999414701, 0.34160999985033413,0,0,27.8,0.0,1
3446,1776087235.603779,0.05227600013313349, 0.3502970002955408,0,0,27.8,0.0,1
3447,1776087235.6331992,0.04530299975158414, 0.3425860004426795,0,0,27.8,0.0,1
3448,1776087235.663173,0.045028999920759816, 0.34288100050616777,0,0,27.8,0.0,1
3449,1776087235.6931212,0.04860800072492566, 0.3757980002774275,0,0,27.8,0.0,1
3450,1776087235.7223804,0.042362000385764986, 0.35226599993620766,0,0,27.8,0.0,1
3451,1776087235.752254,0.048234000132652, 0.3442759998506517,0,0,27.8,0.0,1
3452,1776087235.7821002,0.0517939997735084, 0.3781320001507993,0,0,27.8,0.0,1
3453,1776087235.8113794,0.04851499943470117, 0.405539999519533,0,0,27.8,0.0,1
3454,1776087235.8409643,0.044799000534112565, 0.3707610003402806,0,0,27.8,0.0,1
3455,1776087235.8709302,0.046692000069015194, 0.3568990005078376,0,0,27.8,0.0,1
3456,1776087235.9006078,0.05994800085318275, 0.438283999756095,0,0,27.8,0.0,1
3457,1776087235.9305446,0.0566789994991268, 0.4302649995224783,0,0,27.8,0.0,1
3458,1776087235.9597862,0.06818200017733034, 0.3789060001508915,0,0,27.8,0.0,1
3459,1776087235.9896383,0.05566700019699056, 0.4161060005571926,0,0,27.8,0.0,1
3460,1776087236.019974,0.05251299990050029, 0.4045510004289099,0,0,27.8,0.0,1
3461,1776087236.049674,0.045405000491882674, 0.3550080000422895,0,0,27.8,0.0,1
3462,1776087236.0791843,0.0453689999631024, 0.3421769997657975,0,0,27.8,0.0,1
3463,1776087236.1092122,0.04889799947704887, 0.38328600021486636,0,0,27.8,0.0,1
3464,1776087236.1390402,0.050245999773324, 0.3852679992633057,0,0,27.8,0.0,1
3465,1776087236.1682663,0.04463299956114497, 0.3388779996384983,0,0,27.8,0.0,1
3466,1776087236.1980412,0.04543100021692226, 0.3475359999356442,0,0,27.8,0.0,1
3467,1776087236.2278402,0.045279000005393755, 0.34660700021049706,0,0,27.8,0.0,1
3468,1776087236.2578747,0.04670900034398073, 0.33863800035760505,0,0,27.8,0.0,1
3469,1776087236.2872086,0.04217199966660701, 0.3473550004855497,0,0,27.8,0.0,1
3470,1776087236.3169296,0.042130999645451084, 0.3440410000621341,0,0,27.8,0.0,1
3471,1776087236.3469837,0.05016799968871055, 0.37770800008729566,0,0,27.8,0.0,1
3472,1776087236.376523,0.04930099930788856, 0.3694560000440106,0,0,27.8,0.0,1
3473,1776087236.4060843,0.04298899966670433, 0.3479609995338251,0,0,27.8,0.0,1
3473,1776087236.4669044,30.936168999687652, 0.23232700004882645,7,2,27.8,0.0,0
3474,1776087236.5106015,22.33167099984712, 0.21390900019468972,7,0,27.8,0.0,0
3475,1776087236.5269744,14.643726000031165, 0.2098259992635576,9,2,27.8,0.0,0
3476,1776087236.5407138,11.986094000349112, 0.20842100002482766,10,2,27.8,0.0,0
3477,1776087236.8332093,19.625271999757388, 259.3046519996278,11,2,27.8,0.0,0
3479,1776087236.8369853,0.2516879994800547, 0.26775599963002605,0,2,27.8,0.0,1
3480,1776087236.852297,0.2761749992714613, 0.3470150004432071,0,1,27.8,0.0,1
3481,1776087236.8814821,0.23741699988022447, 0.3436659999351832,0,0,27.8,0.0,1
3482,1776087236.912904,1.56189299923426, 0.3257610005675815,0,0,27.8,0.0,1
3483,1776087236.9451132,0.03490800008876249, 0.2644320002218592,0,0,27.8,0.0,1
3484,1776087236.9707484,0.05891399996471591, 0.3429529997447389,0,0,27.8,0.0,1
3485,1776087237.0003092,0.045525999667006545, 0.337686999955622,0,0,27.8,0.0,1
3486,1776087237.0301354,0.0446700005340972, 0.35768799989455147,0,0,27.8,0.0,1
3487,1776087237.0598786,0.04638799964595819, 0.3398179997020634,0,0,27.8,0.0,1
3488,1776087237.0892966,0.04664100015361328, 0.3303929997855448,0,0,27.8,0.0,1
3489,1776087237.1190464,0.04403299953992246, 0.34406199938530335,0,0,27.8,0.0,1
3490,1776087237.1489258,0.047773999540368095, 0.34174199936387595,0,0,27.8,0.0,1
3491,1776087237.1786754,0.04498899943428114, 0.3714799995577778,0,0,27.8,0.0,1
3492,1776087237.2082186,0.044175999391882215, 0.34210699959658086,0,0,27.8,0.0,1
3493,1776087237.2383049,0.04719900061900262, 0.38120899989735335,0,0,27.8,0.0,1
3494,1776087237.2681515,0.049866999688674696, 0.3830050000033225,0,0,27.8,0.0,1
3495,1776087237.2973084,0.045197999497759156, 0.3364710000823834,0,0,27.8,0.0,1
3496,1776087237.3271463,0.04331299987825332, 0.34614099968166556,0,0,27.8,0.0,1
3497,1776087237.3569329,0.043475999518705066, 0.3386770003999118,0,0,27.8,0.0,1
3498,1776087237.3867674,0.0435860001744004, 0.34652400063350797,0,0,27.8,0.0,1
3499,1776087237.416293,0.04505000015342375, 0.3409669998291065,0,0,27.8,0.0,1
3500,1776087237.4461703,0.04738899951917119, 0.3729190002559335,0,0,27.8,0.0,1
3501,1776087237.47571,0.04319800063967705, 0.3696020003189915,0,0,27.8,0.0,1
3502,1776087237.5057712,0.042439000026206486, 0.3459609997662483,0,0,27.8,0.0,1
3503,1776087237.5351307,0.04566100051306421, 0.34987300023203716,0,0,27.8,0.0,1
3504,1776087237.565268,0.0491660002808203, 0.37991199951648014,0,0,27.8,0.0,1
3505,1776087237.5947466,0.061748000007355586, 0.34894500004156725,0,0,27.8,0.0,1
3506,1776087237.6241994,0.04483599968807539, 0.3384890005690977,0,0,27.8,0.0,1
3507,1776087237.653989,0.04622899996320484, 0.34334700012550456,0,0,27.8,0.0,1
3508,1776087237.6838963,0.047405000259459484, 0.3613299995777197,0,0,27.8,0.0,1
3509,1776087237.7136579,0.04235100004734704, 0.36342800012789667,0,0,27.8,0.0,1
3510,1776087237.7434092,0.048330999561585486, 0.38564799979212694,0,0,27.8,0.0,1
3511,1776087237.773202,0.04876000002695946, 0.3821930004050955,0,0,27.8,0.0,1
3512,1776087237.8030653,0.050739000471367035, 0.38410399974964093,0,0,27.8,0.0,1
3512,1776087237.8630345,30.893264999576786, 0.2191240000684047,13,2,27.8,0.0,0
3513,1776087237.9221253,23.888876999990316, 0.306173999888415,13,0,27.8,0.0,0
3514,1776087237.9404671,16.465863000121317, 0.23421500009135343,7,2,27.8,0.0,0
3515,1776087237.9732006,20.61804899949493, 0.2487560004738043,8,2,27.8,0.0,0
3516,1776087238.280757,22.991028999967966, 259.21111199932056,7,2,27.8,0.0,0
3518,1776087238.2849216,0.24837000000843545, 0.18223099959868705,0,2,27.8,0.0,1
3519,1776087238.308032,0.27709400001185713, 0.34070099991367897,0,2,27.8,0.0,1
3520,1776087238.3392882,1.885521000076551, 0.3371740003785817,0,2,27.8,0.0,1
3521,1776087238.3712187,0.21313500019459752, 0.28093999935663305,0,0,27.8,0.0,1
3522,1776087238.3964171,0.046440999540209305, 0.37797700042574434,0,0,27.8,0.0,1
3523,1776087238.426517,0.04783300028066151, 0.36777200057258597,0,0,27.8,0.0,1
3524,1776087238.4559498,0.04657099998439662, 0.38687999949615914,0,0,27.8,0.0,1
3525,1776087238.4856715,0.04364300002634991, 0.3831120002359967,0,0,27.8,0.0,1
3526,1776087238.5153654,0.04622699998435564, 0.38695300008839695,0,0,27.8,0.0,1
3527,1776087238.5451782,0.04597400038619526, 0.3949920001105056,0,0,27.8,0.0,1
3528,1776087238.5747359,0.04584700036502909, 0.41409700043004705,0,0,27.8,0.0,1
3529,1776087238.604466,0.046350000047823414, 0.38944100015214644,0,0,27.8,0.0,1
3530,1776087238.6345615,0.05041700023866724, 0.36876000012853183,0,0,27.8,0.0,1
3531,1776087238.6637874,0.04480499956116546, 0.3496529998301412,0,0,27.8,0.0,1
3532,1776087238.6937892,0.06719199973304057, 0.3934400001526228,0,0,27.8,0.0,1
3533,1776087238.7233033,0.0460680003016023, 0.3833170003417763,0,0,27.8,0.0,1
3534,1776087238.7534568,0.050987000577151775, 0.37796099968545604,0,0,27.8,0.0,1
3535,1776087238.782826,0.04516399985732278, 0.3647559997261851,0,0,27.8,0.0,1
3536,1776087238.8125596,0.04810399968846468, 0.4526250004346366,0,0,27.8,0.0,1
3537,1776087238.8425083,0.05315099951985758, 0.3933850002795225,0,0,27.8,0.0,1
3538,1776087238.8721483,0.05235199932940304, 0.4449119996934314,0,0,27.8,0.0,1
3539,1776087238.9018178,0.04571599947666982, 0.36795200048800325,0,0,27.8,0.0,1
3540,1776087238.9322371,0.05111700011184439, 0.377409000066109,0,0,27.8,0.0,1
3541,1776087238.9616783,0.044596000407182146, 0.3601520002121106,0,0,27.8,0.0,1
3542,1776087238.9915893,0.04827900011150632, 0.36896699930366594,0,0,27.8,0.0,1
3543,1776087239.02126,0.04738200004794635, 0.3785659991990542,0,0,27.8,0.0,1
3544,1776087239.050775,0.04213700049149338, 0.34500199944886845,0,0,27.8,0.0,1
3545,1776087239.080318,0.0433429995609913, 0.33699300001899246,0,0,27.8,0.0,1
3546,1776087239.1103625,0.048024000534496736, 0.37321799936762545,0,0,27.8,0.0,1
3547,1776087239.1402056,0.046361999920918606, 0.38165299974934896,0,0,27.8,0.0,1
3548,1776087239.1692944,0.044501999582280405, 0.3443969999352703,0,0,27.8,0.0,1
3549,1776087239.1992114,0.04367400015325984, 0.34316200071771163,0,0,27.8,0.0,1
3550,1776087239.2290094,0.04626600002666237, 0.3485609995550476,0,0,27.8,0.0,1
3551,1776087239.2590144,0.04863600042881444, 0.3866829993057763,0,0,27.8,0.0,1
3551,1776087239.3192756,31.029542999931436, 0.26373400032753125,5,2,27.8,0.0,0
3552,1776087239.3362386,14.888408999468083, 0.2160399999411311,5,0,27.8,0.0,0
3553,1776087239.371687,21.42891800031066, 0.23361500007013092,7,2,27.8,0.0,0
3554,1776087239.396154,18.010148000030313, 0.21792799998365808,5,2,27.8,0.0,0
3555,1776087239.681417,19.104091999906814, 256.80675100011285,6,2,27.8,0.0,0
3557,1776087239.6855133,0.2742140004556859, 0.32727300003898563,0,2,27.8,0.0,1
3558,1776087239.704489,0.27481500001158565, 0.3383309995115269,0,2,27.8,0.0,1
3559,1776087239.734581,0.29915499999333406, 0.3650210001069354,0,2,27.8,0.0,1
3560,1776087239.7659774,1.8200300000899006, 0.34861500080296537,0,0,27.8,0.0,1
3561,1776087239.7983692,0.037836000046809204, 0.2879820003727218,0,0,27.8,0.0,1
3562,1776087239.8231955,0.04373699994175695, 0.3437220002524555,0,0,27.8,0.0,1
3563,1776087239.8528602,0.04530299975158414, 0.3415179999137763,0,0,27.8,0.0,1
3564,1776087239.8831959,0.04911099949822528, 0.3754579993255902,0,0,27.8,0.0,1
3565,1776087239.912553,0.05209200026001781, 0.35748099980992265,0,0,27.8,0.0,1
3566,1776087239.9424007,0.047375000576721504, 0.39232000017364044,0,0,27.8,0.0,1
3567,1776087239.971848,0.04255700059729861, 0.34971300010511186,0,0,27.8,0.0,1
3568,1776087240.00212,0.05008400057704421, 0.3763209997487138,0,0,27.8,0.0,1
3569,1776087240.0311852,0.04382800034363754, 0.34664299982978264,0,0,27.8,0.0,1
3570,1776087240.0612662,0.04783600070368266, 0.3762699998333119,0,0,27.8,0.0,1
3571,1776087240.0908363,0.04393299968796782, 0.344923999364255,0,0,27.8,0.0,1
3572,1776087240.120644,0.04292399989935802, 0.36140999964118237,0,0,27.8,0.0,1
3573,1776087240.150011,0.04455999987840187, 0.3443610003159847,0,0,27.8,0.0,1
3574,1776087240.1801608,0.0521120000485098, 0.38378400040528504,0,0,27.8,0.0,1
3575,1776087240.2101364,0.05122599941387307, 0.3797730005317135,0,0,27.8,0.0,1
3576,1776087240.2392237,0.04402899958222406, 0.33950299985008314,0,0,27.8,0.0,1
3577,1776087240.2692814,0.04714299939223565, 0.37556999996013474,0,0,27.8,0.0,1
3578,1776087240.2988644,0.044518000322568696, 0.3365800002939068,0,0,27.8,0.0,1
3579,1776087240.3286448,0.04485400040721288, 0.3645050001068739,0,0,27.8,0.0,1
3580,1776087240.358491,0.04779700066137593, 0.3733570001713815,0,0,27.8,0.0,1
3581,1776087240.3878818,0.047186999836412724, 0.3394029999981285,0,0,27.8,0.0,1
3582,1776087240.4181318,0.04937700032314751, 0.38166099966474576,0,0,27.8,0.0,1
3583,1776087240.4472055,0.04168399937043432, 0.3499929998724838,0,0,27.8,0.0,1
3584,1776087240.4765067,0.0445910000053118, 0.3763449994949042,0,0,27.8,0.0,1
3585,1776087240.5062149,0.04521899973042309, 0.3975259996877867,0,0,27.8,0.0,1
3586,1776087240.5360692,0.04390699996292824, 0.34608399982971605,0,0,27.8,0.0,1
3587,1776087240.5662308,0.05031499949836871, 0.4069739998158184,0,0,27.8,0.0,1
3588,1776087240.5958526,0.05160199998499593, 0.3752389993678662,0,0,27.8,0.0,1
3589,1776087240.625561,0.04884699956164695, 0.3918230004273937,0,0,27.8,0.0,1
3590,1776087240.654724,0.06592499994440004, 0.3463570001258631,0,0,27.8,0.0,1
3590,1776087240.7030225,18.410241000310634, 0.21174399989831727,14,2,27.8,0.0,0
3591,1776087240.7567282,22.84514599978138, 0.24758999916230096,14,0,27.8,0.0,0
3592,1776087240.7758758,17.377017000399064, 0.21053599994047545,18,2,27.8,0.0,0
3593,1776087240.789477,11.918187999981456, 0.2322469999853638,19,2,27.8,0.0,0
3594,1776087241.0842025,21.471193000252242, 258.0327149998993,16,2,27.8,0.0,0
3596,1776087241.0881748,0.20671699985541636, 0.1895830000648857,0,2,27.8,0.0,1
3597,1776087241.101189,0.27613000020210166, 0.3375189999132999,0,2,27.8,0.0,1
3598,1776087241.1326215,1.7922130000442849, 0.31137000041780993,0,2,27.8,0.0,1
3599,1776087241.1646314,0.22073200034355978, 0.26271300066582626,0,0,27.8,0.0,1
3600,1776087241.1901379,0.045650999709323514, 0.33908600016729906,0,0,27.8,0.0,1
3601,1776087241.2201924,0.050182000450149644, 0.3784159998758696,0,0,27.8,0.0,1
3602,1776087241.2497747,0.043990999984089285, 0.3435079997871071,0,0,27.8,0.0,1
3603,1776087241.279816,0.044128999434178695, 0.3415689998291782,0,0,27.8,0.0,1
3604,1776087241.309572,0.049309000132780056, 0.3698760001498158,0,0,27.8,0.0,1
3605,1776087241.3392174,0.04713299949798966, 0.38009899981261697,0,0,27.8,0.0,1
3606,1776087241.3687167,0.060381999901437666, 0.33932499991351506,0,0,27.8,0.0,1
3607,1776087241.3981497,0.044968000111111905, 0.33742999949026853,0,0,27.8,0.0,1
3608,1776087241.4279182,0.04343900036474224, 0.340536000294378,0,0,27.8,0.0,1
3609,1776087241.4577382,0.060026000028301496, 0.3392910002730787,0,0,27.8,0.0,1
3610,1776087241.487276,0.0449720000688103, 0.3366290002304595,0,0,27.8,0.0,1
3611,1776087241.517023,0.04269900000508642, 0.34064000010403106,0,0,27.8,0.0,1
3612,1776087241.5469294,0.048767999942356255, 0.33923000046343077,0,0,27.8,0.0,1
3613,1776087241.5766554,0.04325000008975621, 0.3579520007406245,0,0,27.8,0.0,1
3614,1776087241.6061606,0.04353199983597733, 0.33185899974341737,0,0,27.8,0.0,1
3615,1776087241.6358695,0.04542399983620271, 0.33973199970205314,0,0,27.8,0.0,1
3616,1776087241.6660879,0.048861999857763294, 0.3721229995790054,0,0,27.8,0.0,1
3617,1776087241.6952922,0.042753000343509484, 0.342338999871572,0,0,27.8,0.0,1
3618,1776087241.7253616,0.04844599970965646, 0.3663480001705466,0,0,27.8,0.0,1
3619,1776087241.7552528,0.04944600004819222, 0.3773970001930138,0,0,27.8,0.0,1
3620,1776087241.7847583,0.06054400000721216, 0.3563509999366943,0,0,27.8,0.0,1
3621,1776087241.8137953,0.041555000279913656, 0.3449709993219585,0,0,27.8,0.0,1
3622,1776087241.8440373,0.04993899983674055, 0.41209900064131944,0,0,27.8,0.0,1
3623,1776087241.8732166,0.05158500061952509, 0.439141000242671,0,0,27.8,0.0,1
3624,1776087241.9030044,0.04643499960366171, 0.38637399939034367,0,0,27.8,0.0,1
3625,1776087241.9324908,0.04599600015353644, 0.37983499987603864,0,0,27.8,0.0,1
3626,1776087241.9625254,0.05496799985849066, 0.4626540003300761,0,0,27.8,0.0,1
3627,1776087241.9930835,0.052695000704261474, 0.4073630007042084,0,0,27.8,0.0,1
3628,1776087242.022484,0.05010899985791184, 0.3777510000873008,0,0,27.8,0.0,1
3629,1776087242.0519068,0.04464800076675601, 0.3488949996608426,0,0,27.8,0.0,1
3629,1776087242.1128752,31.006918000457517, 0.21830199966643704,17,2,27.8,0.0,0
3630,1776087242.1639488,22.78034499977366, 0.23050799973134417,17,0,27.8,0.0,0
3631,1776087242.1817265,16.034623999985342, 0.208456000109436,22,2,27.8,0.0,0
3632,1776087242.195676,12.208848999762267, 0.2314140001544729,16,2,27.8,0.0,0
3633,1776087242.473776,13.335765000192623, 257.76106899957085,17,2,27.8,0.0,0
3635,1776087242.4776425,0.280721999843081, 0.20003600002382882,0,2,27.8,0.0,1
3636,1776087242.4983928,0.3042430007553776, 0.3731379993041628,0,1,27.8,0.0,1
3637,1776087242.527328,0.23176800004875986, 0.33484699997643474,0,1,27.8,0.0,1
3638,1776087242.558985,1.6795640003692824, 0.32985100006044377,0,0,27.8,0.0,1
3639,1776087242.5915902,0.03558000025805086, 0.27453300026536454,0,0,27.8,0.0,1
3640,1776087242.6166377,0.045637000766873825, 0.3562780002539512,0,0,27.8,0.0,1
3641,1776087242.6464486,0.04749699928652262, 0.37906300076429034,0,0,27.8,0.0,1
3642,1776087242.6763024,0.049729999773262534, 0.38104699979157886,0,0,27.8,0.0,1
3643,1776087242.7060218,0.04932799947710009, 0.37509400044655195,0,0,27.8,0.0,1
3644,1776087242.735583,0.04680500023823697, 0.37072200029797386,0,0,27.8,0.0,1
3645,1776087242.765545,0.05364299977372866, 0.36846100010734517,0,0,27.8,0.0,1
3646,1776087242.7952282,0.05212799987930339, 0.39125900002545677,0,0,27.8,0.0,1
3647,1776087242.8249097,0.045867999688198324, 0.37475600038305856,0,0,27.8,0.0,1
3648,1776087242.8541641,0.04393700055516092, 0.3383690000191564,0,0,27.8,0.0,1
3649,1776087242.8840442,0.04553399958240334, 0.3387139995538746,0,0,27.8,0.0,1
3650,1776087242.914036,0.05052800042903982, 0.3743130000657402,0,0,27.8,0.0,1
3651,1776087242.9435382,0.04590099979395745, 0.3697559995998745,0,0,27.8,0.0,1
3652,1776087242.973337,0.050366999857942574, 0.3822699991360423,0,0,27.8,0.0,1
3653,1776087243.0032053,0.047307999921031296, 0.38580000000365544,0,0,27.8,0.0,1
3654,1776087243.032986,0.049076999857788906, 0.38061499981267843,0,0,27.8,0.0,1
3655,1776087243.0625122,0.046270999519038014, 0.3740819993254263,0,0,27.8,0.0,1
3656,1776087243.092476,0.04928600083076162, 0.3668749995995313,0,0,27.8,0.0,1
3657,1776087243.1220233,0.049108999519376084, 0.3891850001309649,0,0,27.8,0.0,1
3658,1776087243.1516652,0.04343999989941949, 0.3599800002120901,0,0,27.8,0.0,1
3659,1776087243.1810787,0.04446200000529643, 0.3438300000198069,0,0,27.8,0.0,1
3660,1776087243.2108455,0.04506599998421734, 0.3506379998725606,0,0,27.8,0.0,1
3661,1776087243.2409673,0.047572999392286874, 0.3871299995807931,0,0,27.8,0.0,1
3662,1776087243.2702105,0.04080700000486104, 0.34800699995685136,0,0,27.8,0.0,1
3663,1776087243.3002422,0.046766000195930246, 0.37766100012959214,0,0,27.8,0.0,1
3664,1776087243.3298001,0.04321799951867433, 0.3447089993642294,0,0,27.8,0.0,1
3665,1776087243.3595688,0.04762699973070994, 0.37517700002354104,0,0,27.8,0.0,1
3666,1776087243.3894324,0.046377999751712196, 0.3862940002363757,0,0,27.8,0.0,1
3667,1776087243.4191391,0.04787499983649468, 0.37619199974869844,0,0,27.8,0.0,1
3668,1776087243.4486246,0.04494299992074957, 0.37089199940965045,0,0,27.8,0.0,1
3668,1776087243.5113313,33.061635000194656, 0.21429199932754273,18,2,27.8,0.0,0
3669,1776087243.52677,13.750123000136227, 0.19180799972673412,19,0,27.8,0.0,0
3670,1776087243.5599623,20.456567000110226, 0.2189820006606169,19,2,27.8,0.0,0
3671,1776087243.5879693,19.265488000201003, 0.21665299937012605,14,2,27.8,0.0,0
3672,1776087243.875673,19.75971899992146, 258.43717999941873,17,2,27.8,0.0,0
3674,1776087243.8793142,0.2519290001146146, 0.3064479997192393,0,2,27.8,0.0,1
3675,1776087243.8943434,0.27414000032877084, 0.34240700006193947,0,2,27.8,0.0,1
3676,1776087243.9257889,1.7890039998746943, 0.3008169996974175,0,1,27.8,0.0,1
3677,1776087243.9581144,0.18441300017002504, 0.2588869992905529,0,0,27.8,0.0,1
3678,1776087243.9834032,0.042890999793598894, 0.3538709997883416,0,0,27.8,0.0,1
3679,1776087244.0133972,0.04840000019612489, 0.3950139998778468,0,0,27.8,0.0,1
3680,1776087244.0429132,0.04300299951864872, 0.34376999974483624,0,0,27.8,0.0,1
3681,1776087244.072694,0.04381599956104765, 0.3617309994297102,0,0,27.8,0.0,1
3682,1776087244.1021998,0.045060000047669746, 0.34437400063325185,0,0,27.8,0.0,1
3683,1776087244.1324112,0.04948799960402539, 0.37804200019309064,0,0,27.8,0.0,1
3684,1776087244.1621385,0.05091999992146157, 0.38570699962292565,0,0,27.8,0.0,1
3685,1776087244.1919265,0.04802100011147559, 0.3853799998978502,0,0,27.8,0.0,1
3686,1776087244.221104,0.04460000036488054, 0.3396239999347017,0,0,27.8,0.0,1
3687,1776087244.25122,0.04614799945557024, 0.3825880003205384,0,0,27.8,0.0,1
3688,1776087244.2802866,0.04491399977268884, 0.3470329993433552,0,0,27.8,0.0,1
3689,1776087244.3101373,0.043109000216645654, 0.33328900008200435,0,0,27.8,0.0,1
3690,1776087244.3400517,0.04354599968792172, 0.3431790000831825,0,0,27.8,0.0,1
3691,1776087244.370146,0.04933800028084079, 0.38437200055341236,0,0,27.8,0.0,1
3692,1776087244.400113,0.050937999731104355, 0.3757759996005916,0,0,27.8,0.0,1
3693,1776087244.429474,0.050920999456138816, 0.38464699991891393,0,0,27.8,0.0,1
3694,1776087244.4589674,0.04345699926489033, 0.345217999893066,0,0,27.8,0.0,1
3695,1776087244.488804,0.04211800023767864, 0.34912699993583374,0,0,27.8,0.0,1
3696,1776087244.5185952,0.05290500030241674, 0.35869100065610837,0,0,27.8,0.0,1
3697,1776087244.5482976,0.04747399998450419, 0.3852820000247448,0,0,27.8,0.0,1
3698,1776087244.5779874,0.04513499970926205, 0.3452680002737907,0,0,27.8,0.0,1
3699,1776087244.6075938,0.042814000153157394, 0.37439900006575044,0,0,27.8,0.0,1
3700,1776087244.636612,0.04080200051248539, 0.37661999976990046,0,0,27.8,0.0,1
3701,1776087244.6666498,0.04495499979384476, 0.38277699968602974,0,0,27.8,0.0,1
3702,1776087244.696514,0.04994799928681459, 0.36715399983222596,0,0,27.8,0.0,1
3703,1776087244.725911,0.04761300078826025, 0.3903300003003096,0,0,27.8,0.0,1
3704,1776087244.7555254,0.05150299966771854, 0.4172570006630849,0,0,27.8,0.0,1
3705,1776087244.785248,0.045544000386144035, 0.39055999968695687,0,0,27.8,0.0,1
3706,1776087244.8148053,0.04215700027998537, 0.3429460002735141,0,0,27.8,0.0,1
3707,1776087244.8445911,0.04147800063947216, 0.37860100019315723,0,0,27.8,0.0,1
3707,1776087244.9069953,32.65931499936414, 0.30658100058644777,26,2,27.8,0.0,0
3708,1776087244.9236164,14.899427000273135, 0.20217800010868814,25,0,27.8,0.0,0
3709,1776087244.9577625,20.930720000251313, 0.2250990000902675,32,2,27.8,0.0,0
3710,1776087244.9846807,18.721825000284298, 0.25326499962829985,28,2,27.8,0.0,0
3711,1776087245.2713108,19.927234000533645, 257.29465699987486,29,1,27.8,0.0,0
3713,1776087245.2750046,0.19633500050986186, 0.30287699973996496,0,1,27.8,0.0,1
3714,1776087245.291046,0.21851899964531185, 0.33299300048383884,0,0,27.8,0.0,1
3715,1776087245.3207834,0.047137999899860006, 0.34773699917423073,0,0,27.8,0.0,1
3716,1776087245.3521006,1.6444940001747455, 0.33059599991247524,0,0,27.8,0.0,1
3717,1776087245.3846111,0.03602699962357292, 0.26801300009537954,0,0,27.8,0.0,1
3718,1776087245.4094858,0.0524930001120083, 0.4369909993329202,0,0,27.8,0.0,1
3719,1776087245.4390252,0.04693199934990844, 0.40518000059819315,0,0,27.8,0.0,1
3720,1776087245.4689202,0.04677700053434819, 0.3635140001279069,0,0,27.8,0.0,1
3721,1776087245.4988003,0.06918100007169414, 0.4073130003234837,0,0,27.8,0.0,1
3722,1776087245.5284984,0.04971999987901654, 0.3632649995779502,0,0,27.8,0.0,1
3723,1776087245.5578148,0.04236699987814063, 0.3475880002952181,0,0,27.8,0.0,1
3724,1776087245.5879946,0.04816699947696179, 0.3441050002948032,0,0,27.8,0.0,1
3725,1776087245.6181996,0.04933800028084079, 0.38439400032075355,0,0,27.8,0.0,1
3726,1776087245.647815,0.04401099977258127, 0.337039999976696,0,0,27.8,0.0,1
3727,1776087245.677074,0.04445299964572769, 0.33916899974428816,0,0,27.8,0.0,1
3728,1776087245.7070582,0.044070000512874685, 0.3385030004210421,0,0,27.8,0.0,1
3729,1776087245.7367814,0.04252399958204478, 0.34231300014653243,0,0,27.8,0.0,1
3730,1776087245.7663355,0.04332000025897287, 0.34151300042140065,0,0,27.8,0.0,1
3731,1776087245.7959063,0.042071000279975124, 0.33388300016667927,0,0,27.8,0.0,1
3732,1776087245.8262112,0.04812800034414977, 0.37662799968529725,0,0,27.8,0.0,1
3733,1776087245.855881,0.05020299977331888, 0.37594700006593484,0,0,27.8,0.0,1
3734,1776087245.8853621,0.04322699987824308, 0.33692399938445305,0,0,27.8,0.0,1
3735,1776087245.9152834,0.05041699932917254, 0.3768700007640291,0,0,27.8,0.0,1
3736,1776087245.9451015,0.05035899994254578, 0.3765860001294641,0,0,27.8,0.0,1
3737,1776087245.9742234,0.04433800040715141, 0.3391860000192537,0,0,27.8,0.0,1
3738,1776087246.0041873,0.04467900089366594, 0.34578800023155054,0,0,27.8,0.0,1
3739,1776087246.0339093,0.04412399994180305, 0.341393000780954,0,0,27.8,0.0,1
3740,1776087246.063767,0.04366899975138949, 0.3493510002954281,0,0,27.8,0.0,1
3741,1776087246.0934815,0.04829899989999831, 0.3760310000870959,0,0,27.8,0.0,1
3742,1776087246.1232483,0.04792300023837015, 0.3858089994537295,0,0,27.8,0.0,1
3743,1776087246.153054,0.05051100015407428, 0.3781420000450453,0,0,27.8,0.0,1
3744,1776087246.1822553,0.04328399973019259, 0.33594500018807594,0,0,27.8,0.0,1
3745,1776087246.2126079,0.04477500078792218, 0.3607099997680052,0,0,27.8,0.0,1
3746,1776087246.2421813,0.04851300036534667, 0.3811349997704383,0,0,27.8,0.0,1
3746,1776087246.3020816,30.37461300027644, 0.24010900051507633,18,2,27.8,0.0,0
3747,1776087246.3185225,14.703783999721054, 0.22597099996346515,19,0,27.8,0.0,0
3748,1776087246.352605,21.282296999743266, 0.21956499949737918,25,2,27.8,0.0,0
3749,1776087246.3788934,18.458939000083774, 0.21329499941202812,24,2,27.8,0.0,0
3750,1776087246.6691568,20.76126799966005, 258.3810230007657,18,2,27.8,0.0,0
3752,1776087246.6723273,0.24003199996514013, 0.28600499990716344,0,2,27.8,0.0,1
3753,1776087246.687077,0.29334400005609496, 0.37942400012980215,0,2,27.8,0.0,1
3754,1776087246.7183347,1.781008999387268, 0.3173179993609665,0,1,27.8,0.0,1
3755,1776087246.7509909,0.18522699974710122, 0.2575349999460741,0,0,27.8,0.0,1
3756,1776087246.7762244,0.04581699977279641, 0.38955699983489467,0,0,27.8,0.0,1
3757,1776087246.8058689,0.04914299915981246, 0.38416699953813804,0,0,27.8,0.0,1
3758,1776087246.835774,0.09784600024431711, 0.3515250000418746,0,0,27.8,0.0,1
3759,1776087246.8652668,0.045089999730407726, 0.37920100021437975,0,0,27.8,0.0,1
3760,1776087246.8951783,0.04810800055565778, 0.412622999647283,0,0,27.8,0.0,1
3761,1776087246.924738,0.04700499994214624, 0.40464300036546774,0,0,27.8,0.0,1
3762,1776087246.9546266,0.056383000810456, 0.4416269994180766,0,0,27.8,0.0,1
3763,1776087246.9852433,0.04962500042893225, 0.38224800027819583,0,0,27.8,0.0,1
3764,1776087247.0146546,0.044581000111065805, 0.3965030000472325,0,0,27.8,0.0,1
3765,1776087247.0440428,0.043497000660863705, 0.34607999987201765,0,0,27.8,0.0,1
3766,1776087247.074131,0.05057799990026979, 0.38206200042623095,0,0,27.8,0.0,1
3767,1776087247.1039155,0.04687999989982927, 0.3825879994110437,0,0,27.8,0.0,1
3768,1776087247.133417,0.047757999709574506, 0.382709000405157,0,0,27.8,0.0,1
3769,1776087247.1632726,0.04809400070371339, 0.3899690000253031,0,0,27.8,0.0,1
3770,1776087247.1927981,0.042236999433953315, 0.34352100010437425,0,0,27.8,0.0,1
3771,1776087247.2221732,0.04260700006852858, 0.34084199978678953,0,0,27.8,0.0,1
3772,1776087247.2524147,0.048149000576813705, 0.3793879996010219,0,0,27.8,0.0,1
3773,1776087247.28211,0.05081000017526094, 0.3812570002992288,0,0,27.8,0.0,1
3774,1776087247.3119962,0.04821799939236371, 0.3807399998549954,0,0,27.8,0.0,1
3775,1776087247.341418,0.04691400044976035, 0.3816879998339573,0,0,27.8,0.0,1
3776,1776087247.3712595,0.04953400002705166, 0.3793400001086411,0,0,27.8,0.0,1
3777,1776087247.4010217,0.04964600066159619, 0.38368100013030926,0,0,27.8,0.0,1
3778,1776087247.4302015,0.0428769999416545, 0.33843500023067463,0,0,27.8,0.0,1
3779,1776087247.4596057,0.04198199985694373, 0.3671849999591359,0,0,27.8,0.0,1
3780,1776087247.4893088,0.04584700036502909, 0.38243900053203106,0,0,27.8,0.0,1
3781,1776087247.519614,0.04794300002686214, 0.3961889997299295,0,0,27.8,0.0,1
3782,1776087247.5487938,0.07018199994490715, 0.411906000408635,0,0,27.8,0.0,1
3783,1776087247.5784018,0.04589099989971146, 0.38727500032109674,0,0,27.8,0.0,1
3784,1776087247.608873,0.05203399996389635, 0.4043139997520484,0,0,27.8,0.0,1
3785,1776087247.6377985,0.04256300053384621, 0.3465409999989788,0,0,27.8,0.0,1
3785,1776087247.6986337,31.09738299917808, 0.23469799998565577,41,2,27.8,0.0,0
3786,1776087247.7159243,15.321085999858042, 0.2115499992214609,35,0,27.8,0.0,0
3787,1776087247.750896,21.086001000185206, 0.22040900057618273,20,2,27.8,0.0,0
3788,1776087247.7762065,18.0560320004588, 0.2148990006389795,24,2,27.8,0.0,0
3789,1776087248.066146,20.273267999982636, 258.8315400007559,29,1,27.8,0.0,0
3791,1776087248.069835,0.2119110004059621, 0.30071299988776445,0,1,27.8,0.0,1
3792,1776087248.0839138,0.2474630000506295, 0.33698300012474647,0,1,27.8,0.0,1
3793,1776087248.1136086,0.2511119992050226, 0.42582399964885553,0,1,27.8,0.0,1
3794,1776087248.1453695,1.7536430004838621, 0.3456880003795959,0,0,27.8,0.0,1
3795,1776087248.177023,0.03606000063882675, 0.26437799988343613,0,0,27.8,0.0,1
3796,1776087248.2024887,0.04628500028047711, 0.3863660003844416,0,0,27.8,0.0,1
3797,1776087248.2321837,0.048224000238406006, 0.4078819993083016,0,0,27.8,0.0,1
3798,1776087248.2619135,0.045169000259193126, 0.36944299972674344,0,0,27.8,0.0,1
3799,1776087248.2918167,0.050042000111716334, 0.3714659997058334,0,0,27.8,0.0,1
3800,1776087248.321606,0.055717000577715226, 0.3825780004262924,0,0,27.8,0.0,1
3801,1776087248.3514097,0.04846400042879395, 0.3753749997486011,0,0,27.8,0.0,1
3802,1776087248.3806896,0.042703999497462064, 0.36359200021252036,0,0,27.8,0.0,1
3803,1776087248.4104536,0.048181000238400884, 0.37345900000218535,0,0,27.8,0.0,1
3804,1776087248.4403653,0.050934999308083206, 0.3908379994754796,0,0,27.8,0.0,1
3805,1776087248.4697914,0.04299000011087628, 0.34187199980806326,0,0,27.8,0.0,1
3806,1776087248.4997008,0.043232000280113425, 0.37007100036134943,0,0,27.8,0.0,1
3807,1776087248.5292873,0.05337800030247308, 0.43681199986167485,0,0,27.8,0.0,1
3808,1776087248.5590875,0.04572400030156132, 0.44052800058125285,0,0,27.8,0.0,1
3809,1776087248.5887296,0.04820100002689287, 0.41488300030323444,0,0,27.8,0.0,1
3810,1776087248.6185296,0.047856000492174644, 0.3971449996242882,0,0,27.8,0.0,1
3811,1776087248.648822,0.04728600015369011, 0.36405999981070636,0,0,27.8,0.0,1
3812,1776087248.6778069,0.04030199943372281, 0.34484600018913625,0,0,27.8,0.0,1
3813,1776087248.707737,0.0675470000714995, 0.35816200033877976,0,0,27.8,0.0,1
3814,1776087248.7375343,0.046724000640097074, 0.4562399999485933,0,0,27.8,0.0,1
3815,1776087248.7670782,0.04716199964605039, 0.38566199964407133,0,0,27.8,0.0,1
3816,1776087248.7967548,0.06307500007096678, 0.3685649999169982,0,0,27.8,0.0,1
3817,1776087248.8265777,0.04898099996353267, 0.42477300030441256,0,0,27.8,0.0,1
3818,1776087248.856253,0.05096099994261749, 0.43713800005207304,0,0,27.8,0.0,1
3819,1776087248.8860333,0.04440199973032577, 0.3771090005102451,0,0,27.8,0.0,1
3820,1776087248.9155571,0.04844299928663531, 0.36603900025511393,0,0,27.8,0.0,1
3821,1776087248.945418,0.0553720001335023, 0.43276799988234416,0,0,27.8,0.0,1
3822,1776087248.9757862,0.047152999286481645, 0.3483620002953103,0,0,27.8,0.0,1
3823,1776087249.0052063,0.044458000047598034, 0.34820699966076063,0,0,27.8,0.0,1
3824,1776087249.0353825,0.04835700019611977, 0.3772549998757313,0,0,27.8,0.0,1
3824,1776087249.0952196,30.70406900042144, 0.2260999999634805,16,2,27.8,0.0,0
3825,1776087249.1118305,14.91397900008451, 0.20286299968574895,16,0,27.8,0.0,0
3826,1776087249.145774,21.12277299966081, 0.22687700038659386,17,2,27.8,0.0,0
3827,1776087249.1730518,18.728359000306227, 0.21772200034320122,14,2,27.8,0.0,0
3828,1776087249.461621,20.234945000083826, 258.09673799994926,13,2,27.8,0.0,0
3830,1776087249.4652715,0.251514999945357, 0.31098700037546223,0,2,27.8,0.0,1
3831,1776087249.4809968,0.27719999980035936, 0.3433439997024834,0,2,27.8,0.0,1
3832,1776087249.5120041,1.7857880002338788, 0.32438600010209484,0,0,27.8,0.0,1
3833,1776087249.5446646,0.037322000025596935, 0.26356200032751076,0,0,27.8,0.0,1
3834,1776087249.5695941,0.05085700013296446, 0.36832699970545946,0,0,27.8,0.0,1
3835,1776087249.5992563,0.05413599956227699, 0.4681919999711681,0,0,27.8,0.0,1
3836,1776087249.6288292,0.04361400078778388, 0.3443549994699424,0,0,27.8,0.0,1
3837,1776087249.658733,0.06228300026123179, 0.3595549997044145,0,0,27.8,0.0,1
3838,1776087249.6884477,0.048439999773108866, 0.4230519998600357,0,0,27.8,0.0,1
3839,1776087249.71799,0.04874499973084312, 0.4172769995420822,0,0,27.8,0.0,1
3840,1776087249.7475998,0.04080799953953829, 0.3729350000867271,0,0,27.8,0.0,1
3841,1776087249.7776155,0.05586299994320143, 0.4436859999259468,0,0,27.8,0.0,1
3842,1776087249.8072686,0.047669000196037814, 0.391354999919713,0,0,27.8,0.0,1
3843,1776087249.8367846,0.044254999920667615, 0.3555939993020729,0,0,27.8,0.0,1
3844,1776087249.867343,0.04890300078841392, 0.37497899938898627,0,0,27.8,0.0,1
3845,1776087249.8970542,0.05111599966767244, 0.3932820000045467,0,0,27.8,0.0,1
3846,1776087249.9266832,0.04423100017447723, 0.3651959996204823,0,0,27.8,0.0,1
3847,1776087249.956064,0.04613999954017345, 0.33494000035716454,0,0,27.8,0.0,1
3848,1776087249.9859977,0.046066999857430346, 0.3413029999137507,0,0,27.8,0.0,1
3849,1776087250.015963,0.06493199998658383, 0.37977000010869233,0,0,27.8,0.0,1
3850,1776087250.045109,0.05020600019634003, 0.3821300006165984,0,0,27.8,0.0,1
3851,1776087250.0745068,0.04727600025944412, 0.36969000029785093,0,0,27.8,0.0,1
3852,1776087250.1042092,0.045851999857404735, 0.37874299960094504,0,0,27.8,0.0,1
3853,1776087250.1338763,0.04468499992071884, 0.35749299968301784,0,0,27.8,0.0,1
3854,1776087250.1637738,0.04593500034388853, 0.350966000041808,0,0,27.8,0.0,1
3855,1776087250.193478,0.04533800074568717, 0.3827999998975429,0,0,27.8,0.0,1
3856,1776087250.2232943,0.05128800057718763, 0.43686499975592596,0,0,27.8,0.0,1
3857,1776087250.2527034,0.041213999793399125, 0.3665670001282706,0,0,27.8,0.0,1
3858,1776087250.282735,0.0632700002825004, 0.34370699995633913,0,0,27.8,0.0,1
3859,1776087250.3127582,0.05232500006968621, 0.4223750001983717,0,0,27.8,0.0,1
3860,1776087250.341938,0.04798700047103921, 0.37962900023558177,0,0,27.8,0.0,1
3861,1776087250.371635,0.0479220007036929, 0.4053070006193593,0,0,27.8,0.0,1
3862,1776087250.4014385,0.04425200040714117, 0.3799149999395013,0,0,27.8,0.0,1
3863,1776087250.431215,0.047637000534450635, 0.38968200078670634,0,0,27.8,0.0,1
3863,1776087250.4788468,18.24949000001652, 0.2114449998771306,20,2,27.8,0.0,0
3864,1776087250.514687,22.205949999261065, 0.2626489995236625,17,0,27.8,0.0,0
3865,1776087250.5401661,19.23213499958365, 0.21615700006805127,14,2,27.8,0.0,0
3866,1776087250.5707886,20.19365799969819, 0.21968000055494485,17,2,27.8,0.0,0
3867,1776087250.8597114,19.741907000025094, 259.4413520000671,16,2,27.8,0.0,0
3869,1776087250.8639202,0.27344299996912014, 0.1900750003187568,0,2,27.8,0.0,1
3870,1776087250.8773665,0.2699699998629512, 0.33429999984946335,0,2,27.8,0.0,1
3871,1776087250.9072273,0.26946800062432885, 0.3453620001891977,0,2,27.8,0.0,1
3872,1776087250.9385698,1.800150999770267, 0.340183000844263,0,0,27.8,0.0,1
3873,1776087250.9708602,0.0354349995177472, 0.26085899935424095,0,0,27.8,0.0,1
3874,1776087250.9966223,0.04253899987816112, 0.3699689996210509,0,0,27.8,0.0,1
3875,1776087251.0256078,0.052675000006274786, 0.4265909992682282,0,0,27.8,0.0,1
3876,1776087251.0554545,0.058879999414784834, 0.46425399978033965,0,0,27.8,0.0,1
3877,1776087251.0852988,0.047497000196017325, 0.3702630001498619,0,0,27.8,0.0,1
3878,1776087251.1145961,0.04188900038570864, 0.370928999473108,0,0,27.8,0.0,1
3879,1776087251.1442842,0.05332399996405002, 0.4305809998186305,0,0,27.8,0.0,1
3880,1776087251.1741214,0.04310399981477531, 0.3488379998088931,0,0,27.8,0.0,1
3881,1776087251.2036767,0.04117200023756595, 0.36998199993831804,0,0,27.8,0.0,1
3882,1776087251.2333755,0.047620000259485096, 0.41936100024031475,0,0,27.8,0.0,1
3883,1776087251.263486,0.04937499943480361, 0.3764709999813931,0,0,27.8,0.0,1
3884,1776087251.2927465,0.068081999415881, 0.3417650004848838,0,0,27.8,0.0,1
3885,1776087251.322645,0.04387199987831991, 0.38779799979238305,0,0,27.8,0.0,1
3886,1776087251.352272,0.045046999730402604, 0.3878819998135441,0,0,27.8,0.0,1
3887,1776087251.3824077,0.04979799996362999, 0.39881600059743505,0,0,27.8,0.0,1
3888,1776087251.411682,0.043107999772473704, 0.3647719995569787,0,0,27.8,0.0,1
3889,1776087251.441327,0.04738400002679555, 0.37431199962156825,0,0,27.8,0.0,1
3890,1776087251.4713252,0.047403000280610286, 0.385158999961277,0,0,27.8,0.0,1
3891,1776087251.5010934,0.04653900032280944, 0.37159299972699955,0,0,27.8,0.0,1
3892,1776087251.5306394,0.04265099960321095, 0.377657999706571,0,0,27.8,0.0,1
3893,1776087251.560491,0.054105000344861764, 0.4644270002245321,0,0,27.8,0.0,1
3894,1776087251.5902977,0.05108899949846091, 0.3932290001102956,0,0,27.8,0.0,1
3895,1776087251.6196606,0.04191100015304983, 0.36386700048751663,0,0,27.8,0.0,1
3896,1776087251.6493967,0.046815000132482965, 0.3816919997916557,0,0,27.8,0.0,1
3897,1776087251.6794732,0.052119000429229345, 0.37715899998147506,0,0,27.8,0.0,1
3898,1776087251.70844,0.0356680002369103, 0.2999839998665266,0,0,27.8,0.0,1
3899,1776087251.7389305,0.04386000000522472, 0.33969200012506917,0,0,27.8,0.0,1
3900,1776087251.768888,0.043435000407043844, 0.3421969995542895,0,0,27.8,0.0,1
3901,1776087251.7989206,0.048257999878842384, 0.3818079994744039,0,0,27.8,0.0,1
3902,1776087251.8285801,0.05106800017529167, 0.3670330006571021,0,0,27.8,0.0,1
3902,1776087251.8898413,32.09345800041774, 0.21839300006831763,9,2,27.8,0.0,0
3903,1776087252.002877,12.48803799990128, 0.2098929999192478,27,0,27.8,0.0,0
3904,1776087252.027866,21.31717900010699, 0.21795199972984847,21,2,27.8,0.0,0
3905,1776087252.0570192,20.275353000215546, 0.22956199973123148,25,2,27.8,0.0,0
3906,1776087252.3462899,20.08143600050971, 259.7521539992158,19,1,27.8,0.0,0
3908,1776087252.3499706,0.19427400002314243, 0.3092659999310854,0,1,27.8,0.0,1
3909,1776087252.3630493,0.2158190000045579, 0.3376060003574821,0,1,27.8,0.0,1
3910,1776087252.3948607,1.759009999659611, 0.3191329997207504,0,1,27.8,0.0,1
3911,1776087252.4275277,0.1758919997882913, 0.26829499984160066,0,0,27.8,0.0,1
3912,1776087252.4520416,0.04169300063949777, 0.33548499959579203,0,0,27.8,0.0,1
3913,1776087252.4822683,0.04801900013262639, 0.38048800070100697,0,0,27.8,0.0,1
3914,1776087252.5121005,0.05012499968870543, 0.3668429999379441,0,0,27.8,0.0,1
3915,1776087252.5415452,0.048986999900080264, 0.35997699978906894,0,0,27.8,0.0,1
3916,1776087252.5711784,0.04337900008977158, 0.34247100029460853,0,0,27.8,0.0,1
3917,1776087252.601262,0.04662600076699164, 0.3837829999611131,0,0,27.8,0.0,1
3918,1776087252.6306763,0.043119999645568896, 0.3549270004441496,0,0,27.8,0.0,1
3919,1776087252.6605492,0.04848099979426479, 0.35703899993677624,0,0,27.8,0.0,1
3920,1776087252.6900501,0.04565800009004306, 0.3426370003580814,0,0,27.8,0.0,1
3921,1776087252.7198277,0.0453589991593617, 0.34134499946958385,0,0,27.8,0.0,1
3922,1776087252.7489202,0.042668999412853736, 0.3430680008023046,0,0,27.8,0.0,1
3923,1776087252.778751,0.07712499973422382, 0.3592829998524394,0,0,27.8,0.0,1
3924,1776087252.808943,0.0432719998570974, 0.34282600063306745,0,0,27.8,0.0,1
3925,1776087252.8390255,0.04760899992106715, 0.3771439996853587,0,0,27.8,0.0,1
3926,1776087252.8682363,0.044391999836079776, 0.34376599978713784,0,0,27.8,0.0,1
3927,1776087252.897946,0.047297000492108054, 0.33462800001871074,0,0,27.8,0.0,1
3928,1776087252.9280026,0.046560999180655926, 0.33597999936318956,0,0,27.8,0.0,1
3929,1776087252.957268,0.044963999243918806, 0.34571299966046354,0,0,27.8,0.0,1
3930,1776087252.987473,0.04942400028085103, 0.3826950005532126,0,0,27.8,0.0,1
3931,1776087253.016685,0.04824900042876834, 0.3933750003852765,0,0,27.8,0.0,1
3932,1776087253.04614,0.04539800011116313, 0.3901720001522335,0,0,27.8,0.0,1
3933,1776087253.0756698,0.04087700017407769, 0.3668549998110393,0,0,27.8,0.0,1
3934,1776087253.106151,0.048486999730812386, 0.40698100019653793,0,0,27.8,0.0,1
3935,1776087253.136043,0.050087000090570655, 0.38234800013015047,0,0,27.8,0.0,1
3936,1776087253.165282,0.0433469995186897, 0.34313200012547895,0,0,27.8,0.0,1
3937,1776087253.1951106,0.04308799998398172, 0.3466849993856158,0,0,27.8,0.0,1
3938,1776087253.224864,0.04568299937091069, 0.34015599976555677,0,0,27.8,0.0,1
3939,1776087253.2547863,0.04694099970947718, 0.34363000031589763,0,0,27.8,0.0,1
3940,1776087253.2841616,0.0446659996669041, 0.3389630001038313,0,0,27.8,0.0,1
3941,1776087253.3139346,0.04499399983615149, 0.3424759997869842,0,0,27.8,0.0,1
3941,1776087253.36157,17.65633600007277, 0.2328790005776682,5,2,27.8,0.0,0
3942,1776087253.397961,21.946747000583855, 0.3449559999353369,6,0,27.8,0.0,0
3943,1776087253.423343,19.29558200026804, 0.21561899939115392,8,2,27.8,0.0,0
3944,1776087253.4534497,19.92909000000509, 0.2503830000932794,9,2,27.8,0.0,0
3945,1776087253.7429411,20.117554000535165, 259.97140900017257,10,2,27.8,0.0,0
3947,1776087253.7478223,0.27298100030748174, 0.31498099997406825,0,2,27.8,0.0,1
3948,1776087253.7596204,0.27163600043422775, 0.3238280005462002,0,1,27.8,0.0,1
3949,1776087253.7895193,0.2305250000063097, 0.3445029997237725,0,1,27.8,0.0,1
3950,1776087253.8210988,1.792048000424984, 0.3238279996367055,0,0,27.8,0.0,1
3951,1776087253.85224,0.02451799991831649, 0.18321600055060117,0,0,27.8,0.0,1
3952,1776087253.8787684,0.043854000068677124, 0.3425469994908781,0,0,27.8,0.0,1
3953,1776087253.9081485,0.04313499994168524, 0.3455779997239006,0,0,27.8,0.0,1
3954,1776087253.9383836,0.05002899979444919, 0.38704599955963204,0,0,27.8,0.0,1
3955,1776087253.967948,0.04317899947636761, 0.3493409994916874,0,0,27.8,0.0,1
3956,1776087253.9980874,0.050506000661698636, 0.4144399999859161,0,0,27.8,0.0,1
3957,1776087254.0274096,0.04814199928659946, 0.39061200004653074,0,0,27.8,0.0,1
3958,1776087254.0572762,0.049910999223357067, 0.37628300015057903,0,0,27.8,0.0,1
3959,1776087254.0870352,0.04795200038643088, 0.37345300006563775,0,0,27.8,0.0,1
3960,1776087254.1165683,0.0504850004290347, 0.3676650003399118,0,0,27.8,0.0,1
3961,1776087254.1460183,0.044412000534066465, 0.3440589998717769,0,0,27.8,0.0,1
3962,1776087254.1761286,0.05113499992148718, 0.38198699985514395,0,0,27.8,0.0,1
3963,1776087254.205672,0.04255499970895471, 0.3605470001275535,0,0,27.8,0.0,1
3964,1776087254.2351415,0.04550700032268651, 0.3407220001463429,0,0,27.8,0.0,1
3965,1776087254.2651722,0.0478470001326059, 0.3759139999601757,0,0,27.8,0.0,1
3966,1776087254.2950585,0.050132999604102224, 0.3828190001513576,0,0,27.8,0.0,1
3967,1776087254.32466,0.05129999954078812, 0.35849199957738165,0,0,27.8,0.0,1
3968,1776087254.3541288,0.044963999243918806, 0.347229999533738,0,0,27.8,0.0,1
3969,1776087254.38422,0.05076100023870822, 0.3803959998549544,0,0,27.8,0.0,1
3970,1776087254.4138968,0.0479239997730474, 0.380069000129879,0,0,27.8,0.0,1
3971,1776087254.4434812,0.05020299977331888, 0.3790079999816953,0,0,27.8,0.0,1
3972,1776087254.473296,0.05016100021748571, 0.381079999897338,0,0,27.8,0.0,1
3973,1776087254.503054,0.05018499996367609, 0.38021999989723554,0,0,27.8,0.0,1
3974,1776087254.5325296,0.04713299949798966, 0.3808589999607648,0,0,27.8,0.0,1
3975,1776087254.5624132,0.05124099970998941, 0.3785540002354537,0,0,27.8,0.0,1
3976,1776087254.5921562,0.05039000006945571, 0.383461000637908,0,0,27.8,0.0,1
3977,1776087254.6216168,0.04185399939160561, 0.369145999684406,0,0,27.8,0.0,1
3978,1776087254.6515007,0.04992699996364536, 0.36843799989583204,0,0,27.8,0.0,1
3979,1776087254.6809971,0.04538999928627163, 0.34116500046366127,0,0,27.8,0.0,1
3980,1776087254.7107537,0.06407199998648139, 0.3485970000838279,0,0,27.8,0.0,1
3980,1776087254.771522,31.497793000198726, 0.254173999564955,13,2,27.8,0.0,0
3981,1776087254.8324273,23.602272999596607, 0.343864000569738,13,0,27.8,0.0,0
3982,1776087254.8523686,18.103280999639537, 0.22442699992097914,11,2,27.8,0.0,0
3983,1776087254.8765073,16.807477999464027, 0.2419480006210506,10,2,27.8,0.0,0
3984,1776087255.1680653,20.104737000110617, 258.92838100025983,9,2,27.8,0.0,0
3986,1776087255.1711755,0.24734399994486012, 0.305800000205636,0,2,27.8,0.0,1
3987,1776087255.1855521,0.2939199994216324, 0.3746070005945512,0,2,27.8,0.0,1
3988,1776087255.2172024,2.0372389999465668, 0.3323949995319708,0,2,27.8,0.0,1
3989,1776087255.2497282,0.22966600045037922, 0.27228400085732574,0,0,27.8,0.0,1
3990,1776087255.274714,0.04249699941283325, 0.36805699983233353,0,0,27.8,0.0,1
3991,1776087255.3045206,0.04757599981530802, 0.3965240002798964,0,0,27.8,0.0,1
3992,1776087255.33407,0.046983999709482305, 0.3767569996853126,0,0,27.8,0.0,1
3993,1776087255.363733,0.06624700017709984, 0.3389470002730377,0,0,27.8,0.0,1
3994,1776087255.3937793,0.050258000555913895, 0.3493960002742824,0,0,27.8,0.0,1
3995,1776087255.423242,0.046131999624776654, 0.3889999998136773,0,0,27.8,0.0,1
3996,1776087255.4530363,0.04627899943443481, 0.38626200057478854,0,0,27.8,0.0,1
3997,1776087255.4827552,0.04819000059796963, 0.40674800038686953,0,0,27.8,0.0,1
3998,1776087255.512452,0.045481000597646926, 0.3750949999812292,0,0,27.8,0.0,1
3999,1776087255.542537,0.050661999921430834, 0.3804580001087743,0,0,27.8,0.0,1
4000,1776087255.5717514,0.0626540004304843, 0.34181099999841535,0,0,27.8,0.0,1
4001,1776087255.6015444,0.06077599937270861, 0.4013230000055046,0,0,27.8,0.0,1
4002,1776087255.6312835,0.046361999920918606, 0.4273370004739263,0,0,27.8,0.0,1
4003,1776087255.6616778,0.04938000074616866, 0.42612800007191254,0,0,27.8,0.0,1
4004,1776087255.6906805,0.042501999814703595, 0.37283300025592325,0,0,27.8,0.0,1
4005,1776087255.7206874,0.05687700013368158, 0.417091000599612,0,0,27.8,0.0,1
4006,1776087255.7510543,0.050164000640506856, 0.3781509994951193,0,0,27.8,0.0,1
4007,1776087255.7802167,0.04646399975172244, 0.3415990004214109,0,0,27.8,0.0,1
4008,1776087255.8103726,0.046192999434424564, 0.39257599928532727,0,0,27.8,0.0,1
4009,1776087255.839864,0.046475000090140384, 0.34300200059078634,0,0,27.8,0.0,1
4010,1776087255.8700378,0.049373000365449116, 0.37837000036233803,0,0,27.8,0.0,1
4011,1776087255.8990262,0.041583999518479686, 0.3350260003571748,0,0,27.8,0.0,1
4012,1776087255.9290318,0.04779299979418283, 0.33608699959586374,0,0,27.8,0.0,1
4013,1776087255.9587383,0.06029700034559937, 0.3427419997024117,0,0,27.8,0.0,1
4014,1776087255.9887078,0.04438900032255333, 0.3438260000621085,0,0,27.8,0.0,1
4015,1776087256.0184035,0.048693000280763954, 0.37703900034102844,0,0,27.8,0.0,1
4016,1776087256.0481668,0.04928499947709497, 0.3785419994528638,0,0,27.8,0.0,1
4017,1776087256.0772834,0.042828000005101785, 0.3368939997017151,0,0,27.8,0.0,1
4018,1776087256.1074796,0.048783999773149844, 0.38290100019366946,0,0,27.8,0.0,1
4019,1776087256.1369693,0.04516399985732278, 0.35453100008453475,0,0,27.8,0.0,1
4019,1776087256.1838453,17.34394999948563, 0.2172210006392561,11,2,27.8,0.0,0
4020,1776087256.2215214,22.202213000127813, 0.22462300057668472,11,0,27.8,0.0,0
4021,1776087256.2457798,18.587035000564356, 0.2212350000263541,10,2,27.8,0.0,0
4022,1776087256.2763338,20.46841100036545, 0.21827799992024666,10,2,27.8,0.0,0
4023,1776087256.5647633,19.37736899981246, 260.130546000255,6,2,27.8,0.0,0
4025,1776087256.5689197,0.26087300011568004, 0.17972400019061752,0,2,27.8,0.0,1
4026,1776087256.582998,0.27164000039192615, 0.33981100023083854,0,2,27.8,0.0,1
4027,1776087256.6124263,0.27871499969478464, 0.337696999849868,0,1,27.8,0.0,1
4028,1776087256.6435454,1.5957790001266403, 0.3143559997624834,0,0,27.8,0.0,1
4029,1776087256.676071,0.03721300072356826, 0.2650540000104229,0,0,27.8,0.0,1
4030,1776087256.7017097,0.05799200062028831, 0.3456780004853499,0,0,27.8,0.0,1
4031,1776087256.731196,0.04390799949760549, 0.34068200056935893,0,0,27.8,0.0,1
4032,1776087256.7610183,0.044735000301443506, 0.3420129996811738,0,0,27.8,0.0,1
4033,1776087256.7907538,0.04599000021698885, 0.3403939999770955,0,0,27.8,0.0,1
4034,1776087256.8204472,0.044829999751527794, 0.3425189997869893,0,0,27.8,0.0,1
4035,1776087256.850382,0.04695900042861467, 0.37973999951645965,0,0,27.8,0.0,1
4036,1776087256.8799708,0.04627399994205916, 0.3368179995959508,0,0,27.8,0.0,1
4037,1776087256.9097164,0.060495000070659444, 0.3500180000628461,0,0,27.8,0.0,1
4038,1776087256.9395683,0.047417000132554676, 0.37024999983259477,0,0,27.8,0.0,1
4039,1776087256.9689434,0.04407300002640113, 0.3418380001676269,0,0,27.8,0.0,1
4040,1776087256.999203,0.051404000259935856, 0.3845569999612053,0,0,27.8,0.0,1
4041,1776087257.0288634,0.04548800006887177, 0.3352029998495709,0,0,27.8,0.0,1
4042,1776087257.0581207,0.04573899968818296, 0.34156200035795337,0,0,27.8,0.0,1
4043,1776087257.0878055,0.04344500030128984, 0.33711000014591264,0,0,27.8,0.0,1
4044,1776087257.1180997,0.051574000281107146, 0.38062500061641913,0,0,27.8,0.0,1
4045,1776087257.1476672,0.042923000364680775, 0.3540289999364177,0,0,27.8,0.0,1
4046,1776087257.1769598,0.04723999973066384, 0.33884899949043756,0,0,27.8,0.0,1
4047,1776087257.2070246,0.04818199977307813, 0.3777940000873059,0,0,27.8,0.0,1
4048,1776087257.23664,0.0535850003871019, 0.35466099961922737,0,0,27.8,0.0,1
4049,1776087257.2660656,0.041880000026139896, 0.3475899993645726,0,0,27.8,0.0,1
4050,1776087257.2958853,0.04243700004735729, 0.34191999930044403,0,0,27.8,0.0,1
4051,1776087257.3256435,0.04537800032267114, 0.3558389998943312,0,0,27.8,0.0,1
4052,1776087257.3552537,0.043650999941746704, 0.3435240005273954,0,0,27.8,0.0,1
4053,1776087257.3849437,0.04522300059761619, 0.33828100004029693,0,0,27.8,0.0,1
4054,1776087257.4149337,0.04273699960322119, 0.34530199991422705,0,0,27.8,0.0,1
4055,1776087257.4446487,0.04429199998412514, 0.36164100038149627,0,0,27.8,0.0,1
4056,1776087257.4744458,0.05185900045034941, 0.38216899974941043,0,0,27.8,0.0,1
4057,1776087257.5038853,0.045309000597626437, 0.34588100061228033,0,0,27.8,0.0,1
4058,1776087257.5340009,0.053266000577423256, 0.3812469994954881,0,0,27.8,0.0,1
4058,1776087257.5928764,29.84634200038272, 0.22136299958219752,8,2,27.8,0.0,0
4059,1776087257.6092618,14.646468000137247, 0.21079700036352733,12,0,27.8,0.0,0
4060,1776087257.6443195,20.86074599992571, 0.2258000004076166,12,2,27.8,0.0,0
4061,1776087257.6734056,19.979497999884188, 0.2298339995832066,14,2,27.8,0.0,0
4062,1776087257.9584897,18.8645930002167, 258.0840030004765,14,2,27.8,0.0,0
4064,1776087257.9623137,0.25351800013595494, 0.30313600018416764,0,2,27.8,0.0,1
4065,1776087257.9799972,0.3379379995749332, 0.319602000672603,0,2,27.8,0.0,1
4066,1776087258.0111642,1.9120699998893542, 0.3230890006307163,0,1,27.8,0.0,1
4067,1776087258.0431733,0.18379499942966504, 0.2703179998206906,0,0,27.8,0.0,1
4068,1776087258.0682104,0.04640400038624648, 0.33579099999769824,0,0,27.8,0.0,1
4069,1776087258.0984561,0.04715300019597635, 0.38968799981375923,0,0,27.8,0.0,1
4070,1776087258.1282723,0.046934999772929586, 0.38035999932617415,0,0,27.8,0.0,1
4071,1776087258.1579962,0.049078999836638104, 0.3714760005095741,0,0,27.8,0.0,1
4072,1776087258.1871698,0.04560900015349034, 0.3400190007596393,0,0,27.8,0.0,1
4073,1776087258.2170477,0.04441300006874371, 0.3449789992373553,0,0,27.8,0.0,1
4074,1776087258.247168,0.04940800045005744, 0.3795729999183095,0,0,27.8,0.0,1
4075,1776087258.2768755,0.04800200076715555, 0.3734160000021802,0,0,27.8,0.0,1
4076,1776087258.306436,0.05034399964642944, 0.3746659995158552,0,0,27.8,0.0,1
4077,1776087258.3359077,0.045338999370869715, 0.34173400035797385,0,0,27.8,0.0,1
4078,1776087258.366001,0.05051300013292348, 0.3997040003014263,0,0,27.8,0.0,1
4079,1776087258.3955367,0.04695600000559352, 0.3651769993666676,0,0,27.8,0.0,1
4080,1776087258.4253209,0.04934899970976403, 0.371328000255744,0,0,27.8,0.0,1
4081,1776087258.45478,0.04399899989948608, 0.34548399980849354,0,0,27.8,0.0,1
4082,1776087258.4850137,0.05364800017559901, 0.38231300004554214,0,0,27.8,0.0,1
4083,1776087258.5144162,0.050009000005957205, 0.386054999580665,0,0,27.8,0.0,1
4084,1776087258.5444024,0.05217000034463126, 0.3808700002991827,0,0,27.8,0.0,1
4085,1776087258.5736794,0.04525099939201027, 0.35548500000004424,0,0,27.8,0.0,1
4086,1776087258.6036406,0.05105400032334728, 0.3575870005079196,0,0,27.8,0.0,1
4087,1776087258.6333249,0.046471000132441986, 0.3725260003193398,0,0,27.8,0.0,1
4088,1776087258.663113,0.05089899968879763, 0.388475999898219,0,0,27.8,0.0,1
4089,1776087258.6926754,0.04441399960342096, 0.3563630007192842,0,0,27.8,0.0,1
4090,1776087258.722546,0.050088000534742605, 0.3921550005543395,0,0,27.8,0.0,1
4091,1776087258.752249,0.049640000725048594, 0.37794299987581326,0,0,27.8,0.0,1
4092,1776087258.7820325,0.05235600019659614, 0.3828010003417148,0,0,27.8,0.0,1
4093,1776087258.8116245,0.04802100011147559, 0.3750949999812292,0,0,27.8,0.0,1
4094,1776087258.841092,0.0455230001534801, 0.3390809997654287,0,0,27.8,0.0,1
4095,1776087258.871057,0.05027399947721278, 0.3715600005307351,0,0,27.8,0.0,1
4096,1776087258.9006822,0.04489799994189525, 0.36027699934493285,0,0,27.8,0.0,1
4097,1776087258.930248,0.04422100028023124, 0.331405999531853,0,0,27.8,0.0,1
4097,1776087258.9904594,30.54942899962043, 0.34401299944875063,13,2,27.8,0.0,0
4098,1776087259.007487,15.368213000328979, 0.21948799985693768,13,0,27.8,0.0,0
4099,1776087259.0417562,21.5525779995005, 0.2186579995395732,14,2,27.8,0.0,0
4100,1776087259.0689905,19.49207099914929, 0.21901799937040778,15,2,27.8,0.0,0
4101,1776087259.3573017,19.550072999663826, 258.9407539999229,15,2,27.8,0.0,0
4103,1776087259.3603432,0.242344999605848, 0.28942900007677963,0,2,27.8,0.0,1
4104,1776087259.375515,0.2890739997383207, 0.378037000700715,0,1,27.8,0.0,1
4105,1776087259.406327,0.26378300026408397, 0.3796070004682406,0,0,27.8,0.0,1
4106,1776087259.4366598,1.496316000157094, 0.2977350004584878,0,0,27.8,0.0,1
4107,1776087259.4696803,0.03452199962339364, 0.25997400007327087,0,0,27.8,0.0,1
4108,1776087259.494326,0.045107000005373266, 0.3724039997905493,0,0,27.8,0.0,1
4109,1776087259.5246904,0.0595520004935679, 0.41581299956305884,0,0,27.8,0.0,1
4110,1776087259.5545247,0.04855899987887824, 0.397771000280045,0,0,27.8,0.0,1
4111,1776087259.5839775,0.044407999666873366, 0.3436699998928816,0,0,27.8,0.0,1
4112,1776087259.61377,0.04510999951889971, 0.3451590000622673,0,0,27.8,0.0,1
4113,1776087259.6435149,0.04700800036516739, 0.37719500051025534,0,0,27.8,0.0,1
4114,1776087259.673017,0.04183699911664007, 0.3396160000193049,0,0,27.8,0.0,1
4115,1776087259.7028506,0.04496300061873626, 0.34112999946955824,0,0,27.8,0.0,1
4116,1776087259.732805,0.043228999857092276, 0.3411510006117169,0,0,27.8,0.0,1
4117,1776087259.7624772,0.05120700006955303, 0.37395300023490563,0,0,27.8,0.0,1
4118,1776087259.7923362,0.04744299985759426, 0.36254600036045304,0,0,27.8,0.0,1
4119,1776087259.821766,0.04554399947664933, 0.33925600018847035,0,0,27.8,0.0,1
4120,1776087259.850959,0.04177100072411122, 0.3472009993856773,0,0,27.8,0.0,1
4121,1776087259.8811443,0.047849999646132346, 0.449873999968986,0,0,27.8,0.0,1
4122,1776087259.910473,0.05638499987981049, 0.39685100000497187,0,0,27.8,0.0,1
4123,1776087259.9401026,0.04220200025883969, 0.35906300036003813,0,0,27.8,0.0,1
4124,1776087259.970092,0.04935200013278518, 0.3860569995595142,0,0,27.8,0.0,1
4125,1776087259.999456,0.04619999981514411, 0.43738499971368583,0,0,27.8,0.0,1
4126,1776087260.0301087,0.04888900002697483, 0.3970320003645611,0,0,27.8,0.0,1
4127,1776087260.0595965,0.04532900038611842, 0.3628410004239413,0,0,27.8,0.0,1
4128,1776087260.0893137,0.04662000083044404, 0.37422100012918236,0,0,27.8,0.0,1
4129,1776087260.118815,0.046536000809282996, 0.34106099974451354,0,0,27.8,0.0,1
4130,1776087260.1487305,0.0636750000921893, 0.3409309993003262,0,0,27.8,0.0,1
4131,1776087260.178448,0.04750799962494057, 0.38460699943243526,0,0,27.8,0.0,1
4132,1776087260.2079754,0.044178999814903364, 0.3489319997243001,0,0,27.8,0.0,1
4133,1776087260.2378728,0.0468359994556522, 0.33977099974435987,0,0,27.8,0.0,1
4134,1776087260.2673078,0.0448179998784326, 0.33617400004004594,0,0,27.8,0.0,1
4135,1776087260.2973866,0.04624299981514923, 0.3892340000675176,0,0,27.8,0.0,1
4136,1776087260.327369,0.048207999498117715, 0.377514000319934,0,0,27.8,0.0,1
4136,1776087260.3870974,30.641071999525593, 0.21725399983552052,24,2,27.8,0.0,0
4137,1776087260.40332,14.499116000479262, 0.2102939997712383,19,0,27.8,0.0,0
4138,1776087260.4375763,21.239200999843888, 0.23989100009202957,22,2,27.8,0.0,0
4139,1776087260.4634478,18.2252550002886, 0.23875199985923246,23,2,27.8,0.0,0
4140,1776087260.7538307,20.85787300075026, 258.00275399979,21,2,27.8,0.0,0
4142,1776087260.757785,0.2779590004138299, 0.3052080000998103,0,2,27.8,0.0,1
4143,1776087260.7728622,0.29677799921046244, 0.3391639993424178,0,2,27.8,0.0,1
4144,1776087260.8038504,1.7689160004010773, 0.30202599918993656,0,2,27.8,0.0,1
4145,1776087260.8362265,0.21415099945443217, 0.28585699965333333,0,0,27.8,0.0,1
4146,1776087260.8618295,0.04301499939174391, 0.34748599955491954,0,0,27.8,0.0,1
4147,1776087260.8911836,0.04347499998402782, 0.3437159994064132,0,0,27.8,0.0,1
4148,1776087260.9210155,0.04583899954013759, 0.3343309999763733,0,0,27.8,0.0,1
4149,1776087260.9511125,0.05121000049257418, 0.37275200065778336,0,0,27.8,0.0,1
4150,1776087260.9816008,0.056222999774036, 0.48279899965564255,0,0,27.8,0.0,1
4151,1776087261.0098236,0.04262299989932217, 0.35892399955628207,0,0,27.8,0.0,1
4152,1776087261.0394578,0.047079000069061294, 0.3816899998128065,0,0,27.8,0.0,1
4153,1776087261.0692234,0.04640800034394488, 0.3745770000023185,0,0,27.8,0.0,1
4154,1776087261.09885,0.04204000015306519, 0.3518880002957303,0,0,27.8,0.0,1
4155,1776087261.128878,0.047139999878709204, 0.3608570004871581,0,0,27.8,0.0,1
4156,1776087261.159292,0.05138200049259467, 0.4029399997307337,0,0,27.8,0.0,1
4157,1776087261.1889737,0.049854000280902255, 0.3752800002985168,0,0,27.8,0.0,1
4158,1776087261.2186484,0.044909000280313194, 0.36680699940916384,0,0,27.8,0.0,1
4159,1776087261.247948,0.0463739997940138, 0.33593100033613155,0,0,27.8,0.0,1
4160,1776087261.2778876,0.044209000407136045, 0.35142700016876915,0,0,27.8,0.0,1
4161,1776087261.3072047,0.04352099949755939, 0.3379800000402611,0,0,27.8,0.0,1
4162,1776087261.3371117,0.04338100006862078, 0.34543199944891967,0,0,27.8,0.0,1
4163,1776087261.366946,0.045836000026611146, 0.3531909997036564,0,0,27.8,0.0,1
4164,1776087261.3967025,0.0428019993705675, 0.35754199961957056,0,0,27.8,0.0,1
4165,1776087261.4264915,0.04456799979379866, 0.3320260002510622,0,0,27.8,0.0,1
4166,1776087261.4558249,0.051170000006095506, 0.37185800010774983,0,0,27.8,0.0,1
4167,1776087261.4853988,0.051020000682910904, 0.37945999974908773,0,0,27.8,0.0,1
4168,1776087261.5148642,0.04208800055494066, 0.34453600073902635,0,0,27.8,0.0,1
4169,1776087261.5449061,0.04397799966682214, 0.3630359997259802,0,0,27.8,0.0,1
4170,1776087261.5749307,0.04561300011118874, 0.3369709993421566,0,0,27.8,0.0,1
4171,1776087261.6050131,0.049309000132780056, 0.378972999897087,0,0,27.8,0.0,1
4172,1776087261.6344817,0.047981000534491614, 0.37933500061626546,0,0,27.8,0.0,1
4173,1776087261.6641185,0.04620800064003561, 0.386941999749979,0,0,27.8,0.0,1
4174,1776087261.6936905,0.045806999878550414, 0.35547300012694905,0,0,27.8,0.0,1
4175,1776087261.7230728,0.045959000090078916, 0.3721430002769921,0,0,27.8,0.0,1
4175,1776087261.7848785,32.45092700035457, 0.21801599996251753,9,2,27.8,0.0,0
4176,1776087261.8286145,22.118538000540866, 0.22127300053398358,9,0,27.8,0.0,0
4177,1776087261.8460898,15.667737000512716, 0.21246100004645996,11,2,27.8,0.0,0
4178,1776087261.859916,12.063514999681502, 0.218531999962579,14,2,27.8,0.0,0
4179,1776087262.1478515,17.63936899988039, 259.2540810001083,11,2,27.8,0.0,0
4181,1776087262.150972,0.25156500032608164, 0.29744299990852596,0,2,27.8,0.0,1
4182,1776087262.1687086,0.29175300005590543, 0.41255700034525944,0,1,27.8,0.0,1
4183,1776087262.1991773,0.26548500045464607, 0.39677799941273406,0,1,27.8,0.0,1
4184,1776087262.2302096,2.0488589998421958, 0.36983799964218633,0,0,27.8,0.0,1
4185,1776087262.2624745,0.036174000342725776, 0.2785500000754837,0,0,27.8,0.0,1
4186,1776087262.2880538,0.04461499975150218, 0.33880200044222875,0,0,27.8,0.0,1
4187,1776087262.3181326,0.04944800002704142, 0.3843260001303861,0,0,27.8,0.0,1
4188,1776087262.347935,0.04982999962521717, 0.37422700006572995,0,0,27.8,0.0,1
4189,1776087262.3773055,0.04871500004810514, 0.3879039995808853,0,0,27.8,0.0,1
4190,1776087262.4064164,0.04581099983624881, 0.37686500036215875,0,0,27.8,0.0,1
4191,1776087262.4370644,0.05070299994258676, 0.3979880002589198,0,0,27.8,0.0,1
4192,1776087262.4661286,0.04246900061843917, 0.3344249998917803,0,0,27.8,0.0,1
4193,1776087262.4966636,0.05241700000624405, 0.37982699996064184,0,0,27.8,0.0,1
4194,1776087262.5261846,0.0496239999847603, 0.38501200015161885,0,0,27.8,0.0,1
4195,1776087262.5551908,0.04944299962517107, 0.3413920003367821,0,0,27.8,0.0,1
4196,1776087262.5851815,0.04631400042853784, 0.34614099968166556,0,0,27.8,0.0,1
4197,1776087262.6149616,0.04210999941278715, 0.34539300031610765,0,0,27.8,0.0,1
4198,1776087262.6448271,0.04697899930761196, 0.37232399972708663,0,0,27.8,0.0,1
4199,1776087262.6744993,0.04581599932862446, 0.3781479999815929,0,0,27.8,0.0,1
4200,1776087262.7043881,0.048627000069245696, 0.3770419998545549,0,0,27.8,0.0,1
4201,1776087262.73377,0.046441999984381255, 0.33779300065361895,0,0,27.8,0.0,1
4202,1776087262.7639616,0.04809100028069224, 0.385274000109348,0,0,27.8,0.0,1
4203,1776087262.7928205,0.041107000470219646, 0.35548100004234584,0,0,27.8,0.0,1
4204,1776087262.8230674,0.045312000111152884, 0.36234599974704906,0,0,27.8,0.0,1
4205,1776087262.853057,0.050396999540680554, 0.3790260007008328,0,0,27.8,0.0,1
4206,1776087262.8820753,0.04614000044966815, 0.34234599934279686,0,0,27.8,0.0,1
4207,1776087262.912331,0.049700000090524554, 0.37057000008644536,0,0,27.8,0.0,1
4208,1776087262.9418893,0.044395999793778174, 0.3456369995546993,0,0,27.8,0.0,1
4209,1776087262.9712973,0.04304899994167499, 0.3358250005476293,0,0,27.8,0.0,1
4210,1776087263.0016139,0.05069399958301801, 0.3650169992397423,0,0,27.8,0.0,1
4211,1776087263.0310075,0.04621300013241125, 0.3423750004003523,0,0,27.8,0.0,1
4212,1776087263.0610552,0.05161499939276837, 0.378256000658439,0,0,27.8,0.0,1
4213,1776087263.0898166,0.04238200017425697, 0.3452440005276003,0,0,27.8,0.0,1
4214,1776087263.1194415,0.045187000068835914, 0.39600399941264186,0,0,27.8,0.0,1
4214,1776087263.1800435,31.08335700017051, 0.2421689996481291,10,2,27.8,0.0,0
4215,1776087263.1994085,16.987598999548936, 0.2204550000897143,16,0,27.8,0.0,0
4216,1776087263.2291813,19.577819000005547, 0.21605099937005434,17,2,27.8,0.0,0
4217,1776087263.2587626,19.377297999199072, 0.22315099977276986,13,2,27.8,0.0,0
4218,1776087263.545878,19.8366549993807, 257.5952759998472,11,1,27.8,0.0,0
4220,1776087263.5496564,0.20531699919956736, 0.3179479999744217,0,1,27.8,0.0,1
4221,1776087263.5654266,0.2279150003232644, 0.38934199983486906,0,1,27.8,0.0,1
4222,1776087263.5966268,1.6240400000242516, 0.31759899957251037,0,1,27.8,0.0,1
4223,1776087263.629459,0.17452599968237337, 0.27577899982134113,0,0,27.8,0.0,1
4224,1776087263.6543765,0.04712000009021722, 0.3850519997286028,0,0,27.8,0.0,1
4225,1776087263.6845045,0.05079200036561815, 0.38100399979157373,0,0,27.8,0.0,1
4226,1776087263.7138526,0.04354900011094287, 0.34794800012605265,0,0,27.8,0.0,1
4227,1776087263.7438037,0.0814219993117149, 0.3839130004053004,0,0,27.8,0.0,1
4228,1776087263.7736166,0.04609400002664188, 0.3772250001929933,0,0,27.8,0.0,1
4229,1776087263.8036885,0.044996999349677935, 0.3614719998950022,0,0,27.8,0.0,1
4230,1776087263.8331347,0.0434220000897767, 0.34394200065435143,0,0,27.8,0.0,1
4231,1776087263.862946,0.04673999956139596, 0.34408400006213924,0,0,27.8,0.0,1
4232,1776087263.8928392,0.044675000026472844, 0.34121099997719284,0,0,27.8,0.0,1
4233,1776087263.922159,0.04406000061862869, 0.3475519997664378,0,0,27.8,0.0,1
4234,1776087263.9520311,0.04624799930752488, 0.3404869994483306,0,0,27.8,0.0,1
4235,1776087263.9825947,0.061086000641807914, 0.3969150002376409,0,0,27.8,0.0,1
4236,1776087264.0115738,0.04712300051323837, 0.3581769997254014,0,0,27.8,0.0,1
4237,1776087264.0408773,0.04483400061872089, 0.3523250006765011,0,0,27.8,0.0,1
4238,1776087264.0704646,0.04704100047092652, 0.37396799962152727,0,0,27.8,0.0,1
4239,1776087264.100328,0.05562800015468383, 0.36980599998059915,0,0,27.8,0.0,1
4240,1776087264.1297972,0.04317499951866921, 0.3497729994705878,0,0,27.8,0.0,1
4241,1776087264.1595623,0.054600000112259295, 0.40704000002733665,0,0,27.8,0.0,1
4242,1776087264.1892588,0.04677599918068154, 0.3876390001096297,0,0,27.8,0.0,1
4243,1776087264.2194211,0.04937799985782476, 0.3657530005511944,0,0,27.8,0.0,1
4244,1776087264.2488427,0.04505400011112215, 0.3726169998117257,0,0,27.8,0.0,1
4245,1776087264.278391,0.04618399998435052, 0.41217800026061013,0,0,27.8,0.0,1
4246,1776087264.3080423,0.04157399962423369, 0.36022399945068173,0,0,27.8,0.0,1
4247,1776087264.3378985,0.04758600061904872, 0.3832419997706893,0,0,27.8,0.0,1
4248,1776087264.36762,0.04931500006932765, 0.3679530000226805,0,0,27.8,0.0,1
4249,1776087264.3973756,0.05299199983710423, 0.43757999992521945,0,0,27.8,0.0,1
4250,1776087264.4269307,0.041614999645389616, 0.34148899976571556,0,0,27.8,0.0,1
4251,1776087264.456862,0.050626999836822506, 0.3935410004487494,0,0,27.8,0.0,1
4252,1776087264.486689,0.04696199994214112, 0.36724700021295575,0,0,27.8,0.0,1
4253,1776087264.516314,0.048830999730853364, 0.4121929996472318,0,0,27.8,0.0,1
4253,1776087264.564266,17.684583000118437, 0.2170569996451377,9,2,27.8,0.0,0
4254,1776087264.6254768,23.23373699982767, 0.3128560001641745,10,0,27.8,0.0,0
4255,1776087264.6455376,18.241432000650093, 0.22988100045040483,12,2,27.8,0.0,0
4256,1776087264.6592188,11.96783300019888, 0.2104800005326979,16,2,27.8,0.0,0
4257,1776087264.9359367,12.183018000541779, 259.33793499916646,16,2,27.8,0.0,0
4259,1776087264.9395356,0.27411200062488206, 0.31941799988999264,0,2,27.8,0.0,1
4260,1776087264.962012,0.26900800003204495, 0.3551069994500722,0,2,27.8,0.0,1
4261,1776087264.9929905,0.29713300045841606, 0.34958899959747214,0,2,27.8,0.0,1
4262,1776087265.0239947,1.8864539997593965, 0.345886000104656,0,0,27.8,0.0,1
4263,1776087265.0561361,0.03701900004671188, 0.27550799950404326,0,0,27.8,0.0,1
4264,1776087265.080828,0.041125000279862434, 0.3588700001273537,0,0,27.8,0.0,1
4265,1776087265.1108947,0.04502599949773867, 0.3409040000406094,0,0,27.8,0.0,1
4266,1776087265.1412885,0.04882000030193012, 0.37176299974817084,0,0,27.8,0.0,1
4267,1776087265.1705458,0.04645999979402404, 0.37061599959997693,0,0,27.8,0.0,1
4268,1776087265.2004182,0.04680700021708617, 0.38405800023610936,0,0,27.8,0.0,1
4269,1776087265.230055,0.04909800009045284, 0.4040120002173353,0,0,27.8,0.0,1
4270,1776087265.259328,0.06262500028242357, 0.4430540002431371,0,0,27.8,0.0,1
4271,1776087265.2886546,0.04200999956083251, 0.3641880002760445,0,0,27.8,0.0,1
4272,1776087265.3184707,0.0454399996669963, 0.4282360005163355,0,0,27.8,0.0,1
4273,1776087265.3483658,0.0512529995830846, 0.40502599949832074,0,0,27.8,0.0,1
4274,1776087265.3777938,0.041213999793399125, 0.3428959998927894,0,0,27.8,0.0,1
4275,1776087265.4075043,0.04695100051321788, 0.3794659996856353,0,0,27.8,0.0,1
4276,1776087265.4373355,0.051001999963773414, 0.41485099973215256,0,0,27.8,0.0,1
4277,1776087265.4670422,0.045337999836192466, 0.3852600002574036,0,0,27.8,0.0,1
4278,1776087265.496643,0.043637000089802314, 0.40252800044981996,0,0,27.8,0.0,1
4279,1776087265.5266314,0.04270200042810757, 0.37704700025642524,0,0,27.8,0.0,1
4280,1776087265.556787,0.04163599987805355, 0.3432829998928355,0,0,27.8,0.0,1
4281,1776087265.5862427,0.04349200025899336, 0.3443160003371304,0,0,27.8,0.0,1
4282,1776087265.6159608,0.04356299996288726, 0.3369710002516513,0,0,27.8,0.0,1
4283,1776087265.6458373,0.04597299994202331, 0.3416539993850165,0,0,27.8,0.0,1
4284,1776087265.6760638,0.049375000344298314, 0.3777029996854253,0,0,27.8,0.0,1
4285,1776087265.7054403,0.04740700023830868, 0.3889069994329475,0,0,27.8,0.0,1
4286,1776087265.7353063,0.049205000323127024, 0.3753339997274452,0,0,27.8,0.0,1
4287,1776087265.7647939,0.0431200005550636, 0.3490999997666222,0,0,27.8,0.0,1
4288,1776087265.7942066,0.04184099998383317, 0.34360200061200885,0,0,27.8,0.0,1
4289,1776087265.82391,0.052426999900490046, 0.38550000044779154,0,0,27.8,0.0,1
4290,1776087265.854223,0.05206200057727983, 0.36895899938826915,0,0,27.8,0.0,1
4291,1776087265.88375,0.060322000535961706, 0.34577800033730455,0,0,27.8,0.0,1
4292,1776087265.9131157,0.04510600047069602, 0.34109400075976737,0,0,27.8,0.0,1
4292,1776087265.9727745,29.836111999429704, 0.2242480004497338,5,2,27.8,0.0,0
4293,1776087266.0318208,23.740710000311083, 0.2885509993575397,4,0,27.8,0.0,0
4294,1776087266.0502567,16.65261600010126, 0.2185889998145285,3,2,27.8,0.0,0
4295,1776087266.113278,24.057528000412276, 0.35425699934421573,4,2,27.8,0.0,0
4296,1776087266.3912141,15.860259999499249, 260.4889700005515,8,2,27.8,0.0,0
4298,1776087266.39501,0.24809899969113758, 0.31103799938136945,0,2,27.8,0.0,1
4299,1776087266.4184494,0.27399400005378993, 0.3398649996597669,0,2,27.8,0.0,1
4300,1776087266.449799,1.7802450001909165, 0.30338299984578043,0,1,27.8,0.0,1
4301,1776087266.4822278,0.18499499947211007, 0.26211499971395824,0,0,27.8,0.0,1
4302,1776087266.5076916,0.043735999497585, 0.3593419996832381,0,0,27.8,0.0,1
4303,1776087266.5372581,0.04211000032228185, 0.34394600061204983,0,0,27.8,0.0,1
4304,1776087266.5669916,0.04139399970881641, 0.3355730004841462,0,0,27.8,0.0,1
4305,1776087266.5967383,0.05617199985863408, 0.3462880004008184,0,0,27.8,0.0,1
4306,1776087266.626266,0.044796000111091416, 0.3371299999344046,0,0,27.8,0.0,1
4307,1776087266.6560895,0.04204899960313924, 0.3419329996177112,0,0,27.8,0.0,1
4308,1776087266.685913,0.044800000068789814, 0.3444189997026115,0,0,27.8,0.0,1
4309,1776087266.7160091,0.05348000013327692, 0.37677999989682576,0,0,27.8,0.0,1
4310,1776087266.7454972,0.049838999984785914, 0.3672129996630247,0,0,27.8,0.0,1
4311,1776087266.7753239,0.04773700038640527, 0.37622899981215596,0,0,27.8,0.0,1
4312,1776087266.804895,0.0458269996670424, 0.33683300080156187,0,0,27.8,0.0,1
4313,1776087266.8342643,0.045745000534225255, 0.3349840008013416,0,0,27.8,0.0,1
4314,1776087266.8644495,0.04622899996320484, 0.38601300002483185,0,0,27.8,0.0,1
4315,1776087266.8940601,0.045494000005419366, 0.3432580006119679,0,0,27.8,0.0,1
4316,1776087266.9237254,0.06110300000727875, 0.3436269998928765,0,0,27.8,0.0,1
4317,1776087266.9535398,0.05057100042904494, 0.37103599970578216,0,0,27.8,0.0,1
4318,1776087266.9835358,0.049606999709794763, 0.37296899972716346,0,0,27.8,0.0,1
4319,1776087267.012889,0.04395299947645981, 0.34732800031633815,0,0,27.8,0.0,1
4320,1776087267.0422735,0.043865999941772316, 0.3348619993630564,0,0,27.8,0.0,1
4321,1776087267.0724044,0.04623099994205404, 0.3902219996234635,0,0,27.8,0.0,1
4322,1776087267.10193,0.045234000026539434, 0.3365989996382268,0,0,27.8,0.0,1
4323,1776087267.1317434,0.06194199977471726, 0.35638300050777616,0,0,27.8,0.0,1
4324,1776087267.161136,0.04260599962435663, 0.3425529994274257,0,0,27.8,0.0,1
4325,1776087267.1909196,0.04587800049193902, 0.3389710000192281,0,0,27.8,0.0,1
4326,1776087267.220842,0.04837400047108531, 0.3490959998089238,0,0,27.8,0.0,1
4327,1776087267.2503347,0.04355999953986611, 0.3387950000615092,0,0,27.8,0.0,1
4328,1776087267.280124,0.04151699977228418, 0.34708299972407985,0,0,27.8,0.0,1
4329,1776087267.3101578,0.05271800000627991, 0.38143200072227046,0,0,27.8,0.0,1
4330,1776087267.3397546,0.045976000365044456, 0.34259899985045195,0,0,27.8,0.0,1
4331,1776087267.369507,0.04865099981543608, 0.3619420003815321,0,0,27.8,0.0,1
4331,1776087267.428768,29.77762999944389, 0.21714900049119024,8,2,27.8,0.0,0
4332,1776087267.4453368,14.843095999822253, 0.21577300049102632,10,0,27.8,0.0,0
4333,1776087267.4808085,21.522168000046804, 0.23212100040836958,13,2,27.8,0.0,0
4334,1776087267.5069115,18.72788600030617, 0.2135600007022731,17,2,27.8,0.0,0
4335,1776087267.8008769,24.604494999948656, 258.6840590001884,15,2,27.8,0.0,0
4337,1776087267.8046699,0.2773910000541946, 0.30443899959209375,0,2,27.8,0.0,1
4338,1776087267.8144834,0.2427989993520896, 0.3109070003119996,0,2,27.8,0.0,1
4339,1776087267.8451152,0.2785139995467034, 0.33893999989231816,0,2,27.8,0.0,1
4340,1776087267.8759646,1.7859629997474258, 0.3208779999113176,0,0,27.8,0.0,1
4341,1776087267.9087238,0.035397999454289675, 0.26326799979869975,0,0,27.8,0.0,1
4342,1776087267.9339314,0.045259999751579016, 0.3437909999775002,0,0,27.8,0.0,1
4343,1776087267.964077,0.04942199939250713, 0.38138899981277063,0,0,27.8,0.0,1
4344,1776087267.9936967,0.04540999998425832, 0.35231200035923393,0,0,27.8,0.0,1
4345,1776087268.0234056,0.049371999921277165, 0.38009899981261697,0,0,27.8,0.0,1
4346,1776087268.053211,0.04992000049242051, 0.3829950001090765,0,0,27.8,0.0,1
4347,1776087268.0826173,0.04974799958290532, 0.3668669996841345,0,0,27.8,0.0,1
4348,1776087268.1121607,0.04485600038606208, 0.33972199980780715,0,0,27.8,0.0,1
4349,1776087268.1419241,0.04439899930730462, 0.3404240005693282,0,0,27.8,0.0,1
4350,1776087268.1720898,0.04922900006931741, 0.3716769997481606,0,0,27.8,0.0,1
4351,1776087268.2017636,0.04607499977282714, 0.34674900052777957,0,0,27.8,0.0,1
4352,1776087268.2313137,0.04801599970960524, 0.375397000425437,0,0,27.8,0.0,1
4353,1776087268.2611072,0.05126900032337289, 0.3725279993886943,0,0,27.8,0.0,1
4354,1776087268.2902894,0.045232000047690235, 0.3329169994685799,0,0,27.8,0.0,1
4355,1776087268.3204863,0.046782000026723836, 0.37612500000250293,0,0,27.8,0.0,1
4356,1776087268.350291,0.04922200059809256, 0.378505000298901,0,0,27.8,0.0,1
4357,1776087268.380047,0.05227100064075785, 0.3766150002775248,0,0,27.8,0.0,1
4358,1776087268.4095683,0.04806600009032991, 0.35808299980999436,0,0,27.8,0.0,1
4359,1776087268.43938,0.045648999730474316, 0.38041700008761836,0,0,27.8,0.0,1
4360,1776087268.4692292,0.05232300009083701, 0.3672600005302229,0,0,27.8,0.0,1
4361,1776087268.498653,0.04538300072454149, 0.35771799957728945,0,0,27.8,0.0,1
4362,1776087268.5281687,0.04794199958269019, 0.3406830001040362,0,0,27.8,0.0,1
4363,1776087268.5582771,0.04934900061925873, 0.3738100003829459,0,0,27.8,0.0,1
4364,1776087268.5880873,0.04795699987880653, 0.3844739994747215,0,0,27.8,0.0,1
4365,1776087268.617265,0.04264899962436175, 0.33279299987043487,0,0,27.8,0.0,1
4366,1776087268.647088,0.044421999518817756, 0.33718699978635414,0,0,27.8,0.0,1
4367,1776087268.6771338,0.04849300057685468, 0.38455199955933494,0,0,27.8,0.0,1
4368,1776087268.7063303,0.04843500028073322, 0.32860300052561797,0,0,27.8,0.0,1
4369,1776087268.7361948,0.04558399996312801, 0.34497399974497966,0,0,27.8,0.0,1
4370,1776087268.7663057,0.051123999583069235, 0.37235099989629816,0,0,27.8,0.0,1
4370,1776087268.8136158,18.068463000417978, 0.2085030000671395,6,2,27.8,0.0,0
4371,1776087268.8658676,23.126969000259123, 0.29729699963354506,6,0,27.8,0.0,0
4372,1776087268.8849776,17.12225800019951, 0.21494500015251106,8,2,27.8,0.0,0
4373,1776087268.8984146,11.691104999954405, 0.22608700055570807,7,2,27.8,0.0,0
4374,1776087269.1928499,21.299439999893366, 257.6202830005059,9,2,27.8,0.0,0
4376,1776087269.1958914,0.2352029996472993, 0.2819280007315683,0,2,27.8,0.0,1
4377,1776087269.2115324,0.30511400018440327, 0.3461699998297263,0,2,27.8,0.0,1
4378,1776087269.2430825,1.4964060001148027, 0.18248600008519134,0,2,27.8,0.0,1
4379,1776087269.2752357,0.21608599945466267, 0.2760700008366257,0,0,27.8,0.0,1
4380,1776087269.3003278,0.0450569996246486, 0.3764630000659963,0,0,27.8,0.0,1
4381,1776087269.3301692,0.04393699964566622, 0.3710369992404594,0,0,27.8,0.0,1
4382,1776087269.3598888,0.04756799989991123, 0.4050190000270959,0,0,27.8,0.0,1
4383,1776087269.3903058,0.04759399962495081, 0.37416599934658734,0,0,27.8,0.0,1
4384,1776087269.4200745,0.052723999942827504, 0.3703130005305866,0,0,27.8,0.0,1
4385,1776087269.450033,0.04809399979421869, 0.375930000700464,0,0,27.8,0.0,1
4386,1776087269.4786835,0.04677299966715509, 0.40072299998428207,0,0,27.8,0.0,1
4387,1776087269.5087194,0.04858600004808977, 0.4106030000912142,0,0,27.8,0.0,1
4388,1776087269.5388012,0.07211899992398685, 0.4149979995418107,0,0,27.8,0.0,1
4389,1776087269.568525,0.04966100004821783, 0.39488699985668063,0,0,27.8,0.0,1
4390,1776087269.5983605,0.05020200023864163, 0.36934000036126235,0,0,27.8,0.0,1
4391,1776087269.6277647,0.04487699970923131, 0.347505000718229,0,0,27.8,0.0,1
4392,1776087269.6573713,0.044037999941792805, 0.34735600002022693,0,0,27.8,0.0,1
4393,1776087269.6873176,0.04817500030185329, 0.37706599960074527,0,0,27.8,0.0,1
4394,1776087269.7170186,0.046608999582531396, 0.38131200017232914,0,0,27.8,0.0,1
4395,1776087269.7463906,0.048442000661452767, 0.3719590004038764,0,0,27.8,0.0,1
4396,1776087269.7756948,0.041821000195341185, 0.36750600065715844,0,0,27.8,0.0,1
4397,1776087269.8057818,0.044999999772699084, 0.3664599998955964,0,0,27.8,0.0,1
4398,1776087269.8360658,0.04724199970951304, 0.37678799981222255,0,0,27.8,0.0,1
4399,1776087269.86506,0.05206500009080628, 0.3708459998961189,0,0,27.8,0.0,1
4400,1776087269.8945882,0.04556199928629212, 0.37946000065858243,0,0,27.8,0.0,1
4401,1776087269.924608,0.04791699939232785, 0.38193599993974203,0,0,27.8,0.0,1
4402,1776087269.954796,0.06764899990230333, 0.40165500013245037,0,0,27.8,0.0,1
4403,1776087269.9838152,0.07471800017810892, 0.3922260002582334,0,0,27.8,0.0,1
4404,1776087270.0143354,0.04956600059813354, 0.37416400027723284,0,0,27.8,0.0,1
4405,1776087270.0435412,0.04782799987879116, 0.3552270000000135,0,0,27.8,0.0,1
4406,1776087270.0731542,0.04223199994157767, 0.33913599963852903,0,0,27.8,0.0,1
4407,1776087270.1030777,0.04502600040723337, 0.33864199940580875,0,0,27.8,0.0,1
4408,1776087270.1332426,0.049030999434762634, 0.37975400027789874,0,0,27.8,0.0,1
4409,1776087270.1629703,0.047156000618997496, 0.3783940001085284,0,0,27.8,0.0,1
4409,1776087270.2240183,31.68928800005233, 0.27996499920845963,11,2,27.8,0.0,0
4410,1776087270.2736852,23.241150000103517, 0.2698859998417902,10,0,27.8,0.0,0
4411,1776087270.291378,15.922057000352652, 0.24006500007089926,8,2,27.8,0.0,0
4412,1776087270.3050816,11.948318000577274, 0.2141719996870961,8,2,27.8,0.0,0
4413,1776087270.5846095,12.399460999404255, 261.3117330001842,4,2,27.8,0.0,0
4415,1776087270.588246,0.25723399994603824, 0.30137300018395763,0,2,27.8,0.0,1
4416,1776087270.6084075,0.27822299944091355, 0.35032300002058037,0,1,27.8,0.0,1
4417,1776087270.6381142,0.24236900026153307, 0.33652700039965566,0,1,27.8,0.0,1
4418,1776087270.6694996,1.7391119999956572, 0.3102179998677457,0,0,27.8,0.0,1
4419,1776087270.701394,0.03587500032153912, 0.2699169999687001,0,0,27.8,0.0,1
4420,1776087270.7271507,0.045077999857312534, 0.34760800008371007,0,0,27.8,0.0,1
4421,1776087270.75679,0.04165600057604024, 0.3416999998080428,0,0,27.8,0.0,1
4422,1776087270.786765,0.04860500030190451, 0.34324499938520603,0,0,27.8,0.0,1
4423,1776087270.8161986,0.046212000597734004, 0.3423040006964584,0,0,27.8,0.0,1
4424,1776087270.84604,0.04767300015373621, 0.34079999932146166,0,0,27.8,0.0,1
4425,1776087270.8760538,0.04878599975199904, 0.3885369997078669,0,0,27.8,0.0,1
4426,1776087270.9052663,0.04576499941322254, 0.33219499982806155,0,0,27.8,0.0,1
4427,1776087270.9350579,0.04460400032257894, 0.3419479999138275,0,0,27.8,0.0,1
4428,1776087270.964895,0.04599699968821369, 0.3469679995760089,0,0,27.8,0.0,1
4429,1776087270.9948397,0.045374000364972744, 0.3413260001252638,0,0,27.8,0.0,1
4430,1776087271.0241609,0.046211000153562054, 0.3299810005046311,0,0,27.8,0.0,1
4431,1776087271.0539064,0.04453599922271678, 0.3385919999345788,0,0,27.8,0.0,1
4432,1776087271.0833085,0.04649299989978317, 0.37951299964333884,0,0,27.8,0.0,1
4433,1776087271.1130114,0.041367999983776826, 0.3546429998095846,0,0,27.8,0.0,1
4434,1776087271.142705,0.04877399987890385, 0.4125969999222434,0,0,27.8,0.0,1
4435,1776087271.1723979,0.047573000301781576, 0.42010699962702347,0,0,27.8,0.0,1
4436,1776087271.2021594,0.04441799956111936, 0.39403000027959934,0,0,27.8,0.0,1
4437,1776087271.2317734,0.04313999943406088, 0.34916199911094736,0,0,27.8,0.0,1
4438,1776087271.261416,0.04638700011128094, 0.3884820007442613,0,0,27.8,0.0,1
4439,1776087271.2921185,0.053560999731416814, 0.39544900027976837,0,0,27.8,0.0,1
4440,1776087271.321704,0.04662999981519533, 0.3653859994301456,0,0,27.8,0.0,1
4441,1776087271.3510046,0.043312000343576074, 0.3380799998922157,0,0,27.8,0.0,1
4442,1776087271.3809507,0.044565000280272216, 0.3431780005485052,0,0,27.8,0.0,1
4443,1776087271.4102676,0.048161999984586146, 0.3344869992361055,0,0,27.8,0.0,1
4444,1776087271.4405105,0.046676000238221604, 0.37098699976922944,0,0,27.8,0.0,1
4445,1776087271.4702551,0.04840299970965134, 0.37348699970607413,0,0,27.8,0.0,1
4446,1776087271.5001457,0.04778400034410879, 0.37874500048928894,0,0,27.8,0.0,1
4447,1776087271.5297918,0.04513499970926205, 0.3438909998294548,0,0,27.8,0.0,1
4448,1776087271.5594854,0.04888300009042723, 0.3722519995790208,0,0,27.8,0.0,1
4448,1776087271.6070993,17.99004500026058, 0.20994299939047778,4,2,27.8,0.0,0
4449,1776087271.644378,22.092027000326198, 0.25013300000864547,4,0,27.8,0.0,0
4450,1776087271.668091,18.38330699956714, 0.21428200034279143,5,2,27.8,0.0,0
4451,1776087271.6952095,18.358418999923742, 0.21670200021617347,5,2,27.8,0.0,0
4452,1776087271.9889815,21.55092999964836, 259.665892999692,1,2,27.8,0.0,0
4454,1776087271.9927928,0.27264900018053595, 0.30329600031109294,0,2,27.8,0.0,1
4455,1776087272.0045073,0.2629119999255636, 0.3423269999984768,0,1,27.8,0.0,1
4456,1776087272.0368564,1.9248329999754787, 0.3402859993002494,0,1,27.8,0.0,1
4457,1776087272.0684197,0.16892999974515988, 0.26744800015876535,0,0,27.8,0.0,1
4458,1776087272.0940132,0.04625799920177087, 0.34065599993482465,0,0,27.8,0.0,1
4459,1776087272.1241145,0.05054599932918791, 0.39026000013109297,0,0,27.8,0.0,1
4460,1776087272.153683,0.04390800040710019, 0.36533100046654,0,0,27.8,0.0,1
4461,1776087272.1831276,0.042005000068456866, 0.34432499978720443,0,0,27.8,0.0,1
4462,1776087272.2133167,0.05063400021754205, 0.3712289999384666,0,0,27.8,0.0,1
4463,1776087272.243058,0.04795500080945203, 0.37468699974851916,0,0,27.8,0.0,1
4464,1776087272.272229,0.043154999730177224, 0.34334300016780617,0,0,27.8,0.0,1
4465,1776087272.3019736,0.04388200068206061, 0.34131899974454427,0,0,27.8,0.0,1
4466,1776087272.3318365,0.04686800002673408, 0.341547000061837,0,0,27.8,0.0,1
4467,1776087272.3619187,0.04875900049228221, 0.3830859996014624,0,0,27.8,0.0,1
4468,1776087272.3911712,0.0450549996457994, 0.3472849994068383,0,0,27.8,0.0,1
4469,1776087272.4208934,0.04539299970929278, 0.3365499997016741,0,0,27.8,0.0,1
4470,1776087272.4508376,0.045341000259213615, 0.3390559995750664,0,0,27.8,0.0,1
4471,1776087272.4802904,0.04323699977248907, 0.3379010004209704,0,0,27.8,0.0,1
4472,1776087272.5100186,0.042453999412828125, 0.3403649998290348,0,0,27.8,0.0,1
4473,1776087272.5397947,0.04530200021690689, 0.3482609999991837,0,0,27.8,0.0,1
4474,1776087272.5699413,0.04888800049229758, 0.38321500051097246,0,0,27.8,0.0,1
4475,1776087272.5994697,0.048040999899967574, 0.38018200029910076,0,0,27.8,0.0,1
4476,1776087272.6292953,0.05133300055604195, 0.37224699917715043,0,0,27.8,0.0,1
4477,1776087272.6588092,0.04915899990010075, 0.34559399955469416,0,0,27.8,0.0,1
4478,1776087272.6884785,0.047729000471008476, 0.37382600021373946,0,0,27.8,0.0,1
4479,1776087272.7183177,0.04704000002675457, 0.3821739992417861,0,0,27.8,0.0,1
4480,1776087272.7482069,0.05104000047140289, 0.37337800040404545,0,0,27.8,0.0,1
4481,1776087272.7779229,0.05078599951957585, 0.37729500036221,0,0,27.8,0.0,1
4482,1776087272.8072183,0.046535999899788294, 0.3402780002943473,0,0,27.8,0.0,1
4483,1776087272.8369844,0.04455999987840187, 0.3469120001682313,0,0,27.8,0.0,1
4484,1776087272.8667986,0.04375000025902409, 0.33657699987088563,0,0,27.8,0.0,1
4485,1776087272.8962047,0.04547400021692738, 0.34497599972382886,0,0,27.8,0.0,1
4486,1776087272.926016,0.04178600011073286, 0.3455759997450514,0,0,27.8,0.0,1
4487,1776087272.956122,0.0475329998153029, 0.38921600025787484,0,0,27.8,0.0,1
4487,1776087273.017971,32.113579999531794, 0.2614450004330138,5,2,27.8,0.0,0
4488,1776087273.0716558,23.79719100008515, 0.24449400007142685,6,0,27.8,0.0,0
4489,1776087273.0896413,16.13755200014566, 0.21861599998374004,8,2,27.8,0.0,0
4490,1776087273.1033926,11.986391999926127, 0.22686899956170237,7,2,27.8,0.0,0
4491,1776087273.3738382,11.707977000696701, 256.5708709998944,6,2,27.8,0.0,0
4493,1776087273.377146,0.269130999186018, 0.3472970001894282,0,2,27.8,0.0,1
4494,1776087273.4011858,0.29193200043664547, 0.3784589998758747,0,1,27.8,0.0,1
4495,1776087273.4308627,0.2472080004736199, 0.3410419994906988,0,0,27.8,0.0,1
4496,1776087273.4620862,1.6513749997102423, 0.3468849999990198,0,0,27.8,0.0,1
4497,1776087273.4946792,0.03528599972923985, 0.25873599952319637,0,0,27.8,0.0,1
4498,1776087273.519794,0.04537399945547804, 0.3429690004850272,0,0,27.8,0.0,1
4499,1776087273.5500154,0.04028000057587633, 0.34441200023138663,0,0,27.8,0.0,1
4500,1776087273.5798469,0.04293100028007757, 0.3443039995545405,0,0,27.8,0.0,1
4501,1776087273.609915,0.04850799996347632, 0.37983699985488784,0,0,27.8,0.0,1
4502,1776087273.639114,0.04373100000520935, 0.33823699959611986,0,0,27.8,0.0,1
4503,1776087273.6689854,0.043322999772499315, 0.3390689998923335,0,0,27.8,0.0,1
4504,1776087273.6990921,0.04924400036543375, 0.38790100006735884,0,0,27.8,0.0,1
4505,1776087273.7282376,0.04525599979388062, 0.3445700003794627,0,0,27.8,0.0,1
4506,1776087273.7581036,0.043818999984068796, 0.3439559995968011,0,0,27.8,0.0,1
4507,1776087273.787857,0.04247800006851321, 0.34068199965986423,0,0,27.8,0.0,1
4508,1776087273.818103,0.042331000258855056, 0.34129599953303114,0,0,27.8,0.0,1
4509,1776087273.8471732,0.04688299941335572, 0.34112599951185985,0,0,27.8,0.0,1
4510,1776087273.8772647,0.05012299970985623, 0.40681700011191424,0,0,27.8,0.0,1
4511,1776087273.906306,0.04472799992072396, 0.3945239996028249,0,0,27.8,0.0,1
4512,1776087273.9362767,0.043818999984068796, 0.3370060003362596,0,0,27.8,0.0,1
4513,1776087273.9661205,0.044086000343668275, 0.3412510004636715,0,0,27.8,0.0,1
4514,1776087273.9963055,0.05082200004835613, 0.38095000036264537,0,0,27.8,0.0,1
4515,1776087274.0257187,0.05381099981605075, 0.34215300001960713,0,0,27.8,0.0,1
4516,1776087274.0551436,0.0442729997303104, 0.34496800071792677,0,0,27.8,0.0,1
4517,1776087274.0849636,0.045494000005419366, 0.3400730001885677,0,0,27.8,0.0,1
4518,1776087274.114756,0.06387100074789487, 0.34398900061205495,0,0,27.8,0.0,1
4519,1776087274.1448374,0.04863399954047054, 0.3860529996018158,0,0,27.8,0.0,1
4520,1776087274.1740181,0.04299500051274663, 0.343435000104364,0,0,27.8,0.0,1
4521,1776087274.2038352,0.04467700000532204, 0.3459939998720074,0,0,27.8,0.0,1
4522,1776087274.2336452,0.047401999836438335, 0.36976100000174483,0,0,27.8,0.0,1
4523,1776087274.2631009,0.04406200059747789, 0.34040900027321186,0,0,27.8,0.0,1
4524,1776087274.292964,0.044704000174533576, 0.34206400050607044,0,0,27.8,0.0,1
4525,1776087274.3224616,0.056711000070208684, 0.44532599986268906,0,0,27.8,0.0,1
4526,1776087274.3519487,0.04641499981516972, 0.41331500051455805,0,0,27.8,0.0,1
4526,1776087274.3998206,18.48645499921986, 0.20936700002494035,2,2,27.8,0.0,0
4527,1776087274.4543953,22.30437400066876, 0.2570830001786817,4,0,27.8,0.0,0
4528,1776087274.4735324,17.25572299983469, 0.23555200004921062,6,2,27.8,0.0,0
4529,1776087274.4869924,11.74276900019322, 0.21238200042716926,5,2,27.8,0.0,0
4530,1776087274.7761927,19.435475999671326, 257.16186800036667,4,2,27.8,0.0,0
4532,1776087274.7800078,0.25324499983980786, 0.30148899986670585,0,2,27.8,0.0,1
4533,1776087274.798238,0.27128100009576883, 0.3361569997650804,0,2,27.8,0.0,1
4534,1776087274.8296638,1.8064300002151867, 0.32946800001809606,0,2,27.8,0.0,1
4535,1776087274.8622153,0.2207489997090306, 0.2912760000981507,0,0,27.8,0.0,1
4536,1776087274.886775,0.04255700059729861, 0.34401700031594373,0,0,27.8,0.0,1
4537,1776087274.9163454,0.04508100028033368, 0.3611310003179824,0,0,27.8,0.0,1
4538,1776087274.9466615,0.04502299998421222, 0.37107800017111003,0,0,27.8,0.0,1
4539,1776087274.975848,0.043201000153203495, 0.3453009994700551,0,0,27.8,0.0,1
4540,1776087275.006164,0.045617999603564385, 0.34413199955452,0,0,27.8,0.0,1
4541,1776087275.0362043,0.04820100002689287, 0.3874610001730616,0,0,27.8,0.0,1
4542,1776087275.0654237,0.04556400017463602, 0.3411759998925845,0,0,27.8,0.0,1
4543,1776087275.0952053,0.04354700013209367, 0.3442090001044562,0,0,27.8,0.0,1
4544,1776087275.1250508,0.04376600008981768, 0.34959700042236364,0,0,27.8,0.0,1
4545,1776087275.1549523,0.04368400004750583, 0.352147000739933,0,0,27.8,0.0,1
4546,1776087275.1842585,0.04366899975138949, 0.3456330005064956,0,0,27.8,0.0,1
4547,1776087275.214071,0.042257000131940003, 0.3441720000409987,0,0,27.8,0.0,1
4548,1776087275.243884,0.04410299970913911, 0.34587500067573274,0,0,27.8,0.0,1
4549,1776087275.2737286,0.05791600051452406, 0.34607799989316845,0,0,27.8,0.0,1
4550,1776087275.3031435,0.04564200025924947, 0.34276300084457034,0,0,27.8,0.0,1
4551,1776087275.3330903,0.047679999624961056, 0.3407659996810253,0,0,27.8,0.0,1
4552,1776087275.3630884,0.05031000000599306, 0.38561400015169056,0,0,27.8,0.0,1
4553,1776087275.3922527,0.04324400015320862, 0.3363089999766089,0,0,27.8,0.0,1
4554,1776087275.4220905,0.04222600000503007, 0.3465749996394152,0,0,27.8,0.0,1
4555,1776087275.4518623,0.04430700028024148, 0.34276299993507564,0,0,27.8,0.0,1
4556,1776087275.4818153,0.04496400015341351, 0.34047400004055817,0,0,27.8,0.0,1
4557,1776087275.5110407,0.04283799989934778, 0.34723499993560836,0,0,27.8,0.0,1
4558,1776087275.5414078,0.04794300002686214, 0.37499700010812376,0,0,27.8,0.0,1
4559,1776087275.5708551,0.042716999814729206, 0.3476609999779612,0,0,27.8,0.0,1
4560,1776087275.6002836,0.04691799949796405, 0.3351639998072642,0,0,27.8,0.0,1
4561,1776087275.6305163,0.05069399958301801, 0.3776069997911691,0,0,27.8,0.0,1
4562,1776087275.6603343,0.046910000492061954, 0.37233700004435377,0,0,27.8,0.0,1
4563,1776087275.6897497,0.06583799950021785, 0.34183299976575654,0,0,27.8,0.0,1
4564,1776087275.7196186,0.04486699981498532, 0.36277900017012144,0,0,27.8,0.0,1
4565,1776087275.7490392,0.04243300008965889, 0.3431770001043333,0,0,27.8,0.0,1
4565,1776087275.8089113,30.361559000084526, 0.25393400028406177,7,2,27.8,0.0,0
4566,1776087275.8251412,14.53536500048358, 0.19521100057318108,7,0,27.8,0.0,0
4567,1776087275.8594108,20.60832300048787, 0.2200050003011711,9,2,27.8,0.0,0
4568,1776087275.8872344,19.258913999692595, 0.22075800006859936,7,2,27.8,0.0,0
4569,1776087276.1781895,20.52025299963134, 260.06879700071295,8,2,27.8,0.0,0
4571,1776087276.1811717,0.23268499990081182, 0.2851760000339709,0,2,27.8,0.0,1
4572,1776087276.1946256,0.30674699974042596, 0.35242800004198216,0,2,27.8,0.0,1
4573,1776087276.2246618,0.307708000036655, 0.3796440005316981,0,2,27.8,0.0,1
4574,1776087276.2560415,1.905675000671181, 0.36835500031884294,0,0,27.8,0.0,1
4575,1776087276.2878559,0.03601400021580048, 0.265003000095021,0,0,27.8,0.0,1
4576,1776087276.313077,0.04558500040729996, 0.3819510002358584,0,0,27.8,0.0,1
4577,1776087276.342862,0.0479219997941982, 0.40657999943505274,0,0,27.8,0.0,1
4578,1776087276.3725038,0.047387999984493945, 0.37136599985387875,0,0,27.8,0.0,1
4579,1776087276.4020534,0.04798700047103921, 0.371641000128875,0,0,27.8,0.0,1
4580,1776087276.4321141,0.04133400034334045, 0.3592769999158918,0,0,27.8,0.0,1
4581,1776087276.461798,0.0703310006429092, 0.3787810001085745,0,0,27.8,0.0,1
4582,1776087276.4914038,0.04569100019580219, 0.3788960002566455,0,0,27.8,0.0,1
4583,1776087276.5215244,0.04928900034428807, 0.3627920004873886,0,0,27.8,0.0,1
4584,1776087276.551061,0.04898999941360671, 0.3737659999387688,0,0,27.8,0.0,1
4585,1776087276.5809808,0.04614200042851735, 0.3507510000417824,0,0,27.8,0.0,1
4586,1776087276.610947,0.04645100034395, 0.3678699995361967,0,0,27.8,0.0,1
4587,1776087276.6398785,0.042798000322363805, 0.34722300006251317,0,0,27.8,0.0,1
4588,1776087276.670296,0.05119500019645784, 0.41144900023937225,0,0,27.8,0.0,1
4589,1776087276.6994023,0.047729000471008476, 0.37837199943169253,0,0,27.8,0.0,1
4590,1776087276.7295008,0.05408099968917668, 0.35419499999989057,0,0,27.8,0.0,1
4591,1776087276.7587683,0.04481499945541145, 0.34872200012614485,0,0,27.8,0.0,1
4592,1776087276.788495,0.04511699989961926, 0.37906499983364483,0,0,27.8,0.0,1
4593,1776087276.8182156,0.04442000044946326, 0.3819479998128372,0,0,27.8,0.0,1
4594,1776087276.8480196,0.04209300004731631, 0.37053100004413864,0,0,27.8,0.0,1
4595,1776087276.8779473,0.0474560001748614, 0.34447899997758213,0,0,27.8,0.0,1
4596,1776087276.907801,0.04675600030168425, 0.3611800002545351,0,0,27.8,0.0,1
4597,1776087276.9373043,0.04750799962494057, 0.4156009999860544,0,0,27.8,0.0,1
4598,1776087276.9670665,0.04735799939226126, 0.3581060000215075,0,0,27.8,0.0,1
4599,1776087276.997469,0.04798200006916886, 0.3917779995390447,0,0,27.8,0.0,1
4600,1776087277.0271914,0.04965700009051943, 0.37499700010812376,0,0,27.8,0.0,1
4601,1776087277.0562003,0.04407799951877678, 0.3361979997862363,0,0,27.8,0.0,1
4602,1776087277.0861468,0.042100999962713104, 0.34484800016798545,0,0,27.8,0.0,1
4603,1776087277.116206,0.04754999918077374, 0.38339300044754054,0,0,27.8,0.0,1
4604,1776087277.145802,0.04347000049165217, 0.34572100048535503,0,0,27.8,0.0,1
4604,1776087277.2066545,31.50690799975564, 0.31739799942442914,9,2,27.8,0.0,0
4605,1776087277.2230635,14.72276200001943, 0.21310099964466644,9,0,27.8,0.0,0
4606,1776087277.2577446,21.33534899985534, 0.24898199990275316,11,2,27.8,0.0,0
4607,1776087277.2818816,17.480940000496048, 0.2154869998776121,10,2,27.8,0.0,0
4608,1776087277.573872,20.218110000314482, 259.2040029994678,8,2,27.8,0.0,0
4610,1776087277.5777888,0.2702350002437015, 0.2397680000285618,0,2,27.8,0.0,1
4611,1776087277.591776,0.3041179998035659, 0.33790499946917407,0,1,27.8,0.0,1
4612,1776087277.6225615,1.5762880002512247, 0.3165699999954086,0,1,27.8,0.0,1
4613,1776087277.6551445,0.16747400059102802, 0.2593180006442708,0,0,27.8,0.0,1
4614,1776087277.6809196,0.04741300017485628, 0.3794739996010321,0,0,27.8,0.0,1
4615,1776087277.710067,0.04240300040692091, 0.3386250000403379,0,0,27.8,0.0,1
4616,1776087277.73998,0.045030999899609014, 0.3388619998077047,0,0,27.8,0.0,1
4617,1776087277.7698033,0.044840999180451035, 0.33662599980743835,0,0,27.8,0.0,1
4618,1776087277.799605,0.050547999308037106, 0.36114799968345324,0,0,27.8,0.0,1
4619,1776087277.829289,0.04569999964587623, 0.38201300048967823,0,0,27.8,0.0,1
4620,1776087277.8589044,0.04508699930738658, 0.3404400004001218,0,0,27.8,0.0,1
4621,1776087277.8886645,0.04256000011082506, 0.3653860003396403,0,0,27.8,0.0,1
4622,1776087277.9184587,0.046627000301668886, 0.3838559996438562,0,0,27.8,0.0,1
4623,1776087277.9479618,0.0426520000473829, 0.3412469995964784,0,0,27.8,0.0,1
4624,1776087277.9777591,0.04534099934971891, 0.33571600033610594,0,0,27.8,0.0,1
4625,1776087278.0077333,0.05764399975305423, 0.34693899942794815,0,0,27.8,0.0,1
4626,1776087278.0373418,0.05013800000597257, 0.3722060000654892,0,0,27.8,0.0,1
4627,1776087278.0674362,0.048068000069179107, 0.3829040006166906,0,0,27.8,0.0,1
4628,1776087278.097054,0.04889800038654357, 0.37601799976982875,0,0,27.8,0.0,1
4629,1776087278.1260722,0.04747500042867614, 0.34398299976601265,0,0,27.8,0.0,1
4630,1776087278.1563902,0.05154100017534802, 0.39230800030054525,0,0,27.8,0.0,1
4631,1776087278.1860664,0.04944200009049382, 0.37804400017193984,0,0,27.8,0.0,1
4632,1776087278.2156196,0.047414999244210776, 0.37254500057315454,0,0,27.8,0.0,1
4633,1776087278.245398,0.04823699964617845, 0.3818729992417502,0,0,27.8,0.0,1
4634,1776087278.2749288,0.04664700009016087, 0.3442639999775565,0,0,27.8,0.0,1
4635,1776087278.305008,0.04985200030205306, 0.37755799985461636,0,0,27.8,0.0,1
4636,1776087278.334578,0.050489999921410345, 0.3786939996643923,0,0,27.8,0.0,1
4637,1776087278.3639567,0.04664900006901007, 0.339336000251933,0,0,27.8,0.0,1
4638,1776087278.3937817,0.042329999814683106, 0.3478299995549605,0,0,27.8,0.0,1
4639,1776087278.4232063,0.043295000068610534, 0.3415219998714747,0,0,27.8,0.0,1
4640,1776087278.4533658,0.04894900030194549, 0.38771700019424316,0,0,27.8,0.0,1
4641,1776087278.4828992,0.04620300023816526, 0.3489239998089033,0,0,27.8,0.0,1
4642,1776087278.5123668,0.04602100034389878, 0.3418000005694921,0,0,27.8,0.0,1
4643,1776087278.5424588,0.047929000174917746, 0.37687700023525394,0,0,27.8,0.0,1
4643,1776087278.5905535,18.62516599976516, 0.23315400085266447,8,2,27.8,0.0,0
4644,1776087278.6232975,21.65998700002092, 0.2357479997954215,8,0,27.8,0.0,0
4645,1776087278.6527777,20.56346399967879, 0.22126199928607093,8,2,27.8,0.0,0
4646,1776087278.680061,19.21501500055456, 0.21778599966637557,10,2,27.8,0.0,0
4647,1776087278.9717963,20.628334999855724, 259.86095600001136,8,2,27.8,0.0,0
4649,1776087278.9768097,0.2686560001166072, 0.31792699974175775,0,2,27.8,0.0,1
4650,1776087278.9878407,0.27485100054036593, 0.317230999826279,0,1,27.8,0.0,1
4651,1776087279.0179563,0.23533399962616386, 0.34507300006225705,0,1,27.8,0.0,1
4652,1776087279.0488415,1.666248000219639, 0.30590000005759066,0,0,27.8,0.0,1
4653,1776087279.0812676,0.033619000532780774, 0.26618400079314597,0,0,27.8,0.0,1
4654,1776087279.1067922,0.04351799998403294, 0.34809699991456,0,0,27.8,0.0,1
4655,1776087279.1364021,0.049650999244477134, 0.3751719996216707,0,0,27.8,0.0,1
4656,1776087279.1660056,0.046348999603651464, 0.36541899953590473,0,0,27.8,0.0,1
4657,1776087279.1964283,0.050890999773400836, 0.39968700002646074,0,0,27.8,0.0,1
4658,1776087279.2260332,0.0480010003229836, 0.392745000681316,0,0,27.8,0.0,1
4659,1776087279.255659,0.043697999899450224, 0.3583879997677286,0,0,27.8,0.0,1
4660,1776087279.2851691,0.043560000449360814, 0.3417919997446006,0,0,27.8,0.0,1
4661,1776087279.314968,0.04802800049219513, 0.3461279993643984,0,0,27.8,0.0,1
4662,1776087279.3453064,0.04934600019623758, 0.37319599960028427,0,0,27.8,0.0,1
4663,1776087279.3745177,0.04612700013240101, 0.36903600084770005,0,0,27.8,0.0,1
4664,1776087279.4040258,0.04763000015373109, 0.3410159997656592,0,0,27.8,0.0,1
4665,1776087279.4341297,0.052828999287157785, 0.3848430005746195,0,0,27.8,0.0,1
4666,1776087279.4638805,0.04468099996302044, 0.3380230000402662,0,0,27.8,0.0,1
4667,1776087279.493088,0.041850999878079165, 0.34700000014709076,0,0,27.8,0.0,1
4668,1776087279.5228925,0.04606299989973195, 0.3474220002317452,0,0,27.8,0.0,1
4669,1776087279.55274,0.05982299990137108, 0.3486640007395181,0,0,27.8,0.0,1
4670,1776087279.582306,0.048969999625114724, 0.38711699926352594,0,0,27.8,0.0,1
4671,1776087279.6117706,0.04584100042848149, 0.34160799987148494,0,0,27.8,0.0,1
4672,1776087279.6414053,0.04783400072483346, 0.39142700006777886,0,0,27.8,0.0,1
4673,1776087279.671057,0.04562199956126278, 0.3731220003828639,0,0,27.8,0.0,1
4674,1776087279.70057,0.049975999900198076, 0.3726639997694292,0,0,27.8,0.0,1
4675,1776087279.7305026,0.05443499958346365, 0.4618680004568887,0,0,27.8,0.0,1
4676,1776087279.761,0.05005699949833797, 0.3803310000876081,0,0,27.8,0.0,1
4677,1776087279.7902126,0.0444349998360849, 0.3447859999141656,0,0,27.8,0.0,1
4678,1776087279.8202915,0.047653000365244225, 0.3817950000666315,0,0,27.8,0.0,1
4679,1776087279.8501139,0.053216999731375836, 0.3808600004049367,0,0,27.8,0.0,1
4680,1776087279.8792822,0.046471000132441986, 0.3431029999774182,0,0,27.8,0.0,1
4681,1776087279.9094968,0.05204999979468994, 0.3707389996634447,0,0,27.8,0.0,1
4682,1776087279.939241,0.0469859996883315, 0.3842349997285055,0,0,27.8,0.0,1
4682,1776087280.000206,31.420624000020325, 0.21072399977128953,10,2,27.8,0.0,0
4683,1776087280.0162442,14.34764300029201, 0.21493499934877036,9,0,27.8,0.0,0
4684,1776087280.0487282,20.25678300014988, 0.21962499977234984,11,2,27.8,0.0,0
4685,1776087280.0771074,19.306880999465648, 0.21939499947620789,11,2,27.8,0.0,0
4686,1776087280.3673382,20.7824620001702, 259.1859510002905,14,1,27.8,0.0,0
4688,1776087280.3703046,0.19630499991762917, 0.3031449996342417,0,1,27.8,0.0,1
4689,1776087280.3844008,0.2207550005550729, 0.3400569994482794,0,1,27.8,0.0,1
4690,1776087280.415613,1.7227129992534174, 0.3116920006505097,0,1,27.8,0.0,1
4691,1776087280.4484034,0.17498699980933452, 0.27984799999103416,0,0,27.8,0.0,1
4692,1776087280.4732387,0.04572400030156132, 0.3895760000887094,0,0,27.8,0.0,1
4693,1776087280.5029917,0.04736699975183001, 0.4128259997742134,0,0,27.8,0.0,1
4694,1776087280.5326765,0.04602799981512362, 0.4123349999645143,0,0,27.8,0.0,1
4695,1776087280.562478,0.04914799956168281, 0.412393999795313,0,0,27.8,0.0,1
4696,1776087280.5922997,0.0506349997522193, 0.42528300036792643,0,0,27.8,0.0,1
4697,1776087280.6216948,0.042517000110819936, 0.35990000014862744,0,0,27.8,0.0,1
4698,1776087280.6515014,0.04533500032266602, 0.3710290002345573,0,0,27.8,0.0,1
4699,1776087280.681293,0.047142000767053105, 0.39137800013122614,0,0,27.8,0.0,1
4700,1776087280.7111301,0.04848499975196319, 0.4166879998592776,0,0,27.8,0.0,1
4701,1776087280.740682,0.0427269997089752, 0.36843999987468123,0,0,27.8,0.0,1
4702,1776087280.7703304,0.04784399970958475, 0.3612769996834686,0,0,27.8,0.0,1
4703,1776087280.8001595,0.05650000002788147, 0.43670899958669906,0,0,27.8,0.0,1
4704,1776087280.8301306,0.04858600004808977, 0.40055199951893883,0,0,27.8,0.0,1
4705,1776087280.8595479,0.05094600055599585, 0.40686600004846696,0,0,27.8,0.0,1
4706,1776087280.890237,0.050411000302119646, 0.3983489996244316,0,0,27.8,0.0,1
4707,1776087280.9192455,0.04502100000536302, 0.3503779998936807,0,0,27.8,0.0,1
4708,1776087280.949628,0.04612199973053066, 0.38212500021472806,0,0,27.8,0.0,1
4709,1776087280.9795682,0.05286999930831371, 0.4879970001638867,0,0,27.8,0.0,1
4710,1776087281.0086308,0.05060900002717972, 0.3886169997713296,0,0,27.8,0.0,1
4711,1776087281.0380344,0.04600099964591209, 0.34127999970223755,0,0,27.8,0.0,1
4712,1776087281.0675128,0.04766999973071506, 0.3779899998335168,0,0,27.8,0.0,1
4713,1776087281.0972722,0.046131000090099405, 0.38429899996117456,0,0,27.8,0.0,1
4714,1776087281.1272094,0.0505640000483254, 0.3747159998965799,0,0,27.8,0.0,1
4715,1776087281.156564,0.043060000280092936, 0.3599339997890638,0,0,27.8,0.0,1
4716,1776087281.186414,0.047667000217188615, 0.3752709999389481,0,0,27.8,0.0,1
4717,1776087281.2165067,0.04665400047088042, 0.3735130003406084,0,0,27.8,0.0,1
4718,1776087281.2457979,0.045836000026611146, 0.34589400002005277,0,0,27.8,0.0,1
4719,1776087281.275551,0.050694000492512714, 0.3799010000875569,0,0,27.8,0.0,1
4720,1776087281.3051722,0.045107000005373266, 0.3828310000244528,0,0,27.8,0.0,1
4721,1776087281.3350506,0.04181399981462164, 0.35545500031730626,0,0,27.8,0.0,1
4721,1776087281.3972807,32.1304750004856, 0.2540079995014821,5,2,27.8,0.0,0
4722,1776087281.4132597,14.268072999584547, 0.2063369993265951,8,0,27.8,0.0,0
4723,1776087281.445921,20.3114789992469, 0.21932300023763673,8,2,27.8,0.0,0
4724,1776087281.4741893,19.43592399948102, 0.21918299989920342,8,2,27.8,0.0,0
4725,1776087281.7631187,20.437260000107926, 258.3076589999109,9,2,27.8,0.0,0
4727,1776087281.7662442,0.23253800009115366, 0.2882710004996625,0,2,27.8,0.0,1
4728,1776087281.7808075,0.3013679997820873, 0.3433009997024783,0,2,27.8,0.0,1
4729,1776087281.810521,0.2930920009021065, 0.3728700003193808,0,2,27.8,0.0,1
4730,1776087281.8422873,1.7872819998956402, 0.3115760000582668,0,0,27.8,0.0,1
4731,1776087281.8744009,0.038641000173811335, 0.2791999995679362,0,0,27.8,0.0,1
4732,1776087281.8995125,0.050381000619381666, 0.36817499949393095,0,0,27.8,0.0,1
4733,1776087281.92937,0.04912300028081518, 0.4110039999432047,0,0,27.8,0.0,1
4734,1776087281.959705,0.050042000111716334, 0.39953899977263063,0,0,27.8,0.0,1
4735,1776087281.989005,0.0512529995830846, 0.39075799941201694,0,0,27.8,0.0,1
4736,1776087282.0193381,0.0511779999214923, 0.36798200017074123,0,0,27.8,0.0,1
4737,1776087282.048736,0.05964899992250139, 0.34696300008363323,0,0,27.8,0.0,1
4738,1776087282.0782008,0.043555999582167715, 0.33896600052685244,0,0,27.8,0.0,1
4739,1776087282.1084168,0.04973700015398208, 0.39028399987728335,0,0,27.8,0.0,1
4740,1776087282.1378467,0.045062000026518945, 0.3674850004244945,0,0,27.8,0.0,1
4741,1776087282.1673808,0.06122899958427297, 0.48585400054435013,0,0,27.8,0.0,1
4742,1776087282.1967905,0.07290600024134619, 0.38641999981336994,0,0,27.8,0.0,1
4743,1776087282.2264833,0.048521000280743465, 0.4099460002180422,0,0,27.8,0.0,1
4744,1776087282.256515,0.05066700032330118, 0.354597000296053,0,0,27.8,0.0,1
4745,1776087282.2858546,0.04377899949759012, 0.34541700006229803,0,0,27.8,0.0,1
4746,1776087282.316051,0.047467000513279345, 0.37092999991727993,0,0,27.8,0.0,1
4747,1776087282.3452458,0.046880000809323974, 0.37333100044634193,0,0,27.8,0.0,1
4748,1776087282.3753214,0.04696700034401147, 0.3632549996837042,0,0,27.8,0.0,1
4749,1776087282.4046812,0.04223399992042687, 0.36747400008607656,0,0,27.8,0.0,1
4750,1776087282.4347324,0.06098000085330568, 0.35919899983127834,0,0,27.8,0.0,1
4751,1776087282.4644403,0.049079000746132806, 0.37198799964244245,0,0,27.8,0.0,1
4752,1776087282.4937696,0.046422999730566517, 0.33992700082308147,0,0,27.8,0.0,1
4753,1776087282.5238452,0.04917799924442079, 0.3694099996209843,0,0,27.8,0.0,1
4754,1776087282.5538027,0.04767199970956426, 0.3555009998308378,0,0,27.8,0.0,1
4755,1776087282.5832264,0.05255700034467736, 0.41679200057842536,0,0,27.8,0.0,1
4756,1776087282.612646,0.042172999201284256, 0.3641049997895607,0,0,27.8,0.0,1
4757,1776087282.642374,0.04742700002680067, 0.4118800006835954,0,0,27.8,0.0,1
4758,1776087282.6722014,0.046159999328665435, 0.43868000011570984,0,0,27.8,0.0,1
4759,1776087282.7017324,0.06710999969072873, 0.3402189995540539,0,0,27.8,0.0,1
4760,1776087282.7318466,0.05038800009060651, 0.3605030005928711,0,0,27.8,0.0,1
4760,1776087282.7794278,18.031153000265476, 0.23392100047203712,9,2,27.8,0.0,0
4761,1776087282.8393168,22.365553999406984, 0.3252630003771628,7,0,27.8,0.0,0
4762,1776087282.8599355,18.79533800001809, 0.21069200010970235,9,2,27.8,0.0,0
4763,1776087282.873538,11.84791400009999, 0.22767699920223095,11,2,27.8,0.0,0
4764,1776087283.155441,14.778757000385667, 258.8487379998696,12,1,27.8,0.0,0
4766,1776087283.1590986,0.19855400023516268, 0.3009929996551364,0,1,27.8,0.0,1
4767,1776087283.1780157,0.21945300068182405, 0.34591599978739396,0,1,27.8,0.0,1
4768,1776087283.2095416,1.743155999974988, 0.3164139998261817,0,1,27.8,0.0,1
4769,1776087283.2414637,0.17211399972438812, 0.2655609996509156,0,0,27.8,0.0,1
4770,1776087283.2669194,0.047495000217168126, 0.33657200037851,0,0,27.8,0.0,1
4771,1776087283.296812,0.04530499973043334, 0.339270999575092,0,0,27.8,0.0,1
4772,1776087283.3266428,0.04432100013218587, 0.36154699955659453,0,0,27.8,0.0,1
4773,1776087283.3561187,0.04634200013242662, 0.3435239996179007,0,0,27.8,0.0,1
4774,1776087283.3858497,0.04232599985698471, 0.36554899998009205,0,0,27.8,0.0,1
4775,1776087283.4151511,0.04710199937107973, 0.4000950002591708,0,0,27.8,0.0,1
4776,1776087283.4449406,0.04305599941289984, 0.3725260003193398,0,0,27.8,0.0,1
4777,1776087283.4745002,0.045898999815108255, 0.37506399985431926,0,0,27.8,0.0,1
4778,1776087283.504419,0.05486000009113923, 0.4642189996957313,0,0,27.8,0.0,1
4779,1776087283.533764,0.0732809994588024, 0.37343500025599496,0,0,27.8,0.0,1
4780,1776087283.563808,0.04936400000588037, 0.3522520000842633,0,0,27.8,0.0,1
4781,1776087283.5935435,0.05263299954094691, 0.3920310000466998,0,0,27.8,0.0,1
4782,1776087283.622909,0.042813000618480146, 0.3426370003580814,0,0,27.8,0.0,1
4783,1776087283.6526673,0.043114000618516, 0.3638360003606067,0,0,27.8,0.0,1
4784,1776087283.6825087,0.04972399983671494, 0.3724449998117052,0,0,27.8,0.0,1
4785,1776087283.7127943,0.04686699958256213, 0.34350700025242986,0,0,27.8,0.0,1
4786,1776087283.7422848,0.04607499977282714, 0.3489499995339429,0,0,27.8,0.0,1
4787,1776087283.7723632,0.04782800078828586, 0.3767139996853075,0,0,27.8,0.0,1
4788,1776087283.8022242,0.04894599987892434, 0.382719000299403,0,0,27.8,0.0,1
4789,1776087283.8319933,0.049573999604035635, 0.3798340003413614,0,0,27.8,0.0,1
4790,1776087283.8615017,0.047059999815246556, 0.3902629996446194,0,0,27.8,0.0,1
4791,1776087283.8904681,0.04692499987868359, 0.38013299945305334,0,0,27.8,0.0,1
4792,1776087283.9201977,0.0460600003862055, 0.3833290002148715,0,0,27.8,0.0,1
4793,1776087283.9498396,0.050661000386753585, 0.3791560002355254,0,0,27.8,0.0,1
4794,1776087283.980769,0.04671099941333523, 0.3381120004632976,0,0,27.8,0.0,1
4795,1776087284.0092368,0.04640300085156923, 0.37398000040411716,0,0,27.8,0.0,1
4796,1776087284.0397832,0.04375200023787329, 0.3411349998714286,0,0,27.8,0.0,1
4797,1776087284.0694797,0.0459789998785709, 0.3761810003197752,0,0,27.8,0.0,1
4798,1776087284.0994322,0.048427000365336426, 0.36981799985369435,0,0,27.8,0.0,1
4799,1776087284.1287746,0.04469899977266323, 0.34704199970292393,0,0,27.8,0.0,1
4799,1776087284.190129,31.597348999639507, 0.24017800024012104,6,2,27.8,0.0,0
4800,1776087284.2292805,21.55244700043113, 0.22420899949793238,6,0,27.8,0.0,0
4801,1776087284.2455316,14.555534999999509, 0.23630400028196163,8,2,27.8,0.0,0
4802,1776087284.2651513,13.869118999537022, 0.21638199996232288,4,2,27.8,0.0,0
4803,1776087284.5583713,21.0992600004829, 257.1364129998983,1,2,27.8,0.0,0
4805,1776087284.5620866,0.2511929997126572, 0.3040350002265768,0,2,27.8,0.0,1
4806,1776087284.5740588,0.2518050005164696, 0.3052649999517598,0,2,27.8,0.0,1
4807,1776087284.6042492,0.28198100062581943, 0.33664799957477953,0,1,27.8,0.0,1
4808,1776087284.6358933,1.7622300001676194, 0.32376600029238034,0,0,27.8,0.0,1
4809,1776087284.6685576,0.03564500002539717, 0.27494499954627827,0,0,27.8,0.0,1
4810,1776087284.69348,0.04951000028086128, 0.3728120000232593,0,0,27.8,0.0,1
4811,1776087284.722975,0.045744000090053305, 0.33679199987091124,0,0,27.8,0.0,1
4812,1776087284.7528522,0.04588999945553951, 0.3355819999342202,0,0,27.8,0.0,1
4813,1776087284.7825418,0.050458999794500414, 0.3587970004446106,0,0,27.8,0.0,1
4814,1776087284.8120413,0.0442749997091596, 0.3357519999553915,0,0,27.8,0.0,1
4815,1776087284.8418684,0.045200000386103056, 0.33329899997625034,0,0,27.8,0.0,1
4816,1776087284.8717566,0.06207000024005538, 0.34739300008368446,0,0,27.8,0.0,1
4817,1776087284.9011395,0.0442769996880088, 0.3457430002526962,0,0,27.8,0.0,1
4818,1776087284.9309897,0.04573499973048456, 0.3401539997867076,0,0,27.8,0.0,1
4819,1776087284.96081,0.04491399977268884, 0.3386549997230759,0,0,27.8,0.0,1
4820,1776087284.9910076,0.049528000090504065, 0.3690650000862661,0,0,27.8,0.0,1
4821,1776087285.0196192,0.04260399964550743, 0.37069300014991313,0,0,27.8,0.0,1
4822,1776087285.050227,0.05230799979472067, 0.39377099983539665,0,0,27.8,0.0,1
4823,1776087285.0794456,0.047958999857655726, 0.3645780006991117,0,0,27.8,0.0,1
4824,1776087285.1088092,0.045292999857338145, 0.3465059999143705,0,0,27.8,0.0,1
4825,1776087285.139411,0.05178800074645551, 0.39899400053400313,0,0,27.8,0.0,1
4826,1776087285.1682591,0.04582600013236515, 0.38618100006715395,0,0,27.8,0.0,1
4827,1776087285.1979387,0.04148199968767585, 0.34729400067590177,0,0,27.8,0.0,1
4828,1776087285.2278092,0.04721100049209781, 0.3749429997697007,0,0,27.8,0.0,1
4829,1776087285.2575939,0.055049000366125256, 0.43787999948108336,0,0,27.8,0.0,1
4830,1776087285.2876444,0.044815000364906155, 0.35307600046508014,0,0,27.8,0.0,1
4831,1776087285.3167188,0.06283099992288044, 0.34337299985054415,0,0,27.8,0.0,1
4832,1776087285.346548,0.04874499973084312, 0.36552700021275086,0,0,27.8,0.0,1
4833,1776087285.376423,0.04929199985781452, 0.4020550004497636,0,0,27.8,0.0,1
4834,1776087285.4061832,0.05496399990079226, 0.4397830007292214,0,0,27.8,0.0,1
4835,1776087285.4356315,0.04683900078816805, 0.40404099945590133,0,0,27.8,0.0,1
4836,1776087285.465519,0.052923000112059526, 0.42441000005055685,0,0,27.8,0.0,1
4837,1776087285.495221,0.047745999836479314, 0.40982200061989715,0,0,27.8,0.0,1
4838,1776087285.525035,0.04661900038627209, 0.3497770003377809,0,0,27.8,0.0,1
4838,1776087285.5736253,18.55565599998954, 0.21500200000446057,9,2,27.8,0.0,0
4839,1776087285.6084743,22.195314999407856, 0.23484199937229278,6,0,27.8,0.0,0
4840,1776087285.634114,19.363948999853164, 0.21500399998330977,6,2,27.8,0.0,0
4841,1776087285.6649587,20.237996999640018, 0.2315599995199591,6,2,27.8,0.0,0
4842,1776087285.9516418,18.880220000028203, 258.83168800010026,9,2,27.8,0.0,0
4844,1776087285.9552479,0.25452899990341393, 0.3046629999516881,0,2,27.8,0.0,1
4845,1776087285.97125,0.27131199931318406, 0.34149099974456476,0,2,27.8,0.0,1
4846,1776087286.002966,1.9135229995299596, 0.32295000073645497,0,2,27.8,0.0,1
4847,1776087286.0350587,0.21412200021586614, 0.27893800051970175,0,0,27.8,0.0,1
4848,1776087286.0600793,0.04621299922291655, 0.33236499984923285,0,0,27.8,0.0,1
4849,1776087286.0899255,0.04334599998401245, 0.34767699980875477,0,0,27.8,0.0,1
4850,1776087286.1196952,0.046223999561334495, 0.357695000275271,0,0,27.8,0.0,1
4851,1776087286.149233,0.04261499998392537, 0.33546300073794555,0,0,27.8,0.0,1
4852,1776087286.1791723,0.04436499966686824, 0.34794200018950505,0,0,27.8,0.0,1
4853,1776087286.2089283,0.046164000195858534, 0.3432480007177219,0,0,27.8,0.0,1
4854,1776087286.238366,0.044645000343734864, 0.34194700037915027,0,0,27.8,0.0,1
4855,1776087286.268502,0.04786099998455029, 0.3635989996837452,0,0,27.8,0.0,1
4856,1776087286.2982566,0.050800999815692194, 0.3810030002568965,0,0,27.8,0.0,1
4857,1776087286.327756,0.058012999943457544, 0.34997199963981984,0,0,27.8,0.0,1
4858,1776087286.3572142,0.04369300040707458, 0.3443449995756964,0,0,27.8,0.0,1
4859,1776087286.3870513,0.042799000766535755, 0.34446700010448694,0,0,27.8,0.0,1
4860,1776087286.4171515,0.04984299994248431, 0.3872239994962001,0,0,27.8,0.0,1
4861,1776087286.4469717,0.048085000344144646, 0.379400999918289,0,0,27.8,0.0,1
4862,1776087286.4761512,0.04451299992069835, 0.34046600012516137,0,0,27.8,0.0,1
4863,1776087286.5058873,0.046039000153541565, 0.33871899995574495,0,0,27.8,0.0,1
4864,1776087286.535939,0.04307999915909022, 0.3504719998090877,0,0,27.8,0.0,1
4865,1776087286.56523,0.04219999937049579, 0.3409509999983129,0,0,27.8,0.0,1
4866,1776087286.5952232,0.043807000110973604, 0.3387970000403584,0,0,27.8,0.0,1
4867,1776087286.624819,0.04628600072464906, 0.34346800021012314,0,0,27.8,0.0,1
4868,1776087286.6546555,0.04328099930717144, 0.36974300019210204,0,0,27.8,0.0,1
4869,1776087286.6840656,0.04475599962461274, 0.337583000145969,0,0,27.8,0.0,1
4870,1776087286.7139835,0.04483900011109654, 0.3439070005697431,0,0,27.8,0.0,1
4871,1776087286.7437658,0.044703999265038874, 0.3499019994706032,0,0,27.8,0.0,1
4872,1776087286.7732954,0.04266599989932729, 0.33668500054773176,0,0,27.8,0.0,1
4873,1776087286.8029993,0.04251000063959509, 0.33697699927870417,0,0,27.8,0.0,1
4874,1776087286.8333068,0.04770799932884984, 0.38127599964354886,0,0,27.8,0.0,1
4875,1776087286.862886,0.048872999286686536, 0.38807799955975497,0,0,27.8,0.0,1
4876,1776087286.892095,0.044174999857204966, 0.3402680004001013,0,0,27.8,0.0,1
4877,1776087286.9219947,0.04407899996294873, 0.34737500027404167,0,0,27.8,0.0,1
4877,1776087286.9833665,31.588324000040302, 0.3057189996980014,3,2,27.8,0.0,0
4878,1776087287.0227292,21.450438000101713, 0.22478200025943806,1,0,27.8,0.0,0
4879,1776087287.0398881,15.434966000611894, 0.21130200002517086,3,2,27.8,0.0,0
4880,1776087287.0614135,17.207584000061615, 0.23151799996412592,8,2,27.8,0.0,0
4881,1776087287.3512585,21.22460200007481, 258.72853500004567,6,2,27.8,0.0,0
4883,1776087287.3544924,0.2508490006221109, 0.3204380000170204,0,2,27.8,0.0,1
4884,1776087287.3675447,0.2913729995270842, 0.35016300080314977,0,2,27.8,0.0,1
4885,1776087287.397017,0.26891499965131516, 0.344541000231402,0,2,27.8,0.0,1
4886,1776087287.4286945,1.8101259993272834, 0.413804000345408,0,0,27.8,0.0,1
4887,1776087287.4607553,0.03541899968695361, 0.260120999882929,0,0,27.8,0.0,1
4888,1776087287.4860172,0.04636100038624136, 0.38388999928429257,0,0,27.8,0.0,1
4889,1776087287.5157545,0.044393999814928975, 0.3786120005315752,0,0,27.8,0.0,1
4890,1776087287.5460033,0.04533900028036442, 0.3691379997690092,0,0,27.8,0.0,1
4891,1776087287.5757692,0.04362599975138437, 0.34301200048503233,0,0,27.8,0.0,1
4892,1776087287.6050165,0.04204199922241969, 0.35455699980957434,0,0,27.8,0.0,1
4893,1776087287.634562,0.045633999434357975, 0.3841360003207228,0,0,27.8,0.0,1
4894,1776087287.6650093,0.049779000619309954, 0.36121300036029425,0,0,27.8,0.0,1
4895,1776087287.6945703,0.04930800059810281, 0.37507600063690916,0,0,27.8,0.0,1
4896,1776087287.7242,0.04348699985712301, 0.347754000358691,0,0,27.8,0.0,1
4897,1776087287.7539144,0.04439900021679932, 0.3426470002523274,0,0,27.8,0.0,1
4898,1776087287.7843995,0.05172600049263565, 0.3720880004038918,0,0,27.8,0.0,1
4899,1776087287.8134217,0.04945999990013661, 0.37790799979120493,0,0,27.8,0.0,1
4900,1776087287.8426135,0.042579000364639796, 0.3973659995608614,0,0,27.8,0.0,1
4901,1776087287.8733847,0.04919300045003183, 0.4022530001748237,0,0,27.8,0.0,1
4902,1776087287.9029768,0.05023900030209916, 0.37962499936838867,0,0,27.8,0.0,1
4903,1776087287.9326842,0.04443400030140765, 0.3809670006376109,0,0,27.8,0.0,1
4904,1776087287.961542,0.04694300059782108, 0.38777600002504187,0,0,27.8,0.0,1
4905,1776087287.9912906,0.0467589998152107, 0.4091000000698841,0,0,27.8,0.0,1
4906,1776087288.0208244,0.0435800002378528, 0.3458969995335792,0,0,27.8,0.0,1
4907,1776087288.0509906,0.048981999498209916, 0.36096599978918675,0,0,27.8,0.0,1
4908,1776087288.080429,0.04920700030197622, 0.4141849994994118,0,0,27.8,0.0,1
4909,1776087288.11024,0.05348699960450176, 0.4399919998832047,0,0,27.8,0.0,1
4910,1776087288.1398087,0.04858600004808977, 0.38489899998239707,0,0,27.8,0.0,1
4911,1776087288.1694105,0.04661999992094934, 0.39255499996215804,0,0,27.8,0.0,1
4912,1776087288.1995437,0.044240000534045976, 0.35600400042312685,0,0,27.8,0.0,1
4913,1776087288.2290115,0.04253599945513997, 0.3526249993228703,0,0,27.8,0.0,1
4914,1776087288.2586162,0.04308799998398172, 0.3675359994304017,0,0,27.8,0.0,1
4915,1776087288.2883165,0.046162999751686584, 0.37679199976992095,0,0,27.8,0.0,1
4916,1776087288.3182251,0.047495000217168126, 0.4118369997740956,0,0,27.8,0.0,1
4916,1776087288.3797758,32.10857800058875, 0.32831499993335456,5,2,27.8,0.0,0
4917,1776087288.3964608,14.899890999913623, 0.2465719999236171,5,0,27.8,0.0,0
4918,1776087288.431416,21.221669000624388, 0.22653099949820898,10,2,27.8,0.0,0
4919,1776087288.4566185,17.726803999721596, 0.24485799985995982,7,2,27.8,0.0,0
4920,1776087288.745816,19.935531000555784, 258.5929480001141,7,2,27.8,0.0,0
4922,1776087288.749804,0.2732679995460785, 0.3031389996976941,0,2,27.8,0.0,1
4923,1776087288.7643602,0.27185100043425336, 0.35017299978790106,0,0,27.8,0.0,1
4924,1776087288.7955477,1.5548370001852163, 0.3241379999963101,0,0,27.8,0.0,1
4925,1776087288.8280048,0.03506599932734389, 0.25969200032704975,0,0,27.8,0.0,1
4926,1776087288.8532643,0.043616999391815625, 0.3345699997225893,0,0,27.8,0.0,1
4927,1776087288.8835223,0.051110000640619546, 0.3741270002137753,0,0,27.8,0.0,1
4928,1776087288.9129326,0.048330999561585486, 0.3401060002943268,0,0,27.8,0.0,1
4929,1776087288.9427211,0.06166699949972099, 0.34561000029498246,0,0,27.8,0.0,1
4930,1776087288.972568,0.05205200068303384, 0.37347099987528054,0,0,27.8,0.0,1
4931,1776087289.0022228,0.047044999519130215, 0.3976090001742705,0,0,27.8,0.0,1
4932,1776087289.0312932,0.046133000068948604, 0.38346600013028365,0,0,27.8,0.0,1
4933,1776087289.0610662,0.0421089998781099, 0.3591269996832125,0,0,27.8,0.0,1
4934,1776087289.0907934,0.044891000470670406, 0.3623140000854619,0,0,27.8,0.0,1
4935,1776087289.120274,0.04549000004772097, 0.3753930004677386,0,0,27.8,0.0,1
4936,1776087289.1505268,0.047400999392266385, 0.3640569993876852,0,0,27.8,0.0,1
4937,1776087289.1796927,0.04207099937048042, 0.36405799983185716,0,0,27.8,0.0,1
4938,1776087289.2097058,0.04432100013218587, 0.3957190001528943,0,0,27.8,0.0,1
4939,1776087289.239534,0.04749100025946973, 0.37177899957896443,0,0,27.8,0.0,1
4940,1776087289.2692935,0.049883999963640235, 0.3736379994734307,0,0,27.8,0.0,1
4941,1776087289.299183,0.04915299996355316, 0.3786370007219375,0,0,27.8,0.0,1
4942,1776087289.3283882,0.04544300009001745, 0.39006299994071014,0,0,27.8,0.0,1
4943,1776087289.3581338,0.04727600025944412, 0.390278999475413,0,0,27.8,0.0,1
4944,1776087289.387763,0.06782299988117302, 0.35399800071900245,0,0,27.8,0.0,1
4945,1776087289.4178388,0.04786500085174339, 0.3651249999165884,0,0,27.8,0.0,1
4946,1776087289.4476273,0.043838000237883534, 0.3827260006801225,0,0,27.8,0.0,1
4947,1776087289.4772878,0.04235699998389464, 0.34310800037928857,0,0,27.8,0.0,1
4948,1776087289.5071123,0.04503699983615661, 0.33980700027314015,0,0,27.8,0.0,1
4949,1776087289.5369546,0.043914000343647785, 0.3439370002524811,0,0,27.8,0.0,1
4950,1776087289.566709,0.04386500040709507, 0.36393200025486294,0,0,27.8,0.0,1
4951,1776087289.5961373,0.04291900040698238, 0.3411110001252382,0,0,27.8,0.0,1
4952,1776087289.6256804,0.04324500059738057, 0.37314299970603315,0,0,27.8,0.0,1
4953,1776087289.6552398,0.04609000006894348, 0.38665299962303834,0,0,27.8,0.0,1
4954,1776087289.6855419,0.0511820007886854, 0.3980900000897236,0,0,27.8,0.0,1
4955,1776087289.7146966,0.04184699992038077, 0.43009100045310333,0,0,27.8,0.0,1
4955,1776087289.7754,31.131351000112772, 0.2645430004122318,6,2,27.8,0.0,0
4956,1776087289.7915266,14.36551899951155, 0.21957900025881827,7,0,27.8,0.0,0
4957,1776087289.8255963,21.34852899962425, 0.22623399945587153,9,2,27.8,0.0,0
4958,1776087289.854415,20.008669000162627, 0.24105499960569432,8,2,27.8,0.0,0
4959,1776087290.14319,19.044583000322746, 260.73634500062326,8,1,27.8,0.0,0
4961,1776087290.146915,0.19468299979052972, 0.29599800018331734,0,1,27.8,0.0,1
4962,1776087290.1610365,0.21684500006813323, 0.33025799984898185,0,1,27.8,0.0,1
4963,1776087290.1911871,0.24566499996581115, 0.3752389993678662,0,1,27.8,0.0,1
4964,1776087290.2218022,1.6985699994620518, 0.2981959996759542,0,0,27.8,0.0,1
4965,1776087290.2543342,0.03709300017362693, 0.2752350001173909,0,0,27.8,0.0,1
4966,1776087290.279387,0.05030499960412271, 0.4431329998624278,0,0,27.8,0.0,1
4967,1776087290.3089962,0.0457480000477517, 0.38617700010945555,0,0,27.8,0.0,1
4968,1776087290.3386254,0.04161000015301397, 0.37533300019276794,0,0,27.8,0.0,1
4969,1776087290.3693376,0.049964000027102884, 0.39382800059684087,0,0,27.8,0.0,1
4970,1776087290.3988097,0.04345799970906228, 0.34330200014665024,0,0,27.8,0.0,1
4971,1776087290.4282165,0.0462990001324215, 0.3369269998074742,0,0,27.8,0.0,1
4972,1776087290.4580612,0.0445059995399788, 0.33897999946930213,0,0,27.8,0.0,1
4973,1776087290.487846,0.043267999899399, 0.3382860004421673,0,0,27.8,0.0,1
4974,1776087290.5172915,0.04415700004756218, 0.33623500075918855,0,0,27.8,0.0,1
4975,1776087290.547182,0.04380400059744716, 0.34172399955423316,0,0,27.8,0.0,1
4976,1776087290.5771868,0.045200999920780305, 0.3417090001676115,0,0,27.8,0.0,1
4977,1776087290.6068296,0.04302599973016186, 0.34016199970210437,0,0,27.8,0.0,1
4978,1776087290.636309,0.04582600013236515, 0.33135400008177385,0,0,27.8,0.0,1
4979,1776087290.665639,0.048301999413524754, 0.38263500027824193,0,0,27.8,0.0,1
4980,1776087290.695464,0.05106000025989488, 0.40670199996384326,0,0,27.8,0.0,1
4981,1776087290.7248955,0.047151999751804397, 0.3736520002348698,0,0,27.8,0.0,1
4982,1776087290.7546425,0.04258399985701544, 0.3697719994306681,0,0,27.8,0.0,1
4983,1776087290.7844496,0.04692699985753279, 0.3840610006591305,0,0,27.8,0.0,1
4984,1776087290.8142738,0.04717399951914558, 0.40382099996350007,0,0,27.8,0.0,1
4985,1776087290.8437865,0.04587400053424062, 0.34454799970262684,0,0,27.8,0.0,1
4986,1776087290.8735795,0.041820000660663936, 0.3768679998756852,0,0,27.8,0.0,1
4987,1776087290.9037306,0.060474999372672755, 0.3642490000856924,0,0,27.8,0.0,1
4988,1776087290.933166,0.04755200006911764, 0.4215539993310813,0,0,27.8,0.0,1
4989,1776087290.9627478,0.04788799924426712, 0.4140600003665895,0,0,27.8,0.0,1
4990,1776087290.9930956,0.04279500080883736, 0.3591740005504107,0,0,27.8,0.0,1
4991,1776087291.022736,0.058771000112756155, 0.34204599978693295,0,0,27.8,0.0,1
4992,1776087291.052658,0.04504999924392905, 0.354836000042269,0,0,27.8,0.0,1
4993,1776087291.082417,0.04708100004791049, 0.3848289998131804,0,0,27.8,0.0,1
4994,1776087291.1121986,0.04689600064011756, 0.3819050007223268,0,0,27.8,0.0,1
4994,1776087291.1737657,31.75127299982705, 0.27786999999079853,3,2,27.8,0.0,0
4995,1776087291.1898751,14.368155000738625, 0.20009900072182063,3,0,27.8,0.0,0
4996,1776087291.2247415,21.416517999568896, 0.22315100068226457,2,2,27.8,0.0,0
4997,1776087291.2495275,17.90034799978457, 0.24000000030355295,3,2,27.8,0.0,0
4998,1776087291.5402443,20.522210000308405, 259.12590400002955,8,2,27.8,0.0,0
5000,1776087291.5440836,0.24926399964897428, 0.3010519994859351,0,2,27.8,0.0,1
5001,1776087291.5579243,0.29529299990826985, 0.33551600063219666,0,2,27.8,0.0,1
5002,1776087291.588858,1.7243299998881412, 0.30340200009959517,0,2,27.8,0.0,1
5003,1776087291.621246,0.21383900002547307, 0.2778860007310868,0,0,27.8,0.0,1
5004,1776087291.64615,0.047743999857630115, 0.38624000080744736,0,0,27.8,0.0,1
5005,1776087291.6761107,0.04697900021710666, 0.36843799989583204,0,0,27.8,0.0,1
5006,1776087291.7056942,0.04463000004761852, 0.38990500070212875,0,0,27.8,0.0,1
5007,1776087291.735428,0.05015899932914181, 0.4091640003025532,0,0,27.8,0.0,1
5008,1776087291.765604,0.04592200002662139, 0.3847269999823766,0,0,27.8,0.0,1
5009,1776087291.7950063,0.056087000302795786, 0.4048979999424773,0,0,27.8,0.0,1
5010,1776087291.824524,0.05035399954067543, 0.3701739997268305,0,0,27.8,0.0,1
5011,1776087291.854804,0.04891500066150911, 0.33719499970175093,0,0,27.8,0.0,1
5012,1776087291.8842895,0.04398700002639089, 0.34324900025239913,0,0,27.8,0.0,1
5013,1776087291.914376,0.05026300004828954, 0.38242899972829036,0,0,27.8,0.0,1
5014,1776087291.9439156,0.04724199970951304, 0.38332399981300114,0,0,27.8,0.0,1
5015,1776087291.973379,0.055948999943211675, 0.42828799996641465,0,0,27.8,0.0,1
5016,1776087292.0026846,0.04229800015309593, 0.374788999579323,0,0,27.8,0.0,1
5017,1776087292.0324368,0.048117000005731825, 0.3911539997716318,0,0,27.8,0.0,1
5018,1776087292.0625546,0.05010699987906264, 0.3668280005513225,0,0,27.8,0.0,1
5019,1776087292.0919766,0.045959000090078916, 0.3883259996655397,0,0,27.8,0.0,1
5020,1776087292.121717,0.04248100049153436, 0.37319800048862817,0,0,27.8,0.0,1
5021,1776087292.1512575,0.046549999751732685, 0.3822879998551798,0,0,27.8,0.0,1
5022,1776087292.1811862,0.04632299987861188, 0.3941949998989003,0,0,27.8,0.0,1
5023,1776087292.2106686,0.04223399992042687, 0.3659410003820085,0,0,27.8,0.0,1
5024,1776087292.2404032,0.04608200015354669, 0.3863520005324972,0,0,27.8,0.0,1
5025,1776087292.27053,0.054072999773779884, 0.3860630004055565,0,0,27.8,0.0,1
5026,1776087292.299906,0.04441500004759291, 0.34683399917412316,0,0,27.8,0.0,1
5027,1776087292.3296669,0.042239999856974464, 0.3643610007202369,0,0,27.8,0.0,1
5028,1776087292.3592906,0.0459060001958278, 0.3774509996219422,0,0,27.8,0.0,1
5029,1776087292.3894556,0.04969500059814891, 0.38994999977148836,0,0,27.8,0.0,1
5030,1776087292.4187448,0.06354900051519508, 0.3468490003797342,0,0,27.8,0.0,1
5031,1776087292.4484375,0.04835399977309862, 0.4217590003463556,0,0,27.8,0.0,1
5032,1776087292.478696,0.0463699998363154, 0.3996459990958101,0,0,27.8,0.0,1
5033,1776087292.5080042,0.0436589998571435, 0.35591899995779386,0,0,27.8,0.0,1
5033,1776087292.5559852,18.47366400033934, 0.21722600013163174,14,2,27.8,0.0,0
5034,1776087292.5912566,21.770605999336112, 0.23808700007066363,11,0,27.8,0.0,0
5035,1776087292.6135442,17.632028999287286, 0.2298400004292489,10,2,27.8,0.0,0
5036,1776087292.6484342,21.005444999900647, 0.2430889999232022,8,2,27.8,0.0,0
5037,1776087292.937738,20.572563000314403, 259.28018700051325,7,1,27.8,0.0,0
5039,1776087292.9416568,0.21110800025780918, 0.32600099984847475,0,1,27.8,0.0,1
5040,1776087292.9541807,0.21304300025803968, 0.34403399968141457,0,1,27.8,0.0,1
5041,1776087292.984547,0.23426200004905695, 0.35664600000018254,0,1,27.8,0.0,1
5042,1776087293.0158117,1.8391200001133257, 0.34043300001940224,0,0,27.8,0.0,1
5043,1776087293.047483,0.03644900061772205, 0.27123699965159176,0,0,27.8,0.0,1
5044,1776087293.0725002,0.04603300021699397, 0.3751379999812343,0,0,27.8,0.0,1
5045,1776087293.102312,0.045992000195838045, 0.3943009996874025,0,0,27.8,0.0,1
5046,1776087293.1321003,0.04407199958222918, 0.34552099987195106,0,0,27.8,0.0,1
5047,1776087293.1619663,0.04460400032257894, 0.35104200014757225,0,0,27.8,0.0,1
5048,1776087293.1917114,0.043902000470552593, 0.38442400000349153,0,0,27.8,0.0,1
5049,1776087293.2212586,0.0476889999845298, 0.40188799994211877,0,0,27.8,0.0,1
5050,1776087293.2507162,0.062063000768830534, 0.3463399998508976,0,0,27.8,0.0,1
5051,1776087293.2804623,0.047544000153720845, 0.3815600002781139,0,0,27.8,0.0,1
5052,1776087293.3102794,0.04695499956142157, 0.4530260002866271,0,0,27.8,0.0,1
5053,1776087293.3402681,0.05122699985804502, 0.389562000236765,0,0,27.8,0.0,1
5054,1776087293.369827,0.04945799992128741, 0.4058720005559735,0,0,27.8,0.0,1
5055,1776087293.399264,0.046907999603718054, 0.37764499938930385,0,0,27.8,0.0,1
5056,1776087293.4291022,0.04564000028040027, 0.3890030002366984,0,0,27.8,0.0,1
5057,1776087293.458741,0.06088999998610234, 0.3500379998513381,0,0,27.8,0.0,1
5058,1776087293.4884987,0.04615099987859139, 0.37802599945280235,0,0,27.8,0.0,1
5059,1776087293.5181937,0.04470899966690922, 0.38376799966499675,0,0,27.8,0.0,1
5060,1776087293.5481124,0.042158999349339865, 0.38209000013011973,0,0,27.8,0.0,1
5061,1776087293.5778346,0.04442999943421455, 0.34994199995708186,0,0,27.8,0.0,1
5062,1776087293.608056,0.04561300011118874, 0.36541900044539943,0,0,27.8,0.0,1
5063,1776087293.6373873,0.0497050004923949, 0.3835890001937514,0,0,27.8,0.0,1
5064,1776087293.6669059,0.04837300002691336, 0.4078369993294473,0,0,27.8,0.0,1
5065,1776087293.696837,0.044485999751486816, 0.36717200055136345,0,0,27.8,0.0,1
5066,1776087293.7262602,0.044815000364906155, 0.38558300002478063,0,0,27.8,0.0,1
5067,1776087293.7558908,0.04182300017419038, 0.35042199942836305,0,0,27.8,0.0,1
5068,1776087293.7856553,0.05177299954084447, 0.412174999837589,0,0,27.8,0.0,1
5069,1776087293.8160915,0.05089900059829233, 0.4002939995189081,0,0,27.8,0.0,1
5070,1776087293.846066,0.046301999645947944, 0.38204800057428656,0,0,27.8,0.0,1
5071,1776087293.875054,0.0430350000897306, 0.3427460005696048,0,0,27.8,0.0,1
5072,1776087293.904747,0.07132500013540266, 0.35252099951321725,0,0,27.8,0.0,1
5072,1776087293.9527524,18.586534999485593, 0.21722599922213703,16,2,27.8,0.0,0
5073,1776087294.0072849,22.864554000079806, 0.21969600038573844,14,0,27.8,0.0,0
5074,1776087294.024594,15.565424000669736, 0.22826200074632652,12,2,27.8,0.0,0
5075,1776087294.0382385,11.922386999685841, 0.20893700002488913,11,2,27.8,0.0,0
5076,1776087294.330224,20.72119200056477, 257.0898390004004,12,2,27.8,0.0,0
5078,1776087294.3345187,0.24826600019878242, 0.33498700031486806,0,2,27.8,0.0,1
5079,1776087294.3503366,0.29384800018306123, 0.3858009995383327,0,2,27.8,0.0,1
5080,1776087294.3820977,1.7517639998914092, 0.3216949999114149,0,2,27.8,0.0,1
5081,1776087294.4141111,0.21360800019465387, 0.279291999504494,0,0,27.8,0.0,1
5082,1776087294.4394739,0.046178000047802925, 0.4261249996488914,0,0,27.8,0.0,1
5083,1776087294.4695935,0.055606999922019895, 0.3703600004882901,0,0,27.8,0.0,1
5084,1776087294.4988549,0.041451000470260624, 0.34816099923773436,0,0,27.8,0.0,1
5085,1776087294.5285668,0.048568000238446984, 0.4466339996724855,0,0,27.8,0.0,1
5086,1776087294.5593145,0.051559999519668054, 0.38916399989830097,0,0,27.8,0.0,1
5087,1776087294.588627,0.045681999836233445, 0.3663850002340041,0,0,27.8,0.0,1
5088,1776087294.618598,0.047313000322901644, 0.36645099953602767,0,0,27.8,0.0,1
5089,1776087294.6479316,0.044409000111045316, 0.34393999976600753,0,0,27.8,0.0,1
5090,1776087294.678035,0.04490199989959365, 0.33738399997673696,0,0,27.8,0.0,1
5091,1776087294.7076612,0.04297400028008269, 0.3782619996854919,0,0,27.8,0.0,1
5092,1776087294.7371156,0.046084999667073134, 0.34166699970228365,0,0,27.8,0.0,1
5093,1776087294.766845,0.045075999878463335, 0.33188699944730615,0,0,27.8,0.0,1
5094,1776087294.7967598,0.046240999836300034, 0.3421040000830544,0,0,27.8,0.0,1
5095,1776087294.8261535,0.04463799996301532, 0.3341800002090167,0,0,27.8,0.0,1
5096,1776087294.8560557,0.043989999539917335, 0.341775999913807,0,0,27.8,0.0,1
5097,1776087294.8857648,0.04446000002644723, 0.3430639999351115,0,0,27.8,0.0,1
5098,1776087294.9153352,0.04494899985729717, 0.3383069997653365,0,0,27.8,0.0,1
5099,1776087294.9450169,0.0450569996246486, 0.3431770001043333,0,0,27.8,0.0,1
5100,1776087294.9748828,0.04531699960352853, 0.3418930000407272,0,0,27.8,0.0,1
5101,1776087295.0045898,0.05297799998515984, 0.3626689995144261,0,0,27.8,0.0,1
5102,1776087295.033636,0.04012299996247748, 0.36982199981139274,0,0,27.8,0.0,1
5103,1776087295.0634089,0.04471100055525312, 0.3935129998353659,0,0,27.8,0.0,1
5104,1776087295.0935004,0.049575000048207585, 0.38368900004570605,0,0,27.8,0.0,1
5105,1776087295.1228042,0.04880999949818943, 0.38044500070100185,0,0,27.8,0.0,1
5106,1776087295.1525576,0.04224999975122046, 0.37165600042499136,0,0,27.8,0.0,1
5107,1776087295.1822436,0.05056500049249735, 0.4324510000515147,0,0,27.8,0.0,1
5108,1776087295.212131,0.0483170006191358, 0.3869599995596218,0,0,27.8,0.0,1
5109,1776087295.2416499,0.04258299941284349, 0.3749659999812138,0,0,27.8,0.0,1
5110,1776087295.2718632,0.044551000428327825, 0.3744120003830176,0,0,27.8,0.0,1
5111,1776087295.301527,0.04981199981557438, 0.38173799930518726,0,0,27.8,0.0,1
5111,1776087295.3621292,31.356122000033793, 0.3437350005697226,17,2,27.8,0.0,0
5112,1776087295.3791714,15.329175000260875, 0.20693199985544197,14,0,27.8,0.0,0
5113,1776087295.4098427,20.01160300005722, 0.22523600000567967,15,2,27.8,0.0,0
5114,1776087295.4398866,19.986314000561833, 0.23583900019730208,9,2,27.8,0.0,0
5115,1776087295.7296345,19.93004900032247, 259.23328600038076,10,2,27.8,0.0,0
5117,1776087295.7333062,0.253725999755261, 0.3080830001636059,0,2,27.8,0.0,1
5118,1776087295.747452,0.2750470002865768, 0.35233700054959627,0,1,27.8,0.0,1
5119,1776087295.7776146,0.2595710002424312, 0.3603590002967394,0,1,27.8,0.0,1
5120,1776087295.8089066,1.8408289997751126, 0.3282170000602491,0,0,27.8,0.0,1
5121,1776087295.8413596,0.03727799958141986, 0.28395700064720586,0,0,27.8,0.0,1
5122,1776087295.866039,0.046905000090191606, 0.3386250000403379,0,0,27.8,0.0,1
5123,1776087295.8956401,0.04766500023833942, 0.3627140004027751,0,0,27.8,0.0,1
5124,1776087295.9253676,0.0545190005141194, 0.40973700015456416,0,0,27.8,0.0,1
5125,1776087295.9547591,0.0704789999872446, 0.34324099942750763,0,0,27.8,0.0,1
5126,1776087295.9850657,0.04998299937142292, 0.40145399998436915,0,0,27.8,0.0,1
5127,1776087296.014342,0.046440000005532056, 0.38520899943250697,0,0,27.8,0.0,1
5128,1776087296.04405,0.042963999476341996, 0.3637239997260622,0,0,27.8,0.0,1
5129,1776087296.073781,0.07193700002972037, 0.37496400000236463,0,0,27.8,0.0,1
5130,1776087296.1036599,0.05065299956186209, 0.44903599973622477,0,0,27.8,0.0,1
5131,1776087296.1332333,0.04692499987868359, 0.4040930007249699,0,0,27.8,0.0,1
5132,1776087296.1628988,0.04756799989991123, 0.3865079997922294,0,0,27.8,0.0,1
5133,1776087296.1925507,0.047309000365203246, 0.3654470001492882,0,0,27.8,0.0,1
5134,1776087296.2225292,0.05589900047198171, 0.3893229995810543,0,0,27.8,0.0,1
5135,1776087296.2531478,0.048410999625048134, 0.40452400025969837,0,0,27.8,0.0,1
5136,1776087296.2820928,0.043758000174420886, 0.3370630001882091,0,0,27.8,0.0,1
5137,1776087296.312233,0.04753800021717325, 0.39226999979291577,0,0,27.8,0.0,1
5138,1776087296.341181,0.047868999899947084, 0.3874399999403977,0,0,27.8,0.0,1
5139,1776087296.3707886,0.04253899987816112, 0.3436189999774797,0,0,27.8,0.0,1
5140,1776087296.4005964,0.04351600000518374, 0.37319200055208057,0,0,27.8,0.0,1
5141,1776087296.4302928,0.04643400006898446, 0.373986999875342,0,0,27.8,0.0,1
5142,1776087296.4603856,0.048860999413591344, 0.3748179997273837,0,0,27.8,0.0,1
5143,1776087296.4896612,0.04284700025891652, 0.3645370006779558,0,0,27.8,0.0,1
5144,1776087296.519442,0.046971000301709864, 0.38506500004586997,0,0,27.8,0.0,1
5145,1776087296.5498266,0.046535999899788294, 0.36319500031822827,0,0,27.8,0.0,1
5146,1776087296.5797343,0.06380900049407501, 0.3461919995970675,0,0,27.8,0.0,1
5147,1776087296.6090465,0.04354900011094287, 0.3367869994690409,0,0,27.8,0.0,1
5148,1776087296.63895,0.0471520006612991, 0.34021600004052743,0,0,27.8,0.0,1
5149,1776087296.6687095,0.045884999963163864, 0.3465270001470344,0,0,27.8,0.0,1
5150,1776087296.6981747,0.04538099983619759, 0.3435440003158874,0,0,27.8,0.0,1
5150,1776087296.7586975,30.666306000057375, 0.2182789994549239,14,2,27.8,0.0,0
5151,1776087296.7773378,15.937409999423835, 0.19809399964287877,12,0,27.8,0.0,0
5152,1776087296.810641,20.966360999409517, 0.22112599981483072,13,2,27.8,0.0,0
5153,1776087296.8374667,18.718923999585968, 0.2373649995206506,9,2,27.8,0.0,0
5154,1776087297.1258888,19.43399199990381, 258.9607119998618,7,1,27.8,0.0,0
5156,1776087297.1297276,0.21642399951815605, 0.30283199976111064,0,1,27.8,0.0,1
5157,1776087297.1441162,0.2191439998568967, 0.3358329995535314,0,1,27.8,0.0,1
5158,1776087297.1755514,1.7677229998298571, 0.31805700018594507,0,0,27.8,0.0,1
5159,1776087297.2083666,0.03771400042751338, 0.28506500075309305,0,0,27.8,0.0,1
5160,1776087297.233074,0.0433510003858828, 0.3456149997873581,0,0,27.8,0.0,1
5161,1776087297.2628095,0.04246700063958997, 0.3441179997025756,0,0,27.8,0.0,1
5162,1776087297.2930417,0.04980399990017759, 0.37731900010840036,0,0,27.8,0.0,1
5163,1776087297.3225825,0.04976299987902166, 0.3713830001288443,0,0,27.8,0.0,1
5164,1776087297.3519864,0.04548299966700142, 0.34362599944870453,0,0,27.8,0.0,1
5165,1776087297.381832,0.04278899996279506, 0.3444240001044818,0,0,27.8,0.0,1
5166,1776087297.4114244,0.04488100057642441, 0.3466500002105022,0,0,27.8,0.0,1
5167,1776087297.4410517,0.043326000195520464, 0.34118499934265856,0,0,27.8,0.0,1
5168,1776087297.4712968,0.050351000027148984, 0.3767589996641618,0,0,27.8,0.0,1
5169,1776087297.5008323,0.053185999604465906, 0.4060040000695153,0,0,27.8,0.0,1
5170,1776087297.5305357,0.05013999998482177, 0.3711500003191759,0,0,27.8,0.0,1
5171,1776087297.5603452,0.05229699945630273, 0.3901309992215829,0,0,27.8,0.0,1
5172,1776087297.5898201,0.046829999519104604, 0.34761999995680526,0,0,27.8,0.0,1
5173,1776087297.619279,0.044536000132211484, 0.3482370002529933,0,0,27.8,0.0,1
5174,1776087297.6494064,0.04709900076704798, 0.3863809997710632,0,0,27.8,0.0,1
5175,1776087297.6789317,0.04387399985716911, 0.33741599963832414,0,0,27.8,0.0,1
5176,1776087297.7088315,0.04320599964557914, 0.33987400001933565,0,0,27.8,0.0,1
5177,1776087297.7385287,0.045959999624756165, 0.37871899985475466,0,0,27.8,0.0,1
5178,1776087297.7681313,0.0450489997092518, 0.3391049995116191,0,0,27.8,0.0,1
5179,1776087297.7978363,0.04596600047079846, 0.34572100048535503,0,0,27.8,0.0,1
5180,1776087297.8273218,0.04418299977260176, 0.33582600008230656,0,0,27.8,0.0,1
5181,1776087297.8571124,0.04384099975140998, 0.34398899970256025,0,0,27.8,0.0,1
5182,1776087297.8873289,0.05050300023867749, 0.3650129992820439,0,0,27.8,0.0,1
5183,1776087297.9168077,0.04400799934956012, 0.3462759996182285,0,0,27.8,0.0,1
5184,1776087297.9461253,0.045511000280384906, 0.3409259998079506,0,0,27.8,0.0,1
5185,1776087297.9759455,0.04414099930727389, 0.3456410004218924,0,0,27.8,0.0,1
5186,1776087298.0056977,0.05151799996383488, 0.39727399962430354,0,0,27.8,0.0,1
5187,1776087298.0356407,0.04735400034405757, 0.3813439998339163,0,0,27.8,0.0,1
5188,1776087298.0652757,0.050889999329228885, 0.38088099972810596,0,0,27.8,0.0,1
5189,1776087298.094622,0.05267899996397318, 0.4248300001563621,0,0,27.8,0.0,1
5189,1776087298.1432378,18.30549499936751, 0.21825500061822822,10,2,27.8,0.0,0
5190,1776087298.1921797,22.945452000385558, 0.21227499928500038,10,0,27.8,0.0,0
5191,1776087298.2099981,16.07436999984202, 0.23022400000627385,9,2,27.8,0.0,0
5192,1776087298.2293177,14.136349000182236, 0.21700999968743417,8,2,27.8,0.0,0
5193,1776087298.5212867,21.280491000652546, 257.11450400012836,13,2,27.8,0.0,0
5195,1776087298.5250545,0.24974000007205177, 0.31090199991012923,0,2,27.8,0.0,1
5196,1776087298.5410058,0.2851730005204445, 0.33990000065386994,0,2,27.8,0.0,1
5197,1776087298.5704288,0.27358900024410104, 0.3347350002513849,0,2,27.8,0.0,1
5198,1776087298.6017208,1.6980070004137815, 0.3216380000594654,0,0,27.8,0.0,1
5199,1776087298.6344981,0.0421880004068953, 0.2735480002229451,0,0,27.8,0.0,1
5200,1776087298.6597261,0.05756900009146193, 0.34164499993494246,0,0,27.8,0.0,1
5201,1776087298.6894338,0.1306550002482254, 0.3737759998330148,0,0,27.8,0.0,1
5202,1776087298.7191205,0.04576899937092094, 0.34342199978709687,0,0,27.8,0.0,1
5203,1776087298.7487414,0.06291699992289068, 0.34044299991364824,0,0,27.8,0.0,1
5204,1776087298.778217,0.04491900017455919, 0.3383170005690772,0,0,27.8,0.0,1
5205,1776087298.8080494,0.04509700011112727, 0.3411620000406401,0,0,27.8,0.0,1
5206,1776087298.837899,0.04514700049185194, 0.34058100027323235,0,0,27.8,0.0,1
5207,1776087298.8677318,0.06333300007099751, 0.3455890000623185,0,0,27.8,0.0,1
5208,1776087298.8971364,0.044520000301417895, 0.3420510001888033,0,0,27.8,0.0,1
5209,1776087298.926919,0.04407399956107838, 0.3448769994065515,0,0,27.8,0.0,1
5210,1776087298.9567971,0.04447599985724082, 0.34555100046418374,0,0,27.8,0.0,1
5211,1776087298.98669,0.04749999970954377, 0.3641140001491294,0,0,27.8,0.0,1
5212,1776087299.0163128,0.050663000365602784, 0.3861380000671488,0,0,27.8,0.0,1
5213,1776087299.0458348,0.04737800009024795, 0.34190800033684354,0,0,27.8,0.0,1
5214,1776087299.0752697,0.043635000110953115, 0.3419320000830339,0,0,27.8,0.0,1
5215,1776087299.1050804,0.04653100040741265, 0.33584800075914245,0,0,27.8,0.0,1
5216,1776087299.1350086,0.046488999942084774, 0.37123399943084223,0,0,27.8,0.0,1
5217,1776087299.1647496,0.05921000047237612, 0.3475089997664327,0,0,27.8,0.0,1
5218,1776087299.194411,0.04630399962479714, 0.3498460000628256,0,0,27.8,0.0,1
5219,1776087299.2240312,0.044407999666873366, 0.3441759999986971,0,0,27.8,0.0,1
5220,1776087299.25419,0.04922700009046821, 0.3866790002575726,0,0,27.8,0.0,1
5221,1776087299.2835853,0.04476199956116034, 0.36335700042400276,0,0,27.8,0.0,1
5222,1776087299.3131714,0.04473099943425041, 0.34155799949076027,0,0,27.8,0.0,1
5223,1776087299.3428867,0.0447470001745387, 0.34166699970228365,0,0,27.8,0.0,1
5224,1776087299.3729777,0.04525799977272982, 0.37524600065808045,0,0,27.8,0.0,1
5225,1776087299.402495,0.050379999265715014, 0.37792700004501967,0,0,27.8,0.0,1
5226,1776087299.432436,0.04694899962487398, 0.3850210005111876,0,0,27.8,0.0,1
5227,1776087299.461826,0.04747700040752534, 0.3477870004644501,0,0,27.8,0.0,1
5228,1776087299.4919202,0.04439799977262737, 0.34707699978753226,0,0,27.8,0.0,1
5228,1776087299.553497,32.505718999345845, 0.23700800011283718,8,2,27.8,0.0,0
5229,1776087299.5686548,13.409447999947588, 0.19824299943138612,7,0,27.8,0.0,0
5230,1776087299.601492,20.373955000650312, 0.23161199987953296,10,2,27.8,0.0,0
5231,1776087299.6291661,18.8311239999166, 0.21475700032169698,10,2,27.8,0.0,0
5232,1776087299.91863,20.235357000274234, 258.65626099948713,7,1,27.8,0.0,0
5234,1776087299.9221828,0.19667600008688169, 0.2979040000354871,0,1,27.8,0.0,1
5235,1776087299.9372153,0.20699800006696023, 0.3388330005691387,0,1,27.8,0.0,1
5236,1776087299.9681182,1.7619789996388135, 0.3297260000181268,0,0,27.8,0.0,1
5237,1776087299.9995756,0.02464499993948266, 0.1866309994511539,0,0,27.8,0.0,1
5238,1776087300.0262008,0.0450489997092518, 0.3395570001885062,0,0,27.8,0.0,1
5239,1776087300.0560725,0.044530999730341136, 0.3430130000197096,0,0,27.8,0.0,1
5240,1776087300.0858128,0.04358299975137925, 0.3394010000192793,0,0,27.8,0.0,1
5241,1776087300.115746,0.061302000176510774, 0.35059399942838354,0,0,27.8,0.0,1
5242,1776087300.1452188,0.043530000766622834, 0.3470739993645111,0,0,27.8,0.0,1
5243,1776087300.175304,0.046893000217096414, 0.3708829999595764,0,0,27.8,0.0,1
5244,1776087300.2048352,0.043614999412966426, 0.34184900050604483,0,0,27.8,0.0,1
5245,1776087300.2342458,0.04573800015350571, 0.34577799942780985,0,0,27.8,0.0,1
5246,1776087300.2640471,0.042794999899342656, 0.34269999923708383,0,0,27.8,0.0,1
5247,1776087300.2938116,0.04476799949770793, 0.3413260001252638,0,0,27.8,0.0,1
5248,1776087300.3237746,0.04088300011062529, 0.34304499968129676,0,0,27.8,0.0,1
5249,1776087300.3535047,0.04958499994245358, 0.37074000010761665,0,0,27.8,0.0,1
5250,1776087300.3833013,0.0513400000272668, 0.3741809996427037,0,0,27.8,0.0,1
5251,1776087300.41318,0.05106300068291603, 0.4040199992232374,0,0,27.8,0.0,1
5252,1776087300.4422736,0.043046999962825794, 0.3309399999125162,0,0,27.8,0.0,1
5253,1776087300.4720395,0.0433510003858828, 0.344207000125607,0,0,27.8,0.0,1
5254,1776087300.5019073,0.04555000032269163, 0.3441050002948032,0,0,27.8,0.0,1
5255,1776087300.531965,0.04860699937125901, 0.3829359993687831,0,0,27.8,0.0,1
5256,1776087300.561238,0.046301999645947944, 0.3404400004001218,0,0,27.8,0.0,1
5257,1776087300.5912828,0.048221999350062106, 0.3792199995586998,0,0,27.8,0.0,1
5258,1776087300.6207392,0.057019999985641334, 0.3461999995124643,0,0,27.8,0.0,1
5259,1776087300.6505804,0.04778200036525959, 0.37013800010754494,0,0,27.8,0.0,1
5260,1776087300.6800935,0.04373499996290775, 0.33854099910968216,0,0,27.8,0.0,1
5261,1776087300.7101681,0.04786999943462433, 0.3867779996653553,0,0,27.8,0.0,1
5262,1776087300.7397609,0.04455500038602622, 0.3498879996186588,0,0,27.8,0.0,1
5263,1776087300.7691925,0.042317999941587914, 0.3475759995126282,0,0,27.8,0.0,1
5264,1776087300.7990355,0.04584300040733069, 0.33804200029408094,0,0,27.8,0.0,1
5265,1776087300.828722,0.06092100011301227, 0.3438759995333385,0,0,27.8,0.0,1
5266,1776087300.8586555,0.04386199998407392, 0.3649059999588644,0,0,27.8,0.0,1
5267,1776087300.8883293,0.046999000005598646, 0.3778199998123455,0,0,27.8,0.0,1
5267,1776087300.9482853,30.242219999308873, 0.22910500047146343,5,2,27.8,0.0,0
5268,1776087301.0074065,24.49075200001971, 0.2378369999860297,5,0,27.8,0.0,0
5269,1776087301.0250845,15.90561400007573, 0.21597599970846204,5,2,27.8,0.0,0
5270,1776087301.0390298,12.199757999951544, 0.20843699985562125,4,2,27.8,0.0,0
5271,1776087301.3149753,11.924428999918746, 260.33313300013106,5,1,27.8,0.0,0
5273,1776087301.318925,0.1807509997888701, 0.17671400019025896,0,1,27.8,0.0,1
5274,1776087301.334129,0.2124880002156715, 0.3407890008020331,0,1,27.8,0.0,1
5275,1776087301.3639069,0.2369879994148505, 0.3473009992376319,0,0,27.8,0.0,1
5276,1776087301.3944814,1.4152789999570814, 0.30719000005774433,0,0,27.8,0.0,1
5277,1776087301.427656,0.04688599983637687, 0.2625339993755915,0,0,27.8,0.0,1
5278,1776087301.4527636,0.045730000238108914, 0.34602699997776654,0,0,27.8,0.0,1
5279,1776087301.4822917,0.043740999899455346, 0.3355329999976675,0,0,27.8,0.0,1
5280,1776087301.5120776,0.0428829998782021, 0.34245500046381494,0,0,27.8,0.0,1
5281,1776087301.541956,0.046768000174779445, 0.3467129999989993,0,0,27.8,0.0,1
5282,1776087301.5719647,0.05262299964670092, 0.3813090006588027,0,0,27.8,0.0,1
5283,1776087301.6011562,0.0434300000051735, 0.33935499959625304,0,0,27.8,0.0,1
5284,1776087301.6309998,0.04559700028039515, 0.33761899976525456,0,0,27.8,0.0,1
5285,1776087301.6610646,0.050100999942515045, 0.3792749994318001,0,0,27.8,0.0,1
5286,1776087301.6892512,0.03396099964447785, 0.25579399971320527,0,0,27.8,0.0,1
5287,1776087301.7204041,0.04639899998437613, 0.38896299975021975,0,0,27.8,0.0,1
5288,1776087301.749937,0.04810900009033503, 0.3420489993004594,0,0,27.8,0.0,1
5289,1776087301.7797227,0.06087800011300715, 0.3498760006550583,0,0,27.8,0.0,1
5290,1776087301.8095508,0.049342000238539185, 0.3709960001287982,0,0,27.8,0.0,1
5291,1776087301.839253,0.049621000471233856, 0.3778390000661602,0,0,27.8,0.0,1
5292,1776087301.8687804,0.04494199947657762, 0.3479749993857695,0,0,27.8,0.0,1
5293,1776087301.8986685,0.0435739993918105, 0.3527449998728116,0,0,27.8,0.0,1
5294,1776087301.9285126,0.04789000013261102, 0.3759139999601757,0,0,27.8,0.0,1
5295,1776087301.9580534,0.05224500000622356, 0.3740009997272864,0,0,27.8,0.0,1
5296,1776087301.9878042,0.04403600087243831, 0.34786500054906355,0,0,27.8,0.0,1
5297,1776087302.0171452,0.0449740000476595, 0.33910999991348945,0,0,27.8,0.0,1
5298,1776087302.0470202,0.04414100021676859, 0.3447860008236603,0,0,27.8,0.0,1
5299,1776087302.0767822,0.043881999772565905, 0.34790999961842317,0,0,27.8,0.0,1
5300,1776087302.1067028,0.044161000005260576, 0.36974500017095124,0,0,27.8,0.0,1
5301,1776087302.1361547,0.04645399985747645, 0.33962499946937896,0,0,27.8,0.0,1
5302,1776087302.165984,0.04561500009003794, 0.34236600004078355,0,0,27.8,0.0,1
5303,1776087302.195957,0.0527339998370735, 0.3930389993911376,0,0,27.8,0.0,1
5304,1776087302.2252088,0.04301400076656137, 0.3496019999147393,0,0,27.8,0.0,1
5305,1776087302.2551832,0.05018899992137449, 0.37782499930472113,0,0,27.8,0.0,1
5306,1776087302.2848308,0.0549059996046708, 0.35306799964018865,0,0,27.8,0.0,1
5306,1776087302.3450108,30.895280000549974, 0.32466199991176836,14,2,27.8,0.0,0
5307,1776087302.393047,23.28321499953745, 0.22616299975197762,10,0,27.8,0.0,0
5308,1776087302.4095373,14.72842600014701, 0.23232700004882645,12,2,27.8,0.0,0
5309,1776087302.4230728,11.836067999865918, 0.20936900000378955,11,2,27.8,0.0,0
5310,1776087302.7034726,14.462078999713412, 257.5890950001849,10,1,27.8,0.0,0
5312,1776087302.7068686,0.2195090000896016, 0.307582999994338,0,1,27.8,0.0,1
5313,1776087302.72994,0.2474409993737936, 0.37392900048871525,0,1,27.8,0.0,1
5314,1776087302.7613437,1.9204600002922234, 0.3182359996571904,0,0,27.8,0.0,1
5315,1776087302.794149,0.03916399964509765, 0.2653439996720408,0,0,27.8,0.0,1
5316,1776087302.81972,0.057736000599106774, 0.34378399959678063,0,0,27.8,0.0,1
5317,1776087302.849289,0.04384800013212953, 0.3408029997444828,0,0,27.8,0.0,1
5318,1776087302.8794105,0.048833000619197264, 0.37610900017170934,0,0,27.8,0.0,1
5319,1776087302.908826,0.04800200076715555, 0.34191099985037,0,0,27.8,0.0,1
5320,1776087302.938584,0.04460699983610539, 0.35773200033872854,0,0,27.8,0.0,1
5321,1776087302.9677634,0.060694000239891466, 0.35565100006351713,0,0,27.8,0.0,1
5322,1776087302.9974382,0.045851999857404735, 0.389114000427071,0,0,27.8,0.0,1
5323,1776087303.0274699,0.06054500045138411, 0.4164399997534929,0,0,27.8,0.0,1
5324,1776087303.0573397,0.046057000872679055, 0.3742239996427088,0,0,27.8,0.0,1
5325,1776087303.086499,0.044256000364839565, 0.3788900003200979,0,0,27.8,0.0,1
5326,1776087303.1162348,0.044703999265038874, 0.3886189997501788,0,0,27.8,0.0,1
5327,1776087303.1460578,0.04607499977282714, 0.3859329999613692,0,0,27.8,0.0,1
5328,1776087303.175781,0.062232000345829874, 0.3722849996847799,0,0,27.8,0.0,1
5329,1776087303.2054012,0.0462910002170247, 0.3841930001726723,0,0,27.8,0.0,1
5330,1776087303.235647,0.05921599949942902, 0.41907499962690054,0,0,27.8,0.0,1
5331,1776087303.2648568,0.0476929999422282, 0.38304700046865037,0,0,27.8,0.0,1
5332,1776087303.2946224,0.04733599962492008, 0.4408820004755398,0,0,27.8,0.0,1
5333,1776087303.324237,0.05140599932929035, 0.4297109999242821,0,0,27.8,0.0,1
5334,1776087303.3538957,0.0432740007454413, 0.3645469996627071,0,0,27.8,0.0,1
5335,1776087303.384505,0.04911399992124643, 0.3923129997929209,0,0,27.8,0.0,1
5336,1776087303.4134827,0.045746000068902504, 0.38765800036344444,0,0,27.8,0.0,1
5337,1776087303.4431107,0.04552600057650125, 0.38338500053214375,0,0,27.8,0.0,1
5338,1776087303.4726121,0.04652500047086505, 0.3591409995351569,0,0,27.8,0.0,1
5339,1776087303.5024402,0.04680600068240892, 0.37988799977028975,0,0,27.8,0.0,1
5340,1776087303.5326452,0.052628000048571266, 0.38269800006673904,0,0,27.8,0.0,1
5341,1776087303.561909,0.04553100006887689, 0.37717299983341945,0,0,27.8,0.0,1
5342,1776087303.5922863,0.052136000704194885, 0.40048600021691527,0,0,27.8,0.0,1
5343,1776087303.6219864,0.04809199981536949, 0.39033899975038366,0,0,27.8,0.0,1
5344,1776087303.6513808,0.05254799998510862, 0.4767049995280104,0,0,27.8,0.0,1
5345,1776087303.68095,0.04687699947680812, 0.4103339997527655,0,0,27.8,0.0,1
5345,1776087303.7288194,18.508565000047383, 0.21146000017324695,20,2,27.8,0.0,0
5346,1776087303.765047,21.938271000180976, 0.22647900004812982,22,0,27.8,0.0,0
5347,1776087303.78952,18.633694999152794, 0.22212199928617338,25,2,27.8,0.0,0
5348,1776087303.8216138,20.825857000090764, 0.2197009998781141,25,2,27.8,0.0,0
5349,1776087304.108296,20.466103000217117, 257.63278199974593,22,1,27.8,0.0,0
5351,1776087304.1113389,0.19409600008657435, 0.3025149999302812,0,1,27.8,0.0,1
5352,1776087304.1265993,0.22459100000560284, 0.36848499985353556,0,1,27.8,0.0,1
5353,1776087304.156515,0.22985099985817214, 0.39163299970823573,0,1,27.8,0.0,1
5354,1776087304.1881409,1.6872779997356702, 0.18630500017025042,0,0,27.8,0.0,1
5355,1776087304.220625,0.04602799981512362, 0.26536100085650105,0,0,27.8,0.0,1
5356,1776087304.2454343,0.04492899915931048, 0.38386899996112334,0,0,27.8,0.0,1
5357,1776087304.2751906,0.045542000407294836, 0.38454799960163655,0,0,27.8,0.0,1
5358,1776087304.3047533,0.06850699992355658, 0.34097600018867524,0,0,27.8,0.0,1
5359,1776087304.334573,0.045187000068835914, 0.42659399969124934,0,0,27.8,0.0,1
5360,1776087304.364959,0.05297799998515984, 0.40131600053427974,0,0,27.8,0.0,1
5361,1776087304.394123,0.04715100021712715, 0.4128720001972397,0,0,27.8,0.0,1
5362,1776087304.424081,0.050505000217526685, 0.3739140001925989,0,0,27.8,0.0,1
5363,1776087304.4536197,0.05852800040884176, 0.42616300015652087,0,0,27.8,0.0,1
5364,1776087304.4831157,0.0467569998363615, 0.4326700000092387,0,0,27.8,0.0,1
5365,1776087304.512765,0.04226600049150875, 0.3435629996602074,0,0,27.8,0.0,1
5366,1776087304.54256,0.04853300015383866, 0.3669699999591103,0,0,27.8,0.0,1
5367,1776087304.5722535,0.046983000174805056, 0.3838299999188166,0,0,27.8,0.0,1
5368,1776087304.602081,0.045063000470690895, 0.38713300000381423,0,0,27.8,0.0,1
5369,1776087304.631702,0.04130999968765536, 0.37262800015014363,0,0,27.8,0.0,1
5370,1776087304.661433,0.047028999688336626, 0.3898529994330602,0,0,27.8,0.0,1
5371,1776087304.691575,0.050283999371458776, 0.3827199998340802,0,0,27.8,0.0,1
5372,1776087304.720795,0.04311299926484935, 0.3473429997029598,0,0,27.8,0.0,1
5373,1776087304.7505052,0.04426199939189246, 0.37243799943098566,0,0,27.8,0.0,1
5374,1776087304.7802649,0.04522200015344424, 0.3786530005527311,0,0,27.8,0.0,1
5375,1776087304.8101516,0.0479990003441344, 0.40774500030238414,0,0,27.8,0.0,1
5376,1776087304.839708,0.04327100032242015, 0.4121530000702478,0,0,27.8,0.0,1
5377,1776087304.8693945,0.04649699985748157, 0.39434399968740763,0,0,27.8,0.0,1
5378,1776087304.8997755,0.06521799969050335, 0.40479900053469464,0,0,27.8,0.0,1
5379,1776087304.9287717,0.04255400017427746, 0.34215899995615473,0,0,27.8,0.0,1
5380,1776087304.958682,0.04267900021659443, 0.4017159999420983,0,0,27.8,0.0,1
5381,1776087304.9885485,0.05449499985843431, 0.3673649998745532,0,0,27.8,0.0,1
5382,1776087305.0183918,0.049384999329049606, 0.37997700019332115,0,0,27.8,0.0,1
5383,1776087305.047879,0.04283599992049858, 0.3680139998323284,0,0,27.8,0.0,1
5384,1776087305.0774763,0.04702800015365938, 0.377866999770049,0,0,27.8,0.0,1
5384,1776087305.125682,18.622515999595635, 0.21244800063868752,8,2,27.8,0.0,0
5385,1776087305.1859994,22.627551999903517, 0.315915999635763,12,0,27.8,0.0,0
5386,1776087305.2071068,19.2864800001189, 0.21052600004622946,13,2,27.8,0.0,0
5387,1776087305.2207673,11.922358999981952, 0.2065839998977026,15,2,27.8,0.0,0
5388,1776087305.4950044,12.304441000196675, 256.71609199980594,10,1,27.8,0.0,0
5390,1776087305.498657,0.21241699960228289, 0.34557500021037413,0,1,27.8,0.0,1
5391,1776087305.5233693,0.2316210002391017, 0.38854399917909177,0,1,27.8,0.0,1
5392,1776087305.554642,1.8543890000728425, 0.3226310000172816,0,1,27.8,0.0,1
5393,1776087305.5874565,0.17573900004208554, 0.2770730006886879,0,0,27.8,0.0,1
5394,1776087305.6122787,0.04514899956120644, 0.37499300015042536,0,0,27.8,0.0,1
5395,1776087305.6419768,0.04225999964546645, 0.3470520005066646,0,0,27.8,0.0,1
5396,1776087305.6717243,0.06257799941522535, 0.35196200042264536,0,0,27.8,0.0,1
5397,1776087305.701573,0.04917199930787319, 0.3942820003430825,0,0,27.8,0.0,1
5398,1776087305.731498,0.05828599933010992, 0.401983999836375,0,0,27.8,0.0,1
5399,1776087305.760845,0.04025499947601929, 0.35558900071919197,0,0,27.8,0.0,1
5400,1776087305.7906215,0.04192500000499422, 0.37657699976989534,0,0,27.8,0.0,1
5401,1776087305.820485,0.04781700044986792, 0.410601000112365,0,0,27.8,0.0,1
5402,1776087305.8510623,0.04832600006920984, 0.38534600025741383,0,0,27.8,0.0,1
5403,1776087305.8805413,0.04732300021714764, 0.3716869996424066,0,0,27.8,0.0,1
5404,1776087305.9103343,0.051747000725299586, 0.3666929997052648,0,0,27.8,0.0,1
5405,1776087305.940111,0.05032599983678665, 0.37568200059467927,0,0,27.8,0.0,1
5406,1776087305.9697154,0.05975400017632637, 0.34386100014671683,0,0,27.8,0.0,1
5407,1776087305.9994516,0.04687199998443248, 0.37862399949517567,0,0,27.8,0.0,1
5408,1776087306.029372,0.04754700057674199, 0.38665499960188754,0,0,27.8,0.0,1
5409,1776087306.0587335,0.06379999922501156, 0.34514599974500015,0,0,27.8,0.0,1
5410,1776087306.0885212,0.04861999968852615, 0.3709030006575631,0,0,27.8,0.0,1
5411,1776087306.1179688,0.04694499966717558, 0.340432000484725,0,0,27.8,0.0,1
5412,1776087306.147846,0.041977000364568084, 0.34563200006232364,0,0,27.8,0.0,1
5413,1776087306.177243,0.04517999968811637, 0.34716400023171445,0,0,27.8,0.0,1
5414,1776087306.2070668,0.044053000237909146, 0.3344879996802774,0,0,27.8,0.0,1
5415,1776087306.2369304,0.044768000407202635, 0.3426969997235574,0,0,27.8,0.0,1
5416,1776087306.2668006,0.04505199922277825, 0.34469000001990935,0,0,27.8,0.0,1
5417,1776087306.2962425,0.044377999984135386, 0.343235999935132,0,0,27.8,0.0,1
5418,1776087306.3264098,0.04971999987901654, 0.3733730000021751,0,0,27.8,0.0,1
5419,1776087306.355892,0.0441270003648242, 0.3491770003165584,0,0,27.8,0.0,1
5420,1776087306.3853765,0.044173999413033016, 0.34448699989297893,0,0,27.8,0.0,1
5421,1776087306.4153981,0.051027999688813, 0.3816640000877669,0,0,27.8,0.0,1
5422,1776087306.445188,0.050611999540706165, 0.3888020000886172,0,0,27.8,0.0,1
5423,1776087306.4746997,0.04268999964551767, 0.3624759992817417,0,0,27.8,0.0,1
5423,1776087306.536083,31.597195000358624, 0.29875000018364517,16,2,27.8,0.0,0
5424,1776087306.5751157,21.70755899987853, 0.27843999941978836,16,0,27.8,0.0,0
5425,1776087306.5912268,14.364005000061297, 0.21327099966583773,16,2,27.8,0.0,0
5426,1776087306.6090918,13.187741999900027, 0.21360299979278352,17,2,27.8,0.0,0
5427,1776087306.901663,21.052109000265773, 257.3959070005003,11,1,27.8,0.0,0
5429,1776087306.9052854,0.19492699993861606, 0.30581500050175237,0,1,27.8,0.0,1
5430,1776087306.9203284,0.2107459995386307, 0.33553599951119395,0,1,27.8,0.0,1
5431,1776087306.9501982,0.21632800053339452, 0.3420859993639169,0,0,27.8,0.0,1
5432,1776087306.9827251,2.0670940002673888, 0.4128129994569463,0,0,27.8,0.0,1
5433,1776087307.0138905,0.036811999962083064, 0.260206000348262,0,0,27.8,0.0,1
5434,1776087307.039042,0.04355099918029737, 0.34328799938521115,0,0,27.8,0.0,1
5435,1776087307.069159,0.04933000036544399, 0.37568000061583007,0,0,27.8,0.0,1
5436,1776087307.0990474,0.05049999981565634, 0.38238199977058684,0,0,27.8,0.0,1
5437,1776087307.128258,0.04373499996290775, 0.34241499997733627,0,0,27.8,0.0,1
5438,1776087307.1582766,0.048446000619151164, 0.38549399960174924,0,0,27.8,0.0,1
5439,1776087307.1877992,0.04560899924399564, 0.3441640001256019,0,0,27.8,0.0,1
5440,1776087307.2177281,0.06251600007090019, 0.3436480001255404,0,0,27.8,0.0,1
5441,1776087307.2470675,0.04229600017424673, 0.3414009997868561,0,0,27.8,0.0,1
5442,1776087307.2769644,0.04416899992065737, 0.3452000000834232,0,0,27.8,0.0,1
5443,1776087307.3066697,0.04170700049144216, 0.35860099978890503,0,0,27.8,0.0,1
5444,1776087307.336336,0.04669900044973474, 0.3449000005275593,0,0,27.8,0.0,1
5445,1776087307.3662944,0.04858499960391782, 0.37664600040443474,0,0,27.8,0.0,1
5446,1776087307.3960407,0.05634399985865457, 0.3811429996858351,0,0,27.8,0.0,1
5447,1776087307.4252715,0.044548999539983924, 0.33063299997593276,0,0,27.8,0.0,1
5448,1776087307.4551046,0.04112999977223808, 0.34192200018878793,0,0,27.8,0.0,1
5449,1776087307.4848764,0.04615600028046174, 0.3400549994694302,0,0,27.8,0.0,1
5450,1776087307.5147474,0.060106000091764145, 0.3456960002949927,0,0,27.8,0.0,1
5451,1776087307.5446675,0.043572999857133254, 0.36148700019111857,0,0,27.8,0.0,1
5452,1776087307.574055,0.04605200047080871, 0.3464210003585322,0,0,27.8,0.0,1
5453,1776087307.6037903,0.045046000195725355, 0.3445390002525528,0,0,27.8,0.0,1
5454,1776087307.634122,0.05006599985790672, 0.38348199996107724,0,0,27.8,0.0,1
5455,1776087307.6630588,0.04294300015317276, 0.34072500056936406,0,0,27.8,0.0,1
5456,1776087307.6929455,0.04720600009022746, 0.338259999807633,0,0,27.8,0.0,1
5457,1776087307.7229626,0.05229899943515193, 0.38097799915703945,0,0,27.8,0.0,1
5458,1776087307.7521849,0.043885000195587054, 0.34342799972364446,0,0,27.8,0.0,1
5459,1776087307.7822406,0.047420000555575825, 0.3825639996648533,0,0,27.8,0.0,1
5460,1776087307.8121433,0.050755000302160624, 0.3845979999823612,0,0,27.8,0.0,1
5461,1776087307.8419154,0.05011100074625574, 0.37991200042597484,0,0,27.8,0.0,1
5462,1776087307.8711524,0.043246999666735064, 0.33485499989183154,0,0,27.8,0.0,1
5462,1776087307.9334698,32.39328600011504, 0.23204300032375613,9,2,27.8,0.0,0
5463,1776087307.949202,14.032170999598748, 0.2117140002155793,14,0,27.8,0.0,0
5464,1776087307.9845228,22.266246999606665, 0.2874219999284833,5,2,27.8,0.0,0
5465,1776087308.0086243,17.51027000045724, 0.22389500009012409,10,2,27.8,0.0,0
5466,1776087308.2987626,20.233815999745275, 258.5737480003445,11,1,27.8,0.0,0
5468,1776087308.3026402,0.21252799979265546, 0.3314870000394876,0,1,27.8,0.0,1
5469,1776087308.3171012,0.2116150008077966, 0.3333949998705066,0,1,27.8,0.0,1
5470,1776087308.3484282,1.6570950001550955, 0.32135699984792154,0,1,27.8,0.0,1
5471,1776087308.380963,0.17110099997807993, 0.25914899924828205,0,0,27.8,0.0,1
5472,1776087308.4060247,0.046209000174712855, 0.33718700069584884,0,0,27.8,0.0,1
5473,1776087308.435909,0.04603199977282202, 0.34024700016743736,0,0,27.8,0.0,1
5474,1776087308.465968,0.0467609997940599, 0.37898200025665574,0,0,27.8,0.0,1
5475,1776087308.495161,0.042036000195366796, 0.3472780008451082,0,0,27.8,0.0,1
5476,1776087308.525371,0.050227000429003965, 0.3857910005535814,0,0,27.8,0.0,1
5477,1776087308.5549617,0.0457539999842993, 0.3413759995964938,0,0,27.8,0.0,1
5478,1776087308.584198,0.04398700002639089, 0.33457599965913687,0,0,27.8,0.0,1
5479,1776087308.614416,0.0501770000482793, 0.38110799960122677,0,0,27.8,0.0,1
5480,1776087308.644129,0.050956000450241845, 0.3827149994322099,0,0,27.8,0.0,1
5481,1776087308.6736517,0.04553300004772609, 0.3579089998311247,0,0,27.8,0.0,1
5482,1776087308.7032366,0.04651499966712436, 0.34306499946978875,0,0,27.8,0.0,1
5483,1776087308.733285,0.04850100049225148, 0.37190300008660415,0,0,27.8,0.0,1
5484,1776087308.7631094,0.05111700011184439, 0.38194199987628963,0,0,27.8,0.0,1
5485,1776087308.7921746,0.04529100078798365, 0.33687300037854584,0,0,27.8,0.0,1
5486,1776087308.8224928,0.05054200028098421, 0.3741549999176641,0,0,27.8,0.0,1
5487,1776087308.8519316,0.04565600011119386, 0.34037600016745273,0,0,27.8,0.0,1
5488,1776087308.8816133,0.04622699998435564, 0.36100600027566543,0,0,27.8,0.0,1
5489,1776087308.9111252,0.04392099981487263, 0.33877599980769446,0,0,27.8,0.0,1
5490,1776087308.9413328,0.04868099949817406, 0.36886399993818486,0,0,27.8,0.0,1
5491,1776087308.9710615,0.047683000047982205, 0.37579500076390104,0,0,27.8,0.0,1
5492,1776087309.000404,0.0429660003646859, 0.37107799926161533,0,0,27.8,0.0,1
5493,1776087309.0303738,0.04869500025961315, 0.37792300008732127,0,0,27.8,0.0,1
5494,1776087309.0598047,0.04287599949748255, 0.34039299953292357,0,0,27.8,0.0,1
5495,1776087309.0896282,0.04392400023789378, 0.36032600019098027,0,0,27.8,0.0,1
5496,1776087309.1195586,0.04569300017465139, 0.36856800034001935,0,0,27.8,0.0,1
5497,1776087309.1492772,0.04737800009024795, 0.3806630002145539,0,0,27.8,0.0,1
5498,1776087309.1788642,0.04516599983617198, 0.3402679994906066,0,0,27.8,0.0,1
5499,1776087309.2086625,0.04540800000540912, 0.3529449995767209,0,0,27.8,0.0,1
5500,1776087309.2380583,0.04758599970955402, 0.3449480000199401,0,0,27.8,0.0,1
5501,1776087309.2681189,0.05049900028097909, 0.3737619999810704,0,0,27.8,0.0,1
5501,1776087309.3289604,31.15230599996721, 0.22119100049167173,5,2,27.8,0.0,0
5502,1776087309.3448198,14.122857000074873, 0.1971850006157183,3,0,27.8,0.0,0
5503,1776087309.3771029,20.079399000678677, 0.22362700019584736,2,2,27.8,0.0,0
5504,1776087309.406826,20.070537000719924, 0.2224039999418892,5,2,27.8,0.0,0
5505,1776087309.696375,19.959891000326024, 259.7734950004451,3,1,27.8,0.0,0
5507,1776087309.7000468,0.19479900038277265, 0.31087800016393885,0,1,27.8,0.0,1
5508,1776087309.7139456,0.2135539998562308, 0.3401320000193664,0,1,27.8,0.0,1
5509,1776087309.7438722,0.23236299966811202, 0.34076100018864963,0,1,27.8,0.0,1
5510,1776087309.7750201,1.8014170000242302, 0.3275680001024739,0,0,27.8,0.0,1
5511,1776087309.8074613,0.040052000258583575, 0.2758700002232217,0,0,27.8,0.0,1
5512,1776087309.8322027,0.04575100047077285, 0.3418019996388466,0,0,27.8,0.0,1
5513,1776087309.8620632,0.04170500051259296, 0.34629899982974166,0,0,27.8,0.0,1
5514,1776087309.8915644,0.06144700000731973, 0.4086740000275313,0,0,27.8,0.0,1
5515,1776087309.921534,0.053544999900623225, 0.36207999983162154,0,0,27.8,0.0,1
5516,1776087309.9510083,0.04684099985752255, 0.3568700003597769,0,0,27.8,0.0,1
5517,1776087309.9814446,0.048242000048048794, 0.3915620000043418,0,0,27.8,0.0,1
5518,1776087310.0106394,0.044888999582326505, 0.354197999513417,0,0,27.8,0.0,1
5519,1776087310.0401828,0.05736999992222991, 0.4468419992917916,0,0,27.8,0.0,1
5520,1776087310.0696516,0.04671399983635638, 0.368134999916947,0,0,27.8,0.0,1
5521,1776087310.100107,0.04984099996363511, 0.3704920000018319,0,0,27.8,0.0,1
5522,1776087310.1297538,0.04580999939207686, 0.3444320000198786,0,0,27.8,0.0,1
5523,1776087310.1591704,0.04450699998415075, 0.33995899957517395,0,0,27.8,0.0,1
5524,1776087310.1892002,0.04477499987842748, 0.3423409998504212,0,0,27.8,0.0,1
5525,1776087310.2191231,0.049157000830746256, 0.38318199949571863,0,0,27.8,0.0,1
5526,1776087310.2482452,0.04364399956102716, 0.3394679997654748,0,0,27.8,0.0,1
5527,1776087310.278337,0.0462139996670885, 0.37934899955871515,0,0,27.8,0.0,1
5528,1776087310.3082592,0.047790999815333635, 0.38634100019407924,0,0,27.8,0.0,1
5529,1776087310.3380013,0.04984599945601076, 0.37611700008710613,0,0,27.8,0.0,1
5530,1776087310.3675447,0.048348999371228274, 0.36393799928191584,0,0,27.8,0.0,1
5531,1776087310.3973086,0.04930599970975891, 0.37134000012883916,0,0,27.8,0.0,1
5532,1776087310.4270923,0.049528000090504065, 0.37850799981242744,0,0,27.8,0.0,1
5533,1776087310.4568582,0.05049700030212989, 0.3788510002777912,0,0,27.8,0.0,1
5534,1776087310.48645,0.04945599994243821, 0.3778200007218402,0,0,27.8,0.0,1
5535,1776087310.516231,0.04966400047123898, 0.37522200000239536,0,0,27.8,0.0,1
5536,1776087310.546171,0.053484000090975314, 0.37485299981199205,0,0,27.8,0.0,1
5537,1776087310.5751963,0.04143900059716543, 0.34197500008303905,0,0,27.8,0.0,1
5538,1776087310.6049857,0.041801999941526446, 0.3393679999135202,0,0,27.8,0.0,1
5539,1776087310.6351314,0.05087999943498289, 0.3829970000879257,0,0,27.8,0.0,1
5540,1776087310.664246,0.04344300032244064, 0.34370499997748993,0,0,27.8,0.0,1
5540,1776087310.7120495,17.937253000127384, 0.2243209992229822,5,2,27.8,0.0,0
5541,1776087310.7482858,21.61954900020646, 0.21705200015276205,3,0,27.8,0.0,0
5542,1776087310.775417,20.062000000507396, 0.2269910000904929,7,2,27.8,0.0,0
5543,1776087310.8025637,18.735589000243635, 0.2306890000909334,8,2,27.8,0.0,0
5544,1776087311.090792,20.29723899977398, 257.84052400013024,7,2,27.8,0.0,0
5546,1776087311.0947535,0.280055000075663, 0.28187799944134895,0,2,27.8,0.0,1
5547,1776087311.1103096,0.2734970003075432, 0.33066299965867074,0,2,27.8,0.0,1
5548,1776087311.1420867,1.896910999676038, 0.3235039994251565,0,2,27.8,0.0,1
5549,1776087311.174588,0.21956700038572308, 0.28308400032983627,0,0,27.8,0.0,1
5550,1776087311.1991231,0.04709999939223053, 0.3369879996171221,0,0,27.8,0.0,1
5551,1776087311.2289522,0.04517599973041797, 0.3363249998074025,0,0,27.8,0.0,1
5552,1776087311.2588947,0.041600999793445226, 0.343873000019812,0,0,27.8,0.0,1
5553,1776087311.2886622,0.043667000682034995, 0.36275099955673795,0,0,27.8,0.0,1
5554,1776087311.3180735,0.045620000491908286, 0.3335289993628976,0,0,27.8,0.0,1
5555,1776087311.3478875,0.04472800083021866, 0.3389510002307361,0,0,27.8,0.0,1
5556,1776087311.377794,0.046397000005526934, 0.3327750000607921,0,0,27.8,0.0,1
5557,1776087311.4075212,0.049109000428870786, 0.37375299962150166,0,0,27.8,0.0,1
5558,1776087311.4374566,0.04817400076717604, 0.38260699966485845,0,0,27.8,0.0,1
5559,1776087311.4671073,0.049682000280881766, 0.3841699999611592,0,0,27.8,0.0,1
5560,1776087311.4963646,0.042205999307043385, 0.34768499972415157,0,0,27.8,0.0,1
5561,1776087311.5263886,0.05060199964646017, 0.38106700048956554,0,0,27.8,0.0,1
5562,1776087311.555943,0.04607299979397794, 0.34344199957558885,0,0,27.8,0.0,1
5563,1776087311.5859416,0.05249800051387865, 0.37811300080647925,0,0,27.8,0.0,1
5564,1776087311.6156054,0.04336199981480604, 0.35905299955629744,0,0,27.8,0.0,1
5565,1776087311.6450977,0.04302500019548461, 0.34211700040032156,0,0,27.8,0.0,1
5566,1776087311.6748793,0.04467700000532204, 0.34219999997731065,0,0,27.8,0.0,1
5567,1776087311.7046592,0.04483300017454894, 0.3634790000432986,0,0,27.8,0.0,1
5568,1776087311.7341936,0.0446700005340972, 0.34303499978705077,0,0,27.8,0.0,1
5569,1776087311.7641633,0.05091900038678432, 0.3763799995795125,0,0,27.8,0.0,1
5570,1776087311.7937608,0.042083000153070316, 0.34796600084519014,0,0,27.8,0.0,1
5571,1776087311.8231254,0.04368600002635503, 0.33572000029380433,0,0,27.8,0.0,1
5572,1776087311.8529887,0.050672999350354075, 0.3730290000021341,0,0,27.8,0.0,1
5573,1776087311.8823142,0.051342000006115995, 0.42622999990271637,0,0,27.8,0.0,1
5574,1776087311.912767,0.06475600002886495, 0.36285999976826133,0,0,27.8,0.0,1
5575,1776087311.9419372,0.04577900017466163, 0.3450369995334768,0,0,27.8,0.0,1
5576,1776087311.9716973,0.05399699966801563, 0.43976000051770825,0,0,27.8,0.0,1
5577,1776087312.0011544,0.04956599968863884, 0.41618599971116055,0,0,27.8,0.0,1
5578,1776087312.0309322,0.04368400004750583, 0.3696750000017346,0,0,27.8,0.0,1
5579,1776087312.0606818,0.048613000217301305, 0.39542200011055684,0,0,27.8,0.0,1
5579,1776087312.108586,18.530037999880733, 0.2257979995192727,3,2,27.8,0.0,0
5580,1776087312.1654243,23.11267000004591, 0.33730699942680076,3,0,27.8,0.0,0
5581,1776087312.184396,17.04883099955623, 0.22945599994272925,3,2,27.8,0.0,0
5582,1776087312.1980379,11.9427480003651, 0.20788599977095146,4,2,27.8,0.0,0
5583,1776087312.485969,18.03214699975797, 259.3798729994887,4,1,27.8,0.0,0
5585,1776087312.4897544,0.21058899983472656, 0.30333899940160336,0,1,27.8,0.0,1
5586,1776087312.5070102,0.21677699987776577, 0.3350309998495504,0,1,27.8,0.0,1
5587,1776087312.5363967,0.22394500047084875, 0.33457999961683527,0,0,27.8,0.0,1
5588,1776087312.5677137,1.6048110001065652, 0.29842500043741893,0,0,27.8,0.0,1
5589,1776087312.6005857,0.03674299932754366, 0.27459000011731405,0,0,27.8,0.0,1
5590,1776087312.625795,0.04781699954037322, 0.336761000653496,0,0,27.8,0.0,1
5591,1776087312.6551175,0.04309399992052931, 0.3403809996598284,0,0,27.8,0.0,1
5592,1776087312.685061,0.045093000153428875, 0.34377399970253464,0,0,27.8,0.0,1
5593,1776087312.7147796,0.04648999947676202, 0.3404870003578253,0,0,27.8,0.0,1
5594,1776087312.7447526,0.061342999288171995, 0.3486360001261346,0,0,27.8,0.0,1
5595,1776087312.7740967,0.04313500085117994, 0.3411999996387749,0,0,27.8,0.0,1
5596,1776087312.8039687,0.04631600040738704, 0.3391999998711981,0,0,27.8,0.0,1
5597,1776087312.8337033,0.04255500061844941, 0.365160999535874,0,0,27.8,0.0,1
5598,1776087312.863581,0.04823900053452235, 0.3758830007427605,0,0,27.8,0.0,1
5599,1776087312.8929923,0.04170299962424906, 0.33998100025200984,0,0,27.8,0.0,1
5600,1776087312.9228783,0.04801799968845444, 0.33451499984948896,0,0,27.8,0.0,1
5601,1776087312.9527087,0.04411000008985866, 0.3648849997262005,0,0,27.8,0.0,1
5602,1776087312.983663,0.10853200001292862, 0.5742890007240931,0,0,27.8,0.0,1
5603,1776087313.0125551,0.1077919996532728, 0.457310999991023,0,0,27.8,0.0,1
5604,1776087313.041994,0.04471099964575842, 0.4199720005999552,0,0,27.8,0.0,1
5605,1776087313.0716846,0.045042999772704206, 0.5011459998058854,0,0,27.8,0.0,1
5606,1776087313.101607,0.11103100041509606, 0.4401850001158891,0,0,27.8,0.0,1
5607,1776087313.1309588,0.0616429997535306, 0.4167139995843172,0,0,27.8,0.0,1
5608,1776087313.1608949,0.04337800055509433, 0.41329900068376446,0,0,27.8,0.0,1
5609,1776087313.190551,0.04376400011096848, 0.5161119997865171,0,0,27.8,0.0,1
5610,1776087313.220586,0.046066999857430346, 0.5010860004404094,0,0,27.8,0.0,1
5611,1776087313.2498922,0.038485000004584435, 0.4197270000076969,0,0,27.8,0.0,1
5612,1776087313.2798734,0.08969800001068506, 0.4178970002612914,0,0,27.8,0.0,1
5613,1776087313.308693,0.04716500006907154, 0.4282339996279916,0,0,27.8,0.0,1
5614,1776087313.3391752,0.05133500053489115, 0.37697199968533823,0,0,27.8,0.0,1
5615,1776087313.3686383,0.04306799928599503, 0.35844300055032363,0,0,27.8,0.0,1
5616,1776087313.3984942,0.04843500028073322, 0.3794210006162757,0,0,27.8,0.0,1
5617,1776087313.4282258,0.04788800015376182, 0.3764160001082928,0,0,27.8,0.0,1
5618,1776087313.457773,0.043539999751374125, 0.3485609995550476,0,0,27.8,0.0,1
5618,1776087313.5195003,32.161696999537526, 0.21645600008923793,6,2,27.8,0.0,0
5619,1776087313.576514,23.320809000324516, 0.2940900003522984,14,0,27.8,0.0,0
5620,1776087313.5958564,17.323350999504328, 0.22008300038578454,11,2,27.8,0.0,0
5621,1776087313.6277943,20.0919580001937, 0.2692500002012821,5,2,27.8,0.0,0
5622,1776087313.913038,18.983579000632744, 257.72807599969383,8,2,27.8,0.0,0
5624,1776087313.9168625,0.27413799944042694, 0.2759690005404991,0,2,27.8,0.0,1
5625,1776087313.933212,0.2680569996300619, 0.3406169998925179,0,1,27.8,0.0,1
5626,1776087313.9644716,1.6605769997113384, 0.32002599982661195,0,1,27.8,0.0,1
5627,1776087313.997521,0.18033099968306487, 0.2750809999270132,0,0,27.8,0.0,1
5628,1776087314.021841,0.04568700023810379, 0.3860059996441123,0,0,27.8,0.0,1
5629,1776087314.052266,0.048361999688495416, 0.3775259992835345,0,0,27.8,0.0,1
5630,1776087314.08181,0.04277900006854907, 0.34329800018895185,0,0,27.8,0.0,1
5631,1776087314.1112576,0.04864000038651284, 0.3381730002729455,0,0,27.8,0.0,1
5632,1776087314.141113,0.04524999985733302, 0.35086199932266027,0,0,27.8,0.0,1
5633,1776087314.17096,0.04615600028046174, 0.34166700061177835,0,0,27.8,0.0,1
5634,1776087314.20097,0.04570100009004818, 0.38130399934743764,0,0,27.8,0.0,1
5635,1776087314.2304928,0.0478410001960583, 0.3804810003202874,0,0,27.8,0.0,1
5636,1776087314.2599983,0.04409299981489312, 0.33810099921538495,0,0,27.8,0.0,1
5637,1776087314.2899725,0.04943000021739863, 0.38486999983433634,0,0,27.8,0.0,1
5638,1776087314.319634,0.04405900017445674, 0.3631750005297363,0,0,27.8,0.0,1
5639,1776087314.3491015,0.04491700019570999, 0.3443630002948339,0,0,27.8,0.0,1
5640,1776087314.378867,0.04710200028057443, 0.34864900044340175,0,0,27.8,0.0,1
5641,1776087314.4087367,0.05926299945713254, 0.3495620003377553,0,0,27.8,0.0,1
5642,1776087314.43816,0.04405700019560754, 0.3365519996805233,0,0,27.8,0.0,1
5643,1776087314.4683154,0.04871100009040674, 0.37265099945216207,0,0,27.8,0.0,1
5644,1776087314.497787,0.04430700028024148, 0.34397099989291746,0,0,27.8,0.0,1
5645,1776087314.5271733,0.04959800025972072, 0.33746299959602766,0,0,27.8,0.0,1
5646,1776087314.5574048,0.04601299951900728, 0.39150800057541346,0,0,27.8,0.0,1
5647,1776087314.5872505,0.05198300004849443, 0.38715400023647817,0,0,27.8,0.0,1
5648,1776087314.6166995,0.04203300068184035, 0.36779600031877635,0,0,27.8,0.0,1
5649,1776087314.6460912,0.04455199996300507, 0.342175000696443,0,0,27.8,0.0,1
5650,1776087314.6764314,0.04751399956148816, 0.3769920003833249,0,0,27.8,0.0,1
5651,1776087314.7060487,0.051125000027241185, 0.3707549994942383,0,0,27.8,0.0,1
5652,1776087314.7353387,0.04298000021663029, 0.33685899961710675,0,0,27.8,0.0,1
5653,1776087314.765298,0.0484689999211696, 0.3733449993887916,0,0,27.8,0.0,1
5654,1776087314.7952158,0.04667200028052321, 0.37393700040411204,0,0,27.8,0.0,1
5655,1776087314.8249676,0.05263999992166646, 0.3793890000451938,0,0,27.8,0.0,1
5656,1776087314.8545537,0.04871900000580354, 0.37050499940960435,0,0,27.8,0.0,1
5657,1776087314.8839164,0.046160999772837386, 0.33688500025164103,0,0,27.8,0.0,1
5657,1776087314.932378,18.44574500046292, 0.22803800038673216,7,2,27.8,0.0,0
5658,1776087314.966878,21.278139000060037, 0.2634719994603074,10,0,27.8,0.0,0
5659,1776087314.9933999,19.651689999591326, 0.22919999992154771,8,2,27.8,0.0,0
5660,1776087315.0233219,19.92408299975068, 0.2199219998146873,8,2,27.8,0.0,0
5661,1776087315.3119662,21.210855999925116, 258.37947399941186,4,2,27.8,0.0,0
5663,1776087315.316265,0.3184380002494436, 0.3675259995361557,0,2,27.8,0.0,1
5664,1776087315.3301177,0.39618000027985545, 0.4219700003886828,0,1,27.8,0.0,1
5665,1776087315.3601065,0.2818749999278225, 0.479655000162893,0,0,27.8,0.0,1
5666,1776087315.391586,2.0734319996336126, 0.38252800004556775,0,0,27.8,0.0,1
5667,1776087315.4245763,0.06923499950062251, 0.2866550003091106,0,0,27.8,0.0,1
5668,1776087315.449173,0.04677800006902544, 0.5247110002528643,0,0,27.8,0.0,1
5669,1776087315.478743,0.04143499972997233, 0.4717210003946093,0,0,27.8,0.0,1
5670,1776087315.508572,0.10387499969510827, 0.44524500026454916,0,0,27.8,0.0,1
5671,1776087315.5385797,0.04806499964615796, 0.4846989995712647,0,0,27.8,0.0,1
5672,1776087315.5674052,0.09923500056174817, 0.4371430004539434,0,0,27.8,0.0,1
5673,1776087315.597674,0.1087300006474834, 0.43085700053779874,0,0,27.8,0.0,1
5674,1776087315.6269946,0.058352000451122876, 0.4139559996474418,0,0,27.8,0.0,1
5675,1776087315.657069,0.043230999835941475, 0.4920129995298339,0,0,27.8,0.0,1
5676,1776087315.6867073,0.10625699997035554, 0.44572100068762666,0,0,27.8,0.0,1
5677,1776087315.7165313,0.0932180000745575, 0.4448319996299688,0,0,27.8,0.0,1
5678,1776087315.746331,0.04771699968841858, 0.4355020000730292,0,0,27.8,0.0,1
5679,1776087315.775378,0.0942940005188575, 0.42070000017702114,0,0,27.8,0.0,1
5680,1776087315.8055878,0.047991999963414855, 0.4365879995020805,0,0,27.8,0.0,1
5681,1776087315.8354506,0.11323800026730169, 0.45505700018111384,0,0,27.8,0.0,1
5682,1776087315.8653226,0.04553400049189804, 0.5010029999539256,0,0,27.8,0.0,1
5683,1776087315.894766,0.04813899977307301, 0.4713039998023305,0,0,27.8,0.0,1
5684,1776087315.9248958,0.0462990001324215, 0.4732269999294658,0,0,27.8,0.0,1
5685,1776087315.953949,0.04291699951863848, 0.43974799973511836,0,0,27.8,0.0,1
5686,1776087315.9841638,0.08851499933371088, 0.431162000495533,0,0,27.8,0.0,1
5687,1776087316.0136986,0.08843699924909743, 0.4429379996508942,0,0,27.8,0.0,1
5688,1776087316.0431216,0.04117199932807125, 0.4212060002828366,0,0,27.8,0.0,1
5689,1776087316.073251,0.04754499968839809, 0.5044210001869942,0,0,27.8,0.0,1
5690,1776087316.1023283,0.0394770004277234, 0.4248429995641345,0,0,27.8,0.0,1
5691,1776087316.132033,0.04191900006844662, 0.42667099933169084,0,0,27.8,0.0,1
5692,1776087316.1623216,0.04395300038595451, 0.4386649998195935,0,0,27.8,0.0,1
5693,1776087316.191834,0.0448199998572818, 0.4146589999436401,0,0,27.8,0.0,1
5694,1776087316.2216985,0.048439999773108866, 0.4420280001795618,0,0,27.8,0.0,1
5695,1776087316.2510908,0.04223399992042687, 0.4093179995834362,0,0,27.8,0.0,1
5696,1776087316.2812922,0.04556699968816247, 0.5119560000821366,0,0,27.8,0.0,1
5696,1776087316.3405879,30.2433380002185, 0.22467700000561308,4,2,27.8,0.0,0
5697,1776087316.354589,12.094771999727527, 0.3039580005861353,6,0,27.8,0.0,0
5698,1776087316.3954933,21.58848399994895, 0.25773699962883256,5,2,27.8,0.0,0
5699,1776087316.4192643,16.996715999994194, 0.22638500013272278,6,2,27.8,0.0,0
5700,1776087316.7090223,18.02772399969399, 261.1150910006472,7,2,27.8,0.0,0
5702,1776087316.713312,0.3282309999121935, 0.37747500027762726,0,2,27.8,0.0,1
5703,1776087316.7265139,0.37329899987526005, 0.40861799971025903,0,2,27.8,0.0,1
5704,1776087316.7586899,2.2234399993976695, 0.3882549999616458,0,2,27.8,0.0,1
5705,1776087316.7910836,0.22437499956140528, 0.32539299991185544,0,0,27.8,0.0,1
5706,1776087316.8153257,0.04222699953970732, 0.4235679998600972,0,0,27.8,0.0,1
5707,1776087316.8456838,0.0478470001326059, 0.4850920004173531,0,0,27.8,0.0,1
5708,1776087316.8750625,0.10520799969526706, 0.42154899983870564,0,0,27.8,0.0,1
5709,1776087316.9053116,0.04978700053470675, 0.5053510003563133,0,0,27.8,0.0,1
5710,1776087316.9343066,0.043152999751328025, 0.41783100004977314,0,0,27.8,0.0,1
5711,1776087316.9645247,0.04639000053430209, 0.49181299982592463,0,0,27.8,0.0,1
5712,1776087316.9945467,0.045931999920867383, 0.5140829998708796,0,0,27.8,0.0,1
5713,1776087317.0234241,0.10326999927201541, 0.42060900068463525,0,0,27.8,0.0,1
5714,1776087317.0531745,0.04189100036455784, 0.42849900000874186,0,0,27.8,0.0,1
5715,1776087317.083531,0.047157000153674744, 0.4396230006022961,0,0,27.8,0.0,1
5716,1776087317.1132357,0.09402900013810722, 0.4642229996534297,0,0,27.8,0.0,1
5717,1776087317.1428027,0.0406299996029702, 0.47241500033123884,0,0,27.8,0.0,1
5718,1776087317.1721632,0.09673499971540878, 0.41490999956295127,0,0,27.8,0.0,1
5719,1776087317.201962,0.043879999793716706, 0.4128759992454434,0,0,27.8,0.0,1
5720,1776087317.2322245,0.04438399992068298, 0.5195639996600221,0,0,27.8,0.0,1
5721,1776087317.2613304,0.04102200000488665, 0.41449400032433914,0,0,27.8,0.0,1
5722,1776087317.291488,0.09815399971557781, 0.4515649998211302,0,0,27.8,0.0,1
5723,1776087317.3212824,0.0466050005343277, 0.4962659995726426,0,0,27.8,0.0,1
5724,1776087317.3503013,0.09819000024435809, 0.4141429999435786,0,0,27.8,0.0,1
5725,1776087317.3801475,0.09877299999061506, 0.4164279998803977,0,0,27.8,0.0,1
5726,1776087317.4104745,0.04562499998428393, 0.5023920002713567,0,0,27.8,0.0,1
5727,1776087317.4398115,0.040703000195208006, 0.4921990002912935,0,0,27.8,0.0,1
5728,1776087317.4696317,0.11993000043730717, 0.4346840005382546,0,0,27.8,0.0,1
5729,1776087317.4990737,0.04347300000517862, 0.4192320002402994,0,0,27.8,0.0,1
5730,1776087317.52895,0.04022999928565696, 0.4788070000358857,0,0,27.8,0.0,1
5731,1776087317.5582325,0.0407919997087447, 0.422145999436907,0,0,27.8,0.0,1
5732,1776087317.5882244,0.0447390002591419, 0.40476300000591436,0,0,27.8,0.0,1
5733,1776087317.6184835,0.05023399990022881, 0.507143000504584,0,0,27.8,0.0,1
5734,1776087317.6478555,0.1212759998452384, 0.40716199964663247,0,0,27.8,0.0,1
5735,1776087317.6776245,0.04834599985770183, 0.4270389999874169,0,0,27.8,0.0,1
5735,1776087317.736564,29.753916000117897, 0.26469000022188993,3,2,27.8,0.0,0
5736,1776087317.7510583,12.561002999973425, 0.2088290002575377,3,0,27.8,0.0,0
5737,1776087317.7842557,19.494313999530277, 0.22460699983639643,2,2,27.8,0.0,0
5738,1776087317.8151994,19.702739000422298, 0.24750200009293621,4,2,27.8,0.0,0
5739,1776087318.108182,19.521496999914234, 261.88258999991376,4,2,27.8,0.0,0
5741,1776087318.1123886,0.3237079999962589, 0.3688320002765977,0,2,27.8,0.0,1
5742,1776087318.1227221,0.3167280001434847, 0.42121300066355616,0,2,27.8,0.0,1
5743,1776087318.153606,0.39493999975093175, 0.5081799999970826,0,2,27.8,0.0,1
5744,1776087318.1844378,2.067177999379055, 0.3625049994298024,0,0,27.8,0.0,1
5745,1776087318.2170193,0.03170200034219306, 0.29980500039528124,0,0,27.8,0.0,1
5746,1776087318.2419994,0.042495999878156, 0.427396000304725,0,0,27.8,0.0,1
5747,1776087318.2716756,0.03960699996241601, 0.42062499960593414,0,0,27.8,0.0,1
5748,1776087318.301784,0.09191699973598588, 0.44534599965118105,0,0,27.8,0.0,1
5749,1776087318.3315566,0.10860499969567172, 0.4392669998196652,0,0,27.8,0.0,1
5750,1776087318.3613918,0.045821000639989506, 0.4948170007992303,0,0,27.8,0.0,1
5751,1776087318.3903189,0.09035999937623274, 0.4435860000739922,0,0,27.8,0.0,1
5752,1776087318.4202037,0.11381999956938671, 0.41238500034523895,0,0,27.8,0.0,1
5753,1776087318.4503899,0.11855100001412211, 0.46216900045692455,0,0,27.8,0.0,1
5754,1776087318.4802413,0.0456749994555139, 0.5136219997439184,0,0,27.8,0.0,1
5755,1776087318.509401,0.043090999497508164, 0.4434140000739717,0,0,27.8,0.0,1
5756,1776087318.5395074,0.04897300004813587, 0.4962129996783915,0,0,27.8,0.0,1
5757,1776087318.5689719,0.04047899983561365, 0.48482100010005524,0,0,27.8,0.0,1
5758,1776087318.5984051,0.03981299960287288, 0.4257479995430913,0,0,27.8,0.0,1
5759,1776087318.6281173,0.0397040003008442, 0.41259200042986777,0,0,27.8,0.0,1
5760,1776087318.658489,0.0471419998575584, 0.481521999972756,0,0,27.8,0.0,1
5761,1776087318.6878085,0.03929899958166061, 0.4292550001991913,0,0,27.8,0.0,1
5762,1776087318.7172322,0.03935699987778207, 0.4237989996909164,0,0,27.8,0.0,1
5763,1776087318.7470176,0.03914299941243371, 0.430199999755132,0,0,27.8,0.0,1
5764,1776087318.77703,0.04413999977259664, 0.40068799989967374,0,0,27.8,0.0,1
5765,1776087318.806307,0.08524699933332158, 0.42686800043156836,0,0,27.8,0.0,1
5766,1776087318.8366656,0.09646099988458445, 0.42501000007177936,0,0,27.8,0.0,1
5767,1776087318.8660996,0.041989000237663276, 0.4340859995863866,0,0,27.8,0.0,1
5768,1776087318.8963041,0.11202400037291227, 0.4540410000117845,0,0,27.8,0.0,1
5769,1776087318.9257247,0.040889999581850134, 0.4310829999667476,0,0,27.8,0.0,1
5770,1776087318.9550931,0.04454600002645748, 0.40910699954110896,0,0,27.8,0.0,1
5771,1776087318.9854848,0.04703400009020697, 0.5287149997457163,0,0,27.8,0.0,1
5772,1776087319.0148716,0.05904199952055933, 0.47605599957023514,0,0,27.8,0.0,1
5773,1776087319.044499,0.10994900003424846, 0.45977799982210854,0,0,27.8,0.0,1
5774,1776087319.0739796,0.04190799973002868, 0.4049299996040645,0,0,27.8,0.0,1
5774,1776087319.1341386,30.320039999423898, 0.24305500028276583,6,2,27.8,0.0,0
5775,1776087319.1489065,12.92130999991059, 0.21148900032130769,8,0,27.8,0.0,0
5776,1776087319.1826081,19.67820300069434, 0.22703899958287366,12,2,27.8,0.0,0
5777,1776087319.2102292,17.964530999961426, 0.22642499970970675,14,2,27.8,0.0,0
5778,1776087319.5033042,19.136933999106986, 263.050567999926,13,2,27.8,0.0,0
5780,1776087319.5079374,0.3496850004012231, 0.3688490005515632,0,2,27.8,0.0,1
5781,1776087319.5195115,0.3768269998545293, 0.428102999649127,0,1,27.8,0.0,1
5782,1776087319.5518882,2.277014000355848, 0.3836570003841189,0,1,27.8,0.0,1
5783,1776087319.5847573,0.1981409996005823, 0.2608209997561062,0,0,27.8,0.0,1
5784,1776087319.6089108,0.042939000195474364, 0.4321979995438596,0,0,27.8,0.0,1
5785,1776087319.638318,0.041512000279908534, 0.4300359996705083,0,0,27.8,0.0,1
5786,1776087319.6688359,0.04076200002600672, 0.49528999988979194,0,0,27.8,0.0,1
5787,1776087319.6980352,0.04517900015343912, 0.42023999958473723,0,0,27.8,0.0,1
5788,1776087319.7282634,0.04637700021703495, 0.5048090006312123,0,0,27.8,0.0,1
5789,1776087319.7573175,0.038205999771889765, 0.42059099996549776,0,0,27.8,0.0,1
5790,1776087319.787172,0.04157599960308289, 0.4145599996263627,0,0,27.8,0.0,1
5791,1776087319.8170323,0.04139700013183756, 0.4715189998023561,0,0,27.8,0.0,1
5792,1776087319.8463776,0.09500499982095789, 0.4269299997758935,0,0,27.8,0.0,1
5793,1776087319.8761246,0.0983339996309951, 0.432621000072686,0,0,27.8,0.0,1
5794,1776087319.9060519,0.039991999983612914, 0.41256900021835463,0,0,27.8,0.0,1
5795,1776087319.9359066,0.0421799995820038, 0.485258000480826,0,0,27.8,0.0,1
5796,1776087319.9653072,0.08786800026427954, 0.3687799999170238,0,0,27.8,0.0,1
5797,1776087319.9956646,0.044148000597488135, 0.4396349995658966,0,0,27.8,0.0,1
5798,1776087320.0250835,0.10838800062629161, 0.4082260002178373,0,0,27.8,0.0,1
5799,1776087320.0547743,0.040656000237504486, 0.49650799974187976,0,0,27.8,0.0,1
5800,1776087320.084687,0.10202399971603882, 0.42923999990307493,0,0,27.8,0.0,1
5801,1776087320.1140103,0.06304200087470235, 0.4138470003454131,0,0,27.8,0.0,1
5802,1776087320.1440382,0.09097699967242079, 0.41150800007017097,0,0,27.8,0.0,1
5803,1776087320.173647,0.04638699920178624, 0.5115029998705722,0,0,27.8,0.0,1
5804,1776087320.2035723,0.11350600016157841, 0.44586100011656526,0,0,27.8,0.0,1
5805,1776087320.2333188,0.1021289999698638, 0.4520290003711125,0,0,27.8,0.0,1
5806,1776087320.263157,0.04643500051315641, 0.5002090001653414,0,0,27.8,0.0,1
5807,1776087320.2927012,0.1153089997387724, 0.4265510006007389,0,0,27.8,0.0,1
5808,1776087320.3220818,0.04343999989941949, 0.41911400057870196,0,0,27.8,0.0,1
5809,1776087320.3522327,0.044395999793778174, 0.45167799999035196,0,0,27.8,0.0,1
5810,1776087320.3817868,0.040981999518407974, 0.4769669994857395,0,0,27.8,0.0,1
5811,1776087320.4115112,0.04777899994223844, 0.47998899935919326,0,0,27.8,0.0,1
5812,1776087320.4409475,0.04289600019546924, 0.40795400036586216,0,0,27.8,0.0,1
5813,1776087320.470507,0.0642850000076578, 0.4570889996102778,0,0,27.8,0.0,1
5813,1776087320.529651,29.22617399963201, 0.2583520008556661,15,2,27.8,0.0,0
5814,1776087320.571762,21.59227800075314, 0.2604330002213828,12,0,27.8,0.0,0
5815,1776087320.587026,13.3863820001352, 0.20366900025692303,16,2,27.8,0.0,0
5816,1776087320.6016815,13.00225200066052, 0.25675000051705865,16,2,27.8,0.0,0
5817,1776087320.8931785,19.140272999720764, 256.8951579996792,28,1,27.8,0.0,0
5819,1776087320.8977652,0.29800599986629095, 0.36575000012817327,0,1,27.8,0.0,1
5820,1776087320.916504,0.2658180001162691, 0.4680070005633752,0,1,27.8,0.0,1
5821,1776087320.9463184,0.2623110003696638, 0.40432500009046635,0,1,27.8,0.0,1
5822,1776087320.9789004,2.4673150001035538, 0.44204999994690297,0,0,27.8,0.0,1
5823,1776087321.010249,0.033183000596181955, 0.3228049999961513,0,0,27.8,0.0,1
5824,1776087321.0351112,0.040179000279749744, 0.4449910002222168,0,0,27.8,0.0,1
5825,1776087321.0649774,0.04153200006840052, 0.4203280004730914,0,0,27.8,0.0,1
5826,1776087321.0944283,0.10068600022350438, 0.42777300041052513,0,0,27.8,0.0,1
5827,1776087321.1245885,0.11699399965436896, 0.44844000058219535,0,0,27.8,0.0,1
5828,1776087321.154035,0.1016649994198815, 0.4177289993094746,0,0,27.8,0.0,1
5829,1776087321.1843047,0.04754900055559119, 0.49760399997467175,0,0,27.8,0.0,1
5830,1776087321.2135096,0.04345900015323423, 0.4977980006515281,0,0,27.8,0.0,1
5831,1776087321.2432246,0.041635000343376305, 0.42768999992404133,0,0,27.8,0.0,1
5832,1776087321.2733903,0.10434799969516462, 0.45343200054048793,0,0,27.8,0.0,1
5833,1776087321.3031528,0.04491399977268884, 0.50436399942555,0,0,27.8,0.0,1
5834,1776087321.3328152,0.06057799964764854, 0.4190159997961018,0,0,27.8,0.0,1
5835,1776087321.362477,0.11402900054235943, 0.4452559996934724,0,0,27.8,0.0,1
5836,1776087321.3918822,0.042145999941567425, 0.4167520000919467,0,0,27.8,0.0,1
5837,1776087321.4216838,0.09622600009606685, 0.43236499914200976,0,0,27.8,0.0,1
5838,1776087321.4515936,0.04767900009028381, 0.4844650002269191,0,0,27.8,0.0,1
5839,1776087321.4809372,0.04284599981474457, 0.4132290005145478,0,0,27.8,0.0,1
5840,1776087321.5108585,0.13612200018542353, 0.4083120002178475,0,0,27.8,0.0,1
5841,1776087321.5406861,0.04336700021667639, 0.4973069999323343,0,0,27.8,0.0,1
5842,1776087321.5705388,0.10331399971619248, 0.4426039995450992,0,0,27.8,0.0,1
5843,1776087321.5999663,0.09658799990575062, 0.411830999837548,0,0,27.8,0.0,1
5844,1776087321.6297367,0.04434200036484981, 0.4146689998378861,0,0,27.8,0.0,1
5845,1776087321.6590662,0.03776599987759255, 0.42360200041002827,0,0,27.8,0.0,1
5846,1776087321.689377,0.0994140000329935, 0.45535300068877405,0,0,27.8,0.0,1
5847,1776087321.7189684,0.07658899994567037, 0.4090310003448394,0,0,27.8,0.0,1
5848,1776087321.7485852,0.04108499979338376, 0.48950800010061357,0,0,27.8,0.0,1
5849,1776087321.7782488,0.09433100058231503, 0.4028230005133082,0,0,27.8,0.0,1
5850,1776087321.808222,0.09979599963116925, 0.4419390006660251,0,0,27.8,0.0,1
5851,1776087321.8377316,0.04044300021632807, 0.4356479994385154,0,0,27.8,0.0,1
5852,1776087321.8672078,0.040398999772151, 0.4109920000701095,0,0,27.8,0.0,1
5852,1776087321.9276886,30.71158300008392, 0.21436200040625408,22,2,27.8,0.0,0
5853,1776087321.942475,12.94869700086565, 0.23468500057788333,22,0,27.8,0.0,0
5854,1776087321.972782,18.233565000628005, 0.22190999970916891,20,2,27.8,0.0,0
5855,1776087322.0056086,19.764884000323946, 0.23005399998510256,17,2,27.8,0.0,0
5856,1776087322.295954,18.089049000082014, 262.63781800025754,12,1,27.8,0.0,0
5858,1776087322.299698,0.21923999975115294, 0.30268199952843133,0,1,27.8,0.0,1
5859,1776087322.312527,0.21378499968705, 0.3285610000602901,0,1,27.8,0.0,1
5860,1776087322.3450365,2.202951000072062, 0.37242199960019207,0,1,27.8,0.0,1
5861,1776087322.3773026,0.1903669999592239, 0.30131499988783617,0,0,27.8,0.0,1
5862,1776087322.4020798,0.10458099950483302, 0.43231000017840415,0,0,27.8,0.0,1
5863,1776087322.4323933,0.11378700037312228, 0.4574999993565143,0,0,27.8,0.0,1
5864,1776087322.4617856,0.11122400064778049, 0.4179579991614446,0,0,27.8,0.0,1
5865,1776087322.4916592,0.04310399981477531, 0.43228600043221377,0,0,27.8,0.0,1
5866,1776087322.5209906,0.04461700063984608, 0.41453299945715116,0,0,27.8,0.0,1
5867,1776087322.5508087,0.04004599941254128, 0.4970070003764704,0,0,27.8,0.0,1
5868,1776087322.5802429,0.04148199968767585, 0.43542200000956655,0,0,27.8,0.0,1
5869,1776087322.6104417,0.04758500017487677, 0.5032879998907447,0,0,27.8,0.0,1
5870,1776087322.6399887,0.0922029994399054, 0.42322900026192656,0,0,27.8,0.0,1
5871,1776087322.6693046,0.09252600011677714, 0.4194770008325577,0,0,27.8,0.0,1
5872,1776087322.6996307,0.04502400042838417, 0.4789649992744671,0,0,27.8,0.0,1
5873,1776087322.7293756,0.11438199999247445, 0.44722600068780594,0,0,27.8,0.0,1
5874,1776087322.7584448,0.09493699963059044, 0.40977099979500053,0,0,27.8,0.0,1
5875,1776087322.7881172,0.041463000343355816, 0.4180330006420263,0,0,27.8,0.0,1
5876,1776087322.8180342,0.04581299981509801, 0.33764700037863804,0,0,27.8,0.0,1
5877,1776087322.847496,0.050027000725094695, 0.36453600023378385,0,0,27.8,0.0,1
5878,1776087322.8772514,0.04880500000581378, 0.39130700042733224,0,0,27.8,0.0,1
5879,1776087322.9065857,0.05041399981564609, 0.42998399931093445,0,0,27.8,0.0,1
5880,1776087322.9368508,0.05038800009060651, 0.4069320002599852,0,0,27.8,0.0,1
5881,1776087322.9666717,0.05607999992207624, 0.40365400036534993,0,0,27.8,0.0,1
5882,1776087322.9966512,0.05116400006954791, 0.3795279999394552,0,0,27.8,0.0,1
5883,1776087323.026316,0.04670899943448603, 0.3657199995359406,0,0,27.8,0.0,1
5884,1776087323.0560856,0.05023699941375526, 0.37749300008727005,0,0,27.8,0.0,1
5885,1776087323.0852766,0.043312000343576074, 0.34360400059085805,0,0,27.8,0.0,1
5886,1776087323.1153812,0.04798600002686726, 0.3895370000464027,0,0,27.8,0.0,1
5887,1776087323.1448364,0.04337900008977158, 0.3413820004425361,0,0,27.8,0.0,1
5888,1776087323.1750424,0.049186999603989534, 0.37740999960078625,0,0,27.8,0.0,1
5889,1776087323.2044053,0.048181000238400884, 0.3876900000250316,0,0,27.8,0.0,1
5890,1776087323.2339582,0.046936999751778785, 0.3388420000192127,0,0,27.8,0.0,1
5891,1776087323.263755,0.04344500030128984, 0.34667599993554177,0,0,27.8,0.0,1
5891,1776087323.3238432,30.44324999973469, 0.3015989996129065,17,2,27.8,0.0,0
5892,1776087323.3401837,14.59421400068095, 0.19704799979081145,16,0,27.8,0.0,0
5893,1776087323.3747628,20.68230099939683, 0.2777999998215819,15,2,27.8,0.0,0
5894,1776087323.4022195,19.432731999586395, 0.21755700072390027,11,2,27.8,0.0,0
5895,1776087323.6911628,20.402963000378804, 258.16576499983057,13,2,27.8,0.0,0
5897,1776087323.6953588,0.2709380005398998, 0.3202440002496587,0,2,27.8,0.0,1
5898,1776087323.7094636,0.2731849999690894, 0.33936700037884293,0,2,27.8,0.0,1
5899,1776087323.7392886,0.2736550004556193, 0.3323599994473625,0,2,27.8,0.0,1
5900,1776087323.770529,1.6759230002207914, 0.3402310003366438,0,0,27.8,0.0,1
5901,1776087323.8033836,0.03818000004685018, 0.2775209995888872,0,0,27.8,0.0,1
5902,1776087323.8281908,0.048117000005731825, 0.3345320001244545,0,0,27.8,0.0,1
5903,1776087323.8580177,0.045404000047710724, 0.3482570000414853,0,0,27.8,0.0,1
5904,1776087323.8880513,0.05048200000601355, 0.37582799996016547,0,0,27.8,0.0,1
5905,1776087323.9175782,0.051140999858034775, 0.3562740002962528,0,0,27.8,0.0,1
5906,1776087323.9471655,0.04601500040735118, 0.34530999982962385,0,0,27.8,0.0,1
5907,1776087323.976537,0.05099000009067822, 0.4028910007036757,0,0,27.8,0.0,1
5908,1776087324.0061123,0.04680799975176342, 0.38801699975010706,0,0,27.8,0.0,1
5909,1776087324.0356746,0.04152099972998258, 0.3656719991340651,0,0,27.8,0.0,1
5910,1776087324.0655046,0.04522200015344424, 0.3784119999181712,0,0,27.8,0.0,1
5911,1776087324.0952969,0.053853999816055875, 0.45175899958849186,0,0,27.8,0.0,1
5912,1776087324.1250248,0.041973999941546936, 0.34997599959751824,0,0,27.8,0.0,1
5913,1776087324.1546113,0.04058299964526668, 0.36732199987454806,0,0,27.8,0.0,1
5914,1776087324.1842983,0.04663599975174293, 0.37208100002317224,0,0,27.8,0.0,1
5915,1776087324.2142944,0.05183400025998708, 0.3731679998963955,0,0,27.8,0.0,1
5916,1776087324.2437937,0.07558200013590977, 0.3810580001299968,0,0,27.8,0.0,1
5917,1776087324.2737536,0.07275300049514044, 0.3613899998526904,0,0,27.8,0.0,1
5918,1776087324.3032913,0.05049399987910874, 0.4267939993951586,0,0,27.8,0.0,1
5919,1776087324.3329377,0.043203000132052694, 0.34869999944930896,0,0,27.8,0.0,1
5920,1776087324.3631074,0.04332900061854161, 0.3408530001252075,0,0,27.8,0.0,1
5921,1776087324.3932502,0.04430599983606953, 0.38333399970724713,0,0,27.8,0.0,1
5922,1776087324.4226768,0.04533100036496762, 0.3608799997891765,0,0,27.8,0.0,1
5923,1776087324.452593,0.052304000746516977, 0.36266999995859805,0,0,27.8,0.0,1
5924,1776087324.4823344,0.04811199960386148, 0.36911499955749605,0,0,27.8,0.0,1
5925,1776087324.5118306,0.04452099983609514, 0.34235600014653755,0,0,27.8,0.0,1
5926,1776087324.5417306,0.05949299975327449, 0.34300000061193714,0,0,27.8,0.0,1
5927,1776087324.5710871,0.04415500006871298, 0.3409589999137097,0,0,27.8,0.0,1
5928,1776087324.6011696,0.050456999815651216, 0.38302000029943883,0,0,27.8,0.0,1
5929,1776087324.630931,0.043308999920554925, 0.341089000357897,0,0,27.8,0.0,1
5930,1776087324.6601727,0.04537699987849919, 0.3380490006748005,0,0,27.8,0.0,1
5930,1776087324.7202194,30.401299000004656, 0.2525870004319586,13,2,27.8,0.0,0
5931,1776087324.7768857,22.276618999967468, 0.31969799965736456,16,0,27.8,0.0,0
5932,1776087324.8019433,20.592668000062986, 0.229465000302298,17,2,27.8,0.0,0
5933,1776087324.8282356,18.24572899931809, 0.22151799930725247,11,2,27.8,0.0,0
5934,1776087325.1166945,19.924764999814215, 258.6739590005891,13,2,27.8,0.0,0
5936,1776087325.1198967,0.2671109996299492, 0.2995550003106473,0,2,27.8,0.0,1
5937,1776087325.135213,0.29125499986548675, 0.38100400070106843,0,1,27.8,0.0,1
5938,1776087325.166767,1.7898729993248708, 0.26491699918551603,0,1,27.8,0.0,1
5939,1776087325.1992598,0.16675400001986418, 0.2583499999673222,0,0,27.8,0.0,1
5940,1776087325.2248967,0.04404900028021075, 0.3382029999556835,0,0,27.8,0.0,1
5941,1776087325.2550507,0.04949100002704654, 0.3775650002353359,0,0,27.8,0.0,1
5942,1776087325.2842407,0.042673999814724084, 0.3320050000183983,0,0,27.8,0.0,1
5943,1776087325.3136647,0.042718000258901156, 0.38609200055361725,0,0,27.8,0.0,1
5944,1776087325.343444,0.046596000174758956, 0.41704899922478944,0,0,27.8,0.0,1
5945,1776087325.3731518,0.047663999794167466, 0.37180399976932677,0,0,27.8,0.0,1
5946,1776087325.4026775,0.04252600047038868, 0.36338300014904235,0,0,27.8,0.0,1
5947,1776087325.4325554,0.053110999942873605, 0.3750360001504305,0,0,27.8,0.0,1
5948,1776087325.4627163,0.04925699977320619, 0.3895439995176275,0,0,27.8,0.0,1
5949,1776087325.4917157,0.060071999541833065, 0.34126999980799155,0,0,27.8,0.0,1
5950,1776087325.5215294,0.04661999992094934, 0.37286900078470353,0,0,27.8,0.0,1
5951,1776087325.551682,0.04829400040762266, 0.37943000006634975,0,0,27.8,0.0,1
5952,1776087325.5811746,0.04595600057655247, 0.35989200023323065,0,0,27.8,0.0,1
5953,1776087325.6106195,0.04789100057678297, 0.3711419994942844,0,0,27.8,0.0,1
5954,1776087325.6403198,0.04645399985747645, 0.3834550007013604,0,0,27.8,0.0,1
5955,1776087325.6704295,0.04995000017515849, 0.3804850002779858,0,0,27.8,0.0,1
5956,1776087325.6998327,0.04075700053363107, 0.3452060000199708,0,0,27.8,0.0,1
5957,1776087325.7295218,0.04855100087297615, 0.4177389992037206,0,0,27.8,0.0,1
5958,1776087325.759299,0.048981999498209916, 0.389800999982981,0,0,27.8,0.0,1
5959,1776087325.789054,0.04316099966672482, 0.3517029999784427,0,0,27.8,0.0,1
5960,1776087325.8191729,0.042177000068477355, 0.366531000508985,0,0,27.8,0.0,1
5961,1776087325.8488917,0.04438799987838138, 0.34331000006204704,0,0,27.8,0.0,1
5962,1776087325.8787851,0.04470200019568438, 0.35401799959799973,0,0,27.8,0.0,1
5963,1776087325.9081917,0.04364600044937106, 0.3418300002522301,0,0,27.8,0.0,1
5964,1776087325.938414,0.0488560008307104, 0.421478999669489,0,0,27.8,0.0,1
5965,1776087325.9678142,0.04475599962461274, 0.34358599987172056,0,0,27.8,0.0,1
5966,1776087325.9978707,0.04904399975202978, 0.3621770001700497,0,0,27.8,0.0,1
5967,1776087326.027121,0.044221999814908486, 0.3408960001252126,0,0,27.8,0.0,1
5968,1776087326.057318,0.04868399992119521, 0.37510199945245404,0,0,27.8,0.0,1
5969,1776087326.0868227,0.06610400032514008, 0.4078500005562091,0,0,27.8,0.0,1
5969,1776087326.1481612,32.376513000599516, 0.3552509997462039,7,2,27.8,0.0,0
5970,1776087326.2046685,22.95038600004773, 0.24273500002891524,11,0,27.8,0.0,0
5971,1776087326.2238207,16.92343700051424, 0.2184250006393995,10,2,27.8,0.0,0
5972,1776087326.257008,20.78136199997971, 0.22850000004837057,10,2,27.8,0.0,0
5973,1776087326.547467,20.459380000829697, 259.8046829998566,8,1,27.8,0.0,0
5975,1776087326.551024,0.19430699921940686, 0.30320299993036315,0,1,27.8,0.0,1
5976,1776087326.5615032,0.19130000055156415, 0.3128459993604338,0,1,27.8,0.0,1
5977,1776087326.5914202,0.22810199970990652, 0.38497599962283857,0,1,27.8,0.0,1
5978,1776087326.6228755,1.897881999866513, 0.2282879995618714,0,0,27.8,0.0,1
5979,1776087326.6549795,0.03488299989840016, 0.2590340000097058,0,0,27.8,0.0,1
5980,1776087326.6804361,0.048363000132667366, 0.3777390002142056,0,0,27.8,0.0,1
5981,1776087326.7104323,0.046966999434516765, 0.36756700046680635,0,0,27.8,0.0,1
5982,1776087326.739872,0.05123599930811906, 0.3801950006163679,0,0,27.8,0.0,1
5983,1776087326.769587,0.04274599996278994, 0.37395100025605643,0,0,27.8,0.0,1
5984,1776087326.7993877,0.04615699981513899, 0.39317699975072173,0,0,27.8,0.0,1
5985,1776087326.8293908,0.04833999992115423, 0.3720839995366987,0,0,27.8,0.0,1
5986,1776087326.8590631,0.04407199958222918, 0.3364179992786376,0,0,27.8,0.0,1
5987,1776087326.888473,0.047880999773042277, 0.42740899971249746,0,0,27.8,0.0,1
5988,1776087326.9182553,0.04768999951920705, 0.4070879995197174,0,0,27.8,0.0,1
5989,1776087326.9477422,0.06627600032516057, 0.3383309995115269,0,0,27.8,0.0,1
5990,1776087326.9777324,0.042367000787635334, 0.42802299958566437,0,0,27.8,0.0,1
5991,1776087327.0079312,0.046584000301663764, 0.33867199999804143,0,0,27.8,0.0,1
5992,1776087327.0379374,0.04789300055563217, 0.3777859992624144,0,0,27.8,0.0,1
5993,1776087327.067077,0.043667000682034995, 0.3419740005483618,0,0,27.8,0.0,1
5994,1776087327.0969896,0.04441199962457176, 0.3366979999555042,0,0,27.8,0.0,1
5995,1776087327.1267922,0.04485699992073933, 0.33955200069613056,0,0,27.8,0.0,1
5996,1776087327.1565678,0.04896300015388988, 0.3646019995358074,0,0,27.8,0.0,1
5997,1776087327.1860418,0.04278599953977391, 0.34358599987172056,0,0,27.8,0.0,1
5998,1776087327.2158408,0.045792000491928775, 0.34021999999822583,0,0,27.8,0.0,1
5999,1776087327.2458084,0.044594999963010196, 0.33952700050576823,0,0,27.8,0.0,1
6000,1776087327.2750916,0.04351999996288214, 0.3382009999768343,0,0,27.8,0.0,1
6001,1776087327.3049524,0.04598399937094655, 0.34355099978711223,0,0,27.8,0.0,1
6002,1776087327.3347669,0.04497300051298225, 0.34367399985058,0,0,27.8,0.0,1
6003,1776087327.3642683,0.04573200021695811, 0.32998000006045913,0,0,27.8,0.0,1
6004,1776087327.3937945,0.06874100017739693, 0.4132169997319579,0,0,27.8,0.0,1
6005,1776087327.4239733,0.04231300044921227, 0.3636599994933931,0,0,27.8,0.0,1
6006,1776087327.4538243,0.04406999960337998, 0.33904100018844474,0,0,27.8,0.0,1
6007,1776087327.483243,0.04421399989951169, 0.34337299985054415,0,0,27.8,0.0,1
6008,1776087327.5125108,0.04473199987842236, 0.38999800017336383,0,0,27.8,0.0,1
6008,1776087327.5612686,18.834407999747782, 0.21662499966623727,14,2,27.8,0.0,0
6009,1776087327.595589,21.497650000128488, 0.21181800002523232,12,0,27.8,0.0,0
6010,1776087327.6217504,19.299720999697456, 0.24780999956419691,6,2,27.8,0.0,0
6011,1776087327.6520572,19.873947999258235, 0.22716199964634143,6,2,27.8,0.0,0
6012,1776087327.9423814,20.224035999490297, 260.36743499935255,4,2,27.8,0.0,0
6014,1776087327.945421,0.23280300047190394, 0.3008879994013114,0,2,27.8,0.0,1
6015,1776087327.9581778,0.2907560001403908, 0.3822919998128782,0,1,27.8,0.0,1
6016,1776087327.990497,1.779497999450541, 0.3289220003352966,0,0,27.8,0.0,1
6017,1776087328.0222282,0.038205999771889765, 0.24574799954280024,0,0,27.8,0.0,1
6018,1776087328.0477386,0.06224200024007587, 0.3439269994487404,0,0,27.8,0.0,1
6019,1776087328.077235,0.045697000132349785, 0.38684199989802437,0,0,27.8,0.0,1
6020,1776087328.1069927,0.04735299989988562, 0.3474710001682979,0,0,27.8,0.0,1
6021,1776087328.1366553,0.04812699989997782, 0.36399100008566165,0,0,27.8,0.0,1
6022,1776087328.1662357,0.04756499947689008, 0.4046710000693565,0,0,27.8,0.0,1
6023,1776087328.1958652,0.047012999857543036, 0.3823830002147588,0,0,27.8,0.0,1
6024,1776087328.2255979,0.04192000051261857, 0.3755019997697673,0,0,27.8,0.0,1
6025,1776087328.2560253,0.052116000006208196, 0.40878900017560227,0,0,27.8,0.0,1
6026,1776087328.285374,0.049463999857835006, 0.4057220003232942,0,0,27.8,0.0,1
6027,1776087328.3146584,0.041246999899158254, 0.3624049995778478,0,0,27.8,0.0,1
6028,1776087328.344504,0.04519499998423271, 0.43288500000926433,0,0,27.8,0.0,1
6029,1776087328.3748617,0.05151100049261004, 0.3964510005971533,0,0,27.8,0.0,1
6030,1776087328.4040043,0.047278000238293316, 0.38576800034206826,0,0,27.8,0.0,1
6031,1776087328.433527,0.04629800059774425, 0.35827899955620524,0,0,27.8,0.0,1
6032,1776087328.4633102,0.04671299939218443, 0.380706000214559,0,0,27.8,0.0,1
6033,1776087328.4932058,0.05465300000651041, 0.46283800020319177,0,0,27.8,0.0,1
6034,1776087328.522964,0.04857900057686493, 0.3461460000835359,0,0,27.8,0.0,1
6035,1776087328.5525658,0.05340000006981427, 0.4087190000063856,0,0,27.8,0.0,1
6036,1776087328.5822437,0.04696099949796917, 0.3872699999192264,0,0,27.8,0.0,1
6037,1776087328.6118443,0.04139599968766561, 0.3448729994488531,0,0,27.8,0.0,1
6038,1776087328.64162,0.04846800038649235, 0.36947399985365337,0,0,27.8,0.0,1
6039,1776087328.6714718,0.05100800080981571, 0.4353780004748842,0,0,27.8,0.0,1
6040,1776087328.701218,0.04770200030179694, 0.41393500032427255,0,0,27.8,0.0,1
6041,1776087328.7308478,0.04907299990009051, 0.3861720006170799,0,0,27.8,0.0,1
6042,1776087328.7609916,0.046396000470849685, 0.36516599993774435,0,0,27.8,0.0,1
6043,1776087328.79019,0.04459999945538584, 0.39135200040618656,0,0,27.8,0.0,1
6044,1776087328.8201537,0.05578800028160913, 0.3949820002162596,0,0,27.8,0.0,1
6045,1776087328.849597,0.04182900011073798, 0.3765980000025593,0,0,27.8,0.0,1
6046,1776087328.879949,0.05040099949837895, 0.3893909997714218,0,0,27.8,0.0,1
6047,1776087328.9091594,0.045992000195838045, 0.3976900006819051,0,0,27.8,0.0,1
6047,1776087328.9700923,31.217693999678886, 0.3367990002516308,4,2,27.8,0.0,0
6048,1776087328.9870372,15.228913000100874, 0.19636100023490144,6,0,27.8,0.0,0
6049,1776087329.0210593,20.23608699983015, 0.23517400040873326,5,2,27.8,0.0,0
6050,1776087329.0491984,19.42604099986056, 0.21776299945486244,5,2,27.8,0.0,0
6051,1776087329.337622,19.82955099992978, 259.27845099977276,5,2,27.8,0.0,0
6053,1776087329.3420637,0.28107999969506636, 0.36774700038222363,0,2,27.8,0.0,1
6054,1776087329.3552237,0.3261900001234608, 0.4025710004498251,0,2,27.8,0.0,1
6055,1776087329.3857841,0.37569399955827976, 0.44168300064484356,0,1,27.8,0.0,1
6056,1776087329.4171693,2.209084999776678, 0.39533899962407304,0,0,27.8,0.0,1
6057,1776087329.449813,0.0351290000253357, 0.3159179996146122,0,0,27.8,0.0,1
6058,1776087329.474268,0.10146300064661773, 0.4159219997745822,0,0,27.8,0.0,1
6059,1776087329.5040267,0.04350400013208855, 0.4133239999646321,0,0,27.8,0.0,1
6060,1776087329.5338247,0.056379999477940146, 0.4250590000083321,0,0,27.8,0.0,1
6061,1776087329.5635812,0.04236999939166708, 0.4408309996506432,0,0,27.8,0.0,1
6062,1776087329.5932033,0.040969000110635534, 0.4200550001769443,0,0,27.8,0.0,1
6063,1776087329.6228995,0.04379999973025406, 0.41338800019730115,0,0,27.8,0.0,1
6064,1776087329.6528223,0.10820799980137963, 0.4221959998176317,0,0,27.8,0.0,1
6065,1776087329.6821415,0.09383099950355245, 0.4245929994795006,0,0,27.8,0.0,1
6066,1776087329.7120543,0.0414120004279539, 0.41815100030362373,0,0,27.8,0.0,1
6067,1776087329.7417622,0.03749100051209098, 0.42807099998753984,0,0,27.8,0.0,1
6068,1776087329.7716715,0.10439700054121204, 0.4368459995021112,0,0,27.8,0.0,1
6069,1776087329.8010566,0.04191599964542547, 0.41701699956320226,0,0,27.8,0.0,1
6070,1776087329.8313382,0.04676000025938265, 0.4308520001359284,0,0,27.8,0.0,1
6071,1776087329.8604121,0.09485300051892409, 0.4240380003466271,0,0,27.8,0.0,1
6072,1776087329.8901556,0.03891100004693726, 0.41782500011322554,0,0,27.8,0.0,1
6073,1776087329.9201288,0.03917100002581719, 0.415501999668777,0,0,27.8,0.0,1
6074,1776087329.949929,0.09262799994758097, 0.41203899945685407,0,0,27.8,0.0,1
6075,1776087329.980492,0.0469980004709214, 0.6016859997544088,0,0,27.8,0.0,1
6076,1776087330.0094562,0.11494600039441139, 0.4399500003273715,0,0,27.8,0.0,1
6077,1776087330.0391748,0.04130500019527972, 0.4204070000923821,0,0,27.8,0.0,1
6078,1776087330.0690198,0.0789499999882537, 0.4261459998815553,0,0,27.8,0.0,1
6079,1776087330.0983262,0.0442020000264165, 0.4248929999448592,0,0,27.8,0.0,1
6080,1776087330.1280007,0.04290000015316764, 0.4327490005380241,0,0,27.8,0.0,1
6081,1776087330.1580467,0.10735700016084593, 0.4399250001370092,0,0,27.8,0.0,1
6082,1776087330.1874266,0.09482600034971256, 0.4360289995020139,0,0,27.8,0.0,1
6083,1776087330.2175496,0.045712999963143375, 0.5132680007591262,0,0,27.8,0.0,1
6084,1776087330.2473698,0.10688000020309119, 0.4550100002234103,0,0,27.8,0.0,1
6085,1776087330.2768226,0.037726999835285824, 0.4915629997412907,0,0,27.8,0.0,1
6086,1776087330.3062034,0.03965899941249518, 0.4226040000503417,0,0,27.8,0.0,1
6086,1776087330.3654916,29.365350999796647, 0.24404200030403445,7,2,27.8,0.0,0
6087,1776087330.3806162,13.071895999928529, 0.2206330000262824,7,0,27.8,0.0,0
6088,1776087330.4141755,19.644709999738552, 0.22491300023830263,6,2,27.8,0.0,0
6089,1776087330.444018,18.879064999964612, 0.23138300002756296,7,2,27.8,0.0,0
6090,1776087330.73323,18.386013000053936, 260.9333289992719,8,2,27.8,0.0,0
6092,1776087330.7384653,0.3451039992796723, 0.4080640001120628,0,2,27.8,0.0,1
6093,1776087330.7522228,0.3204690001439303, 0.4704000002675457,0,2,27.8,0.0,1
6094,1776087330.784476,2.3367329995380715, 0.4423319996931241,0,2,27.8,0.0,1
6095,1776087330.8164446,0.22825599990028422, 0.3291430002718698,0,0,27.8,0.0,1
6096,1776087330.84112,0.04173099932813784, 0.4461170001377468,0,0,27.8,0.0,1
6097,1776087330.8710773,0.04059099956066348, 0.47349499982374255,0,0,27.8,0.0,1
6098,1776087330.9003959,0.04351799998403294, 0.4454240006452892,0,0,27.8,0.0,1
6099,1776087330.9307399,0.04152699966653017, 0.4938649999530753,0,0,27.8,0.0,1
6100,1776087330.9604597,0.046813000153633766, 0.5038540002715308,0,0,27.8,0.0,1
6101,1776087330.9905643,0.0456710004073102, 0.4975120000381139,0,0,27.8,0.0,1
6102,1776087331.0193799,0.041451000470260624, 0.4489189996093046,0,0,27.8,0.0,1
6103,1776087331.0492446,0.04232799983583391, 0.41913200038834475,0,0,27.8,0.0,1
6104,1776087331.0794785,0.04817399985768134, 0.5090829999971902,0,0,27.8,0.0,1
6105,1776087331.10883,0.040398999772151, 0.5008190000808099,0,0,27.8,0.0,1
6106,1776087331.1387246,0.04489599996304605, 0.47669799914729083,0,0,27.8,0.0,1
6107,1776087331.1681929,0.04184700082987547, 0.4224880003675935,0,0,27.8,0.0,1
6108,1776087331.198257,0.11839099988719681, 0.4540390000329353,0,0,27.8,0.0,1
6109,1776087331.2277203,0.10300200028723339, 0.43288100005156593,0,0,27.8,0.0,1
6110,1776087331.2576282,0.04638399968825979, 0.4849659999308642,0,0,27.8,0.0,1
6111,1776087331.2873213,0.0510199997734162, 0.381573000595381,0,0,27.8,0.0,1
6112,1776087331.3171852,0.05179700019652955, 0.3796089995375951,0,0,27.8,0.0,1
6113,1776087331.3462584,0.04390699996292824, 0.34714999947027536,0,0,27.8,0.0,1
6114,1776087331.376648,0.10565100001258543, 0.5202600004849955,0,0,27.8,0.0,1
6115,1776087331.4061377,0.04478499977267347, 0.4681020000134595,0,0,27.8,0.0,1
6116,1776087331.4357202,0.045539999518950935, 0.4967599998053629,0,0,27.8,0.0,1
6117,1776087331.4656172,0.046627999836346135, 0.49855799989018124,0,0,27.8,0.0,1
6118,1776087331.495423,0.10364500030846102, 0.4509370000960189,0,0,27.8,0.0,1
6119,1776087331.5249023,0.04488000013225246, 0.4054119999636896,0,0,27.8,0.0,1
6120,1776087331.5545826,0.04314099987823283, 0.5025629998272052,0,0,27.8,0.0,1
6121,1776087331.5844538,0.04601499949785648, 0.49882800067280186,0,0,27.8,0.0,1
6122,1776087331.614379,0.048349000280722976, 0.5061410001871991,0,0,27.8,0.0,1
6123,1776087331.6437557,0.10002199996961281, 0.4257709997546044,0,0,27.8,0.0,1
6124,1776087331.673591,0.04429199998412514, 0.4804479995073052,0,0,27.8,0.0,1
6125,1776087331.7032948,0.04641800023819087, 0.49739099995349534,0,0,27.8,0.0,1
6125,1776087331.7624075,29.806786000335705, 0.2792049999698065,6,2,27.8,0.0,0
6126,1776087331.7776492,13.00232900030096, 0.2157299995815265,3,0,27.8,0.0,0
6127,1776087331.8123534,20.235648000380024, 0.23328700081037823,4,2,27.8,0.0,0
6128,1776087331.8385816,17.74652999938553, 0.24310200024046935,4,2,27.8,0.0,0
6129,1776087332.1268072,19.4620259999283, 256.2932130003901,5,2,27.8,0.0,0
6131,1776087332.131713,0.3041219997612643, 0.34193000010418473,0,2,27.8,0.0,1
6132,1776087332.148892,0.29476600047928514, 0.3396880001673708,0,2,27.8,0.0,1
6133,1776087332.1787107,0.28888799988635583, 0.3632890002336353,0,2,27.8,0.0,1
6134,1776087332.2093852,1.8234700000903104, 0.353407000147854,0,0,27.8,0.0,1
6135,1776087332.24251,0.03605999972933205, 0.2780539998639142,0,0,27.8,0.0,1
6136,1776087332.267684,0.044924000576429535, 0.35678200038091745,0,0,27.8,0.0,1
6137,1776087332.2970037,0.053140000090934336, 0.37221300044620875,0,0,27.8,0.0,1
6138,1776087332.3269684,0.05130699992150767, 0.407075000111945,0,0,27.8,0.0,1
6139,1776087332.3570282,0.052008000238856766, 0.4075129991178983,0,0,27.8,0.0,1
6140,1776087332.3864167,0.05102300019643735, 0.3862710000248626,0,0,27.8,0.0,1
6141,1776087332.4155993,0.04514099964580964, 0.4276230001778458,0,0,27.8,0.0,1
6142,1776087332.4455073,0.04748399987875018, 0.3589629995985888,0,0,27.8,0.0,1
6143,1776087332.4748776,0.04583899954013759, 0.37913600044703344,0,0,27.8,0.0,1
6144,1776087332.504653,0.05403399973147316, 0.4148719999648165,0,0,27.8,0.0,1
6145,1776087332.5349085,0.05178100036573596, 0.3996400000687572,0,0,27.8,0.0,1
6146,1776087332.5646393,0.0618860003669397, 0.4246139997121645,0,0,27.8,0.0,1
6147,1776087332.59464,0.04582800011121435, 0.389162999454129,0,0,27.8,0.0,1
6148,1776087332.6238856,0.04360999992059078, 0.33855899982881965,0,0,27.8,0.0,1
6149,1776087332.6538174,0.04971799990016734, 0.3753929995582439,0,0,27.8,0.0,1
6150,1776087332.683249,0.04701200032286579, 0.33533100031490903,0,0,27.8,0.0,1
6151,1776087332.7131822,0.04762799926538719, 0.3710189994308166,0,0,27.8,0.0,1
6152,1776087332.742871,0.04444800015335204, 0.34859600054915063,0,0,27.8,0.0,1
6153,1776087332.773076,0.04880700089415768, 0.3871380004056846,0,0,27.8,0.0,1
6154,1776087332.8022583,0.04264000017428771, 0.34466800025256816,0,0,27.8,0.0,1
6155,1776087332.831947,0.04302600063965656, 0.34206799955427414,0,0,27.8,0.0,1
6156,1776087332.8620062,0.04390100002638064, 0.3474140003163484,0,0,27.8,0.0,1
6157,1776087332.8912325,0.042132000089623034, 0.34183900061179884,0,0,27.8,0.0,1
6158,1776087332.9213815,0.04879100015386939, 0.37358700046752347,0,0,27.8,0.0,1
6159,1776087332.9509273,0.04584300040733069, 0.3411719999348861,0,0,27.8,0.0,1
6160,1776087332.9816394,0.0490889997308841, 0.3737939996426576,0,0,27.8,0.0,1
6161,1776087333.0105083,0.04696700034401147, 0.38264999966486357,0,0,27.8,0.0,1
6162,1776087333.0404036,0.050087000090570655, 0.3842549995169975,0,0,27.8,0.0,1
6163,1776087333.0701118,0.05052800042903982, 0.37513500046770787,0,0,27.8,0.0,1
6164,1776087333.0992544,0.04678699951909948, 0.33755199910956435,0,0,27.8,0.0,1
6164,1776087333.1609771,31.636693999644194, 0.21938400004728464,8,2,27.8,0.0,0
6165,1776087333.203833,22.74832300008711, 0.2227889999630861,14,0,27.8,0.0,0
6166,1776087333.2197022,14.181404999362712, 0.21535799987759674,11,2,27.8,0.0,0
6167,1776087333.2338104,11.77620599992224, 0.2067320001515327,10,2,27.8,0.0,0
6168,1776087333.5279622,20.13082099983876, 258.0125810000027,9,2,27.8,0.0,0
6170,1776087333.5309978,0.23973399947863072, 0.28686200039373944,0,2,27.8,0.0,1
6171,1776087333.544687,0.2890940004363074, 0.3770320008698036,0,2,27.8,0.0,1
6172,1776087333.5761695,1.817917000153102, 0.3352349995111581,0,1,27.8,0.0,1
6173,1776087333.6091495,0.19080699985352112, 0.2695640005185851,0,0,27.8,0.0,1
6174,1776087333.6337595,0.04369300040707458, 0.3440910004428588,0,0,27.8,0.0,1
6175,1776087333.6635923,0.049205000323127024, 0.3753990004042862,0,0,27.8,0.0,1
6176,1776087333.693304,0.04747100047097774, 0.40560599973105127,0,0,27.8,0.0,1
6177,1776087333.723233,0.05116200009069871, 0.3871019998769043,0,0,27.8,0.0,1
6178,1776087333.7533615,0.04770800023834454, 0.36710499989567325,0,0,27.8,0.0,1
6179,1776087333.7827983,0.04943200019624783, 0.37465199966391083,0,0,27.8,0.0,1
6180,1776087333.8123133,0.05076500019640662, 0.39806599943403853,0,0,27.8,0.0,1
6181,1776087333.8417091,0.044983999941905495, 0.3914560002158396,0,0,27.8,0.0,1
6182,1776087333.8716936,0.046971000301709864, 0.37220900048851036,0,0,27.8,0.0,1
6183,1776087333.9017358,0.06443199981731595, 0.36890600040351273,0,0,27.8,0.0,1
6184,1776087333.9310114,0.04648199956136523, 0.3834039998764638,0,0,27.8,0.0,1
6185,1776087333.9606247,0.040965999687614385, 0.3630900000644033,0,0,27.8,0.0,1
6186,1776087333.9915562,0.044890000026498456, 0.4832320000787149,0,0,27.8,0.0,1
6187,1776087334.021448,0.12626500029000454, 0.46041000041441293,0,0,27.8,0.0,1
6188,1776087334.0506861,0.11505700058478396, 0.43856699994648807,0,0,27.8,0.0,1
6189,1776087334.0806417,0.104914999610628, 0.436387000263494,0,0,27.8,0.0,1
6190,1776087334.1104546,0.048892999984673224, 0.48997399971995037,0,0,27.8,0.0,1
6191,1776087334.1394148,0.042951000068569556, 0.42784600009326823,0,0,27.8,0.0,1
6192,1776087334.1696677,0.04629399973055115, 0.48047699965536594,0,0,27.8,0.0,1
6193,1776087334.1990883,0.04049199924338609, 0.41589800002839183,0,0,27.8,0.0,1
6194,1776087334.2289026,0.09339499956695363, 0.41263799994339934,0,0,27.8,0.0,1
6195,1776087334.2582922,0.040035999518295284, 0.42038799983856734,0,0,27.8,0.0,1
6196,1776087334.2884657,0.04585499937093118, 0.43881199962925166,0,0,27.8,0.0,1
6197,1776087334.3182714,0.04536000051302835, 0.508383000124013,0,0,27.8,0.0,1
6198,1776087334.3474336,0.04069800070283236, 0.4344449998825439,0,0,27.8,0.0,1
6199,1776087334.3775342,0.04302100023778621, 0.5092540004625334,0,0,27.8,0.0,1
6200,1776087334.407424,0.04390599951875629, 0.5002500001864973,0,0,27.8,0.0,1
6201,1776087334.4368584,0.03894300061801914, 0.42489599945838563,0,0,27.8,0.0,1
6202,1776087334.4663215,0.07386399920505937, 0.3678439998111571,0,0,27.8,0.0,1
6203,1776087334.4962745,0.042208999730064534, 0.44527099998958874,0,0,27.8,0.0,1
6203,1776087334.5551138,29.342499999984284, 0.24917399969126564,11,2,27.8,0.0,0
6204,1776087334.5697067,12.768603000040457, 0.21986899992043618,13,0,27.8,0.0,0
6205,1776087334.6030464,19.530060999386478, 0.226520999603963,14,2,27.8,0.0,0
6206,1776087334.6350772,20.182919000035326, 0.23560700083180564,11,2,27.8,0.0,0
6207,1776087334.918953,18.007135000516428, 256.75028000023303,13,2,27.8,0.0,0
6209,1776087334.92322,0.3298880001239013, 0.3691199999593664,0,2,27.8,0.0,1
6210,1776087334.942378,0.36303500019130297, 0.4263520004315069,0,1,27.8,0.0,1
6211,1776087334.971626,0.32481000016559847, 0.41093999971053563,0,0,27.8,0.0,1
6212,1776087335.0036366,1.9598649996623863, 0.3824069999609492,0,0,27.8,0.0,1
6213,1776087335.0366173,0.03297500006738119, 0.3187020001860219,0,0,27.8,0.0,1
6214,1776087335.060858,0.04370300030132057, 0.42443199981789803,0,0,27.8,0.0,1
6215,1776087335.090819,0.044997999793849885, 0.4943590001857956,0,0,27.8,0.0,1
6216,1776087335.120555,0.04611799977283226, 0.48772699938126607,0,0,27.8,0.0,1
6217,1776087335.1499317,0.045648999730474316, 0.4195849996904144,0,0,27.8,0.0,1
6218,1776087335.1800294,0.04515100044955034, 0.4755989994009724,0,0,27.8,0.0,1
6219,1776087335.2097006,0.04803400042874273, 0.4877169994870201,0,0,27.8,0.0,1
6220,1776087335.239053,0.04442299996298971, 0.4135019999012002,0,0,27.8,0.0,1
6221,1776087335.2693288,0.04998399981559487, 0.5076799998278148,0,0,27.8,0.0,1
6222,1776087335.298738,0.11923200054297922, 0.40957100009109126,0,0,27.8,0.0,1
6223,1776087335.3285816,0.04353900021669688, 0.5004499998904066,0,0,27.8,0.0,1
6224,1776087335.3582592,0.10932300028798636, 0.4557290003504022,0,0,27.8,0.0,1
6225,1776087335.388294,0.11522499971761135, 0.448092000624456,0,0,27.8,0.0,1
6226,1776087335.4175808,0.04535100015345961, 0.49445500008005183,0,0,27.8,0.0,1
6227,1776087335.4470992,0.04548499964585062, 0.40904199977376265,0,0,27.8,0.0,1
6228,1776087335.4772148,0.09657999999035383, 0.44999999954598024,0,0,27.8,0.0,1
6229,1776087335.5062797,0.08879200049705105, 0.41832599981717067,0,0,27.8,0.0,1
6230,1776087335.5362186,0.06108399975346401, 0.4059819993926794,0,0,27.8,0.0,1
6231,1776087335.5660684,0.04038599945488386, 0.4562269996313262,0,0,27.8,0.0,1
6232,1776087335.5958135,0.03948199992009904, 0.4846379997616168,0,0,27.8,0.0,1
6233,1776087335.6251993,0.04081799943378428, 0.42102200040972093,0,0,27.8,0.0,1
6234,1776087335.6550071,0.10348600062570767, 0.3599780002332409,0,0,27.8,0.0,1
6235,1776087335.6849298,0.042298999687773176, 0.4685080002673203,0,0,27.8,0.0,1
6236,1776087335.714282,0.09457599935558392, 0.4104810004719184,0,0,27.8,0.0,1
6237,1776087335.7444701,0.04434000038600061, 0.515923999955703,0,0,27.8,0.0,1
6238,1776087335.7740123,0.04106300002604257, 0.4041499996674247,0,0,27.8,0.0,1
6239,1776087335.803885,0.03983899932791246, 0.4013679999843589,0,0,27.8,0.0,1
6240,1776087335.8335662,0.10277000001224224, 0.42619099986040965,0,0,27.8,0.0,1
6241,1776087335.8634446,0.04614799945557024, 0.49459100046078674,0,0,27.8,0.0,1
6242,1776087335.8932667,0.10137699973711278, 0.45171400051913224,0,0,27.8,0.0,1
6242,1776087335.9521992,29.67706600065867, 0.2656230008142302,17,2,27.8,0.0,0
6243,1776087335.9669049,12.872298000729643, 0.21265099985612324,14,0,27.8,0.0,0
6244,1776087336.0037146,22.460332999798993, 0.22205499953997787,16,2,27.8,0.0,0
6245,1776087336.0327792,20.721441000205232, 0.2494450000085635,15,2,27.8,0.0,0
6246,1776087336.318687,19.51111700054753, 258.4892120003133,17,2,27.8,0.0,0
6248,1776087336.3222938,0.25722600003064144, 0.30090299969742773,0,2,27.8,0.0,1
6249,1776087336.338488,0.2834899996742024, 0.329917000271962,0,2,27.8,0.0,1
6250,1776087336.369868,1.8675020000955556, 0.30181300007825484,0,1,27.8,0.0,1
6251,1776087336.402253,0.18295300014870008, 0.2684149994820473,0,0,27.8,0.0,1
6252,1776087336.4271417,0.045976999899721704, 0.39270900015253574,0,0,27.8,0.0,1
6253,1776087336.4569523,0.046860999646014534, 0.3659630001493497,0,0,27.8,0.0,1
6254,1776087336.487039,0.048350000724894926, 0.4058800004713703,0,0,27.8,0.0,1
6255,1776087336.5163677,0.05176299964659847, 0.43975799962936435,0,0,27.8,0.0,1
6256,1776087336.5458417,0.04237299981468823, 0.3471709997029393,0,0,27.8,0.0,1
6257,1776087336.5757596,0.06526499964820687, 0.36555899987433804,0,0,27.8,0.0,1
6258,1776087336.605497,0.05268200038699433, 0.42840600053750677,0,0,27.8,0.0,1
6259,1776087336.6351964,0.049031999878934585, 0.41277400032413425,0,0,27.8,0.0,1
6260,1776087336.664691,0.04744800025946461, 0.3997109997726511,0,0,27.8,0.0,1
6261,1776087336.6944811,0.045632999899680726, 0.37684899962187046,0,0,27.8,0.0,1
6262,1776087336.7242904,0.04801300019607879, 0.3948460007450194,0,0,27.8,0.0,1
6263,1776087336.7540596,0.04395300038595451, 0.36940100017091027,0,0,27.8,0.0,1
6264,1776087336.7838128,0.0742150004953146, 0.39165799989859806,0,0,27.8,0.0,1
6265,1776087336.813646,0.05750199943577172, 0.4372809999040328,0,0,27.8,0.0,1
6266,1776087336.8435638,0.06024000049364986, 0.4333300003054319,0,0,27.8,0.0,1
6267,1776087336.8727171,0.06034099988028174, 0.3460529997028061,0,0,27.8,0.0,1
6268,1776087336.9024537,0.0459869997939677, 0.37783300012961263,0,0,27.8,0.0,1
6269,1776087336.932836,0.04991900004824856, 0.39709399970888626,0,0,27.8,0.0,1
6270,1776087336.9621375,0.04727099985757377, 0.36935800017090514,0,0,27.8,0.0,1
6271,1776087336.9919457,0.05302800036588451, 0.3927549996660673,0,0,27.8,0.0,1
6272,1776087337.0212772,0.04798600002686726, 0.4050210000059451,0,0,27.8,0.0,1
6273,1776087337.051649,0.051682999583135825, 0.39789800030121114,0,0,27.8,0.0,1
6274,1776087337.0809884,0.04740799977298593, 0.36183300017000875,0,0,27.8,0.0,1
6275,1776087337.110472,0.04664799962483812, 0.37283299934642855,0,0,27.8,0.0,1
6276,1776087337.1404078,0.05452699952002149, 0.3705630006152205,0,0,27.8,0.0,1
6277,1776087337.1705174,0.05041599979449529, 0.3655780001281528,0,0,27.8,0.0,1
6278,1776087337.2004397,0.049930999921343755, 0.37912599964329274,0,0,27.8,0.0,1
6279,1776087337.230225,0.04826700023841113, 0.37565299953712383,0,0,27.8,0.0,1
6280,1776087337.259747,0.06360700081131654, 0.3428090003581019,0,0,27.8,0.0,1
6281,1776087337.2894354,0.049246999878960196, 0.3802369992627064,0,0,27.8,0.0,1
6281,1776087337.3370008,17.820107999796164, 0.21782000021630665,4,2,27.8,0.0,0
6282,1776087337.3728235,21.735237000029883, 0.23823499941499904,3,0,27.8,0.0,0
6283,1776087337.3974943,18.845419000172114, 0.22974200055614347,6,2,27.8,0.0,0
6284,1776087337.4290495,20.52809500037256, 0.24000400026125135,9,2,27.8,0.0,0
6285,1776087337.7141638,19.077097000263166, 257.8380550003203,12,1,27.8,0.0,0
6287,1776087337.7178466,0.2075709999189712, 0.30219399923225865,0,1,27.8,0.0,1
6288,1776087337.7347958,0.23396000051434385, 0.3429809994486277,0,1,27.8,0.0,1
6289,1776087337.7643719,0.22433199956140015, 0.3878309998981422,0,1,27.8,0.0,1
6290,1776087337.7956388,1.648983999984921, 0.30707099995197495,0,0,27.8,0.0,1
6291,1776087337.8279653,0.035758000194618944, 0.26381499992567115,0,0,27.8,0.0,1
6292,1776087337.853865,0.04321100004744949, 0.34486599997762823,0,0,27.8,0.0,1
6293,1776087337.8837945,0.04510399958235212, 0.346314000125858,0,0,27.8,0.0,1
6294,1776087337.9132118,0.042177000068477355, 0.3406409996387083,0,0,27.8,0.0,1
6295,1776087337.9425688,0.04781200004799757, 0.3823490005743224,0,0,27.8,0.0,1
6296,1776087337.9724905,0.052693000725412276, 0.43941399962932337,0,0,27.8,0.0,1
6297,1776087338.001982,0.04557900047075236, 0.38558100004593143,0,0,27.8,0.0,1
6298,1776087338.0316095,0.042753000343509484, 0.36755700057256036,0,0,27.8,0.0,1
6299,1776087338.06145,0.046516999645973556, 0.3825150006377953,0,0,27.8,0.0,1
6300,1776087338.0914972,0.053299000683182385, 0.3965679998145788,0,0,27.8,0.0,1
6301,1776087338.121011,0.04564700066111982, 0.34595800025272183,0,0,27.8,0.0,1
6302,1776087338.1506696,0.04277399966667872, 0.3878330007864861,0,0,27.8,0.0,1
6303,1776087338.1807442,0.04857199928665068, 0.4021200002171099,0,0,27.8,0.0,1
6304,1776087338.21027,0.05023900030209916, 0.37247399995976593,0,0,27.8,0.0,1
6305,1776087338.2397583,0.046082999688223936, 0.4312410001148237,0,0,27.8,0.0,1
6306,1776087338.269393,0.05317700015439186, 0.4306109995013685,0,0,27.8,0.0,1
6307,1776087338.2992344,0.055061999773897696, 0.45689100079471245,0,0,27.8,0.0,1
6308,1776087338.3287382,0.06551299975399161, 0.34366899944870966,0,0,27.8,0.0,1
6309,1776087338.3585136,0.046658999963256065, 0.41902900011336897,0,0,27.8,0.0,1
6310,1776087338.388386,0.04608900053426623, 0.39245399966603145,0,0,27.8,0.0,1
6311,1776087338.4179475,0.041199999941454735, 0.346180000633467,0,0,27.8,0.0,1
6312,1776087338.4482365,0.05347299975255737, 0.39631199979339726,0,0,27.8,0.0,1
6313,1776087338.4773924,0.04620300023816526, 0.4152789997533546,0,0,27.8,0.0,1
6314,1776087338.507277,0.053360000492830295, 0.4379859992695856,0,0,27.8,0.0,1
6315,1776087338.537411,0.04704100047092652, 0.40386499949818244,0,0,27.8,0.0,1
6316,1776087338.566522,0.0501770000482793, 0.36160600029688794,0,0,27.8,0.0,1
6317,1776087338.596486,0.05131399939273251, 0.36908099991705967,0,0,27.8,0.0,1
6318,1776087338.625998,0.04517500019574072, 0.38600300013058586,0,0,27.8,0.0,1
6319,1776087338.655605,0.04526100019575097, 0.3787420000662678,0,0,27.8,0.0,1
6320,1776087338.6857672,0.04908800019620685, 0.3518800003803335,0,0,27.8,0.0,1
6320,1776087338.7475505,32.004139000491705, 0.22685799922328442,10,2,27.8,0.0,0
6321,1776087338.79136,22.528904999489896, 0.23714500002824934,9,0,27.8,0.0,0
6322,1776087338.8086529,15.592890000334592, 0.21619299968733685,9,2,27.8,0.0,0
6323,1776087338.822242,11.853302999952575, 0.21703800030081766,7,2,27.8,0.0,0
6324,1776087339.112058,18.985599000188813, 257.76054200014187,9,1,27.8,0.0,0
6326,1776087339.115091,0.21282500074448762, 0.2883020006265724,0,1,27.8,0.0,1
6327,1776087339.1310124,0.22740599979442777, 0.37360699934652075,0,1,27.8,0.0,1
6328,1776087339.162459,1.7963469999813242, 0.3216479999537114,0,1,27.8,0.0,1
6329,1776087339.1949978,0.16565099940635264, 0.2627889998620958,0,0,27.8,0.0,1
6330,1776087339.2202134,0.04573700061882846, 0.383127000532113,0,0,27.8,0.0,1
6331,1776087339.250463,0.05170300028112251, 0.39729400032229023,0,0,27.8,0.0,1
6332,1776087339.279798,0.06950599981792038, 0.38562000008823816,0,0,27.8,0.0,1
6333,1776087339.3095784,0.04646100023819599, 0.43647999973472906,0,0,27.8,0.0,1
6334,1776087339.339496,0.051655000788741745, 0.3932549998353352,0,0,27.8,0.0,1
6335,1776087339.369165,0.045294000301510096, 0.364722999620426,0,0,27.8,0.0,1
6336,1776087339.3988352,0.04846400042879395, 0.3530000003593159,0,0,27.8,0.0,1
6337,1776087339.4284577,0.04682300004787976, 0.4163710000284482,0,0,27.8,0.0,1
6338,1776087339.458662,0.05107100059831282, 0.4141429999435786,0,0,27.8,0.0,1
6339,1776087339.4876728,0.04267799977242248, 0.37714299924118677,0,0,27.8,0.0,1
6340,1776087339.5173948,0.04732300021714764, 0.3882729997712886,0,0,27.8,0.0,1
6341,1776087339.5477645,0.06261899943638127, 0.3710649998538429,0,0,27.8,0.0,1
6342,1776087339.5767186,0.036481999813986477, 0.37928399979136884,0,0,27.8,0.0,1
6343,1776087339.6072087,0.06411499998648651, 0.42932100041070953,0,0,27.8,0.0,1
6344,1776087339.6370902,0.040638999962538946, 0.4827960001421161,0,0,27.8,0.0,1
6345,1776087339.666338,0.04060399987793062, 0.42269799996574875,0,0,27.8,0.0,1
6346,1776087339.6967325,0.041898000745277386, 0.4740549993584864,0,0,27.8,0.0,1
6347,1776087339.7264962,0.11108000035164878, 0.4690890000347281,0,0,27.8,0.0,1
6348,1776087339.7558548,0.03969000044889981, 0.4169530002400279,0,0,27.8,0.0,1
6349,1776087339.7853022,0.09762399986357195, 0.4267610001988942,0,0,27.8,0.0,1
6350,1776087339.8150702,0.03930399998353096, 0.43031800032622414,0,0,27.8,0.0,1
6351,1776087339.8454354,0.04631199954019394, 0.4972579999957816,0,0,27.8,0.0,1
6352,1776087339.8748507,0.1253079999514739, 0.3985960001955391,0,0,27.8,0.0,1
6353,1776087339.9045997,0.046950999603723176, 0.42887400013569277,0,0,27.8,0.0,1
6354,1776087339.9344473,0.0459869997939677, 0.49777799995354144,0,0,27.8,0.0,1
6355,1776087339.964397,0.09938599941961002, 0.4587339999488904,0,0,27.8,0.0,1
6356,1776087339.9938898,0.10278900026605697, 0.40789299964671955,0,0,27.8,0.0,1
6357,1776087340.0235894,0.044239000089874025, 0.48971399974107044,0,0,27.8,0.0,1
6358,1776087340.053387,0.04333300057624001, 0.4505810002228827,0,0,27.8,0.0,1
6359,1776087340.08318,0.043631999687931966, 0.5045490006523323,0,0,27.8,0.0,1
6359,1776087340.1420705,29.549408000093536, 0.27080099971499294,9,2,27.8,0.0,0
6360,1776087340.1565466,12.614059000043198, 0.2537399996072054,5,0,27.8,0.0,0
6361,1776087340.1901343,19.01376200021332, 0.259883000580885,6,2,27.8,0.0,0
6362,1776087340.2191923,18.3522939996692, 0.34771100035868585,8,2,27.8,0.0,0
6363,1776087340.51923,20.380676000058884, 262.20331600052305,10,2,27.8,0.0,0
6365,1776087340.5238693,0.34727699949144153, 0.37046399938844843,0,2,27.8,0.0,1
6366,1776087340.5270104,0.19189900012861472, 0.25150999954348663,0,1,27.8,0.0,1
6367,1776087340.5588424,0.2728489998844452, 0.49502900037623476,0,1,27.8,0.0,1
6368,1776087340.5898473,2.04407299952436, 0.37472700023499783,0,0,27.8,0.0,1
6369,1776087340.6222641,0.0343489991792012, 0.3100259991697385,0,0,27.8,0.0,1
6370,1776087340.6470702,0.09862400020210771, 0.42961300005117664,0,0,27.8,0.0,1
6371,1776087340.6774182,0.1196570001411601, 0.4444229998625815,0,0,27.8,0.0,1
6372,1776087340.7069066,0.04451499989954755, 0.4143129999647499,0,0,27.8,0.0,1
6373,1776087340.7365942,0.043289999666740187, 0.4435230002854951,0,0,27.8,0.0,1
6374,1776087340.7663288,0.10094000026583672, 0.4090980000910349,0,0,27.8,0.0,1
6375,1776087340.7960002,0.040375999560637865, 0.5050829995525419,0,0,27.8,0.0,1
6376,1776087340.8257773,0.10431800001242664, 0.43224899945926154,0,0,27.8,0.0,1
6377,1776087340.8551269,0.03717500021593878, 0.4398360006234725,0,0,27.8,0.0,1
6378,1776087340.8854551,0.04658599937101826, 0.43591400026343763,0,0,27.8,0.0,1
6379,1776087340.9149582,0.04496400015341351, 0.4133419997742749,0,0,27.8,0.0,1
6380,1776087340.9443974,0.041590000364521984, 0.4287409992684843,0,0,27.8,0.0,1
6381,1776087340.974096,0.04128599994146498, 0.41764900015550666,0,0,27.8,0.0,1
6382,1776087341.004046,0.04267700023774523, 0.48252599935949547,0,0,27.8,0.0,1
6383,1776087341.033772,0.10439800007588929, 0.41007300023920834,0,0,27.8,0.0,1
6384,1776087341.063235,0.041647999751148745, 0.41155800045089563,0,0,27.8,0.0,1
6385,1776087341.0930493,0.04098499994142912, 0.41525000051478855,0,0,27.8,0.0,1
6386,1776087341.1228044,0.05515099928743439, 0.4189930004940834,0,0,27.8,0.0,1
6387,1776087341.1523604,0.09772900011739694, 0.40860399985831464,0,0,27.8,0.0,1
6388,1776087341.1821392,0.04180999985692324, 0.41178299943567254,0,0,27.8,0.0,1
6389,1776087341.211985,0.044302000787865836, 0.4749690006065066,0,0,27.8,0.0,1
6390,1776087341.2412808,0.09542400039208587, 0.3672299999379902,0,0,27.8,0.0,1
6391,1776087341.2711213,0.09608899927115999, 0.3553099995770026,0,0,27.8,0.0,1
6392,1776087341.3011415,0.08829200032778317, 0.41449200034548994,0,0,27.8,0.0,1
6393,1776087341.3308303,0.05589000011241296, 0.45820600007573375,0,0,27.8,0.0,1
6394,1776087341.3606248,0.04552000063995365, 0.48847000016394304,0,0,27.8,0.0,1
6395,1776087341.3904839,0.043107000237796456, 0.48538000010012183,0,0,27.8,0.0,1
6396,1776087341.4199922,0.0391650000892696, 0.46255199958977755,0,0,27.8,0.0,1
6397,1776087341.4497306,0.10360900068917545, 0.41452899949945277,0,0,27.8,0.0,1
6398,1776087341.4796245,0.04702400019596098, 0.4346489995441516,0,0,27.8,0.0,1
6398,1776087341.537757,28.64232899992203, 0.26969499958795495,5,2,27.8,0.0,0
6399,1776087341.5527434,12.978347000171198, 0.2182890002586646,5,0,27.8,0.0,0
6400,1776087341.587312,20.21628399961628, 0.2265999992232537,5,2,27.8,0.0,0
6401,1776087341.6177456,19.270725999376737, 0.230476000069757,6,2,27.8,0.0,0
6402,1776087341.9068747,18.29370499945071, 262.0009800002663,2,1,27.8,0.0,0
6404,1776087341.911165,0.2708470001380192, 0.329413999679673,0,1,27.8,0.0,1
6405,1776087341.9252279,0.2591190004750388, 0.4363799998827744,0,1,27.8,0.0,1
6406,1776087341.9576979,2.5745519997144584, 0.35230199955549324,0,1,27.8,0.0,1
6407,1776087341.9894729,0.16451899955427507, 0.25154099967039656,0,0,27.8,0.0,1
6408,1776087342.013987,0.041710000004968606, 0.3427840001677396,0,0,27.8,0.0,1
6409,1776087342.0439026,0.04105500011064578, 0.3382220002094982,0,0,27.8,0.0,1
6410,1776087342.0738187,0.043885000195587054, 0.5210310000620666,0,0,27.8,0.0,1
6411,1776087342.1033313,0.04216399975121021, 0.41981499998655636,0,0,27.8,0.0,1
6412,1776087342.133187,0.044377999984135386, 0.504369000736915,0,0,27.8,0.0,1
6413,1776087342.1627793,0.04126600015297299, 0.44566599990503164,0,0,27.8,0.0,1
6414,1776087342.1922932,0.043107999772473704, 0.4241900005581556,0,0,27.8,0.0,1
6415,1776087342.2221873,0.04205999994155718, 0.41828300072666025,0,0,27.8,0.0,1
6416,1776087342.2519433,0.040902999899117276, 0.41819199941528495,0,0,27.8,0.0,1
6417,1776087342.2813847,0.09280799986299826, 0.4349709997768514,0,0,27.8,0.0,1
6418,1776087342.3107252,0.042083000153070316, 0.3802109995376668,0,0,27.8,0.0,1
6419,1776087342.3404422,0.04850200002692873, 0.40264700055558933,0,0,27.8,0.0,1
6420,1776087342.3702037,0.0459120001323754, 0.39745000049151713,0,0,27.8,0.0,1
6421,1776087342.3997056,0.04233900017425185, 0.3642090005087084,0,0,27.8,0.0,1
6422,1776087342.429489,0.046940000174799934, 0.3720179993251804,0,0,27.8,0.0,1
6423,1776087342.4594512,0.05069000053481432, 0.4051389996675425,0,0,27.8,0.0,1
6424,1776087342.488975,0.043192999328312, 0.3594370000428171,0,0,27.8,0.0,1
6425,1776087342.5186272,0.045494999540096615, 0.4089840003871359,0,0,27.8,0.0,1
6426,1776087342.5483868,0.046365999878617004, 0.39204299991979497,0,0,27.8,0.0,1
6427,1776087342.5787024,0.04840600013267249, 0.4039390005345922,0,0,27.8,0.0,1
6428,1776087342.6078224,0.04300299951864872, 0.34768500063364627,0,0,27.8,0.0,1
6429,1776087342.6375089,0.04711400015366962, 0.3821219997917069,0,0,27.8,0.0,1
6430,1776087342.6675527,0.050120000196329784, 0.35686699993675575,0,0,27.8,0.0,1
6431,1776087342.697005,0.04192399956082227, 0.35036500048590824,0,0,27.8,0.0,1
6432,1776087342.7266278,0.04189300034340704, 0.36596599966287613,0,0,27.8,0.0,1
6433,1776087342.756329,0.047308999455708545, 0.3837730000668671,0,0,27.8,0.0,1
6434,1776087342.7865012,0.05014199996367097, 0.3603880004448001,0,0,27.8,0.0,1
6435,1776087342.8159847,0.04798999998456566, 0.34915200012619607,0,0,27.8,0.0,1
6436,1776087342.8466508,0.0437319995398866, 0.5303230000208714,0,0,27.8,0.0,1
6437,1776087342.8764975,0.1015050002024509, 0.46416900022450136,0,0,27.8,0.0,1
6437,1776087342.9336452,28.53324499938026, 0.220933000491641,4,2,27.8,0.0,0
6438,1776087342.9512649,13.912597999478749, 0.23786600013409043,6,0,27.8,0.0,0
6439,1776087342.9831946,19.099857999208325, 0.23586400038766442,4,2,27.8,0.0,0
6440,1776087343.0121174,18.775962999825424, 0.22268199973041192,4,2,27.8,0.0,0
6441,1776087343.3026493,19.699235999723896, 258.56132799981424,3,1,27.8,0.0,0
6443,1776087343.3069658,0.2313349996256875, 0.37165000048844377,0,1,27.8,0.0,1
6444,1776087343.3220398,0.331023000399, 0.4268490001777536,0,1,27.8,0.0,1
6445,1776087343.351344,0.31358700016426155, 0.41802599935181206,0,0,27.8,0.0,1
6446,1776087343.3835597,2.115179999236716, 0.39880399981484516,0,0,27.8,0.0,1
6447,1776087343.4158235,0.03351599934831029, 0.2670029998625978,0,0,27.8,0.0,1
6448,1776087343.4402566,0.095306999355671, 0.4168370005572797,0,0,27.8,0.0,1
6449,1776087343.4705544,0.04432399964571232, 0.48564400003670016,0,0,27.8,0.0,1
6450,1776087343.5001707,0.04994099981558975, 0.384042999939993,0,0,27.8,0.0,1
6451,1776087343.5292764,0.053529999604506884, 0.3710959999807528,0,0,27.8,0.0,1
6452,1776087343.5597694,0.10365399975853506, 0.45911400047771167,0,0,27.8,0.0,1
6453,1776087343.5894682,0.0461390000054962, 0.5296569997881306,0,0,27.8,0.0,1
6454,1776087343.6193638,0.04472599994187476, 0.5155569997441489,0,0,27.8,0.0,1
6455,1776087343.6487172,0.04449100015335716, 0.4188250004517613,0,0,27.8,0.0,1
6456,1776087343.678159,0.0869369996507885, 0.43233399992459454,0,0,27.8,0.0,1
6457,1776087343.707972,0.04035700021631783, 0.41831300040939823,0,0,27.8,0.0,1
6458,1776087343.7382195,0.044095999328419566, 0.5010099994251505,0,0,27.8,0.0,1
6459,1776087343.7675676,0.11653100045805331, 0.42523699994490016,0,0,27.8,0.0,1
6460,1776087343.797197,0.03940299939131364, 0.463049000245519,0,0,27.8,0.0,1
6461,1776087343.826943,0.10348100022383733, 0.4032759998153779,0,0,27.8,0.0,1
6462,1776087343.856717,0.043075999201391824, 0.49213300007977523,0,0,27.8,0.0,1
6463,1776087343.886646,0.09945300007530022, 0.4346510004324955,0,0,27.8,0.0,1
6464,1776087343.915979,0.03795600059675053, 0.41469500047242036,0,0,27.8,0.0,1
6465,1776087343.9450548,0.04657000044971937, 0.38776100063842023,0,0,27.8,0.0,1
6466,1776087343.974833,0.04609400002664188, 0.37072400027682306,0,0,27.8,0.0,1
6467,1776087344.0060382,0.10664399997040164, 0.47726600041642087,0,0,27.8,0.0,1
6468,1776087344.0349884,0.0493909992655972, 0.3827939999609953,0,0,27.8,0.0,1
6469,1776087344.0638123,0.04192399956082227, 0.34828200023184763,0,0,27.8,0.0,1
6470,1776087344.0935943,0.046208999265218154, 0.37870500000281027,0,0,27.8,0.0,1
6471,1776087344.1237178,0.04841899954044493, 0.41393900028197095,0,0,27.8,0.0,1
6472,1776087344.153211,0.050303000534768216, 0.4081540000697714,0,0,27.8,0.0,1
6473,1776087344.1826444,0.04750399966724217, 0.40439599979436025,0,0,27.8,0.0,1
6474,1776087344.212395,0.045371999476628844, 0.41732299996510847,0,0,27.8,0.0,1
6475,1776087344.2421048,0.045669000428461004, 0.38522900013049366,0,0,27.8,0.0,1
6476,1776087344.2718108,0.0452089998361771, 0.3530969997882494,0,0,27.8,0.0,1
6476,1776087344.3337548,32.274424000206636, 0.24563300030422397,3,2,27.8,0.0,0
6477,1776087344.3852565,22.510416999466543, 0.335181999616907,6,0,27.8,0.0,0
6478,1776087344.4152431,21.864897000341443, 0.23115200019674376,7,2,27.8,0.0,0
6479,1776087344.4385395,17.075639999347914, 0.23820099977456266,7,2,27.8,0.0,0
6480,1776087344.72945,20.587099000294984, 258.8820700002543,7,1,27.8,0.0,0
6482,1776087344.7326002,0.19775300006585894, 0.32139799986907747,0,1,27.8,0.0,1
6483,1776087344.747273,0.22795499990024837, 0.3706089992192574,0,1,27.8,0.0,1
6484,1776087344.7788818,1.633148999644618, 0.18289499985257862,0,1,27.8,0.0,1
6485,1776087344.8114548,0.17635099993640324, 0.28157399992778664,0,0,27.8,0.0,1
6486,1776087344.8364286,0.04472599994187476, 0.38155499987624353,0,0,27.8,0.0,1
6487,1776087344.8661153,0.04659400019590976, 0.38376199972844915,0,0,27.8,0.0,1
6488,1776087344.8960867,0.053716000365966465, 0.38092100021458464,0,0,27.8,0.0,1
6489,1776087344.9255571,0.048005999815359246, 0.37855699974898016,0,0,27.8,0.0,1
6490,1776087344.9562,0.048289000005752314, 0.407169000027352,0,0,27.8,0.0,1
6491,1776087344.9846313,0.034558999686851166, 0.3028149994861451,0,0,27.8,0.0,1
6492,1776087345.015784,0.05049900028097909, 0.5142340005477308,0,0,27.8,0.0,1
6493,1776087345.0455496,0.052957000661990605, 0.432716000432265,0,0,27.8,0.0,1
6494,1776087345.0752463,0.09804399996937718, 0.46131799990689615,0,0,27.8,0.0,1
6495,1776087345.104373,0.040828999772202224, 0.4261459998815553,0,0,27.8,0.0,1
6496,1776087345.134177,0.04031000025861431, 0.4318020000937395,0,0,27.8,0.0,1
6497,1776087345.164431,0.045482000132324174, 0.4499770002439618,0,0,27.8,0.0,1
6498,1776087345.194091,0.09264799973607296, 0.45780100026604487,0,0,27.8,0.0,1
6499,1776087345.2237256,0.04099200032214867, 0.47481799992965534,0,0,27.8,0.0,1
6500,1776087345.2535264,0.046115000259305816, 0.4912710001008236,0,0,27.8,0.0,1
6501,1776087345.283236,0.09899999986373587, 0.45506300011766143,0,0,27.8,0.0,1
6502,1776087345.3128054,0.055450999752792995, 0.4099850002603489,0,0,27.8,0.0,1
6503,1776087345.342638,0.04266799987817649, 0.49930199929804076,0,0,27.8,0.0,1
6504,1776087345.3725338,0.04617000013240613, 0.4873670004599262,0,0,27.8,0.0,1
6505,1776087345.402098,0.09162900005321717, 0.4585719998431159,0,0,27.8,0.0,1
6506,1776087345.4315789,0.04275399987818673, 0.503532000038831,0,0,27.8,0.0,1
6507,1776087345.4615164,0.10675400062609697, 0.44717200034938287,0,0,27.8,0.0,1
6508,1776087345.4913826,0.04650599930755561, 0.5116780002936139,0,0,27.8,0.0,1
6509,1776087345.5203369,0.09745300030772341, 0.4127829997742083,0,0,27.8,0.0,1
6510,1776087345.5506501,0.04520599941315595, 0.47640899992984487,0,0,27.8,0.0,1
6511,1776087345.5804112,0.10604900035104947, 0.4532130005827639,0,0,27.8,0.0,1
6512,1776087345.609454,0.09141500049736351, 0.41872899964801036,0,0,27.8,0.0,1
6513,1776087345.6396022,0.04514800002652919, 0.500674000250001,0,0,27.8,0.0,1
6514,1776087345.6691597,0.03942700004699873, 0.41755799975362606,0,0,27.8,0.0,1
6515,1776087345.698844,0.039943000047060195, 0.4184399995210697,0,0,27.8,0.0,1
6515,1776087345.7572742,28.73781800008146, 0.23737199990137015,9,2,27.8,0.0,0
6516,1776087345.7738333,13.501391999852785, 0.20995700015191687,10,0,27.8,0.0,0
6517,1776087345.808272,20.01702799952909, 0.24268699962703977,11,2,27.8,0.0,0
6518,1776087345.8354583,18.35415400000784, 0.23958800011314452,8,2,27.8,0.0,0
6519,1776087346.1267195,19.04503300011129, 261.2204159995599,9,1,27.8,0.0,0
6521,1776087346.131052,0.27169700024387566, 0.32583299980615266,0,1,27.8,0.0,1
6522,1776087346.1446207,0.2709259997573099, 0.41387000055692624,0,0,27.8,0.0,1
6523,1776087346.1742375,0.10594200011837529, 0.41360100021847757,0,0,27.8,0.0,1
6524,1776087346.2064383,2.15680200017232, 0.3985470002589864,0,0,27.8,0.0,1
6525,1776087346.2393239,0.0340409997079405, 0.2746919999481179,0,0,27.8,0.0,1
6526,1776087346.2632396,0.09841399969445774, 0.4377710001790547,0,0,27.8,0.0,1
6527,1776087346.2935672,0.12445800075511215, 0.4242509994583088,0,0,27.8,0.0,1
6528,1776087346.323276,0.09875299929262837, 0.4609580000760616,0,0,27.8,0.0,1
6529,1776087346.352237,0.04332899970904691, 0.4261329995642882,0,0,27.8,0.0,1
6530,1776087346.3825753,0.051297000027261674, 0.42199700055789435,0,0,27.8,0.0,1
6531,1776087346.412453,0.10984199980157427, 0.45653899996978,0,0,27.8,0.0,1
6532,1776087346.4421818,0.10744300016085617, 0.4555239993351279,0,0,27.8,0.0,1
6533,1776087346.4715624,0.043353999899409246, 0.49274899993179133,0,0,27.8,0.0,1
6534,1776087346.5016012,0.11985499986622017, 0.42333599958510604,0,0,27.8,0.0,1
6535,1776087346.5313075,0.11399300001357915, 0.4397630000312347,0,0,27.8,0.0,1
6536,1776087346.5608182,0.04348499987827381, 0.4093229999853065,0,0,27.8,0.0,1
6537,1776087346.5901198,0.039632999687455595, 0.4169330004515359,0,0,27.8,0.0,1
6538,1776087346.6200535,0.042794999899342656, 0.41271299960499164,0,0,27.8,0.0,1
6539,1776087346.6498575,0.05119499928696314, 0.46413200016104383,0,0,27.8,0.0,1
6540,1776087346.6796165,0.044082999920647126, 0.5053719996794825,0,0,27.8,0.0,1
6541,1776087346.7089562,0.042908000068564434, 0.4257379996488453,0,0,27.8,0.0,1
6542,1776087346.7394283,0.04704000002675457, 0.4571800000121584,0,0,27.8,0.0,1
6543,1776087346.768777,0.10968799961119657, 0.40969800011225743,0,0,27.8,0.0,1
6544,1776087346.7985327,0.11489400003483752, 0.42770899926836137,0,0,27.8,0.0,1
6545,1776087346.8284283,0.04740100030176109, 0.5083280002509127,0,0,27.8,0.0,1
6546,1776087346.8578992,0.04012400040664943, 0.41644699922471773,0,0,27.8,0.0,1
6547,1776087346.8877819,0.038795000364189036, 0.4834969995499705,0,0,27.8,0.0,1
6548,1776087346.9170735,0.08637199971417431, 0.38212099934753496,0,0,27.8,0.0,1
6549,1776087346.9471447,0.04537800032267114, 0.4534429999694112,0,0,27.8,0.0,1
6550,1776087346.9768314,0.040283999624080025, 0.4847799991694046,0,0,27.8,0.0,1
6551,1776087347.0063336,0.04116000036447076, 0.4264590006641811,0,0,27.8,0.0,1
6552,1776087347.036456,0.045198999941931106, 0.5281730000206153,0,0,27.8,0.0,1
6553,1776087347.065718,0.10365000071033137, 0.4332669996074401,0,0,27.8,0.0,1
6554,1776087347.0958455,0.05617200076812878, 0.46227599978010403,0,0,27.8,0.0,1
6554,1776087347.1549847,29.817501000252378, 0.2295360000061919,6,2,27.8,0.0,0
6555,1776087347.169872,13.000923999243241, 0.21364399981393944,6,0,27.8,0.0,0
6556,1776087347.203954,19.664933000058227, 0.22591699962504208,3,2,27.8,0.0,0
6557,1776087347.2332454,19.02075700036221, 0.25305199960712343,4,2,27.8,0.0,0
6558,1776087347.521841,17.920406000484945, 260.95593299942266,7,2,27.8,0.0,0
6560,1776087347.5263262,0.27944300018134527, 0.375665999854391,0,2,27.8,0.0,1
6561,1776087347.5413895,0.3200880000804318, 0.4874220003330265,0,1,27.8,0.0,1
6562,1776087347.573183,2.207372000157193, 0.3776639996431186,0,1,27.8,0.0,1
6563,1776087347.6053913,0.18656499923963565, 0.3213239997421624,0,0,27.8,0.0,1
6564,1776087347.6305878,0.11249699946347391, 0.45711800066783326,0,0,27.8,0.0,1
6565,1776087347.659893,0.044284999603405595, 0.34204999974463135,0,0,27.8,0.0,1
6566,1776087347.6897862,0.04285100021661492, 0.34393399982945994,0,0,27.8,0.0,1
6567,1776087347.7192307,0.042921999920508824, 0.34964800033776555,0,0,27.8,0.0,1
6568,1776087347.749102,0.04489999992074445, 0.3627780006354442,0,0,27.8,0.0,1
6569,1776087347.7791684,0.049017000492312945, 0.38179900002432987,0,0,27.8,0.0,1
6570,1776087347.8086843,0.04491100025916239, 0.3571269999156357,0,0,27.8,0.0,1
6571,1776087347.8383703,0.045234000026539434, 0.34687200059124734,0,0,27.8,0.0,1
6572,1776087347.868247,0.047276999794121366, 0.3760560002774582,0,0,27.8,0.0,1
6573,1776087347.8977242,0.058368999816593714, 0.3543459997672471,0,0,27.8,0.0,1
6574,1776087347.9276376,0.04796699977305252, 0.3630049995990703,0,0,27.8,0.0,1
6575,1776087347.9571052,0.04317399998399196, 0.34657000014703954,0,0,27.8,0.0,1
6576,1776087347.987336,0.04682300004787976, 0.3721650000443333,0,0,27.8,0.0,1
6577,1776087348.016383,0.044096999772591516, 0.33193799936270807,0,0,27.8,0.0,1
6578,1776087348.0461857,0.043992000428261235, 0.339784000061627,0,0,27.8,0.0,1
6579,1776087348.0762663,0.04987499960407149, 0.3749249999600579,0,0,27.8,0.0,1
6580,1776087348.1057281,0.059550000514718704, 0.34877300004154677,0,0,27.8,0.0,1
6581,1776087348.1354778,0.04969499968865421, 0.3732550003405777,0,0,27.8,0.0,1
6582,1776087348.1654606,0.05018499996367609, 0.37877399972785497,0,0,27.8,0.0,1
6583,1776087348.1949115,0.04609799998434028, 0.33966899991355604,0,0,27.8,0.0,1
6584,1776087348.225031,0.04835399977309862, 0.3828779999821563,0,0,27.8,0.0,1
6585,1776087348.2541852,0.045111000872566365, 0.34002600023086416,0,0,27.8,0.0,1
6586,1776087348.2843733,0.047481000365223736, 0.3939580001315335,0,0,27.8,0.0,1
6587,1776087348.3137538,0.06256399956328096, 0.34594200042192824,0,0,27.8,0.0,1
6588,1776087348.3435986,0.0498589997732779, 0.36722300046676537,0,0,27.8,0.0,1
6589,1776087348.3730009,0.04489599996304605, 0.3370419999555452,0,0,27.8,0.0,1
6590,1776087348.402965,0.046146000386215746, 0.33567999980732566,0,0,27.8,0.0,1
6591,1776087348.4329584,0.04830799935007235, 0.37366400010796497,0,0,27.8,0.0,1
6592,1776087348.4621065,0.04374999934952939, 0.33907200031535467,0,0,27.8,0.0,1
6593,1776087348.4922664,0.04670999987865798, 0.37438300023495685,0,0,27.8,0.0,1
6593,1776087348.553195,31.35187699990638, 0.2779870001177187,2,2,27.8,0.0,0
6594,1776087348.611152,22.778182000365632, 0.23990099998627556,6,0,27.8,0.0,0
6595,1776087348.6343415,19.3721480000022, 0.21639300030074082,4,2,27.8,0.0,0
6596,1776087348.7216833,12.226730000293173, 0.2254189994346234,6,2,27.8,0.0,0
6597,1776087349.012506,21.511318999728246, 259.9480290000429,2,2,27.8,0.0,0
6599,1776087349.0166225,0.263343999904464, 0.31901300008030375,0,2,27.8,0.0,1
6600,1776087349.0265553,0.26820000039151637, 0.3550020001057419,0,0,27.8,0.0,1
6601,1776087349.0569198,0.0477680005133152, 0.3918649999832269,0,0,27.8,0.0,1
6602,1776087349.088296,1.5795569997862913, 0.32864900003914954,0,0,27.8,0.0,1
6603,1776087349.1205928,0.033987000279012136, 0.2731949998633354,0,0,27.8,0.0,1
6604,1776087349.145781,0.042114000279980246, 0.3409259998079506,0,0,27.8,0.0,1
6605,1776087349.175799,0.043539999751374125, 0.3488319998723455,0,0,27.8,0.0,1
6606,1776087349.2047768,0.07130199992388953, 0.3704069995364989,0,0,27.8,0.0,1
6607,1776087349.234987,0.045601999772770796, 0.35903099978895625,0,0,27.8,0.0,1
6608,1776087349.2647502,0.04348199945525266, 0.3381630003786995,0,0,27.8,0.0,1
6609,1776087349.294462,0.05041399981564609, 0.3741930004252936,0,0,27.8,0.0,1
6610,1776087349.3243756,0.05091099956189282, 0.3866739998557023,0,0,27.8,0.0,1
6611,1776087349.3537831,0.04530299975158414, 0.33910599995579105,0,0,27.8,0.0,1
6612,1776087349.38331,0.042267999560863245, 0.33698700008244487,0,0,27.8,0.0,1
6613,1776087349.413329,0.04768800044985255, 0.3688300002977485,0,0,27.8,0.0,1
6614,1776087349.4432378,0.04637100028048735, 0.38181299987627426,0,0,27.8,0.0,1
6615,1776087349.4729125,0.047693999476905446, 0.3791839999394142,0,0,27.8,0.0,1
6616,1776087349.5022771,0.04356600038590841, 0.3399859997443855,0,0,27.8,0.0,1
6617,1776087349.5323052,0.046042000576562714, 0.36980400000174996,0,0,27.8,0.0,1
6618,1776087349.5621088,0.052548999519785866, 0.3836570003841189,0,0,27.8,0.0,1
6619,1776087349.5916147,0.052706000133184716, 0.3615060004449333,0,0,27.8,0.0,1
6620,1776087349.6214623,0.04870999964623479, 0.3888769997502095,0,0,27.8,0.0,1
6621,1776087349.651191,0.04841600002691848, 0.38518000019394094,0,0,27.8,0.0,1
6622,1776087349.6809406,0.044829999751527794, 0.34338299974479014,0,0,27.8,0.0,1
6623,1776087349.709818,0.05060499915998662, 0.384701000257337,0,0,27.8,0.0,1
6624,1776087349.7403228,0.048023000090324786, 0.40085599994199583,0,0,27.8,0.0,1
6625,1776087349.7701442,0.04781900042871712, 0.38596600006712833,0,0,27.8,0.0,1
6626,1776087349.7991397,0.05395100015448406, 0.3962139999202918,0,0,27.8,0.0,1
6627,1776087349.829085,0.044036999497620855, 0.34352500006207265,0,0,27.8,0.0,1
6628,1776087349.8589263,0.044843999603472184, 0.34033800056931796,0,0,27.8,0.0,1
6629,1776087349.888663,0.04193699987808941, 0.36314600038167555,0,0,27.8,0.0,1
6630,1776087349.9181807,0.04473799981496995, 0.33998300023085903,0,0,27.8,0.0,1
6631,1776087349.9484386,0.04922799962514546, 0.3819439998551388,0,0,27.8,0.0,1
6632,1776087349.978219,0.04766100028064102, 0.41291399975307286,0,0,27.8,0.0,1
6632,1776087350.0397487,31.89364799982286, 0.23312099983741064,21,2,27.8,0.0,0
6633,1776087350.05528,13.776623000012478, 0.21082100010971772,19,0,27.8,0.0,0
6634,1776087350.0868413,20.220290999532153, 0.2182689995606779,12,2,27.8,0.0,0
6635,1776087350.1134577,18.257548999827122, 0.23409999994328246,8,2,27.8,0.0,0
6636,1776087350.405909,21.404944000096293, 258.0346209997515,7,1,27.8,0.0,0
6638,1776087350.4090095,0.19492899991746526, 0.3035200006706873,0,1,27.8,0.0,1
6639,1776087350.422809,0.22275500032264972, 0.34406000031594886,0,1,27.8,0.0,1
6640,1776087350.454289,1.7932720002136193, 0.3224769998269039,0,1,27.8,0.0,1
6641,1776087350.486924,0.16509600027347915, 0.258453000242298,0,0,27.8,0.0,1
6642,1776087350.512139,0.051760999667749275, 0.43807799920614343,0,0,27.8,0.0,1
6643,1776087350.5416932,0.042810000195459, 0.3742750004676054,0,0,27.8,0.0,1
6644,1776087350.5715551,0.048234000132652, 0.44520800020109164,0,0,27.8,0.0,1
6645,1776087350.6014519,0.052151000090816524, 0.3756400001293514,0,0,27.8,0.0,1
6646,1776087350.6312578,0.06892299916216871, 0.45832300020265393,0,0,27.8,0.0,1
6647,1776087350.660622,0.046334000217029825, 0.4063220003445167,0,0,27.8,0.0,1
6648,1776087350.6903644,0.046692000069015194, 0.3977780006607645,0,0,27.8,0.0,1
6649,1776087350.7207348,0.04711400015366962, 0.3966189997299807,0,0,27.8,0.0,1
6650,1776087350.7498288,0.04708599954028614, 0.385970999559504,0,0,27.8,0.0,1
6651,1776087350.7793458,0.04641800023819087, 0.3650959997685277,0,0,27.8,0.0,1
6652,1776087350.809299,0.04680700021708617, 0.3883760000462644,0,0,27.8,0.0,1
6653,1776087350.8398724,0.1292000006287708, 0.4045450004923623,0,0,27.8,0.0,1
6654,1776087350.8692713,0.05103700004838174, 0.4038639999635052,0,0,27.8,0.0,1
6655,1776087350.8984196,0.052195000534993596, 0.42447499981790315,0,0,27.8,0.0,1
6656,1776087350.9291153,0.05142800000612624, 0.3941850000046543,0,0,27.8,0.0,1
6657,1776087350.9577208,0.043340000047464855, 0.3757289996428881,0,0,27.8,0.0,1
6658,1776087350.9876723,0.04756599992106203, 0.41361500007042196,0,0,27.8,0.0,1
6659,1776087351.0173786,0.05253400013316423, 0.4334109999035718,0,0,27.8,0.0,1
6660,1776087351.047658,0.04273200011084555, 0.3715699995154864,0,0,27.8,0.0,1
6661,1776087351.0774615,0.051281000196468085, 0.38273700010904577,0,0,27.8,0.0,1
6662,1776087351.107273,0.05001199951948365, 0.38282400055322796,0,0,27.8,0.0,1
6663,1776087351.136777,0.044675000026472844, 0.3450209997026832,0,0,27.8,0.0,1
6664,1776087351.1666298,0.04435700066096615, 0.36056299995834706,0,0,27.8,0.0,1
6665,1776087351.1964107,0.04756300040753558, 0.3914539993274957,0,0,27.8,0.0,1
6666,1776087351.2261448,0.04625300061888993, 0.3831880003417609,0,0,27.8,0.0,1
6667,1776087351.255714,0.06296899937296985, 0.34335100008320296,0,0,27.8,0.0,1
6668,1776087351.285258,0.043993000872433186, 0.3337939997436479,0,0,27.8,0.0,1
6669,1776087351.3152845,0.04982200061931508, 0.3684169996631681,0,0,27.8,0.0,1
6670,1776087351.3450594,0.047172000449791085, 0.37641899962181924,0,0,27.8,0.0,1
6671,1776087351.3744936,0.048537000111537054, 0.3776850007852772,0,0,27.8,0.0,1
6671,1776087351.4351704,31.182806999822787, 0.23663100000703707,3,2,27.8,0.0,0
6672,1776087351.4510798,14.209298999958264, 0.2165830001104041,1,0,27.8,0.0,0
6673,1776087351.4867768,21.503872000721458, 0.23762099954183213,0,0,27.8,0.0,0
6674,1776087351.510971,17.522277000352915, 0.20909099930577213,0,0,27.8,0.0,0
6675,1776087351.545295,21.747683999819856, 0.2055120003205957,1,1,27.8,0.0,0
6676,1776087351.5682065,17.04350899944984, 0.21125999955984298,5,2,27.8,0.0,0
6677,1776087351.8616974,21.818606999659096, 257.60432300012326,6,2,27.8,0.0,0
6679,1776087351.8653154,0.2529989997128723, 0.30343800062837545,0,2,27.8,0.0,1
6680,1776087351.8809974,1.7450850000386708, 0.3008900002896553,0,2,27.8,0.0,1
6681,1776087351.9135938,0.21481500061781844, 0.2722909994190559,0,2,27.8,0.0,1
6682,1776087351.9386282,0.29302799975994276, 0.39075800032151164,0,0,27.8,0.0,1
6683,1776087351.9684649,0.04988300042896299, 0.3711459994519828,0,0,27.8,0.0,1
6684,1776087351.9979775,0.04769400038640015, 0.4051329997309949,0,0,27.8,0.0,1
6685,1776087352.0277462,0.04889000047114678, 0.4497740001170314,0,0,27.8,0.0,1
6686,1776087352.0574622,0.053747000492876396, 0.47840000024734763,0,0,27.8,0.0,1
6687,1776087352.087322,0.047453000661334954, 0.39624500004720176,0,0,27.8,0.0,1
6688,1776087352.1166651,0.04197699945507338, 0.3694479992191191,0,0,27.8,0.0,1
6689,1776087352.1463754,0.04696399992099032, 0.41242799943574937,0,0,27.8,0.0,1
6690,1776087352.1765378,0.04920499941363232, 0.36617699970520334,0,0,27.8,0.0,1
6691,1776087352.2058246,0.045259999751579016, 0.3851179999401211,0,0,27.8,0.0,1
6692,1776087352.235563,0.06036200011294568, 0.4065889997946215,0,0,27.8,0.0,1
6693,1776087352.265826,0.047047999942151364, 0.33594699925743043,0,0,27.8,0.0,1
6694,1776087352.2956264,0.04434600032254821, 0.3594370000428171,0,0,27.8,0.0,1
6695,1776087352.3246782,0.041119999877992086, 0.37342099949455587,0,0,27.8,0.0,1
6696,1776087352.3547125,0.05305700051394524, 0.4246539992891485,0,0,27.8,0.0,1
6697,1776087352.3842752,0.0541239996891818, 0.46373699933610624,0,0,27.8,0.0,1
6698,1776087352.4137232,0.06456700066337362, 0.3466609996394254,0,0,27.8,0.0,1
6699,1776087352.443574,0.05069099915999686, 0.3810599991993513,0,0,27.8,0.0,1
6700,1776087352.4733684,0.05132500064064516, 0.43685499986167997,0,0,27.8,0.0,1
6701,1776087352.5030007,0.0476949999210774, 0.3893290004270966,0,0,27.8,0.0,1
6702,1776087352.5327246,0.04489599996304605, 0.4141179997532163,0,0,27.8,0.0,1
6703,1776087352.5624006,0.047096000344026834, 0.4252320004525245,0,0,27.8,0.0,1
6704,1776087352.5924804,0.04868399992119521, 0.3659589992821566,0,0,27.8,0.0,1
6705,1776087352.6217937,0.04339299994171597, 0.3511019995130482,0,0,27.8,0.0,1
6706,1776087352.651517,0.04603099932865007, 0.38640599996142555,0,0,27.8,0.0,1
6707,1776087352.6816387,0.04570100009004818, 0.37409099968499504,0,0,27.8,0.0,1
6708,1776087352.711479,0.04532300044957083, 0.37593100023514125,0,0,27.8,0.0,1
6709,1776087352.7407281,0.04596600047079846, 0.42244300038873916,0,0,27.8,0.0,1
6710,1776087352.77138,0.05359800070436904, 0.40282400004798546,0,0,27.8,0.0,1
6711,1776087352.8001742,0.04630500006896909, 0.3891579999617534,0,0,27.8,0.0,1
6712,1776087352.8301637,0.04678499954025028, 0.3661310001916718,0,0,27.8,0.0,1
6712,1776087352.890643,31.12907800004905, 0.336323000738048,3,2,27.8,0.0,0
6713,1776087352.9097555,16.39836899994407, 0.2271920002385741,5,2,27.8,0.0,0
6714,1776087353.1995008,20.79120899998088, 256.46660799975507,2,2,27.8,0.0,0
6716,1776087353.2027042,0.26355399950261926, 0.29995499971846584,0,2,27.8,0.0,1
6717,1776087353.2177498,1.844164000431192, 0.32065600044006715,0,2,27.8,0.0,1
6718,1776087353.2502787,0.21206800010986626, 0.26635999984137015,0,1,27.8,0.0,1
6719,1776087353.2761927,0.23367599987977883, 0.33842900029412704,0,0,27.8,0.0,1
6720,1776087353.3054214,0.05111700011184439, 0.3923379999832832,0,0,27.8,0.0,1
6721,1776087353.3351274,0.046336000195879024, 0.38938600027904613,0,0,27.8,0.0,1
6722,1776087353.3646617,0.043244999687885866, 0.37081299979035975,0,0,27.8,0.0,1
6723,1776087353.3950639,0.05143199996382464, 0.3926469998987159,0,0,27.8,0.0,1
6724,1776087353.4244163,0.06294099966908107, 0.4517289999057539,0,0,27.8,0.0,1
6725,1776087353.453873,0.0462990001324215, 0.3770789999180124,0,0,27.8,0.0,1
6726,1776087353.4837246,0.04660400009015575, 0.4098649997104076,0,0,27.8,0.0,1
6727,1776087353.5132987,0.04565400013234466, 0.37611900006595533,0,0,27.8,0.0,1
6728,1776087353.5435717,0.05749299998569768, 0.4057460000694846,0,0,27.8,0.0,1
6729,1776087353.5726783,0.04056699981447309, 0.3701800005728728,0,0,27.8,0.0,1
6730,1776087353.602755,0.06692000079056015, 0.36294300025474513,0,0,27.8,0.0,1
6731,1776087353.632869,0.046067999392107595, 0.3499770000416902,0,0,27.8,0.0,1
6732,1776087353.6622605,0.047264999921026174, 0.3332819997012848,0,0,27.8,0.0,1
6733,1776087353.692152,0.04595599966705777, 0.34268000035808655,0,0,27.8,0.0,1
6734,1776087353.7218184,0.04483800057641929, 0.34120899999834364,0,0,27.8,0.0,1
6735,1776087353.7517333,0.06294300055742497, 0.34531799974502064,0,0,27.8,0.0,1
6736,1776087353.7811446,0.04606499987858115, 0.3350429997226456,0,0,27.8,0.0,1
6737,1776087353.8113284,0.04980199992132839, 0.3780489996643155,0,0,27.8,0.0,1
6738,1776087353.8408327,0.05224800042924471, 0.3385359996173065,0,0,27.8,0.0,1
6739,1776087353.8706238,0.04685299973061774, 0.35498500074027106,0,0,27.8,0.0,1
6740,1776087353.9004154,0.04990799970983062, 0.37341200004448183,0,0,27.8,0.0,1
6741,1776087353.9299448,0.04732100023829844, 0.3479629995126743,0,0,27.8,0.0,1
6742,1776087353.9597301,0.059380000493547413, 0.3378669998710393,0,0,27.8,0.0,1
6743,1776087353.9896178,0.045122999836166855, 0.3669820007417002,0,0,27.8,0.0,1
6744,1776087354.0189562,0.04248899949743645, 0.3469889998086728,0,0,27.8,0.0,1
6745,1776087354.0488591,0.0469859996883315, 0.3452580003795447,0,0,27.8,0.0,1
6746,1776087354.0782485,0.044489000174507964, 0.3384609999557142,0,0,27.8,0.0,1
6747,1776087354.1084068,0.04919100047118263, 0.38619499991909834,0,0,27.8,0.0,1
6748,1776087354.137861,0.044907999836141244, 0.3469009998298134,0,0,27.8,0.0,1
6749,1776087354.1677523,0.04517999968811637, 0.3443589994276408,0,0,27.8,0.0,1
6749,1776087354.2277467,30.747371999495954, 0.22851599987916416,1,1,27.8,0.0,0
6750,1776087354.2440643,14.549900000019989, 0.19347800025570905,2,0,27.8,0.0,0
6751,1776087354.2781734,21.276522999869485, 0.24561600002925843,2,2,27.8,0.0,0
6752,1776087354.3062148,19.575713999984146, 0.22235300002648728,2,2,27.8,0.0,0
6753,1776087354.5964923,20.349215999885928, 259.4968699995661,2,2,27.8,0.0,0
6755,1776087354.600568,0.27253999996901257, 0.32049800029199105,0,2,27.8,0.0,1
6756,1776087354.6132078,0.26690100003179396, 0.33960000018851133,0,2,27.8,0.0,1
6757,1776087354.6447287,1.8187310006396729, 0.29648400050064083,0,1,27.8,0.0,1
6758,1776087354.677615,0.19282499943074072, 0.2755330006039003,0,0,27.8,0.0,1
6759,1776087354.7025173,0.04720800006907666, 0.37680399964301614,0,0,27.8,0.0,1
6760,1776087354.7323146,0.04581900066114031, 0.38333599968609633,0,0,27.8,0.0,1
6761,1776087354.7619667,0.0441169995610835, 0.34958300057041924,0,0,27.8,0.0,1
6762,1776087354.7914996,0.05094799962535035, 0.36594599987438414,0,0,27.8,0.0,1
6763,1776087354.820986,0.045710999984294176, 0.35834199934470234,0,0,27.8,0.0,1
6764,1776087354.8504546,0.04579899996315362, 0.3794640006162808,0,0,27.8,0.0,1
6765,1776087354.8803933,0.05402900023909751, 0.37667699962185,0,0,27.8,0.0,1
6766,1776087354.9098492,0.04343499949754914, 0.3444009998929687,0,0,27.8,0.0,1
6767,1776087354.9400866,0.04268199973012088, 0.366342000233999,0,0,27.8,0.0,1
6768,1776087354.9698586,0.042546999793557916, 0.3445590000410448,0,0,27.8,0.0,1
6769,1776087354.9998145,0.04606299989973195, 0.34238599982927553,0,0,27.8,0.0,1
6770,1776087355.0295153,0.0518039996677544, 0.3790740001932136,0,0,27.8,0.0,1
6771,1776087355.0589068,0.04317399998399196, 0.3494789998512715,0,0,27.8,0.0,1
6772,1776087355.0886717,0.04494800032261992, 0.3801519997068681,0,0,27.8,0.0,1
6773,1776087355.1180232,0.04677099968830589, 0.3892329996233457,0,0,27.8,0.0,1
6774,1776087355.1483643,0.04735999937111046, 0.37226799940981437,0,0,27.8,0.0,1
6775,1776087355.1781597,0.04915200042887591, 0.3771960000449326,0,0,27.8,0.0,1
6776,1776087355.2076962,0.042689000110840425, 0.3627579999374575,0,0,27.8,0.0,1
6777,1776087355.2370112,0.04899700070382096, 0.3849659997285926,0,0,27.8,0.0,1
6778,1776087355.2665088,0.04906899994239211, 0.36655599978985265,0,0,27.8,0.0,1
6779,1776087355.2962089,0.044254999920667615, 0.3807140001299558,0,0,27.8,0.0,1
6780,1776087355.3263984,0.04729200009023771, 0.40132600042852573,0,0,27.8,0.0,1
6781,1776087355.3555586,0.04225599968776805, 0.377255000785226,0,0,27.8,0.0,1
6782,1776087355.3862257,0.05226899975241395, 0.389323000490549,0,0,27.8,0.0,1
6783,1776087355.4160109,0.053928999477648176, 0.38220599981286796,0,0,27.8,0.0,1
6784,1776087355.4452546,0.04198599981464213, 0.3418750002310844,0,0,27.8,0.0,1
6785,1776087355.4750333,0.04483500015339814, 0.3417010002522147,0,0,27.8,0.0,1
6786,1776087355.504746,0.06170399956317851, 0.35155499972461257,0,0,27.8,0.0,1
6787,1776087355.5346115,0.04443199941306375, 0.36181900031806435,0,0,27.8,0.0,1
6788,1776087355.5637372,0.04577899926516693, 0.4193300001134048,0,0,27.8,0.0,1
6788,1776087355.6115532,18.000088000007963, 0.23266999960469548,14,2,27.8,0.0,0
6789,1776087355.6487355,22.102347999862104, 0.2141149998351466,16,0,27.8,0.0,0
6790,1776087355.673148,18.550581999988935, 0.21738800023740623,18,2,27.8,0.0,0
6791,1776087355.7034135,19.78738300022087, 0.22656900000583846,18,2,27.8,0.0,0
6792,1776087355.9931889,19.972715999756474, 260.16915299987886,23,2,27.8,0.0,0
6794,1776087355.996198,0.2358209994781646, 0.290025999674981,0,2,27.8,0.0,1
6795,1776087356.0095687,0.2936529999715276, 0.3829849993053358,0,1,27.8,0.0,1
6796,1776087356.0392206,0.257271999544173, 0.3956930004278547,0,1,27.8,0.0,1
6797,1776087356.0704854,1.7600119999769959, 0.322694999340456,0,0,27.8,0.0,1
6798,1776087356.1029265,0.035587000638770405, 0.2618279995658668,0,0,27.8,0.0,1
6799,1776087356.128213,0.0460640003439039, 0.384291999580455,0,0,27.8,0.0,1
6800,1776087356.1578891,0.04363599964563036, 0.3700789993672515,0,0,27.8,0.0,1
6801,1776087356.1876554,0.04307099970901618, 0.36455000008572824,0,0,27.8,0.0,1
6802,1776087356.2173407,0.046239999392128084, 0.37102399983268697,0,0,27.8,0.0,1
6803,1776087356.2475557,0.05004700051358668, 0.3583050001907395,0,0,27.8,0.0,1
6804,1776087356.276785,0.04200100011075847, 0.3482450001683901,0,0,27.8,0.0,1
6805,1776087356.306469,0.046487999497912824, 0.3756039996005711,0,0,27.8,0.0,1
6806,1776087356.3362548,0.0463679998574662, 0.38975300049060024,0,0,27.8,0.0,1
6807,1776087356.3659966,0.04665300002670847, 0.3854139995382866,0,0,27.8,0.0,1
6808,1776087356.3956285,0.04159400032222038, 0.36832099976891186,0,0,27.8,0.0,1
6809,1776087356.425378,0.04693500068242429, 0.39025200021569617,0,0,27.8,0.0,1
6810,1776087356.4554787,0.058957999499398284, 0.4378669991638162,0,0,27.8,0.0,1
6811,1776087356.4848342,0.04919599996355828, 0.37859300027776044,0,0,27.8,0.0,1
6812,1776087356.5145354,0.04661700040742289, 0.3706580000653048,0,0,27.8,0.0,1
6813,1776087356.5442142,0.04667899975174805, 0.3838069997073035,0,0,27.8,0.0,1
6814,1776087356.5738745,0.04235099913785234, 0.3440750006120652,0,0,27.8,0.0,1
6815,1776087356.6043057,0.05020400021749083, 0.38107299951661844,0,0,27.8,0.0,1
6816,1776087356.6338027,0.050442999963706825, 0.36367700067785336,0,0,27.8,0.0,1
6817,1776087356.6632624,0.046441000449704006, 0.3963800008932594,0,0,27.8,0.0,1
6818,1776087356.692709,0.04191799962427467, 0.3614609995565843,0,0,27.8,0.0,1
6819,1776087356.7225513,0.0460680003016023, 0.41396300002816133,0,0,27.8,0.0,1
6820,1776087356.7522135,0.045634999878529925, 0.43207099952269346,0,0,27.8,0.0,1
6821,1776087356.7822874,0.06314599977486068, 0.4571590006889892,0,0,27.8,0.0,1
6822,1776087356.8116906,0.046223999561334495, 0.4021380000267527,0,0,27.8,0.0,1
6823,1776087356.8414984,0.047184999857563525, 0.3892419999829144,0,0,27.8,0.0,1
6824,1776087356.8714774,0.048844000048120506, 0.38581599983444903,0,0,27.8,0.0,1
6825,1776087356.9008615,0.04874299975199392, 0.3832730008070939,0,0,27.8,0.0,1
6826,1776087356.9305153,0.04619100036507007, 0.3748859999177512,0,0,27.8,0.0,1
6827,1776087356.9602575,0.04573899968818296, 0.3832829997918452,0,0,27.8,0.0,1
6827,1776087357.0209153,30.351545000485203, 0.22938300025998615,6,2,27.8,0.0,0
6828,1776087357.0369895,14.33774999986781, 0.2064339996650233,9,0,27.8,0.0,0
6829,1776087357.0719454,21.33494800000335, 0.2330150000489084,13,2,27.8,0.0,0
6830,1776087357.0991828,18.830189000254904, 0.21879399992030812,13,2,27.8,0.0,0
6831,1776087357.3874948,19.48743499997363, 258.83644100031233,11,2,27.8,0.0,0
6833,1776087357.3918583,0.2553100002842257, 0.29595599971798947,0,2,27.8,0.0,1
6834,1776087357.4069195,0.2887010004997137, 0.3431510003792937,0,1,27.8,0.0,1
6835,1776087357.438222,1.7193720004797797, 0.3250320005463436,0,0,27.8,0.0,1
6836,1776087357.4701276,0.035598999602370895, 0.26017599975602934,0,0,27.8,0.0,1
6837,1776087357.4960415,0.05131700072524836, 0.3680440004245611,0,0,27.8,0.0,1
6838,1776087357.5252767,0.04353399981482653, 0.33458999951108126,0,0,27.8,0.0,1
6839,1776087357.5554707,0.050831000407924876, 0.36695299968414474,0,0,27.8,0.0,1
6840,1776087357.5848846,0.044688999878417235, 0.34031799987133127,0,0,27.8,0.0,1
6841,1776087357.6142504,0.043293999624438584, 0.33746900044206996,0,0,27.8,0.0,1
6842,1776087357.643808,0.041353999222337734, 0.35320999995747115,0,0,27.8,0.0,1
6843,1776087357.673473,0.04623099994205404, 0.400020999222761,0,0,27.8,0.0,1
6844,1776087357.7034073,0.0533480006197351, 0.394633000723843,0,0,27.8,0.0,1
6845,1776087357.7327864,0.04327100032242015, 0.34626599972398253,0,0,27.8,0.0,1
6846,1776087357.7625377,0.04406500011100434, 0.3758409993679379,0,0,27.8,0.0,1
6847,1776087357.7922077,0.04643599913833896, 0.37213999985397095,0,0,27.8,0.0,1
6848,1776087357.822966,0.052272999710112344, 0.4039109999212087,0,0,27.8,0.0,1
6849,1776087357.852176,0.04350800008978695, 0.3507840001475415,0,0,27.8,0.0,1
6850,1776087357.8819003,0.04384000021673273, 0.3400049999982002,0,0,27.8,0.0,1
6851,1776087357.9117515,0.05880899971089093, 0.3493229996820446,0,0,27.8,0.0,1
6852,1776087357.941189,0.04563000038615428, 0.3375289998075459,0,0,27.8,0.0,1
6853,1776087357.9710941,0.04321799951867433, 0.3494789998512715,0,0,27.8,0.0,1
6854,1776087358.0009167,0.042846000724239275, 0.3474240002105944,0,0,27.8,0.0,1
6855,1776087358.030086,0.043542000639718026, 0.36932800048816716,0,0,27.8,0.0,1
6856,1776087358.0597506,0.06705299983877921, 0.3754089993890375,0,0,27.8,0.0,1
6857,1776087358.0895412,0.04689500019594561, 0.37928700021439,0,0,27.8,0.0,1
6858,1776087358.1198046,0.06942200070625404, 0.40929700026026694,0,0,27.8,0.0,1
6859,1776087358.1490903,0.046176000068953726, 0.33801600056904135,0,0,27.8,0.0,1
6860,1776087358.1785164,0.04585599981510313, 0.42257400036760373,0,0,27.8,0.0,1
6861,1776087358.2087808,0.04348699985712301, 0.3672919992823154,0,0,27.8,0.0,1
6862,1776087358.238618,0.05011099983676104, 0.4082260002178373,0,0,27.8,0.0,1
6863,1776087358.2677822,0.04694199924415443, 0.35268699957669014,0,0,27.8,0.0,1
6864,1776087358.297948,0.043480999920575414, 0.34617500023159664,0,0,27.8,0.0,1
6865,1776087358.3281195,0.051822999921569135, 0.3711790004672366,0,0,27.8,0.0,1
6866,1776087358.3573263,0.04330200044933008, 0.3505039994706749,0,0,27.8,0.0,1
6866,1776087358.4181645,30.910483000297972, 0.23242899987963028,7,2,27.8,0.0,0
6867,1776087358.4587243,22.027988000445475, 0.22197700036485912,7,0,27.8,0.0,0
6868,1776087358.4745817,14.121455999884347, 0.2355090000492055,8,2,27.8,0.0,0
6869,1776087358.4905367,12.24154100054875, 0.23538599998573773,8,2,27.8,0.0,0
6870,1776087358.7845016,20.676174000072933, 257.58291199963423,6,2,27.8,0.0,0
6872,1776087358.7881615,0.2542450001783436, 0.30762799997319235,0,2,27.8,0.0,1
6873,1776087358.8032775,0.2715199998419848, 0.3449460000410909,0,2,27.8,0.0,1
6874,1776087358.8334327,0.3042880007342319, 0.38097800006653415,0,2,27.8,0.0,1
6875,1776087358.8645139,1.8920969996543135, 0.3611069996622973,0,0,27.8,0.0,1
6876,1776087358.896048,0.035246000152255874, 0.26812499982042937,0,0,27.8,0.0,1
6877,1776087358.9214356,0.046500999815179966, 0.3852399995594169,0,0,27.8,0.0,1
6878,1776087358.951439,0.055407000218110625, 0.45627100007550325,0,0,27.8,0.0,1
6879,1776087358.9820862,0.042298999687773176, 0.32057299995358335,0,0,27.8,0.0,1
6880,1776087359.0106392,0.04339099996286677, 0.3713930000230903,0,0,27.8,0.0,1
6881,1776087359.0403748,0.04784399970958475, 0.4041559996039723,0,0,27.8,0.0,1
6882,1776087359.0699065,0.0411040000471985, 0.3377479997652699,0,0,27.8,0.0,1
6883,1776087359.0998573,0.04332899970904691, 0.3669799998533563,0,0,27.8,0.0,1
6884,1776087359.1300812,0.05412099926616065, 0.4082100003870437,0,0,27.8,0.0,1
6885,1776087359.1596785,0.05640600011247443, 0.3908710004907334,0,0,27.8,0.0,1
6886,1776087359.1887984,0.042628000301192515, 0.33933699978661025,0,0,27.8,0.0,1
6887,1776087359.2187333,0.04847699983656639, 0.4461070002435008,0,0,27.8,0.0,1
6888,1776087359.2487807,0.046423999265243765, 0.33903900020959554,0,0,27.8,0.0,1
6889,1776087359.278258,0.05029800013289787, 0.41203899945685407,0,0,27.8,0.0,1
6890,1776087359.3076882,0.0471499997729552, 0.40123100006894674,0,0,27.8,0.0,1
6891,1776087359.3378363,0.04665200049203122, 0.3613939998103888,0,0,27.8,0.0,1
6892,1776087359.3678284,0.04382600036478834, 0.3446870005063829,0,0,27.8,0.0,1
6893,1776087359.3976188,0.049934000344364904, 0.3615440000430681,0,0,27.8,0.0,1
6894,1776087359.4275439,0.04666599943448091, 0.36320100025477586,0,0,27.8,0.0,1
6895,1776087359.4572604,0.052348999815876596, 0.3755890002139495,0,0,27.8,0.0,1
6896,1776087359.4869435,0.04718500076705823, 0.38201500046852743,0,0,27.8,0.0,1
6897,1776087359.5162537,0.042550000216579065, 0.34179900012532016,0,0,27.8,0.0,1
6898,1776087359.5459697,0.04230400008964352, 0.3410259996599052,0,0,27.8,0.0,1
6899,1776087359.57586,0.047339000047941227, 0.3389450002941885,0,0,27.8,0.0,1
6900,1776087359.6056406,0.04209800044918666, 0.3619740000431193,0,0,27.8,0.0,1
6901,1776087359.635439,0.05210899962548865, 0.3847130001304322,0,0,27.8,0.0,1
6902,1776087359.6651795,0.04775599973072531, 0.3832399997918401,0,0,27.8,0.0,1
6903,1776087359.694766,0.04796600023837527, 0.3452869996181107,0,0,27.8,0.0,1
6904,1776087359.7241898,0.04429499949765159, 0.33308599995507393,0,0,27.8,0.0,1
6905,1776087359.7543292,0.04592300047079334, 0.375407000319683,0,0,27.8,0.0,1
6905,1776087359.8158894,32.16021099979116, 0.32291699972120114,11,2,27.8,0.0,0
6906,1776087359.866433,22.499486000015168, 0.3485180004645372,14,0,27.8,0.0,0
6907,1776087359.8843088,16.132601000208524, 0.21356500019464875,12,2,27.8,0.0,0
6908,1776087359.8978586,11.809573999926215, 0.2058019999822136,16,2,27.8,0.0,0
6909,1776087360.1713107,11.965847999817925, 256.31042400073056,17,1,27.8,0.0,0
6911,1776087360.1750772,0.20171899996057618, 0.3072760000577546,0,1,27.8,0.0,1
6912,1776087360.1999974,0.21934799951850437, 0.343025999427482,0,1,27.8,0.0,1
6913,1776087360.2309325,1.6541260001758928, 0.30282199986686464,0,1,27.8,0.0,1
6914,1776087360.2638402,0.16878399947017897, 0.26253899977746187,0,0,27.8,0.0,1
6915,1776087360.288503,0.0460579994978616, 0.3437310006120242,0,0,27.8,0.0,1
6916,1776087360.318723,0.05624999994324753, 0.3458439996393281,0,0,27.8,0.0,1
6917,1776087360.3482435,0.040500000068277586, 0.3423020007176092,0,0,27.8,0.0,1
6918,1776087360.3783777,0.048101000174938235, 0.3845729997919989,0,0,27.8,0.0,1
6919,1776087360.4078317,0.045279000005393755, 0.3484520002530189,0,0,27.8,0.0,1
6920,1776087360.4379258,0.04862000059802085, 0.387122000574891,0,0,27.8,0.0,1
6921,1776087360.4670932,0.045729000703431666, 0.33351999991282355,0,0,27.8,0.0,1
6922,1776087360.4973328,0.05102100021758815, 0.36989899945183424,0,0,27.8,0.0,1
6923,1776087360.5267568,0.06129199937277008, 0.3462430004219641,0,0,27.8,0.0,1
6924,1776087360.5566401,0.04444400019565364, 0.35807299991574837,0,0,27.8,0.0,1
6925,1776087360.5862107,0.04680199981521582, 0.3393699998923694,0,0,27.8,0.0,1
6926,1776087360.616184,0.04812299994227942, 0.3794690001086565,0,0,27.8,0.0,1
6927,1776087360.6456058,0.05173699992155889, 0.36079599976801546,0,0,27.8,0.0,1
6928,1776087360.6756449,0.04522299968812149, 0.36112599991611205,0,0,27.8,0.0,1
6929,1776087360.7053223,0.04796600023837527, 0.3665570002340246,0,0,27.8,0.0,1
6930,1776087360.7347915,0.047198999709507916, 0.34320299982937286,0,0,27.8,0.0,1
6931,1776087360.7643182,0.044289000470598694, 0.3441059998294804,0,0,27.8,0.0,1
6932,1776087360.7943127,0.04881800032308092, 0.36895900029776385,0,0,27.8,0.0,1
6933,1776087360.8240037,0.043197999730182346, 0.3422919999138685,0,0,27.8,0.0,1
6934,1776087360.8537023,0.04367100063973339, 0.36096800067753065,0,0,27.8,0.0,1
6935,1776087360.883174,0.04330299998400733, 0.3460730004007928,0,0,27.8,0.0,1
6936,1776087360.913165,0.05164100002730265, 0.3763589993468486,0,0,27.8,0.0,1
6937,1776087360.9431536,0.0491620003231219, 0.3841560001092148,0,0,27.8,0.0,1
6938,1776087360.9726508,0.04696199994214112, 0.36028700014867354,0,0,27.8,0.0,1
6939,1776087361.0020893,0.044178000280226115, 0.3493109998089494,0,0,27.8,0.0,1
6940,1776087361.0322115,0.049250000301981345, 0.39145299979281845,0,0,27.8,0.0,1
6941,1776087361.0619576,0.04890199943474727, 0.3746800002772943,0,0,27.8,0.0,1
6942,1776087361.091119,0.04852399979426991, 0.3778179998334963,0,0,27.8,0.0,1
6943,1776087361.120433,0.047247000111383386, 0.3906800002368982,0,0,27.8,0.0,1
6944,1776087361.150471,0.058106000324187335, 0.41183400026056916,0,0,27.8,0.0,1
6944,1776087361.210262,30.568590999791923, 0.2327009997316054,11,2,27.8,0.0,0
6945,1776087361.226847,14.903600000252482, 0.19988199983345112,12,0,27.8,0.0,0
6946,1776087361.2591333,20.16583000022365, 0.23326900009124074,14,2,27.8,0.0,0
6947,1776087361.2901673,20.90250399942306, 0.22056800025893608,11,2,27.8,0.0,0
6948,1776087361.5777597,19.514317999892228, 259.6601909999663,10,2,27.8,0.0,0
6950,1776087361.5816367,0.27897499967366457, 0.20689299981313525,0,2,27.8,0.0,1
6951,1776087361.5970185,0.2800390002448694, 0.34273900018888526,0,2,27.8,0.0,1
6952,1776087361.6265838,0.30340600005729357, 0.37193899970588973,0,1,27.8,0.0,1
6953,1776087361.6580086,1.8783349996738252, 0.33189500027219765,0,0,27.8,0.0,1
6954,1776087361.689877,0.046813999688311014, 0.25925000045390334,0,0,27.8,0.0,1
6955,1776087361.7150857,0.04503400032263016, 0.3339949998917291,0,0,27.8,0.0,1
6956,1776087361.7447503,0.05921800038777292, 0.34269200023118174,0,0,27.8,0.0,1
6957,1776087361.7743382,0.05319699994288385, 0.44096599958720617,0,0,27.8,0.0,1
6958,1776087361.8039362,0.042953000047418755, 0.3602439992391737,0,0,27.8,0.0,1
6959,1776087361.8337817,0.06957000005058944, 0.3761670004678308,0,0,27.8,0.0,1
6960,1776087361.864244,0.051683000492630526, 0.41277399941463955,0,0,27.8,0.0,1
6961,1776087361.894062,0.04934899970976403, 0.3784440004892531,0,0,27.8,0.0,1
6962,1776087361.9231715,0.04336399979365524, 0.3473209999356186,0,0,27.8,0.0,1
6963,1776087361.9530718,0.04285800059733447, 0.34355299976596143,0,0,27.8,0.0,1
6964,1776087361.9836767,0.0552100000277278, 0.39809300051274477,0,0,27.8,0.0,1
6965,1776087362.0123248,0.044623999201576225, 0.3347809997649165,0,0,27.8,0.0,1
6966,1776087362.0424237,0.05169299947738182, 0.37273199995979667,0,0,27.8,0.0,1
6967,1776087362.0721667,0.04559899934974965, 0.3788900003200979,0,0,27.8,0.0,1
6968,1776087362.1019602,0.047151999751804397, 0.38810800015198765,0,0,27.8,0.0,1
6969,1776087362.1312463,0.04497900044952985, 0.33803999940573703,0,0,27.8,0.0,1
6970,1776087362.1611466,0.04853199970966671, 0.36690900014946237,0,0,27.8,0.0,1
6971,1776087362.1908138,0.040885999624151736, 0.3455759997450514,0,0,27.8,0.0,1
6972,1776087362.2205536,0.04650800019589951, 0.3700080005728523,0,0,27.8,0.0,1
6973,1776087362.2500536,0.04259900015313178, 0.33880200044222875,0,0,27.8,0.0,1
6974,1776087362.2801929,0.05036200036556693, 0.3846660001727287,0,0,27.8,0.0,1
6975,1776087362.309033,0.045539999518950935, 0.38337499972840305,0,0,27.8,0.0,1
6976,1776087362.3390822,0.04369199996290263, 0.3365829998074332,0,0,27.8,0.0,1
6977,1776087362.3690896,0.04584100042848149, 0.3430680008023046,0,0,27.8,0.0,1
6978,1776087362.3987496,0.05999000040901592, 0.35083500006294344,0,0,27.8,0.0,1
6979,1776087362.4281964,0.043680000089807436, 0.343654000062088,0,0,27.8,0.0,1
6980,1776087362.4579883,0.0425669995820499, 0.3433150004639174,0,0,27.8,0.0,1
6981,1776087362.4878573,0.04674399951909436, 0.33983299999817973,0,0,27.8,0.0,1
6982,1776087362.5179608,0.049297000259684864, 0.37883999993937323,0,0,27.8,0.0,1
6983,1776087362.5474846,0.04653100040741265, 0.3727629991772119,0,0,27.8,0.0,1
6983,1776087362.6068592,30.617194000114978, 0.2308410003024619,10,2,27.8,0.0,0
6984,1776087362.6231413,14.539257000251382, 0.2027649998126435,8,0,27.8,0.0,0
6985,1776087362.658742,21.522925999306608, 0.22211899977264693,7,2,27.8,0.0,0
6986,1776087362.6841528,18.24307700007921, 0.21571300021605566,7,2,27.8,0.0,0
6987,1776087362.9755466,20.295289999921806, 258.61129499935487,8,2,27.8,0.0,0
6989,1776087362.979974,0.22884600002726074, 0.17783399925974663,0,2,27.8,0.0,1
6990,1776087362.9930878,0.27171700003236765, 0.3330209992782329,0,2,27.8,0.0,1
6991,1776087363.025089,1.826417999836849, 0.32383300003857585,0,2,27.8,0.0,1
6992,1776087363.0566292,0.22746400009054923, 0.2589819996501319,0,0,27.8,0.0,1
6993,1776087363.0822997,0.04744099987874506, 0.36935600019205594,0,0,27.8,0.0,1
6994,1776087363.1122432,0.04898099996353267, 0.37754000004497357,0,0,27.8,0.0,1
6995,1776087363.1417263,0.06047100032446906, 0.349431999893568,0,0,27.8,0.0,1
6996,1776087363.1711733,0.0466069996036822, 0.3316290003567701,0,0,27.8,0.0,1
6997,1776087363.2012634,0.04672600061894627, 0.38066400065872585,0,0,27.8,0.0,1
6998,1776087363.2307768,0.0445910000053118, 0.3450149997661356,0,0,27.8,0.0,1
6999,1776087363.2606754,0.04256100055499701, 0.3655199998320313,0,0,27.8,0.0,1
7000,1776087363.290138,0.04471300053410232, 0.3383820003364235,0,0,27.8,0.0,1
7001,1776087363.3199005,0.045681999836233445, 0.3365400007169228,0,0,27.8,0.0,1
7002,1776087363.3496432,0.04508800066105323, 0.35518699951353483,0,0,27.8,0.0,1
7003,1776087363.3792973,0.04419499964569695, 0.33558900031493977,0,0,27.8,0.0,1
7004,1776087363.4093184,0.04834199990000343, 0.37899200015090173,0,0,27.8,0.0,1
7005,1776087363.4391992,0.05217100078880321, 0.37611100015055854,0,0,27.8,0.0,1
7006,1776087363.4682956,0.043432999518699944, 0.3392470007383963,0,0,27.8,0.0,1
7007,1776087363.4986029,0.04714499937108485, 0.3647189996627276,0,0,27.8,0.0,1
7008,1776087363.5282266,0.04568599979393184, 0.34282699925825,0,0,27.8,0.0,1
7009,1776087363.5576253,0.046112999370961916, 0.36045499928150093,0,0,27.8,0.0,1
7010,1776087363.58717,0.04345600063970778, 0.3362500001458102,0,0,27.8,0.0,1
7011,1776087363.6173432,0.050364999879093375, 0.379774999601068,0,0,27.8,0.0,1
7012,1776087363.6469114,0.04507100038608769, 0.3429950002100668,0,0,27.8,0.0,1
7013,1776087363.6769307,0.050874999942607246, 0.3764240000236896,0,0,27.8,0.0,1
7014,1776087363.7060206,0.04456000078789657, 0.3358470003149705,0,0,27.8,0.0,1
7015,1776087363.735931,0.046145999476721045, 0.3331019997858675,0,0,27.8,0.0,1
7016,1776087363.7653313,0.048967999646265525, 0.3341009996802313,0,0,27.8,0.0,1
7017,1776087363.7952318,0.041991000216512475, 0.3463580005700351,0,0,27.8,0.0,1
7018,1776087363.8253114,0.04818599973077653, 0.37441099993884563,0,0,27.8,0.0,1
7019,1776087363.8551257,0.04942499981552828, 0.37863800025661476,0,0,27.8,0.0,1
7020,1776087363.8846884,0.04407500000525033, 0.35527899945009267,0,0,27.8,0.0,1
7021,1776087363.9143326,0.04928999987896532, 0.37264900038280757,0,0,27.8,0.0,1
7022,1776087363.943893,0.04460699983610539, 0.33973199970205314,0,0,27.8,0.0,1
7022,1776087364.007789,34.00036400034878, 0.2200779999839142,8,2,27.8,0.0,0
7023,1776087364.023555,13.997806999213935, 0.21561300036410103,7,0,27.8,0.0,0
7024,1776087364.0533783,19.26307999929122, 0.22367700057657203,11,2,27.8,0.0,0
7025,1776087364.082571,19.547502000023087, 0.24964099975477438,6,2,27.8,0.0,0
7026,1776087364.3726363,21.06999999978143, 258.82105200071237,6,2,27.8,0.0,0
7028,1776087364.3756723,0.26235800032736734, 0.288985000224784,0,2,27.8,0.0,1
7029,1776087364.3891883,0.2917560004789266, 0.3779170001507737,0,1,27.8,0.0,1
7030,1776087364.4188356,0.246499000240874, 0.3494139991744305,0,1,27.8,0.0,1
7031,1776087364.4501972,1.7919480005730293, 0.3280299997641123,0,0,27.8,0.0,1
7032,1776087364.4826448,0.04274500042811269, 0.2590989997770521,0,0,27.8,0.0,1
7033,1776087364.5078304,0.04221099970891373, 0.34147499991377117,0,0,27.8,0.0,1
7034,1776087364.5375957,0.042394000047352165, 0.36921200080541894,0,0,27.8,0.0,1
7035,1776087364.567282,0.04557800002658041, 0.36678699962067185,0,0,27.8,0.0,1
7036,1776087364.5975158,0.048009000238380395, 0.36812800044572214,0,0,27.8,0.0,1
7037,1776087364.6268368,0.0506389997099177, 0.38482400032080477,0,0,27.8,0.0,1
7038,1776087364.6566193,0.04315800015319837, 0.392405999264156,0,0,27.8,0.0,1
7039,1776087364.6864119,0.05287500061967876, 0.4444840005817241,0,0,27.8,0.0,1
7040,1776087364.7160218,0.04650800019589951, 0.3931699993700022,0,0,27.8,0.0,1
7041,1776087364.745764,0.047855000048002694, 0.4290589995434857,0,0,27.8,0.0,1
7042,1776087364.7754004,0.050429000111762434, 0.4369629996290314,0,0,27.8,0.0,1
7043,1776087364.8058283,0.049184999625140335, 0.38108300032035913,0,0,27.8,0.0,1
7044,1776087364.8348157,0.04890700074611232, 0.38760500046919333,0,0,27.8,0.0,1
7045,1776087364.864687,0.05105699983687373, 0.4559999997582054,0,0,27.8,0.0,1
7046,1776087364.8946035,0.04300199998397147, 0.3771539995796047,0,0,27.8,0.0,1
7047,1776087364.9243934,0.04446599996299483, 0.36625999928219244,0,0,27.8,0.0,1
7048,1776087364.9542027,0.043742000343627296, 0.3319749994261656,0,0,27.8,0.0,1
7049,1776087364.9842162,0.04882800021732692, 0.40042100044956896,0,0,27.8,0.0,1
7050,1776087365.013773,0.043400999857112765, 0.34165899978688685,0,0,27.8,0.0,1
7051,1776087365.0432098,0.04649799939215882, 0.3371259999767062,0,0,27.8,0.0,1
7052,1776087365.0730422,0.04322600034356583, 0.3401650001251255,0,0,27.8,0.0,1
7053,1776087365.1030855,0.051619999794638716, 0.3792489997067605,0,0,27.8,0.0,1
7054,1776087365.1325943,0.04214000000501983, 0.3586040002119262,0,0,27.8,0.0,1
7055,1776087365.1620653,0.043030000597354956, 0.3373539993845043,0,0,27.8,0.0,1
7056,1776087365.1922164,0.04646900015359279, 0.3760249992410536,0,0,27.8,0.0,1
7057,1776087365.22201,0.04362199979368597, 0.34856799993576715,0,0,27.8,0.0,1
7058,1776087365.2510822,0.045046999730402604, 0.34455800050636753,0,0,27.8,0.0,1
7059,1776087365.2810597,0.04741600059787743, 0.34341399987170007,0,0,27.8,0.0,1
7060,1776087365.3110757,0.047981000534491614, 0.3894479996233713,0,0,27.8,0.0,1
7061,1776087365.3406117,0.050245999773324, 0.3663990000859485,0,0,27.8,0.0,1
7061,1776087365.4017055,31.455446999643755, 0.2885779995267512,15,2,27.8,0.0,0
7062,1776087365.4559617,23.97068699974625, 0.23985200004972285,17,0,27.8,0.0,0
7063,1776087365.4733868,15.667728999687824, 0.22872599947731942,11,2,27.8,0.0,0
7064,1776087365.486992,11.871435000102792, 0.21784899945487268,11,2,27.8,0.0,0
7065,1776087365.7589505,11.970315000326082, 257.7071000005162,12,1,27.8,0.0,0
7067,1776087365.7624671,0.21538800046982942, 0.3328600005261251,0,1,27.8,0.0,1
7068,1776087365.785784,0.2364270003454294, 0.35145299989380874,0,1,27.8,0.0,1
7069,1776087365.8179696,1.8013770004472462, 0.33871300001919735,0,1,27.8,0.0,1
7070,1776087365.850592,0.1777179995769984, 0.26598500062391395,0,0,27.8,0.0,1
7071,1776087365.8751984,0.0448179998784326, 0.3407950007385807,0,0,27.8,0.0,1
7072,1776087365.9050128,0.04211699979350669, 0.3445960001045023,0,0,27.8,0.0,1
7073,1776087365.9351397,0.04784599968843395, 0.3825490002782317,0,0,27.8,0.0,1
7074,1776087365.9646692,0.044018999687978067, 0.36106500010646414,0,0,27.8,0.0,1
7075,1776087365.9944901,0.046145999476721045, 0.3833559994745883,0,0,27.8,0.0,1
7076,1776087366.0239117,0.04497899954003515, 0.3400730001885677,0,0,27.8,0.0,1
7077,1776087366.05391,0.046813000153633766, 0.33723399974405766,0,0,27.8,0.0,1
7078,1776087366.0838873,0.05160099954082398, 0.3803999998126528,0,0,27.8,0.0,1
7079,1776087366.1134803,0.049917000069399364, 0.3786079996643821,0,0,27.8,0.0,1
7080,1776087366.1431065,0.046643000132462475, 0.38462900010927115,0,0,27.8,0.0,1
7081,1776087366.1728466,0.04554899987851968, 0.33771800008253194,0,0,27.8,0.0,1
7082,1776087366.2026036,0.04394000006868737, 0.35539000054995995,0,0,27.8,0.0,1
7083,1776087366.231912,0.04622100004780805, 0.34099399999831803,0,0,27.8,0.0,1
7084,1776087366.261768,0.04452499979379354, 0.3463829998509027,0,0,27.8,0.0,1
7085,1776087366.291628,0.05414600036601769, 0.35940800080425106,0,0,27.8,0.0,1
7086,1776087366.3211079,0.04256800002622185, 0.34408000010444084,0,0,27.8,0.0,1
7087,1776087366.3512182,0.04838299992115935, 0.3779640001084772,0,0,27.8,0.0,1
7088,1776087366.3802862,0.04183100008958718, 0.3392889993847348,0,0,27.8,0.0,1
7089,1776087366.410068,0.04258499939169269, 0.33405500016669976,0,0,27.8,0.0,1
7090,1776087366.4400043,0.0466069996036822, 0.34430899995641084,0,0,27.8,0.0,1
7091,1776087366.4698665,0.04243000057613244, 0.34588100061228033,0,0,27.8,0.0,1
7092,1776087366.4995952,0.04351799998403294, 0.3741230002560769,0,0,27.8,0.0,1
7093,1776087366.5290112,0.04448999970918521, 0.3404059998501907,0,0,27.8,0.0,1
7094,1776087366.558849,0.04664800053433282, 0.33800199980760226,0,0,27.8,0.0,1
7095,1776087366.5887597,0.04481100040720776, 0.34513799982960336,0,0,27.8,0.0,1
7096,1776087366.6186755,0.0446659996669041, 0.36161000025458634,0,0,27.8,0.0,1
7097,1776087366.6480467,0.04486800025915727, 0.3378809997229837,0,0,27.8,0.0,1
7098,1776087366.6777973,0.04441800047061406, 0.34303899974474916,0,0,27.8,0.0,1
7099,1776087366.7076645,0.046223999561334495, 0.35933500021201326,0,0,27.8,0.0,1
7100,1776087366.7370312,0.044909000280313194, 0.3442430006543873,0,0,27.8,0.0,1
7100,1776087366.7990909,32.07845099950646, 0.2468250004312722,10,2,27.8,0.0,0
7101,1776087366.8148196,14.018136999766284, 0.2065819999188534,9,0,27.8,0.0,0
7102,1776087366.8455963,19.736057000045548, 0.23390199930872768,10,2,27.8,0.0,0
7103,1776087366.876807,20.575843000187888, 0.24986500011436874,8,2,27.8,0.0,0
7104,1776087367.1617262,18.862375000026077, 257.32476900066104,7,2,27.8,0.0,0
7106,1776087367.1653326,0.2490580000085174, 0.2991380006278632,0,2,27.8,0.0,1
7107,1776087367.183044,0.28459700024541235, 0.3337859998282511,0,1,27.8,0.0,1
7108,1776087367.2131405,0.2577440000095521, 0.3823509996436769,0,0,27.8,0.0,1
7109,1776087367.243632,1.5561489999527112, 0.31065300026966725,0,0,27.8,0.0,1
7110,1776087367.276614,0.03700800061778864, 0.26844300009543076,0,0,27.8,0.0,1
7111,1776087367.3018215,0.04849400011153193, 0.3385970003364491,0,0,27.8,0.0,1
7112,1776087367.331578,0.05127600070409244, 0.35747699985222425,0,0,27.8,0.0,1
7113,1776087367.3615665,0.046660999942105263, 0.37184800021350384,0,0,27.8,0.0,1
7114,1776087367.3911467,0.050813999223464634, 0.3783749998547137,0,0,27.8,0.0,1
7115,1776087367.4210172,0.05099200006952742, 0.38120299996080576,0,0,27.8,0.0,1
7116,1776087367.4501646,0.04516400076681748, 0.3554259992597508,0,0,27.8,0.0,1
7117,1776087367.4800634,0.04339299994171597, 0.3418100004637381,0,0,27.8,0.0,1
7118,1776087367.5097582,0.0591710004300694, 0.3527529997882084,0,0,27.8,0.0,1
7119,1776087367.539556,0.04899299983662786, 0.371537000319222,0,0,27.8,0.0,1
7120,1776087367.5693836,0.04655500015360303, 0.38108900025690673,0,0,27.8,0.0,1
7121,1776087367.5989559,0.047309999899880495, 0.33766099932108773,0,0,27.8,0.0,1
7122,1776087367.6286216,0.0503290002598078, 0.35980299981019925,0,0,27.8,0.0,1
7123,1776087367.6585617,0.0529589997313451, 0.36342199928185437,0,0,27.8,0.0,1
7124,1776087367.68831,0.04881200038653333, 0.3758409993679379,0,0,27.8,0.0,1
7125,1776087367.718097,0.04897700000583427, 0.3860520000671386,0,0,27.8,0.0,1
7126,1776087367.7475688,0.048936999519355595, 0.36701199951494345,0,0,27.8,0.0,1
7127,1776087367.7774162,0.047716000153741334, 0.382518999685999,0,0,27.8,0.0,1
7128,1776087367.8071673,0.04861799970967695, 0.37870099913561717,0,0,27.8,0.0,1
7129,1776087367.8371384,0.04850999994232552, 0.38457600021502003,0,0,27.8,0.0,1
7130,1776087367.8665757,0.05172399960429175, 0.3651750002973131,0,0,27.8,0.0,1
7131,1776087367.8964438,0.04942199939250713, 0.3739599997061305,0,0,27.8,0.0,1
7132,1776087367.9262388,0.04974200055585243, 0.37461200008692686,0,0,27.8,0.0,1
7133,1776087367.9553213,0.04485199951886898, 0.32666599963704357,0,0,27.8,0.0,1
7134,1776087367.9855216,0.053562000175588764, 0.3507900000840891,0,0,27.8,0.0,1
7135,1776087368.015251,0.0523409999004798, 0.37112899917701725,0,0,27.8,0.0,1
7136,1776087368.0447388,0.059564000366663095, 0.3468080003585783,0,0,27.8,0.0,1
7137,1776087368.0742142,0.0436569998782943, 0.3403169994271593,0,0,27.8,0.0,1
7138,1776087368.1043632,0.04897500002698507, 0.37599999996018596,0,0,27.8,0.0,1
7139,1776087368.1340759,0.04857699968852103, 0.39487300000473624,0,0,27.8,0.0,1
7139,1776087368.1951709,31.578148000335204, 0.33493999944766983,3,2,27.8,0.0,0
7140,1776087368.251098,23.24872300050629, 0.2228029998150305,5,0,27.8,0.0,0
7141,1776087368.2721117,17.907166999975743, 0.2203859994551749,2,2,27.8,0.0,0
7142,1776087368.3031452,20.483747000071162, 0.2532700000301702,1,2,27.8,0.0,0
7143,1776087368.5887167,18.674400000236346, 258.37509899974975,4,2,27.8,0.0,0
7145,1776087368.5916708,0.25456000003032386, 0.28420799935702235,0,2,27.8,0.0,1
7146,1776087368.6087847,0.29015099971729796, 0.4416819992911769,0,0,27.8,0.0,1
7147,1776087368.6405075,1.6577819997110055, 0.35082900012639584,0,0,27.8,0.0,1
7148,1776087368.672524,0.03593499968701508, 0.2716689996304922,0,0,27.8,0.0,1
7149,1776087368.6977339,0.0682440004311502, 0.35031500010518357,0,0,27.8,0.0,1
7150,1776087368.728057,0.05158800013305154, 0.3805780006587156,0,0,27.8,0.0,1
7151,1776087368.7575226,0.06026700066286139, 0.425633000304515,0,0,27.8,0.0,1
7152,1776087368.7869537,0.04601599994202843, 0.383605000024545,0,0,27.8,0.0,1
7153,1776087368.8167126,0.0479219997941982, 0.41865000002871966,0,0,27.8,0.0,1
7154,1776087368.847222,0.04800899932888569, 0.39031200049066683,0,0,27.8,0.0,1
7155,1776087368.8770192,0.04742999954032712, 0.38625199977104785,0,0,27.8,0.0,1
7156,1776087368.9065387,0.04990799970983062, 0.35508800010575214,0,0,27.8,0.0,1
7157,1776087368.9362996,0.04698499924415955, 0.3765520004890277,0,0,27.8,0.0,1
7158,1776087368.9658828,0.04256200008967426, 0.34779599991452415,0,0,27.8,0.0,1
7159,1776087368.9960227,0.04925600023852894, 0.3817630004050443,0,0,27.8,0.0,1
7160,1776087369.0254943,0.047988999540393706, 0.3777600004468695,0,0,27.8,0.0,1
7161,1776087369.0553067,0.05325799975253176, 0.36774699947272893,0,0,27.8,0.0,1
7162,1776087369.085126,0.05184899964660872, 0.3793400001086411,0,0,27.8,0.0,1
7163,1776087369.11463,0.04820300000574207, 0.36382300004333956,0,0,27.8,0.0,1
7164,1776087369.1444376,0.05019000036554644, 0.3769650002141134,0,0,27.8,0.0,1
7165,1776087369.1738975,0.04434199945535511, 0.3411249999771826,0,0,27.8,0.0,1
7166,1776087369.203581,0.04910000006930204, 0.384311999368947,0,0,27.8,0.0,1
7167,1776087369.2331657,0.04482299937080825, 0.3365760003362084,0,0,27.8,0.0,1
7168,1776087369.2629714,0.045365000005404, 0.3386549997230759,0,0,27.8,0.0,1
7169,1776087369.2929962,0.046833999476803, 0.38517800021509174,0,0,27.8,0.0,1
7170,1776087369.3224895,0.04897800045000622, 0.38583300010941457,0,0,27.8,0.0,1
7171,1776087369.3526735,0.04461699973035138, 0.35660399953485467,0,0,27.8,0.0,1
7172,1776087369.382073,0.04896500013273908, 0.3782150006372831,0,0,27.8,0.0,1
7173,1776087369.4120586,0.04754399924422614, 0.38108500029920833,0,0,27.8,0.0,1
7174,1776087369.4413793,0.04874500064033782, 0.3869439997288282,0,0,27.8,0.0,1
7175,1776087369.471384,0.0500149999425048, 0.38199299979169155,0,0,27.8,0.0,1
7176,1776087369.5010836,0.04857299973082263, 0.3764319999390864,0,0,27.8,0.0,1
7177,1776087369.530514,0.046905999624868855, 0.3919810005754698,0,0,27.8,0.0,1
7178,1776087369.5602875,0.04649099992093397, 0.3743719998965389,0,0,27.8,0.0,1
7178,1776087369.6209223,30.893565000042145, 0.2369920002820436,4,2,27.8,0.0,0
7179,1776087369.6405463,16.61501499984297, 0.21460399966599653,5,0,27.8,0.0,0
7180,1776087369.674736,21.311694999894826, 0.2759239996521501,4,2,27.8,0.0,0
7181,1776087369.698877,17.549628000779194, 0.2228500006822287,5,2,27.8,0.0,0
7182,1776087369.9904926,20.13907200034737, 260.52306600013253,6,2,27.8,0.0,0
7184,1776087369.994596,0.2722909994190559, 0.3184530005455599,0,2,27.8,0.0,1
7185,1776087370.00556,0.2785259994197986, 0.32320100035576615,0,1,27.8,0.0,1
7186,1776087370.035463,0.23293499998544576, 0.3430780006965506,0,1,27.8,0.0,1
7187,1776087370.0667818,1.7288589997406234, 0.3025389996764716,0,0,27.8,0.0,1
7188,1776087370.09919,0.03492899941193173, 0.2617590007503168,0,0,27.8,0.0,1
7189,1776087370.1249883,0.046440999540209305, 0.38312000015139347,0,0,27.8,0.0,1
7190,1776087370.1545842,0.05424899973149877, 0.3567889998521423,0,0,27.8,0.0,1
7191,1776087370.1841183,0.04353399981482653, 0.34033799965982325,0,0,27.8,0.0,1
7192,1776087370.2142363,0.05203199998504715, 0.3786950001085643,0,0,27.8,0.0,1
7193,1776087370.243943,0.05329299983714009, 0.38035800025681965,0,0,27.8,0.0,1
7194,1776087370.2735848,0.04656200053432258, 0.3724099997270969,0,0,27.8,0.0,1
7195,1776087370.3028948,0.04643700049200561, 0.33444800010329345,0,0,27.8,0.0,1
7196,1776087370.3331463,0.04925299981550779, 0.3804830002991366,0,0,27.8,0.0,1
7197,1776087370.362588,0.04419499964569695, 0.35481299983075587,0,0,27.8,0.0,1
7198,1776087370.3923357,0.04829899989999831, 0.37274600072123576,0,0,27.8,0.0,1
7199,1776087370.4221854,0.048066999625007156, 0.3796229993895395,0,0,27.8,0.0,1
7200,1776087370.4519823,0.0503250003021094, 0.37750499996036524,0,0,27.8,0.0,1
7201,1776087370.4818892,0.049745000069378875, 0.3736219996426371,0,0,27.8,0.0,1
7202,1776087370.51119,0.04963300034432905, 0.3767710004467517,0,0,27.8,0.0,1
7203,1776087370.5410972,0.048986999900080264, 0.3750949999812292,0,0,27.8,0.0,1
7204,1776087370.570623,0.05130699992150767, 0.36508300036075525,0,0,27.8,0.0,1
7205,1776087370.6004875,0.04894099947705399, 0.3731560000233003,0,0,27.8,0.0,1
7206,1776087370.6297958,0.044098999751440715, 0.3349170001456514,0,0,27.8,0.0,1
7207,1776087370.6596687,0.04292399989935802, 0.35684700014826376,0,0,27.8,0.0,1
7208,1776087370.6894817,0.0483069998153951, 0.3698640002767206,0,0,27.8,0.0,1
7209,1776087370.71922,0.049903000217454974, 0.3878269999404438,0,0,27.8,0.0,1
7210,1776087370.7489626,0.052770000365853775, 0.3738570003406494,0,0,27.8,0.0,1
7211,1776087370.7783103,0.0423440005761222, 0.3327900003569084,0,0,27.8,0.0,1
7212,1776087370.8084536,0.05096099994261749, 0.38197899993974715,0,0,27.8,0.0,1
7213,1776087370.8378692,0.045030999899609014, 0.33810300010372885,0,0,27.8,0.0,1
7214,1776087370.8680165,0.0499400002809125, 0.3754299996217014,0,0,27.8,0.0,1
7215,1776087370.8974364,0.05153399979462847, 0.3728639994733385,0,0,27.8,0.0,1
7216,1776087370.9274037,0.052273000619607046, 0.3791900007854565,0,0,27.8,0.0,1
7217,1776087370.957062,0.05173699992155889, 0.37191699993854854,0,0,27.8,0.0,1
7217,1776087371.0165875,30.06923800057848, 0.24244800079031847,4,2,27.8,0.0,0
7218,1776087371.0332582,14.988484000241442, 0.21856300008948892,1,0,27.8,0.0,0
7219,1776087371.0648637,20.494993000284012, 0.2201349998358637,2,2,27.8,0.0,0
7220,1776087371.0963085,20.634696000342956, 0.21436799943330698,3,2,27.8,0.0,0
7221,1776087371.3820422,18.571937000160688, 259.66233700000885,6,1,27.8,0.0,0
7223,1776087371.3861754,0.2150210002582753, 0.3087029999733204,0,1,27.8,0.0,1
7224,1776087371.4023616,0.21333800032152794, 0.32927499978541164,0,1,27.8,0.0,1
7225,1776087371.4341233,1.845077999860223, 0.3282350007793866,0,1,27.8,0.0,1
7226,1776087371.4666646,0.18489600006432738, 0.26034199981950223,0,0,27.8,0.0,1
7227,1776087371.4916587,0.043775999984063674, 0.36090499997953884,0,0,27.8,0.0,1
7228,1776087371.5213954,0.04587199964589672, 0.381498000024294,0,0,27.8,0.0,1
7229,1776087371.5509958,0.043136999920534436, 0.34031199993478367,0,0,27.8,0.0,1
7230,1776087371.5809424,0.04469499981496483, 0.34321600014664,0,0,27.8,0.0,1
7231,1776087371.6105413,0.047886000174912624, 0.3664560008473927,0,0,27.8,0.0,1
7232,1776087371.6403139,0.048100999265443534, 0.37077599972690223,0,0,27.8,0.0,1
7233,1776087371.6699998,0.04573900059767766, 0.3403919999982463,0,0,27.8,0.0,1
7234,1776087371.6993272,0.042487999962759204, 0.3320079995319247,0,0,27.8,0.0,1
7235,1776087371.7291539,0.04238499968778342, 0.3438040002947673,0,0,27.8,0.0,1
7236,1776087371.7593133,0.048269999751937576, 0.37756199981231475,0,0,27.8,0.0,1
7237,1776087371.7891953,0.04715100021712715, 0.37798099947394803,0,0,27.8,0.0,1
7238,1776087371.8182638,0.04330199953983538, 0.33915299991349457,0,0,27.8,0.0,1
7239,1776087371.8481102,0.04300799992051907, 0.3451330003372277,0,0,27.8,0.0,1
7240,1776087371.8781202,0.05020800017518923, 0.3713489995789132,0,0,27.8,0.0,1
7241,1776087371.9080882,0.047509999603789765, 0.3791540002566762,0,0,27.8,0.0,1
7242,1776087371.937507,0.05042400061938679, 0.3713890000653919,0,0,27.8,0.0,1
7243,1776087371.967051,0.04369999987829942, 0.3446689997872454,0,0,27.8,0.0,1
7244,1776087371.9971697,0.049917000069399364, 0.37933099974907236,0,0,27.8,0.0,1
7245,1776087372.026725,0.045882999984314665, 0.3804380003202823,0,0,27.8,0.0,1
7246,1776087372.0563188,0.04818699926545378, 0.3778039999815519,0,0,27.8,0.0,1
7247,1776087372.0862303,0.05038800009060651, 0.3860730002998025,0,0,27.8,0.0,1
7248,1776087372.1159196,0.04670900034398073, 0.38307700015138835,0,0,27.8,0.0,1
7249,1776087372.1451187,0.0448159998995834, 0.3401140002097236,0,0,27.8,0.0,1
7250,1776087372.1752603,0.04703400009020697, 0.3696849998959806,0,0,27.8,0.0,1
7251,1776087372.2047892,0.04439900021679932, 0.34935399980895454,0,0,27.8,0.0,1
7252,1776087372.2345057,0.047417999667231925, 0.38265599960141117,0,0,27.8,0.0,1
7253,1776087372.2643938,0.0472270003228914, 0.38981599936960265,0,0,27.8,0.0,1
7254,1776087372.2941782,0.04730700038635405, 0.37669500034098746,0,0,27.8,0.0,1
7255,1776087372.3237336,0.058786000408872496, 0.34591399980854476,0,0,27.8,0.0,1
7256,1776087372.353215,0.04146799983573146, 0.3430180004215799,0,0,27.8,0.0,1
7256,1776087372.4144616,31.54300099959073, 0.3057960002479376,6,2,27.8,0.0,0
7257,1776087372.4310474,14.88611199965817, 0.20309399951656815,7,0,27.8,0.0,0
7258,1776087372.4596062,18.675775999327016, 0.21847500011062948,7,2,27.8,0.0,0
7259,1776087372.4940913,21.440002000417735, 0.24655500055814628,5,2,27.8,0.0,0
7260,1776087372.7833402,21.5254710001318, 260.35270800002763,5,1,27.8,0.0,0
7262,1776087372.7863843,0.18435200036037713, 0.3863749998345156,0,1,27.8,0.0,1
7263,1776087372.7983615,0.20694399972853716, 0.333693000357016,0,1,27.8,0.0,1
7264,1776087372.8283637,0.22611699932895135, 0.3950809996240423,0,0,27.8,0.0,1
7265,1776087372.8598924,1.6615940003248397, 0.3378990004421212,0,0,27.8,0.0,1
7266,1776087372.892028,0.035945000490755774, 0.262448000285076,0,0,27.8,0.0,1
7267,1776087372.917377,0.04580899985739961, 0.3848959995593759,0,0,27.8,0.0,1
7268,1776087372.9472184,0.04519199956121156, 0.3914059998351149,0,0,27.8,0.0,1
7269,1776087372.9769502,0.0465319999420899, 0.3649380005299463,0,0,27.8,0.0,1
7270,1776087373.0074322,0.050489999921410345, 0.38112200036266586,0,0,27.8,0.0,1
7271,1776087373.0371282,0.049666999984765425, 0.38799000049039023,0,0,27.8,0.0,1
7272,1776087373.0662277,0.044035999962943606, 0.34008100010396447,0,0,27.8,0.0,1
7273,1776087373.096431,0.05023199992137961, 0.3751900003408082,0,0,27.8,0.0,1
7274,1776087373.1261573,0.05085499924462056, 0.37740800053143175,0,0,27.8,0.0,1
7275,1776087373.156159,0.05292100013321033, 0.37623899970640196,0,0,27.8,0.0,1
7276,1776087373.1854126,0.04604400055541191, 0.3783610000027693,0,0,27.8,0.0,1
7277,1776087373.2153707,0.0487810002596234, 0.375512000573508,0,0,27.8,0.0,1
7278,1776087373.2450867,0.051578000238805544, 0.38521499936905457,0,0,27.8,0.0,1
7279,1776087373.2747178,0.06888099960633554, 0.3427080000619753,0,0,27.8,0.0,1
7280,1776087373.3043277,0.04744299985759426, 0.36524300048768055,0,0,27.8,0.0,1
7281,1776087373.3342292,0.04788200021721423, 0.3801060001933365,0,0,27.8,0.0,1
7282,1776087373.3638186,0.04356699992058566, 0.35103200025332626,0,0,27.8,0.0,1
7283,1776087373.393508,0.04842099951929413, 0.38951799979258794,0,0,27.8,0.0,1
7284,1776087373.4232717,0.04604399964591721, 0.37882200012973044,0,0,27.8,0.0,1
7285,1776087373.4531097,0.05214100019657053, 0.3885890000674408,0,0,27.8,0.0,1
7286,1776087373.4826312,0.04113300019525923, 0.38258899985521566,0,0,27.8,0.0,1
7287,1776087373.5124166,0.04810700011148583, 0.38145800044731004,0,0,27.8,0.0,1
7288,1776087373.5415854,0.05736700040870346, 0.406311999540776,0,0,27.8,0.0,1
7289,1776087373.571256,0.04903900025965413, 0.40409800021734554,0,0,27.8,0.0,1
7290,1776087373.6007986,0.07488500068575377, 0.3835319994323072,0,0,27.8,0.0,1
7291,1776087373.6312346,0.05010899985791184, 0.36602099953597644,0,0,27.8,0.0,1
7292,1776087373.6611018,0.050487999942561146, 0.38463500004581874,0,0,27.8,0.0,1
7293,1776087373.690639,0.042584000766510144, 0.3709499997057719,0,0,27.8,0.0,1
7294,1776087373.71975,0.06338000002870103, 0.35595899953477783,0,0,27.8,0.0,1
7295,1776087373.7495837,0.05420199977379525, 0.43531500068638707,0,0,27.8,0.0,1
7295,1776087373.8114197,31.963037999958033, 0.26115499986190116,4,2,27.8,0.0,0
7296,1776087373.827162,14.078864000111935, 0.20257200048945379,4,0,27.8,0.0,0
7297,1776087373.8610797,21.070452000458317, 0.2373769993937458,3,2,27.8,0.0,0
7298,1776087373.8865638,18.205491999651713, 0.23475799935113173,4,2,27.8,0.0,0
7299,1776087374.1800535,21.000073000323027, 260.84418299979006,2,1,27.8,0.0,0
7301,1776087374.183188,0.19620900002337294, 0.30530799995176494,0,1,27.8,0.0,1
7302,1776087374.1952002,0.22505799915961688, 0.38738300008844817,0,1,27.8,0.0,1
7303,1776087374.2267017,1.7917669993039453, 0.31946699982654536,0,0,27.8,0.0,1
7304,1776087374.2588298,0.03565899987734156, 0.26286499996786006,0,0,27.8,0.0,1
7305,1776087374.284187,0.04591899960360024, 0.38316799964377424,0,0,27.8,0.0,1
7306,1776087374.3140073,0.046198000745789614, 0.3866810002364218,0,0,27.8,0.0,1
7307,1776087374.3445363,0.048875000175030436, 0.38970700006757397,0,0,27.8,0.0,1
7308,1776087374.3742557,0.04750500011141412, 0.3868220001095324,0,0,27.8,0.0,1
7309,1776087374.4040384,0.0489370004288503, 0.3813879993685987,0,0,27.8,0.0,1
7310,1776087374.433558,0.04747399998450419, 0.37110099947312847,0,0,27.8,0.0,1
7311,1776087374.4629986,0.04405100025905995, 0.3401300000405172,0,0,27.8,0.0,1
7312,1776087374.493097,0.04935899960401002, 0.3872030001730309,0,0,27.8,0.0,1
7313,1776087374.5223627,0.04518100013228832, 0.3499770000416902,0,0,27.8,0.0,1
7314,1776087374.5523386,0.0613349993727752, 0.37361700015026145,0,0,27.8,0.0,1
7315,1776087374.582362,0.04925599932903424, 0.38289100029942347,0,0,27.8,0.0,1
7316,1776087374.6113307,0.050630000259843655, 0.3667290002340451,0,0,27.8,0.0,1
7317,1776087374.6407526,0.062062000324658584, 0.3438120002101641,0,0,27.8,0.0,1
7318,1776087374.6704762,0.045851000322727486, 0.3779740000027232,0,0,27.8,0.0,1
7319,1776087374.7002442,0.04655800057662418, 0.3820729998551542,0,0,27.8,0.0,1
7320,1776087374.7300365,0.04601099954015808, 0.38901599964447087,0,0,27.8,0.0,1
7321,1776087374.759968,0.04414100021676859, 0.35609599945019,0,0,27.8,0.0,1
7322,1776087374.7893426,0.04700499994214624, 0.3654689999166294,0,0,27.8,0.0,1
7323,1776087374.819783,0.06928300081199268, 0.39906500023789704,0,0,27.8,0.0,1
7324,1776087374.848869,0.045945999772811774, 0.3658979994725087,0,0,27.8,0.0,1
7325,1776087374.878561,0.04688100034400122, 0.42324300011387095,0,0,27.8,0.0,1
7326,1776087374.908218,0.04658600028051296, 0.38447099996119505,0,0,27.8,0.0,1
7327,1776087374.9380896,0.044965999222768005, 0.39074400046956725,0,0,27.8,0.0,1
7328,1776087374.9686346,0.049964000027102884, 0.4736909995699534,0,0,27.8,0.0,1
7329,1776087374.9984553,0.04883999918092741, 0.38177399983396754,0,0,27.8,0.0,1
7330,1776087375.028082,0.04979900040780194, 0.39001899949653307,0,0,27.8,0.0,1
7331,1776087375.057605,0.050740000006044284, 0.36841200017079245,0,0,27.8,0.0,1
7332,1776087375.0870295,0.04213800002617063, 0.3472970001894282,0,0,27.8,0.0,1
7333,1776087375.1168294,0.04531299964583013, 0.3447319995757425,0,0,27.8,0.0,1
7334,1776087375.1470363,0.05151599998498568, 0.37797100048919674,0,0,27.8,0.0,1
7334,1776087375.2069638,30.614661000072374, 0.30227499973989325,3,2,27.8,0.0,0
7335,1776087375.223311,14.666428999589698, 0.21794599979330087,3,0,27.8,0.0,0
7336,1776087375.2575986,20.837680000113323, 0.2370729998801835,3,2,27.8,0.0,0
7337,1776087375.2840662,18.660038000234636, 0.23185500049294205,4,2,27.8,0.0,0
7338,1776087375.5748148,20.266998999431962, 259.59978199989564,3,2,27.8,0.0,0
7340,1776087375.5783613,0.2526179996493738, 0.29545300003519515,0,2,27.8,0.0,1
7341,1776087375.592384,0.2801810005621519, 0.34011899970209925,0,1,27.8,0.0,1
7342,1776087375.6222255,0.23386900011246325, 0.3483239997876808,0,1,27.8,0.0,1
7343,1776087375.653765,1.7677890000413754, 0.3259189998061629,0,0,27.8,0.0,1
7344,1776087375.6854484,0.041264000174123794, 0.2595770001789788,0,0,27.8,0.0,1
7345,1776087375.7113276,0.04730499949801015, 0.3783829997701105,0,0,27.8,0.0,1
7346,1776087375.740819,0.047028999688336626, 0.3440370001044357,0,0,27.8,0.0,1
7347,1776087375.7709818,0.05104600040795049, 0.3816520002146717,0,0,27.8,0.0,1
7348,1776087375.8001497,0.04325400004745461, 0.3397449991098256,0,0,27.8,0.0,1
7349,1776087375.829916,0.04724500013253419, 0.33903100029419875,0,0,27.8,0.0,1
7350,1776087375.8600397,0.04739099949802039, 0.37761900057375897,0,0,27.8,0.0,1
7351,1776087375.8897667,0.04526800057647051, 0.33971799985010875,0,0,27.8,0.0,1
7352,1776087375.919113,0.044923000132257584, 0.3503859998090775,0,0,27.8,0.0,1
7353,1776087375.9489372,0.046318000386236235, 0.34204199982923456,0,0,27.8,0.0,1
7354,1776087375.979,0.060274999668763485, 0.45919299918750767,0,0,27.8,0.0,1
7355,1776087376.0080986,0.0531229998159688, 0.38239599962253124,0,0,27.8,0.0,1
7356,1776087376.0374167,0.04829199951927876, 0.38687200049025705,0,0,27.8,0.0,1
7357,1776087376.0678632,0.050458999794500414, 0.414576000366651,0,0,27.8,0.0,1
7358,1776087376.0976377,0.0425730004280922, 0.361575000169978,0,0,27.8,0.0,1
7359,1776087376.1271198,0.042904999645543285, 0.34481200054869987,0,0,27.8,0.0,1
7360,1776087376.157283,0.05181600045034429, 0.37327300015022047,0,0,27.8,0.0,1
7361,1776087376.1870322,0.05116099964652676, 0.3768920005313703,0,0,27.8,0.0,1
7362,1776087376.2170143,0.050199000725115184, 0.3834199997072574,0,0,27.8,0.0,1
7363,1776087376.2464082,0.05070299994258676, 0.38697899981343653,0,0,27.8,0.0,1
7364,1776087376.2758582,0.0455150002380833, 0.3372470000613248,0,0,27.8,0.0,1
7365,1776087376.305283,0.046365999878617004, 0.34533200050645974,0,0,27.8,0.0,1
7366,1776087376.3350341,0.044800000068789814, 0.3442639999775565,0,0,27.8,0.0,1
7367,1776087376.3651233,0.04728600015369011, 0.34619500002008863,0,0,27.8,0.0,1
7368,1776087376.3949575,0.05090600006951718, 0.3777189995162189,0,0,27.8,0.0,1
7369,1776087376.424503,0.046209000174712855, 0.38059899998188484,0,0,27.8,0.0,1
7370,1776087376.4539988,0.04382800034363754, 0.34351500016782666,0,0,27.8,0.0,1
7371,1776087376.4838471,0.04541299949778477, 0.340565999977116,0,0,27.8,0.0,1
7372,1776087376.51329,0.046054999984335154, 0.3370519998497912,0,0,27.8,0.0,1
7373,1776087376.543406,0.0494010000693379, 0.3814049996435642,0,0,27.8,0.0,1
7373,1776087376.6051867,32.0428710001579, 0.35883199961972423,3,2,27.8,0.0,0
7374,1776087376.657939,22.45588999994652, 0.25264699979743455,5,0,27.8,0.0,0
7375,1776087376.6852384,20.844567000494862, 0.2263569995193393,1,1,27.8,0.0,0
7376,1776087376.7105184,18.26703099959559, 0.23491200045100413,3,2,27.8,0.0,0
7377,1776087376.9966953,18.393934000414447, 258.6669950005671,4,1,27.8,0.0,0
7379,1776087377.0006166,0.21149299936951138, 0.3213870004401542,0,1,27.8,0.0,1
7380,1776087377.0187953,0.23398699977406068, 0.3380070002094726,0,1,27.8,0.0,1
7381,1776087377.049883,1.7210559999512043, 0.30025300020497525,0,1,27.8,0.0,1
7382,1776087377.0822659,0.16870799936441472, 0.26663100015866803,0,0,27.8,0.0,1
7383,1776087377.1078532,0.047157000153674744, 0.33801599965954665,0,0,27.8,0.0,1
7384,1776087377.1376765,0.042765999751281925, 0.36135099981038366,0,0,27.8,0.0,1
7385,1776087377.16715,0.041973999941546936, 0.34609400063345674,0,0,27.8,0.0,1
7386,1776087377.196853,0.04527300006884616, 0.3426449993639835,0,0,27.8,0.0,1
7387,1776087377.2267222,0.06132300040917471, 0.34583300021040486,0,0,27.8,0.0,1
7388,1776087377.256214,0.04621700009010965, 0.340347000019392,0,0,27.8,0.0,1
7389,1776087377.2860963,0.04636699941329425, 0.3573060002963757,0,0,27.8,0.0,1
7390,1776087377.3157978,0.04782900032296311, 0.34409599993523443,0,0,27.8,0.0,1
7391,1776087377.3456497,0.043060999814770184, 0.36152899974695174,0,0,27.8,0.0,1
7392,1776087377.3750973,0.045232000047690235, 0.33970899949054,0,0,27.8,0.0,1
7393,1776087377.4049413,0.04759800049214391, 0.33597600031498587,0,0,27.8,0.0,1
7394,1776087377.4347236,0.06422499973268714, 0.35165000008419156,0,0,27.8,0.0,1
7395,1776087377.4642048,0.04233899926475715, 0.3435849994275486,0,0,27.8,0.0,1
7396,1776087377.494078,0.043106999328301754, 0.34074300037900684,0,0,27.8,0.0,1
7397,1776087377.5238335,0.0466090004920261, 0.3398389999347273,0,0,27.8,0.0,1
7398,1776087377.5533314,0.047386000005644746, 0.34060100006172433,0,0,27.8,0.0,1
7399,1776087377.5831475,0.04276100025890628, 0.3390080000826856,0,0,27.8,0.0,1
7400,1776087377.6132967,0.04981799975212198, 0.37738799983344506,0,0,27.8,0.0,1
7401,1776087377.642775,0.045306999709282536, 0.34469999991415534,0,0,27.8,0.0,1
7402,1776087377.6725953,0.05221900028118398, 0.3575450000425917,0,0,27.8,0.0,1
7403,1776087377.7023118,0.048257999878842384, 0.37440300002344884,0,0,27.8,0.0,1
7404,1776087377.7318509,0.04491399977268884, 0.3420390003157081,0,0,27.8,0.0,1
7405,1776087377.761332,0.0428829998782021, 0.33661399993434316,0,0,27.8,0.0,1
7406,1776087377.7911453,0.044706000153382774, 0.34458299978723517,0,0,27.8,0.0,1
7407,1776087377.821235,0.05054699977335986, 0.3862869998556562,0,0,27.8,0.0,1
7408,1776087377.850968,0.04865299979428528, 0.3833169994322816,0,0,27.8,0.0,1
7409,1776087377.8802474,0.044692000301438384, 0.33392299974366324,0,0,27.8,0.0,1
7410,1776087377.910328,0.04800399983651005, 0.36711499978991924,0,0,27.8,0.0,1
7411,1776087377.9398704,0.04616699970938498, 0.34786499963956885,0,0,27.8,0.0,1
7412,1776087377.969269,0.04387599983601831, 0.3471829995760345,0,0,27.8,0.0,1
7412,1776087378.017332,18.043197999759286, 0.21036399994045496,4,2,27.8,0.0,0
7413,1776087378.0534108,22.118893999504508, 0.23247899935086025,6,0,27.8,0.0,0
7414,1776087378.0792372,19.329325000398967, 0.21688000015274156,3,2,27.8,0.0,0
7415,1776087378.1092107,20.10677799989935, 0.21741000000474742,1,2,27.8,0.0,0
7416,1776087378.3987699,19.187075999980152, 261.4409360003265,1,2,27.8,0.0,0
7418,1776087378.4023232,0.25666900000942405, 0.2998829995704,0,2,27.8,0.0,1
7419,1776087378.4153273,0.2672589998837793, 0.338677999934589,0,1,27.8,0.0,1
7420,1776087378.4450128,0.23532199975306867, 0.33704300039971713,0,1,27.8,0.0,1
7421,1776087378.4762924,1.6261929995380342, 0.3189429999110871,0,0,27.8,0.0,1
7422,1776087378.5083115,0.035772000046563335, 0.2638460000525811,0,0,27.8,0.0,1
7423,1776087378.5340471,0.045851999857404735, 0.33855499987112125,0,0,27.8,0.0,1
7424,1776087378.564053,0.0506410005982616, 0.37379900004452793,0,0,27.8,0.0,1
7425,1776087378.593639,0.04522400013229344, 0.35492200004227925,0,0,27.8,0.0,1
7426,1776087378.623075,0.046148000365064945, 0.33942200025194325,0,0,27.8,0.0,1
7427,1776087378.6535072,0.04956499924446689, 0.36958100008632755,0,0,27.8,0.0,1
7428,1776087378.6816988,0.05967900051473407, 0.30803699974057963,0,0,27.8,0.0,1
7429,1776087378.7126975,0.04743800036521861, 0.375521000023582,0,0,27.8,0.0,1
7430,1776087378.7420447,0.04660200011130655, 0.3414799994061468,0,0,27.8,0.0,1
7431,1776087378.7717988,0.045804999899701215, 0.3385170002729865,0,0,27.8,0.0,1
7432,1776087378.801681,0.0405529999625287, 0.35940599991590716,0,0,27.8,0.0,1
7433,1776087378.8315296,0.04610999985743547, 0.37430000065796776,0,0,27.8,0.0,1
7434,1776087378.8609786,0.046209000174712855, 0.34144199980801204,0,0,27.8,0.0,1
7435,1776087378.8908305,0.04270800036465516, 0.33919699944817694,0,0,27.8,0.0,1
7436,1776087378.9202657,0.04314099987823283, 0.3474770001048455,0,0,27.8,0.0,1
7437,1776087378.9504287,0.04749999970954377, 0.38277699968602974,0,0,27.8,0.0,1
7438,1776087378.9807649,0.04574100057652686, 0.31961900003807386,0,0,27.8,0.0,1
7439,1776087379.0099456,0.05111799964652164, 0.38448900068033254,0,0,27.8,0.0,1
7440,1776087379.0393984,0.04656300006899983, 0.37741199957963545,0,0,27.8,0.0,1
7441,1776087379.0693002,0.05123699975229101, 0.3696370004035998,0,0,27.8,0.0,1
7442,1776087379.099091,0.050229000407853164, 0.38731000040570507,0,0,27.8,0.0,1
7443,1776087379.1281996,0.04274399998394074, 0.34203799987153616,0,0,27.8,0.0,1
7444,1776087379.1580164,0.042706000385805964, 0.33842299944808474,0,0,27.8,0.0,1
7445,1776087379.1878521,0.044131999857199844, 0.3457529992374475,0,0,27.8,0.0,1
7446,1776087379.217653,0.04209100006846711, 0.36780400023417315,0,0,27.8,0.0,1
7447,1776087379.2470903,0.044409000111045316, 0.33494800027256133,0,0,27.8,0.0,1
7448,1776087379.2772791,0.04623699987860164, 0.3879670002788771,0,0,27.8,0.0,1
7449,1776087379.3070962,0.04973399973096093, 0.37711200002377154,0,0,27.8,0.0,1
7450,1776087379.336246,0.0449740000476595, 0.3361270000823424,0,0,27.8,0.0,1
7451,1776087379.3660307,0.04195600013190415, 0.34247100029460853,0,0,27.8,0.0,1
7451,1776087379.4270175,31.067538000570494, 0.23167400013335282,3,2,27.8,0.0,0
7452,1776087379.4717438,22.180558999934874, 0.26649800020095427,2,0,27.8,0.0,0
7453,1776087379.4894843,15.897100999609393, 0.2259540005979943,3,2,27.8,0.0,0
7454,1776087379.503091,11.83878900064883, 0.2082679993691272,5,2,27.8,0.0,0
7455,1776087379.7988818,19.557577000341553, 261.8299229998229,6,1,27.8,0.0,0
7457,1776087379.8027773,0.20959399989806116, 0.30280000009952346,0,1,27.8,0.0,1
7458,1776087379.8109255,0.17837599989434239, 0.2839839999069227,0,1,27.8,0.0,1
7459,1776087379.8439226,1.9769609998547821, 0.32692099921405315,0,1,27.8,0.0,1
7460,1776087379.875819,0.16794000021036481, 0.2595810001366772,0,0,27.8,0.0,1
7461,1776087379.900924,0.042380000195407774, 0.34153300020989263,0,0,27.8,0.0,1
7462,1776087379.9310863,0.04789099966728827, 0.38327199945342727,0,0,27.8,0.0,1
7463,1776087379.9609625,0.04920799983665347, 0.3801319999183761,0,0,27.8,0.0,1
7464,1776087379.9905088,0.053996000133338384, 0.36607000038202386,0,0,27.8,0.0,1
7465,1776087380.0195656,0.05377300021791598, 0.48946299921226455,0,0,27.8,0.0,1
7466,1776087380.0493834,0.05080499977339059, 0.37425699974846793,0,0,27.8,0.0,1
7467,1776087380.0786338,0.04216599973005941, 0.3696929998113774,0,0,27.8,0.0,1
7468,1776087380.1084726,0.047870000344119035, 0.38505900010932237,0,0,27.8,0.0,1
7469,1776087380.1381485,0.04519300000538351, 0.37975000032020034,0,0,27.8,0.0,1
7470,1776087380.1677938,0.043716000618587714, 0.3466460002528038,0,0,27.8,0.0,1
7471,1776087380.198105,0.05018899992137449, 0.39136600025813095,0,0,27.8,0.0,1
7472,1776087380.2274404,0.04763000015373109, 0.3917760004696902,0,0,27.8,0.0,1
7473,1776087380.257331,0.0516480004080222, 0.3650329999800306,0,0,27.8,0.0,1
7474,1776087380.2868564,0.042577999920467846, 0.3622799995355308,0,0,27.8,0.0,1
7475,1776087380.31647,0.04623600034392439, 0.3846850004265434,0,0,27.8,0.0,1
7476,1776087380.346731,0.04939599966746755, 0.4381870003271615,0,0,27.8,0.0,1
7477,1776087380.3759704,0.04634299966710387, 0.38522899922099896,0,0,27.8,0.0,1
7478,1776087380.4054732,0.04627900034392951, 0.366352000128245,0,0,27.8,0.0,1
7479,1776087380.4352467,0.0476140003229375, 0.3944890004277113,0,0,27.8,0.0,1
7480,1776087380.4654744,0.047977000576793216, 0.3884349998770631,0,0,27.8,0.0,1
7481,1776087380.4946609,0.04257599994161865, 0.36683999951492297,0,0,27.8,0.0,1
7482,1776087380.5247347,0.06187000053614611, 0.35282099997857586,0,0,27.8,0.0,1
7483,1776087380.554545,0.049821999709820375, 0.3727789999175002,0,0,27.8,0.0,1
7484,1776087380.5838456,0.047151999751804397, 0.38037000012991484,0,0,27.8,0.0,1
7485,1776087380.613652,0.04615499983628979, 0.400973000068916,0,0,27.8,0.0,1
7486,1776087380.643827,0.04454300051293103, 0.3509170001052553,0,0,27.8,0.0,1
7487,1776087380.6739938,0.047466000069107395, 0.3811899996435386,0,0,27.8,0.0,1
7488,1776087380.7034407,0.05139700078871101, 0.37881799926253734,0,0,27.8,0.0,1
7489,1776087380.7332823,0.046832000407448504, 0.38070000027801143,0,0,27.8,0.0,1
7490,1776087380.7630653,0.05088600028102519, 0.3827270002147998,0,0,27.8,0.0,1
7490,1776087380.8225183,30.418285999985528, 0.30838800012134016,6,2,27.8,0.0,0
7491,1776087380.8391454,14.91452800019033, 0.2226979995612055,4,0,27.8,0.0,0
7492,1776087380.873891,21.155695000743435, 0.21924200063949684,7,2,27.8,0.0,0
7493,1776087380.901855,19.536069999958272, 0.21586200000456301,8,2,27.8,0.0,0
7494,1776087381.1888127,19.076194999797735, 258.646055999634,8,2,27.8,0.0,0
7496,1776087381.1927652,0.27874999977939297, 0.2687320002223714,0,2,27.8,0.0,1
7497,1776087381.2084603,0.2756160001808894, 0.3283639998699073,0,2,27.8,0.0,1
7498,1776087381.2382882,0.27481500001158565, 0.3442069992161123,0,2,27.8,0.0,1
7499,1776087381.2700243,1.9139040005029528, 0.3482060001260834,0,0,27.8,0.0,1
7500,1776087381.3023806,0.037529999644903, 0.28276099965296453,0,0,27.8,0.0,1
7501,1776087381.3271334,0.043650999941746704, 0.34238599982927553,0,0,27.8,0.0,1
7502,1776087381.357225,0.04831000023841625, 0.37463500029844,0,0,27.8,0.0,1
7503,1776087381.3870978,0.052133000281173736, 0.376513000446721,0,0,27.8,0.0,1
7504,1776087381.4165924,0.043234000258962624, 0.3589770003600279,0,0,27.8,0.0,1
7505,1776087381.4464462,0.049885000407812186, 0.38487799974973314,0,0,27.8,0.0,1
7506,1776087381.4761906,0.04799999987881165, 0.3771980000237818,0,0,27.8,0.0,1
7507,1776087381.5060031,0.05068700011179317, 0.38646300072286977,0,0,27.8,0.0,1
7508,1776087381.5355725,0.042441000005055685, 0.35625700002128724,0,0,27.8,0.0,1
7509,1776087381.565031,0.044659000195679255, 0.339449999955832,0,0,27.8,0.0,1
7510,1776087381.5950837,0.05104399951960659, 0.39224500051204814,0,0,27.8,0.0,1
7511,1776087381.6246774,0.04376200013211928, 0.36825200004386716,0,0,27.8,0.0,1
7512,1776087381.654425,0.05016100021748571, 0.38111200046841986,0,0,27.8,0.0,1
7513,1776087381.6841795,0.049307999688608106, 0.3766709996853024,0,0,27.8,0.0,1
7514,1776087381.7139862,0.0477679996038205, 0.38378599947463954,0,0,27.8,0.0,1
7515,1776087381.743484,0.04633699973055627, 0.3776720004680101,0,0,27.8,0.0,1
7516,1776087381.7733667,0.04702400019596098, 0.38818699977127835,0,0,27.8,0.0,1
7517,1776087381.8031456,0.05081699964648578, 0.3832459997283877,0,0,27.8,0.0,1
7518,1776087381.832656,0.05290300032356754, 0.3603269997256575,0,0,27.8,0.0,1
7519,1776087381.8624215,0.0469149999844376, 0.38178200065885903,0,0,27.8,0.0,1
7520,1776087381.8921938,0.04818799970962573, 0.38098200002423255,0,0,27.8,0.0,1
7521,1776087381.922129,0.04810500013263663, 0.37779700051032705,0,0,27.8,0.0,1
7522,1776087381.9514732,0.05069999951956561, 0.3750469995793537,0,0,27.8,0.0,1
7523,1776087381.982293,0.05269499979476677, 0.4057530004502041,0,0,27.8,0.0,1
7524,1776087382.0110896,0.04722599987871945, 0.38035399938962655,0,0,27.8,0.0,1
7525,1776087382.0405717,0.05235399930825224, 0.40777599951979937,0,0,27.8,0.0,1
7526,1776087382.0696099,0.05260700072540203, 0.39935099994181655,0,0,27.8,0.0,1
7527,1776087382.0993323,0.043529000322450884, 0.3707469995788415,0,0,27.8,0.0,1
7528,1776087382.1290731,0.04694699964602478, 0.4056770003444399,0,0,27.8,0.0,1
7529,1776087382.158819,0.04715900013252394, 0.3852010004266049,0,0,27.8,0.0,1
7529,1776087382.2066214,18.461684000612877, 0.203489999876183,1,1,27.8,0.0,0
7530,1776087382.243037,21.193773000049987, 0.27668299935612595,0,1,27.8,0.0,0
7531,1776087382.5258775,19.664475999888964, 256.8415220002862,2,2,27.8,0.0,0
7533,1776087382.5298316,0.26882800011662766, 0.30434600012085866,0,2,27.8,0.0,1
7534,1776087382.5474572,1.7256490000363556, 0.3276669995102566,0,2,27.8,0.0,1
7535,1776087382.5794988,0.21655699947586982, 0.25604199981899,0,2,27.8,0.0,1
7536,1776087382.6052961,0.27936999958910746, 0.3555250004865229,0,0,27.8,0.0,1
7537,1776087382.634878,0.04592400000547059, 0.3461239994067,0,0,27.8,0.0,1
7538,1776087382.6645064,0.05201499971008161, 0.35598199974629097,0,0,27.8,0.0,1
7539,1776087382.693631,0.04216399975121021, 0.3759219998755725,0,0,27.8,0.0,1
7540,1776087382.7235358,0.052267999308242, 0.4421780004122411,0,0,27.8,0.0,1
7541,1776087382.753815,0.06650499926763587, 0.40162200002669124,0,0,27.8,0.0,1
7542,1776087382.7828262,0.04983500002708752, 0.3801439997914713,0,0,27.8,0.0,1
7543,1776087382.8129272,0.05354200038709678, 0.39779899998393375,0,0,27.8,0.0,1
7544,1776087382.8428502,0.056416000006720424, 0.3971449996242882,0,0,27.8,0.0,1
7545,1776087382.8718147,0.043262999497528654, 0.34117699942726176,0,0,27.8,0.0,1
7546,1776087382.9017317,0.04289900061849039, 0.3844760003630654,0,0,27.8,0.0,1
7547,1776087382.9315548,0.05387600049289176, 0.4454569998415536,0,0,27.8,0.0,1
7548,1776087382.9612079,0.04680099937104387, 0.39144099991972325,0,0,27.8,0.0,1
7549,1776087382.9913301,0.046549000217055436, 0.33659400014585117,0,0,27.8,0.0,1
7550,1776087383.0214014,0.05165800030226819, 0.3818360000877874,0,0,27.8,0.0,1
7551,1776087383.0511794,0.05048200000601355, 0.3859429998556152,0,0,27.8,0.0,1
7552,1776087383.0806682,0.04761499985761475, 0.34967200008395594,0,0,27.8,0.0,1
7553,1776087383.1100225,0.04471600004762877, 0.34369300010439474,0,0,27.8,0.0,1
7554,1776087383.1402738,0.04840400015382329, 0.38075500015111174,0,0,27.8,0.0,1
7555,1776087383.1697667,0.043041999560955446, 0.3459589997873991,0,0,27.8,0.0,1
7556,1776087383.1994953,0.04788900059793377, 0.39030799962347373,0,0,27.8,0.0,1
7557,1776087383.2293167,0.050442999963706825, 0.3766429999814136,0,0,27.8,0.0,1
7558,1776087383.2591949,0.0531899995621643, 0.3832219999821973,0,0,27.8,0.0,1
7559,1776087383.2886634,0.04273899958207039, 0.3692900008900324,0,0,27.8,0.0,1
7560,1776087383.3184855,0.05068199970992282, 0.38304700046865037,0,0,27.8,0.0,1
7561,1776087383.3480656,0.04449599964573281, 0.3349819999129977,0,0,27.8,0.0,1
7562,1776087383.378103,0.049819999730971176, 0.37862600038351957,0,0,27.8,0.0,1
7563,1776087383.4075782,0.05060600051365327, 0.3644720000011148,0,0,27.8,0.0,1
7564,1776087383.437469,0.0486999997519888, 0.3815199997916352,0,0,27.8,0.0,1
7565,1776087383.4671333,0.05233599949860945, 0.37475800036190776,0,0,27.8,0.0,1
7566,1776087383.4967895,0.04480799998418661, 0.3447129993219278,0,0,27.8,0.0,1
7566,1776087383.5443106,18.08203299970046, 0.19228499968448887,5,0,27.8,0.0,0
7567,1776087383.5808952,22.32339599959232, 0.24224499975389335,2,2,27.8,0.0,0
7568,1776087383.6075795,19.90700799979095, 0.24823800049489364,1,2,27.8,0.0,0
7569,1776087383.8961556,19.6812050007793, 259.92900599976565,1,2,27.8,0.0,0
7571,1776087383.9003649,0.27270600003248546, 0.33283900029346114,0,2,27.8,0.0,1
7572,1776087383.9127207,0.30381699980353005, 0.3360270002303878,0,1,27.8,0.0,1
7573,1776087383.9427102,0.2444080000714166, 0.36677099978987826,0,1,27.8,0.0,1
7574,1776087383.9739773,1.8636309996509226, 0.327935000314028,0,0,27.8,0.0,1
7575,1776087384.0065064,0.03757499962375732, 0.27168700034962967,0,0,27.8,0.0,1
7576,1776087384.0316086,0.05391400009102654, 0.35936499989475124,0,0,27.8,0.0,1
7577,1776087384.061328,0.050843999815697316, 0.3698540003824746,0,0,27.8,0.0,1
7578,1776087384.0912757,0.04950499987899093, 0.3789140000662883,0,0,27.8,0.0,1
7579,1776087384.1207373,0.059126999985892326, 0.3407719996175729,0,0,27.8,0.0,1
7580,1776087384.1501863,0.04194800021650735, 0.3407320000405889,0,0,27.8,0.0,1
7581,1776087384.179948,0.0427269997089752, 0.34109999978682026,0,0,27.8,0.0,1
7582,1776087384.2101557,0.050411999836796895, 0.3729270001713303,0,0,27.8,0.0,1
7583,1776087384.239211,0.04580000040732557, 0.34086900086549576,0,0,27.8,0.0,1
7584,1776087384.2691565,0.0439629993707058, 0.342872000146599,0,0,27.8,0.0,1
7585,1776087384.2988458,0.04508599977270933, 0.3516670003591571,0,0,27.8,0.0,1
7586,1776087384.3286498,0.043373000153223984, 0.35459399987303186,0,0,27.8,0.0,1
7587,1776087384.3585107,0.04840599922317779, 0.36602499949367484,0,0,27.8,0.0,1
7588,1776087384.3882413,0.04708300002675969, 0.38547599979210645,0,0,27.8,0.0,1
7589,1776087384.4180603,0.04936099958285922, 0.374281000404153,0,0,27.8,0.0,1
7590,1776087384.4476314,0.05020499975216808, 0.3617210004449589,0,0,27.8,0.0,1
7591,1776087384.4773686,0.04880199958279263, 0.3832259999398957,0,0,27.8,0.0,1
7592,1776087384.5069,0.045183999645814765, 0.3392950002307771,0,0,27.8,0.0,1
7593,1776087384.5370367,0.05144599981576903, 0.3804479993050336,0,0,27.8,0.0,1
7594,1776087384.566346,0.0483900003018789, 0.36281600023357896,0,0,27.8,0.0,1
7595,1776087384.596527,0.04919299954053713, 0.3633599999375292,0,0,27.8,0.0,1
7596,1776087384.6260867,0.05400200006988598, 0.3704290002133348,0,0,27.8,0.0,1
7597,1776087384.6555514,0.04958099998475518, 0.3568540005289833,0,0,27.8,0.0,1
7598,1776087384.6850965,0.044614000216824934, 0.3390700003365055,0,0,27.8,0.0,1
7599,1776087384.7149217,0.0449030003437656, 0.3442030001679086,0,0,27.8,0.0,1
7600,1776087384.7449715,0.05019099990022369, 0.3875169995808392,0,0,27.8,0.0,1
7601,1776087384.7741997,0.04744499983644346, 0.3430579999985639,0,0,27.8,0.0,1
7602,1776087384.8039937,0.042236999433953315, 0.3342869995321962,0,0,27.8,0.0,1
7603,1776087384.8340087,0.04451299992069835, 0.3385380005056504,0,0,27.8,0.0,1
7604,1776087384.8636496,0.043495000682014506, 0.3666619995783549,0,0,27.8,0.0,1
7604,1776087384.9243798,31.242474000464426, 0.21917699996265583,5,2,27.8,0.0,0
7605,1776087384.940653,14.624403999732749, 0.19723900004464667,5,0,27.8,0.0,0
7606,1776087384.973029,20.387866999953985, 0.2213750003647874,7,2,27.8,0.0,0
7607,1776087385.0024152,19.744786999581265, 0.23520800004916964,6,2,27.8,0.0,0
7608,1776087385.2928493,19.965263000813138, 260.61194100020657,6,2,27.8,0.0,0
7610,1776087385.296384,0.2574580003056326, 0.3111359992544749,0,2,27.8,0.0,1
7611,1776087385.309196,0.2737100003287196, 0.33080899993365165,0,1,27.8,0.0,1
7612,1776087385.340897,1.7784349993235082, 0.3289719998065266,0,1,27.8,0.0,1
7613,1776087385.3735206,0.17794000086723827, 0.2713779995247023,0,0,27.8,0.0,1
7614,1776087385.398496,0.04995000017515849, 0.36549800006469013,0,0,27.8,0.0,1
7615,1776087385.4280646,0.04325500049162656, 0.3447760000199196,0,0,27.8,0.0,1
7616,1776087385.4581668,0.048981999498209916, 0.38429899996117456,0,0,27.8,0.0,1
7617,1776087385.4876473,0.04673199964599917, 0.35654099974635756,0,0,27.8,0.0,1
7618,1776087385.517024,0.045667000449611805, 0.33605699991312576,0,0,27.8,0.0,1
7619,1776087385.5469313,0.04797099973075092, 0.3412389996810816,0,0,27.8,0.0,1
7620,1776087385.5767727,0.04714299939223565, 0.34785699972417206,0,0,27.8,0.0,1
7621,1776087385.6061234,0.04528099998424295, 0.3377370003363467,0,0,27.8,0.0,1
7622,1776087385.63641,0.05043500004831003, 0.4021559998363955,0,0,27.8,0.0,1
7623,1776087385.665764,0.04367699966678629, 0.3454999996392871,0,0,27.8,0.0,1
7624,1776087385.6952765,0.04801399973075604, 0.3414190005059936,0,0,27.8,0.0,1
7625,1776087385.7254913,0.04788599926541792, 0.37809900004504016,0,0,27.8,0.0,1
7626,1776087385.7549872,0.04647800051316153, 0.34228899949084735,0,0,27.8,0.0,1
7627,1776087385.7846386,0.04651299968827516, 0.35801400008494966,0,0,27.8,0.0,1
7628,1776087385.8147213,0.06061999920348171, 0.3240570003981702,0,0,27.8,0.0,1
7629,1776087385.8440418,0.04369199996290263, 0.33981300020968774,0,0,27.8,0.0,1
7630,1776087385.8740945,0.04986000021744985, 0.3810179996435181,0,0,27.8,0.0,1
7631,1776087385.9040654,0.04937700032314751, 0.3778410000450094,0,0,27.8,0.0,1
7632,1776087385.9334571,0.048595999942335766, 0.37553600031969836,0,0,27.8,0.0,1
7633,1776087385.9631612,0.04932299998472445, 0.37129700012883404,0,0,27.8,0.0,1
7634,1776087385.993109,0.054660999921907205, 0.37852799960091943,0,0,27.8,0.0,1
7635,1776087386.0227184,0.05848900036653504, 0.34068599961756263,0,0,27.8,0.0,1
7636,1776087386.0520692,0.044485999751486816, 0.34271899949089857,0,0,27.8,0.0,1
7637,1776087386.0821207,0.04932299998472445, 0.3734540005098097,0,0,27.8,0.0,1
7638,1776087386.111266,0.048595999942335766, 0.34209699970233487,0,0,27.8,0.0,1
7639,1776087386.1414106,0.04756999987876043, 0.383519999559212,0,0,27.8,0.0,1
7640,1776087386.1709476,0.047466000069107395, 0.33833500037872,0,0,27.8,0.0,1
7641,1776087386.2009702,0.04625200017471798, 0.3796239998337114,0,0,27.8,0.0,1
7642,1776087386.2304819,0.049809000302047934, 0.3792809993683477,0,0,27.8,0.0,1
7643,1776087386.2605817,0.04752400036522886, 0.3680440004245611,0,0,27.8,0.0,1
7643,1776087386.3204093,30.754972999602614, 0.27461999980005203,4,2,27.8,0.0,0
7644,1776087386.338454,15.831376999813074, 0.22529700072482228,5,0,27.8,0.0,0
7645,1776087386.3711436,20.433908999621053, 0.24178900002880255,3,2,27.8,0.0,0
7646,1776087386.3987856,19.042056999751367, 0.24810899958538357,4,2,27.8,0.0,0
7647,1776087386.6874683,19.619856000645086, 259.58466100018995,3,1,27.8,0.0,0
7649,1776087386.6910887,0.1975679997485713, 0.30671400054416154,0,1,27.8,0.0,1
7650,1776087386.7060308,0.2211359997090767, 0.33749700014595874,0,1,27.8,0.0,1
7651,1776087386.73539,0.21902100070292363, 0.3453959998296341,0,1,27.8,0.0,1
7652,1776087386.7667856,1.74977000006038, 0.30023099952813936,0,0,27.8,0.0,1
7653,1776087386.799525,0.03601299977162853, 0.2715979999265983,0,0,27.8,0.0,1
7654,1776087386.8247259,0.06137299988040468, 0.34645100004127016,0,0,27.8,0.0,1
7655,1776087386.8544455,0.04701400030171499, 0.38258699987636646,0,0,27.8,0.0,1
7656,1776087386.8844442,0.04806299966730876, 0.3865769995172741,0,0,27.8,0.0,1
7657,1776087386.9141104,0.04687300042860443, 0.3755849993467564,0,0,27.8,0.0,1
7658,1776087386.9433262,0.04463200002646772, 0.3427820001888904,0,0,27.8,0.0,1
7659,1776087386.973427,0.05119799970998429, 0.38307300019368995,0,0,27.8,0.0,1
7660,1776087387.003284,0.0508720004290808, 0.3746980000869371,0,0,27.8,0.0,1
7661,1776087387.0330071,0.04984600036550546, 0.37458800034073647,0,0,27.8,0.0,1
7662,1776087387.0621972,0.044114000047557056, 0.34144199980801204,0,0,27.8,0.0,1
7663,1776087387.0922828,0.048005000280682, 0.3766549998545088,0,0,27.8,0.0,1
7664,1776087387.1218164,0.04747399998450419, 0.3320400001030066,0,0,27.8,0.0,1
7665,1776087387.1516604,0.04586399973049993, 0.36078799985261867,0,0,27.8,0.0,1
7666,1776087387.1811469,0.04621700009010965, 0.34284600042155944,0,0,27.8,0.0,1
7667,1776087387.2109098,0.04520600032265065, 0.3457969996816246,0,0,27.8,0.0,1
7668,1776087387.240966,0.0497110004289425, 0.38115600000310224,0,0,27.8,0.0,1
7669,1776087387.2702236,0.04564000028040027, 0.3455699998085038,0,0,27.8,0.0,1
7670,1776087387.3003788,0.051173999963793904, 0.37904100008745445,0,0,27.8,0.0,1
7671,1776087387.330078,0.04707200059783645, 0.3825659996437025,0,0,27.8,0.0,1
7672,1776087387.3600035,0.04851600078836782, 0.3766689997064532,0,0,27.8,0.0,1
7673,1776087387.3894043,0.04690099922299851, 0.38302400025713723,0,0,27.8,0.0,1
7674,1776087387.4192405,0.04751399956148816, 0.38294299974950263,0,0,27.8,0.0,1
7675,1776087387.4490225,0.049604999730945565, 0.38041100015107077,0,0,27.8,0.0,1
7676,1776087387.4785461,0.04609700044966303, 0.36084000021219254,0,0,27.8,0.0,1
7677,1776087387.508422,0.04852799975196831, 0.37256100040394813,0,0,27.8,0.0,1
7678,1776087387.538117,0.049930999921343755, 0.37881799926253734,0,0,27.8,0.0,1
7679,1776087387.5679262,0.0505640000483254, 0.3775710001718835,0,0,27.8,0.0,1
7680,1776087387.597419,0.045588999455503654, 0.37487500048882794,0,0,27.8,0.0,1
7681,1776087387.6272612,0.04851599987887312, 0.3818830000454909,0,0,27.8,0.0,1
7682,1776087387.656744,0.06334599947876995, 0.34675700044317637,0,0,27.8,0.0,1
7682,1776087387.7181864,31.903127000077802, 0.23579799926665146,3,2,27.8,0.0,0
7683,1776087387.7764018,23.66245900066133, 0.25238600028387737,5,0,27.8,0.0,0
7684,1776087387.7962956,17.14123700003256, 0.2195899996877415,2,2,27.8,0.0,0
7685,1776087387.8285327,20.59524699961912, 0.23122899983718526,2,2,27.8,0.0,0
7686,1776087388.1177468,20.283148000089568, 260.72071900034643,1,2,27.8,0.0,0
7688,1776087388.1213996,0.25370299954374786, 0.31430400031240424,0,2,27.8,0.0,1
7689,1776087388.1316974,0.26034599977720063, 0.35383800059207715,0,2,27.8,0.0,1
7690,1776087388.1639524,1.9603800001277705, 0.3219090003767633,0,1,27.8,0.0,1
7691,1776087388.1960566,0.18428099974698853, 0.2617919999465812,0,0,27.8,0.0,1
7692,1776087388.2210832,0.04408899985719472, 0.33824499951151665,0,0,27.8,0.0,1
7693,1776087388.2509382,0.04578500011120923, 0.3462759996182285,0,0,27.8,0.0,1
7694,1776087388.2807724,0.043512000047485344, 0.3339180002512876,0,0,27.8,0.0,1
7695,1776087388.3102393,0.04418200023792451, 0.34352300008322345,0,0,27.8,0.0,1
7696,1776087388.3400724,0.04341099975135876, 0.3444860003583017,0,0,27.8,0.0,1
7697,1776087388.369893,0.04759300009027356, 0.34804700044333003,0,0,27.8,0.0,1
7698,1776087388.3994002,0.04548900051304372, 0.34331200004089624,0,0,27.8,0.0,1
7699,1776087388.429117,0.04353900021669688, 0.3367239996805438,0,0,27.8,0.0,1
7700,1776087388.4592469,0.0474580001537106, 0.383186999897589,0,0,27.8,0.0,1
7701,1776087388.4887705,0.04329700004745973, 0.34199899982922943,0,0,27.8,0.0,1
7702,1776087388.51828,0.04586999966704752, 0.3385219997653621,0,0,27.8,0.0,1
7703,1776087388.548032,0.04295000053389231, 0.35112299974571215,0,0,27.8,0.0,1
7704,1776087388.5780845,0.05153399979462847, 0.3785389999393374,0,0,27.8,0.0,1
7705,1776087388.6075761,0.051451999752316624, 0.36039499991602497,0,0,27.8,0.0,1
7706,1776087388.6374667,0.045095000132278074, 0.37591500040434767,0,0,27.8,0.0,1
7707,1776087388.667309,0.04923100004816661, 0.36861499938822817,0,0,27.8,0.0,1
7708,1776087388.697105,0.05232299918134231, 0.3798650004682713,0,0,27.8,0.0,1
7709,1776087388.7261612,0.043109000216645654, 0.3394559998923796,0,0,27.8,0.0,1
7710,1776087388.7564468,0.05029199928685557, 0.4017290002593654,0,0,27.8,0.0,1
7711,1776087388.7858663,0.045929000407340936, 0.34229700031573884,0,0,27.8,0.0,1
7712,1776087388.8156676,0.042175999624305405, 0.3689939994728775,0,0,27.8,0.0,1
7713,1776087388.8453667,0.04776500009029405, 0.3847170000881306,0,0,27.8,0.0,1
7714,1776087388.8751054,0.046238999857450835, 0.34039099955407437,0,0,27.8,0.0,1
7715,1776087388.9050899,0.048858999434742145, 0.3762759997698595,0,0,27.8,0.0,1
7716,1776087388.9349577,0.047341999561467674, 0.38386899996112334,0,0,27.8,0.0,1
7717,1776087388.964319,0.05012299970985623, 0.3654279998954735,0,0,27.8,0.0,1
7718,1776087388.9940147,0.045622000470757484, 0.34555300044303294,0,0,27.8,0.0,1
7719,1776087389.023776,0.0721850001355051, 0.397037999391614,0,0,27.8,0.0,1
7720,1776087389.0528448,0.043307999476382975, 0.35462999949231744,0,0,27.8,0.0,1
7721,1776087389.0823255,0.04617400009010453, 0.3739140001925989,0,0,27.8,0.0,1
7721,1776087389.1303744,17.82714299952204, 0.23084399981598835,4,2,27.8,0.0,0
7722,1776087389.1674662,22.324518999994325, 0.2156609998564818,2,0,27.8,0.0,0
7723,1776087389.1904757,17.84124499954487, 0.22368200006894767,3,2,27.8,0.0,0
7724,1776087389.2228012,20.547253000586352, 0.2679290000742185,1,2,27.8,0.0,0
7725,1776087389.5090716,19.085398000243003, 258.6049900000944,1,2,27.8,0.0,0
7727,1776087389.5129058,0.26537099984125234, 0.294200000098499,0,2,27.8,0.0,1
7728,1776087389.529004,0.27699300062522525, 0.33550999978615437,0,1,27.8,0.0,1
7729,1776087389.5584056,0.24289399971166858, 0.3402840002308949,0,0,27.8,0.0,1
7730,1776087389.5898533,1.581037000505603, 0.32462900071550393,0,0,27.8,0.0,1
7731,1776087389.622573,0.0369159997717361, 0.27046100058214506,0,0,27.8,0.0,1
7732,1776087389.6478686,0.04982499922334682, 0.377418999960355,0,0,27.8,0.0,1
7733,1776087389.67706,0.043741999434132595, 0.3366410001035547,0,0,27.8,0.0,1
7734,1776087389.7069368,0.0470730001325137, 0.3369679998286301,0,0,27.8,0.0,1
7735,1776087389.7370393,0.050366999857942574, 0.3864290001729387,0,0,27.8,0.0,1
7736,1776087389.7665431,0.04703400009020697, 0.37104400053067366,0,0,27.8,0.0,1
7737,1776087389.7963657,0.046379999730561394, 0.389496999559924,0,0,27.8,0.0,1
7738,1776087389.8262088,0.04731700028060004, 0.38561200017284136,0,0,27.8,0.0,1
7739,1776087389.8556335,0.045310000132303685, 0.35571599983086344,0,0,27.8,0.0,1
7740,1776087389.8852346,0.043306999941705726, 0.34466399938537506,0,0,27.8,0.0,1
7741,1776087389.9148953,0.046179000491974875, 0.3372370001670788,0,0,27.8,0.0,1
7742,1776087389.9451466,0.05181200049264589, 0.37562499983323505,0,0,27.8,0.0,1
7743,1776087389.9745977,0.0454380005976418, 0.3617590000430937,0,0,27.8,0.0,1
7744,1776087390.0044456,0.047666999307693914, 0.3814060000877362,0,0,27.8,0.0,1
7745,1776087390.0341597,0.04910099960397929, 0.3776020002987934,0,0,27.8,0.0,1
7746,1776087390.0637412,0.05998800043016672, 0.34504300037951907,0,0,27.8,0.0,1
7747,1776087390.0934584,0.04512699979386525, 0.3757129998120945,0,0,27.8,0.0,1
7748,1776087390.123404,0.05246599994279677, 0.3824739997071447,0,0,27.8,0.0,1
7749,1776087390.153081,0.049354999646311626, 0.38506300006702077,0,0,27.8,0.0,1
7750,1776087390.1827583,0.044286000047577545, 0.34086699997715186,0,0,27.8,0.0,1
7751,1776087390.212004,0.0455940007668687, 0.3395970006749849,0,0,27.8,0.0,1
7752,1776087390.2419662,0.04508799975155853, 0.34141400010412326,0,0,27.8,0.0,1
7753,1776087390.2716877,0.04294800055504311, 0.36460499995882856,0,0,27.8,0.0,1
7754,1776087390.301511,0.047884000196063425, 0.37477400019270135,0,0,27.8,0.0,1
7755,1776087390.3309615,0.043616999391815625, 0.3401539997867076,0,0,27.8,0.0,1
7756,1776087390.3610888,0.051512999561964534, 0.37072200029797386,0,0,27.8,0.0,1
7757,1776087390.3905401,0.048120000428752974, 0.3631870004028315,0,0,27.8,0.0,1
7758,1776087390.4204307,0.05079000038676895, 0.3773340004045167,0,0,27.8,0.0,1
7759,1776087390.449925,0.04475799960346194, 0.34377800056972774,0,0,27.8,0.0,1
7760,1776087390.4798124,0.04584499947668519, 0.34814899936463917,0,0,27.8,0.0,1
7760,1776087390.5407832,31.567136999910872, 0.24754700007179054,1,1,27.8,0.0,0
7761,1776087390.5564878,13.914299000134633, 0.25013300000864547,0,1,27.8,0.0,0
7762,1776087390.8499248,20.835348999753478, 260.4233160000149,0,1,27.8,0.0,0
7764,1776087390.853979,0.21469600051204907, 0.226586000280804,0,1,27.8,0.0,1
7765,1776087390.8671162,1.6611129994998919, 0.30206200062821154,0,0,27.8,0.0,1
7766,1776087390.9004056,0.03823000042757485, 0.2785179995044018,0,0,27.8,0.0,1
7767,1776087390.925608,0.050626999836822506, 0.3558309999789344,0,0,27.8,0.0,1
7768,1776087390.954838,0.04638500013243174, 0.3350349998072488,0,0,27.8,0.0,1
7769,1776087390.9846973,0.0470750001113629, 0.3852769996228744,0,0,27.8,0.0,1
7770,1776087391.0138443,0.043492999793670606, 0.3420329994696658,0,0,27.8,0.0,1
7771,1776087391.0436678,0.04281800011085579, 0.3720360000443179,0,0,27.8,0.0,1
7772,1776087391.074306,0.05243299983703764, 0.4039389996250975,0,0,27.8,0.0,1
7773,1776087391.1042006,0.048241000513371546, 0.38037000012991484,0,0,27.8,0.0,1
7774,1776087391.133181,0.04535199968813686, 0.3436090000832337,0,0,27.8,0.0,1
7775,1776087391.1633017,0.05025100017519435, 0.3722479996213224,0,0,27.8,0.0,1
7776,1776087391.192765,0.06183200002851663, 0.35516100069798995,0,0,27.8,0.0,1
7777,1776087391.2226846,0.044114999582234304, 0.37266500021360116,0,0,27.8,0.0,1
7778,1776087391.252044,0.0454420005553402, 0.33641299978626193,0,0,27.8,0.0,1
7779,1776087391.2818675,0.04351299958216259, 0.34009299997705966,0,0,27.8,0.0,1
7780,1776087391.3120422,0.05286000032356242, 0.3850049997708993,0,0,27.8,0.0,1
7781,1776087391.3418784,0.04313399949751329, 0.34243699974467745,0,0,27.8,0.0,1
7782,1776087391.371467,0.04878900017502019, 0.3784040000027744,0,0,27.8,0.0,1
7783,1776087391.4008288,0.04553199960355414, 0.3424599999561906,0,0,27.8,0.0,1
7784,1776087391.4310527,0.048958000661514234, 0.38293099987640744,0,0,27.8,0.0,1
7785,1776087391.46042,0.048802000492287334, 0.3824859995802399,0,0,27.8,0.0,1
7786,1776087391.4899335,0.04613599958247505, 0.3470740002740058,0,0,27.8,0.0,1
7787,1776087391.5199864,0.05082799998490373, 0.38469200080726296,0,0,27.8,0.0,1
7788,1776087391.549509,0.04722199992102105, 0.37842099936824525,0,0,27.8,0.0,1
7789,1776087391.5793817,0.04882600023847772, 0.37792500006617047,0,0,27.8,0.0,1
7790,1776087391.609179,0.05527600023924606, 0.37903699922026135,0,0,27.8,0.0,1
7791,1776087391.6389153,0.0496239999847603, 0.3808150004260824,0,0,27.8,0.0,1
7792,1776087391.6685562,0.049266000132774934, 0.372118999621307,0,0,27.8,0.0,1
7793,1776087391.6981812,0.05019099990022369, 0.3777600004468695,0,0,27.8,0.0,1
7794,1776087391.7281356,0.05547599994315533, 0.376418000087142,0,0,27.8,0.0,1
7795,1776087391.757513,0.04744299985759426, 0.3792509996856097,0,0,27.8,0.0,1
7796,1776087391.786964,0.047710999751870986, 0.34399300056975335,0,0,27.8,0.0,1
7797,1776087391.8171523,0.04875000013271347, 0.3800020003836835,0,0,27.8,0.0,1
7797,1776087391.8634865,17.596059999959834, 0.22718299987900537,0,0,27.8,0.0,0
7798,1776087391.9180312,23.712559000159672, 0.30799299929640256,0,0,27.8,0.0,0
7799,1776087391.9361782,16.2306450001779, 0.23026700000627898,0,0,27.8,0.0,0
7800,1776087391.9494212,11.460670999440481, 0.20710199987661326,0,0,27.8,0.0,0
7801,1776087391.985305,21.000890000323125, 0.23062299987941515,0,0,27.8,0.0,0
7802,1776087392.0152292,20.006849000310467, 0.2298560002600425,0,0,27.8,0.0,0
7803,1776087392.0457447,20.036592999531422, 0.31221100016409764,0,0,27.8,0.0,0
7804,1776087392.0733209,19.025218999559, 0.20309400042606285,0,0,27.8,0.0,0
7805,1776087392.104647,20.41574099985155, 0.2553950007495587,0,0,27.8,0.0,0
7806,1776087392.133617,19.577731999561365, 0.24306900013471022,0,0,27.8,0.0,0
7807,1776087392.1632996,19.65368299988768, 0.22004699985700427,0,0,27.8,0.0,0
7808,1776087392.1948814,20.855591000326967, 0.23461199998564553,0,0,27.8,0.0,0
7809,1776087392.222599,18.977804999849468, 0.2575189992057858,0,0,27.8,0.0,0
7810,1776087392.2530017,19.95298499969067, 0.21835699953953736,0,0,27.8,0.0,0
7811,1776087392.2837152,20.56412900037685, 0.22130700017441995,2,2,27.8,0.0,0
7812,1776087392.3113031,18.69095300025947, 0.2239300001747324,2,0,27.8,0.0,0
7813,1776087392.342317,20.034567000038805, 0.21679200017388212,0,0,27.8,0.0,0
7814,1776087392.3726974,20.02145999995264, 0.2545550005379482,0,0,27.8,0.0,0
7815,1776087392.4002266,18.851543999517162, 0.20361299993965076,0,0,27.8,0.0,0
7816,1776087392.4286315,19.11648800069088, 0.2234820003650384,3,2,27.8,0.0,0
7817,1776087392.461484,20.736947999466793, 0.26168800013692817,0,2,27.8,0.0,0
7818,1776087392.7500226,19.923396999729448, 259.1855079999732,0,2,27.8,0.0,0
7820,1776087392.7553697,0.27550199956749566, 0.34916000004159287,0,2,27.8,0.0,1
7821,1776087392.767979,0.2903320000768872, 0.36562999957823195,0,0,27.8,0.0,1
7822,1776087392.797515,0.046193000343919266, 0.3757169997697929,0,0,27.8,0.0,1
7823,1776087392.828992,1.6639229997963412, 0.3327490003357525,0,0,27.8,0.0,1
7824,1776087392.8614902,0.037834000067960005, 0.27553200015972834,0,0,27.8,0.0,1
7825,1776087392.8869202,0.04651700055546826, 0.3812969998762128,0,0,27.8,0.0,1
7826,1776087392.916471,0.04672500017477432, 0.38153900004544994,0,0,27.8,0.0,1
7827,1776087392.946377,0.05198400049266638, 0.3857649999190471,0,0,27.8,0.0,1
7828,1776087392.976006,0.05099200006952742, 0.38325300010910723,0,0,27.8,0.0,1
7829,1776087393.0055556,0.04712000009021722, 0.3729919999386766,0,0,27.8,0.0,1
7830,1776087393.0353043,0.047776000428711995, 0.371432000065397,0,0,27.8,0.0,1
7831,1776087393.0652246,0.05394299932959257, 0.37617399993905565,0,0,27.8,0.0,1
7832,1776087393.0946035,0.052770000365853775, 0.35331100025359774,0,0,27.8,0.0,1
7833,1776087393.1244726,0.04822699975193245, 0.38188800044736126,0,0,27.8,0.0,1
7834,1776087393.1543608,0.04725300004793098, 0.36437000017031096,0,0,27.8,0.0,1
7835,1776087393.1840641,0.04795500080945203, 0.37987199993949616,0,0,27.8,0.0,1
7836,1776087393.213608,0.043789999836008064, 0.36415900012798375,0,0,27.8,0.0,1
7837,1776087393.2433722,0.048193000111496076, 0.39192900021589594,0,0,27.8,0.0,1
7838,1776087393.2731142,0.04880899996351218, 0.3776969997488777,0,0,27.8,0.0,1
7839,1776087393.3028786,0.04495900066103786, 0.33461200018791715,0,0,27.8,0.0,1
7840,1776087393.3324466,0.04785900000570109, 0.3810159996646689,0,0,27.8,0.0,1
7841,1776087393.3622556,0.048858999434742145, 0.37947900000290247,0,0,27.8,0.0,1
7842,1776087393.391797,0.04496400015341351, 0.34692099961830536,0,0,27.8,0.0,1
7843,1776087393.4212263,0.04405700019560754, 0.33795899980759714,0,0,27.8,0.0,1
7844,1776087393.4510565,0.043492999793670606, 0.34047999997710576,0,0,27.8,0.0,1
7845,1776087393.4812944,0.04899499981547706, 0.3728769997906056,0,0,27.8,0.0,1
7846,1776087393.5103266,0.04379700021672761, 0.34164299995609326,0,0,27.8,0.0,1
7847,1776087393.5405598,0.04995499966753414, 0.3689879995363299,0,0,27.8,0.0,1
7848,1776087393.570066,0.04525799977272982, 0.3411529996810714,0,0,27.8,0.0,1
7849,1776087393.5997767,0.043510000068636145, 0.3387690003364696,0,0,27.8,0.0,1
7850,1776087393.6287925,0.044317000174487475, 0.3459660001681186,0,0,27.8,0.0,1
7851,1776087393.6587853,0.04851499943470117, 0.3410180006540031,0,0,27.8,0.0,1
7852,1776087393.6884613,0.053482999646803364, 0.4284999995434191,0,0,27.8,0.0,1
7853,1776087393.7180989,0.04574000013235491, 0.4081289998794091,0,0,27.8,0.0,1
7853,1776087393.779588,31.739238999762165, 0.2599180006654933,1,1,27.8,0.0,0
7854,1776087393.8284407,23.488810999879206, 0.274486000307661,0,1,27.8,0.0,0
7855,1776087394.10348,15.556668999124668, 257.90710000001127,0,1,27.8,0.0,0
7857,1776087394.1075008,0.22150800032250118, 0.3144250003970228,0,1,27.8,0.0,1
7858,1776087394.1367137,1.8315739998797653, 0.3229429994462407,0,0,27.8,0.0,1
7859,1776087394.168746,0.036155999623588286, 0.2598769997348427,0,0,27.8,0.0,1
7860,1776087394.1939025,0.04867200004810002, 0.34039500042126747,0,0,27.8,0.0,1
7861,1776087394.224069,0.0543590003871941, 0.3834139997707098,0,0,27.8,0.0,1
7862,1776087394.2532642,0.043714000639738515, 0.3347159999975702,0,0,27.8,0.0,1
7863,1776087394.2831178,0.04561399964586599, 0.3423529997235164,0,0,27.8,0.0,1
7864,1776087394.3132253,0.04797299970960012, 0.3715510001711664,0,0,27.8,0.0,1
7865,1776087394.343139,0.051498000175342895, 0.37887100006628316,0,0,27.8,0.0,1
7866,1776087394.372423,0.05035599951952463, 0.3839230002995464,0,0,27.8,0.0,1
7867,1776087394.402077,0.049235000005865004, 0.38429699998232536,0,0,27.8,0.0,1
7868,1776087394.4312913,0.048457999582751654, 0.38553100057470147,0,0,27.8,0.0,1
7869,1776087394.4607563,0.04394000006868737, 0.34254199999850243,0,0,27.8,0.0,1
7870,1776087394.4906573,0.04646100023819599, 0.41004700051416876,0,0,27.8,0.0,1
7871,1776087394.5203028,0.048984000386553816, 0.3751720005311654,0,0,27.8,0.0,1
7872,1776087394.5501153,0.055436999900848605, 0.43868800003110664,0,0,27.8,0.0,1
7873,1776087394.5796578,0.0450549996457994, 0.3600669997467776,0,0,27.8,0.0,1
7874,1776087394.6094813,0.046101000407361425, 0.42977300017810194,0,0,27.8,0.0,1
7875,1776087394.63948,0.06002899954182794, 0.44318199979898054,0,0,27.8,0.0,1
7876,1776087394.6699123,0.044735000301443506, 0.34335700001975056,0,0,27.8,0.0,1
7877,1776087394.699101,0.04557600004773121, 0.3408409993426176,0,0,27.8,0.0,1
7878,1776087394.7289112,0.045710999984294176, 0.33476400039944565,0,0,27.8,0.0,1
7879,1776087394.7587378,0.062025999795878306, 0.3465879999566823,0,0,27.8,0.0,1
7880,1776087394.788154,0.044721000449499115, 0.34087299991369946,0,0,27.8,0.0,1
7881,1776087394.8183033,0.04885100042884005, 0.3758390002985834,0,0,27.8,0.0,1
7882,1776087394.8481772,0.05175499973120168, 0.3856410003209021,0,0,27.8,0.0,1
7883,1776087394.877087,0.047012999857543036, 0.3934070000468637,0,0,27.8,0.0,1
7884,1776087394.906776,0.08097600039036479, 0.3635000002759625,0,0,27.8,0.0,1
7885,1776087394.9366121,0.05261800015432527, 0.3915150000466383,0,0,27.8,0.0,1
7886,1776087394.9664772,0.051590999646577984, 0.36727099995914614,0,0,27.8,0.0,1
7887,1776087394.9960375,0.052921999667887576, 0.4071769999427488,0,0,27.8,0.0,1
7888,1776087395.0263867,0.05241899998509325, 0.41176700051437365,0,0,27.8,0.0,1
7889,1776087395.0553012,0.04798200006916886, 0.38050199964345666,0,0,27.8,0.0,1
7890,1776087395.085323,0.048953999794321135, 0.3590219994293875,0,0,27.8,0.0,1
7890,1776087395.1459832,31.40298200014513, 0.24770599975454388,8,0,27.8,0.0,0
7891,1776087395.1658483,16.51253700038069, 0.2210889997513732,5,2,27.8,0.0,0
7892,1776087395.199609,21.22980900003313, 0.22778599941375433,4,2,27.8,0.0,0
7893,1776087395.4831874,17.949356999451993, 258.48616499933996,3,2,27.8,0.0,0
7895,1776087395.4863765,0.2504399999452289, 0.3153650004605879,0,2,27.8,0.0,1
7896,1776087395.5009208,0.2857290000974899, 0.34716400023171445,0,1,27.8,0.0,1
7897,1776087395.5313637,0.26641500062396517, 0.40671599981578765,0,0,27.8,0.0,1
7898,1776087395.5618362,1.5890980002950528, 0.3255889996580663,0,0,27.8,0.0,1
7899,1776087395.59461,0.03790800019487506, 0.2712539999265573,0,0,27.8,0.0,1
7900,1776087395.6197853,0.07308000022021588, 0.3867290006382973,0,0,27.8,0.0,1
7901,1776087395.6498926,0.047358000301755965, 0.3563190002751071,0,0,27.8,0.0,1
7902,1776087395.680108,0.05134599996381439, 0.3894729998137336,0,0,27.8,0.0,1
7903,1776087395.7099705,0.052037999921594746, 0.37792500006617047,0,0,27.8,0.0,1
7904,1776087395.7393608,0.04534599975158926, 0.33589699978620047,0,0,27.8,0.0,1
7905,1776087395.7690358,0.04442099998414051, 0.3412810001464095,0,0,27.8,0.0,1
7906,1776087395.7990303,0.05174100078875199, 0.37885700021433877,0,0,27.8,0.0,1
7907,1776087395.8283112,0.045108999984222464, 0.3411429997868254,0,0,27.8,0.0,1
7908,1776087395.8583438,0.05009100004826905, 0.3796880000663805,0,0,27.8,0.0,1
7909,1776087395.8878071,0.04469700070330873, 0.34847099959733896,0,0,27.8,0.0,1
7910,1776087395.917286,0.044485999751486816, 0.3339060003781924,0,0,27.8,0.0,1
7911,1776087395.9473991,0.04733100013254443, 0.38111200046841986,0,0,27.8,0.0,1
7912,1776087395.9768782,0.04529100078798365, 0.34909699934360106,0,0,27.8,0.0,1
7913,1776087396.00678,0.04566099960356951, 0.3500780003378168,0,0,27.8,0.0,1
7914,1776087396.0365503,0.04699300006905105, 0.37773399981233524,0,0,27.8,0.0,1
7915,1776087396.0663054,0.04732999968837248, 0.377514000319934,0,0,27.8,0.0,1
7916,1776087396.0961833,0.05266399966785684, 0.3850519997286028,0,0,27.8,0.0,1
7917,1776087396.1256914,0.043201000153203495, 0.3613050002968521,0,0,27.8,0.0,1
7918,1776087396.1555128,0.05008900006941985, 0.3801400007432676,0,0,27.8,0.0,1
7919,1776087396.1852198,0.048195000090345275, 0.3802189994530636,0,0,27.8,0.0,1
7920,1776087396.2151365,0.05117699947732035, 0.38600900006713346,0,0,27.8,0.0,1
7921,1776087396.2444718,0.047945000005711336, 0.3779110002142261,0,0,27.8,0.0,1
7922,1776087396.2740607,0.04559899934974965, 0.34170599974459037,0,0,27.8,0.0,1
7923,1776087396.3040926,0.05083799987914972, 0.38519999998243293,0,0,27.8,0.0,1
7924,1776087396.3333864,0.04424199960340047, 0.35292800021125004,0,0,27.8,0.0,1
7925,1776087396.3633628,0.045171000238042325, 0.37862400040467037,0,0,27.8,0.0,1
7926,1776087396.3932874,0.049231999582843855, 0.3807740004049265,0,0,27.8,0.0,1
7927,1776087396.4227862,0.04275800074537983, 0.3460120005911449,0,0,27.8,0.0,1
7928,1776087396.4522223,0.046721999751753174, 0.3453009994700551,0,0,27.8,0.0,1
7928,1776087396.5140536,31.908781999845814, 0.28069700056221336,7,2,27.8,0.0,0
7929,1776087396.5608678,23.27907799917739, 0.28423599997040583,5,0,27.8,0.0,0
7930,1776087396.578614,15.92037199952756, 0.23724400034552673,5,2,27.8,0.0,0
7931,1776087396.5921137,11.743686000045273, 0.21643800027959514,4,2,27.8,0.0,0
7932,1776087396.8731797,14.569441000276129, 258.34759600002144,2,1,27.8,0.0,0
7934,1776087396.876594,0.2125329992850311, 0.3186050007570884,0,1,27.8,0.0,1
7935,1776087396.897744,0.2387630001976504, 0.4148699999859673,0,1,27.8,0.0,1
7936,1776087396.9292672,1.9285990001662867, 0.37881000025663525,0,0,27.8,0.0,1
7937,1776087396.9616983,0.03555599960236577, 0.2626790001158952,0,0,27.8,0.0,1
7938,1776087396.9867256,0.047391000407515094, 0.4100599999219412,0,0,27.8,0.0,1
7939,1776087397.0167944,0.04741000066132983, 0.35541199940780643,0,0,27.8,0.0,1
7940,1776087397.0466084,0.04936999994242797, 0.3748919998542988,0,0,27.8,0.0,1
7941,1776087397.0758562,0.044115000491729006, 0.3476309993857285,0,0,27.8,0.0,1
7942,1776087397.1056657,0.0428809998993529, 0.37590700048895087,0,0,27.8,0.0,1
7943,1776087397.1352775,0.04597099996317411, 0.3809769996223622,0,0,27.8,0.0,1
7944,1776087397.1650536,0.04757999977300642, 0.38767500063841,0,0,27.8,0.0,1
7945,1776087397.1946714,0.043308000385877676, 0.3682959995785495,0,0,27.8,0.0,1
7946,1776087397.224679,0.048505999984627124, 0.38117699932627147,0,0,27.8,0.0,1
7947,1776087397.2540977,0.044751000132237095, 0.38594599936914165,0,0,27.8,0.0,1
7948,1776087397.2838063,0.04543700015346985, 0.3490760000204318,0,0,27.8,0.0,1
7949,1776087397.3135638,0.04707000061898725, 0.3873940004268661,0,0,27.8,0.0,1
7950,1776087397.34329,0.048439999773108866, 0.4285559998606914,0,0,27.8,0.0,1
7951,1776087397.3734753,0.049899000259756576, 0.3993419995822478,0,0,27.8,0.0,1
7952,1776087397.4026353,0.04813999930775026, 0.4066739993504598,0,0,27.8,0.0,1
7953,1776087397.4330251,0.05377399975259323, 0.3863160000037169,0,0,27.8,0.0,1
7954,1776087397.4621882,0.04651099970942596, 0.38390999998227926,0,0,27.8,0.0,1
7955,1776087397.492102,0.04840400015382329, 0.3753529999812599,0,0,27.8,0.0,1
7956,1776087397.521902,0.0457500000266009, 0.3633619999163784,0,0,27.8,0.0,1
7957,1776087397.5514133,0.0472210003863438, 0.3859270000248216,0,0,27.8,0.0,1
7958,1776087397.581221,0.045593999857374, 0.3721610000866349,0,0,27.8,0.0,1
7959,1776087397.611315,0.04983399958291557, 0.40219400034402497,0,0,27.8,0.0,1
7960,1776087397.6406102,0.053017999562143814, 0.36625800021283794,0,0,27.8,0.0,1
7961,1776087397.670475,0.049029999900085386, 0.3723820000232081,0,0,27.8,0.0,1
7962,1776087397.6998806,0.041932000385713764, 0.3491870002108044,0,0,27.8,0.0,1
7963,1776087397.729738,0.043664000259013847, 0.4029790006825351,0,0,27.8,0.0,1
7964,1776087397.7593822,0.0466090004920261, 0.387037000109558,0,0,27.8,0.0,1
7965,1776087397.7896357,0.043914999878325034, 0.3630989995144773,0,0,27.8,0.0,1
7966,1776087397.819478,0.05031000000599306, 0.38088299970695516,0,0,27.8,0.0,1
7967,1776087397.8487961,0.06192700038809562, 0.38726299953850685,0,0,27.8,0.0,1
7967,1776087397.909724,31.305261999477807, 0.31468299948755885,6,2,27.8,0.0,0
7968,1776087397.9502501,21.670430000085616, 0.21244599975034362,6,0,27.8,0.0,0
7969,1776087397.966646,14.688833000036539, 0.20936199962307,2,2,27.8,0.0,0
7970,1776087397.9834294,13.067252999462653, 0.231067999266088,3,2,27.8,0.0,0
7971,1776087398.277919,21.015359999182692, 258.63800599927345,2,2,27.8,0.0,0
7973,1776087398.281833,0.26619799973559566, 0.3046239999093814,0,2,27.8,0.0,1
7974,1776087398.294861,0.2943320005215355, 0.34042900006170385,0,2,27.8,0.0,1
7975,1776087398.3245265,0.2785789993140497, 0.34944300023198593,0,0,27.8,0.0,1
7976,1776087398.3556406,1.5698799998062896, 0.30707099995197495,0,0,27.8,0.0,1
7977,1776087398.3885102,0.04197900034341728, 0.2717000006668968,0,0,27.8,0.0,1
7978,1776087398.413724,0.060682000366796274, 0.3370240001459024,0,0,27.8,0.0,1
7979,1776087398.4431782,0.04308300049160607, 0.34651800069696037,0,0,27.8,0.0,1
7980,1776087398.4730809,0.04117599928576965, 0.34269000025233254,0,0,27.8,0.0,1
7981,1776087398.5031388,0.04882100074610207, 0.3713209998750244,0,0,27.8,0.0,1
7982,1776087398.5322578,0.04441700002644211, 0.33887300014612265,0,0,27.8,0.0,1
7983,1776087398.5620267,0.04443200032255845, 0.33661199995549396,0,0,27.8,0.0,1
7984,1776087398.591889,0.04336199981480604, 0.34132100063288817,0,0,27.8,0.0,1
7985,1776087398.6220748,0.04955000076733995, 0.37573400004475843,0,0,27.8,0.0,1
7986,1776087398.6511426,0.04483599968807539, 0.3330389999973704,0,0,27.8,0.0,1
7987,1776087398.6812716,0.04836799962504301, 0.3775429995585,0,0,27.8,0.0,1
7988,1776087398.7111483,0.049601999307924416, 0.375825000446639,0,0,27.8,0.0,1
7989,1776087398.7403173,0.04303799960325705, 0.3323800001453492,0,0,27.8,0.0,1
7990,1776087398.7703118,0.04700499994214624, 0.37006899947300553,0,0,27.8,0.0,1
7991,1776087398.7999446,0.04454299960343633, 0.33869300023070537,0,0,27.8,0.0,1
7992,1776087398.829729,0.06376199962687679, 0.34939099987241207,0,0,27.8,0.0,1
7993,1776087398.8596117,0.044640999476541765, 0.3632630005085957,0,0,27.8,0.0,1
7994,1776087398.8889081,0.04444800015335204, 0.33752400031517027,0,0,27.8,0.0,1
7995,1776087398.9190338,0.05134599996381439, 0.38855999991938006,0,0,27.8,0.0,1
7996,1776087398.948312,0.045945000238134526, 0.3338799997436581,0,0,27.8,0.0,1
7997,1776087398.9782145,0.049621000471233856, 0.3869969996230793,0,0,27.8,0.0,1
7998,1776087399.00792,0.04673400053434307, 0.34182299987151055,0,0,27.8,0.0,1
7999,1776087399.038054,0.05074700038676383, 0.3770809998968616,0,0,27.8,0.0,1
8000,1776087399.0672886,0.04201899992040126, 0.34626199976628413,0,0,27.8,0.0,1
8001,1776087399.0970435,0.04346900004748022, 0.3427679994274513,0,0,27.8,0.0,1
8002,1776087399.1268747,0.046984000618977007, 0.34120300006179605,0,0,27.8,0.0,1
8003,1776087399.1565962,0.047120999624894466, 0.3732679997483501,0,0,27.8,0.0,1
8004,1776087399.1864214,0.04864899983658688, 0.379162000172073,0,0,27.8,0.0,1
8005,1776087399.216263,0.04848499975196319, 0.37374700059444876,0,0,27.8,0.0,1
8006,1776087399.2460234,0.05008300013287226, 0.3923209997083177,0,0,27.8,0.0,1
8006,1776087399.305912,30.613828000241483, 0.2342529996894882,2,2,27.8,0.0,0
8007,1776087399.3584719,23.20248099931632, 0.25834699954430107,3,0,27.8,0.0,0
8008,1776087399.384816,20.452234000003955, 0.2175229992644745,3,2,27.8,0.0,0
8009,1776087399.413972,19.668382999952883, 0.21619299968733685,4,2,27.8,0.0,0
8010,1776087399.7022066,19.973761000073864, 257.84116800059564,3,2,27.8,0.0,0
8012,1776087399.706103,0.2523100001781131, 0.3084379995925701,0,2,27.8,0.0,1
8013,1776087399.7211554,0.27196400060347514, 0.33081699984904844,0,2,27.8,0.0,1
8014,1776087399.752904,1.7747040001268033, 0.3254949997426593,0,1,27.8,0.0,1
8015,1776087399.784558,0.18724200072028907, 0.25789500068640336,0,0,27.8,0.0,1
8016,1776087399.8100767,0.044473999878391623, 0.3370339991306537,0,0,27.8,0.0,1
8017,1776087399.8397086,0.044781999349652324, 0.36519400055112783,0,0,27.8,0.0,1
8018,1776087399.8701427,0.050369000746286474, 0.3959699997722055,0,0,27.8,0.0,1
8019,1776087399.8995066,0.0476099994557444, 0.36566699964168947,0,0,27.8,0.0,1
8020,1776087399.9290233,0.043772999561042525, 0.3469060002316837,0,0,27.8,0.0,1
8021,1776087399.9593897,0.049883999963640235, 0.38247700013016583,0,0,27.8,0.0,1
8022,1776087399.989091,0.05041700023866724, 0.3797110002778936,0,0,27.8,0.0,1
8023,1776087400.0183172,0.05029299973102752, 0.36855200050922576,0,0,27.8,0.0,1
8024,1776087400.0479176,0.04502599949773867, 0.33737200010364177,0,0,27.8,0.0,1
8025,1776087400.0778284,0.06837399996584281, 0.4118130000279052,0,0,27.8,0.0,1
8026,1776087400.1069903,0.04494299992074957, 0.3590460000850726,0,0,27.8,0.0,1
8027,1776087400.1373851,0.050396000006003305, 0.38817699987703236,0,0,27.8,0.0,1
8028,1776087400.1668103,0.04643699958251091, 0.34370899993518833,0,0,27.8,0.0,1
8029,1776087400.1960359,0.04317999992053956, 0.37545899976976216,0,0,27.8,0.0,1
8030,1776087400.2256255,0.04605100002663676, 0.40561799960414646,0,0,27.8,0.0,1
8031,1776087400.255371,0.046765999286435544, 0.3846669997074059,0,0,27.8,0.0,1
8032,1776087400.2857237,0.049696999667503405, 0.40868500036594924,0,0,27.8,0.0,1
8033,1776087400.3147807,0.06625299920415273, 0.38151100034156116,0,0,27.8,0.0,1
8034,1776087400.3444884,0.04734599951916607, 0.38338300055329455,0,0,27.8,0.0,1
8035,1776087400.3747363,0.051686000006156974, 0.41083299947786145,0,0,27.8,0.0,1
8036,1776087400.4043777,0.05493400021805428, 0.4334839995863149,0,0,27.8,0.0,1
8037,1776087400.4336665,0.046752000343985856, 0.4151170005570748,0,0,27.8,0.0,1
8038,1776087400.463509,0.046440000005532056, 0.4083459998582839,0,0,27.8,0.0,1
8039,1776087400.4935052,0.05074999990029028, 0.38104700070107356,0,0,27.8,0.0,1
8040,1776087400.5228014,0.04581499979394721, 0.3508379995764699,0,0,27.8,0.0,1
8041,1776087400.5526783,0.04543700015346985, 0.39168399962363765,0,0,27.8,0.0,1
8042,1776087400.5826612,0.05058999977336498, 0.4018559993710369,0,0,27.8,0.0,1
8043,1776087400.6120658,0.0414059995819116, 0.35345299966138555,0,0,27.8,0.0,1
8044,1776087400.6419554,0.04427400017448235, 0.36414700025488855,0,0,27.8,0.0,1
8045,1776087400.6713052,0.044782000259147026, 0.3745029998754035,0,0,27.8,0.0,1
8045,1776087400.7196038,18.11686400014878, 0.21116399966558674,0,0,27.8,0.0,0
8046,1776087400.7548215,21.474050000506395, 0.2479720005794661,0,0,27.8,0.0,0
8047,1776087400.7796052,18.96917999965808, 0.22305699985736283,2,2,27.8,0.0,0
8048,1776087400.8124228,21.028684999691905, 0.23174499983724672,2,2,27.8,0.0,0
8049,1776087401.098001,17.964592000680568, 259.90539500071463,2,2,27.8,0.0,0
8051,1776087401.1018927,0.2646289995027473, 0.305716000184475,0,2,27.8,0.0,1
8052,1776087401.1180022,0.27131200022267876, 0.33877799978654366,0,1,27.8,0.0,1
8053,1776087401.1474314,0.2315440005986602, 0.33969000014622,0,1,27.8,0.0,1
8054,1776087401.1786988,1.7115250002461835, 0.30020800022612093,0,0,27.8,0.0,1
8055,1776087401.21151,0.037526000596699305, 0.27075700018031057,0,0,27.8,0.0,1
8056,1776087401.2366295,0.04508300025918288, 0.35824099995807046,0,0,27.8,0.0,1
8057,1776087401.2665431,0.05045399939263007, 0.36785900010727346,0,0,27.8,0.0,1
8058,1776087401.2959838,0.04506799996306654, 0.33792900012485916,0,0,27.8,0.0,1
8059,1776087401.3257647,0.06379800015565706, 0.3639270007624873,0,0,27.8,0.0,1
8060,1776087401.3552153,0.045138000132283196, 0.33848200018837815,0,0,27.8,0.0,1
8061,1776087401.3853216,0.04793500011146534, 0.37575300029857317,0,0,27.8,0.0,1
8062,1776087401.4151976,0.05100299949845066, 0.37753400010842597,0,0,27.8,0.0,1
8063,1776087401.4448633,0.047915999857650604, 0.3773159996853792,0,0,27.8,0.0,1
8064,1776087401.4745255,0.04930700015393086, 0.3717239997058641,0,0,27.8,0.0,1
8065,1776087401.5042398,0.0514110006406554, 0.37701299970649416,0,0,27.8,0.0,1
8066,1776087401.534083,0.05052899996371707, 0.38117899930512067,0,0,27.8,0.0,1
8067,1776087401.5632179,0.04443199941306375, 0.34249399959662696,0,0,27.8,0.0,1
8068,1776087401.5930004,0.044018999687978067, 0.33827100014605094,0,0,27.8,0.0,1
8069,1776087401.622859,0.04443199941306375, 0.3397130003577331,0,0,27.8,0.0,1
8070,1776087401.65272,0.05718299962609308, 0.34475000029488,0,0,27.8,0.0,1
8071,1776087401.682432,0.048878000598051585, 0.37695799983339384,0,0,27.8,0.0,1
8072,1776087401.7122948,0.04839899975195294, 0.38034399949538056,0,0,27.8,0.0,1
8073,1776087401.7421153,0.05130499994265847, 0.3838880002149381,0,0,27.8,0.0,1
8074,1776087401.771554,0.051201000133005437, 0.36655799976870185,0,0,27.8,0.0,1
8075,1776087401.8010304,0.044209999941813294, 0.340709999363753,0,0,27.8,0.0,1
8076,1776087401.8311322,0.048971000069286674, 0.3825880003205384,0,0,27.8,0.0,1
8077,1776087401.860951,0.0496299999213079, 0.38293499983410584,0,0,27.8,0.0,1
8078,1776087401.8903952,0.04901500051346375, 0.3810560001511476,0,0,27.8,0.0,1
8079,1776087401.9204302,0.050771000132954214, 0.3807989996857941,0,0,27.8,0.0,1
8080,1776087401.950086,0.05128600059833843, 0.38205799955903785,0,0,27.8,0.0,1
8081,1776087401.9805496,0.06692399983876385, 0.479635000374401,0,0,27.8,0.0,1
8082,1776087402.0093915,0.04874099977314472, 0.3810440002780524,0,0,27.8,0.0,1
8083,1776087402.0390894,0.04869299937126925, 0.37645599968527677,0,0,27.8,0.0,1
8084,1776087402.0690415,0.05184600013308227, 0.3838850007014116,0,0,27.8,0.0,1
8084,1776087402.1297023,31.129278000662453, 0.30139400041662157,1,1,27.8,0.0,0
8085,1776087402.1734095,22.830321000583353, 0.2496230008546263,1,1,27.8,0.0,0
8086,1776087402.4480233,16.047596999669622, 257.0759279997219,2,2,27.8,0.0,0
8088,1776087402.4510944,0.23270800011232495, 0.28625200047827093,0,2,27.8,0.0,1
8089,1776087402.4552221,1.4463120005530072, 0.2860590002455865,0,2,27.8,0.0,1
8090,1776087402.4887102,0.22716100011166418, 0.261505999333167,0,2,27.8,0.0,1
8091,1776087402.513885,0.29521400028897915, 0.36689599983219523,0,0,27.8,0.0,1
8092,1776087402.543587,0.04858600004808977, 0.3995810002379585,0,0,27.8,0.0,1
8093,1776087402.5732255,0.05527699977392331, 0.42755899994517677,0,0,27.8,0.0,1
8094,1776087402.6032422,0.0626540004304843, 0.4203360003884882,0,0,27.8,0.0,1
8095,1776087402.6327949,0.050022999857901596, 0.3506800003378885,0,0,27.8,0.0,1
8096,1776087402.6626787,0.051482000344549306, 0.42007799947896274,0,0,27.8,0.0,1
8097,1776087402.6924367,0.049685000703902915, 0.3782720004892326,0,0,27.8,0.0,1
8098,1776087402.7217436,0.04689000070356997, 0.398857000618591,0,0,27.8,0.0,1
8099,1776087402.7522216,0.05114600025990512, 0.4022650000479189,0,0,27.8,0.0,1
8100,1776087402.7813742,0.05099200006952742, 0.4408670001794235,0,0,27.8,0.0,1
8101,1776087402.8112724,0.06064500030333875, 0.4611570002452936,0,0,27.8,0.0,1
8102,1776087402.8408175,0.04810700011148583, 0.34785899970302125,0,0,27.8,0.0,1
8103,1776087402.8704855,0.04848199932894204, 0.4088910000064061,0,0,27.8,0.0,1
8104,1776087402.9006722,0.04652699954021955, 0.40196700047090417,0,0,27.8,0.0,1
8105,1776087402.929802,0.06934399971214589, 0.39161699987744214,0,0,27.8,0.0,1
8106,1776087402.9595137,0.04742999954032712, 0.39090599966584705,0,0,27.8,0.0,1
8107,1776087402.9893696,0.055079000048863236, 0.46152300001267577,0,0,27.8,0.0,1
8108,1776087403.0195928,0.045586999476654455, 0.3740459997061407,0,0,27.8,0.0,1
8109,1776087403.0494287,0.048906999836617615, 0.3778910004257341,0,0,27.8,0.0,1
8110,1776087403.0791323,0.05169599990040297, 0.3763639997487189,0,0,27.8,0.0,1
8111,1776087403.1086738,0.04668500059779035, 0.3592769999158918,0,0,27.8,0.0,1
8112,1776087403.138504,0.047013999392220285, 0.37620000057358993,0,0,27.8,0.0,1
8113,1776087403.1680033,0.04648199956136523, 0.3383049997864873,0,0,27.8,0.0,1
8114,1776087403.197743,0.062386000536207575, 0.34411500018904917,0,0,27.8,0.0,1
8115,1776087403.2272835,0.04446399998414563, 0.3390680003576563,0,0,27.8,0.0,1
8116,1776087403.2574408,0.05074399996374268, 0.37057800000184216,0,0,27.8,0.0,1
8117,1776087403.286655,0.04501999956119107, 0.3583289999369299,0,0,27.8,0.0,1
8118,1776087403.3162239,0.04918000013276469, 0.41224699998565484,0,0,27.8,0.0,1
8119,1776087403.3458264,0.049418999878980685, 0.38712900004611583,0,0,27.8,0.0,1
8120,1776087403.3758998,0.04647299920179648, 0.33827900006144773,0,0,27.8,0.0,1
8121,1776087403.4059358,0.04987899956176989, 0.3850940001939307,0,0,27.8,0.0,1
8121,1776087403.4670393,32.228751999355154, 0.3107350003119791,6,0,27.8,0.0,0
8122,1776087403.5216131,24.256950000562938, 0.24159900021913927,8,2,27.8,0.0,0
8123,1776087403.5407965,16.64559599976201, 0.25099999947997276,5,2,27.8,0.0,0
8124,1776087403.8342388,21.359674999985145, 258.8598890006324,6,2,27.8,0.0,0
8126,1776087403.8383021,0.2715740001804079, 0.3177130001859041,0,2,27.8,0.0,1
8127,1776087403.8511622,0.24922099964896915, 0.32566299978498137,0,0,27.8,0.0,1
8128,1776087403.88077,0.04681200061895652, 0.4325339996285038,0,0,27.8,0.0,1
8129,1776087403.9129407,1.6924619994824752, 0.34211900037917076,0,0,27.8,0.0,1
8130,1776087403.9454353,0.03691700021590805, 0.28299200039327843,0,0,27.8,0.0,1
8131,1776087403.9701738,0.045994000174687244, 0.3406369996810099,0,0,27.8,0.0,1
8132,1776087403.9998689,0.048736000280769076, 0.38353099989762995,0,0,27.8,0.0,1
8133,1776087404.030138,0.04488099966692971, 0.358278000021528,0,0,27.8,0.0,1
8134,1776087404.0595875,0.04667899975174805, 0.36952200025552884,0,0,27.8,0.0,1
8135,1776087404.0893967,0.044628000068769325, 0.3850780003631371,0,0,27.8,0.0,1
8136,1776087404.1189327,0.04577699928631773, 0.3344529995956691,0,0,27.8,0.0,1
8137,1776087404.14904,0.04842500038648723, 0.36996800008637365,0,0,27.8,0.0,1
8138,1776087404.1785388,0.05394999971031211, 0.3585229997042916,0,0,27.8,0.0,1
8139,1776087404.2079709,0.048144999709620606, 0.34074100040015765,0,0,27.8,0.0,1
8140,1776087404.2380903,0.04969499968865421, 0.38068200046836864,0,0,27.8,0.0,1
8141,1776087404.2673151,0.04611999975168146, 0.3337190000820556,0,0,27.8,0.0,1
8142,1776087404.2971318,0.04428200008987915, 0.339230999998108,0,0,27.8,0.0,1
8143,1776087404.3272026,0.05071499981568195, 0.38505700013047317,0,0,27.8,0.0,1
8144,1776087404.3570588,0.05010899985791184, 0.39090399968699785,0,0,27.8,0.0,1
8145,1776087404.3865614,0.05323999994288897, 0.36205800006428035,0,0,27.8,0.0,1
8146,1776087404.4163644,0.05001199951948365, 0.3907979998984956,0,0,27.8,0.0,1
8147,1776087404.4458663,0.04566099960356951, 0.338584000019182,0,0,27.8,0.0,1
8148,1776087404.475632,0.049125000259664375, 0.3595120006139041,0,0,27.8,0.0,1
8149,1776087404.5051672,0.043977000132144894, 0.3449519999776385,0,0,27.8,0.0,1
8150,1776087404.5352836,0.04972600072505884, 0.37109899949427927,0,0,27.8,0.0,1
8151,1776087404.5642886,0.04687199998443248, 0.33839299976534676,0,0,27.8,0.0,1
8152,1776087404.5944781,0.045850999413232785, 0.3748580002138624,0,0,27.8,0.0,1
8153,1776087404.6243122,0.04971799990016734, 0.3655840000647004,0,0,27.8,0.0,1
8154,1776087404.6540968,0.05012699966755463, 0.38490099996124627,0,0,27.8,0.0,1
8155,1776087404.6836338,0.044053999772586394, 0.3585439999369555,0,0,27.8,0.0,1
8156,1776087404.713144,0.04274000002624234, 0.34321900056966115,0,0,27.8,0.0,1
8157,1776087404.7429688,0.04649099992093397, 0.33888699999806704,0,0,27.8,0.0,1
8158,1776087404.7727764,0.0442830005340511, 0.3442090001044562,0,0,27.8,0.0,1
8159,1776087404.8025482,0.04885100042884005, 0.3648390002126689,0,0,27.8,0.0,1
8159,1776087404.8627346,30.612312999437563, 0.2141739996659453,14,2,27.8,0.0,0
8160,1776087404.9088135,23.005922000265855, 0.2348789994357503,12,0,27.8,0.0,0
8161,1776087405.0577323,13.372776000323938, 0.21001700042688753,21,2,27.8,0.0,0
8162,1776087405.0936763,22.021160999429412, 0.2271270004712278,9,2,27.8,0.0,0
8163,1776087405.3776639,19.355686999915633, 258.5091729997657,10,2,27.8,0.0,0
8165,1776087405.3812613,0.24997199943754822, 0.30530200001521735,0,2,27.8,0.0,1
8166,1776087405.3969424,0.2927839996118564, 0.34301600044273073,0,1,27.8,0.0,1
8167,1776087405.4278915,1.7721359999995911, 0.30383099965547444,0,1,27.8,0.0,1
8168,1776087405.460799,0.16824900012579747, 0.2606149992061546,0,0,27.8,0.0,1
8169,1776087405.4858174,0.04251199970894959, 0.3471300005912781,0,0,27.8,0.0,1
8170,1776087405.5156925,0.04656999954022467, 0.362625999514421,0,0,27.8,0.0,1
8171,1776087405.5455575,0.04933099990012124, 0.36472600004344713,0,0,27.8,0.0,1
8172,1776087405.5749345,0.04700599947682349, 0.3386050002518459,0,0,27.8,0.0,1
8173,1776087405.6049616,0.05220399998506764, 0.3761360003409209,0,0,27.8,0.0,1
8174,1776087405.634268,0.04463300047063967, 0.3352510002514464,0,0,27.8,0.0,1
8175,1776087405.6644247,0.049757999477151316, 0.3853330008496414,0,0,27.8,0.0,1
8176,1776087405.6938777,0.043170000026293565, 0.341662000209908,0,0,27.8,0.0,1
8177,1776087405.723664,0.046284999370982405, 0.35720100004255073,0,0,27.8,0.0,1
8178,1776087405.7534528,0.04944499960402027, 0.38550599947484443,0,0,27.8,0.0,1
8179,1776087405.7833157,0.050300999646424316, 0.3696040002978407,0,0,27.8,0.0,1
8180,1776087405.8132997,0.046799000301689375, 0.3737659999387688,0,0,27.8,0.0,1
8181,1776087405.8425672,0.0443580001956434, 0.37790999977005413,0,0,27.8,0.0,1
8182,1776087405.872204,0.045447999582393095, 0.3838519996861578,0,0,27.8,0.0,1
8183,1776087405.9014256,0.05204700028116349, 0.44186700051795924,0,0,27.8,0.0,1
8184,1776087405.9312904,0.05408099968917668, 0.3986309993706527,0,0,27.8,0.0,1
8185,1776087405.9611983,0.04407600044942228, 0.34110599972336786,0,0,27.8,0.0,1
8186,1776087405.991376,0.05249999958323315, 0.41099900045082904,0,0,27.8,0.0,1
8187,1776087406.0206175,0.0436549998994451, 0.360842999725719,0,0,27.8,0.0,1
8188,1776087406.0501847,0.04491199979383964, 0.3446669998083962,0,0,27.8,0.0,1
8189,1776087406.0802894,0.04850000004807953, 0.3675500001918408,0,0,27.8,0.0,1
8190,1776087406.1098852,0.04391800030134618, 0.34478899942769203,0,0,27.8,0.0,1
8191,1776087406.1397815,0.04374300078779925, 0.3516449996823212,0,0,27.8,0.0,1
8192,1776087406.1693037,0.04255499970895471, 0.46416900022450136,0,0,27.8,0.0,1
8193,1776087406.1992397,0.04890000036539277, 0.3782719995797379,0,0,27.8,0.0,1
8194,1776087406.228918,0.045607000174641144, 0.3346639996379963,0,0,27.8,0.0,1
8195,1776087406.2589319,0.04806100059795426, 0.3819579997070832,0,0,27.8,0.0,1
8196,1776087406.2881577,0.046269999984360766, 0.3607440003179363,0,0,27.8,0.0,1
8197,1776087406.3179128,0.04625000019586878, 0.34412900004099356,0,0,27.8,0.0,1
8198,1776087406.3475902,0.04220199934934499, 0.36235399966244586,0,0,27.8,0.0,1
8198,1776087406.408025,30.97433299990371, 0.28196700077387504,10,2,27.8,0.0,0
8199,1776087406.4248395,15.105255000889883, 0.2017940005316632,9,0,27.8,0.0,0
8200,1776087406.4571242,19.793883000602364, 0.2447910001137643,6,2,27.8,0.0,0
8201,1776087406.4937418,21.664643999429245, 0.22197399994183797,8,2,27.8,0.0,0
8202,1776087406.7768724,18.407184000352572, 258.25099799931195,8,1,27.8,0.0,0
8204,1776087406.7807088,0.215652999941085, 0.30379700001503807,0,1,27.8,0.0,1
8205,1776087406.7929206,0.1975230006792117, 0.30871399940224364,0,1,27.8,0.0,1
8206,1776087406.823454,0.2366799999435898, 0.3723439995155786,0,1,27.8,0.0,1
8207,1776087406.8544924,1.7033880003509694, 0.30817500010016374,0,0,27.8,0.0,1
8208,1776087406.8868468,0.03442700017330935, 0.2630700000736397,0,0,27.8,0.0,1
8209,1776087406.912346,0.04866699964622967, 0.3760800000236486,0,0,27.8,0.0,1
8210,1776087406.942174,0.0473039999633329, 0.38062299972807523,0,0,27.8,0.0,1
8211,1776087406.9720418,0.05025999962526839, 0.3704740001921891,0,0,27.8,0.0,1
8212,1776087407.0011463,0.045464999857358634, 0.3325469997434993,0,0,27.8,0.0,1
8213,1776087407.0304186,0.0469919996248791, 0.37680399964301614,0,0,27.8,0.0,1
8214,1776087407.0606277,0.05584700011240784, 0.38726500042685075,0,0,27.8,0.0,1
8215,1776087407.0898745,0.04081699989910703, 0.34755900014715735,0,0,27.8,0.0,1
8216,1776087407.1195774,0.054443999943032395, 0.4152209994572331,0,0,27.8,0.0,1
8217,1776087407.1497898,0.04744300076708896, 0.3601540001909598,0,0,27.8,0.0,1
8218,1776087407.1790457,0.04659099977288861, 0.38790700000390643,0,0,27.8,0.0,1
8219,1776087407.2087207,0.060508999922603834, 0.3455890000623185,0,0,27.8,0.0,1
8220,1776087407.2384138,0.04721000004792586, 0.3833230002783239,0,0,27.8,0.0,1
8221,1776087407.2685747,0.061996000113140326, 0.41984900053648744,0,0,27.8,0.0,1
8222,1776087407.2980266,0.0472189994979999, 0.4150020004090038,0,0,27.8,0.0,1
8223,1776087407.3275666,0.043278000703139696, 0.3715579996423912,0,0,27.8,0.0,1
8224,1776087407.3579204,0.04573400019580731, 0.35856700014846865,0,0,27.8,0.0,1
8225,1776087407.3869948,0.04606199945556, 0.3762809992622351,0,0,27.8,0.0,1
8226,1776087407.4167926,0.043789000301330816, 0.35618000038084574,0,0,27.8,0.0,1
8227,1776087407.4464188,0.04681799964600941, 0.3850519997286028,0,0,27.8,0.0,1
8228,1776087407.4764233,0.054668999837304, 0.45883399980084505,0,0,27.8,0.0,1
8229,1776087407.506213,0.04987600004824344, 0.38069000038376544,0,0,27.8,0.0,1
8230,1776087407.5357134,0.051373000133025926, 0.3991620005763252,0,0,27.8,0.0,1
8231,1776087407.565319,0.04514899956120644, 0.37332099964260124,0,0,27.8,0.0,1
8232,1776087407.5955734,0.04539299970929278, 0.38162399960128823,0,0,27.8,0.0,1
8233,1776087407.6252677,0.04910299958282849, 0.39409900000464404,0,0,27.8,0.0,1
8234,1776087407.654538,0.05212599990045419, 0.43767099941760534,0,0,27.8,0.0,1
8235,1776087407.6843793,0.05410900030256016, 0.3777940000873059,0,0,27.8,0.0,1
8236,1776087407.7137692,0.043279000237816945, 0.3399480001462507,0,0,27.8,0.0,1
8237,1776087407.743885,0.05097399935038993, 0.3879969999616151,0,0,27.8,0.0,1
8237,1776087407.8055897,32.40152200032753, 0.3357860005053226,8,2,27.8,0.0,0
8238,1776087407.8224905,15.21198699992965, 0.22257300042838324,7,0,27.8,0.0,0
8239,1776087407.8535347,20.925539000018034, 0.23925000004965113,6,2,27.8,0.0,0
8240,1776087407.8858056,21.920236999903864, 0.28923500030941796,9,2,27.8,0.0,0
8241,1776087408.1720831,20.175594000647834, 258.9380870003879,12,2,27.8,0.0,0
8243,1776087408.1753771,0.387837999369367, 0.3488770007606945,0,2,27.8,0.0,1
8244,1776087408.1900775,0.2817940003296826, 0.3405339994060341,0,1,27.8,0.0,1
8245,1776087408.2214382,1.8139160001737764, 0.3290860004199203,0,1,27.8,0.0,1
8246,1776087408.2534375,0.16826099999889266, 0.27056199996877695,0,0,27.8,0.0,1
8247,1776087408.2790678,0.04811899998458102, 0.3460159996393486,0,0,27.8,0.0,1
8248,1776087408.3088694,0.04125499981455505, 0.3512499997668783,0,0,27.8,0.0,1
8249,1776087408.3382888,0.0422630000684876, 0.3448249999564723,0,0,27.8,0.0,1
8250,1776087408.3683958,0.04778900074597914, 0.37780099955853075,0,0,27.8,0.0,1
8251,1776087408.3982503,0.05043300006946083, 0.38131600013002753,0,0,27.8,0.0,1
8252,1776087408.4279373,0.047932000597938895, 0.3710080000018934,0,0,27.8,0.0,1
8253,1776087408.45717,0.042427000153111294, 0.3443259993218817,0,0,27.8,0.0,1
8254,1776087408.4868996,0.04388900015328545, 0.34539900025265524,0,0,27.8,0.0,1
8255,1776087408.517103,0.05356299971026601, 0.3858720001517213,0,0,27.8,0.0,1
8256,1776087408.5462363,0.04663900017476408, 0.3378239998710342,0,0,27.8,0.0,1
8257,1776087408.5764134,0.05016999966755975, 0.38702599977114005,0,0,27.8,0.0,1
8258,1776087408.6061437,0.0476829991384875, 0.3809629997704178,0,0,27.8,0.0,1
8259,1776087408.636041,0.05060300009063212, 0.37128300027688965,0,0,27.8,0.0,1
8260,1776087408.665526,0.04711400015366962, 0.3798079997068271,0,0,27.8,0.0,1
8261,1776087408.6952906,0.04739599989989074, 0.3709249995154096,0,0,27.8,0.0,1
8262,1776087408.7250793,0.05077599962532986, 0.3920500003005145,0,0,27.8,0.0,1
8263,1776087408.7545877,0.049601999307924416, 0.37883000004512724,0,0,27.8,0.0,1
8264,1776087408.7843444,0.0472980000267853, 0.37022299966338323,0,0,27.8,0.0,1
8265,1776087408.814237,0.04852099937124876, 0.38058900008763885,0,0,27.8,0.0,1
8266,1776087408.8442314,0.05043900000600843, 0.38110400055302307,0,0,27.8,0.0,1
8267,1776087408.8734405,0.05130400040798122, 0.38192000010894844,0,0,27.8,0.0,1
8268,1776087408.9034417,0.05075799981568707, 0.37430200063681696,0,0,27.8,0.0,1
8269,1776087408.9331431,0.04920799983665347, 0.3774249998969026,0,0,27.8,0.0,1
8270,1776087408.9629607,0.05020600019634003, 0.38139699972816743,0,0,27.8,0.0,1
8271,1776087408.9924648,0.0518749993716483, 0.37378100023488514,0,0,27.8,0.0,1
8272,1776087409.0218785,0.0427269997089752, 0.35246599964011693,0,0,27.8,0.0,1
8273,1776087409.0520017,0.04859399996348657, 0.38197699996089796,0,0,27.8,0.0,1
8274,1776087409.081229,0.041510000301059335, 0.34120700001949444,0,0,27.8,0.0,1
8275,1776087409.1113157,0.048221999350062106, 0.36940300014975946,0,0,27.8,0.0,1
8276,1776087409.140839,0.04660600006900495, 0.3475940002317657,0,0,27.8,0.0,1
8276,1776087409.202251,31.574365000778926, 0.2327230004084413,14,2,27.8,0.0,0
8277,1776087409.2182033,14.265731999330455, 0.19963299928349443,14,0,27.8,0.0,0
8278,1776087409.2496266,19.555987000785535, 0.22796899975219276,12,2,27.8,0.0,0
8279,1776087409.2795227,20.395460999679926, 0.2461220001350739,17,2,27.8,0.0,0
8280,1776087409.5651479,19.184120000318217, 256.86353699984465,18,2,27.8,0.0,0
8282,1776087409.568988,0.2523639996070415, 0.3066929994020029,0,2,27.8,0.0,1
8283,1776087409.5865886,0.27975099965260597, 0.33213999995496124,0,2,27.8,0.0,1
8284,1776087409.6166105,0.29939399973955005, 0.3674119998322567,0,2,27.8,0.0,1
8285,1776087409.6476126,1.7040319999068743, 0.3311379996375763,0,0,27.8,0.0,1
8286,1776087409.6804476,0.03931199989892775, 0.2814999998008716,0,0,27.8,0.0,1
8287,1776087409.7052143,0.04277500011085067, 0.34443900040059816,0,0,27.8,0.0,1
8288,1776087409.7349937,0.046039000153541565, 0.34738900012598606,0,0,27.8,0.0,1
8289,1776087409.7651856,0.052815000344708096, 0.3815729996858863,0,0,27.8,0.0,1
8290,1776087409.794661,0.041600999793445226, 0.36223000006430084,0,0,27.8,0.0,1
8291,1776087409.8241637,0.04407699998409953, 0.3476329993645777,0,0,27.8,0.0,1
8292,1776087409.8542535,0.05011899975215783, 0.3865489998133853,0,0,27.8,0.0,1
8293,1776087409.8835044,0.055574999350938015, 0.43656699926941656,0,0,27.8,0.0,1
8294,1776087409.912743,0.06727100026182598, 0.35102800029562786,0,0,27.8,0.0,1
8295,1776087409.942638,0.04096899920114083, 0.3841030002149637,0,0,27.8,0.0,1
8296,1776087409.973257,0.05034300011175219, 0.3981509998993715,0,0,27.8,0.0,1
8297,1776087410.0030313,0.0488480000058189, 0.38111999947432196,0,0,27.8,0.0,1
8298,1776087410.0321221,0.04222700044920202, 0.34313000014662975,0,0,27.8,0.0,1
8299,1776087410.061887,0.046346999624802265, 0.3478899998299312,0,0,27.8,0.0,1
8300,1776087410.0917876,0.043199999709031545, 0.3488470001684618,0,0,27.8,0.0,1
8301,1776087410.1215286,0.04803100000572158, 0.36714799989567837,0,0,27.8,0.0,1
8302,1776087410.1511443,0.043228999857092276, 0.3481229996395996,0,0,27.8,0.0,1
8303,1776087410.181194,0.048377999519289006, 0.3840039998976863,0,0,27.8,0.0,1
8304,1776087410.2103117,0.044270999751461204, 0.3453310000622878,0,0,27.8,0.0,1
8305,1776087410.2404375,0.045650999709323514, 0.38591399970755447,0,0,27.8,0.0,1
8306,1776087410.2703047,0.04850699951930437, 0.3701350005940185,0,0,27.8,0.0,1
8307,1776087410.3000574,0.049663999561744276, 0.38127600055304356,0,0,27.8,0.0,1
8308,1776087410.3291826,0.042609000047377776, 0.3505419999783044,0,0,27.8,0.0,1
8309,1776087410.3590484,0.04311700013204245, 0.345695999385498,0,0,27.8,0.0,1
8310,1776087410.3893154,0.04933299987897044, 0.37300900021364214,0,0,27.8,0.0,1
8311,1776087410.4190743,0.05262499962555012, 0.38485200002469355,0,0,27.8,0.0,1
8312,1776087410.4484832,0.04780000017490238, 0.3734580004675081,0,0,27.8,0.0,1
8313,1776087410.4783344,0.048038999921118375, 0.37913999949523713,0,0,27.8,0.0,1
8314,1776087410.5078192,0.046628000745840836, 0.339031999828876,0,0,27.8,0.0,1
8315,1776087410.5372143,0.04246400021656882, 0.34125999991374556,0,0,27.8,0.0,1
8315,1776087410.5983698,31.320502000198758, 0.2206979997936287,8,2,27.8,0.0,0
8316,1776087410.6156797,15.180137000243121, 0.21499499962374102,6,0,27.8,0.0,0
8317,1776087410.6507382,21.524214000237407, 0.22171199998410884,5,2,27.8,0.0,0
8318,1776087410.6759589,17.859905000477738, 0.21756699970865157,5,2,27.8,0.0,0
8319,1776087410.9638455,19.635588000710413, 257.86784299998544,5,1,27.8,0.0,0
8321,1776087410.9679449,0.21025000023655593, 0.21547200049099047,0,1,27.8,0.0,1
8322,1776087410.9842887,0.26556799912214046, 0.4163939993304666,0,1,27.8,0.0,1
8323,1776087411.0145588,1.7396119992554304, 0.3169940000589122,0,1,27.8,0.0,1
8324,1776087411.0469675,0.16536899966013152, 0.260036999861768,0,0,27.8,0.0,1
8325,1776087411.072465,0.0464529994133045, 0.3858050004055258,0,0,27.8,0.0,1
8326,1776087411.102222,0.04919300045003183, 0.3773720000026515,0,0,27.8,0.0,1
8327,1776087411.1321352,0.04770299983647419, 0.3770569992411765,0,0,27.8,0.0,1
8328,1776087411.1611376,0.04770299983647419, 0.33897400044224923,0,0,27.8,0.0,1
8329,1776087411.1914027,0.04949000049236929, 0.38093500006652903,0,0,27.8,0.0,1
8330,1776087411.2211711,0.0489370004288503, 0.3813299999819719,0,0,27.8,0.0,1
8331,1776087411.250985,0.04904100023850333, 0.38148900057421997,0,0,27.8,0.0,1
8332,1776087411.2803767,0.050243000259797554, 0.38557299922103994,0,0,27.8,0.0,1
8333,1776087411.3103888,0.05039100051362766, 0.3854990000036196,0,0,27.8,0.0,1
8334,1776087411.3400338,0.052755000069737434, 0.3777370002353564,0,0,27.8,0.0,1
8335,1776087411.3692565,0.04643200009013526, 0.3577390007194481,0,0,27.8,0.0,1
8336,1776087411.3989997,0.04305499987822259, 0.33555800018802984,0,0,27.8,0.0,1
8337,1776087411.4288774,0.04430399985722033, 0.34269000025233254,0,0,27.8,0.0,1
8338,1776087411.4587204,0.05910199979552999, 0.3489399996396969,0,0,27.8,0.0,1
8339,1776087411.4881527,0.044878000153403264, 0.3359219999765628,0,0,27.8,0.0,1
8340,1776087411.5183954,0.050705999456113204, 0.3871429998980602,0,0,27.8,0.0,1
8341,1776087411.5477936,0.04585999977280153, 0.3441829994699219,0,0,27.8,0.0,1
8342,1776087411.5776281,0.05250999947747914, 0.36890200044581434,0,0,27.8,0.0,1
8343,1776087411.6073709,0.04708799951913534, 0.3813299999819719,0,0,27.8,0.0,1
8344,1776087411.6369042,0.04829199951927876, 0.34095200044248486,0,0,27.8,0.0,1
8345,1776087411.6669972,0.05104399951960659, 0.38122900059534004,0,0,27.8,0.0,1
8346,1776087411.696116,0.04527100008999696, 0.3413540007386473,0,0,27.8,0.0,1
8347,1776087411.7262964,0.04576800074573839, 0.3769630002352642,0,0,27.8,0.0,1
8348,1776087411.7557817,0.04438799987838138, 0.3407160002097953,0,0,27.8,0.0,1
8349,1776087411.785619,0.04424999951879727, 0.3565619999790215,0,0,27.8,0.0,1
8350,1776087411.8151398,0.043107000237796456, 0.3425170007176348,0,0,27.8,0.0,1
8351,1776087411.8453093,0.051422000069578644, 0.3689519999170443,0,0,27.8,0.0,1
8352,1776087411.8749616,0.05141600013303105, 0.3759580004043528,0,0,27.8,0.0,1
8353,1776087411.9046283,0.05050199979450554, 0.35779100016952725,0,0,27.8,0.0,1
8354,1776087411.9339736,0.05056999998487299, 0.33726800029398873,0,0,27.8,0.0,1
8354,1776087411.9961874,32.28096699967864, 0.22497200006910134,11,2,27.8,0.0,0
8355,1776087412.0119143,13.962656000330753, 0.1972030004253611,9,0,27.8,0.0,0
8356,1776087412.0464315,21.3328410000031, 0.22059000002627727,8,2,27.8,0.0,0
8357,1776087412.0742302,19.368944000234478, 0.2182809994337731,10,2,27.8,0.0,0
8358,1776087412.3616462,19.04853100040782, 259.1656509994209,9,2,27.8,0.0,0
8360,1776087412.3656151,0.28567699973791605, 0.21615399964503013,0,2,27.8,0.0,1
8361,1776087412.3800719,0.27398400015954394, 0.3371279999555554,0,2,27.8,0.0,1
8362,1776087412.4101605,0.30535299993061926, 0.37835199964320054,0,1,27.8,0.0,1
8363,1776087412.441029,1.7364080003972049, 0.3192710000803345,0,0,27.8,0.0,1
8364,1776087412.473582,0.034419999792589806, 0.2691930003493326,0,0,27.8,0.0,1
8365,1776087412.4990113,0.04934399930789368, 0.3843590002361452,0,0,27.8,0.0,1
8366,1776087412.5281787,0.044592999984161, 0.33678599993436364,0,0,27.8,0.0,1
8367,1776087412.5583045,0.04739599989989074, 0.38624799981334945,0,0,27.8,0.0,1
8368,1776087412.588205,0.05145500017533777, 0.4102949997104588,0,0,27.8,0.0,1
8369,1776087412.6171439,0.05038499966758536, 0.41661399973236257,0,0,27.8,0.0,1
8370,1776087412.6466355,0.042206999751215335, 0.3671120002763928,0,0,27.8,0.0,1
8371,1776087412.676652,0.052645000323536806, 0.441791000412195,0,0,27.8,0.0,1
8372,1776087412.7063322,0.05690099987987196, 0.4587189996527741,0,0,27.8,0.0,1
8373,1776087412.7359276,0.04723700021713739, 0.34490100006223656,0,0,27.8,0.0,1
8374,1776087412.7655795,0.05555199913942488, 0.4180750001978595,0,0,27.8,0.0,1
8375,1776087412.7952263,0.04802599960385123, 0.4555470004561357,0,0,27.8,0.0,1
8376,1776087412.8253648,0.052735999815922696, 0.38533599945367314,0,0,27.8,0.0,1
8377,1776087412.8556185,0.052291000429249834, 0.38270400000328664,0,0,27.8,0.0,1
8378,1776087412.8846586,0.060119999943708535, 0.4096180000487948,0,0,27.8,0.0,1
8379,1776087412.914557,0.05744099962612381, 0.439961999290972,0,0,27.8,0.0,1
8380,1776087412.943959,0.04836900006921496, 0.41123600021819584,0,0,27.8,0.0,1
8381,1776087412.9737217,0.04593500034388853, 0.4225829998176778,0,0,27.8,0.0,1
8382,1776087413.0041866,0.05117699947732035, 0.39935099994181655,0,0,27.8,0.0,1
8383,1776087413.0337157,0.04585700025927508, 0.3728219999175053,0,0,27.8,0.0,1
8384,1776087413.0634742,0.04976899981556926, 0.37766100012959214,0,0,27.8,0.0,1
8385,1776087413.092911,0.04686600004788488, 0.3461260002950439,0,0,27.8,0.0,1
8386,1776087413.1229744,0.04845099920203211, 0.38385699917853344,0,0,27.8,0.0,1
8387,1776087413.1525295,0.04982700011169072, 0.3644130001703161,0,0,27.8,0.0,1
8388,1776087413.182303,0.05085900011181366, 0.3761279995160294,0,0,27.8,0.0,1
8389,1776087413.211779,0.04599999920174014, 0.34420199972373666,0,0,27.8,0.0,1
8390,1776087413.241696,0.045511000280384906, 0.365455000064685,0,0,27.8,0.0,1
8391,1776087413.2714946,0.04882299981545657, 0.37882800006627804,0,0,27.8,0.0,1
8392,1776087413.3009899,0.04522299968812149, 0.3495440005281125,0,0,27.8,0.0,1
8393,1776087413.330763,0.046552000640076585, 0.3478640001048916,0,0,27.8,0.0,1
8393,1776087413.3917472,31.263021999620833, 0.28409300011844607,12,2,27.8,0.0,0
8394,1776087413.4092922,15.178618000390998, 0.20305199996073497,10,0,27.8,0.0,0
8395,1776087413.4443433,21.517137999580882, 0.21429499975056387,6,2,27.8,0.0,0
8396,1776087413.4698002,18.079131000376947, 0.22619399987888755,6,2,27.8,0.0,0
8397,1776087413.7590742,19.690457999786304, 258.9843320001819,11,2,27.8,0.0,0
8399,1776087413.7629118,0.26931100001093, 0.3034690007552854,0,2,27.8,0.0,1
8400,1776087413.7764416,0.27396299992688, 0.34634700023161713,0,1,27.8,0.0,1
8401,1776087413.807746,1.7268099991269992, 0.30457299999397947,0,1,27.8,0.0,1
8402,1776087413.8406308,0.17968799966183724, 0.256994000665145,0,0,27.8,0.0,1
8403,1776087413.8656013,0.0441290003436734, 0.3627559999586083,0,0,27.8,0.0,1
8404,1776087413.8954856,0.04816999989998294, 0.37126500046724686,0,0,27.8,0.0,1
8405,1776087413.9252555,0.04858499960391782, 0.37704500027757604,0,0,27.8,0.0,1
8406,1776087413.9547298,0.058301999160903506, 0.34066599982907064,0,0,27.8,0.0,1
8407,1776087413.9846861,0.04363100015325472, 0.3577229999791598,0,0,27.8,0.0,1
8408,1776087414.0143738,0.04981799975212198, 0.3898719996868749,0,0,27.8,0.0,1
8409,1776087414.0441647,0.04827900011150632, 0.383127000532113,0,0,27.8,0.0,1
8410,1776087414.0736742,0.04517600063991267, 0.3578079995349981,0,0,27.8,0.0,1
8411,1776087414.1030912,0.04784599968843395, 0.34536700059106806,0,0,27.8,0.0,1
8412,1776087414.1332507,0.04753200028062565, 0.371804999304004,0,0,27.8,0.0,1
8413,1776087414.1627955,0.04373499996290775, 0.34765400050673634,0,0,27.8,0.0,1
8414,1776087414.1926277,0.05064900051365839, 0.36339899997983593,0,0,27.8,0.0,1
8415,1776087414.2220066,0.042720999772427604, 0.33920900023076683,0,0,27.8,0.0,1
8416,1776087414.25224,0.05236899960436858, 0.37425299979076954,0,0,27.8,0.0,1
8417,1776087414.2819674,0.04824400002689799, 0.3803979998338036,0,0,27.8,0.0,1
8418,1776087414.3115869,0.05476299975271104, 0.3553689994078013,0,0,27.8,0.0,1
8419,1776087414.3412085,0.04678799996327143, 0.3870710006594891,0,0,27.8,0.0,1
8420,1776087414.3709993,0.05219000013312325, 0.3831250005532638,0,0,27.8,0.0,1
8421,1776087414.4005444,0.04702299975178903, 0.3765439996641362,0,0,27.8,0.0,1
8422,1776087414.4300017,0.04302400066080736, 0.34709300052782055,0,0,27.8,0.0,1
8423,1776087414.4601486,0.04722399989987025, 0.3790830005527823,0,0,27.8,0.0,1
8424,1776087414.4896502,0.04509900008997647, 0.36502599959931104,0,0,27.8,0.0,1
8425,1776087414.519164,0.04112399983569048, 0.34533399957581423,0,0,27.8,0.0,1
8426,1776087414.5493038,0.053362000471679494, 0.37875300040468574,0,0,27.8,0.0,1
8427,1776087414.5791018,0.0518040005772491, 0.3876669998135185,0,0,27.8,0.0,1
8428,1776087414.6082373,0.04448199979378842, 0.33731500025169225,0,0,27.8,0.0,1
8429,1776087414.6382964,0.04728400017484091, 0.37478400008694734,0,0,27.8,0.0,1
8430,1776087414.6681879,0.04764200002682628, 0.38367900015146006,0,0,27.8,0.0,1
8431,1776087414.6979232,0.04787200032296823, 0.38002600012987386,0,0,27.8,0.0,1
8432,1776087414.727054,0.04399899989948608, 0.33750500006135553,0,0,27.8,0.0,1
8432,1776087414.7880294,30.928912000490527, 0.23424800019711256,11,2,27.8,0.0,0
8433,1776087414.8038898,14.148053999633703, 0.20538999979180517,10,0,27.8,0.0,0
8434,1776087414.8372726,21.081916999719397, 0.23142200006986968,9,2,27.8,0.0,0
8435,1776087414.8667636,19.998327999928733, 0.2286949993504095,10,2,27.8,0.0,0
8436,1776087415.1529305,19.398550000005343, 257.8950569995868,11,2,27.8,0.0,0
8438,1776087415.155986,0.2328470000065863, 0.28086499969504075,0,2,27.8,0.0,1
8439,1776087415.1725621,0.2880279998862534, 0.3665189997263951,0,2,27.8,0.0,1
8440,1776087415.202204,0.29479899967554957, 0.3825679996225517,0,2,27.8,0.0,1
8441,1776087415.2336493,1.8580000005385955, 0.35497099997883197,0,0,27.8,0.0,1
8442,1776087415.2661905,0.03801099956035614, 0.2784709995466983,0,0,27.8,0.0,1
8443,1776087415.2912483,0.04723700021713739, 0.3794920003201696,0,0,27.8,0.0,1
8444,1776087415.3215082,0.05719499949918827, 0.4019010002593859,0,0,27.8,0.0,1
8445,1776087415.351184,0.047959999392332975, 0.38661500002490357,0,0,27.8,0.0,1
8446,1776087415.380464,0.048335999963455833, 0.37947700002405327,0,0,27.8,0.0,1
8447,1776087415.4105153,0.047855000048002694, 0.37823899947397877,0,0,27.8,0.0,1
8448,1776087415.4399214,0.0418700001318939, 0.35345900050742785,0,0,27.8,0.0,1
8449,1776087415.4704015,0.05000300006940961, 0.40426000032312004,0,0,27.8,0.0,1
8450,1776087415.4995344,0.052151000090816524, 0.4250860001775436,0,0,27.8,0.0,1
8451,1776087415.5294192,0.055061999773897696, 0.44377599988365546,0,0,27.8,0.0,1
8452,1776087415.5595107,0.047062000703590456, 0.37577900002361275,0,0,27.8,0.0,1
8453,1776087415.5894146,0.048474000323039945, 0.3718640000442974,0,0,27.8,0.0,1
8454,1776087415.6188154,0.0459850007246132, 0.3371419998074998,0,0,27.8,0.0,1
8455,1776087415.6483228,0.043664000259013847, 0.32966999970085453,0,0,27.8,0.0,1
8456,1776087415.6780424,0.04489599996304605, 0.35498099987307796,0,0,27.8,0.0,1
8457,1776087415.7082512,0.048148000132641755, 0.3759219998755725,0,0,27.8,0.0,1
8458,1776087415.7379296,0.04870100019616075, 0.3801989996645716,0,0,27.8,0.0,1
8459,1776087415.7675211,0.04973499926563818, 0.37378299930423964,0,0,27.8,0.0,1
8460,1776087415.7969398,0.0435030005974113, 0.34061999940604437,0,0,27.8,0.0,1
8461,1776087415.8267741,0.043792000724351965, 0.3519510000842274,0,0,27.8,0.0,1
8462,1776087415.8565578,0.049638000746199396, 0.3686760001073708,0,0,27.8,0.0,1
8463,1776087415.8860157,0.042794999899342656, 0.3453700001045945,0,0,27.8,0.0,1
8464,1776087415.9161239,0.04956199973094044, 0.3824479999821051,0,0,27.8,0.0,1
8465,1776087415.9453382,0.04532200000539888, 0.3317729997434071,0,0,27.8,0.0,1
8466,1776087415.9755363,0.050380999709886964, 0.36484800057223765,0,0,27.8,0.0,1
8467,1776087416.0049524,0.04605000049195951, 0.34986100035894196,0,0,27.8,0.0,1
8468,1776087416.0351005,0.05181300002732314, 0.3869660004056641,0,0,27.8,0.0,1
8469,1776087416.0646176,0.043602000005193986, 0.3535450005074381,0,0,27.8,0.0,1
8470,1776087416.0943258,0.04818300021725008, 0.37801799953740556,0,0,27.8,0.0,1
8471,1776087416.1238136,0.044331000026431866, 0.34504500035836827,0,0,27.8,0.0,1
8471,1776087416.1854382,31.76190999965911, 0.2201329998570145,11,2,27.8,0.0,0
8472,1776087416.2009714,13.855252000212204, 0.22764200002711732,8,0,27.8,0.0,0
8473,1776087416.2355309,21.493035999810672, 0.23044000045047142,9,2,27.8,0.0,0
8474,1776087416.2606192,17.644620000282885, 0.24202399981732015,9,2,27.8,0.0,0
8475,1776087416.5522568,20.981278999897768, 258.96261599973514,10,1,27.8,0.0,0
8477,1776087416.555968,0.1980400002139504, 0.30143000003590714,0,1,27.8,0.0,1
8478,1776087416.5698955,0.24034099988057278, 0.3453250001257402,0,1,27.8,0.0,1
8479,1776087416.601248,1.8095690002155607, 0.32497200027137296,0,1,27.8,0.0,1
8480,1776087416.6332455,0.16831599987199297, 0.26216200058115646,0,0,27.8,0.0,1
8481,1776087416.6588063,0.04307300059736008, 0.3469060002316837,0,0,27.8,0.0,1
8482,1776087416.688184,0.041758999941521324, 0.3432550001889467,0,0,27.8,0.0,1
8483,1776087416.7180676,0.04271400030120276, 0.3428410000196891,0,0,27.8,0.0,1
8484,1776087416.7481291,0.05013100053474773, 0.3795670008912566,0,0,27.8,0.0,1
8485,1776087416.777939,0.05331800002750242, 0.3810990001511527,0,0,27.8,0.0,1
8486,1776087416.807466,0.04842999987886287, 0.38417900032072794,0,0,27.8,0.0,1
8487,1776087416.8370442,0.04909899962513009, 0.34268400031578494,0,0,27.8,0.0,1
8488,1776087416.8671663,0.04799999987881165, 0.377637999918079,0,0,27.8,0.0,1
8489,1776087416.8965573,0.049031000344257336, 0.3560309996828437,0,0,27.8,0.0,1
8490,1776087416.9264827,0.04978300057700835, 0.37542800055234693,0,0,27.8,0.0,1
8491,1776087416.9562545,0.048521000280743465, 0.37827100004506065,0,0,27.8,0.0,1
8492,1776087416.986152,0.05922899981669616, 0.40367500059801387,0,0,27.8,0.0,1
8493,1776087417.0154974,0.04680199981521582, 0.3868909998345771,0,0,27.8,0.0,1
8494,1776087417.0452974,0.04743799945572391, 0.3871400003845338,0,0,27.8,0.0,1
8495,1776087417.0751987,0.04928399994241772, 0.3754029994524899,0,0,27.8,0.0,1
8496,1776087417.1045413,0.052379999942786526, 0.3616740004872554,0,0,27.8,0.0,1
8497,1776087417.1343675,0.048477000746061094, 0.38374999985535396,0,0,27.8,0.0,1
8498,1776087417.1641603,0.049096000111603644, 0.37974399947415804,0,0,27.8,0.0,1
8499,1776087417.194175,0.04964700019627344, 0.3711929994096863,0,0,27.8,0.0,1
8500,1776087417.2231476,0.046455999836325645, 0.34248999963892857,0,0,27.8,0.0,1
8501,1776087417.253309,0.048936999519355595, 0.36778000048798276,0,0,27.8,0.0,1
8502,1776087417.2831216,0.05300399971019942, 0.3881410002577468,0,0,27.8,0.0,1
8503,1776087417.3126442,0.048875000175030436, 0.3656449998743483,0,0,27.8,0.0,1
8504,1776087417.3423753,0.04785999954037834, 0.38573500023630913,0,0,27.8,0.0,1
8505,1776087417.3721685,0.05169299947738182, 0.3753359997062944,0,0,27.8,0.0,1
8506,1776087417.401967,0.04845000057684956, 0.38512300034199143,0,0,27.8,0.0,1
8507,1776087417.431482,0.046039000153541565, 0.37642300048901234,0,0,27.8,0.0,1
8508,1776087417.4612439,0.04846600040764315, 0.3812869999819668,0,0,27.8,0.0,1
8509,1776087417.491076,0.05085900011181366, 0.39416399977199035,0,0,27.8,0.0,1
8510,1776087417.5206413,0.04951600021740887, 0.36521699985314626,0,0,27.8,0.0,1
8510,1776087417.5816846,31.306376999964414, 0.3104009992966894,3,2,27.8,0.0,0
8511,1776087417.6000526,15.924549999908777, 0.20418999974936014,4,0,27.8,0.0,0
8512,1776087417.631317,19.997098999738228, 0.21502399977180175,6,2,27.8,0.0,0
8513,1776087417.6569312,18.195736999587098, 0.2188199996453477,7,2,27.8,0.0,0
8514,1776087417.9493682,21.266192000439332, 258.87234499987244,8,2,27.8,0.0,0
8516,1776087417.953709,0.29149400052119745, 0.2758470000117086,0,2,27.8,0.0,1
8517,1776087417.9655218,0.22265400002652314, 0.3410680001252331,0,2,27.8,0.0,1
8518,1776087417.99693,0.3940030001103878, 0.47558000005665235,0,2,27.8,0.0,1
8519,1776087418.0281148,2.291257999786467, 0.39964900042832596,0,0,27.8,0.0,1
8520,1776087418.060852,0.06533799933094997, 0.26959800015902147,0,0,27.8,0.0,1
8521,1776087418.085182,0.04410700057633221, 0.4173010001977673,0,0,27.8,0.0,1
8522,1776087418.1150606,0.041076000343309715, 0.48223199974017916,0,0,27.8,0.0,1
8523,1776087418.144944,0.04506599998421734, 0.47739300043758703,0,0,27.8,0.0,1
8524,1776087418.1743205,0.04313499994168524, 0.420971000494319,0,0,27.8,0.0,1
8525,1776087418.2044396,0.04703900049207732, 0.5106979997435701,0,0,27.8,0.0,1
8526,1776087418.234259,0.04643099964596331, 0.4565959998217295,0,0,27.8,0.0,1
8527,1776087418.2637193,0.040703000195208006, 0.4217080004309537,0,0,27.8,0.0,1
8528,1776087418.2935677,0.0459020002381294, 0.48029499976109946,0,0,27.8,0.0,1
8529,1776087418.322928,0.04052700023748912, 0.4128880000280333,0,0,27.8,0.0,1
8530,1776087418.3528018,0.12067700026818784, 0.4149810001763399,0,0,27.8,0.0,1
8531,1776087418.3826468,0.04354800057626562, 0.4748960000142688,0,0,27.8,0.0,1
8532,1776087418.4120605,0.04258999979356304, 0.4106169999431586,0,0,27.8,0.0,1
8533,1776087418.4422884,0.043977000132144894, 0.48822500048117945,0,0,27.8,0.0,1
8534,1776087418.4716346,0.04667699977289885, 0.4755469999508932,0,0,27.8,0.0,1
8535,1776087418.5014966,0.04557600004773121, 0.47456499942200026,0,0,27.8,0.0,1
8536,1776087418.5309522,0.04239100053382572, 0.4182290003882372,0,0,27.8,0.0,1
8537,1776087418.561159,0.08069300019997172, 0.4452270004549064,0,0,27.8,0.0,1
8538,1776087418.5905173,0.10128600024472689, 0.4380569998829742,0,0,27.8,0.0,1
8539,1776087418.6204534,0.04289600019546924, 0.5120179994264618,0,0,27.8,0.0,1
8540,1776087418.6501985,0.11292799990769709, 0.43482000000949483,0,0,27.8,0.0,1
8541,1776087418.6796715,0.12259399954928085, 0.4088320001756074,0,0,27.8,0.0,1
8542,1776087418.7094553,0.044770000386051834, 0.4339010001785937,0,0,27.8,0.0,1
8543,1776087418.739281,0.042113999370485544, 0.4896969994661049,0,0,27.8,0.0,1
8544,1776087418.768602,0.04131399964535376, 0.4176960001132102,0,0,27.8,0.0,1
8545,1776087418.798201,0.04407899996294873, 0.44294700001046294,0,0,27.8,0.0,1
8546,1776087418.8284254,0.050394999561831355, 0.5211580000832328,0,0,27.8,0.0,1
8547,1776087418.8579884,0.043078000089735724, 0.407264000386931,0,0,27.8,0.0,1
8548,1776087418.8878539,0.04863199956162134, 0.391603999560175,0,0,27.8,0.0,1
8549,1776087418.9175417,0.04779999926540768, 0.5049390001659049,0,0,27.8,0.0,1
8549,1776087418.974561,27.687856999364158, 0.25946499954443425,4,2,27.8,0.0,0
8550,1776087419.0243053,22.547960999872885, 0.2891590002036537,5,0,27.8,0.0,0
8551,1776087419.0428915,16.785125000751577, 0.20782499996130355,8,2,27.8,0.0,0
8552,1776087419.0562887,11.668926999846008, 0.2121659999829717,6,2,27.8,0.0,0
8553,1776087419.408469,23.98052100033965, 258.97063899992645,6,2,27.8,0.0,0
8555,1776087419.4121578,0.24961200051620835, 0.3031719998034532,0,2,27.8,0.0,1
8556,1776087419.4215395,0.24255700009234715, 0.31222699999489123,0,1,27.8,0.0,1
8557,1776087419.454215,1.931918000082078, 0.34473499999876367,0,1,27.8,0.0,1
8558,1776087419.4865959,0.18112499947164906, 0.26734099992609117,0,0,27.8,0.0,1
8559,1776087419.5112152,0.044999999772699084, 0.3370690001247567,0,0,27.8,0.0,1
8560,1776087419.5413117,0.04994500068278285, 0.38203999974939507,0,0,27.8,0.0,1
8561,1776087419.570879,0.048396000238426495, 0.33235699993383605,0,0,27.8,0.0,1
8562,1776087419.6010263,0.049170999773195945, 0.3805309997915174,0,0,27.8,0.0,1
8563,1776087419.6301672,0.04618299954017857, 0.33959400025196373,0,0,27.8,0.0,1
8564,1776087419.6602378,0.05178500032343436, 0.3784479995374568,0,0,27.8,0.0,1
8565,1776087419.6901631,0.04922800053464016, 0.38027099981263746,0,0,27.8,0.0,1
8566,1776087419.7195928,0.0429619994974928, 0.3623430002335226,0,0,27.8,0.0,1
8567,1776087419.7493937,0.050396000006003305, 0.3799289997914457,0,0,27.8,0.0,1
8568,1776087419.7791376,0.04920799983665347, 0.38230100017244695,0,0,27.8,0.0,1
8569,1776087419.8086658,0.04339700080890907, 0.3573730000425712,0,0,27.8,0.0,1
8570,1776087419.8382304,0.04784599968843395, 0.3406630003155442,0,0,27.8,0.0,1
8571,1776087419.8681622,0.047821999942243565, 0.3797270001086872,0,0,27.8,0.0,1
8572,1776087419.8978283,0.04516100034379633, 0.34200499976577703,0,0,27.8,0.0,1
8573,1776087419.9272616,0.044286000047577545, 0.3431469995121006,0,0,27.8,0.0,1
8574,1776087419.9573946,0.04888800049229758, 0.38457400023617083,0,0,27.8,0.0,1
8575,1776087419.987717,0.05165699985809624, 0.525392999406904,0,0,27.8,0.0,1
8576,1776087420.0172107,0.049700000090524554, 0.5189849998714635,0,0,27.8,0.0,1
8577,1776087420.0467577,0.09519700051896507, 0.43645299956551753,0,0,27.8,0.0,1
8578,1776087420.0765126,0.10923800073214807, 0.4456850001588464,0,0,27.8,0.0,1
8579,1776087420.1062896,0.11498999992909376, 0.4657620002035401,0,0,27.8,0.0,1
8580,1776087420.1357198,0.04835999970964622, 0.4842469998038723,0,0,27.8,0.0,1
8581,1776087420.1656222,0.09975800003303448, 0.4307409999455558,0,0,27.8,0.0,1
8582,1776087420.1953385,0.047513000026810914, 0.5016840004827827,0,0,27.8,0.0,1
8583,1776087420.2252674,0.04495699977269396, 0.4949710000801133,0,0,27.8,0.0,1
8584,1776087420.254625,0.04908600021735765, 0.4372420007712208,0,0,27.8,0.0,1
8585,1776087420.2845087,0.11331400037306594, 0.43739800003095297,0,0,27.8,0.0,1
8586,1776087420.313959,0.04070799968758365, 0.4765510002471274,0,0,27.8,0.0,1
8587,1776087420.3437555,0.03872999968734803, 0.48300199978257297,0,0,27.8,0.0,1
8588,1776087420.3735816,0.04433899994182866, 0.48606300060782814,0,0,27.8,0.0,1
8588,1776087420.4324205,29.28581000014674, 0.22421399989980273,2,2,27.8,0.0,0
8589,1776087420.4468281,12.568082000143477, 0.20993199996155454,2,0,27.8,0.0,0
8590,1776087420.480318,19.600813999204547, 0.22788800015405286,2,2,27.8,0.0,0
8591,1776087420.5344098,22.10249699965061, 0.25732500034791883,2,2,27.8,0.0,0
8592,1776087420.811598,12.497020999944652, 263.08269199944334,1,1,27.8,0.0,0
8594,1776087420.815825,0.200362000214227, 0.2844560003723018,0,1,27.8,0.0,1
8595,1776087420.818188,0.15048499972181162, 0.2939750002042274,0,1,27.8,0.0,1
8596,1776087420.8493373,0.3337139996801852, 0.46002100043551764,0,1,27.8,0.0,1
8597,1776087420.880786,2.282309999827703, 0.3765259998544934,0,0,27.8,0.0,1
8598,1776087420.913068,0.03383700004633283, 0.31132799995248206,0,0,27.8,0.0,1
8599,1776087420.938255,0.09362899982079398, 0.46734199986531166,0,0,27.8,0.0,1
8600,1776087420.9673097,0.09092999971471727, 0.4213420006635715,0,0,27.8,0.0,1
8601,1776087420.9972239,0.048445000174979214, 0.3766999998333631,0,0,27.8,0.0,1
8602,1776087421.0263343,0.04742700002680067, 0.3824109999186476,0,0,27.8,0.0,1
8603,1776087421.0563931,0.04936999994242797, 0.36982999972678954,0,0,27.8,0.0,1
8604,1776087421.0857697,0.04278599953977391, 0.34993400004168507,0,0,27.8,0.0,1
8605,1776087421.1155906,0.04825699943467043, 0.3931440005544573,0,0,27.8,0.0,1
8606,1776087421.1453276,0.04862200057687005, 0.4026529995826422,0,0,27.8,0.0,1
8607,1776087421.1755583,0.04767199970956426, 0.3560719997039996,0,0,27.8,0.0,1
8608,1776087421.2053354,0.04612500015355181, 0.3791050003201235,0,0,27.8,0.0,1
8609,1776087421.2352674,0.04978299966751365, 0.3774009992412175,0,0,27.8,0.0,1
8610,1776087421.2643344,0.045030999899609014, 0.3381320002517896,0,0,27.8,0.0,1
8611,1776087421.2945032,0.04891300068265991, 0.3684919993247604,0,0,27.8,0.0,1
8612,1776087421.3242838,0.055870000323920976, 0.3783230004046345,0,0,27.8,0.0,1
8613,1776087421.3541164,0.04858600004808977, 0.3746920001503895,0,0,27.8,0.0,1
8614,1776087421.383614,0.051234000238764565, 0.358715999936976,0,0,27.8,0.0,1
8615,1776087421.4136086,0.04663100025936728, 0.3564790004020324,0,0,27.8,0.0,1
8616,1776087421.443149,0.05252800019661663, 0.3774430006160401,0,0,27.8,0.0,1
8617,1776087421.4727728,0.042932999349432066, 0.34547199993539834,0,0,27.8,0.0,1
8618,1776087421.5025773,0.048799999603943434, 0.3718170000865939,0,0,27.8,0.0,1
8619,1776087421.5319812,0.04244399951858213, 0.3421849996811943,0,0,27.8,0.0,1
8620,1776087421.561891,0.04627399994205916, 0.3448689994911547,0,0,27.8,0.0,1
8621,1776087421.5913131,0.045464000322681386, 0.33066100058931625,0,0,27.8,0.0,1
8622,1776087421.621436,0.04964800064044539, 0.38128599953779485,0,0,27.8,0.0,1
8623,1776087421.6512804,0.05457600036606891, 0.3753280007003923,0,0,27.8,0.0,1
8624,1776087421.6807709,0.04600299962476129, 0.35028399997827364,0,0,27.8,0.0,1
8625,1776087421.7102997,0.044423999497666955, 0.3351659997861134,0,0,27.8,0.0,1
8626,1776087421.7403753,0.04863300000579329, 0.4013779998786049,0,0,27.8,0.0,1
8627,1776087421.7700987,0.048644000344211236, 0.37958399934723275,0,0,27.8,0.0,1
8627,1776087421.8301668,30.479993999506405, 0.23306300045078387,9,2,27.8,0.0,0
8628,1776087421.8463297,14.454474000558548, 0.21058600032120012,10,0,27.8,0.0,0
8629,1776087421.8804743,21.283411000695196, 0.2424039994366467,9,2,27.8,0.0,0
8630,1776087421.9083054,19.41365200036671, 0.22079700011090608,9,2,27.8,0.0,0
8631,1776087422.1924467,17.667006999545265, 258.6943449996397,8,1,27.8,0.0,0
8633,1776087422.1974373,0.29263899978104746, 0.40894299945648527,0,1,27.8,0.0,1
8634,1776087422.2155936,0.2627419999043923, 0.4080259996044333,0,1,27.8,0.0,1
8635,1776087422.247318,2.1784660002595047, 0.3765150004255702,0,1,27.8,0.0,1
8636,1776087422.2807224,0.20432800010894425, 0.29884300056437496,0,0,27.8,0.0,1
8637,1776087422.304863,0.05848399996466469, 0.46746699990762863,0,0,27.8,0.0,1
8638,1776087422.3346527,0.1017359991237754, 0.44611000066652196,0,0,27.8,0.0,1
8639,1776087422.3641598,0.10638000003382331, 0.41298300038761226,0,0,27.8,0.0,1
8640,1776087422.3944263,0.04845399962505326, 0.49313599993183743,0,0,27.8,0.0,1
8641,1776087422.4237788,0.03902099979313789, 0.4873469997619395,0,0,27.8,0.0,1
8642,1776087422.4533174,0.043711000216717366, 0.43728399941755924,0,0,27.8,0.0,1
8643,1776087422.4835234,0.11035400075343205, 0.461818000076164,0,0,27.8,0.0,1
8644,1776087422.5129366,0.04483600059757009, 0.4164790007052943,0,0,27.8,0.0,1
8645,1776087422.5423105,0.040675000491319224, 0.42043299981742166,0,0,27.8,0.0,1
8646,1776087422.5721705,0.04328399973019259, 0.413394999668526,0,0,27.8,0.0,1
8647,1776087422.6020045,0.040672000068298075, 0.41124199924524873,0,0,27.8,0.0,1
8648,1776087422.6318016,0.1076379994628951, 0.4165339996688999,0,0,27.8,0.0,1
8649,1776087422.6616442,0.04422100028023124, 0.4879549996985588,0,0,27.8,0.0,1
8650,1776087422.6913805,0.047481999899900984, 0.4384869998830254,0,0,27.8,0.0,1
8651,1776087422.7211618,0.0493950001327903, 0.5075879998912569,0,0,27.8,0.0,1
8652,1776087422.7506719,0.10956599999190075, 0.4309509995437111,0,0,27.8,0.0,1
8653,1776087422.7804408,0.04748999981529778, 0.4541359994618688,0,0,27.8,0.0,1
8654,1776087422.810331,0.04839099983655615, 0.4361040000731009,0,0,27.8,0.0,1
8655,1776087422.8400197,0.04566500047076261, 0.495419000799302,0,0,27.8,0.0,1
8656,1776087422.869559,0.04873099987889873, 0.4285570003048633,0,0,27.8,0.0,1
8657,1776087422.8994398,0.04670100042858394, 0.5009659998904681,0,0,27.8,0.0,1
8658,1776087422.9291742,0.09619000047678128, 0.4596819999278523,0,0,27.8,0.0,1
8659,1776087422.9588277,0.054720999287383165, 0.4485830004341551,0,0,27.8,0.0,1
8660,1776087422.9884648,0.0488539999423665, 0.3854349997709505,0,0,27.8,0.0,1
8661,1776087423.0180511,0.04816999989998294, 0.3917300000466639,0,0,27.8,0.0,1
8662,1776087423.0474398,0.0457480000477517, 0.3787260002354742,0,0,27.8,0.0,1
8663,1776087423.076652,0.04324000019551022, 0.37664799947378924,0,0,27.8,0.0,1
8664,1776087423.1068091,0.0448200007667765, 0.36087299940845696,0,0,27.8,0.0,1
8665,1776087423.1362507,0.047819999963394366, 0.40843999977369094,0,0,27.8,0.0,1
8666,1776087423.1657698,0.04618800085154362, 0.34838000010495307,0,0,27.8,0.0,1
8666,1776087423.2259948,30.403836000004958, 0.3341569999975036,6,2,27.8,0.0,0
8667,1776087423.2427545,14.980238999669382, 0.20375900021463167,5,0,27.8,0.0,0
8668,1776087423.278245,21.81853899946873, 0.22864099992148113,7,2,27.8,0.0,0
8669,1776087423.303268,18.222429000161355, 0.22322099994198652,7,2,27.8,0.0,0
8670,1776087423.5898874,19.31798300029186, 257.3684539993337,7,2,27.8,0.0,0
8672,1776087423.5941496,0.27383199994801544, 0.32784099948912626,0,2,27.8,0.0,1
8673,1776087423.6121573,0.27427799977886025, 0.3453070003160974,0,1,27.8,0.0,1
8674,1776087423.6423233,0.26848899960896233, 0.3687150001496775,0,1,27.8,0.0,1
8675,1776087423.6737785,1.879117000498809, 0.3273229995102156,0,0,27.8,0.0,1
8676,1776087423.7052295,0.03542400008882396, 0.26197900024271803,0,0,27.8,0.0,1
8677,1776087423.7312758,0.049946000217460096, 0.3929900003640796,0,0,27.8,0.0,1
8678,1776087423.760811,0.04383899977256078, 0.3472799999144627,0,0,27.8,0.0,1
8679,1776087423.7902536,0.04452500070328824, 0.34323699946980923,0,0,27.8,0.0,1
8680,1776087423.8199995,0.044161999539937824, 0.3369980004208628,0,0,27.8,0.0,1
8681,1776087423.8495433,0.0522660002388875, 0.37078900004416937,0,0,27.8,0.0,1
8682,1776087423.879928,0.05100599992147181, 0.3812519998973585,0,0,27.8,0.0,1
8683,1776087423.9094558,0.048004999371187296, 0.3821740001512808,0,0,27.8,0.0,1
8684,1776087423.9392824,0.05054100074630696, 0.3715860002557747,0,0,27.8,0.0,1
8685,1776087423.9687927,0.04351799998403294, 0.34985300044354517,0,0,27.8,0.0,1
8686,1776087423.9983227,0.04367000019556144, 0.3394530003788532,0,0,27.8,0.0,1
8687,1776087424.0281103,0.04653100040741265, 0.34535299982962897,0,0,27.8,0.0,1
8688,1776087424.058184,0.0465989996882854, 0.38276499981293455,0,0,27.8,0.0,1
8689,1776087424.0872886,0.042362999920442235, 0.34238999978697393,0,0,27.8,0.0,1
8690,1776087424.1170955,0.04500900013226783, 0.34530999982962385,0,0,27.8,0.0,1
8691,1776087424.1469448,0.04627599992090836, 0.3457570001046406,0,0,27.8,0.0,1
8692,1776087424.1769905,0.05367700032365974, 0.37972200061631156,0,0,27.8,0.0,1
8693,1776087424.2065074,0.04689799970947206, 0.3713969999807887,0,0,27.8,0.0,1
8694,1776087424.2363646,0.05083599990030052, 0.38882300032128114,0,0,27.8,0.0,1
8695,1776087424.266205,0.04927600002702093, 0.37847200019314187,0,0,27.8,0.0,1
8696,1776087424.2956898,0.04360000002634479, 0.3528360002746922,0,0,27.8,0.0,1
8697,1776087424.325094,0.0428789999205037, 0.33898200035764603,0,0,27.8,0.0,1
8698,1776087424.3550515,0.04734600042866077, 0.34315599987166934,0,0,27.8,0.0,1
8699,1776087424.3850734,0.05302899990056176, 0.3730830003405572,0,0,27.8,0.0,1
8700,1776087424.4146528,0.045200999920780305, 0.359344000571582,0,0,27.8,0.0,1
8701,1776087424.4439976,0.04377799996291287, 0.343540000358189,0,0,27.8,0.0,1
8702,1776087424.4741132,0.052845999562123325, 0.37881800017203204,0,0,27.8,0.0,1
8703,1776087424.5038958,0.0443560002167942, 0.3362970001035137,0,0,27.8,0.0,1
8704,1776087424.533077,0.04483700013224734, 0.337497999680636,0,0,27.8,0.0,1
8705,1776087424.562943,0.04313600038585719, 0.33440100014558993,0,0,27.8,0.0,1
8705,1776087424.6240435,31.395201000123052, 0.27294299979985226,7,2,27.8,0.0,0
8706,1776087424.640093,14.32188800026779, 0.20045599922013935,5,0,27.8,0.0,0
8707,1776087424.672811,20.534514999781095, 0.23003800015430897,8,2,27.8,0.0,0
8708,1776087424.700079,19.054399999731686, 0.21709700013161637,8,2,27.8,0.0,0
8709,1776087424.9888504,19.849801000418665, 257.4877770002786,8,1,27.8,0.0,0
8711,1776087424.9931118,0.21481499970832374, 0.33029000042006373,0,1,27.8,0.0,1
8712,1776087425.008964,0.21780099996249191, 0.3346069997860468,0,1,27.8,0.0,1
8713,1776087425.04036,1.70034900020255, 0.31991699961508857,0,1,27.8,0.0,1
8714,1776087425.0727882,0.1792680004655267, 0.26154399984079646,0,0,27.8,0.0,1
8715,1776087425.0978208,0.04623699987860164, 0.3475260000413982,0,0,27.8,0.0,1
8716,1776087425.1279066,0.04924000040773535, 0.3797819999817875,0,0,27.8,0.0,1
8717,1776087425.157161,0.04660200011130655, 0.34283599961781874,0,0,27.8,0.0,1
8718,1776087425.1872487,0.04774699937115656, 0.37845299993932713,0,0,27.8,0.0,1
8719,1776087425.2167923,0.04646099932870129, 0.34105700069630984,0,0,27.8,0.0,1
8720,1776087425.2470014,0.050786000429070555, 0.38190600025700405,0,0,27.8,0.0,1
8721,1776087425.2760746,0.04377900040708482, 0.34264999976585386,0,0,27.8,0.0,1
8722,1776087425.3059084,0.04763000015373109, 0.3350240003783256,0,0,27.8,0.0,1
8723,1776087425.336035,0.0500189999002032, 0.3827820000879001,0,0,27.8,0.0,1
8724,1776087425.3654878,0.04742399960377952, 0.39445799939130666,0,0,27.8,0.0,1
8725,1776087425.395303,0.04974900002707727, 0.37122200046724174,0,0,27.8,0.0,1
8726,1776087425.4249957,0.050767999709933065, 0.3767629996218602,0,0,27.8,0.0,1
8727,1776087425.4545841,0.05222400068305433, 0.3615360001276713,0,0,27.8,0.0,1
8728,1776087425.4843402,0.04765399989992147, 0.36923500010743737,0,0,27.8,0.0,1
8729,1776087425.514213,0.04873099987889873, 0.3862960002152249,0,0,27.8,0.0,1
8730,1776087425.5436764,0.042595999730110634, 0.3595729995140573,0,0,27.8,0.0,1
8731,1776087425.5731537,0.04545399951894069, 0.3331810003146529,0,0,27.8,0.0,1
8732,1776087425.6032417,0.050192999879072886, 0.3773620001084055,0,0,27.8,0.0,1
8733,1776087425.632398,0.0496299999213079, 0.38069800029916223,0,0,27.8,0.0,1
8734,1776087425.6622536,0.05075100034446223, 0.38369499998225365,0,0,27.8,0.0,1
8735,1776087425.6915376,0.047417000132554676, 0.3601440002967138,0,0,27.8,0.0,1
8736,1776087425.7212808,0.045509999836212955, 0.4321309997976641,0,0,27.8,0.0,1
8737,1776087425.7511098,0.04477800030144863, 0.4044659999635769,0,0,27.8,0.0,1
8738,1776087425.7807364,0.046011000449652784, 0.40243100011139177,0,0,27.8,0.0,1
8739,1776087425.8106608,0.056648000281711575, 0.44374499975674553,0,0,27.8,0.0,1
8740,1776087425.840757,0.05173800036573084, 0.4289389999030391,0,0,27.8,0.0,1
8741,1776087425.8706732,0.04339800034358632, 0.36685800023406046,0,0,27.8,0.0,1
8742,1776087425.900427,0.05178499941393966, 0.38434100042650243,0,0,27.8,0.0,1
8743,1776087425.929865,0.04415800049173413, 0.3438849998929072,0,0,27.8,0.0,1
8744,1776087425.9600446,0.04848400021728594, 0.37903100019320846,0,0,27.8,0.0,1
8744,1776087426.0199234,30.56585099966469, 0.22460200034402078,18,2,27.8,0.0,0
8745,1776087426.0354402,13.778626000203076, 0.23973400038812542,11,0,27.8,0.0,0
8746,1776087426.070305,21.123017999343574, 0.23118500030250289,13,2,27.8,0.0,0
8747,1776087426.096381,18.355006000092544, 0.2445030004309956,12,2,27.8,0.0,0
8748,1776087426.3873084,20.80772600038472, 258.58202400013397,9,2,27.8,0.0,0
8750,1776087426.390411,0.2500119999240269, 0.31762099933985155,0,2,27.8,0.0,1
8751,1776087426.4048712,0.2868769997803611, 0.36728099985339213,0,0,27.8,0.0,1
8752,1776087426.4345129,0.04635599998437101, 0.38342999960150337,0,0,27.8,0.0,1
8753,1776087426.466034,1.6650140005367575, 0.3257570006098831,0,0,27.8,0.0,1
8754,1776087426.4985237,0.03618800019467017, 0.27232299999013776,0,0,27.8,0.0,1
8755,1776087426.5236368,0.04888500006927643, 0.4097459996046382,0,0,27.8,0.0,1
8756,1776087426.5539992,0.05224899996392196, 0.3998339998361189,0,0,27.8,0.0,1
8757,1776087426.5834048,0.062265000451589, 0.4775360002895468,0,0,27.8,0.0,1
8758,1776087426.6126764,0.04165900008956669, 0.36828999964200193,0,0,27.8,0.0,1
8759,1776087426.6425095,0.047601999540347606, 0.4120229996260605,0,0,27.8,0.0,1
8760,1776087426.6725202,0.04584399994200794, 0.3688440001496929,0,0,27.8,0.0,1
8761,1776087426.7019987,0.04455700036487542, 0.3754009994736407,0,0,27.8,0.0,1
8762,1776087426.7316298,0.04630900002666749, 0.4077080002389266,0,0,27.8,0.0,1
8763,1776087426.7614174,0.04732999968837248, 0.38407800002460135,0,0,27.8,0.0,1
8764,1776087426.7917192,0.06023900004947791, 0.3501760002109222,0,0,27.8,0.0,1
8765,1776087426.8215332,0.04680700021708617, 0.37252899983286625,0,0,27.8,0.0,1
8766,1776087426.8512566,0.04895899928669678, 0.3753179998966516,0,0,27.8,0.0,1
8767,1776087426.8810916,0.05693500042980304, 0.38013300036254805,0,0,27.8,0.0,1
8768,1776087426.910589,0.045991999286343344, 0.3771780002352898,0,0,27.8,0.0,1
8769,1776087426.9404342,0.04993699985789135, 0.38436600061686477,0,0,27.8,0.0,1
8770,1776087426.969957,0.04530499973043334, 0.3440989994487609,0,0,27.8,0.0,1
8771,1776087427.0000422,0.05130000045028282, 0.3798139996433747,0,0,27.8,0.0,1
8772,1776087427.0295415,0.048724000407673884, 0.3695659997902112,0,0,27.8,0.0,1
8773,1776087427.0592957,0.04824900042876834, 0.3709500006152666,0,0,27.8,0.0,1
8774,1776087427.0891213,0.05342999975255225, 0.38802899962320225,0,0,27.8,0.0,1
8775,1776087427.1185973,0.04518199966696557, 0.35677600044436986,0,0,27.8,0.0,1
8776,1776087427.148385,0.04749799973069457, 0.3785560002143029,0,0,27.8,0.0,1
8777,1776087427.1781821,0.05127000076754484, 0.37839300057385117,0,0,27.8,0.0,1
8778,1776087427.2080307,0.048011000217229594, 0.38366700027836487,0,0,27.8,0.0,1
8779,1776087427.237492,0.04846399951929925, 0.38685600065946346,0,0,27.8,0.0,1
8780,1776087427.2673686,0.05106800017529167, 0.37066099957883125,0,0,27.8,0.0,1
8781,1776087427.2971103,0.04891899970971281, 0.3821480004262412,0,0,27.8,0.0,1
8782,1776087427.3266637,0.04998999975214247, 0.36102699959883466,0,0,27.8,0.0,1
8783,1776087427.356391,0.04817199987883214, 0.3788619997067144,0,0,27.8,0.0,1
8783,1776087427.4041798,18.504630000279576, 0.20681999922089744,10,2,27.8,0.0,0
8784,1776087427.4509451,23.13397600028111, 0.24033600038819714,12,0,27.8,0.0,0
8785,1776087427.46884,16.130113999679452, 0.22134600021672668,9,2,27.8,0.0,0
8786,1776087427.489801,14.671523000288289, 0.22309599989966955,11,2,27.8,0.0,0
8787,1776087427.7835057,20.87919499990676, 257.8442960002576,12,2,27.8,0.0,0
8789,1776087427.7871914,0.2548490001572645, 0.30717000026925234,0,2,27.8,0.0,1
8790,1776087427.8020906,0.2814720000969828, 0.338259999807633,0,2,27.8,0.0,1
8791,1776087427.8336608,2.162685000257625, 0.38203800068004057,0,2,27.8,0.0,1
8792,1776087427.8664753,0.23630000032426324, 0.3314320001663873,0,0,27.8,0.0,1
8793,1776087427.8911712,0.10204099999100436, 0.4291440000088187,0,0,27.8,0.0,1
8794,1776087427.9214656,0.04910499956167769, 0.490083999466151,0,0,27.8,0.0,1
8795,1776087427.9508882,0.04313499994168524, 0.4012099998362828,0,0,27.8,0.0,1
8796,1776087427.981412,0.055962999795156065, 0.5540980000660056,0,0,27.8,0.0,1
8797,1776087428.0104833,0.11824500052171061, 0.44454999988374766,0,0,27.8,0.0,1
8798,1776087428.0401895,0.11462499969638884, 0.4523860006884206,0,0,27.8,0.0,1
8799,1776087428.0698433,0.05631699968944304, 0.465832999907434,0,0,27.8,0.0,1
8800,1776087428.0994954,0.05189500006963499, 0.4442190002009738,0,0,27.8,0.0,1
8801,1776087428.1295059,0.09017999946081545, 0.44459599939727923,0,0,27.8,0.0,1
8802,1776087428.1589324,0.04556099975161487, 0.4426630002853926,0,0,27.8,0.0,1
8803,1776087428.1887472,0.04265300049155485, 0.438817000031122,0,0,27.8,0.0,1
8804,1776087428.2180629,0.10241699965263251, 0.4201200008537853,0,0,27.8,0.0,1
8805,1776087428.2479684,0.09497400060354266, 0.42433900034666294,0,0,27.8,0.0,1
8806,1776087428.277694,0.04516599983617198, 0.49892100014403695,0,0,27.8,0.0,1
8807,1776087428.307211,0.06170399956317851, 0.4122629998164484,0,0,27.8,0.0,1
8808,1776087428.3369622,0.04260399964550743, 0.41368599977431586,0,0,27.8,0.0,1
8809,1776087428.3668163,0.040470999920216855, 0.48910199984675273,0,0,27.8,0.0,1
8810,1776087428.396152,0.09241399948223261, 0.4229119995216024,0,0,27.8,0.0,1
8811,1776087428.42614,0.0395520000893157, 0.4163710000284482,0,0,27.8,0.0,1
8812,1776087428.456263,0.09776800015970366, 0.4519359999903827,0,0,27.8,0.0,1
8813,1776087428.4857726,0.055206000070029404, 0.40254199939226964,0,0,27.8,0.0,1
8814,1776087428.5155268,0.04414300019561779, 0.5082460002086009,0,0,27.8,0.0,1
8815,1776087428.5455823,0.04663900017476408, 0.42294900049455464,0,0,27.8,0.0,1
8816,1776087428.5752563,0.04519300000538351, 0.4511170000114362,0,0,27.8,0.0,1
8817,1776087428.6041982,0.039381999158649705, 0.4050879997521406,0,0,27.8,0.0,1
8818,1776087428.6339579,0.10194500009674812, 0.35912400016968604,0,0,27.8,0.0,1
8819,1776087428.6639524,0.09647900060372194, 0.4172489998381934,0,0,27.8,0.0,1
8820,1776087428.6933203,0.09765300001163268, 0.4171900000073947,0,0,27.8,0.0,1
8821,1776087428.7235703,0.046717999794054776, 0.48285999946529046,0,0,27.8,0.0,1
8822,1776087428.7529693,0.04362599975138437, 0.4008189998785383,0,0,27.8,0.0,1
8822,1776087428.8119678,29.37982000003103, 0.2276109999002074,13,2,27.8,0.0,0
8823,1776087428.827095,13.018794999879901, 0.23777900059940293,12,0,27.8,0.0,0
8824,1776087428.8612525,19.902114000615256, 0.23381200026051374,11,2,27.8,0.0,0
8825,1776087428.889767,18.770751999909407, 0.23397200038743904,10,2,27.8,0.0,0
8826,1776087429.1812725,18.851341999834403, 262.1786489999067,12,2,27.8,0.0,0
8828,1776087429.1858907,0.34826800037990324, 0.3714559998115874,0,2,27.8,0.0,1
8829,1776087429.1986125,0.42792299973370973, 0.4110059999220539,0,2,27.8,0.0,1
8830,1776087429.228532,0.3119240000160062, 0.45784300073137274,0,2,27.8,0.0,1
8831,1776087429.2602894,2.19748199924652, 0.3886559998136363,0,0,27.8,0.0,1
8832,1776087429.2934687,0.035056999877269845, 0.27984000007563736,0,0,27.8,0.0,1
8833,1776087429.3172724,0.08665499990456738, 0.4268910006430815,0,0,27.8,0.0,1
8834,1776087429.3474212,0.04509599966695532, 0.499349000165239,0,0,27.8,0.0,1
8835,1776087429.377071,0.03902099979313789, 0.42415299958520336,0,0,27.8,0.0,1
8836,1776087429.406326,0.10014000054070493, 0.44239399994694395,0,0,27.8,0.0,1
8837,1776087429.4362562,0.040083000385493506, 0.4199409995635506,0,0,27.8,0.0,1
8838,1776087429.4660723,0.1096500000130618, 0.406675999329309,0,0,27.8,0.0,1
8839,1776087429.4960203,0.10627099982229993, 0.4118530005143839,0,0,27.8,0.0,1
8840,1776087429.5257285,0.043850999645655975, 0.4802749999726075,0,0,27.8,0.0,1
8841,1776087429.555619,0.04853199970966671, 0.4716479998023715,0,0,27.8,0.0,1
8842,1776087429.585411,0.10022100013884483, 0.466718999632576,0,0,27.8,0.0,1
8843,1776087429.6148345,0.038762999793107156, 0.49203599974134704,0,0,27.8,0.0,1
8844,1776087429.6441903,0.09647300066717435, 0.4158279998591752,0,0,27.8,0.0,1
8845,1776087429.674089,0.04180899941275129, 0.4131280002184212,0,0,27.8,0.0,1
8846,1776087429.704257,0.04918400009046309, 0.5036230004407116,0,0,27.8,0.0,1
8847,1776087429.7333615,0.043234000258962624, 0.41415799933020025,0,0,27.8,0.0,1
8848,1776087429.763524,0.10644300073181512, 0.45490100001188694,0,0,27.8,0.0,1
8849,1776087429.7934866,0.04657399949792307, 0.5068609998488682,0,0,27.8,0.0,1
8850,1776087429.8227847,0.05500499992194818, 0.41510599930916214,0,0,27.8,0.0,1
8851,1776087429.8526564,0.04184000044915592, 0.423460999627423,0,0,27.8,0.0,1
8852,1776087429.8823643,0.10664999990694923, 0.4518229998211609,0,0,27.8,0.0,1
8853,1776087429.912008,0.09934900026564719, 0.4170989996055141,0,0,27.8,0.0,1
8854,1776087429.9417477,0.04603099932865007, 0.4865629998676013,0,0,27.8,0.0,1
8855,1776087429.9716136,0.044239000089874025, 0.48101999982463894,0,0,27.8,0.0,1
8856,1776087430.0012364,0.04933599939249689, 0.3851949995805626,0,0,27.8,0.0,1
8857,1776087430.0307746,0.0683920006849803, 0.3812079994531814,0,0,27.8,0.0,1
8858,1776087430.060189,0.04902000000583939, 0.37867799983359873,0,0,27.8,0.0,1
8859,1776087430.090371,0.05222999971010722, 0.4148289999648114,0,0,27.8,0.0,1
8860,1776087430.1192238,0.047885000640235376, 0.38579400006710785,0,0,27.8,0.0,1
8861,1776087430.149326,0.05389800026023295, 0.39754999943397706,0,0,27.8,0.0,1
8861,1776087430.2102501,31.750504999763507, 0.24213600045186467,7,2,27.8,0.0,0
8862,1776087430.2669923,24.049929000284465, 0.2731889999267878,10,0,27.8,0.0,0
8863,1776087430.2899258,19.234090000281867, 0.21677600034308853,11,2,27.8,0.0,0
8864,1776087430.3191543,19.446756999968784, 0.22534500021720305,5,2,27.8,0.0,0
8865,1776087430.6084402,19.723995000276773, 260.09938399965904,2,1,27.8,0.0,0
8867,1776087430.6114955,0.1972560003196122, 0.3217670000594808,0,1,27.8,0.0,1
8868,1776087430.6243079,0.227606999942509, 0.3729469999598223,0,1,27.8,0.0,1
8869,1776087430.6560667,1.696908000667463, 0.32667999948898796,0,0,27.8,0.0,1
8870,1776087430.6880753,0.036249999538995326, 0.2650779997566133,0,0,27.8,0.0,1
8871,1776087430.7134764,0.04844700015382841, 0.3768540000237408,0,0,27.8,0.0,1
8872,1776087430.7432926,0.052303999837022275, 0.43075200028397376,0,0,27.8,0.0,1
8873,1776087430.7730525,0.0431970001955051, 0.35003699940716615,0,0,27.8,0.0,1
8874,1776087430.8026278,0.047991999963414855, 0.3801749999183812,0,0,27.8,0.0,1
8875,1776087430.8325007,0.04824799998459639, 0.416100000620645,0,0,27.8,0.0,1
8876,1776087430.8626077,0.04544300009001745, 0.36262499997974373,0,0,27.8,0.0,1
8877,1776087430.8924077,0.051295000048412476, 0.3952110000682296,0,0,27.8,0.0,1
8878,1776087430.9216564,0.04522800008999184, 0.36772699968423694,0,0,27.8,0.0,1
8879,1776087430.9517977,0.06800200026191305, 0.3895310001098551,0,0,27.8,0.0,1
8880,1776087430.9828131,0.05833300019730814, 0.2703260006455821,0,0,27.8,0.0,1
8881,1776087431.0114646,0.05085700013296446, 0.3710270002557081,0,0,27.8,0.0,1
8882,1776087431.0412238,0.04866500057687517, 0.37735699970653513,0,0,27.8,0.0,1
8883,1776087431.0707445,0.06045400004950352, 0.34596000023157103,0,0,27.8,0.0,1
8884,1776087431.1005034,0.05189599960431224, 0.37275599970598705,0,0,27.8,0.0,1
8885,1776087431.1300733,0.04765599987877067, 0.34016000063274987,0,0,27.8,0.0,1
8886,1776087431.1593976,0.04646800061891554, 0.3881720003846567,0,0,27.8,0.0,1
8887,1776087431.1890824,0.051856000027328264, 0.4389669993543066,0,0,27.8,0.0,1
8888,1776087431.218635,0.04383299983601319, 0.37058399993838975,0,0,27.8,0.0,1
8889,1776087431.2483928,0.045730000238108914, 0.38432299970736494,0,0,27.8,0.0,1
8890,1776087431.278801,0.04588800038618501, 0.35932300033891806,0,0,27.8,0.0,1
8891,1776087431.3076942,0.04347300000517862, 0.3688650003823568,0,0,27.8,0.0,1
8892,1776087431.337694,0.04183400051260833, 0.3946290007661446,0,0,27.8,0.0,1
8893,1776087431.3675632,0.05059099930804223, 0.3808620003837859,0,0,27.8,0.0,1
8894,1776087431.3974264,0.05190600040805293, 0.3740439997272915,0,0,27.8,0.0,1
8895,1776087431.4266899,0.04178000017418526, 0.3664500000013504,0,0,27.8,0.0,1
8896,1776087431.4564173,0.052998999308329076, 0.4232739993312862,0,0,27.8,0.0,1
8897,1776087431.4870682,0.050392999582982156, 0.3914009994332446,0,0,27.8,0.0,1
8898,1776087431.515749,0.06736000068485737, 0.33970200001931516,0,0,27.8,0.0,1
8899,1776087431.5455625,0.05493900061992463, 0.4111380003450904,0,0,27.8,0.0,1
8900,1776087431.5753353,0.05233100000623381, 0.4221760000291397,0,0,27.8,0.0,1
8900,1776087431.623828,18.47454899962031, 0.22293799975159345,9,2,27.8,0.0,0
8901,1776087431.6720467,22.680931999275344, 0.28870400001324015,8,0,27.8,0.0,0
8902,1776087431.6895921,15.752311999676749, 0.21917499998380663,10,2,27.8,0.0,0
8903,1776087431.7087274,14.083598999604874, 0.2220739997937926,12,2,27.8,0.0,0
8904,1776087432.006114,21.31593900048756, 260.73743800043303,12,2,27.8,0.0,0
8906,1776087432.009946,0.25332599943794776, 0.30325999978231266,0,2,27.8,0.0,1
8907,1776087432.0217967,0.3063260000999435, 0.33997900027316064,0,2,27.8,0.0,1
8908,1776087432.0515466,0.3063989997826866, 0.3639430005932809,0,2,27.8,0.0,1
8909,1776087432.0826921,1.8368410001130542, 0.3198040003553615,0,0,27.8,0.0,1
8910,1776087432.1145191,0.035291999665787444, 0.26390600032755174,0,0,27.8,0.0,1
8911,1776087432.1401224,0.04417199943418382, 0.3382049999345327,0,0,27.8,0.0,1
8912,1776087432.1700406,0.04407199958222918, 0.339031999828876,0,0,27.8,0.0,1
8913,1776087432.199817,0.044469999920693226, 0.3428880008868873,0,0,27.8,0.0,1
8914,1776087432.2296572,0.046455999836325645, 0.36218000059307087,0,0,27.8,0.0,1
8915,1776087432.2594066,0.04913300017506117, 0.3839660002995515,0,0,27.8,0.0,1
8916,1776087432.2892332,0.048330999561585486, 0.38592199962295126,0,0,27.8,0.0,1
8917,1776087432.3191376,0.04848099979426479, 0.3755369998543756,0,0,27.8,0.0,1
8918,1776087432.3481505,0.04367400015325984, 0.3360419996170094,0,0,27.8,0.0,1
8919,1776087432.378033,0.04359400008979719, 0.34036400029435754,0,0,27.8,0.0,1
8920,1776087432.408076,0.045927999963168986, 0.3945619992009597,0,0,27.8,0.0,1
8921,1776087432.4379582,0.049203999878955074, 0.37792100010847207,0,0,27.8,0.0,1
8922,1776087432.4670858,0.042453999412828125, 0.3449159994488582,0,0,27.8,0.0,1
8923,1776087432.496874,0.044299999899521936, 0.34321099974476965,0,0,27.8,0.0,1
8924,1776087432.5269878,0.047917000301822554, 0.3744219993677689,0,0,27.8,0.0,1
8925,1776087432.556199,0.045046000195725355, 0.33707599959598156,0,0,27.8,0.0,1
8926,1776087432.586019,0.04242400063958485, 0.3426160001254175,0,0,27.8,0.0,1
8927,1776087432.6157339,0.060567999753402546, 0.3513729998303461,0,0,27.8,0.0,1
8928,1776087432.6459186,0.05184400015423307, 0.38380400019377703,0,0,27.8,0.0,1
8929,1776087432.675423,0.04776500009029405, 0.3850430002785288,0,0,27.8,0.0,1
8930,1776087432.7051697,0.049788999604061246, 0.37203900046733906,0,0,27.8,0.0,1
8931,1776087432.7350426,0.049236000450036954, 0.37775300006615,0,0,27.8,0.0,1
8932,1776087432.764509,0.046642999222967774, 0.3800710001087282,0,0,27.8,0.0,1
8933,1776087432.794039,0.04301100034354022, 0.34550700002000667,0,0,27.8,0.0,1
8934,1776087432.8241794,0.0511799999003415, 0.38196100013010437,0,0,27.8,0.0,1
8935,1776087432.8540204,0.050210000154038426, 0.3800049998972099,0,0,27.8,0.0,1
8936,1776087432.883389,0.049526999646332115, 0.37379300010798033,0,0,27.8,0.0,1
8937,1776087432.9132397,0.049932999900192954, 0.37836200044694124,0,0,27.8,0.0,1
8938,1776087432.9430752,0.05129000055603683, 0.3745029998754035,0,0,27.8,0.0,1
8939,1776087432.9722786,0.044258000343688764, 0.3472580001471215,0,0,27.8,0.0,1
8939,1776087433.0326974,30.58002099987789, 0.301387000035902,2,2,27.8,0.0,0
8940,1776087433.0803764,22.699131000081252, 0.2339370003028307,4,0,27.8,0.0,0
8941,1776087433.0972424,15.030629000648332, 0.2149379997717915,7,2,27.8,0.0,0
8942,1776087433.1107423,11.77487499990093, 0.20959599987691035,9,2,27.8,0.0,0
8943,1776087433.3976712,16.2903020000158, 261.10571500066726,5,2,27.8,0.0,0
8945,1776087433.4012895,0.256690000242088, 0.3068650003115181,0,2,27.8,0.0,1
8946,1776087433.4181552,0.2705589995457558, 0.33034500029316405,0,1,27.8,0.0,1
8947,1776087433.4499114,1.910130000396748, 0.3260530002080486,0,1,27.8,0.0,1
8948,1776087433.482291,0.17534600010549184, 0.2737300001172116,0,0,27.8,0.0,1
8949,1776087433.5066562,0.04186500063951826, 0.3591780005081091,0,0,27.8,0.0,1
8950,1776087433.5364516,0.04587799958244432, 0.38957100059633376,0,0,27.8,0.0,1
8951,1776087433.5665352,0.049556999329070095, 0.36949999957869295,0,0,27.8,0.0,1
8952,1776087433.5958598,0.052179999329382554, 0.37727800008724444,0,0,27.8,0.0,1
8953,1776087433.6255085,0.04579599954013247, 0.3871810004056897,0,0,27.8,0.0,1
8954,1776087433.6558895,0.05222100026003318, 0.4050570005347254,0,0,27.8,0.0,1
8955,1776087433.685727,0.044531999265018385, 0.383949000024586,0,0,27.8,0.0,1
8956,1776087433.7154694,0.046642999222967774, 0.3796380005951505,0,0,27.8,0.0,1
8957,1776087433.745238,0.04841600002691848, 0.382803000320564,0,0,27.8,0.0,1
8958,1776087433.7747796,0.043479999476403464, 0.34289300037926296,0,0,27.8,0.0,1
8959,1776087433.8041883,0.042857999687839765, 0.34386900006211363,0,0,27.8,0.0,1
8960,1776087433.8343256,0.04970999998477055, 0.3785540002354537,0,0,27.8,0.0,1
8961,1776087433.8642848,0.04826900021726033, 0.37165799949434586,0,0,27.8,0.0,1
8962,1776087433.8942025,0.04755700047098799, 0.38119300006655976,0,0,27.8,0.0,1
8963,1776087433.9235945,0.050120000196329784, 0.3602580000006128,0,0,27.8,0.0,1
8964,1776087433.952914,0.044530999730341136, 0.3369510004631593,0,0,27.8,0.0,1
8965,1776087433.9836178,0.04723999973066384, 0.3963740000472171,0,0,27.8,0.0,1
8966,1776087434.0120144,0.04691800040745875, 0.3868490002787439,0,0,27.8,0.0,1
8967,1776087434.0417864,0.046724000640097074, 0.33101799999712966,0,0,27.8,0.0,1
8968,1776087434.071163,0.04563200036500348, 0.3897000005963491,0,0,27.8,0.0,1
8969,1776087434.1010938,0.04570500004774658, 0.4402209997351747,0,0,27.8,0.0,1
8970,1776087434.13076,0.0663880000502104, 0.34977599989360897,0,0,27.8,0.0,1
8971,1776087434.16074,0.04817500030185329, 0.3696120002132375,0,0,27.8,0.0,1
8972,1776087434.1902552,0.048160999540414196, 0.41264799983764533,0,0,27.8,0.0,1
8973,1776087434.2203705,0.047945000005711336, 0.38935799966566265,0,0,27.8,0.0,1
8974,1776087434.2495615,0.057903000197256915, 0.4094599999007187,0,0,27.8,0.0,1
8975,1776087434.2794409,0.05020600019634003, 0.41105400032392936,0,0,27.8,0.0,1
8976,1776087434.309195,0.060290999499557074, 0.46952600041549886,0,0,27.8,0.0,1
8977,1776087434.3387918,0.04286999956093496, 0.35936099993705284,0,0,27.8,0.0,1
8978,1776087434.3693373,0.05053999939264031, 0.3718489997481811,0,0,27.8,0.0,1
8978,1776087434.4312093,32.34609700029978, 0.2444909996484057,7,2,27.8,0.0,0
8979,1776087434.469599,22.754325000278186, 0.22591099968849448,12,0,27.8,0.0,0
8980,1776087434.4852889,13.893504999941797, 0.2096250000249711,10,2,27.8,0.0,0
8981,1776087434.500759,12.072616000295966, 0.22935700053494656,11,2,27.8,0.0,0
8982,1776087434.7953858,21.219035999820335, 257.8792800004521,10,2,27.8,0.0,0
8984,1776087434.7991154,0.2495379994797986, 0.3116409998256131,0,2,27.8,0.0,1
8985,1776087434.81511,0.2824690000124974, 0.3298399997220258,0,1,27.8,0.0,1
8986,1776087434.8444397,0.23735800004942575, 0.33777900080167456,0,1,27.8,0.0,1
8987,1776087434.8760996,1.751468999827921, 0.32436399942525895,0,0,27.8,0.0,1
8988,1776087434.90862,0.034654000046430156, 0.26306499967176933,0,0,27.8,0.0,1
8989,1776087434.9339643,0.04937799985782476, 0.374798999473569,0,0,27.8,0.0,1
8990,1776087434.9632092,0.046006000047782436, 0.347533999956795,0,0,27.8,0.0,1
8991,1776087434.9929612,0.046799999836366624, 0.336715999765147,0,0,27.8,0.0,1
8992,1776087435.0231202,0.05494999913935317, 0.3790759992625681,0,0,27.8,0.0,1
8993,1776087435.0529542,0.05042100019636564, 0.37971599977026926,0,0,27.8,0.0,1
8994,1776087435.082298,0.04542899932857836, 0.34670399963943055,0,0,27.8,0.0,1
8995,1776087435.112059,0.043170000026293565, 0.3437140003370587,0,0,27.8,0.0,1
8996,1776087435.1416764,0.043603999984043185, 0.35447000027488684,0,0,27.8,0.0,1
8997,1776087435.1711674,0.043119999645568896, 0.33570799951121444,0,0,27.8,0.0,1
8998,1776087435.2009108,0.04478000028029783, 0.3353119991515996,0,0,27.8,0.0,1
8999,1776087435.2308598,0.04235500000504544, 0.344236999808345,0,0,27.8,0.0,1
9000,1776087435.260226,0.0423419996877783, 0.3401850008231122,0,0,27.8,0.0,1
9001,1776087435.2900493,0.04283199996280018, 0.33791100031521637,0,0,27.8,0.0,1
9002,1776087435.3202136,0.05122400034451857, 0.3840019999188371,0,0,27.8,0.0,1
9003,1776087435.3493714,0.04244800038577523, 0.3484540002318681,0,0,27.8,0.0,1
9004,1776087435.3791296,0.04757799979415722, 0.34334900010435376,0,0,27.8,0.0,1
9005,1776087435.4090211,0.044471999899542425, 0.3461599999354803,0,0,27.8,0.0,1
9006,1776087435.4390607,0.05067199981567683, 0.3912660004061763,0,0,27.8,0.0,1
9007,1776087435.4683836,0.043216999983997084, 0.3538330001902068,0,0,27.8,0.0,1
9008,1776087435.4981666,0.04636100038624136, 0.3409450000617653,0,0,27.8,0.0,1
9009,1776087435.5279186,0.04421399989951169, 0.34122700071748113,0,0,27.8,0.0,1
9010,1776087435.5577066,0.04671900023822673, 0.3633210008047172,0,0,27.8,0.0,1
9011,1776087435.5872586,0.04429699947650079, 0.336914999934379,0,0,27.8,0.0,1
9012,1776087435.6173716,0.049549000323168, 0.37630599945259746,0,0,27.8,0.0,1
9013,1776087435.647182,0.05179700019652955, 0.38238599972828524,0,0,27.8,0.0,1
9014,1776087435.6765907,0.04648200047085993, 0.3648129995781346,0,0,27.8,0.0,1
9015,1776087435.706151,0.043308000385877676, 0.3386150001460919,0,0,27.8,0.0,1
9016,1776087435.7361753,0.04663800064008683, 0.3754760000447277,0,0,27.8,0.0,1
9017,1776087435.7659729,0.04701300076703774, 0.3779480002776836,0,0,27.8,0.0,1
9017,1776087435.8271773,31.775526000274112, 0.34794000021065585,4,2,27.8,0.0,0
9018,1776087435.8772454,22.341418999531015, 0.24872699941624887,4,0,27.8,0.0,0
9019,1776087435.894906,15.926954999486043, 0.21007800023653544,4,2,27.8,0.0,0
9020,1776087435.908398,11.738012000023446, 0.2279659993291716,4,2,27.8,0.0,0
9021,1776087436.1861851,11.964917999648605, 260.42970700018486,4,2,27.8,0.0,0
9023,1776087436.1896288,0.250379000135581, 0.3178409997417475,0,2,27.8,0.0,1
9024,1776087436.2109382,0.31164800020633265, 0.3557780000846833,0,1,27.8,0.0,1
9025,1776087436.242343,1.6865699999470962, 0.31426799978362396,0,1,27.8,0.0,1
9026,1776087436.275244,0.17507200027466752, 0.275801000498177,0,0,27.8,0.0,1
9027,1776087436.2999446,0.04749999970954377, 0.3801200000452809,0,0,27.8,0.0,1
9028,1776087436.3296688,0.04454499958228553, 0.4024899999421905,0,0,27.8,0.0,1
9029,1776087436.3599825,0.04239800000505056, 0.34843200046452694,0,0,27.8,0.0,1
9030,1776087436.3899498,0.05150299966771854, 0.376123999558331,0,0,27.8,0.0,1
9031,1776087436.4195175,0.04789000013261102, 0.37144099951547105,0,0,27.8,0.0,1
9032,1776087436.449094,0.043697000364772975, 0.343798999892897,0,0,27.8,0.0,1
9033,1776087436.4791284,0.048100999265443534, 0.37816599979123566,0,0,27.8,0.0,1
9034,1776087436.508891,0.05082100051367888, 0.37883599998167483,0,0,27.8,0.0,1
9035,1776087436.5382142,0.0405569999202271, 0.3382049999345327,0,0,27.8,0.0,1
9036,1776087436.5678797,0.045216000216896646, 0.33079100012400886,0,0,27.8,0.0,1
9037,1776087436.5980444,0.04692699985753279, 0.38798999958089553,0,0,27.8,0.0,1
9038,1776087436.6272585,0.044456000068748835, 0.3366579994690255,0,0,27.8,0.0,1
9039,1776087436.6573834,0.05085900011181366, 0.37884400080656633,0,0,27.8,0.0,1
9040,1776087436.687117,0.0528029995621182, 0.37681799949496053,0,0,27.8,0.0,1
9041,1776087436.717025,0.04861599973082775, 0.37694000002375105,0,0,27.8,0.0,1
9042,1776087436.7460866,0.04444399928615894, 0.33857100061140954,0,0,27.8,0.0,1
9043,1776087436.7762983,0.048316999709641095, 0.3844250004476635,0,0,27.8,0.0,1
9044,1776087436.806016,0.05096100085211219, 0.3753459996005404,0,0,27.8,0.0,1
9045,1776087436.8355544,0.04666499989980366, 0.37936900025670184,0,0,27.8,0.0,1
9046,1776087436.8650327,0.04233899926475715, 0.34485800006223144,0,0,27.8,0.0,1
9047,1776087436.8944063,0.05066099947725888, 0.4434849997778656,0,0,27.8,0.0,1
9048,1776087436.9246333,0.05023199992137961, 0.37518899989663623,0,0,27.8,0.0,1
9049,1776087436.954117,0.04204099968774244, 0.3357030000188388,0,0,27.8,0.0,1
9050,1776087436.9845557,0.05485400015459163, 0.3642370002125972,0,0,27.8,0.0,1
9051,1776087437.0141673,0.049045999730878975, 0.3823869992629625,0,0,27.8,0.0,1
9052,1776087437.0435655,0.04712100053438917, 0.3787239993471303,0,0,27.8,0.0,1
9053,1776087437.0733361,0.047570999413437676, 0.3795430002355715,0,0,27.8,0.0,1
9054,1776087437.1031094,0.048283999603881966, 0.3809370000453782,0,0,27.8,0.0,1
9055,1776087437.1330702,0.05192499975237297, 0.37727000017184764,0,0,27.8,0.0,1
9056,1776087437.1623912,0.0470730001325137, 0.39126899991970276,0,0,27.8,0.0,1
9056,1776087437.2231655,31.346955000117305, 0.24058799954218557,4,2,27.8,0.0,0
9057,1776087437.2392306,14.366749999680906, 0.21450500025821384,6,0,27.8,0.0,0
9058,1776087437.2748091,21.00682600030268, 0.259682999967481,5,2,27.8,0.0,0
9059,1776087437.3020365,19.14686200052529, 0.21582600038527744,7,2,27.8,0.0,0
9060,1776087437.5920415,18.771052999909443, 262.31180100057827,4,2,27.8,0.0,0
9062,1776087437.595795,0.26930799958790885, 0.22071300008974504,0,2,27.8,0.0,1
9063,1776087437.6077414,0.2854249996744329, 0.3188279997630161,0,1,27.8,0.0,1
9064,1776087437.6379113,0.2599500003270805, 0.34600300023157615,0,1,27.8,0.0,1
9065,1776087437.6687765,1.6862969996509491, 0.30823799988866085,0,0,27.8,0.0,1
9066,1776087437.7016542,0.04579399956128327, 0.2627459998620907,0,0,27.8,0.0,1
9067,1776087437.7268436,0.0450489997092518, 0.34577400037960615,0,0,27.8,0.0,1
9068,1776087437.7568643,0.049825000132841524, 0.3762160004043835,0,0,27.8,0.0,1
9069,1776087437.786217,0.04522400013229344, 0.3474349996395176,0,0,27.8,0.0,1
9070,1776087437.816316,0.050474000090616755, 0.37599200004478917,0,0,27.8,0.0,1
9071,1776087437.845776,0.06085699988034321, 0.38286200015136274,0,0,27.8,0.0,1
9072,1776087437.8751678,0.04240099951857701, 0.34527800016803667,0,0,27.8,0.0,1
9073,1776087437.9054313,0.048367000090365764, 0.3810130001511425,0,0,27.8,0.0,1
9074,1776087437.9349096,0.04502100000536302, 0.34083799982909113,0,0,27.8,0.0,1
9075,1776087437.9647033,0.04465000074560521, 0.3634510003394098,0,0,27.8,0.0,1
9076,1776087437.9946146,0.04704000002675457, 0.368459000128496,0,0,27.8,0.0,1
9077,1776087438.0239792,0.047422000534425024, 0.3411309999137302,0,0,27.8,0.0,1
9078,1776087438.0540257,0.050196000302094035, 0.38248099917836953,0,0,27.8,0.0,1
9079,1776087438.0835118,0.05036300080973888, 0.36096799976803595,0,0,27.8,0.0,1
9080,1776087438.1129746,0.0472290003017406, 0.3351140003360342,0,0,27.8,0.0,1
9081,1776087438.1429615,0.04348600032244576, 0.3444480007601669,0,0,27.8,0.0,1
9082,1776087438.1724892,0.056119999499060214, 0.41782500011322554,0,0,27.8,0.0,1
9083,1776087438.201687,0.0418720001107431, 0.36345199987408705,0,0,27.8,0.0,1
9084,1776087438.2315032,0.04613599958247505, 0.4340570003478206,0,0,27.8,0.0,1
9085,1776087438.2612667,0.05516900000657188, 0.4246200005582068,0,0,27.8,0.0,1
9086,1776087438.2907882,0.04711400015366962, 0.3437349996602279,0,0,27.8,0.0,1
9087,1776087438.3208222,0.07579900011478458, 0.42558900076983264,0,0,27.8,0.0,1
9088,1776087438.3503697,0.044872999751532916, 0.39285100046981825,0,0,27.8,0.0,1
9089,1776087438.3805835,0.046330999794008676, 0.377762999960396,0,0,27.8,0.0,1
9090,1776087438.4099488,0.04584700036502909, 0.34926299940707395,0,0,27.8,0.0,1
9091,1776087438.43949,0.05279100059851771, 0.4193280001345556,0,0,27.8,0.0,1
9092,1776087438.4692626,0.04605899994203355, 0.3847269999823766,0,0,27.8,0.0,1
9093,1776087438.4988823,0.04250799975125119, 0.34699800016824156,0,0,27.8,0.0,1
9094,1776087438.5285993,0.04254499981470872, 0.366427000699332,0,0,27.8,0.0,1
9095,1776087438.558252,0.047648999498051126, 0.3789590000451426,0,0,27.8,0.0,1
9095,1776087438.6066084,18.599171999994724, 0.23083800078893546,12,2,27.8,0.0,0
9096,1776087438.6431222,23.074876000464428, 0.30426099965552567,13,0,27.8,0.0,0
9097,1776087438.6680255,19.946966999668803, 0.21305600057530683,12,2,27.8,0.0,0
9098,1776087438.6977654,19.5849530000487, 0.22382800034392858,11,2,27.8,0.0,0
9099,1776087438.9849312,19.474616000479728, 258.06772299984004,12,2,27.8,0.0,0
9101,1776087438.9887867,0.27154100007464876, 0.23264500032382784,0,2,27.8,0.0,1
9102,1776087439.0045073,0.2828839997164323, 0.32512599955225596,0,2,27.8,0.0,1
9103,1776087439.0359564,1.795635999769729, 0.30639800024800934,0,2,27.8,0.0,1
9104,1776087439.0680707,0.21389100038504694, 0.27762700028688414,0,0,27.8,0.0,1
9105,1776087439.0932271,0.044055000216758344, 0.38804900032118894,0,0,27.8,0.0,1
9106,1776087439.1228986,0.047184999857563525, 0.3853839998555486,0,0,27.8,0.0,1
9107,1776087439.1526496,0.047045999963302165, 0.39968700002646074,0,0,27.8,0.0,1
9108,1776087439.1822908,0.047649999942223076, 0.3797529998337268,0,0,27.8,0.0,1
9109,1776087439.2125013,0.04759700004797196, 0.3672780003398657,0,0,27.8,0.0,1
9110,1776087439.2417817,0.07393000032607233, 0.3893160001098295,0,0,27.8,0.0,1
9111,1776087439.2718248,0.04486699981498532, 0.3511929999149288,0,0,27.8,0.0,1
9112,1776087439.3013303,0.05240500013314886, 0.4347570002209977,0,0,27.8,0.0,1
9113,1776087439.3308349,0.04659100068238331, 0.3733490002559847,0,0,27.8,0.0,1
9114,1776087439.3610706,0.04375300068204524, 0.36544799968396546,0,0,27.8,0.0,1
9115,1776087439.3908854,0.04573200021695811, 0.3505300001052092,0,0,27.8,0.0,1
9116,1776087439.4209185,0.048302999857696705, 0.3820290003204718,0,0,27.8,0.0,1
9117,1776087439.4505382,0.050144999477197416, 0.3703239999595098,0,0,27.8,0.0,1
9118,1776087439.4802585,0.04888900002697483, 0.3773850003199186,0,0,27.8,0.0,1
9119,1776087439.510174,0.05147199954080861, 0.3797810004471103,0,0,27.8,0.0,1
9120,1776087439.539587,0.0445059995399788, 0.3566030000001774,0,0,27.8,0.0,1
9121,1776087439.569387,0.04702700061898213, 0.384138000299572,0,0,27.8,0.0,1
9122,1776087439.5986583,0.051618999350466765, 0.41790799969021464,0,0,27.8,0.0,1
9123,1776087439.628971,0.05158200019650394, 0.37570800031971885,0,0,27.8,0.0,1
9124,1776087439.658506,0.04681799964600941, 0.3719629994520801,0,0,27.8,0.0,1
9125,1776087439.688271,0.04812499992112862, 0.37468500067916466,0,0,27.8,0.0,1
9126,1776087439.7177799,0.0440459998571896, 0.35241199930169387,0,0,27.8,0.0,1
9127,1776087439.7480307,0.04770299983647419, 0.3787599998759106,0,0,27.8,0.0,1
9128,1776087439.7773707,0.04764699951920193, 0.37809100012964336,0,0,27.8,0.0,1
9129,1776087439.8072915,0.0503270002809586, 0.3850410002996796,0,0,27.8,0.0,1
9130,1776087439.8369656,0.04664100015361328, 0.3778970003622817,0,0,27.8,0.0,1
9131,1776087439.8666158,0.045353999666986056, 0.35832199955621036,0,0,27.8,0.0,1
9132,1776087439.8963091,0.04964099935023114, 0.37099699966347544,0,0,27.8,0.0,1
9133,1776087439.926048,0.047898000048007816, 0.3963469998780056,0,0,27.8,0.0,1
9134,1776087439.9555748,0.04985800023860065, 0.36654399991675746,0,0,27.8,0.0,1
9134,1776087440.016932,31.623226999727194, 0.23188199975265888,14,2,27.8,0.0,0
9135,1776087440.0320344,13.354396000067936, 0.19784999949479243,11,0,27.8,0.0,0
9136,1776087440.069208,21.345273999941128, 0.2161169995815726,11,2,27.8,0.0,0
9137,1776087440.0960503,19.069080000008398, 0.2232429997093277,12,2,27.8,0.0,0
9138,1776087440.382209,19.132235000142828, 257.910811000329,11,2,27.8,0.0,0
9140,1776087440.3853676,0.2518700002838159, 0.3251839998483774,0,2,27.8,0.0,1
9141,1776087440.4008405,0.2934730000561103, 0.34629299989319406,0,2,27.8,0.0,1
9142,1776087440.4308276,0.343150999469799, 0.39431999994121725,0,2,27.8,0.0,1
9143,1776087440.4621356,2.0890080004392075, 0.3806770000664983,0,0,27.8,0.0,1
9144,1776087440.4944236,0.038406999919970986, 0.2790280004774104,0,0,27.8,0.0,1
9145,1776087440.519484,0.04647800051316153, 0.39127099989855196,0,0,27.8,0.0,1
9146,1776087440.5494466,0.052661000154330395, 0.4671930000768043,0,0,27.8,0.0,1
9147,1776087440.5790813,0.0476119994345936, 0.40290500055562006,0,0,27.8,0.0,1
9148,1776087440.6086528,0.043091999941680115, 0.3725339993252419,0,0,27.8,0.0,1
9149,1776087440.639262,0.04953900042892201, 0.38426599985541543,0,0,27.8,0.0,1
9150,1776087440.6689703,0.046969999857537914, 0.3779950002353871,0,0,27.8,0.0,1
9151,1776087440.6988695,0.042871999539784156, 0.3476920001048711,0,0,27.8,0.0,1
9152,1776087440.7278175,0.04938800066156546, 0.3787499999816646,0,0,27.8,0.0,1
9153,1776087440.7573311,0.05213799977354938, 0.4216880006424617,0,0,27.8,0.0,1
9154,1776087440.7878273,0.047540999730699696, 0.5363540003600065,0,0,27.8,0.0,1
9155,1776087440.8171587,0.04800999977305764, 0.3802579994953703,0,0,27.8,0.0,1
9156,1776087440.8472927,0.04546799937088508, 0.34938299995701527,0,0,27.8,0.0,1
9157,1776087440.8767226,0.06002299960528035, 0.3453839999565389,0,0,27.8,0.0,1
9158,1776087440.905816,0.04306400023779133, 0.35204100004193606,0,0,27.8,0.0,1
9159,1776087440.9356256,0.04859399996348657, 0.387504999707744,0,0,27.8,0.0,1
9160,1776087440.9652946,0.047713000640214887, 0.38981400030024815,0,0,27.8,0.0,1
9161,1776087440.996203,0.048564999815425836, 0.40757300030236365,0,0,27.8,0.0,1
9162,1776087441.025436,0.04776500009029405, 0.39615599962417036,0,0,27.8,0.0,1
9163,1776087441.0550618,0.05064200013293885, 0.3833520004263846,0,0,27.8,0.0,1
9164,1776087441.085022,0.04875600006926106, 0.3849380000247038,0,0,27.8,0.0,1
9165,1776087441.1147768,0.04394999996293336, 0.34362800033704843,0,0,27.8,0.0,1
9166,1776087441.1442854,0.04547399930743268, 0.38361999941116665,0,0,27.8,0.0,1
9167,1776087441.1744952,0.0476180002806359, 0.36305699995864416,0,0,27.8,0.0,1
9168,1776087441.2039251,0.04959499983669957, 0.3811269998550415,0,0,27.8,0.0,1
9169,1776087441.2335913,0.044267999328440055, 0.3699310000229161,0,0,27.8,0.0,1
9170,1776087441.263068,0.044796999645768665, 0.4923209999105893,0,0,27.8,0.0,1
9171,1776087441.292737,0.060632999520748854, 0.3463949997239979,0,0,27.8,0.0,1
9172,1776087441.3222442,0.05119099932926474, 0.3721029997905134,0,0,27.8,0.0,1
9173,1776087441.3517442,0.045494000005419366, 0.4316610002206289,0,0,27.8,0.0,1
9173,1776087441.4131827,31.674703000135196, 0.30197300020518014,6,2,27.8,0.0,0
9174,1776087441.4675121,23.395922999952745, 0.26071100000990555,10,0,27.8,0.0,0
9175,1776087441.4859345,16.61817400054133, 0.21259799996187212,4,2,27.8,0.0,0
9176,1776087441.4995098,11.828694999167055, 0.2274349999424885,6,2,27.8,0.0,0
9177,1776087441.7698302,11.616613999649417, 256.52699300007953,5,2,27.8,0.0,0
9179,1776087441.773878,0.2954049996333197, 0.32570900020800764,0,2,27.8,0.0,1
9180,1776087441.7973895,0.29504200028895866, 0.39192499934870284,0,1,27.8,0.0,1
9181,1776087441.8291435,2.1196379993853043, 0.35064100029558176,0,1,27.8,0.0,1
9182,1776087441.8619702,0.16774199957581004, 0.26403200081404066,0,0,27.8,0.0,1
9183,1776087441.8872828,0.050582999392645434, 0.37624699962179875,0,0,27.8,0.0,1
9184,1776087441.9169633,0.048676000005798414, 0.376981000044907,0,0,27.8,0.0,1
9185,1776087441.9465795,0.050288999773329124, 0.3641170005721506,0,0,27.8,0.0,1
9186,1776087441.9764047,0.0474600001325598, 0.3834729996015085,0,0,27.8,0.0,1
9187,1776087442.0057898,0.06354900051519508, 0.39750300038576825,0,0,27.8,0.0,1
9188,1776087442.0359988,0.048363999667344615, 0.3847940006380668,0,0,27.8,0.0,1
9189,1776087442.0654612,0.04725099915958708, 0.38251600017247256,0,0,27.8,0.0,1
9190,1776087442.0952556,0.047976000132621266, 0.3831750000244938,0,0,27.8,0.0,1
9191,1776087442.1251428,0.052501999562082347, 0.3829870001936797,0,0,27.8,0.0,1
9192,1776087442.1547031,0.0456770003438578, 0.3574840002329438,0,0,27.8,0.0,1
9193,1776087442.184436,0.04767500013258541, 0.3852700001516496,0,0,27.8,0.0,1
9194,1776087442.2140634,0.04862399964622455, 0.38383299943234306,0,0,27.8,0.0,1
9195,1776087442.2439928,0.05121100002725143, 0.38093300008767983,0,0,27.8,0.0,1
9196,1776087442.2734692,0.04592500044964254, 0.3800489994318923,0,0,27.8,0.0,1
9197,1776087442.3036249,0.04412799989950145, 0.36312999964138726,0,0,27.8,0.0,1
9198,1776087442.3327086,0.043010999434045516, 0.36090100002184045,0,0,27.8,0.0,1
9199,1776087442.3626373,0.04444299975148169, 0.373548999959894,0,0,27.8,0.0,1
9200,1776087442.3920574,0.04613800047081895, 0.3358550002303673,0,0,27.8,0.0,1
9201,1776087442.4216452,0.05363199943531072, 0.5227369993008324,0,0,27.8,0.0,1
9202,1776087442.4510727,0.05146300009073457, 0.43533500047487905,0,0,27.8,0.0,1
9203,1776087442.4816186,0.04282400004740339, 0.3680640002130531,0,0,27.8,0.0,1
9204,1776087442.5112345,0.047851000090304296, 0.3797170002144412,0,0,27.8,0.0,1
9205,1776087442.5411303,0.052411000069696456, 0.3769249997276347,0,0,27.8,0.0,1
9206,1776087442.5705976,0.044331999561109114, 0.3573060002963757,0,0,27.8,0.0,1
9207,1776087442.600064,0.05319899992173305, 0.40550599987909663,0,0,27.8,0.0,1
9208,1776087442.6301255,0.053143000513955485, 0.4766299998664181,0,0,27.8,0.0,1
9209,1776087442.6601415,0.0486170001749997, 0.37813499966432573,0,0,27.8,0.0,1
9210,1776087442.689388,0.04878999970969744, 0.38630899962299736,0,0,27.8,0.0,1
9211,1776087442.7192547,0.04754800011141924, 0.3783410002142773,0,0,27.8,0.0,1
9212,1776087442.749388,0.048315999265469145, 0.3994740000052843,0,0,27.8,0.0,1
9212,1776087442.8095934,31.471057000089786, 0.21846399977221154,8,2,27.8,0.0,0
9213,1776087442.852724,22.79437400011375, 0.21933399966655998,9,0,27.8,0.0,0
9214,1776087442.8685973,14.141061999907834, 0.21891199958190555,11,2,27.8,0.0,0
9215,1776087442.8826203,12.292463999983738, 0.21526300042751245,9,2,27.8,0.0,0
9216,1776087443.1743908,20.251242999620445, 257.3955349998869,9,2,27.8,0.0,0
9218,1776087443.1785157,0.2339650000067195, 0.3850760003842879,0,2,27.8,0.0,1
9219,1776087443.1939876,0.32718999955250183, 0.3861760005747783,0,2,27.8,0.0,1
9220,1776087443.2238865,0.3329170003780746, 0.3834190001725801,0,2,27.8,0.0,1
9221,1776087443.2552946,2.0280799999454757, 0.3696329995364067,0,0,27.8,0.0,1
9222,1776087443.287961,0.03707999985635979, 0.28025299980072305,0,0,27.8,0.0,1
9223,1776087443.3127046,0.041633000364527106, 0.36591200023394777,0,0,27.8,0.0,1
9224,1776087443.3425124,0.045789000068907626, 0.4171540003881091,0,0,27.8,0.0,1
9225,1776087443.3731637,0.05146799958311021, 0.3871589997288538,0,0,27.8,0.0,1
9226,1776087443.4025848,0.04295500002626795, 0.35919299989473075,0,0,27.8,0.0,1
9227,1776087443.4324965,0.04572199941321742, 0.5366030000004685,0,0,27.8,0.0,1
9228,1776087443.4621172,0.04667099983635126, 0.38287200004560873,0,0,27.8,0.0,1
9229,1776087443.4917805,0.04484200053411769, 0.34725899968179874,0,0,27.8,0.0,1
9230,1776087443.5211356,0.05099699956190307, 0.37736699960078113,0,0,27.8,0.0,1
9231,1776087443.5505364,0.04886499937128974, 0.40586500017525395,0,0,27.8,0.0,1
9232,1776087443.580287,0.04732900015369523, 0.4051610003443784,0,0,27.8,0.0,1
9233,1776087443.6100607,0.04801400064025074, 0.381402999664715,0,0,27.8,0.0,1
9234,1776087443.6397026,0.05349000002752291, 0.42108699926757254,0,0,27.8,0.0,1
9235,1776087443.6694322,0.047436000386369415, 0.4229659998600255,0,0,27.8,0.0,1
9236,1776087443.6996942,0.05113700080983108, 0.4170520005573053,0,0,27.8,0.0,1
9237,1776087443.7288039,0.04778299989993684, 0.38268200023594545,0,0,27.8,0.0,1
9238,1776087443.758566,0.04753600023832405, 0.3995930001110537,0,0,27.8,0.0,1
9239,1776087443.788637,0.04494299992074957, 0.3667510000013863,0,0,27.8,0.0,1
9240,1776087443.8188198,0.04488200011110166, 0.34366899944870966,0,0,27.8,0.0,1
9241,1776087443.8484724,0.052536000112013426, 0.37933500061626546,0,0,27.8,0.0,1
9242,1776087443.8781805,0.05026599956181599, 0.37741000051028095,0,0,27.8,0.0,1
9243,1776087443.9078364,0.04569000066112494, 0.380258000404865,0,0,27.8,0.0,1
9244,1776087443.9378066,0.042286999814677984, 0.3518370003803284,0,0,27.8,0.0,1
9245,1776087443.9673285,0.04848199932894204, 0.3652790001069661,0,0,27.8,0.0,1
9246,1776087443.997246,0.05000300006940961, 0.37541999972745543,0,0,27.8,0.0,1
