frame,track,x,y,vx,vy,speed,state,cov
1,2,708.0,367.0,0.00,0.00,0.00,0,12.02
1,3,697.0,422.0,0.00,0.00,0.00,0,12.02
2,2,708.0,367.0,0.00,0.00,0.00,0,14.08
2,3,697.0,422.0,0.00,0.00,0.00,0,14.08
3,2,708.0,367.0,0.00,0.00,0.00,0,16.13
3,3,697.0,422.0,0.00,0.00,0.00,0,16.13
5,2,708.0,367.0,0.00,0.00,0.00,0,20.01
5,3,697.0,422.0,0.00,0.00,0.00,0,20.01
38,4,1281.0,676.0,0.00,0.00,0.00,0,12.01
38,5,1301.0,682.0,0.00,0.00,0.00,0,12.01
40,6,611.0,461.0,0.00,0.00,0.00,0,12.01
40,7,1314.0,685.0,0.00,0.00,0.00,0,12.01
41,6,605.8,455.8,-0.12,-0.12,0.16,0,7.47
41,7,1324.5,687.0,0.23,0.04,0.24,0,7.47
42,6,603.0,452.7,-0.29,-0.31,0.43,0,6.31
42,7,1332.1,682.9,0.72,-0.22,0.75,0,6.31
44,6,602.9,452.6,-0.29,-0.31,0.43,0,9.95
44,7,1332.3,682.8,0.72,-0.22,0.75,0,9.95
45,6,602.9,452.6,-0.29,-0.31,0.43,0,12.12
45,7,1332.3,682.8,0.72,-0.22,0.75,0,12.12
46,6,602.9,452.6,-0.29,-0.31,0.43,0,14.47
46,7,1332.3,682.8,0.72,-0.22,0.75,0,14.47
77,8,575.0,474.0,0.00,0.00,0.00,0,12.01
77,9,514.0,731.0,0.00,0.00,0.00,0,12.01
79,10,571.0,378.0,0.00,0.00,0.00,0,12.01
79,11,572.0,415.0,0.00,0.00,0.00,0,12.01
80,10,570.7,376.4,-0.01,-0.03,0.03,0,7.47
80,11,572.0,415.0,0.00,0.00,0.00,0,14.02
81,10,570.0,368.8,-0.04,-0.44,0.44,0,6.30
81,11,572.0,415.0,0.00,0.00,0.00,0,16.06
83,10,570.0,368.7,-0.04,-0.44,0.44,0,9.89
83,11,572.0,415.0,0.00,0.00,0.00,0,19.83
84,10,570.0,368.7,-0.04,-0.44,0.44,0,12.08
85,10,570.0,368.7,-0.04,-0.44,0.44,0,14.42
116,12,613.0,860.0,0.00,0.00,0.00,0,12.01
116,13,629.0,861.0,0.00,0.00,0.00,0,12.01
118,14,641.0,865.0,0.00,0.00,0.00,0,12.01
118,15,1485.0,869.0,0.00,0.00,0.00,0,12.01
119,14,641.0,865.0,0.00,0.00,0.00,0,14.03
119,15,1490.9,869.0,0.14,0.00,0.14,0,7.47
120,15,1499.7,869.5,0.69,0.03,0.69,0,6.31
120,14,641.0,865.0,0.00,0.00,0.00,0,16.08
122,15,1499.9,869.5,0.69,0.03,0.69,0,9.95
122,14,641.0,865.0,0.00,0.00,0.00,0,19.92
123,15,1499.9,869.5,0.69,0.03,0.69,0,12.11
124,15,1499.9,869.5,0.69,0.03,0.69,0,14.46
155,16,917.0,1130.0,0.00,0.00,0.00,0,12.01
155,17,595.0,1224.0,0.00,0.00,0.00,0,12.01
157,18,1283.0,193.0,0.00,0.00,0.00,0,12.01
157,19,1296.0,205.0,0.00,0.00,0.00,0,12.01
158,18,1282.7,193.0,-0.01,0.00,0.01,0,7.47
158,19,1296.0,205.0,0.00,0.00,0.00,0,14.04
159,18,1278.9,189.7,-0.25,-0.22,0.33,0,6.31
159,19,1296.0,205.0,0.00,0.00,0.00,0,16.09
161,18,1278.8,189.6,-0.25,-0.22,0.33,0,9.97
161,19,1296.0,205.0,0.00,0.00,0.00,0,19.96
162,18,1278.8,189.6,-0.25,-0.22,0.33,0,12.11
163,18,1278.8,189.6,-0.25,-0.22,0.33,0,14.45
194,20,1159.0,755.0,0.00,0.00,0.00,0,12.01
194,21,1124.0,774.0,0.00,0.00,0.00,0,12.01
196,22,1023.0,819.0,0.00,0.00,0.00,0,12.01
196,23,960.0,1274.0,0.00,0.00,0.00,0,12.01
197,22,1023.3,819.0,0.01,0.00,0.01,0,7.47
197,23,964.6,1272.4,0.10,-0.04,0.11,0,7.47
198,23,967.0,1271.5,0.26,-0.09,0.27,0,6.31
198,22,1023.3,819.0,0.01,0.00,0.01,0,9.51
200,23,967.1,1271.5,0.26,-0.09,0.27,0,9.98
200,22,1023.3,819.0,0.01,0.00,0.01,0,13.31
201,23,967.1,1271.5,0.26,-0.09,0.27,0,12.13
201,22,1023.3,819.0,0.01,0.00,0.01,0,15.46
202,23,967.1,1271.5,0.26,-0.09,0.27,0,14.47
233,24,831.0,260.0,0.00,0.00,0.00,0,12.01
233,25,831.0,276.0,0.00,0.00,0.00,0,12.01
235,26,597.0,232.0,0.00,0.00,0.00,0,12.01
235,27,837.0,238.0,0.00,0.00,0.00,0,12.01
236,26,603.9,234.9,0.15,0.07,0.17,0,7.47
236,27,837.0,238.7,0.00,0.01,0.01,0,7.47
237,26,605.7,237.0,0.26,0.19,0.33,0,6.30
237,27,837.5,236.4,0.03,-0.12,0.12,0,6.30
239,26,605.8,237.1,0.26,0.19,0.33,0,9.98
239,27,837.5,236.4,0.03,-0.12,0.12,0,9.98
240,26,605.8,237.1,0.26,0.19,0.33,0,12.11
240,27,837.5,236.4,0.03,-0.12,0.12,0,12.11
241,26,605.8,237.1,0.26,0.19,0.33,0,14.46
241,27,837.5,236.4,0.03,-0.12,0.12,0,14.46
272,28,722.0,173.0,0.00,0.00,0.00,0,12.01
272,29,718.0,180.0,0.00,0.00,0.00,0,12.01
274,30,727.0,169.0,0.00,0.00,0.00,0,12.01
274,31,736.0,200.0,0.00,0.00,0.00,0,12.01
275,30,727.0,169.0,0.00,0.00,0.00,0,14.02
275,31,736.0,200.0,0.00,0.00,0.00,0,14.02
276,30,727.0,169.0,0.00,0.00,0.00,0,16.05
276,31,736.0,200.0,0.00,0.00,0.00,0,16.05
278,30,727.0,169.0,0.00,0.00,0.00,0,19.79
278,31,736.0,200.0,0.00,0.00,0.00,0,19.79
311,32,1341.0,964.0,0.00,0.00,0.00,0,12.01
311,33,1359.0,985.0,0.00,0.00,0.00,0,12.01
313,34,1357.0,752.0,0.00,0.00,0.00,0,12.01
313,35,1356.0,762.0,0.00,0.00,0.00,0,12.01
314,34,1356.7,754.3,-0.01,0.05,0.05,0,7.47
314,35,1356.3,753.2,0.01,-0.20,0.20,0,7.47
315,34,1357.0,749.1,0.01,-0.27,0.27,0,6.31
317,34,1357.0,749.0,0.01,-0.27,0.27,0,9.99
318,34,1357.0,749.0,0.01,-0.27,0.27,0,12.12
319,34,1357.0,749.0,0.01,-0.27,0.27,0,14.47
350,36,1127.0,1057.0,0.00,0.00,0.00,0,12.01
350,37,1149.0,1056.0,0.00,0.00,0.00,0,12.01
352,38,1106.0,1061.0,0.00,0.00,0.00,0,12.01
352,39,1131.0,1211.0,0.00,0.00,0.00,0,12.01
353,38,1106.0,1061.0,0.00,0.00,0.00,0,14.04
353,39,1132.0,1211.0,0.02,0.00,0.02,0,7.47
354,39,1138.9,1208.7,0.47,-0.15,0.49,0,6.31
354,38,1106.0,1061.0,0.00,0.00,0.00,0,16.08
356,39,1139.1,1208.6,0.47,-0.15,0.49,0,9.97
356,38,1106.0,1061.0,0.00,0.00,0.00,0,19.95
357,39,1139.1,1208.6,0.47,-0.15,0.49,0,12.12
358,39,1139.1,1208.6,0.47,-0.15,0.49,0,14.46
389,40,1220.0,286.0,0.00,0.00,0.00,0,12.01
389,41,1219.0,295.0,0.00,0.00,0.00,0,12.01
391,42,1059.0,931.0,0.00,0.00,0.00,0,12.01
391,43,1045.0,960.0,0.00,0.00,0.00,0,12.01
392,42,1055.1,939.5,-0.08,0.18,0.19,0,7.46
392,43,1038.8,967.2,-0.13,0.15,0.20,0,7.46
393,43,1035.8,970.2,-0.26,0.28,0.39,0,6.30
393,42,1055.1,939.5,-0.08,0.18,0.19,0,9.49
395,43,1035.7,970.3,-0.26,0.28,0.39,0,9.90
395,42,1055.0,939.6,-0.08,0.18,0.19,0,13.18
396,43,1035.7,970.3,-0.26,0.28,0.39,0,12.07
396,42,1055.0,939.6,-0.08,0.18,0.19,0,15.35
397,43,1035.7,970.3,-0.26,0.28,0.39,0,14.41
428,44,1243.0,331.0,0.00,0.00,0.00,0,12.01
428,45,1376.0,474.0,0.00,0.00,0.00,0,12.01
430,46,1423.0,707.0,0.00,0.00,0.00,0,12.01
430,47,654.0,885.0,0.00,0.00,0.00,0,12.01
431,46,1423.3,707.0,0.01,0.00,0.01,0,7.46
431,47,655.3,883.7,0.03,-0.03,0.04,0,7.46
432,46,1418.1,711.6,-0.24,0.22,0.32,0,6.29
432,47,657.0,882.0,0.11,-0.11,0.15,0,6.29
434,46,1418.0,711.7,-0.24,0.22,0.32,0,9.73
434,47,657.1,881.9,0.11,-0.11,0.15,0,9.73
435,46,1418.0,711.7,-0.24,0.22,0.32,0,11.98
435,47,657.1,881.9,0.11,-0.11,0.15,0,11.98
436,46,1418.0,711.7,-0.24,0.22,0.32,0,14.31
436,47,657.1,881.9,0.11,-0.11,0.15,0,14.31
467,48,873.0,447.0,0.00,0.00,0.00,0,12.01
467,49,889.0,448.0,0.00,0.00,0.00,0,12.01
469,50,863.0,444.0,0.00,0.00,0.00,0,12.01
469,51,729.0,581.0,0.00,0.00,0.00,0,12.01
470,50,863.0,444.0,0.00,0.00,0.00,0,14.02
470,51,729.0,582.0,0.00,0.02,0.02,0,7.46
471,51,729.8,575.8,0.03,-0.25,0.26,0,6.29
471,50,863.0,444.0,0.00,0.00,0.00,0,16.05
473,51,729.8,575.8,0.03,-0.25,0.26,0,9.87
473,50,863.0,444.0,0.00,0.00,0.00,0,19.79
474,51,729.8,575.8,0.03,-0.25,0.26,0,12.04
475,51,729.8,575.7,0.03,-0.25,0.26,0,14.39
506,52,937.0,294.0,0.00,0.00,0.00,0,12.01
506,53,1072.0,323.0,0.00,0.00,0.00,0,12.01
508,54,977.0,284.0,0.00,0.00,0.00,0,12.01
508,55,954.0,292.0,0.00,0.00,0.00,0,12.01
509,54,976.3,284.3,-0.01,0.01,0.02,0,7.47
509,55,954.0,292.0,0.00,0.00,0.00,0,14.03
510,54,980.4,282.2,0.24,-0.13,0.28,0,6.31
510,55,954.0,292.0,0.00,0.00,0.00,0,16.08
512,54,980.4,282.1,0.24,-0.13,0.28,0,9.97
512,55,954.0,292.0,0.00,0.00,0.00,0,19.94
513,54,980.4,282.1,0.24,-0.13,0.28,0,12.13
514,54,980.4,282.1,0.24,-0.13,0.28,0,14.47
545,56,979.0,314.0,0.00,0.00,0.00,0,12.01
545,57,1430.0,594.0,0.00,0.00,0.00,0,12.01
547,58,960.0,300.0,0.00,0.00,0.00,0,12.01
547,59,1389.0,619.0,0.00,0.00,0.00,0,12.01
548,58,958.4,298.7,-0.04,-0.03,0.05,0,7.47
548,59,1388.7,620.6,-0.01,0.04,0.04,0,7.47
549,58,953.9,294.4,-0.32,-0.30,0.44,0,6.31
549,59,1388.2,623.3,-0.03,0.21,0.21,0,6.31
551,58,953.8,294.3,-0.32,-0.30,0.44,0,9.92
551,59,1388.2,623.4,-0.03,0.21,0.21,0,9.92
552,58,953.8,294.3,-0.32,-0.30,0.44,0,12.11
552,59,1388.2,623.4,-0.03,0.21,0.21,0,12.11
553,58,953.8,294.3,-0.32,-0.30,0.44,0,14.46
553,59,1388.2,623.4,-0.03,0.21,0.21,0,14.46
584,60,1209.0,433.0,0.00,0.00,0.00,0,12.01
584,61,512.0,689.0,0.00,0.00,0.00,0,12.01
586,62,524.0,659.0,0.00,0.00,0.00,0,12.01
586,63,516.0,675.0,0.00,0.00,0.00,0,12.01
587,62,524.0,659.0,0.00,0.00,0.00,0,7.47
587,63,521.2,664.8,0.11,-0.21,0.24,0,7.47
588,62,525.8,655.7,0.12,-0.22,0.25,0,6.31
590,62,525.8,655.6,0.12,-0.22,0.25,0,9.96
591,62,525.8,655.6,0.12,-0.22,0.25,0,12.12
592,62,525.8,655.6,0.12,-0.22,0.25,0,14.47
623,64,1386.0,868.0,0.00,0.00,0.00,0,12.01
623,65,1529.0,917.0,0.00,0.00,0.00,0,12.01
625,66,1346.0,727.0,0.00,0.00,0.00,0,12.01
625,67,1351.0,812.0,0.00,0.00,0.00,0,12.01
626,66,1346.7,714.6,0.02,-0.30,0.30,0,7.47
626,67,1351.0,812.0,0.00,0.00,0.00,0,14.03
627,66,1347.0,714.1,0.04,-0.32,0.32,0,6.31
627,67,1351.0,812.0,0.00,0.00,0.00,0,16.09
629,66,1347.0,714.1,0.04,-0.32,0.32,0,9.96
629,67,1351.0,812.0,0.00,0.00,0.00,0,19.95
630,66,1347.0,714.0,0.04,-0.32,0.32,0,12.12
631,66,1347.0,714.0,0.04,-0.32,0.32,0,14.46
662,68,833.0,707.0,0.00,0.00,0.00,0,12.01
662,69,1295.0,851.0,0.00,0.00,0.00,0,12.01
664,70,610.0,392.0,0.00,0.00,0.00,0,12.01
664,71,1114.0,603.0,0.00,0.00,0.00,0,12.01
665,70,610.0,392.0,0.00,0.00,0.00,0,14.03
665,71,1108.1,604.0,-0.12,0.02,0.12,0,7.47
666,71,1108.1,604.0,-0.12,0.02,0.12,0,9.52
666,70,610.0,392.0,0.00,0.00,0.00,0,16.08
668,71,1108.1,604.0,-0.12,0.02,0.12,0,13.29
668,70,610.0,392.0,0.00,0.00,0.00,0,19.94
669,71,1108.1,604.0,-0.12,0.02,0.12,0,15.46
701,72,608.0,798.0,0.00,0.00,0.00,0,12.01
701,73,607.0,819.0,0.00,0.00,0.00,0,12.01
703,74,615.0,777.0,0.00,0.00,0.00,0,12.01
703,75,1627.0,831.0,0.00,0.00,0.00,0,12.01
704,74,618.6,771.1,0.08,-0.13,0.16,0,7.47
704,75,1627.7,832.3,0.01,0.03,0.03,0,7.47
705,75,1627.2,831.5,-0.01,-0.02,0.03,0,6.31
705,74,618.6,771.1,0.08,-0.13,0.16,0,9.51
707,75,1627.2,831.5,-0.01,-0.02,0.03,0,9.97
707,74,618.6,771.1,0.08,-0.13,0.16,0,13.30
708,75,1627.2,831.5,-0.01,-0.02,0.03,0,12.11
708,74,618.6,771.1,0.08,-0.13,0.16,0,15.45
709,75,1627.2,831.5,-0.01,-0.02,0.03,0,14.46
740,76,759.0,653.0,0.00,0.00,0.00,0,12.01
740,77,1234.0,850.0,0.00,0.00,0.00,0,12.01
742,78,752.0,645.0,0.00,0.00,0.00,0,12.01
742,79,1146.0,680.0,0.00,0.00,0.00,0,12.01
743,78,752.3,643.7,0.01,-0.03,0.03,0,7.47
743,79,1139.8,675.4,-0.13,-0.09,0.16,0,7.47
744,79,1136.5,673.0,-0.29,-0.22,0.36,0,6.30
744,78,752.3,643.7,0.01,-0.03,0.03,0,9.50
746,79,1136.4,672.9,-0.29,-0.22,0.36,0,9.92
746,78,752.3,643.7,0.01,-0.03,0.03,0,13.21
747,79,1136.4,672.9,-0.29,-0.22,0.36,0,12.09
747,78,752.3,643.7,0.01,-0.03,0.03,0,15.39
748,79,1136.4,672.9,-0.29,-0.22,0.36,0,14.42
779,80,1294.0,611.0,0.00,0.00,0.00,0,12.01
779,81,1311.0,618.0,0.00,0.00,0.00,0,12.01
781,82,1208.0,317.0,0.00,0.00,0.00,0,12.01
781,83,1204.0,322.0,0.00,0.00,0.00,0,12.01
782,82,1209.0,320.3,0.02,0.07,0.07,0,7.46
782,83,1204.0,322.0,0.00,0.00,0.00,0,14.02
783,82,1209.0,320.3,0.02,0.07,0.07,0,9.49
785,82,1209.0,320.3,0.02,0.07,0.07,0,13.09
786,82,1209.0,320.3,0.02,0.07,0.07,0,15.27
818,84,848.0,430.0,0.00,0.00,0.00,0,12.01
818,85,1035.0,1280.0,0.00,0.00,0.00,0,12.01
820,86,1024.0,1270.0,0.00,0.00,0.00,0,12.01
821,86,1022.7,1268.4,-0.03,-0.04,0.05,0,7.47
822,86,1020.2,1266.5,-0.18,-0.15,0.24,0,6.31
824,86,1020.1,1266.4,-0.18,-0.15,0.24,0,9.99
825,86,1020.1,1266.4,-0.18,-0.15,0.24,0,12.11
826,86,1020.1,1266.4,-0.18,-0.15,0.24,0,14.46
857,87,973.0,266.0,0.00,0.00,0.00,0,12.01
857,88,1440.0,501.0,0.00,0.00,0.00,0,12.01
859,89,979.0,255.0,0.00,0.00,0.00,0,12.01
859,90,685.0,935.0,0.00,0.00,0.00,0,12.01
860,89,980.6,253.4,0.04,-0.04,0.05,0,7.47
860,90,685.0,935.0,0.00,0.00,0.00,0,14.03
861,89,983.6,250.4,0.23,-0.23,0.32,0,6.30
861,90,685.0,935.0,0.00,0.00,0.00,0,16.08
863,89,983.6,250.4,0.23,-0.23,0.32,0,9.99
863,90,685.0,935.0,0.00,0.00,0.00,0,19.98
864,89,983.6,250.4,0.23,-0.23,0.32,0,12.11
865,89,983.6,250.4,0.23,-0.23,0.32,0,14.45
896,91,613.0,932.0,0.00,0.00,0.00,0,12.01
896,92,623.0,942.0,0.00,0.00,0.00,0,12.01
898,93,619.0,904.0,0.00,0.00,0.00,0,12.01
898,94,613.0,920.0,0.00,0.00,0.00,0,12.01
899,93,618.7,904.7,-0.01,0.02,0.02,0,7.47
899,94,618.2,910.8,0.12,-0.22,0.25,0,7.47
900,93,621.1,901.7,0.14,-0.17,0.23,0,6.30
902,93,621.1,901.6,0.14,-0.17,0.23,0,9.98
903,93,621.1,901.6,0.14,-0.17,0.23,0,12.12
904,93,621.1,901.6,0.14,-0.17,0.23,0,14.46
935,95,714.0,584.0,0.00,0.00,0.00,0,12.01
935,96,703.0,602.0,0.00,0.00,0.00,0,12.01
937,97,701.0,613.0,0.00,0.00,0.00,0,12.01
937,98,1583.0,737.0,0.00,0.00,0.00,0,12.01
938,97,701.0,613.0,0.00,0.00,0.00,0,14.02
938,98,1583.0,737.0,0.00,0.00,0.00,0,14.02
939,97,701.0,613.0,0.00,0.00,0.00,0,16.06
939,98,1583.0,737.0,0.00,0.00,0.00,0,16.06
941,97,701.0,613.0,0.00,0.00,0.00,0,19.84
941,98,1583.0,737.0,0.00,0.00,0.00,0,19.84
974,99,1247.0,315.0,0.00,0.00,0.00,0,12.01
974,100,1246.0,328.0,0.00,0.00,0.00,0,12.01
976,101,1252.0,305.0,0.00,0.00,0.00,0,12.01
976,102,1025.0,380.0,0.00,0.00,0.00,0,12.01
977,101,1254.0,302.7,0.05,-0.06,0.07,0,7.47
977,102,1012.6,383.3,-0.30,0.08,0.31,0,7.47
978,101,1254.0,302.7,0.05,-0.06,0.07,0,9.51
978,102,1012.5,383.3,-0.30,0.08,0.31,0,9.51
980,101,1254.0,302.7,0.05,-0.06,0.07,0,13.29
980,102,1012.5,383.3,-0.30,0.08,0.31,0,13.29
981,101,1254.0,302.7,0.05,-0.06,0.07,0,15.43
981,102,1012.5,383.3,-0.30,0.08,0.31,0,15.43
1013,103,1101.0,827.0,0.00,0.00,0.00,0,12.01
1013,104,1114.0,1231.0,0.00,0.00,0.00,0,12.01
1015,105,1112.0,819.0,0.00,0.00,0.00,0,12.01
1015,106,1548.0,841.0,0.00,0.00,0.00,0,12.01
1016,105,1113.0,818.3,0.02,-0.01,0.02,0,7.46
1016,106,1548.0,841.3,0.00,0.01,0.01,0,7.46
1017,105,1114.0,818.3,0.06,-0.02,0.06,0,6.29
1017,106,1546.5,836.4,-0.06,-0.20,0.21,0,6.29
1019,105,1114.0,818.3,0.06,-0.02,0.06,0,9.90
1019,106,1546.4,836.3,-0.06,-0.20,0.21,0,9.90
1020,105,1114.0,818.3,0.06,-0.02,0.06,0,12.05
1020,106,1546.4,836.3,-0.06,-0.20,0.21,0,12.05
1021,105,1114.0,818.3,0.06,-0.02,0.06,0,14.39
1021,106,1546.4,836.3,-0.06,-0.20,0.21,0,14.39
1052,107,693.0,267.0,0.00,0.00,0.00,0,12.01
1052,108,703.0,292.0,0.00,0.00,0.00,0,12.01
1054,109,690.0,267.0,0.00,0.00,0.00,0,12.01
1054,110,890.0,430.0,0.00,0.00,0.00,0,12.01
1055,109,690.0,267.0,0.00,0.00,0.00,0,14.04
1055,110,887.4,429.7,-0.06,-0.01,0.06,0,7.48
1056,109,691.8,270.5,0.08,0.16,0.18,0,7.87
1056,110,884.7,429.5,-0.24,-0.02,0.24,0,6.31
1058,109,691.8,270.6,0.08,0.16,0.18,0,11.50
1058,110,884.6,429.5,-0.24,-0.02,0.24,0,9.95
1059,109,691.8,270.6,0.08,0.16,0.18,0,13.66
1059,110,884.6,429.5,-0.24,-0.02,0.24,0,12.11
1060,109,691.8,270.6,0.08,0.16,0.18,0,16.01
1060,110,884.6,429.5,-0.24,-0.02,0.24,0,14.46
1091,111,988.0,421.0,0.00,0.00,0.00,0,12.01
1091,112,1019.0,615.0,0.00,0.00,0.00,0,12.01
1093,113,1023.0,306.0,0.00,0.00,0.00,0,12.01
1093,114,1019.0,321.0,0.00,0.00,0.00,0,12.01
1094,113,1022.3,307.6,-0.02,0.04,0.04,0,7.47
1094,114,1019.0,321.0,0.00,0.00,0.00,0,14.03
1095,113,1024.8,300.8,0.14,-0.40,0.42,0,6.31
1095,114,1019.0,321.0,0.00,0.00,0.00,0,16.09
1097,113,1024.9,300.7,0.14,-0.40,0.42,0,9.98
1097,114,1019.0,321.0,0.00,0.00,0.00,0,19.96
1098,113,1024.9,300.7,0.14,-0.40,0.42,0,12.13
1099,113,1024.9,300.7,0.14,-0.40,0.42,0,14.47
1130,115,1475.0,718.0,0.00,0.00,0.00,0,12.01
1130,116,1485.0,730.0,0.00,0.00,0.00,0,12.01
1132,117,1239.0,368.0,0.00,0.00,0.00,0,12.01
1132,118,1393.0,1116.0,0.00,0.00,0.00,0,12.01
1133,117,1239.0,368.0,0.00,0.00,0.00,0,14.03
1133,118,1393.3,1123.2,0.01,0.17,0.17,0,7.47
1134,118,1393.5,1132.7,0.02,0.77,0.77,0,6.30
1134,117,1239.0,368.0,0.00,0.00,0.00,0,16.08
1136,118,1393.5,1132.9,0.02,0.77,0.77,0,9.95
1136,117,1239.0,368.0,0.00,0.00,0.00,0,19.93
1137,118,1393.5,1132.9,0.02,0.77,0.77,0,12.11
1138,118,1393.5,1132.9,0.02,0.77,0.77,0,14.45
1169,119,1045.0,156.0,0.00,0.00,0.00,0,12.01
1169,120,1041.0,166.0,0.00,0.00,0.00,0,12.01
1171,121,1034.0,171.0,0.00,0.00,0.00,0,12.01
1171,122,1013.0,177.0,0.00,0.00,0.00,0,12.01
1172,121,1028.1,173.0,-0.14,0.05,0.14,0,7.47
1172,122,1002.8,178.6,-0.24,0.04,0.24,0,7.47
1173,121,1028.1,173.0,-0.14,0.05,0.14,0,9.51
1173,122,1002.8,178.6,-0.24,0.04,0.24,0,9.51
1175,121,1028.1,173.0,-0.14,0.05,0.14,0,13.23
1175,122,1002.8,178.6,-0.24,0.04,0.24,0,13.23
1176,121,1028.1,173.0,-0.14,0.05,0.14,0,15.45
1176,122,1002.8,178.7,-0.24,0.04,0.24,0,15.45
1208,123,970.0,350.0,0.00,0.00,0.00,0,12.01
1208,124,692.0,474.0,0.00,0.00,0.00,0,12.01
1210,125,457.0,313.0,0.00,0.00,0.00,0,12.01
1210,126,974.0,364.0,0.00,0.00,0.00,0,12.01
1211,125,457.0,313.0,0.00,0.00,0.00,0,14.04
1211,126,975.6,368.3,0.04,0.10,0.11,0,7.47
1212,126,978.0,374.4,0.19,0.49,0.53,0,6.31
1212,125,457.0,313.0,0.00,0.00,0.00,0,16.09
1214,126,978.1,374.5,0.19,0.49,0.53,0,9.96
1214,125,457.0,313.0,0.00,0.00,0.00,0,19.94
1215,126,978.1,374.5,0.19,0.49,0.53,0,12.12
1216,126,978.1,374.5,0.19,0.49,0.53,0,14.47
1247,127,684.0,430.0,0.00,0.00,0.00,0,12.01
1247,128,688.0,436.0,0.00,0.00,0.00,0,12.01
1249,129,704.0,467.0,0.00,0.00,0.00,0,12.01
1249,130,733.0,474.0,0.00,0.00,0.00,0,12.01
1250,129,700.1,469.6,-0.09,0.06,0.11,0,7.47
1250,130,733.0,474.3,0.00,0.01,0.01,0,7.47
1251,129,698.5,471.0,-0.19,0.15,0.24,0,6.30
1251,130,733.0,471.2,0.00,-0.19,0.19,0,6.30
1253,129,698.5,471.0,-0.19,0.15,0.24,0,9.94
1253,130,733.0,471.1,0.00,-0.19,0.19,0,9.94
1254,129,698.4,471.0,-0.19,0.15,0.24,0,12.10
1254,130,733.0,471.1,0.00,-0.19,0.19,0,12.10
1255,129,698.4,471.1,-0.19,0.15,0.24,0,14.44
1255,130,733.0,471.1,0.00,-0.19,0.19,0,14.44
1286,131,1067.0,257.0,0.00,0.00,0.00,0,12.01
1286,132,1233.0,654.0,0.00,0.00,0.00,0,12.01
1288,133,1049.0,307.0,0.00,0.00,0.00,0,12.01
1288,134,466.0,315.0,0.00,0.00,0.00,0,12.01
1289,133,1047.0,313.9,-0.05,0.16,0.17,0,7.47
1289,134,466.0,315.0,0.00,0.00,0.00,0,14.03
1290,133,1044.5,321.6,-0.21,0.65,0.68,0,6.30
1290,134,464.6,315.0,-0.06,0.00,0.06,0,7.87
1292,133,1044.4,321.8,-0.21,0.65,0.68,0,9.94
1292,134,464.6,315.0,-0.06,0.00,0.06,0,11.50
1293,133,1044.4,321.8,-0.21,0.65,0.68,0,12.11
1293,134,464.6,315.0,-0.06,0.00,0.06,0,13.67
1294,133,1044.4,321.8,-0.21,0.65,0.68,0,14.45
1294,134,464.6,315.0,-0.06,0.00,0.06,0,16.00
1325,135,850.0,124.0,0.00,0.00,0.00,0,12.01
1325,136,958.0,405.0,0.00,0.00,0.00,0,12.01
1327,137,469.0,314.0,0.00,0.00,0.00,0,12.01
1327,138,945.0,436.0,0.00,0.00,0.00,0,12.01
1328,137,468.3,314.0,-0.02,0.00,0.02,0,7.47
1328,138,945.0,436.0,0.00,0.00,0.00,0,14.03
1329,137,467.5,314.0,-0.07,0.00,0.07,0,6.31
1329,138,945.0,436.0,0.00,0.00,0.00,0,16.08
1331,137,467.5,314.0,-0.07,0.00,0.07,0,9.95
1331,138,945.0,436.0,0.00,0.00,0.00,0,19.92
1332,137,467.5,314.0,-0.07,0.00,0.07,0,12.12
1333,137,467.5,314.0,-0.07,0.00,0.07,0,14.46
1364,139,1293.0,439.0,0.00,0.00,0.00,0,12.01
1364,140,452.0,463.0,0.00,0.00,0.00,0,12.01
1366,141,1314.0,426.0,0.00,0.00,0.00,0,12.01
1366,142,1303.0,432.0,0.00,0.00,0.00,0,12.01
1367,141,1313.7,426.0,-0.01,0.00,0.01,0,7.47
1367,142,1309.9,428.7,0.16,-0.07,0.17,0,7.47
1368,141,1316.3,425.2,0.16,-0.05,0.17,0,6.31
1370,141,1316.4,425.2,0.16,-0.05,0.17,0,9.96
1371,141,1316.4,425.2,0.16,-0.05,0.17,0,12.12
1372,141,1316.4,425.2,0.16,-0.05,0.17,0,14.46
1403,143,1075.0,167.0,0.00,0.00,0.00,0,12.01
1403,144,704.0,475.0,0.00,0.00,0.00,0,12.01
1405,145,1233.0,481.0,0.00,0.00,0.00,0,12.01
1405,146,1089.0,618.0,0.00,0.00,0.00,0,12.01
1406,145,1225.8,480.3,-0.16,-0.01,0.16,0,7.47
1406,146,1089.3,618.0,0.01,0.00,0.01,0,7.47
1407,145,1225.8,480.3,-0.16,-0.01,0.16,0,9.51
1407,146,1089.3,618.0,0.01,0.00,0.01,0,9.51
1409,145,1225.7,480.3,-0.16,-0.01,0.16,0,13.27
1409,146,1089.3,618.0,0.01,0.00,0.01,0,13.27
1410,145,1225.7,480.3,-0.16,-0.01,0.16,0,15.45
1410,146,1089.3,618.0,0.01,0.00,0.01,0,15.45
1442,147,1310.0,557.0,0.00,0.00,0.00,0,12.01
1442,148,1315.0,567.0,0.00,0.00,0.00,0,12.01
1444,149,1307.0,540.0,0.00,0.00,0.00,0,12.01
1444,150,1309.0,550.0,0.00,0.00,0.00,0,12.01
1445,149,1307.0,540.3,0.00,0.01,0.01,0,7.46
1445,150,1308.0,543.5,-0.02,-0.14,0.14,0,7.46
1446,149,1306.5,536.4,-0.02,-0.17,0.17,0,6.28
1448,149,1306.5,536.3,-0.02,-0.17,0.17,0,9.70
1449,149,1306.5,536.3,-0.02,-0.17,0.17,0,11.96
1450,149,1306.5,536.3,-0.02,-0.17,0.17,0,14.29
1481,151,907.0,431.0,0.00,0.00,0.00,0,12.01
1481,152,952.0,505.0,0.00,0.00,0.00,0,12.01
1483,153,881.0,372.0,0.00,0.00,0.00,0,12.01
1483,154,695.0,471.0,0.00,0.00,0.00,0,12.01
1484,153,881.0,372.0,0.00,0.00,0.00,0,14.02
1484,154,695.0,470.7,0.00,-0.01,0.01,0,7.46
1485,154,695.0,470.7,0.00,-0.01,0.01,0,9.49
1485,153,881.0,372.0,0.00,0.00,0.00,0,16.05
1487,154,695.0,470.7,0.00,-0.01,0.01,0,13.17
1487,153,881.0,372.0,0.00,0.00,0.00,0,19.81
1488,154,695.0,470.7,0.00,-0.01,0.01,0,15.32
1520,155,1003.0,252.0,0.00,0.00,0.00,0,12.01
1520,156,988.0,256.0,0.00,0.00,0.00,0,12.01
1522,157,1283.0,213.0,0.00,0.00,0.00,0,12.01
1522,158,1292.0,212.0,0.00,0.00,0.00,0,12.01
1523,157,1283.7,212.7,0.01,-0.01,0.01,0,7.46
1523,158,1287.7,213.3,-0.09,0.03,0.09,0,7.46
1524,157,1282.7,213.5,-0.03,0.03,0.04,0,6.29
1526,157,1282.7,213.5,-0.03,0.03,0.04,0,9.72
1527,157,1282.7,213.5,-0.03,0.03,0.04,0,11.95
1528,157,1282.7,213.5,-0.03,0.03,0.04,0,14.28
1559,159,1209.0,401.0,0.00,0.00,0.00,0,12.01
1559,160,1225.0,399.0,0.00,0.00,0.00,0,12.01
1561,161,597.0,808.0,0.00,0.00,0.00,0,12.01
1561,162,603.0,819.0,0.00,0.00,0.00,0,12.01
1562,161,594.1,802.8,-0.06,-0.11,0.12,0,7.46
1562,162,603.0,819.0,0.00,0.00,0.00,0,14.02
1563,161,592.5,800.3,-0.12,-0.21,0.25,0,6.29
1563,162,603.0,819.0,0.00,0.00,0.00,0,16.05
1565,161,592.5,800.2,-0.12,-0.21,0.25,0,9.89
1565,162,603.0,819.0,0.00,0.00,0.00,0,19.80
1566,161,592.5,800.2,-0.12,-0.21,0.25,0,12.03
1567,161,592.5,800.2,-0.12,-0.21,0.25,0,14.37
1598,163,884.0,223.0,0.00,0.00,0.00,0,12.01
1598,164,896.0,230.0,0.00,0.00,0.00,0,12.01
1600,165,862.0,208.0,0.00,0.00,0.00,0,12.01
1600,166,873.0,216.0,0.00,0.00,0.00,0,12.01
1601,165,862.0,208.0,0.00,0.00,0.00,0,7.46
1601,166,873.0,216.0,0.00,0.00,0.00,0,14.02
1602,165,862.0,208.0,0.00,0.00,0.00,0,9.48
1604,165,862.0,208.0,0.00,0.00,0.00,0,13.00
1605,165,862.0,208.0,0.00,0.00,0.00,0,15.22
1637,167,1229.0,268.0,0.00,0.00,0.00,0,12.01
1637,168,1247.0,270.0,0.00,0.00,0.00,0,12.01
1639,169,1214.0,266.0,0.00,0.00,0.00,0,12.01
1639,170,1123.0,520.0,0.00,0.00,0.00,0,12.01
1640,169,1214.0,266.0,0.00,0.00,0.00,0,14.02
1640,170,1123.0,522.0,0.00,0.04,0.04,0,7.46
1641,170,1123.8,520.4,0.04,-0.03,0.05,0,6.30
1641,169,1214.0,266.0,0.00,0.00,0.00,0,16.06
1643,170,1123.8,520.4,0.04,-0.03,0.05,0,9.92
1643,169,1214.0,266.0,0.00,0.00,0.00,0,19.84
1644,170,1123.8,520.4,0.04,-0.03,0.05,0,12.00
1645,170,1123.8,520.4,0.04,-0.03,0.05,0,14.34
1676,171,572.0,717.0,0.00,0.00,0.00,0,12.01
1676,172,589.0,717.0,0.00,0.00,0.00,0,12.01
1678,173,545.0,705.0,0.00,0.00,0.00,0,12.01
1678,174,562.0,714.0,0.00,0.00,0.00,0,12.01
1679,173,545.3,705.0,0.01,0.00,0.01,0,7.47
1679,174,552.5,707.4,-0.21,-0.14,0.25,0,7.47
1680,173,542.7,702.7,-0.15,-0.14,0.21,0,6.31
1682,173,542.6,702.6,-0.15,-0.14,0.21,0,9.97
1683,173,542.6,702.6,-0.15,-0.14,0.21,0,12.12
1684,173,542.6,702.6,-0.15,-0.14,0.21,0,14.46
1715,175,1213.0,456.0,0.00,0.00,0.00,0,12.01
1715,176,633.0,463.0,0.00,0.00,0.00,0,12.01
1717,177,633.0,447.0,0.00,0.00,0.00,0,12.01
1717,178,1005.0,582.0,0.00,0.00,0.00,0,12.01
1718,177,632.0,445.4,-0.02,-0.03,0.04,0,7.46
1718,178,1006.6,582.0,0.03,0.00,0.03,0,7.46
1719,177,630.5,443.7,-0.09,-0.11,0.14,0,6.29
1719,178,1010.6,583.0,0.22,0.05,0.22,0,6.29
1721,177,630.4,443.7,-0.09,-0.11,0.14,0,9.77
1721,178,1010.6,583.0,0.22,0.05,0.22,0,9.77
1722,177,630.4,443.7,-0.09,-0.11,0.14,0,11.99
1722,178,1010.6,583.0,0.22,0.05,0.22,0,11.99
1723,177,630.4,443.7,-0.09,-0.11,0.14,0,14.32
1723,178,1010.7,583.0,0.22,0.05,0.22,0,14.32
1754,179,1144.0,267.0,0.00,0.00,0.00,0,12.01
1754,180,982.0,1087.0,0.00,0.00,0.00,0,12.01
1756,181,1249.0,1187.0,0.00,0.00,0.00,0,12.01
1757,181,1252.3,1185.7,0.07,-0.03,0.08,0,7.47
1757,182,1368.0,914.0,0.00,0.00,0.00,0,12.01
1758,181,1256.6,1183.2,0.34,-0.19,0.39,0,6.33
1760,181,1256.7,1183.1,0.34,-0.19,0.39,0,10.16
1761,181,1256.7,1183.1,0.34,-0.19,0.39,0,12.42
1762,181,1256.7,1183.1,0.34,-0.19,0.39,0,14.78
1793,183,881.0,197.0,0.00,0.00,0.00,0,12.01
1793,184,582.0,433.0,0.00,0.00,0.00,0,12.01
1795,185,904.0,186.0,0.00,0.00,0.00,0,12.01
1795,186,894.0,190.0,0.00,0.00,0.00,0,12.01
1796,185,904.0,186.0,0.00,0.00,0.00,0,14.04
1796,186,894.0,190.0,0.00,0.00,0.00,0,14.04
1797,185,906.1,184.9,0.10,-0.05,0.11,0,7.87
1799,185,906.1,184.9,0.10,-0.05,0.11,0,11.55
1800,185,906.1,184.9,0.10,-0.05,0.11,0,13.67
1801,185,906.1,184.9,0.10,-0.05,0.11,0,16.02
1832,187,1196.0,398.0,0.00,0.00,0.00,0,12.01
1832,188,1236.0,736.0,0.00,0.00,0.00,0,12.01
1834,189,1186.0,379.0,0.00,0.00,0.00,0,12.01
1834,190,1195.0,390.0,0.00,0.00,0.00,0,12.01
1835,189,1186.0,379.3,0.00,0.01,0.01,0,7.47
1835,190,1187.5,382.1,-0.18,-0.19,0.26,0,7.47
1836,189,1182.4,376.2,-0.23,-0.19,0.30,0,6.31
1838,189,1182.3,376.1,-0.23,-0.19,0.30,0,9.96
1839,189,1182.3,376.1,-0.23,-0.19,0.30,0,12.13
1840,189,1182.3,376.1,-0.23,-0.19,0.30,0,14.47
1871,191,437.0,566.0,0.00,0.00,0.00,0,12.01
1871,192,452.0,583.0,0.00,0.00,0.00,0,12.01
1873,193,414.0,554.0,0.00,0.00,0.00,0,12.01
1873,194,428.0,558.0,0.00,0.00,0.00,0,12.01
1874,193,414.3,554.0,0.01,0.00,0.01,0,7.48
1874,194,419.5,557.3,-0.20,-0.02,0.20,0,7.48
1875,193,411.7,554.5,-0.17,0.03,0.17,0,6.31
1877,193,411.6,554.5,-0.17,0.03,0.17,0,9.98
1878,193,411.6,554.5,-0.17,0.03,0.17,0,12.13
1879,193,411.6,554.5,-0.17,0.03,0.17,0,14.47
1910,195,425.0,974.0,0.00,0.00,0.00,0,12.01
1910,196,1224.0,1064.0,0.00,0.00,0.00,0,12.01
1912,197,1165.0,1056.0,0.00,0.00,0.00,0,12.01
1912,198,1186.0,1060.0,0.00,0.00,0.00,0,12.01
1913,197,1165.3,1056.3,0.01,0.01,0.01,0,7.47
1913,198,1186.0,1060.0,0.00,0.00,0.00,0,14.03
1914,197,1157.5,1054.7,-0.49,-0.10,0.50,0,6.30
1914,198,1186.0,1060.0,0.00,0.00,0.00,0,16.08
1916,197,1157.4,1054.7,-0.49,-0.10,0.50,0,9.96
1916,198,1186.0,1060.0,0.00,0.00,0.00,0,19.95
1917,197,1157.4,1054.7,-0.49,-0.10,0.50,0,12.12
1918,197,1157.4,1054.7,-0.49,-0.10,0.50,0,14.47
1949,199,1005.0,992.0,0.00,0.00,0.00,0,12.01
1949,200,982.0,999.0,0.00,0.00,0.00,0,12.01
1951,201,962.0,1007.0,0.00,0.00,0.00,0,12.01
1951,202,1123.0,1121.0,0.00,0.00,0.00,0,12.01
1952,201,962.0,1007.0,0.00,0.00,0.00,0,14.02
1952,202,1123.0,1121.0,0.00,0.00,0.00,0,14.02
1953,201,962.0,1007.0,0.00,0.00,0.00,0,16.04
1953,202,1123.0,1121.0,0.00,0.00,0.00,0,16.04
1955,201,962.0,1007.0,0.00,0.00,0.00,0,19.59
1955,202,1123.0,1121.0,0.00,0.00,0.00,0,19.59
1988,203,1082.0,289.0,0.00,0.00,0.00,0,12.01
1988,204,1402.0,722.0,0.00,0.00,0.00,0,12.01
1990,205,1095.0,303.0,0.00,0.00,0.00,0,12.01
1990,206,612.0,698.0,0.00,0.00,0.00,0,12.01
1991,205,1097.6,305.6,0.06,0.06,0.09,0,7.48
1991,206,612.7,698.3,0.02,0.01,0.02,0,7.48
1992,205,1101.1,308.5,0.29,0.26,0.39,0,6.31
1992,206,609.7,695.9,-0.19,-0.15,0.24,0,6.31
1994,205,1101.1,308.6,0.29,0.26,0.39,0,9.96
1994,206,609.6,695.9,-0.19,-0.15,0.24,0,9.96
1995,205,1101.1,308.6,0.29,0.26,0.39,0,12.08
1995,206,609.6,695.9,-0.19,-0.15,0.24,0,12.08
1996,205,1101.2,308.6,0.29,0.26,0.39,0,14.42
1996,206,609.6,695.9,-0.19,-0.15,0.24,0,14.42
2027,207,1431.0,660.0,0.00,0.00,0.00,0,12.01
2027,208,707.0,846.0,0.00,0.00,0.00,0,12.01
2029,209,958.0,126.0,0.00,0.00,0.00,0,12.01
2029,210,1418.0,675.0,0.00,0.00,0.00,0,12.01
2030,209,958.3,125.7,0.01,-0.01,0.01,0,7.47
2030,210,1416.0,677.3,-0.05,0.05,0.07,0,7.47
2031,209,953.6,127.6,-0.30,0.11,0.32,0,6.30
2031,210,1412.7,680.3,-0.26,0.25,0.36,0,6.30
2033,209,953.5,127.6,-0.30,0.11,0.32,0,9.99
2033,210,1412.6,680.4,-0.26,0.25,0.36,0,9.99
2034,209,953.5,127.6,-0.30,0.11,0.32,0,12.12
2034,210,1412.6,680.4,-0.26,0.25,0.36,0,12.12
2035,209,953.5,127.6,-0.30,0.11,0.32,0,14.47
2035,210,1412.6,680.4,-0.26,0.25,0.36,0,14.47
2066,211,616.0,498.0,0.00,0.00,0.00,0,12.01
2066,212,1364.0,892.0,0.00,0.00,0.00,0,12.01
2068,213,572.0,468.0,0.00,0.00,0.00,0,12.01
2068,214,590.0,482.0,0.00,0.00,0.00,0,12.01
2069,213,572.7,468.7,0.02,0.02,0.02,0,7.47
2069,214,590.0,482.0,0.00,0.00,0.00,0,14.03
2070,213,568.9,465.1,-0.22,-0.21,0.31,0,6.30
2070,214,590.0,482.0,0.00,0.00,0.00,0,16.08
2072,213,568.8,465.1,-0.22,-0.21,0.31,0,9.94
2072,214,590.0,482.0,0.00,0.00,0.00,0,19.92
2073,213,568.8,465.1,-0.22,-0.21,0.31,0,12.12
2074,213,568.8,465.1,-0.22,-0.21,0.31,0,14.46
2105,215,1222.0,502.0,0.00,0.00,0.00,0,12.01
2105,216,954.0,635.0,0.00,0.00,0.00,0,12.01
2107,217,997.0,625.0,0.00,0.00,0.00,0,12.01
2107,218,983.0,631.0,0.00,0.00,0.00,0,12.01
2108,217,997.0,625.0,0.00,0.00,0.00,0,7.46
2108,218,992.5,626.1,0.18,-0.09,0.21,0,7.46
2109,217,1000.6,622.9,0.16,-0.09,0.19,0,6.29
2111,217,1000.6,622.9,0.16,-0.09,0.19,0,9.90
2112,217,1000.6,622.9,0.16,-0.09,0.19,0,12.06
2113,217,1000.6,622.9,0.16,-0.09,0.19,0,14.39
2144,219,1220.0,229.0,0.00,0.00,0.00,0,12.01
2144,220,1237.0,244.0,0.00,0.00,0.00,0,12.01
2146,221,1208.0,214.0,0.00,0.00,0.00,0,12.01
2146,222,896.0,824.0,0.00,0.00,0.00,0,12.01
2147,221,1208.0,214.0,0.00,0.00,0.00,0,14.03
2147,222,896.3,823.7,0.01,-0.01,0.01,0,7.47
2148,222,895.0,831.7,-0.08,0.50,0.51,0,6.31
2148,221,1208.0,214.0,0.00,0.00,0.00,0,16.08
2150,222,894.9,831.9,-0.08,0.50,0.51,0,9.95
2150,221,1208.0,214.0,0.00,0.00,0.00,0,19.93
2151,222,894.9,831.9,-0.08,0.50,0.51,0,12.12
2152,222,894.9,831.9,-0.08,0.50,0.51,0,14.47
2183,223,1499.0,636.0,0.00,0.00,0.00,0,12.01
2183,224,575.0,826.0,0.00,0.00,0.00,0,12.01
2185,225,909.0,328.0,0.00,0.00,0.00,0,12.01
2185,226,903.0,332.0,0.00,0.00,0.00,0,12.01
2186,225,906.4,328.3,-0.06,0.01,0.06,0,7.47
2186,226,903.0,332.0,0.00,0.00,0.00,0,14.03
2187,225,906.4,328.3,-0.06,0.01,0.06,0,9.52
2189,225,906.4,328.3,-0.06,0.01,0.06,0,13.32
2190,225,906.4,328.3,-0.06,0.01,0.06,0,15.46
2222,227,1116.0,296.0,0.00,0.00,0.00,0,12.01
2222,228,1124.0,304.0,0.00,0.00,0.00,0,12.01
2224,229,1115.0,262.0,0.00,0.00,0.00,0,12.01
2224,230,1111.0,274.0,0.00,0.00,0.00,0,12.01
2225,229,1114.7,262.3,-0.01,0.01,0.01,0,7.47
2225,230,1113.6,266.1,0.06,-0.19,0.20,0,7.47
2226,229,1115.8,259.7,0.06,-0.16,0.18,0,6.31
2228,229,1115.8,259.6,0.06,-0.16,0.18,0,9.99
2229,229,1115.8,259.6,0.06,-0.16,0.18,0,12.13
2230,229,1115.8,259.6,0.06,-0.16,0.18,0,14.48
2261,231,909.0,172.0,0.00,0.00,0.00,0,12.01
2261,232,1285.0,230.0,0.00,0.00,0.00,0,12.01
2263,233,903.0,134.0,0.00,0.00,0.00,0,12.01
2263,234,719.0,313.0,0.00,0.00,0.00,0,12.01
2264,233,903.0,135.0,0.00,0.02,0.02,0,7.47
2264,234,717.7,306.1,-0.03,-0.16,0.16,0,7.47
2265,233,904.5,132.4,0.10,-0.14,0.18,0,6.31
2265,234,717.3,302.2,-0.06,-0.41,0.42,0,6.31
2267,233,904.6,132.4,0.10,-0.14,0.18,0,9.97
2267,234,717.2,302.1,-0.06,-0.41,0.42,0,9.97
2268,233,904.6,132.4,0.10,-0.14,0.18,0,12.12
2268,234,717.2,302.1,-0.06,-0.41,0.42,0,12.12
2269,233,904.6,132.4,0.10,-0.14,0.18,0,14.46
2269,234,717.2,302.1,-0.06,-0.41,0.42,0,14.46
2300,235,1185.0,1129.0,0.00,0.00,0.00,0,12.01
2300,236,1168.0,1145.0,0.00,0.00,0.00,0,12.01
2302,237,408.0,918.0,0.00,0.00,0.00,0,12.01
2302,238,1148.0,1156.0,0.00,0.00,0.00,0,12.01
2303,237,407.7,918.0,-0.01,0.00,0.01,0,7.46
2303,238,1140.8,1159.3,-0.15,0.07,0.17,0,7.46
2304,237,410.6,917.2,0.13,-0.04,0.13,0,6.29
2304,238,1131.9,1162.8,-0.56,0.23,0.61,0,6.29
2306,237,410.6,917.2,0.13,-0.04,0.13,0,9.82
2306,238,1131.7,1162.9,-0.56,0.23,0.61,0,9.82
2307,237,410.6,917.2,0.13,-0.04,0.13,0,12.00
2307,238,1131.7,1162.9,-0.56,0.23,0.61,0,12.00
2308,237,410.6,917.2,0.13,-0.04,0.13,0,14.33
2308,238,1131.7,1162.9,-0.56,0.23,0.61,0,14.33
2339,239,1469.0,693.0,0.00,0.00,0.00,0,12.01
2339,240,743.0,913.0,0.00,0.00,0.00,0,12.01
2341,241,1476.0,685.0,0.00,0.00,0.00,0,12.01
2341,242,741.0,946.0,0.00,0.00,0.00,0,12.01
2342,241,1477.3,685.0,0.03,0.00,0.03,0,7.48
2342,242,738.7,950.3,-0.05,0.10,0.11,0,7.48
2343,241,1478.8,685.3,0.13,0.02,0.13,0,6.31
2343,242,738.7,950.3,-0.05,0.10,0.11,0,9.52
2345,241,1478.8,685.3,0.13,0.02,0.13,0,9.93
2345,242,738.7,950.3,-0.05,0.10,0.11,0,13.26
2346,241,1478.8,685.3,0.13,0.02,0.13,0,12.10
2346,242,738.7,950.3,-0.05,0.10,0.11,0,15.44
2347,241,1478.8,685.3,0.13,0.02,0.13,0,14.44
2378,243,530.0,778.0,0.00,0.00,0.00,0,12.01
2378,244,678.0,932.0,0.00,0.00,0.00,0,12.01
2380,245,712.0,745.0,0.00,0.00,0.00,0,12.01
2380,246,697.0,754.0,0.00,0.00,0.00,0,12.01
2381,245,711.7,745.3,-0.01,0.01,0.01,0,7.47
2381,246,706.2,749.4,0.22,-0.11,0.24,0,7.47
2382,245,714.8,744.2,0.19,-0.06,0.20,0,6.31
2384,245,714.9,744.2,0.19,-0.06,0.20,0,9.95
2385,245,714.9,744.2,0.19,-0.06,0.20,0,12.11
2386,245,714.9,744.2,0.19,-0.06,0.20,0,14.46
2417,247,616.0,626.0,0.00,0.00,0.00,0,12.01
2417,248,618.0,645.0,0.00,0.00,0.00,0,12.01
2419,249,613.0,666.0,0.00,0.00,0.00,0,12.01
2419,250,604.0,686.0,0.00,0.00,0.00,0,12.01
2420,249,610.4,671.9,-0.06,0.14,0.15,0,7.47
2420,250,601.1,690.9,-0.07,0.12,0.14,0,7.47
2421,249,606.4,679.4,-0.32,0.62,0.70,0,6.30
2423,249,606.3,679.6,-0.32,0.62,0.70,0,9.91
2424,249,606.3,679.6,-0.32,0.62,0.70,0,12.12
2425,249,606.3,679.6,-0.32,0.62,0.70,0,14.47
2456,251,1086.0,208.0,0.00,0.00,0.00,0,12.01
2456,252,1095.0,220.0,0.00,0.00,0.00,0,12.01
2458,253,1074.0,187.0,0.00,0.00,0.00,0,12.01
2458,254,1080.0,198.0,0.00,0.00,0.00,0,12.01
2459,253,1074.0,187.3,0.00,0.01,0.01,0,7.47
2459,254,1076.7,191.1,-0.07,-0.14,0.16,0,7.47
2460,253,1073.2,185.2,-0.04,-0.09,0.10,0,6.29
2462,253,1073.2,185.2,-0.04,-0.09,0.10,0,9.73
2463,253,1073.2,185.2,-0.04,-0.09,0.10,0,11.97
2464,253,1073.2,185.2,-0.04,-0.09,0.10,0,14.31
2495,255,1105.0,209.0,0.00,0.00,0.00,0,12.01
2495,256,711.0,515.0,0.00,0.00,0.00,0,12.01
2497,257,1099.0,204.0,0.00,0.00,0.00,0,12.01
2497,258,1220.0,691.0,0.00,0.00,0.00,0,12.01
2498,257,1097.7,203.3,-0.03,-0.02,0.04,0,7.47
2498,258,1219.7,690.3,-0.01,-0.02,0.02,0,7.47
2499,257,1095.7,202.2,-0.16,-0.09,0.18,0,6.31
2499,258,1219.7,690.3,-0.01,-0.02,0.02,0,9.51
2501,257,1095.7,202.2,-0.16,-0.09,0.18,0,9.94
2501,258,1219.7,690.3,-0.01,-0.02,0.02,0,13.27
2502,257,1095.7,202.2,-0.16,-0.09,0.18,0,12.13
2502,258,1219.7,690.3,-0.01,-0.02,0.02,0,15.46
2503,257,1095.7,202.2,-0.16,-0.09,0.18,0,14.47
2534,259,1458.0,587.0,0.00,0.00,0.00,0,12.01
2534,260,1445.0,716.0,0.00,0.00,0.00,0,12.01
2536,261,661.0,326.0,0.00,0.00,0.00,0,12.01
2536,262,1433.0,621.0,0.00,0.00,0.00,0,12.01
2537,261,661.0,326.0,0.00,0.00,0.00,0,14.03
2537,262,1429.7,624.3,-0.07,0.07,0.11,0,7.47
2538,262,1425.4,628.6,-0.33,0.33,0.47,0,6.31
2538,261,661.0,326.0,0.00,0.00,0.00,0,16.08
2540,262,1425.3,628.7,-0.33,0.33,0.47,0,10.00
2540,261,661.0,326.0,0.00,0.00,0.00,0,19.97
2541,262,1425.3,628.7,-0.33,0.33,0.47,0,12.12
2542,262,1425.3,628.7,-0.33,0.33,0.47,0,14.47
2573,263,1029.0,806.0,0.00,0.00,0.00,0,12.01
2573,264,1029.0,826.0,0.00,0.00,0.00,0,12.01
2575,265,1172.0,950.0,0.00,0.00,0.00,0,12.01
2575,266,1109.0,1126.0,0.00,0.00,0.00,0,12.01
2576,265,1169.7,952.9,-0.06,0.07,0.09,0,7.47
2576,266,1109.0,1126.0,0.00,0.00,0.00,0,14.04
2577,265,1169.0,954.2,-0.10,0.16,0.18,0,6.30
2577,266,1109.0,1126.0,0.00,0.00,0.00,0,16.08
2579,265,1169.0,954.3,-0.10,0.16,0.18,0,9.94
2579,266,1109.0,1126.0,0.00,0.00,0.00,0,19.92
2580,265,1169.0,954.3,-0.10,0.16,0.18,0,12.09
2581,265,1169.0,954.3,-0.10,0.16,0.18,0,14.44
2612,267,706.0,241.0,0.00,0.00,0.00,0,12.01
2612,268,692.0,252.0,0.00,0.00,0.00,0,12.01
2614,269,715.0,227.0,0.00,0.00,0.00,0,12.01
2614,270,712.0,236.0,0.00,0.00,0.00,0,12.01
2615,269,714.7,226.3,-0.01,-0.01,0.02,0,7.46
2615,270,712.0,236.0,0.00,0.00,0.00,0,14.02
2616,269,713.7,224.7,-0.05,-0.09,0.10,0,6.29
2618,269,713.7,224.7,-0.05,-0.09,0.10,0,9.77
2619,269,713.7,224.7,-0.05,-0.09,0.10,0,11.98
2620,269,713.7,224.7,-0.05,-0.09,0.10,0,14.31
2651,271,1390.0,863.0,0.00,0.00,0.00,0,12.01
2651,272,1367.0,874.0,0.00,0.00,0.00,0,12.01
2654,273,1253.0,919.0,0.00,0.00,0.00,0,12.01
2656,275,1171.0,948.0,0.00,0.00,0.00,0,12.00
2656,276,1146.0,950.0,0.00,0.00,0.00,0,12.00
2657,275,1163.1,949.0,-0.12,0.02,0.12,0,7.47
2657,276,1139.5,950.0,-0.10,0.00,0.10,0,7.47
2658,275,1153.8,949.2,-0.67,0.03,0.67,0,6.30
2658,276,1130.6,949.5,-0.62,-0.03,0.62,0,6.30
2660,275,1153.7,949.3,-0.67,0.03,0.67,0,9.94
2660,276,1130.4,949.5,-0.62,-0.03,0.62,0,9.94
2661,275,1153.7,949.3,-0.67,0.03,0.67,0,12.09
2661,276,1130.4,949.5,-0.62,-0.03,0.62,0,12.09
2662,275,1153.6,949.3,-0.67,0.03,0.67,0,14.43
2662,276,1130.4,949.5,-0.62,-0.03,0.62,0,14.43
2693,277,633.0,535.0,0.00,0.00,0.00,0,12.01
2693,278,623.0,541.0,0.00,0.00,0.00,0,12.01
2695,279,561.0,615.0,0.00,0.00,0.00,0,12.01
2695,280,536.0,619.0,0.00,0.00,0.00,0,12.01
2696,279,561.3,615.0,0.01,0.00,0.01,0,7.47
2696,280,548.8,617.4,0.28,-0.04,0.28,0,7.47
2697,279,564.3,614.7,0.19,-0.02,0.20,0,6.31
2699,279,564.4,614.7,0.19,-0.02,0.20,0,9.97
2700,279,564.4,614.7,0.19,-0.02,0.20,0,12.12
2701,279,564.4,614.7,0.19,-0.02,0.20,0,14.46
2732,281,810.0,300.0,0.00,0.00,0.00,0,12.01
2732,282,986.0,595.0,0.00,0.00,0.00,0,12.01
2734,283,1008.0,600.0,0.00,0.00,0.00,0,12.01
2734,284,1020.0,604.0,0.00,0.00,0.00,0,12.01
2735,283,1012.9,601.6,0.12,0.04,0.13,0,7.47
2735,284,1020.0,604.0,0.00,0.00,0.00,0,14.04
2736,283,1017.8,603.5,0.43,0.16,0.46,0,6.30
2738,283,1017.9,603.6,0.43,0.16,0.46,0,9.95
2739,283,1018.0,603.6,0.43,0.16,0.46,0,12.10
2740,283,1018.0,603.6,0.43,0.16,0.46,0,14.44
2771,285,1234.0,860.0,0.00,0.00,0.00,0,12.01
2771,286,1310.0,902.0,0.00,0.00,0.00,0,12.01
2773,287,1216.0,864.0,0.00,0.00,0.00,0,12.01
2773,288,1304.0,891.0,0.00,0.00,0.00,0,12.01
2774,287,1213.4,865.3,-0.06,0.03,0.07,0,7.47
2774,288,1304.0,891.0,0.00,0.00,0.00,0,14.03
2775,287,1210.2,867.3,-0.27,0.16,0.31,0,6.31
2775,288,1304.0,891.0,0.00,0.00,0.00,0,16.08
2777,287,1210.1,867.3,-0.27,0.16,0.31,0,9.94
2777,288,1304.0,891.0,0.00,0.00,0.00,0,19.93
2778,287,1210.1,867.3,-0.27,0.16,0.31,0,12.12
2779,287,1210.1,867.3,-0.27,0.16,0.31,0,14.46
2810,289,1243.0,320.0,0.00,0.00,0.00,0,12.01
2810,290,1210.0,330.0,0.00,0.00,0.00,0,12.01
2812,291,964.0,299.0,0.00,0.00,0.00,0,12.01
2812,292,979.0,304.0,0.00,0.00,0.00,0,12.01
2813,291,962.7,298.7,-0.03,-0.01,0.03,0,7.47
2813,292,979.0,304.0,0.00,0.00,0.00,0,14.03
2814,291,960.5,298.2,-0.17,-0.03,0.18,0,6.31
2816,291,960.4,298.2,-0.17,-0.03,0.18,0,9.96
2817,291,960.4,298.2,-0.17,-0.03,0.18,0,12.11
2818,291,960.4,298.2,-0.17,-0.03,0.18,0,14.45
2849,293,1318.0,988.0,0.00,0.00,0.00,0,12.01
2849,294,699.0,1061.0,0.00,0.00,0.00,0,12.01
2851,295,629.0,897.0,0.00,0.00,0.00,0,12.01
2851,296,1332.0,989.0,0.00,0.00,0.00,0,12.01
2852,295,629.0,897.0,0.00,0.00,0.00,0,14.04
2852,296,1334.0,989.7,0.04,0.01,0.05,0,7.48
2853,296,1338.1,992.3,0.32,0.19,0.37,0,6.31
2853,295,629.0,897.0,0.00,0.00,0.00,0,16.09
2855,296,1338.2,992.4,0.32,0.19,0.37,0,9.98
2855,295,629.0,897.0,0.00,0.00,0.00,0,19.96
2856,296,1338.2,992.4,0.32,0.19,0.37,0,12.13
2857,296,1338.2,992.4,0.32,0.19,0.37,0,14.48
2888,297,1393.0,664.0,0.00,0.00,0.00,0,12.01
2888,298,1169.0,1020.0,0.00,0.00,0.00,0,12.01
2890,299,1268.0,761.0,0.00,0.00,0.00,0,12.01
2890,300,1228.0,1014.0,0.00,0.00,0.00,0,12.01
2891,299,1267.7,761.3,-0.01,0.01,0.01,0,7.46
2891,300,1228.3,1013.7,0.01,-0.01,0.01,0,7.46
2892,299,1269.3,770.5,0.07,0.43,0.43,0,6.28
2892,300,1234.1,1013.2,0.27,-0.03,0.28,0,6.28
2894,299,1269.3,770.6,0.07,0.43,0.43,0,9.70
2894,300,1234.2,1013.2,0.27,-0.03,0.28,0,9.70
2895,299,1269.3,770.6,0.07,0.43,0.43,0,11.96
2895,300,1234.2,1013.2,0.27,-0.03,0.28,0,11.96
2896,299,1269.3,770.6,0.07,0.43,0.43,0,14.29
2896,300,1234.2,1013.2,0.27,-0.03,0.28,0,14.29
2927,301,981.0,522.0,0.00,0.00,0.00,0,12.01
2927,302,990.0,524.0,0.00,0.00,0.00,0,12.01
2929,303,943.0,519.0,0.00,0.00,0.00,0,12.01
2929,304,963.0,519.0,0.00,0.00,0.00,0,12.01
2930,303,943.7,519.0,0.02,0.00,0.02,0,7.47
2930,304,963.0,519.0,0.00,0.00,0.00,0,14.03
2931,303,943.7,519.0,0.02,0.00,0.02,0,9.51
2933,303,943.7,519.0,0.02,0.00,0.02,0,13.28
2934,303,943.7,519.0,0.02,0.00,0.02,0,15.45
2966,305,846.0,797.0,0.00,0.00,0.00,0,12.01
2966,306,1322.0,1048.0,0.00,0.00,0.00,0,12.01
2968,307,1384.0,996.0,0.00,0.00,0.00,0,12.01
2968,308,1361.0,1015.0,0.00,0.00,0.00,0,12.01
2969,307,1383.3,996.3,-0.02,0.01,0.02,0,7.47
2969,308,1361.0,1015.0,0.00,0.00,0.00,0,14.03
2970,307,1387.9,991.9,0.27,-0.27,0.38,0,6.30
2970,308,1361.0,1015.0,0.00,0.00,0.00,0,16.08
2972,307,1388.0,991.8,0.27,-0.27,0.38,0,9.96
2972,308,1361.0,1015.0,0.00,0.00,0.00,0,19.93
2973,307,1388.0,991.8,0.27,-0.27,0.38,0,12.10
2974,307,1388.0,991.8,0.27,-0.27,0.38,0,14.45
3012,309,732.0,1176.0,0.00,0.00,0.00,0,12.01
3013,309,732.0,1176.0,0.00,0.00,0.00,0,14.04
3014,309,732.0,1176.0,0.00,0.00,0.00,0,16.09
3014,310,969.0,766.0,0.00,0.00,0.00,0,12.01
3016,309,732.0,1176.0,0.00,0.00,0.00,0,19.98
3016,310,969.0,766.0,0.00,0.00,0.00,0,15.13
3017,310,969.0,766.0,0.00,0.00,0.00,0,17.24
3018,310,969.0,766.0,0.00,0.00,0.00,0,19.49
3049,311,720.0,209.0,0.00,0.00,0.00,0,12.01
3049,312,710.0,224.0,0.00,0.00,0.00,0,12.01
3050,311,719.7,209.7,-0.01,0.02,0.02,0,7.48
3050,312,714.3,215.5,0.11,-0.21,0.24,0,7.48
3051,311,720.5,206.4,0.05,-0.21,0.22,0,6.30
3053,311,720.5,206.3,0.05,-0.21,0.22,0,10.00
3054,311,720.5,206.3,0.05,-0.21,0.22,0,12.11
3055,311,720.5,206.3,0.05,-0.21,0.22,0,14.51
3086,313,1387.0,1201.0,0.00,0.00,0.00,0,12.01
3087,313,1387.0,1201.0,0.00,0.00,0.00,0,14.04
3088,313,1387.0,1201.0,0.00,0.00,0.00,0,16.09
3090,313,1387.0,1201.0,0.00,0.00,0.00,0,20.03
3124,316,1516.0,714.0,0.00,0.00,0.00,0,12.01
3124,317,1074.0,1049.0,0.00,0.00,0.00,0,12.01
3125,316,1516.3,714.3,0.01,0.01,0.01,0,7.47
3125,317,1074.0,1049.0,0.00,0.00,0.00,0,14.04
3126,316,1511.6,714.8,-0.29,0.04,0.30,0,6.31
3126,317,1074.0,1045.5,0.00,-0.17,0.17,0,7.87
3128,316,1511.5,714.8,-0.29,0.04,0.30,0,9.94
3128,317,1074.0,1045.4,0.00,-0.17,0.17,0,11.50
3129,316,1511.5,714.8,-0.29,0.04,0.30,0,12.11
3129,317,1074.0,1045.4,0.00,-0.17,0.17,0,13.68
3130,316,1511.5,714.8,-0.29,0.04,0.30,0,14.46
3130,317,1074.0,1045.4,0.00,-0.17,0.17,0,16.02
3161,318,636.0,275.0,0.00,0.00,0.00,0,12.01
3161,319,621.0,278.0,0.00,0.00,0.00,0,12.01
3163,320,611.0,282.0,0.00,0.00,0.00,0,12.01
3163,321,602.0,290.0,0.00,0.00,0.00,0,12.01
3164,320,606.7,286.3,-0.10,0.10,0.14,0,7.47
3164,321,602.0,290.0,0.00,0.00,0.00,0,14.03
3165,320,604.0,289.0,-0.27,0.27,0.38,0,6.31
3167,320,603.9,289.1,-0.27,0.27,0.38,0,9.99
3168,320,603.9,289.1,-0.27,0.27,0.38,0,12.12
3169,320,603.9,289.1,-0.27,0.27,0.38,0,14.47
3200,322,920.0,1358.0,0.00,0.00,0.00,0,12.01
3200,323,908.0,1359.0,0.00,0.00,0.00,0,12.01
3203,324,1149.0,169.0,0.00,0.00,0.00,0,12.01
3204,324,1151.3,171.0,0.06,0.05,0.07,0,7.48
3205,324,1152.8,172.8,0.15,0.17,0.23,0,6.31
3207,324,1152.8,172.8,0.15,0.17,0.23,0,9.96
3208,324,1152.8,172.8,0.15,0.17,0.23,0,12.12
3209,324,1152.8,172.8,0.15,0.17,0.23,0,14.47
3241,327,836.0,362.0,0.00,0.00,0.00,0,12.01
3241,328,1422.0,784.0,0.00,0.00,0.00,0,12.01
3242,327,834.7,364.0,-0.04,0.05,0.06,0,7.47
3242,328,1422.3,783.7,0.01,-0.01,0.01,0,7.47
3243,327,833.5,365.5,-0.11,0.15,0.19,0,6.31
3243,328,1416.8,780.9,-0.35,-0.19,0.40,0,6.31
3245,327,833.5,365.6,-0.11,0.15,0.19,0,9.96
3245,328,1416.7,780.9,-0.35,-0.19,0.40,0,9.96
3246,327,833.4,365.6,-0.11,0.15,0.19,0,12.12
3246,328,1416.7,780.9,-0.35,-0.19,0.40,0,12.12
3247,327,833.4,365.6,-0.11,0.15,0.19,0,14.51
3247,328,1416.7,780.9,-0.35,-0.19,0.40,0,14.51
3278,329,399.0,725.0,0.00,0.00,0.00,0,12.01
3278,330,394.0,738.0,0.00,0.00,0.00,0,12.01
3280,331,404.0,714.0,0.00,0.00,0.00,0,12.01
3280,332,977.0,798.0,0.00,0.00,0.00,0,12.01
3281,331,406.9,708.1,0.06,-0.12,0.14,0,7.47
3281,332,976.0,799.6,-0.02,0.03,0.04,0,7.47
3282,332,975.0,800.8,-0.08,0.09,0.12,0,6.30
3282,331,406.9,708.1,0.06,-0.12,0.14,0,9.50
3284,332,975.0,800.8,-0.08,0.09,0.12,0,9.94
3284,331,407.0,708.1,0.06,-0.12,0.14,0,13.24
3285,332,975.0,800.8,-0.08,0.09,0.12,0,12.09
3285,331,407.0,708.1,0.06,-0.12,0.14,0,15.39
3286,332,975.0,800.8,-0.08,0.09,0.12,0,14.42
3317,333,929.0,1367.0,0.00,0.00,0.00,0,12.01
3319,335,909.0,1333.0,0.00,0.00,0.00,0,12.01
3319,336,918.0,1349.0,0.00,0.00,0.00,0,12.01
3320,335,908.7,1332.3,-0.01,-0.01,0.01,0,7.46
3320,336,912.4,1338.5,-0.11,-0.21,0.24,0,7.46
3321,335,908.7,1332.3,-0.01,-0.01,0.01,0,9.49
3323,335,908.7,1332.3,-0.01,-0.01,0.01,0,13.12
3324,335,908.7,1332.3,-0.01,-0.01,0.01,0,15.29
3356,337,1366.0,870.0,0.00,0.00,0.00,0,12.01
3356,338,1390.0,888.0,0.00,0.00,0.00,0,12.01
3358,339,1325.0,840.0,0.00,0.00,0.00,0,12.01
3358,340,1349.0,857.0,0.00,0.00,0.00,0,12.01
3359,339,1326.6,841.0,0.04,0.02,0.05,0,7.47
3359,340,1349.0,857.0,0.00,0.00,0.00,0,14.04
3360,339,1322.6,838.4,-0.22,-0.14,0.26,0,6.31
3360,340,1349.0,857.0,0.00,0.00,0.00,0,16.09
3362,339,1322.6,838.4,-0.22,-0.14,0.26,0,9.98
3362,340,1349.0,857.0,0.00,0.00,0.00,0,19.96
3363,339,1322.6,838.4,-0.22,-0.14,0.26,0,12.12
3364,339,1322.5,838.4,-0.22,-0.14,0.26,0,14.47
3395,341,1237.0,921.0,0.00,0.00,0.00,0,12.01
3395,342,1006.0,964.0,0.00,0.00,0.00,0,12.01
3397,343,1214.0,902.0,0.00,0.00,0.00,0,12.01
3397,344,1224.0,909.0,0.00,0.00,0.00,0,12.01
3398,343,1213.7,901.7,-0.01,-0.01,0.01,0,7.46
3398,344,1224.0,909.0,0.00,0.00,0.00,0,14.02
3399,343,1213.7,901.7,-0.01,-0.01,0.01,0,9.48
3401,343,1213.7,901.7,-0.01,-0.01,0.01,0,13.03
3402,343,1213.7,901.7,-0.01,-0.01,0.01,0,15.27
3434,345,1564.0,923.0,0.00,0.00,0.00,0,12.01
3434,346,1049.0,1104.0,0.00,0.00,0.00,0,12.01
3436,347,1555.0,924.0,0.00,0.00,0.00,0,12.01
3436,348,995.0,1085.0,0.00,0.00,0.00,0,12.01
3437,347,1553.7,924.3,-0.03,0.01,0.03,0,7.47
3437,348,998.3,1086.3,0.08,0.03,0.08,0,7.47
3438,347,1552.2,924.8,-0.12,0.03,0.13,0,6.31
3438,348,998.3,1086.3,0.08,0.03,0.08,0,9.51
3440,347,1552.2,924.8,-0.12,0.03,0.13,0,9.95
3440,348,998.3,1086.3,0.08,0.03,0.08,0,13.28
3441,347,1552.2,924.8,-0.12,0.03,0.13,0,12.12
3441,348,998.3,1086.3,0.08,0.03,0.08,0,15.45
3442,347,1552.2,924.8,-0.12,0.03,0.13,0,14.47
3473,349,391.0,482.0,0.00,0.00,0.00,0,12.01
3473,350,1313.0,536.0,0.00,0.00,0.00,0,12.01
3475,351,1295.0,307.0,0.00,0.00,0.00,0,12.01
3475,352,1302.0,513.0,0.00,0.00,0.00,0,12.01
3476,351,1295.0,307.0,0.00,0.00,0.00,0,14.02
3476,352,1299.4,509.1,-0.05,-0.08,0.09,0,7.46
3477,352,1299.4,509.1,-0.05,-0.08,0.09,0,9.49
3477,351,1295.0,307.0,0.00,0.00,0.00,0,16.05
3479,352,1299.4,509.0,-0.05,-0.08,0.09,0,13.14
3479,351,1295.0,307.0,0.00,0.00,0.00,0,19.77
3480,352,1299.4,509.0,-0.05,-0.08,0.09,0,15.30
3512,353,1401.0,766.0,0.00,0.00,0.00,0,12.01
3512,354,1196.0,960.0,0.00,0.00,0.00,0,12.01
3514,355,1196.0,956.0,0.00,0.00,0.00,0,12.01
3514,356,880.0,1047.0,0.00,0.00,0.00,0,12.01
3515,355,1195.3,954.0,-0.01,-0.04,0.04,0,7.47
3515,356,880.0,1047.7,0.00,0.01,0.01,0,7.47
3516,355,1195.8,950.9,0.01,-0.23,0.23,0,6.33
3516,356,880.8,1045.9,0.05,-0.09,0.10,0,6.33
3518,355,1195.8,950.9,0.01,-0.23,0.23,0,10.16
3518,356,880.8,1045.9,0.05,-0.09,0.10,0,10.16
3519,355,1195.8,950.9,0.01,-0.23,0.23,0,12.42
3519,356,880.8,1045.9,0.05,-0.09,0.10,0,12.42
3520,355,1195.8,950.9,0.01,-0.23,0.23,0,14.79
3520,356,880.8,1045.9,0.05,-0.09,0.10,0,14.79
3551,357,1082.0,803.0,0.00,0.00,0.00,0,12.01
3551,358,1076.0,823.0,0.00,0.00,0.00,0,12.01
3553,359,1068.0,849.0,0.00,0.00,0.00,0,12.01
3553,360,1059.0,870.0,0.00,0.00,0.00,0,12.01
3554,359,1065.4,855.2,-0.06,0.15,0.16,0,7.47
3554,360,1055.4,875.9,-0.09,0.14,0.17,0,7.47
3555,359,1061.2,863.4,-0.33,0.66,0.73,0,6.30
3555,360,1050.7,882.9,-0.38,0.58,0.69,0,6.30
3557,359,1061.1,863.6,-0.33,0.66,0.73,0,9.91
3557,360,1050.6,883.0,-0.38,0.58,0.69,0,9.91
3558,359,1061.1,863.6,-0.33,0.66,0.73,0,12.12
3558,360,1050.6,883.0,-0.38,0.58,0.69,0,12.12
3559,359,1061.1,863.6,-0.33,0.66,0.73,0,14.46
3559,360,1050.5,883.1,-0.38,0.58,0.69,0,14.46
3590,361,1038.0,727.0,0.00,0.00,0.00,0,12.01
3590,362,657.0,765.0,0.00,0.00,0.00,0,12.01
3592,363,1459.0,581.0,0.00,0.00,0.00,0,12.01
3592,364,875.0,617.0,0.00,0.00,0.00,0,12.01
3593,363,1457.7,580.3,-0.03,-0.01,0.03,0,7.46
3593,364,874.7,617.0,-0.01,0.00,0.01,0,7.46
3594,363,1456.2,579.2,-0.09,-0.06,0.11,0,6.30
3594,364,870.9,617.5,-0.18,0.02,0.18,0,6.30
3596,363,1456.2,579.2,-0.09,-0.06,0.11,0,9.90
3596,364,870.9,617.5,-0.18,0.02,0.18,0,9.90
3597,363,1456.2,579.2,-0.09,-0.06,0.11,0,12.04
3597,364,870.9,617.5,-0.18,0.02,0.18,0,12.04
3598,363,1456.2,579.2,-0.09,-0.06,0.11,0,14.37
3598,364,870.8,617.5,-0.18,0.02,0.18,0,14.37
3629,365,975.0,382.0,0.00,0.00,0.00,0,12.01
3629,366,956.0,389.0,0.00,0.00,0.00,0,12.01
3631,367,1243.0,434.0,0.00,0.00,0.00,0,12.01
3631,368,1282.0,660.0,0.00,0.00,0.00,0,12.01
3632,367,1243.0,434.0,0.00,0.00,0.00,0,14.02
3632,368,1284.0,660.3,0.04,0.01,0.04,0,7.46
3633,368,1277.3,660.0,-0.25,-0.01,0.25,0,6.29
3633,367,1243.0,434.0,0.00,0.00,0.00,0,16.04
3635,368,1277.2,660.0,-0.25,-0.01,0.25,0,9.74
3635,367,1243.0,434.0,0.00,0.00,0.00,0,19.65
3636,368,1277.2,660.0,-0.25,-0.01,0.25,0,11.95
3637,368,1277.2,660.0,-0.25,-0.01,0.25,0,14.27
3668,369,694.0,417.0,0.00,0.00,0.00,0,12.01
3668,370,679.0,430.0,0.00,0.00,0.00,0,12.01
3670,371,961.0,291.0,0.00,0.00,0.00,0,12.01
3670,372,506.0,321.0,0.00,0.00,0.00,0,12.01
3671,371,960.7,291.0,-0.01,0.00,0.01,0,7.47
3671,372,502.1,325.9,-0.09,0.11,0.14,0,7.47
3672,371,966.4,290.7,0.35,-0.02,0.35,0,6.30
3672,372,502.1,325.9,-0.09,0.11,0.14,0,9.51
3674,371,966.5,290.7,0.35,-0.02,0.35,0,9.95
3674,372,502.0,325.9,-0.09,0.11,0.14,0,13.27
3675,371,966.5,290.7,0.35,-0.02,0.35,0,12.11
3675,372,502.0,325.9,-0.09,0.11,0.14,0,15.44
3676,371,966.5,290.7,0.35,-0.02,0.35,0,14.45
3707,373,618.0,481.0,0.00,0.00,0.00,0,12.01
3707,374,559.0,503.0,0.00,0.00,0.00,0,12.01
3709,375,1236.0,288.0,0.00,0.00,0.00,0,12.01
3709,376,1219.0,288.0,0.00,0.00,0.00,0,12.01
3710,375,1236.0,288.0,0.00,0.00,0.00,0,14.03
3710,376,1219.0,288.0,0.00,0.00,0.00,0,14.03
3711,375,1236.0,288.0,0.00,0.00,0.00,0,16.08
3713,375,1236.0,288.0,0.00,0.00,0.00,0,19.92
3746,377,1077.0,861.0,0.00,0.00,0.00,0,12.01
3746,378,1532.0,868.0,0.00,0.00,0.00,0,12.01
3748,379,1324.0,678.0,0.00,0.00,0.00,0,12.01
3748,380,1108.0,851.0,0.00,0.00,0.00,0,12.01
3749,379,1324.3,678.3,0.01,0.01,0.01,0,7.47
3749,380,1107.0,851.3,-0.02,0.01,0.02,0,7.47
3750,379,1323.2,675.7,-0.06,-0.16,0.17,0,6.31
3750,380,1107.0,851.3,-0.02,0.01,0.02,0,9.51
3752,379,1323.2,675.6,-0.06,-0.16,0.17,0,9.96
3752,380,1107.0,851.3,-0.02,0.01,0.02,0,13.29
3753,379,1323.2,675.6,-0.06,-0.16,0.17,0,12.12
3753,380,1107.0,851.3,-0.02,0.01,0.02,0,15.45
3754,379,1323.2,675.6,-0.06,-0.16,0.17,0,14.46
3785,381,948.0,159.0,0.00,0.00,0.00,0,12.01
3785,382,936.0,163.0,0.00,0.00,0.00,0,12.01
3787,383,913.0,291.0,0.00,0.00,0.00,0,12.01
3787,384,920.0,300.0,0.00,0.00,0.00,0,12.01
3788,383,913.3,291.3,0.01,0.01,0.01,0,7.47
3788,384,916.1,294.4,-0.10,-0.14,0.17,0,7.47
3789,383,912.0,289.2,-0.08,-0.13,0.15,0,6.30
3791,383,911.9,289.2,-0.08,-0.13,0.15,0,9.96
3792,383,911.9,289.1,-0.08,-0.13,0.15,0,12.11
3793,383,911.9,289.1,-0.08,-0.13,0.15,0,14.45
3824,385,1280.0,421.0,0.00,0.00,0.00,0,12.01
3824,386,1290.0,431.0,0.00,0.00,0.00,0,12.01
3826,387,707.0,167.0,0.00,0.00,0.00,0,12.01
3826,388,1298.0,440.0,0.00,0.00,0.00,0,12.01
3827,387,708.6,165.7,0.04,-0.03,0.05,0,7.47
3827,388,1300.6,442.9,0.06,0.07,0.09,0,7.47
3828,387,708.6,165.7,0.04,-0.03,0.05,0,9.51
3828,388,1300.6,443.0,0.06,0.07,0.09,0,9.51
3830,387,708.6,165.7,0.04,-0.03,0.05,0,13.28
3830,388,1300.6,443.0,0.06,0.07,0.09,0,13.28
3831,387,708.7,165.7,0.04,-0.03,0.05,0,15.46
3831,388,1300.6,443.0,0.06,0.07,0.09,0,15.46
3863,389,1335.0,308.0,0.00,0.00,0.00,0,12.01
3863,390,1338.0,316.0,0.00,0.00,0.00,0,12.01
3865,391,1103.0,355.0,0.00,0.00,0.00,0,12.01
3865,392,636.0,776.0,0.00,0.00,0.00,0,12.01
3866,391,1101.4,357.0,-0.04,0.05,0.06,0,7.47
3866,392,635.0,775.0,-0.02,-0.02,0.03,0,7.47
3867,391,1099.2,359.8,-0.18,0.23,0.29,0,6.31
3867,392,634.5,773.7,-0.06,-0.11,0.12,0,6.31
3869,391,1099.2,359.9,-0.18,0.23,0.29,0,9.98
3869,392,634.5,773.7,-0.06,-0.11,0.12,0,9.98
3870,391,1099.2,359.9,-0.18,0.23,0.29,0,12.12
3870,392,634.5,773.7,-0.06,-0.11,0.12,0,12.12
3871,391,1099.2,359.9,-0.18,0.23,0.29,0,14.47
3871,392,634.5,773.7,-0.06,-0.11,0.12,0,14.47
3902,393,1481.0,637.0,0.00,0.00,0.00,0,12.01
3902,394,1473.0,650.0,0.00,0.00,0.00,0,12.01
3904,395,1385.0,446.0,0.00,0.00,0.00,0,12.00
3904,396,1382.0,457.0,0.00,0.00,0.00,0,12.00
3905,395,1385.0,446.0,0.00,0.00,0.00,0,7.47
3905,396,1384.0,449.5,0.03,-0.10,0.10,0,7.47
3906,395,1385.8,443.2,0.04,-0.16,0.17,0,6.30
3908,395,1385.8,443.1,0.04,-0.16,0.17,0,9.96
3909,395,1385.8,443.1,0.04,-0.16,0.17,0,12.10
3910,395,1385.8,443.1,0.04,-0.16,0.17,0,14.45
3941,397,1358.0,500.0,0.00,0.00,0.00,0,12.01
3941,398,1380.0,509.0,0.00,0.00,0.00,0,12.01
3943,399,1338.0,492.0,0.00,0.00,0.00,0,12.01
3943,400,1034.0,1022.0,0.00,0.00,0.00,0,12.01
3944,399,1338.0,492.0,0.00,0.00,0.00,0,14.03
3944,400,1033.0,1024.9,-0.02,0.07,0.07,0,7.47
3945,400,1034.8,1019.8,0.09,-0.26,0.28,0,6.31
3945,399,1338.0,492.0,0.00,0.00,0.00,0,16.08
3947,400,1034.8,1019.7,0.09,-0.26,0.28,0,9.99
3947,399,1338.0,492.0,0.00,0.00,0.00,0,19.98
3948,400,1034.8,1019.7,0.09,-0.26,0.28,0,12.12
3949,400,1034.8,1019.7,0.09,-0.26,0.28,0,14.46
3980,401,1181.0,600.0,0.00,0.00,0.00,0,12.01
3980,402,1212.0,605.0,0.00,0.00,0.00,0,12.01
3982,403,1249.0,614.0,0.00,0.00,0.00,0,12.01
3982,404,1410.0,617.0,0.00,0.00,0.00,0,12.01
3983,403,1251.9,617.9,0.06,0.08,0.10,0,7.47
3983,404,1410.7,618.0,0.01,0.02,0.03,0,7.47
3984,403,1252.7,624.1,0.11,0.43,0.44,0,6.30
3984,404,1411.0,619.8,0.03,0.12,0.13,0,6.30
3986,403,1252.8,624.2,0.11,0.43,0.44,0,9.94
3986,404,1411.0,619.8,0.03,0.12,0.13,0,9.94
3987,403,1252.8,624.2,0.11,0.43,0.44,0,12.09
3987,404,1411.0,619.8,0.03,0.12,0.13,0,12.09
3988,403,1252.8,624.3,0.11,0.43,0.44,0,14.43
3988,404,1411.0,619.8,0.03,0.12,0.13,0,14.43
4019,405,502.0,570.0,0.00,0.00,0.00,0,12.01
4019,406,513.0,589.0,0.00,0.00,0.00,0,12.01
4021,407,495.0,542.0,0.00,0.00,0.00,0,12.01
4021,408,503.0,578.0,0.00,0.00,0.00,0,12.01
4022,407,495.0,542.0,0.00,0.00,0.00,0,7.47
4022,408,503.0,578.0,0.00,0.00,0.00,0,7.47
4023,407,496.8,534.0,0.11,-0.50,0.51,0,6.31
4023,408,503.0,578.0,0.00,0.00,0.00,0,9.51
4025,407,496.8,533.9,0.11,-0.50,0.51,0,9.97
4025,408,503.0,578.0,0.00,0.00,0.00,0,13.30
4026,407,496.8,533.9,0.11,-0.50,0.51,0,12.12
4026,408,503.0,578.0,0.00,0.00,0.00,0,15.45
4027,407,496.8,533.9,0.11,-0.50,0.51,0,14.46
4058,409,1081.0,318.0,0.00,0.00,0.00,0,12.01
4058,410,1100.0,330.0,0.00,0.00,0.00,0,12.01
4060,411,1057.0,308.0,0.00,0.00,0.00,0,12.01
4060,412,631.0,783.0,0.00,0.00,0.00,0,12.01
4061,411,1049.8,306.0,-0.17,-0.05,0.18,0,7.47
4061,412,630.7,786.9,-0.01,0.09,0.09,0,7.47
4062,412,631.0,791.8,0.01,0.42,0.42,0,6.30
4062,411,1049.8,306.0,-0.17,-0.05,0.18,0,9.51
4064,412,631.0,792.0,0.01,0.42,0.42,0,9.94
4064,411,1049.7,306.0,-0.17,-0.05,0.18,0,13.27
4065,412,631.0,792.0,0.01,0.42,0.42,0,12.13
4065,411,1049.7,306.0,-0.17,-0.05,0.18,0,15.46
4066,412,631.0,792.0,0.01,0.42,0.42,0,14.47
4097,413,1257.0,448.0,0.00,0.00,0.00,0,12.01
4097,414,1231.0,460.0,0.00,0.00,0.00,0,12.01
4099,415,1210.0,468.0,0.00,0.00,0.00,0,12.01
4099,416,1167.0,484.0,0.00,0.00,0.00,0,12.01
4100,415,1210.0,468.0,0.00,0.00,0.00,0,14.03
4100,416,1166.7,484.3,-0.01,0.01,0.01,0,7.47
4101,416,1166.7,484.3,-0.01,0.01,0.01,0,9.51
4101,415,1210.0,468.0,0.00,0.00,0.00,0,16.08
4103,416,1166.7,484.3,-0.01,0.01,0.01,0,13.28
4103,415,1210.0,468.0,0.00,0.00,0.00,0,19.94
4104,416,1166.7,484.3,-0.01,0.01,0.01,0,15.45
4136,417,828.0,362.0,0.00,0.00,0.00,0,12.01
4136,418,841.0,504.0,0.00,0.00,0.00,0,12.01
4138,419,828.0,352.0,0.00,0.00,0.00,0,12.01
4138,420,697.0,542.0,0.00,0.00,0.00,0,12.01
4139,419,828.0,351.0,0.00,-0.02,0.02,0,7.47
4139,420,699.3,541.0,0.05,-0.02,0.06,0,7.47
4140,419,827.0,348.7,-0.06,-0.17,0.18,0,6.31
4140,420,702.6,540.0,0.26,-0.09,0.27,0,6.31
4142,419,827.0,348.7,-0.06,-0.17,0.18,0,9.97
4142,420,702.6,540.0,0.26,-0.09,0.27,0,9.97
4143,419,827.0,348.6,-0.06,-0.17,0.18,0,12.13
4143,420,702.6,540.0,0.26,-0.09,0.27,0,12.13
4144,419,827.0,348.6,-0.06,-0.17,0.18,0,14.47
4144,420,702.6,540.0,0.26,-0.09,0.27,0,14.47
4175,421,1152.0,582.0,0.00,0.00,0.00,0,12.01
4175,422,1165.0,594.0,0.00,0.00,0.00,0,12.01
4177,423,1113.0,459.0,0.00,0.00,0.00,0,12.01
4177,424,1511.0,742.0,0.00,0.00,0.00,0,12.01
4178,423,1113.0,459.0,0.00,0.00,0.00,0,14.02
4178,424,1511.0,742.0,0.00,0.00,0.00,0,7.46
4179,424,1513.8,738.9,0.12,-0.13,0.18,0,6.29
4179,423,1113.0,459.0,0.00,0.00,0.00,0,16.05
4181,424,1513.9,738.9,0.12,-0.13,0.18,0,9.82
4181,423,1113.0,459.0,0.00,0.00,0.00,0,19.73
4182,424,1513.9,738.9,0.12,-0.13,0.18,0,12.00
4183,424,1513.9,738.9,0.12,-0.13,0.18,0,14.35
4214,425,1526.0,770.0,0.00,0.00,0.00,0,12.01
4214,426,1187.0,806.0,0.00,0.00,0.00,0,12.01
4216,427,1204.0,811.0,0.00,0.00,0.00,0,12.01
4216,428,1217.0,815.0,0.00,0.00,0.00,0,12.01
4217,427,1207.9,812.3,0.09,0.03,0.09,0,7.47
4217,428,1220.9,816.3,0.09,0.03,0.09,0,7.47
4218,427,1213.1,813.8,0.42,0.12,0.44,0,6.31
4220,427,1213.2,813.8,0.42,0.12,0.44,0,9.95
4221,427,1213.2,813.8,0.42,0.12,0.44,0,12.12
4222,427,1213.2,813.8,0.42,0.12,0.44,0,14.46
4253,429,1303.0,436.0,0.00,0.00,0.00,0,12.01
4253,430,1318.0,439.0,0.00,0.00,0.00,0,12.01
4255,431,1239.0,203.0,0.00,0.00,0.00,0,12.01
4255,432,543.0,346.0,0.00,0.00,0.00,0,12.01
4256,431,1239.7,203.3,0.01,0.01,0.02,0,7.47
4256,432,541.0,347.0,-0.04,0.02,0.05,0,7.47
4257,431,1234.4,202.5,-0.24,-0.03,0.24,0,6.29
4257,432,543.1,345.2,0.06,-0.06,0.09,0,6.29
4259,431,1234.3,202.5,-0.24,-0.03,0.24,0,9.74
4259,432,543.1,345.2,0.06,-0.06,0.09,0,9.74
4260,431,1234.3,202.5,-0.24,-0.03,0.24,0,11.96
4260,432,543.1,345.2,0.06,-0.06,0.09,0,11.96
4261,431,1234.3,202.5,-0.24,-0.03,0.24,0,14.31
4261,432,543.1,345.2,0.06,-0.06,0.09,0,14.31
4292,433,749.0,484.0,0.00,0.00,0.00,0,12.01
4292,434,507.0,692.0,0.00,0.00,0.00,0,12.01
4294,435,444.0,746.0,0.00,0.00,0.00,0,12.01
4294,436,1021.0,967.0,0.00,0.00,0.00,0,12.01
4295,435,444.7,745.3,0.01,-0.01,0.02,0,7.51
4295,436,1022.0,958.5,0.02,-0.18,0.18,0,7.51
4296,435,441.6,747.8,-0.30,0.24,0.39,0,6.32
4296,436,1022.0,958.5,0.02,-0.18,0.18,0,9.56
4298,435,441.6,747.9,-0.30,0.24,0.39,0,10.02
4298,436,1022.0,958.4,0.02,-0.18,0.18,0,13.45
4299,435,441.6,747.9,-0.30,0.24,0.39,0,12.28
4299,436,1022.0,958.4,0.02,-0.18,0.18,0,15.72
4300,435,441.5,747.9,-0.30,0.24,0.39,0,14.64
4331,437,1112.0,296.0,0.00,0.00,0.00,0,12.01
4331,438,1105.0,317.0,0.00,0.00,0.00,0,12.01
4333,439,1103.0,336.0,0.00,0.00,0.00,0,12.01
4333,440,1104.0,360.0,0.00,0.00,0.00,0,12.01
4334,439,1103.3,343.2,0.01,0.17,0.17,0,7.47
4334,440,1105.0,367.5,0.02,0.18,0.18,0,7.47
4335,439,1104.3,352.7,0.07,0.78,0.78,0,6.31
4335,440,1106.3,376.9,0.11,0.78,0.79,0,6.31
4337,439,1104.3,352.9,0.07,0.78,0.78,0,10.01
4337,440,1106.3,377.1,0.11,0.78,0.79,0,10.01
4338,439,1104.3,352.9,0.07,0.78,0.78,0,12.12
4338,440,1106.3,377.1,0.11,0.78,0.79,0,12.12
4339,439,1104.3,352.9,0.07,0.78,0.78,0,14.47
4339,440,1106.3,377.2,0.11,0.78,0.79,0,14.47
4370,441,571.0,432.0,0.00,0.00,0.00,0,12.01
4370,442,585.0,446.0,0.00,0.00,0.00,0,12.01
4372,443,1257.0,258.0,0.00,0.00,0.00,0,12.01
4372,444,598.0,457.0,0.00,0.00,0.00,0,12.01
4373,443,1257.0,258.0,0.00,0.00,0.00,0,14.02
4373,444,601.9,460.6,0.08,0.08,0.11,0,7.46
4374,443,1256.3,257.6,-0.02,-0.01,0.03,0,7.86
4374,444,607.1,465.3,0.32,0.29,0.43,0,6.30
4376,443,1256.3,257.6,-0.02,-0.01,0.03,0,11.45
4376,444,607.2,465.4,0.32,0.29,0.43,0,9.89
4377,443,1256.3,257.6,-0.02,-0.01,0.03,0,13.61
4377,444,607.2,465.4,0.32,0.29,0.43,0,12.05
4378,443,1256.3,257.6,-0.02,-0.01,0.03,0,15.96
4378,444,607.2,465.4,0.32,0.29,0.43,0,14.40
4409,445,507.0,311.0,0.00,0.00,0.00,0,12.01
4409,446,516.0,322.0,0.00,0.00,0.00,0,12.01
4411,447,526.0,972.0,0.00,0.00,0.00,0,12.01
4411,448,1123.0,1166.0,0.00,0.00,0.00,0,12.01
4412,447,523.7,971.0,-0.05,-0.02,0.05,0,7.46
4412,448,1123.0,1166.0,0.00,0.00,0.00,0,14.02
4413,447,529.2,973.3,0.19,0.08,0.21,0,6.29
4413,448,1123.0,1166.0,0.00,0.00,0.00,0,16.04
4415,447,529.2,973.3,0.19,0.08,0.21,0,9.75
4415,448,1123.0,1166.0,0.00,0.00,0.00,0,19.66
4416,447,529.2,973.3,0.19,0.08,0.21,0,11.96
4417,447,529.2,973.3,0.19,0.08,0.21,0,14.28
4448,449,753.0,878.0,0.00,0.00,0.00,0,12.01
4448,450,1424.0,1095.0,0.00,0.00,0.00,0,12.01
4450,451,1275.0,1007.0,0.00,0.00,0.00,0,12.01
4450,452,1385.0,1112.0,0.00,0.00,0.00,0,12.01
4451,451,1275.0,1007.0,0.00,0.00,0.00,0,14.03
4451,452,1382.4,1114.0,-0.06,0.04,0.07,0,7.47
4452,452,1380.0,1116.0,-0.20,0.17,0.27,0,6.31
4452,451,1275.0,1007.0,0.00,0.00,0.00,0,16.08
4454,452,1379.9,1116.1,-0.20,0.17,0.27,0,9.99
4454,451,1275.0,1007.0,0.00,0.00,0.00,0,19.97
4455,452,1379.9,1116.1,-0.20,0.17,0.27,0,12.12
4456,452,1379.9,1116.1,-0.20,0.17,0.27,0,14.47
4487,453,1231.0,1059.0,0.00,0.00,0.00,0,12.01
4487,454,1247.0,1059.0,0.00,0.00,0.00,0,12.01
4489,455,1268.0,1059.0,0.00,0.00,0.00,0,12.01
4489,456,1320.0,1061.0,0.00,0.00,0.00,0,12.01
4490,455,1268.0,1059.0,0.00,0.00,0.00,0,14.02
4490,456,1319.0,1060.7,-0.02,-0.01,0.02,0,7.46
4491,456,1319.0,1060.7,-0.02,-0.01,0.02,0,9.48
4491,455,1268.0,1059.0,0.00,0.00,0.00,0,16.04
4493,456,1319.0,1060.7,-0.02,-0.01,0.02,0,12.94
4493,455,1268.0,1059.0,0.00,0.00,0.00,0,19.58
4494,456,1319.0,1060.7,-0.02,-0.01,0.02,0,15.18
4526,457,475.0,827.0,0.00,0.00,0.00,0,12.01
4526,458,650.0,1235.0,0.00,0.00,0.00,0,12.01
4528,459,484.0,816.0,0.00,0.00,0.00,0,12.01
4528,460,1448.0,940.0,0.00,0.00,0.00,0,12.01
4529,459,483.7,816.0,-0.01,0.00,0.01,0,7.46
4529,460,1451.9,940.3,0.08,0.01,0.08,0,7.46
4530,459,484.5,814.5,0.03,-0.07,0.08,0,6.29
4530,460,1446.0,937.2,-0.19,-0.14,0.23,0,6.29
4532,459,484.5,814.4,0.03,-0.07,0.08,0,9.84
4532,460,1446.0,937.1,-0.19,-0.14,0.23,0,9.84
4533,459,484.5,814.4,0.03,-0.07,0.08,0,12.03
4533,460,1446.0,937.1,-0.19,-0.14,0.23,0,12.03
4534,459,484.5,814.4,0.03,-0.07,0.08,0,14.37
4534,460,1446.0,937.1,-0.19,-0.14,0.23,0,14.37
4565,461,1368.0,415.0,0.00,0.00,0.00,0,12.01
4565,462,539.0,693.0,0.00,0.00,0.00,0,12.01
4567,463,1382.0,422.0,0.00,0.00,0.00,0,12.01
4567,464,536.0,687.0,0.00,0.00,0.00,0,12.01
4568,463,1382.0,422.0,0.00,0.00,0.00,0,14.03
4568,464,535.3,685.7,-0.02,-0.03,0.03,0,7.47
4569,463,1395.3,425.2,0.60,0.14,0.62,0,7.87
4569,464,534.7,684.2,-0.05,-0.12,0.14,0,6.31
4571,463,1395.5,425.2,0.60,0.14,0.62,0,11.53
4571,464,534.7,684.2,-0.05,-0.12,0.14,0,9.98
4572,463,1395.5,425.2,0.60,0.14,0.62,0,13.67
4572,464,534.7,684.2,-0.05,-0.12,0.14,0,12.12
4573,463,1395.5,425.2,0.60,0.14,0.62,0,16.02
4573,464,534.7,684.2,-0.05,-0.12,0.14,0,14.47
4604,465,1469.0,520.0,0.00,0.00,0.00,0,12.01
4604,466,1050.0,1035.0,0.00,0.00,0.00,0,12.01
4606,467,987.0,914.0,0.00,0.00,0.00,0,12.01
4606,468,997.0,1036.0,0.00,0.00,0.00,0,12.01
4607,467,987.0,914.0,0.00,0.00,0.00,0,14.03
4607,468,997.3,1035.0,0.01,-0.02,0.02,0,7.47
4608,468,997.2,1033.7,0.00,-0.10,0.10,0,6.31
4608,467,987.0,914.0,0.00,0.00,0.00,0,16.08
4610,468,997.2,1033.7,0.00,-0.10,0.10,0,9.97
4610,467,987.0,914.0,0.00,0.00,0.00,0,19.95
4611,468,997.2,1033.7,0.00,-0.10,0.10,0,12.12
4612,468,997.2,1033.7,0.00,-0.10,0.10,0,14.46
4643,469,1426.0,720.0,0.00,0.00,0.00,0,12.01
4643,470,1423.0,730.0,0.00,0.00,0.00,0,12.01
4645,471,1502.0,659.0,0.00,0.00,0.00,0,12.01
4645,472,1477.0,681.0,0.00,0.00,0.00,0,12.01
4646,471,1500.7,660.0,-0.03,0.03,0.04,0,7.47
4646,472,1477.0,681.0,0.00,0.00,0.00,0,14.04
4647,471,1506.9,654.8,0.37,-0.31,0.48,0,6.31
4647,472,1477.0,681.0,0.00,0.00,0.00,0,16.09
4649,471,1507.0,654.8,0.37,-0.31,0.48,0,10.01
4649,472,1477.0,681.0,0.00,0.00,0.00,0,20.00
4650,471,1507.0,654.8,0.37,-0.31,0.48,0,12.12
4651,471,1507.1,654.7,0.37,-0.31,0.48,0,14.47
4682,473,1138.0,766.0,0.00,0.00,0.00,0,12.01
4682,474,717.0,931.0,0.00,0.00,0.00,0,12.01
4684,475,1127.0,1145.0,0.00,0.00,0.00,0,12.01
4684,476,1124.0,1158.0,0.00,0.00,0.00,0,12.01
4685,475,1127.3,1144.3,0.01,-0.01,0.02,0,7.47
4685,476,1124.0,1158.0,0.00,0.00,0.00,0,14.03
4686,475,1136.8,1144.0,0.60,-0.04,0.60,0,6.31
4688,475,1136.9,1144.0,0.60,-0.04,0.60,0,9.97
4689,475,1136.9,1144.0,0.60,-0.04,0.60,0,12.12
4690,475,1137.0,1144.0,0.60,-0.04,0.60,0,14.46
4721,477,1377.0,736.0,0.00,0.00,0.00,0,12.01
4721,478,1387.0,747.0,0.00,0.00,0.00,0,12.01
4723,479,859.0,515.0,0.00,0.00,0.00,0,12.01
4723,480,1064.0,786.0,0.00,0.00,0.00,0,12.01
4724,479,862.9,513.0,0.09,-0.04,0.10,0,7.47
4724,480,1061.7,788.9,-0.05,0.07,0.08,0,7.47
4725,479,865.0,512.0,0.22,-0.11,0.24,0,6.31
4725,480,1064.9,785.6,0.15,-0.14,0.21,0,6.31
4727,479,865.1,512.0,0.22,-0.11,0.24,0,9.96
4727,480,1064.9,785.6,0.15,-0.14,0.21,0,9.96
4728,479,865.1,512.0,0.22,-0.11,0.24,0,12.11
4728,480,1064.9,785.6,0.15,-0.14,0.21,0,12.11
4729,479,865.1,512.0,0.22,-0.11,0.24,0,14.45
4729,480,1064.9,785.6,0.15,-0.14,0.21,0,14.45
4760,481,1124.0,349.0,0.00,0.00,0.00,0,12.01
4760,482,1121.0,362.0,0.00,0.00,0.00,0,12.01
4762,483,1121.0,365.0,0.00,0.00,0.00,0,12.01
4762,484,1121.0,377.0,0.00,0.00,0.00,0,12.01
4763,483,1120.7,367.3,-0.01,0.05,0.05,0,7.47
4763,484,1120.7,379.6,-0.01,0.05,0.05,0,7.47
4764,483,1120.5,370.8,-0.01,0.21,0.21,0,6.29
4766,483,1120.5,370.9,-0.01,0.21,0.21,0,9.78
4767,483,1120.5,370.9,-0.01,0.21,0.21,0,11.98
4768,483,1120.5,370.9,-0.01,0.21,0.21,0,14.31
4799,485,948.0,403.0,0.00,0.00,0.00,0,12.01
4799,486,977.0,416.0,0.00,0.00,0.00,0,12.01
4801,487,1233.0,368.0,0.00,0.00,0.00,0,12.01
4801,488,880.0,380.0,0.00,0.00,0.00,0,12.01
4802,487,1234.0,367.7,0.02,-0.01,0.02,0,7.46
4802,488,880.3,380.0,0.01,0.00,0.01,0,7.46
4803,487,1238.4,365.2,0.22,-0.12,0.25,0,6.30
4803,488,880.3,380.0,0.01,0.00,0.01,0,9.50
4805,487,1238.4,365.2,0.22,-0.12,0.25,0,9.91
4805,488,880.3,380.0,0.01,0.00,0.01,0,13.19
4806,487,1238.4,365.2,0.22,-0.12,0.25,0,12.03
4806,488,880.3,380.0,0.01,0.00,0.01,0,15.32
4807,487,1238.4,365.1,0.22,-0.12,0.25,0,14.37
4838,489,567.0,729.0,0.00,0.00,0.00,0,12.01
4838,490,578.0,732.0,0.00,0.00,0.00,0,12.01
4840,491,1433.0,679.0,0.00,0.00,0.00,0,12.01
4840,492,548.0,719.0,0.00,0.00,0.00,0,12.01
4841,491,1433.3,678.7,0.01,-0.01,0.01,0,7.47
4841,492,548.0,719.0,0.00,0.00,0.00,0,7.47
4842,491,1428.1,677.2,-0.33,-0.10,0.35,0,6.31
4842,492,544.4,713.1,-0.23,-0.39,0.45,0,6.31
4844,491,1428.0,677.2,-0.33,-0.10,0.35,0,9.95
4844,492,544.3,713.0,-0.23,-0.39,0.45,0,9.95
4845,491,1428.0,677.2,-0.33,-0.10,0.35,0,12.12
4845,492,544.3,713.0,-0.23,-0.39,0.45,0,12.12
4846,491,1428.0,677.2,-0.33,-0.10,0.35,0,14.47
4846,492,544.3,713.0,-0.23,-0.39,0.45,0,14.47
4877,493,1392.0,1105.0,0.00,0.00,0.00,0,12.01
4877,494,1120.0,1209.0,0.00,0.00,0.00,0,12.01
4879,495,1100.0,1203.0,0.00,0.00,0.00,0,12.01
4879,496,1308.0,1200.0,0.00,0.00,0.00,0,12.01
4880,495,1097.7,1202.0,-0.04,-0.02,0.05,0,7.46
4880,496,1306.7,1200.3,-0.03,0.01,0.03,0,7.46
4881,495,1088.3,1199.4,-0.48,-0.14,0.49,0,6.30
4881,496,1309.1,1200.0,0.08,-0.01,0.08,0,6.30
4883,495,1088.1,1199.4,-0.48,-0.14,0.49,0,9.90
4883,496,1309.1,1200.0,0.08,-0.01,0.08,0,9.90
4884,495,1088.1,1199.4,-0.48,-0.14,0.49,0,12.03
4884,496,1309.1,1200.0,0.08,-0.01,0.08,0,12.03
4885,495,1088.1,1199.4,-0.48,-0.14,0.49,0,14.37
4885,496,1309.1,1200.0,0.08,-0.01,0.08,0,14.37
4916,497,1215.0,690.0,0.00,0.00,0.00,0,12.01
4916,498,1486.0,833.0,0.00,0.00,0.00,0,12.01
4918,499,1180.0,779.0,0.00,0.00,0.00,0,12.01
4918,500,1443.0,867.0,0.00,0.00,0.00,0,12.01
4919,499,1180.0,779.0,0.00,0.00,0.00,0,14.03
4919,500,1443.0,867.0,0.00,0.00,0.00,0,14.03
4920,499,1180.0,779.0,0.00,0.00,0.00,0,16.08
4920,500,1443.0,867.0,0.00,0.00,0.00,0,16.08
4922,499,1180.0,779.0,0.00,0.00,0.00,0,19.94
4922,500,1443.0,867.0,0.00,0.00,0.00,0,19.94
4955,501,596.0,397.0,0.00,0.00,0.00,0,12.01
4955,502,612.0,407.0,0.00,0.00,0.00,0,12.01
4957,503,588.0,380.0,0.00,0.00,0.00,0,12.01
4957,504,592.0,395.0,0.00,0.00,0.00,0,12.01
4958,503,588.3,382.6,0.01,0.06,0.06,0,7.47
4958,504,590.4,387.1,-0.04,-0.18,0.18,0,7.47
4959,503,587.7,381.9,-0.03,0.02,0.03,0,6.31
4961,503,587.7,382.0,-0.03,0.02,0.03,0,9.97
4962,503,587.7,382.0,-0.03,0.02,0.03,0,12.12
4963,503,587.7,382.0,-0.03,0.02,0.03,0,14.47
4994,505,385.0,906.0,0.00,0.00,0.00,0,12.01
4994,506,864.0,1289.0,0.00,0.00,0.00,0,12.01
4996,507,400.0,902.0,0.00,0.00,0.00,0,12.01
4996,508,862.0,1283.0,0.00,0.00,0.00,0,12.01
4997,507,403.6,901.3,0.08,-0.02,0.08,0,7.47
4997,508,861.0,1281.4,-0.02,-0.04,0.04,0,7.47
4998,507,406.5,900.7,0.27,-0.05,0.27,0,6.30
4998,508,859.7,1279.2,-0.10,-0.17,0.20,0,6.30
5000,507,406.6,900.7,0.27,-0.05,0.27,0,9.97
5000,508,859.7,1279.2,-0.10,-0.17,0.20,0,9.97
5001,507,406.6,900.7,0.27,-0.05,0.27,0,12.11
5001,508,859.7,1279.2,-0.10,-0.17,0.20,0,12.11
5002,507,406.6,900.7,0.27,-0.05,0.27,0,14.45
5002,508,859.7,1279.2,-0.10,-0.17,0.20,0,14.45
5033,509,1213.0,407.0,0.00,0.00,0.00,0,12.01
5033,510,1223.0,422.0,0.00,0.00,0.00,0,12.01
5035,511,1202.0,393.0,0.00,0.00,0.00,0,12.01
5035,512,1207.0,404.0,0.00,0.00,0.00,0,12.01
5036,511,1202.0,394.6,0.00,0.04,0.04,0,7.48
5036,512,1204.7,397.4,-0.05,-0.14,0.15,0,7.48
5037,511,1201.2,392.7,-0.05,-0.09,0.11,0,6.31
5039,511,1201.2,392.6,-0.05,-0.09,0.11,0,10.00
5040,511,1201.2,392.6,-0.05,-0.09,0.11,0,12.13
5041,511,1201.2,392.6,-0.05,-0.09,0.11,0,14.48
5072,513,1216.0,479.0,0.00,0.00,0.00,0,12.01
5072,514,1234.0,481.0,0.00,0.00,0.00,0,12.01
5074,515,574.0,484.0,0.00,0.00,0.00,0,12.01
5074,516,1257.0,487.0,0.00,0.00,0.00,0,12.01
5075,515,572.0,482.4,-0.04,-0.03,0.05,0,7.46
5075,516,1259.0,487.7,0.04,0.01,0.04,0,7.46
5076,515,570.0,480.7,-0.13,-0.10,0.16,0,6.29
5076,516,1263.9,489.3,0.25,0.08,0.26,0,6.29
5078,515,569.9,480.7,-0.13,-0.10,0.16,0,9.87
5078,516,1263.9,489.3,0.25,0.08,0.26,0,9.87
5079,515,569.9,480.7,-0.13,-0.10,0.16,0,12.03
5079,516,1263.9,489.3,0.25,0.08,0.26,0,12.03
5080,515,569.9,480.7,-0.13,-0.10,0.16,0,14.38
5080,516,1263.9,489.3,0.25,0.08,0.26,0,14.38
5111,517,740.0,414.0,0.00,0.00,0.00,0,12.01
5111,518,735.0,430.0,0.00,0.00,0.00,0,12.01
5113,519,746.0,392.0,0.00,0.00,0.00,0,12.01
5113,520,1258.0,921.0,0.00,0.00,0.00,0,12.01
5114,519,746.0,392.0,0.00,0.00,0.00,0,14.03
5114,520,1253.7,924.6,-0.09,0.08,0.12,0,7.47
5115,520,1248.4,929.1,-0.43,0.36,0.57,0,6.31
5115,519,746.0,392.0,0.00,0.00,0.00,0,16.08
5117,520,1248.3,929.2,-0.43,0.36,0.57,0,9.98
5117,519,746.0,392.0,0.00,0.00,0.00,0,19.95
5118,520,1248.3,929.2,-0.43,0.36,0.57,0,12.13
5119,520,1248.3,929.2,-0.43,0.36,0.57,0,14.48
5150,521,1075.0,500.0,0.00,0.00,0.00,0,12.01
5150,522,1216.0,512.0,0.00,0.00,0.00,0,12.01
5152,523,1029.0,474.0,0.00,0.00,0.00,0,12.01
5152,524,1045.0,481.0,0.00,0.00,0.00,0,12.01
5153,523,1028.7,474.0,-0.01,0.00,0.01,0,7.47
5153,524,1045.0,481.0,0.00,0.00,0.00,0,14.03
5154,523,1028.7,474.0,-0.01,0.00,0.01,0,9.51
5156,523,1028.7,474.0,-0.01,0.00,0.01,0,13.28
5157,523,1028.7,474.0,-0.01,0.00,0.01,0,15.44
5189,525,944.0,566.0,0.00,0.00,0.00,0,12.01
5189,526,944.0,577.0,0.00,0.00,0.00,0,12.01
5191,527,948.0,555.0,0.00,0.00,0.00,0,12.01
5191,528,1247.0,606.0,0.00,0.00,0.00,0,12.01
5192,527,949.0,552.7,0.02,-0.05,0.05,0,7.47
5192,528,1249.3,603.4,0.05,-0.05,0.07,0,7.47
5193,527,950.5,550.0,0.10,-0.18,0.21,0,6.30
5193,528,1251.0,601.2,0.13,-0.16,0.21,0,6.30
5195,527,950.6,549.9,0.10,-0.18,0.21,0,9.90
5195,528,1251.1,601.2,0.13,-0.16,0.21,0,9.90
5196,527,950.6,549.9,0.10,-0.18,0.21,0,12.07
5196,528,1251.1,601.2,0.13,-0.16,0.21,0,12.07
5197,527,950.6,549.9,0.10,-0.18,0.21,0,14.41
5197,528,1251.1,601.2,0.13,-0.16,0.21,0,14.41
5228,529,1516.0,556.0,0.00,0.00,0.00,0,12.01
5228,530,1501.0,566.0,0.00,0.00,0.00,0,12.01
5230,531,1495.0,571.0,0.00,0.00,0.00,0,12.01
5230,532,1476.0,580.0,0.00,0.00,0.00,0,12.01
5231,531,1488.8,573.6,-0.13,0.06,0.15,0,7.47
5231,532,1476.0,580.0,0.00,0.00,0.00,0,14.03
5232,531,1488.8,573.6,-0.13,0.06,0.15,0,9.51
5234,531,1488.7,573.6,-0.13,0.06,0.15,0,13.28
5235,531,1488.7,573.6,-0.13,0.06,0.15,0,15.45
5267,533,519.0,376.0,0.00,0.00,0.00,0,12.01
5267,534,1038.0,1076.0,0.00,0.00,0.00,0,12.01
5269,535,498.0,358.0,0.00,0.00,0.00,0,12.01
5269,536,511.0,366.0,0.00,0.00,0.00,0,12.01
5270,535,498.0,358.0,0.00,0.00,0.00,0,7.46
5270,536,511.0,366.0,0.00,0.00,0.00,0,14.02
5271,535,498.0,358.0,0.00,0.00,0.00,0,9.48
5273,535,498.0,358.0,0.00,0.00,0.00,0,13.00
5274,535,498.0,358.0,0.00,0.00,0.00,0,15.16
5306,537,875.0,108.0,0.00,0.00,0.00,0,12.01
5306,538,1559.0,595.0,0.00,0.00,0.00,0,12.01
5308,539,881.0,110.0,0.00,0.00,0.00,0,12.01
5308,540,889.0,109.0,0.00,0.00,0.00,0,12.01
5309,539,883.6,109.7,0.05,-0.01,0.06,0,7.46
5309,540,889.0,109.0,0.00,0.00,0.00,0,14.02
5310,539,883.6,109.7,0.05,-0.01,0.06,0,9.48
5312,539,883.6,109.7,0.05,-0.01,0.06,0,13.02
5313,539,883.6,109.7,0.05,-0.01,0.06,0,15.26
5345,541,821.0,325.0,0.00,0.00,0.00,0,12.01
5345,542,816.0,343.0,0.00,0.00,0.00,0,12.01
5347,543,830.0,306.0,0.00,0.00,0.00,0,12.01
5347,544,824.0,317.0,0.00,0.00,0.00,0,12.01
5348,543,829.7,306.3,-0.01,0.01,0.01,0,7.47
5348,544,827.6,310.8,0.08,-0.14,0.17,0,7.47
5349,543,830.8,304.7,0.06,-0.10,0.12,0,6.31
5351,543,830.8,304.7,0.06,-0.10,0.12,0,9.95
5352,543,830.8,304.7,0.06,-0.10,0.12,0,12.11
5353,543,830.8,304.7,0.06,-0.10,0.12,0,14.46
5384,545,857.0,384.0,0.00,0.00,0.00,0,12.01
5384,546,865.0,392.0,0.00,0.00,0.00,0,12.01
5386,547,988.0,243.0,0.00,0.00,0.00,0,12.01
5386,548,963.0,249.0,0.00,0.00,0.00,0,12.01
5387,547,980.5,244.6,-0.15,0.03,0.16,0,7.47
5387,548,957.1,250.3,-0.12,0.03,0.12,0,7.47
5388,547,971.1,247.0,-0.61,0.15,0.63,0,6.29
5390,547,970.9,247.1,-0.61,0.15,0.63,0,9.72
5391,547,970.9,247.1,-0.61,0.15,0.63,0,11.96
5392,547,970.9,247.1,-0.61,0.15,0.63,0,14.29
5423,549,677.0,243.0,0.00,0.00,0.00,0,12.01
5423,550,1137.0,548.0,0.00,0.00,0.00,0,12.01
5425,551,700.0,231.0,0.00,0.00,0.00,0,12.01
5425,552,687.0,240.0,0.00,0.00,0.00,0,12.01
5426,551,699.7,231.0,-0.01,0.00,0.01,0,7.46
5426,552,696.2,231.5,0.18,-0.17,0.25,0,7.46
5427,551,699.7,231.0,-0.01,0.00,0.01,0,9.49
5429,551,699.7,231.0,-0.01,0.00,0.01,0,13.17
5430,551,699.7,231.0,-0.01,0.00,0.01,0,15.33
5462,553,1155.0,205.0,0.00,0.00,0.00,0,12.01
5462,554,1146.0,226.0,0.00,0.00,0.00,0,12.01
5464,555,1164.0,179.0,0.00,0.00,0.00,0,12.01
5464,556,1160.0,192.0,0.00,0.00,0.00,0,12.01
5465,555,1163.7,179.7,-0.01,0.01,0.02,0,7.47
5465,556,1161.6,184.8,0.04,-0.16,0.17,0,7.47
5466,555,1164.0,177.7,0.01,-0.11,0.11,0,6.30
5468,555,1164.0,177.7,0.01,-0.11,0.11,0,9.96
5469,555,1164.0,177.7,0.01,-0.11,0.11,0,12.11
5470,555,1164.0,177.7,0.01,-0.11,0.11,0,14.45
5501,557,1098.0,577.0,0.00,0.00,0.00,0,12.01
5501,558,1481.0,683.0,0.00,0.00,0.00,0,12.01
5503,559,1465.0,682.0,0.00,0.00,0.00,0,12.01
5503,560,1454.0,684.0,0.00,0.00,0.00,0,12.01
5504,559,1461.7,682.7,-0.07,0.01,0.07,0,7.47
5504,560,1451.4,685.6,-0.06,0.04,0.07,0,7.47
5505,559,1457.9,684.3,-0.31,0.12,0.33,0,6.31
5507,559,1457.8,684.3,-0.31,0.12,0.33,0,9.98
5508,559,1457.8,684.3,-0.31,0.12,0.33,0,12.13
5509,559,1457.8,684.3,-0.31,0.12,0.33,0,14.47
5540,561,1048.0,358.0,0.00,0.00,0.00,0,12.01
5540,562,1054.0,373.0,0.00,0.00,0.00,0,12.01
5542,563,1290.0,840.0,0.00,0.00,0.00,0,12.01
5542,564,522.0,1032.0,0.00,0.00,0.00,0,12.01
5543,563,1290.7,838.4,0.02,-0.04,0.04,0,7.47
5543,564,522.3,1032.3,0.01,0.01,0.01,0,7.47
5544,563,1292.8,833.4,0.15,-0.35,0.38,0,6.30
5544,564,518.6,1030.7,-0.22,-0.09,0.24,0,6.30
5546,563,1292.8,833.3,0.15,-0.35,0.38,0,9.95
5546,564,518.6,1030.7,-0.22,-0.09,0.24,0,9.95
5547,563,1292.8,833.3,0.15,-0.35,0.38,0,12.12
5547,564,518.6,1030.7,-0.22,-0.09,0.24,0,12.12
5548,563,1292.9,833.3,0.15,-0.35,0.38,0,14.46
5548,564,518.6,1030.7,-0.22,-0.09,0.24,0,14.46
5579,565,643.0,970.0,0.00,0.00,0.00,0,12.01
5579,566,770.0,1352.0,0.00,0.00,0.00,0,12.01
5581,567,642.0,951.0,0.00,0.00,0.00,0,12.01
5581,568,641.0,962.0,0.00,0.00,0.00,0,12.01
5582,567,642.0,951.0,0.00,0.00,0.00,0,7.46
5582,568,641.0,962.0,0.00,0.00,0.00,0,14.02
5583,567,642.0,951.0,0.00,0.00,0.00,0,9.49
5585,567,642.0,951.0,0.00,0.00,0.00,0,13.12
5586,567,642.0,951.0,0.00,0.00,0.00,0,15.30
5618,569,585.0,1133.0,0.00,0.00,0.00,0,12.01
5618,570,971.0,1183.0,0.00,0.00,0.00,0,12.01
5620,571,1456.0,912.0,0.00,0.00,0.00,0,12.01
5620,572,547.0,1103.0,0.00,0.00,0.00,0,12.01
5621,571,1456.0,912.0,0.00,0.00,0.00,0,14.03
5621,572,545.0,1100.1,-0.04,-0.06,0.07,0,7.47
5622,572,543.2,1096.7,-0.15,-0.27,0.31,0,6.30
5622,571,1456.0,912.0,0.00,0.00,0.00,0,16.08
5624,572,543.2,1096.6,-0.15,-0.27,0.31,0,9.93
5624,571,1456.0,912.0,0.00,0.00,0.00,0,19.90
5625,572,543.2,1096.6,-0.15,-0.27,0.31,0,12.10
5626,572,543.2,1096.6,-0.15,-0.27,0.31,0,14.45
5657,573,1437.0,948.0,0.00,0.00,0.00,0,12.01
5657,574,1267.0,1206.0,0.00,0.00,0.00,0,12.01
5659,575,1537.0,778.0,0.00,0.00,0.00,0,12.01
5659,576,1484.0,877.0,0.00,0.00,0.00,0,12.01
5660,575,1539.6,780.6,0.06,0.06,0.09,0,7.47
5660,576,1484.0,877.0,0.00,0.00,0.00,0,14.04
5661,575,1539.6,780.6,0.06,0.06,0.09,0,9.51
5661,576,1484.0,877.0,0.00,0.00,0.00,0,16.08
5663,575,1539.6,780.6,0.06,0.06,0.09,0,13.30
5663,576,1484.0,877.0,0.00,0.00,0.00,0,19.96
5664,575,1539.6,780.6,0.06,0.06,0.09,0,15.46
5696,577,1446.0,1010.0,0.00,0.00,0.00,0,12.01
5696,578,609.0,1041.0,0.00,0.00,0.00,0,12.01
5698,579,609.0,742.0,0.00,0.00,0.00,0,12.01
5698,580,1496.0,998.0,0.00,0.00,0.00,0,12.01
5699,579,609.7,742.0,0.02,0.00,0.02,0,7.47
5699,580,1493.7,997.7,-0.06,-0.01,0.06,0,7.47
5700,579,605.9,742.3,-0.23,0.02,0.23,0,6.30
5700,580,1495.1,998.3,0.03,0.03,0.04,0,6.30
5702,579,605.8,742.3,-0.23,0.02,0.23,0,9.96
5702,580,1495.1,998.3,0.03,0.03,0.04,0,9.96
5703,579,605.8,742.3,-0.23,0.02,0.23,0,12.10
5703,580,1495.1,998.3,0.03,0.03,0.04,0,12.10
5704,579,605.8,742.3,-0.23,0.02,0.23,0,14.44
5704,580,1495.1,998.3,0.03,0.03,0.04,0,14.44
5735,581,633.0,1165.0,0.00,0.00,0.00,0,12.01
5735,582,1293.0,1345.0,0.00,0.00,0.00,0,12.01
5737,583,631.0,1153.0,0.00,0.00,0.00,0,12.01
5737,584,1303.0,1340.0,0.00,0.00,0.00,0,12.01
5738,583,630.3,1151.4,-0.01,-0.04,0.04,0,7.47
5738,584,1304.6,1339.0,0.04,-0.02,0.04,0,7.47
5739,583,629.7,1148.4,-0.05,-0.23,0.23,0,6.31
5739,584,1306.0,1338.0,0.13,-0.09,0.15,0,6.31
5741,583,629.7,1148.4,-0.05,-0.23,0.23,0,10.02
5741,584,1306.1,1338.0,0.13,-0.09,0.15,0,10.02
5742,583,629.7,1148.4,-0.05,-0.23,0.23,0,12.13
5742,584,1306.1,1338.0,0.13,-0.09,0.15,0,12.13
5743,583,629.7,1148.4,-0.05,-0.23,0.23,0,14.48
5743,584,1306.1,1338.0,0.13,-0.09,0.15,0,14.48
5774,585,1357.0,723.0,0.00,0.00,0.00,0,12.01
5774,586,964.0,1008.0,0.00,0.00,0.00,0,12.01
5776,587,1346.0,730.0,0.00,0.00,0.00,0,12.01
5776,588,588.0,741.0,0.00,0.00,0.00,0,12.01
5777,587,1343.1,732.0,-0.07,0.04,0.08,0,7.47
5777,588,588.0,741.0,0.00,0.00,0.00,0,14.03
5778,587,1336.1,739.4,-0.51,0.52,0.72,0,6.30
5778,588,588.0,741.0,0.00,0.00,0.00,0,16.08
5780,587,1336.0,739.6,-0.51,0.52,0.72,0,10.00
5780,588,588.0,741.0,0.00,0.00,0.00,0,19.98
5781,587,1335.9,739.6,-0.51,0.52,0.72,0,12.12
5782,587,1335.9,739.6,-0.51,0.52,0.72,0,14.48
5813,589,722.0,889.0,0.00,0.00,0.00,0,12.01
5813,590,717.0,910.0,0.00,0.00,0.00,0,12.01
5815,591,985.0,1065.0,0.00,0.00,0.00,0,12.01
5815,592,974.0,1075.0,0.00,0.00,0.00,0,12.01
5816,591,984.7,1065.3,-0.01,0.01,0.01,0,7.46
5816,592,981.2,1069.4,0.14,-0.11,0.18,0,7.46
5817,591,987.6,1063.4,0.11,-0.07,0.12,0,6.29
5819,591,987.6,1063.4,0.11,-0.07,0.12,0,9.86
5820,591,987.6,1063.4,0.11,-0.07,0.12,0,12.06
5821,591,987.6,1063.4,0.11,-0.07,0.12,0,14.40
5852,593,1202.0,181.0,0.00,0.00,0.00,0,12.01
5852,594,942.0,267.0,0.00,0.00,0.00,0,12.01
5854,595,1029.0,449.0,0.00,0.00,0.00,0,12.01
5854,596,1034.0,464.0,0.00,0.00,0.00,0,12.01
5855,595,1029.0,449.7,0.00,0.01,0.01,0,7.47
5855,596,1030.7,454.8,-0.07,-0.19,0.20,0,7.47
5856,595,1027.7,446.1,-0.08,-0.22,0.23,0,6.31
5858,595,1027.7,446.1,-0.08,-0.22,0.23,0,9.99
5859,595,1027.7,446.1,-0.08,-0.22,0.23,0,12.13
5860,595,1027.7,446.1,-0.08,-0.22,0.23,0,14.48
5891,597,574.0,676.0,0.00,0.00,0.00,0,12.01
5891,598,995.0,738.0,0.00,0.00,0.00,0,12.01
5893,599,525.0,663.0,0.00,0.00,0.00,0,12.01
5893,600,991.0,709.0,0.00,0.00,0.00,0,12.01
5894,599,524.0,662.7,-0.02,-0.01,0.02,0,7.47
5894,600,991.3,709.3,0.01,0.01,0.01,0,7.47
5895,599,518.9,660.7,-0.35,-0.13,0.37,0,6.31
5895,600,990.2,704.9,-0.06,-0.27,0.28,0,6.31
5897,599,518.8,660.7,-0.35,-0.13,0.37,0,9.97
5897,600,990.2,704.8,-0.06,-0.27,0.28,0,9.97
5898,599,518.8,660.7,-0.35,-0.13,0.37,0,12.12
5898,600,990.2,704.8,-0.06,-0.27,0.28,0,12.12
5899,599,518.8,660.7,-0.35,-0.13,0.37,0,14.46
5899,600,990.2,704.8,-0.06,-0.27,0.28,0,14.46
5930,601,952.0,396.0,0.00,0.00,0.00,0,12.01
5930,602,947.0,406.0,0.00,0.00,0.00,0,12.01
5932,603,531.0,466.0,0.00,0.00,0.00,0,12.01
5932,604,604.0,466.0,0.00,0.00,0.00,0,12.01
5933,603,531.0,466.0,0.00,0.00,0.00,0,14.03
5933,604,604.0,466.0,0.00,0.00,0.00,0,14.03
5934,603,519.4,460.4,-0.50,-0.24,0.56,0,7.86
5934,604,604.0,466.0,0.00,0.00,0.00,0,16.08
5936,603,519.3,460.3,-0.50,-0.24,0.56,0,11.49
5936,604,604.0,466.0,0.00,0.00,0.00,0,19.91
5937,603,519.3,460.3,-0.50,-0.24,0.56,0,13.66
5938,603,519.3,460.3,-0.50,-0.24,0.56,0,16.00
5969,605,1222.0,843.0,0.00,0.00,0.00,0,12.01
5969,606,1098.0,1002.0,0.00,0.00,0.00,0,12.01
5971,607,1258.0,848.0,0.00,0.00,0.00,0,12.01
5971,608,1278.0,852.0,0.00,0.00,0.00,0,12.01
5972,607,1263.9,849.0,0.12,0.02,0.13,0,7.47
5972,608,1284.2,852.7,0.13,0.01,0.13,0,7.47
5973,607,1272.2,850.3,0.64,0.10,0.65,0,6.31
5975,607,1272.3,850.3,0.64,0.10,0.65,0,9.99
5976,607,1272.3,850.3,0.64,0.10,0.65,0,12.10
5977,607,1272.4,850.3,0.64,0.10,0.65,0,14.44
6008,609,1207.0,173.0,0.00,0.00,0.00,0,12.01
6008,610,597.0,287.0,0.00,0.00,0.00,0,12.01
6010,611,1217.0,177.0,0.00,0.00,0.00,0,12.01
6010,612,953.0,184.0,0.00,0.00,0.00,0,12.01
6011,611,1217.0,177.0,0.00,0.00,0.00,0,14.04
6011,612,953.3,184.3,0.01,0.01,0.01,0,7.47
6012,612,953.3,184.3,0.01,0.01,0.01,0,9.52
6012,611,1217.0,177.0,0.00,0.00,0.00,0,16.09
6014,612,953.3,184.3,0.01,0.01,0.01,0,13.31
6014,611,1217.0,177.0,0.00,0.00,0.00,0,19.97
6015,612,953.3,184.3,0.01,0.01,0.01,0,15.45
6047,613,589.0,1028.0,0.00,0.00,0.00,0,12.01
6047,614,599.0,1028.0,0.00,0.00,0.00,0,12.01
6049,615,1512.0,913.0,0.00,0.00,0.00,0,12.01
6049,616,764.0,1181.0,0.00,0.00,0.00,0,12.01
6050,615,1505.8,912.0,-0.15,-0.02,0.15,0,7.47
6050,616,761.7,1186.2,-0.06,0.13,0.14,0,7.47
6051,616,758.7,1193.1,-0.25,0.57,0.62,0,6.30
6051,615,1505.8,912.0,-0.15,-0.02,0.15,0,9.51
6053,616,758.6,1193.3,-0.25,0.57,0.62,0,9.97
6053,615,1505.7,912.0,-0.15,-0.02,0.15,0,13.29
6054,616,758.6,1193.3,-0.25,0.57,0.62,0,12.11
6054,615,1505.7,912.0,-0.15,-0.02,0.15,0,15.44
6055,616,758.6,1193.3,-0.25,0.57,0.62,0,14.46
6086,617,1369.0,1052.0,0.00,0.00,0.00,0,12.01
6086,618,910.0,1274.0,0.00,0.00,0.00,0,12.01
6088,619,1271.0,1047.0,0.00,0.00,0.00,0,12.01
6088,620,1267.0,1133.0,0.00,0.00,0.00,0,12.01
6089,619,1263.5,1047.0,-0.17,0.00,0.17,0,7.47
6089,620,1268.0,1133.3,0.02,0.01,0.02,0,7.47
6090,619,1259.2,1047.0,-0.45,0.00,0.45,0,6.31
6090,620,1259.8,1133.0,-0.52,-0.01,0.52,0,6.31
6092,619,1259.1,1047.0,-0.45,0.00,0.45,0,9.98
6092,620,1259.6,1133.0,-0.52,-0.01,0.52,0,9.98
6093,619,1259.1,1047.0,-0.45,0.00,0.45,0,12.13
6093,620,1259.6,1133.0,-0.52,-0.01,0.52,0,12.13
6094,619,1259.1,1047.0,-0.45,0.00,0.45,0,14.48
6094,620,1259.6,1133.0,-0.52,-0.01,0.52,0,14.48
6125,621,1257.0,839.0,0.00,0.00,0.00,0,12.01
6125,622,1164.0,1037.0,0.00,0.00,0.00,0,12.01
6127,623,1275.0,848.0,0.00,0.00,0.00,0,12.01
6127,624,1129.0,1055.0,0.00,0.00,0.00,0,12.01
6128,623,1277.6,850.0,0.06,0.04,0.07,0,7.47
6128,624,1123.4,1057.6,-0.13,0.06,0.14,0,7.47
6129,623,1280.3,851.8,0.23,0.16,0.28,0,6.31
6129,624,1115.1,1061.6,-0.65,0.31,0.72,0,6.31
6131,623,1280.4,851.8,0.23,0.16,0.28,0,9.95
6131,624,1114.9,1061.7,-0.65,0.31,0.72,0,9.95
6132,623,1280.4,851.8,0.23,0.16,0.28,0,12.13
6132,624,1114.9,1061.7,-0.65,0.31,0.72,0,12.13
6133,623,1280.4,851.8,0.23,0.16,0.28,0,14.48
6133,624,1114.9,1061.7,-0.65,0.31,0.72,0,14.48
6164,625,1237.0,1080.0,0.00,0.00,0.00,0,12.01
6164,626,1267.0,1086.0,0.00,0.00,0.00,0,12.01
6166,627,1352.0,745.0,0.00,0.00,0.00,0,12.01
6166,628,846.0,755.0,0.00,0.00,0.00,0,12.01
6167,627,1352.0,745.3,0.00,0.01,0.01,0,7.46
6167,628,845.7,754.7,-0.01,-0.01,0.01,0,7.46
6168,628,845.0,750.9,-0.04,-0.16,0.17,0,6.29
6168,627,1352.0,745.3,0.00,0.01,0.01,0,9.49
6170,628,845.0,750.9,-0.04,-0.16,0.17,0,9.87
6170,627,1352.0,745.3,0.00,0.01,0.01,0,13.14
6171,628,845.0,750.9,-0.04,-0.16,0.17,0,12.01
6171,627,1352.0,745.3,0.00,0.01,0.01,0,15.29
6172,628,845.0,750.9,-0.04,-0.16,0.17,0,14.35
6203,629,613.0,576.0,0.00,0.00,0.00,0,12.01
6203,630,1094.0,987.0,0.00,0.00,0.00,0,12.01
6205,631,567.0,562.0,0.00,0.00,0.00,0,12.01
6205,632,593.0,570.0,0.00,0.00,0.00,0,12.01
6206,631,567.7,562.0,0.01,0.00,0.01,0,7.48
6206,632,593.0,570.0,0.00,0.00,0.00,0,14.04
6207,631,567.7,562.0,0.01,0.00,0.01,0,9.52
6207,632,593.0,570.0,0.00,0.00,0.00,0,16.09
6209,631,567.7,562.0,0.01,0.00,0.01,0,13.26
6209,632,593.0,570.0,0.00,0.00,0.00,0,19.91
6210,631,567.7,562.0,0.01,0.00,0.01,0,15.47
6242,633,1081.0,519.0,0.00,0.00,0.00,0,12.01
6242,634,1067.0,541.0,0.00,0.00,0.00,0,12.01
6244,635,1050.0,571.0,0.00,0.00,0.00,0,12.01
6244,636,1033.0,595.0,0.00,0.00,0.00,0,12.01
6245,635,1044.8,578.5,-0.12,0.17,0.21,0,7.48
6245,636,1027.8,603.5,-0.12,0.19,0.23,0,7.48
6246,636,1025.5,607.5,-0.27,0.45,0.53,0,6.31
6246,635,1044.8,578.5,-0.12,0.17,0.21,0,9.52
6248,636,1025.4,607.6,-0.27,0.45,0.53,0,9.95
6248,635,1044.7,578.6,-0.12,0.17,0.21,0,13.28
6249,636,1025.4,607.6,-0.27,0.45,0.53,0,12.13
6249,635,1044.7,578.6,-0.12,0.17,0.21,0,15.46
6250,636,1025.4,607.7,-0.27,0.45,0.53,0,14.47
6281,637,1229.0,822.0,0.00,0.00,0.00,0,12.01
6281,638,1246.0,824.0,0.00,0.00,0.00,0,12.01
6283,639,737.0,660.0,0.00,0.00,0.00,0,12.01
6283,640,744.0,663.0,0.00,0.00,0.00,0,12.01
6284,639,739.6,661.3,0.06,0.03,0.07,0,7.47
6284,640,733.2,656.1,-0.25,-0.16,0.29,0,7.47
6285,639,733.5,657.1,-0.33,-0.24,0.41,0,6.31
6287,639,733.5,657.0,-0.33,-0.24,0.41,0,9.94
6288,639,733.5,657.0,-0.33,-0.24,0.41,0,12.12
6289,639,733.4,657.0,-0.33,-0.24,0.41,0,14.46
6320,641,607.0,470.0,0.00,0.00,0.00,0,12.01
6320,642,1237.0,519.0,0.00,0.00,0.00,0,12.01
6322,643,583.0,455.0,0.00,0.00,0.00,0,12.01
6322,644,593.0,462.0,0.00,0.00,0.00,0,12.01
6323,643,582.3,454.3,-0.01,-0.01,0.02,0,7.46
6323,644,593.0,462.0,0.00,0.00,0.00,0,14.02
6324,643,580.2,452.5,-0.10,-0.09,0.14,0,6.29
6326,643,580.2,452.4,-0.10,-0.09,0.14,0,9.84
6327,643,580.2,452.4,-0.10,-0.09,0.14,0,12.00
6328,643,580.2,452.4,-0.10,-0.09,0.14,0,14.33
6359,645,1177.0,546.0,0.00,0.00,0.00,0,12.01
6359,646,1172.0,553.0,0.00,0.00,0.00,0,12.01
6361,647,697.0,361.0,0.00,0.00,0.00,0,12.01
6361,648,1205.0,500.0,0.00,0.00,0.00,0,12.01
6362,647,697.0,361.0,0.00,0.00,0.00,0,14.03
6362,648,1206.6,495.4,0.04,-0.10,0.11,0,7.47
6363,648,1207.5,492.7,0.09,-0.27,0.29,0,6.32
6363,647,697.0,361.0,0.00,0.00,0.00,0,16.10
6365,648,1207.5,492.7,0.09,-0.27,0.29,0,10.07
6365,647,697.0,361.0,0.00,0.00,0.00,0,20.06
6366,648,1207.5,492.7,0.09,-0.27,0.29,0,12.11
6367,648,1207.5,492.6,0.09,-0.27,0.29,0,14.47
6398,649,1544.0,873.0,0.00,0.00,0.00,0,12.01
6398,650,1544.0,884.0,0.00,0.00,0.00,0,12.01
6400,651,1548.0,893.0,0.00,0.00,0.00,0,12.01
6400,652,1553.0,903.0,0.00,0.00,0.00,0,12.01
6401,651,1549.6,895.6,0.04,0.06,0.07,0,7.48
6401,652,1555.3,905.9,0.05,0.07,0.08,0,7.48
6402,651,1552.0,899.6,0.20,0.32,0.38,0,6.31
6404,651,1552.1,899.7,0.20,0.32,0.38,0,9.98
6405,651,1552.1,899.7,0.20,0.32,0.38,0,12.13
6406,651,1552.1,899.7,0.20,0.32,0.38,0,14.48
6437,653,592.0,380.0,0.00,0.00,0.00,0,12.01
6437,654,543.0,1023.0,0.00,0.00,0.00,0,12.01
6439,655,517.0,1048.0,0.00,0.00,0.00,0,12.01
6439,656,500.0,1058.0,0.00,0.00,0.00,0,12.01
6440,655,511.8,1050.9,-0.12,0.07,0.13,0,7.47
6440,656,500.0,1058.0,0.00,0.00,0.00,0,14.03
6441,655,511.8,1051.0,-0.12,0.07,0.13,0,9.52
6443,655,511.7,1051.0,-0.12,0.07,0.13,0,13.30
6444,655,511.7,1051.0,-0.12,0.07,0.13,0,15.47
6476,657,1276.0,1179.0,0.00,0.00,0.00,0,12.01
6476,658,912.0,1252.0,0.00,0.00,0.00,0,12.01
6478,659,1297.0,608.0,0.00,0.00,0.00,0,12.01
6478,660,1304.0,625.0,0.00,0.00,0.00,0,12.01
6479,659,1299.3,613.2,0.06,0.13,0.15,0,7.47
6479,660,1303.7,629.6,-0.01,0.12,0.12,0,7.47
6480,659,1300.5,619.6,0.14,0.54,0.56,0,6.30
6482,659,1300.5,619.8,0.14,0.54,0.56,0,9.96
6483,659,1300.5,619.8,0.14,0.54,0.56,0,12.11
6484,659,1300.5,619.8,0.14,0.54,0.56,0,14.46
6515,661,704.0,601.0,0.00,0.00,0.00,0,12.01
6515,662,715.0,612.0,0.00,0.00,0.00,0,12.01
6517,663,1209.0,357.0,0.00,0.00,0.00,0,12.01
6517,664,1219.0,356.0,0.00,0.00,0.00,0,12.01
6518,663,1209.0,357.0,0.00,0.00,0.00,0,14.03
6518,664,1219.0,356.0,0.00,0.00,0.00,0,14.03
6519,663,1209.0,357.0,0.00,0.00,0.00,0,16.08
6521,663,1209.0,357.0,0.00,0.00,0.00,0,19.96
6554,665,469.0,511.0,0.00,0.00,0.00,0,12.01
6554,666,472.0,525.0,0.00,0.00,0.00,0,12.01
6556,667,475.0,505.0,0.00,0.00,0.00,0,12.01
6556,668,1341.0,527.0,0.00,0.00,0.00,0,12.01
6557,667,487.8,504.0,0.29,-0.02,0.29,0,7.47
6557,668,1341.0,527.0,0.00,0.00,0.00,0,14.03
6558,667,494.3,503.5,0.71,-0.06,0.71,0,6.31
6558,668,1341.0,527.0,0.00,0.00,0.00,0,16.08
6560,667,494.5,503.5,0.71,-0.06,0.71,0,9.97
6560,668,1341.0,527.0,0.00,0.00,0.00,0,19.95
6561,667,494.5,503.5,0.71,-0.06,0.71,0,12.13
6562,667,494.5,503.5,0.71,-0.06,0.71,0,14.47
6593,669,1020.0,538.0,0.00,0.00,0.00,0,12.01
6593,670,1008.0,550.0,0.00,0.00,0.00,0,12.01
6595,671,574.0,659.0,0.00,0.00,0.00,0,12.01
6595,672,565.0,678.0,0.00,0.00,0.00,0,12.01
6596,671,574.0,659.0,0.00,0.00,0.00,0,14.16
6596,672,565.0,678.0,0.00,0.00,0.00,0,14.16
6597,671,574.0,659.0,0.00,0.00,0.00,0,16.23
6597,672,565.0,678.0,0.00,0.00,0.00,0,16.23
6599,671,574.0,659.0,0.00,0.00,0.00,0,20.50
6599,672,565.0,678.0,0.00,0.00,0.00,0,20.50
6632,673,620.0,406.0,0.00,0.00,0.00,0,12.01
6632,674,1294.0,717.0,0.00,0.00,0.00,0,12.01
6634,675,641.0,371.0,0.00,0.00,0.00,0,12.01
6634,676,636.0,381.0,0.00,0.00,0.00,0,12.01
6635,675,641.0,371.3,0.00,0.01,0.01,0,7.47
6635,676,638.6,374.8,0.05,-0.13,0.14,0,7.47
6636,675,641.5,369.4,0.03,-0.11,0.11,0,6.31
6638,675,641.5,369.4,0.03,-0.11,0.11,0,9.97
6639,675,641.5,369.4,0.03,-0.11,0.11,0,12.12
6640,675,641.5,369.4,0.03,-0.11,0.11,0,14.47
6671,677,867.0,353.0,0.00,0.00,0.00,0,12.01
6671,678,877.0,367.0,0.00,0.00,0.00,0,12.01
6675,679,879.0,367.0,0.00,0.00,0.00,0,12.01
6676,679,879.0,369.6,0.00,0.07,0.07,0,7.47
6676,680,880.0,357.0,0.00,0.00,0.00,0,12.01
6677,679,879.0,369.5,0.00,0.06,0.06,0,6.31
6677,680,877.7,366.8,-0.05,0.23,0.23,0,7.48
6679,679,879.0,369.5,0.00,0.06,0.06,0,9.98
6679,680,877.7,366.9,-0.05,0.23,0.23,0,10.88
6680,679,879.0,369.5,0.00,0.06,0.06,0,12.13
6680,680,877.7,366.9,-0.05,0.23,0.23,0,13.01
6681,679,879.0,369.5,0.00,0.06,0.06,0,14.53
6681,680,877.7,366.9,-0.05,0.23,0.23,0,15.35
6712,681,831.0,487.0,0.00,0.00,0.00,0,12.01
6712,682,1480.0,683.0,0.00,0.00,0.00,0,12.01
6713,681,831.3,486.7,0.01,-0.01,0.01,0,7.48
6713,682,1479.0,684.6,-0.02,0.04,0.05,0,7.48
6714,682,1478.0,686.5,-0.10,0.18,0.20,0,6.31
6714,681,831.3,486.7,0.01,-0.01,0.01,0,9.52
6716,682,1478.0,686.6,-0.10,0.18,0.20,0,9.96
6716,681,831.3,486.7,0.01,-0.01,0.01,0,13.31
6717,682,1478.0,686.6,-0.10,0.18,0.20,0,12.10
6717,681,831.3,486.7,0.01,-0.01,0.01,0,15.46
6718,682,1478.0,686.6,-0.10,0.18,0.20,0,14.50
6749,683,1223.0,906.0,0.00,0.00,0.00,0,12.01
6751,685,1239.0,924.0,0.00,0.00,0.00,0,12.01
6751,686,1256.0,948.0,0.00,0.00,0.00,0,12.01
6752,685,1244.2,931.2,0.12,0.16,0.20,0,7.47
6752,686,1261.2,955.5,0.12,0.17,0.21,0,7.47
6753,686,1263.5,959.0,0.26,0.39,0.47,0,6.31
6753,685,1244.2,931.2,0.12,0.16,0.20,0,9.52
6755,686,1263.6,959.1,0.26,0.39,0.47,0,9.99
6755,685,1244.3,931.3,0.12,0.16,0.20,0,13.31
6756,686,1263.6,959.1,0.26,0.39,0.47,0,12.12
6756,685,1244.3,931.3,0.12,0.16,0.20,0,15.45
6757,686,1263.6,959.1,0.26,0.39,0.47,0,14.47
6788,687,1280.0,296.0,0.00,0.00,0.00,0,12.01
6788,688,1223.0,570.0,0.00,0.00,0.00,0,12.01
6790,689,1270.0,288.0,0.00,0.00,0.00,0,12.01
6790,690,987.0,584.0,0.00,0.00,0.00,0,12.01
6791,689,1268.7,285.7,-0.03,-0.05,0.06,0,7.47
6791,690,987.0,584.0,0.00,0.00,0.00,0,14.03
6792,689,1267.5,283.0,-0.11,-0.23,0.25,0,6.31
6792,690,987.0,584.0,0.00,0.00,0.00,0,16.08
6794,689,1267.5,282.9,-0.11,-0.23,0.25,0,9.97
6794,690,987.0,584.0,0.00,0.00,0.00,0,19.95
6795,689,1267.5,282.9,-0.11,-0.23,0.25,0,12.11
6796,689,1267.4,282.9,-0.11,-0.23,0.25,0,14.45
6827,691,1539.0,660.0,0.00,0.00,0.00,0,12.01
6827,692,1294.0,667.0,0.00,0.00,0.00,0,12.01
6829,693,1121.0,616.0,0.00,0.00,0.00,0,12.01
6829,694,1163.0,612.0,0.00,0.00,0.00,0,12.01
6830,693,1121.7,616.0,0.02,0.00,0.02,0,7.47
6830,694,1163.0,612.0,0.00,0.00,0.00,0,14.04
6831,693,1121.7,616.0,0.02,0.00,0.02,0,9.51
6831,694,1163.0,612.0,0.00,0.00,0.00,0,16.08
6833,693,1121.7,616.0,0.02,0.00,0.02,0,13.29
6833,694,1163.0,612.0,0.00,0.00,0.00,0,19.95
6834,693,1121.7,616.0,0.02,0.00,0.02,0,15.46
6866,695,1432.0,502.0,0.00,0.00,0.00,0,12.01
6866,696,1453.0,500.0,0.00,0.00,0.00,0,12.01
6868,697,1415.0,505.0,0.00,0.00,0.00,0,12.01
6868,698,1391.0,508.0,0.00,0.00,0.00,0,12.01
6869,697,1407.8,506.0,-0.14,0.02,0.14,0,7.46
6869,698,1383.5,508.3,-0.15,0.01,0.15,0,7.46
6870,697,1398.3,507.0,-0.55,0.06,0.55,0,6.30
6870,698,1373.3,508.5,-0.59,0.01,0.59,0,6.30
6872,697,1398.2,507.0,-0.55,0.06,0.55,0,9.89
6872,698,1373.2,508.5,-0.59,0.01,0.59,0,9.89
6873,697,1398.2,507.0,-0.55,0.06,0.55,0,12.04
6873,698,1373.2,508.5,-0.59,0.01,0.59,0,12.04
6874,697,1398.2,507.0,-0.55,0.06,0.55,0,14.38
6874,698,1373.1,508.5,-0.59,0.01,0.59,0,14.38
6905,699,1509.0,494.0,0.00,0.00,0.00,0,12.01
6905,700,1183.0,598.0,0.00,0.00,0.00,0,12.01
6907,701,1497.0,497.0,0.00,0.00,0.00,0,12.01
6907,702,1482.0,499.0,0.00,0.00,0.00,0,12.01
6908,701,1492.7,497.3,-0.09,0.01,0.09,0,7.46
6908,702,1477.4,499.0,-0.09,0.00,0.09,0,7.46
6909,701,1487.2,497.8,-0.33,0.03,0.33,0,6.28
6911,701,1487.1,497.8,-0.33,0.03,0.33,0,9.70
6912,701,1487.1,497.8,-0.33,0.03,0.33,0,11.94
6913,701,1487.1,497.8,-0.33,0.03,0.33,0,14.27
6944,703,959.0,642.0,0.00,0.00,0.00,0,12.01
6944,704,949.0,646.0,0.00,0.00,0.00,0,12.01
6946,705,936.0,650.0,0.00,0.00,0.00,0,12.01
6946,706,843.0,816.0,0.00,0.00,0.00,0,12.01
6947,705,935.7,650.0,-0.01,0.00,0.01,0,7.47
6947,706,843.0,816.7,0.00,0.01,0.01,0,7.47
6948,706,842.2,813.4,-0.05,-0.20,0.20,0,6.31
6948,705,935.7,650.0,-0.01,0.00,0.01,0,9.52
6950,706,842.2,813.3,-0.05,-0.20,0.20,0,9.97
6950,705,935.7,650.0,-0.01,0.00,0.01,0,13.30
6951,706,842.2,813.3,-0.05,-0.20,0.20,0,12.14
6951,705,935.7,650.0,-0.01,0.00,0.01,0,15.47
6952,706,842.2,813.3,-0.05,-0.20,0.20,0,14.48
6983,707,573.0,643.0,0.00,0.00,0.00,0,12.01
6983,708,560.0,647.0,0.00,0.00,0.00,0,12.01
6985,709,540.0,654.0,0.00,0.00,0.00,0,12.01
6985,710,458.0,789.0,0.00,0.00,0.00,0,12.01
6986,709,539.0,654.7,-0.02,0.02,0.03,0,7.47
6986,710,458.0,789.7,0.00,0.02,0.02,0,7.47
6987,709,537.2,656.0,-0.14,0.10,0.17,0,6.31
6987,710,459.5,786.7,0.10,-0.17,0.20,0,6.31
6989,709,537.2,656.1,-0.14,0.10,0.17,0,9.99
6989,710,459.6,786.6,0.10,-0.17,0.20,0,9.99
6990,709,537.2,656.1,-0.14,0.10,0.17,0,12.12
6990,710,459.6,786.6,0.10,-0.17,0.20,0,12.12
6991,709,537.2,656.1,-0.14,0.10,0.17,0,14.47
6991,710,459.6,786.6,0.10,-0.17,0.20,0,14.47
7022,711,955.0,193.0,0.00,0.00,0.00,0,12.01
7022,712,1146.0,1022.0,0.00,0.00,0.00,0,12.01
7024,713,975.0,192.0,0.00,0.00,0.00,0,12.01
7024,714,1137.0,1000.0,0.00,0.00,0.00,0,12.01
7025,713,977.9,191.7,0.06,-0.01,0.06,0,7.47
7025,714,1137.0,1000.0,0.00,0.00,0.00,0,14.03
7026,713,981.8,191.5,0.30,-0.02,0.30,0,6.30
7026,714,1137.0,1000.0,0.00,0.00,0.00,0,16.08
7028,713,981.9,191.5,0.30,-0.02,0.30,0,9.96
7028,714,1137.0,1000.0,0.00,0.00,0.00,0,19.93
7029,713,981.9,191.5,0.30,-0.02,0.30,0,12.11
7030,713,981.9,191.5,0.30,-0.02,0.30,0,14.45
7061,715,726.0,395.0,0.00,0.00,0.00,0,12.01
7061,716,830.0,526.0,0.00,0.00,0.00,0,12.01
7063,717,835.0,531.0,0.00,0.00,0.00,0,12.01
7063,718,843.0,537.0,0.00,0.00,0.00,0,12.01
7064,717,837.6,532.6,0.06,0.04,0.07,0,7.46
7064,718,845.6,538.0,0.06,0.02,0.06,0,7.46
7065,717,840.5,534.5,0.18,0.12,0.22,0,6.28
7067,717,840.6,534.6,0.18,0.12,0.22,0,9.68
7068,717,840.6,534.6,0.18,0.12,0.22,0,11.91
7069,717,840.6,534.6,0.18,0.12,0.22,0,14.25
7100,719,724.0,490.0,0.00,0.00,0.00,0,12.01
7100,720,708.0,780.0,0.00,0.00,0.00,0,12.01
7102,721,689.0,461.0,0.00,0.00,0.00,0,12.01
7102,722,706.0,475.0,0.00,0.00,0.00,0,12.01
7103,721,689.7,461.7,0.01,0.01,0.02,0,7.47
7103,722,706.0,475.0,0.00,0.00,0.00,0,14.03
7104,721,689.7,461.7,0.01,0.01,0.02,0,9.51
7104,722,706.0,475.0,0.00,0.00,0.00,0,16.08
7106,721,689.7,461.7,0.01,0.01,0.02,0,13.26
7106,722,706.0,475.0,0.00,0.00,0.00,0,19.90
7107,721,689.7,461.7,0.01,0.01,0.02,0,15.45
7139,723,739.0,1030.0,0.00,0.00,0.00,0,12.01
7139,724,748.0,1049.0,0.00,0.00,0.00,0,12.01
7141,725,952.0,217.0,0.00,0.00,0.00,0,12.01
7141,726,767.0,1076.0,0.00,0.00,0.00,0,12.01
7142,725,952.0,217.0,0.00,0.00,0.00,0,14.03
7142,726,767.0,1076.0,0.00,0.00,0.00,0,14.03
7143,725,952.0,217.0,0.00,0.00,0.00,0,16.08
7143,726,767.0,1076.0,0.00,0.00,0.00,0,16.08
7145,725,952.0,217.0,0.00,0.00,0.00,0,19.90
7145,726,767.0,1076.0,0.00,0.00,0.00,0,19.90
7178,727,1356.0,754.0,0.00,0.00,0.00,0,12.01
7178,728,716.0,891.0,0.00,0.00,0.00,0,12.01
7180,729,1399.0,726.0,0.00,0.00,0.00,0,12.01
7180,730,710.0,892.0,0.00,0.00,0.00,0,12.01
7181,729,1399.0,726.0,0.00,0.00,0.00,0,14.03
7181,730,710.0,892.0,0.00,0.00,0.00,0,14.03
7182,730,703.0,891.3,-0.31,-0.03,0.32,0,7.87
7182,729,1399.0,726.0,0.00,0.00,0.00,0,16.08
7184,730,702.9,891.3,-0.31,-0.03,0.32,0,11.53
7184,729,1399.0,726.0,0.00,0.00,0.00,0,19.96
7185,730,702.9,891.3,-0.31,-0.03,0.32,0,13.65
7186,730,702.9,891.3,-0.31,-0.03,0.32,0,15.99
7217,731,1322.0,577.0,0.00,0.00,0.00,0,12.01
7217,732,1323.0,585.0,0.00,0.00,0.00,0,12.01
7219,733,1328.0,1119.0,0.00,0.00,0.00,0,12.01
7219,734,1341.0,1131.0,0.00,0.00,0.00,0,12.01
7220,733,1328.7,1119.3,0.01,0.01,0.02,0,7.48
7220,734,1333.8,1122.8,-0.16,-0.18,0.24,0,7.48
7221,733,1326.4,1115.9,-0.13,-0.22,0.26,0,6.30
7223,733,1326.4,1115.8,-0.13,-0.22,0.26,0,9.96
7224,733,1326.4,1115.8,-0.13,-0.22,0.26,0,12.13
7225,733,1326.4,1115.8,-0.13,-0.22,0.26,0,14.48
7256,735,978.0,232.0,0.00,0.00,0.00,0,12.01
7256,736,613.0,380.0,0.00,0.00,0.00,0,12.01
7258,737,957.0,232.0,0.00,0.00,0.00,0,12.01
7258,738,942.0,236.0,0.00,0.00,0.00,0,12.01
7259,737,952.4,233.3,-0.09,0.03,0.10,0,7.47
7259,738,942.0,236.0,0.00,0.00,0.00,0,14.03
7260,737,952.4,233.3,-0.09,0.03,0.10,0,9.52
7262,737,952.4,233.3,-0.09,0.03,0.10,0,13.32
7263,737,952.4,233.3,-0.09,0.03,0.10,0,15.45
7295,739,731.0,1210.0,0.00,0.00,0.00,0,12.01
7295,740,712.0,1210.0,0.00,0.00,0.00,0,12.01
7297,741,768.0,1208.0,0.00,0.00,0.00,0,12.01
7297,742,746.0,1209.0,0.00,0.00,0.00,0,12.01
7298,741,767.7,1208.0,-0.01,0.00,0.01,0,7.47
7298,742,749.9,1209.3,0.09,0.01,0.09,0,7.47
7299,741,767.7,1208.0,-0.01,0.00,0.01,0,9.51
7301,741,767.7,1208.0,-0.01,0.00,0.01,0,13.31
7302,741,767.7,1208.0,-0.01,0.00,0.01,0,15.44
7334,743,1172.0,744.0,0.00,0.00,0.00,0,12.01
7334,744,1189.0,747.0,0.00,0.00,0.00,0,12.01
7336,745,1127.0,730.0,0.00,0.00,0.00,0,12.01
7336,746,1157.0,741.0,0.00,0.00,0.00,0,12.01
7337,745,1127.3,730.3,0.01,0.01,0.01,0,7.47
7337,746,1157.0,741.0,0.00,0.00,0.00,0,14.03
7338,745,1122.9,726.9,-0.27,-0.21,0.34,0,6.31
7338,746,1157.0,741.0,0.00,0.00,0.00,0,16.08
7340,745,1122.8,726.8,-0.27,-0.21,0.34,0,9.97
7340,746,1157.0,741.0,0.00,0.00,0.00,0,19.95
7341,745,1122.8,726.8,-0.27,-0.21,0.34,0,12.12
7342,745,1122.8,726.8,-0.27,-0.21,0.34,0,14.47
7373,747,875.0,445.0,0.00,0.00,0.00,0,12.01
7373,748,739.0,832.0,0.00,0.00,0.00,0,12.01
7375,749,858.0,439.0,0.00,0.00,0.00,0,12.01
7376,749,857.3,438.3,-0.02,-0.02,0.02,0,7.47
7376,750,847.0,431.0,0.00,0.00,0.00,0,12.01
7377,749,855.2,436.7,-0.15,-0.12,0.19,0,6.30
7379,749,855.2,436.7,-0.15,-0.12,0.19,0,9.93
7380,749,855.2,436.7,-0.15,-0.12,0.19,0,12.12
7381,749,855.2,436.7,-0.15,-0.12,0.19,0,14.46
7412,751,1042.0,1133.0,0.00,0.00,0.00,0,12.01
7412,752,1005.0,1144.0,0.00,0.00,0.00,0,12.01
7414,753,980.0,1151.0,0.00,0.00,0.00,0,12.01
7414,754,1211.0,1317.0,0.00,0.00,0.00,0,12.01
7415,753,980.0,1151.0,0.00,0.00,0.00,0,14.04
7415,754,1210.7,1319.6,-0.01,0.06,0.06,0,7.47
7416,754,1209.5,1322.3,-0.08,0.23,0.25,0,6.31
7416,753,980.0,1151.0,0.00,0.00,0.00,0,16.08
7418,754,1209.4,1322.4,-0.08,0.23,0.25,0,9.98
7418,753,980.0,1151.0,0.00,0.00,0.00,0,19.96
7419,754,1209.4,1322.4,-0.08,0.23,0.25,0,12.12
7420,754,1209.4,1322.4,-0.08,0.23,0.25,0,14.46
7451,755,519.0,400.0,0.00,0.00,0.00,0,12.01
7451,756,1482.0,684.0,0.00,0.00,0.00,0,12.01
7453,757,585.0,384.0,0.00,0.00,0.00,0,12.01
7453,758,564.0,386.0,0.00,0.00,0.00,0,12.01
7454,757,584.0,384.0,-0.02,0.00,0.02,0,7.46
7454,758,576.8,385.3,0.26,-0.01,0.26,0,7.46
7455,757,588.6,384.0,0.18,0.00,0.18,0,6.29
7457,757,588.7,384.0,0.18,0.00,0.18,0,9.91
7458,757,588.7,384.0,0.18,0.00,0.18,0,11.99
7459,757,588.7,384.0,0.18,0.00,0.18,0,14.34
7490,759,868.0,708.0,0.00,0.00,0.00,0,12.01
7490,760,1445.0,730.0,0.00,0.00,0.00,0,12.01
7492,761,841.0,693.0,0.00,0.00,0.00,0,12.01
7492,762,1438.0,708.0,0.00,0.00,0.00,0,12.01
7493,761,841.7,693.7,0.02,0.02,0.02,0,7.47
7493,762,1438.3,706.4,0.01,-0.04,0.04,0,7.47
7494,761,839.4,691.7,-0.13,-0.11,0.17,0,6.31
7494,762,1438.2,704.2,0.00,-0.18,0.18,0,6.31
7496,761,839.4,691.7,-0.13,-0.11,0.17,0,9.95
7496,762,1438.2,704.2,0.00,-0.18,0.18,0,9.95
7497,761,839.4,691.7,-0.13,-0.11,0.17,0,12.12
7497,762,1438.2,704.2,0.00,-0.18,0.18,0,12.12
7498,761,839.4,691.7,-0.13,-0.11,0.17,0,14.46
7498,762,1438.2,704.2,0.00,-0.18,0.18,0,14.46
7529,763,871.0,689.0,0.00,0.00,0.00,0,12.01
7530,763,871.0,689.0,0.00,0.00,0.00,0,14.04
7531,763,872.1,690.8,0.05,0.09,0.10,0,7.87
7531,764,769.0,862.0,0.00,0.00,0.00,0,12.01
7533,763,872.1,690.8,0.05,0.09,0.10,0,11.50
7533,764,769.0,862.0,0.00,0.00,0.00,0,15.10
7534,763,872.1,690.8,0.05,0.09,0.10,0,13.67
7534,764,769.0,862.0,0.00,0.00,0.00,0,17.22
7535,763,872.1,690.8,0.05,0.09,0.10,0,16.06
7535,764,769.0,862.0,0.00,0.00,0.00,0,19.50
7567,767,1556.0,760.0,0.00,0.00,0.00,0,12.01
7567,768,641.0,1219.0,0.00,0.00,0.00,0,12.01
7568,767,1556.0,760.0,0.00,0.00,0.00,0,14.04
7568,768,639.0,1221.9,-0.05,0.08,0.10,0,7.48
7569,768,636.7,1225.0,-0.21,0.28,0.35,0,6.31
7569,767,1556.0,760.0,0.00,0.00,0.00,0,16.09
7571,768,636.7,1225.1,-0.21,0.28,0.35,0,9.98
7571,767,1556.0,760.0,0.00,0.00,0.00,0,19.99
7572,768,636.6,1225.1,-0.21,0.28,0.35,0,12.11
7573,768,636.6,1225.1,-0.21,0.28,0.35,0,14.45
7604,769,427.0,615.0,0.00,0.00,0.00,0,12.01
7604,770,441.0,634.0,0.00,0.00,0.00,0,12.01
7606,771,393.0,593.0,0.00,0.00,0.00,0,12.01
7606,772,410.0,602.0,0.00,0.00,0.00,0,12.01
7607,771,393.3,593.3,0.01,0.01,0.01,0,7.47
7607,772,410.0,602.0,0.00,0.00,0.00,0,14.03
7608,771,388.6,592.5,-0.30,-0.05,0.30,0,6.31
7608,772,410.0,602.0,0.00,0.00,0.00,0,16.08
7610,771,388.5,592.5,-0.30,-0.05,0.30,0,9.98
7610,772,410.0,602.0,0.00,0.00,0.00,0,19.96
7611,771,388.5,592.5,-0.30,-0.05,0.30,0,12.12
7612,771,388.5,592.5,-0.30,-0.05,0.30,0,14.47
7643,773,1458.0,681.0,0.00,0.00,0.00,0,12.01
7643,774,1471.0,683.0,0.00,0.00,0.00,0,12.01
7645,775,1430.0,667.0,0.00,0.00,0.00,0,12.01
7645,776,1446.0,676.0,0.00,0.00,0.00,0,12.01
7646,775,1430.3,667.3,0.01,0.01,0.01,0,7.47
7646,776,1436.2,669.8,-0.23,-0.15,0.27,0,7.47
7647,775,1426.9,664.9,-0.21,-0.14,0.26,0,6.30
7649,775,1426.8,664.9,-0.21,-0.14,0.26,0,9.96
7650,775,1426.8,664.9,-0.21,-0.14,0.26,0,12.12
7651,775,1426.8,664.9,-0.21,-0.14,0.26,0,14.46
7682,777,396.0,993.0,0.00,0.00,0.00,0,12.01
7682,778,539.0,1104.0,0.00,0.00,0.00,0,12.01
7684,779,586.0,1102.0,0.00,0.00,0.00,0,12.01
7684,780,614.0,1106.0,0.00,0.00,0.00,0,12.01
7685,779,594.5,1103.3,0.19,0.03,0.19,0,7.47
7685,780,621.9,1107.3,0.17,0.03,0.18,0,7.47
7686,780,626.3,1108.0,0.45,0.07,0.45,0,6.30
7686,779,594.5,1103.3,0.19,0.03,0.19,0,9.51
7688,780,626.4,1108.0,0.45,0.07,0.45,0,9.98
7688,779,594.6,1103.3,0.19,0.03,0.19,0,13.30
7689,780,626.4,1108.0,0.45,0.07,0.45,0,12.08
7689,779,594.6,1103.3,0.19,0.03,0.19,0,15.41
7690,780,626.4,1108.0,0.45,0.07,0.45,0,14.43
7721,781,970.0,832.0,0.00,0.00,0.00,0,12.01
7721,782,978.0,849.0,0.00,0.00,0.00,0,12.01
7723,783,959.0,815.0,0.00,0.00,0.00,0,12.01
7723,784,992.0,1370.0,0.00,0.00,0.00,0,12.01
7724,783,959.0,815.0,0.00,0.00,0.00,0,14.03
7724,784,994.9,1376.9,0.07,0.16,0.17,0,7.47
7725,784,995.0,1376.9,0.07,0.16,0.17,0,9.51
7725,783,959.0,815.0,0.00,0.00,0.00,0,16.08
7727,784,995.0,1376.9,0.07,0.16,0.17,0,13.28
7727,783,959.0,815.0,0.00,0.00,0.00,0,19.93
7728,784,995.0,1376.9,0.07,0.16,0.17,0,15.46
7760,785,1510.0,794.0,0.00,0.00,0.00,0,12.01
7761,785,1510.0,794.0,0.00,0.00,0.00,0,14.04
7762,785,1510.0,794.0,0.00,0.00,0.00,0,16.09
7764,785,1510.0,794.0,0.00,0.00,0.00,0,19.99
7811,786,1400.0,1151.0,0.00,0.00,0.00,0,12.01
7811,787,1408.0,1161.0,0.00,0.00,0.00,0,12.01
7816,788,581.0,634.0,0.00,0.00,0.00,0,12.01
7816,789,1265.0,1237.0,0.00,0.00,0.00,0,12.01
7817,788,581.0,634.0,0.00,0.00,0.00,0,14.04
7817,789,1265.0,1237.0,0.00,0.00,0.00,0,14.04
7818,788,581.0,634.0,0.00,0.00,0.00,0,16.09
7818,789,1265.0,1237.0,0.00,0.00,0.00,0,16.09
7820,788,581.0,634.0,0.00,0.00,0.00,0,19.99
7820,789,1265.0,1237.0,0.00,0.00,0.00,0,19.99
7853,790,1351.0,953.0,0.00,0.00,0.00,0,12.01
7854,790,1351.0,953.0,0.00,0.00,0.00,0,14.08
7855,790,1351.0,953.0,0.00,0.00,0.00,0,16.14
7857,790,1351.0,953.0,0.00,0.00,0.00,0,20.11
7891,793,1475.0,514.0,0.00,0.00,0.00,0,12.01
7891,794,1430.0,788.0,0.00,0.00,0.00,0,12.01
7892,793,1474.7,515.0,-0.01,0.03,0.03,0,7.48
7892,794,1430.0,788.0,0.00,0.00,0.00,0,14.04
7893,793,1474.7,515.0,-0.01,0.03,0.03,0,9.52
7893,794,1430.0,788.0,0.00,0.00,0.00,0,16.09
7895,793,1474.7,515.0,-0.01,0.03,0.03,0,13.27
7895,794,1430.0,788.0,0.00,0.00,0.00,0,19.95
7896,793,1474.7,515.0,-0.01,0.03,0.03,0,15.43
7928,795,961.0,166.0,0.00,0.00,0.00,0,12.01
7928,796,947.0,183.0,0.00,0.00,0.00,0,12.01
7930,797,989.0,140.0,0.00,0.00,0.00,0,12.01
7930,798,974.0,152.0,0.00,0.00,0.00,0,12.01
7931,797,988.7,140.0,-0.01,0.00,0.01,0,7.46
7931,798,974.0,152.0,0.00,0.00,0.00,0,14.02
7932,797,988.7,140.0,-0.01,0.00,0.01,0,9.48
7934,797,988.7,140.0,-0.01,0.00,0.01,0,13.03
7935,797,988.7,140.0,-0.01,0.00,0.01,0,15.25
7967,799,975.0,573.0,0.00,0.00,0.00,0,12.01
7967,800,916.0,917.0,0.00,0.00,0.00,0,12.01
7969,801,979.0,555.0,0.00,0.00,0.00,0,12.01
7969,802,974.0,1000.0,0.00,0.00,0.00,0,12.01
7970,801,984.2,545.5,0.10,-0.18,0.21,0,7.46
7970,802,969.7,998.4,-0.08,-0.03,0.09,0,7.46
7971,801,984.2,545.5,0.10,-0.18,0.21,0,9.49
7971,802,969.7,998.4,-0.08,-0.03,0.09,0,9.49
7973,801,984.3,545.4,0.10,-0.18,0.21,0,13.18
7973,802,969.7,998.4,-0.08,-0.03,0.09,0,13.18
7974,801,984.3,545.4,0.10,-0.18,0.21,0,15.32
7974,802,969.7,998.4,-0.08,-0.03,0.09,0,15.32
8006,803,736.0,1015.0,0.00,0.00,0.00,0,12.01
8006,804,964.0,1371.0,0.00,0.00,0.00,0,12.01
8008,805,1303.0,476.0,0.00,0.00,0.00,0,12.01
8008,806,1351.0,466.0,0.00,0.00,0.00,0,12.01
8009,805,1305.0,477.6,0.05,0.04,0.06,0,7.47
8009,806,1338.6,467.3,-0.30,0.03,0.30,0,7.47
8010,805,1301.6,477.7,-0.17,0.05,0.18,0,6.31
8010,806,1338.5,467.3,-0.30,0.03,0.30,0,9.52
8012,805,1301.6,477.7,-0.17,0.05,0.18,0,9.97
8012,806,1338.5,467.3,-0.30,0.03,0.30,0,13.30
8013,805,1301.6,477.7,-0.17,0.05,0.18,0,12.13
8013,806,1338.5,467.3,-0.30,0.03,0.30,0,15.46
8014,805,1301.6,477.7,-0.17,0.05,0.18,0,14.48
8047,807,916.0,1037.0,0.00,0.00,0.00,0,12.01
8047,808,886.0,1395.0,0.00,0.00,0.00,0,12.01
8048,807,916.3,1037.3,0.01,0.01,0.01,0,7.48
8048,808,886.0,1395.0,0.00,0.00,0.00,0,14.04
8049,807,916.2,1035.4,0.00,-0.12,0.12,0,6.31
8049,808,886.0,1395.0,0.00,0.00,0.00,0,16.08
8051,807,916.2,1035.4,0.00,-0.12,0.12,0,9.96
8051,808,886.0,1395.0,0.00,0.00,0.00,0,19.94
8052,807,916.2,1035.4,0.00,-0.12,0.12,0,12.13
8053,807,916.2,1035.4,0.00,-0.12,0.12,0,14.47
8084,809,901.0,1249.0,0.00,0.00,0.00,0,12.01
8085,809,901.3,1252.0,0.01,0.07,0.07,0,7.50
8086,809,902.0,1254.0,0.08,0.28,0.29,0,6.32
8086,810,903.0,1272.0,0.00,0.00,0.00,0,12.01
8088,809,902.0,1254.1,0.08,0.28,0.29,0,9.96
8088,810,903.0,1272.0,0.00,0.00,0.00,0,15.05
8089,809,902.0,1254.1,0.08,0.28,0.29,0,11.99
8089,810,903.0,1272.0,0.00,0.00,0.00,0,17.07
8090,809,902.0,1254.1,0.08,0.28,0.29,0,14.38
8090,810,903.0,1272.0,0.00,0.00,0.00,0,19.34
8122,813,597.0,698.0,0.00,0.00,0.00,0,12.04
8122,814,833.0,767.0,0.00,0.00,0.00,0,12.04
8123,813,597.0,698.0,0.00,0.00,0.00,0,14.08
8123,814,833.0,767.0,0.00,0.00,0.00,0,14.08
8124,813,597.0,698.0,0.00,0.00,0.00,0,16.15
8124,814,833.0,767.0,0.00,0.00,0.00,0,16.15
8126,813,597.0,698.0,0.00,0.00,0.00,0,20.22
8126,814,833.0,767.0,0.00,0.00,0.00,0,20.22
8159,815,1505.0,698.0,0.00,0.00,0.00,0,12.01
8159,816,1399.0,827.0,0.00,0.00,0.00,0,12.01
8161,817,1202.0,250.0,0.00,0.00,0.00,0,12.25
8161,818,402.0,579.0,0.00,0.00,0.00,0,12.25
8162,817,1202.0,250.0,0.00,0.00,0.00,0,14.35
8162,818,403.0,580.0,0.13,0.13,0.18,0,7.55
8163,818,405.6,582.6,0.48,0.48,0.68,0,6.35
8163,817,1202.0,250.0,0.00,0.00,0.00,0,16.47
8165,818,405.7,582.7,0.48,0.48,0.68,0,10.15
8165,817,1202.0,250.0,0.00,0.00,0.00,0,21.03
8166,818,405.7,582.7,0.48,0.48,0.68,0,12.32
8167,818,405.7,582.7,0.48,0.48,0.68,0,14.68
8198,819,529.0,897.0,0.00,0.00,0.00,0,12.01
8198,820,523.0,926.0,0.00,0.00,0.00,0,12.01
8200,821,525.0,844.0,0.00,0.00,0.00,0,12.01
8200,822,525.0,854.0,0.00,0.00,0.00,0,12.01
8201,821,525.0,844.3,0.00,0.01,0.01,0,7.48
8201,822,525.0,854.0,0.00,0.00,0.00,0,7.48
8202,821,524.7,839.6,-0.02,-0.33,0.33,0,6.31
8204,821,524.7,839.5,-0.02,-0.33,0.33,0,9.96
8205,821,524.7,839.5,-0.02,-0.33,0.33,0,12.09
8206,821,524.7,839.5,-0.02,-0.33,0.33,0,14.43
8237,823,960.0,1023.0,0.00,0.00,0.00,0,12.01
8237,824,948.0,1027.0,0.00,0.00,0.00,0,12.01
8239,825,1403.0,1000.0,0.00,0.00,0.00,0,12.01
8239,826,1387.0,1017.0,0.00,0.00,0.00,0,12.01
8240,825,1402.7,1000.0,-0.01,0.00,0.01,0,7.47
8240,826,1387.0,1017.0,0.00,0.00,0.00,0,14.03
8241,825,1407.6,996.1,0.32,-0.25,0.41,0,6.31
8241,826,1387.0,1017.0,0.00,0.00,0.00,0,16.08
8243,825,1407.7,996.1,0.32,-0.25,0.41,0,9.96
8243,826,1387.0,1017.0,0.00,0.00,0.00,0,19.94
8244,825,1407.7,996.1,0.32,-0.25,0.41,0,12.12
8245,825,1407.7,996.1,0.32,-0.25,0.41,0,14.46
8276,827,557.0,489.0,0.00,0.00,0.00,0,12.01
8276,828,1511.0,770.0,0.00,0.00,0.00,0,12.01
8278,829,720.0,348.0,0.00,0.00,0.00,0,12.01
8278,830,1546.0,886.0,0.00,0.00,0.00,0,12.01
8279,829,721.0,347.3,0.02,-0.01,0.03,0,7.47
8279,830,1548.9,889.6,0.06,0.08,0.10,0,7.47
8280,829,721.8,346.7,0.07,-0.05,0.09,0,6.31
8280,830,1550.8,894.8,0.18,0.41,0.44,0,6.31
8282,829,721.8,346.7,0.07,-0.05,0.09,0,9.94
8282,830,1550.8,895.0,0.18,0.41,0.44,0,9.94
8283,829,721.8,346.7,0.07,-0.05,0.09,0,12.12
8283,830,1550.8,895.0,0.18,0.41,0.44,0,12.12
8284,829,721.8,346.7,0.07,-0.05,0.09,0,14.47
8284,830,1550.8,895.0,0.18,0.41,0.44,0,14.47
8315,831,1239.0,834.0,0.00,0.00,0.00,0,12.01
8315,832,1220.0,847.0,0.00,0.00,0.00,0,12.01
8317,833,1272.0,811.0,0.00,0.00,0.00,0,12.01
8317,834,1255.0,823.0,0.00,0.00,0.00,0,12.01
8318,833,1271.7,811.3,-0.01,0.01,0.01,0,7.47
8318,834,1265.2,814.8,0.24,-0.20,0.31,0,7.47
8319,833,1275.4,808.2,0.23,-0.19,0.30,0,6.30
8321,833,1275.4,808.1,0.23,-0.19,0.30,0,9.94
8322,833,1275.4,808.1,0.23,-0.19,0.30,0,12.12
8323,833,1275.4,808.1,0.23,-0.19,0.30,0,14.45
8354,835,1407.0,481.0,0.00,0.00,0.00,0,12.01
8354,836,896.0,619.0,0.00,0.00,0.00,0,12.01
8356,837,1415.0,480.0,0.00,0.00,0.00,0,12.01
8356,838,1254.0,574.0,0.00,0.00,0.00,0,12.01
8357,837,1416.3,480.0,0.03,0.00,0.03,0,7.47
8357,838,1252.0,574.0,-0.04,0.00,0.04,0,7.47
8358,837,1418.3,480.3,0.16,0.02,0.16,0,6.30
8358,838,1252.0,574.0,-0.04,0.00,0.04,0,9.51
8360,837,1418.3,480.3,0.16,0.02,0.16,0,9.95
8360,838,1252.0,574.0,-0.04,0.00,0.04,0,13.28
8361,837,1418.3,480.3,0.16,0.02,0.16,0,12.11
8361,838,1252.0,574.0,-0.04,0.00,0.04,0,15.44
8362,837,1418.3,480.3,0.16,0.02,0.16,0,14.45
8393,839,999.0,716.0,0.00,0.00,0.00,0,12.01
8393,840,1023.0,732.0,0.00,0.00,0.00,0,12.01
8395,841,959.0,688.0,0.00,0.00,0.00,0,12.01
8395,842,978.0,701.0,0.00,0.00,0.00,0,12.01
8396,841,959.0,688.0,0.00,0.00,0.00,0,7.47
8396,842,978.0,701.0,0.00,0.00,0.00,0,14.03
8397,841,955.1,685.2,-0.25,-0.18,0.30,0,6.30
8397,842,978.0,701.0,0.00,0.00,0.00,0,16.08
8399,841,955.1,685.1,-0.25,-0.18,0.30,0,9.96
8399,842,978.0,701.0,0.00,0.00,0.00,0,19.94
8400,841,955.1,685.1,-0.25,-0.18,0.30,0,12.10
8401,841,955.1,685.1,-0.25,-0.18,0.30,0,14.44
8432,843,598.0,324.0,0.00,0.00,0.00,0,12.01
8432,844,1425.0,445.0,0.00,0.00,0.00,0,12.01
8434,845,576.0,314.0,0.00,0.00,0.00,0,12.01
8434,846,1057.0,904.0,0.00,0.00,0.00,0,12.01
8435,845,572.7,312.7,-0.07,-0.03,0.08,0,7.47
8435,846,1057.3,904.3,0.01,0.01,0.01,0,7.47
8436,845,568.9,311.5,-0.32,-0.11,0.34,0,6.31
8436,846,1055.7,903.0,-0.10,-0.08,0.13,0,6.31
8438,845,568.8,311.5,-0.32,-0.11,0.34,0,9.94
8438,846,1055.7,902.9,-0.10,-0.08,0.13,0,9.94
8439,845,568.8,311.5,-0.32,-0.11,0.34,0,12.12
8439,846,1055.7,902.9,-0.10,-0.08,0.13,0,12.12
8440,845,568.8,311.4,-0.32,-0.11,0.34,0,14.46
8440,846,1055.7,902.9,-0.10,-0.08,0.13,0,14.46
8471,847,1079.0,121.0,0.00,0.00,0.00,0,12.01
8471,848,1299.0,201.0,0.00,0.00,0.00,0,12.01
8473,849,1011.0,426.0,0.00,0.00,0.00,0,12.01
8473,850,1024.0,445.0,0.00,0.00,0.00,0,12.01
8474,849,1012.3,428.3,0.03,0.05,0.06,0,7.47
8474,850,1017.4,434.2,-0.15,-0.24,0.28,0,7.47
8475,849,1010.4,424.4,-0.09,-0.20,0.21,0,6.31
8477,849,1010.4,424.3,-0.09,-0.20,0.21,0,9.97
8478,849,1010.4,424.3,-0.09,-0.20,0.21,0,12.12
8479,849,1010.4,424.3,-0.09,-0.20,0.21,0,14.46
8510,851,966.0,751.0,0.00,0.00,0.00,0,12.01
8510,852,1173.0,1332.0,0.00,0.00,0.00,0,12.01
8512,853,1263.0,440.0,0.00,0.00,0.00,0,12.01
8512,854,1529.0,736.0,0.00,0.00,0.00,0,12.01
8513,853,1258.4,443.9,-0.10,0.09,0.14,0,7.47
8513,854,1529.0,736.3,0.00,0.01,0.01,0,7.47
8514,853,1256.0,446.3,-0.25,0.23,0.34,0,6.31
8514,854,1529.0,737.0,0.00,0.05,0.05,0,6.31
8516,853,1255.9,446.3,-0.25,0.23,0.34,0,9.98
8516,854,1529.0,737.0,0.00,0.05,0.05,0,9.98
8517,853,1255.9,446.3,-0.25,0.23,0.34,0,12.11
8517,854,1529.0,737.0,0.00,0.05,0.05,0,12.11
8518,853,1255.9,446.3,-0.25,0.23,0.34,0,14.47
8518,854,1529.0,737.0,0.00,0.05,0.05,0,14.47
8549,855,1422.0,341.0,0.00,0.00,0.00,0,12.01
8549,856,1429.0,348.0,0.00,0.00,0.00,0,12.01
8551,857,1423.0,340.0,0.00,0.00,0.00,0,12.01
8551,858,1100.0,582.0,0.00,0.00,0.00,0,12.01
8552,857,1423.0,340.0,0.00,0.00,0.00,0,14.02
8552,858,1099.0,580.4,-0.02,-0.03,0.04,0,7.46
8553,858,1097.7,578.5,-0.08,-0.12,0.14,0,6.40
8553,857,1423.0,340.0,0.00,0.00,0.00,0,16.19
8555,858,1097.7,578.4,-0.08,-0.12,0.14,0,10.46
8555,857,1423.0,340.0,0.00,0.00,0.00,0,20.41
8556,858,1097.7,578.4,-0.08,-0.12,0.14,0,12.58
8557,858,1097.7,578.4,-0.08,-0.12,0.14,0,14.97
8588,859,990.0,1325.0,0.00,0.00,0.00,0,12.01
8588,860,976.0,1332.0,0.00,0.00,0.00,0,12.01
8590,861,1017.0,1310.0,0.00,0.00,0.00,0,12.01
8590,862,1004.0,1318.0,0.00,0.00,0.00,0,12.01
8591,861,1016.7,1310.3,-0.01,0.01,0.01,0,7.50
8591,862,1011.5,1313.1,0.17,-0.11,0.20,0,7.50
8592,861,1020.1,1308.2,0.33,-0.20,0.39,0,6.31
8594,861,1020.2,1308.1,0.33,-0.20,0.39,0,9.98
8595,861,1020.2,1308.1,0.33,-0.20,0.39,0,12.01
8596,861,1020.2,1308.1,0.33,-0.20,0.39,0,14.35
8627,863,1263.0,731.0,0.00,0.00,0.00,0,12.01
8627,864,1262.0,739.0,0.00,0.00,0.00,0,12.01
8629,865,1261.0,685.0,0.00,0.00,0.00,0,12.01
8629,866,1262.0,703.0,0.00,0.00,0.00,0,12.01
8630,865,1260.7,685.3,-0.01,0.01,0.01,0,7.47
8630,866,1262.3,690.6,0.01,-0.28,0.28,0,7.47
8631,865,1261.0,680.6,0.01,-0.29,0.30,0,6.30
8633,865,1261.0,680.5,0.01,-0.29,0.30,0,9.93
8634,865,1261.0,680.5,0.01,-0.29,0.30,0,12.12
8635,865,1261.0,680.5,0.01,-0.29,0.30,0,14.47
8666,867,1229.0,590.0,0.00,0.00,0.00,0,12.01
8666,868,1257.0,592.0,0.00,0.00,0.00,0,12.01
8668,869,1171.0,585.0,0.00,0.00,0.00,0,12.01
8668,870,1213.0,588.0,0.00,0.00,0.00,0,12.01
8669,869,1172.3,584.7,0.03,-0.01,0.03,0,7.47
8669,870,1213.0,588.0,0.00,0.00,0.00,0,14.03
8670,869,1168.1,584.2,-0.23,-0.03,0.24,0,6.30
8670,870,1213.0,588.0,0.00,0.00,0.00,0,16.08
8672,869,1168.1,584.2,-0.23,-0.03,0.24,0,9.93
8672,870,1213.0,588.0,0.00,0.00,0.00,0,19.91
8673,869,1168.0,584.2,-0.23,-0.03,0.24,0,12.13
8674,869,1168.0,584.2,-0.23,-0.03,0.24,0,14.47
8705,871,1266.0,798.0,0.00,0.00,0.00,0,12.01
8705,872,1272.0,814.0,0.00,0.00,0.00,0,12.01
8707,873,1250.0,770.0,0.00,0.00,0.00,0,12.01
8707,874,1259.0,785.0,0.00,0.00,0.00,0,12.01
8708,873,1250.3,770.3,0.01,0.01,0.01,0,7.47
8708,874,1253.8,775.8,-0.12,-0.20,0.23,0,7.47
8709,873,1248.7,767.2,-0.09,-0.19,0.21,0,6.31
8711,873,1248.7,767.1,-0.09,-0.19,0.21,0,9.96
8712,873,1248.7,767.1,-0.09,-0.19,0.21,0,12.13
8713,873,1248.7,767.1,-0.09,-0.19,0.21,0,14.47
8744,875,580.0,360.0,0.00,0.00,0.00,0,12.01
8744,876,1171.0,568.0,0.00,0.00,0.00,0,12.01
8746,877,711.0,354.0,0.00,0.00,0.00,0,12.01
8746,878,729.0,364.0,0.00,0.00,0.00,0,12.01
8747,877,711.0,354.0,0.00,0.00,0.00,0,14.03
8747,878,729.0,364.0,0.00,0.00,0.00,0,14.03
8748,877,711.0,354.0,0.00,0.00,0.00,0,16.08
8748,878,729.0,364.0,0.00,0.00,0.00,0,16.08
8750,877,711.0,354.0,0.00,0.00,0.00,0,19.94
8750,878,729.0,364.0,0.00,0.00,0.00,0,19.94
8783,879,1068.0,526.0,0.00,0.00,0.00,0,12.01
8783,880,1352.0,641.0,0.00,0.00,0.00,0,12.01
8785,881,1076.0,513.0,0.00,0.00,0.00,0,12.01
8785,882,1387.0,625.0,0.00,0.00,0.00,0,12.01
8786,881,1077.0,511.0,0.02,-0.04,0.05,0,7.47
8786,882,1387.0,625.0,0.00,0.00,0.00,0,7.47
8787,881,1077.5,508.2,0.05,-0.19,0.19,0,6.30
8787,882,1390.3,622.7,0.17,-0.12,0.21,0,6.30
8789,881,1077.5,508.1,0.05,-0.19,0.19,0,9.93
8789,882,1390.4,622.7,0.17,-0.12,0.21,0,9.93
8790,881,1077.5,508.1,0.05,-0.19,0.19,0,12.09
8790,882,1390.4,622.7,0.17,-0.12,0.21,0,12.09
8791,881,1077.5,508.1,0.05,-0.19,0.19,0,14.42
8791,882,1390.4,622.6,0.17,-0.12,0.21,0,14.42
8822,883,1226.0,176.0,0.00,0.00,0.00,0,12.01
8822,884,1512.0,883.0,0.00,0.00,0.00,0,12.01
8824,885,1159.0,180.0,0.00,0.00,0.00,0,12.01
8824,886,1496.0,858.0,0.00,0.00,0.00,0,12.01
8825,885,1159.0,180.0,0.00,0.00,0.00,0,14.03
8825,886,1496.0,858.3,0.00,0.01,0.01,0,7.47
8826,885,1152.0,181.1,-0.31,0.05,0.32,0,7.87
8826,886,1494.7,853.1,-0.08,-0.33,0.34,0,6.31
8828,885,1151.9,181.1,-0.31,0.05,0.32,0,11.55
8828,886,1494.7,853.0,-0.08,-0.33,0.34,0,9.99
8829,885,1151.9,181.1,-0.31,0.05,0.32,0,13.68
8829,886,1494.7,853.0,-0.08,-0.33,0.34,0,12.13
8830,885,1151.9,181.1,-0.31,0.05,0.32,0,16.03
8830,886,1494.7,853.0,-0.08,-0.33,0.34,0,14.48
8861,887,1093.0,523.0,0.00,0.00,0.00,0,12.01
8861,888,1102.0,539.0,0.00,0.00,0.00,0,12.01
8863,889,947.0,187.0,0.00,0.00,0.00,0,12.01
8863,890,953.0,188.0,0.00,0.00,0.00,0,12.01
8864,889,949.3,186.7,0.05,-0.01,0.05,0,7.47
8864,890,953.0,188.0,0.00,0.00,0.00,0,14.03
8865,889,949.3,186.7,0.05,-0.01,0.05,0,9.51
8867,889,949.3,186.7,0.05,-0.01,0.05,0,13.29
8868,889,949.3,186.7,0.05,-0.01,0.05,0,15.43
8900,891,1115.0,803.0,0.00,0.00,0.00,0,12.01
8900,892,1472.0,894.0,0.00,0.00,0.00,0,12.01
8902,893,1493.0,832.0,0.00,0.00,0.00,0,12.01
8902,894,1482.0,877.0,0.00,0.00,0.00,0,12.01
8903,893,1495.3,830.7,0.05,-0.03,0.05,0,7.47
8903,894,1483.6,873.1,0.03,-0.08,0.09,0,7.47
8904,893,1495.5,834.9,0.06,0.18,0.18,0,6.30
8904,894,1485.0,870.0,0.10,-0.23,0.25,0,6.30
8906,893,1495.5,834.9,0.06,0.18,0.18,0,9.96
8906,894,1485.0,869.9,0.10,-0.23,0.25,0,9.96
8907,893,1495.5,834.9,0.06,0.18,0.18,0,12.08
8907,894,1485.0,869.9,0.10,-0.23,0.25,0,12.08
8908,893,1495.5,834.9,0.06,0.18,0.18,0,14.42
8908,894,1485.0,869.9,0.10,-0.23,0.25,0,14.42
8939,895,1502.0,775.0,0.00,0.00,0.00,0,12.01
8939,896,1511.0,793.0,0.00,0.00,0.00,0,12.01
8941,897,596.0,412.0,0.00,0.00,0.00,0,12.01
8941,898,623.0,418.0,0.00,0.00,0.00,0,12.01
8942,897,595.0,411.7,-0.02,-0.01,0.02,0,7.46
8942,898,623.0,418.0,0.00,0.00,0.00,0,14.02
8943,897,587.8,410.7,-0.32,-0.05,0.32,0,6.29
8943,898,623.0,418.0,0.00,0.00,0.00,0,16.04
8945,897,587.7,410.7,-0.32,-0.05,0.32,0,9.81
8945,898,623.0,418.0,0.00,0.00,0.00,0,19.72
8946,897,587.7,410.7,-0.32,-0.05,0.32,0,11.99
8947,897,587.7,410.7,-0.32,-0.05,0.32,0,14.32
8978,899,527.0,647.0,0.00,0.00,0.00,0,12.01
8978,900,1101.0,828.0,0.00,0.00,0.00,0,12.01
8980,901,493.0,570.0,0.00,0.00,0.00,0,12.01
8980,902,507.0,586.0,0.00,0.00,0.00,0,12.01
8981,901,493.0,570.0,0.00,0.00,0.00,0,14.02
8981,902,507.0,586.0,0.00,0.00,0.00,0,14.02
8982,901,487.0,562.3,-0.19,-0.25,0.31,0,7.86
8982,902,507.0,586.0,0.00,0.00,0.00,0,16.05
8984,901,487.0,562.2,-0.19,-0.25,0.31,0,11.46
8984,902,507.0,586.0,0.00,0.00,0.00,0,19.80
8985,901,487.0,562.2,-0.19,-0.25,0.31,0,13.63
8986,901,487.0,562.2,-0.19,-0.25,0.31,0,15.96
9017,903,1218.0,1238.0,0.00,0.00,0.00,0,12.01
9017,904,1236.0,1241.0,0.00,0.00,0.00,0,12.01
9019,905,1181.0,1233.0,0.00,0.00,0.00,0,12.01
9019,906,1199.0,1235.0,0.00,0.00,0.00,0,12.01
9020,905,1181.0,1233.0,0.00,0.00,0.00,0,7.46
9020,906,1199.0,1235.0,0.00,0.00,0.00,0,14.02
9021,905,1171.0,1232.2,-0.43,-0.03,0.43,0,6.28
9021,906,1199.0,1235.0,0.00,0.00,0.00,0,16.04
9023,905,1170.9,1232.2,-0.43,-0.03,0.43,0,9.73
9023,906,1199.0,1235.0,0.00,0.00,0.00,0,19.63
9024,905,1170.9,1232.2,-0.43,-0.03,0.43,0,11.94
9025,905,1170.9,1232.2,-0.43,-0.03,0.43,0,14.28
9056,907,625.0,1265.0,0.00,0.00,0.00,0,12.01
9056,908,613.0,1269.0,0.00,0.00,0.00,0,12.01
9058,909,1115.0,100.0,0.00,0.00,0.00,0,12.01
9058,910,1138.0,160.0,0.00,0.00,0.00,0,12.01
9059,909,1115.0,100.0,0.00,0.00,0.00,0,14.04
9059,910,1136.4,160.0,-0.04,0.00,0.04,0,7.47
9060,910,1143.0,166.9,0.38,0.45,0.59,0,6.30
9060,909,1115.0,100.0,0.00,0.00,0.00,0,16.08
9062,910,1143.1,167.1,0.38,0.45,0.59,0,9.98
9062,909,1115.0,100.0,0.00,0.00,0.00,0,19.96
9063,910,1143.1,167.1,0.38,0.45,0.59,0,12.10
9064,910,1143.1,167.1,0.38,0.45,0.59,0,14.45
9095,911,570.0,555.0,0.00,0.00,0.00,0,12.01
9095,912,1212.0,563.0,0.00,0.00,0.00,0,12.01
9097,913,1177.0,529.0,0.00,0.00,0.00,0,12.01
9097,914,1387.0,743.0,0.00,0.00,0.00,0,12.01
9098,913,1177.0,529.7,0.00,0.02,0.02,0,7.47
9098,914,1387.0,743.0,0.00,0.00,0.00,0,7.47
9099,913,1173.9,526.9,-0.20,-0.16,0.26,0,6.31
9099,914,1381.6,743.0,-0.35,0.00,0.35,0,6.31
9101,913,1173.9,526.9,-0.20,-0.16,0.26,0,9.96
9101,914,1381.5,743.0,-0.35,0.00,0.35,0,9.96
9102,913,1173.9,526.9,-0.20,-0.16,0.26,0,12.12
9102,914,1381.5,743.0,-0.35,0.00,0.35,0,12.12
9103,913,1173.8,526.9,-0.20,-0.16,0.26,0,14.47
9103,914,1381.5,743.0,-0.35,0.00,0.35,0,14.47
9134,915,1350.0,686.0,0.00,0.00,0.00,0,12.01
9134,916,1599.0,721.0,0.00,0.00,0.00,0,12.01
9136,917,1340.0,687.0,0.00,0.00,0.00,0,12.01
9136,918,1404.0,762.0,0.00,0.00,0.00,0,12.01
9137,917,1339.0,688.0,-0.02,0.02,0.03,0,7.47
9137,918,1404.0,761.7,0.00,-0.01,0.01,0,7.47
9138,917,1338.0,689.5,-0.09,0.12,0.15,0,6.30
9138,918,1404.5,761.5,0.03,-0.02,0.04,0,6.30
9140,917,1338.0,689.6,-0.09,0.12,0.15,0,9.93
9140,918,1404.5,761.5,0.03,-0.02,0.04,0,9.93
9141,917,1338.0,689.6,-0.09,0.12,0.15,0,12.09
9141,918,1404.5,761.5,0.03,-0.02,0.04,0,12.09
9142,917,1338.0,689.6,-0.09,0.12,0.15,0,14.43
9142,918,1404.5,761.5,0.03,-0.02,0.04,0,14.43
9173,919,1255.0,736.0,0.00,0.00,0.00,0,12.01
9173,920,1260.0,743.0,0.00,0.00,0.00,0,12.01
9175,921,1222.0,705.0,0.00,0.00,0.00,0,12.01
9175,922,1241.0,722.0,0.00,0.00,0.00,0,12.01
9176,921,1222.3,705.0,0.01,0.00,0.01,0,7.46
9176,922,1241.0,722.0,0.00,0.00,0.00,0,14.02
9177,921,1219.2,702.2,-0.13,-0.13,0.19,0,6.28
9177,922,1241.0,722.0,0.00,0.00,0.00,0,16.04
9179,921,1219.1,702.1,-0.13,-0.13,0.19,0,9.67
9179,922,1241.0,722.0,0.00,0.00,0.00,0,19.58
9180,921,1219.1,702.1,-0.13,-0.13,0.19,0,11.91
9181,921,1219.1,702.1,-0.13,-0.13,0.19,0,14.23
9212,923,1252.0,948.0,0.00,0.00,0.00,0,12.01
9212,924,1377.0,1009.0,0.00,0.00,0.00,0,12.01
9214,925,1253.0,967.0,0.00,0.00,0.00,0,12.01
9214,926,1341.0,985.0,0.00,0.00,0.00,0,12.01
9215,925,1255.9,969.9,0.06,0.06,0.09,0,7.46
9215,926,1341.3,985.3,0.01,0.01,0.01,0,7.46
9216,925,1260.1,972.5,0.23,0.16,0.28,0,6.29
9216,926,1337.4,982.2,-0.15,-0.12,0.19,0,6.29
9218,925,1260.1,972.6,0.23,0.16,0.28,0,9.86
9218,926,1337.4,982.1,-0.15,-0.12,0.19,0,9.86
9219,925,1260.1,972.6,0.23,0.16,0.28,0,12.02
9219,926,1337.3,982.1,-0.15,-0.12,0.19,0,12.02
9220,925,1260.1,972.6,0.23,0.16,0.28,0,14.36
9220,926,1337.3,982.1,-0.15,-0.12,0.19,0,14.36
