frame,track,x,y,vx,vy,speed,state,cov
13,0,787.0,504.0,0.00,0.00,0.00,0,12.01
14,0,786.3,503.7,-0.02,-0.01,0.02,0,7.48
14,1,790.0,510.0,0.00,0.00,0.00,0,12.01
15,0,787.3,504.8,0.05,0.07,0.08,0,6.31
17,0,787.3,504.8,0.05,0.07,0.08,0,9.94
18,0,787.3,504.8,0.05,0.07,0.08,0,12.13
19,0,787.3,504.8,0.05,0.07,0.08,0,14.47
76,2,1033.0,1286.0,0.00,0.00,0.00,0,12.01
77,2,1033.0,1286.7,0.00,0.01,0.01,0,7.47
77,3,1034.0,1276.0,0.00,0.00,0.00,0,12.01
78,2,1033.0,1284.4,0.00,-0.13,0.13,0,6.30
80,2,1033.0,1284.4,0.00,-0.13,0.13,0,9.97
81,2,1033.0,1284.4,0.00,-0.13,0.13,0,12.12
82,2,1033.0,1284.4,0.00,-0.13,0.13,0,14.46
137,4,538.0,505.0,0.00,0.00,0.00,0,12.01
138,4,538.0,505.0,0.00,0.00,0.00,0,14.04
139,4,538.0,505.0,0.00,0.00,0.00,0,16.08
139,5,874.0,344.0,0.00,0.00,0.00,0,12.01
141,4,538.0,505.0,0.00,0.00,0.00,0,19.95
141,5,874.0,344.0,0.00,0.00,0.00,0,15.12
142,5,874.0,344.0,0.00,0.00,0.00,0,17.24
143,5,874.0,344.0,0.00,0.00,0.00,0,19.49
191,6,362.0,755.0,0.00,0.00,0.00,0,12.01
192,6,363.6,755.0,0.04,0.00,0.04,0,7.48
193,6,364.5,754.7,0.10,-0.02,0.10,0,6.31
193,7,371.0,750.0,0.00,0.00,0.00,0,12.01
195,6,364.5,754.7,0.10,-0.02,0.10,0,9.95
195,7,371.0,750.0,0.00,0.00,0.00,0,15.12
196,6,364.5,754.7,0.10,-0.02,0.10,0,12.12
196,7,371.0,750.0,0.00,0.00,0.00,0,17.24
197,6,364.5,754.7,0.10,-0.02,0.10,0,14.46
197,7,371.0,750.0,0.00,0.00,0.00,0,19.48
258,8,833.0,1106.0,0.00,0.00,0.00,0,12.01
259,8,830.7,1107.3,-0.06,0.03,0.07,0,7.47
260,8,830.7,1107.3,-0.06,0.03,0.07,0,9.52
262,8,830.7,1107.3,-0.06,0.03,0.07,0,13.30
263,8,830.7,1107.3,-0.06,0.03,0.07,0,15.46
295,9,1468.0,863.0,0.00,0.00,0.00,0,12.01
296,9,1467.7,861.4,-0.01,-0.04,0.04,0,7.48
296,10,1464.0,851.0,0.00,0.00,0.00,0,12.01
297,9,1466.5,857.4,-0.10,-0.33,0.34,0,6.31
299,9,1466.4,857.3,-0.10,-0.33,0.34,0,9.97
300,9,1466.4,857.3,-0.10,-0.33,0.34,0,12.11
301,9,1466.4,857.3,-0.10,-0.33,0.34,0,14.50
361,11,1412.0,878.0,0.00,0.00,0.00,0,12.01
361,12,1424.0,879.0,0.00,0.00,0.00,0,12.01
362,11,1412.3,878.0,0.01,0.00,0.01,0,7.48
362,12,1416.1,877.7,-0.20,-0.03,0.20,0,7.48
363,11,1409.4,877.2,-0.18,-0.05,0.19,0,6.31
365,11,1409.4,877.2,-0.18,-0.05,0.19,0,9.93
366,11,1409.4,877.2,-0.18,-0.05,0.19,0,12.13
367,11,1409.4,877.2,-0.18,-0.05,0.19,0,14.47
404,13,655.0,726.0,0.00,0.00,0.00,0,12.01
406,15,657.0,732.0,0.00,0.00,0.00,0,12.01
407,15,657.0,732.0,0.00,0.00,0.00,0,14.04
408,15,657.0,732.0,0.00,0.00,0.00,0,16.14
410,15,657.0,732.0,0.00,0.00,0.00,0,20.24
470,17,1296.0,942.0,0.00,0.00,0.00,0,12.01
472,19,1296.0,951.0,0.00,0.00,0.00,0,12.01
472,20,1300.0,961.0,0.00,0.00,0.00,0,12.01
473,19,1297.0,953.9,0.02,0.07,0.08,0,7.48
473,20,1301.3,964.3,0.03,0.08,0.09,0,7.48
474,19,1298.8,958.1,0.14,0.35,0.37,0,6.31
476,19,1298.8,958.2,0.14,0.35,0.37,0,9.98
477,19,1298.8,958.2,0.14,0.35,0.37,0,12.12
478,19,1298.8,958.2,0.14,0.35,0.37,0,14.47
509,21,755.0,954.0,0.00,0.00,0.00,0,12.01
509,22,883.0,985.0,0.00,0.00,0.00,0,12.01
509,23,1055.0,1204.0,0.00,0.00,0.00,0,12.01
513,24,853.0,961.0,0.00,0.00,0.00,0,12.01
514,24,852.0,960.7,-0.03,-0.01,0.03,0,7.47
515,24,852.0,960.7,-0.03,-0.01,0.03,0,9.51
517,24,852.0,960.7,-0.03,-0.01,0.03,0,13.29
518,24,852.0,960.7,-0.03,-0.01,0.03,0,15.45
573,25,585.0,1178.0,0.00,0.00,0.00,0,12.01
574,25,585.0,1178.0,0.00,0.00,0.00,0,14.03
575,25,589.9,1181.2,0.22,0.14,0.26,0,7.87
577,25,590.0,1181.2,0.22,0.14,0.26,0,11.54
578,25,590.0,1181.2,0.22,0.14,0.26,0,13.69
579,25,590.0,1181.2,0.22,0.14,0.26,0,16.04
610,26,451.0,810.0,0.00,0.00,0.00,0,12.01
611,26,450.3,808.7,-0.02,-0.03,0.04,0,7.48
612,26,448.7,808.0,-0.13,-0.08,0.15,0,6.31
614,26,448.7,808.0,-0.13,-0.08,0.15,0,10.00
615,26,448.7,808.0,-0.13,-0.08,0.15,0,12.11
616,26,448.7,808.0,-0.13,-0.08,0.15,0,14.46
647,27,1197.0,960.0,0.00,0.00,0.00,0,12.01
647,28,1206.0,969.0,0.00,0.00,0.00,0,12.01
647,29,703.0,1184.0,0.00,0.00,0.00,0,12.01
649,31,910.0,492.0,0.00,0.00,0.00,0,12.01
649,32,1187.0,947.0,0.00,0.00,0.00,0,12.01
649,33,1193.0,954.0,0.00,0.00,0.00,0,12.01
649,34,691.0,1182.0,0.00,0.00,0.00,0,12.01
650,31,907.4,493.3,-0.06,0.03,0.07,0,7.47
650,32,1187.3,947.3,0.01,0.01,0.01,0,7.47
650,33,1189.1,949.4,-0.09,-0.10,0.14,0,7.47
650,34,689.0,1182.0,-0.04,0.00,0.04,0,7.47
650,35,889.0,501.0,0.00,0.00,0.00,0,12.01
651,32,1186.2,946.0,-0.06,-0.08,0.10,0,6.31
651,34,687.0,1182.0,-0.17,0.00,0.17,0,6.31
651,31,907.4,493.3,-0.06,0.03,0.07,0,9.51
653,32,1186.2,945.9,-0.06,-0.08,0.10,0,9.96
653,34,686.9,1182.0,-0.17,0.00,0.17,0,9.96
653,31,907.4,493.3,-0.06,0.03,0.07,0,13.29
654,32,1186.2,945.9,-0.06,-0.08,0.10,0,12.12
654,34,686.9,1182.0,-0.17,0.00,0.17,0,12.12
654,31,907.4,493.3,-0.06,0.03,0.07,0,15.45
655,32,1186.2,945.9,-0.06,-0.08,0.10,0,14.46
655,34,686.9,1182.0,-0.17,0.00,0.17,0,14.46
686,37,542.0,645.0,0.00,0.00,0.00,0,12.01
688,40,545.0,644.0,0.00,0.00,0.00,0,12.01
688,41,435.0,983.0,0.00,0.00,0.00,0,12.01
688,42,438.0,991.0,0.00,0.00,0.00,0,12.01
689,40,545.7,644.0,0.02,0.00,0.02,0,7.48
689,41,435.7,984.6,0.02,0.04,0.04,0,7.48
689,42,438.0,992.6,0.00,0.04,0.04,0,7.48
689,43,555.0,640.0,0.00,0.00,0.00,0,12.01
690,40,547.8,643.0,0.16,-0.07,0.17,0,6.31
690,41,436.3,987.3,0.06,0.21,0.22,0,6.31
692,40,547.8,643.0,0.16,-0.07,0.17,0,9.98
692,41,436.3,987.4,0.06,0.21,0.22,0,9.98
693,40,547.8,643.0,0.16,-0.07,0.17,0,12.13
693,41,436.3,987.4,0.06,0.21,0.22,0,12.13
694,40,547.9,642.9,0.16,-0.07,0.17,0,14.47
694,41,436.3,987.4,0.06,0.21,0.22,0,14.47
729,45,1186.0,330.0,0.00,0.00,0.00,0,12.01
730,45,1184.7,330.3,-0.03,0.01,0.03,0,7.47
731,45,1183.2,330.8,-0.13,0.04,0.13,0,6.31
731,46,1171.0,335.0,0.00,0.00,0.00,0,12.01
733,45,1183.2,330.8,-0.13,0.04,0.13,0,10.00
733,46,1171.0,335.0,0.00,0.00,0.00,0,15.15
734,45,1183.2,330.8,-0.13,0.04,0.13,0,12.13
734,46,1171.0,335.0,0.00,0.00,0.00,0,17.24
735,45,1183.2,330.8,-0.13,0.04,0.13,0,14.52
735,46,1171.0,335.0,0.00,0.00,0.00,0,19.53
821,47,1419.0,1082.0,0.00,0.00,0.00,0,12.01
822,47,1419.0,1082.0,0.00,0.00,0.00,0,14.04
823,47,1419.0,1082.0,0.00,0.00,0.00,0,16.09
825,47,1419.0,1082.0,0.00,0.00,0.00,0,20.00
858,48,1211.0,1221.0,0.00,0.00,0.00,0,12.01
859,48,1210.3,1221.0,-0.02,0.00,0.02,0,7.53
860,48,1211.8,1221.0,0.16,0.00,0.16,0,6.33
860,49,1225.0,1222.0,0.00,0.00,0.00,0,12.01
862,48,1211.9,1221.0,0.16,0.00,0.16,0,10.05
862,49,1225.0,1222.0,0.00,0.00,0.00,0,15.08
863,48,1211.9,1221.0,0.16,0.00,0.16,0,12.29
863,49,1225.0,1222.0,0.00,0.00,0.00,0,17.24
864,48,1211.9,1221.0,0.16,0.00,0.16,0,14.70
864,49,1225.0,1222.0,0.00,0.00,0.00,0,19.52
1006,50,916.0,1309.0,0.00,0.00,0.00,0,12.01
1007,50,916.0,1309.0,0.00,0.00,0.00,0,14.03
1008,50,916.0,1309.0,0.00,0.00,0.00,0,16.09
1010,50,916.0,1309.0,0.00,0.00,0.00,0,19.97
1045,51,507.0,1156.0,0.00,0.00,0.00,0,12.01
1046,51,507.3,1156.3,0.01,0.01,0.01,0,7.47
1046,52,495.0,1152.0,0.00,0.00,0.00,0,12.01
1047,51,504.4,1155.2,-0.18,-0.06,0.19,0,6.30
1049,51,504.4,1155.2,-0.18,-0.06,0.19,0,9.93
1050,51,504.4,1155.2,-0.18,-0.06,0.19,0,12.12
1051,51,504.4,1155.2,-0.18,-0.06,0.19,0,14.45
1082,54,934.0,641.0,0.00,0.00,0.00,0,12.01
1082,55,704.0,771.0,0.00,0.00,0.00,0,12.01
1084,56,956.0,633.0,0.00,0.00,0.00,0,12.01
1084,57,947.0,639.0,0.00,0.00,0.00,0,12.01
1085,56,955.7,633.3,-0.01,0.01,0.01,0,7.47
1085,57,952.6,635.4,0.13,-0.08,0.15,0,7.47
1085,58,1152.0,1208.0,0.00,0.00,0.00,0,12.01
1086,56,957.3,632.0,0.10,-0.08,0.12,0,6.30
1088,56,957.3,631.9,0.10,-0.08,0.12,0,9.95
1089,56,957.3,631.9,0.10,-0.08,0.12,0,12.11
1090,56,957.3,631.9,0.10,-0.08,0.12,0,14.45
1121,59,1224.0,536.0,0.00,0.00,0.00,0,12.01
1121,60,1232.0,545.0,0.00,0.00,0.00,0,12.01
1123,61,1235.0,554.0,0.00,0.00,0.00,0,12.01
1123,62,698.0,781.0,0.00,0.00,0.00,0,12.01
1124,61,1236.3,562.2,0.03,0.17,0.17,0,7.46
1124,62,697.7,780.7,-0.01,-0.01,0.01,0,7.46
1124,63,706.0,792.0,0.00,0.00,0.00,0,12.00
1125,61,1237.0,566.0,0.06,0.35,0.35,0,6.29
1125,62,701.1,786.1,0.15,0.24,0.29,0,6.29
1127,61,1237.0,566.1,0.06,0.35,0.35,0,9.79
1127,62,701.1,786.2,0.15,0.24,0.29,0,9.79
1128,61,1237.0,566.1,0.06,0.35,0.35,0,12.01
1128,62,701.1,786.2,0.15,0.24,0.29,0,12.01
1129,61,1237.0,566.1,0.06,0.35,0.35,0,14.35
1129,62,701.1,786.2,0.15,0.24,0.29,0,14.35
1164,66,582.0,571.0,0.00,0.00,0.00,0,12.01
1165,66,582.0,571.0,0.00,0.00,0.00,0,14.04
1166,66,582.0,571.0,0.00,0.00,0.00,0,16.09
1168,66,582.0,571.0,0.00,0.00,0.00,0,19.92
1201,67,917.0,1227.0,0.00,0.00,0.00,0,12.01
1201,68,912.0,1239.0,0.00,0.00,0.00,0,12.01
1202,67,915.7,1230.3,-0.03,0.08,0.09,0,7.51
1202,68,910.7,1241.6,-0.03,0.06,0.07,0,7.51
1203,67,914.0,1234.1,-0.22,0.49,0.53,0,6.32
1205,67,913.9,1234.2,-0.22,0.49,0.53,0,10.04
1206,67,913.9,1234.2,-0.22,0.49,0.53,0,12.31
1207,67,913.9,1234.2,-0.22,0.49,0.53,0,14.72
1334,69,448.0,969.0,0.00,0.00,0.00,0,12.01
1335,69,448.0,969.3,0.00,0.01,0.01,0,7.47
1336,69,448.0,969.3,0.00,0.01,0.01,0,9.52
1338,69,448.0,969.3,0.00,0.01,0.01,0,13.32
1339,69,448.0,969.3,0.00,0.01,0.01,0,15.45
1375,70,555.0,1244.0,0.00,0.00,0.00,0,12.01
1376,70,555.3,1244.3,0.01,0.01,0.01,0,7.47
1377,70,555.3,1244.3,0.01,0.01,0.01,0,9.52
1379,70,555.3,1244.3,0.01,0.01,0.01,0,13.30
1380,70,555.3,1244.3,0.01,0.01,0.01,0,15.46
1416,71,1016.0,1078.0,0.00,0.00,0.00,0,12.01
1417,71,1015.7,1078.0,-0.01,0.00,0.01,0,7.47
1417,72,1025.0,1071.0,0.00,0.00,0.00,0,12.01
1418,71,1017.6,1076.7,0.11,-0.08,0.14,0,6.31
1418,72,1027.0,1069.4,0.05,-0.04,0.06,0,7.47
1420,71,1017.6,1076.7,0.11,-0.08,0.14,0,9.95
1420,72,1027.0,1069.4,0.05,-0.04,0.06,0,10.85
1421,71,1017.6,1076.7,0.11,-0.08,0.14,0,12.12
1421,72,1027.0,1069.3,0.05,-0.04,0.06,0,13.00
1422,71,1017.6,1076.7,0.11,-0.08,0.14,0,14.46
1422,72,1027.0,1069.3,0.05,-0.04,0.06,0,15.29
1482,73,1059.0,1175.0,0.00,0.00,0.00,0,12.01
1483,73,1059.0,1175.0,0.00,0.00,0.00,0,14.04
1484,73,1059.0,1175.0,0.00,0.00,0.00,0,16.09
1484,74,1029.0,1128.0,0.00,0.00,0.00,0,12.01
1486,73,1059.0,1175.0,0.00,0.00,0.00,0,19.97
1486,74,1029.0,1128.0,0.00,0.00,0.00,0,15.13
1487,74,1029.0,1128.0,0.00,0.00,0.00,0,17.24
1488,74,1029.0,1128.0,0.00,0.00,0.00,0,19.49
1520,75,704.0,1257.0,0.00,0.00,0.00,0,12.03
1521,75,704.0,1257.0,0.00,0.00,0.00,0,14.06
1522,75,704.0,1257.0,0.00,0.00,0.00,0,16.09
1524,75,704.0,1257.0,0.00,0.00,0.00,0,19.84
1562,76,398.0,956.0,0.00,0.00,0.00,0,12.01
1564,78,389.0,953.0,0.00,0.00,0.00,0,12.01
1565,78,388.0,952.7,-0.02,-0.01,0.03,0,7.48
1566,78,388.0,952.7,-0.02,-0.01,0.03,0,9.52
1568,78,388.0,952.7,-0.02,-0.01,0.03,0,13.32
1569,78,388.0,952.7,-0.02,-0.01,0.03,0,15.46
1669,79,1059.0,1318.0,0.00,0.00,0.00,0,12.01
1670,79,1059.0,1318.0,0.00,0.00,0.00,0,7.48
1670,80,1051.0,1311.0,0.00,0.00,0.00,0,12.01
1671,79,1056.9,1316.2,-0.14,-0.12,0.18,0,6.31
1673,79,1056.9,1316.2,-0.14,-0.12,0.18,0,9.97
1674,79,1056.9,1316.2,-0.14,-0.12,0.18,0,12.12
1675,79,1056.9,1316.2,-0.14,-0.12,0.18,0,14.47
1796,81,700.0,1336.0,0.00,0.00,0.00,0,12.01
1797,81,699.7,1332.7,-0.01,-0.08,0.08,0,7.49
1798,81,699.5,1331.2,-0.02,-0.21,0.21,0,6.31
1798,82,699.0,1317.0,0.00,0.00,0.00,0,12.01
1800,81,699.5,1331.2,-0.02,-0.21,0.21,0,9.92
1800,82,699.0,1317.0,0.00,0.00,0.00,0,15.05
1801,81,699.5,1331.2,-0.02,-0.21,0.21,0,12.06
1801,82,699.0,1317.0,0.00,0.00,0.00,0,17.15
1802,81,699.5,1331.2,-0.02,-0.21,0.21,0,14.40
1802,82,699.0,1317.0,0.00,0.00,0.00,0,19.39
1838,83,716.0,1124.0,0.00,0.00,0.00,0,12.00
1839,83,716.0,1124.3,0.00,0.00,0.00,0,7.47
1840,83,716.8,1122.4,0.04,-0.10,0.11,0,6.30
1842,83,716.8,1122.4,0.04,-0.10,0.11,0,9.92
1843,83,716.8,1122.4,0.04,-0.10,0.11,0,12.08
1844,83,716.8,1122.4,0.04,-0.10,0.11,0,14.42
1875,84,369.0,957.0,0.00,0.00,0.00,0,12.01
1876,84,370.0,955.4,0.02,-0.04,0.05,0,7.51
1876,85,884.0,822.0,0.00,0.00,0.00,0,12.03
1877,84,370.8,953.2,0.11,-0.27,0.29,0,6.32
1877,85,884.0,822.0,0.00,0.00,0.00,0,14.06
1879,84,370.8,953.1,0.11,-0.27,0.29,0,10.01
1879,85,884.0,822.0,0.00,0.00,0.00,0,17.62
1880,84,370.8,953.1,0.11,-0.27,0.29,0,12.32
1880,85,884.0,822.0,0.00,0.00,0.00,0,19.90
1881,84,370.8,953.1,0.11,-0.27,0.29,0,14.73
1912,86,1181.0,1257.0,0.00,0.00,0.00,0,12.01
1912,87,1172.0,1261.0,0.00,0.00,0.00,0,12.01
1913,86,1178.7,1258.3,-0.06,0.03,0.07,0,7.48
1913,87,1169.1,1261.7,-0.07,0.02,0.07,0,7.48
1914,86,1175.4,1259.3,-0.29,0.10,0.31,0,6.30
1916,86,1175.4,1259.3,-0.29,0.10,0.31,0,9.97
1917,86,1175.3,1259.3,-0.29,0.10,0.31,0,12.11
1918,86,1175.3,1259.3,-0.29,0.10,0.31,0,14.50
1950,88,649.0,1206.0,0.00,0.00,0.00,0,12.01
1951,88,649.0,1206.0,0.00,0.00,0.00,0,7.47
1952,88,649.0,1206.0,0.00,0.00,0.00,0,9.51
1954,88,649.0,1206.0,0.00,0.00,0.00,0,13.26
1955,88,649.0,1206.0,0.00,0.00,0.00,0,15.44
1990,89,1353.0,426.0,0.00,0.00,0.00,0,12.01
1991,89,1353.0,426.0,0.00,0.00,0.00,0,14.04
1992,89,1353.0,426.0,0.00,0.00,0.00,0,16.09
1994,89,1353.0,426.0,0.00,0.00,0.00,0,20.01
2033,90,1549.0,646.0,0.00,0.00,0.00,0,12.01
2035,92,1548.0,651.0,0.00,0.00,0.00,0,12.01
2035,93,1547.0,660.0,0.00,0.00,0.00,0,12.01
2036,92,1547.7,653.6,-0.01,0.07,0.07,0,7.47
2036,93,1546.7,662.9,-0.01,0.08,0.08,0,7.47
2037,92,1547.2,657.3,-0.04,0.31,0.31,0,6.31
2039,92,1547.2,657.4,-0.04,0.31,0.31,0,9.96
2040,92,1547.2,657.4,-0.04,0.31,0.31,0,12.13
2041,92,1547.2,657.4,-0.04,0.31,0.31,0,14.47
2083,94,1419.0,743.0,0.00,0.00,0.00,0,12.01
2084,94,1418.0,741.0,-0.02,-0.05,0.06,0,7.47
2085,94,1417.5,740.3,-0.06,-0.10,0.12,0,6.31
2087,94,1417.5,740.2,-0.06,-0.10,0.12,0,9.97
2088,94,1417.5,740.2,-0.06,-0.10,0.12,0,12.13
2089,94,1417.5,740.2,-0.06,-0.10,0.12,0,14.47
2128,96,1545.0,897.0,0.00,0.00,0.00,0,12.01
2128,97,1544.0,906.0,0.00,0.00,0.00,0,12.01
2129,96,1545.0,897.0,0.00,0.00,0.00,0,14.04
2129,97,1544.0,906.0,0.00,0.00,0.00,0,14.04
2130,96,1545.0,897.0,0.00,0.00,0.00,0,16.09
2132,96,1545.0,897.0,0.00,0.00,0.00,0,19.98
2176,98,1451.0,1018.0,0.00,0.00,0.00,0,12.01
2177,98,1451.0,1018.0,0.00,0.00,0.00,0,14.04
2178,98,1449.6,1014.1,-0.07,-0.18,0.19,0,7.87
2180,98,1449.6,1014.1,-0.07,-0.18,0.19,0,11.54
2181,98,1449.6,1014.1,-0.07,-0.18,0.19,0,13.69
2182,98,1449.6,1014.1,-0.07,-0.18,0.19,0,16.03
2225,100,991.0,1194.0,0.00,0.00,0.00,0,12.01
2227,102,993.0,1200.0,0.00,0.00,0.00,0,12.01
2227,103,989.0,1207.0,0.00,0.00,0.00,0,12.01
2228,102,991.7,1202.0,-0.03,0.05,0.06,0,7.48
2228,103,989.0,1207.0,0.00,0.00,0.00,0,14.04
2229,102,991.7,1202.0,-0.03,0.05,0.06,0,9.52
2231,102,991.7,1202.0,-0.03,0.05,0.06,0,13.30
2232,102,991.7,1202.0,-0.03,0.05,0.06,0,15.48
2276,104,1381.0,886.0,0.00,0.00,0.00,0,12.01
2277,104,1381.0,886.0,0.00,0.00,0.00,0,14.04
2278,104,1381.0,886.0,0.00,0.00,0.00,0,16.09
2280,104,1381.0,886.0,0.00,0.00,0.00,0,20.00
2314,105,1049.0,538.0,0.00,0.00,0.00,0,12.03
2315,105,1049.0,538.0,0.00,0.00,0.00,0,14.07
2316,105,1049.0,538.0,0.00,0.00,0.00,0,16.10
2318,105,1049.0,538.0,0.00,0.00,0.00,0,19.94
2352,106,715.0,256.0,0.00,0.00,0.00,0,12.01
2353,106,715.7,260.3,0.02,0.12,0.12,0,7.48
2354,106,715.7,262.0,0.02,0.23,0.23,0,6.31
2354,107,719.0,278.0,0.00,0.00,0.00,0,12.01
2356,106,715.8,262.1,0.02,0.23,0.23,0,9.94
2356,107,719.0,278.0,0.00,0.00,0.00,0,15.11
2357,106,715.8,262.1,0.02,0.23,0.23,0,12.11
2357,107,719.0,278.0,0.00,0.00,0.00,0,17.23
2358,106,715.8,262.1,0.02,0.23,0.23,0,14.45
2358,107,719.0,278.0,0.00,0.00,0.00,0,19.47
2401,108,1194.0,1095.0,0.00,0.00,0.00,0,12.01
2401,109,893.0,1403.0,0.00,0.00,0.00,0,12.01
2402,108,1194.3,1095.3,0.01,0.01,0.01,0,7.47
2402,109,893.0,1403.0,0.00,0.00,0.00,0,14.03
2403,108,1194.3,1095.3,0.01,0.01,0.01,0,9.51
2403,109,893.0,1403.0,0.00,0.00,0.00,0,16.08
2405,108,1194.3,1095.3,0.01,0.01,0.01,0,13.34
2405,109,893.0,1403.0,0.00,0.00,0.00,0,20.00
2406,108,1194.3,1095.3,0.01,0.01,0.01,0,15.45
2448,110,886.0,1231.0,0.00,0.00,0.00,0,12.01
2449,110,885.7,1230.7,-0.01,-0.01,0.01,0,7.47
2449,111,778.0,925.0,0.00,0.00,0.00,0,12.01
2449,112,895.0,1231.0,0.00,0.00,0.00,0,12.01
2450,110,887.6,1230.5,0.12,-0.02,0.12,0,6.30
2450,111,778.3,925.0,0.01,0.00,0.01,0,7.47
2450,112,897.0,1231.3,0.05,0.01,0.05,0,7.47
2450,113,772.0,925.0,0.00,0.00,0.00,0,12.01
2452,110,887.6,1230.5,0.12,-0.02,0.12,0,9.91
2452,111,778.3,925.0,0.01,0.00,0.01,0,10.82
2452,112,897.0,1231.3,0.05,0.01,0.05,0,10.82
2452,113,772.0,925.0,0.00,0.00,0.00,0,15.09
2453,110,887.6,1230.5,0.12,-0.02,0.12,0,12.12
2453,111,778.3,925.0,0.01,0.00,0.01,0,12.99
2453,112,897.0,1231.3,0.05,0.01,0.05,0,12.99
2453,113,772.0,925.0,0.00,0.00,0.00,0,17.24
2454,110,887.6,1230.5,0.12,-0.02,0.12,0,14.47
2454,111,778.3,925.0,0.01,0.00,0.01,0,15.29
2454,112,897.0,1231.3,0.05,0.01,0.05,0,15.29
2454,113,772.0,925.0,0.00,0.00,0.00,0,19.49
2526,114,574.0,1100.0,0.00,0.00,0.00,0,12.01
2527,114,572.7,1094.1,-0.03,-0.14,0.14,0,7.48
2528,114,571.2,1087.9,-0.13,-0.55,0.57,0,6.31
2530,114,571.2,1087.7,-0.13,-0.55,0.57,0,9.96
2531,114,571.2,1087.7,-0.13,-0.55,0.57,0,12.13
2532,114,571.2,1087.7,-0.13,-0.55,0.57,0,14.47
2591,115,802.0,1214.0,0.00,0.00,0.00,0,12.01
2592,115,802.0,1214.0,0.00,0.00,0.00,0,14.04
2593,115,802.0,1214.0,0.00,0.00,0.00,0,16.08
2595,115,802.0,1214.0,0.00,0.00,0.00,0,19.91
2636,116,779.0,819.0,0.00,0.00,0.00,0,12.01
2637,116,779.0,819.0,0.00,0.00,0.00,0,14.04
2638,116,779.0,819.0,0.00,0.00,0.00,0,16.09
2640,116,779.0,819.0,0.00,0.00,0.00,0,19.98
2674,119,573.0,576.0,0.00,0.00,0.00,0,12.01
2674,120,746.0,844.0,0.00,0.00,0.00,0,12.01
2675,119,575.3,575.0,0.07,-0.03,0.07,0,7.47
2675,120,746.0,844.0,0.00,0.00,0.00,0,14.04
2675,121,586.0,568.0,0.00,0.00,0.00,0,12.01
2676,119,577.8,573.5,0.23,-0.13,0.26,0,6.30
2676,120,746.0,844.0,0.00,0.00,0.00,0,16.09
2678,119,577.9,573.4,0.23,-0.13,0.26,0,9.96
2678,120,746.0,844.0,0.00,0.00,0.00,0,19.97
2679,119,577.9,573.4,0.23,-0.13,0.26,0,12.11
2680,119,577.9,573.4,0.23,-0.13,0.26,0,14.50
2718,122,1106.0,1258.0,0.00,0.00,0.00,0,12.01
2719,122,1107.0,1258.3,0.02,0.01,0.03,0,7.48
2719,123,1097.0,1256.0,0.00,0.00,0.00,0,12.01
2720,122,1104.9,1258.0,-0.11,-0.01,0.11,0,6.30
2720,123,1097.0,1256.0,0.00,0.00,0.00,0,14.04
2722,122,1104.9,1258.0,-0.11,-0.01,0.11,0,9.95
2722,123,1097.0,1256.0,0.00,0.00,0.00,0,17.50
2723,122,1104.9,1258.0,-0.11,-0.01,0.11,0,12.13
2723,123,1097.0,1256.0,0.00,0.00,0.00,0,19.66
2724,122,1104.9,1258.0,-0.11,-0.01,0.11,0,14.47
2757,124,1170.0,1214.0,0.00,0.00,0.00,0,12.01
2758,124,1170.0,1214.0,0.00,0.00,0.00,0,7.47
2759,124,1170.0,1214.0,0.00,0.00,0.00,0,9.52
2761,124,1170.0,1214.0,0.00,0.00,0.00,0,13.28
2762,124,1170.0,1214.0,0.00,0.00,0.00,0,15.46
2854,125,510.0,1179.0,0.00,0.00,0.00,0,12.02
2855,125,510.0,1179.0,0.00,0.00,0.00,0,14.04
2856,125,510.0,1179.0,0.00,0.00,0.00,0,16.08
2858,125,510.0,1179.0,0.00,0.00,0.00,0,19.92
2892,126,1159.0,297.0,0.00,0.00,0.00,0,12.01
2893,126,1159.0,299.9,0.00,0.08,0.08,0,7.47
2894,126,1159.0,301.0,0.00,0.15,0.15,0,6.31
2894,127,1158.0,316.0,0.00,0.00,0.00,0,12.01
2896,126,1159.0,301.0,0.00,0.15,0.15,0,10.00
2896,127,1158.0,316.0,0.00,0.00,0.00,0,15.16
2897,126,1159.0,301.0,0.00,0.15,0.15,0,12.11
2897,127,1158.0,316.0,0.00,0.00,0.00,0,17.24
2898,126,1159.0,301.0,0.00,0.15,0.15,0,14.52
2898,127,1158.0,316.0,0.00,0.00,0.00,0,19.53
2929,128,692.0,437.0,0.00,0.00,0.00,0,12.01
2930,128,692.3,434.0,0.01,-0.07,0.07,0,7.52
2931,128,693.5,429.9,0.15,-0.55,0.57,0,6.32
2933,128,693.6,429.7,0.15,-0.55,0.57,0,10.03
2934,128,693.6,429.7,0.15,-0.55,0.57,0,12.27
2935,128,693.6,429.7,0.15,-0.55,0.57,0,14.68
2966,129,1024.0,714.0,0.00,0.00,0.00,0,12.01
2967,129,1024.0,714.0,0.00,0.00,0.00,0,14.04
2968,129,1024.0,714.0,0.00,0.00,0.00,0,16.09
2970,129,1024.0,714.0,0.00,0.00,0.00,0,19.99
3005,130,1203.0,994.0,0.00,0.00,0.00,0,12.01
3007,132,1187.0,984.0,0.00,0.00,0.00,0,12.01
3007,133,1196.0,990.0,0.00,0.00,0.00,0,12.01
3008,132,1187.0,984.0,0.00,0.00,0.00,0,7.47
3008,133,1190.4,985.1,-0.14,-0.12,0.19,0,7.47
3009,132,1184.9,981.9,-0.13,-0.13,0.19,0,6.31
3011,132,1184.9,981.9,-0.13,-0.13,0.19,0,9.95
3012,132,1184.9,981.9,-0.13,-0.13,0.19,0,12.12
3013,132,1184.9,981.9,-0.13,-0.13,0.19,0,14.47
3046,134,574.0,900.0,0.00,0.00,0.00,0,12.01
3047,134,574.0,900.0,0.00,0.00,0.00,0,7.47
3047,135,568.0,902.0,0.00,0.00,0.00,0,12.01
3048,134,574.0,900.0,0.00,0.00,0.00,0,9.51
3050,134,574.0,900.0,0.00,0.00,0.00,0,13.31
3051,134,574.0,900.0,0.00,0.00,0.00,0,15.45
3085,137,834.0,1141.0,0.00,0.00,0.00,0,12.01
3086,137,834.0,1141.0,0.00,0.00,0.00,0,7.46
3087,137,834.0,1141.0,0.00,0.00,0.00,0,9.48
3089,137,834.0,1141.0,0.00,0.00,0.00,0,13.04
3090,137,834.0,1141.0,0.00,0.00,0.00,0,15.27
3160,138,955.0,943.0,0.00,0.00,0.00,0,12.01
3161,138,955.0,943.0,0.00,0.00,0.00,0,14.04
3162,138,955.0,943.0,0.00,0.00,0.00,0,16.09
3164,138,955.0,943.0,0.00,0.00,0.00,0,19.96
3197,139,1020.0,1322.0,0.00,0.00,0.00,0,12.01
3198,139,1020.7,1324.0,0.02,0.05,0.05,0,7.48
3199,139,1020.7,1324.0,0.02,0.05,0.05,0,9.52
3201,139,1020.7,1324.0,0.02,0.05,0.05,0,13.27
3202,139,1020.7,1324.0,0.02,0.05,0.05,0,15.46
3235,142,1222.0,759.0,0.00,0.00,0.00,0,12.03
3235,143,1288.0,791.0,0.00,0.00,0.00,0,12.03
3235,144,1292.0,798.0,0.00,0.00,0.00,0,12.03
3236,142,1222.0,759.0,0.00,0.00,0.00,0,14.06
3236,143,1289.0,792.6,0.04,0.07,0.08,0,7.48
3236,144,1292.7,799.6,0.03,0.07,0.07,0,7.48
3237,143,1290.5,795.8,0.15,0.29,0.32,0,6.29
3237,142,1222.0,759.0,0.00,0.00,0.00,0,16.09
3239,143,1290.6,795.9,0.15,0.29,0.32,0,9.83
3239,142,1222.0,759.0,0.00,0.00,0.00,0,19.90
3240,143,1290.6,795.9,0.15,0.29,0.32,0,12.00
3241,143,1290.6,795.9,0.15,0.29,0.32,0,14.39
3272,145,1267.0,955.0,0.00,0.00,0.00,0,12.01
3272,146,629.0,1155.0,0.00,0.00,0.00,0,12.01
3272,147,631.0,1163.0,0.00,0.00,0.00,0,12.01
3274,148,632.0,1167.0,0.00,0.00,0.00,0,12.01
3274,149,632.0,1176.0,0.00,0.00,0.00,0,12.01
3275,148,632.0,1169.6,0.00,0.06,0.06,0,7.47
3275,149,631.7,1178.6,-0.01,0.06,0.06,0,7.47
3276,148,631.7,1173.1,-0.02,0.27,0.27,0,6.30
3278,148,631.7,1173.1,-0.02,0.27,0.27,0,9.98
3279,148,631.7,1173.1,-0.02,0.27,0.27,0,12.11
3280,148,631.7,1173.2,-0.02,0.27,0.27,0,14.46
3324,150,440.0,470.0,0.00,0.00,0.00,0,12.01
3325,150,440.0,470.0,0.00,0.00,0.00,0,14.04
3326,150,440.0,470.0,0.00,0.00,0.00,0,16.09
3328,150,440.0,470.0,0.00,0.00,0.00,0,19.96
3381,151,1271.0,495.0,0.00,0.00,0.00,0,12.01
3382,151,1271.0,495.0,0.00,0.00,0.00,0,14.04
3383,151,1271.0,495.0,0.00,0.00,0.00,0,16.09
3385,151,1271.0,495.0,0.00,0.00,0.00,0,19.97
3421,152,1207.0,1295.0,0.00,0.00,0.00,0,12.26
3422,152,1207.0,1295.0,0.00,0.00,0.00,0,14.36
3423,152,1207.0,1295.0,0.00,0.00,0.00,0,16.48
3425,152,1207.0,1295.0,0.00,0.00,0.00,0,21.07
3466,153,1533.0,847.0,0.00,0.00,0.00,0,12.01
3466,154,1530.0,853.0,0.00,0.00,0.00,0,12.01
3467,153,1533.0,847.3,0.00,0.01,0.01,0,7.47
3467,154,1531.0,849.1,0.02,-0.10,0.10,0,7.47
3468,153,1533.3,846.0,0.02,-0.08,0.08,0,6.31
3470,153,1533.3,845.9,0.02,-0.08,0.08,0,9.97
3471,153,1533.3,845.9,0.02,-0.08,0.08,0,12.13
3472,153,1533.3,845.9,0.02,-0.08,0.08,0,14.48
3505,155,1079.0,640.0,0.00,0.00,0.00,0,12.01
3506,155,1080.0,642.6,0.02,0.06,0.07,0,7.47
3507,155,1080.8,645.5,0.07,0.25,0.26,0,6.30
3509,155,1080.8,645.6,0.07,0.25,0.26,0,9.95
3510,155,1080.8,645.6,0.07,0.25,0.26,0,12.12
3511,155,1080.8,645.6,0.07,0.25,0.26,0,14.47
3547,156,1325.0,1186.0,0.00,0.00,0.00,0,12.00
3548,156,1325.0,1186.0,0.00,0.00,0.00,0,14.02
3549,156,1325.0,1186.0,0.00,0.00,0.00,0,16.06
3551,156,1325.0,1186.0,0.00,0.00,0.00,0,19.84
3615,157,796.0,624.0,0.00,0.00,0.00,0,12.01
3616,157,796.0,624.0,0.00,0.00,0.00,0,14.04
3617,157,796.0,624.0,0.00,0.00,0.00,0,16.09
3619,157,796.0,624.0,0.00,0.00,0.00,0,19.98
3660,158,1399.0,981.0,0.00,0.00,0.00,0,12.01
3661,158,1401.9,982.0,0.07,0.02,0.08,0,7.48
3662,158,1403.0,982.2,0.14,0.04,0.15,0,6.31
3662,159,1415.0,987.0,0.00,0.00,0.00,0,12.01
3664,158,1403.0,982.3,0.14,0.04,0.15,0,9.97
3664,159,1415.0,987.0,0.00,0.00,0.00,0,15.13
3665,158,1403.0,982.3,0.14,0.04,0.15,0,12.12
3665,159,1415.0,987.0,0.00,0.00,0.00,0,17.24
3666,158,1403.0,982.3,0.14,0.04,0.15,0,14.47
3666,159,1415.0,987.0,0.00,0.00,0.00,0,19.49
3718,160,602.0,1296.0,0.00,0.00,0.00,0,12.01
3719,160,602.0,1295.7,0.00,-0.01,0.01,0,7.48
3720,160,602.0,1295.7,0.00,-0.01,0.01,0,9.52
3722,160,602.0,1295.7,0.00,-0.01,0.01,0,13.32
3723,160,602.0,1295.7,0.00,-0.01,0.01,0,15.47
3758,161,1130.0,910.0,0.00,0.00,0.00,0,12.00
3759,161,1130.0,910.0,0.00,0.00,0.00,0,14.03
3760,161,1130.0,910.0,0.00,0.00,0.00,0,16.07
3762,161,1130.0,910.0,0.00,0.00,0.00,0,19.91
3796,162,894.0,1243.0,0.00,0.00,0.00,0,12.01
3797,162,894.0,1243.3,0.00,0.01,0.01,0,7.47
3797,163,896.0,1233.0,0.00,0.00,0.00,0,12.01
3798,162,894.5,1240.9,0.03,-0.15,0.15,0,6.31
3800,162,894.5,1240.9,0.03,-0.15,0.15,0,9.95
3801,162,894.5,1240.9,0.03,-0.15,0.15,0,12.12
3802,162,894.5,1240.9,0.03,-0.15,0.15,0,14.51
3833,164,630.0,1085.0,0.00,0.00,0.00,0,12.01
3833,165,640.0,1091.0,0.00,0.00,0.00,0,12.01
3835,167,1433.0,984.0,0.00,0.00,0.00,0,12.01
3835,168,1444.0,993.0,0.00,0.00,0.00,0,12.01
3835,169,623.0,1081.0,0.00,0.00,0.00,0,12.01
3836,167,1433.3,984.3,0.01,0.01,0.01,0,7.47
3836,168,1437.4,987.4,-0.15,-0.13,0.20,0,7.47
3836,169,616.1,1077.4,-0.16,-0.08,0.18,0,7.47
3836,170,782.0,1360.0,0.00,0.00,0.00,0,12.01
3837,167,1430.9,982.4,-0.15,-0.11,0.18,0,6.31
3837,169,612.5,1075.5,-0.39,-0.20,0.44,0,6.31
3839,167,1430.9,982.4,-0.15,-0.11,0.18,0,9.95
3839,169,612.4,1075.4,-0.39,-0.20,0.44,0,9.95
3840,167,1430.9,982.4,-0.15,-0.11,0.18,0,12.12
3840,169,612.4,1075.4,-0.39,-0.20,0.44,0,12.12
3841,167,1430.9,982.4,-0.15,-0.11,0.18,0,14.47
3841,169,612.4,1075.4,-0.39,-0.20,0.44,0,14.47
3883,172,309.0,738.0,0.00,0.00,0.00,0,12.01
3884,172,309.0,738.0,0.00,0.00,0.00,0,14.04
3885,172,309.0,738.0,0.00,0.00,0.00,0,16.09
3887,172,309.0,738.0,0.00,0.00,0.00,0,20.01
3920,173,1030.0,919.0,0.00,0.00,0.00,0,12.01
3920,174,1033.0,925.0,0.00,0.00,0.00,0,12.01
3922,176,321.0,689.0,0.00,0.00,0.00,0,12.01
3922,177,1035.0,928.0,0.00,0.00,0.00,0,12.01
3922,178,1037.0,933.0,0.00,0.00,0.00,0,12.01
3923,176,321.0,689.0,0.00,0.00,0.00,0,14.03
3923,177,1035.7,929.3,0.01,0.03,0.03,0,7.47
3923,178,1037.0,933.0,0.00,0.00,0.00,0,14.03
3924,176,318.9,692.5,-0.09,0.15,0.18,0,7.87
3924,177,1035.7,929.3,0.01,0.03,0.03,0,9.51
3926,176,318.9,692.6,-0.09,0.15,0.18,0,11.50
3926,177,1035.7,929.3,0.01,0.03,0.03,0,13.27
3927,176,318.9,692.6,-0.09,0.15,0.18,0,13.68
3927,177,1035.7,929.3,0.01,0.03,0.03,0,15.46
3928,176,318.9,692.6,-0.09,0.15,0.18,0,16.03
3992,179,1204.0,1282.0,0.00,0.00,0.00,0,12.01
3994,181,1451.0,938.0,0.00,0.00,0.00,0,12.01
3994,182,1200.0,1285.0,0.00,0.00,0.00,0,12.01
3994,183,1192.0,1287.0,0.00,0.00,0.00,0,12.01
3995,181,1451.3,938.0,0.01,0.00,0.01,0,7.47
3995,182,1198.0,1285.7,-0.05,0.02,0.05,0,7.47
3995,183,1190.0,1287.3,-0.05,0.01,0.05,0,7.47
3995,184,1443.0,930.0,0.00,0.00,0.00,0,12.01
3995,185,570.0,963.0,0.00,0.00,0.00,0,12.01
3996,181,1449.4,936.2,-0.12,-0.12,0.17,0,6.31
3996,182,1195.5,1286.3,-0.22,0.06,0.22,0,6.31
3998,181,1449.4,936.2,-0.12,-0.12,0.17,0,10.02
3998,182,1195.4,1286.3,-0.22,0.06,0.22,0,10.02
3999,181,1449.4,936.2,-0.12,-0.12,0.17,0,12.13
3999,182,1195.4,1286.3,-0.22,0.06,0.22,0,12.13
4000,181,1449.4,936.2,-0.12,-0.12,0.17,0,14.48
4000,182,1195.4,1286.3,-0.22,0.06,0.22,0,14.48
4032,187,1482.0,787.0,0.00,0.00,0.00,0,12.04
4033,187,1482.0,787.0,0.00,0.00,0.00,0,14.08
4034,187,1482.0,787.0,0.00,0.00,0.00,0,16.15
4036,187,1482.0,787.0,0.00,0.00,0.00,0,20.23
4069,188,1414.0,1144.0,0.00,0.00,0.00,0,12.01
4070,188,1414.7,1144.3,0.02,0.01,0.02,0,7.50
4071,188,1414.7,1144.3,0.02,0.01,0.02,0,9.55
4073,188,1414.7,1144.3,0.02,0.01,0.02,0,13.35
4074,188,1414.7,1144.3,0.02,0.01,0.02,0,15.41
4130,189,1203.0,985.0,0.00,0.00,0.00,0,12.01
4132,191,1195.0,966.0,0.00,0.00,0.00,0,12.01
4132,192,1198.0,977.0,0.00,0.00,0.00,0,12.01
4133,191,1195.0,966.7,0.00,0.02,0.02,0,7.48
4133,192,1196.4,970.4,-0.04,-0.16,0.16,0,7.48
4134,191,1193.7,961.9,-0.08,-0.30,0.31,0,6.31
4136,191,1193.7,961.8,-0.08,-0.30,0.31,0,9.96
4137,191,1193.7,961.8,-0.08,-0.30,0.31,0,12.13
4138,191,1193.7,961.8,-0.08,-0.30,0.31,0,14.47
4349,193,693.0,678.0,0.00,0.00,0.00,0,12.01
4350,193,692.7,678.3,-0.01,0.01,0.01,0,7.47
4351,193,694.6,676.7,0.11,-0.10,0.15,0,6.31
4351,194,708.0,661.0,0.00,0.00,0.00,0,12.01
4353,193,694.6,676.7,0.11,-0.10,0.15,0,9.97
4353,194,708.0,661.0,0.00,0.00,0.00,0,15.13
4354,193,694.6,676.7,0.11,-0.10,0.15,0,12.13
4354,194,708.0,661.0,0.00,0.00,0.00,0,17.24
4355,193,694.6,676.7,0.11,-0.10,0.15,0,14.47
4355,194,708.0,661.0,0.00,0.00,0.00,0,19.48
4386,195,400.0,931.0,0.00,0.00,0.00,0,12.01
4387,195,399.7,931.0,-0.01,0.00,0.01,0,7.52
4387,196,418.0,938.0,0.00,0.00,0.00,0,12.04
4388,195,406.2,933.3,0.76,0.27,0.80,0,6.33
4388,196,418.0,938.0,0.00,0.00,0.00,0,14.08
4388,197,1482.0,827.0,0.00,0.00,0.00,0,12.01
4390,195,406.4,933.4,0.76,0.27,0.80,0,10.12
4390,196,418.0,938.0,0.00,0.00,0.00,0,17.75
4390,197,1482.0,827.0,0.00,0.00,0.00,0,15.13
4391,195,406.4,933.4,0.76,0.27,0.80,0,12.26
4391,196,418.0,938.0,0.00,0.00,0.00,0,19.88
4391,197,1482.0,827.0,0.00,0.00,0.00,0,17.23
4392,195,406.5,933.4,0.76,0.27,0.80,0,14.61
4392,197,1482.0,827.0,0.00,0.00,0.00,0,19.47
4423,198,512.0,771.0,0.00,0.00,0.00,0,12.01
4424,198,510.7,771.3,-0.03,0.01,0.03,0,7.48
4425,198,509.0,771.5,-0.15,0.02,0.15,0,6.31
4427,198,508.9,771.5,-0.15,0.02,0.15,0,9.98
4428,198,508.9,771.5,-0.15,0.02,0.15,0,12.11
4429,198,508.9,771.5,-0.15,0.02,0.15,0,14.46
4467,199,1266.0,383.0,0.00,0.00,0.00,0,12.01
4468,199,1266.0,383.0,0.00,0.00,0.00,0,14.04
4469,199,1271.3,379.5,0.25,-0.17,0.30,0,7.87
4471,199,1271.3,379.4,0.25,-0.17,0.30,0,11.54
4472,199,1271.3,379.4,0.25,-0.17,0.30,0,13.68
4473,199,1271.3,379.4,0.25,-0.17,0.30,0,16.08
4504,200,1274.0,695.0,0.00,0.00,0.00,0,12.01
4505,200,1274.0,695.0,0.00,0.00,0.00,0,14.05
4506,200,1274.0,695.0,0.00,0.00,0.00,0,16.10
4508,200,1274.0,695.0,0.00,0.00,0.00,0,19.96
4654,201,883.0,1381.0,0.00,0.00,0.00,0,12.01
4655,201,883.0,1381.0,0.00,0.00,0.00,0,14.04
4656,201,883.0,1381.0,0.00,0.00,0.00,0,16.09
4658,201,883.0,1381.0,0.00,0.00,0.00,0,19.99
4703,202,780.0,1343.0,0.00,0.00,0.00,0,12.01
4704,202,780.0,1343.0,0.00,0.00,0.00,0,14.04
4705,202,780.0,1343.0,0.00,0.00,0.00,0,16.09
4707,202,780.0,1343.0,0.00,0.00,0.00,0,19.92
4740,203,772.0,1054.0,0.00,0.00,0.00,0,12.01
4741,203,771.3,1052.0,-0.02,-0.05,0.05,0,7.48
4742,203,770.2,1049.7,-0.10,-0.22,0.24,0,6.30
4744,203,770.2,1049.6,-0.10,-0.22,0.24,0,9.96
4745,203,770.2,1049.6,-0.10,-0.22,0.24,0,12.10
4746,203,770.2,1049.6,-0.10,-0.22,0.24,0,14.45
4777,204,656.0,1253.0,0.00,0.00,0.00,0,12.01
4778,204,656.7,1253.0,0.02,0.00,0.02,0,7.48
4778,205,649.0,1253.0,0.00,0.00,0.00,0,12.01
4779,204,655.2,1253.0,-0.08,0.00,0.08,0,6.31
4781,204,655.2,1253.0,-0.08,0.00,0.08,0,9.97
4782,204,655.2,1253.0,-0.08,0.00,0.08,0,12.12
4783,204,655.2,1253.0,-0.08,0.00,0.08,0,14.46
4818,206,1435.0,1171.0,0.00,0.00,0.00,0,12.01
4819,206,1435.0,1171.0,0.00,0.00,0.00,0,14.09
4820,206,1433.9,1169.6,-0.08,-0.10,0.13,0,7.88
4822,206,1433.9,1169.6,-0.08,-0.10,0.13,0,11.57
4823,206,1433.9,1169.6,-0.08,-0.10,0.13,0,13.77
4824,206,1433.9,1169.6,-0.08,-0.10,0.13,0,16.18
4855,207,503.0,883.0,0.00,0.00,0.00,0,12.01
4855,208,501.0,896.0,0.00,0.00,0.00,0,12.01
4855,209,1394.0,928.0,0.00,0.00,0.00,0,12.01
4855,210,1400.0,938.0,0.00,0.00,0.00,0,12.01
4855,211,938.0,1158.0,0.00,0.00,0.00,0,12.01
4856,207,502.3,886.9,-0.02,0.10,0.10,0,7.52
4856,208,500.0,899.6,-0.02,0.09,0.09,0,7.52
4856,209,1394.3,928.3,0.01,0.01,0.01,0,7.52
4856,210,1400.0,938.0,0.00,0.00,0.00,0,14.09
4856,211,938.0,1158.0,0.00,0.00,0.00,0,14.09
4857,207,501.5,891.9,-0.11,0.66,0.67,0,6.32
4857,209,1394.3,928.3,0.01,0.01,0.01,0,9.57
4857,211,938.0,1158.0,0.00,0.00,0.00,0,16.15
4859,207,501.4,892.0,-0.11,0.66,0.67,0,10.02
4859,209,1394.3,928.3,0.01,0.01,0.01,0,13.47
4859,211,938.0,1158.0,0.00,0.00,0.00,0,20.14
4860,207,501.4,892.1,-0.11,0.66,0.67,0,12.27
4860,209,1394.3,928.3,0.01,0.01,0.01,0,15.74
4861,207,501.4,892.1,-0.11,0.66,0.67,0,14.69
4910,212,765.0,1340.0,0.00,0.00,0.00,0,12.01
4912,214,781.0,1334.0,0.00,0.00,0.00,0,12.01
4912,215,772.0,1337.0,0.00,0.00,0.00,0,12.01
4913,214,780.7,1334.3,-0.01,0.01,0.01,0,7.48
4913,215,777.2,1334.7,0.13,-0.06,0.14,0,7.48
4914,214,782.3,1333.5,0.10,-0.05,0.11,0,6.31
4916,214,782.3,1333.5,0.10,-0.05,0.11,0,9.98
4917,214,782.3,1333.5,0.10,-0.05,0.11,0,12.13
4918,214,782.3,1333.5,0.10,-0.05,0.11,0,14.47
4955,216,511.0,492.0,0.00,0.00,0.00,0,12.01
4956,216,507.7,489.7,-0.09,-0.06,0.10,0,7.48
4957,216,507.7,489.7,-0.09,-0.06,0.10,0,9.52
4959,216,507.7,489.7,-0.09,-0.06,0.10,0,13.35
4960,216,507.7,489.7,-0.09,-0.06,0.10,0,15.46
5021,217,1149.0,1146.0,0.00,0.00,0.00,0,12.01
5022,217,1153.9,1146.0,0.12,0.00,0.12,0,7.47
5023,217,1156.0,1146.0,0.25,0.00,0.25,0,6.31
5023,218,1176.0,1145.0,0.00,0.00,0.00,0,12.01
5025,217,1156.1,1146.0,0.25,0.00,0.25,0,9.98
5025,218,1176.0,1145.0,0.00,0.00,0.00,0,15.14
5026,217,1156.1,1146.0,0.25,0.00,0.25,0,12.13
5026,218,1176.0,1145.0,0.00,0.00,0.00,0,17.24
5027,217,1156.1,1146.0,0.25,0.00,0.25,0,14.48
5027,218,1176.0,1145.0,0.00,0.00,0.00,0,19.49
5159,219,1176.0,1224.0,0.00,0.00,0.00,0,12.01
5160,219,1176.7,1224.7,0.02,0.02,0.02,0,7.48
5161,219,1175.5,1223.7,-0.06,-0.05,0.08,0,6.31
5161,220,1168.0,1228.0,0.00,0.00,0.00,0,12.01
5163,219,1175.4,1223.7,-0.06,-0.05,0.08,0,9.96
5163,220,1168.0,1228.0,0.00,0.00,0.00,0,15.12
5164,219,1175.4,1223.7,-0.06,-0.05,0.08,0,12.13
5164,220,1168.0,1228.0,0.00,0.00,0.00,0,17.24
5165,219,1175.4,1223.7,-0.06,-0.05,0.08,0,14.48
5165,220,1168.0,1228.0,0.00,0.00,0.00,0,19.49
5204,221,1201.0,1217.0,0.00,0.00,0.00,0,12.01
5206,223,1192.0,1192.0,0.00,0.00,0.00,0,12.01
5206,224,1197.0,1206.0,0.00,0.00,0.00,0,12.01
5207,223,1193.0,1193.3,0.02,0.03,0.04,0,7.47
5207,224,1193.7,1199.1,-0.08,-0.17,0.19,0,7.47
5208,223,1193.0,1193.3,0.02,0.03,0.04,0,9.52
5210,223,1193.0,1193.3,0.02,0.03,0.04,0,13.31
5211,223,1193.0,1193.3,0.02,0.03,0.04,0,15.46
5305,227,721.0,509.0,0.00,0.00,0.00,0,12.01
5306,227,718.7,506.1,-0.06,-0.07,0.09,0,7.47
5306,228,708.0,489.0,0.00,0.00,0.00,0,12.01
5307,227,718.7,506.0,-0.06,-0.07,0.09,0,9.52
5309,227,718.7,506.0,-0.06,-0.07,0.09,0,13.32
5310,227,718.7,506.0,-0.06,-0.07,0.09,0,15.47
5348,229,733.0,1052.0,0.00,0.00,0.00,0,12.01
5348,230,1417.0,1157.0,0.00,0.00,0.00,0,12.01
5350,232,712.0,1042.0,0.00,0.00,0.00,0,12.01
5350,233,723.0,1050.0,0.00,0.00,0.00,0,12.01
5350,234,1409.0,1160.0,0.00,0.00,0.00,0,12.01
5351,232,712.3,1042.3,0.01,0.01,0.01,0,7.48
5351,233,719.1,1045.1,-0.10,-0.12,0.15,0,7.48
5351,234,1409.0,1160.0,0.00,0.00,0.00,0,14.04
5352,232,711.7,1040.4,-0.03,-0.12,0.12,0,6.31
5352,234,1409.0,1160.0,0.00,0.00,0.00,0,16.09
5354,232,711.7,1040.4,-0.03,-0.12,0.12,0,9.96
5354,234,1409.0,1160.0,0.00,0.00,0.00,0,19.96
5355,232,711.7,1040.4,-0.03,-0.12,0.12,0,12.12
5356,232,711.7,1040.4,-0.03,-0.12,0.12,0,14.46
5387,235,758.0,1232.0,0.00,0.00,0.00,0,12.01
5388,235,758.0,1232.0,0.00,0.00,0.00,0,14.05
5389,235,758.0,1232.0,0.00,0.00,0.00,0,16.10
5391,235,758.0,1232.0,0.00,0.00,0.00,0,19.96
5522,236,1536.0,949.0,0.00,0.00,0.00,0,12.01
5523,236,1536.0,949.0,0.00,0.00,0.00,0,14.04
5524,236,1536.0,949.0,0.00,0.00,0.00,0,16.09
5526,236,1536.0,949.0,0.00,0.00,0.00,0,19.98
5560,237,711.0,1205.0,0.00,0.00,0.00,0,12.04
5561,237,711.0,1204.7,0.00,-0.02,0.02,0,7.49
5562,237,711.0,1204.7,0.00,-0.02,0.02,0,9.54
5564,237,711.0,1204.7,0.00,-0.02,0.02,0,13.41
5565,237,711.0,1204.7,0.00,-0.02,0.02,0,15.54
5689,238,603.0,931.0,0.00,0.00,0.00,0,12.01
5690,238,603.0,931.0,0.00,0.00,0.00,0,14.04
5691,238,603.0,931.0,0.00,0.00,0.00,0,16.09
5693,238,603.0,931.0,0.00,0.00,0.00,0,19.98
5726,239,632.0,1245.0,0.00,0.00,0.00,0,12.01
5727,239,632.3,1245.0,0.01,0.00,0.01,0,7.48
5728,239,632.3,1245.0,0.01,0.00,0.01,0,9.52
5730,239,632.3,1245.0,0.01,0.00,0.01,0,13.35
5731,239,632.3,1245.0,0.01,0.00,0.01,0,15.45
5777,240,641.0,970.0,0.00,0.00,0.00,0,12.01
5779,242,649.0,969.0,0.00,0.00,0.00,0,12.01
5779,243,659.0,972.0,0.00,0.00,0.00,0,12.01
5780,242,651.9,970.0,0.07,0.02,0.08,0,7.47
5780,243,661.9,973.3,0.07,0.03,0.08,0,7.47
5781,242,655.8,971.5,0.33,0.13,0.35,0,6.31
5783,242,655.9,971.6,0.33,0.13,0.35,0,9.96
5784,242,655.9,971.6,0.33,0.13,0.35,0,12.13
5785,242,655.9,971.6,0.33,0.13,0.35,0,14.52
5885,244,1099.0,1361.0,0.00,0.00,0.00,0,12.01
5886,244,1096.1,1359.0,-0.07,-0.05,0.08,0,7.47
5887,244,1096.0,1359.0,-0.07,-0.05,0.08,0,9.51
5889,244,1096.0,1359.0,-0.07,-0.05,0.08,0,13.32
5890,244,1096.0,1359.0,-0.07,-0.05,0.08,0,15.46
5924,247,1216.0,1086.0,0.00,0.00,0.00,0,12.01
5926,249,1448.0,952.0,0.00,0.00,0.00,0,12.07
5926,250,1464.0,958.0,0.00,0.00,0.00,0,12.07
5926,251,1221.0,1084.0,0.00,0.00,0.00,0,12.07
5927,249,1448.3,952.0,0.02,0.00,0.02,0,7.50
5927,250,1456.1,955.7,-0.55,-0.16,0.58,0,7.50
5927,251,1221.0,1084.0,0.00,0.00,0.00,0,14.12
5928,249,1447.0,951.7,-0.10,-0.02,0.10,0,6.31
5928,251,1221.0,1084.0,0.00,0.00,0.00,0,16.17
5930,249,1446.9,951.7,-0.10,-0.02,0.10,0,9.87
5930,251,1221.0,1084.0,0.00,0.00,0.00,0,20.16
5931,249,1446.9,951.7,-0.10,-0.02,0.10,0,11.95
5932,249,1446.9,951.7,-0.10,-0.02,0.10,0,14.28
5963,252,1192.0,1001.0,0.00,0.00,0.00,0,12.01
5965,254,1188.0,1003.0,0.00,0.00,0.00,0,12.01
5965,255,1184.0,1007.0,0.00,0.00,0.00,0,12.01
5966,254,1187.0,1004.3,-0.02,0.03,0.03,0,7.47
5966,255,1184.0,1007.0,0.00,0.00,0.00,0,14.03
5967,254,1187.0,1004.3,-0.02,0.03,0.03,0,9.51
5969,254,1187.0,1004.3,-0.02,0.03,0.03,0,13.25
5970,254,1187.0,1004.3,-0.02,0.03,0.03,0,15.44
6002,256,381.0,1084.0,0.00,0.00,0.00,0,12.01
6004,258,376.0,1075.0,0.00,0.00,0.00,0,12.01
6005,258,374.0,1073.7,-0.04,-0.03,0.05,0,7.47
6006,258,374.0,1073.7,-0.04,-0.03,0.05,0,9.51
6008,258,374.0,1073.7,-0.04,-0.03,0.05,0,13.29
6009,258,374.0,1073.7,-0.04,-0.03,0.05,0,15.44
6041,259,432.0,955.0,0.00,0.00,0.00,0,12.01
6041,260,442.0,959.0,0.00,0.00,0.00,0,12.01
6041,261,1218.0,1241.0,0.00,0.00,0.00,0,12.01
6043,262,412.0,944.0,0.00,0.00,0.00,0,12.01
6043,263,423.0,951.0,0.00,0.00,0.00,0,12.01
6043,264,1226.0,1224.0,0.00,0.00,0.00,0,12.01
6043,265,1221.0,1235.0,0.00,0.00,0.00,0,12.01
6044,262,412.0,944.0,0.00,0.00,0.00,0,7.47
6044,263,416.1,946.7,-0.16,-0.10,0.19,0,7.47
6044,264,1226.0,1224.3,0.00,0.01,0.01,0,7.47
6044,265,1223.6,1227.8,0.06,-0.17,0.18,0,7.47
6045,262,409.7,942.5,-0.15,-0.10,0.18,0,6.30
6045,264,1226.8,1221.9,0.05,-0.15,0.16,0,6.30
6047,262,409.6,942.4,-0.15,-0.10,0.18,0,9.91
6047,264,1226.8,1221.9,0.05,-0.15,0.16,0,9.91
6048,262,409.6,942.4,-0.15,-0.10,0.18,0,12.10
6048,264,1226.8,1221.9,0.05,-0.15,0.16,0,12.10
6049,262,409.6,942.4,-0.15,-0.10,0.18,0,14.44
6049,264,1226.8,1221.9,0.05,-0.15,0.16,0,14.44
6082,266,1400.0,610.0,0.00,0.00,0.00,0,12.01
6083,266,1401.6,609.3,0.04,-0.01,0.04,0,7.47
6084,266,1403.0,609.0,0.12,-0.04,0.13,0,6.31
6086,266,1403.1,609.0,0.12,-0.04,0.13,0,9.99
6087,266,1403.1,609.0,0.12,-0.04,0.13,0,12.12
6088,266,1403.1,609.0,0.12,-0.04,0.13,0,14.47
6122,267,941.0,1344.0,0.00,0.00,0.00,0,12.01
6124,269,931.0,1336.0,0.00,0.00,0.00,0,12.01
6124,270,938.0,1343.0,0.00,0.00,0.00,0,12.01
6125,269,932.0,1337.0,0.02,0.02,0.03,0,7.47
6125,270,935.1,1339.1,-0.07,-0.10,0.12,0,7.47
6126,269,931.7,1336.5,0.01,-0.01,0.01,0,6.31
6128,269,931.7,1336.5,0.01,-0.01,0.01,0,10.00
6129,269,931.7,1336.5,0.01,-0.01,0.01,0,12.12
6130,269,931.7,1336.5,0.01,-0.01,0.01,0,14.47
6165,271,692.0,947.0,0.00,0.00,0.00,0,12.01
6166,271,691.7,947.3,-0.01,0.01,0.01,0,7.47
6166,272,697.0,937.0,0.00,0.00,0.00,0,12.01
6167,271,692.8,944.7,0.06,-0.16,0.18,0,6.31
6167,272,698.6,933.1,0.04,-0.10,0.10,0,7.47
6169,271,692.8,944.6,0.06,-0.16,0.18,0,9.98
6169,272,698.6,933.0,0.04,-0.10,0.10,0,10.87
6170,271,692.8,944.6,0.06,-0.16,0.18,0,12.13
6170,272,698.7,933.0,0.04,-0.10,0.10,0,13.00
6171,271,692.8,944.6,0.06,-0.16,0.18,0,14.52
6171,272,698.7,933.0,0.04,-0.10,0.10,0,15.34
6255,273,930.0,1293.0,0.00,0.00,0.00,0,12.01
6256,273,930.3,1293.0,0.01,0.00,0.01,0,7.48
6256,274,918.0,1285.0,0.00,0.00,0.00,0,12.01
6257,273,927.2,1290.9,-0.20,-0.14,0.24,0,6.31
6257,274,918.0,1285.0,0.00,0.00,0.00,0,14.04
6259,273,927.1,1290.9,-0.20,-0.14,0.24,0,9.98
6259,274,918.0,1285.0,0.00,0.00,0.00,0,17.53
6260,273,927.1,1290.9,-0.20,-0.14,0.24,0,12.13
6260,274,918.0,1285.0,0.00,0.00,0.00,0,19.66
6261,273,927.1,1290.9,-0.20,-0.14,0.24,0,14.47
6297,275,1548.0,654.0,0.00,0.00,0.00,0,12.01
6298,275,1548.3,653.7,0.01,-0.01,0.01,0,7.48
6298,276,1544.0,659.0,0.00,0.00,0.00,0,12.01
6299,275,1547.5,654.8,-0.05,0.07,0.08,0,6.31
6299,276,1542.4,661.0,-0.04,0.05,0.06,0,7.48
6301,275,1547.5,654.8,-0.05,0.07,0.08,0,10.00
6301,276,1542.4,661.0,-0.04,0.05,0.06,0,10.89
6302,275,1547.5,654.8,-0.05,0.07,0.08,0,12.13
6302,276,1542.3,661.0,-0.04,0.05,0.06,0,13.00
6303,275,1547.5,654.8,-0.05,0.07,0.08,0,14.47
6303,276,1542.3,661.0,-0.04,0.05,0.06,0,15.29
6337,277,969.0,873.0,0.00,0.00,0.00,0,12.01
6337,278,1047.0,1318.0,0.00,0.00,0.00,0,12.01
6338,277,969.0,873.0,0.00,0.00,0.00,0,14.04
6338,278,1047.0,1318.0,0.00,0.00,0.00,0,7.48
6339,277,969.4,873.4,0.02,0.02,0.02,0,7.87
6339,278,1047.0,1318.0,0.00,0.00,0.00,0,9.52
6341,277,969.4,873.4,0.02,0.02,0.02,0,11.55
6341,278,1047.0,1318.0,0.00,0.00,0.00,0,13.34
6342,277,969.4,873.4,0.02,0.02,0.02,0,13.68
6342,278,1047.0,1318.0,0.00,0.00,0.00,0,15.47
6343,277,969.4,873.4,0.02,0.02,0.02,0,16.09
6374,280,682.0,698.0,0.00,0.00,0.00,0,12.01
6374,281,1182.0,1324.0,0.00,0.00,0.00,0,12.01
6376,282,678.0,700.0,0.00,0.00,0.00,0,12.01
6377,282,676.7,700.0,-0.03,0.00,0.03,0,7.47
6378,282,674.5,700.0,-0.17,0.00,0.17,0,6.30
6380,282,674.4,700.0,-0.17,0.00,0.17,0,9.95
6381,282,674.4,700.0,-0.17,0.00,0.17,0,12.12
6382,282,674.4,700.0,-0.17,0.00,0.17,0,14.47
6414,283,405.0,658.0,0.00,0.00,0.00,0,12.04
6415,283,405.0,657.0,0.00,-0.05,0.05,0,7.49
6415,284,401.0,638.0,0.00,0.00,0.00,0,12.01
6416,283,404.0,652.1,-0.08,-0.45,0.45,0,6.31
6416,284,399.0,633.4,-0.04,-0.10,0.11,0,7.47
6418,283,403.9,652.0,-0.08,-0.45,0.45,0,10.00
6418,284,399.0,633.4,-0.04,-0.10,0.11,0,10.84
6419,283,403.9,652.0,-0.08,-0.45,0.45,0,12.17
6419,284,399.0,633.4,-0.04,-0.10,0.11,0,12.99
6420,283,403.9,652.0,-0.08,-0.45,0.45,0,14.56
6420,284,399.0,633.4,-0.04,-0.10,0.11,0,15.32
6451,285,702.0,765.0,0.00,0.00,0.00,0,12.01
6452,285,701.0,766.6,-0.02,0.04,0.05,0,7.48
6453,285,699.5,769.0,-0.14,0.22,0.26,0,6.30
6455,285,699.4,769.1,-0.14,0.22,0.26,0,9.93
6456,285,699.4,769.1,-0.14,0.22,0.26,0,12.10
6457,285,699.4,769.1,-0.14,0.22,0.26,0,14.50
6488,286,736.0,1027.0,0.00,0.00,0.00,0,12.01
6489,286,735.7,1029.0,-0.01,0.05,0.05,0,7.52
6490,286,735.7,1029.0,-0.01,0.05,0.05,0,9.58
6492,286,735.7,1029.0,-0.01,0.05,0.05,0,13.54
6493,286,735.7,1029.0,-0.01,0.05,0.05,0,15.74
6543,287,1354.0,963.0,0.00,0.00,0.00,0,12.01
6544,287,1354.3,962.7,0.01,-0.01,0.01,0,7.48
6544,288,1353.0,971.0,0.00,0.00,0.00,0,12.01
6545,287,1354.0,964.6,-0.01,0.12,0.12,0,6.31
6545,288,1353.3,973.0,0.01,0.05,0.05,0,7.48
6547,287,1354.0,964.6,-0.01,0.12,0.12,0,9.99
6547,288,1353.3,973.0,0.01,0.05,0.05,0,10.88
6548,287,1354.0,964.6,-0.01,0.12,0.12,0,12.13
6548,288,1353.3,973.0,0.01,0.05,0.05,0,13.00
6549,287,1354.0,964.6,-0.01,0.12,0.12,0,14.52
6549,288,1353.3,973.0,0.01,0.05,0.05,0,15.33
6580,289,1463.0,937.0,0.00,0.00,0.00,0,12.01
6580,290,1342.0,1086.0,0.00,0.00,0.00,0,12.01
6581,289,1463.0,937.3,0.00,0.01,0.01,0,7.48
6581,290,1340.7,1085.7,-0.03,-0.01,0.03,0,7.48
6581,291,1459.0,928.0,0.00,0.00,0.00,0,12.01
6582,289,1462.5,935.4,-0.04,-0.13,0.13,0,6.30
6582,290,1338.2,1085.2,-0.21,-0.04,0.22,0,6.30
6584,289,1462.5,935.4,-0.04,-0.13,0.13,0,9.93
6584,290,1338.1,1085.2,-0.21,-0.04,0.22,0,9.93
6585,289,1462.5,935.4,-0.04,-0.13,0.13,0,12.11
6585,290,1338.1,1085.2,-0.21,-0.04,0.22,0,12.11
6586,289,1462.5,935.4,-0.04,-0.13,0.13,0,14.51
6586,290,1338.1,1085.2,-0.21,-0.04,0.22,0,14.51
6650,292,1002.0,1231.0,0.00,0.00,0.00,0,12.01
6651,292,1002.0,1228.4,0.00,-0.06,0.06,0,7.47
6652,292,1002.0,1228.4,0.00,-0.06,0.06,0,9.52
6654,292,1002.0,1228.4,0.00,-0.06,0.06,0,13.29
6655,292,1002.0,1228.4,0.00,-0.06,0.06,0,15.47
6705,293,581.0,834.0,0.00,0.00,0.00,0,12.01
6706,293,578.1,834.0,-0.07,0.00,0.07,0,7.47
6707,293,577.0,834.0,-0.14,0.00,0.14,0,6.31
6707,294,565.0,832.0,0.00,0.00,0.00,0,12.01
6709,293,577.0,834.0,-0.14,0.00,0.14,0,9.99
6709,294,565.0,832.0,0.00,0.00,0.00,0,15.15
6710,293,577.0,834.0,-0.14,0.00,0.14,0,12.13
6710,294,565.0,832.0,0.00,0.00,0.00,0,17.24
6711,293,577.0,834.0,-0.14,0.00,0.14,0,14.52
6711,294,565.0,832.0,0.00,0.00,0.00,0,19.53
6782,295,980.0,814.0,0.00,0.00,0.00,0,12.01
6783,295,982.9,815.6,0.08,0.04,0.09,0,7.48
6784,295,986.6,818.0,0.32,0.20,0.38,0,6.31
6786,295,986.7,818.1,0.32,0.20,0.38,0,9.95
6787,295,986.7,818.1,0.32,0.20,0.38,0,12.13
6788,295,986.7,818.1,0.32,0.20,0.38,0,14.47
6821,296,880.0,1330.0,0.00,0.00,0.00,0,12.01
6822,296,880.3,1328.4,0.01,-0.04,0.04,0,7.47
6823,296,880.3,1328.4,0.01,-0.04,0.04,0,9.51
6825,296,880.3,1328.3,0.01,-0.04,0.04,0,13.28
6826,296,880.3,1328.3,0.01,-0.04,0.04,0,15.43
6859,299,788.0,1270.0,0.00,0.00,0.00,0,12.01
6860,299,788.0,1270.0,0.00,0.00,0.00,0,14.04
6861,299,785.5,1276.7,-0.12,0.31,0.33,0,7.87
6863,299,785.5,1276.8,-0.12,0.31,0.33,0,11.49
6864,299,785.5,1276.8,-0.12,0.31,0.33,0,13.68
6865,299,785.5,1276.8,-0.12,0.31,0.33,0,16.07
6912,300,1029.0,1324.0,0.00,0.00,0.00,0,12.01
6913,300,1029.0,1324.0,0.00,0.00,0.00,0,14.04
6914,300,1029.0,1324.0,0.00,0.00,0.00,0,16.09
6916,300,1029.0,1324.0,0.00,0.00,0.00,0,19.94
6949,301,903.0,1345.0,0.00,0.00,0.00,0,12.01
6949,302,911.0,1346.0,0.00,0.00,0.00,0,12.01
6950,301,902.0,1345.3,-0.02,0.01,0.03,0,7.48
6950,302,911.0,1346.0,0.00,0.00,0.00,0,14.04
6951,301,901.2,1345.8,-0.08,0.04,0.09,0,6.30
6953,301,901.2,1345.8,-0.08,0.04,0.09,0,9.97
6954,301,901.2,1345.8,-0.08,0.04,0.09,0,12.12
6955,301,901.2,1345.8,-0.08,0.04,0.09,0,14.52
7000,303,1448.0,767.0,0.00,0.00,0.00,0,12.01
7001,303,1448.0,767.0,0.00,0.00,0.00,0,7.48
7001,304,1436.0,769.0,0.00,0.00,0.00,0,12.01
7002,303,1444.9,767.3,-0.21,0.02,0.21,0,6.31
7004,303,1444.9,767.3,-0.21,0.02,0.21,0,10.01
7005,303,1444.9,767.3,-0.21,0.02,0.21,0,12.13
7006,303,1444.8,767.3,-0.21,0.02,0.21,0,14.49
7063,305,1463.0,765.0,0.00,0.00,0.00,0,12.01
7063,306,1478.0,778.0,0.00,0.00,0.00,0,12.01
7064,305,1463.3,765.3,0.01,0.01,0.01,0,7.47
7064,306,1468.2,770.5,-0.24,-0.18,0.30,0,7.47
7065,305,1459.4,762.9,-0.25,-0.15,0.29,0,6.30
7067,305,1459.3,762.9,-0.25,-0.15,0.29,0,9.90
7068,305,1459.3,762.9,-0.25,-0.15,0.29,0,12.13
7069,305,1459.3,762.9,-0.25,-0.15,0.29,0,14.47
7147,308,584.0,819.0,0.00,0.00,0.00,0,12.03
7148,308,584.0,819.0,0.00,0.00,0.00,0,7.48
7148,309,574.0,820.0,0.00,0.00,0.00,0,12.01
7149,308,581.7,819.5,-0.17,0.04,0.17,0,6.29
7151,308,581.6,819.5,-0.17,0.04,0.17,0,9.80
7152,308,581.6,819.5,-0.17,0.04,0.17,0,11.95
7153,308,581.6,819.5,-0.17,0.04,0.17,0,14.27
7186,310,754.0,726.0,0.00,0.00,0.00,0,12.01
7187,310,753.3,726.3,-0.01,0.01,0.02,0,7.46
7187,311,761.0,719.0,0.00,0.00,0.00,0,12.00
7187,312,1024.0,1252.0,0.00,0.00,0.00,0,12.00
7188,310,755.3,724.7,0.07,-0.06,0.09,0,6.29
7190,310,755.3,724.7,0.07,-0.06,0.09,0,9.80
7191,310,755.3,724.7,0.07,-0.06,0.09,0,12.01
7192,310,755.3,724.7,0.07,-0.06,0.09,0,14.34
7231,314,1184.0,365.0,0.00,0.00,0.00,0,12.01
7232,314,1184.0,365.0,0.00,0.00,0.00,0,14.04
7233,314,1183.6,364.6,-0.02,-0.02,0.02,0,7.87
7235,314,1183.6,364.6,-0.02,-0.02,0.02,0,11.54
7236,314,1183.6,364.6,-0.02,-0.02,0.02,0,13.68
7237,314,1183.6,364.6,-0.02,-0.02,0.02,0,16.03
7349,315,1092.0,970.0,0.00,0.00,0.00,0,12.01
7350,315,1092.3,969.0,0.01,-0.02,0.03,0,7.48
7351,315,1092.3,969.0,0.01,-0.02,0.03,0,9.52
7353,315,1092.3,969.0,0.01,-0.02,0.03,0,13.32
7354,315,1092.3,969.0,0.01,-0.02,0.03,0,15.46
7386,316,641.0,750.0,0.00,0.00,0.00,0,12.01
7387,316,639.0,746.1,-0.05,-0.10,0.11,0,7.48
7388,316,638.3,744.5,-0.10,-0.21,0.23,0,6.30
7388,317,628.0,727.0,0.00,0.00,0.00,0,12.01
7390,316,638.2,744.4,-0.10,-0.21,0.23,0,9.93
7390,317,628.0,727.0,0.00,0.00,0.00,0,15.10
7391,316,638.2,744.4,-0.10,-0.21,0.23,0,12.11
7391,317,628.0,727.0,0.00,0.00,0.00,0,17.23
7392,316,638.2,744.4,-0.10,-0.21,0.23,0,14.46
7392,317,628.0,727.0,0.00,0.00,0.00,0,19.47
7423,318,1450.0,952.0,0.00,0.00,0.00,0,12.01
7424,318,1450.0,952.0,0.00,0.00,0.00,0,14.07
7425,318,1450.0,952.0,0.00,0.00,0.00,0,16.12
7427,318,1450.0,952.0,0.00,0.00,0.00,0,20.04
7653,319,1062.0,1162.0,0.00,0.00,0.00,0,12.02
7654,319,1062.3,1162.7,0.01,0.02,0.03,0,7.48
7654,320,1056.0,1154.0,0.00,0.00,0.00,0,12.01
7655,319,1061.0,1160.7,-0.08,-0.10,0.13,0,6.29
7655,320,1055.0,1151.7,-0.02,-0.05,0.05,0,7.46
7657,319,1060.9,1160.7,-0.08,-0.10,0.13,0,9.78
7657,320,1055.0,1151.7,-0.02,-0.05,0.05,0,10.69
7658,319,1060.9,1160.7,-0.08,-0.10,0.13,0,12.02
7658,320,1055.0,1151.7,-0.02,-0.05,0.05,0,12.89
7659,319,1060.9,1160.7,-0.08,-0.10,0.13,0,14.41
7659,320,1055.0,1151.7,-0.02,-0.05,0.05,0,15.23
7745,321,897.0,273.0,0.00,0.00,0.00,0,12.01
7747,323,899.0,282.0,0.00,0.00,0.00,0,12.01
7747,324,895.0,295.0,0.00,0.00,0.00,0,12.01
7748,323,899.0,282.0,0.00,0.00,0.00,0,14.04
7748,324,895.0,295.0,0.00,0.00,0.00,0,14.04
7749,323,899.0,282.0,0.00,0.00,0.00,0,16.09
7751,323,899.0,282.0,0.00,0.00,0.00,0,20.01
7813,325,487.0,777.0,0.00,0.00,0.00,0,12.01
7813,326,498.0,786.0,0.00,0.00,0.00,0,12.01
7814,325,487.0,777.0,0.00,0.00,0.00,0,14.04
7814,326,498.0,786.0,0.00,0.00,0.00,0,14.04
7815,325,487.0,777.0,0.00,0.00,0.00,0,16.09
7817,325,487.0,777.0,0.00,0.00,0.00,0,19.96
7874,327,1446.0,837.0,0.00,0.00,0.00,0,12.01
7876,329,1428.0,830.0,0.00,0.00,0.00,0,12.01
7876,330,1437.0,835.0,0.00,0.00,0.00,0,12.01
7877,329,1428.3,830.3,0.01,0.01,0.01,0,7.47
7877,330,1430.8,831.4,-0.16,-0.09,0.18,0,7.47
7878,329,1426.2,829.0,-0.13,-0.08,0.16,0,6.31
7880,329,1426.1,828.9,-0.13,-0.08,0.16,0,9.96
7881,329,1426.1,828.9,-0.13,-0.08,0.16,0,12.12
7882,329,1426.1,828.9,-0.13,-0.08,0.16,0,14.46
8019,331,1279.0,358.0,0.00,0.00,0.00,0,12.01
8020,331,1279.0,358.0,0.00,0.00,0.00,0,14.04
8021,331,1279.0,358.0,0.00,0.00,0.00,0,16.09
8021,332,1408.0,946.0,0.00,0.00,0.00,0,12.01
8021,333,1419.0,947.0,0.00,0.00,0.00,0,12.01
8023,331,1279.0,358.0,0.00,0.00,0.00,0,20.00
8023,332,1408.0,946.0,0.00,0.00,0.00,0,15.15
8023,333,1419.0,947.0,0.00,0.00,0.00,0,15.15
8024,332,1408.0,946.0,0.00,0.00,0.00,0,17.24
8024,333,1419.0,947.0,0.00,0.00,0.00,0,17.24
8025,332,1408.0,946.0,0.00,0.00,0.00,0,19.48
8025,333,1419.0,947.0,0.00,0.00,0.00,0,19.48
8066,334,982.0,1365.0,0.00,0.00,0.00,0,12.01
8067,334,982.0,1365.0,0.00,0.00,0.00,0,14.04
8068,334,982.0,1365.0,0.00,0.00,0.00,0,16.08
8070,334,982.0,1365.0,0.00,0.00,0.00,0,19.95
8109,335,1195.0,1154.0,0.00,0.00,0.00,0,12.01
8110,335,1195.0,1154.0,0.00,0.00,0.00,0,14.04
8111,335,1195.0,1154.0,0.00,0.00,0.00,0,16.09
8113,335,1195.0,1154.0,0.00,0.00,0.00,0,19.99
8177,336,1198.0,1194.0,0.00,0.00,0.00,0,12.01
8180,338,1198.0,1187.0,0.00,0.00,0.00,0,12.01
8180,339,1192.0,1191.0,0.00,0.00,0.00,0,12.01
8226,340,977.0,1341.0,0.00,0.00,0.00,0,12.01
8227,340,977.7,1340.7,0.02,-0.01,0.02,0,7.47
8227,341,972.0,1347.0,0.00,0.00,0.00,0,12.01
8228,340,976.2,1341.8,-0.08,0.06,0.10,0,6.31
8228,341,971.0,1349.6,-0.02,0.06,0.07,0,7.48
8230,340,976.2,1341.8,-0.08,0.06,0.10,0,9.97
8230,341,971.0,1349.6,-0.02,0.06,0.07,0,10.87
8231,340,976.2,1341.8,-0.08,0.06,0.10,0,12.14
8231,341,971.0,1349.6,-0.02,0.06,0.07,0,13.01
8232,340,976.2,1341.8,-0.08,0.06,0.10,0,14.48
8232,341,971.0,1349.6,-0.02,0.06,0.07,0,15.30
8271,342,1066.0,630.0,0.00,0.00,0.00,0,12.01
8272,342,1065.0,631.3,-0.02,0.03,0.04,0,7.48
8273,342,1063.5,633.0,-0.13,0.14,0.19,0,6.31
8275,342,1063.4,633.1,-0.13,0.14,0.19,0,9.96
8276,342,1063.4,633.1,-0.13,0.14,0.19,0,12.14
8277,342,1063.4,633.1,-0.13,0.14,0.19,0,14.48
8358,343,1438.0,1092.0,0.00,0.00,0.00,0,12.01
8359,343,1438.0,1092.3,0.00,0.01,0.01,0,7.47
8359,344,1436.0,1083.0,0.00,0.00,0.00,0,12.01
8360,343,1437.5,1089.9,-0.03,-0.15,0.15,0,6.31
8360,344,1435.3,1080.1,-0.02,-0.07,0.07,0,7.48
8362,343,1437.5,1089.9,-0.03,-0.15,0.15,0,9.98
8362,344,1435.3,1080.0,-0.02,-0.07,0.07,0,10.88
8363,343,1437.5,1089.9,-0.03,-0.15,0.15,0,12.13
8363,344,1435.3,1080.0,-0.02,-0.07,0.07,0,13.00
8364,343,1437.5,1089.9,-0.03,-0.15,0.15,0,14.47
8364,344,1435.3,1080.0,-0.02,-0.07,0.07,0,15.30
8429,345,707.0,1357.0,0.00,0.00,0.00,0,12.01
8431,347,700.0,1346.0,0.00,0.00,0.00,0,12.01
8431,348,704.0,1353.0,0.00,0.00,0.00,0,12.01
8432,347,700.3,1346.7,0.01,0.02,0.02,0,7.47
8432,348,701.7,1349.4,-0.06,-0.09,0.10,0,7.47
8433,347,699.7,1345.7,-0.03,-0.05,0.05,0,6.31
8435,347,699.7,1345.7,-0.03,-0.05,0.05,0,9.99
8436,347,699.7,1345.7,-0.03,-0.05,0.05,0,12.12
8437,347,699.7,1345.7,-0.03,-0.05,0.05,0,14.47
8470,351,1223.0,1091.0,0.00,0.00,0.00,0,12.01
8470,352,1215.0,1093.0,0.00,0.00,0.00,0,12.01
8470,353,1099.0,1249.0,0.00,0.00,0.00,0,12.01
8471,351,1218.4,1092.0,-0.09,0.02,0.10,0,7.47
8471,352,1215.0,1093.0,0.00,0.00,0.00,0,14.03
8471,353,1099.0,1249.0,0.00,0.00,0.00,0,14.03
8472,351,1216.2,1092.5,-0.23,0.05,0.24,0,6.31
8472,353,1099.0,1249.0,0.00,0.00,0.00,0,16.08
8474,351,1216.2,1092.5,-0.23,0.05,0.24,0,9.97
8474,353,1099.0,1249.0,0.00,0.00,0.00,0,19.93
8475,351,1216.2,1092.5,-0.23,0.05,0.24,0,12.13
8476,351,1216.2,1092.5,-0.23,0.05,0.24,0,14.47
8565,354,399.0,837.0,0.00,0.00,0.00,0,12.01
8566,354,399.0,837.0,0.00,0.00,0.00,0,14.03
8567,354,399.0,837.0,0.00,0.00,0.00,0,16.09
8569,354,399.0,837.0,0.00,0.00,0.00,0,19.98
8645,355,766.0,633.0,0.00,0.00,0.00,0,12.01
8646,355,766.0,633.0,0.00,0.00,0.00,0,14.04
8647,355,766.0,633.0,0.00,0.00,0.00,0,16.08
8649,355,766.0,633.0,0.00,0.00,0.00,0,19.91
8683,356,1290.0,1208.0,0.00,0.00,0.00,0,12.01
8684,356,1290.0,1208.0,0.00,0.00,0.00,0,14.06
8685,356,1290.0,1208.0,0.00,0.00,0.00,0,16.11
8687,356,1290.0,1208.0,0.00,0.00,0.00,0,20.00
8724,357,502.0,836.0,0.00,0.00,0.00,0,12.01
8725,357,498.1,836.3,-0.07,0.01,0.07,0,7.47
8726,357,496.5,836.5,-0.17,0.02,0.17,0,6.31
8726,358,483.0,841.0,0.00,0.00,0.00,0,12.01
8728,357,496.5,836.5,-0.17,0.02,0.17,0,9.99
8728,358,483.0,841.0,0.00,0.00,0.00,0,15.15
8729,357,496.5,836.5,-0.17,0.02,0.17,0,12.12
8729,358,483.0,841.0,0.00,0.00,0.00,0,17.25
8730,357,496.5,836.5,-0.17,0.02,0.17,0,14.46
8730,358,483.0,841.0,0.00,0.00,0.00,0,19.49
8763,359,961.0,1130.0,0.00,0.00,0.00,0,12.01
8764,359,961.0,1130.0,0.00,0.00,0.00,0,14.02
8765,359,961.0,1130.0,0.00,0.00,0.00,0,16.06
8767,359,961.0,1130.0,0.00,0.00,0.00,0,19.86
8801,360,1013.0,1253.0,0.00,0.00,0.00,0,12.03
8803,362,1117.0,342.0,0.00,0.00,0.00,0,12.00
8804,362,1120.6,342.7,0.05,0.01,0.05,0,7.46
8805,362,1123.8,343.8,0.17,0.05,0.18,0,6.30
8807,362,1123.8,343.8,0.17,0.05,0.18,0,9.97
8808,362,1123.8,343.8,0.17,0.05,0.18,0,12.07
8809,362,1123.8,343.8,0.17,0.05,0.18,0,14.41
8849,363,1171.0,1138.0,0.00,0.00,0.00,0,12.01
8850,363,1167.1,1140.3,-0.10,0.06,0.11,0,7.48
8851,363,1165.5,1141.2,-0.20,0.12,0.23,0,6.31
8851,364,1148.0,1151.0,0.00,0.00,0.00,0,12.01
8853,363,1165.4,1141.3,-0.20,0.12,0.23,0,9.99
8853,364,1148.0,1151.0,0.00,0.00,0.00,0,15.14
8854,363,1165.4,1141.3,-0.20,0.12,0.23,0,12.13
8854,364,1148.0,1151.0,0.00,0.00,0.00,0,17.24
8855,363,1165.4,1141.3,-0.20,0.12,0.23,0,14.47
8855,364,1148.0,1151.0,0.00,0.00,0.00,0,19.49
8911,365,769.0,1205.0,0.00,0.00,0.00,0,12.01
8912,365,769.0,1205.3,0.00,0.01,0.01,0,7.47
8912,366,782.0,1198.0,0.00,0.00,0.00,0,12.01
8913,365,771.8,1203.7,0.19,-0.10,0.21,0,6.31
8915,365,771.9,1203.7,0.19,-0.10,0.21,0,9.95
8916,365,771.9,1203.7,0.19,-0.10,0.21,0,12.12
8917,365,771.9,1203.7,0.19,-0.10,0.21,0,14.52
8948,367,636.0,1164.0,0.00,0.00,0.00,0,12.01
8949,367,636.0,1164.0,0.00,0.00,0.00,0,14.04
8950,367,636.0,1164.0,0.00,0.00,0.00,0,16.09
8952,367,636.0,1164.0,0.00,0.00,0.00,0,19.92
9004,368,606.0,1138.0,0.00,0.00,0.00,0,12.01
9005,368,605.3,1134.7,-0.02,-0.08,0.08,0,7.47
9006,368,605.3,1134.7,-0.02,-0.08,0.08,0,9.52
9008,368,605.3,1134.7,-0.02,-0.08,0.08,0,13.26
9009,368,605.3,1134.7,-0.02,-0.08,0.08,0,15.47
9041,369,500.0,911.0,0.00,0.00,0.00,0,12.01
9041,370,1355.0,1000.0,0.00,0.00,0.00,0,12.01
9043,371,1319.0,1016.0,0.00,0.00,0.00,0,12.01
9044,371,1319.3,1016.0,0.01,0.00,0.01,0,7.46
9044,372,1308.0,1019.0,0.00,0.00,0.00,0,12.00
9045,371,1316.9,1016.5,-0.09,0.02,0.09,0,6.29
9047,371,1316.9,1016.5,-0.09,0.02,0.09,0,9.89
9048,371,1316.9,1016.5,-0.09,0.02,0.09,0,12.04
9049,371,1316.9,1016.5,-0.09,0.02,0.09,0,14.37
9094,373,1068.0,1033.0,0.00,0.00,0.00,0,12.01
9095,373,1068.0,1033.0,0.00,0.00,0.00,0,14.04
9096,373,1068.7,1033.4,0.03,0.02,0.04,0,7.87
9098,373,1068.7,1033.4,0.03,0.02,0.04,0,11.53
9099,373,1068.7,1033.4,0.03,0.02,0.04,0,13.69
9100,373,1068.7,1033.4,0.03,0.02,0.04,0,16.03
9189,376,636.0,988.0,0.00,0.00,0.00,0,12.01
9190,376,636.3,987.0,0.01,-0.03,0.03,0,7.47
9191,376,636.3,987.0,0.01,-0.03,0.03,0,9.52
9193,376,636.3,987.0,0.01,-0.03,0.03,0,13.31
9194,376,636.3,987.0,0.01,-0.03,0.03,0,15.46
9305,377,1187.0,1041.0,0.00,0.00,0.00,0,12.01
9308,379,1172.0,1032.0,0.00,0.00,0.00,0,12.01
9309,379,1172.0,1032.0,0.00,0.00,0.00,0,14.04
9310,379,1172.0,1032.0,0.00,0.00,0.00,0,16.09
9312,379,1172.0,1032.0,0.00,0.00,0.00,0,19.93
9356,380,1351.0,1134.0,0.00,0.00,0.00,0,12.01
9357,380,1351.0,1134.0,0.00,0.00,0.00,0,14.04
9358,380,1351.0,1134.0,0.00,0.00,0.00,0,16.09
9360,380,1351.0,1134.0,0.00,0.00,0.00,0,19.92
9417,381,902.0,950.0,0.00,0.00,0.00,0,12.02
9418,381,902.0,950.0,0.00,0.00,0.00,0,14.05
9419,381,902.0,950.0,0.00,0.00,0.00,0,16.08
9421,381,902.0,950.0,0.00,0.00,0.00,0,19.87
9454,382,1465.0,747.0,0.00,0.00,0.00,0,12.01
9455,382,1466.0,750.3,0.02,0.08,0.09,0,7.53
9456,382,1466.0,750.3,0.02,0.08,0.09,0,9.58
9458,382,1466.0,750.3,0.02,0.08,0.09,0,13.54
9459,382,1466.0,750.3,0.02,0.08,0.09,0,15.73
9519,383,971.0,1132.0,0.00,0.00,0.00,0,12.01
9520,383,971.0,1132.0,0.00,0.00,0.00,0,14.04
9521,383,971.0,1132.0,0.00,0.00,0.00,0,16.09
9523,383,971.0,1132.0,0.00,0.00,0.00,0,20.00
9558,384,1277.0,1206.0,0.00,0.00,0.00,0,12.01
9559,384,1277.0,1206.0,0.00,0.00,0.00,0,14.03
9560,384,1277.0,1206.0,0.00,0.00,0.00,0,16.08
9562,384,1277.0,1206.0,0.00,0.00,0.00,0,19.94
9623,385,1282.0,1267.0,0.00,0.00,0.00,0,12.01
9624,385,1282.0,1267.0,0.00,0.00,0.00,0,14.03
9625,385,1282.0,1267.0,0.00,0.00,0.00,0,16.09
9627,385,1282.0,1267.0,0.00,0.00,0.00,0,19.93
9660,386,508.0,708.0,0.00,0.00,0.00,0,12.01
9661,386,508.3,709.3,0.01,0.03,0.03,0,7.48
9661,387,1281.0,1004.0,0.00,0.00,0.00,0,12.01
9661,388,1290.0,1008.0,0.00,0.00,0.00,0,12.01
9662,386,508.5,711.3,0.02,0.17,0.17,0,6.30
9662,387,1282.3,1004.7,0.04,0.02,0.04,0,7.47
9662,388,1284.8,1005.4,-0.14,-0.07,0.16,0,7.47
9664,386,508.5,711.3,0.02,0.17,0.17,0,10.01
9664,387,1282.3,1004.7,0.04,0.02,0.04,0,10.90
9664,388,1284.7,1005.4,-0.14,-0.07,0.16,0,10.90
9665,386,508.5,711.3,0.02,0.17,0.17,0,12.10
9665,387,1282.3,1004.7,0.04,0.02,0.04,0,12.98
9665,388,1284.7,1005.4,-0.14,-0.07,0.16,0,12.98
9666,386,508.5,711.3,0.02,0.17,0.17,0,14.52
9666,387,1282.3,1004.7,0.04,0.02,0.04,0,15.34
9666,388,1284.7,1005.4,-0.14,-0.07,0.16,0,15.34
9700,389,1166.0,600.0,0.00,0.00,0.00,0,12.01
9701,389,1165.7,600.0,-0.01,0.00,0.01,0,7.47
9701,390,1174.0,599.0,0.00,0.00,0.00,0,12.01
9702,389,1168.3,599.5,0.17,-0.03,0.17,0,6.31
9704,389,1168.4,599.5,0.17,-0.03,0.17,0,10.01
9705,389,1168.4,599.5,0.17,-0.03,0.17,0,12.13
9706,389,1168.4,599.5,0.17,-0.03,0.17,0,14.54
9737,391,1416.0,735.0,0.00,0.00,0.00,0,12.01
9737,392,1410.0,742.0,0.00,0.00,0.00,0,12.01
9737,393,628.0,1073.0,0.00,0.00,0.00,0,12.01
9739,394,1405.0,746.0,0.00,0.00,0.00,0,12.01
9739,395,1398.0,751.0,0.00,0.00,0.00,0,12.01
9740,394,1402.7,747.3,-0.05,0.03,0.06,0,7.47
9740,395,1398.0,751.0,0.00,0.00,0.00,0,14.03
9741,394,1402.7,747.3,-0.05,0.03,0.06,0,9.51
9743,394,1402.7,747.3,-0.05,0.03,0.06,0,13.26
9744,394,1402.7,747.3,-0.05,0.03,0.06,0,15.45
9786,397,645.0,363.0,0.00,0.00,0.00,0,12.01
9787,397,645.0,363.0,0.00,0.00,0.00,0,14.04
9788,397,643.9,362.6,-0.05,-0.02,0.05,0,7.87
9790,397,643.9,362.6,-0.05,-0.02,0.05,0,11.53
9791,397,643.9,362.6,-0.05,-0.02,0.05,0,13.70
9792,397,643.9,362.6,-0.05,-0.02,0.05,0,16.11
9823,398,1320.0,1179.0,0.00,0.00,0.00,0,12.01
9824,398,1320.0,1179.0,0.00,0.00,0.00,0,14.07
9825,398,1320.0,1179.0,0.00,0.00,0.00,0,16.12
9827,398,1320.0,1179.0,0.00,0.00,0.00,0,20.07
9872,399,580.0,1111.0,0.00,0.00,0.00,0,12.01
9874,401,562.0,1102.0,0.00,0.00,0.00,0,12.01
9874,402,571.0,1107.0,0.00,0.00,0.00,0,12.01
9875,401,562.7,1102.3,0.02,0.01,0.02,0,7.47
9875,402,566.1,1104.1,-0.12,-0.07,0.14,0,7.47
9876,401,561.5,1101.7,-0.06,-0.03,0.07,0,6.31
9878,401,561.4,1101.7,-0.06,-0.03,0.07,0,9.98
9879,401,561.4,1101.7,-0.06,-0.03,0.07,0,12.13
9880,401,561.4,1101.7,-0.06,-0.03,0.07,0,14.47
9937,403,397.0,731.0,0.00,0.00,0.00,0,12.01
9938,403,396.7,730.7,-0.01,-0.01,0.01,0,7.48
9938,404,406.0,727.0,0.00,0.00,0.00,0,12.01
9939,403,396.7,730.7,-0.01,-0.01,0.01,0,9.52
9941,403,396.7,730.7,-0.01,-0.01,0.01,0,13.29
9942,403,396.7,730.7,-0.01,-0.01,0.01,0,15.46
9991,405,515.0,908.0,0.00,0.00,0.00,0,12.02
9992,405,515.3,908.0,0.01,0.00,0.01,0,7.47
9992,406,505.0,910.0,0.00,0.00,0.00,0,12.01
9993,405,511.6,908.3,-0.22,0.02,0.22,0,6.30
9995,405,511.6,908.3,-0.22,0.02,0.22,0,9.92
9996,405,511.6,908.3,-0.22,0.02,0.22,0,12.08
9997,405,511.6,908.3,-0.22,0.02,0.22,0,14.42
10069,407,1074.0,1365.0,0.00,0.00,0.00,0,12.01
10070,407,1074.0,1365.0,0.00,0.00,0.00,0,14.04
10071,407,1074.0,1365.0,0.00,0.00,0.00,0,16.09
10073,407,1074.0,1365.0,0.00,0.00,0.00,0,19.98
10114,408,629.0,1234.0,0.00,0.00,0.00,0,12.01
10115,408,629.0,1234.0,0.00,0.00,0.00,0,14.04
10116,408,629.0,1234.0,0.00,0.00,0.00,0,16.09
10118,408,629.0,1234.0,0.00,0.00,0.00,0,19.96
10152,409,970.0,1086.0,0.00,0.00,0.00,0,12.01
10153,409,969.7,1086.3,-0.01,0.01,0.01,0,7.47
10153,410,977.0,1080.0,0.00,0.00,0.00,0,12.01
10154,409,972.8,1083.7,0.19,-0.16,0.25,0,6.30
10154,410,977.0,1080.0,0.00,0.00,0.00,0,14.03
10156,409,972.9,1083.6,0.19,-0.16,0.25,0,9.94
10156,410,977.0,1080.0,0.00,0.00,0.00,0,17.48
10157,409,972.9,1083.6,0.19,-0.16,0.25,0,12.11
10157,410,977.0,1080.0,0.00,0.00,0.00,0,19.63
10158,409,972.9,1083.6,0.19,-0.16,0.25,0,14.51
10189,411,1290.0,1206.0,0.00,0.00,0.00,0,12.01
10190,411,1290.0,1206.0,0.00,0.00,0.00,0,14.04
10190,412,1303.0,1076.0,0.00,0.00,0.00,0,12.01
10191,411,1290.0,1206.0,0.00,0.00,0.00,0,16.09
10193,411,1290.0,1206.0,0.00,0.00,0.00,0,19.93
10226,413,800.0,1245.0,0.00,0.00,0.00,0,12.01
10228,415,794.0,1242.0,0.00,0.00,0.00,0,12.01
10229,415,793.0,1241.0,-0.02,-0.02,0.03,0,7.47
10230,415,791.5,1239.7,-0.12,-0.10,0.16,0,6.31
10232,415,791.4,1239.7,-0.12,-0.10,0.16,0,10.00
10233,415,791.4,1239.7,-0.12,-0.10,0.16,0,12.12
10234,415,791.4,1239.7,-0.12,-0.10,0.16,0,14.47
10272,416,1156.0,933.0,0.00,0.00,0.00,0,12.01
10273,416,1155.7,933.7,-0.01,0.02,0.02,0,7.47
10273,417,1162.0,929.0,0.00,0.00,0.00,0,12.01
10274,416,1157.0,932.5,0.08,-0.06,0.10,0,6.31
10274,417,1162.0,929.0,0.00,0.00,0.00,0,14.04
10276,416,1157.1,932.4,0.08,-0.06,0.10,0,9.98
10276,417,1162.0,929.0,0.00,0.00,0.00,0,17.53
10277,416,1157.1,932.4,0.08,-0.06,0.10,0,12.13
10277,417,1162.0,929.0,0.00,0.00,0.00,0,19.65
10278,416,1157.1,932.4,0.08,-0.06,0.10,0,14.53
10310,418,874.0,1323.0,0.00,0.00,0.00,0,12.04
10311,418,874.0,1323.0,0.00,0.00,0.00,0,14.08
10312,418,874.0,1323.0,0.00,0.00,0.00,0,16.15
10314,418,874.0,1323.0,0.00,0.00,0.00,0,20.21
10405,419,438.0,1010.0,0.00,0.00,0.00,0,12.01
10406,419,440.0,1009.3,0.05,-0.02,0.05,0,7.47
10407,419,441.0,1008.5,0.12,-0.07,0.14,0,6.31
10409,419,441.0,1008.5,0.12,-0.07,0.14,0,9.99
10410,419,441.0,1008.5,0.12,-0.07,0.14,0,12.14
10411,419,441.0,1008.5,0.12,-0.07,0.14,0,14.48
10442,420,375.0,676.0,0.00,0.00,0.00,0,12.01
10442,421,383.0,677.0,0.00,0.00,0.00,0,12.01
10444,423,368.0,675.0,0.00,0.00,0.00,0,12.01
10444,424,503.0,1198.0,0.00,0.00,0.00,0,12.01
10444,425,512.0,1200.0,0.00,0.00,0.00,0,12.01
10445,423,368.0,675.0,0.00,0.00,0.00,0,14.02
10445,424,505.3,1198.3,0.04,0.01,0.05,0,7.46
10445,425,514.0,1201.6,0.04,0.03,0.05,0,7.46
10446,424,508.0,1199.5,0.15,0.05,0.16,0,6.29
10446,423,368.0,675.0,0.00,0.00,0.00,0,16.04
10448,424,508.1,1199.5,0.15,0.05,0.16,0,9.79
10448,423,368.0,675.0,0.00,0.00,0.00,0,19.68
10449,424,508.1,1199.5,0.15,0.05,0.16,0,11.93
10450,424,508.1,1199.5,0.15,0.05,0.16,0,14.25
10481,426,1057.0,1044.0,0.00,0.00,0.00,0,12.01
10481,427,675.0,1066.0,0.00,0.00,0.00,0,12.01
10481,428,686.0,1067.0,0.00,0.00,0.00,0,12.01
10483,430,1049.0,1031.0,0.00,0.00,0.00,0,12.01
10483,431,1052.0,1040.0,0.00,0.00,0.00,0,12.01
10483,432,696.0,1068.0,0.00,0.00,0.00,0,12.01
10483,433,706.0,1067.0,0.00,0.00,0.00,0,12.01
10484,430,1049.0,1031.7,0.00,0.01,0.01,0,7.47
10484,431,1051.0,1034.8,-0.02,-0.11,0.11,0,7.47
10484,432,699.3,1067.7,0.07,-0.01,0.07,0,7.47
10484,433,709.3,1066.7,0.07,-0.01,0.07,0,7.47
10485,430,1049.0,1030.2,0.00,-0.08,0.08,0,6.30
10485,432,703.3,1067.5,0.33,-0.02,0.33,0,6.30
10487,430,1049.0,1030.2,0.00,-0.08,0.08,0,9.95
10487,432,703.4,1067.5,0.33,-0.02,0.33,0,9.95
10488,430,1049.0,1030.2,0.00,-0.08,0.08,0,12.13
10488,432,703.4,1067.5,0.33,-0.02,0.33,0,12.13
10489,430,1049.0,1030.2,0.00,-0.08,0.08,0,14.47
10489,432,703.4,1067.5,0.33,-0.02,0.33,0,14.47
10591,434,1284.0,1230.0,0.00,0.00,0.00,0,12.01
10592,434,1284.0,1230.0,0.00,0.00,0.00,0,14.04
10593,434,1284.0,1230.0,0.00,0.00,0.00,0,16.09
10595,434,1284.0,1230.0,0.00,0.00,0.00,0,19.92
10751,435,778.0,1305.0,0.00,0.00,0.00,0,12.01
10753,437,778.0,1293.0,0.00,0.00,0.00,0,12.01
10753,438,777.0,1300.0,0.00,0.00,0.00,0,12.01
10754,437,778.0,1293.3,0.00,0.01,0.01,0,7.48
10754,438,778.3,1296.4,0.03,-0.09,0.09,0,7.48
10755,437,778.8,1292.5,0.05,-0.05,0.07,0,6.35
10757,437,778.8,1292.5,0.05,-0.05,0.07,0,10.23
10758,437,778.8,1292.5,0.05,-0.05,0.07,0,12.44
10759,437,778.8,1292.5,0.05,-0.05,0.07,0,14.80
10790,439,1525.0,884.0,0.00,0.00,0.00,0,12.01
10791,439,1525.0,884.0,0.00,0.00,0.00,0,14.04
10792,439,1525.0,884.0,0.00,0.00,0.00,0,16.09
10794,439,1525.0,884.0,0.00,0.00,0.00,0,20.01
10834,440,1558.0,720.0,0.00,0.00,0.00,0,12.01
10835,440,1557.7,720.0,-0.01,0.00,0.01,0,7.47
10836,440,1557.7,720.0,-0.01,0.00,0.01,0,9.52
10838,440,1557.7,720.0,-0.01,0.00,0.01,0,13.30
10839,440,1557.7,720.0,-0.01,0.00,0.01,0,15.47
10871,441,1061.0,1044.0,0.00,0.00,0.00,0,12.01
10872,441,1061.0,1044.0,0.00,0.00,0.00,0,14.04
10873,441,1061.0,1044.0,0.00,0.00,0.00,0,16.09
10875,441,1061.0,1044.0,0.00,0.00,0.00,0,19.98
10937,442,569.0,1041.0,0.00,0.00,0.00,0,12.01
10939,444,546.0,1029.0,0.00,0.00,0.00,0,12.01
10939,445,557.0,1034.0,0.00,0.00,0.00,0,12.01
10940,444,546.3,1029.0,0.01,0.00,0.01,0,7.48
10940,445,550.4,1031.4,-0.16,-0.06,0.17,0,7.48
10941,444,543.9,1028.2,-0.15,-0.05,0.16,0,6.31
10943,444,543.9,1028.2,-0.15,-0.05,0.16,0,9.96
10944,444,543.9,1028.2,-0.15,-0.05,0.16,0,12.13
10945,444,543.9,1028.2,-0.15,-0.05,0.16,0,14.47
11012,446,1413.0,1004.0,0.00,0.00,0.00,0,12.01
11014,448,1418.0,987.0,0.00,0.00,0.00,0,12.01
11014,449,1415.0,996.0,0.00,0.00,0.00,0,12.01
11015,448,1418.0,987.0,0.00,0.00,0.00,0,7.47
11015,449,1417.3,990.8,0.06,-0.13,0.14,0,7.47
11016,448,1419.0,985.5,0.06,-0.10,0.12,0,6.31
11018,448,1419.0,985.4,0.06,-0.10,0.12,0,9.99
11019,448,1419.0,985.4,0.06,-0.10,0.12,0,12.14
11020,448,1419.0,985.4,0.06,-0.10,0.12,0,14.48
11065,450,497.0,1100.0,0.00,0.00,0.00,0,12.01
11066,450,497.0,1100.3,0.00,0.01,0.01,0,7.48
11066,451,496.0,1091.0,0.00,0.00,0.00,0,12.01
11067,450,496.5,1095.6,-0.03,-0.30,0.30,0,6.31
11069,450,496.5,1095.5,-0.03,-0.30,0.30,0,9.97
11070,450,496.5,1095.5,-0.03,-0.30,0.30,0,12.14
11071,450,496.5,1095.5,-0.03,-0.30,0.30,0,14.48
11107,452,1162.0,1175.0,0.00,0.00,0.00,0,12.01
11108,452,1162.7,1175.3,0.02,0.01,0.02,0,7.49
11108,453,1154.0,1171.0,0.00,0.00,0.00,0,12.02
11109,452,1161.2,1174.5,-0.12,-0.07,0.14,0,6.31
11111,452,1161.2,1174.5,-0.12,-0.07,0.14,0,9.97
11112,452,1161.2,1174.5,-0.12,-0.07,0.14,0,12.01
11113,452,1161.2,1174.4,-0.12,-0.07,0.14,0,14.35
11158,454,1542.0,662.0,0.00,0.00,0.00,0,12.01
11159,454,1542.0,662.0,0.00,0.00,0.00,0,14.04
11160,454,1542.0,662.0,0.00,0.00,0.00,0,16.09
11162,454,1542.0,662.0,0.00,0.00,0.00,0,20.01
11195,455,1404.0,1124.0,0.00,0.00,0.00,0,12.01
11195,456,1411.0,1133.0,0.00,0.00,0.00,0,12.01
11195,457,771.0,1170.0,0.00,0.00,0.00,0,12.01
11197,459,1402.0,1119.0,0.00,0.00,0.00,0,12.01
11197,460,768.0,1168.0,0.00,0.00,0.00,0,12.01
11198,459,1407.2,1117.4,0.12,-0.04,0.12,0,7.47
11198,460,768.0,1168.0,0.00,0.00,0.00,0,14.03
11199,459,1409.5,1116.5,0.26,-0.09,0.27,0,6.31
11199,460,768.0,1168.0,0.00,0.00,0.00,0,16.08
11201,459,1409.6,1116.5,0.26,-0.09,0.27,0,9.97
11201,460,768.0,1168.0,0.00,0.00,0.00,0,19.94
11202,459,1409.6,1116.5,0.26,-0.09,0.27,0,12.12
11203,459,1409.6,1116.5,0.26,-0.09,0.27,0,14.47
11273,463,1453.0,1088.0,0.00,0.00,0.00,0,12.01
11274,463,1453.0,1088.0,0.00,0.00,0.00,0,14.04
11275,463,1453.0,1088.0,0.00,0.00,0.00,0,16.09
11277,463,1453.0,1088.0,0.00,0.00,0.00,0,19.93
11314,464,1160.0,948.0,0.00,0.00,0.00,0,12.01
11315,464,1160.3,948.3,0.01,0.01,0.01,0,7.48
11315,465,1151.0,950.0,0.00,0.00,0.00,0,12.01
11316,464,1157.9,948.8,-0.16,0.04,0.16,0,6.31
11318,464,1157.9,948.8,-0.16,0.04,0.16,0,9.94
11319,464,1157.9,948.8,-0.16,0.04,0.16,0,12.13
11320,464,1157.9,948.8,-0.16,0.04,0.16,0,14.53
11374,466,1275.0,1155.0,0.00,0.00,0.00,0,12.01
11375,466,1275.0,1155.0,0.00,0.00,0.00,0,14.04
11376,466,1273.6,1152.9,-0.06,-0.10,0.12,0,7.87
11378,466,1273.6,1152.9,-0.06,-0.10,0.12,0,11.51
11379,466,1273.6,1152.9,-0.06,-0.10,0.12,0,13.69
11380,466,1273.6,1152.9,-0.06,-0.10,0.12,0,16.03
11431,467,770.0,1121.0,0.00,0.00,0.00,0,12.01
11432,467,770.3,1121.0,0.01,0.00,0.01,0,7.47
11432,468,760.0,1120.0,0.00,0.00,0.00,0,12.01
11433,467,767.9,1120.7,-0.14,-0.02,0.15,0,6.32
11435,467,767.9,1120.7,-0.14,-0.02,0.15,0,10.09
11436,467,767.9,1120.7,-0.14,-0.02,0.15,0,12.11
11437,467,767.9,1120.7,-0.14,-0.02,0.15,0,14.44
11496,469,919.0,1327.0,0.00,0.00,0.00,0,12.01
11497,469,918.7,1327.3,-0.01,0.01,0.01,0,7.47
11497,470,918.0,1319.0,0.00,0.00,0.00,0,12.01
11498,469,918.8,1325.4,-0.00,-0.11,0.11,0,6.31
11498,470,917.0,1316.7,-0.02,-0.06,0.06,0,7.47
11500,469,918.8,1325.4,-0.00,-0.11,0.11,0,9.94
11500,470,917.0,1316.7,-0.02,-0.06,0.06,0,10.85
11501,469,918.8,1325.4,-0.00,-0.11,0.11,0,12.12
11501,470,917.0,1316.7,-0.02,-0.06,0.06,0,13.00
11502,469,918.8,1325.4,-0.00,-0.11,0.11,0,14.46
11502,470,917.0,1316.7,-0.02,-0.06,0.06,0,15.29
11549,471,1067.0,1284.0,0.00,0.00,0.00,0,12.01
11550,471,1069.9,1282.7,0.07,-0.03,0.07,0,7.47
11551,471,1071.2,1282.0,0.15,-0.07,0.16,0,6.30
11551,472,1492.0,761.0,0.00,0.00,0.00,0,12.01
11551,473,1085.0,1277.0,0.00,0.00,0.00,0,12.01
11553,471,1071.3,1282.0,0.15,-0.07,0.16,0,9.92
11553,472,1492.0,761.0,0.00,0.00,0.00,0,15.10
11553,473,1085.0,1277.0,0.00,0.00,0.00,0,15.10
11554,471,1071.3,1282.0,0.15,-0.07,0.16,0,12.12
11554,472,1492.0,761.0,0.00,0.00,0.00,0,17.25
11554,473,1085.0,1277.0,0.00,0.00,0.00,0,17.25
11555,471,1071.3,1282.0,0.15,-0.07,0.16,0,14.47
11555,472,1492.0,761.0,0.00,0.00,0.00,0,19.49
11555,473,1085.0,1277.0,0.00,0.00,0.00,0,19.49
11605,474,1480.0,668.0,0.00,0.00,0.00,0,12.01
11606,474,1480.0,668.0,0.00,0.00,0.00,0,14.04
11607,474,1480.0,668.0,0.00,0.00,0.00,0,16.09
11609,474,1480.0,668.0,0.00,0.00,0.00,0,19.98
11672,475,1353.0,1162.0,0.00,0.00,0.00,0,12.01
11673,475,1352.0,1163.3,-0.02,0.03,0.04,0,7.47
11674,475,1351.5,1163.5,-0.06,0.04,0.07,0,6.31
11674,476,1353.0,1171.0,0.00,0.00,0.00,0,12.01
11676,475,1351.5,1163.5,-0.06,0.04,0.07,0,10.00
11676,476,1353.0,1171.0,0.00,0.00,0.00,0,15.15
11677,475,1351.5,1163.5,-0.06,0.04,0.07,0,12.14
11677,476,1353.0,1171.0,0.00,0.00,0.00,0,17.25
11678,475,1351.5,1163.5,-0.06,0.04,0.07,0,14.54
11678,476,1353.0,1171.0,0.00,0.00,0.00,0,19.54
11823,477,1031.0,1283.0,0.00,0.00,0.00,0,12.01
11824,477,1031.0,1283.0,0.00,0.00,0.00,0,14.04
11825,477,1031.0,1283.4,0.00,0.02,0.02,0,7.87
11827,477,1031.0,1283.4,0.00,0.02,0.02,0,11.52
11828,477,1031.0,1283.4,0.00,0.02,0.02,0,13.69
11829,477,1031.0,1283.4,0.00,0.02,0.02,0,16.08
11869,478,726.0,1225.0,0.00,0.00,0.00,0,12.01
11870,478,726.3,1225.3,0.01,0.01,0.01,0,7.47
11870,479,722.0,1216.0,0.00,0.00,0.00,0,12.01
11871,478,725.5,1223.4,-0.05,-0.11,0.12,0,6.31
11873,478,725.5,1223.4,-0.05,-0.11,0.12,0,9.99
11874,478,725.5,1223.4,-0.05,-0.11,0.12,0,12.14
11875,478,725.5,1223.4,-0.05,-0.11,0.12,0,14.54
11965,480,436.0,620.0,0.00,0.00,0.00,0,12.01
11966,480,436.0,620.0,0.00,0.00,0.00,0,7.48
11967,480,436.0,620.0,0.00,0.00,0.00,0,9.52
11969,480,436.0,620.0,0.00,0.00,0.00,0,13.31
11970,480,436.0,620.0,0.00,0.00,0.00,0,15.46
12005,481,703.0,1258.0,0.00,0.00,0.00,0,12.00
12006,481,703.0,1258.0,0.00,0.00,0.00,0,14.03
12007,481,703.0,1258.0,0.00,0.00,0.00,0,16.07
12009,481,703.0,1258.0,0.00,0.00,0.00,0,19.90
12095,482,897.0,1195.0,0.00,0.00,0.00,0,12.01
12097,484,908.0,1176.0,0.00,0.00,0.00,0,12.01
12097,485,904.0,1187.0,0.00,0.00,0.00,0,12.01
12098,484,908.0,1175.7,0.00,-0.01,0.01,0,7.48
12098,485,904.0,1187.0,0.00,0.00,0.00,0,14.04
12099,484,908.0,1175.7,0.00,-0.01,0.01,0,9.52
12101,484,908.0,1175.7,0.00,-0.01,0.01,0,13.27
12102,484,908.0,1175.7,0.00,-0.01,0.01,0,15.47
12170,486,1173.0,1356.0,0.00,0.00,0.00,0,12.01
12171,486,1173.0,1356.0,0.00,0.00,0.00,0,14.04
12172,486,1173.0,1356.0,0.00,0.00,0.00,0,16.09
12174,486,1173.0,1356.0,0.00,0.00,0.00,0,19.97
12236,487,460.0,1142.0,0.00,0.00,0.00,0,12.01
12237,487,460.0,1142.0,0.00,0.00,0.00,0,14.04
12238,487,460.0,1142.0,0.00,0.00,0.00,0,16.09
12238,488,766.0,953.0,0.00,0.00,0.00,0,12.01
12238,489,769.0,959.0,0.00,0.00,0.00,0,12.01
12240,487,460.0,1142.0,0.00,0.00,0.00,0,19.98
12240,488,766.0,953.0,0.00,0.00,0.00,0,15.14
12240,489,769.0,959.0,0.00,0.00,0.00,0,15.14
12241,488,766.0,953.0,0.00,0.00,0.00,0,17.24
12241,489,769.0,959.0,0.00,0.00,0.00,0,17.24
12242,488,766.0,953.0,0.00,0.00,0.00,0,19.49
12242,489,769.0,959.0,0.00,0.00,0.00,0,19.49
12324,490,801.0,1355.0,0.00,0.00,0.00,0,12.01
12325,490,801.0,1355.0,0.00,0.00,0.00,0,14.04
12326,490,801.0,1355.0,0.00,0.00,0.00,0,16.08
12328,490,801.0,1355.0,0.00,0.00,0.00,0,19.91
12361,491,1164.0,1245.0,0.00,0.00,0.00,0,12.01
12361,492,1162.0,1254.0,0.00,0.00,0.00,0,12.01
12362,491,1164.0,1245.7,0.00,0.02,0.02,0,7.48
12362,492,1163.0,1248.8,0.02,-0.13,0.13,0,7.48
12363,491,1164.3,1243.9,0.02,-0.11,0.11,0,6.30
12365,491,1164.3,1243.9,0.02,-0.11,0.11,0,9.93
12366,491,1164.3,1243.9,0.02,-0.11,0.11,0,12.10
12367,491,1164.3,1243.9,0.02,-0.11,0.11,0,14.45
12398,493,626.0,1051.0,0.00,0.00,0.00,0,12.01
12400,495,615.0,1034.0,0.00,0.00,0.00,0,12.01
12400,496,622.0,1043.0,0.00,0.00,0.00,0,12.01
12401,495,614.0,1032.0,-0.02,-0.04,0.05,0,7.46
12401,496,622.0,1043.0,0.00,0.00,0.00,0,14.02
12402,495,613.5,1031.0,-0.04,-0.09,0.10,0,6.28
12404,495,613.5,1031.0,-0.04,-0.09,0.10,0,9.72
12405,495,613.5,1031.0,-0.04,-0.09,0.10,0,11.95
12406,495,613.5,1031.0,-0.04,-0.09,0.10,0,14.28
12437,497,619.0,1117.0,0.00,0.00,0.00,0,12.01
12439,501,626.0,1120.0,0.00,0.00,0.00,0,12.01
12439,502,633.0,1126.0,0.00,0.00,0.00,0,12.01
12440,501,628.0,1121.6,0.04,0.03,0.05,0,7.46
12440,502,635.0,1128.6,0.04,0.05,0.07,0,7.46
12441,501,630.8,1124.6,0.15,0.15,0.22,0,6.29
12443,501,630.8,1124.6,0.15,0.15,0.22,0,9.86
12444,501,630.8,1124.6,0.15,0.15,0.22,0,12.04
12445,501,630.8,1124.6,0.15,0.15,0.22,0,14.37
12476,503,501.0,550.0,0.00,0.00,0.00,0,12.01
12476,504,916.0,1112.0,0.00,0.00,0.00,0,12.01
12476,505,907.0,1116.0,0.00,0.00,0.00,0,12.01
12476,506,773.0,1133.0,0.00,0.00,0.00,0,12.01
12476,507,770.0,1145.0,0.00,0.00,0.00,0,12.01
12478,510,496.0,539.0,0.00,0.00,0.00,0,12.01
12478,511,499.0,545.0,0.00,0.00,0.00,0,12.01
12478,512,930.0,1104.0,0.00,0.00,0.00,0,12.01
12478,513,922.0,1110.0,0.00,0.00,0.00,0,12.01
12478,514,768.0,1162.0,0.00,0.00,0.00,0,12.01
12478,515,765.0,1176.0,0.00,0.00,0.00,0,12.01
12479,510,495.0,537.0,-0.02,-0.04,0.05,0,7.47
12479,511,499.0,545.0,0.00,0.00,0.00,0,14.03
12479,512,929.3,1104.3,-0.01,0.01,0.02,0,7.47
12479,513,926.9,1107.1,0.11,-0.06,0.12,0,7.47
12479,514,767.0,1166.6,-0.02,0.10,0.10,0,7.47
12479,515,763.7,1180.3,-0.03,0.09,0.10,0,7.47
12480,510,494.8,536.3,-0.04,-0.09,0.10,0,6.31
12480,512,931.1,1103.7,0.09,-0.03,0.10,0,6.31
12480,514,765.5,1172.4,-0.12,0.46,0.47,0,6.31
12482,510,494.7,536.2,-0.04,-0.09,0.10,0,9.95
12482,512,931.1,1103.7,0.09,-0.03,0.10,0,9.95
12482,514,765.4,1172.5,-0.12,0.46,0.47,0,9.95
12483,510,494.7,536.2,-0.04,-0.09,0.10,0,12.12
12483,512,931.1,1103.7,0.09,-0.03,0.10,0,12.12
12483,514,765.4,1172.5,-0.12,0.46,0.47,0,12.12
12484,510,494.7,536.2,-0.04,-0.09,0.10,0,14.46
12484,512,931.1,1103.7,0.09,-0.03,0.10,0,14.46
12484,514,765.4,1172.5,-0.12,0.46,0.47,0,14.46
12557,516,660.0,786.0,0.00,0.00,0.00,0,12.01
12558,516,658.4,782.7,-0.04,-0.08,0.09,0,7.48
12559,516,657.8,781.2,-0.08,-0.18,0.20,0,6.31
12559,517,651.0,766.0,0.00,0.00,0.00,0,12.01
12561,516,657.7,781.2,-0.08,-0.18,0.20,0,10.01
12561,517,651.0,766.0,0.00,0.00,0.00,0,15.16
12562,516,657.7,781.2,-0.08,-0.18,0.20,0,12.12
12562,517,651.0,766.0,0.00,0.00,0.00,0,17.23
12563,516,657.7,781.2,-0.08,-0.18,0.20,0,14.54
12563,517,651.0,766.0,0.00,0.00,0.00,0,19.53
12595,520,447.0,683.0,0.00,0.00,0.00,0,12.02
12595,521,446.0,694.0,0.00,0.00,0.00,0,12.02
12596,520,446.7,686.3,-0.01,0.14,0.14,0,7.48
12596,521,445.7,697.6,-0.01,0.15,0.15,0,7.48
12597,520,446.2,690.8,-0.04,0.45,0.45,0,6.29
12599,520,446.2,691.0,-0.04,0.45,0.45,0,9.80
12600,520,446.2,691.0,-0.04,0.45,0.45,0,12.00
12601,520,446.2,691.0,-0.04,0.45,0.45,0,14.34
12637,522,897.0,1137.0,0.00,0.00,0.00,0,12.01
12638,522,897.0,1137.0,0.00,0.00,0.00,0,7.48
12638,523,909.0,1153.0,0.00,0.00,0.00,0,12.01
12639,522,899.3,1140.3,0.15,0.22,0.27,0,6.31
12641,522,899.4,1140.4,0.15,0.22,0.27,0,9.97
12642,522,899.4,1140.4,0.15,0.22,0.27,0,12.13
12643,522,899.4,1140.4,0.15,0.22,0.27,0,14.48
12674,524,1193.0,1119.0,0.00,0.00,0.00,0,12.01
12674,525,1203.0,1130.0,0.00,0.00,0.00,0,12.01
12677,526,1173.0,1205.0,0.00,0.00,0.00,0,12.01
12679,528,1186.0,1206.0,0.00,0.00,0.00,0,12.01
12680,528,1186.0,1206.0,0.00,0.00,0.00,0,14.04
12681,528,1186.0,1206.0,0.00,0.00,0.00,0,16.09
12683,528,1186.0,1206.0,0.00,0.00,0.00,0,19.91
12719,529,786.0,1113.0,0.00,0.00,0.00,0,12.00
12720,529,783.4,1115.9,-0.04,0.05,0.07,0,7.46
12721,529,782.0,1117.2,-0.10,0.11,0.15,0,6.30
12721,530,772.0,1131.0,0.00,0.00,0.00,0,12.01
12723,529,782.0,1117.3,-0.10,0.11,0.15,0,9.91
12723,530,772.0,1131.0,0.00,0.00,0.00,0,15.13
12724,529,782.0,1117.3,-0.10,0.11,0.15,0,12.07
12724,530,772.0,1131.0,0.00,0.00,0.00,0,17.25
12725,529,782.0,1117.3,-0.10,0.11,0.15,0,14.47
12725,530,772.0,1131.0,0.00,0.00,0.00,0,19.54
12757,533,930.0,1001.0,0.00,0.00,0.00,0,12.01
12757,534,931.0,1009.0,0.00,0.00,0.00,0,12.01
12758,533,930.3,1001.3,0.01,0.01,0.01,0,7.47
12758,534,929.7,1004.1,-0.04,-0.14,0.14,0,7.47
12759,533,929.7,999.7,-0.03,-0.09,0.10,0,6.30
12761,533,929.7,999.7,-0.03,-0.09,0.10,0,9.90
12762,533,929.7,999.7,-0.03,-0.09,0.10,0,12.11
12763,533,929.7,999.7,-0.03,-0.09,0.10,0,14.45
12831,536,1306.0,1204.0,0.00,0.00,0.00,0,12.01
12832,536,1303.4,1202.0,-0.07,-0.05,0.08,0,7.47
12833,536,1302.0,1201.0,-0.16,-0.12,0.20,0,6.31
12833,537,458.0,1085.0,0.00,0.00,0.00,0,12.01
12833,538,1291.0,1191.0,0.00,0.00,0.00,0,12.01
12835,536,1302.0,1201.0,-0.16,-0.12,0.20,0,9.97
12835,537,458.0,1085.0,0.00,0.00,0.00,0,15.13
12835,538,1291.0,1191.0,0.00,0.00,0.00,0,15.13
12836,536,1301.9,1201.0,-0.16,-0.12,0.20,0,12.13
12836,537,458.0,1085.0,0.00,0.00,0.00,0,17.24
12836,538,1291.0,1191.0,0.00,0.00,0.00,0,17.24
12837,536,1301.9,1201.0,-0.16,-0.12,0.20,0,14.48
12837,537,458.0,1085.0,0.00,0.00,0.00,0,19.49
12837,538,1291.0,1191.0,0.00,0.00,0.00,0,19.49
12899,539,975.0,1370.0,0.00,0.00,0.00,0,12.01
12900,539,975.0,1370.0,0.00,0.00,0.00,0,14.04
12901,539,975.0,1370.0,0.00,0.00,0.00,0,16.09
12903,539,975.0,1370.0,0.00,0.00,0.00,0,19.92
12937,542,426.0,873.0,0.00,0.00,0.00,0,12.03
12937,543,696.0,977.0,0.00,0.00,0.00,0,12.03
12937,544,689.0,984.0,0.00,0.00,0.00,0,12.03
12938,542,425.3,873.0,-0.03,0.00,0.03,0,7.48
12938,543,694.4,978.6,-0.07,0.07,0.10,0,7.48
12938,544,689.0,984.0,0.00,0.00,0.00,0,14.06
12938,545,435.0,872.0,0.00,0.00,0.00,0,12.01
12939,542,428.6,872.5,0.20,-0.04,0.21,0,6.29
12939,543,691.2,981.3,-0.29,0.26,0.39,0,6.29
12941,542,428.7,872.5,0.20,-0.04,0.21,0,9.80
12941,543,691.1,981.4,-0.29,0.26,0.39,0,9.80
12942,542,428.7,872.5,0.20,-0.04,0.21,0,11.99
12942,543,691.1,981.4,-0.29,0.26,0.39,0,11.99
12943,542,428.7,872.5,0.20,-0.04,0.21,0,14.32
12943,543,691.1,981.4,-0.29,0.26,0.39,0,14.32
13027,546,1162.0,1340.0,0.00,0.00,0.00,0,12.01
13028,546,1162.0,1340.0,0.00,0.00,0.00,0,14.04
13029,546,1162.0,1340.0,0.00,0.00,0.00,0,16.09
13031,546,1162.0,1340.0,0.00,0.00,0.00,0,19.93
13100,547,1276.0,812.0,0.00,0.00,0.00,0,12.01
13101,547,1276.0,812.0,0.00,0.00,0.00,0,7.48
13102,547,1276.0,812.0,0.00,0.00,0.00,0,9.52
13104,547,1276.0,812.0,0.00,0.00,0.00,0,13.28
13105,547,1276.0,812.0,0.00,0.00,0.00,0,15.45
13202,548,691.0,703.0,0.00,0.00,0.00,0,12.01
13203,548,691.0,703.0,0.00,0.00,0.00,0,14.04
13204,548,691.0,703.0,0.00,0.00,0.00,0,16.09
13206,548,691.0,703.0,0.00,0.00,0.00,0,19.97
13239,549,889.0,972.0,0.00,0.00,0.00,0,12.01
13240,549,889.0,972.0,0.00,0.00,0.00,0,14.09
13241,549,889.0,972.0,0.00,0.00,0.00,0,16.15
13243,549,889.0,972.0,0.00,0.00,0.00,0,20.18
13317,550,1351.0,435.0,0.00,0.00,0.00,0,12.01
13318,550,1351.0,434.3,0.00,-0.02,0.02,0,7.48
13319,550,1349.7,436.6,-0.08,0.13,0.16,0,6.31
13321,550,1349.7,436.6,-0.08,0.13,0.16,0,10.01
13322,550,1349.7,436.6,-0.08,0.13,0.16,0,12.13
13323,550,1349.7,436.6,-0.08,0.13,0.16,0,14.48
13355,551,1391.0,992.0,0.00,0.00,0.00,0,12.02
13356,551,1391.0,992.0,0.00,0.00,0.00,0,14.05
13357,551,1391.0,992.0,0.00,0.00,0.00,0,16.14
13359,551,1391.0,992.0,0.00,0.00,0.00,0,20.21
13393,552,1551.0,778.0,0.00,0.00,0.00,0,12.01
13394,552,1551.0,778.3,0.00,0.01,0.01,0,7.47
13394,553,1553.0,772.0,0.00,0.00,0.00,0,12.01
13395,552,1551.3,776.2,0.02,-0.13,0.13,0,6.31
13397,552,1551.3,776.2,0.02,-0.13,0.13,0,9.98
13398,552,1551.3,776.1,0.02,-0.13,0.13,0,12.12
13399,552,1551.3,776.1,0.02,-0.13,0.13,0,14.47
13551,554,1294.0,844.0,0.00,0.00,0.00,0,12.01
13552,554,1294.0,844.0,0.00,0.00,0.00,0,7.47
13552,555,1283.0,844.0,0.00,0.00,0.00,0,12.01
13553,554,1294.0,844.0,0.00,0.00,0.00,0,9.52
13553,555,1283.0,844.0,0.00,0.00,0.00,0,14.04
13555,554,1294.0,844.0,0.00,0.00,0.00,0,13.28
13555,555,1283.0,844.0,0.00,0.00,0.00,0,17.51
13556,554,1294.0,844.0,0.00,0.00,0.00,0,15.47
13556,555,1283.0,844.0,0.00,0.00,0.00,0,19.67
13593,556,452.0,982.0,0.00,0.00,0.00,0,12.01
13594,556,448.1,981.7,-0.10,-0.01,0.10,0,7.48
13595,556,446.2,981.8,-0.22,-0.00,0.22,0,6.31
13595,557,429.0,981.0,0.00,0.00,0.00,0,12.01
13597,556,446.2,981.8,-0.22,-0.00,0.22,0,9.97
13597,557,429.0,981.0,0.00,0.00,0.00,0,15.13
13598,556,446.2,981.8,-0.22,-0.00,0.22,0,12.13
13598,557,429.0,981.0,0.00,0.00,0.00,0,17.24
13599,556,446.2,981.8,-0.22,-0.00,0.22,0,14.47
13599,557,429.0,981.0,0.00,0.00,0.00,0,19.49
13719,558,516.0,1037.0,0.00,0.00,0.00,0,12.01
13720,558,516.0,1037.0,0.00,0.00,0.00,0,14.04
13721,558,516.0,1037.7,0.00,0.03,0.03,0,7.87
13723,558,516.0,1037.7,0.00,0.03,0.03,0,11.49
13724,558,516.0,1037.7,0.00,0.03,0.03,0,13.70
13725,558,516.0,1037.7,0.00,0.03,0.03,0,16.04
13822,559,1155.0,707.0,0.00,0.00,0.00,0,12.01
13823,559,1155.0,707.0,0.00,0.00,0.00,0,7.48
13824,559,1155.0,707.0,0.00,0.00,0.00,0,9.52
13826,559,1155.0,707.0,0.00,0.00,0.00,0,13.30
13827,559,1155.0,707.0,0.00,0.00,0.00,0,15.47
13867,560,1062.0,870.0,0.00,0.00,0.00,0,12.01
13868,560,1062.0,870.0,0.00,0.00,0.00,0,14.04
13869,560,1062.0,870.0,0.00,0.00,0.00,0,16.09
13871,560,1062.0,870.0,0.00,0.00,0.00,0,19.93
13908,561,655.0,1129.0,0.00,0.00,0.00,0,12.01
13909,561,656.0,1129.7,0.02,0.02,0.03,0,7.48
13909,562,649.0,1124.0,0.00,0.00,0.00,0,12.01
13909,563,1195.0,1304.0,0.00,0.00,0.00,0,12.01
13910,561,654.7,1128.5,-0.06,-0.06,0.09,0,6.31
13910,562,646.4,1123.3,-0.07,-0.02,0.07,0,7.48
13910,563,1195.3,1306.3,0.01,0.06,0.06,0,7.48
13912,561,654.7,1128.4,-0.06,-0.06,0.09,0,10.01
13912,562,646.4,1123.3,-0.07,-0.02,0.07,0,10.90
13912,563,1195.3,1306.3,0.01,0.06,0.06,0,10.90
13913,561,654.7,1128.4,-0.06,-0.06,0.09,0,12.14
13913,562,646.4,1123.3,-0.07,-0.02,0.07,0,13.01
13913,563,1195.3,1306.3,0.01,0.06,0.06,0,13.01
13914,561,654.7,1128.4,-0.06,-0.06,0.09,0,14.55
13914,562,646.4,1123.3,-0.07,-0.02,0.07,0,15.36
13914,563,1195.3,1306.3,0.01,0.06,0.06,0,15.36
13946,564,1401.0,663.0,0.00,0.00,0.00,0,12.01
13948,566,431.0,913.0,0.00,0.00,0.00,0,12.01
13949,566,431.0,913.0,0.00,0.00,0.00,0,14.04
13950,566,419.1,906.3,-0.55,-0.31,0.63,0,7.87
13952,566,418.9,906.2,-0.55,-0.31,0.63,0,11.54
13953,566,418.9,906.2,-0.55,-0.31,0.63,0,13.69
13954,566,418.9,906.2,-0.55,-0.31,0.63,0,16.11
13985,568,686.0,802.0,0.00,0.00,0.00,0,12.01
13986,568,686.0,802.0,0.00,0.00,0.00,0,14.04
13987,568,687.8,808.0,0.08,0.29,0.30,0,7.87
13989,568,687.8,808.0,0.08,0.29,0.30,0,11.52
13990,568,687.8,808.1,0.08,0.29,0.30,0,13.66
13991,568,687.8,808.1,0.08,0.29,0.30,0,16.08
14023,572,591.0,1223.0,0.00,0.00,0.00,0,12.01
14024,572,591.0,1222.3,0.00,-0.02,0.02,0,7.47
14025,572,591.5,1223.8,0.03,0.07,0.08,0,6.30
14027,572,591.5,1223.8,0.03,0.07,0.08,0,9.99
14028,572,591.5,1223.8,0.03,0.07,0.08,0,12.12
14029,572,591.5,1223.8,0.03,0.07,0.08,0,14.47
14060,573,902.0,1062.0,0.00,0.00,0.00,0,12.01
14061,573,896.4,1056.1,-0.14,-0.15,0.20,0,7.48
14062,573,893.5,1053.0,-0.35,-0.37,0.50,0,6.30
14064,573,893.4,1052.9,-0.35,-0.37,0.50,0,9.94
14065,573,893.4,1052.9,-0.35,-0.37,0.50,0,12.11
14066,573,893.4,1052.9,-0.35,-0.37,0.50,0,14.51
14099,574,964.0,1225.0,0.00,0.00,0.00,0,12.01
14099,575,787.0,1282.0,0.00,0.00,0.00,0,12.01
14101,577,956.0,1218.0,0.00,0.00,0.00,0,12.01
14102,577,956.0,1218.0,0.00,0.00,0.00,0,14.04
14103,577,950.4,1213.4,-0.26,-0.21,0.33,0,7.87
14105,577,950.3,1213.4,-0.26,-0.21,0.33,0,11.51
14106,577,950.3,1213.4,-0.26,-0.21,0.33,0,13.68
14107,577,950.3,1213.4,-0.26,-0.21,0.33,0,16.02
14300,579,792.0,1216.0,0.00,0.00,0.00,0,12.01
14302,581,769.0,1196.0,0.00,0.00,0.00,0,12.01
14302,582,781.0,1206.0,0.00,0.00,0.00,0,12.01
14303,581,769.3,1196.0,0.01,0.00,0.01,0,7.47
14303,582,773.1,1200.4,-0.20,-0.14,0.24,0,7.47
14304,581,766.7,1194.5,-0.16,-0.10,0.19,0,6.31
14306,581,766.6,1194.4,-0.16,-0.10,0.19,0,9.97
14307,581,766.6,1194.4,-0.16,-0.10,0.19,0,12.13
14308,581,766.6,1194.4,-0.16,-0.10,0.19,0,14.48
14364,583,780.0,1343.0,0.00,0.00,0.00,0,12.01
14365,583,780.0,1343.3,0.00,0.01,0.01,0,7.47
14365,584,776.0,1334.0,0.00,0.00,0.00,0,12.01
14366,583,779.0,1341.4,-0.07,-0.11,0.13,0,6.31
14366,584,775.0,1331.4,-0.02,-0.06,0.07,0,7.48
14368,583,779.0,1341.4,-0.07,-0.11,0.13,0,9.95
14368,584,775.0,1331.4,-0.02,-0.06,0.07,0,10.85
14369,583,779.0,1341.4,-0.07,-0.11,0.13,0,12.12
14369,584,775.0,1331.4,-0.02,-0.06,0.07,0,12.99
14370,583,778.9,1341.4,-0.07,-0.11,0.13,0,14.52
14370,584,775.0,1331.4,-0.02,-0.06,0.07,0,15.34
14409,585,907.0,1262.0,0.00,0.00,0.00,0,12.01
14410,585,907.0,1262.0,0.00,0.00,0.00,0,7.47
14410,586,912.0,1251.0,0.00,0.00,0.00,0,12.01
14411,585,908.3,1259.4,0.08,-0.16,0.18,0,6.31
14411,586,913.6,1247.4,0.04,-0.08,0.09,0,7.48
14413,585,908.3,1259.4,0.08,-0.16,0.18,0,9.98
14413,586,913.6,1247.4,0.04,-0.08,0.09,0,10.87
14414,585,908.3,1259.4,0.08,-0.16,0.18,0,12.14
14414,586,913.6,1247.4,0.04,-0.08,0.09,0,13.01
14415,585,908.3,1259.4,0.08,-0.16,0.18,0,14.49
14415,586,913.7,1247.4,0.04,-0.08,0.09,0,15.31
14449,587,1140.0,1180.0,0.00,0.00,0.00,0,12.01
14450,587,1140.0,1180.0,0.00,0.00,0.00,0,7.47
14450,588,1184.0,1000.0,0.00,0.00,0.00,0,12.01
14450,589,1143.0,1172.0,0.00,0.00,0.00,0,12.01
14451,587,1140.8,1178.5,0.05,-0.10,0.11,0,6.32
14453,587,1140.8,1178.4,0.05,-0.10,0.11,0,10.04
14454,587,1140.8,1178.4,0.05,-0.10,0.11,0,12.10
14455,587,1140.8,1178.4,0.05,-0.10,0.11,0,14.46
14487,590,567.0,1011.0,0.00,0.00,0.00,0,12.01
14488,590,567.0,1011.0,0.00,0.00,0.00,0,14.04
14489,590,567.0,1011.0,0.00,0.00,0.00,0,16.09
14491,590,567.0,1011.0,0.00,0.00,0.00,0,19.97
14568,591,1029.0,1087.0,0.00,0.00,0.00,0,12.01
14569,591,1029.0,1087.0,0.00,0.00,0.00,0,7.47
14570,591,1029.0,1087.0,0.00,0.00,0.00,0,9.52
14572,591,1029.0,1087.0,0.00,0.00,0.00,0,13.30
14573,591,1029.0,1087.0,0.00,0.00,0.00,0,15.46
14709,592,1056.0,1175.0,0.00,0.00,0.00,0,12.01
14710,592,1055.7,1175.3,-0.01,0.01,0.01,0,7.48
14710,593,1061.0,1167.0,0.00,0.00,0.00,0,12.01
14711,592,1057.0,1173.4,0.08,-0.12,0.14,0,6.31
14711,593,1063.0,1165.0,0.05,-0.05,0.07,0,7.47
14713,592,1057.1,1173.4,0.08,-0.12,0.14,0,9.94
14713,593,1063.0,1165.0,0.05,-0.05,0.07,0,10.84
14714,592,1057.1,1173.4,0.08,-0.12,0.14,0,12.12
14714,593,1063.0,1165.0,0.05,-0.05,0.07,0,13.00
14715,592,1057.1,1173.4,0.08,-0.12,0.14,0,14.47
14715,593,1063.0,1165.0,0.05,-0.05,0.07,0,15.30
14759,594,1532.0,755.0,0.00,0.00,0.00,0,12.01
14760,594,1532.0,755.0,0.00,0.00,0.00,0,14.04
14761,594,1532.0,755.0,0.00,0.00,0.00,0,16.09
14763,594,1532.0,755.0,0.00,0.00,0.00,0,19.97
14816,595,1341.0,1189.0,0.00,0.00,0.00,0,12.01
14816,596,1329.0,1193.0,0.00,0.00,0.00,0,12.01
14818,597,1356.0,1181.0,0.00,0.00,0.00,0,12.01
14818,598,1347.0,1186.0,0.00,0.00,0.00,0,12.01
14819,597,1355.3,1181.3,-0.02,0.01,0.02,0,7.48
14819,598,1347.0,1186.0,0.00,0.00,0.00,0,14.04
14820,597,1355.3,1181.3,-0.02,0.01,0.02,0,9.52
14822,597,1355.3,1181.3,-0.02,0.01,0.02,0,13.31
14823,597,1355.3,1181.3,-0.02,0.01,0.02,0,15.47
14858,599,625.0,1174.0,0.00,0.00,0.00,0,12.01
14859,599,625.0,1174.0,0.00,0.00,0.00,0,14.04
14860,599,625.0,1174.0,0.00,0.00,0.00,0,16.09
14862,599,625.0,1174.0,0.00,0.00,0.00,0,19.97
14915,600,456.0,1107.0,0.00,0.00,0.00,0,12.01
14916,600,456.7,1106.7,0.02,-0.01,0.02,0,7.48
14917,600,456.7,1106.7,0.02,-0.01,0.02,0,9.52
14919,600,456.7,1106.7,0.02,-0.01,0.02,0,13.28
14920,600,456.7,1106.7,0.02,-0.01,0.02,0,15.46
14968,601,704.0,1232.0,0.00,0.00,0.00,0,12.01
14969,601,704.0,1232.0,0.00,0.00,0.00,0,14.04
14970,601,704.0,1232.0,0.00,0.00,0.00,0,16.09
14972,601,704.0,1232.0,0.00,0.00,0.00,0,19.93
15011,602,1333.0,1191.0,0.00,0.00,0.00,0,12.01
15013,604,1339.0,1179.0,0.00,0.00,0.00,0,12.01
15013,605,1337.0,1185.0,0.00,0.00,0.00,0,12.01
15014,604,1339.0,1179.3,0.00,0.01,0.01,0,7.47
15014,605,1337.7,1181.1,0.02,-0.10,0.10,0,7.47
15015,604,1339.3,1177.7,0.02,-0.10,0.10,0,6.31
15017,604,1339.3,1177.7,0.02,-0.10,0.10,0,9.99
15018,604,1339.3,1177.7,0.02,-0.10,0.10,0,12.13
15019,604,1339.3,1177.7,0.02,-0.10,0.10,0,14.47
15050,606,1427.0,900.0,0.00,0.00,0.00,0,12.01
15051,606,1427.0,900.0,0.00,0.00,0.00,0,14.04
15052,606,1427.0,900.0,0.00,0.00,0.00,0,16.09
15054,606,1427.0,900.0,0.00,0.00,0.00,0,19.98
15099,607,763.0,815.0,0.00,0.00,0.00,0,12.01
15100,607,763.0,815.3,0.00,0.01,0.01,0,7.48
15100,608,756.0,810.0,0.00,0.00,0.00,0,12.01
15101,607,761.5,814.2,-0.10,-0.06,0.12,0,6.31
15101,608,754.7,808.0,-0.03,-0.05,0.06,0,7.48
15103,607,761.4,814.2,-0.10,-0.06,0.12,0,9.99
15103,608,754.7,808.0,-0.03,-0.05,0.06,0,10.88
15104,607,761.4,814.2,-0.10,-0.06,0.12,0,12.13
15104,608,754.7,808.0,-0.03,-0.05,0.06,0,13.00
15105,607,761.4,814.2,-0.10,-0.06,0.12,0,14.47
15105,608,754.7,808.0,-0.03,-0.05,0.06,0,15.29
15145,609,1445.0,864.0,0.00,0.00,0.00,0,12.01
15146,609,1444.3,859.7,-0.02,-0.10,0.10,0,7.48
15147,609,1444.0,857.7,-0.04,-0.24,0.24,0,6.31
15149,609,1444.0,857.7,-0.04,-0.24,0.24,0,9.97
15150,609,1444.0,857.7,-0.04,-0.24,0.24,0,12.12
15151,609,1444.0,857.7,-0.04,-0.24,0.24,0,14.47
15203,611,980.0,966.0,0.00,0.00,0.00,0,12.01
15204,611,977.4,966.7,-0.06,0.02,0.07,0,7.47
15205,611,976.5,967.0,-0.12,0.04,0.13,0,6.31
15205,612,964.0,971.0,0.00,0.00,0.00,0,12.01
15207,611,976.5,967.0,-0.12,0.04,0.13,0,9.98
15207,612,964.0,971.0,0.00,0.00,0.00,0,15.14
15208,611,976.5,967.0,-0.12,0.04,0.13,0,12.13
15208,612,964.0,971.0,0.00,0.00,0.00,0,17.25
15209,611,976.5,967.0,-0.12,0.04,0.13,0,14.48
15209,612,964.0,971.0,0.00,0.00,0.00,0,19.49
15288,613,921.0,1395.0,0.00,0.00,0.00,0,12.01
15289,613,921.3,1395.0,0.01,0.00,0.01,0,7.47
15289,614,915.0,1393.0,0.00,0.00,0.00,0,12.01
15290,613,920.0,1394.5,-0.08,-0.03,0.09,0,6.31
15290,614,915.0,1393.0,0.00,0.00,0.00,0,14.04
15292,613,919.9,1394.5,-0.08,-0.03,0.09,0,9.97
15292,614,915.0,1393.0,0.00,0.00,0.00,0,17.52
15293,613,919.9,1394.5,-0.08,-0.03,0.09,0,12.13
15293,614,915.0,1393.0,0.00,0.00,0.00,0,19.65
15294,613,919.9,1394.5,-0.08,-0.03,0.09,0,14.47
15327,615,715.0,1324.0,0.00,0.00,0.00,0,12.01
15328,615,715.0,1324.0,0.00,0.00,0.00,0,7.47
15328,616,706.0,1313.0,0.00,0.00,0.00,0,12.01
15329,615,712.7,1321.2,-0.15,-0.18,0.23,0,6.31
15329,616,702.7,1309.4,-0.08,-0.09,0.12,0,7.48
15331,615,712.6,1321.1,-0.15,-0.18,0.23,0,9.96
15331,616,702.7,1309.4,-0.08,-0.09,0.12,0,10.86
15332,615,712.6,1321.1,-0.15,-0.18,0.23,0,12.13
15332,616,702.7,1309.4,-0.08,-0.09,0.12,0,13.01
15333,615,712.6,1321.1,-0.15,-0.18,0.23,0,14.47
15333,616,702.7,1309.4,-0.08,-0.09,0.12,0,15.30
15381,617,1433.0,1087.0,0.00,0.00,0.00,0,12.01
15382,617,1432.0,1087.0,-0.03,0.00,0.03,0,7.47
15383,617,1430.2,1086.7,-0.14,-0.02,0.14,0,6.31
15385,617,1430.2,1086.7,-0.14,-0.02,0.14,0,10.05
15386,617,1430.2,1086.7,-0.14,-0.02,0.14,0,12.11
15387,617,1430.2,1086.7,-0.14,-0.02,0.14,0,14.47
15421,618,863.0,1176.0,0.00,0.00,0.00,0,12.01
15422,618,861.7,1175.7,-0.03,-0.01,0.03,0,7.48
15423,618,861.7,1175.7,-0.03,-0.01,0.03,0,9.51
15425,618,861.7,1175.7,-0.03,-0.01,0.03,0,13.26
15426,618,861.7,1175.7,-0.03,-0.01,0.03,0,15.47
15458,619,1419.0,1181.0,0.00,0.00,0.00,0,12.01
15459,619,1416.4,1181.0,-0.07,0.00,0.07,0,7.48
15460,619,1416.4,1181.0,-0.07,0.00,0.07,0,9.52
15462,619,1416.4,1181.0,-0.07,0.00,0.07,0,13.27
15463,619,1416.4,1181.0,-0.07,0.00,0.07,0,15.46
15496,620,817.0,1199.0,0.00,0.00,0.00,0,12.03
15497,620,817.0,1199.0,0.00,0.00,0.00,0,14.06
15498,620,817.0,1199.0,0.00,0.00,0.00,0,16.10
15500,620,817.0,1199.0,0.00,0.00,0.00,0,19.88
15558,621,1082.0,1040.0,0.00,0.00,0.00,0,12.01
15559,621,1082.3,1040.0,0.01,0.00,0.01,0,7.48
15559,622,1074.0,1041.0,0.00,0.00,0.00,0,12.01
15560,621,1078.6,1040.5,-0.23,0.03,0.24,0,6.31
15560,622,1074.0,1041.0,0.00,0.00,0.00,0,14.04
15562,621,1078.6,1040.5,-0.23,0.03,0.24,0,9.94
15562,622,1074.0,1041.0,0.00,0.00,0.00,0,17.49
15563,621,1078.6,1040.5,-0.23,0.03,0.24,0,12.13
15563,622,1074.0,1041.0,0.00,0.00,0.00,0,19.65
15564,621,1078.6,1040.5,-0.23,0.03,0.24,0,14.47
15662,623,915.0,1139.0,0.00,0.00,0.00,0,12.01
15663,623,912.7,1137.4,-0.06,-0.04,0.07,0,7.47
15664,623,911.5,1136.5,-0.13,-0.10,0.17,0,6.30
15664,624,900.0,1129.0,0.00,0.00,0.00,0,12.01
15666,623,911.5,1136.5,-0.13,-0.10,0.17,0,9.91
15666,624,900.0,1129.0,0.00,0.00,0.00,0,15.09
15667,623,911.5,1136.5,-0.13,-0.10,0.17,0,12.13
15667,624,900.0,1129.0,0.00,0.00,0.00,0,17.25
15668,623,911.5,1136.5,-0.13,-0.10,0.17,0,14.47
15668,624,900.0,1129.0,0.00,0.00,0.00,0,19.49
15703,625,824.0,753.0,0.00,0.00,0.00,0,12.06
15703,626,984.0,900.0,0.00,0.00,0.00,0,12.06
15704,625,824.0,753.0,0.00,0.00,0.00,0,14.11
15704,626,984.0,900.0,0.00,0.00,0.00,0,14.11
15705,625,824.0,753.0,0.00,0.00,0.00,0,16.15
15705,626,984.0,900.0,0.00,0.00,0.00,0,16.15
15707,625,824.0,753.0,0.00,0.00,0.00,0,20.08
15707,626,984.0,900.0,0.00,0.00,0.00,0,20.08
15773,627,913.0,1004.0,0.00,0.00,0.00,0,12.01
15774,627,914.6,1003.7,0.04,-0.01,0.04,0,7.48
15775,627,915.5,1003.5,0.10,-0.02,0.10,0,6.31
15775,628,908.0,1004.0,0.00,0.00,0.00,0,12.01
15777,627,915.5,1003.5,0.10,-0.02,0.10,0,9.95
15777,628,908.0,1004.0,0.00,0.00,0.00,0,15.12
15778,627,915.5,1003.5,0.10,-0.02,0.10,0,12.12
15778,628,908.0,1004.0,0.00,0.00,0.00,0,17.24
15779,627,915.5,1003.5,0.10,-0.02,0.10,0,14.53
15779,628,908.0,1004.0,0.00,0.00,0.00,0,19.53
15811,631,1216.0,1180.0,0.00,0.00,0.00,0,12.02
15811,632,1224.0,1190.0,0.00,0.00,0.00,0,12.02
15812,631,1216.3,1180.3,0.01,0.01,0.02,0,7.48
15812,632,1219.1,1184.1,-0.20,-0.25,0.32,0,7.48
15813,631,1214.7,1178.7,-0.10,-0.10,0.14,0,6.29
15815,631,1214.7,1178.7,-0.10,-0.10,0.14,0,9.79
15816,631,1214.7,1178.7,-0.10,-0.10,0.14,0,11.99
15817,631,1214.7,1178.7,-0.10,-0.10,0.14,0,14.32
15858,633,608.0,724.0,0.00,0.00,0.00,0,12.01
15859,633,608.0,724.0,0.00,0.00,0.00,0,14.04
15860,633,608.0,724.0,0.00,0.00,0.00,0,16.09
15862,633,608.0,724.0,0.00,0.00,0.00,0,19.99
15900,634,766.0,1357.0,0.00,0.00,0.00,0,12.01
15901,634,766.3,1356.7,0.01,-0.01,0.01,0,7.48
15901,635,760.0,1365.0,0.00,0.00,0.00,0,12.01
15902,634,765.0,1358.3,-0.08,0.10,0.13,0,6.31
15902,635,760.0,1365.0,0.00,0.00,0.00,0,14.04
15904,634,764.9,1358.3,-0.08,0.10,0.13,0,9.97
15904,635,760.0,1365.0,0.00,0.00,0.00,0,17.52
15905,634,764.9,1358.3,-0.08,0.10,0.13,0,12.12
15905,635,760.0,1365.0,0.00,0.00,0.00,0,19.65
15906,634,764.9,1358.3,-0.08,0.10,0.13,0,14.47
15943,636,1151.0,466.0,0.00,0.00,0.00,0,12.01
15944,636,1151.0,466.0,0.00,0.00,0.00,0,7.48
15945,636,1148.9,466.0,-0.14,0.00,0.14,0,6.31
15947,636,1148.9,466.0,-0.14,0.00,0.14,0,9.99
15948,636,1148.9,466.0,-0.14,0.00,0.14,0,12.13
15949,636,1148.9,466.0,-0.14,0.00,0.14,0,14.48
15980,637,771.0,1127.0,0.00,0.00,0.00,0,12.01
15980,638,779.0,1134.0,0.00,0.00,0.00,0,12.01
15982,639,761.0,1114.0,0.00,0.00,0.00,0,12.01
15982,640,766.0,1122.0,0.00,0.00,0.00,0,12.01
15983,639,761.3,1114.3,0.01,0.01,0.01,0,7.47
15983,640,763.4,1117.1,-0.06,-0.12,0.13,0,7.47
15984,639,760.0,1111.7,-0.08,-0.15,0.17,0,6.31
15986,639,759.9,1111.6,-0.08,-0.15,0.17,0,9.99
15987,639,759.9,1111.6,-0.08,-0.15,0.17,0,12.12
15988,639,759.9,1111.6,-0.08,-0.15,0.17,0,14.47
16069,641,966.0,1325.0,0.00,0.00,0.00,0,12.01
16070,641,966.0,1324.7,0.00,-0.01,0.01,0,7.48
16071,641,966.0,1324.7,0.00,-0.01,0.01,0,9.52
16073,641,966.0,1324.7,0.00,-0.01,0.01,0,13.28
16074,641,966.0,1324.7,0.00,-0.01,0.01,0,15.46
16107,642,1090.0,739.0,0.00,0.00,0.00,0,12.01
16108,642,1090.0,739.0,0.00,0.00,0.00,0,14.04
16109,642,1088.9,736.5,-0.05,-0.11,0.12,0,7.87
16111,642,1088.9,736.5,-0.05,-0.11,0.12,0,11.51
16112,642,1088.9,736.5,-0.05,-0.11,0.12,0,13.69
16113,642,1088.9,736.5,-0.05,-0.11,0.12,0,16.08
16144,643,1147.0,1195.0,0.00,0.00,0.00,0,12.01
16145,643,1147.0,1195.0,0.00,0.00,0.00,0,14.09
16145,644,440.0,1177.0,0.00,0.00,0.00,0,12.04
16146,643,1147.0,1195.0,0.00,0.00,0.00,0,16.17
16148,643,1147.0,1195.0,0.00,0.00,0.00,0,20.28
16182,645,735.0,1234.0,0.00,0.00,0.00,0,12.01
16183,645,735.0,1233.7,0.00,-0.01,0.01,0,7.47
16183,646,737.0,1242.0,0.00,0.00,0.00,0,12.01
16184,645,735.3,1235.6,0.02,0.11,0.11,0,6.31
16184,646,737.0,1242.0,0.00,0.00,0.00,0,14.03
16186,645,735.3,1235.6,0.02,0.11,0.11,0,9.96
16186,646,737.0,1242.0,0.00,0.00,0.00,0,17.49
16187,645,735.3,1235.6,0.02,0.11,0.11,0,12.12
16187,646,737.0,1242.0,0.00,0.00,0.00,0,19.64
16188,645,735.3,1235.6,0.02,0.11,0.11,0,14.48
16219,647,769.0,1354.0,0.00,0.00,0.00,0,12.01
16220,647,769.3,1355.0,0.01,0.02,0.03,0,7.52
16220,648,1377.0,1163.0,0.00,0.00,0.00,0,12.04
16220,649,770.0,1350.0,0.00,0.00,0.00,0,12.04
16221,647,769.3,1355.0,0.01,0.02,0.03,0,9.58
16223,647,769.3,1355.0,0.01,0.02,0.03,0,13.56
16224,647,769.3,1355.0,0.01,0.02,0.03,0,15.73
16256,650,905.0,1027.0,0.00,0.00,0.00,0,12.01
16258,652,907.0,1029.0,0.00,0.00,0.00,0,12.01
16258,653,909.0,1035.0,0.00,0.00,0.00,0,12.01
16259,652,907.7,1030.6,0.01,0.04,0.04,0,7.47
16259,653,908.7,1036.6,-0.01,0.04,0.04,0,7.47
16260,652,907.7,1032.8,0.02,0.17,0.17,0,6.31
16262,652,907.7,1032.8,0.02,0.17,0.17,0,9.98
16263,652,907.8,1032.8,0.02,0.17,0.17,0,12.12
16264,652,907.8,1032.8,0.02,0.17,0.17,0,14.46
16505,654,967.0,810.0,0.00,0.00,0.00,0,12.01
16506,654,967.0,810.3,0.00,0.01,0.01,0,7.47
16507,654,964.7,811.3,-0.15,0.07,0.16,0,6.31
16509,654,964.6,811.3,-0.15,0.07,0.16,0,9.97
16510,654,964.6,811.3,-0.15,0.07,0.16,0,12.13
16511,654,964.6,811.3,-0.15,0.07,0.16,0,14.47
16560,655,930.0,1327.0,0.00,0.00,0.00,0,12.01
16561,655,930.0,1327.0,0.00,0.00,0.00,0,14.04
16562,655,933.5,1324.5,0.16,-0.11,0.20,0,7.87
16564,655,933.6,1324.5,0.16,-0.11,0.20,0,11.52
16565,655,933.6,1324.5,0.16,-0.11,0.20,0,13.68
16566,655,933.6,1324.5,0.16,-0.11,0.20,0,16.02
16617,656,909.0,1139.0,0.00,0.00,0.00,0,12.01
16618,656,907.0,1138.3,-0.05,-0.02,0.05,0,7.48
16619,656,906.5,1138.3,-0.08,-0.02,0.09,0,6.31
16619,657,899.0,1132.0,0.00,0.00,0.00,0,12.01
16621,656,906.5,1138.2,-0.08,-0.02,0.09,0,9.96
16621,657,899.0,1132.0,0.00,0.00,0.00,0,15.12
16622,656,906.5,1138.2,-0.08,-0.02,0.09,0,12.13
16622,657,899.0,1132.0,0.00,0.00,0.00,0,17.24
16623,656,906.5,1138.2,-0.08,-0.02,0.09,0,14.48
16623,657,899.0,1132.0,0.00,0.00,0.00,0,19.49
16698,658,662.0,1026.0,0.00,0.00,0.00,0,12.01
16699,658,662.0,1026.0,0.00,0.00,0.00,0,14.04
16700,658,663.1,1026.4,0.05,0.02,0.05,0,7.87
16702,658,663.1,1026.4,0.05,0.02,0.05,0,11.51
16703,658,663.1,1026.4,0.05,0.02,0.05,0,13.69
16704,658,663.1,1026.4,0.05,0.02,0.05,0,16.03
16815,659,1159.0,933.0,0.00,0.00,0.00,0,12.01
16816,659,1156.4,931.4,-0.08,-0.05,0.10,0,7.47
16817,659,1155.3,930.8,-0.15,-0.09,0.17,0,6.30
16817,660,1145.0,929.0,0.00,0.00,0.00,0,12.01
16819,659,1155.2,930.7,-0.15,-0.09,0.17,0,9.87
16819,660,1145.0,929.0,0.00,0.00,0.00,0,15.08
16820,659,1155.2,930.7,-0.15,-0.09,0.17,0,12.09
16820,660,1145.0,929.0,0.00,0.00,0.00,0,17.23
16821,659,1155.2,930.7,-0.15,-0.09,0.17,0,14.44
16821,660,1145.0,929.0,0.00,0.00,0.00,0,19.48
16990,661,653.0,1111.0,0.00,0.00,0.00,0,12.01
16991,661,653.7,1109.4,0.02,-0.04,0.04,0,7.48
16992,661,653.7,1109.4,0.02,-0.04,0.04,0,9.51
16994,661,653.7,1109.3,0.02,-0.04,0.04,0,13.26
16995,661,653.7,1109.3,0.02,-0.04,0.04,0,15.46
17060,662,1067.0,885.0,0.00,0.00,0.00,0,12.01
17061,662,1067.0,885.0,0.00,0.00,0.00,0,14.04
17062,662,1067.0,885.0,0.00,0.00,0.00,0,16.09
17064,662,1067.0,885.0,0.00,0.00,0.00,0,19.96
17107,663,1236.0,1070.0,0.00,0.00,0.00,0,12.01
17108,663,1236.0,1069.7,0.00,-0.01,0.01,0,7.47
17108,664,1238.0,1077.0,0.00,0.00,0.00,0,12.01
17109,663,1236.5,1071.0,0.03,0.08,0.09,0,6.31
17111,663,1236.5,1071.1,0.03,0.08,0.09,0,9.96
17112,663,1236.5,1071.1,0.03,0.08,0.09,0,12.13
17113,663,1236.5,1071.1,0.03,0.08,0.09,0,14.47
17144,665,1138.0,555.0,0.00,0.00,0.00,0,12.01
17144,666,1146.0,562.0,0.00,0.00,0.00,0,12.01
17146,667,1151.0,542.0,0.00,0.00,0.00,0,12.01
17147,667,1161.5,537.1,0.22,-0.10,0.24,0,7.47
17148,667,1161.5,537.1,0.22,-0.10,0.24,0,9.51
17150,667,1161.5,537.1,0.22,-0.10,0.24,0,13.26
17151,667,1161.6,537.1,0.22,-0.10,0.24,0,15.43
17186,670,1097.0,259.0,0.00,0.00,0.00,0,12.01
17187,670,1097.0,259.0,0.00,0.00,0.00,0,14.04
17188,670,1097.0,259.0,0.00,0.00,0.00,0,16.09
17190,670,1097.0,259.0,0.00,0.00,0.00,0,19.95
17243,671,1274.0,1093.0,0.00,0.00,0.00,0,12.01
17244,671,1274.0,1093.0,0.00,0.00,0.00,0,14.04
17245,671,1274.0,1093.0,0.00,0.00,0.00,0,16.09
17247,671,1274.0,1093.0,0.00,0.00,0.00,0,19.97
17281,674,701.0,791.0,0.00,0.00,0.00,0,12.01
17282,674,701.0,791.0,0.00,0.00,0.00,0,14.04
17282,675,717.0,923.0,0.00,0.00,0.00,0,12.01
17283,674,701.0,791.0,0.00,0.00,0.00,0,16.09
17285,674,701.0,791.0,0.00,0.00,0.00,0,19.94
17318,677,505.0,861.0,0.00,0.00,0.00,0,12.01
17320,679,511.0,864.0,0.00,0.00,0.00,0,12.01
17320,680,518.0,867.0,0.00,0.00,0.00,0,12.01
17321,679,513.0,865.0,0.04,0.02,0.05,0,7.47
17321,680,519.6,868.3,0.04,0.03,0.05,0,7.47
17322,679,515.3,866.3,0.19,0.10,0.22,0,6.31
17324,679,515.3,866.3,0.19,0.10,0.22,0,9.95
17325,679,515.3,866.3,0.19,0.10,0.22,0,12.12
17326,679,515.4,866.3,0.19,0.10,0.22,0,14.46
17435,681,868.0,542.0,0.00,0.00,0.00,0,12.01
17436,681,868.0,542.0,0.00,0.00,0.00,0,14.04
17437,681,868.0,542.0,0.00,0.00,0.00,0,16.09
17439,681,868.0,542.0,0.00,0.00,0.00,0,19.98
17488,682,716.0,840.0,0.00,0.00,0.00,0,12.01
17489,682,716.0,840.0,0.00,0.00,0.00,0,7.48
17490,682,715.0,838.2,-0.07,-0.12,0.14,0,6.31
17492,682,715.0,838.2,-0.07,-0.12,0.14,0,9.99
17493,682,715.0,838.2,-0.07,-0.12,0.14,0,12.14
17494,682,714.9,838.2,-0.07,-0.12,0.14,0,14.54
17530,684,632.0,1124.0,0.00,0.00,0.00,0,12.01
17530,685,642.0,1129.0,0.00,0.00,0.00,0,12.01
17531,684,632.7,1124.3,0.02,0.01,0.02,0,7.48
17531,685,636.4,1127.0,-0.14,-0.05,0.15,0,7.48
17532,684,631.2,1124.0,-0.08,-0.01,0.08,0,6.30
17534,684,631.2,1124.0,-0.08,-0.01,0.08,0,9.93
17535,684,631.2,1124.0,-0.08,-0.01,0.08,0,12.13
17536,684,631.2,1124.0,-0.08,-0.01,0.08,0,14.47
17568,686,655.0,1209.0,0.00,0.00,0.00,0,12.01
17569,686,652.4,1209.7,-0.07,0.02,0.08,0,7.47
17570,686,651.3,1210.0,-0.15,0.04,0.15,0,6.31
17570,687,640.0,1212.0,0.00,0.00,0.00,0,12.01
17572,686,651.2,1210.0,-0.15,0.04,0.15,0,9.94
17572,687,640.0,1212.0,0.00,0.00,0.00,0,15.11
17573,686,651.2,1210.0,-0.15,0.04,0.15,0,12.11
17573,687,640.0,1212.0,0.00,0.00,0.00,0,17.23
17574,686,651.2,1210.0,-0.15,0.04,0.15,0,14.51
17574,687,640.0,1212.0,0.00,0.00,0.00,0,19.52
17605,688,1024.0,936.0,0.00,0.00,0.00,0,12.01
17606,688,1024.0,936.0,0.00,0.00,0.00,0,14.07
17607,688,1024.0,936.0,0.00,0.00,0.00,0,16.13
17609,688,1024.0,936.0,0.00,0.00,0.00,0,20.10
17728,692,1313.0,732.0,0.00,0.00,0.00,0,12.01
17729,692,1313.3,732.3,0.01,0.01,0.01,0,7.47
17729,693,1310.0,725.0,0.00,0.00,0.00,0,12.01
17730,692,1312.7,730.7,-0.03,-0.09,0.10,0,6.31
17732,692,1312.7,730.7,-0.03,-0.09,0.10,0,9.98
17733,692,1312.7,730.7,-0.03,-0.09,0.10,0,12.13
17734,692,1312.7,730.7,-0.03,-0.09,0.10,0,14.47
17765,694,560.0,1155.0,0.00,0.00,0.00,0,12.01
17765,695,549.0,1155.0,0.00,0.00,0.00,0,12.01
17767,696,538.0,1155.0,0.00,0.00,0.00,0,12.01
17768,696,538.0,1155.0,0.00,0.00,0.00,0,14.03
17769,696,538.0,1155.0,0.00,0.00,0.00,0,16.08
17771,696,538.0,1155.0,0.00,0.00,0.00,0,19.97
17841,697,1421.0,428.0,0.00,0.00,0.00,0,12.01
17842,697,1421.0,428.0,0.00,0.00,0.00,0,14.04
17843,697,1421.0,428.0,0.00,0.00,0.00,0,16.09
17845,697,1421.0,428.0,0.00,0.00,0.00,0,19.98
17964,698,497.0,358.0,0.00,0.00,0.00,0,12.01
17965,698,497.0,358.0,0.00,0.00,0.00,0,14.04
17966,698,497.0,358.0,0.00,0.00,0.00,0,16.09
17968,698,497.0,358.0,0.00,0.00,0.00,0,19.98
18002,699,1263.0,966.0,0.00,0.00,0.00,0,12.04
18002,700,1263.0,973.0,0.00,0.00,0.00,0,12.04
18002,701,1102.0,1115.0,0.00,0.00,0.00,0,12.04
18011,702,1186.0,908.0,0.00,0.00,0.00,0,12.01
18011,703,1097.0,1044.0,0.00,0.00,0.00,0,12.01
18013,704,1162.0,899.0,0.00,0.00,0.00,0,12.01
18013,705,1093.0,1033.0,0.00,0.00,0.00,0,12.01
18014,704,1162.0,899.0,0.00,0.00,0.00,0,7.47
18014,705,1093.0,1031.4,0.00,-0.04,0.04,0,7.47
18015,704,1159.2,898.5,-0.18,-0.03,0.18,0,6.31
18015,705,1093.0,1031.4,0.00,-0.04,0.04,0,9.52
18017,704,1159.1,898.5,-0.18,-0.03,0.18,0,10.00
18017,705,1093.0,1031.3,0.00,-0.04,0.04,0,13.32
18018,704,1159.1,898.5,-0.18,-0.03,0.18,0,12.14
18018,705,1093.0,1031.3,0.00,-0.04,0.04,0,15.47
18019,704,1159.1,898.5,-0.18,-0.03,0.18,0,14.48
18149,706,851.0,1125.0,0.00,0.00,0.00,0,12.01
18150,706,851.0,1125.0,0.00,0.00,0.00,0,14.04
18151,706,851.0,1125.0,0.00,0.00,0.00,0,16.09
18153,706,851.0,1125.0,0.00,0.00,0.00,0,19.95
18188,707,1042.0,1046.0,0.00,0.00,0.00,0,12.01
18189,707,1038.7,1042.4,-0.07,-0.08,0.11,0,7.47
18190,707,1037.3,1041.0,-0.16,-0.16,0.23,0,6.31
18190,708,1022.0,1032.0,0.00,0.00,0.00,0,12.01
18192,707,1037.2,1041.0,-0.16,-0.16,0.23,0,9.95
18192,708,1022.0,1032.0,0.00,0.00,0.00,0,15.12
18193,707,1037.2,1041.0,-0.16,-0.16,0.23,0,12.11
18193,708,1022.0,1032.0,0.00,0.00,0.00,0,17.24
18194,707,1037.2,1041.0,-0.16,-0.16,0.23,0,14.45
18194,708,1022.0,1032.0,0.00,0.00,0.00,0,19.48
18226,709,602.0,1239.0,0.00,0.00,0.00,0,12.04
18226,710,593.0,1243.0,0.00,0.00,0.00,0,12.04
18227,709,602.0,1239.0,0.00,0.00,0.00,0,14.08
18227,710,593.0,1243.0,0.00,0.00,0.00,0,14.08
18228,709,595.3,1243.2,-0.43,0.27,0.51,0,7.87
18230,709,595.2,1243.3,-0.43,0.27,0.51,0,11.40
18231,709,595.2,1243.3,-0.43,0.27,0.51,0,13.49
18232,709,595.2,1243.3,-0.43,0.27,0.51,0,15.82
18291,711,892.0,1200.0,0.00,0.00,0.00,0,12.01
18292,711,891.0,1200.0,-0.02,0.00,0.02,0,7.47
18293,711,889.0,1200.0,-0.16,0.00,0.16,0,6.31
18295,711,888.9,1200.0,-0.16,0.00,0.16,0,9.95
18296,711,888.9,1200.0,-0.16,0.00,0.16,0,12.13
18297,711,888.9,1200.0,-0.16,0.00,0.16,0,14.48
18330,712,529.0,576.0,0.00,0.00,0.00,0,12.01
18331,712,529.3,576.0,0.01,0.00,0.01,0,7.46
18331,713,524.0,569.0,0.00,0.00,0.00,0,12.00
18332,712,528.2,574.5,-0.04,-0.07,0.08,0,6.29
18332,713,524.0,566.4,0.00,-0.04,0.04,0,7.47
18334,712,528.2,574.4,-0.04,-0.07,0.08,0,9.82
18334,713,524.0,566.4,0.00,-0.04,0.04,0,10.76
18335,712,528.2,574.4,-0.04,-0.07,0.08,0,12.00
18335,713,524.0,566.4,0.00,-0.04,0.04,0,12.91
18336,712,528.2,574.4,-0.04,-0.07,0.08,0,14.34
18336,713,524.0,566.4,0.00,-0.04,0.04,0,15.20
18368,714,630.0,871.0,0.00,0.00,0.00,0,12.01
18369,714,635.9,868.4,0.17,-0.07,0.18,0,7.48
18370,714,640.6,866.2,0.48,-0.22,0.53,0,6.31
18372,714,640.7,866.2,0.48,-0.22,0.53,0,9.96
18373,714,640.7,866.2,0.48,-0.22,0.53,0,12.09
18374,714,640.7,866.2,0.48,-0.22,0.53,0,14.49
18498,715,742.0,1167.0,0.00,0.00,0.00,0,12.01
18499,715,742.0,1167.0,0.00,0.00,0.00,0,7.48
18499,716,748.0,1157.0,0.00,0.00,0.00,0,12.01
18500,715,743.5,1164.7,0.10,-0.16,0.19,0,6.31
18500,716,749.3,1154.4,0.03,-0.07,0.07,0,7.48
18502,715,743.6,1164.6,0.10,-0.16,0.19,0,9.97
18502,716,749.3,1154.4,0.03,-0.07,0.07,0,10.86
18503,715,743.6,1164.6,0.10,-0.16,0.19,0,12.13
18503,716,749.3,1154.4,0.03,-0.07,0.07,0,13.00
18504,715,743.6,1164.6,0.10,-0.16,0.19,0,14.53
18504,716,749.3,1154.4,0.03,-0.07,0.07,0,15.34
18535,717,601.0,840.0,0.00,0.00,0.00,0,12.01
18535,718,610.0,842.0,0.00,0.00,0.00,0,12.01
18535,719,1398.0,976.0,0.00,0.00,0.00,0,12.01
18536,717,601.3,840.3,0.01,0.01,0.01,0,7.49
18536,718,604.4,841.3,-0.13,-0.02,0.14,0,7.49
18536,719,1398.0,976.3,0.00,0.01,0.01,0,7.49
18536,720,1405.0,965.0,0.00,0.00,0.00,0,12.02
18537,717,599.4,840.0,-0.16,-0.02,0.16,0,6.31
18537,719,1399.8,973.7,0.16,-0.23,0.28,0,6.31
18539,717,599.4,840.0,-0.16,-0.02,0.16,0,9.91
18539,719,1399.8,973.6,0.16,-0.23,0.28,0,9.91
18540,717,599.4,840.0,-0.16,-0.02,0.16,0,12.05
18540,719,1399.8,973.6,0.16,-0.23,0.28,0,12.05
18541,717,599.4,840.0,-0.16,-0.02,0.16,0,14.44
18541,719,1399.9,973.6,0.16,-0.23,0.28,0,14.44
18574,721,1221.0,1119.0,0.00,0.00,0.00,0,12.01
18574,722,1242.0,1145.0,0.00,0.00,0.00,0,12.01
18575,721,1220.0,1121.6,-0.02,0.06,0.06,0,7.47
18575,722,1242.0,1144.7,0.00,-0.01,0.01,0,7.47
18575,723,1240.0,1154.0,0.00,0.00,0.00,0,12.01
18576,721,1219.5,1123.0,-0.05,0.15,0.16,0,6.30
18576,722,1241.5,1146.8,-0.03,0.13,0.13,0,6.30
18578,721,1219.5,1123.0,-0.05,0.15,0.16,0,9.95
18578,722,1241.5,1146.8,-0.03,0.13,0.13,0,9.95
18579,721,1219.5,1123.0,-0.05,0.15,0.16,0,12.11
18579,722,1241.5,1146.9,-0.03,0.13,0.13,0,12.11
18580,721,1219.5,1123.1,-0.05,0.15,0.16,0,14.46
18580,722,1241.5,1146.9,-0.03,0.13,0.13,0,14.46
18613,725,1101.0,1357.0,0.00,0.00,0.00,0,12.01
18614,725,1101.0,1357.0,0.00,0.00,0.00,0,14.03
18615,725,1090.5,1356.3,-0.46,-0.03,0.46,0,7.87
18617,725,1090.3,1356.3,-0.46,-0.03,0.46,0,11.50
18618,725,1090.3,1356.3,-0.46,-0.03,0.46,0,13.67
18619,725,1090.3,1356.3,-0.46,-0.03,0.46,0,16.01
18653,726,922.0,1277.0,0.00,0.00,0.00,0,12.00
18655,728,906.0,1264.0,0.00,0.00,0.00,0,12.01
18655,729,916.0,1269.0,0.00,0.00,0.00,0,12.01
18656,728,906.7,1264.3,0.02,0.01,0.02,0,7.48
18656,729,910.1,1267.4,-0.15,-0.04,0.15,0,7.48
18657,728,904.9,1264.2,-0.10,0.00,0.10,0,6.31
18659,728,904.9,1264.2,-0.10,0.00,0.10,0,9.98
18660,728,904.9,1264.2,-0.10,0.00,0.10,0,12.14
18661,728,904.9,1264.2,-0.10,0.00,0.10,0,14.48
18692,730,1150.0,783.0,0.00,0.00,0.00,0,12.01
18692,731,1158.0,792.0,0.00,0.00,0.00,0,12.01
18692,732,1087.0,841.0,0.00,0.00,0.00,0,12.01
18694,734,1148.0,772.0,0.00,0.00,0.00,0,12.01
18694,735,1093.0,837.0,0.00,0.00,0.00,0,12.01
18695,734,1148.0,772.0,0.00,0.00,0.00,0,14.02
18695,735,1093.7,836.3,0.01,-0.01,0.02,0,7.46
18695,736,1088.0,833.0,0.00,0.00,0.00,0,12.00
18696,735,1092.5,835.5,-0.04,-0.05,0.06,0,6.28
18696,734,1148.0,772.0,0.00,0.00,0.00,0,16.04
18698,735,1092.5,835.5,-0.04,-0.05,0.06,0,9.73
18698,734,1148.0,772.0,0.00,0.00,0.00,0,19.63
18699,735,1092.4,835.5,-0.04,-0.05,0.06,0,11.96
18700,735,1092.4,835.5,-0.04,-0.05,0.06,0,14.30
18733,737,1161.0,1118.0,0.00,0.00,0.00,0,12.01
18733,738,1157.0,1125.0,0.00,0.00,0.00,0,12.01
18734,737,1160.0,1119.3,-0.02,0.03,0.04,0,7.47
18734,738,1157.0,1127.6,0.00,0.06,0.06,0,7.47
18735,737,1159.5,1122.1,-0.06,0.20,0.21,0,6.31
18737,737,1159.5,1122.1,-0.06,0.20,0.21,0,9.96
18738,737,1159.5,1122.1,-0.06,0.20,0.21,0,12.12
18739,737,1159.5,1122.1,-0.06,0.20,0.21,0,14.46
18770,739,1439.0,1111.0,0.00,0.00,0.00,0,12.01
18771,739,1437.4,1113.0,-0.04,0.05,0.06,0,7.48
18772,739,1435.7,1114.5,-0.16,0.16,0.22,0,6.31
18774,739,1435.7,1114.6,-0.16,0.16,0.22,0,9.95
18775,739,1435.7,1114.6,-0.16,0.16,0.22,0,12.11
18776,739,1435.7,1114.6,-0.16,0.16,0.22,0,14.45
18808,743,1339.0,822.0,0.00,0.00,0.00,0,12.01
18809,743,1339.0,822.0,0.00,0.00,0.00,0,14.04
18810,743,1329.9,822.0,-0.42,0.00,0.42,0,7.87
18812,743,1329.8,822.0,-0.42,0.00,0.42,0,11.54
18813,743,1329.8,822.0,-0.42,0.00,0.42,0,13.68
18814,743,1329.7,822.0,-0.42,0.00,0.42,0,16.09
18845,744,757.0,542.0,0.00,0.00,0.00,0,12.01
18845,745,410.0,749.0,0.00,0.00,0.00,0,12.01
18847,748,769.0,537.0,0.00,0.00,0.00,0,12.01
18847,749,1179.0,1123.0,0.00,0.00,0.00,0,12.01
18847,750,1184.0,1134.0,0.00,0.00,0.00,0,12.01
18848,748,768.3,536.7,-0.02,-0.01,0.02,0,7.47
18848,749,1179.0,1123.3,0.00,0.01,0.01,0,7.47
18848,750,1184.0,1134.0,0.00,0.00,0.00,0,14.03
18849,748,768.8,537.3,0.01,0.03,0.03,0,6.31
18849,749,1179.0,1123.3,0.00,0.01,0.01,0,9.52
18851,748,768.8,537.3,0.01,0.03,0.03,0,9.97
18851,749,1179.0,1123.3,0.00,0.01,0.01,0,13.29
18852,748,768.8,537.3,0.01,0.03,0.03,0,12.10
18852,749,1179.0,1123.3,0.00,0.01,0.01,0,15.43
18853,748,768.8,537.3,0.01,0.03,0.03,0,14.44
18884,752,392.0,1038.0,0.00,0.00,0.00,0,12.01
18886,754,398.0,1044.0,0.00,0.00,0.00,0,12.01
18887,754,398.0,1044.0,0.00,0.00,0.00,0,14.04
18888,754,398.0,1044.0,0.00,0.00,0.00,0,16.15
18890,754,398.0,1044.0,0.00,0.00,0.00,0,20.26
18932,755,1355.0,1000.0,0.00,0.00,0.00,0,12.01
18934,757,1340.0,989.0,0.00,0.00,0.00,0,12.01
18934,758,1346.0,995.0,0.00,0.00,0.00,0,12.01
18935,757,1340.3,989.7,0.01,0.02,0.02,0,7.47
18935,758,1346.0,995.0,0.00,0.00,0.00,0,14.04
18936,757,1340.2,989.0,0.00,-0.03,0.03,0,6.31
18938,757,1340.2,989.0,0.00,-0.03,0.03,0,10.00
18939,757,1340.2,989.0,0.00,-0.03,0.03,0,12.13
18940,757,1340.2,989.0,0.00,-0.03,0.03,0,14.47
18978,759,1056.0,766.0,0.00,0.00,0.00,0,12.01
18979,759,1056.3,766.0,0.01,0.00,0.01,0,7.48
18979,760,1051.0,753.0,0.00,0.00,0.00,0,12.01
18980,759,1055.0,762.9,-0.08,-0.20,0.22,0,6.31
18980,760,1049.4,748.7,-0.04,-0.11,0.11,0,7.48
18982,759,1054.9,762.9,-0.08,-0.20,0.22,0,9.97
18982,760,1049.4,748.7,-0.04,-0.11,0.11,0,10.86
18983,759,1054.9,762.9,-0.08,-0.20,0.22,0,12.13
18983,760,1049.3,748.7,-0.04,-0.11,0.11,0,13.00
18984,759,1054.9,762.8,-0.08,-0.20,0.22,0,14.53
18984,760,1049.3,748.7,-0.04,-0.11,0.11,0,15.35
19015,761,959.0,1078.0,0.00,0.00,0.00,0,12.01
19015,762,954.0,1088.0,0.00,0.00,0.00,0,12.01
19016,761,957.4,1081.0,-0.04,0.07,0.08,0,7.51
19016,762,954.0,1088.0,0.00,0.00,0.00,0,14.08
19017,761,957.4,1081.0,-0.04,0.07,0.08,0,9.56
19019,761,957.3,1081.0,-0.04,0.07,0.08,0,13.43
19020,761,957.3,1081.0,-0.04,0.07,0.08,0,15.75
19075,765,777.0,797.0,0.00,0.00,0.00,0,12.01
19076,765,777.0,797.0,0.00,0.00,0.00,0,14.04
19077,765,770.3,798.8,-0.30,0.08,0.31,0,7.87
19079,765,770.2,798.8,-0.30,0.08,0.31,0,11.52
19080,765,770.2,798.8,-0.30,0.08,0.31,0,13.68
19081,765,770.2,798.8,-0.30,0.08,0.31,0,16.02
19115,766,1410.0,1109.0,0.00,0.00,0.00,0,12.01
19116,766,1410.7,1109.0,0.02,0.00,0.02,0,7.47
19117,766,1410.7,1109.0,0.02,0.00,0.02,0,9.52
19119,766,1410.7,1109.0,0.02,0.00,0.02,0,13.31
19120,766,1410.7,1109.0,0.02,0.00,0.02,0,15.46
19153,767,966.0,785.0,0.00,0.00,0.00,0,12.01
19153,768,919.0,1278.0,0.00,0.00,0.00,0,12.01
19154,767,966.7,785.3,0.02,0.01,0.02,0,7.47
19154,768,918.0,1278.3,-0.03,0.01,0.03,0,7.47
19154,769,957.0,781.0,0.00,0.00,0.00,0,12.01
19155,767,966.7,785.3,0.02,0.01,0.02,0,9.51
19155,768,918.0,1278.3,-0.03,0.01,0.03,0,9.51
19157,767,966.7,785.3,0.02,0.01,0.02,0,13.28
19157,768,918.0,1278.3,-0.03,0.01,0.03,0,13.28
19158,767,966.7,785.3,0.02,0.01,0.02,0,15.45
19158,768,918.0,1278.3,-0.03,0.01,0.03,0,15.45
19190,770,750.0,1065.0,0.00,0.00,0.00,0,12.01
19190,771,760.0,1076.0,0.00,0.00,0.00,0,12.01
19190,772,1032.0,1244.0,0.00,0.00,0.00,0,12.01
19190,773,1027.0,1249.0,0.00,0.00,0.00,0,12.01
19192,774,738.0,1048.0,0.00,0.00,0.00,0,12.01
19192,775,744.0,1057.0,0.00,0.00,0.00,0,12.01
19192,776,1021.0,1255.0,0.00,0.00,0.00,0,12.01
19193,774,738.3,1049.0,0.01,0.02,0.02,0,7.47
19193,775,741.1,1052.4,-0.06,-0.10,0.11,0,7.47
19193,776,1021.0,1255.0,0.00,0.00,0.00,0,14.03
19194,774,737.0,1046.4,-0.08,-0.14,0.16,0,6.31
19194,776,1020.6,1255.0,-0.02,0.00,0.02,0,7.87
19196,774,736.9,1046.4,-0.08,-0.14,0.16,0,9.95
19196,776,1020.6,1255.0,-0.02,0.00,0.02,0,11.50
19197,774,736.9,1046.4,-0.08,-0.14,0.16,0,12.12
19197,776,1020.6,1255.0,-0.02,0.00,0.02,0,13.67
19198,774,736.9,1046.4,-0.08,-0.14,0.16,0,14.46
19198,776,1020.6,1255.0,-0.02,0.00,0.02,0,16.01
19229,777,645.0,1024.0,0.00,0.00,0.00,0,12.01
19230,777,645.0,1024.0,0.00,0.00,0.00,0,14.04
19231,777,645.0,1024.0,0.00,0.00,0.00,0,16.08
19233,777,645.0,1024.0,0.00,0.00,0.00,0,19.91
19266,778,604.0,1121.0,0.00,0.00,0.00,0,12.01
19267,778,604.0,1121.0,0.00,0.00,0.00,0,14.10
19267,779,1211.0,1080.0,0.00,0.00,0.00,0,12.04
19268,778,604.0,1121.0,0.00,0.00,0.00,0,16.16
19268,779,1211.0,1080.0,0.00,0.00,0.00,0,14.08
19270,778,604.0,1121.0,0.00,0.00,0.00,0,20.16
19270,779,1211.0,1080.0,0.00,0.00,0.00,0,17.67
19271,779,1211.0,1080.0,0.00,0.00,0.00,0,19.88
19303,780,1347.0,1153.0,0.00,0.00,0.00,0,12.01
19304,780,1347.0,1153.3,0.00,0.01,0.01,0,7.52
19304,781,790.0,626.0,0.00,0.00,0.00,0,12.04
19304,782,1325.0,1138.0,0.00,0.00,0.00,0,12.04
19305,780,1347.0,1153.3,0.00,0.01,0.01,0,9.58
19307,780,1347.0,1153.3,0.00,0.01,0.01,0,13.53
19308,780,1347.0,1153.3,0.00,0.01,0.01,0,15.73
19342,786,1402.0,910.0,0.00,0.00,0.00,0,12.01
19343,786,1400.7,912.9,-0.03,0.06,0.07,0,7.47
19344,786,1400.7,913.0,-0.03,0.06,0.07,0,9.51
19346,786,1400.7,913.0,-0.03,0.06,0.07,0,13.27
19347,786,1400.7,913.0,-0.03,0.06,0.07,0,15.45
19422,787,1104.0,1178.0,0.00,0.00,0.00,0,12.01
19423,787,1104.0,1178.0,0.00,0.00,0.00,0,7.47
19423,788,1102.0,1172.0,0.00,0.00,0.00,0,12.01
19423,789,706.0,1235.0,0.00,0.00,0.00,0,12.01
19424,787,1104.0,1178.0,0.00,0.00,0.00,0,9.52
19424,788,1102.0,1172.0,0.00,0.00,0.00,0,14.04
19424,789,706.0,1238.6,0.00,0.09,0.09,0,7.48
19426,787,1104.0,1178.0,0.00,0.00,0.00,0,13.30
19426,788,1102.0,1172.0,0.00,0.00,0.00,0,17.52
19426,789,706.0,1238.6,0.00,0.09,0.09,0,10.87
19427,787,1104.0,1178.0,0.00,0.00,0.00,0,15.47
19427,788,1102.0,1172.0,0.00,0.00,0.00,0,19.66
19427,789,706.0,1238.6,0.00,0.09,0.09,0,13.00
19428,789,706.0,1238.6,0.00,0.09,0.09,0,15.30
19462,790,1283.0,1303.0,0.00,0.00,0.00,0,12.01
19463,790,1283.0,1303.0,0.00,0.00,0.00,0,14.03
19464,790,1283.0,1303.0,0.00,0.00,0.00,0,16.09
19466,790,1283.0,1303.0,0.00,0.00,0.00,0,19.94
19512,791,1167.0,1224.0,0.00,0.00,0.00,0,12.01
19513,791,1167.0,1224.0,0.00,0.00,0.00,0,14.04
19514,791,1167.0,1224.0,0.00,0.00,0.00,0,16.09
19514,792,1429.0,1070.0,0.00,0.00,0.00,0,12.01
19516,791,1167.0,1224.0,0.00,0.00,0.00,0,19.96
19516,792,1429.0,1070.0,0.00,0.00,0.00,0,15.13
19517,792,1429.0,1070.0,0.00,0.00,0.00,0,17.24
19518,792,1429.0,1070.0,0.00,0.00,0.00,0,19.48
19549,793,1283.0,417.0,0.00,0.00,0.00,0,12.01
19550,793,1281.7,417.3,-0.03,0.01,0.03,0,7.48
19551,793,1280.5,417.8,-0.12,0.04,0.13,0,6.30
19553,793,1280.4,417.8,-0.12,0.04,0.13,0,9.96
19554,793,1280.4,417.8,-0.12,0.04,0.13,0,12.10
19555,793,1280.4,417.8,-0.12,0.04,0.13,0,14.50
19594,794,726.0,570.0,0.00,0.00,0.00,0,12.01
19595,794,726.0,570.0,0.00,0.00,0.00,0,14.04
19596,794,726.0,570.0,0.00,0.00,0.00,0,16.09
19598,794,726.0,570.0,0.00,0.00,0.00,0,19.96
19646,795,1130.0,244.0,0.00,0.00,0.00,0,12.01
19647,795,1130.0,244.0,0.00,0.00,0.00,0,14.04
19648,795,1130.0,244.0,0.00,0.00,0.00,0,16.09
19648,796,1031.0,1210.0,0.00,0.00,0.00,0,12.01
19650,795,1130.0,244.0,0.00,0.00,0.00,0,19.97
19650,796,1031.0,1210.0,0.00,0.00,0.00,0,15.14
19651,796,1031.0,1210.0,0.00,0.00,0.00,0,17.25
19652,796,1031.0,1210.0,0.00,0.00,0.00,0,19.49
19684,799,1175.0,529.0,0.00,0.00,0.00,0,12.01
19685,799,1175.7,530.3,0.02,0.04,0.04,0,7.47
19686,799,1176.0,531.8,0.04,0.13,0.14,0,6.30
19688,799,1176.0,531.8,0.04,0.13,0.14,0,9.96
19689,799,1176.0,531.8,0.04,0.13,0.14,0,12.12
19690,799,1176.0,531.8,0.04,0.13,0.14,0,14.51
19721,801,1273.0,914.0,0.00,0.00,0.00,0,12.01
19721,802,1278.0,920.0,0.00,0.00,0.00,0,12.01
19723,803,1280.0,925.0,0.00,0.00,0.00,0,12.01
19723,804,1282.0,932.0,0.00,0.00,0.00,0,12.01
19724,803,1280.7,928.9,0.01,0.09,0.09,0,7.47
19724,804,1282.0,932.0,0.00,0.00,0.00,0,14.03
19725,803,1281.0,931.0,0.04,0.22,0.22,0,6.31
19727,803,1281.0,931.1,0.04,0.22,0.22,0,9.97
19728,803,1281.0,931.1,0.04,0.22,0.22,0,12.12
19729,803,1281.0,931.1,0.04,0.22,0.22,0,14.46
19760,805,329.0,868.0,0.00,0.00,0.00,0,12.01
19761,805,329.0,868.0,0.00,0.00,0.00,0,14.10
19762,805,329.0,868.0,0.00,0.00,0.00,0,16.16
19764,805,329.0,868.0,0.00,0.00,0.00,0,20.20
19799,806,1192.0,1206.0,0.00,0.00,0.00,0,12.01
19800,806,1188.4,1203.7,-0.07,-0.05,0.08,0,7.47
19801,806,1187.0,1202.8,-0.14,-0.09,0.17,0,6.30
19801,807,1171.0,1197.0,0.00,0.00,0.00,0,12.01
19803,806,1187.0,1202.7,-0.14,-0.09,0.17,0,9.94
19803,807,1171.0,1197.0,0.00,0.00,0.00,0,15.14
19804,806,1187.0,1202.7,-0.14,-0.09,0.17,0,12.09
19804,807,1171.0,1197.0,0.00,0.00,0.00,0,17.25
19805,806,1187.0,1202.7,-0.14,-0.09,0.17,0,14.42
19805,807,1171.0,1197.0,0.00,0.00,0.00,0,19.49
19837,808,585.0,1074.0,0.00,0.00,0.00,0,12.01
19838,808,585.0,1074.0,0.00,0.00,0.00,0,7.47
19838,809,587.0,1081.0,0.00,0.00,0.00,0,12.01
19839,808,585.8,1075.8,0.05,0.12,0.13,0,6.31
19841,808,585.8,1075.8,0.05,0.12,0.13,0,9.96
19842,808,585.8,1075.8,0.05,0.12,0.13,0,12.11
19843,808,585.8,1075.8,0.05,0.12,0.13,0,14.45
19951,810,687.0,1287.0,0.00,0.00,0.00,0,12.01
19952,810,690.3,1287.7,0.08,0.02,0.08,0,7.47
19953,810,691.5,1288.0,0.16,0.04,0.16,0,6.31
19955,810,691.5,1288.0,0.16,0.04,0.16,0,9.96
19956,810,691.5,1288.0,0.16,0.04,0.16,0,12.13
19957,810,691.5,1288.0,0.16,0.04,0.16,0,14.48
20025,812,1302.0,1214.0,0.00,0.00,0.00,0,12.01
20026,812,1300.4,1212.0,-0.04,-0.05,0.06,0,7.48
20027,812,1299.5,1211.0,-0.10,-0.12,0.15,0,6.31
20027,813,1289.0,1203.0,0.00,0.00,0.00,0,12.01
20029,812,1299.5,1211.0,-0.10,-0.12,0.15,0,9.98
20029,813,1289.0,1203.0,0.00,0.00,0.00,0,15.14
20030,812,1299.5,1211.0,-0.10,-0.12,0.15,0,12.14
20030,813,1289.0,1203.0,0.00,0.00,0.00,0,17.25
20031,812,1299.5,1211.0,-0.10,-0.12,0.15,0,14.54
20031,813,1289.0,1203.0,0.00,0.00,0.00,0,19.53
20096,814,1172.0,1154.0,0.00,0.00,0.00,0,12.01
20097,814,1172.3,1154.3,0.01,0.01,0.01,0,7.47
20098,814,1169.2,1154.2,-0.20,0.00,0.20,0,6.31
20100,814,1169.1,1154.2,-0.20,0.00,0.20,0,9.94
20101,814,1169.1,1154.2,-0.20,0.00,0.20,0,12.13
20102,814,1169.1,1154.2,-0.20,0.00,0.20,0,14.47
20134,817,547.0,842.0,0.00,0.00,0.00,0,12.04
20134,818,558.0,857.0,0.00,0.00,0.00,0,12.04
20135,817,547.3,842.3,0.02,0.02,0.02,0,7.49
20135,818,553.1,849.1,-0.24,-0.39,0.46,0,7.49
20136,817,546.5,840.2,-0.06,-0.17,0.18,0,6.32
20138,817,546.5,840.1,-0.06,-0.17,0.18,0,10.03
20139,817,546.5,840.1,-0.06,-0.17,0.18,0,12.18
20140,817,546.5,840.1,-0.06,-0.17,0.18,0,14.52
20230,819,599.0,851.0,0.00,0.00,0.00,0,12.01
20231,819,598.3,849.7,-0.02,-0.03,0.04,0,7.47
20232,819,597.5,848.0,-0.07,-0.15,0.16,0,6.31
20234,819,597.5,847.9,-0.07,-0.15,0.16,0,9.95
20235,819,597.5,847.9,-0.07,-0.15,0.16,0,12.13
20236,819,597.5,847.9,-0.07,-0.15,0.16,0,14.47
20379,820,1068.0,1149.0,0.00,0.00,0.00,0,12.01
20380,820,1068.3,1149.0,0.01,0.00,0.01,0,7.47
20380,821,1062.0,1154.0,0.00,0.00,0.00,0,12.01
20381,820,1067.0,1150.3,-0.08,0.08,0.11,0,6.31
20381,821,1060.4,1155.6,-0.04,0.04,0.06,0,7.48
20383,820,1066.9,1150.3,-0.08,0.08,0.11,0,9.98
20383,821,1060.4,1155.6,-0.04,0.04,0.06,0,10.87
20384,820,1066.9,1150.3,-0.08,0.08,0.11,0,12.12
20384,821,1060.4,1155.6,-0.04,0.04,0.06,0,13.00
20385,820,1066.9,1150.3,-0.08,0.08,0.11,0,14.52
20385,821,1060.3,1155.7,-0.04,0.04,0.06,0,15.34
20416,822,714.0,1221.0,0.00,0.00,0.00,0,12.01
20416,823,724.0,1224.0,0.00,0.00,0.00,0,12.01
20417,822,716.9,1221.7,0.07,0.02,0.07,0,7.48
20417,823,726.6,1224.7,0.07,0.02,0.07,0,7.48
20418,822,722.1,1223.5,0.45,0.15,0.47,0,6.30
20420,822,722.2,1223.6,0.45,0.15,0.47,0,9.95
20421,822,722.2,1223.6,0.45,0.15,0.47,0,12.11
20422,822,722.3,1223.6,0.45,0.15,0.47,0,14.51
20567,824,1404.0,1034.0,0.00,0.00,0.00,0,12.01
20568,824,1408.3,1029.4,0.10,-0.11,0.15,0,7.47
20569,824,1408.3,1029.4,0.10,-0.11,0.15,0,9.52
20571,824,1408.3,1029.4,0.10,-0.11,0.15,0,13.32
20572,824,1408.3,1029.4,0.10,-0.11,0.15,0,15.46
20648,825,515.0,1024.0,0.00,0.00,0.00,0,12.01
20650,827,502.0,1017.0,0.00,0.00,0.00,0,12.01
20650,828,509.0,1024.0,0.00,0.00,0.00,0,12.01
20651,827,502.3,1017.7,0.01,0.02,0.02,0,7.47
20651,828,509.0,1024.0,0.00,0.00,0.00,0,14.04
20652,827,502.3,1017.7,0.01,0.02,0.02,0,9.52
20654,827,502.3,1017.7,0.01,0.02,0.02,0,13.31
20655,827,502.3,1017.7,0.01,0.02,0.02,0,15.46
20689,829,904.0,801.0,0.00,0.00,0.00,0,12.01
20690,829,904.0,801.0,0.00,0.00,0.00,0,14.03
20691,829,904.0,801.0,0.00,0.00,0.00,0,16.08
20693,829,904.0,801.0,0.00,0.00,0.00,0,19.90
20726,830,920.0,365.0,0.00,0.00,0.00,0,12.01
20726,831,933.0,373.0,0.00,0.00,0.00,0,12.01
20728,832,908.0,359.0,0.00,0.00,0.00,0,12.01
20729,832,908.0,359.0,0.00,0.00,0.00,0,14.02
20730,832,908.0,359.0,0.00,0.00,0.00,0,16.05
20732,832,908.0,359.0,0.00,0.00,0.00,0,19.77
20774,833,1280.0,1076.0,0.00,0.00,0.00,0,12.01
20775,833,1282.0,1080.9,0.05,0.12,0.13,0,7.48
20776,833,1284.3,1086.3,0.20,0.48,0.52,0,6.31
20778,833,1284.3,1086.5,0.20,0.48,0.52,0,9.99
20779,833,1284.4,1086.5,0.20,0.48,0.52,0,12.12
20780,833,1284.4,1086.5,0.20,0.48,0.52,0,14.52
20897,834,413.0,1136.0,0.00,0.00,0.00,0,12.01
20898,834,413.0,1136.0,0.00,0.00,0.00,0,14.04
20899,834,413.0,1136.0,0.00,0.00,0.00,0,16.09
20901,834,413.0,1136.0,0.00,0.00,0.00,0,19.98
20975,835,889.0,802.0,0.00,0.00,0.00,0,12.01
20977,837,892.0,810.0,0.00,0.00,0.00,0,12.01
20977,838,888.0,818.0,0.00,0.00,0.00,0,12.01
20978,837,891.0,812.3,-0.03,0.06,0.06,0,7.48
20978,838,885.7,818.7,-0.06,0.02,0.06,0,7.48
20979,837,888.7,814.3,-0.18,0.19,0.26,0,6.31
20981,837,888.6,814.3,-0.18,0.19,0.26,0,9.95
20982,837,888.6,814.3,-0.18,0.19,0.26,0,12.12
20983,837,888.6,814.3,-0.18,0.19,0.26,0,14.53
21213,839,1317.0,1101.0,0.00,0.00,0.00,0,12.01
21214,839,1317.0,1100.7,0.00,-0.01,0.01,0,7.48
21214,840,1327.0,1110.0,0.00,0.00,0.00,0,12.01
21215,839,1319.6,1103.1,0.17,0.15,0.23,0,6.30
21215,840,1330.3,1111.6,0.08,0.04,0.09,0,7.47
21215,841,885.0,1078.0,0.00,0.00,0.00,0,12.01
21217,839,1319.6,1103.1,0.17,0.15,0.23,0,9.94
21217,840,1330.3,1111.6,0.08,0.04,0.09,0,10.84
21217,841,885.0,1078.0,0.00,0.00,0.00,0,15.11
21218,839,1319.6,1103.1,0.17,0.15,0.23,0,12.13
21218,840,1330.3,1111.7,0.08,0.04,0.09,0,13.00
21218,841,885.0,1078.0,0.00,0.00,0.00,0,17.24
21219,839,1319.6,1103.1,0.17,0.15,0.23,0,14.48
21219,840,1330.3,1111.7,0.08,0.04,0.09,0,15.30
21219,841,885.0,1078.0,0.00,0.00,0.00,0,19.49
21363,842,1026.0,1269.0,0.00,0.00,0.00,0,12.01
21364,842,1026.0,1269.7,0.00,0.02,0.02,0,7.47
21364,843,1021.0,1254.0,0.00,0.00,0.00,0,12.01
21365,842,1025.0,1266.1,-0.06,-0.20,0.21,0,6.31
21365,843,1020.3,1250.4,-0.02,-0.08,0.08,0,7.48
21367,842,1025.0,1266.1,-0.06,-0.20,0.21,0,9.98
21367,843,1020.3,1250.4,-0.02,-0.08,0.08,0,10.87
21368,842,1025.0,1266.1,-0.06,-0.20,0.21,0,12.13
21368,843,1020.3,1250.4,-0.02,-0.08,0.08,0,13.01
21369,842,1025.0,1266.1,-0.06,-0.20,0.21,0,14.48
21369,843,1020.3,1250.4,-0.02,-0.08,0.08,0,15.30
21412,844,1535.0,933.0,0.00,0.00,0.00,0,12.01
21413,844,1535.0,933.0,0.00,0.00,0.00,0,14.04
21414,844,1535.0,933.0,0.00,0.00,0.00,0,16.09
21416,844,1535.0,933.0,0.00,0.00,0.00,0,19.99
21452,845,1312.0,1017.0,0.00,0.00,0.00,0,12.01
21454,847,1313.0,1025.0,0.00,0.00,0.00,0,12.01
21454,848,1317.0,1038.0,0.00,0.00,0.00,0,12.01
21455,847,1314.0,1028.6,0.02,0.09,0.09,0,7.48
21455,848,1318.6,1041.3,0.04,0.08,0.09,0,7.48
21456,847,1315.8,1033.1,0.15,0.39,0.42,0,6.31
21458,847,1315.8,1033.2,0.15,0.39,0.42,0,9.95
21459,847,1315.8,1033.2,0.15,0.39,0.42,0,12.13
21460,847,1315.8,1033.2,0.15,0.39,0.42,0,14.47
21568,849,586.0,1061.0,0.00,0.00,0.00,0,12.01
21569,849,585.7,1061.3,-0.01,0.01,0.01,0,7.48
21570,849,585.7,1061.3,-0.01,0.01,0.01,0,9.52
21572,849,585.7,1061.3,-0.01,0.01,0.01,0,13.31
21573,849,585.7,1061.3,-0.01,0.01,0.01,0,15.47
21608,850,1060.0,651.0,0.00,0.00,0.00,0,12.01
21608,851,1068.0,654.0,0.00,0.00,0.00,0,12.01
21610,852,1060.0,650.0,0.00,0.00,0.00,0,12.01
21611,852,1060.0,650.0,0.00,0.00,0.00,0,14.04
21612,852,1060.0,650.0,0.00,0.00,0.00,0,16.09
21614,852,1060.0,650.0,0.00,0.00,0.00,0,20.02
21663,853,716.0,524.0,0.00,0.00,0.00,0,12.01
21664,853,713.4,522.7,-0.06,-0.03,0.07,0,7.48
21665,853,712.0,522.0,-0.15,-0.08,0.17,0,6.31
21665,854,699.0,515.0,0.00,0.00,0.00,0,12.01
21667,853,712.0,522.0,-0.15,-0.08,0.17,0,10.01
21667,854,699.0,515.0,0.00,0.00,0.00,0,15.16
21668,853,711.9,522.0,-0.15,-0.08,0.17,0,12.12
21668,854,699.0,515.0,0.00,0.00,0.00,0,17.24
21669,853,711.9,522.0,-0.15,-0.08,0.17,0,14.48
21669,854,699.0,515.0,0.00,0.00,0.00,0,19.49
21700,855,1304.0,1149.0,0.00,0.00,0.00,0,12.01
21700,856,1297.0,1158.0,0.00,0.00,0.00,0,12.01
21701,855,1303.3,1149.7,-0.02,0.02,0.02,0,7.50
21701,856,1300.6,1153.7,0.09,-0.11,0.14,0,7.50
21702,855,1303.3,1149.7,-0.02,0.02,0.02,0,9.54
21704,855,1303.3,1149.7,-0.02,0.02,0.02,0,13.33
21705,855,1303.3,1149.7,-0.02,0.02,0.02,0,15.41
21737,857,1414.0,1030.0,0.00,0.00,0.00,0,12.01
21737,858,1422.0,1031.0,0.00,0.00,0.00,0,12.01
21739,859,1417.0,1028.0,0.00,0.00,0.00,0,12.01
21740,859,1417.0,1028.0,0.00,0.00,0.00,0,14.03
21741,859,1417.0,1028.0,0.00,0.00,0.00,0,16.08
21743,859,1417.0,1028.0,0.00,0.00,0.00,0,19.92
21776,860,1367.0,993.0,0.00,0.00,0.00,0,12.01
21776,861,1018.0,1219.0,0.00,0.00,0.00,0,12.01
21776,862,1027.0,1236.0,0.00,0.00,0.00,0,12.01
21778,864,1388.0,998.0,0.00,0.00,0.00,0,12.01
21778,865,1398.0,1006.0,0.00,0.00,0.00,0,12.01
21779,864,1390.9,1000.3,0.06,0.05,0.08,0,7.47
21779,865,1400.6,1009.3,0.05,0.07,0.09,0,7.47
21779,866,991.0,1188.0,0.00,0.00,0.00,0,12.01
21780,864,1394.6,1004.1,0.29,0.29,0.41,0,6.31
21782,864,1394.6,1004.2,0.29,0.29,0.41,0,9.92
21783,864,1394.6,1004.2,0.29,0.29,0.41,0,12.12
21784,864,1394.7,1004.2,0.29,0.29,0.41,0,14.46
21823,868,1036.0,788.0,0.00,0.00,0.00,0,12.01
21824,868,1036.0,788.0,0.00,0.00,0.00,0,14.04
21825,868,1036.0,788.0,0.00,0.00,0.00,0,16.09
21827,868,1036.0,788.0,0.00,0.00,0.00,0,19.93
21880,869,1015.0,1313.0,0.00,0.00,0.00,0,12.01
21881,869,1016.3,1311.0,0.03,-0.05,0.06,0,7.47
21882,869,1016.7,1310.5,0.06,-0.08,0.10,0,6.31
21884,869,1016.8,1310.5,0.06,-0.08,0.10,0,9.98
21885,869,1016.8,1310.5,0.06,-0.08,0.10,0,12.13
21886,869,1016.8,1310.5,0.06,-0.08,0.10,0,14.47
21921,871,1063.0,439.0,0.00,0.00,0.00,0,12.01
21922,871,1063.0,439.0,0.00,0.00,0.00,0,14.04
21923,871,1063.0,439.0,0.00,0.00,0.00,0,16.09
21925,871,1063.0,439.0,0.00,0.00,0.00,0,19.99
21960,872,1504.0,712.0,0.00,0.00,0.00,0,12.01
21961,872,1504.0,712.0,0.00,0.00,0.00,0,14.02
21962,872,1502.6,715.9,-0.05,0.12,0.13,0,7.85
21962,873,1498.0,731.0,0.00,0.00,0.00,0,12.01
21964,872,1502.6,715.9,-0.05,0.12,0.13,0,11.43
21964,873,1498.0,731.0,0.00,0.00,0.00,0,15.11
21965,872,1502.6,715.9,-0.05,0.12,0.13,0,13.58
21965,873,1498.0,731.0,0.00,0.00,0.00,0,17.21
21966,872,1502.6,715.9,-0.05,0.12,0.13,0,15.91
21966,873,1498.0,731.0,0.00,0.00,0.00,0,19.45
22000,874,663.0,1184.0,0.00,0.00,0.00,0,12.01
22001,874,661.4,1185.0,-0.04,0.03,0.05,0,7.48
22001,875,648.0,1190.0,0.00,0.00,0.00,0,12.01
22002,874,658.2,1186.3,-0.26,0.11,0.29,0,6.31
22004,874,658.1,1186.3,-0.26,0.11,0.29,0,9.98
22005,874,658.1,1186.3,-0.26,0.11,0.29,0,12.12
22006,874,658.1,1186.3,-0.26,0.11,0.29,0,14.47
22067,876,717.0,985.0,0.00,0.00,0.00,0,12.01
22068,876,714.1,986.0,-0.07,0.02,0.08,0,7.47
22069,876,713.0,986.5,-0.14,0.06,0.15,0,6.31
22069,877,699.0,989.0,0.00,0.00,0.00,0,12.01
22071,876,713.0,986.5,-0.14,0.06,0.15,0,9.97
22071,877,699.0,989.0,0.00,0.00,0.00,0,15.13
22072,876,713.0,986.5,-0.14,0.06,0.15,0,12.14
22072,877,699.0,989.0,0.00,0.00,0.00,0,17.26
22073,876,713.0,986.5,-0.14,0.06,0.15,0,14.48
22073,877,699.0,989.0,0.00,0.00,0.00,0,19.50
22150,878,677.0,835.0,0.00,0.00,0.00,0,12.01
22151,878,678.6,833.7,0.04,-0.03,0.05,0,7.47
22152,878,678.6,833.7,0.04,-0.03,0.05,0,9.52
22154,878,678.7,833.7,0.04,-0.03,0.05,0,13.27
22155,878,678.7,833.7,0.04,-0.03,0.05,0,15.46
22209,879,937.0,1121.0,0.00,0.00,0.00,0,12.01
22210,879,937.0,1121.3,0.00,0.01,0.01,0,7.47
22211,879,937.0,1121.3,0.00,0.01,0.01,0,9.52
22213,879,937.0,1121.3,0.00,0.01,0.01,0,13.31
22214,879,937.0,1121.3,0.00,0.01,0.01,0,15.47
22257,880,1098.0,1033.0,0.00,0.00,0.00,0,12.01
22258,880,1098.0,1033.0,0.00,0.00,0.00,0,14.04
22259,880,1095.2,1035.8,-0.13,0.13,0.18,0,7.87
22261,880,1095.2,1035.8,-0.13,0.13,0.18,0,11.56
22262,880,1095.2,1035.8,-0.13,0.13,0.18,0,13.68
22263,880,1095.2,1035.8,-0.13,0.13,0.18,0,16.03
22340,881,1084.0,1055.0,0.00,0.00,0.00,0,12.01
22341,881,1084.0,1055.0,0.00,0.00,0.00,0,14.04
22342,881,1084.0,1055.0,0.00,0.00,0.00,0,16.09
22344,881,1084.0,1055.0,0.00,0.00,0.00,0,19.93
22445,882,620.0,1058.0,0.00,0.00,0.00,0,12.01
22447,884,615.0,1062.0,0.00,0.00,0.00,0,12.01
22448,884,615.0,1062.0,0.00,0.00,0.00,0,14.04
22449,884,615.0,1062.0,0.00,0.00,0.00,0,16.09
22451,884,615.0,1062.0,0.00,0.00,0.00,0,19.97
22662,885,573.0,1145.0,0.00,0.00,0.00,0,12.01
22663,885,573.0,1145.0,0.00,0.00,0.00,0,14.04
22664,885,573.0,1147.5,0.00,0.11,0.11,0,7.87
22666,885,573.0,1147.5,0.00,0.11,0.11,0,11.51
22667,885,573.0,1147.5,0.00,0.11,0.11,0,13.69
22668,885,573.0,1147.5,0.00,0.11,0.11,0,16.02
22742,886,1308.0,1104.0,0.00,0.00,0.00,0,12.01
22744,888,1309.0,1099.0,0.00,0.00,0.00,0,12.01
22745,888,1309.0,1099.0,0.00,0.00,0.00,0,14.04
22746,888,1309.0,1099.0,0.00,0.00,0.00,0,16.09
22748,888,1309.0,1099.0,0.00,0.00,0.00,0,19.96
22874,889,496.0,495.0,0.00,0.00,0.00,0,12.01
22875,889,496.0,495.0,0.00,0.00,0.00,0,14.04
22876,889,496.0,495.0,0.00,0.00,0.00,0,16.09
22878,889,496.0,495.0,0.00,0.00,0.00,0,19.98
22912,893,690.0,492.0,0.00,0.00,0.00,0,12.01
22912,894,692.0,498.0,0.00,0.00,0.00,0,12.01
22912,895,758.0,1303.0,0.00,0.00,0.00,0,12.01
22913,893,690.3,492.7,0.01,0.02,0.02,0,7.47
22913,894,690.4,494.7,-0.05,-0.09,0.11,0,7.47
22913,895,755.1,1306.3,-0.09,0.09,0.13,0,7.47
22914,893,690.0,492.0,-0.01,-0.02,0.02,0,6.31
22914,895,755.0,1306.3,-0.09,0.09,0.13,0,9.51
22916,893,690.0,492.0,-0.01,-0.02,0.02,0,9.96
22916,895,755.0,1306.3,-0.09,0.09,0.13,0,13.27
22917,893,690.0,492.0,-0.01,-0.02,0.02,0,12.12
22917,895,755.0,1306.3,-0.09,0.09,0.13,0,15.45
22918,893,690.0,492.0,-0.01,-0.02,0.02,0,14.46
23036,896,1017.0,1213.0,0.00,0.00,0.00,0,12.01
23037,896,1017.0,1213.0,0.00,0.00,0.00,0,14.04
23038,896,1017.0,1213.0,0.00,0.00,0.00,0,16.09
23040,896,1017.0,1213.0,0.00,0.00,0.00,0,19.97
23080,897,456.0,881.0,0.00,0.00,0.00,0,12.01
23081,897,456.0,881.0,0.00,0.00,0.00,0,7.48
23081,898,443.0,874.0,0.00,0.00,0.00,0,12.01
23082,897,452.9,879.5,-0.21,-0.10,0.23,0,6.31
23084,897,452.9,879.4,-0.21,-0.10,0.23,0,9.97
23085,897,452.9,879.4,-0.21,-0.10,0.23,0,12.13
23086,897,452.8,879.4,-0.21,-0.10,0.23,0,14.47
23206,899,1195.0,1185.0,0.00,0.00,0.00,0,12.01
23207,899,1195.0,1185.0,0.00,0.00,0.00,0,14.04
23208,899,1195.0,1185.0,0.00,0.00,0.00,0,16.09
23210,899,1195.0,1185.0,0.00,0.00,0.00,0,19.99
23243,900,587.0,642.0,0.00,0.00,0.00,0,12.01
23244,900,587.0,642.0,0.00,0.00,0.00,0,14.04
23245,900,587.0,642.0,0.00,0.00,0.00,0,16.10
23247,900,587.0,642.0,0.00,0.00,0.00,0,20.03
23359,901,1430.0,1108.0,0.00,0.00,0.00,0,12.01
23359,902,1439.0,1109.0,0.00,0.00,0.00,0,12.01
23360,901,1430.3,1108.0,0.01,0.00,0.01,0,7.47
23360,902,1432.8,1107.7,-0.15,-0.03,0.16,0,7.47
23361,901,1427.9,1107.5,-0.15,-0.03,0.15,0,6.30
23363,901,1427.9,1107.5,-0.15,-0.03,0.15,0,9.96
23364,901,1427.9,1107.5,-0.15,-0.03,0.15,0,12.13
23365,901,1427.9,1107.5,-0.15,-0.03,0.15,0,14.54
23400,903,1231.0,1114.0,0.00,0.00,0.00,0,12.01
23401,903,1231.3,1113.7,0.01,-0.01,0.01,0,7.47
23401,904,1225.0,1118.0,0.00,0.00,0.00,0,12.01
23402,903,1230.0,1114.5,-0.08,0.05,0.09,0,6.31
23402,904,1225.0,1118.0,0.00,0.00,0.00,0,14.04
23404,903,1229.9,1114.5,-0.08,0.05,0.09,0,9.94
23404,904,1225.0,1118.0,0.00,0.00,0.00,0,17.49
23405,903,1229.9,1114.5,-0.08,0.05,0.09,0,12.13
23405,904,1225.0,1118.0,0.00,0.00,0.00,0,19.66
23406,903,1229.9,1114.5,-0.08,0.05,0.09,0,14.48
23459,905,1191.0,1007.0,0.00,0.00,0.00,0,12.01
23461,907,1200.0,1014.0,0.00,0.00,0.00,0,12.01
23461,908,1208.0,1023.0,0.00,0.00,0.00,0,12.01
23462,907,1202.3,1016.6,0.06,0.07,0.09,0,7.47
23462,908,1210.3,1025.3,0.06,0.06,0.08,0,7.47
23463,907,1205.0,1019.5,0.24,0.26,0.35,0,6.30
23465,907,1205.1,1019.6,0.24,0.26,0.35,0,9.95
23466,907,1205.1,1019.6,0.24,0.26,0.35,0,12.13
23467,907,1205.1,1019.6,0.24,0.26,0.35,0,14.53
23501,909,1351.0,971.0,0.00,0.00,0.00,0,12.00
23502,909,1351.0,971.0,0.00,0.00,0.00,0,14.02
23503,909,1351.0,971.0,0.00,0.00,0.00,0,16.06
23505,909,1351.0,971.0,0.00,0.00,0.00,0,19.82
23538,910,1041.0,1120.0,0.00,0.00,0.00,0,12.01
23539,910,1041.0,1120.0,0.00,0.00,0.00,0,14.07
23540,910,1041.0,1120.0,0.00,0.00,0.00,0,16.13
23542,910,1041.0,1120.0,0.00,0.00,0.00,0,20.04
23580,911,628.0,669.0,0.00,0.00,0.00,0,12.01
23581,911,628.0,669.0,0.00,0.00,0.00,0,7.48
23582,911,628.0,669.0,0.00,0.00,0.00,0,9.52
23584,911,628.0,669.0,0.00,0.00,0.00,0,13.30
23585,911,628.0,669.0,0.00,0.00,0.00,0,15.47
23622,912,756.0,842.0,0.00,0.00,0.00,0,12.01
23623,912,756.0,842.0,0.00,0.00,0.00,0,14.04
23624,912,754.6,841.3,-0.07,-0.03,0.07,0,7.87
23626,912,754.6,841.3,-0.07,-0.03,0.07,0,11.52
23627,912,754.6,841.3,-0.07,-0.03,0.07,0,13.68
23628,912,754.6,841.3,-0.07,-0.03,0.07,0,16.03
23721,913,659.0,900.0,0.00,0.00,0.00,0,12.01
23722,913,659.0,900.0,0.00,0.00,0.00,0,14.04
23723,913,658.6,901.1,-0.02,0.05,0.05,0,7.87
23725,913,658.6,901.1,-0.02,0.05,0.05,0,11.49
23726,913,658.6,901.1,-0.02,0.05,0.05,0,13.69
23727,913,658.6,901.1,-0.02,0.05,0.05,0,16.03
23772,914,774.0,1166.0,0.00,0.00,0.00,0,12.01
23773,914,770.4,1167.0,-0.09,0.02,0.09,0,7.47
23773,915,625.0,781.0,0.00,0.00,0.00,0,12.01
23774,914,768.7,1167.5,-0.19,0.06,0.20,0,6.31
23774,915,624.0,776.4,-0.02,-0.11,0.12,0,7.48
23774,916,750.0,1170.0,0.00,0.00,0.00,0,12.01
23776,914,768.7,1167.5,-0.19,0.06,0.20,0,9.97
23776,915,624.0,776.4,-0.02,-0.11,0.12,0,10.86
23776,916,750.0,1170.0,0.00,0.00,0.00,0,15.13
23777,914,768.7,1167.5,-0.19,0.06,0.20,0,12.13
23777,915,624.0,776.4,-0.02,-0.11,0.12,0,13.00
23777,916,750.0,1170.0,0.00,0.00,0.00,0,17.24
23778,914,768.7,1167.5,-0.19,0.06,0.20,0,14.47
23778,915,624.0,776.4,-0.02,-0.11,0.12,0,15.29
23778,916,750.0,1170.0,0.00,0.00,0.00,0,19.49
23810,917,439.0,725.0,0.00,0.00,0.00,0,12.01
23811,917,438.7,720.4,-0.01,-0.12,0.12,0,7.47
23812,917,438.7,720.4,-0.01,-0.12,0.12,0,9.51
23814,917,438.7,720.4,-0.01,-0.12,0.12,0,13.29
23815,917,438.7,720.4,-0.01,-0.12,0.12,0,15.45
23854,918,1024.0,576.0,0.00,0.00,0.00,0,12.01
23855,918,1022.4,578.6,-0.04,0.06,0.07,0,7.47
23856,918,1022.4,578.6,-0.04,0.06,0.07,0,9.52
23858,918,1022.3,578.6,-0.04,0.06,0.07,0,13.33
23859,918,1022.3,578.6,-0.04,0.06,0.07,0,15.47
23935,919,1013.0,1262.0,0.00,0.00,0.00,0,12.01
23936,919,1013.3,1262.3,0.01,0.01,0.01,0,7.47
23937,919,1011.4,1260.7,-0.11,-0.10,0.15,0,6.31
23939,919,1011.4,1260.7,-0.11,-0.10,0.15,0,10.00
23940,919,1011.4,1260.7,-0.11,-0.10,0.15,0,12.12
23941,919,1011.4,1260.7,-0.11,-0.10,0.15,0,14.47
23991,920,1228.0,562.0,0.00,0.00,0.00,0,12.01
23992,920,1228.0,562.0,0.00,0.00,0.00,0,14.04
23993,920,1228.0,560.9,0.00,-0.05,0.05,0,7.87
23995,920,1228.0,560.9,0.00,-0.05,0.05,0,11.57
23996,920,1228.0,560.9,0.00,-0.05,0.05,0,13.68
23997,920,1228.0,560.9,0.00,-0.05,0.05,0,16.08
24047,921,452.0,1067.0,0.00,0.00,0.00,0,12.01
24048,921,452.0,1067.0,0.00,0.00,0.00,0,14.04
24049,921,451.3,1067.7,-0.03,0.03,0.05,0,7.87
24051,921,451.3,1067.7,-0.03,0.03,0.05,0,11.56
24052,921,451.3,1067.7,-0.03,0.03,0.05,0,13.69
24053,921,451.3,1067.7,-0.03,0.03,0.05,0,16.04
24087,922,901.0,1152.0,0.00,0.00,0.00,0,12.01
24088,922,901.0,1152.0,0.00,0.00,0.00,0,14.04
24089,922,901.0,1152.0,0.00,0.00,0.00,0,16.08
24091,922,901.0,1152.0,0.00,0.00,0.00,0,19.94
24128,923,591.0,1138.0,0.00,0.00,0.00,0,12.01
24128,924,597.0,1143.0,0.00,0.00,0.00,0,12.01
24130,925,582.0,1128.0,0.00,0.00,0.00,0,12.01
24130,926,587.0,1134.0,0.00,0.00,0.00,0,12.01
24131,925,582.3,1128.3,0.01,0.01,0.01,0,7.48
24131,926,584.4,1130.1,-0.06,-0.09,0.11,0,7.48
24132,925,580.4,1125.7,-0.12,-0.17,0.21,0,6.31
24134,925,580.4,1125.6,-0.12,-0.17,0.21,0,9.96
24135,925,580.4,1125.6,-0.12,-0.17,0.21,0,12.13
24136,925,580.4,1125.6,-0.12,-0.17,0.21,0,14.53
24174,927,1403.0,1181.0,0.00,0.00,0.00,0,12.01
24175,927,1403.0,1181.0,0.00,0.00,0.00,0,14.04
24176,927,1408.3,1177.1,0.25,-0.18,0.31,0,7.87
24178,927,1408.3,1177.1,0.25,-0.18,0.31,0,11.52
24179,927,1408.3,1177.1,0.25,-0.18,0.31,0,13.68
24180,927,1408.3,1177.1,0.25,-0.18,0.31,0,16.03
24266,928,922.0,1314.0,0.00,0.00,0.00,0,12.01
24268,931,910.0,1301.0,0.00,0.00,0.00,0,12.01
24268,932,917.0,1308.0,0.00,0.00,0.00,0,12.01
24269,931,910.0,1301.0,0.00,0.00,0.00,0,7.48
24269,932,911.8,1303.1,-0.13,-0.12,0.18,0,7.48
24269,933,922.0,988.0,0.00,0.00,0.00,0,12.01
24270,931,907.9,1299.2,-0.14,-0.12,0.18,0,6.30
24272,931,907.9,1299.2,-0.14,-0.12,0.18,0,9.93
24273,931,907.9,1299.2,-0.14,-0.12,0.18,0,12.13
24274,931,907.9,1299.2,-0.14,-0.12,0.18,0,14.55
24338,934,1300.0,1092.0,0.00,0.00,0.00,0,12.01
24340,936,1297.0,1100.0,0.00,0.00,0.00,0,12.01
24340,937,1297.0,1108.0,0.00,0.00,0.00,0,12.01
24341,936,1296.7,1102.3,-0.01,0.06,0.06,0,7.47
24341,937,1297.7,1110.6,0.02,0.06,0.07,0,7.47
24342,936,1297.3,1105.3,0.03,0.25,0.25,0,6.31
24344,936,1297.3,1105.4,0.03,0.25,0.25,0,9.98
24345,936,1297.3,1105.4,0.03,0.25,0.25,0,12.13
24346,936,1297.3,1105.4,0.03,0.25,0.25,0,14.48
24437,938,918.0,1303.0,0.00,0.00,0.00,0,12.00
24439,940,920.0,1290.0,0.00,0.00,0.00,0,12.01
24439,941,920.0,1297.0,0.00,0.00,0.00,0,12.01
24440,940,920.3,1290.3,0.01,0.01,0.01,0,7.48
24440,941,920.3,1292.7,0.01,-0.11,0.11,0,7.48
24441,940,920.5,1289.0,0.02,-0.09,0.09,0,6.31
24443,940,920.5,1288.9,0.02,-0.09,0.09,0,9.96
24444,940,920.5,1288.9,0.02,-0.09,0.09,0,12.13
24445,940,920.5,1288.9,0.02,-0.09,0.09,0,14.47
24506,942,1154.0,481.0,0.00,0.00,0.00,0,12.01
24507,942,1154.0,481.0,0.00,0.00,0.00,0,14.04
24508,942,1154.0,481.0,0.00,0.00,0.00,0,16.09
24510,942,1154.0,481.0,0.00,0.00,0.00,0,19.99
24555,943,962.0,638.0,0.00,0.00,0.00,0,12.01
24556,943,962.0,638.0,0.00,0.00,0.00,0,14.04
24557,943,962.0,638.0,0.00,0.00,0.00,0,16.09
24559,943,962.0,638.0,0.00,0.00,0.00,0,20.00
24592,944,1088.0,1245.0,0.00,0.00,0.00,0,12.01
24592,945,1092.0,1254.0,0.00,0.00,0.00,0,12.01
24593,944,1088.3,1245.3,0.01,0.01,0.01,0,7.48
24593,945,1089.4,1249.1,-0.06,-0.12,0.14,0,7.48
24594,944,1087.7,1244.2,-0.03,-0.07,0.08,0,6.30
24596,944,1087.7,1244.2,-0.03,-0.07,0.08,0,10.00
24597,944,1087.7,1244.2,-0.03,-0.07,0.08,0,12.11
24598,944,1087.7,1244.2,-0.03,-0.07,0.08,0,14.53
24629,946,465.0,656.0,0.00,0.00,0.00,0,12.01
24631,949,465.0,661.0,0.00,0.00,0.00,0,12.01
24631,950,465.0,667.0,0.00,0.00,0.00,0,12.01
24631,951,919.0,1091.0,0.00,0.00,0.00,0,12.01
24632,949,465.0,662.6,0.00,0.03,0.03,0,7.46
24632,950,465.0,667.0,0.00,0.00,0.00,0,14.02
24632,951,919.0,1091.0,0.00,0.00,0.00,0,14.02
24633,949,464.7,667.1,-0.01,0.21,0.21,0,6.28
24633,951,919.0,1091.0,0.00,0.00,0.00,0,16.04
24635,949,464.7,667.2,-0.01,0.21,0.21,0,9.78
24635,951,919.0,1091.0,0.00,0.00,0.00,0,19.68
24636,949,464.7,667.2,-0.01,0.21,0.21,0,11.98
24637,949,464.7,667.2,-0.01,0.21,0.21,0,14.30
24668,952,518.0,1076.0,0.00,0.00,0.00,0,12.01
24668,953,624.0,1306.0,0.00,0.00,0.00,0,12.01
24668,954,633.0,1315.0,0.00,0.00,0.00,0,12.01
24670,955,648.0,1320.0,0.00,0.00,0.00,0,12.01
24671,955,648.0,1320.0,0.00,0.00,0.00,0,14.03
24672,955,648.0,1320.0,0.00,0.00,0.00,0,16.08
24674,955,648.0,1320.0,0.00,0.00,0.00,0,19.94
24727,956,686.0,1098.0,0.00,0.00,0.00,0,12.01
24728,956,686.0,1098.3,0.00,0.01,0.01,0,7.48
24729,956,686.0,1098.3,0.00,0.01,0.01,0,9.52
24731,956,686.0,1098.3,0.00,0.01,0.01,0,13.29
24732,956,686.0,1098.3,0.00,0.01,0.01,0,15.46
24764,957,1445.0,975.0,0.00,0.00,0.00,0,12.01
24768,959,1355.0,543.0,0.00,0.00,0.00,0,12.01
24769,959,1355.0,543.0,0.00,0.00,0.00,0,14.04
24770,959,1355.0,543.0,0.00,0.00,0.00,0,16.09
24772,959,1355.0,543.0,0.00,0.00,0.00,0,20.00
24823,960,1564.0,775.0,0.00,0.00,0.00,0,12.01
24824,960,1564.3,775.0,0.01,0.00,0.01,0,7.47
24824,961,1554.0,775.0,0.00,0.00,0.00,0,12.01
24824,962,1397.0,1033.0,0.00,0.00,0.00,0,12.01
24825,960,1561.9,775.0,-0.15,0.00,0.15,0,6.31
24827,960,1561.9,775.0,-0.15,0.00,0.15,0,9.96
24828,960,1561.9,775.0,-0.15,0.00,0.15,0,12.13
24829,960,1561.9,775.0,-0.15,0.00,0.15,0,14.52
24999,963,1026.0,1251.0,0.00,0.00,0.00,0,12.01
25000,963,1026.0,1251.0,0.00,0.00,0.00,0,14.04
25001,963,1026.0,1251.0,0.00,0.00,0.00,0,16.09
25003,963,1026.0,1251.0,0.00,0.00,0.00,0,19.95
25195,964,926.0,979.0,0.00,0.00,0.00,0,12.01
25195,965,936.0,980.0,0.00,0.00,0.00,0,12.01
25196,964,926.0,979.0,0.00,0.00,0.00,0,14.04
25196,965,936.0,980.0,0.00,0.00,0.00,0,14.04
25197,964,926.0,979.0,0.00,0.00,0.00,0,16.09
25199,964,926.0,979.0,0.00,0.00,0.00,0,19.96
25236,966,1430.0,1101.0,0.00,0.00,0.00,0,12.01
25237,966,1430.3,1102.0,0.01,0.02,0.02,0,7.47
25238,966,1429.7,1103.8,-0.03,0.14,0.14,0,6.31
25240,966,1429.7,1103.8,-0.03,0.14,0.14,0,9.96
25241,966,1429.7,1103.8,-0.03,0.14,0.14,0,12.13
25242,966,1429.7,1103.8,-0.03,0.14,0.14,0,14.47
25282,969,892.0,1234.0,0.00,0.00,0.00,0,12.01
25282,970,890.0,1247.0,0.00,0.00,0.00,0,12.01
25283,969,891.7,1235.3,-0.01,0.03,0.03,0,7.47
25283,970,892.0,1240.1,0.05,-0.17,0.18,0,7.47
25284,969,893.8,1230.9,0.13,-0.25,0.29,0,6.31
25286,969,893.9,1230.8,0.13,-0.25,0.29,0,9.97
25287,969,893.9,1230.8,0.13,-0.25,0.29,0,12.14
25288,969,893.9,1230.8,0.13,-0.25,0.29,0,14.54
25319,971,1149.0,840.0,0.00,0.00,0.00,0,12.01
25320,971,1149.0,840.0,0.00,0.00,0.00,0,14.07
25321,971,1149.0,840.0,0.00,0.00,0.00,0,16.13
25323,971,1149.0,840.0,0.00,0.00,0.00,0,20.07
25357,972,1181.0,795.0,0.00,0.00,0.00,0,12.01
25358,972,1181.3,795.0,0.01,0.00,0.01,0,7.47
25358,973,1172.0,793.0,0.00,0.00,0.00,0,12.01
25359,972,1179.2,794.7,-0.13,-0.02,0.13,0,6.30
25361,972,1179.2,794.7,-0.13,-0.02,0.13,0,9.95
25362,972,1179.1,794.7,-0.13,-0.02,0.13,0,12.13
25363,972,1179.1,794.7,-0.13,-0.02,0.13,0,14.47
25472,974,1318.0,1020.0,0.00,0.00,0.00,0,12.01
25474,976,1300.0,1017.0,0.00,0.00,0.00,0,12.01
25474,977,1308.0,1018.0,0.00,0.00,0.00,0,12.01
25475,976,1299.0,1016.7,-0.02,-0.01,0.02,0,7.48
25475,977,1308.0,1018.0,0.00,0.00,0.00,0,14.04
25476,976,1297.2,1016.2,-0.14,-0.04,0.15,0,6.31
25478,976,1297.2,1016.2,-0.14,-0.04,0.15,0,9.98
25479,976,1297.2,1016.2,-0.14,-0.04,0.15,0,12.14
25480,976,1297.2,1016.2,-0.14,-0.04,0.15,0,14.48
25517,978,706.0,891.0,0.00,0.00,0.00,0,12.01
25518,978,706.3,891.0,0.01,0.00,0.01,0,7.48
25519,978,706.3,891.0,0.01,0.00,0.01,0,9.51
25521,978,706.3,891.0,0.01,0.00,0.01,0,13.31
25522,978,706.3,891.0,0.01,0.00,0.01,0,15.47
25626,979,1145.0,993.0,0.00,0.00,0.00,0,12.01
25627,979,1145.0,992.7,0.00,-0.01,0.01,0,7.47
25628,979,1145.0,992.7,0.00,-0.01,0.01,0,9.52
25630,979,1145.0,992.7,0.00,-0.01,0.01,0,13.29
25631,979,1145.0,992.7,0.00,-0.01,0.01,0,15.46
25727,980,1292.0,1190.0,0.00,0.00,0.00,0,12.01
25729,982,1275.0,1179.0,0.00,0.00,0.00,0,12.01
25729,983,1284.0,1183.0,0.00,0.00,0.00,0,12.01
25730,982,1276.0,1179.0,0.02,0.00,0.02,0,7.48
25730,983,1279.4,1182.3,-0.12,-0.02,0.12,0,7.48
25731,982,1274.7,1179.3,-0.06,0.02,0.06,0,6.31
25733,982,1274.7,1179.3,-0.06,0.02,0.06,0,9.95
25734,982,1274.7,1179.3,-0.06,0.02,0.06,0,12.14
25735,982,1274.7,1179.3,-0.06,0.02,0.06,0,14.49
25766,984,1098.0,892.0,0.00,0.00,0.00,0,12.01
25767,984,1098.0,892.0,0.00,0.00,0.00,0,14.04
25768,984,1098.0,892.0,0.00,0.00,0.00,0,16.09
25770,984,1098.0,892.0,0.00,0.00,0.00,0,19.99
25832,985,1364.0,1157.0,0.00,0.00,0.00,0,12.01
25833,985,1364.3,1158.3,0.01,0.03,0.03,0,7.47
25834,985,1364.3,1158.3,0.01,0.03,0.03,0,9.52
25836,985,1364.3,1158.3,0.01,0.03,0.03,0,13.31
25837,985,1364.3,1158.3,0.01,0.03,0.03,0,15.47
25871,986,810.0,1290.0,0.00,0.00,0.00,0,12.01
25872,986,807.7,1290.0,-0.05,0.00,0.05,0,7.47
25873,986,807.5,1290.0,-0.06,0.00,0.06,0,6.30
25873,987,798.0,1291.0,0.00,0.00,0.00,0,12.01
25875,986,807.5,1290.0,-0.06,0.00,0.06,0,9.99
25875,987,798.0,1291.0,0.00,0.00,0.00,0,15.15
25876,986,807.5,1290.0,-0.06,0.00,0.06,0,12.12
25876,987,798.0,1291.0,0.00,0.00,0.00,0,17.25
25877,986,807.5,1290.0,-0.06,0.00,0.06,0,14.47
25877,987,798.0,1291.0,0.00,0.00,0.00,0,19.49
25909,990,665.0,1033.0,0.00,0.00,0.00,0,12.01
25909,991,671.0,1039.0,0.00,0.00,0.00,0,12.01
25910,990,666.6,1034.6,0.05,0.05,0.07,0,7.47
25910,991,672.6,1041.0,0.05,0.06,0.08,0,7.47
25911,990,668.8,1037.0,0.18,0.20,0.27,0,6.30
25913,990,668.8,1037.1,0.18,0.20,0.27,0,9.95
25914,990,668.8,1037.1,0.18,0.20,0.27,0,12.11
25915,990,668.8,1037.1,0.18,0.20,0.27,0,14.50
25999,994,1443.0,940.0,0.00,0.00,0.00,0,12.01
25999,995,1435.0,944.0,0.00,0.00,0.00,0,12.01
26000,994,1445.0,941.0,0.05,0.02,0.06,0,7.47
26000,995,1435.0,944.0,0.00,0.00,0.00,0,14.04
26001,994,1445.7,941.2,0.10,0.04,0.11,0,6.31
26003,994,1445.8,941.3,0.10,0.04,0.11,0,9.99
26004,994,1445.8,941.3,0.10,0.04,0.11,0,12.14
26005,994,1445.8,941.3,0.10,0.04,0.11,0,14.48
26038,996,1275.0,918.0,0.00,0.00,0.00,0,12.01
26039,996,1275.3,918.0,0.01,0.00,0.01,0,7.47
26040,996,1275.3,918.0,0.01,0.00,0.01,0,9.51
26042,996,1275.3,918.0,0.01,0.00,0.01,0,13.25
26043,996,1275.3,918.0,0.01,0.00,0.01,0,15.44
26092,997,1423.0,1201.0,0.00,0.00,0.00,0,12.01
26093,997,1423.0,1201.0,0.00,0.00,0.00,0,14.04
26094,997,1423.0,1201.0,0.00,0.00,0.00,0,16.09
26096,997,1423.0,1201.0,0.00,0.00,0.00,0,19.95
26156,998,1220.0,1175.0,0.00,0.00,0.00,0,12.01
26158,1000,1199.0,1160.0,0.00,0.00,0.00,0,12.01
26158,1001,1210.0,1168.0,0.00,0.00,0.00,0,12.01
26159,1000,1199.3,1160.3,0.01,0.01,0.01,0,7.47
26159,1001,1203.4,1163.7,-0.16,-0.11,0.19,0,7.47
26160,1000,1197.2,1159.2,-0.13,-0.06,0.15,0,6.31
26162,1000,1197.2,1159.2,-0.13,-0.06,0.15,0,9.95
26163,1000,1197.1,1159.2,-0.13,-0.06,0.15,0,12.12
26164,1000,1197.1,1159.2,-0.13,-0.06,0.15,0,14.48
26204,1002,640.0,659.0,0.00,0.00,0.00,0,12.01
26205,1002,639.7,659.3,-0.01,0.01,0.01,0,7.48
26206,1002,643.4,654.4,0.24,-0.32,0.40,0,6.31
26208,1002,643.4,654.3,0.24,-0.32,0.40,0,9.97
26209,1002,643.4,654.3,0.24,-0.32,0.40,0,12.10
26210,1002,643.4,654.3,0.24,-0.32,0.40,0,14.49
26248,1005,1099.0,729.0,0.00,0.00,0.00,0,12.01
26248,1006,1099.0,739.0,0.00,0.00,0.00,0,12.01
26249,1005,1099.0,729.3,0.00,0.01,0.01,0,7.47
26249,1006,1099.0,739.0,0.00,0.00,0.00,0,14.04
26250,1005,1100.0,727.4,0.07,-0.11,0.13,0,6.31
26252,1005,1100.0,727.4,0.07,-0.11,0.13,0,9.97
26253,1005,1100.0,727.4,0.07,-0.11,0.13,0,12.13
26254,1005,1100.1,727.4,0.07,-0.11,0.13,0,14.47
26335,1007,577.0,762.0,0.00,0.00,0.00,0,12.01
26336,1007,577.3,762.3,0.01,0.01,0.01,0,7.48
26336,1008,571.0,757.0,0.00,0.00,0.00,0,12.01
26337,1007,576.0,761.2,-0.08,-0.07,0.11,0,6.31
26339,1007,575.9,761.2,-0.08,-0.07,0.11,0,9.95
26340,1007,575.9,761.2,-0.08,-0.07,0.11,0,12.13
26341,1007,575.9,761.2,-0.08,-0.07,0.11,0,14.47
26372,1009,705.0,974.0,0.00,0.00,0.00,0,12.01
26372,1010,707.0,982.0,0.00,0.00,0.00,0,12.01
26375,1011,730.0,1002.0,0.00,0.00,0.00,0,12.00
26376,1011,730.0,1002.0,0.00,0.00,0.00,0,7.46
26377,1011,730.0,1002.0,0.00,0.00,0.00,0,9.49
26379,1011,730.0,1002.0,0.00,0.00,0.00,0,13.18
26380,1011,730.0,1002.0,0.00,0.00,0.00,0,15.34
26429,1012,695.0,1199.0,0.00,0.00,0.00,0,12.00
26430,1012,695.3,1199.3,0.01,0.01,0.01,0,7.47
26431,1012,695.3,1199.3,0.01,0.01,0.01,0,9.51
26433,1012,695.3,1199.3,0.01,0.01,0.01,0,13.23
26434,1012,695.3,1199.3,0.01,0.01,0.01,0,15.44
26521,1013,800.0,669.0,0.00,0.00,0.00,0,12.01
26522,1013,801.6,670.3,0.04,0.03,0.05,0,7.47
26523,1013,802.2,670.7,0.08,0.06,0.10,0,6.31
26525,1013,802.3,670.8,0.08,0.06,0.10,0,9.98
26526,1013,802.3,670.8,0.08,0.06,0.10,0,12.13
26527,1013,802.3,670.8,0.08,0.06,0.10,0,14.48
26595,1014,1352.0,1002.0,0.00,0.00,0.00,0,12.01
26596,1014,1352.3,1002.0,0.01,0.00,0.01,0,7.48
26596,1015,1345.0,999.0,0.00,0.00,0.00,0,12.01
26597,1014,1350.2,1001.2,-0.13,-0.05,0.14,0,6.30
26597,1015,1345.0,999.0,0.00,0.00,0.00,0,14.03
26599,1014,1350.1,1001.2,-0.13,-0.05,0.14,0,9.93
26599,1015,1345.0,999.0,0.00,0.00,0.00,0,17.49
26600,1014,1350.1,1001.2,-0.13,-0.05,0.14,0,12.12
26600,1015,1345.0,999.0,0.00,0.00,0.00,0,19.65
26601,1014,1350.1,1001.2,-0.13,-0.05,0.14,0,14.47
26699,1016,842.0,454.0,0.00,0.00,0.00,0,12.01
26700,1016,842.0,454.0,0.00,0.00,0.00,0,14.04
26701,1016,842.0,454.0,0.00,0.00,0.00,0,16.09
26703,1016,842.0,454.0,0.00,0.00,0.00,0,19.97
26745,1017,1178.0,1241.0,0.00,0.00,0.00,0,12.02
26746,1017,1178.0,1241.0,0.00,0.00,0.00,0,14.05
26747,1017,1178.0,1241.0,0.00,0.00,0.00,0,16.12
26749,1017,1178.0,1241.0,0.00,0.00,0.00,0,20.13
26810,1018,1416.0,663.0,0.00,0.00,0.00,0,12.01
26811,1018,1416.0,663.0,0.00,0.00,0.00,0,7.48
26812,1018,1415.5,660.9,-0.03,-0.14,0.14,0,6.31
26812,1019,1411.0,646.0,0.00,0.00,0.00,0,12.01
26814,1018,1415.5,660.9,-0.03,-0.14,0.14,0,9.97
26814,1019,1411.0,646.0,0.00,0.00,0.00,0,15.13
26815,1018,1415.5,660.9,-0.03,-0.14,0.14,0,12.13
26815,1019,1411.0,646.0,0.00,0.00,0.00,0,17.24
26816,1018,1415.5,660.9,-0.03,-0.14,0.14,0,14.47
26816,1019,1411.0,646.0,0.00,0.00,0.00,0,19.49
26847,1020,553.0,804.0,0.00,0.00,0.00,0,12.01
26848,1020,545.8,799.4,-0.18,-0.11,0.21,0,7.53
26848,1021,1163.0,1106.0,0.00,0.00,0.00,0,12.04
26848,1022,1169.0,1133.0,0.00,0.00,0.00,0,12.04
26849,1020,545.8,799.4,-0.18,-0.11,0.21,0,9.58
26849,1021,1162.7,1106.0,-0.02,0.00,0.02,0,7.49
26849,1022,1169.0,1133.0,0.00,0.00,0.00,0,14.08
26849,1023,1160.0,1094.0,0.00,0.00,0.00,0,12.01
26851,1020,545.7,799.4,-0.18,-0.11,0.21,0,13.54
26851,1021,1162.7,1106.0,-0.02,0.00,0.02,0,10.91
26851,1022,1169.0,1133.0,0.00,0.00,0.00,0,17.71
26851,1023,1160.0,1094.0,0.00,0.00,0.00,0,15.08
26852,1020,545.7,799.4,-0.18,-0.11,0.21,0,15.73
26852,1021,1162.7,1106.0,-0.02,0.00,0.02,0,13.06
26852,1022,1169.0,1133.0,0.00,0.00,0.00,0,19.87
26852,1023,1160.0,1094.0,0.00,0.00,0.00,0,17.20
26853,1021,1162.7,1106.0,-0.02,0.00,0.02,0,15.40
26853,1023,1160.0,1094.0,0.00,0.00,0.00,0,19.48
26887,1026,1397.0,1060.0,0.00,0.00,0.00,0,12.00
26887,1027,1405.0,1064.0,0.00,0.00,0.00,0,12.00
26887,1028,1056.0,1286.0,0.00,0.00,0.00,0,12.00
26888,1026,1399.3,1061.3,0.04,0.02,0.05,0,7.47
26888,1027,1406.6,1064.7,0.03,0.01,0.03,0,7.47
26888,1028,1055.7,1285.7,-0.01,-0.01,0.01,0,7.47
26888,1029,720.0,530.0,0.00,0.00,0.00,0,12.01
26889,1026,1403.3,1063.0,0.28,0.12,0.30,0,6.30
26889,1028,1055.7,1285.7,-0.01,-0.01,0.01,0,9.51
26891,1026,1403.4,1063.1,0.28,0.12,0.30,0,9.92
26891,1028,1055.7,1285.7,-0.01,-0.01,0.01,0,13.23
26892,1026,1403.4,1063.1,0.28,0.12,0.30,0,12.11
26892,1028,1055.7,1285.7,-0.01,-0.01,0.01,0,15.43
26893,1026,1403.4,1063.1,0.28,0.12,0.30,0,14.51
26924,1030,654.0,1263.0,0.00,0.00,0.00,0,12.01
26924,1031,654.0,1269.0,0.00,0.00,0.00,0,12.01
26926,1032,655.0,1249.0,0.00,0.00,0.00,0,12.01
26926,1033,655.0,1257.0,0.00,0.00,0.00,0,12.01
26927,1032,655.0,1249.0,0.00,0.00,0.00,0,7.47
26927,1033,654.0,1251.4,-0.02,-0.12,0.12,0,7.47
26928,1032,655.0,1249.0,0.00,0.00,0.00,0,9.52
26930,1032,655.0,1249.0,0.00,0.00,0.00,0,13.29
26931,1032,655.0,1249.0,0.00,0.00,0.00,0,15.46
26964,1034,1294.0,347.0,0.00,0.00,0.00,0,12.01
26965,1034,1294.0,347.0,0.00,0.00,0.00,0,14.04
26966,1034,1294.0,347.0,0.00,0.00,0.00,0,16.09
26968,1034,1294.0,347.0,0.00,0.00,0.00,0,19.98
27071,1035,1542.0,858.0,0.00,0.00,0.00,0,12.01
27072,1035,1542.0,858.0,0.00,0.00,0.00,0,14.03
27073,1035,1542.0,858.0,0.00,0.00,0.00,0,16.09
27075,1035,1542.0,858.0,0.00,0.00,0.00,0,19.98
27197,1036,853.0,893.0,0.00,0.00,0.00,0,12.01
27198,1036,851.0,890.1,-0.05,-0.07,0.09,0,7.47
27199,1036,850.3,889.0,-0.10,-0.14,0.17,0,6.31
27201,1036,850.2,889.0,-0.10,-0.14,0.17,0,9.97
27202,1036,850.2,889.0,-0.10,-0.14,0.17,0,12.13
27203,1036,850.2,889.0,-0.10,-0.14,0.17,0,14.47
27235,1037,1435.0,1023.0,0.00,0.00,0.00,0,12.01
27236,1037,1435.0,1023.7,0.00,0.02,0.02,0,7.47
27236,1038,1432.0,1010.0,0.00,0.00,0.00,0,12.01
27237,1037,1435.0,1023.7,0.00,0.02,0.02,0,9.51
27239,1037,1435.0,1023.7,0.00,0.02,0.02,0,13.27
27240,1037,1435.0,1023.7,0.00,0.02,0.02,0,15.44
27272,1039,1300.0,1042.0,0.00,0.00,0.00,0,12.01
27272,1040,1294.0,1046.0,0.00,0.00,0.00,0,12.01
27274,1041,1307.0,1036.0,0.00,0.00,0.00,0,12.01
27275,1041,1308.0,1034.4,0.02,-0.03,0.04,0,7.47
27276,1041,1309.3,1032.7,0.10,-0.14,0.17,0,6.31
27278,1041,1309.3,1032.7,0.10,-0.14,0.17,0,9.96
27279,1041,1309.3,1032.7,0.10,-0.14,0.17,0,12.12
27280,1041,1309.3,1032.7,0.10,-0.14,0.17,0,14.46
27311,1042,1219.0,772.0,0.00,0.00,0.00,0,12.01
27311,1043,752.0,1284.0,0.00,0.00,0.00,0,12.01
27311,1044,745.0,1289.0,0.00,0.00,0.00,0,12.01
27317,1045,1102.0,1018.0,0.00,0.00,0.00,0,12.01
27318,1045,1100.4,1016.7,-0.04,-0.03,0.05,0,7.47
27319,1045,1100.4,1016.7,-0.04,-0.03,0.05,0,9.52
27321,1045,1100.3,1016.7,-0.04,-0.03,0.05,0,13.30
27322,1045,1100.3,1016.7,-0.04,-0.03,0.05,0,15.47
27354,1046,833.0,932.0,0.00,0.00,0.00,0,12.01
27355,1046,833.0,932.0,0.00,0.00,0.00,0,14.10
27356,1046,830.9,931.6,-0.16,-0.03,0.16,0,7.89
27358,1046,830.8,931.6,-0.16,-0.03,0.16,0,11.58
27359,1046,830.8,931.6,-0.16,-0.03,0.16,0,13.75
27360,1046,830.8,931.6,-0.16,-0.03,0.16,0,16.11
27400,1047,580.0,829.0,0.00,0.00,0.00,0,12.01
27401,1047,580.0,829.3,0.00,0.01,0.01,0,7.48
27401,1048,573.0,820.0,0.00,0.00,0.00,0,12.01
27401,1049,536.0,1219.0,0.00,0.00,0.00,0,12.01
27402,1047,578.5,827.2,-0.10,-0.14,0.17,0,6.31
27404,1047,578.4,827.1,-0.10,-0.14,0.17,0,9.95
27405,1047,578.4,827.1,-0.10,-0.14,0.17,0,12.13
27406,1047,578.4,827.1,-0.10,-0.14,0.17,0,14.47
27474,1050,1059.0,1084.0,0.00,0.00,0.00,0,12.01
27475,1050,1055.4,1085.3,-0.09,0.03,0.09,0,7.47
27476,1050,1053.7,1085.7,-0.19,0.06,0.20,0,6.31
27476,1051,1040.0,1093.0,0.00,0.00,0.00,0,12.01
27478,1050,1053.7,1085.8,-0.19,0.06,0.20,0,9.96
27478,1051,1040.0,1093.0,0.00,0.00,0.00,0,15.12
27479,1050,1053.7,1085.8,-0.19,0.06,0.20,0,12.12
27479,1051,1040.0,1093.0,0.00,0.00,0.00,0,17.24
27480,1050,1053.7,1085.8,-0.19,0.06,0.20,0,14.52
27480,1051,1040.0,1093.0,0.00,0.00,0.00,0,19.53
27636,1052,1148.0,1066.0,0.00,0.00,0.00,0,12.01
27637,1052,1147.7,1065.7,-0.01,-0.01,0.01,0,7.47
27637,1053,1153.0,1074.0,0.00,0.00,0.00,0,12.01
27638,1052,1150.1,1070.1,0.15,0.28,0.31,0,6.31
27638,1053,1153.0,1074.0,0.00,0.00,0.00,0,14.04
27640,1052,1150.1,1070.2,0.15,0.28,0.31,0,9.95
27640,1053,1153.0,1074.0,0.00,0.00,0.00,0,17.50
27641,1052,1150.1,1070.2,0.15,0.28,0.31,0,12.13
27641,1053,1153.0,1074.0,0.00,0.00,0.00,0,19.66
27642,1052,1150.1,1070.2,0.15,0.28,0.31,0,14.47
27703,1054,1075.0,1313.0,0.00,0.00,0.00,0,12.01
27704,1054,1075.0,1313.7,0.00,0.02,0.02,0,7.48
27704,1055,1073.0,1306.0,0.00,0.00,0.00,0,12.01
27705,1054,1074.5,1311.9,-0.03,-0.10,0.10,0,6.31
27707,1054,1074.5,1311.9,-0.03,-0.10,0.10,0,9.97
27708,1054,1074.5,1311.9,-0.03,-0.10,0.10,0,12.14
27709,1054,1074.5,1311.9,-0.03,-0.10,0.10,0,14.48
27740,1056,1150.0,1054.0,0.00,0.00,0.00,0,12.01
27740,1057,931.0,1284.0,0.00,0.00,0.00,0,12.01
27742,1058,924.0,1290.0,0.00,0.00,0.00,0,12.01
27743,1058,921.1,1292.6,-0.06,0.06,0.09,0,7.47
27744,1058,921.0,1292.6,-0.06,0.06,0.09,0,9.51
27746,1058,921.0,1292.6,-0.06,0.06,0.09,0,13.27
27747,1058,921.0,1292.6,-0.06,0.06,0.09,0,15.45
27818,1059,703.0,1365.0,0.00,0.00,0.00,0,12.01
27819,1059,703.0,1365.0,0.00,0.00,0.00,0,14.04
27820,1059,701.9,1363.9,-0.05,-0.05,0.07,0,7.87
27822,1059,701.9,1363.9,-0.05,-0.05,0.07,0,11.52
27823,1059,701.9,1363.9,-0.05,-0.05,0.07,0,13.68
27824,1059,701.9,1363.9,-0.05,-0.05,0.07,0,16.09
27856,1062,1195.0,1124.0,0.00,0.00,0.00,0,12.01
27856,1063,1193.0,1136.0,0.00,0.00,0.00,0,12.01
27857,1062,1194.3,1126.9,-0.02,0.08,0.09,0,7.47
27857,1063,1193.0,1138.0,0.00,0.06,0.06,0,7.47
27858,1062,1194.3,1127.0,-0.02,0.08,0.09,0,9.51
27860,1062,1194.3,1127.0,-0.02,0.08,0.09,0,13.26
27861,1062,1194.3,1127.0,-0.02,0.08,0.09,0,15.44
27893,1064,694.0,1009.0,0.00,0.00,0.00,0,12.01
27894,1064,694.0,1009.0,0.00,0.00,0.00,0,14.08
27895,1064,694.0,1009.0,0.00,0.00,0.00,0,16.14
27897,1064,694.0,1009.0,0.00,0.00,0.00,0,20.11
27941,1065,928.0,1195.0,0.00,0.00,0.00,0,12.01
27942,1065,928.0,1195.0,0.00,0.00,0.00,0,14.04
27943,1065,928.0,1195.0,0.00,0.00,0.00,0,16.09
27945,1065,928.0,1195.0,0.00,0.00,0.00,0,19.94
28031,1066,916.0,1106.0,0.00,0.00,0.00,0,12.01
28031,1067,914.0,1117.0,0.00,0.00,0.00,0,12.01
28034,1068,921.0,1098.0,0.00,0.00,0.00,0,12.01
28035,1068,921.0,1098.0,0.00,0.00,0.00,0,14.04
28036,1068,921.0,1098.0,0.00,0.00,0.00,0,16.09
28038,1068,921.0,1098.0,0.00,0.00,0.00,0,19.94
28071,1069,1446.0,889.0,0.00,0.00,0.00,0,12.01
28072,1069,1446.7,889.3,0.02,0.01,0.02,0,7.48
28072,1070,1436.0,890.0,0.00,0.00,0.00,0,12.01
28073,1069,1444.2,889.5,-0.16,0.02,0.16,0,6.30
28073,1070,1432.4,891.6,-0.10,0.05,0.11,0,7.47
28075,1069,1444.1,889.5,-0.16,0.02,0.16,0,9.95
28075,1070,1432.4,891.7,-0.10,0.05,0.11,0,10.84
28076,1069,1444.1,889.5,-0.16,0.02,0.16,0,12.10
28076,1070,1432.4,891.7,-0.10,0.05,0.11,0,12.98
28077,1069,1444.1,889.5,-0.16,0.02,0.16,0,14.51
28077,1070,1432.4,891.7,-0.10,0.05,0.11,0,15.32
28121,1071,1288.0,821.0,0.00,0.00,0.00,0,12.01
28121,1072,914.0,1180.0,0.00,0.00,0.00,0,12.01
28123,1074,358.0,763.0,0.00,0.00,0.00,0,12.01
28123,1075,927.0,1175.0,0.00,0.00,0.00,0,12.01
28124,1074,356.7,764.6,-0.03,0.04,0.05,0,7.47
28124,1075,927.0,1175.0,0.00,0.00,0.00,0,14.04
28125,1074,356.3,765.2,-0.06,0.08,0.10,0,6.31
28125,1075,937.5,1173.2,0.49,-0.08,0.50,0,7.87
28127,1074,356.2,765.3,-0.06,0.08,0.10,0,10.00
28127,1075,937.7,1173.2,0.49,-0.08,0.50,0,11.55
28128,1074,356.2,765.3,-0.06,0.08,0.10,0,12.13
28128,1075,937.7,1173.2,0.49,-0.08,0.50,0,13.69
28129,1074,356.2,765.3,-0.06,0.08,0.10,0,14.53
28129,1075,937.7,1173.2,0.49,-0.08,0.50,0,16.08
28160,1077,568.0,1039.0,0.00,0.00,0.00,0,12.01
28160,1078,571.0,1048.0,0.00,0.00,0.00,0,12.01
28162,1079,561.0,1028.0,0.00,0.00,0.00,0,12.01
28162,1080,567.0,1035.0,0.00,0.00,0.00,0,12.01
28163,1079,561.7,1028.7,0.02,0.02,0.02,0,7.47
28163,1080,563.1,1031.4,-0.10,-0.09,0.13,0,7.47
28164,1079,560.5,1027.7,-0.06,-0.05,0.08,0,6.31
28166,1079,560.4,1027.7,-0.06,-0.05,0.08,0,9.96
28167,1079,560.4,1027.7,-0.06,-0.05,0.08,0,12.13
28168,1079,560.4,1027.7,-0.06,-0.05,0.08,0,14.46
28310,1081,1020.0,522.0,0.00,0.00,0.00,0,12.01
28312,1083,1019.0,510.0,0.00,0.00,0.00,0,12.01
28312,1084,1019.0,516.0,0.00,0.00,0.00,0,12.01
28313,1083,1019.0,510.0,0.00,0.00,0.00,0,14.04
28313,1084,1019.0,516.0,0.00,0.00,0.00,0,14.04
28314,1083,1019.7,509.3,0.03,-0.03,0.05,0,7.87
28316,1083,1019.7,509.3,0.03,-0.03,0.05,0,11.54
28317,1083,1019.7,509.3,0.03,-0.03,0.05,0,13.68
28318,1083,1019.7,509.3,0.03,-0.03,0.05,0,16.02
28349,1085,739.0,861.0,0.00,0.00,0.00,0,12.01
28350,1085,739.0,861.0,0.00,0.00,0.00,0,14.08
28351,1085,739.0,861.0,0.00,0.00,0.00,0,16.14
28353,1085,739.0,861.0,0.00,0.00,0.00,0,20.14
28420,1086,889.0,1144.0,0.00,0.00,0.00,0,12.01
28421,1086,889.3,1144.3,0.01,0.01,0.01,0,7.48
28421,1087,885.0,1136.0,0.00,0.00,0.00,0,12.01
28422,1086,888.2,1142.2,-0.06,-0.13,0.15,0,6.31
28424,1086,888.2,1142.1,-0.06,-0.13,0.15,0,9.96
28425,1086,888.2,1142.1,-0.06,-0.13,0.15,0,12.13
28426,1086,888.2,1142.1,-0.06,-0.13,0.15,0,14.48
28490,1088,1109.0,1128.0,0.00,0.00,0.00,0,12.01
28491,1088,1106.1,1130.0,-0.07,0.05,0.09,0,7.47
28492,1088,1104.8,1131.0,-0.15,0.11,0.19,0,6.31
28494,1088,1104.7,1131.0,-0.15,0.11,0.19,0,9.97
28495,1088,1104.7,1131.0,-0.15,0.11,0.19,0,12.13
28496,1088,1104.7,1131.0,-0.15,0.11,0.19,0,14.52
28620,1089,923.0,226.0,0.00,0.00,0.00,0,12.01
28621,1089,923.0,229.9,0.00,0.10,0.10,0,7.47
28622,1089,923.0,229.9,0.00,0.10,0.10,0,9.52
28624,1089,923.0,230.0,0.00,0.10,0.10,0,13.31
28625,1089,923.0,230.0,0.00,0.10,0.10,0,15.46
28660,1090,1097.0,1266.0,0.00,0.00,0.00,0,12.01
28661,1090,1097.3,1266.0,0.01,0.00,0.01,0,7.47
28662,1090,1097.3,1266.0,0.01,0.00,0.01,0,9.52
28664,1090,1097.3,1266.0,0.01,0.00,0.01,0,13.41
28665,1090,1097.3,1266.0,0.01,0.00,0.01,0,15.45
28760,1091,909.0,604.0,0.00,0.00,0.00,0,12.01
28761,1091,908.3,603.7,-0.02,-0.01,0.02,0,7.47
28762,1091,908.3,603.7,-0.02,-0.01,0.02,0,9.52
28764,1091,908.3,603.7,-0.02,-0.01,0.02,0,13.32
28765,1091,908.3,603.7,-0.02,-0.01,0.02,0,15.46
28801,1092,841.0,488.0,0.00,0.00,0.00,0,12.01
28802,1092,841.0,488.0,0.00,0.00,0.00,0,14.04
28803,1092,841.0,488.0,0.00,0.00,0.00,0,16.09
28805,1092,841.0,488.0,0.00,0.00,0.00,0,19.94
28859,1094,1410.0,443.0,0.00,0.00,0.00,0,12.01
28860,1094,1410.0,443.7,0.00,0.02,0.02,0,7.47
28861,1094,1410.3,441.9,0.02,-0.09,0.09,0,6.31
28863,1094,1410.3,441.9,0.02,-0.09,0.09,0,9.98
28864,1094,1410.3,441.9,0.02,-0.09,0.09,0,12.13
28865,1094,1410.3,441.9,0.02,-0.09,0.09,0,14.53
28908,1095,1436.0,1121.0,0.00,0.00,0.00,0,12.01
28909,1095,1436.0,1121.0,0.00,0.00,0.00,0,14.03
28910,1095,1436.0,1121.0,0.00,0.00,0.00,0,16.09
28912,1095,1436.0,1121.0,0.00,0.00,0.00,0,19.98
28945,1096,1455.0,706.0,0.00,0.00,0.00,0,12.01
28945,1097,1450.0,713.0,0.00,0.00,0.00,0,12.01
28946,1096,1455.0,706.0,0.00,0.00,0.00,0,14.04
28946,1097,1450.0,713.0,0.00,0.00,0.00,0,14.04
28946,1098,668.0,916.0,0.00,0.00,0.00,0,12.01
28947,1096,1453.6,709.2,-0.07,0.16,0.17,0,7.87
28949,1096,1453.6,709.2,-0.07,0.16,0.17,0,11.52
28950,1096,1453.6,709.2,-0.07,0.16,0.17,0,13.65
28951,1096,1453.6,709.2,-0.07,0.16,0.17,0,16.05
28982,1100,1084.0,1258.0,0.00,0.00,0.00,0,12.01
28982,1101,1087.0,1263.0,0.00,0.00,0.00,0,12.01
28984,1103,1046.0,871.0,0.00,0.00,0.00,0,12.01
28984,1104,1024.0,883.0,0.00,0.00,0.00,0,12.01
28984,1105,1080.0,1252.0,0.00,0.00,0.00,0,12.01
28985,1103,1045.3,871.3,-0.02,0.01,0.02,0,7.48
28985,1104,1024.0,883.0,0.00,0.00,0.00,0,14.04
28985,1105,1079.7,1251.3,-0.01,-0.02,0.02,0,7.48
28985,1106,1081.0,1244.0,0.00,0.00,0.00,0,12.01
28986,1103,1050.7,868.7,0.34,-0.17,0.38,0,6.31
28986,1105,1080.0,1249.5,0.02,-0.14,0.14,0,6.31
28986,1104,1024.0,883.0,0.00,0.00,0.00,0,16.09
28988,1103,1050.8,868.6,0.34,-0.17,0.38,0,10.00
28988,1105,1080.0,1249.4,0.02,-0.14,0.14,0,10.00
28988,1104,1024.0,883.0,0.00,0.00,0.00,0,19.99
28989,1103,1050.8,868.6,0.34,-0.17,0.38,0,12.12
28989,1105,1080.0,1249.4,0.02,-0.14,0.14,0,12.12
28990,1103,1050.8,868.6,0.34,-0.17,0.38,0,14.47
28990,1105,1080.0,1249.4,0.02,-0.14,0.14,0,14.47
29061,1107,349.0,813.0,0.00,0.00,0.00,0,12.01
29062,1107,349.0,812.7,0.00,-0.01,0.01,0,7.47
29063,1107,349.3,811.0,0.02,-0.12,0.12,0,6.31
29065,1107,349.3,810.9,0.02,-0.12,0.12,0,10.02
29066,1107,349.3,810.9,0.02,-0.12,0.12,0,12.13
29067,1107,349.3,810.9,0.02,-0.12,0.12,0,14.55
29110,1108,965.0,1155.0,0.00,0.00,0.00,0,12.01
29111,1108,965.3,1155.3,0.01,0.01,0.01,0,7.47
29111,1109,953.0,1148.0,0.00,0.00,0.00,0,12.01
29112,1108,962.2,1153.7,-0.20,-0.10,0.22,0,6.31
29114,1108,962.1,1153.7,-0.20,-0.10,0.22,0,9.95
29115,1108,962.1,1153.7,-0.20,-0.10,0.22,0,12.14
29116,1108,962.1,1153.7,-0.20,-0.10,0.22,0,14.54
29247,1110,1180.0,1231.0,0.00,0.00,0.00,0,12.01
29248,1110,1180.0,1231.0,0.00,0.00,0.00,0,14.04
29249,1110,1180.0,1231.0,0.00,0.00,0.00,0,16.09
29251,1110,1180.0,1231.0,0.00,0.00,0.00,0,19.99
29320,1111,1166.0,1207.0,0.00,0.00,0.00,0,12.01
29321,1111,1166.0,1207.0,0.00,0.00,0.00,0,14.04
29322,1111,1166.0,1207.0,0.00,0.00,0.00,0,16.09
29324,1111,1166.0,1207.0,0.00,0.00,0.00,0,19.97
29398,1112,517.0,582.0,0.00,0.00,0.00,0,12.01
29398,1113,510.0,587.0,0.00,0.00,0.00,0,12.01
29399,1112,518.0,580.4,0.02,-0.04,0.05,0,7.47
29399,1113,510.0,587.0,0.00,0.00,0.00,0,14.04
29400,1112,518.2,579.5,0.04,-0.09,0.10,0,6.31
29402,1112,518.3,579.5,0.04,-0.09,0.10,0,10.05
29403,1112,518.3,579.5,0.04,-0.09,0.10,0,12.12
29404,1112,518.3,579.5,0.04,-0.09,0.10,0,14.48
