frame,track,x,y,vx,vy,speed,state,cov
128,0,648.0,787.0,0.00,0.00,0.00,0,12.01
128,1,647.0,795.0,0.00,0.00,0.00,0,12.01
130,2,640.0,754.0,0.00,0.00,0.00,0,12.01
131,2,640.0,754.3,0.00,0.01,0.01,0,7.47
131,3,633.0,737.0,0.00,0.00,0.00,0,12.01
132,2,638.2,750.1,-0.12,-0.26,0.29,0,6.31
134,2,638.2,750.1,-0.12,-0.26,0.29,0,9.96
135,2,638.2,750.1,-0.12,-0.26,0.29,0,12.12
136,2,638.2,750.0,-0.12,-0.26,0.29,0,14.47
167,4,1263.0,534.0,0.00,0.00,0.00,0,12.01
169,6,1289.0,528.0,0.00,0.00,0.00,0,12.01
170,6,1289.0,528.0,0.00,0.00,0.00,0,14.03
171,6,1289.0,528.0,0.00,0.00,0.00,0,16.08
173,6,1289.0,528.0,0.00,0.00,0.00,0,19.99
206,7,1517.0,899.0,0.00,0.00,0.00,0,12.01
207,7,1516.3,899.3,-0.02,0.01,0.02,0,7.48
208,7,1516.3,899.3,-0.02,0.01,0.02,0,9.52
210,7,1516.3,899.3,-0.02,0.01,0.02,0,13.32
211,7,1516.3,899.3,-0.02,0.01,0.02,0,15.47
255,8,827.0,224.0,0.00,0.00,0.00,0,12.01
256,8,823.7,225.6,-0.08,0.04,0.09,0,7.48
257,8,822.5,226.2,-0.16,0.08,0.18,0,6.31
257,9,806.0,232.0,0.00,0.00,0.00,0,12.01
259,8,822.5,226.3,-0.16,0.08,0.18,0,10.00
259,9,806.0,232.0,0.00,0.00,0.00,0,15.15
260,8,822.5,226.3,-0.16,0.08,0.18,0,12.13
260,9,806.0,232.0,0.00,0.00,0.00,0,17.24
261,8,822.5,226.3,-0.16,0.08,0.18,0,14.47
261,9,806.0,232.0,0.00,0.00,0.00,0,19.49
305,10,1399.0,970.0,0.00,0.00,0.00,0,12.01
306,10,1399.0,970.0,0.00,0.00,0.00,0,14.04
307,10,1399.0,970.0,0.00,0.00,0.00,0,16.09
309,10,1399.0,970.0,0.00,0.00,0.00,0,19.98
462,11,734.0,1215.0,0.00,0.00,0.00,0,12.01
463,11,734.0,1215.0,0.00,0.00,0.00,0,7.47
463,12,751.0,1198.0,0.00,0.00,0.00,0,12.01
464,11,738.4,1210.6,0.28,-0.28,0.39,0,6.31
464,12,757.6,1193.7,0.17,-0.11,0.20,0,7.48
466,11,738.5,1210.5,0.28,-0.28,0.39,0,10.01
466,12,757.6,1193.7,0.17,-0.11,0.20,0,10.91
467,11,738.5,1210.5,0.28,-0.28,0.39,0,12.12
467,12,757.6,1193.7,0.17,-0.11,0.20,0,13.00
468,11,738.5,1210.5,0.28,-0.28,0.39,0,14.52
468,12,757.6,1193.7,0.17,-0.11,0.20,0,15.34
499,13,1351.0,334.0,0.00,0.00,0.00,0,12.01
500,13,1340.5,335.0,-0.26,0.02,0.26,0,7.48
501,13,1335.7,333.7,-0.59,-0.07,0.60,0,6.31
503,13,1335.6,333.7,-0.59,-0.07,0.60,0,10.02
504,13,1335.6,333.7,-0.59,-0.07,0.60,0,12.11
505,13,1335.6,333.7,-0.59,-0.07,0.60,0,14.52
545,15,1398.0,996.0,0.00,0.00,0.00,0,12.01
545,16,1388.0,1000.0,0.00,0.00,0.00,0,12.01
548,17,1274.0,1023.0,0.00,0.00,0.00,0,12.01
550,20,1205.0,1032.0,0.00,0.00,0.00,0,12.01
551,20,1205.0,1032.0,0.00,0.00,0.00,0,14.04
552,20,1205.0,1032.0,0.00,0.00,0.00,0,16.09
554,20,1205.0,1032.0,0.00,0.00,0.00,0,19.97
590,22,747.0,420.0,0.00,0.00,0.00,0,12.01
590,23,751.0,429.0,0.00,0.00,0.00,0,12.01
590,24,752.0,441.0,0.00,0.00,0.00,0,12.01
592,25,749.0,439.0,0.00,0.00,0.00,0,12.01
593,25,748.0,444.9,-0.02,0.14,0.14,0,7.47
594,25,748.0,444.9,-0.02,0.14,0.14,0,9.52
596,25,748.0,444.9,-0.02,0.14,0.14,0,13.33
597,25,748.0,444.9,-0.02,0.14,0.14,0,15.46
817,26,1502.0,751.0,0.00,0.00,0.00,0,12.01
817,27,1510.0,752.0,0.00,0.00,0.00,0,12.01
818,26,1502.0,751.0,0.00,0.00,0.00,0,14.04
818,27,1510.0,752.0,0.00,0.00,0.00,0,14.04
819,26,1502.0,751.0,0.00,0.00,0.00,0,16.09
821,26,1502.0,751.0,0.00,0.00,0.00,0,19.96
947,29,493.0,476.0,0.00,0.00,0.00,0,12.01
947,30,480.0,482.0,0.00,0.00,0.00,0,12.01
949,31,468.0,488.0,0.00,0.00,0.00,0,12.01
949,32,454.0,496.0,0.00,0.00,0.00,0,12.01
950,31,463.4,490.6,-0.11,0.06,0.13,0,7.47
950,32,454.0,496.0,0.00,0.00,0.00,0,14.04
951,31,463.4,490.6,-0.11,0.06,0.13,0,9.52
953,31,463.4,490.6,-0.11,0.06,0.13,0,13.30
954,31,463.4,490.6,-0.11,0.06,0.13,0,15.46
1142,33,1264.0,424.0,0.00,0.00,0.00,0,12.01
1144,35,1227.0,494.0,0.00,0.00,0.00,0,12.01
1145,35,1227.0,494.3,0.00,0.01,0.01,0,7.47
1146,35,1227.0,494.3,0.00,0.01,0.01,0,9.52
1148,35,1227.0,494.3,0.00,0.01,0.01,0,13.31
1149,35,1227.0,494.3,0.00,0.01,0.01,0,15.47
1243,38,1242.0,1267.0,0.00,0.00,0.00,0,12.01
1243,39,1252.0,1270.0,0.00,0.00,0.00,0,12.01
1243,40,1257.0,1270.0,0.00,0.00,0.00,0,12.01
1244,38,1242.0,1267.0,0.00,0.00,0.00,0,14.04
1244,39,1252.0,1270.0,0.00,0.00,0.00,0,14.04
1244,40,1257.0,1270.0,0.00,0.00,0.00,0,14.04
1244,41,1187.0,1253.0,0.00,0.00,0.00,0,12.01
1245,38,1242.0,1267.0,0.00,0.00,0.00,0,16.09
1247,38,1242.0,1267.0,0.00,0.00,0.00,0,19.96
1298,42,1229.0,431.0,0.00,0.00,0.00,0,12.01
1298,43,1223.0,444.0,0.00,0.00,0.00,0,12.01
1300,44,882.0,784.0,0.00,0.00,0.00,0,12.01
1300,45,884.0,792.0,0.00,0.00,0.00,0,12.01
1301,44,883.0,787.3,0.02,0.08,0.08,0,7.47
1301,45,884.0,792.0,0.00,0.00,0.00,0,14.03
1302,44,882.7,786.7,0.01,0.04,0.04,0,6.31
1304,44,882.7,786.7,0.01,0.04,0.04,0,9.97
1305,44,882.7,786.7,0.01,0.04,0.04,0,12.13
1306,44,882.7,786.7,0.01,0.04,0.04,0,14.48
1568,46,1546.0,576.0,0.00,0.00,0.00,0,12.01
1569,46,1546.0,576.0,0.00,0.00,0.00,0,14.04
1570,46,1546.0,576.0,0.00,0.00,0.00,0,16.09
1572,46,1546.0,576.0,0.00,0.00,0.00,0,19.97
1655,47,1234.0,442.0,0.00,0.00,0.00,0,12.01
1656,47,1234.0,442.0,0.00,0.00,0.00,0,14.04
1657,47,1234.0,442.0,0.00,0.00,0.00,0,16.09
1659,47,1234.0,442.0,0.00,0.00,0.00,0,19.93
1704,48,618.0,324.0,0.00,0.00,0.00,0,12.01
1705,48,618.0,324.0,0.00,0.00,0.00,0,14.04
1706,48,618.0,324.0,0.00,0.00,0.00,0,16.09
1708,48,618.0,324.0,0.00,0.00,0.00,0,20.00
1744,49,1260.0,676.0,0.00,0.00,0.00,0,12.01
1745,49,1260.0,676.0,0.00,0.00,0.00,0,14.04
1746,49,1260.0,676.0,0.00,0.00,0.00,0,16.10
1748,49,1260.0,676.0,0.00,0.00,0.00,0,20.05
1837,50,718.0,108.0,0.00,0.00,0.00,0,12.01
1838,50,719.3,108.0,0.03,0.00,0.03,0,7.47
1839,50,719.3,108.0,0.03,0.00,0.03,0,9.52
1841,50,719.3,108.0,0.03,0.00,0.03,0,13.31
1842,50,719.3,108.0,0.03,0.00,0.03,0,15.49
1900,51,1398.0,1001.0,0.00,0.00,0.00,0,12.01
1901,51,1398.0,1001.0,0.00,0.00,0.00,0,14.04
1902,51,1398.0,1001.0,0.00,0.00,0.00,0,16.09
1904,51,1398.0,1001.0,0.00,0.00,0.00,0,19.98
1946,52,862.0,1158.0,0.00,0.00,0.00,0,12.01
1948,54,865.0,1169.0,0.00,0.00,0.00,0,12.01
1948,55,868.0,1182.0,0.00,0.00,0.00,0,12.01
1949,54,866.0,1172.3,0.02,0.08,0.08,0,7.47
1949,55,868.7,1184.6,0.02,0.06,0.07,0,7.47
1950,54,867.0,1176.1,0.09,0.32,0.34,0,6.31
1952,54,867.0,1176.2,0.09,0.32,0.34,0,9.98
1953,54,867.0,1176.2,0.09,0.32,0.34,0,12.13
1954,54,867.0,1176.2,0.09,0.32,0.34,0,14.47
1995,56,926.0,1347.0,0.00,0.00,0.00,0,12.01
1996,56,926.0,1347.0,0.00,0.00,0.00,0,14.04
1997,56,926.0,1347.0,0.00,0.00,0.00,0,16.09
1999,56,926.0,1347.0,0.00,0.00,0.00,0,19.93
2077,57,1519.0,1060.0,0.00,0.00,0.00,0,12.01
2078,57,1518.0,1059.7,-0.02,-0.01,0.02,0,7.47
2079,57,1517.5,1059.0,-0.06,-0.05,0.08,0,6.31
2081,57,1517.5,1059.0,-0.06,-0.05,0.08,0,9.99
2082,57,1517.5,1059.0,-0.06,-0.05,0.08,0,12.13
2083,57,1517.5,1059.0,-0.06,-0.05,0.08,0,14.52
2114,58,503.0,697.0,0.00,0.00,0.00,0,12.01
2114,59,504.0,704.0,0.00,0.00,0.00,0,12.01
2114,60,1417.0,933.0,0.00,0.00,0.00,0,12.01
2116,62,1373.0,918.0,0.00,0.00,0.00,0,12.01
2117,62,1368.7,917.3,-0.10,-0.02,0.10,0,7.47
2118,62,1363.4,916.7,-0.44,-0.05,0.45,0,6.30
2120,62,1363.3,916.7,-0.44,-0.05,0.45,0,9.92
2121,62,1363.3,916.7,-0.44,-0.05,0.45,0,12.10
2122,62,1363.3,916.7,-0.44,-0.05,0.45,0,14.44
2153,63,1528.0,540.0,0.00,0.00,0.00,0,12.01
2154,63,1528.0,540.0,0.00,0.00,0.00,0,14.04
2155,63,1528.0,540.0,0.00,0.00,0.00,0,16.09
2157,63,1528.0,540.0,0.00,0.00,0.00,0,19.94
2320,64,1396.0,1047.0,0.00,0.00,0.00,0,12.01
2321,64,1399.9,1048.0,0.09,0.02,0.09,0,7.48
2321,65,1322.0,1010.0,0.00,0.00,0.00,0,12.01
2321,66,1334.0,1013.0,0.00,0.00,0.00,0,12.01
2321,67,1329.0,1022.0,0.00,0.00,0.00,0,12.01
2321,68,1328.0,1029.0,0.00,0.00,0.00,0,12.01
2322,64,1399.9,1048.0,0.09,0.02,0.09,0,9.52
2324,64,1400.0,1048.0,0.09,0.02,0.09,0,13.32
2325,64,1400.0,1048.0,0.09,0.02,0.09,0,15.47
2439,69,1269.0,575.0,0.00,0.00,0.00,0,12.01
2440,69,1268.7,575.0,-0.01,0.00,0.01,0,7.47
2440,70,1275.0,605.0,0.00,0.00,0.00,0,12.01
2441,69,1269.0,578.3,0.01,0.21,0.21,0,6.31
2441,70,1276.6,607.6,0.04,0.06,0.07,0,7.47
2443,69,1269.0,578.4,0.01,0.21,0.21,0,9.97
2443,70,1276.6,607.6,0.04,0.06,0.07,0,10.86
2444,69,1269.0,578.4,0.01,0.21,0.21,0,12.13
2444,70,1276.6,607.6,0.04,0.06,0.07,0,13.00
2445,69,1269.0,578.4,0.01,0.21,0.21,0,14.48
2445,70,1276.7,607.6,0.04,0.06,0.07,0,15.30
2476,71,865.0,577.0,0.00,0.00,0.00,0,12.01
2477,71,865.0,577.0,0.00,0.00,0.00,0,14.07
2478,71,865.0,577.0,0.00,0.00,0.00,0,16.12
2480,71,865.0,577.0,0.00,0.00,0.00,0,20.05
2527,73,1268.0,684.0,0.00,0.00,0.00,0,12.01
2528,73,1267.7,684.0,-0.01,0.00,0.01,0,7.47
2528,74,1236.0,667.0,0.00,0.00,0.00,0,12.01
2528,75,1255.0,676.0,0.00,0.00,0.00,0,12.01
2529,73,1261.3,680.7,-0.41,-0.21,0.46,0,6.31
2531,73,1261.2,680.6,-0.41,-0.21,0.46,0,9.96
2532,73,1261.2,680.6,-0.41,-0.21,0.46,0,12.13
2533,73,1261.2,680.6,-0.41,-0.21,0.46,0,14.47
2567,78,1250.0,620.0,0.00,0.00,0.00,0,12.01
2569,81,424.0,611.0,0.00,0.00,0.00,0,12.01
2569,82,452.0,616.0,0.00,0.00,0.00,0,12.01
2570,81,433.2,612.3,0.22,0.03,0.23,0,7.47
2570,82,458.2,617.0,0.15,0.02,0.15,0,7.47
2571,81,442.9,614.0,0.85,0.14,0.86,0,6.30
2571,82,467.2,618.8,0.73,0.14,0.74,0,6.30
2573,81,443.1,614.1,0.85,0.14,0.86,0,9.97
2573,82,467.4,618.8,0.73,0.14,0.74,0,9.97
2574,81,443.2,614.1,0.85,0.14,0.86,0,12.12
2574,82,467.4,618.8,0.73,0.14,0.74,0,12.12
2575,81,443.2,614.1,0.85,0.14,0.86,0,14.46
2575,82,467.4,618.8,0.73,0.14,0.74,0,14.46
2606,84,390.0,423.0,0.00,0.00,0.00,0,12.01
2606,85,1232.0,641.0,0.00,0.00,0.00,0,12.01
2609,86,392.0,419.0,0.00,0.00,0.00,0,12.01
2611,88,388.0,426.0,0.00,0.00,0.00,0,12.01
2611,89,381.0,433.0,0.00,0.00,0.00,0,12.01
2612,88,386.0,428.0,-0.05,0.05,0.07,0,7.47
2612,89,379.4,435.3,-0.04,0.06,0.07,0,7.47
2613,88,383.7,430.8,-0.19,0.23,0.30,0,6.31
2615,88,383.7,430.9,-0.19,0.23,0.30,0,9.98
2616,88,383.7,430.9,-0.19,0.23,0.30,0,12.13
2617,88,383.6,430.9,-0.19,0.23,0.30,0,14.48
2705,90,1133.0,233.0,0.00,0.00,0.00,0,12.01
2705,91,1136.0,246.0,0.00,0.00,0.00,0,12.01
2733,92,1020.0,1372.0,0.00,0.00,0.00,0,12.01
2734,92,1020.0,1372.0,0.00,0.00,0.00,0,14.04
2735,92,1020.0,1372.0,0.00,0.00,0.00,0,16.09
2737,92,1020.0,1372.0,0.00,0.00,0.00,0,20.02
2772,93,969.0,1088.0,0.00,0.00,0.00,0,12.01
2773,93,969.0,1088.0,0.00,0.00,0.00,0,14.02
2774,93,969.0,1088.0,0.00,0.00,0.00,0,16.04
2776,93,969.0,1088.0,0.00,0.00,0.00,0,19.62
2818,94,1043.0,930.0,0.00,0.00,0.00,0,12.01
2819,94,1041.0,932.6,-0.05,0.07,0.08,0,7.48
2820,94,1040.3,933.2,-0.10,0.11,0.15,0,6.31
2822,94,1040.2,933.3,-0.10,0.11,0.15,0,9.96
2823,94,1040.2,933.3,-0.10,0.11,0.15,0,12.12
2824,94,1040.2,933.3,-0.10,0.11,0.15,0,14.46
2905,96,1249.0,794.0,0.00,0.00,0.00,0,12.01
2906,96,1249.0,794.0,0.00,0.00,0.00,0,14.04
2907,96,1249.0,794.0,0.00,0.00,0.00,0,16.09
2909,96,1249.0,794.0,0.00,0.00,0.00,0,19.95
2954,97,1270.0,799.0,0.00,0.00,0.00,0,12.01
2955,97,1270.0,799.0,0.00,0.00,0.00,0,14.04
2956,97,1270.0,799.0,0.00,0.00,0.00,0,16.09
2958,97,1270.0,799.0,0.00,0.00,0.00,0,19.94
2994,98,1272.0,805.0,0.00,0.00,0.00,0,12.00
2995,98,1272.0,805.7,0.00,0.01,0.01,0,7.47
2996,98,1271.2,804.2,-0.04,-0.06,0.07,0,6.30
2998,98,1271.2,804.2,-0.04,-0.06,0.07,0,9.93
2999,98,1271.2,804.2,-0.04,-0.06,0.07,0,12.09
3000,98,1271.2,804.2,-0.04,-0.06,0.07,0,14.48
3083,99,1420.0,1064.0,0.00,0.00,0.00,0,12.01
3085,101,1401.0,1013.0,0.00,0.00,0.00,0,12.01
3085,102,1409.0,1036.0,0.00,0.00,0.00,0,12.01
3086,101,1401.0,1013.3,0.00,0.01,0.01,0,7.47
3086,102,1409.0,1036.0,0.00,0.00,0.00,0,14.04
3086,103,1393.0,993.0,0.00,0.00,0.00,0,12.01
3087,101,1398.9,1007.8,-0.13,-0.35,0.37,0,6.30
3087,102,1409.0,1036.0,0.00,0.00,0.00,0,16.08
3089,101,1398.9,1007.7,-0.13,-0.35,0.37,0,9.91
3089,102,1409.0,1036.0,0.00,0.00,0.00,0,19.90
3090,101,1398.9,1007.7,-0.13,-0.35,0.37,0,12.12
3091,101,1398.9,1007.7,-0.13,-0.35,0.37,0,14.52
3140,104,1264.0,642.0,0.00,0.00,0.00,0,12.01
3141,104,1264.0,642.0,0.00,0.00,0.00,0,14.04
3142,104,1264.0,642.0,0.00,0.00,0.00,0,16.09
3144,104,1264.0,642.0,0.00,0.00,0.00,0,19.95
3177,105,537.0,285.0,0.00,0.00,0.00,0,12.01
3178,105,536.0,285.0,-0.02,0.00,0.02,0,7.48
3179,105,533.7,285.0,-0.19,0.00,0.19,0,6.31
3181,105,533.6,285.0,-0.19,0.00,0.19,0,9.97
3182,105,533.6,285.0,-0.19,0.00,0.19,0,12.12
3183,105,533.6,285.0,-0.19,0.00,0.19,0,14.51
3252,106,1270.0,1189.0,0.00,0.00,0.00,0,12.01
3253,106,1261.5,1189.0,-0.21,0.00,0.21,0,7.48
3253,107,623.0,1016.0,0.00,0.00,0.00,0,12.01
3254,106,1257.5,1189.0,-0.47,0.00,0.47,0,6.31
3254,107,614.8,1020.3,-0.21,0.11,0.23,0,7.48
3256,106,1257.4,1189.0,-0.47,0.00,0.47,0,9.99
3256,107,614.8,1020.3,-0.21,0.11,0.23,0,10.88
3257,106,1257.4,1189.0,-0.47,0.00,0.47,0,12.13
3257,107,614.7,1020.3,-0.21,0.11,0.23,0,13.00
3258,106,1257.3,1189.0,-0.47,0.00,0.47,0,14.47
3258,107,614.7,1020.3,-0.21,0.11,0.23,0,15.29
3293,108,1243.0,382.0,0.00,0.00,0.00,0,12.01
3293,109,1255.0,384.0,0.00,0.00,0.00,0,12.01
3295,110,1176.0,381.0,0.00,0.00,0.00,0,12.01
3295,111,1188.0,382.0,0.00,0.00,0.00,0,12.01
3296,110,1164.2,380.3,-0.29,-0.02,0.30,0,7.47
3296,111,1188.0,382.0,0.00,0.00,0.00,0,14.04
3297,110,1157.5,380.0,-0.73,-0.04,0.73,0,6.31
3297,111,1188.0,382.0,0.00,0.00,0.00,0,16.09
3299,110,1157.3,380.0,-0.73,-0.04,0.73,0,10.00
3299,111,1188.0,382.0,0.00,0.00,0.00,0,20.00
3300,110,1157.2,380.0,-0.73,-0.04,0.73,0,12.13
3301,110,1157.2,380.0,-0.73,-0.04,0.73,0,14.48
3561,112,1401.0,848.0,0.00,0.00,0.00,0,12.01
3562,112,1401.0,848.0,0.00,0.00,0.00,0,14.04
3563,112,1401.0,848.0,0.00,0.00,0.00,0,16.09
3565,112,1401.0,848.0,0.00,0.00,0.00,0,19.97
3598,113,1245.0,851.0,0.00,0.00,0.00,0,12.01
3599,113,1246.6,853.0,0.04,0.05,0.06,0,7.49
3600,113,1249.1,855.0,0.25,0.23,0.34,0,6.31
3602,113,1249.1,855.1,0.25,0.23,0.34,0,9.93
3603,113,1249.1,855.1,0.25,0.23,0.34,0,12.05
3604,113,1249.1,855.1,0.25,0.23,0.34,0,14.44
3635,114,1010.0,790.0,0.00,0.00,0.00,0,12.01
3636,114,1008.0,789.3,-0.05,-0.02,0.05,0,7.48
3637,114,1004.4,788.7,-0.31,-0.06,0.31,0,6.31
3639,114,1004.3,788.7,-0.31,-0.06,0.31,0,9.95
3640,114,1004.3,788.7,-0.31,-0.06,0.31,0,12.11
3641,114,1004.3,788.7,-0.31,-0.06,0.31,0,14.50
3691,117,1102.0,1026.0,0.00,0.00,0.00,0,12.01
3691,118,1100.0,1043.0,0.00,0.00,0.00,0,12.01
3691,119,1098.0,1081.0,0.00,0.00,0.00,0,12.01
3691,120,1102.0,1098.0,0.00,0.00,0.00,0,12.01
3692,117,1101.3,1028.9,-0.02,0.07,0.07,0,7.47
3692,118,1100.0,1043.0,0.00,0.00,0.00,0,14.04
3692,119,1098.0,1081.0,0.00,0.00,0.00,0,14.04
3692,120,1102.0,1098.0,0.00,0.00,0.00,0,14.04
3692,121,1101.0,980.0,0.00,0.00,0.00,0,12.01
3692,122,1104.0,996.0,0.00,0.00,0.00,0,12.01
3693,117,1101.3,1029.0,-0.02,0.07,0.07,0,9.52
3693,119,1098.0,1081.0,0.00,0.00,0.00,0,16.09
3695,117,1101.3,1029.0,-0.02,0.07,0.07,0,13.28
3695,119,1098.0,1081.0,0.00,0.00,0.00,0,19.95
3696,117,1101.3,1029.0,-0.02,0.07,0.07,0,15.46
3736,124,388.0,968.0,0.00,0.00,0.00,0,12.01
3737,124,390.0,967.7,0.05,-0.01,0.05,0,7.47
3738,124,390.5,967.5,0.08,-0.02,0.08,0,6.31
3740,124,390.5,967.5,0.08,-0.02,0.08,0,9.98
3741,124,390.5,967.5,0.08,-0.02,0.08,0,12.13
3742,124,390.5,967.5,0.08,-0.02,0.08,0,14.47
3773,126,609.0,1171.0,0.00,0.00,0.00,0,12.01
3773,127,616.0,1182.0,0.00,0.00,0.00,0,12.01
3775,128,620.0,1193.0,0.00,0.00,0.00,0,12.01
3775,129,625.0,1206.0,0.00,0.00,0.00,0,12.01
3776,128,622.3,1198.6,0.05,0.13,0.14,0,7.47
3776,129,625.0,1206.0,0.00,0.00,0.00,0,14.03
3777,128,624.3,1202.8,0.18,0.39,0.43,0,6.31
3779,128,624.3,1202.9,0.18,0.39,0.43,0,9.96
3780,128,624.3,1202.9,0.18,0.39,0.43,0,12.12
3781,128,624.3,1202.9,0.18,0.39,0.43,0,14.46
3832,130,1536.0,713.0,0.00,0.00,0.00,0,12.01
3833,130,1536.3,712.7,0.01,-0.01,0.01,0,7.48
3833,131,1524.0,720.0,0.00,0.00,0.00,0,12.01
3834,130,1533.7,714.3,-0.17,0.10,0.20,0,6.31
3836,130,1533.6,714.3,-0.17,0.10,0.20,0,9.99
3837,130,1533.6,714.3,-0.17,0.10,0.20,0,12.13
3838,130,1533.6,714.3,-0.17,0.10,0.20,0,14.47
3869,132,962.0,509.0,0.00,0.00,0.00,0,12.01
3871,134,998.0,1258.0,0.00,0.00,0.00,0,12.01
3871,135,1022.0,1271.0,0.00,0.00,0.00,0,12.01
3872,134,998.0,1258.0,0.00,0.00,0.00,0,7.47
3872,135,1022.0,1271.0,0.00,0.00,0.00,0,14.03
3873,134,991.8,1256.2,-0.40,-0.12,0.42,0,6.31
3873,135,1022.0,1271.0,0.00,0.00,0.00,0,16.08
3875,134,991.7,1256.2,-0.40,-0.12,0.42,0,9.98
3875,135,1022.0,1271.0,0.00,0.00,0.00,0,19.95
3876,134,991.7,1256.2,-0.40,-0.12,0.42,0,12.12
3877,134,991.7,1256.2,-0.40,-0.12,0.42,0,14.47
3908,136,617.0,452.0,0.00,0.00,0.00,0,12.01
3910,138,603.0,442.0,0.00,0.00,0.00,0,12.01
3911,138,602.0,441.3,-0.02,-0.02,0.03,0,7.47
3911,139,588.0,434.0,0.00,0.00,0.00,0,12.01
3912,138,598.7,439.7,-0.24,-0.12,0.27,0,6.31
3914,138,598.6,439.7,-0.24,-0.12,0.27,0,9.97
3915,138,598.6,439.7,-0.24,-0.12,0.27,0,12.11
3916,138,598.6,439.7,-0.24,-0.12,0.27,0,14.46
3951,140,1405.0,946.0,0.00,0.00,0.00,0,12.01
3952,140,1405.0,946.0,0.00,0.00,0.00,0,14.03
3953,140,1405.0,946.0,0.00,0.00,0.00,0,16.08
3955,140,1405.0,946.0,0.00,0.00,0.00,0,19.96
3988,141,619.0,612.0,0.00,0.00,0.00,0,12.01
3988,142,608.0,613.0,0.00,0.00,0.00,0,12.01
3989,141,619.0,612.0,0.00,0.00,0.00,0,14.06
3989,142,608.0,613.0,0.00,0.00,0.00,0,14.06
3990,141,619.0,612.0,0.00,0.00,0.00,0,16.10
3992,141,619.0,612.0,0.00,0.00,0.00,0,20.02
4025,143,1226.0,703.0,0.00,0.00,0.00,0,12.01
4026,143,1227.0,702.3,0.02,-0.02,0.03,0,7.50
4027,143,1228.8,701.2,0.21,-0.13,0.24,0,6.32
4029,143,1228.9,701.2,0.21,-0.13,0.24,0,9.99
4030,143,1228.9,701.2,0.21,-0.13,0.24,0,12.02
4031,143,1228.9,701.2,0.21,-0.13,0.24,0,14.38
4067,144,750.0,917.0,0.00,0.00,0.00,0,12.01
4068,144,743.1,920.9,-0.16,0.09,0.18,0,7.48
4069,144,739.5,922.8,-0.40,0.21,0.45,0,6.31
4071,144,739.4,922.8,-0.40,0.21,0.45,0,9.98
4072,144,739.4,922.8,-0.40,0.21,0.45,0,12.13
4073,144,739.4,922.8,-0.40,0.21,0.45,0,14.47
4108,145,525.0,267.0,0.00,0.00,0.00,0,12.01
4109,145,525.0,268.3,0.00,0.03,0.03,0,7.47
4109,146,521.0,288.0,0.00,0.00,0.00,0,12.01
4110,145,525.0,268.3,0.00,0.03,0.03,0,9.52
4112,145,525.0,268.3,0.00,0.03,0.03,0,13.30
4113,145,525.0,268.3,0.00,0.03,0.03,0,15.45
4240,149,1252.0,1162.0,0.00,0.00,0.00,0,12.01
4240,150,1264.0,1161.0,0.00,0.00,0.00,0,12.01
4240,151,1289.0,1162.0,0.00,0.00,0.00,0,12.01
4241,149,1252.3,1162.0,0.01,0.00,0.01,0,7.48
4241,150,1265.3,1161.0,0.03,0.00,0.03,0,7.48
4241,151,1289.0,1162.0,0.00,0.00,0.00,0,14.04
4242,149,1252.3,1162.0,0.01,0.00,0.01,0,9.52
4242,151,1289.0,1162.0,0.00,0.00,0.00,0,16.09
4244,149,1252.3,1162.0,0.01,0.00,0.01,0,13.33
4244,151,1289.0,1162.0,0.00,0.00,0.00,0,19.99
4245,149,1252.3,1162.0,0.01,0.00,0.01,0,15.49
4300,152,1505.0,959.0,0.00,0.00,0.00,0,12.01
4301,152,1505.0,959.0,0.00,0.00,0.00,0,14.04
4302,152,1505.0,959.0,0.00,0.00,0.00,0,16.09
4304,152,1505.0,959.0,0.00,0.00,0.00,0,19.96
4339,154,423.0,917.0,0.00,0.00,0.00,0,12.01
4339,155,420.0,933.0,0.00,0.00,0.00,0,12.01
4340,154,423.0,917.0,0.00,0.00,0.00,0,14.02
4340,155,420.0,933.0,0.00,0.00,0.00,0,14.02
4341,154,423.7,908.6,0.02,-0.28,0.28,0,7.86
4341,155,420.0,933.0,0.00,0.00,0.00,0,16.06
4343,154,423.7,908.5,0.02,-0.28,0.28,0,11.51
4343,155,420.0,933.0,0.00,0.00,0.00,0,19.86
4344,154,423.7,908.5,0.02,-0.28,0.28,0,13.61
4345,154,423.7,908.5,0.02,-0.28,0.28,0,15.95
4452,156,973.0,597.0,0.00,0.00,0.00,0,12.01
4453,156,973.0,597.0,0.00,0.00,0.00,0,14.04
4453,157,920.0,622.0,0.00,0.00,0.00,0,12.01
4454,156,973.0,597.0,0.00,0.00,0.00,0,16.09
4454,157,921.0,621.7,0.03,-0.01,0.03,0,7.48
4454,158,899.0,645.0,0.00,0.00,0.00,0,12.01
4456,156,973.0,597.0,0.00,0.00,0.00,0,19.96
4456,157,921.0,621.7,0.03,-0.01,0.03,0,10.86
4456,158,899.0,645.0,0.00,0.00,0.00,0,15.12
4457,157,921.0,621.7,0.03,-0.01,0.03,0,13.00
4457,158,899.0,645.0,0.00,0.00,0.00,0,17.24
4458,157,921.0,621.7,0.03,-0.01,0.03,0,15.34
4458,158,899.0,645.0,0.00,0.00,0.00,0,19.53
4489,159,699.0,922.0,0.00,0.00,0.00,0,12.01
4489,160,705.0,930.0,0.00,0.00,0.00,0,12.01
4490,159,702.6,926.3,0.09,0.11,0.14,0,7.48
4490,160,705.0,930.0,0.00,0.00,0.00,0,14.04
4491,159,704.3,927.7,0.21,0.21,0.30,0,6.31
4493,159,704.3,927.8,0.21,0.21,0.30,0,9.96
4494,159,704.3,927.8,0.21,0.21,0.30,0,12.10
4495,159,704.3,927.8,0.21,0.21,0.30,0,14.50
4794,161,1553.0,738.0,0.00,0.00,0.00,0,12.01
4795,161,1546.8,738.3,-0.15,0.01,0.15,0,7.47
4796,161,1543.7,738.5,-0.35,0.02,0.35,0,6.31
4796,162,1510.0,738.0,0.00,0.00,0.00,0,12.01
4798,161,1543.6,738.5,-0.35,0.02,0.35,0,9.98
4798,162,1510.0,738.0,0.00,0.00,0.00,0,15.14
4799,161,1543.6,738.5,-0.35,0.02,0.35,0,12.13
4799,162,1510.0,738.0,0.00,0.00,0.00,0,17.25
4800,161,1543.6,738.5,-0.35,0.02,0.35,0,14.49
4800,162,1510.0,738.0,0.00,0.00,0.00,0,19.50
4846,163,1301.0,711.0,0.00,0.00,0.00,0,12.01
4847,163,1300.0,710.7,-0.02,-0.01,0.03,0,7.48
4847,164,1311.0,711.0,0.00,0.00,0.00,0,12.01
4848,163,1303.6,710.5,0.22,-0.02,0.22,0,6.31
4850,163,1303.7,710.5,0.22,-0.02,0.22,0,9.93
4851,163,1303.7,710.5,0.22,-0.02,0.22,0,12.12
4852,163,1303.7,710.5,0.22,-0.02,0.22,0,14.52
4885,165,661.0,753.0,0.00,0.00,0.00,0,12.01
4886,165,659.7,752.7,-0.03,-0.01,0.03,0,7.46
4887,165,657.7,752.2,-0.12,-0.03,0.12,0,6.30
4889,165,657.7,752.2,-0.12,-0.03,0.12,0,9.91
4890,165,657.7,752.2,-0.12,-0.03,0.12,0,12.05
4891,165,657.7,752.2,-0.12,-0.03,0.12,0,14.39
5107,166,1269.0,796.0,0.00,0.00,0.00,0,12.01
5108,166,1269.3,796.0,0.01,0.00,0.01,0,7.48
5108,167,1257.0,788.0,0.00,0.00,0.00,0,12.01
5109,166,1266.4,794.2,-0.18,-0.12,0.22,0,6.31
5111,166,1266.4,794.2,-0.18,-0.12,0.22,0,9.97
5112,166,1266.4,794.2,-0.18,-0.12,0.22,0,12.13
5113,166,1266.4,794.2,-0.18,-0.12,0.22,0,14.48
5170,178,455.0,459.0,0.00,0.00,0.00,0,12.01
5170,179,475.0,487.0,0.00,0.00,0.00,0,12.01
5170,180,595.0,875.0,0.00,0.00,0.00,0,12.01
5170,181,598.0,901.0,0.00,0.00,0.00,0,12.01
5170,182,606.0,908.0,0.00,0.00,0.00,0,12.01
5170,183,619.0,980.0,0.00,0.00,0.00,0,12.01
5170,184,641.0,1098.0,0.00,0.00,0.00,0,12.01
5170,185,648.0,1153.0,0.00,0.00,0.00,0,12.01
5170,186,640.0,1173.0,0.00,0.00,0.00,0,12.01
5170,187,647.0,1173.0,0.00,0.00,0.00,0,12.01
5170,188,610.0,1179.0,0.00,0.00,0.00,0,12.01
5170,189,617.0,1198.0,0.00,0.00,0.00,0,12.01
5170,190,643.0,1202.0,0.00,0.00,0.00,0,12.01
5170,191,626.0,1210.0,0.00,0.00,0.00,0,12.01
5170,192,642.0,1209.0,0.00,0.00,0.00,0,12.01
5170,193,649.0,1219.0,0.00,0.00,0.00,0,12.01
5171,178,455.0,459.0,0.00,0.00,0.00,0,14.04
5171,179,475.0,487.0,0.00,0.00,0.00,0,14.04
5171,180,595.0,875.0,0.00,0.00,0.00,0,14.04
5171,181,598.0,901.0,0.00,0.00,0.00,0,14.04
5171,182,606.0,908.0,0.00,0.00,0.00,0,14.04
5171,183,618.0,978.0,-0.03,-0.05,0.06,0,7.47
5171,184,641.0,1098.0,0.00,0.00,0.00,0,14.04
5171,185,648.0,1153.0,0.00,0.00,0.00,0,14.04
5171,186,640.0,1173.0,0.00,0.00,0.00,0,14.04
5171,187,647.0,1173.0,0.00,0.00,0.00,0,14.04
5171,188,610.0,1179.0,0.00,0.00,0.00,0,14.04
5171,189,617.0,1198.0,0.00,0.00,0.00,0,14.04
5171,190,643.0,1202.0,0.00,0.00,0.00,0,14.04
5171,191,626.0,1210.0,0.00,0.00,0.00,0,14.04
5171,192,642.0,1209.0,0.00,0.00,0.00,0,14.04
5171,193,649.0,1219.0,0.00,0.00,0.00,0,14.04
5171,194,452.0,335.0,0.00,0.00,0.00,0,12.01
5171,195,453.0,341.0,0.00,0.00,0.00,0,12.01
5171,196,467.0,343.0,0.00,0.00,0.00,0,12.01
5171,197,481.0,353.0,0.00,0.00,0.00,0,12.01
5172,183,618.0,978.0,-0.03,-0.05,0.06,0,9.52
5172,178,455.0,459.0,0.00,0.00,0.00,0,16.09
5172,179,475.0,487.0,0.00,0.00,0.00,0,16.09
5172,180,595.0,875.0,0.00,0.00,0.00,0,16.09
5172,181,598.0,901.0,0.00,0.00,0.00,0,16.09
5172,184,641.0,1098.0,0.00,0.00,0.00,0,16.09
5172,185,648.0,1153.0,0.00,0.00,0.00,0,16.09
5172,186,640.0,1173.0,0.00,0.00,0.00,0,16.09
5172,188,610.0,1179.0,0.00,0.00,0.00,0,16.09
5172,189,617.0,1198.0,0.00,0.00,0.00,0,16.09
5172,190,643.0,1202.0,0.00,0.00,0.00,0,16.09
5174,183,618.0,978.0,-0.03,-0.05,0.06,0,13.32
5174,178,455.0,459.0,0.00,0.00,0.00,0,19.99
5174,179,475.0,487.0,0.00,0.00,0.00,0,19.99
5174,180,595.0,875.0,0.00,0.00,0.00,0,19.99
5174,181,598.0,901.0,0.00,0.00,0.00,0,19.99
5174,184,641.0,1098.0,0.00,0.00,0.00,0,19.99
5174,185,648.0,1153.0,0.00,0.00,0.00,0,19.99
5174,186,640.0,1173.0,0.00,0.00,0.00,0,19.99
5174,188,610.0,1179.0,0.00,0.00,0.00,0,19.99
5174,189,617.0,1198.0,0.00,0.00,0.00,0,19.99
5174,190,643.0,1202.0,0.00,0.00,0.00,0,19.99
5175,183,618.0,978.0,-0.03,-0.05,0.06,0,15.47
5233,198,552.0,904.0,0.00,0.00,0.00,0,12.01
5234,198,552.0,904.0,0.00,0.00,0.00,0,14.04
5235,198,552.0,904.0,0.00,0.00,0.00,0,16.09
5237,198,552.0,904.0,0.00,0.00,0.00,0,19.94
5304,199,1192.0,256.0,0.00,0.00,0.00,0,12.01
5305,199,1192.0,256.0,0.00,0.00,0.00,0,14.04
5306,199,1192.0,256.0,0.00,0.00,0.00,0,16.09
5308,199,1192.0,256.0,0.00,0.00,0.00,0,19.97
5353,200,967.0,922.0,0.00,0.00,0.00,0,12.01
5353,201,997.0,951.0,0.00,0.00,0.00,0,12.01
5353,202,1106.0,986.0,0.00,0.00,0.00,0,12.01
5353,203,1106.0,1005.0,0.00,0.00,0.00,0,12.01
5353,204,1114.0,1015.0,0.00,0.00,0.00,0,12.01
5353,205,1104.0,1023.0,0.00,0.00,0.00,0,12.01
5353,206,1114.0,1023.0,0.00,0.00,0.00,0,12.01
5353,207,1129.0,1029.0,0.00,0.00,0.00,0,12.01
5353,208,1112.0,1049.0,0.00,0.00,0.00,0,12.01
5353,209,1126.0,1041.0,0.00,0.00,0.00,0,12.01
5353,210,1124.0,1060.0,0.00,0.00,0.00,0,12.01
5353,211,1115.0,1062.0,0.00,0.00,0.00,0,12.01
5353,212,1130.0,1067.0,0.00,0.00,0.00,0,12.01
5353,213,1109.0,1071.0,0.00,0.00,0.00,0,12.01
5353,214,1116.0,1075.0,0.00,0.00,0.00,0,12.01
5353,215,1126.0,1082.0,0.00,0.00,0.00,0,12.01
5353,216,1119.0,1088.0,0.00,0.00,0.00,0,12.01
5353,217,1118.0,1104.0,0.00,0.00,0.00,0,12.01
5353,218,1134.0,1106.0,0.00,0.00,0.00,0,12.01
5353,219,1133.0,1123.0,0.00,0.00,0.00,0,12.01
5354,200,967.7,918.7,0.02,-0.08,0.08,0,7.47
5354,201,990.4,946.1,-0.16,-0.12,0.20,0,7.47
5354,202,1106.0,986.0,0.00,0.00,0.00,0,14.03
5354,203,1106.0,1005.0,0.00,0.00,0.00,0,14.03
5354,204,1114.0,1015.0,0.00,0.00,0.00,0,14.03
5354,205,1104.0,1023.0,0.00,0.00,0.00,0,14.03
5354,206,1114.0,1023.0,0.00,0.00,0.00,0,14.03
5354,207,1129.0,1029.0,0.00,0.00,0.00,0,14.03
5354,208,1112.0,1049.0,0.00,0.00,0.00,0,14.03
5354,209,1126.0,1041.0,0.00,0.00,0.00,0,14.03
5354,210,1124.0,1060.0,0.00,0.00,0.00,0,14.03
5354,211,1115.0,1062.0,0.00,0.00,0.00,0,14.03
5354,212,1130.0,1067.0,0.00,0.00,0.00,0,14.03
5354,213,1109.0,1071.0,0.00,0.00,0.00,0,14.03
5354,214,1116.0,1075.0,0.00,0.00,0.00,0,14.03
5354,215,1126.0,1082.0,0.00,0.00,0.00,0,14.03
5354,216,1113.8,1098.8,-0.13,0.27,0.29,0,7.47
5354,217,1118.0,1104.0,0.00,0.00,0.00,0,14.03
5354,218,1134.0,1106.0,0.00,0.00,0.00,0,14.03
5354,219,1133.0,1123.0,0.00,0.00,0.00,0,14.03
5355,200,967.7,918.7,0.02,-0.08,0.08,0,9.52
5355,201,990.4,946.1,-0.16,-0.12,0.20,0,9.52
5355,216,1113.8,1098.8,-0.13,0.27,0.29,0,9.52
5355,202,1106.0,986.0,0.00,0.00,0.00,0,16.09
5355,204,1114.0,1015.0,0.00,0.00,0.00,0,16.09
5355,207,1129.0,1029.0,0.00,0.00,0.00,0,16.09
5355,208,1112.0,1049.0,0.00,0.00,0.00,0,16.09
5355,212,1130.0,1067.0,0.00,0.00,0.00,0,16.09
5355,213,1109.0,1071.0,0.00,0.00,0.00,0,16.09
5355,218,1134.0,1106.0,0.00,0.00,0.00,0,16.09
5357,200,967.7,918.7,0.02,-0.08,0.08,0,13.31
5357,201,990.4,946.0,-0.16,-0.12,0.20,0,13.31
5357,216,1113.7,1098.9,-0.13,0.27,0.29,0,13.31
5357,202,1106.0,986.0,0.00,0.00,0.00,0,19.97
5357,204,1114.0,1015.0,0.00,0.00,0.00,0,19.97
5357,207,1129.0,1029.0,0.00,0.00,0.00,0,19.97
5357,208,1112.0,1049.0,0.00,0.00,0.00,0,19.97
5357,212,1130.0,1067.0,0.00,0.00,0.00,0,19.97
5357,213,1109.0,1071.0,0.00,0.00,0.00,0,19.97
5357,218,1134.0,1106.0,0.00,0.00,0.00,0,19.97
5358,200,967.7,918.7,0.02,-0.08,0.08,0,15.46
5358,201,990.4,946.0,-0.16,-0.12,0.20,0,15.46
5358,216,1113.7,1098.9,-0.13,0.27,0.29,0,15.46
5766,220,1378.0,1022.0,0.00,0.00,0.00,0,12.01
5767,220,1378.0,1022.0,0.00,0.00,0.00,0,14.03
5768,220,1378.0,1022.0,0.00,0.00,0.00,0,16.09
5770,220,1378.0,1022.0,0.00,0.00,0.00,0,19.96
5845,221,619.0,373.0,0.00,0.00,0.00,0,12.01
5846,221,619.0,373.0,0.00,0.00,0.00,0,14.04
5847,221,619.0,373.0,0.00,0.00,0.00,0,16.09
5849,221,619.0,373.0,0.00,0.00,0.00,0,19.95
5947,222,1379.0,993.0,0.00,0.00,0.00,0,12.01
5947,223,1397.0,997.0,0.00,0.00,0.00,0,12.01
5948,222,1379.0,993.0,0.00,0.00,0.00,0,14.04
5948,223,1397.0,997.0,0.00,0.00,0.00,0,14.04
5949,222,1379.0,993.0,0.00,0.00,0.00,0,16.09
5951,222,1379.0,993.0,0.00,0.00,0.00,0,20.01
6173,224,608.0,338.0,0.00,0.00,0.00,0,12.01
6173,225,615.0,344.0,0.00,0.00,0.00,0,12.01
6175,226,639.0,391.0,0.00,0.00,0.00,0,12.01
6175,227,640.0,398.0,0.00,0.00,0.00,0,12.01
6176,226,639.0,391.0,0.00,0.00,0.00,0,14.04
6176,227,640.0,398.0,0.00,0.00,0.00,0,14.04
6177,226,639.0,391.0,0.00,0.00,0.00,0,16.09
6179,226,639.0,391.0,0.00,0.00,0.00,0,19.97
6212,228,1475.0,845.0,0.00,0.00,0.00,0,12.01
6212,229,1491.0,854.0,0.00,0.00,0.00,0,12.01
6214,230,1441.0,834.0,0.00,0.00,0.00,0,12.01
6214,231,1460.0,839.0,0.00,0.00,0.00,0,12.01
6215,230,1441.7,834.3,0.02,0.01,0.02,0,7.47
6215,231,1460.0,839.0,0.00,0.00,0.00,0,14.03
6215,232,1419.0,834.0,0.00,0.00,0.00,0,12.01
6216,230,1436.6,834.2,-0.30,0.00,0.30,0,6.30
6216,231,1460.0,839.0,0.00,0.00,0.00,0,16.08
6218,230,1436.5,834.2,-0.30,0.00,0.30,0,9.96
6218,231,1460.0,839.0,0.00,0.00,0.00,0,19.95
6219,230,1436.5,834.2,-0.30,0.00,0.30,0,12.11
6220,230,1436.5,834.2,-0.30,0.00,0.30,0,14.45
6251,233,903.0,646.0,0.00,0.00,0.00,0,12.01
6251,234,913.0,647.0,0.00,0.00,0.00,0,12.01
6254,235,769.0,620.0,0.00,0.00,0.00,0,12.00
6255,235,769.3,620.3,0.00,0.00,0.01,0,7.46
6256,235,762.3,619.0,-0.28,-0.05,0.29,0,6.30
6258,235,762.2,618.9,-0.28,-0.05,0.29,0,9.92
6259,235,762.2,618.9,-0.28,-0.05,0.29,0,12.06
6260,235,762.2,618.9,-0.28,-0.05,0.29,0,14.40
6344,236,941.0,535.0,0.00,0.00,0.00,0,12.01
6345,236,941.0,535.0,0.00,0.00,0.00,0,14.04
6346,236,941.0,535.0,0.00,0.00,0.00,0,16.09
6346,237,911.0,507.0,0.00,0.00,0.00,0,12.01
6348,236,941.0,535.0,0.00,0.00,0.00,0,19.93
6348,237,911.0,507.0,0.00,0.00,0.00,0,15.10
6349,237,911.0,507.0,0.00,0.00,0.00,0,17.24
6350,237,911.0,507.0,0.00,0.00,0.00,0,19.48
6542,238,1255.0,1110.0,0.00,0.00,0.00,0,12.01
6543,238,1255.0,1110.0,0.00,0.00,0.00,0,14.04
6544,238,1255.0,1110.0,0.00,0.00,0.00,0,16.08
6546,238,1255.0,1110.0,0.00,0.00,0.00,0,19.94
6590,239,798.0,1175.0,0.00,0.00,0.00,0,12.01
6592,241,796.0,1144.0,0.00,0.00,0.00,0,12.01
6592,242,795.0,1159.0,0.00,0.00,0.00,0,12.01
6593,241,796.0,1144.7,0.00,0.02,0.02,0,7.48
6593,242,796.3,1151.1,0.03,-0.19,0.19,0,7.48
6594,241,796.8,1141.7,0.05,-0.19,0.19,0,6.31
6596,241,796.8,1141.6,0.05,-0.19,0.19,0,9.94
6597,241,796.8,1141.6,0.05,-0.19,0.19,0,12.11
6598,241,796.8,1141.6,0.05,-0.19,0.19,0,14.51
6662,243,869.0,237.0,0.00,0.00,0.00,0,12.01
6663,243,869.0,237.0,0.00,0.00,0.00,0,14.04
6664,243,869.0,237.0,0.00,0.00,0.00,0,16.09
6666,243,869.0,237.0,0.00,0.00,0.00,0,19.98
6806,244,1226.0,387.0,0.00,0.00,0.00,0,12.01
6808,246,1272.0,373.0,0.00,0.00,0.00,0,12.01
6808,247,1250.0,381.0,0.00,0.00,0.00,0,12.01
6809,246,1271.3,373.3,-0.02,0.01,0.02,0,7.48
6809,247,1259.8,377.4,0.24,-0.09,0.26,0,7.48
6810,246,1271.3,373.3,-0.02,0.01,0.02,0,9.52
6812,246,1271.3,373.3,-0.02,0.01,0.02,0,13.28
6813,246,1271.3,373.3,-0.02,0.01,0.02,0,15.46
7209,248,1232.0,436.0,0.00,0.00,0.00,0,12.01
7210,248,1233.0,435.7,0.02,-0.01,0.03,0,7.48
7211,248,1233.0,435.7,0.02,-0.01,0.03,0,9.52
7213,248,1233.0,435.7,0.02,-0.01,0.03,0,13.30
7214,248,1233.0,435.7,0.02,-0.01,0.03,0,15.49
7288,249,646.0,1165.0,0.00,0.00,0.00,0,12.01
7289,249,646.0,1165.0,0.00,0.00,0.00,0,14.04
7290,249,646.0,1165.0,0.00,0.00,0.00,0,16.09
7292,249,646.0,1165.0,0.00,0.00,0.00,0,20.02
7432,250,1286.0,1234.0,0.00,0.00,0.00,0,12.01
7433,250,1286.0,1234.0,0.00,0.00,0.00,0,14.04
7434,250,1281.1,1238.6,-0.23,0.21,0.31,0,7.87
7436,250,1281.0,1238.6,-0.23,0.21,0.31,0,11.54
7437,250,1281.0,1238.6,-0.23,0.21,0.31,0,13.69
7438,250,1281.0,1238.6,-0.23,0.21,0.31,0,16.03
7553,251,1079.0,1002.0,0.00,0.00,0.00,0,12.01
7553,252,1069.0,1009.0,0.00,0.00,0.00,0,12.01
7555,253,1058.0,1016.0,0.00,0.00,0.00,0,12.01
7555,254,1036.0,1030.0,0.00,0.00,0.00,0,12.01
7556,253,1051.4,1019.9,-0.16,0.10,0.19,0,7.48
7556,254,1029.4,1032.3,-0.16,0.06,0.17,0,7.48
7557,253,1042.3,1024.3,-0.76,0.39,0.85,0,6.31
7557,254,1020.8,1035.0,-0.73,0.24,0.77,0,6.31
7559,253,1042.1,1024.4,-0.76,0.39,0.85,0,9.94
7559,254,1020.6,1035.1,-0.73,0.24,0.77,0,9.94
7560,253,1042.1,1024.4,-0.76,0.39,0.85,0,12.14
7560,254,1020.6,1035.1,-0.73,0.24,0.77,0,12.14
7561,253,1042.1,1024.4,-0.76,0.39,0.85,0,14.46
7561,254,1020.6,1035.1,-0.73,0.24,0.77,0,14.46
7784,255,1168.0,1227.0,0.00,0.00,0.00,0,12.01
7785,255,1168.0,1227.0,0.00,0.00,0.00,0,7.48
7786,255,1168.0,1227.0,0.00,0.00,0.00,0,9.52
7788,255,1168.0,1227.0,0.00,0.00,0.00,0,13.26
7789,255,1168.0,1227.0,0.00,0.00,0.00,0,15.46
7940,258,912.0,531.0,0.00,0.00,0.00,0,12.01
7941,258,912.7,533.3,0.02,0.06,0.06,0,7.48
7942,258,913.0,533.5,0.04,0.07,0.08,0,6.31
7944,258,913.0,533.5,0.04,0.07,0.08,0,9.98
7945,258,913.0,533.5,0.04,0.07,0.08,0,12.11
7946,258,913.0,533.5,0.04,0.07,0.08,0,14.46
8065,259,1273.0,1006.0,0.00,0.00,0.00,0,12.01
8065,260,1267.0,1008.0,0.00,0.00,0.00,0,12.01
8066,259,1274.0,1005.7,0.02,-0.01,0.02,0,7.48
8066,260,1267.3,1008.0,0.01,0.00,0.01,0,7.48
8066,261,1260.0,1010.0,0.00,0.00,0.00,0,12.01
8066,262,1237.0,1017.0,0.00,0.00,0.00,0,12.01
8067,260,1259.0,1010.6,-0.56,0.18,0.59,0,6.31
8069,260,1258.9,1010.6,-0.56,0.18,0.59,0,9.95
8070,260,1258.8,1010.6,-0.56,0.18,0.59,0,12.12
8071,260,1258.8,1010.6,-0.56,0.18,0.59,0,14.52
8204,263,390.0,516.0,0.00,0.00,0.00,0,12.01
8206,265,408.0,450.0,0.00,0.00,0.00,0,12.01
8206,266,413.0,457.0,0.00,0.00,0.00,0,12.01
8206,267,421.0,464.0,0.00,0.00,0.00,0,12.01
8206,268,398.0,500.0,0.00,0.00,0.00,0,12.01
8206,269,402.0,512.0,0.00,0.00,0.00,0,12.01
8207,265,408.0,458.2,0.00,0.20,0.20,0,7.48
8207,266,413.0,457.0,0.00,0.00,0.00,0,14.04
8207,267,421.0,464.0,0.00,0.00,0.00,0,14.04
8207,268,398.0,500.0,0.00,0.00,0.00,0,14.04
8207,269,402.0,512.0,0.00,0.00,0.00,0,14.04
8208,265,409.8,455.3,0.12,0.01,0.12,0,6.31
8208,268,398.0,500.0,0.00,0.00,0.00,0,16.09
8210,265,409.8,455.3,0.12,0.01,0.12,0,10.02
8210,268,398.0,500.0,0.00,0.00,0.00,0,20.01
8211,265,409.8,455.3,0.12,0.01,0.12,0,12.12
8212,265,409.8,455.3,0.12,0.01,0.12,0,14.47
8243,271,1386.0,566.0,0.00,0.00,0.00,0,12.01
8243,272,1313.0,590.0,0.00,0.00,0.00,0,12.01
8243,273,1391.0,588.0,0.00,0.00,0.00,0,12.01
8243,274,1372.0,579.0,0.00,0.00,0.00,0,12.01
8243,275,1375.0,597.0,0.00,0.00,0.00,0,12.01
8245,278,1443.0,578.0,0.00,0.00,0.00,0,12.01
8245,279,1446.0,584.0,0.00,0.00,0.00,0,12.01
8245,280,1455.0,592.0,0.00,0.00,0.00,0,12.01
8246,278,1443.0,578.0,0.00,0.00,0.00,0,14.04
8246,279,1446.0,584.0,0.00,0.00,0.00,0,14.04
8246,280,1455.0,592.0,0.00,0.00,0.00,0,14.04
8247,278,1443.0,578.0,0.00,0.00,0.00,0,16.29
8249,278,1443.0,578.0,0.00,0.00,0.00,0,20.74
8414,281,1297.0,913.0,0.00,0.00,0.00,0,12.01
8415,281,1295.4,913.0,-0.04,0.00,0.04,0,7.48
8416,281,1293.5,912.7,-0.17,-0.02,0.17,0,6.31
8416,282,1267.0,916.0,0.00,0.00,0.00,0,12.01
8418,281,1293.4,912.7,-0.17,-0.02,0.17,0,9.96
8418,282,1267.0,916.0,0.00,0.00,0.00,0,15.12
8419,281,1293.4,912.7,-0.17,-0.02,0.17,0,12.12
8419,282,1267.0,916.0,0.00,0.00,0.00,0,17.23
8420,281,1293.4,912.7,-0.17,-0.02,0.17,0,14.51
8420,282,1267.0,916.0,0.00,0.00,0.00,0,19.51
8475,283,782.0,1107.0,0.00,0.00,0.00,0,12.01
8476,283,783.0,1107.0,0.03,0.00,0.03,0,7.47
8476,284,768.0,1105.0,0.00,0.00,0.00,0,12.01
8477,283,779.6,1106.5,-0.19,-0.03,0.19,0,6.31
8477,284,763.7,1104.7,-0.10,-0.01,0.10,0,7.47
8479,283,779.6,1106.5,-0.19,-0.03,0.19,0,9.96
8479,284,763.7,1104.7,-0.10,-0.01,0.10,0,10.85
8480,283,779.6,1106.5,-0.19,-0.03,0.19,0,12.13
8480,284,763.7,1104.7,-0.10,-0.01,0.10,0,13.00
8481,283,779.6,1106.5,-0.19,-0.03,0.19,0,14.52
8481,284,763.7,1104.7,-0.10,-0.01,0.10,0,15.34
8512,285,1262.0,959.0,0.00,0.00,0.00,0,12.01
8512,286,1239.0,962.0,0.00,0.00,0.00,0,12.01
8513,285,1261.7,959.3,-0.01,0.01,0.01,0,7.48
8513,286,1239.0,962.0,0.00,0.00,0.00,0,14.04
8513,287,1279.0,957.0,0.00,0.00,0.00,0,12.01
8514,285,1265.9,958.7,0.28,-0.03,0.28,0,6.30
8514,286,1239.0,962.0,0.00,0.00,0.00,0,16.09
8516,285,1266.0,958.7,0.28,-0.03,0.28,0,9.99
8516,286,1239.0,962.0,0.00,0.00,0.00,0,19.99
8517,285,1266.0,958.7,0.28,-0.03,0.28,0,12.12
8518,285,1266.0,958.7,0.28,-0.03,0.28,0,14.53
8549,288,1365.0,1136.0,0.00,0.00,0.00,0,12.01
8549,289,1353.0,1139.0,0.00,0.00,0.00,0,12.01
8549,290,1320.0,1142.0,0.00,0.00,0.00,0,12.01
8551,293,1386.0,1137.0,0.00,0.00,0.00,0,12.01
8552,293,1386.0,1137.0,0.00,0.00,0.00,0,14.03
8553,293,1386.0,1137.0,0.00,0.00,0.00,0,16.08
8555,293,1386.0,1137.0,0.00,0.00,0.00,0,19.97
8671,294,1069.0,1033.0,0.00,0.00,0.00,0,12.01
8671,295,1044.0,1035.0,0.00,0.00,0.00,0,12.01
8672,294,1068.7,1033.0,-0.01,0.00,0.01,0,7.48
8672,295,1044.0,1035.0,0.00,0.00,0.00,0,14.04
8672,296,1084.0,1030.0,0.00,0.00,0.00,0,12.01
8673,294,1072.1,1032.2,0.22,-0.05,0.23,0,6.31
8673,295,1044.0,1035.0,0.00,0.00,0.00,0,16.09
8675,294,1072.2,1032.2,0.22,-0.05,0.23,0,9.94
8675,295,1044.0,1035.0,0.00,0.00,0.00,0,19.92
8676,294,1072.2,1032.2,0.22,-0.05,0.23,0,12.14
8677,294,1072.2,1032.2,0.22,-0.05,0.23,0,14.50
8791,297,1397.0,842.0,0.00,0.00,0.00,0,12.01
8791,298,1410.0,849.0,0.00,0.00,0.00,0,12.01
8792,297,1388.5,837.7,-0.20,-0.10,0.23,0,7.47
8792,298,1410.0,849.0,0.00,0.00,0.00,0,14.04
8792,299,1362.0,824.0,0.00,0.00,0.00,0,12.01
8793,297,1388.5,837.7,-0.20,-0.10,0.23,0,9.52
8793,298,1410.0,849.0,0.00,0.00,0.00,0,16.09
8795,297,1388.4,837.7,-0.20,-0.10,0.23,0,13.29
8795,298,1410.0,849.0,0.00,0.00,0.00,0,19.95
8796,297,1388.4,837.7,-0.20,-0.10,0.23,0,15.46
9017,301,1515.0,612.0,0.00,0.00,0.00,0,12.01
9018,301,1515.0,612.0,0.00,0.00,0.00,0,14.04
9019,301,1515.0,612.0,0.00,0.00,0.00,0,16.09
9021,301,1515.0,612.0,0.00,0.00,0.00,0,19.95
9135,302,908.0,236.0,0.00,0.00,0.00,0,12.01
9136,302,908.0,236.0,0.00,0.00,0.00,0,7.48
9136,303,907.0,253.0,0.00,0.00,0.00,0,12.01
9137,302,907.7,240.1,-0.02,0.27,0.27,0,6.31
9137,303,906.0,256.9,-0.02,0.10,0.10,0,7.48
9139,302,907.7,240.2,-0.02,0.27,0.27,0,9.97
9139,303,906.0,257.0,-0.02,0.10,0.10,0,10.86
9140,302,907.7,240.2,-0.02,0.27,0.27,0,12.13
9140,303,906.0,257.0,-0.02,0.10,0.10,0,13.01
9141,302,907.7,240.2,-0.02,0.27,0.27,0,14.47
9141,303,906.0,257.0,-0.02,0.10,0.10,0,15.30
9172,304,1023.0,1209.0,0.00,0.00,0.00,0,12.01
9172,305,1031.0,1216.0,0.00,0.00,0.00,0,12.01
9173,304,1023.3,1209.3,0.01,0.01,0.01,0,7.53
9173,305,1031.0,1216.0,0.00,0.00,0.00,0,14.10
9174,304,1015.2,1204.8,-1.00,-0.55,1.14,0,6.33
9176,304,1014.9,1204.7,-1.00,-0.55,1.14,0,10.08
9177,304,1014.9,1204.7,-1.00,-0.55,1.14,0,12.22
9178,304,1014.9,1204.7,-1.00,-0.55,1.14,0,14.58
9256,306,1238.0,191.0,0.00,0.00,0.00,0,12.01
9257,306,1237.7,197.2,-0.01,0.16,0.16,0,7.47
9258,306,1238.5,198.7,0.05,0.26,0.26,0,6.31
9260,306,1238.5,198.8,0.05,0.26,0.26,0,9.99
9261,306,1238.5,198.8,0.05,0.26,0.26,0,12.12
9262,306,1238.5,198.8,0.05,0.26,0.26,0,14.46
9369,308,1423.0,1037.0,0.00,0.00,0.00,0,12.01
9370,308,1423.7,1037.0,0.02,0.00,0.02,0,7.47
9370,309,1394.0,1023.0,0.00,0.00,0.00,0,12.01
9371,308,1416.5,1033.7,-0.45,-0.22,0.50,0,6.31
9371,309,1384.8,1020.4,-0.22,-0.06,0.23,0,7.48
9373,308,1416.4,1033.6,-0.45,-0.22,0.50,0,9.99
9373,309,1384.8,1020.4,-0.22,-0.06,0.23,0,10.89
9374,308,1416.4,1033.6,-0.45,-0.22,0.50,0,12.13
9374,309,1384.8,1020.4,-0.22,-0.06,0.23,0,13.00
9375,308,1416.4,1033.6,-0.45,-0.22,0.50,0,14.47
9375,309,1384.8,1020.4,-0.22,-0.06,0.23,0,15.30
9528,310,963.0,184.0,0.00,0.00,0.00,0,12.01
9529,310,963.7,186.3,0.02,0.06,0.06,0,7.48
9530,310,964.3,187.2,0.06,0.12,0.13,0,6.31
9530,311,955.0,191.0,0.00,0.00,0.00,0,12.01
9532,310,964.3,187.3,0.06,0.12,0.13,0,9.98
9532,311,955.0,191.0,0.00,0.00,0.00,0,15.13
9533,310,964.3,187.3,0.06,0.12,0.13,0,12.12
9533,311,955.0,191.0,0.00,0.00,0.00,0,17.24
9534,310,964.3,187.3,0.06,0.12,0.13,0,14.48
9534,311,955.0,191.0,0.00,0.00,0.00,0,19.49
9721,312,465.0,321.0,0.00,0.00,0.00,0,12.01
9722,312,465.0,321.0,0.00,0.00,0.00,0,14.04
9723,312,465.0,321.0,0.00,0.00,0.00,0,16.09
9725,312,465.0,321.0,0.00,0.00,0.00,0,19.97
9778,313,782.0,953.0,0.00,0.00,0.00,0,12.01
9779,313,776.8,954.6,-0.13,0.04,0.14,0,7.48
9780,313,775.5,955.2,-0.21,0.08,0.23,0,6.31
9782,313,775.5,955.3,-0.21,0.08,0.23,0,9.96
9783,313,775.5,955.3,-0.21,0.08,0.23,0,12.12
9784,313,775.5,955.3,-0.21,0.08,0.23,0,14.47
9873,316,1533.0,924.0,0.00,0.00,0.00,0,12.01
9874,316,1532.7,924.0,-0.01,0.00,0.01,0,7.47
9874,317,1514.0,921.0,0.00,0.00,0.00,0,12.01
9875,316,1527.9,923.0,-0.32,-0.07,0.32,0,6.31
9875,317,1507.1,920.3,-0.16,-0.02,0.17,0,7.48
9877,316,1527.8,923.0,-0.32,-0.07,0.32,0,9.98
9877,317,1507.1,920.3,-0.16,-0.02,0.17,0,10.88
9878,316,1527.8,923.0,-0.32,-0.07,0.32,0,12.13
9878,317,1507.1,920.3,-0.16,-0.02,0.17,0,13.00
9879,316,1527.8,922.9,-0.32,-0.07,0.32,0,14.47
9879,317,1507.1,920.3,-0.16,-0.02,0.17,0,15.30
9911,318,786.0,1086.0,0.00,0.00,0.00,0,12.04
9913,320,761.0,1094.0,0.00,0.00,0.00,0,12.01
9913,321,737.0,1103.0,0.00,0.00,0.00,0,12.01
9914,320,753.1,1096.6,-0.19,0.06,0.20,0,7.47
9914,321,737.0,1103.0,0.00,0.00,0.00,0,14.04
9915,320,753.1,1096.6,-0.19,0.06,0.20,0,9.52
9917,320,753.1,1096.6,-0.19,0.06,0.20,0,13.31
9918,320,753.1,1096.6,-0.19,0.06,0.20,0,15.46
9950,323,669.0,338.0,0.00,0.00,0.00,0,12.01
9950,324,672.0,351.0,0.00,0.00,0.00,0,12.01
9952,325,673.0,365.0,0.00,0.00,0.00,0,12.01
9953,325,673.0,365.0,0.00,0.00,0.00,0,14.02
9954,325,673.0,365.0,0.00,0.00,0.00,0,16.04
9956,325,673.0,365.0,0.00,0.00,0.00,0,19.67
10013,326,1376.0,1117.0,0.00,0.00,0.00,0,12.01
10014,326,1376.0,1117.0,0.00,0.00,0.00,0,14.04
10015,326,1376.0,1117.0,0.00,0.00,0.00,0,16.09
10015,327,1326.0,1127.0,0.00,0.00,0.00,0,12.01
10017,326,1376.0,1117.0,0.00,0.00,0.00,0,19.98
10017,327,1326.0,1127.0,0.00,0.00,0.00,0,15.14
10018,327,1326.0,1127.0,0.00,0.00,0.00,0,17.25
10019,327,1326.0,1127.0,0.00,0.00,0.00,0,19.48
10106,328,1412.0,922.0,0.00,0.00,0.00,0,12.01
10108,331,1388.0,922.0,0.00,0.00,0.00,0,12.01
10109,331,1388.0,922.0,0.00,0.00,0.00,0,14.03
10110,331,1388.0,922.0,0.00,0.00,0.00,0,16.09
10112,331,1388.0,922.0,0.00,0.00,0.00,0,19.96
10183,334,1359.0,1137.0,0.00,0.00,0.00,0,12.01
10183,335,1367.0,1141.0,0.00,0.00,0.00,0,12.01
10184,334,1360.0,1137.3,0.02,0.01,0.03,0,7.47
10184,335,1370.9,1144.6,0.10,0.09,0.13,0,7.47
10185,334,1364.6,1140.8,0.32,0.24,0.40,0,6.31
10187,334,1364.7,1140.9,0.32,0.24,0.40,0,9.97
10188,334,1364.7,1140.9,0.32,0.24,0.40,0,12.13
10189,334,1364.7,1140.9,0.32,0.24,0.40,0,14.47
10278,336,1442.0,1028.0,0.00,0.00,0.00,0,12.01
10279,336,1441.3,1028.0,-0.02,0.00,0.02,0,7.48
10279,337,1421.0,1030.0,0.00,0.00,0.00,0,12.01
10280,336,1436.4,1028.5,-0.35,0.03,0.35,0,6.31
10280,337,1415.4,1031.6,-0.14,0.04,0.15,0,7.47
10282,336,1436.3,1028.5,-0.35,0.03,0.35,0,9.95
10282,337,1415.4,1031.6,-0.14,0.04,0.15,0,10.84
10283,336,1436.3,1028.5,-0.35,0.03,0.35,0,12.13
10283,337,1415.4,1031.7,-0.14,0.04,0.15,0,13.00
10284,336,1436.3,1028.5,-0.35,0.03,0.35,0,14.52
10284,337,1415.4,1031.7,-0.14,0.04,0.15,0,15.34
10333,338,1236.0,598.0,0.00,0.00,0.00,0,12.01
10334,338,1237.6,598.7,0.04,0.02,0.05,0,7.48
10334,339,1229.0,594.0,0.00,0.00,0.00,0,12.01
10335,338,1237.6,598.7,0.04,0.02,0.05,0,9.52
10337,338,1237.7,598.7,0.04,0.02,0.05,0,13.34
10338,338,1237.7,598.7,0.04,0.02,0.05,0,15.46
10456,340,422.0,785.0,0.00,0.00,0.00,0,12.01
10456,341,432.0,782.0,0.00,0.00,0.00,0,12.01
10456,342,412.0,791.0,0.00,0.00,0.00,0,12.01
10457,340,419.1,785.7,-0.07,0.02,0.07,0,7.47
10457,341,441.8,776.4,0.24,-0.14,0.28,0,7.47
10457,342,412.0,791.0,0.00,0.00,0.00,0,14.03
10457,343,471.0,762.0,0.00,0.00,0.00,0,12.01
10458,340,427.0,781.9,0.42,-0.22,0.47,0,6.31
10460,340,427.1,781.8,0.42,-0.22,0.47,0,9.98
10461,340,427.1,781.8,0.42,-0.22,0.47,0,12.13
10462,340,427.1,781.8,0.42,-0.22,0.47,0,14.48
10526,347,1068.0,914.0,0.00,0.00,0.00,0,12.01
10528,349,1064.0,923.0,0.00,0.00,0.00,0,12.01
10528,350,1061.0,929.0,0.00,0.00,0.00,0,12.01
10528,351,1053.0,946.0,0.00,0.00,0.00,0,12.01
10529,349,1060.7,929.2,-0.08,0.15,0.17,0,7.48
10529,350,1055.8,939.5,-0.13,0.26,0.29,0,7.48
10529,351,1053.0,946.0,0.00,0.00,0.00,0,14.04
10530,349,1056.9,937.1,-0.33,0.68,0.75,0,6.31
10530,351,1047.7,957.6,-0.25,0.54,0.59,0,7.87
10532,349,1056.8,937.3,-0.33,0.68,0.75,0,9.95
10532,351,1047.7,957.7,-0.25,0.54,0.59,0,11.51
10533,349,1056.8,937.3,-0.33,0.68,0.75,0,12.13
10533,351,1047.7,957.7,-0.25,0.54,0.59,0,13.69
10534,349,1056.8,937.4,-0.33,0.68,0.75,0,14.47
10534,351,1047.7,957.8,-0.25,0.54,0.59,0,16.03
10599,352,739.0,879.0,0.00,0.00,0.00,0,12.01
10600,352,740.0,878.3,0.02,-0.02,0.03,0,7.47
10601,352,740.0,878.3,0.02,-0.02,0.03,0,9.52
10603,352,740.0,878.3,0.02,-0.02,0.03,0,13.29
10604,352,740.0,878.3,0.02,-0.02,0.03,0,15.46
10652,353,1263.0,206.0,0.00,0.00,0.00,0,12.01
10654,355,1240.0,217.0,0.00,0.00,0.00,0,12.01
10654,356,1222.0,221.0,0.00,0.00,0.00,0,12.01
10655,355,1234.8,218.3,-0.13,0.03,0.14,0,7.48
10655,356,1222.0,221.0,0.00,0.00,0.00,0,14.04
10656,355,1234.8,218.3,-0.13,0.03,0.14,0,9.52
10658,355,1234.7,218.3,-0.13,0.03,0.14,0,13.31
10659,355,1234.7,218.3,-0.13,0.03,0.14,0,15.47
10741,360,1259.0,780.0,0.00,0.00,0.00,0,12.01
10742,360,1259.0,780.0,0.00,0.00,0.00,0,14.04
10743,360,1259.0,780.0,0.00,0.00,0.00,0,16.09
10745,360,1259.0,780.0,0.00,0.00,0.00,0,19.97
10778,363,534.0,644.0,0.00,0.00,0.00,0,12.01
10785,365,1019.0,848.0,0.00,0.00,0.00,0,12.01
10786,365,1011.5,842.1,-0.19,-0.15,0.25,0,7.48
10787,365,1006.7,838.5,-0.51,-0.39,0.64,0,6.31
10787,366,971.0,810.0,0.00,0.00,0.00,0,12.01
10789,365,1006.6,838.4,-0.51,-0.39,0.64,0,10.01
10789,366,971.0,810.0,0.00,0.00,0.00,0,15.15
10790,365,1006.6,838.4,-0.51,-0.39,0.64,0,12.13
10790,366,971.0,810.0,0.00,0.00,0.00,0,17.25
10791,365,1006.5,838.3,-0.51,-0.39,0.64,0,14.55
10791,366,971.0,810.0,0.00,0.00,0.00,0,19.54
10977,367,1137.0,1226.0,0.00,0.00,0.00,0,12.01
10978,367,1137.0,1226.0,0.00,0.00,0.00,0,14.04
10979,367,1137.0,1226.0,0.00,0.00,0.00,0,16.08
10981,367,1137.0,1226.0,0.00,0.00,0.00,0,19.93
11028,368,475.0,658.0,0.00,0.00,0.00,0,12.01
11029,368,474.3,657.3,-0.02,-0.02,0.02,0,7.47
11030,368,474.3,657.3,-0.02,-0.02,0.02,0,9.52
11032,368,474.3,657.3,-0.02,-0.02,0.02,0,13.33
11033,368,474.3,657.3,-0.02,-0.02,0.02,0,15.46
11067,369,388.0,954.0,0.00,0.00,0.00,0,12.01
11068,369,387.7,954.0,-0.01,0.00,0.01,0,7.46
11068,370,390.0,943.0,0.00,0.00,0.00,0,12.00
11069,369,388.3,951.7,0.02,-0.09,0.10,0,6.29
11069,370,389.3,939.7,-0.01,-0.04,0.05,0,7.47
11071,369,388.3,951.7,0.02,-0.09,0.10,0,9.88
11071,370,389.3,939.7,-0.01,-0.04,0.05,0,10.81
11072,369,388.3,951.7,0.02,-0.09,0.10,0,12.05
11072,370,389.3,939.7,-0.01,-0.04,0.05,0,12.95
11073,369,388.3,951.7,0.02,-0.09,0.10,0,14.39
11073,370,389.3,939.7,-0.01,-0.04,0.05,0,15.25
11207,371,1257.0,288.0,0.00,0.00,0.00,0,12.01
11209,373,1220.0,272.0,0.00,0.00,0.00,0,12.01
11209,374,1236.0,280.0,0.00,0.00,0.00,0,12.01
11210,373,1220.3,272.0,0.01,0.00,0.01,0,7.48
11210,374,1236.0,280.0,0.00,0.00,0.00,0,14.04
11211,373,1213.8,268.4,-0.42,-0.24,0.48,0,6.31
11211,374,1236.0,280.0,0.00,0.00,0.00,0,16.09
11213,373,1213.7,268.3,-0.42,-0.24,0.48,0,10.00
11213,374,1236.0,280.0,0.00,0.00,0.00,0,20.00
11214,373,1213.7,268.3,-0.42,-0.24,0.48,0,12.12
11215,373,1213.7,268.3,-0.42,-0.24,0.48,0,14.47
11273,376,961.0,188.0,0.00,0.00,0.00,0,12.01
11273,377,959.0,200.0,0.00,0.00,0.00,0,12.01
11273,378,966.0,199.0,0.00,0.00,0.00,0,12.01
11273,379,977.0,199.0,0.00,0.00,0.00,0,12.01
11277,380,1168.0,248.0,0.00,0.00,0.00,0,12.01
11278,380,1167.0,247.3,-0.02,-0.02,0.03,0,7.48
11278,381,1221.0,265.0,0.00,0.00,0.00,0,12.01
11279,380,1167.0,247.3,-0.02,-0.02,0.03,0,9.52
11279,381,1221.0,265.0,0.00,0.00,0.00,0,14.04
11281,380,1167.0,247.3,-0.02,-0.02,0.03,0,13.31
11281,381,1221.0,265.0,0.00,0.00,0.00,0,17.52
11282,380,1167.0,247.3,-0.02,-0.02,0.03,0,15.46
11282,381,1221.0,265.0,0.00,0.00,0.00,0,19.66
11338,382,1053.0,747.0,0.00,0.00,0.00,0,12.01
11339,382,1053.3,747.0,0.01,0.00,0.01,0,7.47
11339,383,1026.0,740.0,0.00,0.00,0.00,0,12.01
11339,384,1060.0,749.0,0.00,0.00,0.00,0,12.01
11340,382,1053.3,747.0,0.01,0.00,0.01,0,9.52
11342,382,1053.3,747.0,0.01,0.00,0.01,0,13.33
11343,382,1053.3,747.0,0.01,0.00,0.01,0,15.47
11570,385,1503.0,671.0,0.00,0.00,0.00,0,12.01
11571,385,1503.0,671.0,0.00,0.00,0.00,0,14.04
11572,385,1503.0,671.0,0.00,0.00,0.00,0,16.08
11572,386,1438.0,673.0,0.00,0.00,0.00,0,12.01
11574,385,1503.0,671.0,0.00,0.00,0.00,0,19.92
11574,386,1438.0,673.0,0.00,0.00,0.00,0,15.11
11575,386,1438.0,673.0,0.00,0.00,0.00,0,17.24
11576,386,1438.0,673.0,0.00,0.00,0.00,0,19.53
11651,387,1536.0,684.0,0.00,0.00,0.00,0,12.01
11653,389,1508.0,703.0,0.00,0.00,0.00,0,12.01
11654,389,1508.0,703.0,0.00,0.00,0.00,0,14.04
11654,390,1440.0,746.0,0.00,0.00,0.00,0,12.01
11655,389,1508.0,703.0,0.00,0.00,0.00,0,16.09
11657,389,1508.0,703.0,0.00,0.00,0.00,0,19.95
11726,392,1386.0,1171.0,0.00,0.00,0.00,0,12.01
11726,393,1372.0,1176.0,0.00,0.00,0.00,0,12.01
11726,394,1384.0,1188.0,0.00,0.00,0.00,0,12.01
11726,395,1395.0,1181.0,0.00,0.00,0.00,0,12.01
11726,396,1372.0,1185.0,0.00,0.00,0.00,0,12.01
11726,397,1401.0,1195.0,0.00,0.00,0.00,0,12.01
11726,398,1396.0,1198.0,0.00,0.00,0.00,0,12.01
11728,400,1251.0,1079.0,0.00,0.00,0.00,0,12.01
11729,400,1242.5,1084.9,-0.21,0.15,0.26,0,7.47
11729,401,1124.0,1045.0,0.00,0.00,0.00,0,12.01
11729,402,1176.0,1061.0,0.00,0.00,0.00,0,12.01
11730,400,1242.5,1084.9,-0.21,0.15,0.26,0,9.52
11732,400,1242.4,1084.9,-0.21,0.15,0.26,0,13.29
11733,400,1242.4,1084.9,-0.21,0.15,0.26,0,15.46
11807,406,1248.0,436.0,0.00,0.00,0.00,0,12.01
11808,406,1248.0,436.0,0.00,0.00,0.00,0,14.03
11809,406,1248.0,436.0,0.00,0.00,0.00,0,16.09
11811,406,1248.0,436.0,0.00,0.00,0.00,0,19.95
11933,407,498.0,760.0,0.00,0.00,0.00,0,12.01
11933,408,500.0,769.0,0.00,0.00,0.00,0,12.01
11987,409,1407.0,871.0,0.00,0.00,0.00,0,12.01
11989,411,1378.0,883.0,0.00,0.00,0.00,0,12.01
11990,411,1375.7,886.3,-0.06,0.08,0.10,0,7.48
11991,411,1374.0,891.1,-0.17,0.40,0.43,0,6.30
11993,411,1373.9,891.2,-0.17,0.40,0.43,0,9.94
11994,411,1373.9,891.2,-0.17,0.40,0.43,0,12.13
11995,411,1373.9,891.2,-0.17,0.40,0.43,0,14.54
12026,412,761.0,1090.0,0.00,0.00,0.00,0,12.01
12026,413,778.0,1097.0,0.00,0.00,0.00,0,12.01
12028,414,732.0,1079.0,0.00,0.00,0.00,0,12.01
12028,415,748.0,1085.0,0.00,0.00,0.00,0,12.01
12029,414,732.3,1079.3,0.01,0.01,0.01,0,7.47
12029,415,737.2,1081.7,-0.25,-0.08,0.26,0,7.47
12030,414,728.1,1078.2,-0.25,-0.06,0.26,0,6.31
12032,414,728.1,1078.2,-0.25,-0.06,0.26,0,9.96
12033,414,728.1,1078.2,-0.25,-0.06,0.26,0,12.11
12034,414,728.0,1078.2,-0.25,-0.06,0.26,0,14.45
12111,416,402.0,405.0,0.00,0.00,0.00,0,12.01
12112,416,401.3,405.3,-0.02,0.01,0.02,0,7.47
12112,417,415.0,403.0,0.00,0.00,0.00,0,12.01
12113,416,404.6,404.7,0.20,-0.03,0.20,0,6.31
12113,417,418.6,402.0,0.09,-0.02,0.09,0,7.48
12115,416,404.7,404.7,0.20,-0.03,0.20,0,9.99
12115,417,418.6,402.0,0.09,-0.02,0.09,0,10.88
12116,416,404.7,404.7,0.20,-0.03,0.20,0,12.13
12116,417,418.6,402.0,0.09,-0.02,0.09,0,13.00
12117,416,404.7,404.7,0.20,-0.03,0.20,0,14.52
12117,417,418.6,402.0,0.09,-0.02,0.09,0,15.34
12160,428,614.0,345.0,0.00,0.00,0.00,0,12.01
12160,429,600.0,354.0,0.00,0.00,0.00,0,12.01
12160,430,627.0,350.0,0.00,0.00,0.00,0,12.01
12160,431,617.0,363.0,0.00,0.00,0.00,0,12.01
12160,432,649.0,356.0,0.00,0.00,0.00,0,12.01
12160,433,651.0,364.0,0.00,0.00,0.00,0,12.01
12160,434,626.0,375.0,0.00,0.00,0.00,0,12.01
12160,435,613.0,380.0,0.00,0.00,0.00,0,12.01
12161,428,614.0,345.0,0.00,0.00,0.00,0,14.03
12161,429,600.0,354.0,0.00,0.00,0.00,0,14.03
12161,430,627.0,350.0,0.00,0.00,0.00,0,14.03
12161,431,617.0,363.0,0.00,0.00,0.00,0,14.03
12161,432,649.0,356.0,0.00,0.00,0.00,0,14.03
12161,433,651.0,364.0,0.00,0.00,0.00,0,14.03
12161,434,626.0,375.0,0.00,0.00,0.00,0,14.03
12161,435,613.0,380.0,0.00,0.00,0.00,0,14.03
12162,428,614.0,345.0,0.00,0.00,0.00,0,16.08
12162,432,649.0,356.0,0.00,0.00,0.00,0,16.08
12162,434,626.0,375.0,0.00,0.00,0.00,0,16.08
12164,428,614.0,345.0,0.00,0.00,0.00,0,19.93
12164,432,649.0,356.0,0.00,0.00,0.00,0,19.93
12164,434,626.0,375.0,0.00,0.00,0.00,0,19.93
12210,436,1119.0,297.0,0.00,0.00,0.00,0,12.01
12211,436,1119.0,297.0,0.00,0.00,0.00,0,14.04
12212,436,1119.0,297.0,0.00,0.00,0.00,0,16.09
12214,436,1119.0,297.0,0.00,0.00,0.00,0,19.95
12250,437,1034.0,741.0,0.00,0.00,0.00,0,12.01
12251,437,1033.7,741.0,-0.01,0.00,0.01,0,7.48
12252,437,1033.7,741.0,-0.01,0.00,0.01,0,9.52
12254,437,1033.7,741.0,-0.01,0.00,0.01,0,13.34
12255,437,1033.7,741.0,-0.01,0.00,0.01,0,15.45
12335,438,1173.0,1227.0,0.00,0.00,0.00,0,12.01
12335,439,1163.0,1228.0,0.00,0.00,0.00,0,12.01
12340,440,1330.0,1190.0,0.00,0.00,0.00,0,12.01
12341,440,1330.0,1190.0,0.00,0.00,0.00,0,14.04
12342,440,1330.0,1190.0,0.00,0.00,0.00,0,16.09
12344,440,1330.0,1190.0,0.00,0.00,0.00,0,19.98
12387,443,978.0,269.0,0.00,0.00,0.00,0,12.01
12388,443,979.3,275.2,0.03,0.16,0.16,0,7.48
12388,444,989.0,315.0,0.00,0.00,0.00,0,12.01
12389,443,979.3,275.2,0.03,0.16,0.16,0,9.52
12389,444,990.6,320.2,0.04,0.13,0.14,0,7.48
12389,445,996.0,337.0,0.00,0.00,0.00,0,12.01
12391,443,979.3,275.3,0.03,0.16,0.16,0,13.31
12391,444,990.6,320.3,0.04,0.13,0.14,0,10.87
12391,445,996.0,337.0,0.00,0.00,0.00,0,15.14
12392,443,979.3,275.3,0.03,0.16,0.16,0,15.45
12392,444,990.7,320.3,0.04,0.13,0.14,0,12.99
12392,445,996.0,337.0,0.00,0.00,0.00,0,17.23
12393,444,990.7,320.3,0.04,0.13,0.14,0,15.33
12393,445,996.0,337.0,0.00,0.00,0.00,0,19.52
12490,446,1457.0,946.0,0.00,0.00,0.00,0,12.01
12491,446,1457.0,946.0,0.00,0.00,0.00,0,7.47
12491,447,1445.0,956.0,0.00,0.00,0.00,0,12.01
12492,446,1453.9,948.3,-0.20,0.15,0.25,0,6.30
12494,446,1453.9,948.4,-0.20,0.15,0.25,0,9.95
12495,446,1453.9,948.4,-0.20,0.15,0.25,0,12.13
12496,446,1453.8,948.4,-0.20,0.15,0.25,0,14.52
12527,448,1259.0,931.0,0.00,0.00,0.00,0,12.01
12527,449,1288.0,965.0,0.00,0.00,0.00,0,12.01
12527,450,1301.0,970.0,0.00,0.00,0.00,0,12.01
12527,451,1291.0,972.0,0.00,0.00,0.00,0,12.01
12529,455,1231.0,891.0,0.00,0.00,0.00,0,12.01
12530,455,1231.0,891.0,0.00,0.00,0.00,0,14.03
12530,456,1192.0,826.0,0.00,0.00,0.00,0,12.01
12530,457,1188.0,834.0,0.00,0.00,0.00,0,12.01
12531,455,1231.0,891.0,0.00,0.00,0.00,0,16.08
12533,455,1231.0,891.0,0.00,0.00,0.00,0,19.90
12602,458,1247.0,319.0,0.00,0.00,0.00,0,12.01
12603,458,1247.0,319.0,0.00,0.00,0.00,0,14.04
12604,458,1247.0,319.0,0.00,0.00,0.00,0,16.09
12606,458,1247.0,319.0,0.00,0.00,0.00,0,19.98
12651,459,1239.0,454.0,0.00,0.00,0.00,0,12.01
12652,459,1239.3,454.0,0.01,0.00,0.01,0,7.48
12652,460,1260.0,454.0,0.00,0.00,0.00,0,12.01
12653,459,1239.3,454.0,0.01,0.00,0.01,0,9.52
12653,460,1260.0,454.0,0.00,0.00,0.00,0,14.04
12653,461,506.0,855.0,0.00,0.00,0.00,0,12.01
12655,459,1239.3,454.0,0.01,0.00,0.01,0,13.29
12655,460,1260.0,454.0,0.00,0.00,0.00,0,17.51
12655,461,506.0,855.0,0.00,0.00,0.00,0,15.12
12656,459,1239.3,454.0,0.01,0.00,0.01,0,15.47
12656,460,1260.0,454.0,0.00,0.00,0.00,0,19.66
12656,461,506.0,855.0,0.00,0.00,0.00,0,17.24
12657,461,506.0,855.0,0.00,0.00,0.00,0,19.49
12688,462,546.0,416.0,0.00,0.00,0.00,0,12.01
12689,462,544.0,413.7,-0.05,-0.06,0.07,0,7.51
12690,462,541.7,410.4,-0.31,-0.43,0.53,0,6.32
12692,462,541.6,410.3,-0.31,-0.43,0.53,0,10.01
12693,462,541.6,410.3,-0.31,-0.43,0.53,0,12.28
12694,462,541.6,410.3,-0.31,-0.43,0.53,0,14.64
12773,463,1408.0,728.0,0.00,0.00,0.00,0,12.01
12775,465,1395.0,734.0,0.00,0.00,0.00,0,12.01
12776,465,1395.0,736.6,0.00,0.07,0.07,0,7.47
12777,465,1395.5,738.8,0.03,0.21,0.21,0,6.31
12779,465,1395.5,738.8,0.03,0.21,0.21,0,9.98
12780,465,1395.5,738.8,0.03,0.21,0.21,0,12.14
12781,465,1395.5,738.8,0.03,0.21,0.21,0,14.49
12857,467,443.0,276.0,0.00,0.00,0.00,0,12.01
12857,468,452.0,284.0,0.00,0.00,0.00,0,12.01
12857,469,445.0,299.0,0.00,0.00,0.00,0,12.01
12912,471,484.0,474.0,0.00,0.00,0.00,0,12.01
12913,471,483.7,474.0,-0.01,0.00,0.01,0,7.48
12913,472,480.0,457.0,0.00,0.00,0.00,0,12.01
12914,471,482.7,470.1,-0.07,-0.25,0.26,0,6.30
12914,472,477.7,451.8,-0.06,-0.13,0.14,0,7.47
12916,471,482.7,470.1,-0.07,-0.25,0.26,0,9.94
12916,472,477.7,451.7,-0.06,-0.13,0.14,0,10.84
12917,471,482.7,470.1,-0.07,-0.25,0.26,0,12.13
12917,472,477.7,451.7,-0.06,-0.13,0.14,0,13.00
12918,471,482.7,470.1,-0.07,-0.25,0.26,0,14.47
12918,472,477.7,451.7,-0.06,-0.13,0.14,0,15.29
13152,473,521.0,906.0,0.00,0.00,0.00,0,12.01
13153,473,520.3,909.6,-0.02,0.09,0.09,0,7.47
13154,473,519.7,912.0,-0.06,0.25,0.26,0,6.31
13154,474,519.0,953.0,0.00,0.00,0.00,0,12.01
13156,473,519.7,912.1,-0.06,0.25,0.26,0,9.98
13156,474,519.0,953.0,0.00,0.00,0.00,0,15.14
13157,473,519.7,912.1,-0.06,0.25,0.26,0,12.14
13157,474,519.0,953.0,0.00,0.00,0.00,0,17.25
13158,473,519.7,912.1,-0.06,0.25,0.26,0,14.47
13158,474,519.0,953.0,0.00,0.00,0.00,0,19.49
13189,475,1019.0,1054.0,0.00,0.00,0.00,0,12.01
13189,476,1006.0,1058.0,0.00,0.00,0.00,0,12.01
13190,475,1018.3,1054.3,-0.02,0.01,0.02,0,7.51
13190,476,1013.5,1053.4,0.19,-0.11,0.22,0,7.51
13191,475,1020.8,1051.9,0.26,-0.25,0.36,0,6.32
13193,475,1020.9,1051.8,0.26,-0.25,0.36,0,10.03
13194,475,1020.9,1051.8,0.26,-0.25,0.36,0,12.29
13195,475,1020.9,1051.8,0.26,-0.25,0.36,0,14.66
13236,477,1335.0,1169.0,0.00,0.00,0.00,0,12.01
13237,477,1335.3,1169.0,0.01,0.00,0.01,0,7.47
13237,478,1276.0,1167.0,0.00,0.00,0.00,0,12.01
13237,479,1288.0,1168.0,0.00,0.00,0.00,0,12.01
13237,480,1304.0,1168.0,0.00,0.00,0.00,0,12.01
13238,477,1328.0,1168.7,-0.46,-0.02,0.46,0,6.31
13238,478,1278.0,1167.3,0.05,0.01,0.05,0,7.47
13238,479,1277.8,1167.7,-0.24,-0.01,0.24,0,7.47
13238,480,1304.0,1168.0,0.00,0.00,0.00,0,14.04
13238,481,1243.0,1166.0,0.00,0.00,0.00,0,12.01
13240,477,1327.9,1168.7,-0.46,-0.02,0.46,0,9.97
13240,478,1278.0,1167.3,0.05,0.01,0.05,0,10.87
13240,479,1277.8,1167.7,-0.24,-0.01,0.24,0,10.87
13240,480,1304.0,1168.0,0.00,0.00,0.00,0,17.52
13240,481,1243.0,1166.0,0.00,0.00,0.00,0,15.14
13241,477,1327.9,1168.7,-0.46,-0.02,0.46,0,12.13
13241,478,1278.0,1167.3,0.05,0.01,0.05,0,13.00
13241,479,1277.8,1167.7,-0.24,-0.01,0.24,0,13.00
13241,480,1304.0,1168.0,0.00,0.00,0.00,0,19.65
13241,481,1243.0,1166.0,0.00,0.00,0.00,0,17.24
13242,477,1327.9,1168.7,-0.46,-0.02,0.46,0,14.53
13242,478,1278.0,1167.3,0.05,0.01,0.05,0,15.34
13242,479,1277.8,1167.7,-0.24,-0.01,0.24,0,15.34
13242,481,1243.0,1166.0,0.00,0.00,0.00,0,19.53
13477,482,609.0,1107.0,0.00,0.00,0.00,0,12.01
13478,482,609.0,1107.0,0.00,0.00,0.00,0,7.47
13478,483,642.0,1099.0,0.00,0.00,0.00,0,12.01
13478,484,632.0,1101.0,0.00,0.00,0.00,0,12.01
13479,482,615.4,1105.5,0.41,-0.10,0.43,0,6.31
13481,482,615.5,1105.4,0.41,-0.10,0.43,0,9.98
13482,482,615.6,1105.4,0.41,-0.10,0.43,0,12.14
13483,482,615.6,1105.4,0.41,-0.10,0.43,0,14.53
13522,485,1381.0,991.0,0.00,0.00,0.00,0,12.01
13523,485,1381.3,990.3,0.01,-0.01,0.01,0,7.47
13523,486,1379.0,999.0,0.00,0.00,0.00,0,12.01
13524,485,1381.0,992.1,-0.01,0.08,0.08,0,6.30
13526,485,1381.0,992.1,-0.01,0.08,0.08,0,9.95
13527,485,1381.0,992.1,-0.01,0.08,0.08,0,12.10
13528,485,1381.0,992.1,-0.01,0.08,0.08,0,14.44
13565,487,634.0,725.0,0.00,0.00,0.00,0,12.01
13566,487,634.0,725.0,0.00,0.00,0.00,0,14.04
13567,487,622.1,721.8,-0.55,-0.14,0.57,0,7.87
13569,487,621.9,721.8,-0.55,-0.14,0.57,0,11.53
13570,487,621.9,721.8,-0.55,-0.14,0.57,0,13.68
13571,487,621.9,721.8,-0.55,-0.14,0.57,0,16.03
13608,488,501.0,761.0,0.00,0.00,0.00,0,12.01
13609,488,499.7,759.0,-0.03,-0.05,0.06,0,7.48
13610,488,498.5,758.3,-0.11,-0.10,0.15,0,6.31
13612,488,498.5,758.2,-0.11,-0.10,0.15,0,9.94
13613,488,498.4,758.2,-0.11,-0.10,0.15,0,12.13
13614,488,498.4,758.2,-0.11,-0.10,0.15,0,14.47
13871,489,537.0,647.0,0.00,0.00,0.00,0,12.01
13873,491,550.0,650.0,0.00,0.00,0.00,0,12.01
13874,491,550.0,650.0,0.00,0.00,0.00,0,14.04
13874,492,590.0,660.0,0.00,0.00,0.00,0,12.01
13875,491,550.0,650.0,0.00,0.00,0.00,0,16.09
13877,491,550.0,650.0,0.00,0.00,0.00,0,19.96
13910,494,616.0,645.0,0.00,0.00,0.00,0,12.01
13911,494,606.8,640.1,-0.23,-0.12,0.26,0,7.48
13912,494,606.8,640.1,-0.23,-0.12,0.26,0,9.52
13914,494,606.8,640.0,-0.23,-0.12,0.26,0,13.31
13915,494,606.8,640.0,-0.23,-0.12,0.26,0,15.46
13970,495,1255.0,717.0,0.00,0.00,0.00,0,12.01
13970,496,1233.0,723.0,0.00,0.00,0.00,0,12.01
13972,497,1220.0,726.0,0.00,0.00,0.00,0,12.01
13972,498,1212.0,729.0,0.00,0.00,0.00,0,12.01
13972,499,1203.0,737.0,0.00,0.00,0.00,0,12.01
13973,497,1214.8,728.9,-0.13,0.07,0.15,0,7.48
13973,498,1207.7,734.9,-0.10,0.14,0.18,0,7.48
13973,499,1203.0,737.0,0.00,0.00,0.00,0,14.04
13974,497,1211.2,734.6,-0.37,0.46,0.59,0,6.31
13976,497,1211.1,734.7,-0.37,0.46,0.59,0,9.94
13977,497,1211.1,734.8,-0.37,0.46,0.59,0,12.14
13978,497,1211.1,734.8,-0.37,0.46,0.59,0,14.54
14083,502,621.0,1165.0,0.00,0.00,0.00,0,12.01
14083,503,608.0,1178.0,0.00,0.00,0.00,0,12.01
14084,502,616.1,1170.6,-0.13,0.14,0.19,0,7.48
14084,503,608.0,1178.0,0.00,0.00,0.00,0,14.04
14085,502,612.7,1175.3,-0.35,0.46,0.58,0,6.31
14087,502,612.6,1175.4,-0.35,0.46,0.58,0,10.00
14088,502,612.6,1175.4,-0.35,0.46,0.58,0,12.13
14089,502,612.6,1175.5,-0.35,0.46,0.58,0,14.48
14121,504,982.0,290.0,0.00,0.00,0.00,0,12.04
14122,504,982.0,290.0,0.00,0.00,0.00,0,14.08
14123,504,982.0,290.0,0.00,0.00,0.00,0,16.11
14125,504,982.0,290.0,0.00,0.00,0.00,0,19.96
14184,505,1113.0,1235.0,0.00,0.00,0.00,0,12.01
14185,505,1113.0,1235.0,0.00,0.00,0.00,0,14.04
14186,505,1113.0,1235.0,0.00,0.00,0.00,0,16.09
14188,505,1113.0,1235.0,0.00,0.00,0.00,0,19.97
14223,506,489.0,370.0,0.00,0.00,0.00,0,12.01
14224,506,489.3,369.7,0.01,-0.01,0.01,0,7.47
14224,507,470.0,372.0,0.00,0.00,0.00,0,12.01
14225,506,484.9,370.5,-0.27,0.05,0.28,0,6.30
14225,507,464.8,371.7,-0.13,-0.01,0.13,0,7.47
14227,506,484.8,370.5,-0.27,0.05,0.28,0,10.02
14227,507,464.7,371.7,-0.13,-0.01,0.13,0,10.91
14228,506,484.8,370.5,-0.27,0.05,0.28,0,12.12
14228,507,464.7,371.7,-0.13,-0.01,0.13,0,13.00
14229,506,484.8,370.5,-0.27,0.05,0.28,0,14.49
14229,507,464.7,371.7,-0.13,-0.01,0.13,0,15.32
14272,508,783.0,970.0,0.00,0.00,0.00,0,12.01
14273,508,782.0,969.0,-0.02,-0.02,0.03,0,7.47
14274,508,780.7,967.7,-0.11,-0.11,0.15,0,6.31
14276,508,780.7,967.7,-0.11,-0.11,0.15,0,9.97
14277,508,780.7,967.7,-0.11,-0.11,0.15,0,12.13
14278,508,780.7,967.7,-0.11,-0.11,0.15,0,14.53
14370,509,671.0,330.0,0.00,0.00,0.00,0,12.01
14371,509,671.0,330.3,0.00,0.01,0.01,0,7.47
14371,510,664.0,344.0,0.00,0.00,0.00,0,12.01
14372,509,669.2,333.6,-0.12,0.22,0.25,0,6.31
14372,510,658.8,347.6,-0.13,0.09,0.15,0,7.47
14374,509,669.2,333.6,-0.12,0.22,0.25,0,9.99
14374,510,658.7,347.6,-0.13,0.09,0.15,0,10.88
14375,509,669.2,333.7,-0.12,0.22,0.25,0,12.12
14375,510,658.7,347.6,-0.13,0.09,0.15,0,13.00
14376,509,669.2,333.7,-0.12,0.22,0.25,0,14.47
14376,510,658.7,347.6,-0.13,0.09,0.15,0,15.29
14464,513,1273.0,475.0,0.00,0.00,0.00,0,12.01
14464,514,1287.0,483.0,0.00,0.00,0.00,0,12.01
14464,515,1307.0,492.0,0.00,0.00,0.00,0,12.01
14465,513,1273.0,475.3,0.00,0.01,0.01,0,7.48
14465,514,1287.0,483.0,0.00,0.00,0.00,0,14.04
14465,515,1307.0,492.0,0.00,0.00,0.00,0,14.04
14465,516,1243.0,463.0,0.00,0.00,0.00,0,12.01
14466,513,1265.5,472.2,-0.49,-0.20,0.53,0,6.31
14466,514,1287.0,483.0,0.00,0.00,0.00,0,16.09
14466,515,1307.0,492.0,0.00,0.00,0.00,0,16.09
14468,513,1265.4,472.1,-0.49,-0.20,0.53,0,9.97
14468,514,1287.0,483.0,0.00,0.00,0.00,0,19.96
14468,515,1307.0,492.0,0.00,0.00,0.00,0,19.96
14469,513,1265.4,472.1,-0.49,-0.20,0.53,0,12.12
14470,513,1265.4,472.1,-0.49,-0.20,0.53,0,14.52
14501,517,1064.0,731.0,0.00,0.00,0.00,0,12.01
14501,518,1051.0,746.0,0.00,0.00,0.00,0,12.01
14503,519,1044.0,755.0,0.00,0.00,0.00,0,12.01
14503,520,1037.0,759.0,0.00,0.00,0.00,0,12.01
14503,521,1027.0,766.0,0.00,0.00,0.00,0,12.01
14504,519,1038.8,758.6,-0.11,0.08,0.13,0,7.46
14504,520,1037.0,759.0,0.00,0.00,0.00,0,14.02
14504,521,1027.0,766.0,0.00,0.00,0.00,0,14.02
14505,519,1030.6,763.1,-0.49,0.28,0.57,0,6.30
14507,519,1030.5,763.2,-0.49,0.28,0.57,0,9.96
14508,519,1030.5,763.2,-0.49,0.28,0.57,0,12.06
14509,519,1030.4,763.2,-0.49,0.28,0.57,0,14.41
14540,522,1260.0,597.0,0.00,0.00,0.00,0,12.01
14541,522,1259.7,597.3,-0.01,0.01,0.01,0,7.48
14542,522,1259.8,598.8,-0.00,0.11,0.11,0,6.31
14544,522,1259.8,598.8,-0.00,0.11,0.11,0,9.96
14545,522,1259.8,598.8,-0.00,0.11,0.11,0,12.11
14546,522,1259.8,598.8,-0.00,0.11,0.11,0,14.45
14580,523,1554.0,1070.0,0.00,0.00,0.00,0,12.01
14581,523,1554.0,1070.3,0.00,0.01,0.01,0,7.47
14581,524,1551.0,1064.0,0.00,0.00,0.00,0,12.01
14581,525,1183.0,1281.0,0.00,0.00,0.00,0,12.01
14581,526,1178.0,1287.0,0.00,0.00,0.00,0,12.01
14582,523,1553.5,1069.0,-0.03,-0.08,0.09,0,6.31
14582,524,1551.3,1061.4,0.01,-0.06,0.06,0,7.47
14582,525,1183.0,1281.0,0.00,0.00,0.00,0,14.04
14582,526,1178.0,1287.0,0.00,0.00,0.00,0,14.04
14584,523,1553.5,1068.9,-0.03,-0.08,0.09,0,9.97
14584,524,1551.3,1061.4,0.01,-0.06,0.06,0,10.87
14584,525,1183.0,1281.0,0.00,0.00,0.00,0,17.52
14584,526,1178.0,1287.0,0.00,0.00,0.00,0,17.52
14585,523,1553.5,1068.9,-0.03,-0.08,0.09,0,12.13
14585,524,1551.3,1061.4,0.01,-0.06,0.06,0,13.00
14585,525,1183.0,1281.0,0.00,0.00,0.00,0,19.66
14585,526,1178.0,1287.0,0.00,0.00,0.00,0,19.66
14586,523,1553.5,1068.9,-0.03,-0.08,0.09,0,14.47
14586,524,1551.3,1061.4,0.01,-0.06,0.06,0,15.29
14687,527,1049.0,1308.0,0.00,0.00,0.00,0,12.01
14689,529,1043.0,1311.0,0.00,0.00,0.00,0,12.01
14689,530,1036.0,1317.0,0.00,0.00,0.00,0,12.01
14690,529,1041.0,1313.0,-0.04,0.04,0.06,0,7.46
14690,530,1036.0,1317.0,0.00,0.00,0.00,0,14.02
14691,529,1041.0,1313.0,-0.04,0.04,0.06,0,9.49
14693,529,1041.0,1313.0,-0.04,0.04,0.06,0,13.15
14694,529,1041.0,1313.0,-0.04,0.04,0.06,0,15.35
14786,531,992.0,350.0,0.00,0.00,0.00,0,12.01
14787,531,992.0,350.0,0.00,0.00,0.00,0,14.03
14788,531,992.0,350.0,0.00,0.00,0.00,0,16.09
14790,531,992.0,350.0,0.00,0.00,0.00,0,20.01
15017,532,659.0,552.0,0.00,0.00,0.00,0,12.01
15018,532,659.0,551.7,0.00,-0.01,0.01,0,7.47
15019,532,659.0,551.7,0.00,-0.01,0.01,0,9.52
15021,532,659.0,551.7,0.00,-0.01,0.01,0,13.29
15022,532,659.0,551.7,0.00,-0.01,0.01,0,15.45
15058,535,1399.0,1031.0,0.00,0.00,0.00,0,12.01
15058,536,1385.0,1041.0,0.00,0.00,0.00,0,12.01
15058,537,1375.0,1046.0,0.00,0.00,0.00,0,12.01
15059,535,1394.1,1033.9,-0.12,0.07,0.14,0,7.47
15059,536,1382.4,1042.3,-0.06,0.03,0.07,0,7.47
15059,537,1375.0,1046.0,0.00,0.00,0.00,0,14.03
15059,538,1461.0,908.0,0.00,0.00,0.00,0,12.01
15059,539,1474.0,915.0,0.00,0.00,0.00,0,12.01
15060,535,1386.6,1039.1,-0.57,0.38,0.69,0,6.31
15062,535,1386.4,1039.2,-0.57,0.38,0.69,0,10.01
15063,535,1386.4,1039.2,-0.57,0.38,0.69,0,12.13
15064,535,1386.4,1039.2,-0.57,0.38,0.69,0,14.48
15106,540,876.0,1392.0,0.00,0.00,0.00,0,12.01
15107,540,879.9,1395.3,0.10,0.08,0.13,0,7.48
15108,540,879.9,1395.3,0.10,0.08,0.13,0,9.52
15110,540,880.0,1395.3,0.10,0.08,0.13,0,13.29
15111,540,880.0,1395.3,0.10,0.08,0.13,0,15.46
15248,541,1093.0,215.0,0.00,0.00,0.00,0,12.01
15249,541,1093.0,215.0,0.00,0.00,0.00,0,7.48
15250,541,1093.0,215.0,0.00,0.00,0.00,0,9.52
15250,542,1056.0,190.0,0.00,0.00,0.00,0,12.01
15252,541,1093.0,215.0,0.00,0.00,0.00,0,13.35
15252,542,1056.0,190.0,0.00,0.00,0.00,0,15.16
15253,541,1093.0,215.0,0.00,0.00,0.00,0,15.46
15253,542,1056.0,190.0,0.00,0.00,0.00,0,17.24
15254,542,1056.0,190.0,0.00,0.00,0.00,0,19.49
15348,543,786.0,1262.0,0.00,0.00,0.00,0,12.01
15349,543,786.0,1262.0,0.00,0.00,0.00,0,7.47
15349,544,763.0,1255.0,0.00,0.00,0.00,0,12.01
15349,545,1121.0,1279.0,0.00,0.00,0.00,0,12.01
15350,543,780.6,1260.2,-0.34,-0.11,0.36,0,6.31
15350,544,763.0,1255.0,0.00,0.00,0.00,0,14.04
15350,545,1121.0,1279.0,0.00,0.00,0.00,0,7.48
15350,546,1143.0,1270.0,0.00,0.00,0.00,0,12.01
15352,543,780.5,1260.2,-0.34,-0.11,0.36,0,10.01
15352,544,763.0,1255.0,0.00,0.00,0.00,0,17.55
15352,545,1121.0,1279.0,0.00,0.00,0.00,0,10.90
15352,546,1143.0,1270.0,0.00,0.00,0.00,0,15.17
15353,543,780.5,1260.2,-0.34,-0.11,0.36,0,12.12
15353,544,763.0,1255.0,0.00,0.00,0.00,0,19.64
15353,545,1121.0,1279.0,0.00,0.00,0.00,0,12.99
15353,546,1143.0,1270.0,0.00,0.00,0.00,0,17.24
15354,543,780.5,1260.2,-0.34,-0.11,0.36,0,14.47
15354,545,1121.0,1279.0,0.00,0.00,0.00,0,15.29
15354,546,1143.0,1270.0,0.00,0.00,0.00,0,19.49
15385,547,634.0,771.0,0.00,0.00,0.00,0,12.01
15385,548,621.0,776.0,0.00,0.00,0.00,0,12.01
15385,549,1381.0,1005.0,0.00,0.00,0.00,0,12.01
15386,547,630.4,772.6,-0.09,0.04,0.10,0,7.48
15386,548,618.1,778.3,-0.07,0.06,0.09,0,7.48
15386,549,1380.3,1000.7,-0.02,-0.10,0.11,0,7.48
15387,547,626.2,775.0,-0.38,0.21,0.44,0,6.30
15387,549,1379.2,995.1,-0.09,-0.49,0.50,0,6.30
15389,547,626.1,775.1,-0.38,0.21,0.44,0,9.97
15389,549,1379.2,995.0,-0.09,-0.49,0.50,0,9.97
15390,547,626.1,775.1,-0.38,0.21,0.44,0,12.12
15390,549,1379.2,995.0,-0.09,-0.49,0.50,0,12.12
15391,547,626.1,775.1,-0.38,0.21,0.44,0,14.46
15391,549,1379.2,995.0,-0.09,-0.49,0.50,0,14.46
15422,550,780.0,920.0,0.00,0.00,0.00,0,12.01
15424,552,907.0,247.0,0.00,0.00,0.00,0,12.01
15424,553,752.0,921.0,0.00,0.00,0.00,0,12.01
15424,554,768.0,922.0,0.00,0.00,0.00,0,12.01
15425,552,907.0,247.0,0.00,0.00,0.00,0,14.03
15425,553,752.3,921.0,0.01,0.00,0.01,0,7.47
15425,554,758.2,921.0,-0.22,-0.02,0.22,0,7.47
15426,552,912.6,242.1,0.24,-0.21,0.32,0,7.87
15426,553,748.9,920.5,-0.21,-0.03,0.21,0,6.31
15428,552,912.7,242.0,0.24,-0.21,0.32,0,11.51
15428,553,748.8,920.5,-0.21,-0.03,0.21,0,9.96
15429,552,912.7,242.0,0.24,-0.21,0.32,0,13.68
15429,553,748.8,920.5,-0.21,-0.03,0.21,0,12.12
15430,552,912.7,242.0,0.24,-0.21,0.32,0,16.02
15430,553,748.8,920.5,-0.21,-0.03,0.21,0,14.47
15461,555,778.0,829.0,0.00,0.00,0.00,0,12.01
15461,556,774.0,839.0,0.00,0.00,0.00,0,12.01
15463,557,771.0,847.0,0.00,0.00,0.00,0,12.01
15463,558,765.0,862.0,0.00,0.00,0.00,0,12.01
15464,557,769.0,851.6,-0.04,0.10,0.11,0,7.47
15464,558,762.7,866.3,-0.05,0.09,0.10,0,7.47
15465,557,766.5,857.6,-0.17,0.39,0.43,0,6.28
15467,557,766.4,857.7,-0.17,0.39,0.43,0,9.71
15468,557,766.4,857.7,-0.17,0.39,0.43,0,11.93
15469,557,766.4,857.7,-0.17,0.39,0.43,0,14.26
15636,559,441.0,848.0,0.00,0.00,0.00,0,12.32
15637,559,441.0,848.0,0.00,0.00,0.00,0,14.40
15638,559,441.0,848.0,0.00,0.00,0.00,0,16.54
15640,559,441.0,848.0,0.00,0.00,0.00,0,21.18
15694,560,958.0,1336.0,0.00,0.00,0.00,0,12.01
15695,560,958.0,1337.3,0.00,0.03,0.03,0,7.47
15696,560,958.0,1337.3,0.00,0.03,0.03,0,9.52
15698,560,958.0,1337.3,0.00,0.03,0.03,0,13.30
15699,560,958.0,1337.3,0.00,0.03,0.03,0,15.46
15734,561,452.0,818.0,0.00,0.00,0.00,0,12.00
15735,561,452.0,818.0,0.00,0.00,0.00,0,14.02
15736,561,452.0,818.0,0.00,0.00,0.00,0,16.07
15738,561,452.0,818.0,0.00,0.00,0.00,0,19.88
15815,562,1150.0,1106.0,0.00,0.00,0.00,0,12.01
15816,562,1150.0,1106.0,0.00,0.00,0.00,0,14.04
15817,562,1150.0,1106.0,0.00,0.00,0.00,0,16.09
15819,562,1150.0,1106.0,0.00,0.00,0.00,0,19.99
15892,563,1386.0,1049.0,0.00,0.00,0.00,0,12.01
15893,563,1386.0,1049.0,0.00,0.00,0.00,0,14.04
15893,564,1281.0,1062.0,0.00,0.00,0.00,0,12.01
15894,563,1386.0,1049.0,0.00,0.00,0.00,0,16.09
15896,563,1386.0,1049.0,0.00,0.00,0.00,0,19.95
16309,567,828.0,247.0,0.00,0.00,0.00,0,12.01
16310,567,828.0,247.0,0.00,0.00,0.00,0,14.04
16311,567,828.0,248.1,0.00,0.05,0.05,0,7.87
16313,567,828.0,248.1,0.00,0.05,0.05,0,11.56
16314,567,828.0,248.1,0.00,0.05,0.05,0,13.68
16315,567,828.0,248.1,0.00,0.05,0.05,0,16.03
16353,568,1173.0,1227.0,0.00,0.00,0.00,0,12.01
16354,568,1173.0,1227.0,0.00,0.00,0.00,0,14.03
16355,568,1173.0,1227.0,0.00,0.00,0.00,0,16.08
16357,568,1173.0,1227.0,0.00,0.00,0.00,0,19.99
16449,569,1170.0,1226.0,0.00,0.00,0.00,0,12.01
16450,569,1170.0,1226.0,0.00,0.00,0.00,0,14.03
16451,569,1170.0,1226.0,0.00,0.00,0.00,0,16.09
16453,569,1170.0,1226.0,0.00,0.00,0.00,0,19.94
16486,570,981.0,683.0,0.00,0.00,0.00,0,12.01
16486,571,994.0,690.0,0.00,0.00,0.00,0,12.01
16487,570,981.3,683.3,0.01,0.01,0.01,0,7.48
16487,571,987.1,686.1,-0.17,-0.10,0.19,0,7.48
16488,570,978.4,681.4,-0.20,-0.13,0.24,0,6.30
16490,570,978.4,681.4,-0.20,-0.13,0.24,0,9.99
16491,570,978.4,681.4,-0.20,-0.13,0.24,0,12.10
16492,570,978.3,681.4,-0.20,-0.13,0.24,0,14.45
16523,572,601.0,778.0,0.00,0.00,0.00,0,12.01
16523,573,609.0,782.0,0.00,0.00,0.00,0,12.01
16525,574,618.0,794.0,0.00,0.00,0.00,0,12.01
16526,574,618.0,793.7,0.00,-0.01,0.01,0,7.47
16526,575,616.0,801.0,0.00,0.00,0.00,0,12.01
16527,574,617.5,798.1,-0.03,0.28,0.28,0,6.31
16529,574,617.5,798.2,-0.03,0.28,0.28,0,9.96
16530,574,617.5,798.2,-0.03,0.28,0.28,0,12.13
16531,574,617.5,798.2,-0.03,0.28,0.28,0,14.48
16569,576,1185.0,891.0,0.00,0.00,0.00,0,12.00
16570,576,1185.0,891.0,0.00,0.00,0.00,0,7.47
16571,576,1185.0,891.0,0.00,0.00,0.00,0,9.50
16573,576,1185.0,891.0,0.00,0.00,0.00,0,13.23
16574,576,1185.0,891.0,0.00,0.00,0.00,0,15.38
16615,579,1267.0,681.0,0.00,0.00,0.00,0,12.01
16615,580,1249.0,689.0,0.00,0.00,0.00,0,12.01
16616,579,1266.7,681.3,-0.01,0.01,0.01,0,7.48
16616,580,1243.1,691.6,-0.15,0.06,0.16,0,7.48
16617,579,1258.3,685.4,-0.56,0.27,0.62,0,6.31
16617,580,1237.7,693.8,-0.50,0.21,0.54,0,6.31
16619,579,1258.1,685.4,-0.56,0.27,0.62,0,9.99
16619,580,1237.5,693.8,-0.50,0.21,0.54,0,9.99
16620,579,1258.1,685.4,-0.56,0.27,0.62,0,12.14
16620,580,1237.5,693.8,-0.50,0.21,0.54,0,12.14
16621,579,1258.1,685.4,-0.56,0.27,0.62,0,14.53
16621,580,1237.5,693.8,-0.50,0.21,0.54,0,14.53
16674,582,642.0,963.0,0.00,0.00,0.00,0,12.01
16675,582,641.3,963.3,-0.01,0.01,0.02,0,7.48
16675,583,625.0,965.0,0.00,0.00,0.00,0,12.01
16675,584,608.0,966.0,0.00,0.00,0.00,0,12.01
16676,582,637.1,963.8,-0.30,0.04,0.30,0,6.31
16676,583,620.7,965.7,-0.11,0.02,0.11,0,7.48
16676,584,608.0,966.0,0.00,0.00,0.00,0,14.04
16678,582,637.1,963.8,-0.30,0.04,0.30,0,9.95
16678,583,620.7,965.7,-0.11,0.02,0.11,0,10.85
16678,584,608.0,966.0,0.00,0.00,0.00,0,17.51
16679,582,637.1,963.8,-0.30,0.04,0.30,0,12.13
16679,583,620.7,965.7,-0.11,0.02,0.11,0,13.00
16679,584,608.0,966.0,0.00,0.00,0.00,0,19.67
16680,582,637.0,963.8,-0.30,0.04,0.30,0,14.47
16680,583,620.7,965.7,-0.11,0.02,0.11,0,15.29
16711,585,1354.0,942.0,0.00,0.00,0.00,0,12.01
16711,586,1364.0,944.0,0.00,0.00,0.00,0,12.01
16711,587,1401.0,952.0,0.00,0.00,0.00,0,12.01
16712,585,1354.0,942.0,0.00,0.00,0.00,0,14.04
16712,586,1375.1,946.6,0.28,0.07,0.29,0,7.48
16712,587,1401.0,952.0,0.00,0.00,0.00,0,14.04
16712,588,1446.0,965.0,0.00,0.00,0.00,0,12.01
16713,587,1414.0,955.9,0.65,0.19,0.68,0,7.87
16713,586,1375.1,946.6,0.28,0.07,0.29,0,9.52
16713,585,1354.0,942.0,0.00,0.00,0.00,0,16.10
16715,587,1414.2,955.9,0.65,0.19,0.68,0,11.55
16715,586,1375.2,946.6,0.28,0.07,0.29,0,13.35
16715,585,1354.0,942.0,0.00,0.00,0.00,0,20.01
16716,587,1414.2,955.9,0.65,0.19,0.68,0,13.65
16716,586,1375.2,946.6,0.28,0.07,0.29,0,15.45
16717,587,1414.2,955.9,0.65,0.19,0.68,0,16.05
16749,590,1432.0,551.0,0.00,0.00,0.00,0,12.01
16750,590,1436.6,552.6,0.13,0.05,0.14,0,7.47
16751,590,1436.6,552.6,0.13,0.05,0.14,0,9.51
16753,590,1436.6,552.7,0.13,0.05,0.14,0,13.30
16754,590,1436.6,552.7,0.13,0.05,0.14,0,15.44
16915,591,1439.0,558.0,0.00,0.00,0.00,0,12.01
16916,591,1439.0,558.0,0.00,0.00,0.00,0,14.04
16917,591,1439.0,558.0,0.00,0.00,0.00,0,16.09
16919,591,1439.0,558.0,0.00,0.00,0.00,0,19.93
17045,592,1390.0,831.0,0.00,0.00,0.00,0,12.01
17045,593,1379.0,833.0,0.00,0.00,0.00,0,12.01
17047,594,1362.0,836.0,0.00,0.00,0.00,0,12.01
17047,595,1369.0,836.0,0.00,0.00,0.00,0,12.01
17047,596,1334.0,842.0,0.00,0.00,0.00,0,12.01
17047,597,1319.0,847.0,0.00,0.00,0.00,0,12.01
17048,594,1362.0,836.0,0.00,0.00,0.00,0,14.04
17048,595,1369.0,836.0,0.00,0.00,0.00,0,14.04
17048,596,1329.1,843.3,-0.12,0.03,0.13,0,7.47
17048,597,1309.8,849.3,-0.23,0.06,0.24,0,7.47
17049,596,1319.3,846.3,-0.76,0.23,0.80,0,6.31
17049,594,1362.0,836.0,0.00,0.00,0.00,0,16.09
17051,596,1319.1,846.4,-0.76,0.23,0.80,0,9.96
17051,594,1362.0,836.0,0.00,0.00,0.00,0,19.95
17052,596,1319.1,846.4,-0.76,0.23,0.80,0,12.13
17053,596,1319.0,846.4,-0.76,0.23,0.80,0,14.46
17360,599,1327.0,594.0,0.00,0.00,0.00,0,12.01
17361,599,1327.7,594.0,0.02,0.00,0.02,0,7.47
17362,599,1334.2,591.7,0.44,-0.15,0.47,0,6.31
17364,599,1334.3,591.6,0.44,-0.15,0.47,0,9.96
17365,599,1334.3,591.6,0.44,-0.15,0.47,0,12.12
17366,599,1334.3,591.6,0.44,-0.15,0.47,0,14.46
17483,600,1252.0,1201.0,0.00,0.00,0.00,0,12.01
17483,601,1243.0,1203.0,0.00,0.00,0.00,0,12.01
17486,602,1154.0,1218.0,0.00,0.00,0.00,0,12.01
17487,602,1151.7,1218.0,-0.06,0.00,0.06,0,7.48
17488,602,1146.6,1218.5,-0.39,0.03,0.39,0,6.30
17488,603,1123.0,1221.0,0.00,0.00,0.00,0,12.01
17490,602,1146.5,1218.5,-0.39,0.03,0.39,0,9.97
17490,603,1123.0,1221.0,0.00,0.00,0.00,0,15.13
17491,602,1146.5,1218.5,-0.39,0.03,0.39,0,12.13
17491,603,1123.0,1221.0,0.00,0.00,0.00,0,17.24
17492,602,1146.5,1218.5,-0.39,0.03,0.39,0,14.47
17492,603,1123.0,1221.0,0.00,0.00,0.00,0,19.49
17746,604,1394.0,855.0,0.00,0.00,0.00,0,12.01
17747,604,1394.0,855.0,0.00,0.00,0.00,0,14.04
17748,604,1394.0,855.0,0.00,0.00,0.00,0,16.09
17750,604,1394.0,855.0,0.00,0.00,0.00,0,19.97
17807,605,988.0,1359.0,0.00,0.00,0.00,0,12.01
17809,607,1000.0,1344.0,0.00,0.00,0.00,0,12.01
17810,607,1001.3,1343.0,0.03,-0.02,0.04,0,7.47
17811,607,1002.0,1342.0,0.08,-0.09,0.12,0,6.31
17813,607,1002.0,1342.0,0.08,-0.09,0.12,0,10.01
17814,607,1002.0,1342.0,0.08,-0.09,0.12,0,12.13
17815,607,1002.0,1342.0,0.08,-0.09,0.12,0,14.47
17870,608,607.0,1066.0,0.00,0.00,0.00,0,12.01
17871,608,606.7,1066.7,-0.01,0.02,0.02,0,7.48
17872,608,606.7,1066.7,-0.01,0.02,0.02,0,9.52
17874,608,606.7,1066.7,-0.01,0.02,0.02,0,13.30
17875,608,606.7,1066.7,-0.01,0.02,0.02,0,15.47
17912,609,731.0,1264.0,0.00,0.00,0.00,0,12.01
17914,611,764.0,1261.0,0.00,0.00,0.00,0,12.01
17914,612,747.0,1263.0,0.00,0.00,0.00,0,12.01
17915,611,766.0,1261.0,0.05,0.00,0.05,0,7.48
17915,612,747.0,1263.0,0.00,0.00,0.00,0,14.04
17916,611,770.1,1261.3,0.32,0.02,0.32,0,6.31
17916,612,747.0,1263.0,0.00,0.00,0.00,0,16.09
17918,611,770.2,1261.3,0.32,0.02,0.32,0,9.99
17918,612,747.0,1263.0,0.00,0.00,0.00,0,19.98
17919,611,770.2,1261.3,0.32,0.02,0.32,0,12.13
17920,611,770.2,1261.3,0.32,0.02,0.32,0,14.54
18169,622,716.0,333.0,0.00,0.00,0.00,0,12.01
18169,623,716.0,348.0,0.00,0.00,0.00,0,12.01
18169,624,633.0,380.0,0.00,0.00,0.00,0,12.01
18169,625,624.0,398.0,0.00,0.00,0.00,0,12.01
18170,622,715.7,333.3,-0.01,0.01,0.01,0,7.47
18170,623,715.3,347.0,-0.02,-0.02,0.03,0,7.47
18170,624,633.0,380.0,0.00,0.00,0.00,0,14.04
18170,625,624.0,398.0,0.00,0.00,0.00,0,14.04
18170,626,716.0,358.0,0.00,0.00,0.00,0,12.01
18171,622,715.7,333.3,-0.01,0.01,0.01,0,9.52
18171,624,633.0,380.0,0.00,0.00,0.00,0,16.09
18171,625,624.0,398.0,0.00,0.00,0.00,0,16.09
18173,622,715.7,333.3,-0.01,0.01,0.01,0,13.33
18173,624,633.0,380.0,0.00,0.00,0.00,0,19.99
18173,625,624.0,398.0,0.00,0.00,0.00,0,19.99
18174,622,715.7,333.3,-0.01,0.01,0.01,0,15.47
18296,627,1391.0,1045.0,0.00,0.00,0.00,0,12.01
18297,627,1391.0,1045.0,0.00,0.00,0.00,0,14.04
18298,627,1391.0,1045.0,0.00,0.00,0.00,0,16.09
18298,628,1336.0,1054.0,0.00,0.00,0.00,0,12.01
18298,629,1286.0,1064.0,0.00,0.00,0.00,0,12.01
18300,627,1391.0,1045.0,0.00,0.00,0.00,0,19.99
18300,628,1336.0,1054.0,0.00,0.00,0.00,0,15.15
18300,629,1286.0,1064.0,0.00,0.00,0.00,0,15.15
18301,628,1336.0,1054.0,0.00,0.00,0.00,0,17.24
18301,629,1286.0,1064.0,0.00,0.00,0.00,0,17.24
18302,628,1336.0,1054.0,0.00,0.00,0.00,0,19.49
18302,629,1286.0,1064.0,0.00,0.00,0.00,0,19.49
18355,632,469.0,651.0,0.00,0.00,0.00,0,12.01
18356,632,469.0,651.0,0.00,0.00,0.00,0,14.04
18357,632,469.0,651.0,0.00,0.00,0.00,0,16.09
18359,632,469.0,651.0,0.00,0.00,0.00,0,19.99
18392,633,870.0,551.0,0.00,0.00,0.00,0,12.01
18392,634,873.0,562.0,0.00,0.00,0.00,0,12.01
18392,635,877.0,578.0,0.00,0.00,0.00,0,12.01
18392,636,881.0,602.0,0.00,0.00,0.00,0,12.01
18392,637,886.0,623.0,0.00,0.00,0.00,0,12.01
18392,638,895.0,631.0,0.00,0.00,0.00,0,12.01
18392,639,883.0,636.0,0.00,0.00,0.00,0,12.01
18392,640,893.0,650.0,0.00,0.00,0.00,0,12.01
18392,641,874.0,641.0,0.00,0.00,0.00,0,12.01
18392,642,881.0,645.0,0.00,0.00,0.00,0,12.01
18392,643,883.0,660.0,0.00,0.00,0.00,0,12.01
18392,644,965.0,764.0,0.00,0.00,0.00,0,12.01
18392,645,944.0,806.0,0.00,0.00,0.00,0,12.01
18392,646,1007.0,879.0,0.00,0.00,0.00,0,12.01
18392,647,1006.0,1091.0,0.00,0.00,0.00,0,12.01
18392,648,1024.0,1107.0,0.00,0.00,0.00,0,12.01
18392,649,1022.0,1129.0,0.00,0.00,0.00,0,12.01
18392,650,1112.0,1274.0,0.00,0.00,0.00,0,12.01
18394,653,981.0,587.0,0.00,0.00,0.00,0,12.01
18394,654,975.0,593.0,0.00,0.00,0.00,0,12.01
18394,655,979.0,599.0,0.00,0.00,0.00,0,12.01
18394,656,968.0,617.0,0.00,0.00,0.00,0,12.01
18394,657,970.0,625.0,0.00,0.00,0.00,0,12.01
18394,658,1006.0,631.0,0.00,0.00,0.00,0,12.01
18394,659,971.0,638.0,0.00,0.00,0.00,0,12.01
18394,660,986.0,677.0,0.00,0.00,0.00,0,12.01
18394,661,1024.0,773.0,0.00,0.00,0.00,0,12.01
18394,662,1029.0,781.0,0.00,0.00,0.00,0,12.01
18394,663,1096.0,898.0,0.00,0.00,0.00,0,12.01
18394,664,1142.0,1006.0,0.00,0.00,0.00,0,12.01
18394,665,1136.0,1138.0,0.00,0.00,0.00,0,12.01
18394,666,1161.0,1180.0,0.00,0.00,0.00,0,12.01
18394,667,1159.0,1193.0,0.00,0.00,0.00,0,12.01
18394,668,1167.0,1227.0,0.00,0.00,0.00,0,12.01
18395,653,987.6,581.8,0.13,-0.11,0.17,0,7.47
18395,654,986.1,596.3,0.23,0.07,0.24,0,7.47
18395,655,990.1,596.4,0.23,-0.05,0.23,0,7.47
18395,656,968.0,617.0,0.00,0.00,0.00,0,14.03
18395,657,970.0,625.0,0.00,0.00,0.00,0,14.03
18395,658,1011.6,628.1,0.11,-0.06,0.13,0,7.47
18395,659,971.0,638.0,0.00,0.00,0.00,0,14.03
18395,660,986.0,677.0,0.00,0.00,0.00,0,14.03
18395,661,1024.0,773.0,0.00,0.00,0.00,0,14.03
18395,662,1029.0,781.0,0.00,0.00,0.00,0,14.03
18395,663,1096.0,898.0,0.00,0.00,0.00,0,14.03
18395,664,1142.0,1006.0,0.00,0.00,0.00,0,14.03
18395,665,1136.0,1138.0,0.00,0.00,0.00,0,14.03
18395,666,1161.0,1180.0,0.00,0.00,0.00,0,14.03
18395,667,1159.0,1193.0,0.00,0.00,0.00,0,14.03
18395,668,1167.0,1227.0,0.00,0.00,0.00,0,14.03
18395,669,1008.0,560.0,0.00,0.00,0.00,0,12.01
18395,670,1014.0,572.0,0.00,0.00,0.00,0,12.01
18395,671,1015.0,601.0,0.00,0.00,0.00,0,12.01
18395,672,1022.0,607.0,0.00,0.00,0.00,0,12.01
18396,653,987.6,581.8,0.13,-0.11,0.17,0,9.51
18396,658,1011.6,628.1,0.11,-0.06,0.13,0,9.51
18396,656,968.0,617.0,0.00,0.00,0.00,0,16.08
18396,659,971.0,638.0,0.00,0.00,0.00,0,16.08
18396,660,986.0,677.0,0.00,0.00,0.00,0,16.08
18396,661,1024.0,773.0,0.00,0.00,0.00,0,16.08
18396,663,1096.0,898.0,0.00,0.00,0.00,0,16.08
18396,664,1142.0,1006.0,0.00,0.00,0.00,0,16.08
18396,665,1136.0,1138.0,0.00,0.00,0.00,0,16.08
18396,666,1161.0,1180.0,0.00,0.00,0.00,0,16.08
18396,668,1167.0,1227.0,0.00,0.00,0.00,0,16.08
18398,653,987.6,581.7,0.13,-0.11,0.17,0,13.29
18398,658,1011.6,628.0,0.11,-0.06,0.13,0,13.29
18398,656,968.0,617.0,0.00,0.00,0.00,0,19.93
18398,659,971.0,638.0,0.00,0.00,0.00,0,19.93
18398,660,986.0,677.0,0.00,0.00,0.00,0,19.93
18398,661,1024.0,773.0,0.00,0.00,0.00,0,19.93
18398,663,1096.0,898.0,0.00,0.00,0.00,0,19.93
18398,664,1142.0,1006.0,0.00,0.00,0.00,0,19.93
18398,665,1136.0,1138.0,0.00,0.00,0.00,0,19.93
18398,666,1161.0,1180.0,0.00,0.00,0.00,0,19.93
18398,668,1167.0,1227.0,0.00,0.00,0.00,0,19.93
18399,653,987.6,581.7,0.13,-0.11,0.17,0,15.45
18399,658,1011.6,628.0,0.11,-0.06,0.13,0,15.45
18431,673,1390.0,792.0,0.00,0.00,0.00,0,12.01
18432,673,1392.3,793.3,0.05,0.03,0.06,0,7.50
18433,673,1392.3,793.3,0.05,0.03,0.06,0,9.54
18435,673,1392.3,793.3,0.05,0.03,0.06,0,13.34
18436,673,1392.3,793.3,0.05,0.03,0.06,0,15.41
18472,674,653.0,380.0,0.00,0.00,0.00,0,12.01
18472,675,666.0,394.0,0.00,0.00,0.00,0,12.01
18473,674,653.3,380.0,0.01,0.00,0.01,0,7.48
18473,675,666.0,394.0,0.00,0.00,0.00,0,14.04
18474,674,651.4,377.2,-0.12,-0.19,0.22,0,6.30
18474,675,666.0,394.0,0.00,0.00,0.00,0,16.08
18476,674,651.4,377.1,-0.12,-0.19,0.22,0,9.94
18476,675,666.0,394.0,0.00,0.00,0.00,0,19.94
18477,674,651.4,377.1,-0.12,-0.19,0.22,0,12.13
18478,674,651.4,377.1,-0.12,-0.19,0.22,0,14.53
18576,676,652.0,918.0,0.00,0.00,0.00,0,12.01
18577,676,652.0,918.0,0.00,0.00,0.00,0,7.47
18577,677,632.0,923.0,0.00,0.00,0.00,0,12.01
18578,676,647.6,919.3,-0.28,0.08,0.30,0,6.31
18578,677,626.4,926.3,-0.14,0.08,0.16,0,7.47
18580,676,647.5,919.3,-0.28,0.08,0.30,0,9.96
18580,677,626.4,926.3,-0.14,0.08,0.16,0,10.86
18581,676,647.5,919.3,-0.28,0.08,0.30,0,12.12
18581,677,626.4,926.3,-0.14,0.08,0.16,0,13.00
18582,676,647.5,919.3,-0.28,0.08,0.30,0,14.47
18582,677,626.4,926.3,-0.14,0.08,0.16,0,15.29
18613,678,472.0,932.0,0.00,0.00,0.00,0,12.01
18613,679,482.0,942.0,0.00,0.00,0.00,0,12.01
18614,678,472.3,932.3,0.01,0.01,0.01,0,7.50
18614,679,475.8,935.1,-0.16,-0.17,0.23,0,7.50
18615,678,470.2,929.7,-0.21,-0.26,0.33,0,6.32
18617,678,470.1,929.6,-0.21,-0.26,0.33,0,9.97
18618,678,470.1,929.6,-0.21,-0.26,0.33,0,11.99
18619,678,470.1,929.6,-0.21,-0.26,0.33,0,14.38
18742,682,1376.0,712.0,0.00,0.00,0.00,0,12.01
18742,683,1391.0,726.0,0.00,0.00,0.00,0,12.01
18742,684,1398.0,725.0,0.00,0.00,0.00,0,12.01
18742,685,1410.0,743.0,0.00,0.00,0.00,0,12.01
18742,686,1406.0,753.0,0.00,0.00,0.00,0,12.01
18742,687,1384.0,754.0,0.00,0.00,0.00,0,12.01
18742,688,1400.0,767.0,0.00,0.00,0.00,0,12.01
18742,689,1412.0,820.0,0.00,0.00,0.00,0,12.01
18742,690,1392.0,783.0,0.00,0.00,0.00,0,12.01
18742,691,1392.0,790.0,0.00,0.00,0.00,0,12.01
18742,692,1396.0,810.0,0.00,0.00,0.00,0,12.01
18742,693,1400.0,816.0,0.00,0.00,0.00,0,12.01
18742,694,1405.0,840.0,0.00,0.00,0.00,0,12.01
18742,695,1400.0,852.0,0.00,0.00,0.00,0,12.01
18742,696,1407.0,868.0,0.00,0.00,0.00,0,12.01
18742,697,1415.0,867.0,0.00,0.00,0.00,0,12.01
18742,698,1419.0,874.0,0.00,0.00,0.00,0,12.01
18742,699,1414.0,890.0,0.00,0.00,0.00,0,12.01
18742,700,1418.0,906.0,0.00,0.00,0.00,0,12.01
18742,701,1420.0,914.0,0.00,0.00,0.00,0,12.01
18743,682,1374.0,718.2,-0.05,0.16,0.16,0,7.48
18743,683,1385.1,729.6,-0.15,0.09,0.17,0,7.48
18743,684,1388.2,729.3,-0.25,0.11,0.27,0,7.48
18743,685,1403.4,754.1,-0.17,0.28,0.33,0,7.48
18743,686,1393.2,750.4,-0.32,-0.07,0.33,0,7.48
18743,687,1376.1,757.3,-0.20,0.08,0.21,0,7.48
18743,688,1400.0,767.0,0.00,0.00,0.00,0,14.04
18743,689,1412.0,820.0,0.00,0.00,0.00,0,14.04
18743,690,1392.0,783.0,0.00,0.00,0.00,0,14.04
18743,691,1392.0,790.0,0.00,0.00,0.00,0,14.04
18743,692,1384.5,815.6,-0.29,0.14,0.32,0,7.48
18743,693,1400.0,816.0,0.00,0.00,0.00,0,14.04
18743,694,1407.6,848.5,0.07,0.21,0.22,0,7.48
18743,695,1387.9,851.7,-0.31,-0.01,0.31,0,7.48
18743,696,1407.0,868.0,0.00,0.00,0.00,0,14.04
18743,697,1415.0,867.0,0.00,0.00,0.00,0,14.04
18743,698,1419.0,874.0,0.00,0.00,0.00,0,14.04
18743,699,1414.0,890.0,0.00,0.00,0.00,0,14.04
18743,700,1418.0,906.0,0.00,0.00,0.00,0,14.04
18743,701,1420.0,914.0,0.00,0.00,0.00,0,14.04
18744,692,1379.5,819.3,-0.62,0.38,0.73,0,6.31
18744,694,1398.2,847.6,-0.55,0.16,0.58,0,6.31
18744,682,1374.0,718.2,-0.05,0.16,0.16,0,9.52
18744,685,1403.4,754.1,-0.17,0.28,0.33,0,9.52
18744,687,1376.1,757.3,-0.20,0.08,0.21,0,9.52
18744,689,1412.0,820.0,0.00,0.00,0.00,0,16.09
18744,690,1392.0,783.0,0.00,0.00,0.00,0,16.09
18744,696,1407.0,868.0,0.00,0.00,0.00,0,16.09
18744,699,1414.0,890.0,0.00,0.00,0.00,0,16.09
18744,701,1420.0,914.0,0.00,0.00,0.00,0,16.09
18746,692,1379.3,819.4,-0.62,0.38,0.73,0,9.99
18746,694,1398.0,847.7,-0.55,0.16,0.58,0,9.99
18746,682,1374.0,718.3,-0.05,0.16,0.16,0,13.32
18746,685,1403.4,754.2,-0.17,0.28,0.33,0,13.32
18746,687,1376.1,757.3,-0.20,0.08,0.21,0,13.32
18746,689,1412.0,820.0,0.00,0.00,0.00,0,19.99
18746,690,1392.0,783.0,0.00,0.00,0.00,0,19.99
18746,696,1407.0,868.0,0.00,0.00,0.00,0,19.99
18746,699,1414.0,890.0,0.00,0.00,0.00,0,19.99
18746,701,1420.0,914.0,0.00,0.00,0.00,0,19.99
18747,692,1379.3,819.4,-0.62,0.38,0.73,0,12.12
18747,694,1398.0,847.7,-0.55,0.16,0.58,0,12.12
18747,682,1374.0,718.3,-0.05,0.16,0.16,0,15.46
18747,685,1403.4,754.2,-0.17,0.28,0.33,0,15.46
18747,687,1376.1,757.3,-0.20,0.08,0.21,0,15.46
18748,692,1379.3,819.4,-0.62,0.38,0.73,0,14.47
18748,694,1398.0,847.7,-0.55,0.16,0.58,0,14.47
18839,702,531.0,754.0,0.00,0.00,0.00,0,12.01
18841,704,543.0,738.0,0.00,0.00,0.00,0,12.01
18842,704,543.7,736.4,0.02,-0.04,0.04,0,7.47
18842,705,537.0,720.0,0.00,0.00,0.00,0,12.01
18843,704,542.2,732.4,-0.08,-0.29,0.30,0,6.31
18845,704,542.2,732.3,-0.08,-0.29,0.30,0,9.99
18846,704,542.2,732.3,-0.08,-0.29,0.30,0,12.12
18847,704,542.2,732.3,-0.08,-0.29,0.30,0,14.47
18888,706,976.0,284.0,0.00,0.00,0.00,0,12.01
18889,706,976.0,284.0,0.00,0.00,0.00,0,14.04
18890,706,976.0,284.0,0.00,0.00,0.00,0,16.09
18892,706,976.0,284.0,0.00,0.00,0.00,0,19.95
19213,707,1251.0,1057.0,0.00,0.00,0.00,0,12.01
19214,707,1251.0,1057.0,0.00,0.00,0.00,0,14.04
19215,707,1251.0,1057.0,0.00,0.00,0.00,0,16.09
19217,707,1251.0,1057.0,0.00,0.00,0.00,0,20.01
19385,710,618.0,415.0,0.00,0.00,0.00,0,12.01
19385,711,617.0,422.0,0.00,0.00,0.00,0,12.01
19385,712,626.0,465.0,0.00,0.00,0.00,0,12.01
19387,715,578.0,479.0,0.00,0.00,0.00,0,12.01
19387,716,634.0,678.0,0.00,0.00,0.00,0,12.01
19388,715,578.0,479.0,0.00,0.00,0.00,0,14.03
19388,716,634.0,678.0,0.00,0.00,0.00,0,14.03
19388,717,591.0,555.0,0.00,0.00,0.00,0,12.01
19388,718,606.0,581.0,0.00,0.00,0.00,0,12.01
19388,719,590.0,642.0,0.00,0.00,0.00,0,12.01
19388,720,640.0,768.0,0.00,0.00,0.00,0,12.01
19388,721,640.0,815.0,0.00,0.00,0.00,0,12.01
19388,722,642.0,860.0,0.00,0.00,0.00,0,12.01
19388,723,643.0,875.0,0.00,0.00,0.00,0,12.01
19389,715,578.0,479.0,0.00,0.00,0.00,0,16.09
19389,716,634.0,678.0,0.00,0.00,0.00,0,16.09
19391,715,578.0,479.0,0.00,0.00,0.00,0,23.71
19391,716,634.0,678.0,0.00,0.00,0.00,0,23.71
19514,728,1138.0,203.0,0.00,0.00,0.00,0,12.01
19515,728,1138.3,203.7,0.01,0.02,0.02,0,7.48
19516,728,1132.6,206.3,-0.37,0.19,0.42,0,6.31
19516,729,1109.0,220.0,0.00,0.00,0.00,0,12.01
19516,730,1096.0,229.0,0.00,0.00,0.00,0,12.01
19518,728,1132.5,206.3,-0.37,0.19,0.42,0,8.62
19518,729,1109.0,220.0,0.00,0.00,0.00,0,14.20
19518,730,1096.0,229.0,0.00,0.00,0.00,0,14.20
19519,728,1132.5,206.3,-0.37,0.19,0.42,0,10.70
19519,729,1109.0,220.0,0.00,0.00,0.00,0,16.25
19519,730,1096.0,229.0,0.00,0.00,0.00,0,16.25
19520,728,1132.5,206.3,-0.37,0.19,0.42,0,12.87
19520,729,1109.0,220.0,0.00,0.00,0.00,0,18.37
19520,730,1096.0,229.0,0.00,0.00,0.00,0,18.37
19552,731,1320.0,380.0,0.00,0.00,0.00,0,12.04
19553,731,1320.3,380.0,0.02,0.00,0.02,0,7.49
19553,732,1308.0,385.0,0.00,0.00,0.00,0,12.01
19554,731,1317.7,381.0,-0.19,0.08,0.21,0,6.30
19556,731,1317.7,381.0,-0.19,0.08,0.21,0,8.33
19557,731,1317.7,381.0,-0.19,0.08,0.21,0,10.38
19558,731,1317.7,381.0,-0.19,0.08,0.21,0,12.49
19612,733,978.0,291.0,0.00,0.00,0.00,0,12.01
19613,733,977.7,290.7,-0.01,-0.01,0.01,0,7.48
19613,734,987.0,298.0,0.00,0.00,0.00,0,12.01
19614,733,977.7,290.7,-0.01,-0.01,0.01,0,9.52
19616,733,977.7,290.7,-0.01,-0.01,0.01,0,11.59
19617,733,977.7,290.7,-0.01,-0.01,0.01,0,13.68
19862,735,1356.0,232.0,0.00,0.00,0.00,0,1000.00
19862,736,1383.0,295.0,0.00,0.00,0.00,0,1000.00
19862,737,413.0,872.0,0.00,0.00,0.00,0,1000.00
19897,738,629.0,922.0,0.00,0.00,0.00,0,12.01
19897,739,632.0,936.0,0.00,0.00,0.00,0,12.01
19898,738,629.0,921.3,0.00,-0.02,0.02,0,7.47
19898,739,631.3,941.2,-0.02,0.13,0.13,0,7.47
19898,740,627.0,963.0,0.00,0.00,0.00,0,12.01
19899,738,629.3,929.5,0.02,0.50,0.50,0,6.31
19901,738,629.3,929.5,0.02,0.50,0.50,0,8.37
19902,738,629.3,929.5,0.02,0.50,0.50,0,10.45
19903,738,629.3,929.5,0.02,0.50,0.50,0,12.57
20074,741,1432.0,403.0,0.00,0.00,0.00,0,12.01
20075,741,1432.3,403.3,0.01,0.01,0.01,0,7.47
20076,741,1434.3,401.7,0.14,-0.10,0.17,0,6.31
20078,741,1434.4,401.6,0.14,-0.10,0.17,0,13.62
20079,741,1434.4,401.6,0.14,-0.10,0.17,0,16.21
20080,741,1434.4,401.6,0.14,-0.10,0.17,0,18.78
20120,742,1368.0,838.0,0.00,0.00,0.00,0,12.01
20121,742,1368.0,838.0,0.00,0.00,0.00,0,14.04
20122,742,1368.0,838.0,0.00,0.00,0.00,0,16.09
20124,742,1368.0,838.0,0.00,0.00,0.00,0,21.92
20176,743,1255.0,1020.0,0.00,0.00,0.00,0,12.01
20176,744,1272.0,1021.0,0.00,0.00,0.00,0,12.01
20177,743,1255.0,1020.0,0.00,0.00,0.00,0,14.04
20177,744,1272.0,1021.0,0.00,0.00,0.00,0,14.04
20178,743,1255.0,1020.0,0.00,0.00,0.00,0,16.08
20180,743,1255.0,1020.0,0.00,0.00,0.00,0,18.16
20236,747,1113.0,552.0,0.00,0.00,0.00,0,12.01
20236,748,1109.0,560.0,0.00,0.00,0.00,0,12.01
20236,749,1116.0,567.0,0.00,0.00,0.00,0,12.01
20236,750,1123.0,571.0,0.00,0.00,0.00,0,12.01
20236,751,1146.0,574.0,0.00,0.00,0.00,0,12.01
20236,752,1118.0,582.0,0.00,0.00,0.00,0,12.01
20236,753,1121.0,594.0,0.00,0.00,0.00,0,12.01
20236,754,1146.0,595.0,0.00,0.00,0.00,0,12.01
20236,755,1232.0,786.0,0.00,0.00,0.00,0,12.01
20236,756,1244.0,840.0,0.00,0.00,0.00,0,12.01
20236,757,1260.0,873.0,0.00,0.00,0.00,0,12.01
20236,758,1242.0,885.0,0.00,0.00,0.00,0,12.01
20237,747,1105.8,550.7,-0.17,-0.03,0.18,0,7.47
20237,748,1109.0,560.0,0.00,0.00,0.00,0,14.04
20237,749,1116.0,567.0,0.00,0.00,0.00,0,14.04
20237,750,1123.0,571.0,0.00,0.00,0.00,0,14.04
20237,751,1146.0,574.0,0.00,0.00,0.00,0,14.04
20237,752,1118.0,582.0,0.00,0.00,0.00,0,14.04
20237,753,1121.0,594.0,0.00,0.00,0.00,0,14.04
20237,754,1146.0,595.0,0.00,0.00,0.00,0,14.04
20237,755,1232.0,786.0,0.00,0.00,0.00,0,14.04
20237,756,1244.0,840.0,0.00,0.00,0.00,0,14.04
20237,757,1260.0,873.0,0.00,0.00,0.00,0,14.04
20237,758,1242.0,885.0,0.00,0.00,0.00,0,14.04
20237,759,996.0,368.0,0.00,0.00,0.00,0,12.01
20237,760,1006.0,381.0,0.00,0.00,0.00,0,12.01
20237,761,990.0,385.0,0.00,0.00,0.00,0,12.01
20237,762,993.0,392.0,0.00,0.00,0.00,0,12.01
20237,763,1002.0,397.0,0.00,0.00,0.00,0,12.01
20237,764,1017.0,397.0,0.00,0.00,0.00,0,12.01
20237,765,998.0,407.0,0.00,0.00,0.00,0,12.01
20237,766,1010.0,403.0,0.00,0.00,0.00,0,12.01
20238,747,1105.8,550.7,-0.17,-0.03,0.18,0,9.52
20238,750,1123.0,571.0,0.00,0.00,0.00,0,16.09
20238,751,1146.0,574.0,0.00,0.00,0.00,0,16.09
20238,753,1121.0,594.0,0.00,0.00,0.00,0,16.09
20238,754,1146.0,595.0,0.00,0.00,0.00,0,16.09
20238,755,1232.0,786.0,0.00,0.00,0.00,0,16.09
20238,756,1244.0,840.0,0.00,0.00,0.00,0,16.09
20238,757,1260.0,873.0,0.00,0.00,0.00,0,16.09
20238,758,1242.0,885.0,0.00,0.00,0.00,0,16.09
20240,747,1105.8,550.7,-0.17,-0.03,0.18,0,11.59
20240,750,1123.0,571.0,0.00,0.00,0.00,0,18.17
20240,751,1146.0,574.0,0.00,0.00,0.00,0,18.17
20240,753,1121.0,594.0,0.00,0.00,0.00,0,18.17
20240,754,1146.0,595.0,0.00,0.00,0.00,0,18.17
20240,755,1232.0,786.0,0.00,0.00,0.00,0,18.17
20240,756,1244.0,840.0,0.00,0.00,0.00,0,18.17
20240,757,1260.0,873.0,0.00,0.00,0.00,0,18.17
20240,758,1242.0,885.0,0.00,0.00,0.00,0,18.17
20241,747,1105.8,550.7,-0.17,-0.03,0.18,0,13.68
20323,767,1526.0,833.0,0.00,0.00,0.00,0,12.01
20323,768,1533.0,834.0,0.00,0.00,0.00,0,12.01
20324,767,1528.0,833.3,0.05,0.01,0.05,0,7.47
20324,768,1533.0,834.0,0.00,0.00,0.00,0,14.03
20325,767,1524.1,833.0,-0.19,-0.01,0.19,0,6.31
20327,767,1524.0,833.0,-0.19,-0.01,0.19,0,12.47
20328,767,1524.0,833.0,-0.19,-0.01,0.19,0,14.56
20329,767,1524.0,833.0,-0.19,-0.01,0.19,0,17.10
20435,769,872.0,83.0,0.00,0.00,0.00,0,1000.00
20435,770,586.0,95.0,0.00,0.00,0.00,0,1000.00
20435,771,995.0,121.0,0.00,0.00,0.00,0,1000.00
20435,772,985.0,124.0,0.00,0.00,0.00,0,1000.00
20435,773,978.0,128.0,0.00,0.00,0.00,0,1000.00
20435,774,1002.0,134.0,0.00,0.00,0.00,0,1000.00
20435,775,843.0,135.0,0.00,0.00,0.00,0,1000.00
20435,776,935.0,163.0,0.00,0.00,0.00,0,1000.00
20435,777,926.0,171.0,0.00,0.00,0.00,0,1000.00
20435,778,651.0,184.0,0.00,0.00,0.00,0,1000.00
20435,779,659.0,190.0,0.00,0.00,0.00,0,1000.00
20435,780,552.0,210.0,0.00,0.00,0.00,0,1000.00
20435,781,543.0,213.0,0.00,0.00,0.00,0,1000.00
20435,782,528.0,223.0,0.00,0.00,0.00,0,1000.00
20435,783,528.0,232.0,0.00,0.00,0.00,0,1000.00
20435,784,1115.0,250.0,0.00,0.00,0.00,0,1000.00
20435,785,795.0,268.0,0.00,0.00,0.00,0,1000.00
20435,786,1045.0,265.0,0.00,0.00,0.00,0,1000.00
20435,787,1050.0,271.0,0.00,0.00,0.00,0,1000.00
20435,788,800.0,279.0,0.00,0.00,0.00,0,1000.00
20500,789,984.0,196.0,0.00,0.00,0.00,0,12.01
20500,790,984.0,206.0,0.00,0.00,0.00,0,12.01
20500,791,989.0,217.0,0.00,0.00,0.00,0,12.01
20500,792,986.0,229.0,0.00,0.00,0.00,0,12.01
20500,793,991.0,239.0,0.00,0.00,0.00,0,12.01
20500,794,984.0,253.0,0.00,0.00,0.00,0,12.01
20501,789,983.7,189.1,-0.01,-0.18,0.18,0,7.47
20501,790,986.6,209.6,0.07,0.09,0.11,0,7.47
20501,791,988.3,219.3,-0.02,0.06,0.06,0,7.47
20501,792,985.7,229.7,-0.01,0.02,0.02,0,7.47
20501,793,991.0,239.0,0.00,0.00,0.00,0,14.04
20501,794,984.0,253.0,0.00,0.00,0.00,0,14.04
20502,789,983.7,189.1,-0.01,-0.18,0.18,0,9.51
20502,790,986.6,209.6,0.07,0.09,0.11,0,9.51
20502,792,985.7,229.7,-0.01,0.02,0.02,0,9.51
20502,794,984.0,253.0,0.00,0.00,0.00,0,16.09
20504,789,983.7,189.1,-0.01,-0.18,0.18,0,11.59
20504,790,986.6,209.6,0.07,0.09,0.11,0,11.59
20504,792,985.7,229.7,-0.01,0.02,0.02,0,11.59
20504,794,984.0,253.0,0.00,0.00,0.00,0,18.17
20505,789,983.7,189.1,-0.01,-0.18,0.18,0,13.68
20505,790,986.6,209.6,0.07,0.09,0.11,0,13.68
20505,792,985.7,229.7,-0.01,0.02,0.02,0,13.68
20543,795,992.0,387.0,0.00,0.00,0.00,0,12.01
20543,796,1119.0,535.0,0.00,0.00,0.00,0,12.01
20543,797,1127.0,553.0,0.00,0.00,0.00,0,12.01
20543,798,1508.0,838.0,0.00,0.00,0.00,0,12.01
20545,815,715.0,254.0,0.00,0.00,0.00,0,12.01
20545,816,722.0,273.0,0.00,0.00,0.00,0,12.01
20545,817,960.0,466.0,0.00,0.00,0.00,0,12.01
20545,818,966.0,471.0,0.00,0.00,0.00,0,12.01
20545,819,951.0,472.0,0.00,0.00,0.00,0,12.01
20545,820,977.0,477.0,0.00,0.00,0.00,0,12.01
20545,821,955.0,495.0,0.00,0.00,0.00,0,12.01
20545,822,1012.0,534.0,0.00,0.00,0.00,0,12.01
20545,823,955.0,538.0,0.00,0.00,0.00,0,12.01
20545,824,973.0,589.0,0.00,0.00,0.00,0,12.01
20545,825,970.0,605.0,0.00,0.00,0.00,0,12.01
20545,826,1005.0,627.0,0.00,0.00,0.00,0,12.01
20545,827,987.0,626.0,0.00,0.00,0.00,0,12.01
20545,828,993.0,633.0,0.00,0.00,0.00,0,12.01
20545,829,1010.0,639.0,0.00,0.00,0.00,0,12.01
20545,830,1023.0,644.0,0.00,0.00,0.00,0,12.01
20545,831,1109.0,646.0,0.00,0.00,0.00,0,12.01
20545,832,1114.0,653.0,0.00,0.00,0.00,0,12.01
20545,833,1097.0,654.0,0.00,0.00,0.00,0,12.01
20545,834,1017.0,655.0,0.00,0.00,0.00,0,12.01
20546,815,715.0,254.0,0.00,0.00,0.00,0,14.04
20546,816,727.6,281.2,0.14,0.21,0.25,0,7.47
20546,817,960.0,466.0,0.00,0.00,0.00,0,14.04
20546,818,966.0,471.0,0.00,0.00,0.00,0,14.04
20546,819,951.0,472.0,0.00,0.00,0.00,0,14.04
20546,820,977.0,477.0,0.00,0.00,0.00,0,14.04
20546,821,955.0,495.0,0.00,0.00,0.00,0,14.04
20546,822,1012.0,534.0,0.00,0.00,0.00,0,14.04
20546,823,958.9,548.2,0.10,0.25,0.27,0,7.47
20546,824,967.8,585.7,-0.13,-0.08,0.15,0,7.47
20546,825,963.8,603.0,-0.16,-0.05,0.16,0,7.47
20546,826,1006.3,620.8,0.03,-0.16,0.16,0,7.47
20546,827,987.0,626.0,0.00,0.00,0.00,0,14.04
20546,828,993.0,633.0,0.00,0.00,0.00,0,14.04
20546,829,1010.0,639.0,0.00,0.00,0.00,0,14.04
20546,830,1023.0,644.0,0.00,0.00,0.00,0,14.04
20546,831,1109.0,646.0,0.00,0.00,0.00,0,14.04
20546,832,1114.0,653.0,0.00,0.00,0.00,0,14.04
20546,833,1097.0,654.0,0.00,0.00,0.00,0,14.04
20546,834,1017.0,655.0,0.00,0.00,0.00,0,14.04
20547,816,727.6,281.2,0.14,0.21,0.25,0,9.51
20547,823,958.9,548.2,0.10,0.25,0.27,0,9.51
20547,824,967.8,585.7,-0.13,-0.08,0.15,0,9.51
20547,826,1006.3,620.8,0.03,-0.16,0.16,0,9.51
20547,815,715.0,254.0,0.00,0.00,0.00,0,16.09
20547,817,960.0,466.0,0.00,0.00,0.00,0,16.09
20547,820,977.0,477.0,0.00,0.00,0.00,0,16.09
20547,821,955.0,495.0,0.00,0.00,0.00,0,16.09
20547,822,1012.0,534.0,0.00,0.00,0.00,0,16.09
20547,827,987.0,626.0,0.00,0.00,0.00,0,16.09
20547,830,1023.0,644.0,0.00,0.00,0.00,0,16.09
20547,831,1109.0,646.0,0.00,0.00,0.00,0,16.09
20549,816,727.6,281.2,0.14,0.21,0.25,0,11.59
20549,823,958.9,548.2,0.10,0.25,0.27,0,11.59
20549,824,967.7,585.7,-0.13,-0.08,0.15,0,11.59
20549,826,1006.3,620.8,0.03,-0.16,0.16,0,11.59
20549,815,715.0,254.0,0.00,0.00,0.00,0,18.17
20549,817,960.0,466.0,0.00,0.00,0.00,0,18.17
20549,820,977.0,477.0,0.00,0.00,0.00,0,18.17
20549,821,955.0,495.0,0.00,0.00,0.00,0,18.17
20549,822,1012.0,534.0,0.00,0.00,0.00,0,18.17
20549,827,987.0,626.0,0.00,0.00,0.00,0,18.17
20549,830,1023.0,644.0,0.00,0.00,0.00,0,18.17
20549,831,1109.0,646.0,0.00,0.00,0.00,0,18.17
20550,816,727.6,281.2,0.14,0.21,0.25,0,13.68
20550,823,958.9,548.2,0.10,0.25,0.27,0,13.68
20550,824,967.7,585.7,-0.13,-0.08,0.15,0,13.68
20550,826,1006.3,620.8,0.03,-0.16,0.16,0,13.68
20626,835,983.0,206.0,0.00,0.00,0.00,0,12.01
20627,835,983.0,206.0,0.00,0.00,0.00,0,14.04
20628,835,983.0,206.0,0.00,0.00,0.00,0,16.09
20630,835,983.0,206.0,0.00,0.00,0.00,0,23.78
20670,836,425.0,443.0,0.00,0.00,0.00,0,12.01
20671,836,425.0,443.0,0.00,0.00,0.00,0,14.04
20672,836,425.0,443.0,0.00,0.00,0.00,0,16.09
20674,836,425.0,443.0,0.00,0.00,0.00,0,19.86
20962,839,1246.0,561.0,0.00,0.00,0.00,0,12.01
20962,840,1265.0,562.0,0.00,0.00,0.00,0,12.01
20963,839,1239.1,560.3,-0.17,-0.02,0.17,0,7.51
20963,840,1265.0,562.0,0.00,0.00,0.00,0,14.08
20963,841,1187.0,551.0,0.00,0.00,0.00,0,12.03
20964,839,1239.1,560.3,-0.17,-0.02,0.17,0,9.55
20964,840,1265.0,562.0,0.00,0.00,0.00,0,16.13
20966,839,1239.1,560.3,-0.17,-0.02,0.17,0,11.63
20966,840,1265.0,562.0,0.00,0.00,0.00,0,18.22
20967,839,1239.1,560.3,-0.17,-0.02,0.17,0,13.66
21139,843,766.0,582.0,0.00,0.00,0.00,0,12.10
21140,843,766.0,582.0,0.00,0.00,0.00,0,14.16
21141,843,766.0,582.0,0.00,0.00,0.00,0,16.22
21143,843,766.0,582.0,0.00,0.00,0.00,0,18.32
21176,844,1509.0,1114.0,0.00,0.00,0.00,0,12.01
21177,844,1509.0,1114.0,0.00,0.00,0.00,0,14.04
21178,844,1496.7,1113.3,-0.59,-0.03,0.59,0,7.87
21180,844,1496.7,1113.3,-0.59,-0.03,0.59,0,9.94
21181,844,1496.7,1113.3,-0.59,-0.03,0.59,0,12.00
21182,844,1496.7,1113.3,-0.59,-0.03,0.59,0,14.12
21213,845,1284.0,1287.0,0.00,0.00,0.00,0,12.01
21214,845,1283.3,1288.6,-0.02,0.04,0.04,0,7.48
21215,845,1283.0,1290.5,-0.04,0.18,0.18,0,6.30
21217,845,1283.0,1290.5,-0.04,0.18,0.18,0,8.36
21218,845,1283.0,1290.5,-0.04,0.18,0.18,0,10.44
21219,845,1283.0,1290.5,-0.04,0.18,0.18,0,12.56
21250,846,600.0,988.0,0.00,0.00,0.00,0,12.01
21251,846,600.0,988.0,0.00,0.00,0.00,0,14.08
21252,846,600.0,988.0,0.00,0.00,0.00,0,16.13
21254,846,600.0,988.0,0.00,0.00,0.00,0,18.21
21294,847,589.0,522.0,0.00,0.00,0.00,0,12.01
21295,847,589.0,522.0,0.00,0.00,0.00,0,14.04
21296,847,589.0,522.0,0.00,0.00,0.00,0,16.09
21298,847,589.0,522.0,0.00,0.00,0.00,0,18.18
21331,848,456.0,313.0,0.00,0.00,0.00,0,12.01
21332,848,456.0,313.0,0.00,0.00,0.00,0,14.04
21333,848,456.0,313.0,0.00,0.00,0.00,0,16.09
21335,848,456.0,313.0,0.00,0.00,0.00,0,18.16
21585,849,765.0,804.0,0.00,0.00,0.00,0,12.01
21586,849,763.7,804.3,-0.03,0.01,0.03,0,7.48
21586,850,774.0,801.0,0.00,0.00,0.00,0,12.01
21587,849,763.7,804.3,-0.03,0.01,0.03,0,9.51
21587,850,774.0,801.0,0.00,0.00,0.00,0,14.03
21589,849,763.7,804.3,-0.03,0.01,0.03,0,11.58
21589,850,774.0,801.0,0.00,0.00,0.00,0,16.09
21590,849,763.7,804.3,-0.03,0.01,0.03,0,13.68
21590,850,774.0,801.0,0.00,0.00,0.00,0,18.16
21712,851,775.0,587.0,0.00,0.00,0.00,0,290.30
21712,852,760.0,605.0,0.00,0.00,0.00,0,290.30
21713,851,775.0,587.0,0.00,0.00,0.00,0,294.21
21713,852,760.0,605.0,0.00,0.00,0.00,0,294.21
21714,851,775.0,587.0,0.00,0.00,0.00,0,299.51
21714,852,760.0,605.0,0.00,0.00,0.00,0,299.51
21715,851,775.0,587.0,0.00,0.00,0.00,0,304.67
21715,852,760.0,605.0,0.00,0.00,0.00,0,304.67
21781,853,1143.0,318.0,0.00,0.00,0.00,0,12.01
21782,853,1143.0,318.0,0.00,0.00,0.00,0,14.04
21782,854,1182.0,371.0,0.00,0.00,0.00,0,12.01
21782,855,1252.0,620.0,0.00,0.00,0.00,0,12.01
21782,856,1255.0,632.0,0.00,0.00,0.00,0,12.01
21783,853,1143.0,318.0,0.00,0.00,0.00,0,16.09
21785,853,1143.0,318.0,0.00,0.00,0.00,0,18.17
21922,861,1235.0,442.0,0.00,0.00,0.00,0,12.01
21922,862,1244.0,442.0,0.00,0.00,0.00,0,12.01
21923,861,1235.0,442.0,0.00,0.00,0.00,0,14.04
21923,862,1244.0,442.0,0.00,0.00,0.00,0,14.04
21924,861,1235.0,442.0,0.00,0.00,0.00,0,16.09
21926,861,1235.0,442.0,0.00,0.00,0.00,0,18.16
22012,864,1247.0,368.0,0.00,0.00,0.00,0,12.01
22012,865,1265.0,369.0,0.00,0.00,0.00,0,12.01
22013,864,1247.3,368.0,0.01,0.00,0.01,0,7.48
22013,865,1264.7,369.0,-0.01,0.00,0.01,0,7.48
22013,866,1223.0,367.0,0.00,0.00,0.00,0,12.01
22014,864,1241.1,367.7,-0.41,-0.02,0.41,0,6.30
22014,865,1264.7,369.0,-0.01,0.00,0.01,0,9.51
22016,864,1241.1,367.7,-0.41,-0.02,0.41,0,8.36
22016,865,1264.7,369.0,-0.01,0.00,0.01,0,11.58
22017,864,1241.0,367.7,-0.41,-0.02,0.41,0,10.44
22017,865,1264.7,369.0,-0.01,0.00,0.01,0,13.68
22018,864,1241.0,367.7,-0.41,-0.02,0.41,0,12.56
22171,867,1227.0,430.0,0.00,0.00,0.00,0,12.01
22172,867,1227.0,430.0,0.00,0.00,0.00,0,14.04
22173,867,1227.0,430.0,0.00,0.00,0.00,0,16.08
22175,867,1227.0,430.0,0.00,0.00,0.00,0,20.21
22401,868,1445.0,1105.0,0.00,0.00,0.00,0,12.01
22402,868,1445.3,1105.3,0.01,0.01,0.01,0,7.47
22402,869,1444.0,1093.0,0.00,0.00,0.00,0,12.01
22403,868,1445.0,1102.4,-0.01,-0.17,0.17,0,6.31
22403,869,1444.0,1089.1,0.00,-0.09,0.09,0,7.48
22405,868,1445.0,1102.4,-0.01,-0.17,0.17,0,8.38
22405,869,1444.0,1089.1,0.00,-0.09,0.09,0,9.53
22406,868,1445.0,1102.4,-0.01,-0.17,0.17,0,10.45
22406,869,1444.0,1089.1,0.00,-0.09,0.09,0,11.59
22407,868,1445.0,1102.4,-0.01,-0.17,0.17,0,12.59
22407,869,1444.0,1089.1,0.00,-0.09,0.09,0,13.70
22438,870,1538.0,663.0,0.00,0.00,0.00,0,12.01
22439,870,1537.7,661.4,-0.01,-0.04,0.04,0,7.48
22440,870,1537.2,659.0,-0.04,-0.21,0.22,0,6.31
22442,870,1537.2,658.9,-0.04,-0.21,0.22,0,8.37
22443,870,1537.2,658.9,-0.04,-0.21,0.22,0,10.44
22444,870,1537.2,658.9,-0.04,-0.21,0.22,0,12.58
22522,871,1267.0,437.0,0.00,0.00,0.00,0,12.01
22523,871,1267.0,437.0,0.00,0.00,0.00,0,14.04
22524,871,1267.0,437.0,0.00,0.00,0.00,0,16.09
22526,871,1267.0,437.0,0.00,0.00,0.00,0,18.17
22615,874,992.0,285.0,0.00,0.00,0.00,0,12.01
22616,874,992.0,285.0,0.00,0.00,0.00,0,7.48
22616,875,990.0,304.0,0.00,0.00,0.00,0,12.01
22617,874,991.5,289.6,-0.03,0.31,0.31,0,6.31
22619,874,991.5,289.6,-0.03,0.31,0.31,0,8.37
22620,874,991.5,289.6,-0.03,0.31,0.31,0,10.45
22621,874,991.5,289.7,-0.03,0.31,0.31,0,12.57
22652,877,1434.0,761.0,0.00,0.00,0.00,0,12.01
22653,877,1436.6,764.0,0.07,0.07,0.10,0,7.51
22654,877,1440.1,767.8,0.44,0.49,0.66,0,6.32
22656,877,1440.1,767.8,0.44,0.49,0.66,0,8.38
22657,877,1440.1,767.9,0.44,0.49,0.66,0,10.40
22658,877,1440.1,767.9,0.44,0.49,0.66,0,12.52
22708,881,1170.0,1287.0,0.00,0.00,0.00,0,12.01
22708,882,1189.0,1282.0,0.00,0.00,0.00,0,12.01
22708,883,1151.0,1292.0,0.00,0.00,0.00,0,12.01
22708,884,1134.0,1343.0,0.00,0.00,0.00,0,12.01
22709,881,1166.7,1289.9,-0.08,0.07,0.11,0,7.47
22709,882,1189.0,1282.0,0.00,0.00,0.00,0,14.04
22709,883,1151.0,1292.0,0.00,0.00,0.00,0,14.04
22709,884,1134.0,1343.0,0.00,0.00,0.00,0,14.04
22709,885,1207.0,1229.0,0.00,0.00,0.00,0,12.01
22709,886,1209.0,1247.0,0.00,0.00,0.00,0,12.01
22709,887,1198.0,1241.0,0.00,0.00,0.00,0,12.01
22710,882,1193.6,1275.3,0.21,-0.31,0.38,0,7.87
22710,881,1166.7,1290.0,-0.08,0.07,0.11,0,9.51
22710,884,1134.0,1343.0,0.00,0.00,0.00,0,16.09
22712,882,1193.6,1275.3,0.21,-0.31,0.38,0,9.93
22712,881,1166.7,1290.0,-0.08,0.07,0.11,0,11.59
22712,884,1134.0,1343.0,0.00,0.00,0.00,0,18.17
22713,882,1193.6,1275.3,0.21,-0.31,0.38,0,12.01
22713,881,1166.7,1290.0,-0.08,0.07,0.11,0,13.69
22714,882,1193.6,1275.3,0.21,-0.31,0.38,0,14.14
22765,889,990.0,125.0,0.00,0.00,0.00,0,12.01
22766,889,990.3,125.0,0.01,0.00,0.01,0,7.47
22766,890,968.0,124.0,0.00,0.00,0.00,0,12.01
22767,889,985.4,125.0,-0.32,0.00,0.32,0,6.31
22769,889,985.3,125.0,-0.32,0.00,0.32,0,8.38
22770,889,985.3,125.0,-0.32,0.00,0.32,0,10.45
22771,889,985.3,125.0,-0.32,0.00,0.32,0,12.57
23471,891,1257.0,694.0,0.00,0.00,0.00,0,12.01
23472,891,1265.5,699.2,0.20,0.12,0.23,0,7.48
23473,891,1265.5,699.2,0.20,0.12,0.23,0,9.52
23475,891,1265.5,699.2,0.20,0.12,0.23,0,11.60
23476,891,1265.5,699.3,0.20,0.12,0.23,0,13.68
23519,892,535.0,354.0,0.00,0.00,0.00,0,12.01
23520,892,535.0,353.7,0.00,-0.01,0.01,0,7.47
23521,892,535.0,353.7,0.00,-0.01,0.01,0,9.52
23523,892,535.0,353.7,0.00,-0.01,0.01,0,11.59
23524,892,535.0,353.7,0.00,-0.01,0.01,0,13.68
23701,893,1390.0,1181.0,0.00,0.00,0.00,0,12.01
23702,893,1391.6,1180.7,0.04,-0.01,0.04,0,7.48
23702,894,1379.0,1184.0,0.00,0.00,0.00,0,12.01
23703,893,1387.4,1182.3,-0.25,0.10,0.27,0,6.31
23705,893,1387.4,1182.3,-0.25,0.10,0.27,0,8.37
23706,893,1387.3,1182.3,-0.25,0.10,0.27,0,10.45
23707,893,1387.3,1182.3,-0.25,0.10,0.27,0,12.56
23758,895,1420.0,1000.0,0.00,0.00,0.00,0,12.01
23759,895,1413.8,998.7,-0.15,-0.03,0.15,0,7.48
23759,896,1381.0,990.0,0.00,0.00,0.00,0,12.01
23759,897,1392.0,993.0,0.00,0.00,0.00,0,12.01
23760,895,1407.4,997.0,-0.57,-0.14,0.59,0,6.31
23762,895,1407.4,997.0,-0.57,-0.14,0.59,0,8.37
23763,895,1407.4,997.0,-0.57,-0.14,0.59,0,10.45
23764,895,1407.3,997.0,-0.57,-0.14,0.59,0,12.57
23873,898,1278.0,700.0,0.00,0.00,0.00,0,12.01
23873,899,1251.0,713.0,0.00,0.00,0.00,0,12.01
23875,900,1234.0,721.0,0.00,0.00,0.00,0,12.01
23876,900,1234.0,721.0,0.00,0.00,0.00,0,14.04
23877,900,1234.0,721.0,0.00,0.00,0.00,0,16.09
23879,900,1234.0,721.0,0.00,0.00,0.00,0,18.17
23988,901,476.0,547.0,0.00,0.00,0.00,0,12.01
23989,901,476.0,547.0,0.00,0.00,0.00,0,14.03
23990,901,466.9,536.5,-0.41,-0.47,0.62,0,7.87
23992,901,466.9,536.5,-0.41,-0.47,0.62,0,9.93
23993,901,466.9,536.4,-0.41,-0.47,0.62,0,12.01
23994,901,466.8,536.4,-0.41,-0.47,0.62,0,14.12
24025,902,1102.0,787.0,0.00,0.00,0.00,0,12.01
24025,903,1103.0,798.0,0.00,0.00,0.00,0,12.01
24025,904,1109.0,826.0,0.00,0.00,0.00,0,12.01
24026,902,1102.3,789.6,0.01,0.06,0.07,0,7.48
24026,903,1100.4,787.5,-0.06,-0.26,0.27,0,7.48
24026,904,1109.0,826.0,0.00,0.00,0.00,0,14.04
24026,905,878.0,328.0,0.00,0.00,0.00,0,12.01
24027,902,1101.5,786.1,-0.05,-0.18,0.19,0,6.31
24027,904,1109.0,826.0,0.00,0.00,0.00,0,16.09
24029,902,1101.5,786.1,-0.05,-0.18,0.19,0,8.37
24029,904,1109.0,826.0,0.00,0.00,0.00,0,18.18
24030,902,1101.5,786.1,-0.05,-0.18,0.19,0,10.44
24031,902,1101.5,786.1,-0.05,-0.18,0.19,0,12.58
24083,907,845.0,329.0,0.00,0.00,0.00,0,12.01
24084,907,845.3,329.3,0.01,0.01,0.01,0,7.48
24085,907,846.3,329.5,0.07,0.02,0.07,0,6.31
24087,907,846.3,329.5,0.07,0.02,0.07,0,8.37
24088,907,846.3,329.5,0.07,0.02,0.07,0,10.44
24089,907,846.3,329.5,0.07,0.02,0.07,0,12.58
24284,928,1120.0,971.0,0.00,0.00,0.00,0,12.01
24286,930,1134.0,968.0,0.00,0.00,0.00,0,12.01
24287,930,1133.7,966.7,-0.01,-0.03,0.03,0,7.48
24288,930,1131.7,964.7,-0.14,-0.16,0.21,0,6.31
24290,930,1131.6,964.6,-0.14,-0.16,0.21,0,18.18
24291,930,1131.6,964.6,-0.14,-0.16,0.21,0,20.93
24292,930,1131.6,964.6,-0.14,-0.16,0.21,0,23.75
24323,931,1271.0,1194.0,0.00,0.00,0.00,0,12.01
24323,932,1284.0,1224.0,0.00,0.00,0.00,0,12.01
24325,933,1289.0,1227.0,0.00,0.00,0.00,0,12.01
24326,933,1290.3,1231.6,0.03,0.10,0.10,0,7.46
24327,933,1290.3,1231.6,0.03,0.10,0.10,0,9.50
24329,933,1290.3,1231.6,0.03,0.10,0.10,0,14.25
24330,933,1290.3,1231.6,0.03,0.10,0.10,0,16.46
24478,934,1291.0,1115.0,0.00,0.00,0.00,0,12.01
24479,934,1278.9,1115.3,-0.30,0.01,0.30,0,7.47
24480,934,1271.2,1115.8,-0.79,0.04,0.79,0,6.31
24482,934,1271.2,1115.8,-0.79,0.04,0.79,0,8.37
24483,934,1271.1,1115.8,-0.79,0.04,0.79,0,10.45
24484,934,1271.1,1115.8,-0.79,0.04,0.79,0,12.57
24676,935,486.0,599.0,0.00,0.00,0.00,0,12.07
24676,936,599.0,830.0,0.00,0.00,0.00,0,12.07
24676,937,623.0,874.0,0.00,0.00,0.00,0,12.07
24676,938,616.0,886.0,0.00,0.00,0.00,0,12.07
24676,939,643.0,887.0,0.00,0.00,0.00,0,12.07
24676,940,622.0,901.0,0.00,0.00,0.00,0,12.07
24676,941,645.0,913.0,0.00,0.00,0.00,0,12.07
24676,942,635.0,920.0,0.00,0.00,0.00,0,12.07
24676,943,634.0,931.0,0.00,0.00,0.00,0,12.07
24676,944,637.0,952.0,0.00,0.00,0.00,0,12.07
24676,945,749.0,1127.0,0.00,0.00,0.00,0,12.07
24676,946,762.0,1158.0,0.00,0.00,0.00,0,12.07
24676,947,768.0,1174.0,0.00,0.00,0.00,0,12.07
24676,948,775.0,1186.0,0.00,0.00,0.00,0,12.07
24676,949,773.0,1204.0,0.00,0.00,0.00,0,12.07
24676,950,740.0,1209.0,0.00,0.00,0.00,0,12.07
24676,951,751.0,1210.0,0.00,0.00,0.00,0,12.07
24676,952,772.0,1220.0,0.00,0.00,0.00,0,12.07
24676,953,747.0,1219.0,0.00,0.00,0.00,0,12.07
24676,954,790.0,1226.0,0.00,0.00,0.00,0,12.07
24677,935,486.0,599.0,0.00,0.00,0.00,0,14.12
24677,936,599.0,830.0,0.00,0.00,0.00,0,14.12
24677,937,623.0,874.0,0.00,0.00,0.00,0,14.12
24677,938,616.0,886.0,0.00,0.00,0.00,0,14.12
24677,939,643.0,887.0,0.00,0.00,0.00,0,14.12
24677,940,622.0,901.0,0.00,0.00,0.00,0,14.12
24677,941,645.0,913.0,0.00,0.00,0.00,0,14.12
24677,942,635.0,920.0,0.00,0.00,0.00,0,14.12
24677,943,634.0,931.0,0.00,0.00,0.00,0,14.12
24677,944,637.0,952.0,0.00,0.00,0.00,0,14.12
24677,945,749.0,1127.0,0.00,0.00,0.00,0,14.12
24677,946,762.0,1158.0,0.00,0.00,0.00,0,14.12
24677,947,768.0,1174.0,0.00,0.00,0.00,0,14.12
24677,948,775.0,1186.0,0.00,0.00,0.00,0,14.12
24677,949,773.0,1204.0,0.00,0.00,0.00,0,14.12
24677,950,740.0,1209.0,0.00,0.00,0.00,0,14.12
24677,951,751.0,1210.0,0.00,0.00,0.00,0,14.12
24677,952,772.0,1220.0,0.00,0.00,0.00,0,14.12
24677,953,747.0,1219.0,0.00,0.00,0.00,0,14.12
24677,954,790.0,1226.0,0.00,0.00,0.00,0,14.12
24678,935,486.0,599.0,0.00,0.00,0.00,0,16.16
24678,936,599.0,830.0,0.00,0.00,0.00,0,16.16
24678,937,623.0,874.0,0.00,0.00,0.00,0,16.16
24678,939,643.0,887.0,0.00,0.00,0.00,0,16.16
24678,940,622.0,901.0,0.00,0.00,0.00,0,16.16
24678,941,645.0,913.0,0.00,0.00,0.00,0,16.16
24678,943,634.0,931.0,0.00,0.00,0.00,0,16.16
24678,944,637.0,952.0,0.00,0.00,0.00,0,16.16
24678,945,749.0,1127.0,0.00,0.00,0.00,0,16.16
24678,946,762.0,1158.0,0.00,0.00,0.00,0,16.16
24678,948,775.0,1186.0,0.00,0.00,0.00,0,16.16
24678,950,740.0,1209.0,0.00,0.00,0.00,0,16.16
24678,952,772.0,1220.0,0.00,0.00,0.00,0,16.16
24680,935,486.0,599.0,0.00,0.00,0.00,0,24.01
24680,936,599.0,830.0,0.00,0.00,0.00,0,24.01
24680,937,623.0,874.0,0.00,0.00,0.00,0,24.01
24680,939,643.0,887.0,0.00,0.00,0.00,0,24.01
24680,940,622.0,901.0,0.00,0.00,0.00,0,24.01
24680,941,645.0,913.0,0.00,0.00,0.00,0,24.01
24680,943,634.0,931.0,0.00,0.00,0.00,0,24.01
24680,944,637.0,952.0,0.00,0.00,0.00,0,24.01
24680,945,749.0,1127.0,0.00,0.00,0.00,0,24.01
24680,946,762.0,1158.0,0.00,0.00,0.00,0,24.01
24680,948,775.0,1186.0,0.00,0.00,0.00,0,24.01
24680,950,740.0,1209.0,0.00,0.00,0.00,0,24.01
24680,952,772.0,1220.0,0.00,0.00,0.00,0,24.01
24737,955,363.0,397.0,0.00,0.00,0.00,0,1000.00
24737,956,373.0,395.0,0.00,0.00,0.00,0,1000.00
24737,957,385.0,483.0,0.00,0.00,0.00,0,1000.00
24737,958,494.0,485.0,0.00,0.00,0.00,0,1000.00
24737,959,343.0,491.0,0.00,0.00,0.00,0,1000.00
24737,960,418.0,491.0,0.00,0.00,0.00,0,1000.00
24737,961,410.0,519.0,0.00,0.00,0.00,0,1000.00
24737,962,408.0,526.0,0.00,0.00,0.00,0,1000.00
24737,963,430.0,536.0,0.00,0.00,0.00,0,1000.00
24737,964,416.0,545.0,0.00,0.00,0.00,0,1000.00
24737,965,416.0,566.0,0.00,0.00,0.00,0,1000.00
24737,966,416.0,574.0,0.00,0.00,0.00,0,1000.00
24737,967,427.0,575.0,0.00,0.00,0.00,0,1000.00
24737,968,417.0,583.0,0.00,0.00,0.00,0,1000.00
24737,969,427.0,590.0,0.00,0.00,0.00,0,1000.00
24737,970,412.0,598.0,0.00,0.00,0.00,0,1000.00
24737,971,423.0,605.0,0.00,0.00,0.00,0,1000.00
24737,972,418.0,610.0,0.00,0.00,0.00,0,1000.00
24737,973,427.0,616.0,0.00,0.00,0.00,0,1000.00
24737,974,529.0,641.0,0.00,0.00,0.00,0,1000.00
24760,975,1004.0,477.0,0.00,0.00,0.00,0,12.01
24761,975,1004.0,477.3,0.00,0.01,0.01,0,7.47
24761,976,1010.0,477.0,0.00,0.00,0.00,0,12.01
24762,975,1004.8,477.2,0.05,0.00,0.05,0,6.31
24764,975,1004.8,477.2,0.05,0.00,0.05,0,16.71
24765,975,1004.8,477.2,0.05,0.00,0.05,0,18.77
24766,975,1004.8,477.2,0.05,0.00,0.05,0,21.44
24955,977,1167.0,1227.0,0.00,0.00,0.00,0,12.01
24956,977,1167.0,1226.7,0.00,-0.01,0.01,0,7.48
24957,977,1166.5,1226.8,-0.03,-0.00,0.03,0,6.31
24959,977,1166.5,1226.8,-0.03,-0.00,0.03,0,13.53
24960,977,1166.5,1226.8,-0.03,-0.00,0.03,0,15.60
24961,977,1166.5,1226.8,-0.03,-0.00,0.03,0,18.18
25231,978,1011.0,1098.0,0.00,0.00,0.00,0,12.01
25232,978,1011.3,1098.3,0.01,0.01,0.01,0,7.47
25233,978,1011.3,1098.3,0.01,0.01,0.01,0,9.52
25235,978,1011.3,1098.3,0.01,0.01,0.01,0,16.98
25236,978,1011.3,1098.3,0.01,0.01,0.01,0,19.02
25270,979,893.0,1043.0,0.00,0.00,0.00,0,12.01
25271,979,893.0,1043.0,0.00,0.00,0.00,0,14.03
25272,979,893.4,1043.7,0.02,0.03,0.04,0,7.87
25274,979,893.4,1043.7,0.02,0.03,0.04,0,15.03
25275,979,893.4,1043.7,0.02,0.03,0.04,0,17.15
25276,979,893.4,1043.7,0.02,0.03,0.04,0,19.72
